,,,,All Type of Report (All Grades) for 01-Jan-2021 to 07-Aug-2026,,,
State/UT,District,Market,Commodity Group,Commodity,Date,Arrival Quantity 01-01-2021 to 07-08-2026,Arrival Unit
Andhra Pradesh,Alluri Sitharama Raju,Chintapally APMC,Cereals,Paddy(Common),22-01-2025,15.00,Metric Tonnes
Andhra Pradesh,Alluri Sitharama Raju,Chintapally APMC,Cereals,Paddy(Common),25-01-2025,5.00,Metric Tonnes
Andhra Pradesh,Alluri Sitharama Raju,Chintapally APMC,Cereals,Paddy(Common),27-01-2025,5.00,Metric Tonnes
Andhra Pradesh,Alluri Sitharama Raju,Chintapally APMC,Cereals,Paddy(Common),20-02-2025,6.00,Metric Tonnes
Andhra Pradesh,Alluri Sitharama Raju,Chintapally APMC,Cereals,Paddy(Common),16-12-2025,0.50,Metric Tonnes
Andhra Pradesh,Alluri Sitharama Raju,Chintapally APMC,Cereals,Paddy(Common),23-12-2025,6.00,Metric Tonnes
Andhra Pradesh,Alluri Sitharama Raju,Chintapally APMC,Cereals,Paddy(Common),08-01-2026,1.00,Metric Tonnes
Andhra Pradesh,Alluri Sitharama Raju,Chintapally APMC,Cereals,Paddy(Common),20-01-2026,3.00,Metric Tonnes
Andhra Pradesh,Anakapally,Chodavaram APMC,Cereals,Paddy(Common),23-07-2026,0.10,Metric Tonnes
Andhra Pradesh,Anakapally,Chodavaram APMC,Cereals,Paddy(Common),24-07-2026,0.10,Metric Tonnes
Andhra Pradesh,Anakapally,Chodavaram APMC,Cereals,Paddy(Common),25-07-2026,0.10,Metric Tonnes
Andhra Pradesh,Anakapally,Chodavaram APMC,Cereals,Paddy(Common),26-07-2026,0.10,Metric Tonnes
Andhra Pradesh,Anakapally,Chodavaram APMC,Cereals,Paddy(Common),27-07-2026,0.10,Metric Tonnes
Andhra Pradesh,Anakapally,Chodavaram APMC,Cereals,Paddy(Common),28-07-2026,0.10,Metric Tonnes
Andhra Pradesh,Anakapally,Chodavaram APMC,Cereals,Paddy(Common),29-07-2026,0.10,Metric Tonnes
Andhra Pradesh,Anakapally,Chodavaram APMC,Cereals,Paddy(Common),30-07-2026,0.10,Metric Tonnes
Andhra Pradesh,Anakapally,Chodavaram APMC,Cereals,Paddy(Common),31-07-2026,0.10,Metric Tonnes
Andhra Pradesh,Anakapally,Chodavaram APMC,Cereals,Paddy(Common),01-08-2026,0.10,Metric Tonnes
Andhra Pradesh,Anakapally,Chodavaram APMC,Cereals,Paddy(Common),02-08-2026,0.10,Metric Tonnes
Andhra Pradesh,Anakapally,Chodavaram APMC,Cereals,Paddy(Common),03-08-2026,0.10,Metric Tonnes
Andhra Pradesh,Anakapally,Chodavaram APMC,Cereals,Paddy(Common),04-08-2026,0.10,Metric Tonnes
Andhra Pradesh,Anakapally,Chodavaram APMC,Cereals,Paddy(Common),05-08-2026,0.10,Metric Tonnes
Andhra Pradesh,Anakapally,Chodavaram APMC,Cereals,Paddy(Common),06-08-2026,0.10,Metric Tonnes
Andhra Pradesh,Anakapally,Chodavaram APMC,Cereals,Paddy(Common),07-08-2026,0.10,Metric Tonnes
Andhra Pradesh,Anakapally,Madugula APMC,Cereals,Paddy(Common),23-07-2026,0.10,Metric Tonnes
Andhra Pradesh,Anakapally,Madugula APMC,Cereals,Paddy(Common),24-07-2026,0.10,Metric Tonnes
Andhra Pradesh,Anakapally,Madugula APMC,Cereals,Paddy(Common),25-07-2026,0.10,Metric Tonnes
Andhra Pradesh,Anakapally,Madugula APMC,Cereals,Paddy(Common),26-07-2026,0.10,Metric Tonnes
Andhra Pradesh,Anakapally,Madugula APMC,Cereals,Paddy(Common),27-07-2026,0.10,Metric Tonnes
Andhra Pradesh,Anakapally,Madugula APMC,Cereals,Paddy(Common),28-07-2026,0.10,Metric Tonnes
Andhra Pradesh,Anakapally,Madugula APMC,Cereals,Paddy(Common),29-07-2026,0.10,Metric Tonnes
Andhra Pradesh,Anakapally,Madugula APMC,Cereals,Paddy(Common),30-07-2026,0.10,Metric Tonnes
Andhra Pradesh,Anakapally,Madugula APMC,Cereals,Paddy(Common),31-07-2026,0.10,Metric Tonnes
Andhra Pradesh,Anakapally,Madugula APMC,Cereals,Paddy(Common),01-08-2026,0.10,Metric Tonnes
Andhra Pradesh,Anakapally,Madugula APMC,Cereals,Paddy(Common),02-08-2026,0.10,Metric Tonnes
Andhra Pradesh,Anakapally,Madugula APMC,Cereals,Paddy(Common),03-08-2026,0.10,Metric Tonnes
Andhra Pradesh,Anakapally,Madugula APMC,Cereals,Paddy(Common),04-08-2026,0.10,Metric Tonnes
Andhra Pradesh,Anakapally,Madugula APMC,Cereals,Paddy(Common),05-08-2026,0.10,Metric Tonnes
Andhra Pradesh,Anakapally,Madugula APMC,Cereals,Paddy(Common),06-08-2026,0.10,Metric Tonnes
Andhra Pradesh,Anakapally,Madugula APMC,Cereals,Paddy(Common),07-08-2026,0.10,Metric Tonnes
Andhra Pradesh,Anakapally,Narsipatnam APMC,Cereals,Paddy(Common),23-07-2026,0.10,Metric Tonnes
Andhra Pradesh,Anakapally,Narsipatnam APMC,Cereals,Paddy(Common),24-07-2026,0.10,Metric Tonnes
Andhra Pradesh,Anakapally,Narsipatnam APMC,Cereals,Paddy(Common),25-07-2026,0.10,Metric Tonnes
Andhra Pradesh,Anakapally,Narsipatnam APMC,Cereals,Paddy(Common),26-07-2026,0.10,Metric Tonnes
Andhra Pradesh,Anakapally,Narsipatnam APMC,Cereals,Paddy(Common),28-07-2026,0.10,Metric Tonnes
Andhra Pradesh,Anakapally,Narsipatnam APMC,Cereals,Paddy(Common),29-07-2026,0.10,Metric Tonnes
Andhra Pradesh,Anakapally,Narsipatnam APMC,Cereals,Paddy(Common),30-07-2026,0.10,Metric Tonnes
Andhra Pradesh,Anakapally,Narsipatnam APMC,Cereals,Paddy(Common),31-07-2026,0.10,Metric Tonnes
Andhra Pradesh,Anakapally,Narsipatnam APMC,Cereals,Paddy(Common),01-08-2026,0.10,Metric Tonnes
Andhra Pradesh,Anakapally,Narsipatnam APMC,Cereals,Paddy(Common),02-08-2026,0.10,Metric Tonnes
Andhra Pradesh,Anakapally,Narsipatnam APMC,Cereals,Paddy(Common),03-08-2026,0.10,Metric Tonnes
Andhra Pradesh,Anakapally,Narsipatnam APMC,Cereals,Paddy(Common),04-08-2026,0.10,Metric Tonnes
Andhra Pradesh,Anakapally,Narsipatnam APMC,Cereals,Paddy(Common),05-08-2026,0.10,Metric Tonnes
Andhra Pradesh,Anakapally,Narsipatnam APMC,Cereals,Paddy(Common),06-08-2026,1.00,Metric Tonnes
Andhra Pradesh,Anakapally,Narsipatnam APMC,Cereals,Paddy(Common),07-08-2026,0.10,Metric Tonnes
Andhra Pradesh,Anakapally,Payakaraopeta APMC,Cereals,Paddy(Common),23-07-2026,0.10,Metric Tonnes
Andhra Pradesh,Anakapally,Payakaraopeta APMC,Cereals,Paddy(Common),24-07-2026,0.10,Metric Tonnes
Andhra Pradesh,Anakapally,Payakaraopeta APMC,Cereals,Paddy(Common),25-07-2026,0.10,Metric Tonnes
Andhra Pradesh,Anakapally,Payakaraopeta APMC,Cereals,Paddy(Common),26-07-2026,0.10,Metric Tonnes
Andhra Pradesh,Anakapally,Payakaraopeta APMC,Cereals,Paddy(Common),27-07-2026,0.10,Metric Tonnes
Andhra Pradesh,Anakapally,Payakaraopeta APMC,Cereals,Paddy(Common),28-07-2026,0.10,Metric Tonnes
Andhra Pradesh,Anakapally,Payakaraopeta APMC,Cereals,Paddy(Common),29-07-2026,0.10,Metric Tonnes
Andhra Pradesh,Anakapally,Payakaraopeta APMC,Cereals,Paddy(Common),31-07-2026,0.10,Metric Tonnes
Andhra Pradesh,Anakapally,Payakaraopeta APMC,Cereals,Paddy(Common),01-08-2026,0.10,Metric Tonnes
Andhra Pradesh,Anakapally,Payakaraopeta APMC,Cereals,Paddy(Common),02-08-2026,0.10,Metric Tonnes
Andhra Pradesh,Anakapally,Payakaraopeta APMC,Cereals,Paddy(Common),03-08-2026,0.10,Metric Tonnes
Andhra Pradesh,Anakapally,Payakaraopeta APMC,Cereals,Paddy(Common),04-08-2026,0.10,Metric Tonnes
Andhra Pradesh,Anakapally,Payakaraopeta APMC,Cereals,Paddy(Common),05-08-2026,0.10,Metric Tonnes
Andhra Pradesh,Anakapally,Payakaraopeta APMC,Cereals,Paddy(Common),06-08-2026,0.10,Metric Tonnes
Andhra Pradesh,Anakapally,Payakaraopeta APMC,Cereals,Paddy(Common),07-08-2026,0.10,Metric Tonnes
Andhra Pradesh,Anakapally,Yellamanchili APMC,Cereals,Paddy(Common),23-07-2026,0.10,Metric Tonnes
Andhra Pradesh,Anakapally,Yellamanchili APMC,Cereals,Paddy(Common),24-07-2026,0.10,Metric Tonnes
Andhra Pradesh,Anakapally,Yellamanchili APMC,Cereals,Paddy(Common),25-07-2026,0.10,Metric Tonnes
Andhra Pradesh,Anakapally,Yellamanchili APMC,Cereals,Paddy(Common),26-07-2026,0.10,Metric Tonnes
Andhra Pradesh,Anakapally,Yellamanchili APMC,Cereals,Paddy(Common),27-07-2026,1.00,Metric Tonnes
Andhra Pradesh,Anakapally,Yellamanchili APMC,Cereals,Paddy(Common),28-07-2026,0.10,Metric Tonnes
Andhra Pradesh,Anakapally,Yellamanchili APMC,Cereals,Paddy(Common),29-07-2026,0.10,Metric Tonnes
Andhra Pradesh,Anakapally,Yellamanchili APMC,Cereals,Paddy(Common),30-07-2026,0.10,Metric Tonnes
Andhra Pradesh,Anakapally,Yellamanchili APMC,Cereals,Paddy(Common),31-07-2026,0.10,Metric Tonnes
Andhra Pradesh,Anakapally,Yellamanchili APMC,Cereals,Paddy(Common),01-08-2026,0.10,Metric Tonnes
Andhra Pradesh,Anakapally,Yellamanchili APMC,Cereals,Paddy(Common),02-08-2026,0.10,Metric Tonnes
Andhra Pradesh,Anakapally,Yellamanchili APMC,Cereals,Paddy(Common),03-08-2026,0.10,Metric Tonnes
Andhra Pradesh,Anakapally,Yellamanchili APMC,Cereals,Paddy(Common),04-08-2026,0.10,Metric Tonnes
Andhra Pradesh,Anakapally,Yellamanchili APMC,Cereals,Paddy(Common),05-08-2026,0.10,Metric Tonnes
Andhra Pradesh,Anakapally,Yellamanchili APMC,Cereals,Paddy(Common),06-08-2026,1.00,Metric Tonnes
Andhra Pradesh,Anakapally,Yellamanchili APMC,Cereals,Paddy(Common),07-08-2026,0.10,Metric Tonnes
Andhra Pradesh,Ananthapuramu,RAYADURG APMC,Cereals,Paddy(Common),11-02-2024,22.70,Metric Tonnes
Andhra Pradesh,Ananthapuramu,RAYADURG APMC,Cereals,Paddy(Common),22-07-2026,0.10,Metric Tonnes
Andhra Pradesh,Ananthapuramu,RAYADURG APMC,Cereals,Paddy(Common),23-07-2026,0.10,Metric Tonnes
Andhra Pradesh,Ananthapuramu,RAYADURG APMC,Cereals,Paddy(Common),24-07-2026,0.10,Metric Tonnes
Andhra Pradesh,Ananthapuramu,RAYADURG APMC,Cereals,Paddy(Common),25-07-2026,0.10,Metric Tonnes
Andhra Pradesh,Ananthapuramu,RAYADURG APMC,Cereals,Paddy(Common),26-07-2026,0.10,Metric Tonnes
Andhra Pradesh,Ananthapuramu,RAYADURG APMC,Cereals,Paddy(Common),27-07-2026,0.10,Metric Tonnes
Andhra Pradesh,Ananthapuramu,RAYADURG APMC,Cereals,Paddy(Common),28-07-2026,0.10,Metric Tonnes
Andhra Pradesh,Ananthapuramu,RAYADURG APMC,Cereals,Paddy(Common),29-07-2026,0.10,Metric Tonnes
Andhra Pradesh,Ananthapuramu,RAYADURG APMC,Cereals,Paddy(Common),30-07-2026,0.10,Metric Tonnes
Andhra Pradesh,Ananthapuramu,RAYADURG APMC,Cereals,Paddy(Common),31-07-2026,0.10,Metric Tonnes
Andhra Pradesh,Ananthapuramu,RAYADURG APMC,Cereals,Paddy(Common),01-08-2026,0.10,Metric Tonnes
Andhra Pradesh,Ananthapuramu,RAYADURG APMC,Cereals,Paddy(Common),03-08-2026,0.10,Metric Tonnes
Andhra Pradesh,Ananthapuramu,RAYADURG APMC,Cereals,Paddy(Common),04-08-2026,0.10,Metric Tonnes
Andhra Pradesh,Ananthapuramu,RAYADURG APMC,Cereals,Paddy(Common),05-08-2026,0.10,Metric Tonnes
Andhra Pradesh,Ananthapuramu,RAYADURG APMC,Cereals,Paddy(Common),06-08-2026,0.20,Metric Tonnes
Andhra Pradesh,Ananthapuramu,RAYADURG APMC,Cereals,Paddy(Common),07-08-2026,0.10,Metric Tonnes
Andhra Pradesh,Bapatla,Bapatla APMC,Cereals,Paddy(Common),30-05-2026,1.00,Metric Tonnes
Andhra Pradesh,Bapatla,Bapatla APMC,Cereals,Paddy(Common),01-06-2026,0.10,Metric Tonnes
Andhra Pradesh,Bapatla,Bapatla APMC,Cereals,Paddy(Common),02-06-2026,0.10,Metric Tonnes
Andhra Pradesh,Bapatla,Bapatla APMC,Cereals,Paddy(Common),03-06-2026,0.10,Metric Tonnes
Andhra Pradesh,Bapatla,Bapatla APMC,Cereals,Paddy(Common),05-06-2026,0.10,Metric Tonnes
Andhra Pradesh,Bapatla,Bapatla APMC,Cereals,Paddy(Common),06-06-2026,0.10,Metric Tonnes
Andhra Pradesh,Bapatla,Bapatla APMC,Cereals,Paddy(Common),08-06-2026,0.10,Metric Tonnes
Andhra Pradesh,Bapatla,Bapatla APMC,Cereals,Paddy(Common),09-06-2026,0.10,Metric Tonnes
Andhra Pradesh,Bapatla,Bapatla APMC,Cereals,Paddy(Common),10-06-2026,0.10,Metric Tonnes
Andhra Pradesh,Bapatla,Bapatla APMC,Cereals,Paddy(Common),11-06-2026,0.10,Metric Tonnes
Andhra Pradesh,Bapatla,Bapatla APMC,Cereals,Paddy(Common),12-06-2026,0.10,Metric Tonnes
Andhra Pradesh,Bapatla,Bapatla APMC,Cereals,Paddy(Common),15-06-2026,0.10,Metric Tonnes
Andhra Pradesh,Bapatla,Bapatla APMC,Cereals,Paddy(Common),16-06-2026,0.10,Metric Tonnes
Andhra Pradesh,Bapatla,Bapatla APMC,Cereals,Paddy(Common),17-06-2026,0.10,Metric Tonnes
Andhra Pradesh,Bapatla,Bapatla APMC,Cereals,Paddy(Common),18-06-2026,0.10,Metric Tonnes
Andhra Pradesh,Bapatla,Bapatla APMC,Cereals,Paddy(Common),19-06-2026,0.10,Metric Tonnes
Andhra Pradesh,Bapatla,Bapatla APMC,Cereals,Paddy(Common),20-06-2026,0.10,Metric Tonnes
Andhra Pradesh,Bapatla,Bapatla APMC,Cereals,Paddy(Common),22-06-2026,0.10,Metric Tonnes
Andhra Pradesh,Bapatla,Bapatla APMC,Cereals,Paddy(Common),23-06-2026,0.10,Metric Tonnes
Andhra Pradesh,Bapatla,Bapatla APMC,Cereals,Paddy(Common),24-06-2026,0.10,Metric Tonnes
Andhra Pradesh,Bapatla,Bapatla APMC,Cereals,Paddy(Common),25-06-2026,0.10,Metric Tonnes
Andhra Pradesh,Bapatla,Bapatla APMC,Cereals,Paddy(Common),27-06-2026,0.10,Metric Tonnes
Andhra Pradesh,Bapatla,Bapatla APMC,Cereals,Paddy(Common),29-06-2026,0.10,Metric Tonnes
Andhra Pradesh,Bapatla,Bapatla APMC,Cereals,Paddy(Common),30-06-2026,0.10,Metric Tonnes
Andhra Pradesh,Bapatla,Bapatla APMC,Cereals,Paddy(Common),01-07-2026,0.10,Metric Tonnes
Andhra Pradesh,Bapatla,Bapatla APMC,Cereals,Paddy(Common),02-07-2026,0.10,Metric Tonnes
Andhra Pradesh,Bapatla,Bapatla APMC,Cereals,Paddy(Common),03-07-2026,0.10,Metric Tonnes
Andhra Pradesh,Bapatla,Bapatla APMC,Cereals,Paddy(Common),04-07-2026,0.10,Metric Tonnes
Andhra Pradesh,Bapatla,Bapatla APMC,Cereals,Paddy(Common),06-07-2026,0.10,Metric Tonnes
Andhra Pradesh,Bapatla,Bapatla APMC,Cereals,Paddy(Common),07-07-2026,0.10,Metric Tonnes
Andhra Pradesh,Bapatla,Bapatla APMC,Cereals,Paddy(Common),08-07-2026,0.10,Metric Tonnes
Andhra Pradesh,Bapatla,Bapatla APMC,Cereals,Paddy(Common),09-07-2026,0.10,Metric Tonnes
Andhra Pradesh,Bapatla,Bapatla APMC,Cereals,Paddy(Common),10-07-2026,0.10,Metric Tonnes
Andhra Pradesh,Bapatla,Bapatla APMC,Cereals,Paddy(Common),13-07-2026,0.10,Metric Tonnes
Andhra Pradesh,Bapatla,Bapatla APMC,Cereals,Paddy(Common),14-07-2026,0.10,Metric Tonnes
Andhra Pradesh,Bapatla,Bapatla APMC,Cereals,Paddy(Common),15-07-2026,1.00,Metric Tonnes
Andhra Pradesh,Bapatla,Bapatla APMC,Cereals,Paddy(Common),16-07-2026,0.10,Metric Tonnes
Andhra Pradesh,Bapatla,Bapatla APMC,Cereals,Paddy(Common),17-07-2026,0.10,Metric Tonnes
Andhra Pradesh,Bapatla,Bapatla APMC,Cereals,Paddy(Common),18-07-2026,0.10,Metric Tonnes
Andhra Pradesh,Bapatla,Bapatla APMC,Cereals,Paddy(Common),20-07-2026,0.10,Metric Tonnes
Andhra Pradesh,Bapatla,Bapatla APMC,Cereals,Paddy(Common),21-07-2026,0.10,Metric Tonnes
Andhra Pradesh,Bapatla,Bapatla APMC,Cereals,Paddy(Common),22-07-2026,0.10,Metric Tonnes
Andhra Pradesh,Bapatla,Bapatla APMC,Cereals,Paddy(Common),23-07-2026,0.10,Metric Tonnes
Andhra Pradesh,Bapatla,Bapatla APMC,Cereals,Paddy(Common),24-07-2026,0.10,Metric Tonnes
Andhra Pradesh,Bapatla,Bapatla APMC,Cereals,Paddy(Common),25-07-2026,0.10,Metric Tonnes
Andhra Pradesh,Bapatla,Bapatla APMC,Cereals,Paddy(Common),27-07-2026,0.10,Metric Tonnes
Andhra Pradesh,Bapatla,Bapatla APMC,Cereals,Paddy(Common),28-07-2026,0.10,Metric Tonnes
Andhra Pradesh,Bapatla,Bapatla APMC,Cereals,Paddy(Common),29-07-2026,0.10,Metric Tonnes
Andhra Pradesh,Bapatla,Bapatla APMC,Cereals,Paddy(Common),30-07-2026,0.10,Metric Tonnes
Andhra Pradesh,Bapatla,Bapatla APMC,Cereals,Paddy(Common),31-07-2026,0.10,Metric Tonnes
Andhra Pradesh,Bapatla,Bapatla APMC,Cereals,Paddy(Common),01-08-2026,0.10,Metric Tonnes
Andhra Pradesh,Bapatla,Bapatla APMC,Cereals,Paddy(Common),03-08-2026,0.10,Metric Tonnes
Andhra Pradesh,Bapatla,Bapatla APMC,Cereals,Paddy(Common),04-08-2026,0.10,Metric Tonnes
Andhra Pradesh,Bapatla,Bapatla APMC,Cereals,Paddy(Common),05-08-2026,0.10,Metric Tonnes
Andhra Pradesh,Bapatla,Bapatla APMC,Cereals,Paddy(Common),06-08-2026,0.10,Metric Tonnes
Andhra Pradesh,Bapatla,Bapatla APMC,Cereals,Paddy(Common),07-08-2026,1.00,Metric Tonnes
Andhra Pradesh,Bapatla,Chirala APMC,Cereals,Paddy(Common),23-07-2026,1.00,Metric Tonnes
Andhra Pradesh,Bapatla,Chirala APMC,Cereals,Paddy(Common),24-07-2026,1.00,Metric Tonnes
Andhra Pradesh,Bapatla,Chirala APMC,Cereals,Paddy(Common),25-07-2026,1.00,Metric Tonnes
Andhra Pradesh,Bapatla,Chirala APMC,Cereals,Paddy(Common),26-07-2026,1.00,Metric Tonnes
Andhra Pradesh,Bapatla,Chirala APMC,Cereals,Paddy(Common),27-07-2026,1.00,Metric Tonnes
Andhra Pradesh,Bapatla,Chirala APMC,Cereals,Paddy(Common),28-07-2026,1.00,Metric Tonnes
Andhra Pradesh,Bapatla,Chirala APMC,Cereals,Paddy(Common),29-07-2026,1.00,Metric Tonnes
Andhra Pradesh,Bapatla,Chirala APMC,Cereals,Paddy(Common),30-07-2026,1.00,Metric Tonnes
Andhra Pradesh,Bapatla,Chirala APMC,Cereals,Paddy(Common),31-07-2026,1.00,Metric Tonnes
Andhra Pradesh,Bapatla,Chirala APMC,Cereals,Paddy(Common),01-08-2026,1.00,Metric Tonnes
Andhra Pradesh,Bapatla,Chirala APMC,Cereals,Paddy(Common),02-08-2026,1.00,Metric Tonnes
Andhra Pradesh,Bapatla,Chirala APMC,Cereals,Paddy(Common),03-08-2026,1.00,Metric Tonnes
Andhra Pradesh,Bapatla,Chirala APMC,Cereals,Paddy(Common),04-08-2026,1.00,Metric Tonnes
Andhra Pradesh,Bapatla,Chirala APMC,Cereals,Paddy(Common),05-08-2026,1.00,Metric Tonnes
Andhra Pradesh,Bapatla,Chirala APMC,Cereals,Paddy(Common),06-08-2026,1.00,Metric Tonnes
Andhra Pradesh,Bapatla,Chirala APMC,Cereals,Paddy(Common),07-08-2026,1.00,Metric Tonnes
Andhra Pradesh,Bapatla,Kuchinapudi APMC,Cereals,Paddy(Common),31-05-2026,1.00,Metric Tonnes
Andhra Pradesh,Bapatla,Kuchinapudi APMC,Cereals,Paddy(Common),01-06-2026,1.00,Metric Tonnes
Andhra Pradesh,Bapatla,Kuchinapudi APMC,Cereals,Paddy(Common),02-06-2026,1.00,Metric Tonnes
Andhra Pradesh,Bapatla,Kuchinapudi APMC,Cereals,Paddy(Common),03-06-2026,1.00,Metric Tonnes
Andhra Pradesh,Bapatla,Kuchinapudi APMC,Cereals,Paddy(Common),04-06-2026,1.00,Metric Tonnes
Andhra Pradesh,Bapatla,Kuchinapudi APMC,Cereals,Paddy(Common),05-06-2026,1.00,Metric Tonnes
Andhra Pradesh,Bapatla,Kuchinapudi APMC,Cereals,Paddy(Common),06-06-2026,1.00,Metric Tonnes
Andhra Pradesh,Bapatla,Kuchinapudi APMC,Cereals,Paddy(Common),08-06-2026,1.00,Metric Tonnes
Andhra Pradesh,Bapatla,Kuchinapudi APMC,Cereals,Paddy(Common),09-06-2026,1.00,Metric Tonnes
Andhra Pradesh,Bapatla,Kuchinapudi APMC,Cereals,Paddy(Common),10-06-2026,1.00,Metric Tonnes
Andhra Pradesh,Bapatla,Kuchinapudi APMC,Cereals,Paddy(Common),11-06-2026,1.00,Metric Tonnes
Andhra Pradesh,Bapatla,Kuchinapudi APMC,Cereals,Paddy(Common),12-06-2026,1.00,Metric Tonnes
Andhra Pradesh,Bapatla,Kuchinapudi APMC,Cereals,Paddy(Common),15-06-2026,1.00,Metric Tonnes
Andhra Pradesh,Bapatla,Kuchinapudi APMC,Cereals,Paddy(Common),16-06-2026,1.00,Metric Tonnes
Andhra Pradesh,Bapatla,Kuchinapudi APMC,Cereals,Paddy(Common),17-06-2026,1.00,Metric Tonnes
Andhra Pradesh,Bapatla,Kuchinapudi APMC,Cereals,Paddy(Common),18-06-2026,1.00,Metric Tonnes
Andhra Pradesh,Bapatla,Kuchinapudi APMC,Cereals,Paddy(Common),19-06-2026,1.00,Metric Tonnes
Andhra Pradesh,Bapatla,Kuchinapudi APMC,Cereals,Paddy(Common),20-06-2026,1.00,Metric Tonnes
Andhra Pradesh,Bapatla,Kuchinapudi APMC,Cereals,Paddy(Common),22-06-2026,1.00,Metric Tonnes
Andhra Pradesh,Bapatla,Kuchinapudi APMC,Cereals,Paddy(Common),23-06-2026,1.00,Metric Tonnes
Andhra Pradesh,Bapatla,Kuchinapudi APMC,Cereals,Paddy(Common),24-06-2026,1.00,Metric Tonnes
Andhra Pradesh,Bapatla,Kuchinapudi APMC,Cereals,Paddy(Common),25-06-2026,0.10,Metric Tonnes
Andhra Pradesh,Bapatla,Kuchinapudi APMC,Cereals,Paddy(Common),27-06-2026,1.00,Metric Tonnes
Andhra Pradesh,Bapatla,Kuchinapudi APMC,Cereals,Paddy(Common),29-06-2026,1.00,Metric Tonnes
Andhra Pradesh,Bapatla,Kuchinapudi APMC,Cereals,Paddy(Common),30-06-2026,0.10,Metric Tonnes
Andhra Pradesh,Bapatla,Kuchinapudi APMC,Cereals,Paddy(Common),01-07-2026,1.00,Metric Tonnes
Andhra Pradesh,Bapatla,Kuchinapudi APMC,Cereals,Paddy(Common),02-07-2026,1.00,Metric Tonnes
Andhra Pradesh,Bapatla,Kuchinapudi APMC,Cereals,Paddy(Common),03-07-2026,1.00,Metric Tonnes
Andhra Pradesh,Bapatla,Kuchinapudi APMC,Cereals,Paddy(Common),04-07-2026,1.00,Metric Tonnes
Andhra Pradesh,Bapatla,Kuchinapudi APMC,Cereals,Paddy(Common),06-07-2026,1.00,Metric Tonnes
Andhra Pradesh,Bapatla,Kuchinapudi APMC,Cereals,Paddy(Common),07-07-2026,1.00,Metric Tonnes
Andhra Pradesh,Bapatla,Kuchinapudi APMC,Cereals,Paddy(Common),08-07-2026,1.00,Metric Tonnes
Andhra Pradesh,Bapatla,Kuchinapudi APMC,Cereals,Paddy(Common),09-07-2026,1.00,Metric Tonnes
Andhra Pradesh,Bapatla,Kuchinapudi APMC,Cereals,Paddy(Common),10-07-2026,1.00,Metric Tonnes
Andhra Pradesh,Bapatla,Kuchinapudi APMC,Cereals,Paddy(Common),12-07-2026,1.00,Metric Tonnes
Andhra Pradesh,Bapatla,Kuchinapudi APMC,Cereals,Paddy(Common),13-07-2026,1.00,Metric Tonnes
Andhra Pradesh,Bapatla,Kuchinapudi APMC,Cereals,Paddy(Common),14-07-2026,1.00,Metric Tonnes
Andhra Pradesh,Bapatla,Kuchinapudi APMC,Cereals,Paddy(Common),15-07-2026,1.00,Metric Tonnes
Andhra Pradesh,Bapatla,Kuchinapudi APMC,Cereals,Paddy(Common),16-07-2026,1.00,Metric Tonnes
Andhra Pradesh,Bapatla,Kuchinapudi APMC,Cereals,Paddy(Common),17-07-2026,1.00,Metric Tonnes
Andhra Pradesh,Bapatla,Kuchinapudi APMC,Cereals,Paddy(Common),18-07-2026,1.00,Metric Tonnes
Andhra Pradesh,Bapatla,Kuchinapudi APMC,Cereals,Paddy(Common),20-07-2026,1.00,Metric Tonnes
Andhra Pradesh,Bapatla,Kuchinapudi APMC,Cereals,Paddy(Common),21-07-2026,1.00,Metric Tonnes
Andhra Pradesh,Bapatla,Kuchinapudi APMC,Cereals,Paddy(Common),22-07-2026,1.00,Metric Tonnes
Andhra Pradesh,Bapatla,Kuchinapudi APMC,Cereals,Paddy(Common),23-07-2026,1.00,Metric Tonnes
Andhra Pradesh,Bapatla,Kuchinapudi APMC,Cereals,Paddy(Common),24-07-2026,1.00,Metric Tonnes
Andhra Pradesh,Bapatla,Kuchinapudi APMC,Cereals,Paddy(Common),25-07-2026,1.00,Metric Tonnes
Andhra Pradesh,Bapatla,Kuchinapudi APMC,Cereals,Paddy(Common),27-07-2026,1.00,Metric Tonnes
Andhra Pradesh,Bapatla,Kuchinapudi APMC,Cereals,Paddy(Common),28-07-2026,1.00,Metric Tonnes
Andhra Pradesh,Bapatla,Kuchinapudi APMC,Cereals,Paddy(Common),29-07-2026,1.00,Metric Tonnes
Andhra Pradesh,Bapatla,Kuchinapudi APMC,Cereals,Paddy(Common),30-07-2026,1.00,Metric Tonnes
Andhra Pradesh,Bapatla,Kuchinapudi APMC,Cereals,Paddy(Common),31-07-2026,1.00,Metric Tonnes
Andhra Pradesh,Bapatla,Kuchinapudi APMC,Cereals,Paddy(Common),01-08-2026,1.00,Metric Tonnes
Andhra Pradesh,Bapatla,Kuchinapudi APMC,Cereals,Paddy(Common),03-08-2026,1.00,Metric Tonnes
Andhra Pradesh,Bapatla,Kuchinapudi APMC,Cereals,Paddy(Common),04-08-2026,1.00,Metric Tonnes
Andhra Pradesh,Bapatla,Kuchinapudi APMC,Cereals,Paddy(Common),05-08-2026,1.00,Metric Tonnes
Andhra Pradesh,Bapatla,Kuchinapudi APMC,Cereals,Paddy(Common),06-08-2026,1.00,Metric Tonnes
Andhra Pradesh,Bapatla,Kuchinapudi APMC,Cereals,Paddy(Common),07-08-2026,1.00,Metric Tonnes
Andhra Pradesh,Bapatla,Parchur APMC,Cereals,Paddy(Common),23-07-2026,0.10,Metric Tonnes
Andhra Pradesh,Bapatla,Parchur APMC,Cereals,Paddy(Common),24-07-2026,0.10,Metric Tonnes
Andhra Pradesh,Bapatla,Parchur APMC,Cereals,Paddy(Common),25-07-2026,0.10,Metric Tonnes
Andhra Pradesh,Bapatla,Parchur APMC,Cereals,Paddy(Common),27-07-2026,0.10,Metric Tonnes
Andhra Pradesh,Bapatla,Parchur APMC,Cereals,Paddy(Common),28-07-2026,1.00,Metric Tonnes
Andhra Pradesh,Bapatla,Parchur APMC,Cereals,Paddy(Common),29-07-2026,0.10,Metric Tonnes
Andhra Pradesh,Bapatla,Parchur APMC,Cereals,Paddy(Common),30-07-2026,1.00,Metric Tonnes
Andhra Pradesh,Bapatla,Parchur APMC,Cereals,Paddy(Common),31-07-2026,1.00,Metric Tonnes
Andhra Pradesh,Bapatla,Parchur APMC,Cereals,Paddy(Common),01-08-2026,0.10,Metric Tonnes
Andhra Pradesh,Bapatla,Parchur APMC,Cereals,Paddy(Common),03-08-2026,0.10,Metric Tonnes
Andhra Pradesh,Bapatla,Parchur APMC,Cereals,Paddy(Common),04-08-2026,1.00,Metric Tonnes
Andhra Pradesh,Bapatla,Parchur APMC,Cereals,Paddy(Common),05-08-2026,0.10,Metric Tonnes
Andhra Pradesh,Bapatla,Parchur APMC,Cereals,Paddy(Common),06-08-2026,1.00,Metric Tonnes
Andhra Pradesh,Bapatla,Parchur APMC,Cereals,Paddy(Common),07-08-2026,1.00,Metric Tonnes
Andhra Pradesh,Bapatla,Repalli APMC,Cereals,Paddy(Common),19-06-2026,1.00,Metric Tonnes
Andhra Pradesh,Bapatla,Repalli APMC,Cereals,Paddy(Common),23-06-2026,0.10,Metric Tonnes
Andhra Pradesh,Bapatla,Repalli APMC,Cereals,Paddy(Common),24-06-2026,0.10,Metric Tonnes
Andhra Pradesh,Bapatla,Repalli APMC,Cereals,Paddy(Common),25-06-2026,0.10,Metric Tonnes
Andhra Pradesh,Bapatla,Repalli APMC,Cereals,Paddy(Common),27-06-2026,1.00,Metric Tonnes
Andhra Pradesh,Bapatla,Repalli APMC,Cereals,Paddy(Common),30-06-2026,1.00,Metric Tonnes
Andhra Pradesh,Bapatla,Repalli APMC,Cereals,Paddy(Common),01-07-2026,1.00,Metric Tonnes
Andhra Pradesh,Bapatla,Repalli APMC,Cereals,Paddy(Common),02-07-2026,1.00,Metric Tonnes
Andhra Pradesh,Bapatla,Repalli APMC,Cereals,Paddy(Common),03-07-2026,1.00,Metric Tonnes
Andhra Pradesh,Bapatla,Repalli APMC,Cereals,Paddy(Common),04-07-2026,1.00,Metric Tonnes
Andhra Pradesh,Bapatla,Repalli APMC,Cereals,Paddy(Common),06-07-2026,1.00,Metric Tonnes
Andhra Pradesh,Bapatla,Repalli APMC,Cereals,Paddy(Common),07-07-2026,1.00,Metric Tonnes
Andhra Pradesh,Bapatla,Repalli APMC,Cereals,Paddy(Common),08-07-2026,1.00,Metric Tonnes
Andhra Pradesh,Bapatla,Repalli APMC,Cereals,Paddy(Common),09-07-2026,1.00,Metric Tonnes
Andhra Pradesh,Bapatla,Repalli APMC,Cereals,Paddy(Common),10-07-2026,1.00,Metric Tonnes
Andhra Pradesh,Bapatla,Repalli APMC,Cereals,Paddy(Common),13-07-2026,1.00,Metric Tonnes
Andhra Pradesh,Bapatla,Repalli APMC,Cereals,Paddy(Common),14-07-2026,1.00,Metric Tonnes
Andhra Pradesh,Bapatla,Repalli APMC,Cereals,Paddy(Common),15-07-2026,1.00,Metric Tonnes
Andhra Pradesh,Bapatla,Repalli APMC,Cereals,Paddy(Common),16-07-2026,1.00,Metric Tonnes
Andhra Pradesh,Bapatla,Repalli APMC,Cereals,Paddy(Common),17-07-2026,1.00,Metric Tonnes
Andhra Pradesh,Bapatla,Repalli APMC,Cereals,Paddy(Common),18-07-2026,1.00,Metric Tonnes
Andhra Pradesh,Bapatla,Repalli APMC,Cereals,Paddy(Common),20-07-2026,1.00,Metric Tonnes
Andhra Pradesh,Bapatla,Repalli APMC,Cereals,Paddy(Common),21-07-2026,1.00,Metric Tonnes
Andhra Pradesh,Bapatla,Repalli APMC,Cereals,Paddy(Common),22-07-2026,1.00,Metric Tonnes
Andhra Pradesh,Bapatla,Repalli APMC,Cereals,Paddy(Common),23-07-2026,1.00,Metric Tonnes
Andhra Pradesh,Bapatla,Repalli APMC,Cereals,Paddy(Common),24-07-2026,1.00,Metric Tonnes
Andhra Pradesh,Bapatla,Repalli APMC,Cereals,Paddy(Common),25-07-2026,1.00,Metric Tonnes
Andhra Pradesh,Bapatla,Repalli APMC,Cereals,Paddy(Common),28-07-2026,1.00,Metric Tonnes
Andhra Pradesh,Bapatla,Repalli APMC,Cereals,Paddy(Common),29-07-2026,1.00,Metric Tonnes
Andhra Pradesh,Bapatla,Repalli APMC,Cereals,Paddy(Common),30-07-2026,1.00,Metric Tonnes
Andhra Pradesh,Bapatla,Repalli APMC,Cereals,Paddy(Common),31-07-2026,1.00,Metric Tonnes
Andhra Pradesh,Bapatla,Repalli APMC,Cereals,Paddy(Common),01-08-2026,1.00,Metric Tonnes
Andhra Pradesh,Bapatla,Repalli APMC,Cereals,Paddy(Common),02-08-2026,1.00,Metric Tonnes
Andhra Pradesh,Bapatla,Repalli APMC,Cereals,Paddy(Common),03-08-2026,1.00,Metric Tonnes
Andhra Pradesh,Bapatla,Repalli APMC,Cereals,Paddy(Common),04-08-2026,1.00,Metric Tonnes
Andhra Pradesh,Bapatla,Repalli APMC,Cereals,Paddy(Common),05-08-2026,1.00,Metric Tonnes
Andhra Pradesh,Bapatla,Repalli APMC,Cereals,Paddy(Common),06-08-2026,1.00,Metric Tonnes
Andhra Pradesh,Bapatla,Repalli APMC,Cereals,Paddy(Common),07-08-2026,1.00,Metric Tonnes
Andhra Pradesh,Chittor,Nagari APMC,Cereals,Paddy(Common),24-07-2026,0.10,Metric Tonnes
Andhra Pradesh,Chittor,Nagari APMC,Cereals,Paddy(Common),25-07-2026,0.10,Metric Tonnes
Andhra Pradesh,Chittor,Nagari APMC,Cereals,Paddy(Common),27-07-2026,0.20,Metric Tonnes
Andhra Pradesh,Chittor,Nagari APMC,Cereals,Paddy(Common),28-07-2026,0.30,Metric Tonnes
Andhra Pradesh,Chittor,Nagari APMC,Cereals,Paddy(Common),29-07-2026,0.10,Metric Tonnes
Andhra Pradesh,Chittor,Nagari APMC,Cereals,Paddy(Common),30-07-2026,0.10,Metric Tonnes
Andhra Pradesh,Chittor,Nagari APMC,Cereals,Paddy(Common),31-07-2026,0.10,Metric Tonnes
Andhra Pradesh,Chittor,Nagari APMC,Cereals,Paddy(Common),01-08-2026,0.10,Metric Tonnes
Andhra Pradesh,Chittor,Nagari APMC,Cereals,Paddy(Common),03-08-2026,0.10,Metric Tonnes
Andhra Pradesh,Chittor,Nagari APMC,Cereals,Paddy(Common),04-08-2026,0.10,Metric Tonnes
Andhra Pradesh,Chittor,Nagari APMC,Cereals,Paddy(Common),06-08-2026,0.10,Metric Tonnes
Andhra Pradesh,Chittor,Nagari APMC,Cereals,Paddy(Common),07-08-2026,0.10,Metric Tonnes
Andhra Pradesh,Chittor,Rompicherla APMC,Cereals,Paddy(Common),25-07-2026,8.25,Metric Tonnes
Andhra Pradesh,Chittor,Rompicherla APMC,Cereals,Paddy(Common),27-07-2026,7.88,Metric Tonnes
Andhra Pradesh,Chittor,Rompicherla APMC,Cereals,Paddy(Common),29-07-2026,9.00,Metric Tonnes
Andhra Pradesh,Chittor,Rompicherla APMC,Cereals,Paddy(Common),30-07-2026,5.25,Metric Tonnes
Andhra Pradesh,Chittor,Rompicherla APMC,Cereals,Paddy(Common),31-07-2026,9.15,Metric Tonnes
Andhra Pradesh,Chittor,Rompicherla APMC,Cereals,Paddy(Common),04-08-2026,6.00,Metric Tonnes
Andhra Pradesh,Chittor,Rompicherla APMC,Cereals,Paddy(Common),05-08-2026,7.13,Metric Tonnes
Andhra Pradesh,Chittor,Rompicherla APMC,Cereals,Paddy(Common),06-08-2026,7.13,Metric Tonnes
Andhra Pradesh,Chittor,Rompicherla APMC,Cereals,Paddy(Common),07-08-2026,5.25,Metric Tonnes
Andhra Pradesh,Dr.B.R.A.Konaseema,Alamuru APMC,Cereals,Paddy(Common),12-06-2026,16.00,Metric Tonnes
Andhra Pradesh,Dr.B.R.A.Konaseema,Alamuru APMC,Cereals,Paddy(Common),15-06-2026,136.00,Metric Tonnes
Andhra Pradesh,Dr.B.R.A.Konaseema,Alamuru APMC,Cereals,Paddy(Common),16-06-2026,238.70,Metric Tonnes
Andhra Pradesh,Dr.B.R.A.Konaseema,Alamuru APMC,Cereals,Paddy(Common),22-07-2026,0.10,Metric Tonnes
Andhra Pradesh,Dr.B.R.A.Konaseema,Alamuru APMC,Cereals,Paddy(Common),23-07-2026,0.10,Metric Tonnes
Andhra Pradesh,Dr.B.R.A.Konaseema,Alamuru APMC,Cereals,Paddy(Common),24-07-2026,0.10,Metric Tonnes
Andhra Pradesh,Dr.B.R.A.Konaseema,Alamuru APMC,Cereals,Paddy(Common),25-07-2026,0.10,Metric Tonnes
Andhra Pradesh,Dr.B.R.A.Konaseema,Alamuru APMC,Cereals,Paddy(Common),26-07-2026,0.10,Metric Tonnes
Andhra Pradesh,Dr.B.R.A.Konaseema,Alamuru APMC,Cereals,Paddy(Common),27-07-2026,0.10,Metric Tonnes
Andhra Pradesh,Dr.B.R.A.Konaseema,Alamuru APMC,Cereals,Paddy(Common),28-07-2026,0.10,Metric Tonnes
Andhra Pradesh,Dr.B.R.A.Konaseema,Alamuru APMC,Cereals,Paddy(Common),29-07-2026,0.10,Metric Tonnes
Andhra Pradesh,Dr.B.R.A.Konaseema,Alamuru APMC,Cereals,Paddy(Common),30-07-2026,0.10,Metric Tonnes
Andhra Pradesh,Dr.B.R.A.Konaseema,Alamuru APMC,Cereals,Paddy(Common),31-07-2026,0.10,Metric Tonnes
Andhra Pradesh,Dr.B.R.A.Konaseema,Alamuru APMC,Cereals,Paddy(Common),01-08-2026,0.10,Metric Tonnes
Andhra Pradesh,Dr.B.R.A.Konaseema,Alamuru APMC,Cereals,Paddy(Common),02-08-2026,0.10,Metric Tonnes
Andhra Pradesh,Dr.B.R.A.Konaseema,Alamuru APMC,Cereals,Paddy(Common),03-08-2026,0.10,Metric Tonnes
Andhra Pradesh,Dr.B.R.A.Konaseema,Alamuru APMC,Cereals,Paddy(Common),04-08-2026,0.10,Metric Tonnes
Andhra Pradesh,Dr.B.R.A.Konaseema,Alamuru APMC,Cereals,Paddy(Common),05-08-2026,0.10,Metric Tonnes
Andhra Pradesh,Dr.B.R.A.Konaseema,Alamuru APMC,Cereals,Paddy(Common),06-08-2026,0.10,Metric Tonnes
Andhra Pradesh,Dr.B.R.A.Konaseema,Alamuru APMC,Cereals,Paddy(Common),07-08-2026,0.10,Metric Tonnes
Andhra Pradesh,Dr.B.R.A.Konaseema,Amalapuram APMC,Cereals,Paddy(Common),05-06-2026,55.40,Metric Tonnes
Andhra Pradesh,Dr.B.R.A.Konaseema,Amalapuram APMC,Cereals,Paddy(Common),06-06-2026,48.00,Metric Tonnes
Andhra Pradesh,Dr.B.R.A.Konaseema,Amalapuram APMC,Cereals,Paddy(Common),08-06-2026,86.40,Metric Tonnes
Andhra Pradesh,Dr.B.R.A.Konaseema,Amalapuram APMC,Cereals,Paddy(Common),09-06-2026,86.40,Metric Tonnes
Andhra Pradesh,Dr.B.R.A.Konaseema,Amalapuram APMC,Cereals,Paddy(Common),10-06-2026,48.00,Metric Tonnes
Andhra Pradesh,Dr.B.R.A.Konaseema,Amalapuram APMC,Cereals,Paddy(Common),11-06-2026,39.70,Metric Tonnes
Andhra Pradesh,Dr.B.R.A.Konaseema,Amalapuram APMC,Cereals,Paddy(Common),12-06-2026,40.60,Metric Tonnes
Andhra Pradesh,Dr.B.R.A.Konaseema,Amalapuram APMC,Cereals,Paddy(Common),15-06-2026,128.00,Metric Tonnes
Andhra Pradesh,Dr.B.R.A.Konaseema,Amalapuram APMC,Cereals,Paddy(Common),16-06-2026,41.50,Metric Tonnes
Andhra Pradesh,Dr.B.R.A.Konaseema,Amalapuram APMC,Cereals,Paddy(Common),17-06-2026,16.00,Metric Tonnes
Andhra Pradesh,Dr.B.R.A.Konaseema,Amalapuram APMC,Cereals,Paddy(Common),18-06-2026,24.90,Metric Tonnes
Andhra Pradesh,Dr.B.R.A.Konaseema,Amalapuram APMC,Cereals,Paddy(Common),19-06-2026,8.00,Metric Tonnes
Andhra Pradesh,Dr.B.R.A.Konaseema,Amalapuram APMC,Cereals,Paddy(Common),20-06-2026,16.00,Metric Tonnes
Andhra Pradesh,Dr.B.R.A.Konaseema,Amalapuram APMC,Cereals,Paddy(Common),22-06-2026,8.00,Metric Tonnes
Andhra Pradesh,Dr.B.R.A.Konaseema,Amalapuram APMC,Cereals,Paddy(Common),23-06-2026,16.00,Metric Tonnes
Andhra Pradesh,Dr.B.R.A.Konaseema,Amalapuram APMC,Cereals,Paddy(Common),24-06-2026,8.30,Metric Tonnes
Andhra Pradesh,Dr.B.R.A.Konaseema,Amalapuram APMC,Cereals,Paddy(Common),25-06-2026,8.00,Metric Tonnes
Andhra Pradesh,Dr.B.R.A.Konaseema,Amalapuram APMC,Cereals,Paddy(Common),27-06-2026,16.00,Metric Tonnes
Andhra Pradesh,Dr.B.R.A.Konaseema,Amalapuram APMC,Cereals,Paddy(Common),29-06-2026,8.00,Metric Tonnes
Andhra Pradesh,Dr.B.R.A.Konaseema,Amalapuram APMC,Cereals,Paddy(Common),30-06-2026,8.30,Metric Tonnes
Andhra Pradesh,Dr.B.R.A.Konaseema,Amalapuram APMC,Cereals,Paddy(Common),01-07-2026,8.00,Metric Tonnes
Andhra Pradesh,Dr.B.R.A.Konaseema,Amalapuram APMC,Cereals,Paddy(Common),02-07-2026,8.00,Metric Tonnes
Andhra Pradesh,Dr.B.R.A.Konaseema,Amalapuram APMC,Cereals,Paddy(Common),03-07-2026,8.00,Metric Tonnes
Andhra Pradesh,Dr.B.R.A.Konaseema,Amalapuram APMC,Cereals,Paddy(Common),04-07-2026,8.00,Metric Tonnes
Andhra Pradesh,Dr.B.R.A.Konaseema,Amalapuram APMC,Cereals,Paddy(Common),06-07-2026,8.00,Metric Tonnes
Andhra Pradesh,Dr.B.R.A.Konaseema,Amalapuram APMC,Cereals,Paddy(Common),07-07-2026,8.00,Metric Tonnes
Andhra Pradesh,Dr.B.R.A.Konaseema,Amalapuram APMC,Cereals,Paddy(Common),08-07-2026,8.00,Metric Tonnes
Andhra Pradesh,Dr.B.R.A.Konaseema,Amalapuram APMC,Cereals,Paddy(Common),09-07-2026,8.00,Metric Tonnes
Andhra Pradesh,Dr.B.R.A.Konaseema,Amalapuram APMC,Cereals,Paddy(Common),10-07-2026,8.00,Metric Tonnes
Andhra Pradesh,Dr.B.R.A.Konaseema,Amalapuram APMC,Cereals,Paddy(Common),13-07-2026,8.00,Metric Tonnes
Andhra Pradesh,Dr.B.R.A.Konaseema,Amalapuram APMC,Cereals,Paddy(Common),14-07-2026,8.00,Metric Tonnes
Andhra Pradesh,Dr.B.R.A.Konaseema,Amalapuram APMC,Cereals,Paddy(Common),15-07-2026,8.00,Metric Tonnes
Andhra Pradesh,Dr.B.R.A.Konaseema,Amalapuram APMC,Cereals,Paddy(Common),16-07-2026,8.00,Metric Tonnes
Andhra Pradesh,Dr.B.R.A.Konaseema,Amalapuram APMC,Cereals,Paddy(Common),17-07-2026,8.00,Metric Tonnes
Andhra Pradesh,Dr.B.R.A.Konaseema,Amalapuram APMC,Cereals,Paddy(Common),18-07-2026,8.00,Metric Tonnes
Andhra Pradesh,Dr.B.R.A.Konaseema,Amalapuram APMC,Cereals,Paddy(Common),20-07-2026,8.00,Metric Tonnes
Andhra Pradesh,Dr.B.R.A.Konaseema,Amalapuram APMC,Cereals,Paddy(Common),21-07-2026,8.00,Metric Tonnes
Andhra Pradesh,Dr.B.R.A.Konaseema,Amalapuram APMC,Cereals,Paddy(Common),22-07-2026,8.00,Metric Tonnes
Andhra Pradesh,Dr.B.R.A.Konaseema,Amalapuram APMC,Cereals,Paddy(Common),23-07-2026,0.10,Metric Tonnes
Andhra Pradesh,Dr.B.R.A.Konaseema,Amalapuram APMC,Cereals,Paddy(Common),24-07-2026,0.10,Metric Tonnes
Andhra Pradesh,Dr.B.R.A.Konaseema,Amalapuram APMC,Cereals,Paddy(Common),25-07-2026,0.10,Metric Tonnes
Andhra Pradesh,Dr.B.R.A.Konaseema,Amalapuram APMC,Cereals,Paddy(Common),27-07-2026,0.10,Metric Tonnes
Andhra Pradesh,Dr.B.R.A.Konaseema,Amalapuram APMC,Cereals,Paddy(Common),28-07-2026,0.10,Metric Tonnes
Andhra Pradesh,Dr.B.R.A.Konaseema,Amalapuram APMC,Cereals,Paddy(Common),29-07-2026,0.10,Metric Tonnes
Andhra Pradesh,Dr.B.R.A.Konaseema,Amalapuram APMC,Cereals,Paddy(Common),30-07-2026,0.10,Metric Tonnes
Andhra Pradesh,Dr.B.R.A.Konaseema,Amalapuram APMC,Cereals,Paddy(Common),31-07-2026,0.10,Metric Tonnes
Andhra Pradesh,Dr.B.R.A.Konaseema,Amalapuram APMC,Cereals,Paddy(Common),01-08-2026,0.10,Metric Tonnes
Andhra Pradesh,Dr.B.R.A.Konaseema,Amalapuram APMC,Cereals,Paddy(Common),03-08-2026,0.10,Metric Tonnes
Andhra Pradesh,Dr.B.R.A.Konaseema,Amalapuram APMC,Cereals,Paddy(Common),04-08-2026,0.10,Metric Tonnes
Andhra Pradesh,Dr.B.R.A.Konaseema,Amalapuram APMC,Cereals,Paddy(Common),05-08-2026,0.10,Metric Tonnes
Andhra Pradesh,Dr.B.R.A.Konaseema,Amalapuram APMC,Cereals,Paddy(Common),06-08-2026,0.10,Metric Tonnes
Andhra Pradesh,Dr.B.R.A.Konaseema,Amalapuram APMC,Cereals,Paddy(Common),07-08-2026,0.10,Metric Tonnes
Andhra Pradesh,Dr.B.R.A.Konaseema,Mummidivaram APMC,Cereals,Paddy(Common),08-06-2026,137.80,Metric Tonnes
Andhra Pradesh,Dr.B.R.A.Konaseema,Mummidivaram APMC,Cereals,Paddy(Common),09-06-2026,159.60,Metric Tonnes
Andhra Pradesh,Dr.B.R.A.Konaseema,Mummidivaram APMC,Cereals,Paddy(Common),10-06-2026,66.80,Metric Tonnes
Andhra Pradesh,Dr.B.R.A.Konaseema,Mummidivaram APMC,Cereals,Paddy(Common),11-06-2026,58.80,Metric Tonnes
Andhra Pradesh,Dr.B.R.A.Konaseema,Mummidivaram APMC,Cereals,Paddy(Common),12-06-2026,131.60,Metric Tonnes
Andhra Pradesh,Dr.B.R.A.Konaseema,Mummidivaram APMC,Cereals,Paddy(Common),13-06-2026,48.30,Metric Tonnes
Andhra Pradesh,Dr.B.R.A.Konaseema,Mummidivaram APMC,Cereals,Paddy(Common),14-06-2026,33.20,Metric Tonnes
Andhra Pradesh,Dr.B.R.A.Konaseema,Mummidivaram APMC,Cereals,Paddy(Common),15-06-2026,91.00,Metric Tonnes
Andhra Pradesh,Dr.B.R.A.Konaseema,Mummidivaram APMC,Cereals,Paddy(Common),16-06-2026,73.50,Metric Tonnes
Andhra Pradesh,Dr.B.R.A.Konaseema,Mummidivaram APMC,Cereals,Paddy(Common),17-06-2026,16.80,Metric Tonnes
Andhra Pradesh,Dr.B.R.A.Konaseema,Mummidivaram APMC,Cereals,Paddy(Common),18-06-2026,40.60,Metric Tonnes
Andhra Pradesh,Dr.B.R.A.Konaseema,Mummidivaram APMC,Cereals,Paddy(Common),19-06-2026,57.40,Metric Tonnes
Andhra Pradesh,Dr.B.R.A.Konaseema,Mummidivaram APMC,Cereals,Paddy(Common),20-06-2026,41.60,Metric Tonnes
Andhra Pradesh,Dr.B.R.A.Konaseema,Mummidivaram APMC,Cereals,Paddy(Common),21-06-2026,33.60,Metric Tonnes
Andhra Pradesh,Dr.B.R.A.Konaseema,Mummidivaram APMC,Cereals,Paddy(Common),22-06-2026,8.40,Metric Tonnes
Andhra Pradesh,Dr.B.R.A.Konaseema,Mummidivaram APMC,Cereals,Paddy(Common),23-06-2026,45.50,Metric Tonnes
Andhra Pradesh,Dr.B.R.A.Konaseema,Mummidivaram APMC,Cereals,Paddy(Common),24-06-2026,42.00,Metric Tonnes
Andhra Pradesh,Dr.B.R.A.Konaseema,Mummidivaram APMC,Cereals,Paddy(Common),25-06-2026,58.80,Metric Tonnes
Andhra Pradesh,Dr.B.R.A.Konaseema,Mummidivaram APMC,Cereals,Paddy(Common),26-06-2026,25.20,Metric Tonnes
Andhra Pradesh,Dr.B.R.A.Konaseema,Mummidivaram APMC,Cereals,Paddy(Common),27-06-2026,25.20,Metric Tonnes
Andhra Pradesh,Dr.B.R.A.Konaseema,Mummidivaram APMC,Cereals,Paddy(Common),28-06-2026,16.80,Metric Tonnes
Andhra Pradesh,Dr.B.R.A.Konaseema,Mummidivaram APMC,Cereals,Paddy(Common),29-06-2026,14.00,Metric Tonnes
Andhra Pradesh,Dr.B.R.A.Konaseema,Mummidivaram APMC,Cereals,Paddy(Common),01-07-2026,8.40,Metric Tonnes
Andhra Pradesh,Dr.B.R.A.Konaseema,Mummidivaram APMC,Cereals,Paddy(Common),03-07-2026,38.90,Metric Tonnes
Andhra Pradesh,Dr.B.R.A.Konaseema,Mummidivaram APMC,Cereals,Paddy(Common),05-07-2026,25.20,Metric Tonnes
Andhra Pradesh,Dr.B.R.A.Konaseema,Mummidivaram APMC,Cereals,Paddy(Common),06-07-2026,16.80,Metric Tonnes
Andhra Pradesh,Dr.B.R.A.Konaseema,Mummidivaram APMC,Cereals,Paddy(Common),07-07-2026,16.00,Metric Tonnes
Andhra Pradesh,Dr.B.R.A.Konaseema,Mummidivaram APMC,Cereals,Paddy(Common),08-07-2026,23.20,Metric Tonnes
Andhra Pradesh,Dr.B.R.A.Konaseema,Mummidivaram APMC,Cereals,Paddy(Common),10-07-2026,23.70,Metric Tonnes
Andhra Pradesh,Dr.B.R.A.Konaseema,Mummidivaram APMC,Cereals,Paddy(Common),12-07-2026,16.80,Metric Tonnes
Andhra Pradesh,Dr.B.R.A.Konaseema,Mummidivaram APMC,Cereals,Paddy(Common),14-07-2026,13.30,Metric Tonnes
Andhra Pradesh,Dr.B.R.A.Konaseema,Mummidivaram APMC,Cereals,Paddy(Common),17-07-2026,8.40,Metric Tonnes
Andhra Pradesh,Dr.B.R.A.Konaseema,Mummidivaram APMC,Cereals,Paddy(Common),20-07-2026,23.50,Metric Tonnes
Andhra Pradesh,Dr.B.R.A.Konaseema,Mummidivaram APMC,Cereals,Paddy(Common),21-07-2026,8.40,Metric Tonnes
Andhra Pradesh,Dr.B.R.A.Konaseema,Mummidivaram APMC,Cereals,Paddy(Common),22-07-2026,14.00,Metric Tonnes
Andhra Pradesh,Dr.B.R.A.Konaseema,Mummidivaram APMC,Cereals,Paddy(Common),28-07-2026,7.70,Metric Tonnes
Andhra Pradesh,Dr.B.R.A.Konaseema,Mummidivaram APMC,Cereals,Paddy(Common),04-08-2026,18.00,Metric Tonnes
Andhra Pradesh,Dr.B.R.A.Konaseema,Mummidivaram APMC,Cereals,Paddy(Common),05-08-2026,39.90,Metric Tonnes
Andhra Pradesh,Dr.B.R.A.Konaseema,Mummidivaram APMC,Cereals,Paddy(Common),06-08-2026,24.50,Metric Tonnes
Andhra Pradesh,Dr.B.R.A.Konaseema,Mummidivaram APMC,Cereals,Paddy(Common),07-08-2026,8.10,Metric Tonnes
Andhra Pradesh,Dr.B.R.A.Konaseema,Ramachandrapuram APMC,Cereals,Paddy(Common),05-06-2026,211.10,Metric Tonnes
Andhra Pradesh,Dr.B.R.A.Konaseema,Ramachandrapuram APMC,Cereals,Paddy(Common),06-06-2026,65.50,Metric Tonnes
Andhra Pradesh,Dr.B.R.A.Konaseema,Ramachandrapuram APMC,Cereals,Paddy(Common),08-06-2026,153.10,Metric Tonnes
Andhra Pradesh,Dr.B.R.A.Konaseema,Ramachandrapuram APMC,Cereals,Paddy(Common),09-06-2026,16.80,Metric Tonnes
Andhra Pradesh,Dr.B.R.A.Konaseema,Ramachandrapuram APMC,Cereals,Paddy(Common),10-06-2026,98.40,Metric Tonnes
Andhra Pradesh,Dr.B.R.A.Konaseema,Ramachandrapuram APMC,Cereals,Paddy(Common),11-06-2026,112.20,Metric Tonnes
Andhra Pradesh,Dr.B.R.A.Konaseema,Ramachandrapuram APMC,Cereals,Paddy(Common),12-06-2026,192.00,Metric Tonnes
Andhra Pradesh,Dr.B.R.A.Konaseema,Ramachandrapuram APMC,Cereals,Paddy(Common),15-06-2026,318.90,Metric Tonnes
Andhra Pradesh,Dr.B.R.A.Konaseema,Ramachandrapuram APMC,Cereals,Paddy(Common),16-06-2026,130.00,Metric Tonnes
Andhra Pradesh,Dr.B.R.A.Konaseema,Ramachandrapuram APMC,Cereals,Paddy(Common),18-06-2026,72.70,Metric Tonnes
Andhra Pradesh,Dr.B.R.A.Konaseema,Ramachandrapuram APMC,Cereals,Paddy(Common),19-06-2026,115.40,Metric Tonnes
Andhra Pradesh,Dr.B.R.A.Konaseema,Ramachandrapuram APMC,Cereals,Paddy(Common),20-06-2026,100.70,Metric Tonnes
Andhra Pradesh,Dr.B.R.A.Konaseema,Ramachandrapuram APMC,Cereals,Paddy(Common),22-06-2026,141.10,Metric Tonnes
Andhra Pradesh,Dr.B.R.A.Konaseema,Ramachandrapuram APMC,Cereals,Paddy(Common),23-06-2026,14.70,Metric Tonnes
Andhra Pradesh,Dr.B.R.A.Konaseema,Ramachandrapuram APMC,Cereals,Paddy(Common),24-06-2026,110.90,Metric Tonnes
Andhra Pradesh,Dr.B.R.A.Konaseema,Ramachandrapuram APMC,Cereals,Paddy(Common),25-06-2026,104.90,Metric Tonnes
Andhra Pradesh,Dr.B.R.A.Konaseema,Ramachandrapuram APMC,Cereals,Paddy(Common),27-06-2026,33.50,Metric Tonnes
Andhra Pradesh,Dr.B.R.A.Konaseema,Ramachandrapuram APMC,Cereals,Paddy(Common),29-06-2026,55.50,Metric Tonnes
Andhra Pradesh,Dr.B.R.A.Konaseema,Ramachandrapuram APMC,Cereals,Paddy(Common),30-06-2026,37.50,Metric Tonnes
Andhra Pradesh,Dr.B.R.A.Konaseema,Ramachandrapuram APMC,Cereals,Paddy(Common),01-07-2026,15.80,Metric Tonnes
Andhra Pradesh,Dr.B.R.A.Konaseema,Ramachandrapuram APMC,Cereals,Paddy(Common),02-07-2026,62.30,Metric Tonnes
Andhra Pradesh,Dr.B.R.A.Konaseema,Ramachandrapuram APMC,Cereals,Paddy(Common),03-07-2026,87.70,Metric Tonnes
Andhra Pradesh,Dr.B.R.A.Konaseema,Ramachandrapuram APMC,Cereals,Paddy(Common),04-07-2026,39.00,Metric Tonnes
Andhra Pradesh,Dr.B.R.A.Konaseema,Ramachandrapuram APMC,Cereals,Paddy(Common),06-07-2026,144.70,Metric Tonnes
Andhra Pradesh,Dr.B.R.A.Konaseema,Ramachandrapuram APMC,Cereals,Paddy(Common),07-07-2026,104.10,Metric Tonnes
Andhra Pradesh,Dr.B.R.A.Konaseema,Ramachandrapuram APMC,Cereals,Paddy(Common),08-07-2026,56.00,Metric Tonnes
Andhra Pradesh,Dr.B.R.A.Konaseema,Ramachandrapuram APMC,Cereals,Paddy(Common),09-07-2026,48.20,Metric Tonnes
Andhra Pradesh,Dr.B.R.A.Konaseema,Ramachandrapuram APMC,Cereals,Paddy(Common),10-07-2026,40.90,Metric Tonnes
Andhra Pradesh,Dr.B.R.A.Konaseema,Ramachandrapuram APMC,Cereals,Paddy(Common),13-07-2026,44.10,Metric Tonnes
Andhra Pradesh,Dr.B.R.A.Konaseema,Ramachandrapuram APMC,Cereals,Paddy(Common),14-07-2026,24.10,Metric Tonnes
Andhra Pradesh,Dr.B.R.A.Konaseema,Ramachandrapuram APMC,Cereals,Paddy(Common),15-07-2026,14.60,Metric Tonnes
Andhra Pradesh,Dr.B.R.A.Konaseema,Ramachandrapuram APMC,Cereals,Paddy(Common),16-07-2026,15.30,Metric Tonnes
Andhra Pradesh,Dr.B.R.A.Konaseema,Ramachandrapuram APMC,Cereals,Paddy(Common),17-07-2026,8.40,Metric Tonnes
Andhra Pradesh,Dr.B.R.A.Konaseema,Ramachandrapuram APMC,Cereals,Paddy(Common),21-07-2026,8.00,Metric Tonnes
Andhra Pradesh,Dr.B.R.A.Konaseema,Ramachandrapuram APMC,Cereals,Paddy(Common),22-07-2026,0.10,Metric Tonnes
Andhra Pradesh,Dr.B.R.A.Konaseema,Ramachandrapuram APMC,Cereals,Paddy(Common),23-07-2026,8.40,Metric Tonnes
Andhra Pradesh,Dr.B.R.A.Konaseema,Ramachandrapuram APMC,Cereals,Paddy(Common),24-07-2026,0.10,Metric Tonnes
Andhra Pradesh,Dr.B.R.A.Konaseema,Ramachandrapuram APMC,Cereals,Paddy(Common),25-07-2026,16.70,Metric Tonnes
Andhra Pradesh,Dr.B.R.A.Konaseema,Ramachandrapuram APMC,Cereals,Paddy(Common),26-07-2026,14.70,Metric Tonnes
Andhra Pradesh,Dr.B.R.A.Konaseema,Ramachandrapuram APMC,Cereals,Paddy(Common),27-07-2026,10.50,Metric Tonnes
Andhra Pradesh,Dr.B.R.A.Konaseema,Ramachandrapuram APMC,Cereals,Paddy(Common),28-07-2026,16.80,Metric Tonnes
Andhra Pradesh,Dr.B.R.A.Konaseema,Ramachandrapuram APMC,Cereals,Paddy(Common),29-07-2026,27.20,Metric Tonnes
Andhra Pradesh,Dr.B.R.A.Konaseema,Ramachandrapuram APMC,Cereals,Paddy(Common),30-07-2026,24.40,Metric Tonnes
Andhra Pradesh,Dr.B.R.A.Konaseema,Ramachandrapuram APMC,Cereals,Paddy(Common),31-07-2026,0.10,Metric Tonnes
Andhra Pradesh,Dr.B.R.A.Konaseema,Ramachandrapuram APMC,Cereals,Paddy(Common),01-08-2026,0.10,Metric Tonnes
Andhra Pradesh,Dr.B.R.A.Konaseema,Ramachandrapuram APMC,Cereals,Paddy(Common),02-08-2026,0.10,Metric Tonnes
Andhra Pradesh,Dr.B.R.A.Konaseema,Ramachandrapuram APMC,Cereals,Paddy(Common),03-08-2026,0.10,Metric Tonnes
Andhra Pradesh,Dr.B.R.A.Konaseema,Ramachandrapuram APMC,Cereals,Paddy(Common),04-08-2026,0.10,Metric Tonnes
Andhra Pradesh,Dr.B.R.A.Konaseema,Ramachandrapuram APMC,Cereals,Paddy(Common),05-08-2026,0.10,Metric Tonnes
Andhra Pradesh,Dr.B.R.A.Konaseema,Ramachandrapuram APMC,Cereals,Paddy(Common),06-08-2026,0.10,Metric Tonnes
Andhra Pradesh,Dr.B.R.A.Konaseema,Ramachandrapuram APMC,Cereals,Paddy(Common),07-08-2026,0.10,Metric Tonnes
Andhra Pradesh,East Godavari,Anaparthy APMC,Cereals,Paddy(Common),25-04-2023,4034.00,Metric Tonnes
Andhra Pradesh,East Godavari,Anaparthy APMC,Cereals,Paddy(Common),26-04-2023,5397.00,Metric Tonnes
Andhra Pradesh,East Godavari,Anaparthy APMC,Cereals,Paddy(Common),01-05-2023,1000.00,Metric Tonnes
Andhra Pradesh,East Godavari,Anaparthy APMC,Cereals,Paddy(Common),02-05-2023,2541.00,Metric Tonnes
Andhra Pradesh,East Godavari,Anaparthy APMC,Cereals,Paddy(Common),22-07-2026,0.10,Metric Tonnes
Andhra Pradesh,East Godavari,Anaparthy APMC,Cereals,Paddy(Common),23-07-2026,0.10,Metric Tonnes
Andhra Pradesh,East Godavari,Anaparthy APMC,Cereals,Paddy(Common),24-07-2026,0.10,Metric Tonnes
Andhra Pradesh,East Godavari,Anaparthy APMC,Cereals,Paddy(Common),25-07-2026,0.10,Metric Tonnes
Andhra Pradesh,East Godavari,Anaparthy APMC,Cereals,Paddy(Common),26-07-2026,0.10,Metric Tonnes
Andhra Pradesh,East Godavari,Anaparthy APMC,Cereals,Paddy(Common),27-07-2026,0.10,Metric Tonnes
Andhra Pradesh,East Godavari,Anaparthy APMC,Cereals,Paddy(Common),28-07-2026,0.10,Metric Tonnes
Andhra Pradesh,East Godavari,Anaparthy APMC,Cereals,Paddy(Common),29-07-2026,0.10,Metric Tonnes
Andhra Pradesh,East Godavari,Anaparthy APMC,Cereals,Paddy(Common),30-07-2026,0.10,Metric Tonnes
Andhra Pradesh,East Godavari,Anaparthy APMC,Cereals,Paddy(Common),31-07-2026,0.10,Metric Tonnes
Andhra Pradesh,East Godavari,Anaparthy APMC,Cereals,Paddy(Common),01-08-2026,0.10,Metric Tonnes
Andhra Pradesh,East Godavari,Anaparthy APMC,Cereals,Paddy(Common),02-08-2026,0.10,Metric Tonnes
Andhra Pradesh,East Godavari,Anaparthy APMC,Cereals,Paddy(Common),03-08-2026,0.10,Metric Tonnes
Andhra Pradesh,East Godavari,Anaparthy APMC,Cereals,Paddy(Common),04-08-2026,0.10,Metric Tonnes
Andhra Pradesh,East Godavari,Anaparthy APMC,Cereals,Paddy(Common),05-08-2026,0.10,Metric Tonnes
Andhra Pradesh,East Godavari,Anaparthy APMC,Cereals,Paddy(Common),06-08-2026,0.10,Metric Tonnes
Andhra Pradesh,East Godavari,Anaparthy APMC,Cereals,Paddy(Common),07-08-2026,0.10,Metric Tonnes
Andhra Pradesh,East Godavari,Gopalapuram APMC,Cereals,Paddy(Common),27-01-2025,22.00,Metric Tonnes
Andhra Pradesh,East Godavari,Kovvur APMC,Cereals,Paddy(Common),30-05-2026,1.00,Metric Tonnes
Andhra Pradesh,East Godavari,Kovvur APMC,Cereals,Paddy(Common),01-06-2026,1.00,Metric Tonnes
Andhra Pradesh,East Godavari,Kovvur APMC,Cereals,Paddy(Common),02-06-2026,1.00,Metric Tonnes
Andhra Pradesh,East Godavari,Kovvur APMC,Cereals,Paddy(Common),03-06-2026,1.00,Metric Tonnes
Andhra Pradesh,East Godavari,Kovvur APMC,Cereals,Paddy(Common),04-06-2026,1.00,Metric Tonnes
Andhra Pradesh,East Godavari,Kovvur APMC,Cereals,Paddy(Common),05-06-2026,1.00,Metric Tonnes
Andhra Pradesh,East Godavari,Kovvur APMC,Cereals,Paddy(Common),06-06-2026,1.00,Metric Tonnes
Andhra Pradesh,East Godavari,Kovvur APMC,Cereals,Paddy(Common),08-06-2026,1.00,Metric Tonnes
Andhra Pradesh,East Godavari,Kovvur APMC,Cereals,Paddy(Common),09-06-2026,1.00,Metric Tonnes
Andhra Pradesh,East Godavari,Kovvur APMC,Cereals,Paddy(Common),10-06-2026,1.00,Metric Tonnes
Andhra Pradesh,East Godavari,Kovvur APMC,Cereals,Paddy(Common),11-06-2026,1.00,Metric Tonnes
Andhra Pradesh,East Godavari,Kovvur APMC,Cereals,Paddy(Common),12-06-2026,1.00,Metric Tonnes
Andhra Pradesh,East Godavari,Kovvur APMC,Cereals,Paddy(Common),15-06-2026,1.00,Metric Tonnes
Andhra Pradesh,East Godavari,Kovvur APMC,Cereals,Paddy(Common),16-06-2026,1.00,Metric Tonnes
Andhra Pradesh,East Godavari,Kovvur APMC,Cereals,Paddy(Common),17-06-2026,1.00,Metric Tonnes
Andhra Pradesh,East Godavari,Kovvur APMC,Cereals,Paddy(Common),18-06-2026,1.00,Metric Tonnes
Andhra Pradesh,East Godavari,Kovvur APMC,Cereals,Paddy(Common),19-06-2026,1.00,Metric Tonnes
Andhra Pradesh,East Godavari,Kovvur APMC,Cereals,Paddy(Common),20-06-2026,1.00,Metric Tonnes
Andhra Pradesh,East Godavari,Kovvur APMC,Cereals,Paddy(Common),22-06-2026,1.00,Metric Tonnes
Andhra Pradesh,East Godavari,Kovvur APMC,Cereals,Paddy(Common),23-06-2026,1.00,Metric Tonnes
Andhra Pradesh,East Godavari,Kovvur APMC,Cereals,Paddy(Common),24-06-2026,1.00,Metric Tonnes
Andhra Pradesh,East Godavari,Kovvur APMC,Cereals,Paddy(Common),25-06-2026,1.00,Metric Tonnes
Andhra Pradesh,East Godavari,Kovvur APMC,Cereals,Paddy(Common),26-06-2026,1.00,Metric Tonnes
Andhra Pradesh,East Godavari,Kovvur APMC,Cereals,Paddy(Common),27-06-2026,1.00,Metric Tonnes
Andhra Pradesh,East Godavari,Kovvur APMC,Cereals,Paddy(Common),29-06-2026,1.00,Metric Tonnes
Andhra Pradesh,East Godavari,Kovvur APMC,Cereals,Paddy(Common),30-06-2026,1.00,Metric Tonnes
Andhra Pradesh,East Godavari,Kovvur APMC,Cereals,Paddy(Common),01-07-2026,1.00,Metric Tonnes
Andhra Pradesh,East Godavari,Kovvur APMC,Cereals,Paddy(Common),02-07-2026,1.00,Metric Tonnes
Andhra Pradesh,East Godavari,Kovvur APMC,Cereals,Paddy(Common),03-07-2026,1.00,Metric Tonnes
Andhra Pradesh,East Godavari,Kovvur APMC,Cereals,Paddy(Common),04-07-2026,1.00,Metric Tonnes
Andhra Pradesh,East Godavari,Kovvur APMC,Cereals,Paddy(Common),06-07-2026,1.00,Metric Tonnes
Andhra Pradesh,East Godavari,Kovvur APMC,Cereals,Paddy(Common),07-07-2026,1.00,Metric Tonnes
Andhra Pradesh,East Godavari,Kovvur APMC,Cereals,Paddy(Common),08-07-2026,1.00,Metric Tonnes
Andhra Pradesh,East Godavari,Kovvur APMC,Cereals,Paddy(Common),09-07-2026,1.00,Metric Tonnes
Andhra Pradesh,East Godavari,Kovvur APMC,Cereals,Paddy(Common),10-07-2026,1.00,Metric Tonnes
Andhra Pradesh,East Godavari,Kovvur APMC,Cereals,Paddy(Common),11-07-2026,1.00,Metric Tonnes
Andhra Pradesh,East Godavari,Kovvur APMC,Cereals,Paddy(Common),13-07-2026,1.00,Metric Tonnes
Andhra Pradesh,East Godavari,Kovvur APMC,Cereals,Paddy(Common),14-07-2026,1.00,Metric Tonnes
Andhra Pradesh,East Godavari,Kovvur APMC,Cereals,Paddy(Common),15-07-2026,1.00,Metric Tonnes
Andhra Pradesh,East Godavari,Kovvur APMC,Cereals,Paddy(Common),16-07-2026,1.00,Metric Tonnes
Andhra Pradesh,East Godavari,Kovvur APMC,Cereals,Paddy(Common),17-07-2026,1.00,Metric Tonnes
Andhra Pradesh,East Godavari,Kovvur APMC,Cereals,Paddy(Common),18-07-2026,1.00,Metric Tonnes
Andhra Pradesh,East Godavari,Kovvur APMC,Cereals,Paddy(Common),20-07-2026,1.00,Metric Tonnes
Andhra Pradesh,East Godavari,Kovvur APMC,Cereals,Paddy(Common),22-07-2026,1.00,Metric Tonnes
Andhra Pradesh,East Godavari,Kovvur APMC,Cereals,Paddy(Common),23-07-2026,1.00,Metric Tonnes
Andhra Pradesh,East Godavari,Kovvur APMC,Cereals,Paddy(Common),24-07-2026,1.00,Metric Tonnes
Andhra Pradesh,East Godavari,Kovvur APMC,Cereals,Paddy(Common),25-07-2026,1.00,Metric Tonnes
Andhra Pradesh,East Godavari,Kovvur APMC,Cereals,Paddy(Common),27-07-2026,1.00,Metric Tonnes
Andhra Pradesh,East Godavari,Kovvur APMC,Cereals,Paddy(Common),28-07-2026,1.00,Metric Tonnes
Andhra Pradesh,East Godavari,Kovvur APMC,Cereals,Paddy(Common),29-07-2026,1.00,Metric Tonnes
Andhra Pradesh,East Godavari,Kovvur APMC,Cereals,Paddy(Common),30-07-2026,1.00,Metric Tonnes
Andhra Pradesh,East Godavari,Kovvur APMC,Cereals,Paddy(Common),31-07-2026,1.00,Metric Tonnes
Andhra Pradesh,East Godavari,Kovvur APMC,Cereals,Paddy(Common),01-08-2026,1.00,Metric Tonnes
Andhra Pradesh,East Godavari,Kovvur APMC,Cereals,Paddy(Common),03-08-2026,1.00,Metric Tonnes
Andhra Pradesh,East Godavari,Kovvur APMC,Cereals,Paddy(Common),04-08-2026,1.00,Metric Tonnes
Andhra Pradesh,East Godavari,Kovvur APMC,Cereals,Paddy(Common),05-08-2026,1.00,Metric Tonnes
Andhra Pradesh,East Godavari,Kovvur APMC,Cereals,Paddy(Common),06-08-2026,1.00,Metric Tonnes
Andhra Pradesh,East Godavari,Kovvur APMC,Cereals,Paddy(Common),07-08-2026,1.00,Metric Tonnes
Andhra Pradesh,East Godavari,Mandapeta APMC,Cereals,Paddy(Common),23-07-2026,1.00,Metric Tonnes
Andhra Pradesh,East Godavari,Mandapeta APMC,Cereals,Paddy(Common),24-07-2026,1.00,Metric Tonnes
Andhra Pradesh,East Godavari,Mandapeta APMC,Cereals,Paddy(Common),25-07-2026,1.00,Metric Tonnes
Andhra Pradesh,East Godavari,Mandapeta APMC,Cereals,Paddy(Common),26-07-2026,1.00,Metric Tonnes
Andhra Pradesh,East Godavari,Mandapeta APMC,Cereals,Paddy(Common),27-07-2026,1.00,Metric Tonnes
Andhra Pradesh,East Godavari,Mandapeta APMC,Cereals,Paddy(Common),28-07-2026,1.00,Metric Tonnes
Andhra Pradesh,East Godavari,Mandapeta APMC,Cereals,Paddy(Common),29-07-2026,1.00,Metric Tonnes
Andhra Pradesh,East Godavari,Mandapeta APMC,Cereals,Paddy(Common),30-07-2026,1.00,Metric Tonnes
Andhra Pradesh,East Godavari,Mandapeta APMC,Cereals,Paddy(Common),31-07-2026,1.00,Metric Tonnes
Andhra Pradesh,East Godavari,Mandapeta APMC,Cereals,Paddy(Common),01-08-2026,1.00,Metric Tonnes
Andhra Pradesh,East Godavari,Mandapeta APMC,Cereals,Paddy(Common),02-08-2026,1.00,Metric Tonnes
Andhra Pradesh,East Godavari,Mandapeta APMC,Cereals,Paddy(Common),03-08-2026,1.00,Metric Tonnes
Andhra Pradesh,East Godavari,Mandapeta APMC,Cereals,Paddy(Common),04-08-2026,1.00,Metric Tonnes
Andhra Pradesh,East Godavari,Mandapeta APMC,Cereals,Paddy(Common),05-08-2026,1.00,Metric Tonnes
Andhra Pradesh,East Godavari,Mandapeta APMC,Cereals,Paddy(Common),06-08-2026,1.00,Metric Tonnes
Andhra Pradesh,East Godavari,Mandapeta APMC,Cereals,Paddy(Common),07-08-2026,1.00,Metric Tonnes
Andhra Pradesh,East Godavari,Nidadavolu APMC,Cereals,Paddy(Common),22-07-2026,1.00,Metric Tonnes
Andhra Pradesh,East Godavari,Nidadavolu APMC,Cereals,Paddy(Common),23-07-2026,1.00,Metric Tonnes
Andhra Pradesh,East Godavari,Nidadavolu APMC,Cereals,Paddy(Common),24-07-2026,1.00,Metric Tonnes
Andhra Pradesh,East Godavari,Nidadavolu APMC,Cereals,Paddy(Common),25-07-2026,1.00,Metric Tonnes
Andhra Pradesh,East Godavari,Nidadavolu APMC,Cereals,Paddy(Common),27-07-2026,1.00,Metric Tonnes
Andhra Pradesh,East Godavari,Nidadavolu APMC,Cereals,Paddy(Common),28-07-2026,1.00,Metric Tonnes
Andhra Pradesh,East Godavari,Nidadavolu APMC,Cereals,Paddy(Common),29-07-2026,1.00,Metric Tonnes
Andhra Pradesh,East Godavari,Nidadavolu APMC,Cereals,Paddy(Common),30-07-2026,1.00,Metric Tonnes
Andhra Pradesh,East Godavari,Nidadavolu APMC,Cereals,Paddy(Common),31-07-2026,1.00,Metric Tonnes
Andhra Pradesh,East Godavari,Nidadavolu APMC,Cereals,Paddy(Common),01-08-2026,1.00,Metric Tonnes
Andhra Pradesh,East Godavari,Nidadavolu APMC,Cereals,Paddy(Common),03-08-2026,1.00,Metric Tonnes
Andhra Pradesh,East Godavari,Nidadavolu APMC,Cereals,Paddy(Common),04-08-2026,1.00,Metric Tonnes
Andhra Pradesh,East Godavari,Nidadavolu APMC,Cereals,Paddy(Common),05-08-2026,1.00,Metric Tonnes
Andhra Pradesh,East Godavari,Nidadavolu APMC,Cereals,Paddy(Common),06-08-2026,1.00,Metric Tonnes
Andhra Pradesh,East Godavari,Nidadavolu APMC,Cereals,Paddy(Common),07-08-2026,1.00,Metric Tonnes
Andhra Pradesh,East Godavari,Rajahmundry APMC,Cereals,Paddy(Common),02-01-2021,1.00,Metric Tonnes
Andhra Pradesh,East Godavari,Rajahmundry APMC,Cereals,Paddy(Common),03-01-2021,1.00,Metric Tonnes
Andhra Pradesh,East Godavari,Rajahmundry APMC,Cereals,Paddy(Common),04-01-2021,1.00,Metric Tonnes
Andhra Pradesh,East Godavari,Rajahmundry APMC,Cereals,Paddy(Common),05-01-2021,1.00,Metric Tonnes
Andhra Pradesh,East Godavari,Rajahmundry APMC,Cereals,Paddy(Common),09-01-2021,1.00,Metric Tonnes
Andhra Pradesh,East Godavari,Rajahmundry APMC,Cereals,Paddy(Common),10-01-2021,1.00,Metric Tonnes
Andhra Pradesh,East Godavari,Rajahmundry APMC,Cereals,Paddy(Common),11-01-2021,1.00,Metric Tonnes
Andhra Pradesh,East Godavari,Rajahmundry APMC,Cereals,Paddy(Common),12-01-2021,1.00,Metric Tonnes
Andhra Pradesh,East Godavari,Rajahmundry APMC,Cereals,Paddy(Common),13-01-2021,1.00,Metric Tonnes
Andhra Pradesh,East Godavari,Rajahmundry APMC,Cereals,Paddy(Common),14-01-2021,1.00,Metric Tonnes
Andhra Pradesh,East Godavari,Rajahmundry APMC,Cereals,Paddy(Common),15-01-2021,1.00,Metric Tonnes
Andhra Pradesh,East Godavari,Rajahmundry APMC,Cereals,Paddy(Common),16-01-2021,1.00,Metric Tonnes
Andhra Pradesh,East Godavari,Rajahmundry APMC,Cereals,Paddy(Common),17-01-2021,1.00,Metric Tonnes
Andhra Pradesh,East Godavari,Rajahmundry APMC,Cereals,Paddy(Common),18-01-2021,1.00,Metric Tonnes
Andhra Pradesh,East Godavari,Rajahmundry APMC,Cereals,Paddy(Common),19-01-2021,1.00,Metric Tonnes
Andhra Pradesh,East Godavari,Rajahmundry APMC,Cereals,Paddy(Common),20-01-2021,1.00,Metric Tonnes
Andhra Pradesh,East Godavari,Rajahmundry APMC,Cereals,Paddy(Common),21-01-2021,1.00,Metric Tonnes
Andhra Pradesh,East Godavari,Rajahmundry APMC,Cereals,Paddy(Common),22-01-2021,1.00,Metric Tonnes
Andhra Pradesh,East Godavari,Rajahmundry APMC,Cereals,Paddy(Common),23-01-2021,1.00,Metric Tonnes
Andhra Pradesh,East Godavari,Rajahmundry APMC,Cereals,Paddy(Common),24-01-2021,1.00,Metric Tonnes
Andhra Pradesh,East Godavari,Rajahmundry APMC,Cereals,Paddy(Common),25-01-2021,1.00,Metric Tonnes
Andhra Pradesh,East Godavari,Rajahmundry APMC,Cereals,Paddy(Common),26-01-2021,1.00,Metric Tonnes
Andhra Pradesh,East Godavari,Rajahmundry APMC,Cereals,Paddy(Common),27-01-2021,1.00,Metric Tonnes
Andhra Pradesh,East Godavari,Rajahmundry APMC,Cereals,Paddy(Common),28-01-2021,1.00,Metric Tonnes
Andhra Pradesh,East Godavari,Rajahmundry APMC,Cereals,Paddy(Common),29-01-2021,1.00,Metric Tonnes
Andhra Pradesh,East Godavari,Rajahmundry APMC,Cereals,Paddy(Common),30-01-2021,1.00,Metric Tonnes
Andhra Pradesh,East Godavari,Rajahmundry APMC,Cereals,Paddy(Common),31-01-2021,1.00,Metric Tonnes
Andhra Pradesh,East Godavari,Rajahmundry APMC,Cereals,Paddy(Common),01-02-2021,1.00,Metric Tonnes
Andhra Pradesh,East Godavari,Rajahmundry APMC,Cereals,Paddy(Common),02-02-2021,1.00,Metric Tonnes
Andhra Pradesh,East Godavari,Rajahmundry APMC,Cereals,Paddy(Common),03-02-2021,1.00,Metric Tonnes
Andhra Pradesh,East Godavari,Rajahmundry APMC,Cereals,Paddy(Common),04-02-2021,1.00,Metric Tonnes
Andhra Pradesh,East Godavari,Rajahmundry APMC,Cereals,Paddy(Common),05-02-2021,1.00,Metric Tonnes
Andhra Pradesh,East Godavari,Rajahmundry APMC,Cereals,Paddy(Common),06-02-2021,1.00,Metric Tonnes
Andhra Pradesh,East Godavari,Rajahmundry APMC,Cereals,Paddy(Common),07-02-2021,1.00,Metric Tonnes
Andhra Pradesh,East Godavari,Rajahmundry APMC,Cereals,Paddy(Common),08-02-2021,1.00,Metric Tonnes
Andhra Pradesh,East Godavari,Rajahmundry APMC,Cereals,Paddy(Common),09-02-2021,1.00,Metric Tonnes
Andhra Pradesh,East Godavari,Rajahmundry APMC,Cereals,Paddy(Common),12-02-2021,1.00,Metric Tonnes
Andhra Pradesh,East Godavari,Rajahmundry APMC,Cereals,Paddy(Common),13-02-2021,1.00,Metric Tonnes
Andhra Pradesh,East Godavari,Rajahmundry APMC,Cereals,Paddy(Common),14-02-2021,1.00,Metric Tonnes
Andhra Pradesh,East Godavari,Rajahmundry APMC,Cereals,Paddy(Common),15-02-2021,1.00,Metric Tonnes
Andhra Pradesh,East Godavari,Rajahmundry APMC,Cereals,Paddy(Common),19-02-2021,1.00,Metric Tonnes
Andhra Pradesh,East Godavari,Rajahmundry APMC,Cereals,Paddy(Common),20-02-2021,1.00,Metric Tonnes
Andhra Pradesh,East Godavari,Rajahmundry APMC,Cereals,Paddy(Common),21-02-2021,1.00,Metric Tonnes
Andhra Pradesh,East Godavari,Rajahmundry APMC,Cereals,Paddy(Common),22-02-2021,1.00,Metric Tonnes
Andhra Pradesh,East Godavari,Rajahmundry APMC,Cereals,Paddy(Common),23-02-2021,1.00,Metric Tonnes
Andhra Pradesh,East Godavari,Rajahmundry APMC,Cereals,Paddy(Common),24-02-2021,1.00,Metric Tonnes
Andhra Pradesh,East Godavari,Rajahmundry APMC,Cereals,Paddy(Common),25-02-2021,1.00,Metric Tonnes
Andhra Pradesh,East Godavari,Rajahmundry APMC,Cereals,Paddy(Common),26-02-2021,1.00,Metric Tonnes
Andhra Pradesh,East Godavari,Rajahmundry APMC,Cereals,Paddy(Common),27-02-2021,1.00,Metric Tonnes
Andhra Pradesh,East Godavari,Rajahmundry APMC,Cereals,Paddy(Common),28-02-2021,1.00,Metric Tonnes
Andhra Pradesh,East Godavari,Rajahmundry APMC,Cereals,Paddy(Common),01-03-2021,1.00,Metric Tonnes
Andhra Pradesh,East Godavari,Rajahmundry APMC,Cereals,Paddy(Common),02-03-2021,1.00,Metric Tonnes
Andhra Pradesh,East Godavari,Rajahmundry APMC,Cereals,Paddy(Common),03-03-2021,1.00,Metric Tonnes
Andhra Pradesh,East Godavari,Rajahmundry APMC,Cereals,Paddy(Common),04-03-2021,1.00,Metric Tonnes
Andhra Pradesh,East Godavari,Rajahmundry APMC,Cereals,Paddy(Common),05-03-2021,1.00,Metric Tonnes
Andhra Pradesh,East Godavari,Rajahmundry APMC,Cereals,Paddy(Common),06-03-2021,1.00,Metric Tonnes
Andhra Pradesh,East Godavari,Rajahmundry APMC,Cereals,Paddy(Common),07-03-2021,1.00,Metric Tonnes
Andhra Pradesh,East Godavari,Rajahmundry APMC,Cereals,Paddy(Common),08-03-2021,1.00,Metric Tonnes
Andhra Pradesh,East Godavari,Rajahmundry APMC,Cereals,Paddy(Common),09-03-2021,1.00,Metric Tonnes
Andhra Pradesh,East Godavari,Rajahmundry APMC,Cereals,Paddy(Common),10-03-2021,1.00,Metric Tonnes
Andhra Pradesh,East Godavari,Rajahmundry APMC,Cereals,Paddy(Common),13-03-2021,1.00,Metric Tonnes
Andhra Pradesh,East Godavari,Rajahmundry APMC,Cereals,Paddy(Common),14-03-2021,1.00,Metric Tonnes
Andhra Pradesh,East Godavari,Rajahmundry APMC,Cereals,Paddy(Common),15-03-2021,1.00,Metric Tonnes
Andhra Pradesh,East Godavari,Rajahmundry APMC,Cereals,Paddy(Common),16-03-2021,1.00,Metric Tonnes
Andhra Pradesh,East Godavari,Rajahmundry APMC,Cereals,Paddy(Common),17-03-2021,1.00,Metric Tonnes
Andhra Pradesh,East Godavari,Rajahmundry APMC,Cereals,Paddy(Common),18-03-2021,1.00,Metric Tonnes
Andhra Pradesh,East Godavari,Rajahmundry APMC,Cereals,Paddy(Common),19-03-2021,1.00,Metric Tonnes
Andhra Pradesh,East Godavari,Rajahmundry APMC,Cereals,Paddy(Common),20-03-2021,1.00,Metric Tonnes
Andhra Pradesh,East Godavari,Rajahmundry APMC,Cereals,Paddy(Common),21-03-2021,1.00,Metric Tonnes
Andhra Pradesh,East Godavari,Rajahmundry APMC,Cereals,Paddy(Common),22-03-2021,1.00,Metric Tonnes
Andhra Pradesh,East Godavari,Rajahmundry APMC,Cereals,Paddy(Common),23-03-2021,1.00,Metric Tonnes
Andhra Pradesh,East Godavari,Rajahmundry APMC,Cereals,Paddy(Common),24-03-2021,1.00,Metric Tonnes
Andhra Pradesh,East Godavari,Rajahmundry APMC,Cereals,Paddy(Common),25-03-2021,1.00,Metric Tonnes
Andhra Pradesh,East Godavari,Rajahmundry APMC,Cereals,Paddy(Common),26-03-2021,1.00,Metric Tonnes
Andhra Pradesh,East Godavari,Rajahmundry APMC,Cereals,Paddy(Common),29-03-2021,1.00,Metric Tonnes
Andhra Pradesh,East Godavari,Rajahmundry APMC,Cereals,Paddy(Common),30-03-2021,1.00,Metric Tonnes
Andhra Pradesh,East Godavari,Rajahmundry APMC,Cereals,Paddy(Common),31-03-2021,1.00,Metric Tonnes
Andhra Pradesh,East Godavari,Rajahmundry APMC,Cereals,Paddy(Common),01-04-2021,1.00,Metric Tonnes
Andhra Pradesh,East Godavari,Rajahmundry APMC,Cereals,Paddy(Common),03-04-2021,1.00,Metric Tonnes
Andhra Pradesh,East Godavari,Rajahmundry APMC,Cereals,Paddy(Common),04-04-2021,1.00,Metric Tonnes
Andhra Pradesh,East Godavari,Rajahmundry APMC,Cereals,Paddy(Common),05-04-2021,1.00,Metric Tonnes
Andhra Pradesh,East Godavari,Rajahmundry APMC,Cereals,Paddy(Common),06-04-2021,1.00,Metric Tonnes
Andhra Pradesh,East Godavari,Rajahmundry APMC,Cereals,Paddy(Common),07-04-2021,1.00,Metric Tonnes
Andhra Pradesh,East Godavari,Rajahmundry APMC,Cereals,Paddy(Common),08-04-2021,1.00,Metric Tonnes
Andhra Pradesh,East Godavari,Rajahmundry APMC,Cereals,Paddy(Common),09-04-2021,1.00,Metric Tonnes
Andhra Pradesh,East Godavari,Rajahmundry APMC,Cereals,Paddy(Common),10-04-2021,1.00,Metric Tonnes
Andhra Pradesh,East Godavari,Rajahmundry APMC,Cereals,Paddy(Common),11-04-2021,1.00,Metric Tonnes
Andhra Pradesh,East Godavari,Rajahmundry APMC,Cereals,Paddy(Common),12-04-2021,1.00,Metric Tonnes
Andhra Pradesh,East Godavari,Rajahmundry APMC,Cereals,Paddy(Common),13-04-2021,1.00,Metric Tonnes
Andhra Pradesh,East Godavari,Rajahmundry APMC,Cereals,Paddy(Common),14-04-2021,1.00,Metric Tonnes
Andhra Pradesh,East Godavari,Rajahmundry APMC,Cereals,Paddy(Common),15-04-2021,1.00,Metric Tonnes
Andhra Pradesh,East Godavari,Rajahmundry APMC,Cereals,Paddy(Common),16-04-2021,1.00,Metric Tonnes
Andhra Pradesh,East Godavari,Rajahmundry APMC,Cereals,Paddy(Common),17-04-2021,1.00,Metric Tonnes
Andhra Pradesh,East Godavari,Rajahmundry APMC,Cereals,Paddy(Common),21-04-2021,1.00,Metric Tonnes
Andhra Pradesh,East Godavari,Rajahmundry APMC,Cereals,Paddy(Common),22-04-2021,1.00,Metric Tonnes
Andhra Pradesh,East Godavari,Rajahmundry APMC,Cereals,Paddy(Common),23-04-2021,1.00,Metric Tonnes
Andhra Pradesh,East Godavari,Rajahmundry APMC,Cereals,Paddy(Common),24-04-2021,1.00,Metric Tonnes
Andhra Pradesh,East Godavari,Rajahmundry APMC,Cereals,Paddy(Common),25-04-2021,1.00,Metric Tonnes
Andhra Pradesh,East Godavari,Rajahmundry APMC,Cereals,Paddy(Common),26-04-2021,1.00,Metric Tonnes
Andhra Pradesh,East Godavari,Rajahmundry APMC,Cereals,Paddy(Common),01-05-2021,1.00,Metric Tonnes
Andhra Pradesh,East Godavari,Rajahmundry APMC,Cereals,Paddy(Common),02-05-2021,1.00,Metric Tonnes
Andhra Pradesh,East Godavari,Rajahmundry APMC,Cereals,Paddy(Common),03-05-2021,1.00,Metric Tonnes
Andhra Pradesh,East Godavari,Rajahmundry APMC,Cereals,Paddy(Common),04-05-2021,1.00,Metric Tonnes
Andhra Pradesh,East Godavari,Rajahmundry APMC,Cereals,Paddy(Common),05-05-2021,1.00,Metric Tonnes
Andhra Pradesh,East Godavari,Rajahmundry APMC,Cereals,Paddy(Common),07-05-2021,1.00,Metric Tonnes
Andhra Pradesh,East Godavari,Rajahmundry APMC,Cereals,Paddy(Common),09-05-2021,1.00,Metric Tonnes
Andhra Pradesh,East Godavari,Rajahmundry APMC,Cereals,Paddy(Common),10-05-2021,1.00,Metric Tonnes
Andhra Pradesh,East Godavari,Rajahmundry APMC,Cereals,Paddy(Common),11-05-2021,1.00,Metric Tonnes
Andhra Pradesh,East Godavari,Rajahmundry APMC,Cereals,Paddy(Common),14-05-2021,1.00,Metric Tonnes
Andhra Pradesh,East Godavari,Rajahmundry APMC,Cereals,Paddy(Common),15-05-2021,1.00,Metric Tonnes
Andhra Pradesh,East Godavari,Rajahmundry APMC,Cereals,Paddy(Common),16-05-2021,1.00,Metric Tonnes
Andhra Pradesh,East Godavari,Rajahmundry APMC,Cereals,Paddy(Common),17-05-2021,1.00,Metric Tonnes
Andhra Pradesh,East Godavari,Rajahmundry APMC,Cereals,Paddy(Common),18-05-2021,1.00,Metric Tonnes
Andhra Pradesh,East Godavari,Rajahmundry APMC,Cereals,Paddy(Common),19-05-2021,1.00,Metric Tonnes
Andhra Pradesh,East Godavari,Rajahmundry APMC,Cereals,Paddy(Common),20-05-2021,1.00,Metric Tonnes
Andhra Pradesh,East Godavari,Rajahmundry APMC,Cereals,Paddy(Common),22-05-2021,1.00,Metric Tonnes
Andhra Pradesh,East Godavari,Rajahmundry APMC,Cereals,Paddy(Common),23-05-2021,1.00,Metric Tonnes
Andhra Pradesh,East Godavari,Rajahmundry APMC,Cereals,Paddy(Common),24-05-2021,1.00,Metric Tonnes
Andhra Pradesh,East Godavari,Rajahmundry APMC,Cereals,Paddy(Common),25-05-2021,1.00,Metric Tonnes
Andhra Pradesh,East Godavari,Rajahmundry APMC,Cereals,Paddy(Common),26-05-2021,1.00,Metric Tonnes
Andhra Pradesh,East Godavari,Rajahmundry APMC,Cereals,Paddy(Common),28-05-2021,1.00,Metric Tonnes
Andhra Pradesh,East Godavari,Rajahmundry APMC,Cereals,Paddy(Common),30-05-2021,1.00,Metric Tonnes
Andhra Pradesh,East Godavari,Rajahmundry APMC,Cereals,Paddy(Common),31-05-2021,1.00,Metric Tonnes
Andhra Pradesh,East Godavari,Rajahmundry APMC,Cereals,Paddy(Common),01-06-2021,1.00,Metric Tonnes
Andhra Pradesh,East Godavari,Rajahmundry APMC,Cereals,Paddy(Common),02-06-2021,1.00,Metric Tonnes
Andhra Pradesh,East Godavari,Rajahmundry APMC,Cereals,Paddy(Common),03-06-2021,1.00,Metric Tonnes
Andhra Pradesh,East Godavari,Rajahmundry APMC,Cereals,Paddy(Common),04-06-2021,1.00,Metric Tonnes
Andhra Pradesh,East Godavari,Rajahmundry APMC,Cereals,Paddy(Common),06-06-2021,1.00,Metric Tonnes
Andhra Pradesh,East Godavari,Rajahmundry APMC,Cereals,Paddy(Common),07-06-2021,1.00,Metric Tonnes
Andhra Pradesh,East Godavari,Rajahmundry APMC,Cereals,Paddy(Common),08-06-2021,1.00,Metric Tonnes
Andhra Pradesh,East Godavari,Rajahmundry APMC,Cereals,Paddy(Common),09-06-2021,1.00,Metric Tonnes
Andhra Pradesh,East Godavari,Rajahmundry APMC,Cereals,Paddy(Common),10-06-2021,1.00,Metric Tonnes
Andhra Pradesh,East Godavari,Rajahmundry APMC,Cereals,Paddy(Common),11-06-2021,1.00,Metric Tonnes
Andhra Pradesh,East Godavari,Rajahmundry APMC,Cereals,Paddy(Common),12-06-2021,1.00,Metric Tonnes
Andhra Pradesh,East Godavari,Rajahmundry APMC,Cereals,Paddy(Common),13-06-2021,1.00,Metric Tonnes
Andhra Pradesh,East Godavari,Rajahmundry APMC,Cereals,Paddy(Common),14-06-2021,1.00,Metric Tonnes
Andhra Pradesh,East Godavari,Rajahmundry APMC,Cereals,Paddy(Common),15-06-2021,1.00,Metric Tonnes
Andhra Pradesh,East Godavari,Rajahmundry APMC,Cereals,Paddy(Common),16-06-2021,1.00,Metric Tonnes
Andhra Pradesh,East Godavari,Rajahmundry APMC,Cereals,Paddy(Common),17-06-2021,1.00,Metric Tonnes
Andhra Pradesh,East Godavari,Rajahmundry APMC,Cereals,Paddy(Common),18-06-2021,1.00,Metric Tonnes
Andhra Pradesh,East Godavari,Rajahmundry APMC,Cereals,Paddy(Common),22-06-2021,1.00,Metric Tonnes
Andhra Pradesh,East Godavari,Rajahmundry APMC,Cereals,Paddy(Common),23-06-2021,1.00,Metric Tonnes
Andhra Pradesh,East Godavari,Rajahmundry APMC,Cereals,Paddy(Common),24-06-2021,1.00,Metric Tonnes
Andhra Pradesh,East Godavari,Rajahmundry APMC,Cereals,Paddy(Common),25-06-2021,1.00,Metric Tonnes
Andhra Pradesh,East Godavari,Rajahmundry APMC,Cereals,Paddy(Common),26-06-2021,1.00,Metric Tonnes
Andhra Pradesh,East Godavari,Rajahmundry APMC,Cereals,Paddy(Common),03-07-2021,1.00,Metric Tonnes
Andhra Pradesh,East Godavari,Rajahmundry APMC,Cereals,Paddy(Common),04-07-2021,1.00,Metric Tonnes
Andhra Pradesh,East Godavari,Rajahmundry APMC,Cereals,Paddy(Common),05-07-2021,1.00,Metric Tonnes
Andhra Pradesh,East Godavari,Rajahmundry APMC,Cereals,Paddy(Common),06-07-2021,1.00,Metric Tonnes
Andhra Pradesh,East Godavari,Rajahmundry APMC,Cereals,Paddy(Common),07-07-2021,1.00,Metric Tonnes
Andhra Pradesh,East Godavari,Rajahmundry APMC,Cereals,Paddy(Common),11-07-2021,1.00,Metric Tonnes
Andhra Pradesh,East Godavari,Rajahmundry APMC,Cereals,Paddy(Common),12-07-2021,1.00,Metric Tonnes
Andhra Pradesh,East Godavari,Rajahmundry APMC,Cereals,Paddy(Common),13-07-2021,1.00,Metric Tonnes
Andhra Pradesh,East Godavari,Rajahmundry APMC,Cereals,Paddy(Common),14-07-2021,1.00,Metric Tonnes
Andhra Pradesh,East Godavari,Rajahmundry APMC,Cereals,Paddy(Common),28-07-2021,1.00,Metric Tonnes
Andhra Pradesh,East Godavari,Rajahmundry APMC,Cereals,Paddy(Common),29-07-2021,1.00,Metric Tonnes
Andhra Pradesh,East Godavari,Rajahmundry APMC,Cereals,Paddy(Common),30-07-2021,1.00,Metric Tonnes
Andhra Pradesh,East Godavari,Rajahmundry APMC,Cereals,Paddy(Common),31-07-2021,1.00,Metric Tonnes
Andhra Pradesh,East Godavari,Rajahmundry APMC,Cereals,Paddy(Common),01-08-2021,1.00,Metric Tonnes
Andhra Pradesh,East Godavari,Rajahmundry APMC,Cereals,Paddy(Common),02-08-2021,1.00,Metric Tonnes
Andhra Pradesh,East Godavari,Rajahmundry APMC,Cereals,Paddy(Common),03-08-2021,1.00,Metric Tonnes
Andhra Pradesh,East Godavari,Rajahmundry APMC,Cereals,Paddy(Common),04-08-2021,1.00,Metric Tonnes
Andhra Pradesh,East Godavari,Rajahmundry APMC,Cereals,Paddy(Common),05-08-2021,1.00,Metric Tonnes
Andhra Pradesh,East Godavari,Rajahmundry APMC,Cereals,Paddy(Common),06-08-2021,1.00,Metric Tonnes
Andhra Pradesh,East Godavari,Rajahmundry APMC,Cereals,Paddy(Common),07-08-2021,1.00,Metric Tonnes
Andhra Pradesh,East Godavari,Rajahmundry APMC,Cereals,Paddy(Common),08-08-2021,1.00,Metric Tonnes
Andhra Pradesh,East Godavari,Rajahmundry APMC,Cereals,Paddy(Common),09-08-2021,1.00,Metric Tonnes
Andhra Pradesh,East Godavari,Rajahmundry APMC,Cereals,Paddy(Common),10-08-2021,1.00,Metric Tonnes
Andhra Pradesh,East Godavari,Rajahmundry APMC,Cereals,Paddy(Common),15-08-2021,1.00,Metric Tonnes
Andhra Pradesh,East Godavari,Rajahmundry APMC,Cereals,Paddy(Common),16-08-2021,1.00,Metric Tonnes
Andhra Pradesh,East Godavari,Rajahmundry APMC,Cereals,Paddy(Common),17-08-2021,1.00,Metric Tonnes
Andhra Pradesh,East Godavari,Rajahmundry APMC,Cereals,Paddy(Common),18-08-2021,1.00,Metric Tonnes
Andhra Pradesh,East Godavari,Rajahmundry APMC,Cereals,Paddy(Common),19-08-2021,1.00,Metric Tonnes
Andhra Pradesh,East Godavari,Rajahmundry APMC,Cereals,Paddy(Common),20-08-2021,1.00,Metric Tonnes
Andhra Pradesh,East Godavari,Rajahmundry APMC,Cereals,Paddy(Common),21-08-2021,1.00,Metric Tonnes
Andhra Pradesh,East Godavari,Rajahmundry APMC,Cereals,Paddy(Common),22-08-2021,1.00,Metric Tonnes
Andhra Pradesh,East Godavari,Rajahmundry APMC,Cereals,Paddy(Common),23-08-2021,1.00,Metric Tonnes
Andhra Pradesh,East Godavari,Rajahmundry APMC,Cereals,Paddy(Common),17-11-2021,1.00,Metric Tonnes
Andhra Pradesh,East Godavari,Rajahmundry APMC,Cereals,Paddy(Common),18-11-2021,1.00,Metric Tonnes
Andhra Pradesh,East Godavari,Rajahmundry APMC,Cereals,Paddy(Common),19-11-2021,1.00,Metric Tonnes
Andhra Pradesh,East Godavari,Rajahmundry APMC,Cereals,Paddy(Common),20-11-2021,1.00,Metric Tonnes
Andhra Pradesh,East Godavari,Rajahmundry APMC,Cereals,Paddy(Common),03-01-2022,1.00,Metric Tonnes
Andhra Pradesh,East Godavari,Rajahmundry APMC,Cereals,Paddy(Common),04-01-2022,1.00,Metric Tonnes
Andhra Pradesh,East Godavari,Rajahmundry APMC,Cereals,Paddy(Common),05-01-2022,1.00,Metric Tonnes
Andhra Pradesh,East Godavari,Rajahmundry APMC,Cereals,Paddy(Common),06-01-2022,1.00,Metric Tonnes
Andhra Pradesh,East Godavari,Rajahmundry APMC,Cereals,Paddy(Common),07-01-2022,1.00,Metric Tonnes
Andhra Pradesh,East Godavari,Rajahmundry APMC,Cereals,Paddy(Common),08-01-2022,1.00,Metric Tonnes
Andhra Pradesh,East Godavari,Rajahmundry APMC,Cereals,Paddy(Common),09-01-2022,1.00,Metric Tonnes
Andhra Pradesh,East Godavari,Rajahmundry APMC,Cereals,Paddy(Common),10-01-2022,1.00,Metric Tonnes
Andhra Pradesh,East Godavari,Rajahmundry APMC,Cereals,Paddy(Common),11-01-2022,1.00,Metric Tonnes
Andhra Pradesh,East Godavari,Rajahmundry APMC,Cereals,Paddy(Common),12-01-2022,1.00,Metric Tonnes
Andhra Pradesh,East Godavari,Rajahmundry APMC,Cereals,Paddy(Common),17-01-2022,1.00,Metric Tonnes
Andhra Pradesh,East Godavari,Rajahmundry APMC,Cereals,Paddy(Common),18-01-2022,1.00,Metric Tonnes
Andhra Pradesh,East Godavari,Rajahmundry APMC,Cereals,Paddy(Common),19-01-2022,1.00,Metric Tonnes
Andhra Pradesh,East Godavari,Rajahmundry APMC,Cereals,Paddy(Common),20-01-2022,1.00,Metric Tonnes
Andhra Pradesh,East Godavari,Rajahmundry APMC,Cereals,Paddy(Common),21-01-2022,1.00,Metric Tonnes
Andhra Pradesh,East Godavari,Rajahmundry APMC,Cereals,Paddy(Common),02-02-2022,1.00,Metric Tonnes
Andhra Pradesh,East Godavari,Rajahmundry APMC,Cereals,Paddy(Common),03-02-2022,1.00,Metric Tonnes
Andhra Pradesh,East Godavari,Rajahmundry APMC,Cereals,Paddy(Common),04-02-2022,1.00,Metric Tonnes
Andhra Pradesh,East Godavari,Rajahmundry APMC,Cereals,Paddy(Common),05-02-2022,1.00,Metric Tonnes
Andhra Pradesh,East Godavari,Rajahmundry APMC,Cereals,Paddy(Common),13-02-2022,1.00,Metric Tonnes
Andhra Pradesh,East Godavari,Rajahmundry APMC,Cereals,Paddy(Common),14-02-2022,1.00,Metric Tonnes
Andhra Pradesh,East Godavari,Rajahmundry APMC,Cereals,Paddy(Common),15-02-2022,1.00,Metric Tonnes
Andhra Pradesh,East Godavari,Rajahmundry APMC,Cereals,Paddy(Common),16-02-2022,1.00,Metric Tonnes
Andhra Pradesh,East Godavari,Rajahmundry APMC,Cereals,Paddy(Common),17-02-2022,1.00,Metric Tonnes
Andhra Pradesh,East Godavari,Rajahmundry APMC,Cereals,Paddy(Common),18-02-2022,1.00,Metric Tonnes
Andhra Pradesh,East Godavari,Rajahmundry APMC,Cereals,Paddy(Common),19-02-2022,1.00,Metric Tonnes
Andhra Pradesh,East Godavari,Rajahmundry APMC,Cereals,Paddy(Common),23-02-2022,1.00,Metric Tonnes
Andhra Pradesh,East Godavari,Rajahmundry APMC,Cereals,Paddy(Common),24-02-2022,1.00,Metric Tonnes
Andhra Pradesh,East Godavari,Rajahmundry APMC,Cereals,Paddy(Common),25-02-2022,1.00,Metric Tonnes
Andhra Pradesh,East Godavari,Rajahmundry APMC,Cereals,Paddy(Common),26-02-2022,1.00,Metric Tonnes
Andhra Pradesh,East Godavari,Rajahmundry APMC,Cereals,Paddy(Common),27-02-2022,1.00,Metric Tonnes
Andhra Pradesh,East Godavari,Rajahmundry APMC,Cereals,Paddy(Common),28-02-2022,1.00,Metric Tonnes
Andhra Pradesh,East Godavari,Rajahmundry APMC,Cereals,Paddy(Common),02-03-2022,1.00,Metric Tonnes
Andhra Pradesh,East Godavari,Rajahmundry APMC,Cereals,Paddy(Common),03-03-2022,1.00,Metric Tonnes
Andhra Pradesh,East Godavari,Rajahmundry APMC,Cereals,Paddy(Common),04-03-2022,1.00,Metric Tonnes
Andhra Pradesh,East Godavari,Rajahmundry APMC,Cereals,Paddy(Common),05-03-2022,1.00,Metric Tonnes
Andhra Pradesh,East Godavari,Rajahmundry APMC,Cereals,Paddy(Common),06-03-2022,1.00,Metric Tonnes
Andhra Pradesh,East Godavari,Rajahmundry APMC,Cereals,Paddy(Common),07-03-2022,1.00,Metric Tonnes
Andhra Pradesh,East Godavari,Rajahmundry APMC,Cereals,Paddy(Common),08-03-2022,1.00,Metric Tonnes
Andhra Pradesh,East Godavari,Rajahmundry APMC,Cereals,Paddy(Common),09-03-2022,1.00,Metric Tonnes
Andhra Pradesh,East Godavari,Rajahmundry APMC,Cereals,Paddy(Common),10-03-2022,1.00,Metric Tonnes
Andhra Pradesh,East Godavari,Rajahmundry APMC,Cereals,Paddy(Common),11-03-2022,1.00,Metric Tonnes
Andhra Pradesh,East Godavari,Rajahmundry APMC,Cereals,Paddy(Common),13-03-2022,1.00,Metric Tonnes
Andhra Pradesh,East Godavari,Rajahmundry APMC,Cereals,Paddy(Common),14-03-2022,1.00,Metric Tonnes
Andhra Pradesh,East Godavari,Rajahmundry APMC,Cereals,Paddy(Common),15-03-2022,1.00,Metric Tonnes
Andhra Pradesh,East Godavari,Rajahmundry APMC,Cereals,Paddy(Common),16-03-2022,1.00,Metric Tonnes
Andhra Pradesh,East Godavari,Rajahmundry APMC,Cereals,Paddy(Common),17-03-2022,1.00,Metric Tonnes
Andhra Pradesh,East Godavari,Rajahmundry APMC,Cereals,Paddy(Common),18-03-2022,1.00,Metric Tonnes
Andhra Pradesh,East Godavari,Rajahmundry APMC,Cereals,Paddy(Common),19-03-2022,1.00,Metric Tonnes
Andhra Pradesh,East Godavari,Rajahmundry APMC,Cereals,Paddy(Common),20-03-2022,1.00,Metric Tonnes
Andhra Pradesh,East Godavari,Rajahmundry APMC,Cereals,Paddy(Common),21-03-2022,1.00,Metric Tonnes
Andhra Pradesh,East Godavari,Rajahmundry APMC,Cereals,Paddy(Common),22-03-2022,1.00,Metric Tonnes
Andhra Pradesh,East Godavari,Rajahmundry APMC,Cereals,Paddy(Common),23-03-2022,1.00,Metric Tonnes
Andhra Pradesh,East Godavari,Rajahmundry APMC,Cereals,Paddy(Common),24-03-2022,1.00,Metric Tonnes
Andhra Pradesh,East Godavari,Rajahmundry APMC,Cereals,Paddy(Common),26-03-2022,1.00,Metric Tonnes
Andhra Pradesh,East Godavari,Rajahmundry APMC,Cereals,Paddy(Common),27-03-2022,1.00,Metric Tonnes
Andhra Pradesh,East Godavari,Rajahmundry APMC,Cereals,Paddy(Common),28-03-2022,1.00,Metric Tonnes
Andhra Pradesh,East Godavari,Rajahmundry APMC,Cereals,Paddy(Common),29-03-2022,1.00,Metric Tonnes
Andhra Pradesh,East Godavari,Rajahmundry APMC,Cereals,Paddy(Common),30-03-2022,1.00,Metric Tonnes
Andhra Pradesh,East Godavari,Rajahmundry APMC,Cereals,Paddy(Common),31-03-2022,1.00,Metric Tonnes
Andhra Pradesh,East Godavari,Rajahmundry APMC,Cereals,Paddy(Common),01-04-2022,1.00,Metric Tonnes
Andhra Pradesh,East Godavari,Rajahmundry APMC,Cereals,Paddy(Common),02-04-2022,1.00,Metric Tonnes
Andhra Pradesh,East Godavari,Rajahmundry APMC,Cereals,Paddy(Common),03-04-2022,1.00,Metric Tonnes
Andhra Pradesh,East Godavari,Rajahmundry APMC,Cereals,Paddy(Common),04-04-2022,1.00,Metric Tonnes
Andhra Pradesh,East Godavari,Rajahmundry APMC,Cereals,Paddy(Common),05-04-2022,1.00,Metric Tonnes
Andhra Pradesh,East Godavari,Rajahmundry APMC,Cereals,Paddy(Common),06-04-2022,1.00,Metric Tonnes
Andhra Pradesh,East Godavari,Rajahmundry APMC,Cereals,Paddy(Common),07-04-2022,1.00,Metric Tonnes
Andhra Pradesh,East Godavari,Rajahmundry APMC,Cereals,Paddy(Common),08-04-2022,1.00,Metric Tonnes
Andhra Pradesh,East Godavari,Rajahmundry APMC,Cereals,Paddy(Common),09-04-2022,1.00,Metric Tonnes
Andhra Pradesh,East Godavari,Rajahmundry APMC,Cereals,Paddy(Common),10-04-2022,1.00,Metric Tonnes
Andhra Pradesh,East Godavari,Rajahmundry APMC,Cereals,Paddy(Common),11-04-2022,1.00,Metric Tonnes
Andhra Pradesh,East Godavari,Rajahmundry APMC,Cereals,Paddy(Common),16-04-2022,1.00,Metric Tonnes
Andhra Pradesh,East Godavari,Rajahmundry APMC,Cereals,Paddy(Common),17-04-2022,1.00,Metric Tonnes
Andhra Pradesh,East Godavari,Rajahmundry APMC,Cereals,Paddy(Common),18-04-2022,1.00,Metric Tonnes
Andhra Pradesh,East Godavari,Rajahmundry APMC,Cereals,Paddy(Common),19-04-2022,1.00,Metric Tonnes
Andhra Pradesh,East Godavari,Rajahmundry APMC,Cereals,Paddy(Common),20-04-2022,1.00,Metric Tonnes
Andhra Pradesh,East Godavari,Rajahmundry APMC,Cereals,Paddy(Common),21-04-2022,1.00,Metric Tonnes
Andhra Pradesh,East Godavari,Rajahmundry APMC,Cereals,Paddy(Common),22-04-2022,1.00,Metric Tonnes
Andhra Pradesh,East Godavari,Rajahmundry APMC,Cereals,Paddy(Common),23-04-2022,1.00,Metric Tonnes
Andhra Pradesh,East Godavari,Rajahmundry APMC,Cereals,Paddy(Common),24-04-2022,1.00,Metric Tonnes
Andhra Pradesh,East Godavari,Rajahmundry APMC,Cereals,Paddy(Common),25-04-2022,1.00,Metric Tonnes
Andhra Pradesh,East Godavari,Rajahmundry APMC,Cereals,Paddy(Common),26-04-2022,1.00,Metric Tonnes
Andhra Pradesh,East Godavari,Rajahmundry APMC,Cereals,Paddy(Common),27-04-2022,1.00,Metric Tonnes
Andhra Pradesh,East Godavari,Rajahmundry APMC,Cereals,Paddy(Common),28-04-2022,1.00,Metric Tonnes
Andhra Pradesh,East Godavari,Rajahmundry APMC,Cereals,Paddy(Common),29-04-2022,1.00,Metric Tonnes
Andhra Pradesh,East Godavari,Rajahmundry APMC,Cereals,Paddy(Common),09-05-2022,1.00,Metric Tonnes
Andhra Pradesh,East Godavari,Rajahmundry APMC,Cereals,Paddy(Common),10-05-2022,1.00,Metric Tonnes
Andhra Pradesh,East Godavari,Rajahmundry APMC,Cereals,Paddy(Common),11-05-2022,1.00,Metric Tonnes
Andhra Pradesh,East Godavari,Rajahmundry APMC,Cereals,Paddy(Common),12-05-2022,1.00,Metric Tonnes
Andhra Pradesh,East Godavari,Rajahmundry APMC,Cereals,Paddy(Common),13-05-2022,1.00,Metric Tonnes
Andhra Pradesh,East Godavari,Rajahmundry APMC,Cereals,Paddy(Common),14-05-2022,1.00,Metric Tonnes
Andhra Pradesh,East Godavari,Rajahmundry APMC,Cereals,Paddy(Common),15-05-2022,1.00,Metric Tonnes
Andhra Pradesh,East Godavari,Rajahmundry APMC,Cereals,Paddy(Common),16-05-2022,1.00,Metric Tonnes
Andhra Pradesh,East Godavari,Rajahmundry APMC,Cereals,Paddy(Common),17-05-2022,1.00,Metric Tonnes
Andhra Pradesh,East Godavari,Rajahmundry APMC,Cereals,Paddy(Common),18-05-2022,1.00,Metric Tonnes
Andhra Pradesh,East Godavari,Rajahmundry APMC,Cereals,Paddy(Common),19-05-2022,1.00,Metric Tonnes
Andhra Pradesh,East Godavari,Rajahmundry APMC,Cereals,Paddy(Common),20-05-2022,1.00,Metric Tonnes
Andhra Pradesh,East Godavari,Rajahmundry APMC,Cereals,Paddy(Common),21-05-2022,1.00,Metric Tonnes
Andhra Pradesh,East Godavari,Rajahmundry APMC,Cereals,Paddy(Common),22-05-2022,1.00,Metric Tonnes
Andhra Pradesh,East Godavari,Rajahmundry APMC,Cereals,Paddy(Common),23-05-2022,1.00,Metric Tonnes
Andhra Pradesh,East Godavari,Rajahmundry APMC,Cereals,Paddy(Common),24-05-2022,1.00,Metric Tonnes
Andhra Pradesh,East Godavari,Rajahmundry APMC,Cereals,Paddy(Common),25-05-2022,1.00,Metric Tonnes
Andhra Pradesh,East Godavari,Rajahmundry APMC,Cereals,Paddy(Common),26-05-2022,1.00,Metric Tonnes
Andhra Pradesh,East Godavari,Rajahmundry APMC,Cereals,Paddy(Common),27-05-2022,1.00,Metric Tonnes
Andhra Pradesh,East Godavari,Rajahmundry APMC,Cereals,Paddy(Common),28-05-2022,1.00,Metric Tonnes
Andhra Pradesh,East Godavari,Rajahmundry APMC,Cereals,Paddy(Common),29-05-2022,1.00,Metric Tonnes
Andhra Pradesh,East Godavari,Rajahmundry APMC,Cereals,Paddy(Common),30-05-2022,1.00,Metric Tonnes
Andhra Pradesh,East Godavari,Rajahmundry APMC,Cereals,Paddy(Common),31-05-2022,1.00,Metric Tonnes
Andhra Pradesh,East Godavari,Rajahmundry APMC,Cereals,Paddy(Common),01-06-2022,1.00,Metric Tonnes
Andhra Pradesh,East Godavari,Rajahmundry APMC,Cereals,Paddy(Common),02-06-2022,1.00,Metric Tonnes
Andhra Pradesh,East Godavari,Rajahmundry APMC,Cereals,Paddy(Common),03-06-2022,1.00,Metric Tonnes
Andhra Pradesh,East Godavari,Rajahmundry APMC,Cereals,Paddy(Common),05-06-2022,1.00,Metric Tonnes
Andhra Pradesh,East Godavari,Rajahmundry APMC,Cereals,Paddy(Common),06-06-2022,1.00,Metric Tonnes
Andhra Pradesh,East Godavari,Rajahmundry APMC,Cereals,Paddy(Common),07-06-2022,1.00,Metric Tonnes
Andhra Pradesh,East Godavari,Rajahmundry APMC,Cereals,Paddy(Common),08-06-2022,1.00,Metric Tonnes
Andhra Pradesh,East Godavari,Rajahmundry APMC,Cereals,Paddy(Common),09-06-2022,1.00,Metric Tonnes
Andhra Pradesh,East Godavari,Rajahmundry APMC,Cereals,Paddy(Common),10-06-2022,1.00,Metric Tonnes
Andhra Pradesh,East Godavari,Rajahmundry APMC,Cereals,Paddy(Common),14-06-2022,1.00,Metric Tonnes
Andhra Pradesh,East Godavari,Rajahmundry APMC,Cereals,Paddy(Common),15-06-2022,1.00,Metric Tonnes
Andhra Pradesh,East Godavari,Rajahmundry APMC,Cereals,Paddy(Common),16-06-2022,1.00,Metric Tonnes
Andhra Pradesh,East Godavari,Rajahmundry APMC,Cereals,Paddy(Common),17-06-2022,1.00,Metric Tonnes
Andhra Pradesh,East Godavari,Rajahmundry APMC,Cereals,Paddy(Common),18-06-2022,1.00,Metric Tonnes
Andhra Pradesh,East Godavari,Rajahmundry APMC,Cereals,Paddy(Common),19-06-2022,1.00,Metric Tonnes
Andhra Pradesh,East Godavari,Rajahmundry APMC,Cereals,Paddy(Common),20-06-2022,1.00,Metric Tonnes
Andhra Pradesh,East Godavari,Rajahmundry APMC,Cereals,Paddy(Common),01-07-2022,1.00,Metric Tonnes
Andhra Pradesh,East Godavari,Rajahmundry APMC,Cereals,Paddy(Common),02-07-2022,1.00,Metric Tonnes
Andhra Pradesh,East Godavari,Rajahmundry APMC,Cereals,Paddy(Common),03-07-2022,1.00,Metric Tonnes
Andhra Pradesh,East Godavari,Rajahmundry APMC,Cereals,Paddy(Common),04-07-2022,1.00,Metric Tonnes
Andhra Pradesh,East Godavari,Rajahmundry APMC,Cereals,Paddy(Common),05-07-2022,1.00,Metric Tonnes
Andhra Pradesh,East Godavari,Rajahmundry APMC,Cereals,Paddy(Common),06-07-2022,1.00,Metric Tonnes
Andhra Pradesh,East Godavari,Rajahmundry APMC,Cereals,Paddy(Common),07-07-2022,1.00,Metric Tonnes
Andhra Pradesh,East Godavari,Rajahmundry APMC,Cereals,Paddy(Common),08-07-2022,1.00,Metric Tonnes
Andhra Pradesh,East Godavari,Rajahmundry APMC,Cereals,Paddy(Common),09-07-2022,1.00,Metric Tonnes
Andhra Pradesh,East Godavari,Rajahmundry APMC,Cereals,Paddy(Common),10-07-2022,1.00,Metric Tonnes
Andhra Pradesh,East Godavari,Rajahmundry APMC,Cereals,Paddy(Common),11-07-2022,1.00,Metric Tonnes
Andhra Pradesh,East Godavari,Rajahmundry APMC,Cereals,Paddy(Common),12-07-2022,1.00,Metric Tonnes
Andhra Pradesh,East Godavari,Rajahmundry APMC,Cereals,Paddy(Common),13-07-2022,1.00,Metric Tonnes
Andhra Pradesh,East Godavari,Rajahmundry APMC,Cereals,Paddy(Common),14-07-2022,1.00,Metric Tonnes
Andhra Pradesh,East Godavari,Rajahmundry APMC,Cereals,Paddy(Common),15-07-2022,1.00,Metric Tonnes
Andhra Pradesh,East Godavari,Rajahmundry APMC,Cereals,Paddy(Common),16-07-2022,1.00,Metric Tonnes
Andhra Pradesh,East Godavari,Rajahmundry APMC,Cereals,Paddy(Common),02-08-2022,1.00,Metric Tonnes
Andhra Pradesh,East Godavari,Rajahmundry APMC,Cereals,Paddy(Common),03-08-2022,1.00,Metric Tonnes
Andhra Pradesh,East Godavari,Rajahmundry APMC,Cereals,Paddy(Common),04-08-2022,1.00,Metric Tonnes
Andhra Pradesh,East Godavari,Rajahmundry APMC,Cereals,Paddy(Common),05-08-2022,1.00,Metric Tonnes
Andhra Pradesh,East Godavari,Rajahmundry APMC,Cereals,Paddy(Common),19-08-2022,1.00,Metric Tonnes
Andhra Pradesh,East Godavari,Rajahmundry APMC,Cereals,Paddy(Common),20-08-2022,1.00,Metric Tonnes
Andhra Pradesh,East Godavari,Rajahmundry APMC,Cereals,Paddy(Common),21-08-2022,1.00,Metric Tonnes
Andhra Pradesh,East Godavari,Rajahmundry APMC,Cereals,Paddy(Common),22-08-2022,1.00,Metric Tonnes
Andhra Pradesh,East Godavari,Rajahmundry APMC,Cereals,Paddy(Common),07-01-2023,1.00,Metric Tonnes
Andhra Pradesh,East Godavari,Rajahmundry APMC,Cereals,Paddy(Common),08-01-2023,1.00,Metric Tonnes
Andhra Pradesh,East Godavari,Rajahmundry APMC,Cereals,Paddy(Common),09-01-2023,1.00,Metric Tonnes
Andhra Pradesh,East Godavari,Rajahmundry APMC,Cereals,Paddy(Common),10-01-2023,1.00,Metric Tonnes
Andhra Pradesh,East Godavari,Rajahmundry APMC,Cereals,Paddy(Common),11-01-2023,1.00,Metric Tonnes
Andhra Pradesh,East Godavari,Rajahmundry APMC,Cereals,Paddy(Common),12-01-2023,1.00,Metric Tonnes
Andhra Pradesh,East Godavari,Rajahmundry APMC,Cereals,Paddy(Common),13-01-2023,1.00,Metric Tonnes
Andhra Pradesh,East Godavari,Rajahmundry APMC,Cereals,Paddy(Common),15-01-2023,1.00,Metric Tonnes
Andhra Pradesh,East Godavari,Rajahmundry APMC,Cereals,Paddy(Common),16-01-2023,1.00,Metric Tonnes
Andhra Pradesh,East Godavari,Rajahmundry APMC,Cereals,Paddy(Common),17-01-2023,1.00,Metric Tonnes
Andhra Pradesh,East Godavari,Rajahmundry APMC,Cereals,Paddy(Common),18-01-2023,1.00,Metric Tonnes
Andhra Pradesh,East Godavari,Rajahmundry APMC,Cereals,Paddy(Common),19-01-2023,1.00,Metric Tonnes
Andhra Pradesh,East Godavari,Rajahmundry APMC,Cereals,Paddy(Common),20-01-2023,1.00,Metric Tonnes
Andhra Pradesh,East Godavari,Rajahmundry APMC,Cereals,Paddy(Common),21-01-2023,1.00,Metric Tonnes
Andhra Pradesh,East Godavari,Rajahmundry APMC,Cereals,Paddy(Common),22-01-2023,1.00,Metric Tonnes
Andhra Pradesh,East Godavari,Rajahmundry APMC,Cereals,Paddy(Common),23-01-2023,1.00,Metric Tonnes
Andhra Pradesh,East Godavari,Rajahmundry APMC,Cereals,Paddy(Common),24-01-2023,1.00,Metric Tonnes
Andhra Pradesh,East Godavari,Rajahmundry APMC,Cereals,Paddy(Common),25-01-2023,1.00,Metric Tonnes
Andhra Pradesh,East Godavari,Rajahmundry APMC,Cereals,Paddy(Common),26-01-2023,1.00,Metric Tonnes
Andhra Pradesh,East Godavari,Rajahmundry APMC,Cereals,Paddy(Common),27-01-2023,1.00,Metric Tonnes
Andhra Pradesh,East Godavari,Rajahmundry APMC,Cereals,Paddy(Common),28-01-2023,1.00,Metric Tonnes
Andhra Pradesh,East Godavari,Rajahmundry APMC,Cereals,Paddy(Common),29-01-2023,1.00,Metric Tonnes
Andhra Pradesh,East Godavari,Rajahmundry APMC,Cereals,Paddy(Common),30-01-2023,1.00,Metric Tonnes
Andhra Pradesh,East Godavari,Rajahmundry APMC,Cereals,Paddy(Common),31-01-2023,1.00,Metric Tonnes
Andhra Pradesh,East Godavari,Rajahmundry APMC,Cereals,Paddy(Common),01-02-2023,1.00,Metric Tonnes
Andhra Pradesh,East Godavari,Rajahmundry APMC,Cereals,Paddy(Common),02-02-2023,1.00,Metric Tonnes
Andhra Pradesh,East Godavari,Rajahmundry APMC,Cereals,Paddy(Common),03-02-2023,1.00,Metric Tonnes
Andhra Pradesh,East Godavari,Rajahmundry APMC,Cereals,Paddy(Common),04-02-2023,1.00,Metric Tonnes
Andhra Pradesh,East Godavari,Rajahmundry APMC,Cereals,Paddy(Common),05-02-2023,1.00,Metric Tonnes
Andhra Pradesh,East Godavari,Rajahmundry APMC,Cereals,Paddy(Common),06-02-2023,1.00,Metric Tonnes
Andhra Pradesh,East Godavari,Rajahmundry APMC,Cereals,Paddy(Common),09-02-2023,1.00,Metric Tonnes
Andhra Pradesh,East Godavari,Rajahmundry APMC,Cereals,Paddy(Common),10-02-2023,1.00,Metric Tonnes
Andhra Pradesh,East Godavari,Rajahmundry APMC,Cereals,Paddy(Common),13-02-2023,1.00,Metric Tonnes
Andhra Pradesh,East Godavari,Rajahmundry APMC,Cereals,Paddy(Common),14-02-2023,1.00,Metric Tonnes
Andhra Pradesh,East Godavari,Rajahmundry APMC,Cereals,Paddy(Common),15-02-2023,1.00,Metric Tonnes
Andhra Pradesh,East Godavari,Rajahmundry APMC,Cereals,Paddy(Common),16-02-2023,1.00,Metric Tonnes
Andhra Pradesh,East Godavari,Rajahmundry APMC,Cereals,Paddy(Common),17-02-2023,1.00,Metric Tonnes
Andhra Pradesh,East Godavari,Rajahmundry APMC,Cereals,Paddy(Common),18-02-2023,1.00,Metric Tonnes
Andhra Pradesh,East Godavari,Rajahmundry APMC,Cereals,Paddy(Common),19-02-2023,1.00,Metric Tonnes
Andhra Pradesh,East Godavari,Rajahmundry APMC,Cereals,Paddy(Common),20-02-2023,1.00,Metric Tonnes
Andhra Pradesh,East Godavari,Rajahmundry APMC,Cereals,Paddy(Common),21-02-2023,1.00,Metric Tonnes
Andhra Pradesh,East Godavari,Rajahmundry APMC,Cereals,Paddy(Common),22-02-2023,1.00,Metric Tonnes
Andhra Pradesh,East Godavari,Rajahmundry APMC,Cereals,Paddy(Common),23-02-2023,1.00,Metric Tonnes
Andhra Pradesh,East Godavari,Rajahmundry APMC,Cereals,Paddy(Common),24-02-2023,1.00,Metric Tonnes
Andhra Pradesh,East Godavari,Rajahmundry APMC,Cereals,Paddy(Common),25-02-2023,1.00,Metric Tonnes
Andhra Pradesh,East Godavari,Rajahmundry APMC,Cereals,Paddy(Common),26-02-2023,1.00,Metric Tonnes
Andhra Pradesh,East Godavari,Rajahmundry APMC,Cereals,Paddy(Common),27-02-2023,1.00,Metric Tonnes
Andhra Pradesh,East Godavari,Rajahmundry APMC,Cereals,Paddy(Common),28-02-2023,1.00,Metric Tonnes
Andhra Pradesh,East Godavari,Rajahmundry APMC,Cereals,Paddy(Common),01-03-2023,1.00,Metric Tonnes
Andhra Pradesh,East Godavari,Rajahmundry APMC,Cereals,Paddy(Common),02-03-2023,1.00,Metric Tonnes
Andhra Pradesh,East Godavari,Rajahmundry APMC,Cereals,Paddy(Common),04-03-2023,1.00,Metric Tonnes
Andhra Pradesh,East Godavari,Rajahmundry APMC,Cereals,Paddy(Common),05-03-2023,1.00,Metric Tonnes
Andhra Pradesh,East Godavari,Rajahmundry APMC,Cereals,Paddy(Common),06-03-2023,1.00,Metric Tonnes
Andhra Pradesh,East Godavari,Rajahmundry APMC,Cereals,Paddy(Common),07-03-2023,1.00,Metric Tonnes
Andhra Pradesh,East Godavari,Rajahmundry APMC,Cereals,Paddy(Common),08-03-2023,1.00,Metric Tonnes
Andhra Pradesh,East Godavari,Rajahmundry APMC,Cereals,Paddy(Common),09-03-2023,1.00,Metric Tonnes
Andhra Pradesh,East Godavari,Rajahmundry APMC,Cereals,Paddy(Common),10-03-2023,1.00,Metric Tonnes
Andhra Pradesh,East Godavari,Rajahmundry APMC,Cereals,Paddy(Common),11-03-2023,1.00,Metric Tonnes
Andhra Pradesh,East Godavari,Rajahmundry APMC,Cereals,Paddy(Common),12-03-2023,1.00,Metric Tonnes
Andhra Pradesh,East Godavari,Rajahmundry APMC,Cereals,Paddy(Common),13-03-2023,1.00,Metric Tonnes
Andhra Pradesh,East Godavari,Rajahmundry APMC,Cereals,Paddy(Common),14-03-2023,1.00,Metric Tonnes
Andhra Pradesh,East Godavari,Rajahmundry APMC,Cereals,Paddy(Common),15-03-2023,1.00,Metric Tonnes
Andhra Pradesh,East Godavari,Rajahmundry APMC,Cereals,Paddy(Common),16-03-2023,1.00,Metric Tonnes
Andhra Pradesh,East Godavari,Rajahmundry APMC,Cereals,Paddy(Common),17-03-2023,1.00,Metric Tonnes
Andhra Pradesh,East Godavari,Rajahmundry APMC,Cereals,Paddy(Common),18-03-2023,1.00,Metric Tonnes
Andhra Pradesh,East Godavari,Rajahmundry APMC,Cereals,Paddy(Common),19-03-2023,1.00,Metric Tonnes
Andhra Pradesh,East Godavari,Rajahmundry APMC,Cereals,Paddy(Common),20-03-2023,1.00,Metric Tonnes
Andhra Pradesh,East Godavari,Rajahmundry APMC,Cereals,Paddy(Common),21-03-2023,1.00,Metric Tonnes
Andhra Pradesh,East Godavari,Rajahmundry APMC,Cereals,Paddy(Common),22-03-2023,1.00,Metric Tonnes
Andhra Pradesh,East Godavari,Rajahmundry APMC,Cereals,Paddy(Common),23-03-2023,1.00,Metric Tonnes
Andhra Pradesh,East Godavari,Rajahmundry APMC,Cereals,Paddy(Common),24-03-2023,1.00,Metric Tonnes
Andhra Pradesh,East Godavari,Rajahmundry APMC,Cereals,Paddy(Common),25-03-2023,1.00,Metric Tonnes
Andhra Pradesh,East Godavari,Rajahmundry APMC,Cereals,Paddy(Common),26-03-2023,1.00,Metric Tonnes
Andhra Pradesh,East Godavari,Rajahmundry APMC,Cereals,Paddy(Common),27-03-2023,1.00,Metric Tonnes
Andhra Pradesh,East Godavari,Rajahmundry APMC,Cereals,Paddy(Common),28-03-2023,1.00,Metric Tonnes
Andhra Pradesh,East Godavari,Rajahmundry APMC,Cereals,Paddy(Common),29-03-2023,1.00,Metric Tonnes
Andhra Pradesh,East Godavari,Rajahmundry APMC,Cereals,Paddy(Common),30-03-2023,1.00,Metric Tonnes
Andhra Pradesh,East Godavari,Rajahmundry APMC,Cereals,Paddy(Common),31-03-2023,1.00,Metric Tonnes
Andhra Pradesh,East Godavari,Rajahmundry APMC,Cereals,Paddy(Common),01-04-2023,1.00,Metric Tonnes
Andhra Pradesh,East Godavari,Rajahmundry APMC,Cereals,Paddy(Common),02-04-2023,1.00,Metric Tonnes
Andhra Pradesh,East Godavari,Rajahmundry APMC,Cereals,Paddy(Common),03-04-2023,1.00,Metric Tonnes
Andhra Pradesh,East Godavari,Rajahmundry APMC,Cereals,Paddy(Common),04-04-2023,1.00,Metric Tonnes
Andhra Pradesh,East Godavari,Rajahmundry APMC,Cereals,Paddy(Common),07-04-2023,1.00,Metric Tonnes
Andhra Pradesh,East Godavari,Rajahmundry APMC,Cereals,Paddy(Common),08-04-2023,1.00,Metric Tonnes
Andhra Pradesh,East Godavari,Rajahmundry APMC,Cereals,Paddy(Common),09-04-2023,1.00,Metric Tonnes
Andhra Pradesh,East Godavari,Rajahmundry APMC,Cereals,Paddy(Common),10-04-2023,1.00,Metric Tonnes
Andhra Pradesh,East Godavari,Rajahmundry APMC,Cereals,Paddy(Common),11-04-2023,1.00,Metric Tonnes
Andhra Pradesh,East Godavari,Rajahmundry APMC,Cereals,Paddy(Common),12-04-2023,1.00,Metric Tonnes
Andhra Pradesh,East Godavari,Rajahmundry APMC,Cereals,Paddy(Common),13-04-2023,1.00,Metric Tonnes
Andhra Pradesh,East Godavari,Rajahmundry APMC,Cereals,Paddy(Common),14-04-2023,1.00,Metric Tonnes
Andhra Pradesh,East Godavari,Rajahmundry APMC,Cereals,Paddy(Common),15-04-2023,1.00,Metric Tonnes
Andhra Pradesh,East Godavari,Rajahmundry APMC,Cereals,Paddy(Common),17-04-2023,1.00,Metric Tonnes
Andhra Pradesh,East Godavari,Rajahmundry APMC,Cereals,Paddy(Common),18-04-2023,1.00,Metric Tonnes
Andhra Pradesh,East Godavari,Rajahmundry APMC,Cereals,Paddy(Common),19-04-2023,1.00,Metric Tonnes
Andhra Pradesh,East Godavari,Rajahmundry APMC,Cereals,Paddy(Common),20-04-2023,1.00,Metric Tonnes
Andhra Pradesh,East Godavari,Rajahmundry APMC,Cereals,Paddy(Common),21-04-2023,1.00,Metric Tonnes
Andhra Pradesh,East Godavari,Rajahmundry APMC,Cereals,Paddy(Common),22-04-2023,1.00,Metric Tonnes
Andhra Pradesh,East Godavari,Rajahmundry APMC,Cereals,Paddy(Common),23-04-2023,1.00,Metric Tonnes
Andhra Pradesh,East Godavari,Rajahmundry APMC,Cereals,Paddy(Common),24-04-2023,1.00,Metric Tonnes
Andhra Pradesh,East Godavari,Rajahmundry APMC,Cereals,Paddy(Common),25-04-2023,1.00,Metric Tonnes
Andhra Pradesh,East Godavari,Rajahmundry APMC,Cereals,Paddy(Common),26-04-2023,1.00,Metric Tonnes
Andhra Pradesh,East Godavari,Rajahmundry APMC,Cereals,Paddy(Common),27-04-2023,1.00,Metric Tonnes
Andhra Pradesh,East Godavari,Rajahmundry APMC,Cereals,Paddy(Common),28-04-2023,1.00,Metric Tonnes
Andhra Pradesh,East Godavari,Rajahmundry APMC,Cereals,Paddy(Common),29-04-2023,1.00,Metric Tonnes
Andhra Pradesh,East Godavari,Rajahmundry APMC,Cereals,Paddy(Common),30-04-2023,1.00,Metric Tonnes
Andhra Pradesh,East Godavari,Rajahmundry APMC,Cereals,Paddy(Common),01-05-2023,1.00,Metric Tonnes
Andhra Pradesh,East Godavari,Rajahmundry APMC,Cereals,Paddy(Common),02-05-2023,1.00,Metric Tonnes
Andhra Pradesh,East Godavari,Rajahmundry APMC,Cereals,Paddy(Common),03-05-2023,1.00,Metric Tonnes
Andhra Pradesh,East Godavari,Rajahmundry APMC,Cereals,Paddy(Common),04-05-2023,1.00,Metric Tonnes
Andhra Pradesh,East Godavari,Rajahmundry APMC,Cereals,Paddy(Common),05-05-2023,1.00,Metric Tonnes
Andhra Pradesh,East Godavari,Rajahmundry APMC,Cereals,Paddy(Common),07-05-2023,1.00,Metric Tonnes
Andhra Pradesh,East Godavari,Rajahmundry APMC,Cereals,Paddy(Common),08-05-2023,1.00,Metric Tonnes
Andhra Pradesh,East Godavari,Rajahmundry APMC,Cereals,Paddy(Common),09-05-2023,1.00,Metric Tonnes
Andhra Pradesh,East Godavari,Rajahmundry APMC,Cereals,Paddy(Common),10-05-2023,1.00,Metric Tonnes
Andhra Pradesh,East Godavari,Rajahmundry APMC,Cereals,Paddy(Common),11-05-2023,1.00,Metric Tonnes
Andhra Pradesh,East Godavari,Rajahmundry APMC,Cereals,Paddy(Common),12-05-2023,1.00,Metric Tonnes
Andhra Pradesh,East Godavari,Rajahmundry APMC,Cereals,Paddy(Common),13-05-2023,1.00,Metric Tonnes
Andhra Pradesh,East Godavari,Rajahmundry APMC,Cereals,Paddy(Common),14-05-2023,1.00,Metric Tonnes
Andhra Pradesh,East Godavari,Rajahmundry APMC,Cereals,Paddy(Common),15-05-2023,1.00,Metric Tonnes
Andhra Pradesh,East Godavari,Rajahmundry APMC,Cereals,Paddy(Common),16-05-2023,1.00,Metric Tonnes
Andhra Pradesh,East Godavari,Rajahmundry APMC,Cereals,Paddy(Common),17-05-2023,1.00,Metric Tonnes
Andhra Pradesh,East Godavari,Rajahmundry APMC,Cereals,Paddy(Common),19-05-2023,1.00,Metric Tonnes
Andhra Pradesh,East Godavari,Rajahmundry APMC,Cereals,Paddy(Common),20-05-2023,1.00,Metric Tonnes
Andhra Pradesh,East Godavari,Rajahmundry APMC,Cereals,Paddy(Common),21-05-2023,1.00,Metric Tonnes
Andhra Pradesh,East Godavari,Rajahmundry APMC,Cereals,Paddy(Common),22-05-2023,1.00,Metric Tonnes
Andhra Pradesh,East Godavari,Rajahmundry APMC,Cereals,Paddy(Common),23-05-2023,1.00,Metric Tonnes
Andhra Pradesh,East Godavari,Rajahmundry APMC,Cereals,Paddy(Common),28-05-2023,1.00,Metric Tonnes
Andhra Pradesh,East Godavari,Rajahmundry APMC,Cereals,Paddy(Common),29-05-2023,1.00,Metric Tonnes
Andhra Pradesh,East Godavari,Rajahmundry APMC,Cereals,Paddy(Common),30-05-2023,1.00,Metric Tonnes
Andhra Pradesh,East Godavari,Rajahmundry APMC,Cereals,Paddy(Common),31-05-2023,1.00,Metric Tonnes
Andhra Pradesh,East Godavari,Rajahmundry APMC,Cereals,Paddy(Common),01-06-2023,1.00,Metric Tonnes
Andhra Pradesh,East Godavari,Rajahmundry APMC,Cereals,Paddy(Common),02-06-2023,1.00,Metric Tonnes
Andhra Pradesh,East Godavari,Rajahmundry APMC,Cereals,Paddy(Common),03-06-2023,1.00,Metric Tonnes
Andhra Pradesh,East Godavari,Rajahmundry APMC,Cereals,Paddy(Common),04-06-2023,1.00,Metric Tonnes
Andhra Pradesh,East Godavari,Rajahmundry APMC,Cereals,Paddy(Common),05-06-2023,1.00,Metric Tonnes
Andhra Pradesh,East Godavari,Rajahmundry APMC,Cereals,Paddy(Common),06-06-2023,1.00,Metric Tonnes
Andhra Pradesh,East Godavari,Rajahmundry APMC,Cereals,Paddy(Common),07-06-2023,1.00,Metric Tonnes
Andhra Pradesh,East Godavari,Rajahmundry APMC,Cereals,Paddy(Common),08-06-2023,1.00,Metric Tonnes
Andhra Pradesh,East Godavari,Rajahmundry APMC,Cereals,Paddy(Common),09-06-2023,1.00,Metric Tonnes
Andhra Pradesh,East Godavari,Rajahmundry APMC,Cereals,Paddy(Common),11-06-2023,1.00,Metric Tonnes
Andhra Pradesh,East Godavari,Rajahmundry APMC,Cereals,Paddy(Common),12-06-2023,1.00,Metric Tonnes
Andhra Pradesh,East Godavari,Rajahmundry APMC,Cereals,Paddy(Common),13-06-2023,1.00,Metric Tonnes
Andhra Pradesh,East Godavari,Rajahmundry APMC,Cereals,Paddy(Common),14-06-2023,1.00,Metric Tonnes
Andhra Pradesh,East Godavari,Rajahmundry APMC,Cereals,Paddy(Common),15-06-2023,1.00,Metric Tonnes
Andhra Pradesh,East Godavari,Rajahmundry APMC,Cereals,Paddy(Common),16-06-2023,1.00,Metric Tonnes
Andhra Pradesh,East Godavari,Rajahmundry APMC,Cereals,Paddy(Common),17-06-2023,1.00,Metric Tonnes
Andhra Pradesh,East Godavari,Rajahmundry APMC,Cereals,Paddy(Common),18-06-2023,1.00,Metric Tonnes
Andhra Pradesh,East Godavari,Rajahmundry APMC,Cereals,Paddy(Common),19-06-2023,1.00,Metric Tonnes
Andhra Pradesh,East Godavari,Rajahmundry APMC,Cereals,Paddy(Common),20-06-2023,1.00,Metric Tonnes
Andhra Pradesh,East Godavari,Rajahmundry APMC,Cereals,Paddy(Common),21-06-2023,1.00,Metric Tonnes
Andhra Pradesh,East Godavari,Rajahmundry APMC,Cereals,Paddy(Common),23-06-2023,1.00,Metric Tonnes
Andhra Pradesh,East Godavari,Rajahmundry APMC,Cereals,Paddy(Common),24-06-2023,1.00,Metric Tonnes
Andhra Pradesh,East Godavari,Rajahmundry APMC,Cereals,Paddy(Common),25-06-2023,1.00,Metric Tonnes
Andhra Pradesh,East Godavari,Rajahmundry APMC,Cereals,Paddy(Common),26-06-2023,1.00,Metric Tonnes
Andhra Pradesh,East Godavari,Rajahmundry APMC,Cereals,Paddy(Common),27-06-2023,1.00,Metric Tonnes
Andhra Pradesh,East Godavari,Rajahmundry APMC,Cereals,Paddy(Common),28-06-2023,1.00,Metric Tonnes
Andhra Pradesh,East Godavari,Rajahmundry APMC,Cereals,Paddy(Common),29-06-2023,1.00,Metric Tonnes
Andhra Pradesh,East Godavari,Rajahmundry APMC,Cereals,Paddy(Common),30-06-2023,1.00,Metric Tonnes
Andhra Pradesh,East Godavari,Rajahmundry APMC,Cereals,Paddy(Common),01-07-2023,1.00,Metric Tonnes
Andhra Pradesh,East Godavari,Rajahmundry APMC,Cereals,Paddy(Common),02-07-2023,1.00,Metric Tonnes
Andhra Pradesh,East Godavari,Rajahmundry APMC,Cereals,Paddy(Common),03-07-2023,1.00,Metric Tonnes
Andhra Pradesh,East Godavari,Rajahmundry APMC,Cereals,Paddy(Common),04-07-2023,1.00,Metric Tonnes
Andhra Pradesh,East Godavari,Rajahmundry APMC,Cereals,Paddy(Common),07-07-2023,1.00,Metric Tonnes
Andhra Pradesh,East Godavari,Rajahmundry APMC,Cereals,Paddy(Common),08-07-2023,1.00,Metric Tonnes
Andhra Pradesh,East Godavari,Rajahmundry APMC,Cereals,Paddy(Common),09-07-2023,1.00,Metric Tonnes
Andhra Pradesh,East Godavari,Rajahmundry APMC,Cereals,Paddy(Common),10-07-2023,1.00,Metric Tonnes
Andhra Pradesh,East Godavari,Rajahmundry APMC,Cereals,Paddy(Common),11-07-2023,1.00,Metric Tonnes
Andhra Pradesh,East Godavari,Rajahmundry APMC,Cereals,Paddy(Common),12-07-2023,1.00,Metric Tonnes
Andhra Pradesh,East Godavari,Rajahmundry APMC,Cereals,Paddy(Common),13-07-2023,1.00,Metric Tonnes
Andhra Pradesh,East Godavari,Rajahmundry APMC,Cereals,Paddy(Common),14-07-2023,1.00,Metric Tonnes
Andhra Pradesh,East Godavari,Rajahmundry APMC,Cereals,Paddy(Common),15-07-2023,1.00,Metric Tonnes
Andhra Pradesh,East Godavari,Rajahmundry APMC,Cereals,Paddy(Common),16-07-2023,1.00,Metric Tonnes
Andhra Pradesh,East Godavari,Rajahmundry APMC,Cereals,Paddy(Common),17-07-2023,1.00,Metric Tonnes
Andhra Pradesh,East Godavari,Rajahmundry APMC,Cereals,Paddy(Common),18-07-2023,1.00,Metric Tonnes
Andhra Pradesh,East Godavari,Rajahmundry APMC,Cereals,Paddy(Common),19-07-2023,1.00,Metric Tonnes
Andhra Pradesh,East Godavari,Rajahmundry APMC,Cereals,Paddy(Common),20-07-2023,1.00,Metric Tonnes
Andhra Pradesh,East Godavari,Rajahmundry APMC,Cereals,Paddy(Common),21-07-2023,1.00,Metric Tonnes
Andhra Pradesh,East Godavari,Rajahmundry APMC,Cereals,Paddy(Common),23-07-2023,1.00,Metric Tonnes
Andhra Pradesh,East Godavari,Rajahmundry APMC,Cereals,Paddy(Common),24-07-2023,1.00,Metric Tonnes
Andhra Pradesh,East Godavari,Rajahmundry APMC,Cereals,Paddy(Common),25-07-2023,1.00,Metric Tonnes
Andhra Pradesh,East Godavari,Rajahmundry APMC,Cereals,Paddy(Common),26-07-2023,1.00,Metric Tonnes
Andhra Pradesh,East Godavari,Rajahmundry APMC,Cereals,Paddy(Common),27-07-2023,1.00,Metric Tonnes
Andhra Pradesh,East Godavari,Rajahmundry APMC,Cereals,Paddy(Common),28-07-2023,1.00,Metric Tonnes
Andhra Pradesh,East Godavari,Rajahmundry APMC,Cereals,Paddy(Common),29-07-2023,1.00,Metric Tonnes
Andhra Pradesh,East Godavari,Rajahmundry APMC,Cereals,Paddy(Common),30-07-2023,1.00,Metric Tonnes
Andhra Pradesh,East Godavari,Rajahmundry APMC,Cereals,Paddy(Common),31-07-2023,1.00,Metric Tonnes
Andhra Pradesh,East Godavari,Rajahmundry APMC,Cereals,Paddy(Common),01-08-2023,1.00,Metric Tonnes
Andhra Pradesh,East Godavari,Rajahmundry APMC,Cereals,Paddy(Common),02-08-2023,1.00,Metric Tonnes
Andhra Pradesh,East Godavari,Rajahmundry APMC,Cereals,Paddy(Common),03-08-2023,1.00,Metric Tonnes
Andhra Pradesh,East Godavari,Rajahmundry APMC,Cereals,Paddy(Common),04-08-2023,1.00,Metric Tonnes
Andhra Pradesh,East Godavari,Rajahmundry APMC,Cereals,Paddy(Common),05-08-2023,1.00,Metric Tonnes
Andhra Pradesh,East Godavari,Rajahmundry APMC,Cereals,Paddy(Common),08-08-2023,1.00,Metric Tonnes
Andhra Pradesh,East Godavari,Rajahmundry APMC,Cereals,Paddy(Common),09-08-2023,1.00,Metric Tonnes
Andhra Pradesh,East Godavari,Rajahmundry APMC,Cereals,Paddy(Common),13-08-2023,1.00,Metric Tonnes
Andhra Pradesh,East Godavari,Rajahmundry APMC,Cereals,Paddy(Common),14-08-2023,1.00,Metric Tonnes
Andhra Pradesh,East Godavari,Rajahmundry APMC,Cereals,Paddy(Common),15-08-2023,1.00,Metric Tonnes
Andhra Pradesh,East Godavari,Rajahmundry APMC,Cereals,Paddy(Common),16-08-2023,1.00,Metric Tonnes
Andhra Pradesh,East Godavari,Rajahmundry APMC,Cereals,Paddy(Common),17-08-2023,1.00,Metric Tonnes
Andhra Pradesh,East Godavari,Rajahmundry APMC,Cereals,Paddy(Common),18-08-2023,1.00,Metric Tonnes
Andhra Pradesh,East Godavari,Rajahmundry APMC,Cereals,Paddy(Common),19-08-2023,1.00,Metric Tonnes
Andhra Pradesh,East Godavari,Rajahmundry APMC,Cereals,Paddy(Common),20-08-2023,1.00,Metric Tonnes
Andhra Pradesh,East Godavari,Rajahmundry APMC,Cereals,Paddy(Common),21-08-2023,1.00,Metric Tonnes
Andhra Pradesh,East Godavari,Rajahmundry APMC,Cereals,Paddy(Common),22-08-2023,1.00,Metric Tonnes
Andhra Pradesh,East Godavari,Rajahmundry APMC,Cereals,Paddy(Common),23-08-2023,1.00,Metric Tonnes
Andhra Pradesh,East Godavari,Rajahmundry APMC,Cereals,Paddy(Common),24-08-2023,1.00,Metric Tonnes
Andhra Pradesh,East Godavari,Rajahmundry APMC,Cereals,Paddy(Common),25-08-2023,1.00,Metric Tonnes
Andhra Pradesh,East Godavari,Rajahmundry APMC,Cereals,Paddy(Common),26-08-2023,1.00,Metric Tonnes
Andhra Pradesh,East Godavari,Rajahmundry APMC,Cereals,Paddy(Common),29-08-2023,1.00,Metric Tonnes
Andhra Pradesh,East Godavari,Rajahmundry APMC,Cereals,Paddy(Common),30-08-2023,1.00,Metric Tonnes
Andhra Pradesh,East Godavari,Rajahmundry APMC,Cereals,Paddy(Common),31-08-2023,1.00,Metric Tonnes
Andhra Pradesh,East Godavari,Rajahmundry APMC,Cereals,Paddy(Common),01-09-2023,1.00,Metric Tonnes
Andhra Pradesh,East Godavari,Rajahmundry APMC,Cereals,Paddy(Common),02-09-2023,1.00,Metric Tonnes
Andhra Pradesh,East Godavari,Rajahmundry APMC,Cereals,Paddy(Common),05-09-2023,1.00,Metric Tonnes
Andhra Pradesh,East Godavari,Rajahmundry APMC,Cereals,Paddy(Common),06-09-2023,1.00,Metric Tonnes
Andhra Pradesh,East Godavari,Rajahmundry APMC,Cereals,Paddy(Common),07-09-2023,1.00,Metric Tonnes
Andhra Pradesh,East Godavari,Rajahmundry APMC,Cereals,Paddy(Common),08-09-2023,1.00,Metric Tonnes
Andhra Pradesh,East Godavari,Rajahmundry APMC,Cereals,Paddy(Common),09-09-2023,1.00,Metric Tonnes
Andhra Pradesh,East Godavari,Rajahmundry APMC,Cereals,Paddy(Common),10-09-2023,1.00,Metric Tonnes
Andhra Pradesh,East Godavari,Rajahmundry APMC,Cereals,Paddy(Common),11-09-2023,1.00,Metric Tonnes
Andhra Pradesh,East Godavari,Rajahmundry APMC,Cereals,Paddy(Common),12-09-2023,1.00,Metric Tonnes
Andhra Pradesh,East Godavari,Rajahmundry APMC,Cereals,Paddy(Common),13-09-2023,1.00,Metric Tonnes
Andhra Pradesh,East Godavari,Rajahmundry APMC,Cereals,Paddy(Common),14-09-2023,1.00,Metric Tonnes
Andhra Pradesh,East Godavari,Rajahmundry APMC,Cereals,Paddy(Common),18-09-2023,1.00,Metric Tonnes
Andhra Pradesh,East Godavari,Rajahmundry APMC,Cereals,Paddy(Common),19-09-2023,1.00,Metric Tonnes
Andhra Pradesh,East Godavari,Rajahmundry APMC,Cereals,Paddy(Common),20-09-2023,1.00,Metric Tonnes
Andhra Pradesh,East Godavari,Rajahmundry APMC,Cereals,Paddy(Common),21-09-2023,1.00,Metric Tonnes
Andhra Pradesh,East Godavari,Rajahmundry APMC,Cereals,Paddy(Common),22-09-2023,1.00,Metric Tonnes
Andhra Pradesh,East Godavari,Rajahmundry APMC,Cereals,Paddy(Common),23-09-2023,1.00,Metric Tonnes
Andhra Pradesh,East Godavari,Rajahmundry APMC,Cereals,Paddy(Common),24-09-2023,1.00,Metric Tonnes
Andhra Pradesh,East Godavari,Rajahmundry APMC,Cereals,Paddy(Common),25-09-2023,1.00,Metric Tonnes
Andhra Pradesh,East Godavari,Rajahmundry APMC,Cereals,Paddy(Common),28-09-2023,1.00,Metric Tonnes
Andhra Pradesh,East Godavari,Rajahmundry APMC,Cereals,Paddy(Common),29-09-2023,1.00,Metric Tonnes
Andhra Pradesh,East Godavari,Rajahmundry APMC,Cereals,Paddy(Common),30-09-2023,1.00,Metric Tonnes
Andhra Pradesh,East Godavari,Rajahmundry APMC,Cereals,Paddy(Common),02-10-2023,1.00,Metric Tonnes
Andhra Pradesh,East Godavari,Rajahmundry APMC,Cereals,Paddy(Common),03-10-2023,1.00,Metric Tonnes
Andhra Pradesh,East Godavari,Rajahmundry APMC,Cereals,Paddy(Common),04-10-2023,1.00,Metric Tonnes
Andhra Pradesh,East Godavari,Rajahmundry APMC,Cereals,Paddy(Common),06-10-2023,1.00,Metric Tonnes
Andhra Pradesh,East Godavari,Rajahmundry APMC,Cereals,Paddy(Common),07-10-2023,1.00,Metric Tonnes
Andhra Pradesh,East Godavari,Rajahmundry APMC,Cereals,Paddy(Common),08-10-2023,1.00,Metric Tonnes
Andhra Pradesh,East Godavari,Rajahmundry APMC,Cereals,Paddy(Common),10-10-2023,1.00,Metric Tonnes
Andhra Pradesh,East Godavari,Rajahmundry APMC,Cereals,Paddy(Common),11-10-2023,1.00,Metric Tonnes
Andhra Pradesh,East Godavari,Rajahmundry APMC,Cereals,Paddy(Common),12-10-2023,1.00,Metric Tonnes
Andhra Pradesh,East Godavari,Rajahmundry APMC,Cereals,Paddy(Common),13-10-2023,1.00,Metric Tonnes
Andhra Pradesh,East Godavari,Rajahmundry APMC,Cereals,Paddy(Common),14-10-2023,1.00,Metric Tonnes
Andhra Pradesh,East Godavari,Rajahmundry APMC,Cereals,Paddy(Common),15-10-2023,1.00,Metric Tonnes
Andhra Pradesh,East Godavari,Rajahmundry APMC,Cereals,Paddy(Common),16-10-2023,1.00,Metric Tonnes
Andhra Pradesh,East Godavari,Rajahmundry APMC,Cereals,Paddy(Common),17-10-2023,1.00,Metric Tonnes
Andhra Pradesh,East Godavari,Rajahmundry APMC,Cereals,Paddy(Common),18-10-2023,1.00,Metric Tonnes
Andhra Pradesh,East Godavari,Rajahmundry APMC,Cereals,Paddy(Common),20-10-2023,1.00,Metric Tonnes
Andhra Pradesh,East Godavari,Rajahmundry APMC,Cereals,Paddy(Common),21-10-2023,1.00,Metric Tonnes
Andhra Pradesh,East Godavari,Rajahmundry APMC,Cereals,Paddy(Common),24-10-2023,1.00,Metric Tonnes
Andhra Pradesh,East Godavari,Rajahmundry APMC,Cereals,Paddy(Common),25-10-2023,1.00,Metric Tonnes
Andhra Pradesh,East Godavari,Rajahmundry APMC,Cereals,Paddy(Common),26-10-2023,1.00,Metric Tonnes
Andhra Pradesh,East Godavari,Rajahmundry APMC,Cereals,Paddy(Common),27-10-2023,1.00,Metric Tonnes
Andhra Pradesh,East Godavari,Rajahmundry APMC,Cereals,Paddy(Common),28-10-2023,1.00,Metric Tonnes
Andhra Pradesh,East Godavari,Rajahmundry APMC,Cereals,Paddy(Common),29-10-2023,1.00,Metric Tonnes
Andhra Pradesh,East Godavari,Rajahmundry APMC,Cereals,Paddy(Common),30-10-2023,1.00,Metric Tonnes
Andhra Pradesh,East Godavari,Rajahmundry APMC,Cereals,Paddy(Common),31-10-2023,1.00,Metric Tonnes
Andhra Pradesh,East Godavari,Rajahmundry APMC,Cereals,Paddy(Common),01-11-2023,1.00,Metric Tonnes
Andhra Pradesh,East Godavari,Rajahmundry APMC,Cereals,Paddy(Common),02-11-2023,1.00,Metric Tonnes
Andhra Pradesh,East Godavari,Rajahmundry APMC,Cereals,Paddy(Common),03-11-2023,1.00,Metric Tonnes
Andhra Pradesh,East Godavari,Rajahmundry APMC,Cereals,Paddy(Common),04-11-2023,1.00,Metric Tonnes
Andhra Pradesh,East Godavari,Rajahmundry APMC,Cereals,Paddy(Common),05-11-2023,1.00,Metric Tonnes
Andhra Pradesh,East Godavari,Rajahmundry APMC,Cereals,Paddy(Common),06-11-2023,1.00,Metric Tonnes
Andhra Pradesh,East Godavari,Rajahmundry APMC,Cereals,Paddy(Common),07-11-2023,1.00,Metric Tonnes
Andhra Pradesh,East Godavari,Rajahmundry APMC,Cereals,Paddy(Common),09-11-2023,1.00,Metric Tonnes
Andhra Pradesh,East Godavari,Rajahmundry APMC,Cereals,Paddy(Common),10-11-2023,1.00,Metric Tonnes
Andhra Pradesh,East Godavari,Rajahmundry APMC,Cereals,Paddy(Common),13-11-2023,1.00,Metric Tonnes
Andhra Pradesh,East Godavari,Rajahmundry APMC,Cereals,Paddy(Common),14-11-2023,1.00,Metric Tonnes
Andhra Pradesh,East Godavari,Rajahmundry APMC,Cereals,Paddy(Common),15-11-2023,1.00,Metric Tonnes
Andhra Pradesh,East Godavari,Rajahmundry APMC,Cereals,Paddy(Common),16-11-2023,1.00,Metric Tonnes
Andhra Pradesh,East Godavari,Rajahmundry APMC,Cereals,Paddy(Common),17-11-2023,1.00,Metric Tonnes
Andhra Pradesh,East Godavari,Rajahmundry APMC,Cereals,Paddy(Common),18-11-2023,1.00,Metric Tonnes
Andhra Pradesh,East Godavari,Rajahmundry APMC,Cereals,Paddy(Common),19-11-2023,1.00,Metric Tonnes
Andhra Pradesh,East Godavari,Rajahmundry APMC,Cereals,Paddy(Common),20-11-2023,1.00,Metric Tonnes
Andhra Pradesh,East Godavari,Rajahmundry APMC,Cereals,Paddy(Common),21-11-2023,1.00,Metric Tonnes
Andhra Pradesh,East Godavari,Rajahmundry APMC,Cereals,Paddy(Common),22-11-2023,1.00,Metric Tonnes
Andhra Pradesh,East Godavari,Rajahmundry APMC,Cereals,Paddy(Common),23-11-2023,1.00,Metric Tonnes
Andhra Pradesh,East Godavari,Rajahmundry APMC,Cereals,Paddy(Common),24-11-2023,1.00,Metric Tonnes
Andhra Pradesh,East Godavari,Rajahmundry APMC,Cereals,Paddy(Common),25-11-2023,1.00,Metric Tonnes
Andhra Pradesh,East Godavari,Rajahmundry APMC,Cereals,Paddy(Common),26-11-2023,1.00,Metric Tonnes
Andhra Pradesh,East Godavari,Rajahmundry APMC,Cereals,Paddy(Common),27-11-2023,1.00,Metric Tonnes
Andhra Pradesh,East Godavari,Rajahmundry APMC,Cereals,Paddy(Common),28-11-2023,1.00,Metric Tonnes
Andhra Pradesh,East Godavari,Rajahmundry APMC,Cereals,Paddy(Common),29-11-2023,1.00,Metric Tonnes
Andhra Pradesh,East Godavari,Rajahmundry APMC,Cereals,Paddy(Common),30-11-2023,1.00,Metric Tonnes
Andhra Pradesh,East Godavari,Rajahmundry APMC,Cereals,Paddy(Common),01-12-2023,1.00,Metric Tonnes
Andhra Pradesh,East Godavari,Rajahmundry APMC,Cereals,Paddy(Common),02-12-2023,1.00,Metric Tonnes
Andhra Pradesh,East Godavari,Rajahmundry APMC,Cereals,Paddy(Common),03-12-2023,1.00,Metric Tonnes
Andhra Pradesh,East Godavari,Rajahmundry APMC,Cereals,Paddy(Common),04-12-2023,1.00,Metric Tonnes
Andhra Pradesh,East Godavari,Rajahmundry APMC,Cereals,Paddy(Common),06-12-2023,1.00,Metric Tonnes
Andhra Pradesh,East Godavari,Rajahmundry APMC,Cereals,Paddy(Common),07-12-2023,1.00,Metric Tonnes
Andhra Pradesh,East Godavari,Rajahmundry APMC,Cereals,Paddy(Common),08-12-2023,1.00,Metric Tonnes
Andhra Pradesh,East Godavari,Rajahmundry APMC,Cereals,Paddy(Common),09-12-2023,1.00,Metric Tonnes
Andhra Pradesh,East Godavari,Rajahmundry APMC,Cereals,Paddy(Common),11-12-2023,1.00,Metric Tonnes
Andhra Pradesh,East Godavari,Rajahmundry APMC,Cereals,Paddy(Common),12-12-2023,1.00,Metric Tonnes
Andhra Pradesh,East Godavari,Rajahmundry APMC,Cereals,Paddy(Common),13-12-2023,1.00,Metric Tonnes
Andhra Pradesh,East Godavari,Rajahmundry APMC,Cereals,Paddy(Common),14-12-2023,1.00,Metric Tonnes
Andhra Pradesh,East Godavari,Rajahmundry APMC,Cereals,Paddy(Common),15-12-2023,1.00,Metric Tonnes
Andhra Pradesh,East Godavari,Rajahmundry APMC,Cereals,Paddy(Common),16-12-2023,1.00,Metric Tonnes
Andhra Pradesh,East Godavari,Rajahmundry APMC,Cereals,Paddy(Common),17-12-2023,1.00,Metric Tonnes
Andhra Pradesh,East Godavari,Rajahmundry APMC,Cereals,Paddy(Common),18-12-2023,1.00,Metric Tonnes
Andhra Pradesh,East Godavari,Rajahmundry APMC,Cereals,Paddy(Common),19-12-2023,1.00,Metric Tonnes
Andhra Pradesh,East Godavari,Rajahmundry APMC,Cereals,Paddy(Common),22-12-2023,1.00,Metric Tonnes
Andhra Pradesh,East Godavari,Rajahmundry APMC,Cereals,Paddy(Common),23-12-2023,1.00,Metric Tonnes
Andhra Pradesh,East Godavari,Rajahmundry APMC,Cereals,Paddy(Common),26-12-2023,1.00,Metric Tonnes
Andhra Pradesh,East Godavari,Rajahmundry APMC,Cereals,Paddy(Common),27-12-2023,1.00,Metric Tonnes
Andhra Pradesh,East Godavari,Rajahmundry APMC,Cereals,Paddy(Common),28-12-2023,1.00,Metric Tonnes
Andhra Pradesh,East Godavari,Rajahmundry APMC,Cereals,Paddy(Common),29-12-2023,1.00,Metric Tonnes
Andhra Pradesh,East Godavari,Rajahmundry APMC,Cereals,Paddy(Common),30-12-2023,1.00,Metric Tonnes
Andhra Pradesh,East Godavari,Rajahmundry APMC,Cereals,Paddy(Common),01-01-2024,1.00,Metric Tonnes
Andhra Pradesh,East Godavari,Rajahmundry APMC,Cereals,Paddy(Common),02-01-2024,1.00,Metric Tonnes
Andhra Pradesh,East Godavari,Rajahmundry APMC,Cereals,Paddy(Common),03-01-2024,1.00,Metric Tonnes
Andhra Pradesh,East Godavari,Rajahmundry APMC,Cereals,Paddy(Common),04-01-2024,1.00,Metric Tonnes
Andhra Pradesh,East Godavari,Rajahmundry APMC,Cereals,Paddy(Common),06-01-2024,1.00,Metric Tonnes
Andhra Pradesh,East Godavari,Rajahmundry APMC,Cereals,Paddy(Common),07-01-2024,1.00,Metric Tonnes
Andhra Pradesh,East Godavari,Rajahmundry APMC,Cereals,Paddy(Common),08-01-2024,1.00,Metric Tonnes
Andhra Pradesh,East Godavari,Rajahmundry APMC,Cereals,Paddy(Common),09-01-2024,1.00,Metric Tonnes
Andhra Pradesh,East Godavari,Rajahmundry APMC,Cereals,Paddy(Common),10-01-2024,1.00,Metric Tonnes
Andhra Pradesh,East Godavari,Rajahmundry APMC,Cereals,Paddy(Common),11-01-2024,1.00,Metric Tonnes
Andhra Pradesh,East Godavari,Rajahmundry APMC,Cereals,Paddy(Common),12-01-2024,1.00,Metric Tonnes
Andhra Pradesh,East Godavari,Rajahmundry APMC,Cereals,Paddy(Common),17-01-2024,1.00,Metric Tonnes
Andhra Pradesh,East Godavari,Rajahmundry APMC,Cereals,Paddy(Common),18-01-2024,1.00,Metric Tonnes
Andhra Pradesh,East Godavari,Rajahmundry APMC,Cereals,Paddy(Common),20-01-2024,1.00,Metric Tonnes
Andhra Pradesh,East Godavari,Rajahmundry APMC,Cereals,Paddy(Common),21-01-2024,1.00,Metric Tonnes
Andhra Pradesh,East Godavari,Rajahmundry APMC,Cereals,Paddy(Common),22-01-2024,1.00,Metric Tonnes
Andhra Pradesh,East Godavari,Rajahmundry APMC,Cereals,Paddy(Common),23-01-2024,1.00,Metric Tonnes
Andhra Pradesh,East Godavari,Rajahmundry APMC,Cereals,Paddy(Common),24-01-2024,1.00,Metric Tonnes
Andhra Pradesh,East Godavari,Rajahmundry APMC,Cereals,Paddy(Common),26-01-2024,1.00,Metric Tonnes
Andhra Pradesh,East Godavari,Rajahmundry APMC,Cereals,Paddy(Common),27-01-2024,1.00,Metric Tonnes
Andhra Pradesh,East Godavari,Rajahmundry APMC,Cereals,Paddy(Common),28-01-2024,1.00,Metric Tonnes
Andhra Pradesh,East Godavari,Rajahmundry APMC,Cereals,Paddy(Common),29-01-2024,1.00,Metric Tonnes
Andhra Pradesh,East Godavari,Rajahmundry APMC,Cereals,Paddy(Common),30-01-2024,1.00,Metric Tonnes
Andhra Pradesh,East Godavari,Rajahmundry APMC,Cereals,Paddy(Common),31-01-2024,1.00,Metric Tonnes
Andhra Pradesh,East Godavari,Rajahmundry APMC,Cereals,Paddy(Common),01-02-2024,1.00,Metric Tonnes
Andhra Pradesh,East Godavari,Rajahmundry APMC,Cereals,Paddy(Common),02-02-2024,1.00,Metric Tonnes
Andhra Pradesh,East Godavari,Rajahmundry APMC,Cereals,Paddy(Common),03-02-2024,1.00,Metric Tonnes
Andhra Pradesh,East Godavari,Rajahmundry APMC,Cereals,Paddy(Common),04-02-2024,1.00,Metric Tonnes
Andhra Pradesh,East Godavari,Rajahmundry APMC,Cereals,Paddy(Common),05-02-2024,1.00,Metric Tonnes
Andhra Pradesh,East Godavari,Rajahmundry APMC,Cereals,Paddy(Common),07-02-2024,1.00,Metric Tonnes
Andhra Pradesh,East Godavari,Rajahmundry APMC,Cereals,Paddy(Common),08-02-2024,1.00,Metric Tonnes
Andhra Pradesh,East Godavari,Rajahmundry APMC,Cereals,Paddy(Common),09-02-2024,1.00,Metric Tonnes
Andhra Pradesh,East Godavari,Rajahmundry APMC,Cereals,Paddy(Common),10-02-2024,1.00,Metric Tonnes
Andhra Pradesh,East Godavari,Rajahmundry APMC,Cereals,Paddy(Common),11-02-2024,1.00,Metric Tonnes
Andhra Pradesh,East Godavari,Rajahmundry APMC,Cereals,Paddy(Common),12-02-2024,1.00,Metric Tonnes
Andhra Pradesh,East Godavari,Rajahmundry APMC,Cereals,Paddy(Common),13-02-2024,1.00,Metric Tonnes
Andhra Pradesh,East Godavari,Rajahmundry APMC,Cereals,Paddy(Common),14-02-2024,1.00,Metric Tonnes
Andhra Pradesh,East Godavari,Rajahmundry APMC,Cereals,Paddy(Common),16-02-2024,1.00,Metric Tonnes
Andhra Pradesh,East Godavari,Rajahmundry APMC,Cereals,Paddy(Common),17-02-2024,1.00,Metric Tonnes
Andhra Pradesh,East Godavari,Rajahmundry APMC,Cereals,Paddy(Common),18-02-2024,1.00,Metric Tonnes
Andhra Pradesh,East Godavari,Rajahmundry APMC,Cereals,Paddy(Common),19-02-2024,1.00,Metric Tonnes
Andhra Pradesh,East Godavari,Rajahmundry APMC,Cereals,Paddy(Common),20-02-2024,1.00,Metric Tonnes
Andhra Pradesh,East Godavari,Rajahmundry APMC,Cereals,Paddy(Common),21-02-2024,1.00,Metric Tonnes
Andhra Pradesh,East Godavari,Rajahmundry APMC,Cereals,Paddy(Common),22-02-2024,1.00,Metric Tonnes
Andhra Pradesh,East Godavari,Rajahmundry APMC,Cereals,Paddy(Common),23-02-2024,1.00,Metric Tonnes
Andhra Pradesh,East Godavari,Rajahmundry APMC,Cereals,Paddy(Common),24-02-2024,1.00,Metric Tonnes
Andhra Pradesh,East Godavari,Rajahmundry APMC,Cereals,Paddy(Common),25-02-2024,1.00,Metric Tonnes
Andhra Pradesh,East Godavari,Rajahmundry APMC,Cereals,Paddy(Common),26-02-2024,1.00,Metric Tonnes
Andhra Pradesh,East Godavari,Rajahmundry APMC,Cereals,Paddy(Common),28-02-2024,1.00,Metric Tonnes
Andhra Pradesh,East Godavari,Rajahmundry APMC,Cereals,Paddy(Common),29-02-2024,1.00,Metric Tonnes
Andhra Pradesh,East Godavari,Rajahmundry APMC,Cereals,Paddy(Common),01-03-2024,1.00,Metric Tonnes
Andhra Pradesh,East Godavari,Rajahmundry APMC,Cereals,Paddy(Common),02-03-2024,1.00,Metric Tonnes
Andhra Pradesh,East Godavari,Rajahmundry APMC,Cereals,Paddy(Common),03-03-2024,1.00,Metric Tonnes
Andhra Pradesh,East Godavari,Rajahmundry APMC,Cereals,Paddy(Common),04-03-2024,1.00,Metric Tonnes
Andhra Pradesh,East Godavari,Rajahmundry APMC,Cereals,Paddy(Common),05-03-2024,1.00,Metric Tonnes
Andhra Pradesh,East Godavari,Rajahmundry APMC,Cereals,Paddy(Common),06-03-2024,1.00,Metric Tonnes
Andhra Pradesh,East Godavari,Rajahmundry APMC,Cereals,Paddy(Common),07-03-2024,1.00,Metric Tonnes
Andhra Pradesh,East Godavari,Rajahmundry APMC,Cereals,Paddy(Common),08-03-2024,1.00,Metric Tonnes
Andhra Pradesh,East Godavari,Rajahmundry APMC,Cereals,Paddy(Common),09-03-2024,1.00,Metric Tonnes
Andhra Pradesh,East Godavari,Rajahmundry APMC,Cereals,Paddy(Common),10-03-2024,1.00,Metric Tonnes
Andhra Pradesh,East Godavari,Rajahmundry APMC,Cereals,Paddy(Common),11-03-2024,1.00,Metric Tonnes
Andhra Pradesh,East Godavari,Rajahmundry APMC,Cereals,Paddy(Common),12-03-2024,1.00,Metric Tonnes
Andhra Pradesh,East Godavari,Rajahmundry APMC,Cereals,Paddy(Common),13-03-2024,1.00,Metric Tonnes
Andhra Pradesh,East Godavari,Rajahmundry APMC,Cereals,Paddy(Common),14-03-2024,1.00,Metric Tonnes
Andhra Pradesh,East Godavari,Rajahmundry APMC,Cereals,Paddy(Common),15-03-2024,1.00,Metric Tonnes
Andhra Pradesh,East Godavari,Rajahmundry APMC,Cereals,Paddy(Common),16-03-2024,1.00,Metric Tonnes
Andhra Pradesh,East Godavari,Rajahmundry APMC,Cereals,Paddy(Common),19-03-2024,1.00,Metric Tonnes
Andhra Pradesh,East Godavari,Rajahmundry APMC,Cereals,Paddy(Common),20-03-2024,1.00,Metric Tonnes
Andhra Pradesh,East Godavari,Rajahmundry APMC,Cereals,Paddy(Common),21-03-2024,1.00,Metric Tonnes
Andhra Pradesh,East Godavari,Rajahmundry APMC,Cereals,Paddy(Common),22-03-2024,1.00,Metric Tonnes
Andhra Pradesh,East Godavari,Rajahmundry APMC,Cereals,Paddy(Common),23-03-2024,1.00,Metric Tonnes
Andhra Pradesh,East Godavari,Rajahmundry APMC,Cereals,Paddy(Common),25-03-2024,1.00,Metric Tonnes
Andhra Pradesh,East Godavari,Rajahmundry APMC,Cereals,Paddy(Common),26-03-2024,1.00,Metric Tonnes
Andhra Pradesh,East Godavari,Rajahmundry APMC,Cereals,Paddy(Common),27-03-2024,1.00,Metric Tonnes
Andhra Pradesh,East Godavari,Rajahmundry APMC,Cereals,Paddy(Common),28-03-2024,1.00,Metric Tonnes
Andhra Pradesh,East Godavari,Rajahmundry APMC,Cereals,Paddy(Common),29-03-2024,1.00,Metric Tonnes
Andhra Pradesh,East Godavari,Rajahmundry APMC,Cereals,Paddy(Common),31-03-2024,1.00,Metric Tonnes
Andhra Pradesh,East Godavari,Rajahmundry APMC,Cereals,Paddy(Common),01-04-2024,1.00,Metric Tonnes
Andhra Pradesh,East Godavari,Rajahmundry APMC,Cereals,Paddy(Common),05-04-2024,1.00,Metric Tonnes
Andhra Pradesh,East Godavari,Rajahmundry APMC,Cereals,Paddy(Common),06-04-2024,1.00,Metric Tonnes
Andhra Pradesh,East Godavari,Rajahmundry APMC,Cereals,Paddy(Common),07-04-2024,1.00,Metric Tonnes
Andhra Pradesh,East Godavari,Rajahmundry APMC,Cereals,Paddy(Common),08-04-2024,1.00,Metric Tonnes
Andhra Pradesh,East Godavari,Rajahmundry APMC,Cereals,Paddy(Common),09-04-2024,1.00,Metric Tonnes
Andhra Pradesh,East Godavari,Rajahmundry APMC,Cereals,Paddy(Common),10-04-2024,1.00,Metric Tonnes
Andhra Pradesh,East Godavari,Rajahmundry APMC,Cereals,Paddy(Common),12-04-2024,1.00,Metric Tonnes
Andhra Pradesh,East Godavari,Rajahmundry APMC,Cereals,Paddy(Common),13-04-2024,1.00,Metric Tonnes
Andhra Pradesh,East Godavari,Rajahmundry APMC,Cereals,Paddy(Common),14-04-2024,1.00,Metric Tonnes
Andhra Pradesh,East Godavari,Rajahmundry APMC,Cereals,Paddy(Common),15-04-2024,1.00,Metric Tonnes
Andhra Pradesh,East Godavari,Rajahmundry APMC,Cereals,Paddy(Common),16-04-2024,1.00,Metric Tonnes
Andhra Pradesh,East Godavari,Rajahmundry APMC,Cereals,Paddy(Common),17-04-2024,1.00,Metric Tonnes
Andhra Pradesh,East Godavari,Rajahmundry APMC,Cereals,Paddy(Common),18-04-2024,1.00,Metric Tonnes
Andhra Pradesh,East Godavari,Rajahmundry APMC,Cereals,Paddy(Common),19-04-2024,1.00,Metric Tonnes
Andhra Pradesh,East Godavari,Rajahmundry APMC,Cereals,Paddy(Common),20-04-2024,1.00,Metric Tonnes
Andhra Pradesh,East Godavari,Rajahmundry APMC,Cereals,Paddy(Common),21-04-2024,1.00,Metric Tonnes
Andhra Pradesh,East Godavari,Rajahmundry APMC,Cereals,Paddy(Common),22-04-2024,1.00,Metric Tonnes
Andhra Pradesh,East Godavari,Rajahmundry APMC,Cereals,Paddy(Common),24-04-2024,1.00,Metric Tonnes
Andhra Pradesh,East Godavari,Rajahmundry APMC,Cereals,Paddy(Common),25-04-2024,1.00,Metric Tonnes
Andhra Pradesh,East Godavari,Rajahmundry APMC,Cereals,Paddy(Common),27-04-2024,1.00,Metric Tonnes
Andhra Pradesh,East Godavari,Rajahmundry APMC,Cereals,Paddy(Common),28-04-2024,1.00,Metric Tonnes
Andhra Pradesh,East Godavari,Rajahmundry APMC,Cereals,Paddy(Common),29-04-2024,1.00,Metric Tonnes
Andhra Pradesh,East Godavari,Rajahmundry APMC,Cereals,Paddy(Common),30-04-2024,1.00,Metric Tonnes
Andhra Pradesh,East Godavari,Rajahmundry APMC,Cereals,Paddy(Common),01-05-2024,1.00,Metric Tonnes
Andhra Pradesh,East Godavari,Rajahmundry APMC,Cereals,Paddy(Common),02-05-2024,1.00,Metric Tonnes
Andhra Pradesh,East Godavari,Rajahmundry APMC,Cereals,Paddy(Common),03-05-2024,1.00,Metric Tonnes
Andhra Pradesh,East Godavari,Rajahmundry APMC,Cereals,Paddy(Common),04-05-2024,1.00,Metric Tonnes
Andhra Pradesh,East Godavari,Rajahmundry APMC,Cereals,Paddy(Common),05-05-2024,1.00,Metric Tonnes
Andhra Pradesh,East Godavari,Rajahmundry APMC,Cereals,Paddy(Common),06-05-2024,1.00,Metric Tonnes
Andhra Pradesh,East Godavari,Rajahmundry APMC,Cereals,Paddy(Common),07-05-2024,1.00,Metric Tonnes
Andhra Pradesh,East Godavari,Rajahmundry APMC,Cereals,Paddy(Common),08-05-2024,1.00,Metric Tonnes
Andhra Pradesh,East Godavari,Rajahmundry APMC,Cereals,Paddy(Common),10-05-2024,1.00,Metric Tonnes
Andhra Pradesh,East Godavari,Rajahmundry APMC,Cereals,Paddy(Common),13-05-2024,1.00,Metric Tonnes
Andhra Pradesh,East Godavari,Rajahmundry APMC,Cereals,Paddy(Common),14-05-2024,1.00,Metric Tonnes
Andhra Pradesh,East Godavari,Rajahmundry APMC,Cereals,Paddy(Common),15-05-2024,1.00,Metric Tonnes
Andhra Pradesh,East Godavari,Rajahmundry APMC,Cereals,Paddy(Common),16-05-2024,1.00,Metric Tonnes
Andhra Pradesh,East Godavari,Rajahmundry APMC,Cereals,Paddy(Common),17-05-2024,1.00,Metric Tonnes
Andhra Pradesh,East Godavari,Rajahmundry APMC,Cereals,Paddy(Common),18-05-2024,1.00,Metric Tonnes
Andhra Pradesh,East Godavari,Rajahmundry APMC,Cereals,Paddy(Common),19-05-2024,1.00,Metric Tonnes
Andhra Pradesh,East Godavari,Rajahmundry APMC,Cereals,Paddy(Common),20-05-2024,1.00,Metric Tonnes
Andhra Pradesh,East Godavari,Rajahmundry APMC,Cereals,Paddy(Common),21-05-2024,1.00,Metric Tonnes
Andhra Pradesh,East Godavari,Rajahmundry APMC,Cereals,Paddy(Common),22-05-2024,1.00,Metric Tonnes
Andhra Pradesh,East Godavari,Rajahmundry APMC,Cereals,Paddy(Common),23-05-2024,1.00,Metric Tonnes
Andhra Pradesh,East Godavari,Rajahmundry APMC,Cereals,Paddy(Common),24-05-2024,1.00,Metric Tonnes
Andhra Pradesh,East Godavari,Rajahmundry APMC,Cereals,Paddy(Common),25-05-2024,1.00,Metric Tonnes
Andhra Pradesh,East Godavari,Rajahmundry APMC,Cereals,Paddy(Common),26-05-2024,1.00,Metric Tonnes
Andhra Pradesh,East Godavari,Rajahmundry APMC,Cereals,Paddy(Common),27-05-2024,1.00,Metric Tonnes
Andhra Pradesh,East Godavari,Rajahmundry APMC,Cereals,Paddy(Common),28-05-2024,1.00,Metric Tonnes
Andhra Pradesh,East Godavari,Rajahmundry APMC,Cereals,Paddy(Common),29-05-2024,1.00,Metric Tonnes
Andhra Pradesh,East Godavari,Rajahmundry APMC,Cereals,Paddy(Common),30-05-2024,1.00,Metric Tonnes
Andhra Pradesh,East Godavari,Rajahmundry APMC,Cereals,Paddy(Common),31-05-2024,1.00,Metric Tonnes
Andhra Pradesh,East Godavari,Rajahmundry APMC,Cereals,Paddy(Common),01-06-2024,1.00,Metric Tonnes
Andhra Pradesh,East Godavari,Rajahmundry APMC,Cereals,Paddy(Common),03-06-2024,1.00,Metric Tonnes
Andhra Pradesh,East Godavari,Rajahmundry APMC,Cereals,Paddy(Common),04-06-2024,1.00,Metric Tonnes
Andhra Pradesh,East Godavari,Rajahmundry APMC,Cereals,Paddy(Common),05-06-2024,1.00,Metric Tonnes
Andhra Pradesh,East Godavari,Rajahmundry APMC,Cereals,Paddy(Common),06-06-2024,1.00,Metric Tonnes
Andhra Pradesh,East Godavari,Rajahmundry APMC,Cereals,Paddy(Common),11-06-2024,1.00,Metric Tonnes
Andhra Pradesh,East Godavari,Rajahmundry APMC,Cereals,Paddy(Common),12-06-2024,1.00,Metric Tonnes
Andhra Pradesh,East Godavari,Rajahmundry APMC,Cereals,Paddy(Common),13-06-2024,1.00,Metric Tonnes
Andhra Pradesh,East Godavari,Rajahmundry APMC,Cereals,Paddy(Common),14-06-2024,1.00,Metric Tonnes
Andhra Pradesh,East Godavari,Rajahmundry APMC,Cereals,Paddy(Common),15-06-2024,1.00,Metric Tonnes
Andhra Pradesh,East Godavari,Rajahmundry APMC,Cereals,Paddy(Common),18-06-2024,1.00,Metric Tonnes
Andhra Pradesh,East Godavari,Rajahmundry APMC,Cereals,Paddy(Common),20-06-2024,1.00,Metric Tonnes
Andhra Pradesh,East Godavari,Rajahmundry APMC,Cereals,Paddy(Common),21-06-2024,1.00,Metric Tonnes
Andhra Pradesh,East Godavari,Rajahmundry APMC,Cereals,Paddy(Common),25-06-2024,1.00,Metric Tonnes
Andhra Pradesh,East Godavari,Rajahmundry APMC,Cereals,Paddy(Common),26-06-2024,1.00,Metric Tonnes
Andhra Pradesh,East Godavari,Rajahmundry APMC,Cereals,Paddy(Common),28-06-2024,1.00,Metric Tonnes
Andhra Pradesh,East Godavari,Rajahmundry APMC,Cereals,Paddy(Common),29-06-2024,1.00,Metric Tonnes
Andhra Pradesh,East Godavari,Rajahmundry APMC,Cereals,Paddy(Common),30-06-2024,1.00,Metric Tonnes
Andhra Pradesh,East Godavari,Rajahmundry APMC,Cereals,Paddy(Common),01-07-2024,1.00,Metric Tonnes
Andhra Pradesh,East Godavari,Rajahmundry APMC,Cereals,Paddy(Common),03-07-2024,1.00,Metric Tonnes
Andhra Pradesh,East Godavari,Rajahmundry APMC,Cereals,Paddy(Common),04-07-2024,1.00,Metric Tonnes
Andhra Pradesh,East Godavari,Rajahmundry APMC,Cereals,Paddy(Common),05-07-2024,1.00,Metric Tonnes
Andhra Pradesh,East Godavari,Rajahmundry APMC,Cereals,Paddy(Common),06-07-2024,1.00,Metric Tonnes
Andhra Pradesh,East Godavari,Rajahmundry APMC,Cereals,Paddy(Common),07-07-2024,1.00,Metric Tonnes
Andhra Pradesh,East Godavari,Rajahmundry APMC,Cereals,Paddy(Common),08-07-2024,1.00,Metric Tonnes
Andhra Pradesh,East Godavari,Rajahmundry APMC,Cereals,Paddy(Common),09-07-2024,1.00,Metric Tonnes
Andhra Pradesh,East Godavari,Rajahmundry APMC,Cereals,Paddy(Common),10-07-2024,1.00,Metric Tonnes
Andhra Pradesh,East Godavari,Rajahmundry APMC,Cereals,Paddy(Common),11-07-2024,1.00,Metric Tonnes
Andhra Pradesh,East Godavari,Rajahmundry APMC,Cereals,Paddy(Common),12-07-2024,1.00,Metric Tonnes
Andhra Pradesh,East Godavari,Rajahmundry APMC,Cereals,Paddy(Common),15-07-2024,1.00,Metric Tonnes
Andhra Pradesh,East Godavari,Rajahmundry APMC,Cereals,Paddy(Common),16-07-2024,1.00,Metric Tonnes
Andhra Pradesh,East Godavari,Rajahmundry APMC,Cereals,Paddy(Common),17-07-2024,1.00,Metric Tonnes
Andhra Pradesh,East Godavari,Rajahmundry APMC,Cereals,Paddy(Common),18-07-2024,1.00,Metric Tonnes
Andhra Pradesh,East Godavari,Rajahmundry APMC,Cereals,Paddy(Common),19-07-2024,1.00,Metric Tonnes
Andhra Pradesh,East Godavari,Rajahmundry APMC,Cereals,Paddy(Common),20-07-2024,1.00,Metric Tonnes
Andhra Pradesh,East Godavari,Rajahmundry APMC,Cereals,Paddy(Common),21-07-2024,1.00,Metric Tonnes
Andhra Pradesh,East Godavari,Rajahmundry APMC,Cereals,Paddy(Common),22-07-2024,1.00,Metric Tonnes
Andhra Pradesh,East Godavari,Rajahmundry APMC,Cereals,Paddy(Common),23-07-2024,1.00,Metric Tonnes
Andhra Pradesh,East Godavari,Rajahmundry APMC,Cereals,Paddy(Common),24-07-2024,1.00,Metric Tonnes
Andhra Pradesh,East Godavari,Rajahmundry APMC,Cereals,Paddy(Common),25-07-2024,1.00,Metric Tonnes
Andhra Pradesh,East Godavari,Rajahmundry APMC,Cereals,Paddy(Common),28-07-2024,1.00,Metric Tonnes
Andhra Pradesh,East Godavari,Rajahmundry APMC,Cereals,Paddy(Common),29-07-2024,1.00,Metric Tonnes
Andhra Pradesh,East Godavari,Rajahmundry APMC,Cereals,Paddy(Common),30-07-2024,1.00,Metric Tonnes
Andhra Pradesh,East Godavari,Rajahmundry APMC,Cereals,Paddy(Common),31-07-2024,1.00,Metric Tonnes
Andhra Pradesh,East Godavari,Rajahmundry APMC,Cereals,Paddy(Common),02-08-2024,1.00,Metric Tonnes
Andhra Pradesh,East Godavari,Rajahmundry APMC,Cereals,Paddy(Common),03-08-2024,1.00,Metric Tonnes
Andhra Pradesh,East Godavari,Rajahmundry APMC,Cereals,Paddy(Common),04-08-2024,1.00,Metric Tonnes
Andhra Pradesh,East Godavari,Rajahmundry APMC,Cereals,Paddy(Common),05-08-2024,1.00,Metric Tonnes
Andhra Pradesh,East Godavari,Rajahmundry APMC,Cereals,Paddy(Common),06-08-2024,1.00,Metric Tonnes
Andhra Pradesh,East Godavari,Rajahmundry APMC,Cereals,Paddy(Common),07-08-2024,1.00,Metric Tonnes
Andhra Pradesh,East Godavari,Rajahmundry APMC,Cereals,Paddy(Common),08-08-2024,1.00,Metric Tonnes
Andhra Pradesh,East Godavari,Rajahmundry APMC,Cereals,Paddy(Common),09-08-2024,1.00,Metric Tonnes
Andhra Pradesh,East Godavari,Rajahmundry APMC,Cereals,Paddy(Common),10-08-2024,1.00,Metric Tonnes
Andhra Pradesh,East Godavari,Rajahmundry APMC,Cereals,Paddy(Common),11-08-2024,1.00,Metric Tonnes
Andhra Pradesh,East Godavari,Rajahmundry APMC,Cereals,Paddy(Common),12-08-2024,1.00,Metric Tonnes
Andhra Pradesh,East Godavari,Rajahmundry APMC,Cereals,Paddy(Common),13-08-2024,1.00,Metric Tonnes
Andhra Pradesh,East Godavari,Rajahmundry APMC,Cereals,Paddy(Common),14-08-2024,1.00,Metric Tonnes
Andhra Pradesh,East Godavari,Rajahmundry APMC,Cereals,Paddy(Common),15-08-2024,1.00,Metric Tonnes
Andhra Pradesh,East Godavari,Rajahmundry APMC,Cereals,Paddy(Common),16-08-2024,1.00,Metric Tonnes
Andhra Pradesh,East Godavari,Rajahmundry APMC,Cereals,Paddy(Common),17-08-2024,1.00,Metric Tonnes
Andhra Pradesh,East Godavari,Rajahmundry APMC,Cereals,Paddy(Common),19-08-2024,1.00,Metric Tonnes
Andhra Pradesh,East Godavari,Rajahmundry APMC,Cereals,Paddy(Common),20-08-2024,1.00,Metric Tonnes
Andhra Pradesh,East Godavari,Rajahmundry APMC,Cereals,Paddy(Common),21-08-2024,1.00,Metric Tonnes
Andhra Pradesh,East Godavari,Rajahmundry APMC,Cereals,Paddy(Common),22-08-2024,1.00,Metric Tonnes
Andhra Pradesh,East Godavari,Rajahmundry APMC,Cereals,Paddy(Common),23-08-2024,1.00,Metric Tonnes
Andhra Pradesh,East Godavari,Rajahmundry APMC,Cereals,Paddy(Common),24-08-2024,1.00,Metric Tonnes
Andhra Pradesh,East Godavari,Rajahmundry APMC,Cereals,Paddy(Common),28-08-2024,1.00,Metric Tonnes
Andhra Pradesh,East Godavari,Rajahmundry APMC,Cereals,Paddy(Common),29-08-2024,1.00,Metric Tonnes
Andhra Pradesh,East Godavari,Rajahmundry APMC,Cereals,Paddy(Common),30-08-2024,1.00,Metric Tonnes
Andhra Pradesh,East Godavari,Rajahmundry APMC,Cereals,Paddy(Common),31-08-2024,1.00,Metric Tonnes
Andhra Pradesh,East Godavari,Rajahmundry APMC,Cereals,Paddy(Common),01-09-2024,1.00,Metric Tonnes
Andhra Pradesh,East Godavari,Rajahmundry APMC,Cereals,Paddy(Common),02-09-2024,1.00,Metric Tonnes
Andhra Pradesh,East Godavari,Rajahmundry APMC,Cereals,Paddy(Common),04-09-2024,1.00,Metric Tonnes
Andhra Pradesh,East Godavari,Rajahmundry APMC,Cereals,Paddy(Common),05-09-2024,1.00,Metric Tonnes
Andhra Pradesh,East Godavari,Rajahmundry APMC,Cereals,Paddy(Common),06-09-2024,1.00,Metric Tonnes
Andhra Pradesh,East Godavari,Rajahmundry APMC,Cereals,Paddy(Common),09-09-2024,1.00,Metric Tonnes
Andhra Pradesh,East Godavari,Rajahmundry APMC,Cereals,Paddy(Common),10-09-2024,1.00,Metric Tonnes
Andhra Pradesh,East Godavari,Rajahmundry APMC,Cereals,Paddy(Common),11-09-2024,1.00,Metric Tonnes
Andhra Pradesh,East Godavari,Rajahmundry APMC,Cereals,Paddy(Common),23-09-2024,1.00,Metric Tonnes
Andhra Pradesh,East Godavari,Rajahmundry APMC,Cereals,Paddy(Common),24-09-2024,1.00,Metric Tonnes
Andhra Pradesh,East Godavari,Rajahmundry APMC,Cereals,Paddy(Common),25-09-2024,1.00,Metric Tonnes
Andhra Pradesh,East Godavari,Rajahmundry APMC,Cereals,Paddy(Common),26-09-2024,1.00,Metric Tonnes
Andhra Pradesh,East Godavari,Rajahmundry APMC,Cereals,Paddy(Common),27-09-2024,1.00,Metric Tonnes
Andhra Pradesh,East Godavari,Rajahmundry APMC,Cereals,Paddy(Common),30-09-2024,1.00,Metric Tonnes
Andhra Pradesh,East Godavari,Rajahmundry APMC,Cereals,Paddy(Common),01-10-2024,1.00,Metric Tonnes
Andhra Pradesh,East Godavari,Rajahmundry APMC,Cereals,Paddy(Common),03-10-2024,1.00,Metric Tonnes
Andhra Pradesh,East Godavari,Rajahmundry APMC,Cereals,Paddy(Common),04-10-2024,1.00,Metric Tonnes
Andhra Pradesh,East Godavari,Rajahmundry APMC,Cereals,Paddy(Common),06-10-2024,1.00,Metric Tonnes
Andhra Pradesh,East Godavari,Rajahmundry APMC,Cereals,Paddy(Common),07-10-2024,1.00,Metric Tonnes
Andhra Pradesh,East Godavari,Rajahmundry APMC,Cereals,Paddy(Common),08-10-2024,1.00,Metric Tonnes
Andhra Pradesh,East Godavari,Rajahmundry APMC,Cereals,Paddy(Common),09-10-2024,1.00,Metric Tonnes
Andhra Pradesh,East Godavari,Rajahmundry APMC,Cereals,Paddy(Common),10-10-2024,1.00,Metric Tonnes
Andhra Pradesh,East Godavari,Rajahmundry APMC,Cereals,Paddy(Common),11-10-2024,1.00,Metric Tonnes
Andhra Pradesh,East Godavari,Rajahmundry APMC,Cereals,Paddy(Common),12-10-2024,1.00,Metric Tonnes
Andhra Pradesh,East Godavari,Rajahmundry APMC,Cereals,Paddy(Common),13-10-2024,1.00,Metric Tonnes
Andhra Pradesh,East Godavari,Rajahmundry APMC,Cereals,Paddy(Common),14-10-2024,1.00,Metric Tonnes
Andhra Pradesh,East Godavari,Rajahmundry APMC,Cereals,Paddy(Common),15-10-2024,1.00,Metric Tonnes
Andhra Pradesh,East Godavari,Rajahmundry APMC,Cereals,Paddy(Common),16-10-2024,1.00,Metric Tonnes
Andhra Pradesh,East Godavari,Rajahmundry APMC,Cereals,Paddy(Common),17-10-2024,1.00,Metric Tonnes
Andhra Pradesh,East Godavari,Rajahmundry APMC,Cereals,Paddy(Common),18-10-2024,1.00,Metric Tonnes
Andhra Pradesh,East Godavari,Rajahmundry APMC,Cereals,Paddy(Common),19-10-2024,1.00,Metric Tonnes
Andhra Pradesh,East Godavari,Rajahmundry APMC,Cereals,Paddy(Common),20-10-2024,1.00,Metric Tonnes
Andhra Pradesh,East Godavari,Rajahmundry APMC,Cereals,Paddy(Common),21-10-2024,1.00,Metric Tonnes
Andhra Pradesh,East Godavari,Rajahmundry APMC,Cereals,Paddy(Common),23-10-2024,1.00,Metric Tonnes
Andhra Pradesh,East Godavari,Rajahmundry APMC,Cereals,Paddy(Common),24-10-2024,1.00,Metric Tonnes
Andhra Pradesh,East Godavari,Rajahmundry APMC,Cereals,Paddy(Common),25-10-2024,1.00,Metric Tonnes
Andhra Pradesh,East Godavari,Rajahmundry APMC,Cereals,Paddy(Common),26-10-2024,1.00,Metric Tonnes
Andhra Pradesh,East Godavari,Rajahmundry APMC,Cereals,Paddy(Common),27-10-2024,1.00,Metric Tonnes
Andhra Pradesh,East Godavari,Rajahmundry APMC,Cereals,Paddy(Common),28-10-2024,1.00,Metric Tonnes
Andhra Pradesh,East Godavari,Rajahmundry APMC,Cereals,Paddy(Common),29-10-2024,1.00,Metric Tonnes
Andhra Pradesh,East Godavari,Rajahmundry APMC,Cereals,Paddy(Common),01-11-2024,1.00,Metric Tonnes
Andhra Pradesh,East Godavari,Rajahmundry APMC,Cereals,Paddy(Common),02-11-2024,1.00,Metric Tonnes
Andhra Pradesh,East Godavari,Rajahmundry APMC,Cereals,Paddy(Common),03-11-2024,3.00,Metric Tonnes
Andhra Pradesh,East Godavari,Rajahmundry APMC,Cereals,Paddy(Common),04-11-2024,1.00,Metric Tonnes
Andhra Pradesh,East Godavari,Rajahmundry APMC,Cereals,Paddy(Common),05-11-2024,1.00,Metric Tonnes
Andhra Pradesh,East Godavari,Rajahmundry APMC,Cereals,Paddy(Common),06-11-2024,1.00,Metric Tonnes
Andhra Pradesh,East Godavari,Rajahmundry APMC,Cereals,Paddy(Common),14-11-2024,1.00,Metric Tonnes
Andhra Pradesh,East Godavari,Rajahmundry APMC,Cereals,Paddy(Common),15-11-2024,1.00,Metric Tonnes
Andhra Pradesh,East Godavari,Rajahmundry APMC,Cereals,Paddy(Common),16-11-2024,1.00,Metric Tonnes
Andhra Pradesh,East Godavari,Rajahmundry APMC,Cereals,Paddy(Common),17-11-2024,1.00,Metric Tonnes
Andhra Pradesh,East Godavari,Rajahmundry APMC,Cereals,Paddy(Common),18-11-2024,1.00,Metric Tonnes
Andhra Pradesh,East Godavari,Rajahmundry APMC,Cereals,Paddy(Common),19-11-2024,1.00,Metric Tonnes
Andhra Pradesh,East Godavari,Rajahmundry APMC,Cereals,Paddy(Common),20-11-2024,1.00,Metric Tonnes
Andhra Pradesh,East Godavari,Rajahmundry APMC,Cereals,Paddy(Common),21-11-2024,1.00,Metric Tonnes
Andhra Pradesh,East Godavari,Rajahmundry APMC,Cereals,Paddy(Common),22-11-2024,1.00,Metric Tonnes
Andhra Pradesh,East Godavari,Rajahmundry APMC,Cereals,Paddy(Common),23-11-2024,1.00,Metric Tonnes
Andhra Pradesh,East Godavari,Rajahmundry APMC,Cereals,Paddy(Common),24-11-2024,1.00,Metric Tonnes
Andhra Pradesh,East Godavari,Rajahmundry APMC,Cereals,Paddy(Common),25-11-2024,1.00,Metric Tonnes
Andhra Pradesh,East Godavari,Rajahmundry APMC,Cereals,Paddy(Common),26-11-2024,1.00,Metric Tonnes
Andhra Pradesh,East Godavari,Rajahmundry APMC,Cereals,Paddy(Common),27-11-2024,1.00,Metric Tonnes
Andhra Pradesh,East Godavari,Rajahmundry APMC,Cereals,Paddy(Common),28-11-2024,1.00,Metric Tonnes
Andhra Pradesh,East Godavari,Rajahmundry APMC,Cereals,Paddy(Common),29-11-2024,1.00,Metric Tonnes
Andhra Pradesh,East Godavari,Rajahmundry APMC,Cereals,Paddy(Common),02-12-2024,1.00,Metric Tonnes
Andhra Pradesh,East Godavari,Rajahmundry APMC,Cereals,Paddy(Common),03-12-2024,1.00,Metric Tonnes
Andhra Pradesh,East Godavari,Rajahmundry APMC,Cereals,Paddy(Common),06-12-2024,1.00,Metric Tonnes
Andhra Pradesh,East Godavari,Rajahmundry APMC,Cereals,Paddy(Common),07-12-2024,1.00,Metric Tonnes
Andhra Pradesh,East Godavari,Rajahmundry APMC,Cereals,Paddy(Common),08-12-2024,1.00,Metric Tonnes
Andhra Pradesh,East Godavari,Rajahmundry APMC,Cereals,Paddy(Common),09-12-2024,1.00,Metric Tonnes
Andhra Pradesh,East Godavari,Rajahmundry APMC,Cereals,Paddy(Common),11-12-2024,1.00,Metric Tonnes
Andhra Pradesh,East Godavari,Rajahmundry APMC,Cereals,Paddy(Common),12-12-2024,1.00,Metric Tonnes
Andhra Pradesh,East Godavari,Rajahmundry APMC,Cereals,Paddy(Common),13-12-2024,1.00,Metric Tonnes
Andhra Pradesh,East Godavari,Rajahmundry APMC,Cereals,Paddy(Common),16-12-2024,1.00,Metric Tonnes
Andhra Pradesh,East Godavari,Rajahmundry APMC,Cereals,Paddy(Common),17-12-2024,1.00,Metric Tonnes
Andhra Pradesh,East Godavari,Rajahmundry APMC,Cereals,Paddy(Common),18-12-2024,1.00,Metric Tonnes
Andhra Pradesh,East Godavari,Rajahmundry APMC,Cereals,Paddy(Common),19-12-2024,1.00,Metric Tonnes
Andhra Pradesh,East Godavari,Rajahmundry APMC,Cereals,Paddy(Common),20-12-2024,1.00,Metric Tonnes
Andhra Pradesh,East Godavari,Rajahmundry APMC,Cereals,Paddy(Common),21-12-2024,1.00,Metric Tonnes
Andhra Pradesh,East Godavari,Rajahmundry APMC,Cereals,Paddy(Common),22-12-2024,1.00,Metric Tonnes
Andhra Pradesh,East Godavari,Rajahmundry APMC,Cereals,Paddy(Common),23-12-2024,1.00,Metric Tonnes
Andhra Pradesh,East Godavari,Rajahmundry APMC,Cereals,Paddy(Common),24-12-2024,1.00,Metric Tonnes
Andhra Pradesh,East Godavari,Rajahmundry APMC,Cereals,Paddy(Common),25-12-2024,1.00,Metric Tonnes
Andhra Pradesh,East Godavari,Rajahmundry APMC,Cereals,Paddy(Common),26-12-2024,1.00,Metric Tonnes
Andhra Pradesh,East Godavari,Rajahmundry APMC,Cereals,Paddy(Common),27-12-2024,1.00,Metric Tonnes
Andhra Pradesh,East Godavari,Rajahmundry APMC,Cereals,Paddy(Common),28-12-2024,1.00,Metric Tonnes
Andhra Pradesh,East Godavari,Rajahmundry APMC,Cereals,Paddy(Common),29-12-2024,1.00,Metric Tonnes
Andhra Pradesh,East Godavari,Rajahmundry APMC,Cereals,Paddy(Common),30-12-2024,1.00,Metric Tonnes
Andhra Pradesh,East Godavari,Rajahmundry APMC,Cereals,Paddy(Common),02-01-2025,1.00,Metric Tonnes
Andhra Pradesh,East Godavari,Rajahmundry APMC,Cereals,Paddy(Common),03-01-2025,1.00,Metric Tonnes
Andhra Pradesh,East Godavari,Rajahmundry APMC,Cereals,Paddy(Common),04-01-2025,1.00,Metric Tonnes
Andhra Pradesh,East Godavari,Rajahmundry APMC,Cereals,Paddy(Common),05-01-2025,1.00,Metric Tonnes
Andhra Pradesh,East Godavari,Rajahmundry APMC,Cereals,Paddy(Common),06-01-2025,1.00,Metric Tonnes
Andhra Pradesh,East Godavari,Rajahmundry APMC,Cereals,Paddy(Common),08-01-2025,1.00,Metric Tonnes
Andhra Pradesh,East Godavari,Rajahmundry APMC,Cereals,Paddy(Common),09-01-2025,1.00,Metric Tonnes
Andhra Pradesh,East Godavari,Rajahmundry APMC,Cereals,Paddy(Common),10-01-2025,1.00,Metric Tonnes
Andhra Pradesh,East Godavari,Rajahmundry APMC,Cereals,Paddy(Common),16-01-2025,1.00,Metric Tonnes
Andhra Pradesh,East Godavari,Rajahmundry APMC,Cereals,Paddy(Common),17-01-2025,1.00,Metric Tonnes
Andhra Pradesh,East Godavari,Rajahmundry APMC,Cereals,Paddy(Common),18-01-2025,1.00,Metric Tonnes
Andhra Pradesh,East Godavari,Rajahmundry APMC,Cereals,Paddy(Common),19-01-2025,1.00,Metric Tonnes
Andhra Pradesh,East Godavari,Rajahmundry APMC,Cereals,Paddy(Common),20-01-2025,1.00,Metric Tonnes
Andhra Pradesh,East Godavari,Rajahmundry APMC,Cereals,Paddy(Common),21-01-2025,1.00,Metric Tonnes
Andhra Pradesh,East Godavari,Rajahmundry APMC,Cereals,Paddy(Common),23-01-2025,1.00,Metric Tonnes
Andhra Pradesh,East Godavari,Rajahmundry APMC,Cereals,Paddy(Common),24-01-2025,1.00,Metric Tonnes
Andhra Pradesh,East Godavari,Rajahmundry APMC,Cereals,Paddy(Common),25-01-2025,0.01,Metric Tonnes
Andhra Pradesh,East Godavari,Rajahmundry APMC,Cereals,Paddy(Common),26-01-2025,0.01,Metric Tonnes
Andhra Pradesh,East Godavari,Rajahmundry APMC,Cereals,Paddy(Common),27-01-2025,0.01,Metric Tonnes
Andhra Pradesh,East Godavari,Rajahmundry APMC,Cereals,Paddy(Common),29-01-2025,0.01,Metric Tonnes
Andhra Pradesh,East Godavari,Rajahmundry APMC,Cereals,Paddy(Common),30-01-2025,0.01,Metric Tonnes
Andhra Pradesh,East Godavari,Rajahmundry APMC,Cereals,Paddy(Common),23-07-2026,1.00,Metric Tonnes
Andhra Pradesh,East Godavari,Rajahmundry APMC,Cereals,Paddy(Common),24-07-2026,1.00,Metric Tonnes
Andhra Pradesh,East Godavari,Rajahmundry APMC,Cereals,Paddy(Common),25-07-2026,1.00,Metric Tonnes
Andhra Pradesh,East Godavari,Rajahmundry APMC,Cereals,Paddy(Common),26-07-2026,1.00,Metric Tonnes
Andhra Pradesh,East Godavari,Rajahmundry APMC,Cereals,Paddy(Common),27-07-2026,1.00,Metric Tonnes
Andhra Pradesh,East Godavari,Rajahmundry APMC,Cereals,Paddy(Common),28-07-2026,1.00,Metric Tonnes
Andhra Pradesh,East Godavari,Rajahmundry APMC,Cereals,Paddy(Common),29-07-2026,1.00,Metric Tonnes
Andhra Pradesh,East Godavari,Rajahmundry APMC,Cereals,Paddy(Common),30-07-2026,1.00,Metric Tonnes
Andhra Pradesh,East Godavari,Rajahmundry APMC,Cereals,Paddy(Common),31-07-2026,1.00,Metric Tonnes
Andhra Pradesh,East Godavari,Rajahmundry APMC,Cereals,Paddy(Common),01-08-2026,1.00,Metric Tonnes
Andhra Pradesh,East Godavari,Rajahmundry APMC,Cereals,Paddy(Common),02-08-2026,1.00,Metric Tonnes
Andhra Pradesh,East Godavari,Rajahmundry APMC,Cereals,Paddy(Common),03-08-2026,1.00,Metric Tonnes
Andhra Pradesh,East Godavari,Rajahmundry APMC,Cereals,Paddy(Common),04-08-2026,1.00,Metric Tonnes
Andhra Pradesh,East Godavari,Rajahmundry APMC,Cereals,Paddy(Common),05-08-2026,1.00,Metric Tonnes
Andhra Pradesh,East Godavari,Rajahmundry APMC,Cereals,Paddy(Common),06-08-2026,1.00,Metric Tonnes
Andhra Pradesh,East Godavari,Rajahmundry APMC,Cereals,Paddy(Common),07-08-2026,1.00,Metric Tonnes
Andhra Pradesh,Eluru,Bhimadole APMC,Cereals,Paddy(Common),23-07-2026,10.00,Metric Tonnes
Andhra Pradesh,Eluru,Bhimadole APMC,Cereals,Paddy(Common),24-07-2026,10.00,Metric Tonnes
Andhra Pradesh,Eluru,Bhimadole APMC,Cereals,Paddy(Common),28-07-2026,1.00,Metric Tonnes
Andhra Pradesh,Eluru,Bhimadole APMC,Cereals,Paddy(Common),29-07-2026,1.00,Metric Tonnes
Andhra Pradesh,Eluru,Bhimadole APMC,Cereals,Paddy(Common),30-07-2026,10.00,Metric Tonnes
Andhra Pradesh,Eluru,Bhimadole APMC,Cereals,Paddy(Common),01-08-2026,1.00,Metric Tonnes
Andhra Pradesh,Eluru,Bhimadole APMC,Cereals,Paddy(Common),03-08-2026,1.00,Metric Tonnes
Andhra Pradesh,Eluru,Bhimadole APMC,Cereals,Paddy(Common),04-08-2026,1.00,Metric Tonnes
Andhra Pradesh,Eluru,Bhimadole APMC,Cereals,Paddy(Common),05-08-2026,1.00,Metric Tonnes
Andhra Pradesh,Eluru,Bhimadole APMC,Cereals,Paddy(Common),06-08-2026,1.00,Metric Tonnes
Andhra Pradesh,Eluru,Bhimadole APMC,Cereals,Paddy(Common),07-08-2026,1.00,Metric Tonnes
Andhra Pradesh,Eluru,Chintalapudi APMC,Cereals,Paddy(Common),01-01-2022,1.00,Metric Tonnes
Andhra Pradesh,Eluru,Chintalapudi APMC,Cereals,Paddy(Common),02-01-2022,1.00,Metric Tonnes
Andhra Pradesh,Eluru,Chintalapudi APMC,Cereals,Paddy(Common),03-01-2022,1.00,Metric Tonnes
Andhra Pradesh,Eluru,Chintalapudi APMC,Cereals,Paddy(Common),04-01-2022,1.00,Metric Tonnes
Andhra Pradesh,Eluru,Chintalapudi APMC,Cereals,Paddy(Common),05-01-2022,1.00,Metric Tonnes
Andhra Pradesh,Eluru,Chintalapudi APMC,Cereals,Paddy(Common),07-01-2022,1.00,Metric Tonnes
Andhra Pradesh,Eluru,Chintalapudi APMC,Cereals,Paddy(Common),08-01-2022,1.00,Metric Tonnes
Andhra Pradesh,Eluru,Chintalapudi APMC,Cereals,Paddy(Common),09-01-2022,1.00,Metric Tonnes
Andhra Pradesh,Eluru,Chintalapudi APMC,Cereals,Paddy(Common),10-01-2022,1.00,Metric Tonnes
Andhra Pradesh,Eluru,Chintalapudi APMC,Cereals,Paddy(Common),11-01-2022,1.00,Metric Tonnes
Andhra Pradesh,Eluru,Chintalapudi APMC,Cereals,Paddy(Common),15-01-2022,1.00,Metric Tonnes
Andhra Pradesh,Eluru,Chintalapudi APMC,Cereals,Paddy(Common),16-01-2022,1.00,Metric Tonnes
Andhra Pradesh,Eluru,Chintalapudi APMC,Cereals,Paddy(Common),17-01-2022,1.00,Metric Tonnes
Andhra Pradesh,Eluru,Chintalapudi APMC,Cereals,Paddy(Common),18-01-2022,1.00,Metric Tonnes
Andhra Pradesh,Eluru,Chintalapudi APMC,Cereals,Paddy(Common),19-01-2022,1.00,Metric Tonnes
Andhra Pradesh,Eluru,Chintalapudi APMC,Cereals,Paddy(Common),20-01-2022,1.00,Metric Tonnes
Andhra Pradesh,Eluru,Chintalapudi APMC,Cereals,Paddy(Common),21-01-2022,1.00,Metric Tonnes
Andhra Pradesh,Eluru,Chintalapudi APMC,Cereals,Paddy(Common),22-01-2022,1.00,Metric Tonnes
Andhra Pradesh,Eluru,Chintalapudi APMC,Cereals,Paddy(Common),23-01-2022,1.00,Metric Tonnes
Andhra Pradesh,Eluru,Chintalapudi APMC,Cereals,Paddy(Common),24-01-2022,1.00,Metric Tonnes
Andhra Pradesh,Eluru,Chintalapudi APMC,Cereals,Paddy(Common),29-01-2022,1.00,Metric Tonnes
Andhra Pradesh,Eluru,Chintalapudi APMC,Cereals,Paddy(Common),30-01-2022,1.00,Metric Tonnes
Andhra Pradesh,Eluru,Chintalapudi APMC,Cereals,Paddy(Common),31-01-2022,1.00,Metric Tonnes
Andhra Pradesh,Eluru,Chintalapudi APMC,Cereals,Paddy(Common),01-02-2022,1.00,Metric Tonnes
Andhra Pradesh,Eluru,Chintalapudi APMC,Cereals,Paddy(Common),02-02-2022,1.00,Metric Tonnes
Andhra Pradesh,Eluru,Chintalapudi APMC,Cereals,Paddy(Common),03-02-2022,1.00,Metric Tonnes
Andhra Pradesh,Eluru,Chintalapudi APMC,Cereals,Paddy(Common),04-02-2022,1.00,Metric Tonnes
Andhra Pradesh,Eluru,Chintalapudi APMC,Cereals,Paddy(Common),05-02-2022,1.00,Metric Tonnes
Andhra Pradesh,Eluru,Chintalapudi APMC,Cereals,Paddy(Common),06-02-2022,1.00,Metric Tonnes
Andhra Pradesh,Eluru,Chintalapudi APMC,Cereals,Paddy(Common),07-02-2022,1.00,Metric Tonnes
Andhra Pradesh,Eluru,Chintalapudi APMC,Cereals,Paddy(Common),08-02-2022,1.00,Metric Tonnes
Andhra Pradesh,Eluru,Chintalapudi APMC,Cereals,Paddy(Common),09-02-2022,1.00,Metric Tonnes
Andhra Pradesh,Eluru,Chintalapudi APMC,Cereals,Paddy(Common),10-02-2022,1.00,Metric Tonnes
Andhra Pradesh,Eluru,Chintalapudi APMC,Cereals,Paddy(Common),11-02-2022,1.00,Metric Tonnes
Andhra Pradesh,Eluru,Chintalapudi APMC,Cereals,Paddy(Common),15-02-2022,1.00,Metric Tonnes
Andhra Pradesh,Eluru,Chintalapudi APMC,Cereals,Paddy(Common),16-02-2022,1.00,Metric Tonnes
Andhra Pradesh,Eluru,Chintalapudi APMC,Cereals,Paddy(Common),17-02-2022,1.00,Metric Tonnes
Andhra Pradesh,Eluru,Chintalapudi APMC,Cereals,Paddy(Common),18-02-2022,1.00,Metric Tonnes
Andhra Pradesh,Eluru,Chintalapudi APMC,Cereals,Paddy(Common),19-02-2022,1.00,Metric Tonnes
Andhra Pradesh,Eluru,Chintalapudi APMC,Cereals,Paddy(Common),20-02-2022,1.00,Metric Tonnes
Andhra Pradesh,Eluru,Chintalapudi APMC,Cereals,Paddy(Common),21-02-2022,1.00,Metric Tonnes
Andhra Pradesh,Eluru,Chintalapudi APMC,Cereals,Paddy(Common),22-02-2022,1.00,Metric Tonnes
Andhra Pradesh,Eluru,Chintalapudi APMC,Cereals,Paddy(Common),23-02-2022,1.00,Metric Tonnes
Andhra Pradesh,Eluru,Chintalapudi APMC,Cereals,Paddy(Common),25-02-2022,1.00,Metric Tonnes
Andhra Pradesh,Eluru,Chintalapudi APMC,Cereals,Paddy(Common),26-02-2022,1.00,Metric Tonnes
Andhra Pradesh,Eluru,Chintalapudi APMC,Cereals,Paddy(Common),27-02-2022,1.00,Metric Tonnes
Andhra Pradesh,Eluru,Chintalapudi APMC,Cereals,Paddy(Common),28-02-2022,1.00,Metric Tonnes
Andhra Pradesh,Eluru,Chintalapudi APMC,Cereals,Paddy(Common),01-03-2022,1.00,Metric Tonnes
Andhra Pradesh,Eluru,Chintalapudi APMC,Cereals,Paddy(Common),02-03-2022,1.00,Metric Tonnes
Andhra Pradesh,Eluru,Chintalapudi APMC,Cereals,Paddy(Common),05-03-2022,1.00,Metric Tonnes
Andhra Pradesh,Eluru,Chintalapudi APMC,Cereals,Paddy(Common),06-03-2022,1.00,Metric Tonnes
Andhra Pradesh,Eluru,Chintalapudi APMC,Cereals,Paddy(Common),07-03-2022,1.00,Metric Tonnes
Andhra Pradesh,Eluru,Chintalapudi APMC,Cereals,Paddy(Common),08-03-2022,1.00,Metric Tonnes
Andhra Pradesh,Eluru,Chintalapudi APMC,Cereals,Paddy(Common),13-03-2022,1.00,Metric Tonnes
Andhra Pradesh,Eluru,Chintalapudi APMC,Cereals,Paddy(Common),14-03-2022,1.00,Metric Tonnes
Andhra Pradesh,Eluru,Chintalapudi APMC,Cereals,Paddy(Common),15-03-2022,1.00,Metric Tonnes
Andhra Pradesh,Eluru,Chintalapudi APMC,Cereals,Paddy(Common),16-03-2022,1.00,Metric Tonnes
Andhra Pradesh,Eluru,Chintalapudi APMC,Cereals,Paddy(Common),19-03-2022,1.00,Metric Tonnes
Andhra Pradesh,Eluru,Chintalapudi APMC,Cereals,Paddy(Common),20-03-2022,1.00,Metric Tonnes
Andhra Pradesh,Eluru,Chintalapudi APMC,Cereals,Paddy(Common),21-03-2022,1.00,Metric Tonnes
Andhra Pradesh,Eluru,Chintalapudi APMC,Cereals,Paddy(Common),22-03-2022,1.00,Metric Tonnes
Andhra Pradesh,Eluru,Chintalapudi APMC,Cereals,Paddy(Common),25-03-2022,1.00,Metric Tonnes
Andhra Pradesh,Eluru,Chintalapudi APMC,Cereals,Paddy(Common),26-03-2022,1.00,Metric Tonnes
Andhra Pradesh,Eluru,Chintalapudi APMC,Cereals,Paddy(Common),27-03-2022,1.00,Metric Tonnes
Andhra Pradesh,Eluru,Chintalapudi APMC,Cereals,Paddy(Common),28-03-2022,1.00,Metric Tonnes
Andhra Pradesh,Eluru,Chintalapudi APMC,Cereals,Paddy(Common),13-04-2022,1.00,Metric Tonnes
Andhra Pradesh,Eluru,Chintalapudi APMC,Cereals,Paddy(Common),14-04-2022,1.00,Metric Tonnes
Andhra Pradesh,Eluru,Chintalapudi APMC,Cereals,Paddy(Common),15-04-2022,1.00,Metric Tonnes
Andhra Pradesh,Eluru,Chintalapudi APMC,Cereals,Paddy(Common),16-04-2022,1.00,Metric Tonnes
Andhra Pradesh,Eluru,Chintalapudi APMC,Cereals,Paddy(Common),17-04-2022,1.00,Metric Tonnes
Andhra Pradesh,Eluru,Chintalapudi APMC,Cereals,Paddy(Common),18-04-2022,1.00,Metric Tonnes
Andhra Pradesh,Eluru,Chintalapudi APMC,Cereals,Paddy(Common),19-04-2022,1.00,Metric Tonnes
Andhra Pradesh,Eluru,Chintalapudi APMC,Cereals,Paddy(Common),20-04-2022,1.00,Metric Tonnes
Andhra Pradesh,Eluru,Chintalapudi APMC,Cereals,Paddy(Common),21-04-2022,1.00,Metric Tonnes
Andhra Pradesh,Eluru,Chintalapudi APMC,Cereals,Paddy(Common),23-04-2022,1.00,Metric Tonnes
Andhra Pradesh,Eluru,Chintalapudi APMC,Cereals,Paddy(Common),24-04-2022,1.00,Metric Tonnes
Andhra Pradesh,Eluru,Chintalapudi APMC,Cereals,Paddy(Common),25-04-2022,1.00,Metric Tonnes
Andhra Pradesh,Eluru,Chintalapudi APMC,Cereals,Paddy(Common),26-04-2022,1.00,Metric Tonnes
Andhra Pradesh,Eluru,Chintalapudi APMC,Cereals,Paddy(Common),27-04-2022,1.00,Metric Tonnes
Andhra Pradesh,Eluru,Chintalapudi APMC,Cereals,Paddy(Common),28-04-2022,1.00,Metric Tonnes
Andhra Pradesh,Eluru,Chintalapudi APMC,Cereals,Paddy(Common),29-04-2022,1.00,Metric Tonnes
Andhra Pradesh,Eluru,Chintalapudi APMC,Cereals,Paddy(Common),30-04-2022,1.00,Metric Tonnes
Andhra Pradesh,Eluru,Chintalapudi APMC,Cereals,Paddy(Common),01-05-2022,1.00,Metric Tonnes
Andhra Pradesh,Eluru,Chintalapudi APMC,Cereals,Paddy(Common),02-05-2022,1.00,Metric Tonnes
Andhra Pradesh,Eluru,Chintalapudi APMC,Cereals,Paddy(Common),04-05-2022,1.00,Metric Tonnes
Andhra Pradesh,Eluru,Chintalapudi APMC,Cereals,Paddy(Common),05-05-2022,1.00,Metric Tonnes
Andhra Pradesh,Eluru,Chintalapudi APMC,Cereals,Paddy(Common),09-05-2022,1.00,Metric Tonnes
Andhra Pradesh,Eluru,Chintalapudi APMC,Cereals,Paddy(Common),10-05-2022,1.00,Metric Tonnes
Andhra Pradesh,Eluru,Chintalapudi APMC,Cereals,Paddy(Common),11-05-2022,1.00,Metric Tonnes
Andhra Pradesh,Eluru,Chintalapudi APMC,Cereals,Paddy(Common),12-05-2022,1.00,Metric Tonnes
Andhra Pradesh,Eluru,Chintalapudi APMC,Cereals,Paddy(Common),22-05-2022,1.00,Metric Tonnes
Andhra Pradesh,Eluru,Chintalapudi APMC,Cereals,Paddy(Common),23-05-2022,1.00,Metric Tonnes
Andhra Pradesh,Eluru,Chintalapudi APMC,Cereals,Paddy(Common),24-05-2022,1.00,Metric Tonnes
Andhra Pradesh,Eluru,Chintalapudi APMC,Cereals,Paddy(Common),25-05-2022,1.00,Metric Tonnes
Andhra Pradesh,Eluru,Chintalapudi APMC,Cereals,Paddy(Common),27-05-2022,1.00,Metric Tonnes
Andhra Pradesh,Eluru,Chintalapudi APMC,Cereals,Paddy(Common),28-05-2022,1.00,Metric Tonnes
Andhra Pradesh,Eluru,Chintalapudi APMC,Cereals,Paddy(Common),29-05-2022,1.00,Metric Tonnes
Andhra Pradesh,Eluru,Chintalapudi APMC,Cereals,Paddy(Common),30-05-2022,1.00,Metric Tonnes
Andhra Pradesh,Eluru,Chintalapudi APMC,Cereals,Paddy(Common),01-06-2022,1.00,Metric Tonnes
Andhra Pradesh,Eluru,Chintalapudi APMC,Cereals,Paddy(Common),02-06-2022,1.00,Metric Tonnes
Andhra Pradesh,Eluru,Chintalapudi APMC,Cereals,Paddy(Common),03-06-2022,1.00,Metric Tonnes
Andhra Pradesh,Eluru,Chintalapudi APMC,Cereals,Paddy(Common),04-06-2022,1.00,Metric Tonnes
Andhra Pradesh,Eluru,Chintalapudi APMC,Cereals,Paddy(Common),12-06-2022,1.00,Metric Tonnes
Andhra Pradesh,Eluru,Chintalapudi APMC,Cereals,Paddy(Common),13-06-2022,1.00,Metric Tonnes
Andhra Pradesh,Eluru,Chintalapudi APMC,Cereals,Paddy(Common),14-06-2022,1.00,Metric Tonnes
Andhra Pradesh,Eluru,Chintalapudi APMC,Cereals,Paddy(Common),15-06-2022,1.00,Metric Tonnes
Andhra Pradesh,Eluru,Chintalapudi APMC,Cereals,Paddy(Common),17-06-2022,1.00,Metric Tonnes
Andhra Pradesh,Eluru,Chintalapudi APMC,Cereals,Paddy(Common),18-06-2022,1.00,Metric Tonnes
Andhra Pradesh,Eluru,Chintalapudi APMC,Cereals,Paddy(Common),19-06-2022,1.00,Metric Tonnes
Andhra Pradesh,Eluru,Chintalapudi APMC,Cereals,Paddy(Common),20-06-2022,1.00,Metric Tonnes
Andhra Pradesh,Eluru,Chintalapudi APMC,Cereals,Paddy(Common),21-06-2022,1.00,Metric Tonnes
Andhra Pradesh,Eluru,Chintalapudi APMC,Cereals,Paddy(Common),05-07-2022,1.00,Metric Tonnes
Andhra Pradesh,Eluru,Chintalapudi APMC,Cereals,Paddy(Common),06-07-2022,1.00,Metric Tonnes
Andhra Pradesh,Eluru,Chintalapudi APMC,Cereals,Paddy(Common),07-07-2022,1.00,Metric Tonnes
Andhra Pradesh,Eluru,Chintalapudi APMC,Cereals,Paddy(Common),08-07-2022,1.00,Metric Tonnes
Andhra Pradesh,Eluru,Chintalapudi APMC,Cereals,Paddy(Common),15-07-2022,1.00,Metric Tonnes
Andhra Pradesh,Eluru,Chintalapudi APMC,Cereals,Paddy(Common),16-07-2022,1.00,Metric Tonnes
Andhra Pradesh,Eluru,Chintalapudi APMC,Cereals,Paddy(Common),17-07-2022,1.00,Metric Tonnes
Andhra Pradesh,Eluru,Chintalapudi APMC,Cereals,Paddy(Common),18-07-2022,1.00,Metric Tonnes
Andhra Pradesh,Eluru,Chintalapudi APMC,Cereals,Paddy(Common),24-08-2022,1.00,Metric Tonnes
Andhra Pradesh,Eluru,Chintalapudi APMC,Cereals,Paddy(Common),25-08-2022,1.00,Metric Tonnes
Andhra Pradesh,Eluru,Chintalapudi APMC,Cereals,Paddy(Common),26-08-2022,1.00,Metric Tonnes
Andhra Pradesh,Eluru,Chintalapudi APMC,Cereals,Paddy(Common),27-08-2022,1.00,Metric Tonnes
Andhra Pradesh,Eluru,Chintalapudi APMC,Cereals,Paddy(Common),23-09-2022,1.00,Metric Tonnes
Andhra Pradesh,Eluru,Chintalapudi APMC,Cereals,Paddy(Common),24-09-2022,1.00,Metric Tonnes
Andhra Pradesh,Eluru,Chintalapudi APMC,Cereals,Paddy(Common),25-09-2022,1.00,Metric Tonnes
Andhra Pradesh,Eluru,Chintalapudi APMC,Cereals,Paddy(Common),26-09-2022,1.00,Metric Tonnes
Andhra Pradesh,Eluru,Chintalapudi APMC,Cereals,Paddy(Common),27-09-2022,1.00,Metric Tonnes
Andhra Pradesh,Eluru,Chintalapudi APMC,Cereals,Paddy(Common),28-09-2022,1.00,Metric Tonnes
Andhra Pradesh,Eluru,Chintalapudi APMC,Cereals,Paddy(Common),29-09-2022,1.00,Metric Tonnes
Andhra Pradesh,Eluru,Chintalapudi APMC,Cereals,Paddy(Common),30-09-2022,1.00,Metric Tonnes
Andhra Pradesh,Eluru,Chintalapudi APMC,Cereals,Paddy(Common),01-10-2022,1.00,Metric Tonnes
Andhra Pradesh,Eluru,Chintalapudi APMC,Cereals,Paddy(Common),30-10-2022,1.00,Metric Tonnes
Andhra Pradesh,Eluru,Chintalapudi APMC,Cereals,Paddy(Common),31-10-2022,1.00,Metric Tonnes
Andhra Pradesh,Eluru,Chintalapudi APMC,Cereals,Paddy(Common),01-11-2022,1.00,Metric Tonnes
Andhra Pradesh,Eluru,Chintalapudi APMC,Cereals,Paddy(Common),02-11-2022,1.00,Metric Tonnes
Andhra Pradesh,Eluru,Chintalapudi APMC,Cereals,Paddy(Common),19-12-2022,1.00,Metric Tonnes
Andhra Pradesh,Eluru,Chintalapudi APMC,Cereals,Paddy(Common),20-12-2022,1.00,Metric Tonnes
Andhra Pradesh,Eluru,Chintalapudi APMC,Cereals,Paddy(Common),21-12-2022,1.00,Metric Tonnes
Andhra Pradesh,Eluru,Chintalapudi APMC,Cereals,Paddy(Common),22-12-2022,1.00,Metric Tonnes
Andhra Pradesh,Eluru,Kaikaluru APMC,Cereals,Paddy(Common),23-07-2026,0.10,Metric Tonnes
Andhra Pradesh,Eluru,Kaikaluru APMC,Cereals,Paddy(Common),24-07-2026,1.00,Metric Tonnes
Andhra Pradesh,Eluru,Kaikaluru APMC,Cereals,Paddy(Common),25-07-2026,1.00,Metric Tonnes
Andhra Pradesh,Eluru,Kaikaluru APMC,Cereals,Paddy(Common),27-07-2026,1.00,Metric Tonnes
Andhra Pradesh,Eluru,Kaikaluru APMC,Cereals,Paddy(Common),28-07-2026,1.00,Metric Tonnes
Andhra Pradesh,Eluru,Kaikaluru APMC,Cereals,Paddy(Common),29-07-2026,1.00,Metric Tonnes
Andhra Pradesh,Eluru,Kaikaluru APMC,Cereals,Paddy(Common),30-07-2026,1.00,Metric Tonnes
Andhra Pradesh,Eluru,Kaikaluru APMC,Cereals,Paddy(Common),31-07-2026,1.00,Metric Tonnes
Andhra Pradesh,Eluru,Kaikaluru APMC,Cereals,Paddy(Common),01-08-2026,1.00,Metric Tonnes
Andhra Pradesh,Eluru,Kaikaluru APMC,Cereals,Paddy(Common),03-08-2026,1.00,Metric Tonnes
Andhra Pradesh,Eluru,Kaikaluru APMC,Cereals,Paddy(Common),04-08-2026,1.00,Metric Tonnes
Andhra Pradesh,Eluru,Kaikaluru APMC,Cereals,Paddy(Common),05-08-2026,1.00,Metric Tonnes
Andhra Pradesh,Eluru,Kaikaluru APMC,Cereals,Paddy(Common),06-08-2026,1.00,Metric Tonnes
Andhra Pradesh,Eluru,Kaikaluru APMC,Cereals,Paddy(Common),07-08-2026,1.00,Metric Tonnes
Andhra Pradesh,Eluru,Kalidindi APMC,Cereals,Paddy(Common),22-07-2026,1.00,Metric Tonnes
Andhra Pradesh,Eluru,Kalidindi APMC,Cereals,Paddy(Common),23-07-2026,1.00,Metric Tonnes
Andhra Pradesh,Eluru,Kalidindi APMC,Cereals,Paddy(Common),24-07-2026,1.00,Metric Tonnes
Andhra Pradesh,Eluru,Kalidindi APMC,Cereals,Paddy(Common),25-07-2026,1.00,Metric Tonnes
Andhra Pradesh,Eluru,Kalidindi APMC,Cereals,Paddy(Common),26-07-2026,1.00,Metric Tonnes
Andhra Pradesh,Eluru,Kalidindi APMC,Cereals,Paddy(Common),27-07-2026,1.00,Metric Tonnes
Andhra Pradesh,Eluru,Kalidindi APMC,Cereals,Paddy(Common),28-07-2026,1.00,Metric Tonnes
Andhra Pradesh,Eluru,Kalidindi APMC,Cereals,Paddy(Common),29-07-2026,1.00,Metric Tonnes
Andhra Pradesh,Eluru,Kalidindi APMC,Cereals,Paddy(Common),30-07-2026,1.00,Metric Tonnes
Andhra Pradesh,Eluru,Kalidindi APMC,Cereals,Paddy(Common),31-07-2026,1.00,Metric Tonnes
Andhra Pradesh,Eluru,Kalidindi APMC,Cereals,Paddy(Common),01-08-2026,1.00,Metric Tonnes
Andhra Pradesh,Eluru,Kalidindi APMC,Cereals,Paddy(Common),02-08-2026,1.00,Metric Tonnes
Andhra Pradesh,Eluru,Kalidindi APMC,Cereals,Paddy(Common),03-08-2026,1.00,Metric Tonnes
Andhra Pradesh,Eluru,Kalidindi APMC,Cereals,Paddy(Common),04-08-2026,1.00,Metric Tonnes
Andhra Pradesh,Eluru,Kalidindi APMC,Cereals,Paddy(Common),05-08-2026,1.00,Metric Tonnes
Andhra Pradesh,Eluru,Kalidindi APMC,Cereals,Paddy(Common),06-08-2026,1.00,Metric Tonnes
Andhra Pradesh,Eluru,Kalidindi APMC,Cereals,Paddy(Common),07-08-2026,1.00,Metric Tonnes
Andhra Pradesh,Eluru,Nuzvid APMC,Cereals,Paddy(Common),05-06-2026,30.00,Metric Tonnes
Andhra Pradesh,Eluru,Nuzvid APMC,Cereals,Paddy(Common),12-06-2026,25.00,Metric Tonnes
Andhra Pradesh,Eluru,Nuzvid APMC,Cereals,Paddy(Common),15-06-2026,23.00,Metric Tonnes
Andhra Pradesh,Eluru,Nuzvid APMC,Cereals,Paddy(Common),29-06-2026,25.00,Metric Tonnes
Andhra Pradesh,Eluru,Polavaram APMC,Cereals,Paddy(Common),03-01-2022,1.00,Metric Tonnes
Andhra Pradesh,Eluru,Polavaram APMC,Cereals,Paddy(Common),04-01-2022,1.00,Metric Tonnes
Andhra Pradesh,Eluru,Polavaram APMC,Cereals,Paddy(Common),06-01-2022,1.00,Metric Tonnes
Andhra Pradesh,Eluru,Polavaram APMC,Cereals,Paddy(Common),27-01-2022,1.00,Metric Tonnes
Andhra Pradesh,Eluru,Polavaram APMC,Cereals,Paddy(Common),28-05-2026,1.00,Metric Tonnes
Andhra Pradesh,Eluru,Polavaram APMC,Cereals,Paddy(Common),29-05-2026,1.00,Metric Tonnes
Andhra Pradesh,Eluru,Polavaram APMC,Cereals,Paddy(Common),30-05-2026,1.00,Metric Tonnes
Andhra Pradesh,Eluru,Polavaram APMC,Cereals,Paddy(Common),31-05-2026,1.00,Metric Tonnes
Andhra Pradesh,Eluru,Polavaram APMC,Cereals,Paddy(Common),01-06-2026,1.00,Metric Tonnes
Andhra Pradesh,Eluru,Polavaram APMC,Cereals,Paddy(Common),02-06-2026,1.00,Metric Tonnes
Andhra Pradesh,Eluru,Polavaram APMC,Cereals,Paddy(Common),03-06-2026,1.00,Metric Tonnes
Andhra Pradesh,Eluru,Polavaram APMC,Cereals,Paddy(Common),04-06-2026,1.00,Metric Tonnes
Andhra Pradesh,Eluru,Polavaram APMC,Cereals,Paddy(Common),05-06-2026,1.00,Metric Tonnes
Andhra Pradesh,Eluru,Polavaram APMC,Cereals,Paddy(Common),06-06-2026,1.00,Metric Tonnes
Andhra Pradesh,Eluru,Polavaram APMC,Cereals,Paddy(Common),08-06-2026,1.00,Metric Tonnes
Andhra Pradesh,Eluru,Polavaram APMC,Cereals,Paddy(Common),09-06-2026,1.00,Metric Tonnes
Andhra Pradesh,Eluru,Polavaram APMC,Cereals,Paddy(Common),10-06-2026,1.00,Metric Tonnes
Andhra Pradesh,Eluru,Polavaram APMC,Cereals,Paddy(Common),11-06-2026,1.00,Metric Tonnes
Andhra Pradesh,Eluru,Polavaram APMC,Cereals,Paddy(Common),12-06-2026,1.00,Metric Tonnes
Andhra Pradesh,Eluru,Polavaram APMC,Cereals,Paddy(Common),15-06-2026,1.00,Metric Tonnes
Andhra Pradesh,Eluru,Polavaram APMC,Cereals,Paddy(Common),16-06-2026,1.00,Metric Tonnes
Andhra Pradesh,Eluru,Polavaram APMC,Cereals,Paddy(Common),17-06-2026,1.00,Metric Tonnes
Andhra Pradesh,Eluru,Polavaram APMC,Cereals,Paddy(Common),18-06-2026,1.00,Metric Tonnes
Andhra Pradesh,Eluru,Polavaram APMC,Cereals,Paddy(Common),19-06-2026,1.00,Metric Tonnes
Andhra Pradesh,Eluru,Polavaram APMC,Cereals,Paddy(Common),20-06-2026,1.00,Metric Tonnes
Andhra Pradesh,Eluru,Polavaram APMC,Cereals,Paddy(Common),22-06-2026,1.00,Metric Tonnes
Andhra Pradesh,Eluru,Polavaram APMC,Cereals,Paddy(Common),23-06-2026,1.00,Metric Tonnes
Andhra Pradesh,Eluru,Polavaram APMC,Cereals,Paddy(Common),24-06-2026,1.00,Metric Tonnes
Andhra Pradesh,Eluru,Polavaram APMC,Cereals,Paddy(Common),25-06-2026,1.00,Metric Tonnes
Andhra Pradesh,Eluru,Polavaram APMC,Cereals,Paddy(Common),27-06-2026,1.00,Metric Tonnes
Andhra Pradesh,Eluru,Polavaram APMC,Cereals,Paddy(Common),29-06-2026,1.00,Metric Tonnes
Andhra Pradesh,Eluru,Polavaram APMC,Cereals,Paddy(Common),30-06-2026,1.00,Metric Tonnes
Andhra Pradesh,Eluru,Polavaram APMC,Cereals,Paddy(Common),01-07-2026,1.00,Metric Tonnes
Andhra Pradesh,Eluru,Polavaram APMC,Cereals,Paddy(Common),02-07-2026,1.00,Metric Tonnes
Andhra Pradesh,Eluru,Polavaram APMC,Cereals,Paddy(Common),03-07-2026,1.00,Metric Tonnes
Andhra Pradesh,Eluru,Polavaram APMC,Cereals,Paddy(Common),04-07-2026,1.00,Metric Tonnes
Andhra Pradesh,Eluru,Polavaram APMC,Cereals,Paddy(Common),06-07-2026,1.00,Metric Tonnes
Andhra Pradesh,Eluru,Polavaram APMC,Cereals,Paddy(Common),07-07-2026,1.00,Metric Tonnes
Andhra Pradesh,Eluru,Polavaram APMC,Cereals,Paddy(Common),08-07-2026,1.00,Metric Tonnes
Andhra Pradesh,Eluru,Polavaram APMC,Cereals,Paddy(Common),09-07-2026,1.00,Metric Tonnes
Andhra Pradesh,Eluru,Polavaram APMC,Cereals,Paddy(Common),10-07-2026,1.00,Metric Tonnes
Andhra Pradesh,Eluru,Polavaram APMC,Cereals,Paddy(Common),11-07-2026,1.00,Metric Tonnes
Andhra Pradesh,Eluru,Polavaram APMC,Cereals,Paddy(Common),13-07-2026,1.00,Metric Tonnes
Andhra Pradesh,Eluru,Polavaram APMC,Cereals,Paddy(Common),14-07-2026,1.00,Metric Tonnes
Andhra Pradesh,Eluru,Polavaram APMC,Cereals,Paddy(Common),15-07-2026,1.00,Metric Tonnes
Andhra Pradesh,Eluru,Polavaram APMC,Cereals,Paddy(Common),16-07-2026,1.00,Metric Tonnes
Andhra Pradesh,Eluru,Polavaram APMC,Cereals,Paddy(Common),17-07-2026,1.00,Metric Tonnes
Andhra Pradesh,Eluru,Polavaram APMC,Cereals,Paddy(Common),18-07-2026,1.00,Metric Tonnes
Andhra Pradesh,Eluru,Polavaram APMC,Cereals,Paddy(Common),20-07-2026,1.00,Metric Tonnes
Andhra Pradesh,Eluru,Polavaram APMC,Cereals,Paddy(Common),21-07-2026,1.00,Metric Tonnes
Andhra Pradesh,Eluru,Polavaram APMC,Cereals,Paddy(Common),22-07-2026,1.00,Metric Tonnes
Andhra Pradesh,Eluru,Polavaram APMC,Cereals,Paddy(Common),23-07-2026,1.00,Metric Tonnes
Andhra Pradesh,Eluru,Polavaram APMC,Cereals,Paddy(Common),24-07-2026,1.00,Metric Tonnes
Andhra Pradesh,Eluru,Polavaram APMC,Cereals,Paddy(Common),25-07-2026,1.00,Metric Tonnes
Andhra Pradesh,Eluru,Polavaram APMC,Cereals,Paddy(Common),27-07-2026,1.00,Metric Tonnes
Andhra Pradesh,Eluru,Polavaram APMC,Cereals,Paddy(Common),28-07-2026,1.00,Metric Tonnes
Andhra Pradesh,Eluru,Polavaram APMC,Cereals,Paddy(Common),29-07-2026,1.00,Metric Tonnes
Andhra Pradesh,Eluru,Polavaram APMC,Cereals,Paddy(Common),30-07-2026,1.00,Metric Tonnes
Andhra Pradesh,Eluru,Polavaram APMC,Cereals,Paddy(Common),31-07-2026,1.00,Metric Tonnes
Andhra Pradesh,Eluru,Polavaram APMC,Cereals,Paddy(Common),01-08-2026,1.00,Metric Tonnes
Andhra Pradesh,Eluru,Polavaram APMC,Cereals,Paddy(Common),03-08-2026,1.00,Metric Tonnes
Andhra Pradesh,Eluru,Polavaram APMC,Cereals,Paddy(Common),04-08-2026,1.00,Metric Tonnes
Andhra Pradesh,Eluru,Polavaram APMC,Cereals,Paddy(Common),05-08-2026,1.00,Metric Tonnes
Andhra Pradesh,Eluru,Polavaram APMC,Cereals,Paddy(Common),06-08-2026,1.00,Metric Tonnes
Andhra Pradesh,Eluru,Polavaram APMC,Cereals,Paddy(Common),07-08-2026,1.00,Metric Tonnes
Andhra Pradesh,Eluru,Ungatur APMC,Cereals,Paddy(Common),22-07-2026,1.00,Metric Tonnes
Andhra Pradesh,Eluru,Ungatur APMC,Cereals,Paddy(Common),23-07-2026,1.00,Metric Tonnes
Andhra Pradesh,Eluru,Ungatur APMC,Cereals,Paddy(Common),24-07-2026,1.00,Metric Tonnes
Andhra Pradesh,Eluru,Ungatur APMC,Cereals,Paddy(Common),25-07-2026,1.00,Metric Tonnes
Andhra Pradesh,Eluru,Ungatur APMC,Cereals,Paddy(Common),28-07-2026,1.00,Metric Tonnes
Andhra Pradesh,Eluru,Ungatur APMC,Cereals,Paddy(Common),29-07-2026,2.00,Metric Tonnes
Andhra Pradesh,Eluru,Ungatur APMC,Cereals,Paddy(Common),30-07-2026,1.00,Metric Tonnes
Andhra Pradesh,Eluru,Ungatur APMC,Cereals,Paddy(Common),01-08-2026,1.00,Metric Tonnes
Andhra Pradesh,Eluru,Ungatur APMC,Cereals,Paddy(Common),03-08-2026,2.00,Metric Tonnes
Andhra Pradesh,Eluru,Ungatur APMC,Cereals,Paddy(Common),04-08-2026,2.00,Metric Tonnes
Andhra Pradesh,Eluru,Ungatur APMC,Cereals,Paddy(Common),05-08-2026,2.00,Metric Tonnes
Andhra Pradesh,Eluru,Ungatur APMC,Cereals,Paddy(Common),06-08-2026,2.00,Metric Tonnes
Andhra Pradesh,Eluru,Ungatur APMC,Cereals,Paddy(Common),07-08-2026,1.00,Metric Tonnes
Andhra Pradesh,Guntur,Mangalagiri APMC,Cereals,Paddy(Common),22-07-2026,0.10,Metric Tonnes
Andhra Pradesh,Guntur,Mangalagiri APMC,Cereals,Paddy(Common),23-07-2026,0.10,Metric Tonnes
Andhra Pradesh,Guntur,Mangalagiri APMC,Cereals,Paddy(Common),24-07-2026,0.10,Metric Tonnes
Andhra Pradesh,Guntur,Mangalagiri APMC,Cereals,Paddy(Common),25-07-2026,0.10,Metric Tonnes
Andhra Pradesh,Guntur,Mangalagiri APMC,Cereals,Paddy(Common),27-07-2026,0.10,Metric Tonnes
Andhra Pradesh,Guntur,Mangalagiri APMC,Cereals,Paddy(Common),28-07-2026,0.10,Metric Tonnes
Andhra Pradesh,Guntur,Mangalagiri APMC,Cereals,Paddy(Common),29-07-2026,0.10,Metric Tonnes
Andhra Pradesh,Guntur,Mangalagiri APMC,Cereals,Paddy(Common),30-07-2026,0.10,Metric Tonnes
Andhra Pradesh,Guntur,Mangalagiri APMC,Cereals,Paddy(Common),31-07-2026,0.10,Metric Tonnes
Andhra Pradesh,Guntur,Mangalagiri APMC,Cereals,Paddy(Common),01-08-2026,0.10,Metric Tonnes
Andhra Pradesh,Guntur,Mangalagiri APMC,Cereals,Paddy(Common),02-08-2026,0.10,Metric Tonnes
Andhra Pradesh,Guntur,Mangalagiri APMC,Cereals,Paddy(Common),03-08-2026,0.10,Metric Tonnes
Andhra Pradesh,Guntur,Mangalagiri APMC,Cereals,Paddy(Common),04-08-2026,0.10,Metric Tonnes
Andhra Pradesh,Guntur,Mangalagiri APMC,Cereals,Paddy(Common),05-08-2026,0.10,Metric Tonnes
Andhra Pradesh,Guntur,Mangalagiri APMC,Cereals,Paddy(Common),06-08-2026,0.10,Metric Tonnes
Andhra Pradesh,Guntur,Mangalagiri APMC,Cereals,Paddy(Common),07-08-2026,0.10,Metric Tonnes
Andhra Pradesh,Guntur,Prathipadu APMC,Cereals,Paddy(Common),25-07-2026,0.10,Metric Tonnes
Andhra Pradesh,Guntur,Prathipadu APMC,Cereals,Paddy(Common),27-07-2026,1.00,Metric Tonnes
Andhra Pradesh,Guntur,Prathipadu APMC,Cereals,Paddy(Common),28-07-2026,1.00,Metric Tonnes
Andhra Pradesh,Guntur,Prathipadu APMC,Cereals,Paddy(Common),29-07-2026,0.10,Metric Tonnes
Andhra Pradesh,Guntur,Prathipadu APMC,Cereals,Paddy(Common),30-07-2026,0.10,Metric Tonnes
Andhra Pradesh,Guntur,Prathipadu APMC,Cereals,Paddy(Common),31-07-2026,0.10,Metric Tonnes
Andhra Pradesh,Guntur,Prathipadu APMC,Cereals,Paddy(Common),01-08-2026,0.10,Metric Tonnes
Andhra Pradesh,Guntur,Prathipadu APMC,Cereals,Paddy(Common),03-08-2026,0.10,Metric Tonnes
Andhra Pradesh,Guntur,Prathipadu APMC,Cereals,Paddy(Common),04-08-2026,1.00,Metric Tonnes
Andhra Pradesh,Guntur,Prathipadu APMC,Cereals,Paddy(Common),05-08-2026,0.10,Metric Tonnes
Andhra Pradesh,Guntur,Prathipadu APMC,Cereals,Paddy(Common),06-08-2026,0.10,Metric Tonnes
Andhra Pradesh,Kakinada,Jaggampet APMC,Cereals,Paddy(Common),20-04-2023,1367.00,Metric Tonnes
Andhra Pradesh,Kakinada,Jaggampet APMC,Cereals,Paddy(Common),21-04-2023,178.00,Metric Tonnes
Andhra Pradesh,Kakinada,Jaggampet APMC,Cereals,Paddy(Common),22-04-2023,1420.00,Metric Tonnes
Andhra Pradesh,Kakinada,Jaggampet APMC,Cereals,Paddy(Common),23-04-2023,274.00,Metric Tonnes
Andhra Pradesh,Kakinada,Jaggampet APMC,Cereals,Paddy(Common),24-04-2023,372.00,Metric Tonnes
Andhra Pradesh,Kakinada,Jaggampet APMC,Cereals,Paddy(Common),25-04-2023,424.00,Metric Tonnes
Andhra Pradesh,Kakinada,Jaggampet APMC,Cereals,Paddy(Common),31-08-2023,1.00,Metric Tonnes
Andhra Pradesh,Kakinada,Jaggampet APMC,Cereals,Paddy(Common),01-09-2023,1.00,Metric Tonnes
Andhra Pradesh,Kakinada,Jaggampet APMC,Cereals,Paddy(Common),02-09-2023,1.00,Metric Tonnes
Andhra Pradesh,Kakinada,Jaggampet APMC,Cereals,Paddy(Common),03-09-2023,1.00,Metric Tonnes
Andhra Pradesh,Kakinada,Jaggampet APMC,Cereals,Paddy(Common),04-09-2023,1.00,Metric Tonnes
Andhra Pradesh,Kakinada,Jaggampet APMC,Cereals,Paddy(Common),05-09-2023,1.00,Metric Tonnes
Andhra Pradesh,Kakinada,Jaggampet APMC,Cereals,Paddy(Common),06-09-2023,1.00,Metric Tonnes
Andhra Pradesh,Kakinada,Jaggampet APMC,Cereals,Paddy(Common),17-01-2025,6.50,Metric Tonnes
Andhra Pradesh,Kakinada,Jaggampet APMC,Cereals,Paddy(Common),18-01-2025,7.50,Metric Tonnes
Andhra Pradesh,Kakinada,Jaggampet APMC,Cereals,Paddy(Common),19-01-2025,2.30,Metric Tonnes
Andhra Pradesh,Kakinada,Jaggampet APMC,Cereals,Paddy(Common),20-01-2025,17.39,Metric Tonnes
Andhra Pradesh,Kakinada,Jaggampet APMC,Cereals,Paddy(Common),21-01-2025,2.83,Metric Tonnes
Andhra Pradesh,Kakinada,Jaggampet APMC,Cereals,Paddy(Common),22-01-2025,17.00,Metric Tonnes
Andhra Pradesh,Kakinada,Jaggampet APMC,Cereals,Paddy(Common),23-01-2025,2.35,Metric Tonnes
Andhra Pradesh,Kakinada,Jaggampet APMC,Cereals,Paddy(Common),24-01-2025,8.70,Metric Tonnes
Andhra Pradesh,Kakinada,Jaggampet APMC,Cereals,Paddy(Common),25-01-2025,8.70,Metric Tonnes
Andhra Pradesh,Kakinada,Jaggampet APMC,Cereals,Paddy(Common),27-01-2025,6.50,Metric Tonnes
Andhra Pradesh,Kakinada,Jaggampet APMC,Cereals,Paddy(Common),15-03-2025,20.00,Metric Tonnes
Andhra Pradesh,Kakinada,Jaggampet APMC,Cereals,Paddy(Common),27-03-2025,115.00,Metric Tonnes
Andhra Pradesh,Kakinada,Jaggampet APMC,Cereals,Paddy(Common),01-04-2025,21.00,Metric Tonnes
Andhra Pradesh,Kakinada,Jaggampet APMC,Cereals,Paddy(Common),03-04-2025,45.00,Metric Tonnes
Andhra Pradesh,Kakinada,Jaggampet APMC,Cereals,Paddy(Common),05-04-2025,50.00,Metric Tonnes
Andhra Pradesh,Kakinada,Jaggampet APMC,Cereals,Paddy(Common),06-04-2025,120.00,Metric Tonnes
Andhra Pradesh,Kakinada,Jaggampet APMC,Cereals,Paddy(Common),07-04-2025,87.00,Metric Tonnes
Andhra Pradesh,Kakinada,Jaggampet APMC,Cereals,Paddy(Common),08-04-2025,140.00,Metric Tonnes
Andhra Pradesh,Kakinada,Jaggampet APMC,Cereals,Paddy(Common),09-04-2025,143.00,Metric Tonnes
Andhra Pradesh,Kakinada,Jaggampet APMC,Cereals,Paddy(Common),10-04-2025,124.00,Metric Tonnes
Andhra Pradesh,Kakinada,Jaggampet APMC,Cereals,Paddy(Common),11-04-2025,82.00,Metric Tonnes
Andhra Pradesh,Kakinada,Jaggampet APMC,Cereals,Paddy(Common),12-04-2025,120.00,Metric Tonnes
Andhra Pradesh,Kakinada,Jaggampet APMC,Cereals,Paddy(Common),13-04-2025,85.00,Metric Tonnes
Andhra Pradesh,Kakinada,Jaggampet APMC,Cereals,Paddy(Common),14-04-2025,87.00,Metric Tonnes
Andhra Pradesh,Kakinada,Jaggampet APMC,Cereals,Paddy(Common),15-04-2025,120.00,Metric Tonnes
Andhra Pradesh,Kakinada,Jaggampet APMC,Cereals,Paddy(Common),16-04-2025,180.00,Metric Tonnes
Andhra Pradesh,Kakinada,Jaggampet APMC,Cereals,Paddy(Common),17-04-2025,123.00,Metric Tonnes
Andhra Pradesh,Kakinada,Jaggampet APMC,Cereals,Paddy(Common),18-04-2025,91.00,Metric Tonnes
Andhra Pradesh,Kakinada,Jaggampet APMC,Cereals,Paddy(Common),19-04-2025,123.00,Metric Tonnes
Andhra Pradesh,Kakinada,Jaggampet APMC,Cereals,Paddy(Common),20-04-2025,135.00,Metric Tonnes
Andhra Pradesh,Kakinada,Jaggampet APMC,Cereals,Paddy(Common),21-04-2025,132.00,Metric Tonnes
Andhra Pradesh,Kakinada,Jaggampet APMC,Cereals,Paddy(Common),22-04-2025,154.00,Metric Tonnes
Andhra Pradesh,Kakinada,Jaggampet APMC,Cereals,Paddy(Common),24-04-2025,125.00,Metric Tonnes
Andhra Pradesh,Kakinada,Jaggampet APMC,Cereals,Paddy(Common),25-04-2025,103.00,Metric Tonnes
Andhra Pradesh,Kakinada,Jaggampet APMC,Cereals,Paddy(Common),26-04-2025,84.00,Metric Tonnes
Andhra Pradesh,Kakinada,Jaggampet APMC,Cereals,Paddy(Common),27-04-2025,72.00,Metric Tonnes
Andhra Pradesh,Kakinada,Jaggampet APMC,Cereals,Paddy(Common),28-04-2025,72.00,Metric Tonnes
Andhra Pradesh,Kakinada,Jaggampet APMC,Cereals,Paddy(Common),29-04-2025,53.00,Metric Tonnes
Andhra Pradesh,Kakinada,Jaggampet APMC,Cereals,Paddy(Common),30-04-2025,8.00,Metric Tonnes
Andhra Pradesh,Kakinada,Jaggampet APMC,Cereals,Paddy(Common),01-05-2025,26.00,Metric Tonnes
Andhra Pradesh,Kakinada,Jaggampet APMC,Cereals,Paddy(Common),02-05-2025,16.00,Metric Tonnes
Andhra Pradesh,Kakinada,Jaggampet APMC,Cereals,Paddy(Common),03-05-2025,36.00,Metric Tonnes
Andhra Pradesh,Kakinada,Jaggampet APMC,Cereals,Paddy(Common),04-05-2025,34.00,Metric Tonnes
Andhra Pradesh,Kakinada,Jaggampet APMC,Cereals,Paddy(Common),05-05-2025,7.00,Metric Tonnes
Andhra Pradesh,Kakinada,Jaggampet APMC,Cereals,Paddy(Common),06-05-2025,15.00,Metric Tonnes
Andhra Pradesh,Kakinada,Jaggampet APMC,Cereals,Paddy(Common),07-05-2025,23.00,Metric Tonnes
Andhra Pradesh,Kakinada,Jaggampet APMC,Cereals,Paddy(Common),10-05-2025,17.00,Metric Tonnes
Andhra Pradesh,Kakinada,Jaggampet APMC,Cereals,Paddy(Common),12-05-2025,8.00,Metric Tonnes
Andhra Pradesh,Kakinada,Jaggampet APMC,Cereals,Paddy(Common),16-05-2025,8.00,Metric Tonnes
Andhra Pradesh,Kakinada,Jaggampet APMC,Cereals,Paddy(Common),04-11-2025,101.25,Metric Tonnes
Andhra Pradesh,Kakinada,Jaggampet APMC,Cereals,Paddy(Common),05-11-2025,102.97,Metric Tonnes
Andhra Pradesh,Kakinada,Jaggampet APMC,Cereals,Paddy(Common),06-11-2025,52.53,Metric Tonnes
Andhra Pradesh,Kakinada,Jaggampet APMC,Cereals,Paddy(Common),10-11-2025,255.30,Metric Tonnes
Andhra Pradesh,Kakinada,Jaggampet APMC,Cereals,Paddy(Common),11-11-2025,155.20,Metric Tonnes
Andhra Pradesh,Kakinada,Jaggampet APMC,Cereals,Paddy(Common),12-11-2025,2689.00,Metric Tonnes
Andhra Pradesh,Kakinada,Jaggampet APMC,Cereals,Paddy(Common),13-11-2025,185.60,Metric Tonnes
Andhra Pradesh,Kakinada,Jaggampet APMC,Cereals,Paddy(Common),14-11-2025,242.70,Metric Tonnes
Andhra Pradesh,Kakinada,Jaggampet APMC,Cereals,Paddy(Common),15-11-2025,171.80,Metric Tonnes
Andhra Pradesh,Kakinada,Jaggampet APMC,Cereals,Paddy(Common),16-11-2025,190.60,Metric Tonnes
Andhra Pradesh,Kakinada,Jaggampet APMC,Cereals,Paddy(Common),17-11-2025,187.30,Metric Tonnes
Andhra Pradesh,Kakinada,Jaggampet APMC,Cereals,Paddy(Common),18-11-2025,125.90,Metric Tonnes
Andhra Pradesh,Kakinada,Jaggampet APMC,Cereals,Paddy(Common),19-11-2025,355.30,Metric Tonnes
Andhra Pradesh,Kakinada,Jaggampet APMC,Cereals,Paddy(Common),20-11-2025,267.60,Metric Tonnes
Andhra Pradesh,Kakinada,Jaggampet APMC,Cereals,Paddy(Common),21-11-2025,261.40,Metric Tonnes
Andhra Pradesh,Kakinada,Jaggampet APMC,Cereals,Paddy(Common),22-11-2025,240.60,Metric Tonnes
Andhra Pradesh,Kakinada,Jaggampet APMC,Cereals,Paddy(Common),23-11-2025,210.30,Metric Tonnes
Andhra Pradesh,Kakinada,Jaggampet APMC,Cereals,Paddy(Common),24-11-2025,564.40,Metric Tonnes
Andhra Pradesh,Kakinada,Jaggampet APMC,Cereals,Paddy(Common),25-11-2025,68.60,Metric Tonnes
Andhra Pradesh,Kakinada,Jaggampet APMC,Cereals,Paddy(Common),26-11-2025,50.40,Metric Tonnes
Andhra Pradesh,Kakinada,Jaggampet APMC,Cereals,Paddy(Common),27-11-2025,70.30,Metric Tonnes
Andhra Pradesh,Kakinada,Jaggampet APMC,Cereals,Paddy(Common),28-11-2025,35.10,Metric Tonnes
Andhra Pradesh,Kakinada,Jaggampet APMC,Cereals,Paddy(Common),29-11-2025,65.20,Metric Tonnes
Andhra Pradesh,Kakinada,Jaggampet APMC,Cereals,Paddy(Common),30-11-2025,17.80,Metric Tonnes
Andhra Pradesh,Kakinada,Jaggampet APMC,Cereals,Paddy(Common),01-12-2025,68.00,Metric Tonnes
Andhra Pradesh,Kakinada,Jaggampet APMC,Cereals,Paddy(Common),06-12-2025,17.60,Metric Tonnes
Andhra Pradesh,Kakinada,Jaggampet APMC,Cereals,Paddy(Common),16-12-2025,44.40,Metric Tonnes
Andhra Pradesh,Kakinada,Jaggampet APMC,Cereals,Paddy(Common),30-12-2025,21.90,Metric Tonnes
Andhra Pradesh,Kakinada,Jaggampet APMC,Cereals,Paddy(Common),31-12-2025,221.00,Metric Tonnes
Andhra Pradesh,Kakinada,Jaggampet APMC,Cereals,Paddy(Common),02-01-2026,17.50,Metric Tonnes
Andhra Pradesh,Kakinada,Jaggampet APMC,Cereals,Paddy(Common),03-01-2026,26.10,Metric Tonnes
Andhra Pradesh,Kakinada,Jaggampet APMC,Cereals,Paddy(Common),18-03-2026,386.00,Metric Tonnes
Andhra Pradesh,Kakinada,Jaggampet APMC,Cereals,Paddy(Common),19-03-2026,35.70,Metric Tonnes
Andhra Pradesh,Kakinada,Jaggampet APMC,Cereals,Paddy(Common),20-03-2026,229.00,Metric Tonnes
Andhra Pradesh,Kakinada,Jaggampet APMC,Cereals,Paddy(Common),21-03-2026,146.40,Metric Tonnes
Andhra Pradesh,Kakinada,Jaggampet APMC,Cereals,Paddy(Common),22-03-2026,98.00,Metric Tonnes
Andhra Pradesh,Kakinada,Jaggampet APMC,Cereals,Paddy(Common),23-03-2026,61.20,Metric Tonnes
Andhra Pradesh,Kakinada,Jaggampet APMC,Cereals,Paddy(Common),24-03-2026,66.00,Metric Tonnes
Andhra Pradesh,Kakinada,Jaggampet APMC,Cereals,Paddy(Common),25-03-2026,93.40,Metric Tonnes
Andhra Pradesh,Kakinada,Jaggampet APMC,Cereals,Paddy(Common),26-03-2026,76.30,Metric Tonnes
Andhra Pradesh,Kakinada,Jaggampet APMC,Cereals,Paddy(Common),27-03-2026,127.10,Metric Tonnes
Andhra Pradesh,Kakinada,Jaggampet APMC,Cereals,Paddy(Common),28-03-2026,65.50,Metric Tonnes
Andhra Pradesh,Kakinada,Jaggampet APMC,Cereals,Paddy(Common),29-03-2026,65.90,Metric Tonnes
Andhra Pradesh,Kakinada,Jaggampet APMC,Cereals,Paddy(Common),30-03-2026,54.00,Metric Tonnes
Andhra Pradesh,Kakinada,Jaggampet APMC,Cereals,Paddy(Common),31-03-2026,88.00,Metric Tonnes
Andhra Pradesh,Kakinada,Jaggampet APMC,Cereals,Paddy(Common),01-04-2026,101.70,Metric Tonnes
Andhra Pradesh,Kakinada,Jaggampet APMC,Cereals,Paddy(Common),02-04-2026,35.50,Metric Tonnes
Andhra Pradesh,Kakinada,Jaggampet APMC,Cereals,Paddy(Common),03-04-2026,95.70,Metric Tonnes
Andhra Pradesh,Kakinada,Jaggampet APMC,Cereals,Paddy(Common),05-04-2026,81.40,Metric Tonnes
Andhra Pradesh,Kakinada,Jaggampet APMC,Cereals,Paddy(Common),06-04-2026,142.50,Metric Tonnes
Andhra Pradesh,Kakinada,Jaggampet APMC,Cereals,Paddy(Common),07-04-2026,236.10,Metric Tonnes
Andhra Pradesh,Kakinada,Jaggampet APMC,Cereals,Paddy(Common),08-04-2026,174.70,Metric Tonnes
Andhra Pradesh,Kakinada,Jaggampet APMC,Cereals,Paddy(Common),09-04-2026,166.00,Metric Tonnes
Andhra Pradesh,Kakinada,Jaggampet APMC,Cereals,Paddy(Common),10-04-2026,190.90,Metric Tonnes
Andhra Pradesh,Kakinada,Jaggampet APMC,Cereals,Paddy(Common),12-04-2026,155.10,Metric Tonnes
Andhra Pradesh,Kakinada,Jaggampet APMC,Cereals,Paddy(Common),13-04-2026,155.20,Metric Tonnes
Andhra Pradesh,Kakinada,Jaggampet APMC,Cereals,Paddy(Common),14-04-2026,145.80,Metric Tonnes
Andhra Pradesh,Kakinada,Jaggampet APMC,Cereals,Paddy(Common),15-04-2026,230.90,Metric Tonnes
Andhra Pradesh,Kakinada,Jaggampet APMC,Cereals,Paddy(Common),16-04-2026,244.60,Metric Tonnes
Andhra Pradesh,Kakinada,Jaggampet APMC,Cereals,Paddy(Common),17-04-2026,147.50,Metric Tonnes
Andhra Pradesh,Kakinada,Jaggampet APMC,Cereals,Paddy(Common),18-04-2026,161.60,Metric Tonnes
Andhra Pradesh,Kakinada,Jaggampet APMC,Cereals,Paddy(Common),19-04-2026,313.10,Metric Tonnes
Andhra Pradesh,Kakinada,Jaggampet APMC,Cereals,Paddy(Common),20-04-2026,420.30,Metric Tonnes
Andhra Pradesh,Kakinada,Jaggampet APMC,Cereals,Paddy(Common),21-04-2026,151.70,Metric Tonnes
Andhra Pradesh,Kakinada,Jaggampet APMC,Cereals,Paddy(Common),22-04-2026,191.00,Metric Tonnes
Andhra Pradesh,Kakinada,Jaggampet APMC,Cereals,Paddy(Common),23-04-2026,237.20,Metric Tonnes
Andhra Pradesh,Kakinada,Jaggampet APMC,Cereals,Paddy(Common),24-04-2026,175.50,Metric Tonnes
Andhra Pradesh,Kakinada,Jaggampet APMC,Cereals,Paddy(Common),25-04-2026,194.10,Metric Tonnes
Andhra Pradesh,Kakinada,Jaggampet APMC,Cereals,Paddy(Common),26-04-2026,208.60,Metric Tonnes
Andhra Pradesh,Kakinada,Jaggampet APMC,Cereals,Paddy(Common),27-04-2026,305.70,Metric Tonnes
Andhra Pradesh,Kakinada,Jaggampet APMC,Cereals,Paddy(Common),28-04-2026,140.40,Metric Tonnes
Andhra Pradesh,Kakinada,Jaggampet APMC,Cereals,Paddy(Common),29-04-2026,120.50,Metric Tonnes
Andhra Pradesh,Kakinada,Jaggampet APMC,Cereals,Paddy(Common),30-04-2026,100.00,Metric Tonnes
Andhra Pradesh,Kakinada,Jaggampet APMC,Cereals,Paddy(Common),01-05-2026,37.50,Metric Tonnes
Andhra Pradesh,Kakinada,Jaggampet APMC,Cereals,Paddy(Common),02-05-2026,100.20,Metric Tonnes
Andhra Pradesh,Kakinada,Jaggampet APMC,Cereals,Paddy(Common),03-05-2026,97.90,Metric Tonnes
Andhra Pradesh,Kakinada,Jaggampet APMC,Cereals,Paddy(Common),04-05-2026,37.50,Metric Tonnes
Andhra Pradesh,Kakinada,Jaggampet APMC,Cereals,Paddy(Common),05-05-2026,88.60,Metric Tonnes
Andhra Pradesh,Kakinada,Jaggampet APMC,Cereals,Paddy(Common),06-05-2026,43.20,Metric Tonnes
Andhra Pradesh,Kakinada,Jaggampet APMC,Cereals,Paddy(Common),07-05-2026,47.80,Metric Tonnes
Andhra Pradesh,Kakinada,Jaggampet APMC,Cereals,Paddy(Common),22-07-2026,0.10,Metric Tonnes
Andhra Pradesh,Kakinada,Jaggampet APMC,Cereals,Paddy(Common),23-07-2026,0.10,Metric Tonnes
Andhra Pradesh,Kakinada,Jaggampet APMC,Cereals,Paddy(Common),24-07-2026,0.10,Metric Tonnes
Andhra Pradesh,Kakinada,Jaggampet APMC,Cereals,Paddy(Common),25-07-2026,0.10,Metric Tonnes
Andhra Pradesh,Kakinada,Jaggampet APMC,Cereals,Paddy(Common),26-07-2026,0.10,Metric Tonnes
Andhra Pradesh,Kakinada,Jaggampet APMC,Cereals,Paddy(Common),27-07-2026,0.10,Metric Tonnes
Andhra Pradesh,Kakinada,Jaggampet APMC,Cereals,Paddy(Common),28-07-2026,0.10,Metric Tonnes
Andhra Pradesh,Kakinada,Jaggampet APMC,Cereals,Paddy(Common),29-07-2026,0.10,Metric Tonnes
Andhra Pradesh,Kakinada,Jaggampet APMC,Cereals,Paddy(Common),30-07-2026,0.10,Metric Tonnes
Andhra Pradesh,Kakinada,Jaggampet APMC,Cereals,Paddy(Common),31-07-2026,0.10,Metric Tonnes
Andhra Pradesh,Kakinada,Jaggampet APMC,Cereals,Paddy(Common),01-08-2026,0.10,Metric Tonnes
Andhra Pradesh,Kakinada,Jaggampet APMC,Cereals,Paddy(Common),02-08-2026,0.10,Metric Tonnes
Andhra Pradesh,Kakinada,Jaggampet APMC,Cereals,Paddy(Common),03-08-2026,0.10,Metric Tonnes
Andhra Pradesh,Kakinada,Jaggampet APMC,Cereals,Paddy(Common),04-08-2026,0.10,Metric Tonnes
Andhra Pradesh,Kakinada,Jaggampet APMC,Cereals,Paddy(Common),05-08-2026,0.10,Metric Tonnes
Andhra Pradesh,Kakinada,Jaggampet APMC,Cereals,Paddy(Common),06-08-2026,0.10,Metric Tonnes
Andhra Pradesh,Kakinada,Jaggampet APMC,Cereals,Paddy(Common),07-08-2026,0.10,Metric Tonnes
Andhra Pradesh,Kakinada,Kakinada (Urban) APMC,Cereals,Paddy(Common),17-01-2025,0.10,Metric Tonnes
Andhra Pradesh,Kakinada,Kakinada (Urban) APMC,Cereals,Paddy(Common),18-01-2025,0.10,Metric Tonnes
Andhra Pradesh,Kakinada,Kakinada (Urban) APMC,Cereals,Paddy(Common),19-01-2025,0.10,Metric Tonnes
Andhra Pradesh,Kakinada,Kakinada (Urban) APMC,Cereals,Paddy(Common),20-01-2025,0.10,Metric Tonnes
Andhra Pradesh,Kakinada,Kakinada (Urban) APMC,Cereals,Paddy(Common),21-01-2025,0.10,Metric Tonnes
Andhra Pradesh,Kakinada,Kakinada (Urban) APMC,Cereals,Paddy(Common),22-01-2025,1.20,Metric Tonnes
Andhra Pradesh,Kakinada,Kakinada (Urban) APMC,Cereals,Paddy(Common),23-01-2025,0.10,Metric Tonnes
Andhra Pradesh,Kakinada,Kakinada (Urban) APMC,Cereals,Paddy(Common),18-03-2025,5.20,Metric Tonnes
Andhra Pradesh,Kakinada,Kakinada (Urban) APMC,Cereals,Paddy(Common),04-07-2026,2.50,Metric Tonnes
Andhra Pradesh,Kakinada,Kakinada (Urban) APMC,Cereals,Paddy(Common),22-07-2026,0.23,Metric Tonnes
Andhra Pradesh,Kakinada,Kakinada (Urban) APMC,Cereals,Paddy(Common),23-07-2026,0.15,Metric Tonnes
Andhra Pradesh,Kakinada,Kakinada (Urban) APMC,Cereals,Paddy(Common),24-07-2026,0.15,Metric Tonnes
Andhra Pradesh,Kakinada,Kakinada (Urban) APMC,Cereals,Paddy(Common),25-07-2026,0.08,Metric Tonnes
Andhra Pradesh,Kakinada,Kakinada (Urban) APMC,Cereals,Paddy(Common),26-07-2026,0.08,Metric Tonnes
Andhra Pradesh,Kakinada,Kakinada (Urban) APMC,Cereals,Paddy(Common),27-07-2026,0.08,Metric Tonnes
Andhra Pradesh,Kakinada,Kakinada (Urban) APMC,Cereals,Paddy(Common),28-07-2026,0.08,Metric Tonnes
Andhra Pradesh,Kakinada,Kakinada (Urban) APMC,Cereals,Paddy(Common),29-07-2026,0.08,Metric Tonnes
Andhra Pradesh,Kakinada,Kakinada (Urban) APMC,Cereals,Paddy(Common),30-07-2026,0.08,Metric Tonnes
Andhra Pradesh,Kakinada,Kakinada (Urban) APMC,Cereals,Paddy(Common),31-07-2026,0.08,Metric Tonnes
Andhra Pradesh,Kakinada,Kakinada (Urban) APMC,Cereals,Paddy(Common),01-08-2026,0.08,Metric Tonnes
Andhra Pradesh,Kakinada,Kakinada (Urban) APMC,Cereals,Paddy(Common),02-08-2026,0.08,Metric Tonnes
Andhra Pradesh,Kakinada,Kakinada (Urban) APMC,Cereals,Paddy(Common),03-08-2026,0.08,Metric Tonnes
Andhra Pradesh,Kakinada,Kakinada (Urban) APMC,Cereals,Paddy(Common),04-08-2026,0.08,Metric Tonnes
Andhra Pradesh,Kakinada,Kakinada (Urban) APMC,Cereals,Paddy(Common),05-08-2026,0.08,Metric Tonnes
Andhra Pradesh,Kakinada,Kakinada (Urban) APMC,Cereals,Paddy(Common),06-08-2026,0.08,Metric Tonnes
Andhra Pradesh,Kakinada,Kakinada (Urban) APMC,Cereals,Paddy(Common),07-08-2026,0.08,Metric Tonnes
Andhra Pradesh,Kakinada,Karapa APMC,Cereals,Paddy(Common),20-04-2023,1.00,Metric Tonnes
Andhra Pradesh,Kakinada,Karapa APMC,Cereals,Paddy(Common),21-04-2023,1.00,Metric Tonnes
Andhra Pradesh,Kakinada,Karapa APMC,Cereals,Paddy(Common),22-04-2023,1.00,Metric Tonnes
Andhra Pradesh,Kakinada,Karapa APMC,Cereals,Paddy(Common),25-04-2023,0.10,Metric Tonnes
Andhra Pradesh,Kakinada,Karapa APMC,Cereals,Paddy(Common),26-04-2023,0.10,Metric Tonnes
Andhra Pradesh,Kakinada,Karapa APMC,Cereals,Paddy(Common),05-05-2023,0.10,Metric Tonnes
Andhra Pradesh,Kakinada,Karapa APMC,Cereals,Paddy(Common),06-05-2023,0.01,Metric Tonnes
Andhra Pradesh,Kakinada,Karapa APMC,Cereals,Paddy(Common),07-05-2023,0.10,Metric Tonnes
Andhra Pradesh,Kakinada,Karapa APMC,Cereals,Paddy(Common),08-05-2023,0.10,Metric Tonnes
Andhra Pradesh,Kakinada,Karapa APMC,Cereals,Paddy(Common),09-05-2023,0.10,Metric Tonnes
Andhra Pradesh,Kakinada,Karapa APMC,Cereals,Paddy(Common),10-05-2023,1.00,Metric Tonnes
Andhra Pradesh,Kakinada,Karapa APMC,Cereals,Paddy(Common),11-05-2023,1.00,Metric Tonnes
Andhra Pradesh,Kakinada,Karapa APMC,Cereals,Paddy(Common),12-05-2023,0.10,Metric Tonnes
Andhra Pradesh,Kakinada,Karapa APMC,Cereals,Paddy(Common),13-05-2023,0.10,Metric Tonnes
Andhra Pradesh,Kakinada,Karapa APMC,Cereals,Paddy(Common),14-05-2023,0.10,Metric Tonnes
Andhra Pradesh,Kakinada,Karapa APMC,Cereals,Paddy(Common),15-05-2023,0.10,Metric Tonnes
Andhra Pradesh,Kakinada,Karapa APMC,Cereals,Paddy(Common),16-05-2023,1.00,Metric Tonnes
Andhra Pradesh,Kakinada,Karapa APMC,Cereals,Paddy(Common),17-05-2023,1.00,Metric Tonnes
Andhra Pradesh,Kakinada,Karapa APMC,Cereals,Paddy(Common),18-05-2023,1.00,Metric Tonnes
Andhra Pradesh,Kakinada,Karapa APMC,Cereals,Paddy(Common),19-05-2023,1.00,Metric Tonnes
Andhra Pradesh,Kakinada,Karapa APMC,Cereals,Paddy(Common),20-05-2023,1.00,Metric Tonnes
Andhra Pradesh,Kakinada,Karapa APMC,Cereals,Paddy(Common),21-05-2023,1.00,Metric Tonnes
Andhra Pradesh,Kakinada,Karapa APMC,Cereals,Paddy(Common),22-05-2023,1.00,Metric Tonnes
Andhra Pradesh,Kakinada,Karapa APMC,Cereals,Paddy(Common),23-05-2023,1.00,Metric Tonnes
Andhra Pradesh,Kakinada,Karapa APMC,Cereals,Paddy(Common),24-05-2023,1.00,Metric Tonnes
Andhra Pradesh,Kakinada,Karapa APMC,Cereals,Paddy(Common),25-05-2023,1.00,Metric Tonnes
Andhra Pradesh,Kakinada,Karapa APMC,Cereals,Paddy(Common),26-05-2023,1.00,Metric Tonnes
Andhra Pradesh,Kakinada,Karapa APMC,Cereals,Paddy(Common),27-05-2023,1.00,Metric Tonnes
Andhra Pradesh,Kakinada,Karapa APMC,Cereals,Paddy(Common),28-05-2023,1.00,Metric Tonnes
Andhra Pradesh,Kakinada,Karapa APMC,Cereals,Paddy(Common),29-05-2023,1.00,Metric Tonnes
Andhra Pradesh,Kakinada,Karapa APMC,Cereals,Paddy(Common),30-05-2023,0.10,Metric Tonnes
Andhra Pradesh,Kakinada,Karapa APMC,Cereals,Paddy(Common),31-05-2023,1.00,Metric Tonnes
Andhra Pradesh,Kakinada,Karapa APMC,Cereals,Paddy(Common),03-06-2023,1.00,Metric Tonnes
Andhra Pradesh,Kakinada,Karapa APMC,Cereals,Paddy(Common),04-06-2023,1.00,Metric Tonnes
Andhra Pradesh,Kakinada,Karapa APMC,Cereals,Paddy(Common),05-06-2023,1.00,Metric Tonnes
Andhra Pradesh,Kakinada,Karapa APMC,Cereals,Paddy(Common),06-06-2023,1.00,Metric Tonnes
Andhra Pradesh,Kakinada,Karapa APMC,Cereals,Paddy(Common),07-06-2023,1.00,Metric Tonnes
Andhra Pradesh,Kakinada,Karapa APMC,Cereals,Paddy(Common),08-06-2023,1.00,Metric Tonnes
Andhra Pradesh,Kakinada,Karapa APMC,Cereals,Paddy(Common),09-06-2023,1.00,Metric Tonnes
Andhra Pradesh,Kakinada,Karapa APMC,Cereals,Paddy(Common),10-06-2023,1.00,Metric Tonnes
Andhra Pradesh,Kakinada,Karapa APMC,Cereals,Paddy(Common),11-06-2023,1.00,Metric Tonnes
Andhra Pradesh,Kakinada,Karapa APMC,Cereals,Paddy(Common),12-06-2023,1.00,Metric Tonnes
Andhra Pradesh,Kakinada,Karapa APMC,Cereals,Paddy(Common),13-06-2023,1.00,Metric Tonnes
Andhra Pradesh,Kakinada,Karapa APMC,Cereals,Paddy(Common),19-06-2023,1.00,Metric Tonnes
Andhra Pradesh,Kakinada,Karapa APMC,Cereals,Paddy(Common),20-06-2023,1.00,Metric Tonnes
Andhra Pradesh,Kakinada,Karapa APMC,Cereals,Paddy(Common),21-06-2023,1.00,Metric Tonnes
Andhra Pradesh,Kakinada,Karapa APMC,Cereals,Paddy(Common),22-06-2023,1.00,Metric Tonnes
Andhra Pradesh,Kakinada,Karapa APMC,Cereals,Paddy(Common),25-06-2023,1.00,Metric Tonnes
Andhra Pradesh,Kakinada,Karapa APMC,Cereals,Paddy(Common),26-06-2023,1.00,Metric Tonnes
Andhra Pradesh,Kakinada,Karapa APMC,Cereals,Paddy(Common),27-06-2023,1.00,Metric Tonnes
Andhra Pradesh,Kakinada,Karapa APMC,Cereals,Paddy(Common),28-06-2023,1.00,Metric Tonnes
Andhra Pradesh,Kakinada,Karapa APMC,Cereals,Paddy(Common),01-07-2023,1.00,Metric Tonnes
Andhra Pradesh,Kakinada,Karapa APMC,Cereals,Paddy(Common),02-07-2023,1.00,Metric Tonnes
Andhra Pradesh,Kakinada,Karapa APMC,Cereals,Paddy(Common),03-07-2023,1.00,Metric Tonnes
Andhra Pradesh,Kakinada,Karapa APMC,Cereals,Paddy(Common),04-07-2023,1.00,Metric Tonnes
Andhra Pradesh,Kakinada,Karapa APMC,Cereals,Paddy(Common),05-07-2023,1.00,Metric Tonnes
Andhra Pradesh,Kakinada,Karapa APMC,Cereals,Paddy(Common),06-07-2023,1.00,Metric Tonnes
Andhra Pradesh,Kakinada,Karapa APMC,Cereals,Paddy(Common),07-07-2023,1.00,Metric Tonnes
Andhra Pradesh,Kakinada,Karapa APMC,Cereals,Paddy(Common),08-07-2023,1.00,Metric Tonnes
Andhra Pradesh,Kakinada,Karapa APMC,Cereals,Paddy(Common),09-07-2023,1.00,Metric Tonnes
Andhra Pradesh,Kakinada,Karapa APMC,Cereals,Paddy(Common),10-07-2023,1.00,Metric Tonnes
Andhra Pradesh,Kakinada,Karapa APMC,Cereals,Paddy(Common),11-07-2023,1.00,Metric Tonnes
Andhra Pradesh,Kakinada,Karapa APMC,Cereals,Paddy(Common),12-07-2023,1.00,Metric Tonnes
Andhra Pradesh,Kakinada,Karapa APMC,Cereals,Paddy(Common),16-07-2023,1.00,Metric Tonnes
Andhra Pradesh,Kakinada,Karapa APMC,Cereals,Paddy(Common),17-07-2023,1.00,Metric Tonnes
Andhra Pradesh,Kakinada,Karapa APMC,Cereals,Paddy(Common),18-07-2023,1.00,Metric Tonnes
Andhra Pradesh,Kakinada,Karapa APMC,Cereals,Paddy(Common),19-07-2023,1.00,Metric Tonnes
Andhra Pradesh,Kakinada,Karapa APMC,Cereals,Paddy(Common),20-07-2023,1.00,Metric Tonnes
Andhra Pradesh,Kakinada,Karapa APMC,Cereals,Paddy(Common),25-07-2023,1.00,Metric Tonnes
Andhra Pradesh,Kakinada,Karapa APMC,Cereals,Paddy(Common),26-07-2023,1.00,Metric Tonnes
Andhra Pradesh,Kakinada,Karapa APMC,Cereals,Paddy(Common),27-07-2023,1.00,Metric Tonnes
Andhra Pradesh,Kakinada,Karapa APMC,Cereals,Paddy(Common),28-07-2023,1.00,Metric Tonnes
Andhra Pradesh,Kakinada,Karapa APMC,Cereals,Paddy(Common),29-07-2023,1.00,Metric Tonnes
Andhra Pradesh,Kakinada,Karapa APMC,Cereals,Paddy(Common),30-07-2023,1.00,Metric Tonnes
Andhra Pradesh,Kakinada,Karapa APMC,Cereals,Paddy(Common),31-07-2023,1.00,Metric Tonnes
Andhra Pradesh,Kakinada,Karapa APMC,Cereals,Paddy(Common),01-08-2023,1.00,Metric Tonnes
Andhra Pradesh,Kakinada,Karapa APMC,Cereals,Paddy(Common),02-08-2023,1.00,Metric Tonnes
Andhra Pradesh,Kakinada,Karapa APMC,Cereals,Paddy(Common),03-08-2023,1.00,Metric Tonnes
Andhra Pradesh,Kakinada,Karapa APMC,Cereals,Paddy(Common),04-08-2023,1.00,Metric Tonnes
Andhra Pradesh,Kakinada,Karapa APMC,Cereals,Paddy(Common),08-08-2023,1.00,Metric Tonnes
Andhra Pradesh,Kakinada,Karapa APMC,Cereals,Paddy(Common),09-08-2023,1.00,Metric Tonnes
Andhra Pradesh,Kakinada,Karapa APMC,Cereals,Paddy(Common),10-08-2023,1.00,Metric Tonnes
Andhra Pradesh,Kakinada,Karapa APMC,Cereals,Paddy(Common),12-08-2023,1.00,Metric Tonnes
Andhra Pradesh,Kakinada,Karapa APMC,Cereals,Paddy(Common),13-08-2023,1.00,Metric Tonnes
Andhra Pradesh,Kakinada,Karapa APMC,Cereals,Paddy(Common),14-08-2023,1.00,Metric Tonnes
Andhra Pradesh,Kakinada,Karapa APMC,Cereals,Paddy(Common),15-08-2023,1.00,Metric Tonnes
Andhra Pradesh,Kakinada,Karapa APMC,Cereals,Paddy(Common),29-08-2023,1.00,Metric Tonnes
Andhra Pradesh,Kakinada,Karapa APMC,Cereals,Paddy(Common),31-08-2023,1.00,Metric Tonnes
Andhra Pradesh,Kakinada,Karapa APMC,Cereals,Paddy(Common),01-09-2023,1.00,Metric Tonnes
Andhra Pradesh,Kakinada,Karapa APMC,Cereals,Paddy(Common),08-09-2023,1.00,Metric Tonnes
Andhra Pradesh,Kakinada,Karapa APMC,Cereals,Paddy(Common),09-09-2023,1.00,Metric Tonnes
Andhra Pradesh,Kakinada,Karapa APMC,Cereals,Paddy(Common),10-09-2023,1.00,Metric Tonnes
Andhra Pradesh,Kakinada,Karapa APMC,Cereals,Paddy(Common),11-09-2023,1.00,Metric Tonnes
Andhra Pradesh,Kakinada,Karapa APMC,Cereals,Paddy(Common),12-09-2023,1.00,Metric Tonnes
Andhra Pradesh,Kakinada,Karapa APMC,Cereals,Paddy(Common),13-09-2023,1.00,Metric Tonnes
Andhra Pradesh,Kakinada,Karapa APMC,Cereals,Paddy(Common),14-09-2023,1.00,Metric Tonnes
Andhra Pradesh,Kakinada,Karapa APMC,Cereals,Paddy(Common),15-09-2023,1.00,Metric Tonnes
Andhra Pradesh,Kakinada,Karapa APMC,Cereals,Paddy(Common),16-09-2023,1.00,Metric Tonnes
Andhra Pradesh,Kakinada,Karapa APMC,Cereals,Paddy(Common),19-09-2023,1.00,Metric Tonnes
Andhra Pradesh,Kakinada,Karapa APMC,Cereals,Paddy(Common),20-09-2023,1.00,Metric Tonnes
Andhra Pradesh,Kakinada,Karapa APMC,Cereals,Paddy(Common),25-09-2023,1.00,Metric Tonnes
Andhra Pradesh,Kakinada,Karapa APMC,Cereals,Paddy(Common),26-09-2023,1.00,Metric Tonnes
Andhra Pradesh,Kakinada,Karapa APMC,Cereals,Paddy(Common),06-10-2023,1.00,Metric Tonnes
Andhra Pradesh,Kakinada,Karapa APMC,Cereals,Paddy(Common),07-10-2023,1.00,Metric Tonnes
Andhra Pradesh,Kakinada,Karapa APMC,Cereals,Paddy(Common),08-10-2023,1.00,Metric Tonnes
Andhra Pradesh,Kakinada,Karapa APMC,Cereals,Paddy(Common),09-10-2023,1.00,Metric Tonnes
Andhra Pradesh,Kakinada,Karapa APMC,Cereals,Paddy(Common),10-10-2023,1.00,Metric Tonnes
Andhra Pradesh,Kakinada,Karapa APMC,Cereals,Paddy(Common),11-10-2023,1.00,Metric Tonnes
Andhra Pradesh,Kakinada,Karapa APMC,Cereals,Paddy(Common),13-10-2023,1.00,Metric Tonnes
Andhra Pradesh,Kakinada,Karapa APMC,Cereals,Paddy(Common),14-10-2023,1.00,Metric Tonnes
Andhra Pradesh,Kakinada,Karapa APMC,Cereals,Paddy(Common),15-10-2023,1.00,Metric Tonnes
Andhra Pradesh,Kakinada,Karapa APMC,Cereals,Paddy(Common),16-10-2023,1.00,Metric Tonnes
Andhra Pradesh,Kakinada,Karapa APMC,Cereals,Paddy(Common),17-10-2023,1.00,Metric Tonnes
Andhra Pradesh,Kakinada,Karapa APMC,Cereals,Paddy(Common),19-10-2023,1.00,Metric Tonnes
Andhra Pradesh,Kakinada,Karapa APMC,Cereals,Paddy(Common),20-10-2023,1.00,Metric Tonnes
Andhra Pradesh,Kakinada,Karapa APMC,Cereals,Paddy(Common),21-10-2023,1.00,Metric Tonnes
Andhra Pradesh,Kakinada,Karapa APMC,Cereals,Paddy(Common),27-10-2023,1.00,Metric Tonnes
Andhra Pradesh,Kakinada,Karapa APMC,Cereals,Paddy(Common),28-10-2023,1.00,Metric Tonnes
Andhra Pradesh,Kakinada,Karapa APMC,Cereals,Paddy(Common),29-10-2023,1.00,Metric Tonnes
Andhra Pradesh,Kakinada,Karapa APMC,Cereals,Paddy(Common),30-10-2023,1.00,Metric Tonnes
Andhra Pradesh,Kakinada,Karapa APMC,Cereals,Paddy(Common),31-10-2023,1.00,Metric Tonnes
Andhra Pradesh,Kakinada,Karapa APMC,Cereals,Paddy(Common),01-11-2023,1.00,Metric Tonnes
Andhra Pradesh,Kakinada,Karapa APMC,Cereals,Paddy(Common),02-11-2023,1.00,Metric Tonnes
Andhra Pradesh,Kakinada,Karapa APMC,Cereals,Paddy(Common),05-11-2023,1.00,Metric Tonnes
Andhra Pradesh,Kakinada,Karapa APMC,Cereals,Paddy(Common),06-11-2023,1.00,Metric Tonnes
Andhra Pradesh,Kakinada,Karapa APMC,Cereals,Paddy(Common),07-11-2023,1.00,Metric Tonnes
Andhra Pradesh,Kakinada,Karapa APMC,Cereals,Paddy(Common),08-11-2023,1.00,Metric Tonnes
Andhra Pradesh,Kakinada,Karapa APMC,Cereals,Paddy(Common),09-11-2023,1.00,Metric Tonnes
Andhra Pradesh,Kakinada,Karapa APMC,Cereals,Paddy(Common),10-11-2023,1.00,Metric Tonnes
Andhra Pradesh,Kakinada,Karapa APMC,Cereals,Paddy(Common),14-11-2023,1.00,Metric Tonnes
Andhra Pradesh,Kakinada,Karapa APMC,Cereals,Paddy(Common),15-11-2023,1.00,Metric Tonnes
Andhra Pradesh,Kakinada,Karapa APMC,Cereals,Paddy(Common),16-11-2023,1.00,Metric Tonnes
Andhra Pradesh,Kakinada,Karapa APMC,Cereals,Paddy(Common),19-11-2023,1.00,Metric Tonnes
Andhra Pradesh,Kakinada,Karapa APMC,Cereals,Paddy(Common),20-11-2023,1.00,Metric Tonnes
Andhra Pradesh,Kakinada,Karapa APMC,Cereals,Paddy(Common),21-11-2023,1.00,Metric Tonnes
Andhra Pradesh,Kakinada,Karapa APMC,Cereals,Paddy(Common),22-11-2023,1.00,Metric Tonnes
Andhra Pradesh,Kakinada,Karapa APMC,Cereals,Paddy(Common),23-11-2023,1.00,Metric Tonnes
Andhra Pradesh,Kakinada,Karapa APMC,Cereals,Paddy(Common),24-11-2023,1.00,Metric Tonnes
Andhra Pradesh,Kakinada,Karapa APMC,Cereals,Paddy(Common),25-11-2023,1.00,Metric Tonnes
Andhra Pradesh,Kakinada,Karapa APMC,Cereals,Paddy(Common),28-11-2023,1.00,Metric Tonnes
Andhra Pradesh,Kakinada,Karapa APMC,Cereals,Paddy(Common),29-11-2023,1.00,Metric Tonnes
Andhra Pradesh,Kakinada,Karapa APMC,Cereals,Paddy(Common),30-11-2023,1.00,Metric Tonnes
Andhra Pradesh,Kakinada,Karapa APMC,Cereals,Paddy(Common),03-12-2023,1.00,Metric Tonnes
Andhra Pradesh,Kakinada,Karapa APMC,Cereals,Paddy(Common),04-12-2023,1.00,Metric Tonnes
Andhra Pradesh,Kakinada,Karapa APMC,Cereals,Paddy(Common),05-12-2023,1.00,Metric Tonnes
Andhra Pradesh,Kakinada,Karapa APMC,Cereals,Paddy(Common),06-12-2023,1.00,Metric Tonnes
Andhra Pradesh,Kakinada,Karapa APMC,Cereals,Paddy(Common),15-12-2023,1.00,Metric Tonnes
Andhra Pradesh,Kakinada,Karapa APMC,Cereals,Paddy(Common),16-12-2023,1.00,Metric Tonnes
Andhra Pradesh,Kakinada,Karapa APMC,Cereals,Paddy(Common),17-12-2023,1.00,Metric Tonnes
Andhra Pradesh,Kakinada,Karapa APMC,Cereals,Paddy(Common),18-12-2023,1.00,Metric Tonnes
Andhra Pradesh,Kakinada,Karapa APMC,Cereals,Paddy(Common),19-12-2023,1.00,Metric Tonnes
Andhra Pradesh,Kakinada,Karapa APMC,Cereals,Paddy(Common),20-12-2023,1.00,Metric Tonnes
Andhra Pradesh,Kakinada,Karapa APMC,Cereals,Paddy(Common),22-12-2023,1.00,Metric Tonnes
Andhra Pradesh,Kakinada,Karapa APMC,Cereals,Paddy(Common),23-12-2023,1.00,Metric Tonnes
Andhra Pradesh,Kakinada,Karapa APMC,Cereals,Paddy(Common),26-12-2023,1.00,Metric Tonnes
Andhra Pradesh,Kakinada,Karapa APMC,Cereals,Paddy(Common),29-12-2023,1.00,Metric Tonnes
Andhra Pradesh,Kakinada,Karapa APMC,Cereals,Paddy(Common),25-07-2024,0.10,Metric Tonnes
Andhra Pradesh,Kakinada,Karapa APMC,Cereals,Paddy(Common),26-07-2024,0.10,Metric Tonnes
Andhra Pradesh,Kakinada,Karapa APMC,Cereals,Paddy(Common),27-07-2024,0.10,Metric Tonnes
Andhra Pradesh,Kakinada,Karapa APMC,Cereals,Paddy(Common),29-07-2024,0.10,Metric Tonnes
Andhra Pradesh,Kakinada,Karapa APMC,Cereals,Paddy(Common),31-07-2024,0.10,Metric Tonnes
Andhra Pradesh,Kakinada,Karapa APMC,Cereals,Paddy(Common),02-08-2024,0.10,Metric Tonnes
Andhra Pradesh,Kakinada,Karapa APMC,Cereals,Paddy(Common),03-08-2024,0.10,Metric Tonnes
Andhra Pradesh,Kakinada,Karapa APMC,Cereals,Paddy(Common),05-08-2024,0.10,Metric Tonnes
Andhra Pradesh,Kakinada,Karapa APMC,Cereals,Paddy(Common),07-08-2024,0.10,Metric Tonnes
Andhra Pradesh,Kakinada,Karapa APMC,Cereals,Paddy(Common),08-08-2024,0.10,Metric Tonnes
Andhra Pradesh,Kakinada,Karapa APMC,Cereals,Paddy(Common),09-08-2024,0.10,Metric Tonnes
Andhra Pradesh,Kakinada,Karapa APMC,Cereals,Paddy(Common),10-08-2024,0.10,Metric Tonnes
Andhra Pradesh,Kakinada,Karapa APMC,Cereals,Paddy(Common),11-08-2024,0.10,Metric Tonnes
Andhra Pradesh,Kakinada,Karapa APMC,Cereals,Paddy(Common),12-08-2024,0.10,Metric Tonnes
Andhra Pradesh,Kakinada,Karapa APMC,Cereals,Paddy(Common),13-08-2024,0.10,Metric Tonnes
Andhra Pradesh,Kakinada,Karapa APMC,Cereals,Paddy(Common),15-08-2024,0.01,Metric Tonnes
Andhra Pradesh,Kakinada,Karapa APMC,Cereals,Paddy(Common),16-08-2024,0.10,Metric Tonnes
Andhra Pradesh,Kakinada,Karapa APMC,Cereals,Paddy(Common),17-08-2024,1.00,Metric Tonnes
Andhra Pradesh,Kakinada,Karapa APMC,Cereals,Paddy(Common),18-08-2024,0.10,Metric Tonnes
Andhra Pradesh,Kakinada,Karapa APMC,Cereals,Paddy(Common),19-08-2024,0.10,Metric Tonnes
Andhra Pradesh,Kakinada,Karapa APMC,Cereals,Paddy(Common),20-08-2024,0.01,Metric Tonnes
Andhra Pradesh,Kakinada,Karapa APMC,Cereals,Paddy(Common),22-08-2024,0.10,Metric Tonnes
Andhra Pradesh,Kakinada,Karapa APMC,Cereals,Paddy(Common),24-08-2024,0.10,Metric Tonnes
Andhra Pradesh,Kakinada,Karapa APMC,Cereals,Paddy(Common),28-08-2024,0.01,Metric Tonnes
Andhra Pradesh,Kakinada,Karapa APMC,Cereals,Paddy(Common),30-08-2024,0.10,Metric Tonnes
Andhra Pradesh,Kakinada,Karapa APMC,Cereals,Paddy(Common),04-09-2024,0.10,Metric Tonnes
Andhra Pradesh,Kakinada,Karapa APMC,Cereals,Paddy(Common),10-09-2024,0.01,Metric Tonnes
Andhra Pradesh,Kakinada,Karapa APMC,Cereals,Paddy(Common),11-09-2024,0.10,Metric Tonnes
Andhra Pradesh,Kakinada,Karapa APMC,Cereals,Paddy(Common),12-09-2024,0.01,Metric Tonnes
Andhra Pradesh,Kakinada,Karapa APMC,Cereals,Paddy(Common),13-09-2024,0.01,Metric Tonnes
Andhra Pradesh,Kakinada,Karapa APMC,Cereals,Paddy(Common),17-09-2024,0.01,Metric Tonnes
Andhra Pradesh,Kakinada,Karapa APMC,Cereals,Paddy(Common),18-09-2024,0.01,Metric Tonnes
Andhra Pradesh,Kakinada,Karapa APMC,Cereals,Paddy(Common),19-09-2024,0.01,Metric Tonnes
Andhra Pradesh,Kakinada,Karapa APMC,Cereals,Paddy(Common),20-09-2024,0.01,Metric Tonnes
Andhra Pradesh,Kakinada,Karapa APMC,Cereals,Paddy(Common),24-09-2024,0.01,Metric Tonnes
Andhra Pradesh,Kakinada,Karapa APMC,Cereals,Paddy(Common),26-09-2024,0.01,Metric Tonnes
Andhra Pradesh,Kakinada,Karapa APMC,Cereals,Paddy(Common),27-09-2024,0.01,Metric Tonnes
Andhra Pradesh,Kakinada,Karapa APMC,Cereals,Paddy(Common),29-09-2024,0.01,Metric Tonnes
Andhra Pradesh,Kakinada,Karapa APMC,Cereals,Paddy(Common),30-09-2024,0.01,Metric Tonnes
Andhra Pradesh,Kakinada,Karapa APMC,Cereals,Paddy(Common),01-10-2024,0.10,Metric Tonnes
Andhra Pradesh,Kakinada,Karapa APMC,Cereals,Paddy(Common),03-10-2024,0.01,Metric Tonnes
Andhra Pradesh,Kakinada,Karapa APMC,Cereals,Paddy(Common),06-10-2024,0.01,Metric Tonnes
Andhra Pradesh,Kakinada,Karapa APMC,Cereals,Paddy(Common),07-10-2024,0.01,Metric Tonnes
Andhra Pradesh,Kakinada,Karapa APMC,Cereals,Paddy(Common),08-10-2024,0.01,Metric Tonnes
Andhra Pradesh,Kakinada,Karapa APMC,Cereals,Paddy(Common),18-10-2024,0.01,Metric Tonnes
Andhra Pradesh,Kakinada,Karapa APMC,Cereals,Paddy(Common),19-10-2024,0.01,Metric Tonnes
Andhra Pradesh,Kakinada,Karapa APMC,Cereals,Paddy(Common),21-10-2024,0.01,Metric Tonnes
Andhra Pradesh,Kakinada,Karapa APMC,Cereals,Paddy(Common),24-10-2024,0.01,Metric Tonnes
Andhra Pradesh,Kakinada,Karapa APMC,Cereals,Paddy(Common),25-10-2024,0.01,Metric Tonnes
Andhra Pradesh,Kakinada,Karapa APMC,Cereals,Paddy(Common),26-10-2024,0.01,Metric Tonnes
Andhra Pradesh,Kakinada,Karapa APMC,Cereals,Paddy(Common),27-10-2024,0.10,Metric Tonnes
Andhra Pradesh,Kakinada,Karapa APMC,Cereals,Paddy(Common),28-10-2024,0.10,Metric Tonnes
Andhra Pradesh,Kakinada,Karapa APMC,Cereals,Paddy(Common),31-10-2024,0.10,Metric Tonnes
Andhra Pradesh,Kakinada,Karapa APMC,Cereals,Paddy(Common),01-11-2024,0.01,Metric Tonnes
Andhra Pradesh,Kakinada,Karapa APMC,Cereals,Paddy(Common),02-11-2024,0.01,Metric Tonnes
Andhra Pradesh,Kakinada,Karapa APMC,Cereals,Paddy(Common),03-11-2024,0.01,Metric Tonnes
Andhra Pradesh,Kakinada,Karapa APMC,Cereals,Paddy(Common),04-11-2024,0.01,Metric Tonnes
Andhra Pradesh,Kakinada,Karapa APMC,Cereals,Paddy(Common),05-11-2024,0.10,Metric Tonnes
Andhra Pradesh,Kakinada,Karapa APMC,Cereals,Paddy(Common),06-11-2024,0.01,Metric Tonnes
Andhra Pradesh,Kakinada,Karapa APMC,Cereals,Paddy(Common),07-11-2024,0.01,Metric Tonnes
Andhra Pradesh,Kakinada,Karapa APMC,Cereals,Paddy(Common),10-11-2024,0.01,Metric Tonnes
Andhra Pradesh,Kakinada,Karapa APMC,Cereals,Paddy(Common),11-11-2024,0.01,Metric Tonnes
Andhra Pradesh,Kakinada,Karapa APMC,Cereals,Paddy(Common),12-11-2024,0.01,Metric Tonnes
Andhra Pradesh,Kakinada,Karapa APMC,Cereals,Paddy(Common),13-11-2024,0.01,Metric Tonnes
Andhra Pradesh,Kakinada,Karapa APMC,Cereals,Paddy(Common),15-11-2024,0.01,Metric Tonnes
Andhra Pradesh,Kakinada,Karapa APMC,Cereals,Paddy(Common),18-11-2024,0.01,Metric Tonnes
Andhra Pradesh,Kakinada,Karapa APMC,Cereals,Paddy(Common),19-11-2024,0.01,Metric Tonnes
Andhra Pradesh,Kakinada,Karapa APMC,Cereals,Paddy(Common),20-11-2024,0.01,Metric Tonnes
Andhra Pradesh,Kakinada,Karapa APMC,Cereals,Paddy(Common),21-11-2024,0.01,Metric Tonnes
Andhra Pradesh,Kakinada,Karapa APMC,Cereals,Paddy(Common),22-11-2024,0.01,Metric Tonnes
Andhra Pradesh,Kakinada,Karapa APMC,Cereals,Paddy(Common),23-11-2024,0.01,Metric Tonnes
Andhra Pradesh,Kakinada,Karapa APMC,Cereals,Paddy(Common),28-11-2024,0.01,Metric Tonnes
Andhra Pradesh,Kakinada,Karapa APMC,Cereals,Paddy(Common),29-11-2024,0.01,Metric Tonnes
Andhra Pradesh,Kakinada,Karapa APMC,Cereals,Paddy(Common),30-11-2024,0.01,Metric Tonnes
Andhra Pradesh,Kakinada,Karapa APMC,Cereals,Paddy(Common),03-12-2024,0.01,Metric Tonnes
Andhra Pradesh,Kakinada,Karapa APMC,Cereals,Paddy(Common),04-12-2024,0.01,Metric Tonnes
Andhra Pradesh,Kakinada,Karapa APMC,Cereals,Paddy(Common),05-12-2024,0.10,Metric Tonnes
Andhra Pradesh,Kakinada,Karapa APMC,Cereals,Paddy(Common),16-12-2024,0.01,Metric Tonnes
Andhra Pradesh,Kakinada,Karapa APMC,Cereals,Paddy(Common),17-12-2024,0.01,Metric Tonnes
Andhra Pradesh,Kakinada,Karapa APMC,Cereals,Paddy(Common),18-12-2024,0.01,Metric Tonnes
Andhra Pradesh,Kakinada,Karapa APMC,Cereals,Paddy(Common),20-12-2024,0.01,Metric Tonnes
Andhra Pradesh,Kakinada,Karapa APMC,Cereals,Paddy(Common),21-12-2024,0.01,Metric Tonnes
Andhra Pradesh,Kakinada,Karapa APMC,Cereals,Paddy(Common),22-12-2024,0.01,Metric Tonnes
Andhra Pradesh,Kakinada,Karapa APMC,Cereals,Paddy(Common),23-12-2024,0.01,Metric Tonnes
Andhra Pradesh,Kakinada,Karapa APMC,Cereals,Paddy(Common),24-12-2024,0.01,Metric Tonnes
Andhra Pradesh,Kakinada,Karapa APMC,Cereals,Paddy(Common),25-12-2024,0.01,Metric Tonnes
Andhra Pradesh,Kakinada,Karapa APMC,Cereals,Paddy(Common),26-12-2024,0.01,Metric Tonnes
Andhra Pradesh,Kakinada,Karapa APMC,Cereals,Paddy(Common),27-12-2024,0.01,Metric Tonnes
Andhra Pradesh,Kakinada,Karapa APMC,Cereals,Paddy(Common),28-12-2024,0.01,Metric Tonnes
Andhra Pradesh,Kakinada,Karapa APMC,Cereals,Paddy(Common),29-12-2024,0.01,Metric Tonnes
Andhra Pradesh,Kakinada,Karapa APMC,Cereals,Paddy(Common),30-12-2024,0.01,Metric Tonnes
Andhra Pradesh,Kakinada,Karapa APMC,Cereals,Paddy(Common),31-12-2024,0.01,Metric Tonnes
Andhra Pradesh,Kakinada,Karapa APMC,Cereals,Paddy(Common),05-01-2025,0.01,Metric Tonnes
Andhra Pradesh,Kakinada,Karapa APMC,Cereals,Paddy(Common),06-01-2025,0.01,Metric Tonnes
Andhra Pradesh,Kakinada,Karapa APMC,Cereals,Paddy(Common),07-01-2025,0.01,Metric Tonnes
Andhra Pradesh,Kakinada,Karapa APMC,Cereals,Paddy(Common),08-01-2025,0.01,Metric Tonnes
Andhra Pradesh,Kakinada,Karapa APMC,Cereals,Paddy(Common),09-01-2025,0.01,Metric Tonnes
Andhra Pradesh,Kakinada,Karapa APMC,Cereals,Paddy(Common),15-01-2025,0.01,Metric Tonnes
Andhra Pradesh,Kakinada,Karapa APMC,Cereals,Paddy(Common),16-01-2025,0.01,Metric Tonnes
Andhra Pradesh,Kakinada,Karapa APMC,Cereals,Paddy(Common),17-01-2025,0.01,Metric Tonnes
Andhra Pradesh,Kakinada,Karapa APMC,Cereals,Paddy(Common),18-01-2025,0.01,Metric Tonnes
Andhra Pradesh,Kakinada,Karapa APMC,Cereals,Paddy(Common),19-01-2025,0.01,Metric Tonnes
Andhra Pradesh,Kakinada,Karapa APMC,Cereals,Paddy(Common),20-01-2025,0.01,Metric Tonnes
Andhra Pradesh,Kakinada,Karapa APMC,Cereals,Paddy(Common),21-01-2025,0.01,Metric Tonnes
Andhra Pradesh,Kakinada,Karapa APMC,Cereals,Paddy(Common),22-01-2025,0.10,Metric Tonnes
Andhra Pradesh,Kakinada,Karapa APMC,Cereals,Paddy(Common),23-01-2025,0.01,Metric Tonnes
Andhra Pradesh,Kakinada,Karapa APMC,Cereals,Paddy(Common),23-07-2026,0.10,Metric Tonnes
Andhra Pradesh,Kakinada,Karapa APMC,Cereals,Paddy(Common),24-07-2026,1.00,Metric Tonnes
Andhra Pradesh,Kakinada,Karapa APMC,Cereals,Paddy(Common),25-07-2026,1.00,Metric Tonnes
Andhra Pradesh,Kakinada,Karapa APMC,Cereals,Paddy(Common),26-07-2026,0.10,Metric Tonnes
Andhra Pradesh,Kakinada,Karapa APMC,Cereals,Paddy(Common),27-07-2026,1.00,Metric Tonnes
Andhra Pradesh,Kakinada,Karapa APMC,Cereals,Paddy(Common),28-07-2026,1.00,Metric Tonnes
Andhra Pradesh,Kakinada,Karapa APMC,Cereals,Paddy(Common),29-07-2026,1.00,Metric Tonnes
Andhra Pradesh,Kakinada,Karapa APMC,Cereals,Paddy(Common),30-07-2026,1.00,Metric Tonnes
Andhra Pradesh,Kakinada,Karapa APMC,Cereals,Paddy(Common),31-07-2026,1.00,Metric Tonnes
Andhra Pradesh,Kakinada,Karapa APMC,Cereals,Paddy(Common),01-08-2026,1.00,Metric Tonnes
Andhra Pradesh,Kakinada,Karapa APMC,Cereals,Paddy(Common),02-08-2026,1.00,Metric Tonnes
Andhra Pradesh,Kakinada,Karapa APMC,Cereals,Paddy(Common),03-08-2026,1.00,Metric Tonnes
Andhra Pradesh,Kakinada,Karapa APMC,Cereals,Paddy(Common),04-08-2026,1.00,Metric Tonnes
Andhra Pradesh,Kakinada,Karapa APMC,Cereals,Paddy(Common),05-08-2026,1.00,Metric Tonnes
Andhra Pradesh,Kakinada,Karapa APMC,Cereals,Paddy(Common),06-08-2026,1.00,Metric Tonnes
Andhra Pradesh,Kakinada,Karapa APMC,Cereals,Paddy(Common),07-08-2026,1.00,Metric Tonnes
Andhra Pradesh,Kakinada,Peddapuram APMC,Cereals,Paddy(Common),24-04-2023,5154.00,Metric Tonnes
Andhra Pradesh,Kakinada,Peddapuram APMC,Cereals,Paddy(Common),25-04-2023,3824.00,Metric Tonnes
Andhra Pradesh,Kakinada,Peddapuram APMC,Cereals,Paddy(Common),26-04-2023,2813.00,Metric Tonnes
Andhra Pradesh,Kakinada,Peddapuram APMC,Cereals,Paddy(Common),27-04-2023,1288.00,Metric Tonnes
Andhra Pradesh,Kakinada,Peddapuram APMC,Cereals,Paddy(Common),29-04-2023,2437.00,Metric Tonnes
Andhra Pradesh,Kakinada,Peddapuram APMC,Cereals,Paddy(Common),02-05-2023,442.00,Metric Tonnes
Andhra Pradesh,Kakinada,Peddapuram APMC,Cereals,Paddy(Common),03-05-2023,642.00,Metric Tonnes
Andhra Pradesh,Kakinada,Peddapuram APMC,Cereals,Paddy(Common),04-05-2023,323.00,Metric Tonnes
Andhra Pradesh,Kakinada,Peddapuram APMC,Cereals,Paddy(Common),05-05-2023,493.00,Metric Tonnes
Andhra Pradesh,Kakinada,Peddapuram APMC,Cereals,Paddy(Common),06-05-2023,232.00,Metric Tonnes
Andhra Pradesh,Kakinada,Peddapuram APMC,Cereals,Paddy(Common),08-05-2023,666.00,Metric Tonnes
Andhra Pradesh,Kakinada,Peddapuram APMC,Cereals,Paddy(Common),09-05-2023,294.00,Metric Tonnes
Andhra Pradesh,Kakinada,Peddapuram APMC,Cereals,Paddy(Common),12-05-2023,276.00,Metric Tonnes
Andhra Pradesh,Kakinada,Peddapuram APMC,Cereals,Paddy(Common),13-05-2023,0.10,Metric Tonnes
Andhra Pradesh,Kakinada,Peddapuram APMC,Cereals,Paddy(Common),15-05-2023,296.00,Metric Tonnes
Andhra Pradesh,Kakinada,Peddapuram APMC,Cereals,Paddy(Common),17-05-2023,0.10,Metric Tonnes
Andhra Pradesh,Kakinada,Peddapuram APMC,Cereals,Paddy(Common),18-05-2023,318.00,Metric Tonnes
Andhra Pradesh,Kakinada,Peddapuram APMC,Cereals,Paddy(Common),19-05-2023,73.00,Metric Tonnes
Andhra Pradesh,Kakinada,Peddapuram APMC,Cereals,Paddy(Common),20-05-2023,1207.00,Metric Tonnes
Andhra Pradesh,Kakinada,Peddapuram APMC,Cereals,Paddy(Common),21-05-2023,0.10,Metric Tonnes
Andhra Pradesh,Kakinada,Peddapuram APMC,Cereals,Paddy(Common),24-05-2023,5750.00,Metric Tonnes
Andhra Pradesh,Kakinada,Peddapuram APMC,Cereals,Paddy(Common),25-05-2023,465.00,Metric Tonnes
Andhra Pradesh,Kakinada,Peddapuram APMC,Cereals,Paddy(Common),26-05-2023,85.00,Metric Tonnes
Andhra Pradesh,Kakinada,Peddapuram APMC,Cereals,Paddy(Common),27-05-2023,73.00,Metric Tonnes
Andhra Pradesh,Kakinada,Peddapuram APMC,Cereals,Paddy(Common),28-05-2023,0.10,Metric Tonnes
Andhra Pradesh,Kakinada,Peddapuram APMC,Cereals,Paddy(Common),30-05-2023,0.10,Metric Tonnes
Andhra Pradesh,Kakinada,Peddapuram APMC,Cereals,Paddy(Common),31-05-2023,252.00,Metric Tonnes
Andhra Pradesh,Kakinada,Peddapuram APMC,Cereals,Paddy(Common),01-06-2023,0.10,Metric Tonnes
Andhra Pradesh,Kakinada,Peddapuram APMC,Cereals,Paddy(Common),02-06-2023,0.10,Metric Tonnes
Andhra Pradesh,Kakinada,Peddapuram APMC,Cereals,Paddy(Common),03-06-2023,0.10,Metric Tonnes
Andhra Pradesh,Kakinada,Peddapuram APMC,Cereals,Paddy(Common),05-06-2023,73.00,Metric Tonnes
Andhra Pradesh,Kakinada,Peddapuram APMC,Cereals,Paddy(Common),06-06-2023,84.00,Metric Tonnes
Andhra Pradesh,Kakinada,Peddapuram APMC,Cereals,Paddy(Common),08-06-2023,0.10,Metric Tonnes
Andhra Pradesh,Kakinada,Peddapuram APMC,Cereals,Paddy(Common),09-06-2023,0.10,Metric Tonnes
Andhra Pradesh,Kakinada,Peddapuram APMC,Cereals,Paddy(Common),12-06-2023,361.00,Metric Tonnes
Andhra Pradesh,Kakinada,Peddapuram APMC,Cereals,Paddy(Common),13-06-2023,0.10,Metric Tonnes
Andhra Pradesh,Kakinada,Peddapuram APMC,Cereals,Paddy(Common),14-06-2023,0.10,Metric Tonnes
Andhra Pradesh,Kakinada,Peddapuram APMC,Cereals,Paddy(Common),16-06-2023,0.10,Metric Tonnes
Andhra Pradesh,Kakinada,Peddapuram APMC,Cereals,Paddy(Common),17-06-2023,0.10,Metric Tonnes
Andhra Pradesh,Kakinada,Peddapuram APMC,Cereals,Paddy(Common),19-06-2023,0.10,Metric Tonnes
Andhra Pradesh,Kakinada,Peddapuram APMC,Cereals,Paddy(Common),20-06-2023,0.10,Metric Tonnes
Andhra Pradesh,Kakinada,Peddapuram APMC,Cereals,Paddy(Common),22-06-2023,0.10,Metric Tonnes
Andhra Pradesh,Kakinada,Peddapuram APMC,Cereals,Paddy(Common),23-06-2023,0.10,Metric Tonnes
Andhra Pradesh,Kakinada,Peddapuram APMC,Cereals,Paddy(Common),24-06-2023,0.10,Metric Tonnes
Andhra Pradesh,Kakinada,Peddapuram APMC,Cereals,Paddy(Common),25-06-2023,0.10,Metric Tonnes
Andhra Pradesh,Kakinada,Peddapuram APMC,Cereals,Paddy(Common),28-06-2023,0.10,Metric Tonnes
Andhra Pradesh,Kakinada,Peddapuram APMC,Cereals,Paddy(Common),02-07-2023,0.10,Metric Tonnes
Andhra Pradesh,Kakinada,Peddapuram APMC,Cereals,Paddy(Common),04-07-2023,0.10,Metric Tonnes
Andhra Pradesh,Kakinada,Peddapuram APMC,Cereals,Paddy(Common),05-07-2023,0.10,Metric Tonnes
Andhra Pradesh,Kakinada,Peddapuram APMC,Cereals,Paddy(Common),06-07-2023,0.10,Metric Tonnes
Andhra Pradesh,Kakinada,Peddapuram APMC,Cereals,Paddy(Common),07-07-2023,0.10,Metric Tonnes
Andhra Pradesh,Kakinada,Peddapuram APMC,Cereals,Paddy(Common),08-07-2023,0.10,Metric Tonnes
Andhra Pradesh,Kakinada,Peddapuram APMC,Cereals,Paddy(Common),10-07-2023,28.00,Metric Tonnes
Andhra Pradesh,Kakinada,Peddapuram APMC,Cereals,Paddy(Common),11-07-2023,0.10,Metric Tonnes
Andhra Pradesh,Kakinada,Peddapuram APMC,Cereals,Paddy(Common),14-07-2023,0.10,Metric Tonnes
Andhra Pradesh,Kakinada,Peddapuram APMC,Cereals,Paddy(Common),15-07-2023,0.10,Metric Tonnes
Andhra Pradesh,Kakinada,Peddapuram APMC,Cereals,Paddy(Common),17-07-2023,0.10,Metric Tonnes
Andhra Pradesh,Kakinada,Peddapuram APMC,Cereals,Paddy(Common),18-07-2023,0.10,Metric Tonnes
Andhra Pradesh,Kakinada,Peddapuram APMC,Cereals,Paddy(Common),19-07-2023,0.10,Metric Tonnes
Andhra Pradesh,Kakinada,Peddapuram APMC,Cereals,Paddy(Common),20-07-2023,0.10,Metric Tonnes
Andhra Pradesh,Kakinada,Peddapuram APMC,Cereals,Paddy(Common),24-07-2023,0.10,Metric Tonnes
Andhra Pradesh,Kakinada,Peddapuram APMC,Cereals,Paddy(Common),26-07-2023,0.10,Metric Tonnes
Andhra Pradesh,Kakinada,Peddapuram APMC,Cereals,Paddy(Common),27-07-2023,0.10,Metric Tonnes
Andhra Pradesh,Kakinada,Peddapuram APMC,Cereals,Paddy(Common),01-08-2023,0.10,Metric Tonnes
Andhra Pradesh,Kakinada,Peddapuram APMC,Cereals,Paddy(Common),02-08-2023,28.00,Metric Tonnes
Andhra Pradesh,Kakinada,Peddapuram APMC,Cereals,Paddy(Common),03-08-2023,0.10,Metric Tonnes
Andhra Pradesh,Kakinada,Peddapuram APMC,Cereals,Paddy(Common),04-08-2023,0.10,Metric Tonnes
Andhra Pradesh,Kakinada,Peddapuram APMC,Cereals,Paddy(Common),08-08-2023,0.10,Metric Tonnes
Andhra Pradesh,Kakinada,Peddapuram APMC,Cereals,Paddy(Common),09-08-2023,0.10,Metric Tonnes
Andhra Pradesh,Kakinada,Peddapuram APMC,Cereals,Paddy(Common),10-08-2023,0.10,Metric Tonnes
Andhra Pradesh,Kakinada,Peddapuram APMC,Cereals,Paddy(Common),11-08-2023,0.10,Metric Tonnes
Andhra Pradesh,Kakinada,Peddapuram APMC,Cereals,Paddy(Common),14-08-2023,0.10,Metric Tonnes
Andhra Pradesh,Kakinada,Peddapuram APMC,Cereals,Paddy(Common),17-08-2023,0.10,Metric Tonnes
Andhra Pradesh,Kakinada,Peddapuram APMC,Cereals,Paddy(Common),19-08-2023,0.10,Metric Tonnes
Andhra Pradesh,Kakinada,Peddapuram APMC,Cereals,Paddy(Common),22-08-2023,0.10,Metric Tonnes
Andhra Pradesh,Kakinada,Peddapuram APMC,Cereals,Paddy(Common),24-08-2023,0.10,Metric Tonnes
Andhra Pradesh,Kakinada,Peddapuram APMC,Cereals,Paddy(Common),25-08-2023,0.10,Metric Tonnes
Andhra Pradesh,Kakinada,Peddapuram APMC,Cereals,Paddy(Common),28-08-2023,0.10,Metric Tonnes
Andhra Pradesh,Kakinada,Peddapuram APMC,Cereals,Paddy(Common),30-08-2023,0.10,Metric Tonnes
Andhra Pradesh,Kakinada,Peddapuram APMC,Cereals,Paddy(Common),31-08-2023,0.10,Metric Tonnes
Andhra Pradesh,Kakinada,Peddapuram APMC,Cereals,Paddy(Common),01-09-2023,0.10,Metric Tonnes
Andhra Pradesh,Kakinada,Peddapuram APMC,Cereals,Paddy(Common),04-09-2023,0.10,Metric Tonnes
Andhra Pradesh,Kakinada,Peddapuram APMC,Cereals,Paddy(Common),05-09-2023,0.10,Metric Tonnes
Andhra Pradesh,Kakinada,Peddapuram APMC,Cereals,Paddy(Common),06-09-2023,0.10,Metric Tonnes
Andhra Pradesh,Kakinada,Peddapuram APMC,Cereals,Paddy(Common),08-09-2023,0.10,Metric Tonnes
Andhra Pradesh,Kakinada,Peddapuram APMC,Cereals,Paddy(Common),09-09-2023,0.01,Metric Tonnes
Andhra Pradesh,Kakinada,Peddapuram APMC,Cereals,Paddy(Common),12-09-2023,1.00,Metric Tonnes
Andhra Pradesh,Kakinada,Peddapuram APMC,Cereals,Paddy(Common),13-09-2023,1.00,Metric Tonnes
Andhra Pradesh,Kakinada,Peddapuram APMC,Cereals,Paddy(Common),14-09-2023,30.00,Metric Tonnes
Andhra Pradesh,Kakinada,Peddapuram APMC,Cereals,Paddy(Common),15-09-2023,1.00,Metric Tonnes
Andhra Pradesh,Kakinada,Peddapuram APMC,Cereals,Paddy(Common),16-09-2023,1.00,Metric Tonnes
Andhra Pradesh,Kakinada,Peddapuram APMC,Cereals,Paddy(Common),19-09-2023,1.00,Metric Tonnes
Andhra Pradesh,Kakinada,Peddapuram APMC,Cereals,Paddy(Common),20-09-2023,1.00,Metric Tonnes
Andhra Pradesh,Kakinada,Peddapuram APMC,Cereals,Paddy(Common),22-09-2023,1.00,Metric Tonnes
Andhra Pradesh,Kakinada,Peddapuram APMC,Cereals,Paddy(Common),27-09-2023,1.00,Metric Tonnes
Andhra Pradesh,Kakinada,Peddapuram APMC,Cereals,Paddy(Common),28-09-2023,1.00,Metric Tonnes
Andhra Pradesh,Kakinada,Peddapuram APMC,Cereals,Paddy(Common),30-09-2023,18.00,Metric Tonnes
Andhra Pradesh,Kakinada,Peddapuram APMC,Cereals,Paddy(Common),04-10-2023,1.00,Metric Tonnes
Andhra Pradesh,Kakinada,Peddapuram APMC,Cereals,Paddy(Common),05-10-2023,1.00,Metric Tonnes
Andhra Pradesh,Kakinada,Peddapuram APMC,Cereals,Paddy(Common),09-10-2023,1.00,Metric Tonnes
Andhra Pradesh,Kakinada,Peddapuram APMC,Cereals,Paddy(Common),10-10-2023,20.00,Metric Tonnes
Andhra Pradesh,Kakinada,Peddapuram APMC,Cereals,Paddy(Common),11-10-2023,1.00,Metric Tonnes
Andhra Pradesh,Kakinada,Peddapuram APMC,Cereals,Paddy(Common),12-10-2023,1.00,Metric Tonnes
Andhra Pradesh,Kakinada,Peddapuram APMC,Cereals,Paddy(Common),13-10-2023,33.00,Metric Tonnes
Andhra Pradesh,Kakinada,Peddapuram APMC,Cereals,Paddy(Common),16-10-2023,52.00,Metric Tonnes
Andhra Pradesh,Kakinada,Peddapuram APMC,Cereals,Paddy(Common),17-10-2023,48.00,Metric Tonnes
Andhra Pradesh,Kakinada,Peddapuram APMC,Cereals,Paddy(Common),18-10-2023,43.00,Metric Tonnes
Andhra Pradesh,Kakinada,Peddapuram APMC,Cereals,Paddy(Common),19-10-2023,20.00,Metric Tonnes
Andhra Pradesh,Kakinada,Peddapuram APMC,Cereals,Paddy(Common),21-10-2023,34.00,Metric Tonnes
Andhra Pradesh,Kakinada,Peddapuram APMC,Cereals,Paddy(Common),26-10-2023,68.00,Metric Tonnes
Andhra Pradesh,Kakinada,Peddapuram APMC,Cereals,Paddy(Common),28-10-2023,1.00,Metric Tonnes
Andhra Pradesh,Kakinada,Peddapuram APMC,Cereals,Paddy(Common),30-10-2023,77.00,Metric Tonnes
Andhra Pradesh,Kakinada,Peddapuram APMC,Cereals,Paddy(Common),03-11-2023,3.00,Metric Tonnes
Andhra Pradesh,Kakinada,Peddapuram APMC,Cereals,Paddy(Common),04-11-2023,6.80,Metric Tonnes
Andhra Pradesh,Kakinada,Peddapuram APMC,Cereals,Paddy(Common),06-11-2023,78.50,Metric Tonnes
Andhra Pradesh,Kakinada,Peddapuram APMC,Cereals,Paddy(Common),08-11-2023,99.00,Metric Tonnes
Andhra Pradesh,Kakinada,Peddapuram APMC,Cereals,Paddy(Common),09-11-2023,3.30,Metric Tonnes
Andhra Pradesh,Kakinada,Peddapuram APMC,Cereals,Paddy(Common),10-11-2023,14.80,Metric Tonnes
Andhra Pradesh,Kakinada,Peddapuram APMC,Cereals,Paddy(Common),15-11-2023,46.50,Metric Tonnes
Andhra Pradesh,Kakinada,Peddapuram APMC,Cereals,Paddy(Common),16-11-2023,76.00,Metric Tonnes
Andhra Pradesh,Kakinada,Peddapuram APMC,Cereals,Paddy(Common),17-11-2023,61.00,Metric Tonnes
Andhra Pradesh,Kakinada,Peddapuram APMC,Cereals,Paddy(Common),18-11-2023,31.00,Metric Tonnes
Andhra Pradesh,Kakinada,Peddapuram APMC,Cereals,Paddy(Common),20-11-2023,42.80,Metric Tonnes
Andhra Pradesh,Kakinada,Peddapuram APMC,Cereals,Paddy(Common),21-11-2023,30.00,Metric Tonnes
Andhra Pradesh,Kakinada,Peddapuram APMC,Cereals,Paddy(Common),22-11-2023,30.00,Metric Tonnes
Andhra Pradesh,Kakinada,Peddapuram APMC,Cereals,Paddy(Common),23-11-2023,27.00,Metric Tonnes
Andhra Pradesh,Kakinada,Peddapuram APMC,Cereals,Paddy(Common),24-11-2023,35.50,Metric Tonnes
Andhra Pradesh,Kakinada,Peddapuram APMC,Cereals,Paddy(Common),28-11-2023,132.80,Metric Tonnes
Andhra Pradesh,Kakinada,Peddapuram APMC,Cereals,Paddy(Common),29-11-2023,59.70,Metric Tonnes
Andhra Pradesh,Kakinada,Peddapuram APMC,Cereals,Paddy(Common),30-11-2023,37.70,Metric Tonnes
Andhra Pradesh,Kakinada,Peddapuram APMC,Cereals,Paddy(Common),01-12-2023,93.90,Metric Tonnes
Andhra Pradesh,Kakinada,Peddapuram APMC,Cereals,Paddy(Common),02-12-2023,153.90,Metric Tonnes
Andhra Pradesh,Kakinada,Peddapuram APMC,Cereals,Paddy(Common),04-12-2023,109.00,Metric Tonnes
Andhra Pradesh,Kakinada,Peddapuram APMC,Cereals,Paddy(Common),05-12-2023,21.00,Metric Tonnes
Andhra Pradesh,Kakinada,Peddapuram APMC,Cereals,Paddy(Common),06-12-2023,30.00,Metric Tonnes
Andhra Pradesh,Kakinada,Peddapuram APMC,Cereals,Paddy(Common),08-12-2023,80.00,Metric Tonnes
Andhra Pradesh,Kakinada,Peddapuram APMC,Cereals,Paddy(Common),12-12-2023,0.80,Metric Tonnes
Andhra Pradesh,Kakinada,Peddapuram APMC,Cereals,Paddy(Common),13-12-2023,8.00,Metric Tonnes
Andhra Pradesh,Kakinada,Peddapuram APMC,Cereals,Paddy(Common),14-12-2023,16.00,Metric Tonnes
Andhra Pradesh,Kakinada,Peddapuram APMC,Cereals,Paddy(Common),15-12-2023,6.80,Metric Tonnes
Andhra Pradesh,Kakinada,Peddapuram APMC,Cereals,Paddy(Common),16-12-2023,53.80,Metric Tonnes
Andhra Pradesh,Kakinada,Peddapuram APMC,Cereals,Paddy(Common),18-12-2023,6.80,Metric Tonnes
Andhra Pradesh,Kakinada,Peddapuram APMC,Cereals,Paddy(Common),19-12-2023,5.90,Metric Tonnes
Andhra Pradesh,Kakinada,Peddapuram APMC,Cereals,Paddy(Common),22-12-2023,29.70,Metric Tonnes
Andhra Pradesh,Kakinada,Peddapuram APMC,Cereals,Paddy(Common),26-12-2023,125.70,Metric Tonnes
Andhra Pradesh,Kakinada,Peddapuram APMC,Cereals,Paddy(Common),27-12-2023,32.90,Metric Tonnes
Andhra Pradesh,Kakinada,Peddapuram APMC,Cereals,Paddy(Common),28-12-2023,30.90,Metric Tonnes
Andhra Pradesh,Kakinada,Peddapuram APMC,Cereals,Paddy(Common),29-12-2023,13.70,Metric Tonnes
Andhra Pradesh,Kakinada,Peddapuram APMC,Cereals,Paddy(Common),30-12-2023,8.00,Metric Tonnes
Andhra Pradesh,Kakinada,Peddapuram APMC,Cereals,Paddy(Common),02-09-2024,45.80,Metric Tonnes
Andhra Pradesh,Kakinada,Peddapuram APMC,Cereals,Paddy(Common),08-10-2024,45.20,Metric Tonnes
Andhra Pradesh,Kakinada,Peddapuram APMC,Cereals,Paddy(Common),28-10-2024,15.65,Metric Tonnes
Andhra Pradesh,Kakinada,Peddapuram APMC,Cereals,Paddy(Common),29-10-2024,52.30,Metric Tonnes
Andhra Pradesh,Kakinada,Peddapuram APMC,Cereals,Paddy(Common),01-11-2024,75.00,Metric Tonnes
Andhra Pradesh,Kakinada,Peddapuram APMC,Cereals,Paddy(Common),02-11-2024,58.60,Metric Tonnes
Andhra Pradesh,Kakinada,Peddapuram APMC,Cereals,Paddy(Common),04-11-2024,59.50,Metric Tonnes
Andhra Pradesh,Kakinada,Peddapuram APMC,Cereals,Paddy(Common),06-11-2024,45.60,Metric Tonnes
Andhra Pradesh,Kakinada,Peddapuram APMC,Cereals,Paddy(Common),11-11-2024,133.80,Metric Tonnes
Andhra Pradesh,Kakinada,Peddapuram APMC,Cereals,Paddy(Common),12-11-2024,46.70,Metric Tonnes
Andhra Pradesh,Kakinada,Peddapuram APMC,Cereals,Paddy(Common),13-11-2024,131.70,Metric Tonnes
Andhra Pradesh,Kakinada,Peddapuram APMC,Cereals,Paddy(Common),14-11-2024,47.80,Metric Tonnes
Andhra Pradesh,Kakinada,Peddapuram APMC,Cereals,Paddy(Common),15-11-2024,79.00,Metric Tonnes
Andhra Pradesh,Kakinada,Peddapuram APMC,Cereals,Paddy(Common),16-11-2024,88.60,Metric Tonnes
Andhra Pradesh,Kakinada,Peddapuram APMC,Cereals,Paddy(Common),26-11-2024,84.70,Metric Tonnes
Andhra Pradesh,Kakinada,Peddapuram APMC,Cereals,Paddy(Common),27-11-2024,135.60,Metric Tonnes
Andhra Pradesh,Kakinada,Peddapuram APMC,Cereals,Paddy(Common),29-11-2024,36.90,Metric Tonnes
Andhra Pradesh,Kakinada,Peddapuram APMC,Cereals,Paddy(Common),02-12-2024,7.21,Metric Tonnes
Andhra Pradesh,Kakinada,Peddapuram APMC,Cereals,Paddy(Common),04-12-2024,7.60,Metric Tonnes
Andhra Pradesh,Kakinada,Peddapuram APMC,Cereals,Paddy(Common),12-12-2024,8.60,Metric Tonnes
Andhra Pradesh,Kakinada,Peddapuram APMC,Cereals,Paddy(Common),16-12-2024,29.30,Metric Tonnes
Andhra Pradesh,Kakinada,Peddapuram APMC,Cereals,Paddy(Common),26-12-2024,16.30,Metric Tonnes
Andhra Pradesh,Kakinada,Peddapuram APMC,Cereals,Paddy(Common),27-12-2024,7.30,Metric Tonnes
Andhra Pradesh,Kakinada,Peddapuram APMC,Cereals,Paddy(Common),30-12-2024,11.30,Metric Tonnes
Andhra Pradesh,Kakinada,Peddapuram APMC,Cereals,Paddy(Common),07-01-2025,34.70,Metric Tonnes
Andhra Pradesh,Kakinada,Peddapuram APMC,Cereals,Paddy(Common),08-01-2025,6.50,Metric Tonnes
Andhra Pradesh,Kakinada,Peddapuram APMC,Cereals,Paddy(Common),16-01-2025,43.00,Metric Tonnes
Andhra Pradesh,Kakinada,Peddapuram APMC,Cereals,Paddy(Common),20-01-2025,14.10,Metric Tonnes
Andhra Pradesh,Kakinada,Peddapuram APMC,Cereals,Paddy(Common),24-01-2025,8.69,Metric Tonnes
Andhra Pradesh,Kakinada,Peddapuram APMC,Cereals,Paddy(Common),27-01-2025,8.60,Metric Tonnes
Andhra Pradesh,Kakinada,Peddapuram APMC,Cereals,Paddy(Common),28-01-2025,20.00,Metric Tonnes
Andhra Pradesh,Kakinada,Peddapuram APMC,Cereals,Paddy(Common),29-01-2025,8.60,Metric Tonnes
Andhra Pradesh,Kakinada,Peddapuram APMC,Cereals,Paddy(Common),01-02-2025,18.00,Metric Tonnes
Andhra Pradesh,Kakinada,Peddapuram APMC,Cereals,Paddy(Common),03-02-2025,30.40,Metric Tonnes
Andhra Pradesh,Kakinada,Peddapuram APMC,Cereals,Paddy(Common),05-02-2025,7.60,Metric Tonnes
Andhra Pradesh,Kakinada,Peddapuram APMC,Cereals,Paddy(Common),06-02-2025,7.60,Metric Tonnes
Andhra Pradesh,Kakinada,Peddapuram APMC,Cereals,Paddy(Common),07-02-2025,15.70,Metric Tonnes
Andhra Pradesh,Kakinada,Peddapuram APMC,Cereals,Paddy(Common),10-02-2025,10.00,Metric Tonnes
Andhra Pradesh,Kakinada,Peddapuram APMC,Cereals,Paddy(Common),14-02-2025,20.00,Metric Tonnes
Andhra Pradesh,Kakinada,Peddapuram APMC,Cereals,Paddy(Common),24-02-2025,21.70,Metric Tonnes
Andhra Pradesh,Kakinada,Peddapuram APMC,Cereals,Paddy(Common),27-02-2025,17.00,Metric Tonnes
Andhra Pradesh,Kakinada,Peddapuram APMC,Cereals,Paddy(Common),10-03-2025,17.30,Metric Tonnes
Andhra Pradesh,Kakinada,Peddapuram APMC,Cereals,Paddy(Common),22-07-2026,0.10,Metric Tonnes
Andhra Pradesh,Kakinada,Peddapuram APMC,Cereals,Paddy(Common),23-07-2026,0.30,Metric Tonnes
Andhra Pradesh,Kakinada,Peddapuram APMC,Cereals,Paddy(Common),24-07-2026,0.10,Metric Tonnes
Andhra Pradesh,Kakinada,Peddapuram APMC,Cereals,Paddy(Common),25-07-2026,0.10,Metric Tonnes
Andhra Pradesh,Kakinada,Peddapuram APMC,Cereals,Paddy(Common),26-07-2026,0.10,Metric Tonnes
Andhra Pradesh,Kakinada,Peddapuram APMC,Cereals,Paddy(Common),27-07-2026,0.10,Metric Tonnes
Andhra Pradesh,Kakinada,Peddapuram APMC,Cereals,Paddy(Common),28-07-2026,0.10,Metric Tonnes
Andhra Pradesh,Kakinada,Peddapuram APMC,Cereals,Paddy(Common),29-07-2026,0.10,Metric Tonnes
Andhra Pradesh,Kakinada,Peddapuram APMC,Cereals,Paddy(Common),30-07-2026,0.10,Metric Tonnes
Andhra Pradesh,Kakinada,Peddapuram APMC,Cereals,Paddy(Common),31-07-2026,0.10,Metric Tonnes
Andhra Pradesh,Kakinada,Peddapuram APMC,Cereals,Paddy(Common),01-08-2026,0.10,Metric Tonnes
Andhra Pradesh,Kakinada,Peddapuram APMC,Cereals,Paddy(Common),02-08-2026,0.10,Metric Tonnes
Andhra Pradesh,Kakinada,Peddapuram APMC,Cereals,Paddy(Common),03-08-2026,0.10,Metric Tonnes
Andhra Pradesh,Kakinada,Peddapuram APMC,Cereals,Paddy(Common),04-08-2026,0.10,Metric Tonnes
Andhra Pradesh,Kakinada,Peddapuram APMC,Cereals,Paddy(Common),05-08-2026,0.10,Metric Tonnes
Andhra Pradesh,Kakinada,Peddapuram APMC,Cereals,Paddy(Common),06-08-2026,0.10,Metric Tonnes
Andhra Pradesh,Kakinada,Peddapuram APMC,Cereals,Paddy(Common),07-08-2026,0.10,Metric Tonnes
Andhra Pradesh,Kakinada,Pithapuram APMC,Cereals,Paddy(Common),20-04-2023,1.00,Metric Tonnes
Andhra Pradesh,Kakinada,Pithapuram APMC,Cereals,Paddy(Common),21-04-2023,1.00,Metric Tonnes
Andhra Pradesh,Kakinada,Pithapuram APMC,Cereals,Paddy(Common),24-04-2023,1.00,Metric Tonnes
Andhra Pradesh,Kakinada,Pithapuram APMC,Cereals,Paddy(Common),26-04-2023,1.00,Metric Tonnes
Andhra Pradesh,Kakinada,Pithapuram APMC,Cereals,Paddy(Common),27-04-2023,1.00,Metric Tonnes
Andhra Pradesh,Kakinada,Pithapuram APMC,Cereals,Paddy(Common),28-04-2023,1.00,Metric Tonnes
Andhra Pradesh,Kakinada,Pithapuram APMC,Cereals,Paddy(Common),29-04-2023,1.00,Metric Tonnes
Andhra Pradesh,Kakinada,Pithapuram APMC,Cereals,Paddy(Common),01-05-2023,1.00,Metric Tonnes
Andhra Pradesh,Kakinada,Pithapuram APMC,Cereals,Paddy(Common),03-05-2023,1.00,Metric Tonnes
Andhra Pradesh,Kakinada,Pithapuram APMC,Cereals,Paddy(Common),04-05-2023,1.00,Metric Tonnes
Andhra Pradesh,Kakinada,Pithapuram APMC,Cereals,Paddy(Common),06-05-2023,1.00,Metric Tonnes
Andhra Pradesh,Kakinada,Pithapuram APMC,Cereals,Paddy(Common),08-05-2023,1.00,Metric Tonnes
Andhra Pradesh,Kakinada,Pithapuram APMC,Cereals,Paddy(Common),09-05-2023,1.00,Metric Tonnes
Andhra Pradesh,Kakinada,Pithapuram APMC,Cereals,Paddy(Common),15-05-2023,1.00,Metric Tonnes
Andhra Pradesh,Kakinada,Pithapuram APMC,Cereals,Paddy(Common),16-05-2023,1.00,Metric Tonnes
Andhra Pradesh,Kakinada,Pithapuram APMC,Cereals,Paddy(Common),17-05-2023,1.00,Metric Tonnes
Andhra Pradesh,Kakinada,Pithapuram APMC,Cereals,Paddy(Common),18-05-2023,1.00,Metric Tonnes
Andhra Pradesh,Kakinada,Pithapuram APMC,Cereals,Paddy(Common),19-05-2023,1.00,Metric Tonnes
Andhra Pradesh,Kakinada,Pithapuram APMC,Cereals,Paddy(Common),22-05-2023,1.00,Metric Tonnes
Andhra Pradesh,Kakinada,Pithapuram APMC,Cereals,Paddy(Common),23-05-2023,1.00,Metric Tonnes
Andhra Pradesh,Kakinada,Pithapuram APMC,Cereals,Paddy(Common),24-05-2023,1.00,Metric Tonnes
Andhra Pradesh,Kakinada,Pithapuram APMC,Cereals,Paddy(Common),25-05-2023,1.00,Metric Tonnes
Andhra Pradesh,Kakinada,Pithapuram APMC,Cereals,Paddy(Common),26-05-2023,1.00,Metric Tonnes
Andhra Pradesh,Kakinada,Pithapuram APMC,Cereals,Paddy(Common),27-05-2023,1.00,Metric Tonnes
Andhra Pradesh,Kakinada,Pithapuram APMC,Cereals,Paddy(Common),30-05-2023,1.00,Metric Tonnes
Andhra Pradesh,Kakinada,Pithapuram APMC,Cereals,Paddy(Common),31-05-2023,1.00,Metric Tonnes
Andhra Pradesh,Kakinada,Pithapuram APMC,Cereals,Paddy(Common),05-06-2023,1.00,Metric Tonnes
Andhra Pradesh,Kakinada,Pithapuram APMC,Cereals,Paddy(Common),08-06-2023,1.00,Metric Tonnes
Andhra Pradesh,Kakinada,Pithapuram APMC,Cereals,Paddy(Common),14-06-2023,1.00,Metric Tonnes
Andhra Pradesh,Kakinada,Pithapuram APMC,Cereals,Paddy(Common),15-06-2023,1.00,Metric Tonnes
Andhra Pradesh,Kakinada,Pithapuram APMC,Cereals,Paddy(Common),16-06-2023,1.00,Metric Tonnes
Andhra Pradesh,Kakinada,Pithapuram APMC,Cereals,Paddy(Common),19-06-2023,1.00,Metric Tonnes
Andhra Pradesh,Kakinada,Pithapuram APMC,Cereals,Paddy(Common),20-06-2023,1.00,Metric Tonnes
Andhra Pradesh,Kakinada,Pithapuram APMC,Cereals,Paddy(Common),21-06-2023,1.00,Metric Tonnes
Andhra Pradesh,Kakinada,Pithapuram APMC,Cereals,Paddy(Common),23-06-2023,1.00,Metric Tonnes
Andhra Pradesh,Kakinada,Pithapuram APMC,Cereals,Paddy(Common),24-06-2023,1.00,Metric Tonnes
Andhra Pradesh,Kakinada,Pithapuram APMC,Cereals,Paddy(Common),26-06-2023,1.00,Metric Tonnes
Andhra Pradesh,Kakinada,Pithapuram APMC,Cereals,Paddy(Common),27-06-2023,1.00,Metric Tonnes
Andhra Pradesh,Kakinada,Pithapuram APMC,Cereals,Paddy(Common),28-06-2023,1.00,Metric Tonnes
Andhra Pradesh,Kakinada,Pithapuram APMC,Cereals,Paddy(Common),29-06-2023,1.00,Metric Tonnes
Andhra Pradesh,Kakinada,Pithapuram APMC,Cereals,Paddy(Common),30-06-2023,1.00,Metric Tonnes
Andhra Pradesh,Kakinada,Pithapuram APMC,Cereals,Paddy(Common),02-07-2023,1.00,Metric Tonnes
Andhra Pradesh,Kakinada,Pithapuram APMC,Cereals,Paddy(Common),03-07-2023,1.00,Metric Tonnes
Andhra Pradesh,Kakinada,Pithapuram APMC,Cereals,Paddy(Common),04-07-2023,1.00,Metric Tonnes
Andhra Pradesh,Kakinada,Pithapuram APMC,Cereals,Paddy(Common),05-07-2023,1.00,Metric Tonnes
Andhra Pradesh,Kakinada,Pithapuram APMC,Cereals,Paddy(Common),06-07-2023,1.00,Metric Tonnes
Andhra Pradesh,Kakinada,Pithapuram APMC,Cereals,Paddy(Common),07-07-2023,1.00,Metric Tonnes
Andhra Pradesh,Kakinada,Pithapuram APMC,Cereals,Paddy(Common),08-07-2023,1.00,Metric Tonnes
Andhra Pradesh,Kakinada,Pithapuram APMC,Cereals,Paddy(Common),09-07-2023,1.00,Metric Tonnes
Andhra Pradesh,Kakinada,Pithapuram APMC,Cereals,Paddy(Common),10-07-2023,1.00,Metric Tonnes
Andhra Pradesh,Kakinada,Pithapuram APMC,Cereals,Paddy(Common),11-07-2023,1.00,Metric Tonnes
Andhra Pradesh,Kakinada,Pithapuram APMC,Cereals,Paddy(Common),12-07-2023,1.00,Metric Tonnes
Andhra Pradesh,Kakinada,Pithapuram APMC,Cereals,Paddy(Common),13-07-2023,1.00,Metric Tonnes
Andhra Pradesh,Kakinada,Pithapuram APMC,Cereals,Paddy(Common),14-07-2023,1.00,Metric Tonnes
Andhra Pradesh,Kakinada,Pithapuram APMC,Cereals,Paddy(Common),15-07-2023,1.00,Metric Tonnes
Andhra Pradesh,Kakinada,Pithapuram APMC,Cereals,Paddy(Common),16-07-2023,1.00,Metric Tonnes
Andhra Pradesh,Kakinada,Pithapuram APMC,Cereals,Paddy(Common),17-07-2023,1.00,Metric Tonnes
Andhra Pradesh,Kakinada,Pithapuram APMC,Cereals,Paddy(Common),18-07-2023,1.00,Metric Tonnes
Andhra Pradesh,Kakinada,Pithapuram APMC,Cereals,Paddy(Common),19-07-2023,1.00,Metric Tonnes
Andhra Pradesh,Kakinada,Pithapuram APMC,Cereals,Paddy(Common),20-07-2023,1.00,Metric Tonnes
Andhra Pradesh,Kakinada,Pithapuram APMC,Cereals,Paddy(Common),21-07-2023,1.00,Metric Tonnes
Andhra Pradesh,Kakinada,Pithapuram APMC,Cereals,Paddy(Common),22-07-2023,1.00,Metric Tonnes
Andhra Pradesh,Kakinada,Pithapuram APMC,Cereals,Paddy(Common),23-07-2023,1.00,Metric Tonnes
Andhra Pradesh,Kakinada,Pithapuram APMC,Cereals,Paddy(Common),24-07-2023,1.00,Metric Tonnes
Andhra Pradesh,Kakinada,Pithapuram APMC,Cereals,Paddy(Common),25-07-2023,1.00,Metric Tonnes
Andhra Pradesh,Kakinada,Pithapuram APMC,Cereals,Paddy(Common),26-07-2023,1.00,Metric Tonnes
Andhra Pradesh,Kakinada,Pithapuram APMC,Cereals,Paddy(Common),27-07-2023,1.00,Metric Tonnes
Andhra Pradesh,Kakinada,Pithapuram APMC,Cereals,Paddy(Common),28-07-2023,1.00,Metric Tonnes
Andhra Pradesh,Kakinada,Pithapuram APMC,Cereals,Paddy(Common),29-07-2023,1.00,Metric Tonnes
Andhra Pradesh,Kakinada,Pithapuram APMC,Cereals,Paddy(Common),30-07-2023,1.00,Metric Tonnes
Andhra Pradesh,Kakinada,Pithapuram APMC,Cereals,Paddy(Common),31-07-2023,1.00,Metric Tonnes
Andhra Pradesh,Kakinada,Pithapuram APMC,Cereals,Paddy(Common),01-08-2023,1.00,Metric Tonnes
Andhra Pradesh,Kakinada,Pithapuram APMC,Cereals,Paddy(Common),02-08-2023,1.00,Metric Tonnes
Andhra Pradesh,Kakinada,Pithapuram APMC,Cereals,Paddy(Common),03-08-2023,1.00,Metric Tonnes
Andhra Pradesh,Kakinada,Pithapuram APMC,Cereals,Paddy(Common),04-08-2023,1.00,Metric Tonnes
Andhra Pradesh,Kakinada,Pithapuram APMC,Cereals,Paddy(Common),05-08-2023,1.00,Metric Tonnes
Andhra Pradesh,Kakinada,Pithapuram APMC,Cereals,Paddy(Common),08-08-2023,1.00,Metric Tonnes
Andhra Pradesh,Kakinada,Pithapuram APMC,Cereals,Paddy(Common),09-08-2023,1.00,Metric Tonnes
Andhra Pradesh,Kakinada,Pithapuram APMC,Cereals,Paddy(Common),10-08-2023,1.00,Metric Tonnes
Andhra Pradesh,Kakinada,Pithapuram APMC,Cereals,Paddy(Common),11-08-2023,1.00,Metric Tonnes
Andhra Pradesh,Kakinada,Pithapuram APMC,Cereals,Paddy(Common),12-08-2023,1.00,Metric Tonnes
Andhra Pradesh,Kakinada,Pithapuram APMC,Cereals,Paddy(Common),13-08-2023,1.00,Metric Tonnes
Andhra Pradesh,Kakinada,Pithapuram APMC,Cereals,Paddy(Common),14-08-2023,1.00,Metric Tonnes
Andhra Pradesh,Kakinada,Pithapuram APMC,Cereals,Paddy(Common),17-08-2023,1.00,Metric Tonnes
Andhra Pradesh,Kakinada,Pithapuram APMC,Cereals,Paddy(Common),18-08-2023,1.00,Metric Tonnes
Andhra Pradesh,Kakinada,Pithapuram APMC,Cereals,Paddy(Common),19-08-2023,1.00,Metric Tonnes
Andhra Pradesh,Kakinada,Pithapuram APMC,Cereals,Paddy(Common),20-08-2023,1.00,Metric Tonnes
Andhra Pradesh,Kakinada,Pithapuram APMC,Cereals,Paddy(Common),21-08-2023,1.00,Metric Tonnes
Andhra Pradesh,Kakinada,Pithapuram APMC,Cereals,Paddy(Common),22-08-2023,1.00,Metric Tonnes
Andhra Pradesh,Kakinada,Pithapuram APMC,Cereals,Paddy(Common),23-08-2023,1.00,Metric Tonnes
Andhra Pradesh,Kakinada,Pithapuram APMC,Cereals,Paddy(Common),25-08-2023,1.00,Metric Tonnes
Andhra Pradesh,Kakinada,Pithapuram APMC,Cereals,Paddy(Common),26-08-2023,1.00,Metric Tonnes
Andhra Pradesh,Kakinada,Pithapuram APMC,Cereals,Paddy(Common),27-08-2023,1.00,Metric Tonnes
Andhra Pradesh,Kakinada,Pithapuram APMC,Cereals,Paddy(Common),28-08-2023,1.00,Metric Tonnes
Andhra Pradesh,Kakinada,Pithapuram APMC,Cereals,Paddy(Common),29-08-2023,1.00,Metric Tonnes
Andhra Pradesh,Kakinada,Pithapuram APMC,Cereals,Paddy(Common),30-08-2023,1.00,Metric Tonnes
Andhra Pradesh,Kakinada,Pithapuram APMC,Cereals,Paddy(Common),31-08-2023,1.00,Metric Tonnes
Andhra Pradesh,Kakinada,Pithapuram APMC,Cereals,Paddy(Common),01-09-2023,1.00,Metric Tonnes
Andhra Pradesh,Kakinada,Pithapuram APMC,Cereals,Paddy(Common),02-09-2023,1.00,Metric Tonnes
Andhra Pradesh,Kakinada,Pithapuram APMC,Cereals,Paddy(Common),03-09-2023,1.00,Metric Tonnes
Andhra Pradesh,Kakinada,Pithapuram APMC,Cereals,Paddy(Common),04-09-2023,1.00,Metric Tonnes
Andhra Pradesh,Kakinada,Pithapuram APMC,Cereals,Paddy(Common),08-09-2023,1.00,Metric Tonnes
Andhra Pradesh,Kakinada,Pithapuram APMC,Cereals,Paddy(Common),11-09-2023,1.00,Metric Tonnes
Andhra Pradesh,Kakinada,Pithapuram APMC,Cereals,Paddy(Common),12-09-2023,1.00,Metric Tonnes
Andhra Pradesh,Kakinada,Pithapuram APMC,Cereals,Paddy(Common),13-09-2023,1.00,Metric Tonnes
Andhra Pradesh,Kakinada,Pithapuram APMC,Cereals,Paddy(Common),14-09-2023,1.00,Metric Tonnes
Andhra Pradesh,Kakinada,Pithapuram APMC,Cereals,Paddy(Common),15-09-2023,1.00,Metric Tonnes
Andhra Pradesh,Kakinada,Pithapuram APMC,Cereals,Paddy(Common),16-09-2023,1.00,Metric Tonnes
Andhra Pradesh,Kakinada,Pithapuram APMC,Cereals,Paddy(Common),18-09-2023,1.00,Metric Tonnes
Andhra Pradesh,Kakinada,Pithapuram APMC,Cereals,Paddy(Common),19-09-2023,1.00,Metric Tonnes
Andhra Pradesh,Kakinada,Pithapuram APMC,Cereals,Paddy(Common),20-09-2023,1.00,Metric Tonnes
Andhra Pradesh,Kakinada,Pithapuram APMC,Cereals,Paddy(Common),21-09-2023,1.00,Metric Tonnes
Andhra Pradesh,Kakinada,Pithapuram APMC,Cereals,Paddy(Common),22-09-2023,1.00,Metric Tonnes
Andhra Pradesh,Kakinada,Pithapuram APMC,Cereals,Paddy(Common),23-09-2023,1.00,Metric Tonnes
Andhra Pradesh,Kakinada,Pithapuram APMC,Cereals,Paddy(Common),24-09-2023,1.00,Metric Tonnes
Andhra Pradesh,Kakinada,Pithapuram APMC,Cereals,Paddy(Common),25-09-2023,1.00,Metric Tonnes
Andhra Pradesh,Kakinada,Pithapuram APMC,Cereals,Paddy(Common),26-09-2023,1.00,Metric Tonnes
Andhra Pradesh,Kakinada,Pithapuram APMC,Cereals,Paddy(Common),27-09-2023,1.00,Metric Tonnes
Andhra Pradesh,Kakinada,Pithapuram APMC,Cereals,Paddy(Common),30-09-2023,1.00,Metric Tonnes
Andhra Pradesh,Kakinada,Pithapuram APMC,Cereals,Paddy(Common),01-10-2023,1.00,Metric Tonnes
Andhra Pradesh,Kakinada,Pithapuram APMC,Cereals,Paddy(Common),02-10-2023,1.00,Metric Tonnes
Andhra Pradesh,Kakinada,Pithapuram APMC,Cereals,Paddy(Common),03-10-2023,1.00,Metric Tonnes
Andhra Pradesh,Kakinada,Pithapuram APMC,Cereals,Paddy(Common),04-10-2023,1.00,Metric Tonnes
Andhra Pradesh,Kakinada,Pithapuram APMC,Cereals,Paddy(Common),05-10-2023,1.00,Metric Tonnes
Andhra Pradesh,Kakinada,Pithapuram APMC,Cereals,Paddy(Common),06-10-2023,1.00,Metric Tonnes
Andhra Pradesh,Kakinada,Pithapuram APMC,Cereals,Paddy(Common),07-10-2023,1.00,Metric Tonnes
Andhra Pradesh,Kakinada,Pithapuram APMC,Cereals,Paddy(Common),08-10-2023,1.00,Metric Tonnes
Andhra Pradesh,Kakinada,Pithapuram APMC,Cereals,Paddy(Common),09-10-2023,1.00,Metric Tonnes
Andhra Pradesh,Kakinada,Pithapuram APMC,Cereals,Paddy(Common),10-10-2023,1.00,Metric Tonnes
Andhra Pradesh,Kakinada,Pithapuram APMC,Cereals,Paddy(Common),11-10-2023,1.00,Metric Tonnes
Andhra Pradesh,Kakinada,Pithapuram APMC,Cereals,Paddy(Common),12-10-2023,1.00,Metric Tonnes
Andhra Pradesh,Kakinada,Pithapuram APMC,Cereals,Paddy(Common),13-10-2023,1.00,Metric Tonnes
Andhra Pradesh,Kakinada,Pithapuram APMC,Cereals,Paddy(Common),14-10-2023,1.00,Metric Tonnes
Andhra Pradesh,Kakinada,Pithapuram APMC,Cereals,Paddy(Common),15-10-2023,1.00,Metric Tonnes
Andhra Pradesh,Kakinada,Pithapuram APMC,Cereals,Paddy(Common),16-10-2023,1.00,Metric Tonnes
Andhra Pradesh,Kakinada,Pithapuram APMC,Cereals,Paddy(Common),17-10-2023,1.00,Metric Tonnes
Andhra Pradesh,Kakinada,Pithapuram APMC,Cereals,Paddy(Common),18-10-2023,1.00,Metric Tonnes
Andhra Pradesh,Kakinada,Pithapuram APMC,Cereals,Paddy(Common),19-10-2023,1.00,Metric Tonnes
Andhra Pradesh,Kakinada,Pithapuram APMC,Cereals,Paddy(Common),20-10-2023,1.00,Metric Tonnes
Andhra Pradesh,Kakinada,Pithapuram APMC,Cereals,Paddy(Common),21-10-2023,1.00,Metric Tonnes
Andhra Pradesh,Kakinada,Pithapuram APMC,Cereals,Paddy(Common),25-10-2023,1.00,Metric Tonnes
Andhra Pradesh,Kakinada,Pithapuram APMC,Cereals,Paddy(Common),26-10-2023,1.00,Metric Tonnes
Andhra Pradesh,Kakinada,Pithapuram APMC,Cereals,Paddy(Common),30-10-2023,1.00,Metric Tonnes
Andhra Pradesh,Kakinada,Pithapuram APMC,Cereals,Paddy(Common),31-10-2023,1.00,Metric Tonnes
Andhra Pradesh,Kakinada,Pithapuram APMC,Cereals,Paddy(Common),01-11-2023,1.00,Metric Tonnes
Andhra Pradesh,Kakinada,Pithapuram APMC,Cereals,Paddy(Common),02-11-2023,1.00,Metric Tonnes
Andhra Pradesh,Kakinada,Pithapuram APMC,Cereals,Paddy(Common),03-11-2023,1.00,Metric Tonnes
Andhra Pradesh,Kakinada,Pithapuram APMC,Cereals,Paddy(Common),06-11-2023,1.00,Metric Tonnes
Andhra Pradesh,Kakinada,Pithapuram APMC,Cereals,Paddy(Common),07-11-2023,1.00,Metric Tonnes
Andhra Pradesh,Kakinada,Pithapuram APMC,Cereals,Paddy(Common),08-11-2023,1.00,Metric Tonnes
Andhra Pradesh,Kakinada,Pithapuram APMC,Cereals,Paddy(Common),09-11-2023,1.00,Metric Tonnes
Andhra Pradesh,Kakinada,Pithapuram APMC,Cereals,Paddy(Common),10-11-2023,1.00,Metric Tonnes
Andhra Pradesh,Kakinada,Pithapuram APMC,Cereals,Paddy(Common),13-11-2023,1.00,Metric Tonnes
Andhra Pradesh,Kakinada,Pithapuram APMC,Cereals,Paddy(Common),14-11-2023,1.00,Metric Tonnes
Andhra Pradesh,Kakinada,Pithapuram APMC,Cereals,Paddy(Common),15-11-2023,1.00,Metric Tonnes
Andhra Pradesh,Kakinada,Pithapuram APMC,Cereals,Paddy(Common),16-11-2023,1.00,Metric Tonnes
Andhra Pradesh,Kakinada,Pithapuram APMC,Cereals,Paddy(Common),17-11-2023,1.00,Metric Tonnes
Andhra Pradesh,Kakinada,Pithapuram APMC,Cereals,Paddy(Common),18-11-2023,1.00,Metric Tonnes
Andhra Pradesh,Kakinada,Pithapuram APMC,Cereals,Paddy(Common),19-11-2023,1.00,Metric Tonnes
Andhra Pradesh,Kakinada,Pithapuram APMC,Cereals,Paddy(Common),20-11-2023,1.00,Metric Tonnes
Andhra Pradesh,Kakinada,Pithapuram APMC,Cereals,Paddy(Common),21-11-2023,1.00,Metric Tonnes
Andhra Pradesh,Kakinada,Pithapuram APMC,Cereals,Paddy(Common),22-11-2023,1.00,Metric Tonnes
Andhra Pradesh,Kakinada,Pithapuram APMC,Cereals,Paddy(Common),23-11-2023,1.00,Metric Tonnes
Andhra Pradesh,Kakinada,Pithapuram APMC,Cereals,Paddy(Common),24-11-2023,1.00,Metric Tonnes
Andhra Pradesh,Kakinada,Pithapuram APMC,Cereals,Paddy(Common),25-11-2023,1.00,Metric Tonnes
Andhra Pradesh,Kakinada,Pithapuram APMC,Cereals,Paddy(Common),26-11-2023,1.00,Metric Tonnes
Andhra Pradesh,Kakinada,Pithapuram APMC,Cereals,Paddy(Common),27-11-2023,1.00,Metric Tonnes
Andhra Pradesh,Kakinada,Pithapuram APMC,Cereals,Paddy(Common),28-11-2023,1.00,Metric Tonnes
Andhra Pradesh,Kakinada,Pithapuram APMC,Cereals,Paddy(Common),29-11-2023,1.00,Metric Tonnes
Andhra Pradesh,Kakinada,Pithapuram APMC,Cereals,Paddy(Common),30-11-2023,1.00,Metric Tonnes
Andhra Pradesh,Kakinada,Pithapuram APMC,Cereals,Paddy(Common),01-12-2023,1.00,Metric Tonnes
Andhra Pradesh,Kakinada,Pithapuram APMC,Cereals,Paddy(Common),02-12-2023,1.00,Metric Tonnes
Andhra Pradesh,Kakinada,Pithapuram APMC,Cereals,Paddy(Common),03-12-2023,1.00,Metric Tonnes
Andhra Pradesh,Kakinada,Pithapuram APMC,Cereals,Paddy(Common),04-12-2023,1.00,Metric Tonnes
Andhra Pradesh,Kakinada,Pithapuram APMC,Cereals,Paddy(Common),05-12-2023,1.00,Metric Tonnes
Andhra Pradesh,Kakinada,Pithapuram APMC,Cereals,Paddy(Common),06-12-2023,1.00,Metric Tonnes
Andhra Pradesh,Kakinada,Pithapuram APMC,Cereals,Paddy(Common),07-12-2023,1.00,Metric Tonnes
Andhra Pradesh,Kakinada,Pithapuram APMC,Cereals,Paddy(Common),08-12-2023,1.00,Metric Tonnes
Andhra Pradesh,Kakinada,Pithapuram APMC,Cereals,Paddy(Common),09-12-2023,1.00,Metric Tonnes
Andhra Pradesh,Kakinada,Pithapuram APMC,Cereals,Paddy(Common),10-12-2023,1.00,Metric Tonnes
Andhra Pradesh,Kakinada,Pithapuram APMC,Cereals,Paddy(Common),11-12-2023,1.00,Metric Tonnes
Andhra Pradesh,Kakinada,Pithapuram APMC,Cereals,Paddy(Common),12-12-2023,1.00,Metric Tonnes
Andhra Pradesh,Kakinada,Pithapuram APMC,Cereals,Paddy(Common),13-12-2023,1.00,Metric Tonnes
Andhra Pradesh,Kakinada,Pithapuram APMC,Cereals,Paddy(Common),14-12-2023,1.00,Metric Tonnes
Andhra Pradesh,Kakinada,Pithapuram APMC,Cereals,Paddy(Common),15-12-2023,1.00,Metric Tonnes
Andhra Pradesh,Kakinada,Pithapuram APMC,Cereals,Paddy(Common),16-12-2023,1.00,Metric Tonnes
Andhra Pradesh,Kakinada,Pithapuram APMC,Cereals,Paddy(Common),17-12-2023,1.00,Metric Tonnes
Andhra Pradesh,Kakinada,Pithapuram APMC,Cereals,Paddy(Common),18-12-2023,1.00,Metric Tonnes
Andhra Pradesh,Kakinada,Pithapuram APMC,Cereals,Paddy(Common),19-12-2023,1.00,Metric Tonnes
Andhra Pradesh,Kakinada,Pithapuram APMC,Cereals,Paddy(Common),20-12-2023,1.00,Metric Tonnes
Andhra Pradesh,Kakinada,Pithapuram APMC,Cereals,Paddy(Common),21-12-2023,1.00,Metric Tonnes
Andhra Pradesh,Kakinada,Pithapuram APMC,Cereals,Paddy(Common),22-12-2023,1.00,Metric Tonnes
Andhra Pradesh,Kakinada,Pithapuram APMC,Cereals,Paddy(Common),27-12-2023,1.00,Metric Tonnes
Andhra Pradesh,Kakinada,Pithapuram APMC,Cereals,Paddy(Common),28-12-2023,1.00,Metric Tonnes
Andhra Pradesh,Kakinada,Pithapuram APMC,Cereals,Paddy(Common),29-12-2023,1.00,Metric Tonnes
Andhra Pradesh,Kakinada,Pithapuram APMC,Cereals,Paddy(Common),22-07-2026,0.10,Metric Tonnes
Andhra Pradesh,Kakinada,Pithapuram APMC,Cereals,Paddy(Common),23-07-2026,0.20,Metric Tonnes
Andhra Pradesh,Kakinada,Pithapuram APMC,Cereals,Paddy(Common),24-07-2026,0.10,Metric Tonnes
Andhra Pradesh,Kakinada,Pithapuram APMC,Cereals,Paddy(Common),25-07-2026,0.20,Metric Tonnes
Andhra Pradesh,Kakinada,Pithapuram APMC,Cereals,Paddy(Common),27-07-2026,0.20,Metric Tonnes
Andhra Pradesh,Kakinada,Pithapuram APMC,Cereals,Paddy(Common),28-07-2026,1.10,Metric Tonnes
Andhra Pradesh,Kakinada,Pithapuram APMC,Cereals,Paddy(Common),29-07-2026,1.00,Metric Tonnes
Andhra Pradesh,Kakinada,Pithapuram APMC,Cereals,Paddy(Common),30-07-2026,0.10,Metric Tonnes
Andhra Pradesh,Kakinada,Pithapuram APMC,Cereals,Paddy(Common),31-07-2026,0.10,Metric Tonnes
Andhra Pradesh,Kakinada,Pithapuram APMC,Cereals,Paddy(Common),01-08-2026,0.10,Metric Tonnes
Andhra Pradesh,Kakinada,Pithapuram APMC,Cereals,Paddy(Common),02-08-2026,0.10,Metric Tonnes
Andhra Pradesh,Kakinada,Pithapuram APMC,Cereals,Paddy(Common),03-08-2026,0.10,Metric Tonnes
Andhra Pradesh,Kakinada,Pithapuram APMC,Cereals,Paddy(Common),04-08-2026,0.10,Metric Tonnes
Andhra Pradesh,Kakinada,Pithapuram APMC,Cereals,Paddy(Common),05-08-2026,0.10,Metric Tonnes
Andhra Pradesh,Kakinada,Pithapuram APMC,Cereals,Paddy(Common),06-08-2026,0.10,Metric Tonnes
Andhra Pradesh,Kakinada,Pithapuram APMC,Cereals,Paddy(Common),07-08-2026,0.10,Metric Tonnes
Andhra Pradesh,Kakinada,Prattipadu APMC,Cereals,Paddy(Common),07-06-2023,1.00,Metric Tonnes
Andhra Pradesh,Kakinada,Prattipadu APMC,Cereals,Paddy(Common),08-06-2023,1.00,Metric Tonnes
Andhra Pradesh,Kakinada,Prattipadu APMC,Cereals,Paddy(Common),09-06-2023,1.00,Metric Tonnes
Andhra Pradesh,Kakinada,Prattipadu APMC,Cereals,Paddy(Common),12-06-2023,1.00,Metric Tonnes
Andhra Pradesh,Kakinada,Prattipadu APMC,Cereals,Paddy(Common),13-06-2023,1.00,Metric Tonnes
Andhra Pradesh,Kakinada,Prattipadu APMC,Cereals,Paddy(Common),14-06-2023,1.00,Metric Tonnes
Andhra Pradesh,Kakinada,Prattipadu APMC,Cereals,Paddy(Common),15-06-2023,1.00,Metric Tonnes
Andhra Pradesh,Kakinada,Prattipadu APMC,Cereals,Paddy(Common),16-06-2023,1.00,Metric Tonnes
Andhra Pradesh,Kakinada,Prattipadu APMC,Cereals,Paddy(Common),17-06-2023,1.00,Metric Tonnes
Andhra Pradesh,Kakinada,Prattipadu APMC,Cereals,Paddy(Common),19-06-2023,1.00,Metric Tonnes
Andhra Pradesh,Kakinada,Prattipadu APMC,Cereals,Paddy(Common),20-06-2023,1.00,Metric Tonnes
Andhra Pradesh,Kakinada,Prattipadu APMC,Cereals,Paddy(Common),22-06-2023,1.00,Metric Tonnes
Andhra Pradesh,Kakinada,Prattipadu APMC,Cereals,Paddy(Common),23-06-2023,1.00,Metric Tonnes
Andhra Pradesh,Kakinada,Prattipadu APMC,Cereals,Paddy(Common),24-06-2023,1.00,Metric Tonnes
Andhra Pradesh,Kakinada,Prattipadu APMC,Cereals,Paddy(Common),28-06-2023,1.00,Metric Tonnes
Andhra Pradesh,Kakinada,Prattipadu APMC,Cereals,Paddy(Common),29-06-2023,1.00,Metric Tonnes
Andhra Pradesh,Kakinada,Prattipadu APMC,Cereals,Paddy(Common),30-06-2023,1.00,Metric Tonnes
Andhra Pradesh,Kakinada,Prattipadu APMC,Cereals,Paddy(Common),01-07-2023,1.00,Metric Tonnes
Andhra Pradesh,Kakinada,Prattipadu APMC,Cereals,Paddy(Common),04-07-2023,1.00,Metric Tonnes
Andhra Pradesh,Kakinada,Prattipadu APMC,Cereals,Paddy(Common),05-07-2023,1.00,Metric Tonnes
Andhra Pradesh,Kakinada,Prattipadu APMC,Cereals,Paddy(Common),06-07-2023,1.00,Metric Tonnes
Andhra Pradesh,Kakinada,Prattipadu APMC,Cereals,Paddy(Common),09-07-2023,1.00,Metric Tonnes
Andhra Pradesh,Kakinada,Prattipadu APMC,Cereals,Paddy(Common),10-07-2023,1.00,Metric Tonnes
Andhra Pradesh,Kakinada,Prattipadu APMC,Cereals,Paddy(Common),11-07-2023,1.00,Metric Tonnes
Andhra Pradesh,Kakinada,Prattipadu APMC,Cereals,Paddy(Common),12-07-2023,1.00,Metric Tonnes
Andhra Pradesh,Kakinada,Prattipadu APMC,Cereals,Paddy(Common),13-07-2023,1.00,Metric Tonnes
Andhra Pradesh,Kakinada,Prattipadu APMC,Cereals,Paddy(Common),14-07-2023,1.00,Metric Tonnes
Andhra Pradesh,Kakinada,Prattipadu APMC,Cereals,Paddy(Common),15-07-2023,1.00,Metric Tonnes
Andhra Pradesh,Kakinada,Prattipadu APMC,Cereals,Paddy(Common),17-07-2023,1.00,Metric Tonnes
Andhra Pradesh,Kakinada,Prattipadu APMC,Cereals,Paddy(Common),18-07-2023,1.00,Metric Tonnes
Andhra Pradesh,Kakinada,Prattipadu APMC,Cereals,Paddy(Common),20-07-2023,1.00,Metric Tonnes
Andhra Pradesh,Kakinada,Prattipadu APMC,Cereals,Paddy(Common),21-07-2023,1.00,Metric Tonnes
Andhra Pradesh,Kakinada,Prattipadu APMC,Cereals,Paddy(Common),22-07-2023,1.00,Metric Tonnes
Andhra Pradesh,Kakinada,Prattipadu APMC,Cereals,Paddy(Common),24-07-2023,1.00,Metric Tonnes
Andhra Pradesh,Kakinada,Prattipadu APMC,Cereals,Paddy(Common),25-07-2023,1.00,Metric Tonnes
Andhra Pradesh,Kakinada,Prattipadu APMC,Cereals,Paddy(Common),26-07-2023,1.00,Metric Tonnes
Andhra Pradesh,Kakinada,Prattipadu APMC,Cereals,Paddy(Common),27-07-2023,1.00,Metric Tonnes
Andhra Pradesh,Kakinada,Prattipadu APMC,Cereals,Paddy(Common),31-07-2023,1.00,Metric Tonnes
Andhra Pradesh,Kakinada,Prattipadu APMC,Cereals,Paddy(Common),02-08-2023,1.00,Metric Tonnes
Andhra Pradesh,Kakinada,Prattipadu APMC,Cereals,Paddy(Common),04-08-2023,1.00,Metric Tonnes
Andhra Pradesh,Kakinada,Prattipadu APMC,Cereals,Paddy(Common),05-08-2023,1.00,Metric Tonnes
Andhra Pradesh,Kakinada,Prattipadu APMC,Cereals,Paddy(Common),07-08-2023,1.00,Metric Tonnes
Andhra Pradesh,Kakinada,Prattipadu APMC,Cereals,Paddy(Common),08-08-2023,1.00,Metric Tonnes
Andhra Pradesh,Kakinada,Prattipadu APMC,Cereals,Paddy(Common),09-08-2023,1.00,Metric Tonnes
Andhra Pradesh,Kakinada,Prattipadu APMC,Cereals,Paddy(Common),10-08-2023,1.00,Metric Tonnes
Andhra Pradesh,Kakinada,Prattipadu APMC,Cereals,Paddy(Common),21-01-2025,2300.00,Metric Tonnes
Andhra Pradesh,Kakinada,Prattipadu APMC,Cereals,Paddy(Common),22-01-2025,358.00,Metric Tonnes
Andhra Pradesh,Kakinada,Prattipadu APMC,Cereals,Paddy(Common),23-01-2025,522.00,Metric Tonnes
Andhra Pradesh,Kakinada,Prattipadu APMC,Cereals,Paddy(Common),24-01-2025,307.00,Metric Tonnes
Andhra Pradesh,Kakinada,Prattipadu APMC,Cereals,Paddy(Common),23-07-2026,0.10,Metric Tonnes
Andhra Pradesh,Kakinada,Prattipadu APMC,Cereals,Paddy(Common),24-07-2026,0.10,Metric Tonnes
Andhra Pradesh,Kakinada,Prattipadu APMC,Cereals,Paddy(Common),25-07-2026,0.10,Metric Tonnes
Andhra Pradesh,Kakinada,Prattipadu APMC,Cereals,Paddy(Common),26-07-2026,0.10,Metric Tonnes
Andhra Pradesh,Kakinada,Prattipadu APMC,Cereals,Paddy(Common),27-07-2026,0.10,Metric Tonnes
Andhra Pradesh,Kakinada,Prattipadu APMC,Cereals,Paddy(Common),28-07-2026,0.10,Metric Tonnes
Andhra Pradesh,Kakinada,Prattipadu APMC,Cereals,Paddy(Common),29-07-2026,0.10,Metric Tonnes
Andhra Pradesh,Kakinada,Prattipadu APMC,Cereals,Paddy(Common),30-07-2026,0.10,Metric Tonnes
Andhra Pradesh,Kakinada,Prattipadu APMC,Cereals,Paddy(Common),31-07-2026,0.10,Metric Tonnes
Andhra Pradesh,Kakinada,Prattipadu APMC,Cereals,Paddy(Common),01-08-2026,0.10,Metric Tonnes
Andhra Pradesh,Kakinada,Prattipadu APMC,Cereals,Paddy(Common),02-08-2026,0.10,Metric Tonnes
Andhra Pradesh,Kakinada,Prattipadu APMC,Cereals,Paddy(Common),03-08-2026,0.10,Metric Tonnes
Andhra Pradesh,Kakinada,Prattipadu APMC,Cereals,Paddy(Common),04-08-2026,0.10,Metric Tonnes
Andhra Pradesh,Kakinada,Prattipadu APMC,Cereals,Paddy(Common),05-08-2026,0.10,Metric Tonnes
Andhra Pradesh,Kakinada,Prattipadu APMC,Cereals,Paddy(Common),06-08-2026,0.10,Metric Tonnes
Andhra Pradesh,Kakinada,Prattipadu APMC,Cereals,Paddy(Common),07-08-2026,0.10,Metric Tonnes
Andhra Pradesh,Kakinada,Samalkot APMC,Cereals,Paddy(Common),23-07-2026,1.00,Metric Tonnes
Andhra Pradesh,Kakinada,Samalkot APMC,Cereals,Paddy(Common),24-07-2026,1.00,Metric Tonnes
Andhra Pradesh,Kakinada,Samalkot APMC,Cereals,Paddy(Common),25-07-2026,1001.00,Metric Tonnes
Andhra Pradesh,Kakinada,Samalkot APMC,Cereals,Paddy(Common),26-07-2026,0.10,Metric Tonnes
Andhra Pradesh,Kakinada,Samalkot APMC,Cereals,Paddy(Common),27-07-2026,1.00,Metric Tonnes
Andhra Pradesh,Kakinada,Samalkot APMC,Cereals,Paddy(Common),28-07-2026,0.10,Metric Tonnes
Andhra Pradesh,Kakinada,Samalkot APMC,Cereals,Paddy(Common),29-07-2026,0.10,Metric Tonnes
Andhra Pradesh,Kakinada,Samalkot APMC,Cereals,Paddy(Common),30-07-2026,0.10,Metric Tonnes
Andhra Pradesh,Kakinada,Samalkot APMC,Cereals,Paddy(Common),31-07-2026,0.10,Metric Tonnes
Andhra Pradesh,Kakinada,Samalkot APMC,Cereals,Paddy(Common),01-08-2026,0.10,Metric Tonnes
Andhra Pradesh,Kakinada,Samalkot APMC,Cereals,Paddy(Common),02-08-2026,0.10,Metric Tonnes
Andhra Pradesh,Kakinada,Samalkot APMC,Cereals,Paddy(Common),03-08-2026,0.20,Metric Tonnes
Andhra Pradesh,Kakinada,Samalkot APMC,Cereals,Paddy(Common),04-08-2026,0.10,Metric Tonnes
Andhra Pradesh,Kakinada,Samalkot APMC,Cereals,Paddy(Common),05-08-2026,0.10,Metric Tonnes
Andhra Pradesh,Kakinada,Samalkot APMC,Cereals,Paddy(Common),06-08-2026,0.10,Metric Tonnes
Andhra Pradesh,Kakinada,Samalkot APMC,Cereals,Paddy(Common),07-08-2026,0.10,Metric Tonnes
Andhra Pradesh,Kakinada,Sampara (Kakinada Rural) APMC,Cereals,Paddy(Common),20-04-2023,1.00,Metric Tonnes
Andhra Pradesh,Kakinada,Sampara (Kakinada Rural) APMC,Cereals,Paddy(Common),21-04-2023,1.00,Metric Tonnes
Andhra Pradesh,Kakinada,Sampara (Kakinada Rural) APMC,Cereals,Paddy(Common),22-04-2023,1.00,Metric Tonnes
Andhra Pradesh,Kakinada,Sampara (Kakinada Rural) APMC,Cereals,Paddy(Common),26-04-2023,1.00,Metric Tonnes
Andhra Pradesh,Kakinada,Sampara (Kakinada Rural) APMC,Cereals,Paddy(Common),27-04-2023,1.00,Metric Tonnes
Andhra Pradesh,Kakinada,Sampara (Kakinada Rural) APMC,Cereals,Paddy(Common),28-04-2023,1.00,Metric Tonnes
Andhra Pradesh,Kakinada,Sampara (Kakinada Rural) APMC,Cereals,Paddy(Common),29-04-2023,1.00,Metric Tonnes
Andhra Pradesh,Kakinada,Sampara (Kakinada Rural) APMC,Cereals,Paddy(Common),30-04-2023,1.00,Metric Tonnes
Andhra Pradesh,Kakinada,Sampara (Kakinada Rural) APMC,Cereals,Paddy(Common),01-05-2023,1.00,Metric Tonnes
Andhra Pradesh,Kakinada,Sampara (Kakinada Rural) APMC,Cereals,Paddy(Common),03-05-2023,1.00,Metric Tonnes
Andhra Pradesh,Kakinada,Sampara (Kakinada Rural) APMC,Cereals,Paddy(Common),04-05-2023,1.00,Metric Tonnes
Andhra Pradesh,Kakinada,Sampara (Kakinada Rural) APMC,Cereals,Paddy(Common),05-05-2023,1.00,Metric Tonnes
Andhra Pradesh,Kakinada,Sampara (Kakinada Rural) APMC,Cereals,Paddy(Common),06-05-2023,1.00,Metric Tonnes
Andhra Pradesh,Kakinada,Sampara (Kakinada Rural) APMC,Cereals,Paddy(Common),08-05-2023,1.00,Metric Tonnes
Andhra Pradesh,Kakinada,Sampara (Kakinada Rural) APMC,Cereals,Paddy(Common),09-05-2023,1.00,Metric Tonnes
Andhra Pradesh,Kakinada,Sampara (Kakinada Rural) APMC,Cereals,Paddy(Common),11-05-2023,1.00,Metric Tonnes
Andhra Pradesh,Kakinada,Sampara (Kakinada Rural) APMC,Cereals,Paddy(Common),17-05-2023,1.00,Metric Tonnes
Andhra Pradesh,Kakinada,Sampara (Kakinada Rural) APMC,Cereals,Paddy(Common),18-05-2023,1.00,Metric Tonnes
Andhra Pradesh,Kakinada,Sampara (Kakinada Rural) APMC,Cereals,Paddy(Common),19-05-2023,1.00,Metric Tonnes
Andhra Pradesh,Kakinada,Sampara (Kakinada Rural) APMC,Cereals,Paddy(Common),20-05-2023,1.00,Metric Tonnes
Andhra Pradesh,Kakinada,Sampara (Kakinada Rural) APMC,Cereals,Paddy(Common),23-05-2023,1.00,Metric Tonnes
Andhra Pradesh,Kakinada,Sampara (Kakinada Rural) APMC,Cereals,Paddy(Common),24-05-2023,1.00,Metric Tonnes
Andhra Pradesh,Kakinada,Sampara (Kakinada Rural) APMC,Cereals,Paddy(Common),26-05-2023,1.00,Metric Tonnes
Andhra Pradesh,Kakinada,Sampara (Kakinada Rural) APMC,Cereals,Paddy(Common),30-05-2023,1.00,Metric Tonnes
Andhra Pradesh,Kakinada,Sampara (Kakinada Rural) APMC,Cereals,Paddy(Common),31-05-2023,1.00,Metric Tonnes
Andhra Pradesh,Kakinada,Sampara (Kakinada Rural) APMC,Cereals,Paddy(Common),02-06-2023,1.00,Metric Tonnes
Andhra Pradesh,Kakinada,Sampara (Kakinada Rural) APMC,Cereals,Paddy(Common),03-06-2023,1.00,Metric Tonnes
Andhra Pradesh,Kakinada,Sampara (Kakinada Rural) APMC,Cereals,Paddy(Common),05-06-2023,1.00,Metric Tonnes
Andhra Pradesh,Kakinada,Sampara (Kakinada Rural) APMC,Cereals,Paddy(Common),07-06-2023,1.00,Metric Tonnes
Andhra Pradesh,Kakinada,Sampara (Kakinada Rural) APMC,Cereals,Paddy(Common),09-06-2023,1.00,Metric Tonnes
Andhra Pradesh,Kakinada,Sampara (Kakinada Rural) APMC,Cereals,Paddy(Common),10-06-2023,1.00,Metric Tonnes
Andhra Pradesh,Kakinada,Sampara (Kakinada Rural) APMC,Cereals,Paddy(Common),12-06-2023,1.00,Metric Tonnes
Andhra Pradesh,Kakinada,Sampara (Kakinada Rural) APMC,Cereals,Paddy(Common),15-06-2023,1.00,Metric Tonnes
Andhra Pradesh,Kakinada,Sampara (Kakinada Rural) APMC,Cereals,Paddy(Common),16-06-2023,1.00,Metric Tonnes
Andhra Pradesh,Kakinada,Sampara (Kakinada Rural) APMC,Cereals,Paddy(Common),17-06-2023,1.00,Metric Tonnes
Andhra Pradesh,Kakinada,Sampara (Kakinada Rural) APMC,Cereals,Paddy(Common),19-06-2023,1.00,Metric Tonnes
Andhra Pradesh,Kakinada,Sampara (Kakinada Rural) APMC,Cereals,Paddy(Common),20-06-2023,1.00,Metric Tonnes
Andhra Pradesh,Kakinada,Sampara (Kakinada Rural) APMC,Cereals,Paddy(Common),22-06-2023,1.00,Metric Tonnes
Andhra Pradesh,Kakinada,Sampara (Kakinada Rural) APMC,Cereals,Paddy(Common),23-06-2023,1.00,Metric Tonnes
Andhra Pradesh,Kakinada,Sampara (Kakinada Rural) APMC,Cereals,Paddy(Common),26-06-2023,1.00,Metric Tonnes
Andhra Pradesh,Kakinada,Sampara (Kakinada Rural) APMC,Cereals,Paddy(Common),27-06-2023,1.00,Metric Tonnes
Andhra Pradesh,Kakinada,Sampara (Kakinada Rural) APMC,Cereals,Paddy(Common),28-06-2023,1.00,Metric Tonnes
Andhra Pradesh,Kakinada,Sampara (Kakinada Rural) APMC,Cereals,Paddy(Common),30-06-2023,1.00,Metric Tonnes
Andhra Pradesh,Kakinada,Sampara (Kakinada Rural) APMC,Cereals,Paddy(Common),01-07-2023,1.00,Metric Tonnes
Andhra Pradesh,Kakinada,Sampara (Kakinada Rural) APMC,Cereals,Paddy(Common),03-07-2023,1.00,Metric Tonnes
Andhra Pradesh,Kakinada,Sampara (Kakinada Rural) APMC,Cereals,Paddy(Common),04-07-2023,1.00,Metric Tonnes
Andhra Pradesh,Kakinada,Sampara (Kakinada Rural) APMC,Cereals,Paddy(Common),06-07-2023,1.00,Metric Tonnes
Andhra Pradesh,Kakinada,Sampara (Kakinada Rural) APMC,Cereals,Paddy(Common),10-07-2023,1.00,Metric Tonnes
Andhra Pradesh,Kakinada,Sampara (Kakinada Rural) APMC,Cereals,Paddy(Common),11-07-2023,1.00,Metric Tonnes
Andhra Pradesh,Kakinada,Sampara (Kakinada Rural) APMC,Cereals,Paddy(Common),13-07-2023,1.00,Metric Tonnes
Andhra Pradesh,Kakinada,Sampara (Kakinada Rural) APMC,Cereals,Paddy(Common),15-07-2023,1.00,Metric Tonnes
Andhra Pradesh,Kakinada,Sampara (Kakinada Rural) APMC,Cereals,Paddy(Common),16-07-2023,1.00,Metric Tonnes
Andhra Pradesh,Kakinada,Sampara (Kakinada Rural) APMC,Cereals,Paddy(Common),17-07-2023,1.00,Metric Tonnes
Andhra Pradesh,Kakinada,Sampara (Kakinada Rural) APMC,Cereals,Paddy(Common),18-07-2023,1.00,Metric Tonnes
Andhra Pradesh,Kakinada,Sampara (Kakinada Rural) APMC,Cereals,Paddy(Common),19-07-2023,1.00,Metric Tonnes
Andhra Pradesh,Kakinada,Sampara (Kakinada Rural) APMC,Cereals,Paddy(Common),22-07-2023,1.00,Metric Tonnes
Andhra Pradesh,Kakinada,Sampara (Kakinada Rural) APMC,Cereals,Paddy(Common),24-07-2023,1.00,Metric Tonnes
Andhra Pradesh,Kakinada,Sampara (Kakinada Rural) APMC,Cereals,Paddy(Common),26-07-2023,1.00,Metric Tonnes
Andhra Pradesh,Kakinada,Sampara (Kakinada Rural) APMC,Cereals,Paddy(Common),28-07-2023,1.00,Metric Tonnes
Andhra Pradesh,Kakinada,Sampara (Kakinada Rural) APMC,Cereals,Paddy(Common),31-07-2023,1.00,Metric Tonnes
Andhra Pradesh,Kakinada,Sampara (Kakinada Rural) APMC,Cereals,Paddy(Common),01-08-2023,1.00,Metric Tonnes
Andhra Pradesh,Kakinada,Sampara (Kakinada Rural) APMC,Cereals,Paddy(Common),02-08-2023,1.00,Metric Tonnes
Andhra Pradesh,Kakinada,Sampara (Kakinada Rural) APMC,Cereals,Paddy(Common),03-08-2023,1.00,Metric Tonnes
Andhra Pradesh,Kakinada,Sampara (Kakinada Rural) APMC,Cereals,Paddy(Common),04-08-2023,1.00,Metric Tonnes
Andhra Pradesh,Kakinada,Sampara (Kakinada Rural) APMC,Cereals,Paddy(Common),07-08-2023,1.00,Metric Tonnes
Andhra Pradesh,Kakinada,Sampara (Kakinada Rural) APMC,Cereals,Paddy(Common),08-08-2023,1.00,Metric Tonnes
Andhra Pradesh,Kakinada,Sampara (Kakinada Rural) APMC,Cereals,Paddy(Common),09-08-2023,1.00,Metric Tonnes
Andhra Pradesh,Kakinada,Sampara (Kakinada Rural) APMC,Cereals,Paddy(Common),10-08-2023,1.00,Metric Tonnes
Andhra Pradesh,Kakinada,Sampara (Kakinada Rural) APMC,Cereals,Paddy(Common),11-08-2023,1.00,Metric Tonnes
Andhra Pradesh,Kakinada,Sampara (Kakinada Rural) APMC,Cereals,Paddy(Common),14-08-2023,1.00,Metric Tonnes
Andhra Pradesh,Kakinada,Sampara (Kakinada Rural) APMC,Cereals,Paddy(Common),19-08-2023,1.00,Metric Tonnes
Andhra Pradesh,Kakinada,Sampara (Kakinada Rural) APMC,Cereals,Paddy(Common),22-08-2023,1.00,Metric Tonnes
Andhra Pradesh,Kakinada,Sampara (Kakinada Rural) APMC,Cereals,Paddy(Common),23-08-2023,1.00,Metric Tonnes
Andhra Pradesh,Kakinada,Sampara (Kakinada Rural) APMC,Cereals,Paddy(Common),24-08-2023,1.00,Metric Tonnes
Andhra Pradesh,Kakinada,Sampara (Kakinada Rural) APMC,Cereals,Paddy(Common),26-08-2023,1.00,Metric Tonnes
Andhra Pradesh,Kakinada,Sampara (Kakinada Rural) APMC,Cereals,Paddy(Common),28-08-2023,1.00,Metric Tonnes
Andhra Pradesh,Kakinada,Sampara (Kakinada Rural) APMC,Cereals,Paddy(Common),29-08-2023,1.00,Metric Tonnes
Andhra Pradesh,Kakinada,Sampara (Kakinada Rural) APMC,Cereals,Paddy(Common),02-09-2023,1.00,Metric Tonnes
Andhra Pradesh,Kakinada,Sampara (Kakinada Rural) APMC,Cereals,Paddy(Common),05-09-2023,1.00,Metric Tonnes
Andhra Pradesh,Kakinada,Sampara (Kakinada Rural) APMC,Cereals,Paddy(Common),06-09-2023,1.00,Metric Tonnes
Andhra Pradesh,Kakinada,Sampara (Kakinada Rural) APMC,Cereals,Paddy(Common),12-09-2023,1.00,Metric Tonnes
Andhra Pradesh,Kakinada,Sampara (Kakinada Rural) APMC,Cereals,Paddy(Common),14-09-2023,1.00,Metric Tonnes
Andhra Pradesh,Kakinada,Sampara (Kakinada Rural) APMC,Cereals,Paddy(Common),16-09-2023,1.00,Metric Tonnes
Andhra Pradesh,Kakinada,Sampara (Kakinada Rural) APMC,Cereals,Paddy(Common),19-09-2023,1.00,Metric Tonnes
Andhra Pradesh,Kakinada,Sampara (Kakinada Rural) APMC,Cereals,Paddy(Common),20-09-2023,1.00,Metric Tonnes
Andhra Pradesh,Kakinada,Sampara (Kakinada Rural) APMC,Cereals,Paddy(Common),26-09-2023,1.00,Metric Tonnes
Andhra Pradesh,Kakinada,Sampara (Kakinada Rural) APMC,Cereals,Paddy(Common),27-09-2023,1.00,Metric Tonnes
Andhra Pradesh,Kakinada,Sampara (Kakinada Rural) APMC,Cereals,Paddy(Common),29-09-2023,1.00,Metric Tonnes
Andhra Pradesh,Kakinada,Sampara (Kakinada Rural) APMC,Cereals,Paddy(Common),03-10-2023,1.00,Metric Tonnes
Andhra Pradesh,Kakinada,Sampara (Kakinada Rural) APMC,Cereals,Paddy(Common),06-10-2023,1.00,Metric Tonnes
Andhra Pradesh,Kakinada,Sampara (Kakinada Rural) APMC,Cereals,Paddy(Common),07-10-2023,10.00,Metric Tonnes
Andhra Pradesh,Kakinada,Sampara (Kakinada Rural) APMC,Cereals,Paddy(Common),11-10-2023,1.00,Metric Tonnes
Andhra Pradesh,Kakinada,Sampara (Kakinada Rural) APMC,Cereals,Paddy(Common),16-10-2023,1.00,Metric Tonnes
Andhra Pradesh,Kakinada,Sampara (Kakinada Rural) APMC,Cereals,Paddy(Common),17-10-2023,1.00,Metric Tonnes
Andhra Pradesh,Kakinada,Sampara (Kakinada Rural) APMC,Cereals,Paddy(Common),18-10-2023,1.00,Metric Tonnes
Andhra Pradesh,Kakinada,Sampara (Kakinada Rural) APMC,Cereals,Paddy(Common),20-10-2023,1.00,Metric Tonnes
Andhra Pradesh,Kakinada,Sampara (Kakinada Rural) APMC,Cereals,Paddy(Common),25-10-2023,1.00,Metric Tonnes
Andhra Pradesh,Kakinada,Sampara (Kakinada Rural) APMC,Cereals,Paddy(Common),27-10-2023,1.00,Metric Tonnes
Andhra Pradesh,Kakinada,Sampara (Kakinada Rural) APMC,Cereals,Paddy(Common),28-10-2023,1.00,Metric Tonnes
Andhra Pradesh,Kakinada,Sampara (Kakinada Rural) APMC,Cereals,Paddy(Common),01-11-2023,1.00,Metric Tonnes
Andhra Pradesh,Kakinada,Sampara (Kakinada Rural) APMC,Cereals,Paddy(Common),04-11-2023,1.00,Metric Tonnes
Andhra Pradesh,Kakinada,Sampara (Kakinada Rural) APMC,Cereals,Paddy(Common),06-11-2023,1.00,Metric Tonnes
Andhra Pradesh,Kakinada,Sampara (Kakinada Rural) APMC,Cereals,Paddy(Common),09-11-2023,1.00,Metric Tonnes
Andhra Pradesh,Kakinada,Sampara (Kakinada Rural) APMC,Cereals,Paddy(Common),14-11-2023,1.00,Metric Tonnes
Andhra Pradesh,Kakinada,Sampara (Kakinada Rural) APMC,Cereals,Paddy(Common),15-11-2023,1.00,Metric Tonnes
Andhra Pradesh,Kakinada,Sampara (Kakinada Rural) APMC,Cereals,Paddy(Common),20-11-2023,1.00,Metric Tonnes
Andhra Pradesh,Kakinada,Sampara (Kakinada Rural) APMC,Cereals,Paddy(Common),22-11-2023,1.00,Metric Tonnes
Andhra Pradesh,Kakinada,Sampara (Kakinada Rural) APMC,Cereals,Paddy(Common),24-11-2023,1.00,Metric Tonnes
Andhra Pradesh,Kakinada,Sampara (Kakinada Rural) APMC,Cereals,Paddy(Common),27-11-2023,1.00,Metric Tonnes
Andhra Pradesh,Kakinada,Sampara (Kakinada Rural) APMC,Cereals,Paddy(Common),28-11-2023,1.00,Metric Tonnes
Andhra Pradesh,Kakinada,Sampara (Kakinada Rural) APMC,Cereals,Paddy(Common),30-11-2023,1.00,Metric Tonnes
Andhra Pradesh,Kakinada,Sampara (Kakinada Rural) APMC,Cereals,Paddy(Common),04-12-2023,1.00,Metric Tonnes
Andhra Pradesh,Kakinada,Sampara (Kakinada Rural) APMC,Cereals,Paddy(Common),07-12-2023,1.00,Metric Tonnes
Andhra Pradesh,Kakinada,Sampara (Kakinada Rural) APMC,Cereals,Paddy(Common),08-12-2023,1.00,Metric Tonnes
Andhra Pradesh,Kakinada,Sampara (Kakinada Rural) APMC,Cereals,Paddy(Common),19-12-2023,1.00,Metric Tonnes
Andhra Pradesh,Kakinada,Sampara (Kakinada Rural) APMC,Cereals,Paddy(Common),20-12-2023,1.00,Metric Tonnes
Andhra Pradesh,Kakinada,Sampara (Kakinada Rural) APMC,Cereals,Paddy(Common),21-12-2023,1.00,Metric Tonnes
Andhra Pradesh,Kakinada,Sampara (Kakinada Rural) APMC,Cereals,Paddy(Common),23-12-2023,1.00,Metric Tonnes
Andhra Pradesh,Kakinada,Sampara (Kakinada Rural) APMC,Cereals,Paddy(Common),28-12-2023,1.00,Metric Tonnes
Andhra Pradesh,Kakinada,Sampara (Kakinada Rural) APMC,Cereals,Paddy(Common),30-12-2023,1.00,Metric Tonnes
Andhra Pradesh,Kakinada,Sampara (Kakinada Rural) APMC,Cereals,Paddy(Common),06-01-2024,1.00,Metric Tonnes
Andhra Pradesh,Kakinada,Sampara (Kakinada Rural) APMC,Cereals,Paddy(Common),08-01-2024,1.00,Metric Tonnes
Andhra Pradesh,Kakinada,Sampara (Kakinada Rural) APMC,Cereals,Paddy(Common),09-01-2024,1.00,Metric Tonnes
Andhra Pradesh,Kakinada,Sampara (Kakinada Rural) APMC,Cereals,Paddy(Common),12-01-2024,1.00,Metric Tonnes
Andhra Pradesh,Kakinada,Sampara (Kakinada Rural) APMC,Cereals,Paddy(Common),17-01-2024,1.00,Metric Tonnes
Andhra Pradesh,Kakinada,Sampara (Kakinada Rural) APMC,Cereals,Paddy(Common),18-01-2024,1.00,Metric Tonnes
Andhra Pradesh,Kakinada,Sampara (Kakinada Rural) APMC,Cereals,Paddy(Common),19-01-2024,1.00,Metric Tonnes
Andhra Pradesh,Kakinada,Sampara (Kakinada Rural) APMC,Cereals,Paddy(Common),20-01-2024,1.00,Metric Tonnes
Andhra Pradesh,Kakinada,Sampara (Kakinada Rural) APMC,Cereals,Paddy(Common),22-01-2024,1.00,Metric Tonnes
Andhra Pradesh,Kakinada,Sampara (Kakinada Rural) APMC,Cereals,Paddy(Common),23-01-2024,1.00,Metric Tonnes
Andhra Pradesh,Kakinada,Sampara (Kakinada Rural) APMC,Cereals,Paddy(Common),24-01-2024,1.00,Metric Tonnes
Andhra Pradesh,Kakinada,Sampara (Kakinada Rural) APMC,Cereals,Paddy(Common),25-01-2024,1.00,Metric Tonnes
Andhra Pradesh,Kakinada,Sampara (Kakinada Rural) APMC,Cereals,Paddy(Common),27-01-2024,1.00,Metric Tonnes
Andhra Pradesh,Kakinada,Sampara (Kakinada Rural) APMC,Cereals,Paddy(Common),31-01-2024,1.00,Metric Tonnes
Andhra Pradesh,Kakinada,Sampara (Kakinada Rural) APMC,Cereals,Paddy(Common),02-02-2024,1.00,Metric Tonnes
Andhra Pradesh,Kakinada,Sampara (Kakinada Rural) APMC,Cereals,Paddy(Common),03-02-2024,1.00,Metric Tonnes
Andhra Pradesh,Kakinada,Sampara (Kakinada Rural) APMC,Cereals,Paddy(Common),07-02-2024,1.00,Metric Tonnes
Andhra Pradesh,Kakinada,Sampara (Kakinada Rural) APMC,Cereals,Paddy(Common),09-02-2024,1.00,Metric Tonnes
Andhra Pradesh,Kakinada,Sampara (Kakinada Rural) APMC,Cereals,Paddy(Common),13-02-2024,1.00,Metric Tonnes
Andhra Pradesh,Kakinada,Sampara (Kakinada Rural) APMC,Cereals,Paddy(Common),15-02-2024,1.00,Metric Tonnes
Andhra Pradesh,Kakinada,Sampara (Kakinada Rural) APMC,Cereals,Paddy(Common),19-02-2024,1.00,Metric Tonnes
Andhra Pradesh,Kakinada,Sampara (Kakinada Rural) APMC,Cereals,Paddy(Common),20-02-2024,1.00,Metric Tonnes
Andhra Pradesh,Kakinada,Sampara (Kakinada Rural) APMC,Cereals,Paddy(Common),21-02-2024,1.00,Metric Tonnes
Andhra Pradesh,Kakinada,Sampara (Kakinada Rural) APMC,Cereals,Paddy(Common),22-02-2024,1.00,Metric Tonnes
Andhra Pradesh,Kakinada,Sampara (Kakinada Rural) APMC,Cereals,Paddy(Common),23-02-2024,1.00,Metric Tonnes
Andhra Pradesh,Kakinada,Sampara (Kakinada Rural) APMC,Cereals,Paddy(Common),24-02-2024,1.00,Metric Tonnes
Andhra Pradesh,Kakinada,Sampara (Kakinada Rural) APMC,Cereals,Paddy(Common),27-02-2024,1.00,Metric Tonnes
Andhra Pradesh,Kakinada,Sampara (Kakinada Rural) APMC,Cereals,Paddy(Common),29-02-2024,1.00,Metric Tonnes
Andhra Pradesh,Kakinada,Sampara (Kakinada Rural) APMC,Cereals,Paddy(Common),02-03-2024,1.00,Metric Tonnes
Andhra Pradesh,Kakinada,Sampara (Kakinada Rural) APMC,Cereals,Paddy(Common),06-03-2024,1.00,Metric Tonnes
Andhra Pradesh,Kakinada,Sampara (Kakinada Rural) APMC,Cereals,Paddy(Common),11-03-2024,1.00,Metric Tonnes
Andhra Pradesh,Kakinada,Sampara (Kakinada Rural) APMC,Cereals,Paddy(Common),12-03-2024,1.00,Metric Tonnes
Andhra Pradesh,Kakinada,Sampara (Kakinada Rural) APMC,Cereals,Paddy(Common),13-03-2024,1.00,Metric Tonnes
Andhra Pradesh,Kakinada,Sampara (Kakinada Rural) APMC,Cereals,Paddy(Common),15-03-2024,1.00,Metric Tonnes
Andhra Pradesh,Kakinada,Sampara (Kakinada Rural) APMC,Cereals,Paddy(Common),16-03-2024,1.00,Metric Tonnes
Andhra Pradesh,Kakinada,Sampara (Kakinada Rural) APMC,Cereals,Paddy(Common),26-03-2024,1.00,Metric Tonnes
Andhra Pradesh,Kakinada,Sampara (Kakinada Rural) APMC,Cereals,Paddy(Common),27-03-2024,1.00,Metric Tonnes
Andhra Pradesh,Kakinada,Sampara (Kakinada Rural) APMC,Cereals,Paddy(Common),18-04-2024,1.00,Metric Tonnes
Andhra Pradesh,Kakinada,Sampara (Kakinada Rural) APMC,Cereals,Paddy(Common),20-04-2024,1.00,Metric Tonnes
Andhra Pradesh,Kakinada,Sampara (Kakinada Rural) APMC,Cereals,Paddy(Common),23-04-2024,1.00,Metric Tonnes
Andhra Pradesh,Kakinada,Sampara (Kakinada Rural) APMC,Cereals,Paddy(Common),24-04-2024,1.00,Metric Tonnes
Andhra Pradesh,Kakinada,Sampara (Kakinada Rural) APMC,Cereals,Paddy(Common),30-04-2024,1.00,Metric Tonnes
Andhra Pradesh,Kakinada,Sampara (Kakinada Rural) APMC,Cereals,Paddy(Common),03-05-2024,1.00,Metric Tonnes
Andhra Pradesh,Kakinada,Sampara (Kakinada Rural) APMC,Cereals,Paddy(Common),04-05-2024,1.00,Metric Tonnes
Andhra Pradesh,Kakinada,Sampara (Kakinada Rural) APMC,Cereals,Paddy(Common),06-05-2024,1.00,Metric Tonnes
Andhra Pradesh,Kakinada,Sampara (Kakinada Rural) APMC,Cereals,Paddy(Common),07-05-2024,1.00,Metric Tonnes
Andhra Pradesh,Kakinada,Sampara (Kakinada Rural) APMC,Cereals,Paddy(Common),08-05-2024,1.00,Metric Tonnes
Andhra Pradesh,Kakinada,Sampara (Kakinada Rural) APMC,Cereals,Paddy(Common),09-05-2024,1.00,Metric Tonnes
Andhra Pradesh,Kakinada,Sampara (Kakinada Rural) APMC,Cereals,Paddy(Common),10-05-2024,1.00,Metric Tonnes
Andhra Pradesh,Kakinada,Sampara (Kakinada Rural) APMC,Cereals,Paddy(Common),15-05-2024,1.00,Metric Tonnes
Andhra Pradesh,Kakinada,Sampara (Kakinada Rural) APMC,Cereals,Paddy(Common),16-05-2024,1.00,Metric Tonnes
Andhra Pradesh,Kakinada,Sampara (Kakinada Rural) APMC,Cereals,Paddy(Common),17-05-2024,1.00,Metric Tonnes
Andhra Pradesh,Kakinada,Sampara (Kakinada Rural) APMC,Cereals,Paddy(Common),18-05-2024,1.00,Metric Tonnes
Andhra Pradesh,Kakinada,Sampara (Kakinada Rural) APMC,Cereals,Paddy(Common),21-05-2024,1.00,Metric Tonnes
Andhra Pradesh,Kakinada,Sampara (Kakinada Rural) APMC,Cereals,Paddy(Common),22-05-2024,1.00,Metric Tonnes
Andhra Pradesh,Kakinada,Sampara (Kakinada Rural) APMC,Cereals,Paddy(Common),23-05-2024,1.00,Metric Tonnes
Andhra Pradesh,Kakinada,Sampara (Kakinada Rural) APMC,Cereals,Paddy(Common),24-05-2024,1.00,Metric Tonnes
Andhra Pradesh,Kakinada,Sampara (Kakinada Rural) APMC,Cereals,Paddy(Common),27-05-2024,1.00,Metric Tonnes
Andhra Pradesh,Kakinada,Sampara (Kakinada Rural) APMC,Cereals,Paddy(Common),28-05-2024,1.00,Metric Tonnes
Andhra Pradesh,Kakinada,Sampara (Kakinada Rural) APMC,Cereals,Paddy(Common),29-05-2024,1.00,Metric Tonnes
Andhra Pradesh,Kakinada,Sampara (Kakinada Rural) APMC,Cereals,Paddy(Common),30-05-2024,1.00,Metric Tonnes
Andhra Pradesh,Kakinada,Sampara (Kakinada Rural) APMC,Cereals,Paddy(Common),03-06-2024,1.00,Metric Tonnes
Andhra Pradesh,Kakinada,Sampara (Kakinada Rural) APMC,Cereals,Paddy(Common),04-06-2024,1.00,Metric Tonnes
Andhra Pradesh,Kakinada,Sampara (Kakinada Rural) APMC,Cereals,Paddy(Common),06-06-2024,1.00,Metric Tonnes
Andhra Pradesh,Kakinada,Sampara (Kakinada Rural) APMC,Cereals,Paddy(Common),07-06-2024,1.00,Metric Tonnes
Andhra Pradesh,Kakinada,Sampara (Kakinada Rural) APMC,Cereals,Paddy(Common),10-06-2024,1.00,Metric Tonnes
Andhra Pradesh,Kakinada,Sampara (Kakinada Rural) APMC,Cereals,Paddy(Common),12-06-2024,1.00,Metric Tonnes
Andhra Pradesh,Kakinada,Sampara (Kakinada Rural) APMC,Cereals,Paddy(Common),13-06-2024,1.00,Metric Tonnes
Andhra Pradesh,Kakinada,Sampara (Kakinada Rural) APMC,Cereals,Paddy(Common),14-06-2024,1.00,Metric Tonnes
Andhra Pradesh,Kakinada,Sampara (Kakinada Rural) APMC,Cereals,Paddy(Common),15-06-2024,1.00,Metric Tonnes
Andhra Pradesh,Kakinada,Sampara (Kakinada Rural) APMC,Cereals,Paddy(Common),18-06-2024,1.00,Metric Tonnes
Andhra Pradesh,Kakinada,Sampara (Kakinada Rural) APMC,Cereals,Paddy(Common),19-06-2024,1.00,Metric Tonnes
Andhra Pradesh,Kakinada,Sampara (Kakinada Rural) APMC,Cereals,Paddy(Common),20-06-2024,1.00,Metric Tonnes
Andhra Pradesh,Kakinada,Sampara (Kakinada Rural) APMC,Cereals,Paddy(Common),21-06-2024,1.00,Metric Tonnes
Andhra Pradesh,Kakinada,Sampara (Kakinada Rural) APMC,Cereals,Paddy(Common),22-06-2024,1.00,Metric Tonnes
Andhra Pradesh,Kakinada,Sampara (Kakinada Rural) APMC,Cereals,Paddy(Common),24-06-2024,1.00,Metric Tonnes
Andhra Pradesh,Kakinada,Sampara (Kakinada Rural) APMC,Cereals,Paddy(Common),25-06-2024,1.00,Metric Tonnes
Andhra Pradesh,Kakinada,Sampara (Kakinada Rural) APMC,Cereals,Paddy(Common),26-06-2024,1.00,Metric Tonnes
Andhra Pradesh,Kakinada,Sampara (Kakinada Rural) APMC,Cereals,Paddy(Common),27-06-2024,1.00,Metric Tonnes
Andhra Pradesh,Kakinada,Sampara (Kakinada Rural) APMC,Cereals,Paddy(Common),28-06-2024,1.00,Metric Tonnes
Andhra Pradesh,Kakinada,Sampara (Kakinada Rural) APMC,Cereals,Paddy(Common),03-07-2024,1.00,Metric Tonnes
Andhra Pradesh,Kakinada,Sampara (Kakinada Rural) APMC,Cereals,Paddy(Common),05-07-2024,1.00,Metric Tonnes
Andhra Pradesh,Kakinada,Sampara (Kakinada Rural) APMC,Cereals,Paddy(Common),06-07-2024,1.00,Metric Tonnes
Andhra Pradesh,Kakinada,Sampara (Kakinada Rural) APMC,Cereals,Paddy(Common),09-07-2024,1.00,Metric Tonnes
Andhra Pradesh,Kakinada,Sampara (Kakinada Rural) APMC,Cereals,Paddy(Common),10-07-2024,1.00,Metric Tonnes
Andhra Pradesh,Kakinada,Sampara (Kakinada Rural) APMC,Cereals,Paddy(Common),12-07-2024,1.00,Metric Tonnes
Andhra Pradesh,Kakinada,Sampara (Kakinada Rural) APMC,Cereals,Paddy(Common),15-07-2024,1.00,Metric Tonnes
Andhra Pradesh,Kakinada,Sampara (Kakinada Rural) APMC,Cereals,Paddy(Common),18-07-2024,1.00,Metric Tonnes
Andhra Pradesh,Kakinada,Sampara (Kakinada Rural) APMC,Cereals,Paddy(Common),20-07-2024,1.00,Metric Tonnes
Andhra Pradesh,Kakinada,Sampara (Kakinada Rural) APMC,Cereals,Paddy(Common),22-07-2024,1.00,Metric Tonnes
Andhra Pradesh,Kakinada,Sampara (Kakinada Rural) APMC,Cereals,Paddy(Common),25-07-2024,1.00,Metric Tonnes
Andhra Pradesh,Kakinada,Sampara (Kakinada Rural) APMC,Cereals,Paddy(Common),26-07-2024,1.00,Metric Tonnes
Andhra Pradesh,Kakinada,Sampara (Kakinada Rural) APMC,Cereals,Paddy(Common),27-07-2024,1.00,Metric Tonnes
Andhra Pradesh,Kakinada,Sampara (Kakinada Rural) APMC,Cereals,Paddy(Common),29-07-2024,1.00,Metric Tonnes
Andhra Pradesh,Kakinada,Sampara (Kakinada Rural) APMC,Cereals,Paddy(Common),30-07-2024,1.00,Metric Tonnes
Andhra Pradesh,Kakinada,Sampara (Kakinada Rural) APMC,Cereals,Paddy(Common),01-08-2024,1.00,Metric Tonnes
Andhra Pradesh,Kakinada,Sampara (Kakinada Rural) APMC,Cereals,Paddy(Common),02-08-2024,1.00,Metric Tonnes
Andhra Pradesh,Kakinada,Sampara (Kakinada Rural) APMC,Cereals,Paddy(Common),03-08-2024,1.00,Metric Tonnes
Andhra Pradesh,Kakinada,Sampara (Kakinada Rural) APMC,Cereals,Paddy(Common),05-08-2024,1.00,Metric Tonnes
Andhra Pradesh,Kakinada,Sampara (Kakinada Rural) APMC,Cereals,Paddy(Common),06-08-2024,1.00,Metric Tonnes
Andhra Pradesh,Kakinada,Sampara (Kakinada Rural) APMC,Cereals,Paddy(Common),07-08-2024,1.00,Metric Tonnes
Andhra Pradesh,Kakinada,Sampara (Kakinada Rural) APMC,Cereals,Paddy(Common),08-08-2024,1.00,Metric Tonnes
Andhra Pradesh,Kakinada,Sampara (Kakinada Rural) APMC,Cereals,Paddy(Common),09-08-2024,1.00,Metric Tonnes
Andhra Pradesh,Kakinada,Sampara (Kakinada Rural) APMC,Cereals,Paddy(Common),14-08-2024,1.00,Metric Tonnes
Andhra Pradesh,Kakinada,Sampara (Kakinada Rural) APMC,Cereals,Paddy(Common),17-08-2024,1.00,Metric Tonnes
Andhra Pradesh,Kakinada,Sampara (Kakinada Rural) APMC,Cereals,Paddy(Common),19-08-2024,1.00,Metric Tonnes
Andhra Pradesh,Kakinada,Sampara (Kakinada Rural) APMC,Cereals,Paddy(Common),20-08-2024,1.00,Metric Tonnes
Andhra Pradesh,Kakinada,Sampara (Kakinada Rural) APMC,Cereals,Paddy(Common),21-08-2024,1.00,Metric Tonnes
Andhra Pradesh,Kakinada,Sampara (Kakinada Rural) APMC,Cereals,Paddy(Common),22-08-2024,0.01,Metric Tonnes
Andhra Pradesh,Kakinada,Sampara (Kakinada Rural) APMC,Cereals,Paddy(Common),23-08-2024,0.10,Metric Tonnes
Andhra Pradesh,Kakinada,Sampara (Kakinada Rural) APMC,Cereals,Paddy(Common),26-08-2024,0.01,Metric Tonnes
Andhra Pradesh,Kakinada,Sampara (Kakinada Rural) APMC,Cereals,Paddy(Common),31-08-2024,0.01,Metric Tonnes
Andhra Pradesh,Kakinada,Sampara (Kakinada Rural) APMC,Cereals,Paddy(Common),03-09-2024,0.01,Metric Tonnes
Andhra Pradesh,Kakinada,Sampara (Kakinada Rural) APMC,Cereals,Paddy(Common),04-09-2024,0.01,Metric Tonnes
Andhra Pradesh,Kakinada,Sampara (Kakinada Rural) APMC,Cereals,Paddy(Common),05-09-2024,0.01,Metric Tonnes
Andhra Pradesh,Kakinada,Sampara (Kakinada Rural) APMC,Cereals,Paddy(Common),09-09-2024,0.01,Metric Tonnes
Andhra Pradesh,Kakinada,Sampara (Kakinada Rural) APMC,Cereals,Paddy(Common),10-09-2024,0.01,Metric Tonnes
Andhra Pradesh,Kakinada,Sampara (Kakinada Rural) APMC,Cereals,Paddy(Common),11-09-2024,0.01,Metric Tonnes
Andhra Pradesh,Kakinada,Sampara (Kakinada Rural) APMC,Cereals,Paddy(Common),13-09-2024,0.01,Metric Tonnes
Andhra Pradesh,Kakinada,Sampara (Kakinada Rural) APMC,Cereals,Paddy(Common),17-09-2024,0.01,Metric Tonnes
Andhra Pradesh,Kakinada,Sampara (Kakinada Rural) APMC,Cereals,Paddy(Common),18-09-2024,0.01,Metric Tonnes
Andhra Pradesh,Kakinada,Sampara (Kakinada Rural) APMC,Cereals,Paddy(Common),21-09-2024,0.01,Metric Tonnes
Andhra Pradesh,Kakinada,Sampara (Kakinada Rural) APMC,Cereals,Paddy(Common),23-09-2024,0.01,Metric Tonnes
Andhra Pradesh,Kakinada,Sampara (Kakinada Rural) APMC,Cereals,Paddy(Common),24-09-2024,0.01,Metric Tonnes
Andhra Pradesh,Kakinada,Sampara (Kakinada Rural) APMC,Cereals,Paddy(Common),25-09-2024,0.01,Metric Tonnes
Andhra Pradesh,Kakinada,Sampara (Kakinada Rural) APMC,Cereals,Paddy(Common),26-09-2024,0.01,Metric Tonnes
Andhra Pradesh,Kakinada,Sampara (Kakinada Rural) APMC,Cereals,Paddy(Common),27-09-2024,0.01,Metric Tonnes
Andhra Pradesh,Kakinada,Sampara (Kakinada Rural) APMC,Cereals,Paddy(Common),28-09-2024,0.01,Metric Tonnes
Andhra Pradesh,Kakinada,Sampara (Kakinada Rural) APMC,Cereals,Paddy(Common),30-09-2024,0.01,Metric Tonnes
Andhra Pradesh,Kakinada,Sampara (Kakinada Rural) APMC,Cereals,Paddy(Common),01-10-2024,0.01,Metric Tonnes
Andhra Pradesh,Kakinada,Sampara (Kakinada Rural) APMC,Cereals,Paddy(Common),03-10-2024,0.01,Metric Tonnes
Andhra Pradesh,Kakinada,Sampara (Kakinada Rural) APMC,Cereals,Paddy(Common),04-10-2024,0.01,Metric Tonnes
Andhra Pradesh,Kakinada,Sampara (Kakinada Rural) APMC,Cereals,Paddy(Common),05-10-2024,0.01,Metric Tonnes
Andhra Pradesh,Kakinada,Sampara (Kakinada Rural) APMC,Cereals,Paddy(Common),07-10-2024,0.01,Metric Tonnes
Andhra Pradesh,Kakinada,Sampara (Kakinada Rural) APMC,Cereals,Paddy(Common),08-10-2024,0.01,Metric Tonnes
Andhra Pradesh,Kakinada,Sampara (Kakinada Rural) APMC,Cereals,Paddy(Common),09-10-2024,0.01,Metric Tonnes
Andhra Pradesh,Kakinada,Sampara (Kakinada Rural) APMC,Cereals,Paddy(Common),10-10-2024,0.01,Metric Tonnes
Andhra Pradesh,Kakinada,Sampara (Kakinada Rural) APMC,Cereals,Paddy(Common),14-10-2024,0.01,Metric Tonnes
Andhra Pradesh,Kakinada,Sampara (Kakinada Rural) APMC,Cereals,Paddy(Common),16-10-2024,0.01,Metric Tonnes
Andhra Pradesh,Kakinada,Sampara (Kakinada Rural) APMC,Cereals,Paddy(Common),17-10-2024,0.01,Metric Tonnes
Andhra Pradesh,Kakinada,Sampara (Kakinada Rural) APMC,Cereals,Paddy(Common),18-10-2024,0.01,Metric Tonnes
Andhra Pradesh,Kakinada,Sampara (Kakinada Rural) APMC,Cereals,Paddy(Common),19-10-2024,0.01,Metric Tonnes
Andhra Pradesh,Kakinada,Sampara (Kakinada Rural) APMC,Cereals,Paddy(Common),21-10-2024,0.01,Metric Tonnes
Andhra Pradesh,Kakinada,Sampara (Kakinada Rural) APMC,Cereals,Paddy(Common),22-10-2024,0.01,Metric Tonnes
Andhra Pradesh,Kakinada,Sampara (Kakinada Rural) APMC,Cereals,Paddy(Common),23-10-2024,0.01,Metric Tonnes
Andhra Pradesh,Kakinada,Sampara (Kakinada Rural) APMC,Cereals,Paddy(Common),25-10-2024,0.01,Metric Tonnes
Andhra Pradesh,Kakinada,Sampara (Kakinada Rural) APMC,Cereals,Paddy(Common),26-10-2024,0.01,Metric Tonnes
Andhra Pradesh,Kakinada,Sampara (Kakinada Rural) APMC,Cereals,Paddy(Common),28-10-2024,0.01,Metric Tonnes
Andhra Pradesh,Kakinada,Sampara (Kakinada Rural) APMC,Cereals,Paddy(Common),29-10-2024,0.01,Metric Tonnes
Andhra Pradesh,Kakinada,Sampara (Kakinada Rural) APMC,Cereals,Paddy(Common),30-10-2024,0.01,Metric Tonnes
Andhra Pradesh,Kakinada,Sampara (Kakinada Rural) APMC,Cereals,Paddy(Common),01-11-2024,0.01,Metric Tonnes
Andhra Pradesh,Kakinada,Sampara (Kakinada Rural) APMC,Cereals,Paddy(Common),02-11-2024,0.01,Metric Tonnes
Andhra Pradesh,Kakinada,Sampara (Kakinada Rural) APMC,Cereals,Paddy(Common),04-11-2024,0.01,Metric Tonnes
Andhra Pradesh,Kakinada,Sampara (Kakinada Rural) APMC,Cereals,Paddy(Common),05-11-2024,0.01,Metric Tonnes
Andhra Pradesh,Kakinada,Sampara (Kakinada Rural) APMC,Cereals,Paddy(Common),06-11-2024,0.01,Metric Tonnes
Andhra Pradesh,Kakinada,Sampara (Kakinada Rural) APMC,Cereals,Paddy(Common),07-11-2024,0.01,Metric Tonnes
Andhra Pradesh,Kakinada,Sampara (Kakinada Rural) APMC,Cereals,Paddy(Common),08-11-2024,0.01,Metric Tonnes
Andhra Pradesh,Kakinada,Sampara (Kakinada Rural) APMC,Cereals,Paddy(Common),11-11-2024,0.01,Metric Tonnes
Andhra Pradesh,Kakinada,Sampara (Kakinada Rural) APMC,Cereals,Paddy(Common),12-11-2024,0.01,Metric Tonnes
Andhra Pradesh,Kakinada,Sampara (Kakinada Rural) APMC,Cereals,Paddy(Common),13-11-2024,0.01,Metric Tonnes
Andhra Pradesh,Kakinada,Sampara (Kakinada Rural) APMC,Cereals,Paddy(Common),15-11-2024,0.01,Metric Tonnes
Andhra Pradesh,Kakinada,Sampara (Kakinada Rural) APMC,Cereals,Paddy(Common),16-11-2024,0.01,Metric Tonnes
Andhra Pradesh,Kakinada,Sampara (Kakinada Rural) APMC,Cereals,Paddy(Common),19-11-2024,0.01,Metric Tonnes
Andhra Pradesh,Kakinada,Sampara (Kakinada Rural) APMC,Cereals,Paddy(Common),20-11-2024,0.01,Metric Tonnes
Andhra Pradesh,Kakinada,Sampara (Kakinada Rural) APMC,Cereals,Paddy(Common),21-11-2024,0.01,Metric Tonnes
Andhra Pradesh,Kakinada,Sampara (Kakinada Rural) APMC,Cereals,Paddy(Common),22-11-2024,0.01,Metric Tonnes
Andhra Pradesh,Kakinada,Sampara (Kakinada Rural) APMC,Cereals,Paddy(Common),23-11-2024,0.01,Metric Tonnes
Andhra Pradesh,Kakinada,Sampara (Kakinada Rural) APMC,Cereals,Paddy(Common),25-11-2024,0.01,Metric Tonnes
Andhra Pradesh,Kakinada,Sampara (Kakinada Rural) APMC,Cereals,Paddy(Common),26-11-2024,0.01,Metric Tonnes
Andhra Pradesh,Kakinada,Sampara (Kakinada Rural) APMC,Cereals,Paddy(Common),27-11-2024,0.01,Metric Tonnes
Andhra Pradesh,Kakinada,Sampara (Kakinada Rural) APMC,Cereals,Paddy(Common),02-12-2024,0.01,Metric Tonnes
Andhra Pradesh,Kakinada,Sampara (Kakinada Rural) APMC,Cereals,Paddy(Common),03-12-2024,0.01,Metric Tonnes
Andhra Pradesh,Kakinada,Sampara (Kakinada Rural) APMC,Cereals,Paddy(Common),04-12-2024,0.01,Metric Tonnes
Andhra Pradesh,Kakinada,Sampara (Kakinada Rural) APMC,Cereals,Paddy(Common),05-12-2024,0.01,Metric Tonnes
Andhra Pradesh,Kakinada,Sampara (Kakinada Rural) APMC,Cereals,Paddy(Common),07-12-2024,0.01,Metric Tonnes
Andhra Pradesh,Kakinada,Sampara (Kakinada Rural) APMC,Cereals,Paddy(Common),10-12-2024,0.01,Metric Tonnes
Andhra Pradesh,Kakinada,Sampara (Kakinada Rural) APMC,Cereals,Paddy(Common),11-12-2024,0.01,Metric Tonnes
Andhra Pradesh,Kakinada,Sampara (Kakinada Rural) APMC,Cereals,Paddy(Common),12-12-2024,0.01,Metric Tonnes
Andhra Pradesh,Kakinada,Sampara (Kakinada Rural) APMC,Cereals,Paddy(Common),13-12-2024,0.01,Metric Tonnes
Andhra Pradesh,Kakinada,Sampara (Kakinada Rural) APMC,Cereals,Paddy(Common),16-12-2024,0.01,Metric Tonnes
Andhra Pradesh,Kakinada,Sampara (Kakinada Rural) APMC,Cereals,Paddy(Common),17-12-2024,0.01,Metric Tonnes
Andhra Pradesh,Kakinada,Sampara (Kakinada Rural) APMC,Cereals,Paddy(Common),18-12-2024,0.01,Metric Tonnes
Andhra Pradesh,Kakinada,Sampara (Kakinada Rural) APMC,Cereals,Paddy(Common),19-12-2024,0.01,Metric Tonnes
Andhra Pradesh,Kakinada,Sampara (Kakinada Rural) APMC,Cereals,Paddy(Common),20-12-2024,0.01,Metric Tonnes
Andhra Pradesh,Kakinada,Sampara (Kakinada Rural) APMC,Cereals,Paddy(Common),21-12-2024,0.01,Metric Tonnes
Andhra Pradesh,Kakinada,Sampara (Kakinada Rural) APMC,Cereals,Paddy(Common),23-12-2024,0.01,Metric Tonnes
Andhra Pradesh,Kakinada,Sampara (Kakinada Rural) APMC,Cereals,Paddy(Common),24-12-2024,0.01,Metric Tonnes
Andhra Pradesh,Kakinada,Sampara (Kakinada Rural) APMC,Cereals,Paddy(Common),26-12-2024,0.01,Metric Tonnes
Andhra Pradesh,Kakinada,Sampara (Kakinada Rural) APMC,Cereals,Paddy(Common),28-12-2024,0.01,Metric Tonnes
Andhra Pradesh,Kakinada,Sampara (Kakinada Rural) APMC,Cereals,Paddy(Common),30-12-2024,0.01,Metric Tonnes
Andhra Pradesh,Kakinada,Sampara (Kakinada Rural) APMC,Cereals,Paddy(Common),31-12-2024,0.01,Metric Tonnes
Andhra Pradesh,Kakinada,Sampara (Kakinada Rural) APMC,Cereals,Paddy(Common),04-01-2025,0.01,Metric Tonnes
Andhra Pradesh,Kakinada,Sampara (Kakinada Rural) APMC,Cereals,Paddy(Common),06-01-2025,0.01,Metric Tonnes
Andhra Pradesh,Kakinada,Sampara (Kakinada Rural) APMC,Cereals,Paddy(Common),07-01-2025,0.01,Metric Tonnes
Andhra Pradesh,Kakinada,Sampara (Kakinada Rural) APMC,Cereals,Paddy(Common),08-01-2025,0.01,Metric Tonnes
Andhra Pradesh,Kakinada,Sampara (Kakinada Rural) APMC,Cereals,Paddy(Common),09-01-2025,0.01,Metric Tonnes
Andhra Pradesh,Kakinada,Sampara (Kakinada Rural) APMC,Cereals,Paddy(Common),10-01-2025,0.01,Metric Tonnes
Andhra Pradesh,Kakinada,Sampara (Kakinada Rural) APMC,Cereals,Paddy(Common),22-07-2026,0.10,Metric Tonnes
Andhra Pradesh,Kakinada,Sampara (Kakinada Rural) APMC,Cereals,Paddy(Common),23-07-2026,0.10,Metric Tonnes
Andhra Pradesh,Kakinada,Sampara (Kakinada Rural) APMC,Cereals,Paddy(Common),24-07-2026,0.10,Metric Tonnes
Andhra Pradesh,Kakinada,Sampara (Kakinada Rural) APMC,Cereals,Paddy(Common),25-07-2026,0.10,Metric Tonnes
Andhra Pradesh,Kakinada,Sampara (Kakinada Rural) APMC,Cereals,Paddy(Common),27-07-2026,0.10,Metric Tonnes
Andhra Pradesh,Kakinada,Sampara (Kakinada Rural) APMC,Cereals,Paddy(Common),28-07-2026,0.10,Metric Tonnes
Andhra Pradesh,Kakinada,Sampara (Kakinada Rural) APMC,Cereals,Paddy(Common),29-07-2026,0.10,Metric Tonnes
Andhra Pradesh,Kakinada,Sampara (Kakinada Rural) APMC,Cereals,Paddy(Common),30-07-2026,0.10,Metric Tonnes
Andhra Pradesh,Kakinada,Sampara (Kakinada Rural) APMC,Cereals,Paddy(Common),31-07-2026,0.10,Metric Tonnes
Andhra Pradesh,Kakinada,Sampara (Kakinada Rural) APMC,Cereals,Paddy(Common),01-08-2026,0.10,Metric Tonnes
Andhra Pradesh,Kakinada,Sampara (Kakinada Rural) APMC,Cereals,Paddy(Common),02-08-2026,236.90,Metric Tonnes
Andhra Pradesh,Kakinada,Sampara (Kakinada Rural) APMC,Cereals,Paddy(Common),03-08-2026,0.10,Metric Tonnes
Andhra Pradesh,Kakinada,Sampara (Kakinada Rural) APMC,Cereals,Paddy(Common),04-08-2026,0.10,Metric Tonnes
Andhra Pradesh,Kakinada,Sampara (Kakinada Rural) APMC,Cereals,Paddy(Common),05-08-2026,0.10,Metric Tonnes
Andhra Pradesh,Kakinada,Sampara (Kakinada Rural) APMC,Cereals,Paddy(Common),06-08-2026,0.10,Metric Tonnes
Andhra Pradesh,Kakinada,Sampara (Kakinada Rural) APMC,Cereals,Paddy(Common),07-08-2026,0.10,Metric Tonnes
Andhra Pradesh,Kakinada,Tuni APMC,Cereals,Paddy(Common),20-04-2023,0.10,Metric Tonnes
Andhra Pradesh,Kakinada,Tuni APMC,Cereals,Paddy(Common),21-04-2023,0.10,Metric Tonnes
Andhra Pradesh,Kakinada,Tuni APMC,Cereals,Paddy(Common),28-04-2023,0.10,Metric Tonnes
Andhra Pradesh,Kakinada,Tuni APMC,Cereals,Paddy(Common),29-04-2023,0.10,Metric Tonnes
Andhra Pradesh,Kakinada,Tuni APMC,Cereals,Paddy(Common),12-05-2023,0.10,Metric Tonnes
Andhra Pradesh,Kakinada,Tuni APMC,Cereals,Paddy(Common),18-05-2023,0.10,Metric Tonnes
Andhra Pradesh,Kakinada,Tuni APMC,Cereals,Paddy(Common),19-05-2023,0.10,Metric Tonnes
Andhra Pradesh,Kakinada,Tuni APMC,Cereals,Paddy(Common),01-06-2023,0.10,Metric Tonnes
Andhra Pradesh,Kakinada,Tuni APMC,Cereals,Paddy(Common),02-06-2023,0.10,Metric Tonnes
Andhra Pradesh,Kakinada,Tuni APMC,Cereals,Paddy(Common),22-07-2024,0.10,Metric Tonnes
Andhra Pradesh,Kakinada,Tuni APMC,Cereals,Paddy(Common),23-07-2024,0.10,Metric Tonnes
Andhra Pradesh,Kakinada,Tuni APMC,Cereals,Paddy(Common),24-07-2024,0.10,Metric Tonnes
Andhra Pradesh,Kakinada,Tuni APMC,Cereals,Paddy(Common),26-07-2024,0.10,Metric Tonnes
Andhra Pradesh,Kakinada,Tuni APMC,Cereals,Paddy(Common),27-07-2024,0.10,Metric Tonnes
Andhra Pradesh,Kakinada,Tuni APMC,Cereals,Paddy(Common),30-07-2024,0.10,Metric Tonnes
Andhra Pradesh,Kakinada,Tuni APMC,Cereals,Paddy(Common),03-08-2024,0.10,Metric Tonnes
Andhra Pradesh,Kakinada,Tuni APMC,Cereals,Paddy(Common),09-08-2024,0.10,Metric Tonnes
Andhra Pradesh,Kakinada,Tuni APMC,Cereals,Paddy(Common),13-08-2024,0.10,Metric Tonnes
Andhra Pradesh,Kakinada,Tuni APMC,Cereals,Paddy(Common),14-08-2024,0.10,Metric Tonnes
Andhra Pradesh,Kakinada,Tuni APMC,Cereals,Paddy(Common),17-08-2024,0.10,Metric Tonnes
Andhra Pradesh,Kakinada,Tuni APMC,Cereals,Paddy(Common),09-09-2024,0.10,Metric Tonnes
Andhra Pradesh,Kakinada,Tuni APMC,Cereals,Paddy(Common),23-09-2024,0.10,Metric Tonnes
Andhra Pradesh,Kakinada,Tuni APMC,Cereals,Paddy(Common),24-09-2024,0.10,Metric Tonnes
Andhra Pradesh,Kakinada,Tuni APMC,Cereals,Paddy(Common),07-10-2024,0.10,Metric Tonnes
Andhra Pradesh,Kakinada,Tuni APMC,Cereals,Paddy(Common),23-10-2024,0.10,Metric Tonnes
Andhra Pradesh,Kakinada,Tuni APMC,Cereals,Paddy(Common),28-11-2024,0.10,Metric Tonnes
Andhra Pradesh,Kakinada,Tuni APMC,Cereals,Paddy(Common),02-12-2024,0.10,Metric Tonnes
Andhra Pradesh,Kakinada,Tuni APMC,Cereals,Paddy(Common),04-12-2024,0.10,Metric Tonnes
Andhra Pradesh,Kakinada,Tuni APMC,Cereals,Paddy(Common),05-12-2024,0.10,Metric Tonnes
Andhra Pradesh,Kakinada,Tuni APMC,Cereals,Paddy(Common),09-12-2024,0.10,Metric Tonnes
Andhra Pradesh,Kakinada,Tuni APMC,Cereals,Paddy(Common),10-12-2024,0.10,Metric Tonnes
Andhra Pradesh,Kakinada,Tuni APMC,Cereals,Paddy(Common),11-12-2024,0.10,Metric Tonnes
Andhra Pradesh,Kakinada,Tuni APMC,Cereals,Paddy(Common),12-12-2024,0.10,Metric Tonnes
Andhra Pradesh,Kakinada,Tuni APMC,Cereals,Paddy(Common),17-12-2024,0.10,Metric Tonnes
Andhra Pradesh,Kakinada,Tuni APMC,Cereals,Paddy(Common),18-12-2024,0.10,Metric Tonnes
Andhra Pradesh,Kakinada,Tuni APMC,Cereals,Paddy(Common),19-12-2024,0.10,Metric Tonnes
Andhra Pradesh,Kakinada,Tuni APMC,Cereals,Paddy(Common),20-12-2024,0.10,Metric Tonnes
Andhra Pradesh,Kakinada,Tuni APMC,Cereals,Paddy(Common),21-12-2024,0.10,Metric Tonnes
Andhra Pradesh,Kakinada,Tuni APMC,Cereals,Paddy(Common),23-12-2024,0.10,Metric Tonnes
Andhra Pradesh,Kakinada,Tuni APMC,Cereals,Paddy(Common),24-12-2024,0.10,Metric Tonnes
Andhra Pradesh,Kakinada,Tuni APMC,Cereals,Paddy(Common),27-12-2024,0.10,Metric Tonnes
Andhra Pradesh,Kakinada,Tuni APMC,Cereals,Paddy(Common),28-12-2024,0.10,Metric Tonnes
Andhra Pradesh,Kakinada,Tuni APMC,Cereals,Paddy(Common),30-12-2024,0.10,Metric Tonnes
Andhra Pradesh,Kakinada,Tuni APMC,Cereals,Paddy(Common),04-01-2025,0.10,Metric Tonnes
Andhra Pradesh,Kakinada,Tuni APMC,Cereals,Paddy(Common),06-01-2025,0.10,Metric Tonnes
Andhra Pradesh,Kakinada,Tuni APMC,Cereals,Paddy(Common),07-01-2025,0.10,Metric Tonnes
Andhra Pradesh,Kakinada,Tuni APMC,Cereals,Paddy(Common),08-01-2025,0.10,Metric Tonnes
Andhra Pradesh,Kakinada,Tuni APMC,Cereals,Paddy(Common),09-01-2025,0.10,Metric Tonnes
Andhra Pradesh,Kakinada,Tuni APMC,Cereals,Paddy(Common),16-01-2025,0.10,Metric Tonnes
Andhra Pradesh,Kakinada,Tuni APMC,Cereals,Paddy(Common),17-01-2025,0.10,Metric Tonnes
Andhra Pradesh,Kakinada,Tuni APMC,Cereals,Paddy(Common),18-01-2025,0.10,Metric Tonnes
Andhra Pradesh,Kakinada,Tuni APMC,Cereals,Paddy(Common),20-01-2025,0.10,Metric Tonnes
Andhra Pradesh,Kakinada,Tuni APMC,Cereals,Paddy(Common),21-01-2025,0.10,Metric Tonnes
Andhra Pradesh,Kakinada,Tuni APMC,Cereals,Paddy(Common),22-01-2025,0.10,Metric Tonnes
Andhra Pradesh,Kakinada,Tuni APMC,Cereals,Paddy(Common),23-01-2025,0.10,Metric Tonnes
Andhra Pradesh,Krishna,Divi (HQ-Avanigadda) APMC,Cereals,Paddy(Common),01-06-2024,10.00,Metric Tonnes
Andhra Pradesh,Krishna,Divi (HQ-Avanigadda) APMC,Cereals,Paddy(Common),02-09-2025,18.97,Metric Tonnes
Andhra Pradesh,Krishna,Divi (HQ-Avanigadda) APMC,Cereals,Paddy(Common),03-09-2025,55.88,Metric Tonnes
Andhra Pradesh,Krishna,Divi (HQ-Avanigadda) APMC,Cereals,Paddy(Common),04-09-2025,60.97,Metric Tonnes
Andhra Pradesh,Krishna,Divi (HQ-Avanigadda) APMC,Cereals,Paddy(Common),06-09-2025,21.00,Metric Tonnes
Andhra Pradesh,Krishna,Divi (HQ-Avanigadda) APMC,Cereals,Paddy(Common),08-09-2025,37.59,Metric Tonnes
Andhra Pradesh,Krishna,Divi (HQ-Avanigadda) APMC,Cereals,Paddy(Common),09-09-2025,8.50,Metric Tonnes
Andhra Pradesh,Krishna,Divi (HQ-Avanigadda) APMC,Cereals,Paddy(Common),10-09-2025,9.80,Metric Tonnes
Andhra Pradesh,Krishna,Divi (HQ-Avanigadda) APMC,Cereals,Paddy(Common),11-09-2025,10.60,Metric Tonnes
Andhra Pradesh,Krishna,Divi (HQ-Avanigadda) APMC,Cereals,Paddy(Common),15-09-2025,4.69,Metric Tonnes
Andhra Pradesh,Krishna,Divi (HQ-Avanigadda) APMC,Cereals,Paddy(Common),18-09-2025,10.30,Metric Tonnes
Andhra Pradesh,Krishna,Divi (HQ-Avanigadda) APMC,Cereals,Paddy(Common),19-09-2025,26.30,Metric Tonnes
Andhra Pradesh,Krishna,Divi (HQ-Avanigadda) APMC,Cereals,Paddy(Common),20-09-2025,4.30,Metric Tonnes
Andhra Pradesh,Krishna,Divi (HQ-Avanigadda) APMC,Cereals,Paddy(Common),22-09-2025,30.84,Metric Tonnes
Andhra Pradesh,Krishna,Divi (HQ-Avanigadda) APMC,Cereals,Paddy(Common),23-09-2025,34.70,Metric Tonnes
Andhra Pradesh,Krishna,Divi (HQ-Avanigadda) APMC,Cereals,Paddy(Common),24-09-2025,20.30,Metric Tonnes
Andhra Pradesh,Krishna,Divi (HQ-Avanigadda) APMC,Cereals,Paddy(Common),25-09-2025,31.30,Metric Tonnes
Andhra Pradesh,Krishna,Divi (HQ-Avanigadda) APMC,Cereals,Paddy(Common),08-10-2025,8.33,Metric Tonnes
Andhra Pradesh,Krishna,Divi (HQ-Avanigadda) APMC,Cereals,Paddy(Common),09-10-2025,26.02,Metric Tonnes
Andhra Pradesh,Krishna,Divi (HQ-Avanigadda) APMC,Cereals,Paddy(Common),10-10-2025,11.05,Metric Tonnes
Andhra Pradesh,Krishna,Divi (HQ-Avanigadda) APMC,Cereals,Paddy(Common),18-10-2025,13.37,Metric Tonnes
Andhra Pradesh,Krishna,Divi (HQ-Avanigadda) APMC,Cereals,Paddy(Common),21-10-2025,8.19,Metric Tonnes
Andhra Pradesh,Krishna,Divi (HQ-Avanigadda) APMC,Cereals,Paddy(Common),27-10-2025,60.00,Metric Tonnes
Andhra Pradesh,Krishna,Divi (HQ-Avanigadda) APMC,Cereals,Paddy(Common),28-10-2025,16.00,Metric Tonnes
Andhra Pradesh,Krishna,Divi (HQ-Avanigadda) APMC,Cereals,Paddy(Common),31-10-2025,30.60,Metric Tonnes
Andhra Pradesh,Krishna,Divi (HQ-Avanigadda) APMC,Cereals,Paddy(Common),01-11-2025,50.68,Metric Tonnes
Andhra Pradesh,Krishna,Divi (HQ-Avanigadda) APMC,Cereals,Paddy(Common),03-11-2025,12.20,Metric Tonnes
Andhra Pradesh,Krishna,Divi (HQ-Avanigadda) APMC,Cereals,Paddy(Common),04-11-2025,13.44,Metric Tonnes
Andhra Pradesh,Krishna,Divi (HQ-Avanigadda) APMC,Cereals,Paddy(Common),07-11-2025,32.62,Metric Tonnes
Andhra Pradesh,Krishna,Divi (HQ-Avanigadda) APMC,Cereals,Paddy(Common),10-11-2025,16.17,Metric Tonnes
Andhra Pradesh,Krishna,Divi (HQ-Avanigadda) APMC,Cereals,Paddy(Common),11-11-2025,15.00,Metric Tonnes
Andhra Pradesh,Krishna,Divi (HQ-Avanigadda) APMC,Cereals,Paddy(Common),12-11-2025,22.54,Metric Tonnes
Andhra Pradesh,Krishna,Divi (HQ-Avanigadda) APMC,Cereals,Paddy(Common),18-11-2025,375.20,Metric Tonnes
Andhra Pradesh,Krishna,Divi (HQ-Avanigadda) APMC,Cereals,Paddy(Common),19-11-2025,8.61,Metric Tonnes
Andhra Pradesh,Krishna,Divi (HQ-Avanigadda) APMC,Cereals,Paddy(Common),20-11-2025,14.77,Metric Tonnes
Andhra Pradesh,Krishna,Divi (HQ-Avanigadda) APMC,Cereals,Paddy(Common),21-11-2025,7.91,Metric Tonnes
Andhra Pradesh,Krishna,Divi (HQ-Avanigadda) APMC,Cereals,Paddy(Common),24-11-2025,5.11,Metric Tonnes
Andhra Pradesh,Krishna,Divi (HQ-Avanigadda) APMC,Cereals,Paddy(Common),03-12-2025,147.00,Metric Tonnes
Andhra Pradesh,Krishna,Divi (HQ-Avanigadda) APMC,Cereals,Paddy(Common),05-12-2025,206.50,Metric Tonnes
Andhra Pradesh,Krishna,Divi (HQ-Avanigadda) APMC,Cereals,Paddy(Common),10-12-2025,460.60,Metric Tonnes
Andhra Pradesh,Krishna,Divi (HQ-Avanigadda) APMC,Cereals,Paddy(Common),12-12-2025,50.40,Metric Tonnes
Andhra Pradesh,Krishna,Divi (HQ-Avanigadda) APMC,Cereals,Paddy(Common),16-12-2025,174.00,Metric Tonnes
Andhra Pradesh,Krishna,Divi (HQ-Avanigadda) APMC,Cereals,Paddy(Common),17-12-2025,154.00,Metric Tonnes
Andhra Pradesh,Krishna,Divi (HQ-Avanigadda) APMC,Cereals,Paddy(Common),11-01-2026,154.00,Metric Tonnes
Andhra Pradesh,Krishna,Divi (HQ-Avanigadda) APMC,Cereals,Paddy(Common),22-01-2026,158.90,Metric Tonnes
Andhra Pradesh,Krishna,Divi (HQ-Avanigadda) APMC,Cereals,Paddy(Common),23-01-2026,47.60,Metric Tonnes
Andhra Pradesh,Krishna,Divi (HQ-Avanigadda) APMC,Cereals,Paddy(Common),28-01-2026,638.40,Metric Tonnes
Andhra Pradesh,Krishna,Divi (HQ-Avanigadda) APMC,Cereals,Paddy(Common),31-01-2026,24.59,Metric Tonnes
Andhra Pradesh,Krishna,Divi (HQ-Avanigadda) APMC,Cereals,Paddy(Common),09-02-2026,18.72,Metric Tonnes
Andhra Pradesh,Krishna,Divi (HQ-Avanigadda) APMC,Cereals,Paddy(Common),17-02-2026,6.65,Metric Tonnes
Andhra Pradesh,Krishna,Divi (HQ-Avanigadda) APMC,Cereals,Paddy(Common),27-02-2026,53.56,Metric Tonnes
Andhra Pradesh,Krishna,Divi (HQ-Avanigadda) APMC,Cereals,Paddy(Common),20-04-2026,23.20,Metric Tonnes
Andhra Pradesh,Krishna,Divi (HQ-Avanigadda) APMC,Cereals,Paddy(Common),22-04-2026,260.00,Metric Tonnes
Andhra Pradesh,Krishna,Divi (HQ-Avanigadda) APMC,Cereals,Paddy(Common),29-04-2026,73.00,Metric Tonnes
Andhra Pradesh,Krishna,Divi (HQ-Avanigadda) APMC,Cereals,Paddy(Common),05-05-2026,140.00,Metric Tonnes
Andhra Pradesh,Krishna,Divi (HQ-Avanigadda) APMC,Cereals,Paddy(Common),06-05-2026,24.00,Metric Tonnes
Andhra Pradesh,Krishna,Divi (HQ-Avanigadda) APMC,Cereals,Paddy(Common),07-05-2026,27.24,Metric Tonnes
Andhra Pradesh,Krishna,Divi (HQ-Avanigadda) APMC,Cereals,Paddy(Common),19-05-2026,49.00,Metric Tonnes
Andhra Pradesh,Krishna,Divi (HQ-Avanigadda) APMC,Cereals,Paddy(Common),21-05-2026,245.00,Metric Tonnes
Andhra Pradesh,Krishna,Divi (HQ-Avanigadda) APMC,Cereals,Paddy(Common),25-05-2026,441.40,Metric Tonnes
Andhra Pradesh,Krishna,Divi (HQ-Avanigadda) APMC,Cereals,Paddy(Common),27-05-2026,441.40,Metric Tonnes
Andhra Pradesh,Krishna,Divi (HQ-Avanigadda) APMC,Cereals,Paddy(Common),30-05-2026,134.00,Metric Tonnes
Andhra Pradesh,Krishna,Divi (HQ-Avanigadda) APMC,Cereals,Paddy(Common),09-06-2026,128.00,Metric Tonnes
Andhra Pradesh,Krishna,Divi (HQ-Avanigadda) APMC,Cereals,Paddy(Common),10-06-2026,208.00,Metric Tonnes
Andhra Pradesh,Krishna,Divi (HQ-Avanigadda) APMC,Cereals,Paddy(Common),12-06-2026,14.00,Metric Tonnes
Andhra Pradesh,Krishna,Divi (HQ-Avanigadda) APMC,Cereals,Paddy(Common),19-06-2026,204.00,Metric Tonnes
Andhra Pradesh,Krishna,Divi (HQ-Avanigadda) APMC,Cereals,Paddy(Common),29-06-2026,6.93,Metric Tonnes
Andhra Pradesh,Krishna,Divi (HQ-Avanigadda) APMC,Cereals,Paddy(Common),01-07-2026,17795.00,Metric Tonnes
Andhra Pradesh,Krishna,Divi (HQ-Avanigadda) APMC,Cereals,Paddy(Common),03-07-2026,108.00,Metric Tonnes
Andhra Pradesh,Krishna,Divi (HQ-Avanigadda) APMC,Cereals,Paddy(Common),08-07-2026,100.80,Metric Tonnes
Andhra Pradesh,Krishna,Divi (HQ-Avanigadda) APMC,Cereals,Paddy(Common),15-07-2026,370.00,Metric Tonnes
Andhra Pradesh,Krishna,Divi (HQ-Avanigadda) APMC,Cereals,Paddy(Common),22-07-2026,0.10,Metric Tonnes
Andhra Pradesh,Krishna,Divi (HQ-Avanigadda) APMC,Cereals,Paddy(Common),23-07-2026,1.00,Metric Tonnes
Andhra Pradesh,Krishna,Divi (HQ-Avanigadda) APMC,Cereals,Paddy(Common),24-07-2026,1.00,Metric Tonnes
Andhra Pradesh,Krishna,Divi (HQ-Avanigadda) APMC,Cereals,Paddy(Common),25-07-2026,1.00,Metric Tonnes
Andhra Pradesh,Krishna,Divi (HQ-Avanigadda) APMC,Cereals,Paddy(Common),27-07-2026,1.00,Metric Tonnes
Andhra Pradesh,Krishna,Divi (HQ-Avanigadda) APMC,Cereals,Paddy(Common),28-07-2026,1.00,Metric Tonnes
Andhra Pradesh,Krishna,Divi (HQ-Avanigadda) APMC,Cereals,Paddy(Common),29-07-2026,1.00,Metric Tonnes
Andhra Pradesh,Krishna,Divi (HQ-Avanigadda) APMC,Cereals,Paddy(Common),30-07-2026,1.00,Metric Tonnes
Andhra Pradesh,Krishna,Divi (HQ-Avanigadda) APMC,Cereals,Paddy(Common),31-07-2026,1.00,Metric Tonnes
Andhra Pradesh,Krishna,Divi (HQ-Avanigadda) APMC,Cereals,Paddy(Common),01-08-2026,1.00,Metric Tonnes
Andhra Pradesh,Krishna,Divi (HQ-Avanigadda) APMC,Cereals,Paddy(Common),03-08-2026,1.00,Metric Tonnes
Andhra Pradesh,Krishna,Divi (HQ-Avanigadda) APMC,Cereals,Paddy(Common),04-08-2026,1.00,Metric Tonnes
Andhra Pradesh,Krishna,Divi (HQ-Avanigadda) APMC,Cereals,Paddy(Common),05-08-2026,1.00,Metric Tonnes
Andhra Pradesh,Krishna,Divi (HQ-Avanigadda) APMC,Cereals,Paddy(Common),06-08-2026,1.00,Metric Tonnes
Andhra Pradesh,Krishna,Divi (HQ-Avanigadda) APMC,Cereals,Paddy(Common),07-08-2026,1.00,Metric Tonnes
Andhra Pradesh,Krishna,Gannavaram APMC,Cereals,Paddy(Common),22-07-2026,0.10,Metric Tonnes
Andhra Pradesh,Krishna,Gannavaram APMC,Cereals,Paddy(Common),23-07-2026,0.10,Metric Tonnes
Andhra Pradesh,Krishna,Gannavaram APMC,Cereals,Paddy(Common),24-07-2026,0.10,Metric Tonnes
Andhra Pradesh,Krishna,Gannavaram APMC,Cereals,Paddy(Common),25-07-2026,0.10,Metric Tonnes
Andhra Pradesh,Krishna,Gannavaram APMC,Cereals,Paddy(Common),26-07-2026,0.10,Metric Tonnes
Andhra Pradesh,Krishna,Gannavaram APMC,Cereals,Paddy(Common),27-07-2026,0.10,Metric Tonnes
Andhra Pradesh,Krishna,Gannavaram APMC,Cereals,Paddy(Common),28-07-2026,0.10,Metric Tonnes
Andhra Pradesh,Krishna,Gannavaram APMC,Cereals,Paddy(Common),29-07-2026,0.10,Metric Tonnes
Andhra Pradesh,Krishna,Gannavaram APMC,Cereals,Paddy(Common),30-07-2026,0.10,Metric Tonnes
Andhra Pradesh,Krishna,Gannavaram APMC,Cereals,Paddy(Common),31-07-2026,0.10,Metric Tonnes
Andhra Pradesh,Krishna,Gannavaram APMC,Cereals,Paddy(Common),01-08-2026,0.10,Metric Tonnes
Andhra Pradesh,Krishna,Gannavaram APMC,Cereals,Paddy(Common),05-08-2026,0.10,Metric Tonnes
Andhra Pradesh,Krishna,Gannavaram APMC,Cereals,Paddy(Common),06-08-2026,0.10,Metric Tonnes
Andhra Pradesh,Krishna,Gannavaram APMC,Cereals,Paddy(Common),07-08-2026,0.10,Metric Tonnes
Andhra Pradesh,Krishna,Ghantsala (HQ-Kodali) APMC,Cereals,Paddy(Common),23-07-2026,0.10,Metric Tonnes
Andhra Pradesh,Krishna,Ghantsala (HQ-Kodali) APMC,Cereals,Paddy(Common),24-07-2026,1.00,Metric Tonnes
Andhra Pradesh,Krishna,Ghantsala (HQ-Kodali) APMC,Cereals,Paddy(Common),25-07-2026,1.00,Metric Tonnes
Andhra Pradesh,Krishna,Ghantsala (HQ-Kodali) APMC,Cereals,Paddy(Common),27-07-2026,1.00,Metric Tonnes
Andhra Pradesh,Krishna,Ghantsala (HQ-Kodali) APMC,Cereals,Paddy(Common),28-07-2026,1.00,Metric Tonnes
Andhra Pradesh,Krishna,Ghantsala (HQ-Kodali) APMC,Cereals,Paddy(Common),29-07-2026,1.00,Metric Tonnes
Andhra Pradesh,Krishna,Ghantsala (HQ-Kodali) APMC,Cereals,Paddy(Common),30-07-2026,1.00,Metric Tonnes
Andhra Pradesh,Krishna,Ghantsala (HQ-Kodali) APMC,Cereals,Paddy(Common),31-07-2026,1.00,Metric Tonnes
Andhra Pradesh,Krishna,Ghantsala (HQ-Kodali) APMC,Cereals,Paddy(Common),01-08-2026,1.00,Metric Tonnes
Andhra Pradesh,Krishna,Ghantsala (HQ-Kodali) APMC,Cereals,Paddy(Common),03-08-2026,1.00,Metric Tonnes
Andhra Pradesh,Krishna,Ghantsala (HQ-Kodali) APMC,Cereals,Paddy(Common),04-08-2026,1.00,Metric Tonnes
Andhra Pradesh,Krishna,Ghantsala (HQ-Kodali) APMC,Cereals,Paddy(Common),05-08-2026,1.00,Metric Tonnes
Andhra Pradesh,Krishna,Ghantsala (HQ-Kodali) APMC,Cereals,Paddy(Common),06-08-2026,1.00,Metric Tonnes
Andhra Pradesh,Krishna,Ghantsala (HQ-Kodali) APMC,Cereals,Paddy(Common),07-08-2026,1.00,Metric Tonnes
Andhra Pradesh,Krishna,Gudiwada APMC,Cereals,Paddy(Common),24-07-2026,0.10,Metric Tonnes
Andhra Pradesh,Krishna,Gudlavalleru APMC,Cereals,Paddy(Common),23-07-2026,0.10,Metric Tonnes
Andhra Pradesh,Krishna,Machilipatnam APMC,Cereals,Paddy(Common),22-07-2026,1.00,Metric Tonnes
Andhra Pradesh,Krishna,Machilipatnam APMC,Cereals,Paddy(Common),23-07-2026,0.08,Metric Tonnes
Andhra Pradesh,Krishna,Machilipatnam APMC,Cereals,Paddy(Common),24-07-2026,0.08,Metric Tonnes
Andhra Pradesh,Krishna,Machilipatnam APMC,Cereals,Paddy(Common),25-07-2026,0.08,Metric Tonnes
Andhra Pradesh,Krishna,Machilipatnam APMC,Cereals,Paddy(Common),27-07-2026,0.08,Metric Tonnes
Andhra Pradesh,Krishna,Machilipatnam APMC,Cereals,Paddy(Common),28-07-2026,0.08,Metric Tonnes
Andhra Pradesh,Krishna,Machilipatnam APMC,Cereals,Paddy(Common),29-07-2026,0.08,Metric Tonnes
Andhra Pradesh,Krishna,Machilipatnam APMC,Cereals,Paddy(Common),30-07-2026,0.08,Metric Tonnes
Andhra Pradesh,Krishna,Machilipatnam APMC,Cereals,Paddy(Common),31-07-2026,0.08,Metric Tonnes
Andhra Pradesh,Krishna,Machilipatnam APMC,Cereals,Paddy(Common),01-08-2026,0.08,Metric Tonnes
Andhra Pradesh,Krishna,Machilipatnam APMC,Cereals,Paddy(Common),03-08-2026,0.08,Metric Tonnes
Andhra Pradesh,Krishna,Machilipatnam APMC,Cereals,Paddy(Common),04-08-2026,0.08,Metric Tonnes
Andhra Pradesh,Krishna,Machilipatnam APMC,Cereals,Paddy(Common),05-08-2026,0.08,Metric Tonnes
Andhra Pradesh,Krishna,Machilipatnam APMC,Cereals,Paddy(Common),06-08-2026,0.08,Metric Tonnes
Andhra Pradesh,Krishna,Machilipatnam APMC,Cereals,Paddy(Common),07-08-2026,0.08,Metric Tonnes
Andhra Pradesh,Krishna,Malleswaram (HQ-Bantumili) APMC,Cereals,Paddy(Common),22-07-2026,0.20,Metric Tonnes
Andhra Pradesh,Krishna,Malleswaram (HQ-Bantumili) APMC,Cereals,Paddy(Common),23-07-2026,0.10,Metric Tonnes
Andhra Pradesh,Krishna,Malleswaram (HQ-Bantumili) APMC,Cereals,Paddy(Common),24-07-2026,0.10,Metric Tonnes
Andhra Pradesh,Krishna,Malleswaram (HQ-Bantumili) APMC,Cereals,Paddy(Common),25-07-2026,0.10,Metric Tonnes
Andhra Pradesh,Krishna,Malleswaram (HQ-Bantumili) APMC,Cereals,Paddy(Common),27-07-2026,0.10,Metric Tonnes
Andhra Pradesh,Krishna,Malleswaram (HQ-Bantumili) APMC,Cereals,Paddy(Common),28-07-2026,0.10,Metric Tonnes
Andhra Pradesh,Krishna,Malleswaram (HQ-Bantumili) APMC,Cereals,Paddy(Common),29-07-2026,0.10,Metric Tonnes
Andhra Pradesh,Krishna,Malleswaram (HQ-Bantumili) APMC,Cereals,Paddy(Common),30-07-2026,0.10,Metric Tonnes
Andhra Pradesh,Krishna,Malleswaram (HQ-Bantumili) APMC,Cereals,Paddy(Common),31-07-2026,0.10,Metric Tonnes
Andhra Pradesh,Krishna,Malleswaram (HQ-Bantumili) APMC,Cereals,Paddy(Common),01-08-2026,0.10,Metric Tonnes
Andhra Pradesh,Krishna,Malleswaram (HQ-Bantumili) APMC,Cereals,Paddy(Common),03-08-2026,0.10,Metric Tonnes
Andhra Pradesh,Krishna,Malleswaram (HQ-Bantumili) APMC,Cereals,Paddy(Common),04-08-2026,0.10,Metric Tonnes
Andhra Pradesh,Krishna,Malleswaram (HQ-Bantumili) APMC,Cereals,Paddy(Common),05-08-2026,0.10,Metric Tonnes
Andhra Pradesh,Krishna,Malleswaram (HQ-Bantumili) APMC,Cereals,Paddy(Common),06-08-2026,0.10,Metric Tonnes
Andhra Pradesh,Krishna,Malleswaram (HQ-Bantumili) APMC,Cereals,Paddy(Common),07-08-2026,0.10,Metric Tonnes
Andhra Pradesh,Krishna,Pamarru APMC,Cereals,Paddy(Common),22-07-2026,1.00,Metric Tonnes
Andhra Pradesh,Krishna,Pamarru APMC,Cereals,Paddy(Common),23-07-2026,1.00,Metric Tonnes
Andhra Pradesh,Krishna,Pamarru APMC,Cereals,Paddy(Common),24-07-2026,1.00,Metric Tonnes
Andhra Pradesh,Krishna,Pamarru APMC,Cereals,Paddy(Common),25-07-2026,1.00,Metric Tonnes
Andhra Pradesh,Krishna,Pamarru APMC,Cereals,Paddy(Common),27-07-2026,1.00,Metric Tonnes
Andhra Pradesh,Krishna,Pamarru APMC,Cereals,Paddy(Common),28-07-2026,1.00,Metric Tonnes
Andhra Pradesh,Krishna,Pamarru APMC,Cereals,Paddy(Common),29-07-2026,1.00,Metric Tonnes
Andhra Pradesh,Krishna,Pamarru APMC,Cereals,Paddy(Common),30-07-2026,1.00,Metric Tonnes
Andhra Pradesh,Krishna,Pamarru APMC,Cereals,Paddy(Common),31-07-2026,1.00,Metric Tonnes
Andhra Pradesh,Krishna,Pamarru APMC,Cereals,Paddy(Common),01-08-2026,1.00,Metric Tonnes
Andhra Pradesh,Krishna,Pamarru APMC,Cereals,Paddy(Common),03-08-2026,1.00,Metric Tonnes
Andhra Pradesh,Krishna,Pamarru APMC,Cereals,Paddy(Common),04-08-2026,1.00,Metric Tonnes
Andhra Pradesh,Krishna,Pamarru APMC,Cereals,Paddy(Common),05-08-2026,1.00,Metric Tonnes
Andhra Pradesh,Krishna,Pamarru APMC,Cereals,Paddy(Common),06-08-2026,1.00,Metric Tonnes
Andhra Pradesh,Krishna,Pamarru APMC,Cereals,Paddy(Common),07-08-2026,1.00,Metric Tonnes
Andhra Pradesh,Krishna,Pedana APMC,Cereals,Paddy(Common),22-07-2026,0.10,Metric Tonnes
Andhra Pradesh,Krishna,Pedana APMC,Cereals,Paddy(Common),23-07-2026,0.10,Metric Tonnes
Andhra Pradesh,Krishna,Pedana APMC,Cereals,Paddy(Common),24-07-2026,0.10,Metric Tonnes
Andhra Pradesh,Krishna,Pedana APMC,Cereals,Paddy(Common),25-07-2026,0.10,Metric Tonnes
Andhra Pradesh,Krishna,Pedana APMC,Cereals,Paddy(Common),27-07-2026,0.10,Metric Tonnes
Andhra Pradesh,Krishna,Pedana APMC,Cereals,Paddy(Common),28-07-2026,0.10,Metric Tonnes
Andhra Pradesh,Krishna,Pedana APMC,Cereals,Paddy(Common),29-07-2026,0.10,Metric Tonnes
Andhra Pradesh,Krishna,Pedana APMC,Cereals,Paddy(Common),30-07-2026,0.10,Metric Tonnes
Andhra Pradesh,Krishna,Pedana APMC,Cereals,Paddy(Common),31-07-2026,0.10,Metric Tonnes
Andhra Pradesh,Krishna,Pedana APMC,Cereals,Paddy(Common),01-08-2026,0.10,Metric Tonnes
Andhra Pradesh,Krishna,Pedana APMC,Cereals,Paddy(Common),03-08-2026,0.10,Metric Tonnes
Andhra Pradesh,Krishna,Pedana APMC,Cereals,Paddy(Common),04-08-2026,0.10,Metric Tonnes
Andhra Pradesh,Krishna,Pedana APMC,Cereals,Paddy(Common),05-08-2026,0.10,Metric Tonnes
Andhra Pradesh,Krishna,Pedana APMC,Cereals,Paddy(Common),06-08-2026,0.10,Metric Tonnes
Andhra Pradesh,Krishna,Pedana APMC,Cereals,Paddy(Common),07-08-2026,0.10,Metric Tonnes
Andhra Pradesh,Krishna,Penamaluru (HQ-Kankipadu) APMC,Cereals,Paddy(Common),05-06-2026,1.00,Metric Tonnes
Andhra Pradesh,Krishna,Penamaluru (HQ-Kankipadu) APMC,Cereals,Paddy(Common),06-06-2026,1.00,Metric Tonnes
Andhra Pradesh,Krishna,Penamaluru (HQ-Kankipadu) APMC,Cereals,Paddy(Common),07-06-2026,1.00,Metric Tonnes
Andhra Pradesh,Krishna,Penamaluru (HQ-Kankipadu) APMC,Cereals,Paddy(Common),08-06-2026,1.00,Metric Tonnes
Andhra Pradesh,Krishna,Penamaluru (HQ-Kankipadu) APMC,Cereals,Paddy(Common),09-06-2026,1.00,Metric Tonnes
Andhra Pradesh,Krishna,Penamaluru (HQ-Kankipadu) APMC,Cereals,Paddy(Common),10-06-2026,0.10,Metric Tonnes
Andhra Pradesh,Krishna,Penamaluru (HQ-Kankipadu) APMC,Cereals,Paddy(Common),11-06-2026,1.00,Metric Tonnes
Andhra Pradesh,Krishna,Penamaluru (HQ-Kankipadu) APMC,Cereals,Paddy(Common),12-06-2026,1.00,Metric Tonnes
Andhra Pradesh,Krishna,Penamaluru (HQ-Kankipadu) APMC,Cereals,Paddy(Common),14-06-2026,1.00,Metric Tonnes
Andhra Pradesh,Krishna,Penamaluru (HQ-Kankipadu) APMC,Cereals,Paddy(Common),15-06-2026,1.00,Metric Tonnes
Andhra Pradesh,Krishna,Penamaluru (HQ-Kankipadu) APMC,Cereals,Paddy(Common),16-06-2026,0.10,Metric Tonnes
Andhra Pradesh,Krishna,Penamaluru (HQ-Kankipadu) APMC,Cereals,Paddy(Common),17-06-2026,0.10,Metric Tonnes
Andhra Pradesh,Krishna,Penamaluru (HQ-Kankipadu) APMC,Cereals,Paddy(Common),18-06-2026,0.10,Metric Tonnes
Andhra Pradesh,Krishna,Penamaluru (HQ-Kankipadu) APMC,Cereals,Paddy(Common),22-06-2026,0.10,Metric Tonnes
Andhra Pradesh,Krishna,Penamaluru (HQ-Kankipadu) APMC,Cereals,Paddy(Common),23-06-2026,0.10,Metric Tonnes
Andhra Pradesh,Krishna,Penamaluru (HQ-Kankipadu) APMC,Cereals,Paddy(Common),24-06-2026,0.10,Metric Tonnes
Andhra Pradesh,Krishna,Penamaluru (HQ-Kankipadu) APMC,Cereals,Paddy(Common),27-06-2026,0.10,Metric Tonnes
Andhra Pradesh,Krishna,Penamaluru (HQ-Kankipadu) APMC,Cereals,Paddy(Common),29-06-2026,0.10,Metric Tonnes
Andhra Pradesh,Krishna,Penamaluru (HQ-Kankipadu) APMC,Cereals,Paddy(Common),30-06-2026,0.20,Metric Tonnes
Andhra Pradesh,Krishna,Penamaluru (HQ-Kankipadu) APMC,Cereals,Paddy(Common),07-07-2026,0.10,Metric Tonnes
Andhra Pradesh,Krishna,Penamaluru (HQ-Kankipadu) APMC,Cereals,Paddy(Common),09-07-2026,0.10,Metric Tonnes
Andhra Pradesh,Krishna,Penamaluru (HQ-Kankipadu) APMC,Cereals,Paddy(Common),15-07-2026,0.10,Metric Tonnes
Andhra Pradesh,Krishna,Penamaluru (HQ-Kankipadu) APMC,Cereals,Paddy(Common),22-07-2026,0.10,Metric Tonnes
Andhra Pradesh,Krishna,Penamaluru (HQ-Kankipadu) APMC,Cereals,Paddy(Common),23-07-2026,0.10,Metric Tonnes
Andhra Pradesh,Krishna,Penamaluru (HQ-Kankipadu) APMC,Cereals,Paddy(Common),24-07-2026,0.10,Metric Tonnes
Andhra Pradesh,Krishna,Penamaluru (HQ-Kankipadu) APMC,Cereals,Paddy(Common),25-07-2026,0.10,Metric Tonnes
Andhra Pradesh,Krishna,Penamaluru (HQ-Kankipadu) APMC,Cereals,Paddy(Common),26-07-2026,0.20,Metric Tonnes
Andhra Pradesh,Krishna,Penamaluru (HQ-Kankipadu) APMC,Cereals,Paddy(Common),27-07-2026,0.10,Metric Tonnes
Andhra Pradesh,Krishna,Penamaluru (HQ-Kankipadu) APMC,Cereals,Paddy(Common),28-07-2026,0.10,Metric Tonnes
Andhra Pradesh,Krishna,Penamaluru (HQ-Kankipadu) APMC,Cereals,Paddy(Common),29-07-2026,0.10,Metric Tonnes
Andhra Pradesh,Krishna,Penamaluru (HQ-Kankipadu) APMC,Cereals,Paddy(Common),30-07-2026,0.10,Metric Tonnes
Andhra Pradesh,Krishna,Penamaluru (HQ-Kankipadu) APMC,Cereals,Paddy(Common),31-07-2026,0.10,Metric Tonnes
Andhra Pradesh,Krishna,Penamaluru (HQ-Kankipadu) APMC,Cereals,Paddy(Common),01-08-2026,0.10,Metric Tonnes
Andhra Pradesh,Krishna,Penamaluru (HQ-Kankipadu) APMC,Cereals,Paddy(Common),02-08-2026,0.10,Metric Tonnes
Andhra Pradesh,Krishna,Penamaluru (HQ-Kankipadu) APMC,Cereals,Paddy(Common),03-08-2026,0.10,Metric Tonnes
Andhra Pradesh,Krishna,Penamaluru (HQ-Kankipadu) APMC,Cereals,Paddy(Common),04-08-2026,0.30,Metric Tonnes
Andhra Pradesh,Krishna,Penamaluru (HQ-Kankipadu) APMC,Cereals,Paddy(Common),05-08-2026,0.10,Metric Tonnes
Andhra Pradesh,Krishna,Penamaluru (HQ-Kankipadu) APMC,Cereals,Paddy(Common),06-08-2026,0.10,Metric Tonnes
Andhra Pradesh,Krishna,Penamaluru (HQ-Kankipadu) APMC,Cereals,Paddy(Common),07-08-2026,0.10,Metric Tonnes
Andhra Pradesh,Kurnool,Kurnool APMC,Cereals,Paddy(Common),21-03-2025,2.30,Metric Tonnes
Andhra Pradesh,Kurnool,Kurnool APMC,Cereals,Paddy(Common),05-05-2025,73.40,Metric Tonnes
Andhra Pradesh,Kurnool,Kurnool APMC,Cereals,Paddy(Common),06-05-2025,48.90,Metric Tonnes
Andhra Pradesh,Kurnool,Kurnool APMC,Cereals,Paddy(Common),07-05-2025,28.20,Metric Tonnes
Andhra Pradesh,Kurnool,Kurnool APMC,Cereals,Paddy(Common),08-05-2025,23.60,Metric Tonnes
Andhra Pradesh,Kurnool,Kurnool APMC,Cereals,Paddy(Common),09-05-2025,49.40,Metric Tonnes
Andhra Pradesh,Kurnool,Kurnool APMC,Cereals,Paddy(Common),10-05-2025,16.10,Metric Tonnes
Andhra Pradesh,Kurnool,Kurnool APMC,Cereals,Paddy(Common),12-05-2025,9.50,Metric Tonnes
Andhra Pradesh,Kurnool,Kurnool APMC,Cereals,Paddy(Common),14-05-2025,5.20,Metric Tonnes
Andhra Pradesh,NTR,Jaggayyapeta APMC,Cereals,Paddy(Common),30-01-2025,22.00,Metric Tonnes
Andhra Pradesh,NTR,Jaggayyapeta APMC,Cereals,Paddy(Common),22-07-2026,0.10,Metric Tonnes
Andhra Pradesh,NTR,Jaggayyapeta APMC,Cereals,Paddy(Common),23-07-2026,0.10,Metric Tonnes
Andhra Pradesh,NTR,Jaggayyapeta APMC,Cereals,Paddy(Common),31-07-2026,0.10,Metric Tonnes
Andhra Pradesh,NTR,Mylavaram APMC,Cereals,Paddy(Common),18-01-2025,5.00,Metric Tonnes
Andhra Pradesh,NTR,Mylavaram APMC,Cereals,Paddy(Common),20-01-2025,1.00,Metric Tonnes
Andhra Pradesh,NTR,Mylavaram APMC,Cereals,Paddy(Common),21-01-2025,1.00,Metric Tonnes
Andhra Pradesh,NTR,Mylavaram APMC,Cereals,Paddy(Common),22-01-2025,25.00,Metric Tonnes
Andhra Pradesh,NTR,Mylavaram APMC,Cereals,Paddy(Common),23-01-2025,25.00,Metric Tonnes
Andhra Pradesh,NTR,Mylavaram APMC,Cereals,Paddy(Common),24-01-2025,30.00,Metric Tonnes
Andhra Pradesh,NTR,Mylavaram APMC,Cereals,Paddy(Common),25-01-2025,30.00,Metric Tonnes
Andhra Pradesh,NTR,Mylavaram APMC,Cereals,Paddy(Common),27-01-2025,25.00,Metric Tonnes
Andhra Pradesh,NTR,Mylavaram APMC,Cereals,Paddy(Common),28-01-2025,20.00,Metric Tonnes
Andhra Pradesh,NTR,Mylavaram APMC,Cereals,Paddy(Common),14-02-2025,1.00,Metric Tonnes
Andhra Pradesh,NTR,Mylavaram APMC,Cereals,Paddy(Common),15-02-2025,10.00,Metric Tonnes
Andhra Pradesh,NTR,Mylavaram APMC,Cereals,Paddy(Common),20-02-2025,1.00,Metric Tonnes
Andhra Pradesh,NTR,Mylavaram APMC,Cereals,Paddy(Common),21-02-2025,1.00,Metric Tonnes
Andhra Pradesh,NTR,Mylavaram APMC,Cereals,Paddy(Common),24-04-2025,30.00,Metric Tonnes
Andhra Pradesh,NTR,Mylavaram APMC,Cereals,Paddy(Common),25-04-2025,20.00,Metric Tonnes
Andhra Pradesh,NTR,Mylavaram APMC,Cereals,Paddy(Common),26-04-2025,15.00,Metric Tonnes
Andhra Pradesh,NTR,Mylavaram APMC,Cereals,Paddy(Common),11-05-2025,25.00,Metric Tonnes
Andhra Pradesh,NTR,Mylavaram APMC,Cereals,Paddy(Common),12-05-2025,40.00,Metric Tonnes
Andhra Pradesh,NTR,Mylavaram APMC,Cereals,Paddy(Common),13-05-2025,20.00,Metric Tonnes
Andhra Pradesh,NTR,Mylavaram APMC,Cereals,Paddy(Common),14-05-2025,20.00,Metric Tonnes
Andhra Pradesh,NTR,Mylavaram APMC,Cereals,Paddy(Common),15-05-2025,20.00,Metric Tonnes
Andhra Pradesh,NTR,Mylavaram APMC,Cereals,Paddy(Common),16-05-2025,20.00,Metric Tonnes
Andhra Pradesh,NTR,Mylavaram APMC,Cereals,Paddy(Common),17-05-2025,20.00,Metric Tonnes
Andhra Pradesh,NTR,Mylavaram APMC,Cereals,Paddy(Common),19-05-2025,20.00,Metric Tonnes
Andhra Pradesh,NTR,Mylavaram APMC,Cereals,Paddy(Common),20-05-2025,20.00,Metric Tonnes
Andhra Pradesh,NTR,Mylavaram APMC,Cereals,Paddy(Common),23-05-2025,30.00,Metric Tonnes
Andhra Pradesh,NTR,Mylavaram APMC,Cereals,Paddy(Common),27-05-2025,20.00,Metric Tonnes
Andhra Pradesh,NTR,Mylavaram APMC,Cereals,Paddy(Common),28-05-2025,20.00,Metric Tonnes
Andhra Pradesh,NTR,Mylavaram APMC,Cereals,Paddy(Common),29-05-2025,10.00,Metric Tonnes
Andhra Pradesh,NTR,Mylavaram APMC,Cereals,Paddy(Common),02-06-2025,15.00,Metric Tonnes
Andhra Pradesh,NTR,Mylavaram APMC,Cereals,Paddy(Common),27-05-2026,10.00,Metric Tonnes
Andhra Pradesh,NTR,Mylavaram APMC,Cereals,Paddy(Common),29-05-2026,1.00,Metric Tonnes
Andhra Pradesh,NTR,Mylavaram APMC,Cereals,Paddy(Common),30-05-2026,0.10,Metric Tonnes
Andhra Pradesh,NTR,Mylavaram APMC,Cereals,Paddy(Common),01-06-2026,0.10,Metric Tonnes
Andhra Pradesh,NTR,Mylavaram APMC,Cereals,Paddy(Common),02-06-2026,0.10,Metric Tonnes
Andhra Pradesh,NTR,Mylavaram APMC,Cereals,Paddy(Common),03-06-2026,0.10,Metric Tonnes
Andhra Pradesh,NTR,Mylavaram APMC,Cereals,Paddy(Common),04-06-2026,0.10,Metric Tonnes
Andhra Pradesh,NTR,Mylavaram APMC,Cereals,Paddy(Common),05-06-2026,0.10,Metric Tonnes
Andhra Pradesh,NTR,Mylavaram APMC,Cereals,Paddy(Common),08-06-2026,0.10,Metric Tonnes
Andhra Pradesh,NTR,Mylavaram APMC,Cereals,Paddy(Common),09-06-2026,0.10,Metric Tonnes
Andhra Pradesh,NTR,Mylavaram APMC,Cereals,Paddy(Common),10-06-2026,0.20,Metric Tonnes
Andhra Pradesh,NTR,Mylavaram APMC,Cereals,Paddy(Common),11-06-2026,0.10,Metric Tonnes
Andhra Pradesh,NTR,Mylavaram APMC,Cereals,Paddy(Common),12-06-2026,0.10,Metric Tonnes
Andhra Pradesh,NTR,Mylavaram APMC,Cereals,Paddy(Common),15-06-2026,0.10,Metric Tonnes
Andhra Pradesh,NTR,Mylavaram APMC,Cereals,Paddy(Common),16-06-2026,0.10,Metric Tonnes
Andhra Pradesh,NTR,Mylavaram APMC,Cereals,Paddy(Common),17-06-2026,0.10,Metric Tonnes
Andhra Pradesh,NTR,Mylavaram APMC,Cereals,Paddy(Common),18-06-2026,0.10,Metric Tonnes
Andhra Pradesh,NTR,Mylavaram APMC,Cereals,Paddy(Common),20-06-2026,0.10,Metric Tonnes
Andhra Pradesh,NTR,Mylavaram APMC,Cereals,Paddy(Common),22-06-2026,0.20,Metric Tonnes
Andhra Pradesh,NTR,Mylavaram APMC,Cereals,Paddy(Common),23-06-2026,0.10,Metric Tonnes
Andhra Pradesh,NTR,Mylavaram APMC,Cereals,Paddy(Common),24-06-2026,0.10,Metric Tonnes
Andhra Pradesh,NTR,Mylavaram APMC,Cereals,Paddy(Common),25-06-2026,0.10,Metric Tonnes
Andhra Pradesh,NTR,Mylavaram APMC,Cereals,Paddy(Common),27-06-2026,0.10,Metric Tonnes
Andhra Pradesh,NTR,Mylavaram APMC,Cereals,Paddy(Common),29-06-2026,0.20,Metric Tonnes
Andhra Pradesh,NTR,Mylavaram APMC,Cereals,Paddy(Common),01-07-2026,0.10,Metric Tonnes
Andhra Pradesh,NTR,Mylavaram APMC,Cereals,Paddy(Common),02-07-2026,0.10,Metric Tonnes
Andhra Pradesh,NTR,Mylavaram APMC,Cereals,Paddy(Common),03-07-2026,0.10,Metric Tonnes
Andhra Pradesh,NTR,Mylavaram APMC,Cereals,Paddy(Common),04-07-2026,0.10,Metric Tonnes
Andhra Pradesh,NTR,Mylavaram APMC,Cereals,Paddy(Common),06-07-2026,0.10,Metric Tonnes
Andhra Pradesh,NTR,Mylavaram APMC,Cereals,Paddy(Common),07-07-2026,0.20,Metric Tonnes
Andhra Pradesh,NTR,Mylavaram APMC,Cereals,Paddy(Common),09-07-2026,0.10,Metric Tonnes
Andhra Pradesh,NTR,Mylavaram APMC,Cereals,Paddy(Common),10-07-2026,0.10,Metric Tonnes
Andhra Pradesh,NTR,Mylavaram APMC,Cereals,Paddy(Common),13-07-2026,0.10,Metric Tonnes
Andhra Pradesh,NTR,Mylavaram APMC,Cereals,Paddy(Common),14-07-2026,0.10,Metric Tonnes
Andhra Pradesh,NTR,Mylavaram APMC,Cereals,Paddy(Common),15-07-2026,0.10,Metric Tonnes
Andhra Pradesh,NTR,Mylavaram APMC,Cereals,Paddy(Common),16-07-2026,0.10,Metric Tonnes
Andhra Pradesh,NTR,Mylavaram APMC,Cereals,Paddy(Common),17-07-2026,0.10,Metric Tonnes
Andhra Pradesh,NTR,Mylavaram APMC,Cereals,Paddy(Common),18-07-2026,0.10,Metric Tonnes
Andhra Pradesh,NTR,Mylavaram APMC,Cereals,Paddy(Common),20-07-2026,0.10,Metric Tonnes
Andhra Pradesh,NTR,Mylavaram APMC,Cereals,Paddy(Common),21-07-2026,0.10,Metric Tonnes
Andhra Pradesh,NTR,Mylavaram APMC,Cereals,Paddy(Common),22-07-2026,0.10,Metric Tonnes
Andhra Pradesh,NTR,Mylavaram APMC,Cereals,Paddy(Common),23-07-2026,0.10,Metric Tonnes
Andhra Pradesh,NTR,Mylavaram APMC,Cereals,Paddy(Common),24-07-2026,0.10,Metric Tonnes
Andhra Pradesh,NTR,Mylavaram APMC,Cereals,Paddy(Common),25-07-2026,0.10,Metric Tonnes
Andhra Pradesh,NTR,Mylavaram APMC,Cereals,Paddy(Common),26-07-2026,0.10,Metric Tonnes
Andhra Pradesh,NTR,Mylavaram APMC,Cereals,Paddy(Common),27-07-2026,0.10,Metric Tonnes
Andhra Pradesh,NTR,Mylavaram APMC,Cereals,Paddy(Common),28-07-2026,0.10,Metric Tonnes
Andhra Pradesh,NTR,Mylavaram APMC,Cereals,Paddy(Common),29-07-2026,0.10,Metric Tonnes
Andhra Pradesh,NTR,Mylavaram APMC,Cereals,Paddy(Common),30-07-2026,0.10,Metric Tonnes
Andhra Pradesh,NTR,Mylavaram APMC,Cereals,Paddy(Common),31-07-2026,0.10,Metric Tonnes
Andhra Pradesh,NTR,Mylavaram APMC,Cereals,Paddy(Common),01-08-2026,0.10,Metric Tonnes
Andhra Pradesh,NTR,Mylavaram APMC,Cereals,Paddy(Common),02-08-2026,0.10,Metric Tonnes
Andhra Pradesh,NTR,Mylavaram APMC,Cereals,Paddy(Common),03-08-2026,0.10,Metric Tonnes
Andhra Pradesh,NTR,Mylavaram APMC,Cereals,Paddy(Common),04-08-2026,0.10,Metric Tonnes
Andhra Pradesh,NTR,Mylavaram APMC,Cereals,Paddy(Common),05-08-2026,0.10,Metric Tonnes
Andhra Pradesh,NTR,Mylavaram APMC,Cereals,Paddy(Common),06-08-2026,0.10,Metric Tonnes
Andhra Pradesh,NTR,Mylavaram APMC,Cereals,Paddy(Common),07-08-2026,0.10,Metric Tonnes
Andhra Pradesh,NTR,Nandigama APMC,Cereals,Paddy(Common),30-05-2026,0.10,Metric Tonnes
Andhra Pradesh,NTR,Nandigama APMC,Cereals,Paddy(Common),31-05-2026,0.10,Metric Tonnes
Andhra Pradesh,NTR,Nandigama APMC,Cereals,Paddy(Common),01-06-2026,0.10,Metric Tonnes
Andhra Pradesh,NTR,Nandigama APMC,Cereals,Paddy(Common),02-06-2026,0.10,Metric Tonnes
Andhra Pradesh,NTR,Nandigama APMC,Cereals,Paddy(Common),03-06-2026,0.10,Metric Tonnes
Andhra Pradesh,NTR,Nandigama APMC,Cereals,Paddy(Common),04-06-2026,0.10,Metric Tonnes
Andhra Pradesh,NTR,Nandigama APMC,Cereals,Paddy(Common),05-06-2026,0.10,Metric Tonnes
Andhra Pradesh,NTR,Nandigama APMC,Cereals,Paddy(Common),06-06-2026,0.10,Metric Tonnes
Andhra Pradesh,NTR,Nandigama APMC,Cereals,Paddy(Common),07-06-2026,0.10,Metric Tonnes
Andhra Pradesh,NTR,Nandigama APMC,Cereals,Paddy(Common),08-06-2026,0.10,Metric Tonnes
Andhra Pradesh,NTR,Nandigama APMC,Cereals,Paddy(Common),09-06-2026,0.10,Metric Tonnes
Andhra Pradesh,NTR,Nandigama APMC,Cereals,Paddy(Common),10-06-2026,0.10,Metric Tonnes
Andhra Pradesh,NTR,Nandigama APMC,Cereals,Paddy(Common),11-06-2026,0.10,Metric Tonnes
Andhra Pradesh,NTR,Nandigama APMC,Cereals,Paddy(Common),12-06-2026,0.10,Metric Tonnes
Andhra Pradesh,NTR,Nandigama APMC,Cereals,Paddy(Common),13-06-2026,0.10,Metric Tonnes
Andhra Pradesh,NTR,Nandigama APMC,Cereals,Paddy(Common),14-06-2026,0.10,Metric Tonnes
Andhra Pradesh,NTR,Nandigama APMC,Cereals,Paddy(Common),15-06-2026,0.10,Metric Tonnes
Andhra Pradesh,NTR,Nandigama APMC,Cereals,Paddy(Common),16-06-2026,0.10,Metric Tonnes
Andhra Pradesh,NTR,Nandigama APMC,Cereals,Paddy(Common),17-06-2026,0.10,Metric Tonnes
Andhra Pradesh,NTR,Nandigama APMC,Cereals,Paddy(Common),18-06-2026,0.10,Metric Tonnes
Andhra Pradesh,NTR,Nandigama APMC,Cereals,Paddy(Common),19-06-2026,0.10,Metric Tonnes
Andhra Pradesh,NTR,Nandigama APMC,Cereals,Paddy(Common),20-06-2026,0.10,Metric Tonnes
Andhra Pradesh,NTR,Nandigama APMC,Cereals,Paddy(Common),21-06-2026,0.10,Metric Tonnes
Andhra Pradesh,NTR,Nandigama APMC,Cereals,Paddy(Common),22-06-2026,0.10,Metric Tonnes
Andhra Pradesh,NTR,Nandigama APMC,Cereals,Paddy(Common),23-06-2026,0.10,Metric Tonnes
Andhra Pradesh,NTR,Nandigama APMC,Cereals,Paddy(Common),24-06-2026,0.10,Metric Tonnes
Andhra Pradesh,NTR,Nandigama APMC,Cereals,Paddy(Common),25-06-2026,0.10,Metric Tonnes
Andhra Pradesh,NTR,Nandigama APMC,Cereals,Paddy(Common),26-06-2026,0.10,Metric Tonnes
Andhra Pradesh,NTR,Nandigama APMC,Cereals,Paddy(Common),27-06-2026,0.10,Metric Tonnes
Andhra Pradesh,NTR,Nandigama APMC,Cereals,Paddy(Common),28-06-2026,0.10,Metric Tonnes
Andhra Pradesh,NTR,Nandigama APMC,Cereals,Paddy(Common),29-06-2026,0.10,Metric Tonnes
Andhra Pradesh,NTR,Nandigama APMC,Cereals,Paddy(Common),30-06-2026,0.10,Metric Tonnes
Andhra Pradesh,NTR,Nandigama APMC,Cereals,Paddy(Common),01-07-2026,0.10,Metric Tonnes
Andhra Pradesh,NTR,Nandigama APMC,Cereals,Paddy(Common),02-07-2026,0.10,Metric Tonnes
Andhra Pradesh,NTR,Nandigama APMC,Cereals,Paddy(Common),03-07-2026,0.10,Metric Tonnes
Andhra Pradesh,NTR,Nandigama APMC,Cereals,Paddy(Common),04-07-2026,0.10,Metric Tonnes
Andhra Pradesh,NTR,Nandigama APMC,Cereals,Paddy(Common),05-07-2026,0.10,Metric Tonnes
Andhra Pradesh,NTR,Nandigama APMC,Cereals,Paddy(Common),06-07-2026,0.10,Metric Tonnes
Andhra Pradesh,NTR,Nandigama APMC,Cereals,Paddy(Common),07-07-2026,0.10,Metric Tonnes
Andhra Pradesh,NTR,Nandigama APMC,Cereals,Paddy(Common),08-07-2026,0.10,Metric Tonnes
Andhra Pradesh,NTR,Nandigama APMC,Cereals,Paddy(Common),09-07-2026,0.10,Metric Tonnes
Andhra Pradesh,NTR,Nandigama APMC,Cereals,Paddy(Common),10-07-2026,0.10,Metric Tonnes
Andhra Pradesh,NTR,Nandigama APMC,Cereals,Paddy(Common),11-07-2026,0.10,Metric Tonnes
Andhra Pradesh,NTR,Nandigama APMC,Cereals,Paddy(Common),12-07-2026,0.10,Metric Tonnes
Andhra Pradesh,NTR,Nandigama APMC,Cereals,Paddy(Common),13-07-2026,0.10,Metric Tonnes
Andhra Pradesh,NTR,Nandigama APMC,Cereals,Paddy(Common),14-07-2026,0.10,Metric Tonnes
Andhra Pradesh,NTR,Nandigama APMC,Cereals,Paddy(Common),15-07-2026,0.10,Metric Tonnes
Andhra Pradesh,NTR,Nandigama APMC,Cereals,Paddy(Common),16-07-2026,0.10,Metric Tonnes
Andhra Pradesh,NTR,Nandigama APMC,Cereals,Paddy(Common),17-07-2026,0.10,Metric Tonnes
Andhra Pradesh,NTR,Nandigama APMC,Cereals,Paddy(Common),18-07-2026,0.10,Metric Tonnes
Andhra Pradesh,NTR,Nandigama APMC,Cereals,Paddy(Common),19-07-2026,0.10,Metric Tonnes
Andhra Pradesh,NTR,Nandigama APMC,Cereals,Paddy(Common),20-07-2026,0.20,Metric Tonnes
Andhra Pradesh,NTR,Nandigama APMC,Cereals,Paddy(Common),21-07-2026,0.10,Metric Tonnes
Andhra Pradesh,NTR,Nandigama APMC,Cereals,Paddy(Common),22-07-2026,0.10,Metric Tonnes
Andhra Pradesh,NTR,Nandigama APMC,Cereals,Paddy(Common),23-07-2026,0.10,Metric Tonnes
Andhra Pradesh,NTR,Nandigama APMC,Cereals,Paddy(Common),24-07-2026,0.10,Metric Tonnes
Andhra Pradesh,NTR,Nandigama APMC,Cereals,Paddy(Common),25-07-2026,0.10,Metric Tonnes
Andhra Pradesh,NTR,Nandigama APMC,Cereals,Paddy(Common),26-07-2026,0.10,Metric Tonnes
Andhra Pradesh,NTR,Nandigama APMC,Cereals,Paddy(Common),27-07-2026,0.20,Metric Tonnes
Andhra Pradesh,NTR,Nandigama APMC,Cereals,Paddy(Common),28-07-2026,0.10,Metric Tonnes
Andhra Pradesh,NTR,Nandigama APMC,Cereals,Paddy(Common),29-07-2026,0.10,Metric Tonnes
Andhra Pradesh,NTR,Nandigama APMC,Cereals,Paddy(Common),30-07-2026,0.10,Metric Tonnes
Andhra Pradesh,NTR,Nandigama APMC,Cereals,Paddy(Common),31-07-2026,0.10,Metric Tonnes
Andhra Pradesh,NTR,Nandigama APMC,Cereals,Paddy(Common),01-08-2026,0.10,Metric Tonnes
Andhra Pradesh,NTR,Nandigama APMC,Cereals,Paddy(Common),02-08-2026,0.10,Metric Tonnes
Andhra Pradesh,NTR,Nandigama APMC,Cereals,Paddy(Common),03-08-2026,0.10,Metric Tonnes
Andhra Pradesh,NTR,Nandigama APMC,Cereals,Paddy(Common),04-08-2026,0.10,Metric Tonnes
Andhra Pradesh,NTR,Nandigama APMC,Cereals,Paddy(Common),05-08-2026,0.10,Metric Tonnes
Andhra Pradesh,NTR,Nandigama APMC,Cereals,Paddy(Common),06-08-2026,0.10,Metric Tonnes
Andhra Pradesh,NTR,Nandigama APMC,Cereals,Paddy(Common),07-08-2026,0.10,Metric Tonnes
Andhra Pradesh,NTR,Tiruvuru APMC,Cereals,Paddy(Common),28-04-2023,1340.00,Metric Tonnes
Andhra Pradesh,NTR,Tiruvuru APMC,Cereals,Paddy(Common),29-04-2023,63.00,Metric Tonnes
Andhra Pradesh,NTR,Tiruvuru APMC,Cereals,Paddy(Common),02-05-2023,18.00,Metric Tonnes
Andhra Pradesh,NTR,Tiruvuru APMC,Cereals,Paddy(Common),03-05-2023,30.00,Metric Tonnes
Andhra Pradesh,NTR,Tiruvuru APMC,Cereals,Paddy(Common),04-05-2023,301.00,Metric Tonnes
Andhra Pradesh,NTR,Tiruvuru APMC,Cereals,Paddy(Common),05-05-2023,130.00,Metric Tonnes
Andhra Pradesh,NTR,Tiruvuru APMC,Cereals,Paddy(Common),06-05-2023,189.00,Metric Tonnes
Andhra Pradesh,NTR,Tiruvuru APMC,Cereals,Paddy(Common),08-05-2023,616.00,Metric Tonnes
Andhra Pradesh,NTR,Tiruvuru APMC,Cereals,Paddy(Common),09-05-2023,135.00,Metric Tonnes
Andhra Pradesh,NTR,Tiruvuru APMC,Cereals,Paddy(Common),10-05-2023,90.00,Metric Tonnes
Andhra Pradesh,NTR,Tiruvuru APMC,Cereals,Paddy(Common),11-05-2023,76.50,Metric Tonnes
Andhra Pradesh,NTR,Tiruvuru APMC,Cereals,Paddy(Common),12-05-2023,600.00,Metric Tonnes
Andhra Pradesh,NTR,Tiruvuru APMC,Cereals,Paddy(Common),13-05-2023,160.00,Metric Tonnes
Andhra Pradesh,NTR,Tiruvuru APMC,Cereals,Paddy(Common),15-05-2023,301.00,Metric Tonnes
Andhra Pradesh,NTR,Tiruvuru APMC,Cereals,Paddy(Common),16-05-2023,40.00,Metric Tonnes
Andhra Pradesh,NTR,Tiruvuru APMC,Cereals,Paddy(Common),17-05-2023,54.00,Metric Tonnes
Andhra Pradesh,NTR,Tiruvuru APMC,Cereals,Paddy(Common),18-05-2023,59.00,Metric Tonnes
Andhra Pradesh,NTR,Tiruvuru APMC,Cereals,Paddy(Common),20-05-2023,31.00,Metric Tonnes
Andhra Pradesh,NTR,Tiruvuru APMC,Cereals,Paddy(Common),22-05-2023,132.00,Metric Tonnes
Andhra Pradesh,NTR,Tiruvuru APMC,Cereals,Paddy(Common),23-05-2023,80.00,Metric Tonnes
Andhra Pradesh,NTR,Tiruvuru APMC,Cereals,Paddy(Common),24-05-2023,23.00,Metric Tonnes
Andhra Pradesh,NTR,Tiruvuru APMC,Cereals,Paddy(Common),25-05-2023,11.00,Metric Tonnes
Andhra Pradesh,NTR,Tiruvuru APMC,Cereals,Paddy(Common),26-05-2023,21.00,Metric Tonnes
Andhra Pradesh,NTR,Tiruvuru APMC,Cereals,Paddy(Common),27-05-2023,401.00,Metric Tonnes
Andhra Pradesh,NTR,Tiruvuru APMC,Cereals,Paddy(Common),29-05-2023,18.00,Metric Tonnes
Andhra Pradesh,NTR,Tiruvuru APMC,Cereals,Paddy(Common),30-05-2023,24.00,Metric Tonnes
Andhra Pradesh,NTR,Tiruvuru APMC,Cereals,Paddy(Common),31-05-2023,70.00,Metric Tonnes
Andhra Pradesh,NTR,Tiruvuru APMC,Cereals,Paddy(Common),01-06-2023,10.00,Metric Tonnes
Andhra Pradesh,NTR,Tiruvuru APMC,Cereals,Paddy(Common),02-06-2023,21.00,Metric Tonnes
Andhra Pradesh,NTR,Tiruvuru APMC,Cereals,Paddy(Common),03-06-2023,18.00,Metric Tonnes
Andhra Pradesh,NTR,Tiruvuru APMC,Cereals,Paddy(Common),05-06-2023,60.00,Metric Tonnes
Andhra Pradesh,NTR,Tiruvuru APMC,Cereals,Paddy(Common),07-06-2023,51.00,Metric Tonnes
Andhra Pradesh,NTR,Tiruvuru APMC,Cereals,Paddy(Common),09-06-2023,15.00,Metric Tonnes
Andhra Pradesh,NTR,Tiruvuru APMC,Cereals,Paddy(Common),13-06-2023,80.00,Metric Tonnes
Andhra Pradesh,NTR,Tiruvuru APMC,Cereals,Paddy(Common),15-06-2023,31.60,Metric Tonnes
Andhra Pradesh,NTR,Tiruvuru APMC,Cereals,Paddy(Common),20-06-2023,12.00,Metric Tonnes
Andhra Pradesh,NTR,Tiruvuru APMC,Cereals,Paddy(Common),21-06-2023,206.00,Metric Tonnes
Andhra Pradesh,NTR,Tiruvuru APMC,Cereals,Paddy(Common),22-06-2023,20.00,Metric Tonnes
Andhra Pradesh,NTR,Tiruvuru APMC,Cereals,Paddy(Common),24-06-2023,15.00,Metric Tonnes
Andhra Pradesh,NTR,Tiruvuru APMC,Cereals,Paddy(Common),01-07-2023,12.00,Metric Tonnes
Andhra Pradesh,NTR,Tiruvuru APMC,Cereals,Paddy(Common),05-07-2023,11.00,Metric Tonnes
Andhra Pradesh,NTR,Tiruvuru APMC,Cereals,Paddy(Common),07-07-2023,11.00,Metric Tonnes
Andhra Pradesh,NTR,Tiruvuru APMC,Cereals,Paddy(Common),14-07-2023,1.60,Metric Tonnes
Andhra Pradesh,NTR,Tiruvuru APMC,Cereals,Paddy(Common),15-07-2023,2.00,Metric Tonnes
Andhra Pradesh,NTR,Tiruvuru APMC,Cereals,Paddy(Common),16-07-2023,2.00,Metric Tonnes
Andhra Pradesh,NTR,Tiruvuru APMC,Cereals,Paddy(Common),17-07-2023,2.50,Metric Tonnes
Andhra Pradesh,NTR,Tiruvuru APMC,Cereals,Paddy(Common),18-07-2023,2.50,Metric Tonnes
Andhra Pradesh,NTR,Tiruvuru APMC,Cereals,Paddy(Common),19-07-2023,3.00,Metric Tonnes
Andhra Pradesh,NTR,Tiruvuru APMC,Cereals,Paddy(Common),20-07-2023,6.50,Metric Tonnes
Andhra Pradesh,NTR,Tiruvuru APMC,Cereals,Paddy(Common),21-07-2023,3.75,Metric Tonnes
Andhra Pradesh,NTR,Tiruvuru APMC,Cereals,Paddy(Common),22-07-2023,12.00,Metric Tonnes
Andhra Pradesh,NTR,Tiruvuru APMC,Cereals,Paddy(Common),23-07-2023,8.00,Metric Tonnes
Andhra Pradesh,NTR,Tiruvuru APMC,Cereals,Paddy(Common),24-07-2023,11.00,Metric Tonnes
Andhra Pradesh,NTR,Tiruvuru APMC,Cereals,Paddy(Common),25-07-2023,13.50,Metric Tonnes
Andhra Pradesh,NTR,Tiruvuru APMC,Cereals,Paddy(Common),26-07-2023,16.00,Metric Tonnes
Andhra Pradesh,NTR,Tiruvuru APMC,Cereals,Paddy(Common),02-08-2023,6.50,Metric Tonnes
Andhra Pradesh,NTR,Tiruvuru APMC,Cereals,Paddy(Common),03-08-2023,12.00,Metric Tonnes
Andhra Pradesh,NTR,Tiruvuru APMC,Cereals,Paddy(Common),04-08-2023,40.00,Metric Tonnes
Andhra Pradesh,NTR,Tiruvuru APMC,Cereals,Paddy(Common),05-08-2023,18.00,Metric Tonnes
Andhra Pradesh,NTR,Tiruvuru APMC,Cereals,Paddy(Common),08-08-2023,12.00,Metric Tonnes
Andhra Pradesh,NTR,Tiruvuru APMC,Cereals,Paddy(Common),09-08-2023,10.00,Metric Tonnes
Andhra Pradesh,NTR,Tiruvuru APMC,Cereals,Paddy(Common),10-08-2023,12.50,Metric Tonnes
Andhra Pradesh,NTR,Tiruvuru APMC,Cereals,Paddy(Common),11-08-2023,8.50,Metric Tonnes
Andhra Pradesh,NTR,Tiruvuru APMC,Cereals,Paddy(Common),17-08-2023,80.00,Metric Tonnes
Andhra Pradesh,NTR,Tiruvuru APMC,Cereals,Paddy(Common),18-08-2023,13.00,Metric Tonnes
Andhra Pradesh,NTR,Tiruvuru APMC,Cereals,Paddy(Common),19-08-2023,16.00,Metric Tonnes
Andhra Pradesh,NTR,Tiruvuru APMC,Cereals,Paddy(Common),21-08-2023,16.00,Metric Tonnes
Andhra Pradesh,NTR,Tiruvuru APMC,Cereals,Paddy(Common),22-08-2023,16.00,Metric Tonnes
Andhra Pradesh,NTR,Tiruvuru APMC,Cereals,Paddy(Common),23-08-2023,18.00,Metric Tonnes
Andhra Pradesh,NTR,Tiruvuru APMC,Cereals,Paddy(Common),25-08-2023,9.00,Metric Tonnes
Andhra Pradesh,NTR,Tiruvuru APMC,Cereals,Paddy(Common),30-08-2023,19.00,Metric Tonnes
Andhra Pradesh,NTR,Tiruvuru APMC,Cereals,Paddy(Common),31-08-2023,21.00,Metric Tonnes
Andhra Pradesh,NTR,Tiruvuru APMC,Cereals,Paddy(Common),02-09-2023,26.00,Metric Tonnes
Andhra Pradesh,NTR,Tiruvuru APMC,Cereals,Paddy(Common),04-09-2023,24.00,Metric Tonnes
Andhra Pradesh,NTR,Tiruvuru APMC,Cereals,Paddy(Common),05-09-2023,24.00,Metric Tonnes
Andhra Pradesh,NTR,Tiruvuru APMC,Cereals,Paddy(Common),07-09-2023,16.00,Metric Tonnes
Andhra Pradesh,NTR,Tiruvuru APMC,Cereals,Paddy(Common),08-09-2023,24.00,Metric Tonnes
Andhra Pradesh,NTR,Tiruvuru APMC,Cereals,Paddy(Common),12-09-2023,16.00,Metric Tonnes
Andhra Pradesh,NTR,Tiruvuru APMC,Cereals,Paddy(Common),13-09-2023,12.00,Metric Tonnes
Andhra Pradesh,NTR,Tiruvuru APMC,Cereals,Paddy(Common),15-09-2023,17.50,Metric Tonnes
Andhra Pradesh,NTR,Tiruvuru APMC,Cereals,Paddy(Common),16-09-2023,14.00,Metric Tonnes
Andhra Pradesh,NTR,Tiruvuru APMC,Cereals,Paddy(Common),19-09-2023,12.00,Metric Tonnes
Andhra Pradesh,NTR,Tiruvuru APMC,Cereals,Paddy(Common),20-09-2023,16.50,Metric Tonnes
Andhra Pradesh,NTR,Tiruvuru APMC,Cereals,Paddy(Common),21-09-2023,24.00,Metric Tonnes
Andhra Pradesh,NTR,Tiruvuru APMC,Cereals,Paddy(Common),22-09-2023,18.00,Metric Tonnes
Andhra Pradesh,NTR,Tiruvuru APMC,Cereals,Paddy(Common),28-09-2023,12.00,Metric Tonnes
Andhra Pradesh,NTR,Tiruvuru APMC,Cereals,Paddy(Common),29-09-2023,24.00,Metric Tonnes
Andhra Pradesh,NTR,Tiruvuru APMC,Cereals,Paddy(Common),30-09-2023,18.00,Metric Tonnes
Andhra Pradesh,NTR,Tiruvuru APMC,Cereals,Paddy(Common),04-10-2023,18.00,Metric Tonnes
Andhra Pradesh,NTR,Tiruvuru APMC,Cereals,Paddy(Common),05-10-2023,26.00,Metric Tonnes
Andhra Pradesh,NTR,Tiruvuru APMC,Cereals,Paddy(Common),06-10-2023,24.00,Metric Tonnes
Andhra Pradesh,NTR,Tiruvuru APMC,Cereals,Paddy(Common),07-10-2023,120.00,Metric Tonnes
Andhra Pradesh,NTR,Tiruvuru APMC,Cereals,Paddy(Common),08-10-2023,160.00,Metric Tonnes
Andhra Pradesh,NTR,Tiruvuru APMC,Cereals,Paddy(Common),09-10-2023,110.00,Metric Tonnes
Andhra Pradesh,NTR,Tiruvuru APMC,Cereals,Paddy(Common),12-10-2023,24.00,Metric Tonnes
Andhra Pradesh,NTR,Tiruvuru APMC,Cereals,Paddy(Common),13-10-2023,32.00,Metric Tonnes
Andhra Pradesh,NTR,Tiruvuru APMC,Cereals,Paddy(Common),16-10-2023,24.00,Metric Tonnes
Andhra Pradesh,NTR,Tiruvuru APMC,Cereals,Paddy(Common),17-10-2023,21.00,Metric Tonnes
Andhra Pradesh,NTR,Tiruvuru APMC,Cereals,Paddy(Common),18-10-2023,24.00,Metric Tonnes
Andhra Pradesh,NTR,Tiruvuru APMC,Cereals,Paddy(Common),19-10-2023,28.00,Metric Tonnes
Andhra Pradesh,NTR,Tiruvuru APMC,Cereals,Paddy(Common),20-10-2023,21.00,Metric Tonnes
Andhra Pradesh,NTR,Tiruvuru APMC,Cereals,Paddy(Common),21-10-2023,19.00,Metric Tonnes
Andhra Pradesh,NTR,Tiruvuru APMC,Cereals,Paddy(Common),24-10-2023,16.00,Metric Tonnes
Andhra Pradesh,NTR,Tiruvuru APMC,Cereals,Paddy(Common),25-10-2023,49.00,Metric Tonnes
Andhra Pradesh,NTR,Tiruvuru APMC,Cereals,Paddy(Common),26-10-2023,24.00,Metric Tonnes
Andhra Pradesh,NTR,Tiruvuru APMC,Cereals,Paddy(Common),27-10-2023,12.00,Metric Tonnes
Andhra Pradesh,NTR,Tiruvuru APMC,Cereals,Paddy(Common),28-10-2023,21.00,Metric Tonnes
Andhra Pradesh,NTR,Tiruvuru APMC,Cereals,Paddy(Common),29-10-2023,24.00,Metric Tonnes
Andhra Pradesh,NTR,Tiruvuru APMC,Cereals,Paddy(Common),30-10-2023,72.00,Metric Tonnes
Andhra Pradesh,NTR,Tiruvuru APMC,Cereals,Paddy(Common),03-11-2023,21.00,Metric Tonnes
Andhra Pradesh,NTR,Tiruvuru APMC,Cereals,Paddy(Common),04-11-2023,22.00,Metric Tonnes
Andhra Pradesh,NTR,Tiruvuru APMC,Cereals,Paddy(Common),06-11-2023,40.00,Metric Tonnes
Andhra Pradesh,NTR,Tiruvuru APMC,Cereals,Paddy(Common),07-11-2023,40.00,Metric Tonnes
Andhra Pradesh,NTR,Tiruvuru APMC,Cereals,Paddy(Common),08-11-2023,40.00,Metric Tonnes
Andhra Pradesh,NTR,Tiruvuru APMC,Cereals,Paddy(Common),09-11-2023,30.00,Metric Tonnes
Andhra Pradesh,NTR,Tiruvuru APMC,Cereals,Paddy(Common),13-11-2023,69.00,Metric Tonnes
Andhra Pradesh,NTR,Tiruvuru APMC,Cereals,Paddy(Common),14-11-2023,63.00,Metric Tonnes
Andhra Pradesh,NTR,Tiruvuru APMC,Cereals,Paddy(Common),16-11-2023,71.00,Metric Tonnes
Andhra Pradesh,NTR,Tiruvuru APMC,Cereals,Paddy(Common),17-11-2023,112.00,Metric Tonnes
Andhra Pradesh,NTR,Tiruvuru APMC,Cereals,Paddy(Common),18-11-2023,55.00,Metric Tonnes
Andhra Pradesh,NTR,Tiruvuru APMC,Cereals,Paddy(Common),19-11-2023,112.00,Metric Tonnes
Andhra Pradesh,NTR,Tiruvuru APMC,Cereals,Paddy(Common),20-11-2023,150.55,Metric Tonnes
Andhra Pradesh,NTR,Tiruvuru APMC,Cereals,Paddy(Common),21-11-2023,111.00,Metric Tonnes
Andhra Pradesh,NTR,Tiruvuru APMC,Cereals,Paddy(Common),23-11-2023,167.00,Metric Tonnes
Andhra Pradesh,NTR,Tiruvuru APMC,Cereals,Paddy(Common),25-11-2023,24.00,Metric Tonnes
Andhra Pradesh,NTR,Tiruvuru APMC,Cereals,Paddy(Common),27-11-2023,214.00,Metric Tonnes
Andhra Pradesh,NTR,Tiruvuru APMC,Cereals,Paddy(Common),28-11-2023,186.00,Metric Tonnes
Andhra Pradesh,NTR,Tiruvuru APMC,Cereals,Paddy(Common),29-11-2023,240.00,Metric Tonnes
Andhra Pradesh,NTR,Tiruvuru APMC,Cereals,Paddy(Common),30-11-2023,26.00,Metric Tonnes
Andhra Pradesh,NTR,Tiruvuru APMC,Cereals,Paddy(Common),01-12-2023,130.00,Metric Tonnes
Andhra Pradesh,NTR,Tiruvuru APMC,Cereals,Paddy(Common),10-04-2024,100.00,Metric Tonnes
Andhra Pradesh,NTR,Tiruvuru APMC,Cereals,Paddy(Common),12-04-2024,50.00,Metric Tonnes
Andhra Pradesh,NTR,Tiruvuru APMC,Cereals,Paddy(Common),13-04-2024,116.00,Metric Tonnes
Andhra Pradesh,NTR,Tiruvuru APMC,Cereals,Paddy(Common),14-04-2024,120.00,Metric Tonnes
Andhra Pradesh,NTR,Tiruvuru APMC,Cereals,Paddy(Common),15-04-2024,152.00,Metric Tonnes
Andhra Pradesh,NTR,Tiruvuru APMC,Cereals,Paddy(Common),16-04-2024,55.00,Metric Tonnes
Andhra Pradesh,NTR,Tiruvuru APMC,Cereals,Paddy(Common),19-04-2024,450.00,Metric Tonnes
Andhra Pradesh,NTR,Tiruvuru APMC,Cereals,Paddy(Common),20-04-2024,60.00,Metric Tonnes
Andhra Pradesh,NTR,Tiruvuru APMC,Cereals,Paddy(Common),21-04-2024,60.00,Metric Tonnes
Andhra Pradesh,NTR,Tiruvuru APMC,Cereals,Paddy(Common),22-04-2024,69.00,Metric Tonnes
Andhra Pradesh,NTR,Tiruvuru APMC,Cereals,Paddy(Common),23-04-2024,56.00,Metric Tonnes
Andhra Pradesh,NTR,Tiruvuru APMC,Cereals,Paddy(Common),24-04-2024,60.00,Metric Tonnes
Andhra Pradesh,NTR,Tiruvuru APMC,Cereals,Paddy(Common),25-04-2024,70.00,Metric Tonnes
Andhra Pradesh,NTR,Tiruvuru APMC,Cereals,Paddy(Common),26-04-2024,65.00,Metric Tonnes
Andhra Pradesh,NTR,Tiruvuru APMC,Cereals,Paddy(Common),27-04-2024,45.00,Metric Tonnes
Andhra Pradesh,NTR,Tiruvuru APMC,Cereals,Paddy(Common),02-05-2024,45.00,Metric Tonnes
Andhra Pradesh,NTR,Tiruvuru APMC,Cereals,Paddy(Common),03-05-2024,50.00,Metric Tonnes
Andhra Pradesh,NTR,Tiruvuru APMC,Cereals,Paddy(Common),04-05-2024,50.00,Metric Tonnes
Andhra Pradesh,NTR,Tiruvuru APMC,Cereals,Paddy(Common),06-05-2024,30.00,Metric Tonnes
Andhra Pradesh,NTR,Tiruvuru APMC,Cereals,Paddy(Common),07-05-2024,50.00,Metric Tonnes
Andhra Pradesh,NTR,Tiruvuru APMC,Cereals,Paddy(Common),08-05-2024,55.00,Metric Tonnes
Andhra Pradesh,NTR,Tiruvuru APMC,Cereals,Paddy(Common),09-05-2024,400.00,Metric Tonnes
Andhra Pradesh,NTR,Tiruvuru APMC,Cereals,Paddy(Common),10-05-2024,460.00,Metric Tonnes
Andhra Pradesh,NTR,Tiruvuru APMC,Cereals,Paddy(Common),14-05-2024,60.00,Metric Tonnes
Andhra Pradesh,NTR,Tiruvuru APMC,Cereals,Paddy(Common),15-05-2024,60.00,Metric Tonnes
Andhra Pradesh,NTR,Tiruvuru APMC,Cereals,Paddy(Common),16-05-2024,65.00,Metric Tonnes
Andhra Pradesh,NTR,Tiruvuru APMC,Cereals,Paddy(Common),17-05-2024,65.00,Metric Tonnes
Andhra Pradesh,NTR,Tiruvuru APMC,Cereals,Paddy(Common),18-05-2024,200.00,Metric Tonnes
Andhra Pradesh,NTR,Tiruvuru APMC,Cereals,Paddy(Common),19-05-2024,65.00,Metric Tonnes
Andhra Pradesh,NTR,Tiruvuru APMC,Cereals,Paddy(Common),20-05-2024,89.00,Metric Tonnes
Andhra Pradesh,NTR,Tiruvuru APMC,Cereals,Paddy(Common),24-05-2024,560.00,Metric Tonnes
Andhra Pradesh,NTR,Tiruvuru APMC,Cereals,Paddy(Common),25-05-2024,110.00,Metric Tonnes
Andhra Pradesh,NTR,Tiruvuru APMC,Cereals,Paddy(Common),26-05-2024,65.00,Metric Tonnes
Andhra Pradesh,NTR,Tiruvuru APMC,Cereals,Paddy(Common),27-05-2024,60.00,Metric Tonnes
Andhra Pradesh,NTR,Tiruvuru APMC,Cereals,Paddy(Common),28-05-2024,65.00,Metric Tonnes
Andhra Pradesh,NTR,Tiruvuru APMC,Cereals,Paddy(Common),29-05-2024,80.00,Metric Tonnes
Andhra Pradesh,NTR,Tiruvuru APMC,Cereals,Paddy(Common),30-05-2024,56.00,Metric Tonnes
Andhra Pradesh,NTR,Tiruvuru APMC,Cereals,Paddy(Common),31-05-2024,36.00,Metric Tonnes
Andhra Pradesh,NTR,Tiruvuru APMC,Cereals,Paddy(Common),01-06-2024,80.00,Metric Tonnes
Andhra Pradesh,NTR,Tiruvuru APMC,Cereals,Paddy(Common),21-06-2024,210.00,Metric Tonnes
Andhra Pradesh,NTR,Tiruvuru APMC,Cereals,Paddy(Common),22-06-2024,25.00,Metric Tonnes
Andhra Pradesh,NTR,Tiruvuru APMC,Cereals,Paddy(Common),23-06-2024,98.00,Metric Tonnes
Andhra Pradesh,NTR,Tiruvuru APMC,Cereals,Paddy(Common),24-06-2024,45.00,Metric Tonnes
Andhra Pradesh,NTR,Tiruvuru APMC,Cereals,Paddy(Common),25-06-2024,36.00,Metric Tonnes
Andhra Pradesh,NTR,Tiruvuru APMC,Cereals,Paddy(Common),26-06-2024,450.00,Metric Tonnes
Andhra Pradesh,NTR,Tiruvuru APMC,Cereals,Paddy(Common),28-06-2024,200.00,Metric Tonnes
Andhra Pradesh,NTR,Tiruvuru APMC,Cereals,Paddy(Common),29-06-2024,60.00,Metric Tonnes
Andhra Pradesh,NTR,Tiruvuru APMC,Cereals,Paddy(Common),30-06-2024,65.00,Metric Tonnes
Andhra Pradesh,NTR,Tiruvuru APMC,Cereals,Paddy(Common),01-07-2024,102.00,Metric Tonnes
Andhra Pradesh,NTR,Tiruvuru APMC,Cereals,Paddy(Common),02-07-2024,180.00,Metric Tonnes
Andhra Pradesh,NTR,Tiruvuru APMC,Cereals,Paddy(Common),03-07-2024,201.00,Metric Tonnes
Andhra Pradesh,NTR,Tiruvuru APMC,Cereals,Paddy(Common),04-07-2024,50.00,Metric Tonnes
Andhra Pradesh,NTR,Tiruvuru APMC,Cereals,Paddy(Common),05-07-2024,60.00,Metric Tonnes
Andhra Pradesh,NTR,Tiruvuru APMC,Cereals,Paddy(Common),06-07-2024,42.00,Metric Tonnes
Andhra Pradesh,NTR,Tiruvuru APMC,Cereals,Paddy(Common),07-07-2024,60.00,Metric Tonnes
Andhra Pradesh,NTR,Tiruvuru APMC,Cereals,Paddy(Common),08-07-2024,75.00,Metric Tonnes
Andhra Pradesh,NTR,Tiruvuru APMC,Cereals,Paddy(Common),09-07-2024,320.00,Metric Tonnes
Andhra Pradesh,NTR,Tiruvuru APMC,Cereals,Paddy(Common),10-07-2024,42.00,Metric Tonnes
Andhra Pradesh,NTR,Tiruvuru APMC,Cereals,Paddy(Common),11-07-2024,80.00,Metric Tonnes
Andhra Pradesh,NTR,Tiruvuru APMC,Cereals,Paddy(Common),12-07-2024,40.00,Metric Tonnes
Andhra Pradesh,NTR,Tiruvuru APMC,Cereals,Paddy(Common),13-07-2024,420.00,Metric Tonnes
Andhra Pradesh,NTR,Tiruvuru APMC,Cereals,Paddy(Common),14-07-2024,60.00,Metric Tonnes
Andhra Pradesh,NTR,Tiruvuru APMC,Cereals,Paddy(Common),15-07-2024,68.00,Metric Tonnes
Andhra Pradesh,NTR,Tiruvuru APMC,Cereals,Paddy(Common),16-07-2024,40.00,Metric Tonnes
Andhra Pradesh,NTR,Tiruvuru APMC,Cereals,Paddy(Common),17-07-2024,700.00,Metric Tonnes
Andhra Pradesh,NTR,Tiruvuru APMC,Cereals,Paddy(Common),18-07-2024,60.00,Metric Tonnes
Andhra Pradesh,NTR,Tiruvuru APMC,Cereals,Paddy(Common),19-07-2024,60.00,Metric Tonnes
Andhra Pradesh,NTR,Tiruvuru APMC,Cereals,Paddy(Common),20-07-2024,120.00,Metric Tonnes
Andhra Pradesh,NTR,Tiruvuru APMC,Cereals,Paddy(Common),21-07-2024,125.00,Metric Tonnes
Andhra Pradesh,NTR,Tiruvuru APMC,Cereals,Paddy(Common),22-07-2024,140.00,Metric Tonnes
Andhra Pradesh,NTR,Tiruvuru APMC,Cereals,Paddy(Common),23-07-2024,39.00,Metric Tonnes
Andhra Pradesh,NTR,Tiruvuru APMC,Cereals,Paddy(Common),24-07-2024,66.00,Metric Tonnes
Andhra Pradesh,NTR,Tiruvuru APMC,Cereals,Paddy(Common),25-07-2024,400.00,Metric Tonnes
Andhra Pradesh,NTR,Tiruvuru APMC,Cereals,Paddy(Common),26-07-2024,66.00,Metric Tonnes
Andhra Pradesh,NTR,Tiruvuru APMC,Cereals,Paddy(Common),27-07-2024,360.00,Metric Tonnes
Andhra Pradesh,NTR,Tiruvuru APMC,Cereals,Paddy(Common),28-07-2024,66.00,Metric Tonnes
Andhra Pradesh,NTR,Tiruvuru APMC,Cereals,Paddy(Common),29-07-2024,68.00,Metric Tonnes
Andhra Pradesh,NTR,Tiruvuru APMC,Cereals,Paddy(Common),30-07-2024,60.00,Metric Tonnes
Andhra Pradesh,NTR,Tiruvuru APMC,Cereals,Paddy(Common),31-07-2024,60.00,Metric Tonnes
Andhra Pradesh,NTR,Tiruvuru APMC,Cereals,Paddy(Common),01-08-2024,130.00,Metric Tonnes
Andhra Pradesh,NTR,Tiruvuru APMC,Cereals,Paddy(Common),02-08-2024,300.00,Metric Tonnes
Andhra Pradesh,NTR,Tiruvuru APMC,Cereals,Paddy(Common),03-08-2024,360.00,Metric Tonnes
Andhra Pradesh,NTR,Tiruvuru APMC,Cereals,Paddy(Common),05-08-2024,660.00,Metric Tonnes
Andhra Pradesh,NTR,Tiruvuru APMC,Cereals,Paddy(Common),06-08-2024,610.00,Metric Tonnes
Andhra Pradesh,NTR,Tiruvuru APMC,Cereals,Paddy(Common),07-08-2024,61.00,Metric Tonnes
Andhra Pradesh,NTR,Tiruvuru APMC,Cereals,Paddy(Common),08-08-2024,45.00,Metric Tonnes
Andhra Pradesh,NTR,Tiruvuru APMC,Cereals,Paddy(Common),09-08-2024,600.00,Metric Tonnes
Andhra Pradesh,NTR,Tiruvuru APMC,Cereals,Paddy(Common),12-08-2024,90.00,Metric Tonnes
Andhra Pradesh,NTR,Tiruvuru APMC,Cereals,Paddy(Common),13-08-2024,610.00,Metric Tonnes
Andhra Pradesh,NTR,Tiruvuru APMC,Cereals,Paddy(Common),14-08-2024,500.00,Metric Tonnes
Andhra Pradesh,NTR,Tiruvuru APMC,Cereals,Paddy(Common),15-08-2024,61.00,Metric Tonnes
Andhra Pradesh,NTR,Tiruvuru APMC,Cereals,Paddy(Common),16-08-2024,900.00,Metric Tonnes
Andhra Pradesh,NTR,Tiruvuru APMC,Cereals,Paddy(Common),17-08-2024,600.00,Metric Tonnes
Andhra Pradesh,NTR,Tiruvuru APMC,Cereals,Paddy(Common),18-08-2024,66.00,Metric Tonnes
Andhra Pradesh,NTR,Tiruvuru APMC,Cereals,Paddy(Common),19-08-2024,60.00,Metric Tonnes
Andhra Pradesh,NTR,Tiruvuru APMC,Cereals,Paddy(Common),20-08-2024,52.00,Metric Tonnes
Andhra Pradesh,NTR,Tiruvuru APMC,Cereals,Paddy(Common),23-08-2024,120.00,Metric Tonnes
Andhra Pradesh,NTR,Tiruvuru APMC,Cereals,Paddy(Common),24-08-2024,320.00,Metric Tonnes
Andhra Pradesh,NTR,Tiruvuru APMC,Cereals,Paddy(Common),26-08-2024,56.00,Metric Tonnes
Andhra Pradesh,NTR,Tiruvuru APMC,Cereals,Paddy(Common),27-08-2024,110.00,Metric Tonnes
Andhra Pradesh,NTR,Tiruvuru APMC,Cereals,Paddy(Common),28-08-2024,65.00,Metric Tonnes
Andhra Pradesh,NTR,Tiruvuru APMC,Cereals,Paddy(Common),29-08-2024,190.00,Metric Tonnes
Andhra Pradesh,NTR,Tiruvuru APMC,Cereals,Paddy(Common),30-08-2024,230.00,Metric Tonnes
Andhra Pradesh,NTR,Tiruvuru APMC,Cereals,Paddy(Common),02-09-2024,36.00,Metric Tonnes
Andhra Pradesh,NTR,Tiruvuru APMC,Cereals,Paddy(Common),03-09-2024,36.00,Metric Tonnes
Andhra Pradesh,NTR,Tiruvuru APMC,Cereals,Paddy(Common),04-09-2024,40.00,Metric Tonnes
Andhra Pradesh,NTR,Tiruvuru APMC,Cereals,Paddy(Common),05-09-2024,60.00,Metric Tonnes
Andhra Pradesh,NTR,Tiruvuru APMC,Cereals,Paddy(Common),06-09-2024,80.00,Metric Tonnes
Andhra Pradesh,NTR,Tiruvuru APMC,Cereals,Paddy(Common),07-09-2024,65.00,Metric Tonnes
Andhra Pradesh,NTR,Tiruvuru APMC,Cereals,Paddy(Common),08-09-2024,80.00,Metric Tonnes
Andhra Pradesh,NTR,Tiruvuru APMC,Cereals,Paddy(Common),09-09-2024,60.00,Metric Tonnes
Andhra Pradesh,NTR,Tiruvuru APMC,Cereals,Paddy(Common),12-09-2024,60.00,Metric Tonnes
Andhra Pradesh,NTR,Tiruvuru APMC,Cereals,Paddy(Common),13-09-2024,190.00,Metric Tonnes
Andhra Pradesh,NTR,Tiruvuru APMC,Cereals,Paddy(Common),19-09-2024,60.00,Metric Tonnes
Andhra Pradesh,NTR,Tiruvuru APMC,Cereals,Paddy(Common),20-09-2024,75.00,Metric Tonnes
Andhra Pradesh,NTR,Tiruvuru APMC,Cereals,Paddy(Common),21-09-2024,66.00,Metric Tonnes
Andhra Pradesh,NTR,Tiruvuru APMC,Cereals,Paddy(Common),22-09-2024,160.00,Metric Tonnes
Andhra Pradesh,NTR,Tiruvuru APMC,Cereals,Paddy(Common),23-09-2024,110.00,Metric Tonnes
Andhra Pradesh,NTR,Tiruvuru APMC,Cereals,Paddy(Common),24-09-2024,60.00,Metric Tonnes
Andhra Pradesh,NTR,Tiruvuru APMC,Cereals,Paddy(Common),25-09-2024,110.00,Metric Tonnes
Andhra Pradesh,NTR,Tiruvuru APMC,Cereals,Paddy(Common),26-09-2024,90.00,Metric Tonnes
Andhra Pradesh,NTR,Tiruvuru APMC,Cereals,Paddy(Common),27-09-2024,60.00,Metric Tonnes
Andhra Pradesh,NTR,Tiruvuru APMC,Cereals,Paddy(Common),29-09-2024,110.00,Metric Tonnes
Andhra Pradesh,NTR,Tiruvuru APMC,Cereals,Paddy(Common),30-09-2024,60.00,Metric Tonnes
Andhra Pradesh,NTR,Tiruvuru APMC,Cereals,Paddy(Common),01-10-2024,90.00,Metric Tonnes
Andhra Pradesh,NTR,Tiruvuru APMC,Cereals,Paddy(Common),02-10-2024,65.00,Metric Tonnes
Andhra Pradesh,NTR,Tiruvuru APMC,Cereals,Paddy(Common),03-10-2024,60.00,Metric Tonnes
Andhra Pradesh,NTR,Tiruvuru APMC,Cereals,Paddy(Common),04-10-2024,60.00,Metric Tonnes
Andhra Pradesh,NTR,Tiruvuru APMC,Cereals,Paddy(Common),05-10-2024,60.00,Metric Tonnes
Andhra Pradesh,NTR,Tiruvuru APMC,Cereals,Paddy(Common),06-10-2024,60.00,Metric Tonnes
Andhra Pradesh,NTR,Tiruvuru APMC,Cereals,Paddy(Common),07-10-2024,110.00,Metric Tonnes
Andhra Pradesh,NTR,Tiruvuru APMC,Cereals,Paddy(Common),08-10-2024,60.00,Metric Tonnes
Andhra Pradesh,NTR,Tiruvuru APMC,Cereals,Paddy(Common),11-10-2024,60.00,Metric Tonnes
Andhra Pradesh,NTR,Tiruvuru APMC,Cereals,Paddy(Common),12-10-2024,45.00,Metric Tonnes
Andhra Pradesh,NTR,Tiruvuru APMC,Cereals,Paddy(Common),13-10-2024,85.00,Metric Tonnes
Andhra Pradesh,NTR,Tiruvuru APMC,Cereals,Paddy(Common),14-10-2024,90.00,Metric Tonnes
Andhra Pradesh,NTR,Tiruvuru APMC,Cereals,Paddy(Common),15-10-2024,60.00,Metric Tonnes
Andhra Pradesh,NTR,Tiruvuru APMC,Cereals,Paddy(Common),16-10-2024,110.00,Metric Tonnes
Andhra Pradesh,NTR,Tiruvuru APMC,Cereals,Paddy(Common),17-10-2024,70.00,Metric Tonnes
Andhra Pradesh,NTR,Tiruvuru APMC,Cereals,Paddy(Common),18-10-2024,52.00,Metric Tonnes
Andhra Pradesh,NTR,Tiruvuru APMC,Cereals,Paddy(Common),22-10-2024,60.00,Metric Tonnes
Andhra Pradesh,NTR,Tiruvuru APMC,Cereals,Paddy(Common),23-10-2024,90.00,Metric Tonnes
Andhra Pradesh,NTR,Tiruvuru APMC,Cereals,Paddy(Common),25-10-2024,60.00,Metric Tonnes
Andhra Pradesh,NTR,Tiruvuru APMC,Cereals,Paddy(Common),26-10-2024,110.00,Metric Tonnes
Andhra Pradesh,NTR,Tiruvuru APMC,Cereals,Paddy(Common),27-10-2024,120.00,Metric Tonnes
Andhra Pradesh,NTR,Tiruvuru APMC,Cereals,Paddy(Common),28-10-2024,60.00,Metric Tonnes
Andhra Pradesh,NTR,Tiruvuru APMC,Cereals,Paddy(Common),29-10-2024,110.00,Metric Tonnes
Andhra Pradesh,NTR,Tiruvuru APMC,Cereals,Paddy(Common),01-11-2024,110.00,Metric Tonnes
Andhra Pradesh,NTR,Tiruvuru APMC,Cereals,Paddy(Common),02-11-2024,140.00,Metric Tonnes
Andhra Pradesh,NTR,Tiruvuru APMC,Cereals,Paddy(Common),07-11-2024,80.00,Metric Tonnes
Andhra Pradesh,NTR,Tiruvuru APMC,Cereals,Paddy(Common),08-11-2024,110.00,Metric Tonnes
Andhra Pradesh,NTR,Tiruvuru APMC,Cereals,Paddy(Common),11-11-2024,62.00,Metric Tonnes
Andhra Pradesh,NTR,Tiruvuru APMC,Cereals,Paddy(Common),12-11-2024,111.00,Metric Tonnes
Andhra Pradesh,NTR,Tiruvuru APMC,Cereals,Paddy(Common),19-11-2024,161.00,Metric Tonnes
Andhra Pradesh,NTR,Tiruvuru APMC,Cereals,Paddy(Common),20-11-2024,96.00,Metric Tonnes
Andhra Pradesh,NTR,Tiruvuru APMC,Cereals,Paddy(Common),22-11-2024,160.00,Metric Tonnes
Andhra Pradesh,NTR,Tiruvuru APMC,Cereals,Paddy(Common),23-11-2024,111.00,Metric Tonnes
Andhra Pradesh,NTR,Tiruvuru APMC,Cereals,Paddy(Common),24-11-2024,111.00,Metric Tonnes
Andhra Pradesh,NTR,Tiruvuru APMC,Cereals,Paddy(Common),25-11-2024,160.00,Metric Tonnes
Andhra Pradesh,NTR,Tiruvuru APMC,Cereals,Paddy(Common),26-11-2024,160.00,Metric Tonnes
Andhra Pradesh,NTR,Tiruvuru APMC,Cereals,Paddy(Common),27-11-2024,111.00,Metric Tonnes
Andhra Pradesh,NTR,Tiruvuru APMC,Cereals,Paddy(Common),28-11-2024,190.00,Metric Tonnes
Andhra Pradesh,NTR,Tiruvuru APMC,Cereals,Paddy(Common),29-11-2024,62.00,Metric Tonnes
Andhra Pradesh,NTR,Tiruvuru APMC,Cereals,Paddy(Common),23-01-2025,160.00,Metric Tonnes
Andhra Pradesh,NTR,Tiruvuru APMC,Cereals,Paddy(Common),24-01-2025,165.00,Metric Tonnes
Andhra Pradesh,NTR,Tiruvuru APMC,Cereals,Paddy(Common),25-01-2025,190.00,Metric Tonnes
Andhra Pradesh,NTR,Tiruvuru APMC,Cereals,Paddy(Common),26-01-2025,210.00,Metric Tonnes
Andhra Pradesh,NTR,Tiruvuru APMC,Cereals,Paddy(Common),27-01-2025,230.00,Metric Tonnes
Andhra Pradesh,NTR,Tiruvuru APMC,Cereals,Paddy(Common),28-01-2025,450.00,Metric Tonnes
Andhra Pradesh,NTR,Tiruvuru APMC,Cereals,Paddy(Common),29-01-2025,210.00,Metric Tonnes
Andhra Pradesh,NTR,Tiruvuru APMC,Cereals,Paddy(Common),30-01-2025,180.00,Metric Tonnes
Andhra Pradesh,NTR,Tiruvuru APMC,Cereals,Paddy(Common),31-01-2025,210.00,Metric Tonnes
Andhra Pradesh,NTR,Tiruvuru APMC,Cereals,Paddy(Common),01-02-2025,90.00,Metric Tonnes
Andhra Pradesh,NTR,Tiruvuru APMC,Cereals,Paddy(Common),02-02-2025,120.00,Metric Tonnes
Andhra Pradesh,NTR,Tiruvuru APMC,Cereals,Paddy(Common),03-02-2025,210.00,Metric Tonnes
Andhra Pradesh,NTR,Tiruvuru APMC,Cereals,Paddy(Common),04-02-2025,65.00,Metric Tonnes
Andhra Pradesh,NTR,Tiruvuru APMC,Cereals,Paddy(Common),05-02-2025,72.00,Metric Tonnes
Andhra Pradesh,NTR,Tiruvuru APMC,Cereals,Paddy(Common),06-02-2025,600.00,Metric Tonnes
Andhra Pradesh,NTR,Tiruvuru APMC,Cereals,Paddy(Common),07-02-2025,206.00,Metric Tonnes
Andhra Pradesh,NTR,Tiruvuru APMC,Cereals,Paddy(Common),08-02-2025,740.00,Metric Tonnes
Andhra Pradesh,NTR,Tiruvuru APMC,Cereals,Paddy(Common),09-02-2025,200.00,Metric Tonnes
Andhra Pradesh,NTR,Tiruvuru APMC,Cereals,Paddy(Common),10-02-2025,185.00,Metric Tonnes
Andhra Pradesh,NTR,Tiruvuru APMC,Cereals,Paddy(Common),11-02-2025,160.00,Metric Tonnes
Andhra Pradesh,NTR,Tiruvuru APMC,Cereals,Paddy(Common),12-02-2025,60.00,Metric Tonnes
Andhra Pradesh,NTR,Tiruvuru APMC,Cereals,Paddy(Common),13-02-2025,70.00,Metric Tonnes
Andhra Pradesh,NTR,Tiruvuru APMC,Cereals,Paddy(Common),14-02-2025,800.00,Metric Tonnes
Andhra Pradesh,NTR,Tiruvuru APMC,Cereals,Paddy(Common),17-02-2025,600.00,Metric Tonnes
Andhra Pradesh,NTR,Tiruvuru APMC,Cereals,Paddy(Common),18-02-2025,90.00,Metric Tonnes
Andhra Pradesh,NTR,Tiruvuru APMC,Cereals,Paddy(Common),19-02-2025,650.00,Metric Tonnes
Andhra Pradesh,NTR,Tiruvuru APMC,Cereals,Paddy(Common),20-02-2025,90.00,Metric Tonnes
Andhra Pradesh,NTR,Tiruvuru APMC,Cereals,Paddy(Common),21-02-2025,120.00,Metric Tonnes
Andhra Pradesh,NTR,Tiruvuru APMC,Cereals,Paddy(Common),22-02-2025,120.00,Metric Tonnes
Andhra Pradesh,NTR,Tiruvuru APMC,Cereals,Paddy(Common),23-02-2025,90.00,Metric Tonnes
Andhra Pradesh,NTR,Tiruvuru APMC,Cereals,Paddy(Common),24-02-2025,90.00,Metric Tonnes
Andhra Pradesh,NTR,Tiruvuru APMC,Cereals,Paddy(Common),26-02-2025,80.00,Metric Tonnes
Andhra Pradesh,NTR,Tiruvuru APMC,Cereals,Paddy(Common),27-02-2025,650.00,Metric Tonnes
Andhra Pradesh,NTR,Tiruvuru APMC,Cereals,Paddy(Common),28-02-2025,66.00,Metric Tonnes
Andhra Pradesh,NTR,Tiruvuru APMC,Cereals,Paddy(Common),01-03-2025,110.00,Metric Tonnes
Andhra Pradesh,NTR,Tiruvuru APMC,Cereals,Paddy(Common),02-03-2025,110.00,Metric Tonnes
Andhra Pradesh,NTR,Tiruvuru APMC,Cereals,Paddy(Common),03-03-2025,90.00,Metric Tonnes
Andhra Pradesh,NTR,Tiruvuru APMC,Cereals,Paddy(Common),04-03-2025,90.00,Metric Tonnes
Andhra Pradesh,NTR,Tiruvuru APMC,Cereals,Paddy(Common),05-03-2025,60.00,Metric Tonnes
Andhra Pradesh,NTR,Tiruvuru APMC,Cereals,Paddy(Common),06-03-2025,80.00,Metric Tonnes
Andhra Pradesh,NTR,Tiruvuru APMC,Cereals,Paddy(Common),07-03-2025,231.00,Metric Tonnes
Andhra Pradesh,NTR,Tiruvuru APMC,Cereals,Paddy(Common),08-03-2025,80.00,Metric Tonnes
Andhra Pradesh,NTR,Tiruvuru APMC,Cereals,Paddy(Common),09-03-2025,80.00,Metric Tonnes
Andhra Pradesh,NTR,Tiruvuru APMC,Cereals,Paddy(Common),10-03-2025,110.00,Metric Tonnes
Andhra Pradesh,NTR,Tiruvuru APMC,Cereals,Paddy(Common),11-03-2025,120.00,Metric Tonnes
Andhra Pradesh,NTR,Tiruvuru APMC,Cereals,Paddy(Common),12-03-2025,112.00,Metric Tonnes
Andhra Pradesh,NTR,Tiruvuru APMC,Cereals,Paddy(Common),13-03-2025,120.00,Metric Tonnes
Andhra Pradesh,NTR,Tiruvuru APMC,Cereals,Paddy(Common),14-03-2025,165.00,Metric Tonnes
Andhra Pradesh,NTR,Tiruvuru APMC,Cereals,Paddy(Common),15-03-2025,170.00,Metric Tonnes
Andhra Pradesh,NTR,Tiruvuru APMC,Cereals,Paddy(Common),16-03-2025,180.00,Metric Tonnes
Andhra Pradesh,NTR,Tiruvuru APMC,Cereals,Paddy(Common),17-03-2025,65.00,Metric Tonnes
Andhra Pradesh,NTR,Tiruvuru APMC,Cereals,Paddy(Common),18-03-2025,89.00,Metric Tonnes
Andhra Pradesh,NTR,Tiruvuru APMC,Cereals,Paddy(Common),19-03-2025,122.00,Metric Tonnes
Andhra Pradesh,NTR,Tiruvuru APMC,Cereals,Paddy(Common),20-03-2025,115.00,Metric Tonnes
Andhra Pradesh,NTR,Tiruvuru APMC,Cereals,Paddy(Common),21-03-2025,89.00,Metric Tonnes
Andhra Pradesh,NTR,Tiruvuru APMC,Cereals,Paddy(Common),22-03-2025,116.00,Metric Tonnes
Andhra Pradesh,NTR,Tiruvuru APMC,Cereals,Paddy(Common),23-03-2025,112.00,Metric Tonnes
Andhra Pradesh,NTR,Tiruvuru APMC,Cereals,Paddy(Common),24-03-2025,119.00,Metric Tonnes
Andhra Pradesh,NTR,Tiruvuru APMC,Cereals,Paddy(Common),25-03-2025,560.00,Metric Tonnes
Andhra Pradesh,NTR,Tiruvuru APMC,Cereals,Paddy(Common),26-03-2025,56.00,Metric Tonnes
Andhra Pradesh,NTR,Tiruvuru APMC,Cereals,Paddy(Common),27-03-2025,90.00,Metric Tonnes
Andhra Pradesh,NTR,Tiruvuru APMC,Cereals,Paddy(Common),28-03-2025,69.00,Metric Tonnes
Andhra Pradesh,NTR,Tiruvuru APMC,Cereals,Paddy(Common),29-03-2025,90.00,Metric Tonnes
Andhra Pradesh,NTR,Tiruvuru APMC,Cereals,Paddy(Common),01-04-2025,16.00,Metric Tonnes
Andhra Pradesh,NTR,Tiruvuru APMC,Cereals,Paddy(Common),02-04-2025,280.00,Metric Tonnes
Andhra Pradesh,NTR,Tiruvuru APMC,Cereals,Paddy(Common),03-04-2025,189.00,Metric Tonnes
Andhra Pradesh,NTR,Tiruvuru APMC,Cereals,Paddy(Common),04-04-2025,115.00,Metric Tonnes
Andhra Pradesh,NTR,Tiruvuru APMC,Cereals,Paddy(Common),05-04-2025,115.00,Metric Tonnes
Andhra Pradesh,NTR,Tiruvuru APMC,Cereals,Paddy(Common),06-04-2025,140.00,Metric Tonnes
Andhra Pradesh,NTR,Tiruvuru APMC,Cereals,Paddy(Common),07-04-2025,115.00,Metric Tonnes
Andhra Pradesh,NTR,Tiruvuru APMC,Cereals,Paddy(Common),08-04-2025,200.00,Metric Tonnes
Andhra Pradesh,NTR,Tiruvuru APMC,Cereals,Paddy(Common),09-04-2025,160.00,Metric Tonnes
Andhra Pradesh,NTR,Tiruvuru APMC,Cereals,Paddy(Common),10-04-2025,160.00,Metric Tonnes
Andhra Pradesh,NTR,Tiruvuru APMC,Cereals,Paddy(Common),11-04-2025,160.00,Metric Tonnes
Andhra Pradesh,NTR,Tiruvuru APMC,Cereals,Paddy(Common),14-04-2025,160.00,Metric Tonnes
Andhra Pradesh,NTR,Tiruvuru APMC,Cereals,Paddy(Common),15-04-2025,160.00,Metric Tonnes
Andhra Pradesh,NTR,Tiruvuru APMC,Cereals,Paddy(Common),16-04-2025,79.00,Metric Tonnes
Andhra Pradesh,NTR,Tiruvuru APMC,Cereals,Paddy(Common),18-04-2025,190.00,Metric Tonnes
Andhra Pradesh,NTR,Tiruvuru APMC,Cereals,Paddy(Common),19-04-2025,160.00,Metric Tonnes
Andhra Pradesh,NTR,Tiruvuru APMC,Cereals,Paddy(Common),20-04-2025,210.00,Metric Tonnes
Andhra Pradesh,NTR,Tiruvuru APMC,Cereals,Paddy(Common),21-04-2025,160.00,Metric Tonnes
Andhra Pradesh,NTR,Tiruvuru APMC,Cereals,Paddy(Common),22-04-2025,140.00,Metric Tonnes
Andhra Pradesh,NTR,Tiruvuru APMC,Cereals,Paddy(Common),23-04-2025,116.00,Metric Tonnes
Andhra Pradesh,NTR,Tiruvuru APMC,Cereals,Paddy(Common),24-04-2025,65.00,Metric Tonnes
Andhra Pradesh,NTR,Tiruvuru APMC,Cereals,Paddy(Common),25-04-2025,72.00,Metric Tonnes
Andhra Pradesh,NTR,Tiruvuru APMC,Cereals,Paddy(Common),26-04-2025,160.00,Metric Tonnes
Andhra Pradesh,NTR,Tiruvuru APMC,Cereals,Paddy(Common),28-04-2025,600.00,Metric Tonnes
Andhra Pradesh,NTR,Tiruvuru APMC,Cereals,Paddy(Common),29-04-2025,120.00,Metric Tonnes
Andhra Pradesh,NTR,Tiruvuru APMC,Cereals,Paddy(Common),30-04-2025,90.00,Metric Tonnes
Andhra Pradesh,NTR,Tiruvuru APMC,Cereals,Paddy(Common),01-05-2025,80.00,Metric Tonnes
Andhra Pradesh,NTR,Tiruvuru APMC,Cereals,Paddy(Common),02-05-2025,160.00,Metric Tonnes
Andhra Pradesh,NTR,Tiruvuru APMC,Cereals,Paddy(Common),03-05-2025,110.00,Metric Tonnes
Andhra Pradesh,NTR,Tiruvuru APMC,Cereals,Paddy(Common),05-05-2025,97.00,Metric Tonnes
Andhra Pradesh,NTR,Tiruvuru APMC,Cereals,Paddy(Common),06-05-2025,120.00,Metric Tonnes
Andhra Pradesh,NTR,Tiruvuru APMC,Cereals,Paddy(Common),07-05-2025,110.00,Metric Tonnes
Andhra Pradesh,NTR,Tiruvuru APMC,Cereals,Paddy(Common),08-05-2025,110.00,Metric Tonnes
Andhra Pradesh,NTR,Tiruvuru APMC,Cereals,Paddy(Common),09-05-2025,90.00,Metric Tonnes
Andhra Pradesh,NTR,Tiruvuru APMC,Cereals,Paddy(Common),10-05-2025,70.00,Metric Tonnes
Andhra Pradesh,NTR,Tiruvuru APMC,Cereals,Paddy(Common),11-05-2025,150.00,Metric Tonnes
Andhra Pradesh,NTR,Tiruvuru APMC,Cereals,Paddy(Common),12-05-2025,190.00,Metric Tonnes
Andhra Pradesh,NTR,Tiruvuru APMC,Cereals,Paddy(Common),13-05-2025,720.00,Metric Tonnes
Andhra Pradesh,NTR,Tiruvuru APMC,Cereals,Paddy(Common),14-05-2025,610.00,Metric Tonnes
Andhra Pradesh,NTR,Tiruvuru APMC,Cereals,Paddy(Common),15-05-2025,69.00,Metric Tonnes
Andhra Pradesh,NTR,Tiruvuru APMC,Cereals,Paddy(Common),16-05-2025,180.00,Metric Tonnes
Andhra Pradesh,NTR,Tiruvuru APMC,Cereals,Paddy(Common),17-05-2025,105.00,Metric Tonnes
Andhra Pradesh,NTR,Tiruvuru APMC,Cereals,Paddy(Common),19-05-2025,160.00,Metric Tonnes
Andhra Pradesh,NTR,Tiruvuru APMC,Cereals,Paddy(Common),20-05-2025,60.00,Metric Tonnes
Andhra Pradesh,NTR,Tiruvuru APMC,Cereals,Paddy(Common),21-05-2025,100.00,Metric Tonnes
Andhra Pradesh,NTR,Tiruvuru APMC,Cereals,Paddy(Common),22-05-2025,210.00,Metric Tonnes
Andhra Pradesh,NTR,Tiruvuru APMC,Cereals,Paddy(Common),23-05-2025,150.00,Metric Tonnes
Andhra Pradesh,NTR,Tiruvuru APMC,Cereals,Paddy(Common),26-05-2025,75.00,Metric Tonnes
Andhra Pradesh,NTR,Tiruvuru APMC,Cereals,Paddy(Common),27-05-2025,120.00,Metric Tonnes
Andhra Pradesh,NTR,Tiruvuru APMC,Cereals,Paddy(Common),28-05-2025,180.00,Metric Tonnes
Andhra Pradesh,NTR,Tiruvuru APMC,Cereals,Paddy(Common),29-05-2025,160.00,Metric Tonnes
Andhra Pradesh,NTR,Tiruvuru APMC,Cereals,Paddy(Common),30-05-2025,69.00,Metric Tonnes
Andhra Pradesh,NTR,Tiruvuru APMC,Cereals,Paddy(Common),31-05-2025,110.00,Metric Tonnes
Andhra Pradesh,NTR,Tiruvuru APMC,Cereals,Paddy(Common),02-06-2025,116.00,Metric Tonnes
Andhra Pradesh,NTR,Tiruvuru APMC,Cereals,Paddy(Common),03-06-2025,110.00,Metric Tonnes
Andhra Pradesh,NTR,Tiruvuru APMC,Cereals,Paddy(Common),04-06-2025,115.00,Metric Tonnes
Andhra Pradesh,NTR,Tiruvuru APMC,Cereals,Paddy(Common),05-06-2025,70.00,Metric Tonnes
Andhra Pradesh,NTR,Tiruvuru APMC,Cereals,Paddy(Common),06-06-2025,145.00,Metric Tonnes
Andhra Pradesh,NTR,Tiruvuru APMC,Cereals,Paddy(Common),09-06-2025,115.00,Metric Tonnes
Andhra Pradesh,NTR,Tiruvuru APMC,Cereals,Paddy(Common),10-06-2025,75.00,Metric Tonnes
Andhra Pradesh,NTR,Tiruvuru APMC,Cereals,Paddy(Common),11-06-2025,115.00,Metric Tonnes
Andhra Pradesh,NTR,Tiruvuru APMC,Cereals,Paddy(Common),13-06-2025,110.00,Metric Tonnes
Andhra Pradesh,NTR,Tiruvuru APMC,Cereals,Paddy(Common),16-06-2025,165.00,Metric Tonnes
Andhra Pradesh,NTR,Tiruvuru APMC,Cereals,Paddy(Common),17-06-2025,111.00,Metric Tonnes
Andhra Pradesh,NTR,Tiruvuru APMC,Cereals,Paddy(Common),18-06-2025,175.00,Metric Tonnes
Andhra Pradesh,NTR,Tiruvuru APMC,Cereals,Paddy(Common),19-06-2025,630.00,Metric Tonnes
Andhra Pradesh,NTR,Tiruvuru APMC,Cereals,Paddy(Common),20-06-2025,120.00,Metric Tonnes
Andhra Pradesh,NTR,Tiruvuru APMC,Cereals,Paddy(Common),21-06-2025,600.00,Metric Tonnes
Andhra Pradesh,NTR,Tiruvuru APMC,Cereals,Paddy(Common),23-06-2025,110.00,Metric Tonnes
Andhra Pradesh,NTR,Tiruvuru APMC,Cereals,Paddy(Common),24-06-2025,100.00,Metric Tonnes
Andhra Pradesh,NTR,Tiruvuru APMC,Cereals,Paddy(Common),25-06-2025,110.00,Metric Tonnes
Andhra Pradesh,NTR,Tiruvuru APMC,Cereals,Paddy(Common),26-06-2025,160.00,Metric Tonnes
Andhra Pradesh,NTR,Tiruvuru APMC,Cereals,Paddy(Common),27-06-2025,150.00,Metric Tonnes
Andhra Pradesh,NTR,Tiruvuru APMC,Cereals,Paddy(Common),28-06-2025,210.00,Metric Tonnes
Andhra Pradesh,NTR,Tiruvuru APMC,Cereals,Paddy(Common),30-06-2025,1160.00,Metric Tonnes
Andhra Pradesh,NTR,Tiruvuru APMC,Cereals,Paddy(Common),01-07-2025,350.00,Metric Tonnes
Andhra Pradesh,NTR,Tiruvuru APMC,Cereals,Paddy(Common),02-07-2025,160.00,Metric Tonnes
Andhra Pradesh,NTR,Tiruvuru APMC,Cereals,Paddy(Common),03-07-2025,166.00,Metric Tonnes
Andhra Pradesh,NTR,Tiruvuru APMC,Cereals,Paddy(Common),04-07-2025,160.00,Metric Tonnes
Andhra Pradesh,NTR,Tiruvuru APMC,Cereals,Paddy(Common),05-07-2025,160.00,Metric Tonnes
Andhra Pradesh,NTR,Tiruvuru APMC,Cereals,Paddy(Common),07-07-2025,121.00,Metric Tonnes
Andhra Pradesh,NTR,Tiruvuru APMC,Cereals,Paddy(Common),09-07-2025,1160.00,Metric Tonnes
Andhra Pradesh,NTR,Tiruvuru APMC,Cereals,Paddy(Common),10-07-2025,1190.00,Metric Tonnes
Andhra Pradesh,NTR,Tiruvuru APMC,Cereals,Paddy(Common),11-07-2025,160.00,Metric Tonnes
Andhra Pradesh,NTR,Tiruvuru APMC,Cereals,Paddy(Common),14-07-2025,180.00,Metric Tonnes
Andhra Pradesh,NTR,Tiruvuru APMC,Cereals,Paddy(Common),15-07-2025,110.00,Metric Tonnes
Andhra Pradesh,NTR,Tiruvuru APMC,Cereals,Paddy(Common),16-07-2025,110.00,Metric Tonnes
Andhra Pradesh,NTR,Tiruvuru APMC,Cereals,Paddy(Common),17-07-2025,150.00,Metric Tonnes
Andhra Pradesh,NTR,Tiruvuru APMC,Cereals,Paddy(Common),18-07-2025,110.00,Metric Tonnes
Andhra Pradesh,NTR,Tiruvuru APMC,Cereals,Paddy(Common),19-07-2025,160.00,Metric Tonnes
Andhra Pradesh,NTR,Tiruvuru APMC,Cereals,Paddy(Common),21-07-2025,110.00,Metric Tonnes
Andhra Pradesh,NTR,Tiruvuru APMC,Cereals,Paddy(Common),22-07-2025,110.00,Metric Tonnes
Andhra Pradesh,NTR,Tiruvuru APMC,Cereals,Paddy(Common),23-07-2025,110.00,Metric Tonnes
Andhra Pradesh,NTR,Tiruvuru APMC,Cereals,Paddy(Common),24-07-2025,116.00,Metric Tonnes
Andhra Pradesh,NTR,Tiruvuru APMC,Cereals,Paddy(Common),25-07-2025,1110.00,Metric Tonnes
Andhra Pradesh,NTR,Tiruvuru APMC,Cereals,Paddy(Common),26-07-2025,160.00,Metric Tonnes
Andhra Pradesh,NTR,Tiruvuru APMC,Cereals,Paddy(Common),28-07-2025,112.00,Metric Tonnes
Andhra Pradesh,NTR,Tiruvuru APMC,Cereals,Paddy(Common),29-07-2025,160.00,Metric Tonnes
Andhra Pradesh,NTR,Tiruvuru APMC,Cereals,Paddy(Common),30-07-2025,161.00,Metric Tonnes
Andhra Pradesh,NTR,Tiruvuru APMC,Cereals,Paddy(Common),31-07-2025,116.00,Metric Tonnes
Andhra Pradesh,NTR,Tiruvuru APMC,Cereals,Paddy(Common),01-08-2025,1110.00,Metric Tonnes
Andhra Pradesh,NTR,Tiruvuru APMC,Cereals,Paddy(Common),02-08-2025,115.00,Metric Tonnes
Andhra Pradesh,NTR,Tiruvuru APMC,Cereals,Paddy(Common),04-08-2025,160.00,Metric Tonnes
Andhra Pradesh,NTR,Tiruvuru APMC,Cereals,Paddy(Common),05-08-2025,210.00,Metric Tonnes
Andhra Pradesh,NTR,Tiruvuru APMC,Cereals,Paddy(Common),06-08-2025,116.00,Metric Tonnes
Andhra Pradesh,NTR,Tiruvuru APMC,Cereals,Paddy(Common),07-08-2025,250.00,Metric Tonnes
Andhra Pradesh,NTR,Tiruvuru APMC,Cereals,Paddy(Common),09-08-2025,115.00,Metric Tonnes
Andhra Pradesh,NTR,Tiruvuru APMC,Cereals,Paddy(Common),11-08-2025,160.00,Metric Tonnes
Andhra Pradesh,NTR,Tiruvuru APMC,Cereals,Paddy(Common),12-08-2025,1100.00,Metric Tonnes
Andhra Pradesh,NTR,Tiruvuru APMC,Cereals,Paddy(Common),13-08-2025,160.00,Metric Tonnes
Andhra Pradesh,NTR,Tiruvuru APMC,Cereals,Paddy(Common),14-08-2025,216.00,Metric Tonnes
Andhra Pradesh,NTR,Tiruvuru APMC,Cereals,Paddy(Common),16-08-2025,1150.00,Metric Tonnes
Andhra Pradesh,NTR,Tiruvuru APMC,Cereals,Paddy(Common),18-08-2025,1150.00,Metric Tonnes
Andhra Pradesh,NTR,Tiruvuru APMC,Cereals,Paddy(Common),19-08-2025,1600.00,Metric Tonnes
Andhra Pradesh,NTR,Tiruvuru APMC,Cereals,Paddy(Common),20-08-2025,1600.00,Metric Tonnes
Andhra Pradesh,NTR,Tiruvuru APMC,Cereals,Paddy(Common),21-08-2025,1100.00,Metric Tonnes
Andhra Pradesh,NTR,Tiruvuru APMC,Cereals,Paddy(Common),22-08-2025,110.00,Metric Tonnes
Andhra Pradesh,NTR,Tiruvuru APMC,Cereals,Paddy(Common),23-08-2025,160.00,Metric Tonnes
Andhra Pradesh,NTR,Tiruvuru APMC,Cereals,Paddy(Common),25-08-2025,900.00,Metric Tonnes
Andhra Pradesh,NTR,Tiruvuru APMC,Cereals,Paddy(Common),26-08-2025,180.00,Metric Tonnes
Andhra Pradesh,NTR,Tiruvuru APMC,Cereals,Paddy(Common),28-08-2025,65.00,Metric Tonnes
Andhra Pradesh,NTR,Tiruvuru APMC,Cereals,Paddy(Common),29-08-2025,110.00,Metric Tonnes
Andhra Pradesh,NTR,Tiruvuru APMC,Cereals,Paddy(Common),30-08-2025,1150.00,Metric Tonnes
Andhra Pradesh,NTR,Tiruvuru APMC,Cereals,Paddy(Common),01-09-2025,195.00,Metric Tonnes
Andhra Pradesh,NTR,Tiruvuru APMC,Cereals,Paddy(Common),02-09-2025,65.00,Metric Tonnes
Andhra Pradesh,NTR,Tiruvuru APMC,Cereals,Paddy(Common),03-09-2025,90.00,Metric Tonnes
Andhra Pradesh,NTR,Tiruvuru APMC,Cereals,Paddy(Common),04-09-2025,110.00,Metric Tonnes
Andhra Pradesh,NTR,Tiruvuru APMC,Cereals,Paddy(Common),06-09-2025,110.00,Metric Tonnes
Andhra Pradesh,NTR,Tiruvuru APMC,Cereals,Paddy(Common),08-09-2025,160.00,Metric Tonnes
Andhra Pradesh,NTR,Tiruvuru APMC,Cereals,Paddy(Common),09-09-2025,160.00,Metric Tonnes
Andhra Pradesh,NTR,Tiruvuru APMC,Cereals,Paddy(Common),10-09-2025,110.00,Metric Tonnes
Andhra Pradesh,NTR,Tiruvuru APMC,Cereals,Paddy(Common),11-09-2025,110.00,Metric Tonnes
Andhra Pradesh,NTR,Tiruvuru APMC,Cereals,Paddy(Common),12-09-2025,65.00,Metric Tonnes
Andhra Pradesh,NTR,Tiruvuru APMC,Cereals,Paddy(Common),15-09-2025,65.00,Metric Tonnes
Andhra Pradesh,NTR,Tiruvuru APMC,Cereals,Paddy(Common),16-09-2025,110.00,Metric Tonnes
Andhra Pradesh,NTR,Tiruvuru APMC,Cereals,Paddy(Common),17-09-2025,1100.00,Metric Tonnes
Andhra Pradesh,NTR,Tiruvuru APMC,Cereals,Paddy(Common),18-09-2025,1150.00,Metric Tonnes
Andhra Pradesh,NTR,Tiruvuru APMC,Cereals,Paddy(Common),19-09-2025,870.00,Metric Tonnes
Andhra Pradesh,NTR,Tiruvuru APMC,Cereals,Paddy(Common),20-09-2025,650.00,Metric Tonnes
Andhra Pradesh,NTR,Tiruvuru APMC,Cereals,Paddy(Common),22-09-2025,850.00,Metric Tonnes
Andhra Pradesh,NTR,Tiruvuru APMC,Cereals,Paddy(Common),23-09-2025,250.00,Metric Tonnes
Andhra Pradesh,NTR,Tiruvuru APMC,Cereals,Paddy(Common),24-09-2025,165.00,Metric Tonnes
Andhra Pradesh,NTR,Tiruvuru APMC,Cereals,Paddy(Common),25-09-2025,110.00,Metric Tonnes
Andhra Pradesh,NTR,Tiruvuru APMC,Cereals,Paddy(Common),26-09-2025,68.00,Metric Tonnes
Andhra Pradesh,NTR,Tiruvuru APMC,Cereals,Paddy(Common),29-09-2025,90.00,Metric Tonnes
Andhra Pradesh,NTR,Tiruvuru APMC,Cereals,Paddy(Common),01-10-2025,900.00,Metric Tonnes
Andhra Pradesh,NTR,Tiruvuru APMC,Cereals,Paddy(Common),03-10-2025,450.00,Metric Tonnes
Andhra Pradesh,NTR,Tiruvuru APMC,Cereals,Paddy(Common),04-10-2025,350.00,Metric Tonnes
Andhra Pradesh,NTR,Tiruvuru APMC,Cereals,Paddy(Common),06-10-2025,650.00,Metric Tonnes
Andhra Pradesh,NTR,Tiruvuru APMC,Cereals,Paddy(Common),07-10-2025,560.00,Metric Tonnes
Andhra Pradesh,NTR,Tiruvuru APMC,Cereals,Paddy(Common),08-10-2025,450.00,Metric Tonnes
Andhra Pradesh,NTR,Tiruvuru APMC,Cereals,Paddy(Common),09-10-2025,460.00,Metric Tonnes
Andhra Pradesh,NTR,Tiruvuru APMC,Cereals,Paddy(Common),10-10-2025,460.00,Metric Tonnes
Andhra Pradesh,NTR,Tiruvuru APMC,Cereals,Paddy(Common),13-10-2025,169.00,Metric Tonnes
Andhra Pradesh,NTR,Tiruvuru APMC,Cereals,Paddy(Common),15-10-2025,60.00,Metric Tonnes
Andhra Pradesh,NTR,Tiruvuru APMC,Cereals,Paddy(Common),16-10-2025,56.00,Metric Tonnes
Andhra Pradesh,NTR,Tiruvuru APMC,Cereals,Paddy(Common),17-10-2025,600.00,Metric Tonnes
Andhra Pradesh,NTR,Tiruvuru APMC,Cereals,Paddy(Common),20-10-2025,110.00,Metric Tonnes
Andhra Pradesh,NTR,Tiruvuru APMC,Cereals,Paddy(Common),21-10-2025,74.00,Metric Tonnes
Andhra Pradesh,NTR,Tiruvuru APMC,Cereals,Paddy(Common),22-10-2025,790.00,Metric Tonnes
Andhra Pradesh,NTR,Tiruvuru APMC,Cereals,Paddy(Common),23-10-2025,45.00,Metric Tonnes
Andhra Pradesh,NTR,Tiruvuru APMC,Cereals,Paddy(Common),24-10-2025,56.00,Metric Tonnes
Andhra Pradesh,NTR,Tiruvuru APMC,Cereals,Paddy(Common),25-10-2025,210.00,Metric Tonnes
Andhra Pradesh,NTR,Tiruvuru APMC,Cereals,Paddy(Common),27-10-2025,56.00,Metric Tonnes
Andhra Pradesh,NTR,Tiruvuru APMC,Cereals,Paddy(Common),29-10-2025,56.00,Metric Tonnes
Andhra Pradesh,NTR,Tiruvuru APMC,Cereals,Paddy(Common),31-10-2025,110.00,Metric Tonnes
Andhra Pradesh,NTR,Tiruvuru APMC,Cereals,Paddy(Common),01-11-2025,55.00,Metric Tonnes
Andhra Pradesh,NTR,Tiruvuru APMC,Cereals,Paddy(Common),03-11-2025,560.00,Metric Tonnes
Andhra Pradesh,NTR,Tiruvuru APMC,Cereals,Paddy(Common),04-11-2025,116.00,Metric Tonnes
Andhra Pradesh,NTR,Tiruvuru APMC,Cereals,Paddy(Common),05-11-2025,68.00,Metric Tonnes
Andhra Pradesh,NTR,Tiruvuru APMC,Cereals,Paddy(Common),06-11-2025,146.00,Metric Tonnes
Andhra Pradesh,NTR,Tiruvuru APMC,Cereals,Paddy(Common),07-11-2025,45.00,Metric Tonnes
Andhra Pradesh,NTR,Tiruvuru APMC,Cereals,Paddy(Common),10-11-2025,23.00,Metric Tonnes
Andhra Pradesh,NTR,Tiruvuru APMC,Cereals,Paddy(Common),11-11-2025,56.00,Metric Tonnes
Andhra Pradesh,NTR,Tiruvuru APMC,Cereals,Paddy(Common),12-11-2025,23.00,Metric Tonnes
Andhra Pradesh,NTR,Tiruvuru APMC,Cereals,Paddy(Common),13-11-2025,56.00,Metric Tonnes
Andhra Pradesh,NTR,Tiruvuru APMC,Cereals,Paddy(Common),14-11-2025,50.00,Metric Tonnes
Andhra Pradesh,NTR,Tiruvuru APMC,Cereals,Paddy(Common),18-11-2025,63.00,Metric Tonnes
Andhra Pradesh,NTR,Tiruvuru APMC,Cereals,Paddy(Common),20-11-2025,69.00,Metric Tonnes
Andhra Pradesh,NTR,Tiruvuru APMC,Cereals,Paddy(Common),21-11-2025,80.00,Metric Tonnes
Andhra Pradesh,NTR,Tiruvuru APMC,Cereals,Paddy(Common),22-11-2025,65.00,Metric Tonnes
Andhra Pradesh,NTR,Tiruvuru APMC,Cereals,Paddy(Common),25-11-2025,65.00,Metric Tonnes
Andhra Pradesh,NTR,Tiruvuru APMC,Cereals,Paddy(Common),26-11-2025,46.00,Metric Tonnes
Andhra Pradesh,NTR,Tiruvuru APMC,Cereals,Paddy(Common),27-11-2025,56.00,Metric Tonnes
Andhra Pradesh,NTR,Tiruvuru APMC,Cereals,Paddy(Common),29-11-2025,42.00,Metric Tonnes
Andhra Pradesh,NTR,Tiruvuru APMC,Cereals,Paddy(Common),02-12-2025,47.80,Metric Tonnes
Andhra Pradesh,NTR,Tiruvuru APMC,Cereals,Paddy(Common),08-12-2025,56.00,Metric Tonnes
Andhra Pradesh,NTR,Tiruvuru APMC,Cereals,Paddy(Common),09-12-2025,45.00,Metric Tonnes
Andhra Pradesh,NTR,Tiruvuru APMC,Cereals,Paddy(Common),10-12-2025,25.00,Metric Tonnes
Andhra Pradesh,NTR,Tiruvuru APMC,Cereals,Paddy(Common),28-05-2026,48.00,Metric Tonnes
Andhra Pradesh,NTR,Tiruvuru APMC,Cereals,Paddy(Common),29-05-2026,18.00,Metric Tonnes
Andhra Pradesh,NTR,Tiruvuru APMC,Cereals,Paddy(Common),30-05-2026,58.00,Metric Tonnes
Andhra Pradesh,NTR,Tiruvuru APMC,Cereals,Paddy(Common),01-06-2026,24.50,Metric Tonnes
Andhra Pradesh,NTR,Tiruvuru APMC,Cereals,Paddy(Common),02-06-2026,10.00,Metric Tonnes
Andhra Pradesh,NTR,Tiruvuru APMC,Cereals,Paddy(Common),03-06-2026,24.00,Metric Tonnes
Andhra Pradesh,NTR,Tiruvuru APMC,Cereals,Paddy(Common),04-06-2026,40.00,Metric Tonnes
Andhra Pradesh,NTR,Tiruvuru APMC,Cereals,Paddy(Common),05-06-2026,40.00,Metric Tonnes
Andhra Pradesh,NTR,Tiruvuru APMC,Cereals,Paddy(Common),06-06-2026,46.00,Metric Tonnes
Andhra Pradesh,NTR,Tiruvuru APMC,Cereals,Paddy(Common),08-06-2026,26.00,Metric Tonnes
Andhra Pradesh,NTR,Tiruvuru APMC,Cereals,Paddy(Common),09-06-2026,50.00,Metric Tonnes
Andhra Pradesh,NTR,Tiruvuru APMC,Cereals,Paddy(Common),10-06-2026,27.00,Metric Tonnes
Andhra Pradesh,NTR,Tiruvuru APMC,Cereals,Paddy(Common),11-06-2026,80.00,Metric Tonnes
Andhra Pradesh,NTR,Tiruvuru APMC,Cereals,Paddy(Common),12-06-2026,60.00,Metric Tonnes
Andhra Pradesh,NTR,Tiruvuru APMC,Cereals,Paddy(Common),15-06-2026,56.00,Metric Tonnes
Andhra Pradesh,NTR,Tiruvuru APMC,Cereals,Paddy(Common),16-06-2026,21.00,Metric Tonnes
Andhra Pradesh,NTR,Tiruvuru APMC,Cereals,Paddy(Common),17-06-2026,40.00,Metric Tonnes
Andhra Pradesh,NTR,Tiruvuru APMC,Cereals,Paddy(Common),18-06-2026,110.00,Metric Tonnes
Andhra Pradesh,NTR,Tiruvuru APMC,Cereals,Paddy(Common),19-06-2026,40.00,Metric Tonnes
Andhra Pradesh,NTR,Tiruvuru APMC,Cereals,Paddy(Common),20-06-2026,18.00,Metric Tonnes
Andhra Pradesh,NTR,Tiruvuru APMC,Cereals,Paddy(Common),22-06-2026,11.00,Metric Tonnes
Andhra Pradesh,NTR,Tiruvuru APMC,Cereals,Paddy(Common),23-06-2026,111.00,Metric Tonnes
Andhra Pradesh,NTR,Tiruvuru APMC,Cereals,Paddy(Common),24-06-2026,23.00,Metric Tonnes
Andhra Pradesh,NTR,Tiruvuru APMC,Cereals,Paddy(Common),25-06-2026,19.00,Metric Tonnes
Andhra Pradesh,NTR,Tiruvuru APMC,Cereals,Paddy(Common),27-06-2026,24.00,Metric Tonnes
Andhra Pradesh,NTR,Tiruvuru APMC,Cereals,Paddy(Common),29-06-2026,40.00,Metric Tonnes
Andhra Pradesh,NTR,Tiruvuru APMC,Cereals,Paddy(Common),30-06-2026,36.00,Metric Tonnes
Andhra Pradesh,NTR,Tiruvuru APMC,Cereals,Paddy(Common),01-07-2026,500.00,Metric Tonnes
Andhra Pradesh,NTR,Tiruvuru APMC,Cereals,Paddy(Common),02-07-2026,16.00,Metric Tonnes
Andhra Pradesh,NTR,Tiruvuru APMC,Cereals,Paddy(Common),03-07-2026,29.50,Metric Tonnes
Andhra Pradesh,NTR,Tiruvuru APMC,Cereals,Paddy(Common),04-07-2026,30.00,Metric Tonnes
Andhra Pradesh,NTR,Tiruvuru APMC,Cereals,Paddy(Common),06-07-2026,18.00,Metric Tonnes
Andhra Pradesh,NTR,Tiruvuru APMC,Cereals,Paddy(Common),07-07-2026,55.00,Metric Tonnes
Andhra Pradesh,NTR,Tiruvuru APMC,Cereals,Paddy(Common),08-07-2026,40.00,Metric Tonnes
Andhra Pradesh,NTR,Tiruvuru APMC,Cereals,Paddy(Common),09-07-2026,56.00,Metric Tonnes
Andhra Pradesh,NTR,Tiruvuru APMC,Cereals,Paddy(Common),10-07-2026,56.00,Metric Tonnes
Andhra Pradesh,NTR,Tiruvuru APMC,Cereals,Paddy(Common),13-07-2026,60.00,Metric Tonnes
Andhra Pradesh,NTR,Tiruvuru APMC,Cereals,Paddy(Common),14-07-2026,22.00,Metric Tonnes
Andhra Pradesh,NTR,Tiruvuru APMC,Cereals,Paddy(Common),15-07-2026,59.00,Metric Tonnes
Andhra Pradesh,NTR,Tiruvuru APMC,Cereals,Paddy(Common),16-07-2026,55.00,Metric Tonnes
Andhra Pradesh,NTR,Tiruvuru APMC,Cereals,Paddy(Common),17-07-2026,40.00,Metric Tonnes
Andhra Pradesh,NTR,Tiruvuru APMC,Cereals,Paddy(Common),18-07-2026,40.00,Metric Tonnes
Andhra Pradesh,NTR,Tiruvuru APMC,Cereals,Paddy(Common),20-07-2026,26.00,Metric Tonnes
Andhra Pradesh,NTR,Tiruvuru APMC,Cereals,Paddy(Common),21-07-2026,125.00,Metric Tonnes
Andhra Pradesh,NTR,Tiruvuru APMC,Cereals,Paddy(Common),22-07-2026,90.00,Metric Tonnes
Andhra Pradesh,NTR,Tiruvuru APMC,Cereals,Paddy(Common),23-07-2026,90.00,Metric Tonnes
Andhra Pradesh,NTR,Tiruvuru APMC,Cereals,Paddy(Common),24-07-2026,120.00,Metric Tonnes
Andhra Pradesh,NTR,Tiruvuru APMC,Cereals,Paddy(Common),25-07-2026,160.00,Metric Tonnes
Andhra Pradesh,NTR,Tiruvuru APMC,Cereals,Paddy(Common),26-07-2026,155.00,Metric Tonnes
Andhra Pradesh,NTR,Tiruvuru APMC,Cereals,Paddy(Common),27-07-2026,110.00,Metric Tonnes
Andhra Pradesh,NTR,Tiruvuru APMC,Cereals,Paddy(Common),28-07-2026,110.00,Metric Tonnes
Andhra Pradesh,NTR,Tiruvuru APMC,Cereals,Paddy(Common),29-07-2026,136.00,Metric Tonnes
Andhra Pradesh,NTR,Tiruvuru APMC,Cereals,Paddy(Common),30-07-2026,100.00,Metric Tonnes
Andhra Pradesh,NTR,Tiruvuru APMC,Cereals,Paddy(Common),31-07-2026,65.00,Metric Tonnes
Andhra Pradesh,NTR,Tiruvuru APMC,Cereals,Paddy(Common),01-08-2026,110.00,Metric Tonnes
Andhra Pradesh,NTR,Tiruvuru APMC,Cereals,Paddy(Common),02-08-2026,46.00,Metric Tonnes
Andhra Pradesh,NTR,Tiruvuru APMC,Cereals,Paddy(Common),03-08-2026,100.00,Metric Tonnes
Andhra Pradesh,NTR,Tiruvuru APMC,Cereals,Paddy(Common),04-08-2026,100.00,Metric Tonnes
Andhra Pradesh,NTR,Tiruvuru APMC,Cereals,Paddy(Common),05-08-2026,600.00,Metric Tonnes
Andhra Pradesh,NTR,Tiruvuru APMC,Cereals,Paddy(Common),06-08-2026,80.00,Metric Tonnes
Andhra Pradesh,NTR,Tiruvuru APMC,Cereals,Paddy(Common),07-08-2026,60.00,Metric Tonnes
Andhra Pradesh,NTR,Vijayawada APMC,Cereals,Paddy(Common),22-07-2026,0.08,Metric Tonnes
Andhra Pradesh,NTR,Vijayawada APMC,Cereals,Paddy(Common),23-07-2026,0.10,Metric Tonnes
Andhra Pradesh,NTR,Vijayawada APMC,Cereals,Paddy(Common),24-07-2026,0.10,Metric Tonnes
Andhra Pradesh,NTR,Vijayawada APMC,Cereals,Paddy(Common),25-07-2026,0.10,Metric Tonnes
Andhra Pradesh,NTR,Vijayawada APMC,Cereals,Paddy(Common),26-07-2026,0.10,Metric Tonnes
Andhra Pradesh,NTR,Vijayawada APMC,Cereals,Paddy(Common),27-07-2026,0.10,Metric Tonnes
Andhra Pradesh,NTR,Vijayawada APMC,Cereals,Paddy(Common),28-07-2026,0.10,Metric Tonnes
Andhra Pradesh,NTR,Vijayawada APMC,Cereals,Paddy(Common),30-07-2026,0.10,Metric Tonnes
Andhra Pradesh,NTR,Vijayawada APMC,Cereals,Paddy(Common),31-07-2026,0.10,Metric Tonnes
Andhra Pradesh,NTR,Vijayawada APMC,Cereals,Paddy(Common),01-08-2026,0.10,Metric Tonnes
Andhra Pradesh,NTR,Vijayawada APMC,Cereals,Paddy(Common),02-08-2026,0.10,Metric Tonnes
Andhra Pradesh,NTR,Vijayawada APMC,Cereals,Paddy(Common),03-08-2026,0.10,Metric Tonnes
Andhra Pradesh,NTR,Vijayawada APMC,Cereals,Paddy(Common),04-08-2026,0.10,Metric Tonnes
Andhra Pradesh,NTR,Vijayawada APMC,Cereals,Paddy(Common),05-08-2026,0.10,Metric Tonnes
Andhra Pradesh,NTR,Vijayawada APMC,Cereals,Paddy(Common),06-08-2026,0.10,Metric Tonnes
Andhra Pradesh,NTR,Vijayawada APMC,Cereals,Paddy(Common),07-08-2026,0.10,Metric Tonnes
Andhra Pradesh,Nandyal,Atmakur (Nandyal District) APMC,Cereals,Paddy(Common),06-01-2021,0.01,Metric Tonnes
Andhra Pradesh,Nandyal,Atmakur (Nandyal District) APMC,Cereals,Paddy(Common),07-01-2021,0.01,Metric Tonnes
Andhra Pradesh,Nandyal,Atmakur (Nandyal District) APMC,Cereals,Paddy(Common),08-01-2021,0.01,Metric Tonnes
Andhra Pradesh,Nandyal,Atmakur (Nandyal District) APMC,Cereals,Paddy(Common),09-01-2021,0.01,Metric Tonnes
Andhra Pradesh,Nandyal,Atmakur (Nandyal District) APMC,Cereals,Paddy(Common),10-01-2021,0.01,Metric Tonnes
Andhra Pradesh,Nandyal,Atmakur (Nandyal District) APMC,Cereals,Paddy(Common),11-01-2021,0.01,Metric Tonnes
Andhra Pradesh,Nandyal,Atmakur (Nandyal District) APMC,Cereals,Paddy(Common),12-01-2021,0.01,Metric Tonnes
Andhra Pradesh,Nandyal,Atmakur (Nandyal District) APMC,Cereals,Paddy(Common),13-01-2021,0.01,Metric Tonnes
Andhra Pradesh,Nandyal,Atmakur (Nandyal District) APMC,Cereals,Paddy(Common),14-01-2021,0.01,Metric Tonnes
Andhra Pradesh,Nandyal,Atmakur (Nandyal District) APMC,Cereals,Paddy(Common),15-01-2021,0.01,Metric Tonnes
Andhra Pradesh,Nandyal,Atmakur (Nandyal District) APMC,Cereals,Paddy(Common),16-01-2021,0.01,Metric Tonnes
Andhra Pradesh,Nandyal,Atmakur (Nandyal District) APMC,Cereals,Paddy(Common),17-01-2021,0.01,Metric Tonnes
Andhra Pradesh,Nandyal,Atmakur (Nandyal District) APMC,Cereals,Paddy(Common),18-01-2021,0.01,Metric Tonnes
Andhra Pradesh,Nandyal,Atmakur (Nandyal District) APMC,Cereals,Paddy(Common),19-01-2021,0.01,Metric Tonnes
Andhra Pradesh,Nandyal,Atmakur (Nandyal District) APMC,Cereals,Paddy(Common),20-01-2021,0.01,Metric Tonnes
Andhra Pradesh,Nandyal,Atmakur (Nandyal District) APMC,Cereals,Paddy(Common),21-01-2021,0.01,Metric Tonnes
Andhra Pradesh,Nandyal,Atmakur (Nandyal District) APMC,Cereals,Paddy(Common),22-01-2021,0.01,Metric Tonnes
Andhra Pradesh,Nandyal,Atmakur (Nandyal District) APMC,Cereals,Paddy(Common),23-01-2021,0.01,Metric Tonnes
Andhra Pradesh,Nandyal,Atmakur (Nandyal District) APMC,Cereals,Paddy(Common),24-01-2021,0.01,Metric Tonnes
Andhra Pradesh,Nandyal,Atmakur (Nandyal District) APMC,Cereals,Paddy(Common),25-01-2021,0.01,Metric Tonnes
Andhra Pradesh,Nandyal,Atmakur (Nandyal District) APMC,Cereals,Paddy(Common),26-01-2021,0.01,Metric Tonnes
Andhra Pradesh,Nandyal,Atmakur (Nandyal District) APMC,Cereals,Paddy(Common),27-01-2021,0.01,Metric Tonnes
Andhra Pradesh,Nandyal,Atmakur (Nandyal District) APMC,Cereals,Paddy(Common),28-01-2021,0.01,Metric Tonnes
Andhra Pradesh,Nandyal,Atmakur (Nandyal District) APMC,Cereals,Paddy(Common),29-01-2021,0.01,Metric Tonnes
Andhra Pradesh,Nandyal,Atmakur (Nandyal District) APMC,Cereals,Paddy(Common),30-01-2021,0.01,Metric Tonnes
Andhra Pradesh,Nandyal,Atmakur (Nandyal District) APMC,Cereals,Paddy(Common),31-01-2021,0.01,Metric Tonnes
Andhra Pradesh,Nandyal,Atmakur (Nandyal District) APMC,Cereals,Paddy(Common),05-02-2021,0.01,Metric Tonnes
Andhra Pradesh,Nandyal,Atmakur (Nandyal District) APMC,Cereals,Paddy(Common),06-02-2021,0.01,Metric Tonnes
Andhra Pradesh,Nandyal,Atmakur (Nandyal District) APMC,Cereals,Paddy(Common),12-02-2021,0.01,Metric Tonnes
Andhra Pradesh,Nandyal,Atmakur (Nandyal District) APMC,Cereals,Paddy(Common),13-02-2021,0.01,Metric Tonnes
Andhra Pradesh,Nandyal,Atmakur (Nandyal District) APMC,Cereals,Paddy(Common),14-02-2021,0.01,Metric Tonnes
Andhra Pradesh,Nandyal,Atmakur (Nandyal District) APMC,Cereals,Paddy(Common),15-02-2021,0.01,Metric Tonnes
Andhra Pradesh,Nandyal,Atmakur (Nandyal District) APMC,Cereals,Paddy(Common),16-02-2021,0.01,Metric Tonnes
Andhra Pradesh,Nandyal,Atmakur (Nandyal District) APMC,Cereals,Paddy(Common),17-02-2021,0.01,Metric Tonnes
Andhra Pradesh,Nandyal,Atmakur (Nandyal District) APMC,Cereals,Paddy(Common),18-02-2021,0.01,Metric Tonnes
Andhra Pradesh,Nandyal,Atmakur (Nandyal District) APMC,Cereals,Paddy(Common),19-02-2021,0.01,Metric Tonnes
Andhra Pradesh,Nandyal,Atmakur (Nandyal District) APMC,Cereals,Paddy(Common),20-02-2021,0.01,Metric Tonnes
Andhra Pradesh,Nandyal,Atmakur (Nandyal District) APMC,Cereals,Paddy(Common),21-02-2021,0.01,Metric Tonnes
Andhra Pradesh,Nandyal,Atmakur (Nandyal District) APMC,Cereals,Paddy(Common),22-02-2021,0.01,Metric Tonnes
Andhra Pradesh,Nandyal,Atmakur (Nandyal District) APMC,Cereals,Paddy(Common),23-02-2021,0.01,Metric Tonnes
Andhra Pradesh,Nandyal,Atmakur (Nandyal District) APMC,Cereals,Paddy(Common),24-02-2021,0.01,Metric Tonnes
Andhra Pradesh,Nandyal,Atmakur (Nandyal District) APMC,Cereals,Paddy(Common),25-02-2021,0.01,Metric Tonnes
Andhra Pradesh,Nandyal,Atmakur (Nandyal District) APMC,Cereals,Paddy(Common),26-02-2021,0.01,Metric Tonnes
Andhra Pradesh,Nandyal,Atmakur (Nandyal District) APMC,Cereals,Paddy(Common),27-02-2021,0.01,Metric Tonnes
Andhra Pradesh,Nandyal,Atmakur (Nandyal District) APMC,Cereals,Paddy(Common),28-02-2021,0.01,Metric Tonnes
Andhra Pradesh,Nandyal,Atmakur (Nandyal District) APMC,Cereals,Paddy(Common),04-03-2021,0.01,Metric Tonnes
Andhra Pradesh,Nandyal,Atmakur (Nandyal District) APMC,Cereals,Paddy(Common),05-03-2021,0.01,Metric Tonnes
Andhra Pradesh,Nandyal,Atmakur (Nandyal District) APMC,Cereals,Paddy(Common),06-03-2021,0.01,Metric Tonnes
Andhra Pradesh,Nandyal,Atmakur (Nandyal District) APMC,Cereals,Paddy(Common),07-03-2021,0.01,Metric Tonnes
Andhra Pradesh,Nandyal,Atmakur (Nandyal District) APMC,Cereals,Paddy(Common),08-03-2021,0.01,Metric Tonnes
Andhra Pradesh,Nandyal,Atmakur (Nandyal District) APMC,Cereals,Paddy(Common),09-03-2021,0.01,Metric Tonnes
Andhra Pradesh,Nandyal,Atmakur (Nandyal District) APMC,Cereals,Paddy(Common),10-03-2021,0.01,Metric Tonnes
Andhra Pradesh,Nandyal,Atmakur (Nandyal District) APMC,Cereals,Paddy(Common),11-03-2021,0.01,Metric Tonnes
Andhra Pradesh,Nandyal,Atmakur (Nandyal District) APMC,Cereals,Paddy(Common),12-03-2021,0.01,Metric Tonnes
Andhra Pradesh,Nandyal,Atmakur (Nandyal District) APMC,Cereals,Paddy(Common),13-03-2021,0.01,Metric Tonnes
Andhra Pradesh,Nandyal,Atmakur (Nandyal District) APMC,Cereals,Paddy(Common),14-03-2021,0.01,Metric Tonnes
Andhra Pradesh,Nandyal,Atmakur (Nandyal District) APMC,Cereals,Paddy(Common),15-03-2021,0.01,Metric Tonnes
Andhra Pradesh,Nandyal,Atmakur (Nandyal District) APMC,Cereals,Paddy(Common),16-03-2021,0.01,Metric Tonnes
Andhra Pradesh,Nandyal,Atmakur (Nandyal District) APMC,Cereals,Paddy(Common),17-03-2021,0.01,Metric Tonnes
Andhra Pradesh,Nandyal,Atmakur (Nandyal District) APMC,Cereals,Paddy(Common),18-03-2021,0.01,Metric Tonnes
Andhra Pradesh,Nandyal,Atmakur (Nandyal District) APMC,Cereals,Paddy(Common),19-03-2021,0.01,Metric Tonnes
Andhra Pradesh,Nandyal,Atmakur (Nandyal District) APMC,Cereals,Paddy(Common),20-03-2021,0.01,Metric Tonnes
Andhra Pradesh,Nandyal,Atmakur (Nandyal District) APMC,Cereals,Paddy(Common),21-03-2021,0.01,Metric Tonnes
Andhra Pradesh,Nandyal,Atmakur (Nandyal District) APMC,Cereals,Paddy(Common),22-03-2021,0.01,Metric Tonnes
Andhra Pradesh,Nandyal,Atmakur (Nandyal District) APMC,Cereals,Paddy(Common),23-03-2021,0.01,Metric Tonnes
Andhra Pradesh,Nandyal,Atmakur (Nandyal District) APMC,Cereals,Paddy(Common),24-03-2021,0.01,Metric Tonnes
Andhra Pradesh,Nandyal,Atmakur (Nandyal District) APMC,Cereals,Paddy(Common),25-03-2021,0.01,Metric Tonnes
Andhra Pradesh,Nandyal,Atmakur (Nandyal District) APMC,Cereals,Paddy(Common),26-03-2021,0.01,Metric Tonnes
Andhra Pradesh,Nandyal,Atmakur (Nandyal District) APMC,Cereals,Paddy(Common),27-03-2021,0.01,Metric Tonnes
Andhra Pradesh,Nandyal,Atmakur (Nandyal District) APMC,Cereals,Paddy(Common),28-03-2021,0.01,Metric Tonnes
Andhra Pradesh,Nandyal,Atmakur (Nandyal District) APMC,Cereals,Paddy(Common),29-03-2021,0.01,Metric Tonnes
Andhra Pradesh,Nandyal,Atmakur (Nandyal District) APMC,Cereals,Paddy(Common),30-03-2021,0.01,Metric Tonnes
Andhra Pradesh,Nandyal,Atmakur (Nandyal District) APMC,Cereals,Paddy(Common),31-03-2021,0.01,Metric Tonnes
Andhra Pradesh,Nandyal,Atmakur (Nandyal District) APMC,Cereals,Paddy(Common),07-04-2021,0.01,Metric Tonnes
Andhra Pradesh,Nandyal,Atmakur (Nandyal District) APMC,Cereals,Paddy(Common),08-04-2021,0.01,Metric Tonnes
Andhra Pradesh,Nandyal,Atmakur (Nandyal District) APMC,Cereals,Paddy(Common),09-04-2021,0.01,Metric Tonnes
Andhra Pradesh,Nandyal,Atmakur (Nandyal District) APMC,Cereals,Paddy(Common),10-04-2021,0.01,Metric Tonnes
Andhra Pradesh,Nandyal,Atmakur (Nandyal District) APMC,Cereals,Paddy(Common),11-04-2021,0.01,Metric Tonnes
Andhra Pradesh,Nandyal,Atmakur (Nandyal District) APMC,Cereals,Paddy(Common),12-04-2021,0.01,Metric Tonnes
Andhra Pradesh,Nandyal,Atmakur (Nandyal District) APMC,Cereals,Paddy(Common),13-04-2021,0.01,Metric Tonnes
Andhra Pradesh,Nandyal,Atmakur (Nandyal District) APMC,Cereals,Paddy(Common),14-04-2021,0.01,Metric Tonnes
Andhra Pradesh,Nandyal,Atmakur (Nandyal District) APMC,Cereals,Paddy(Common),15-04-2021,0.01,Metric Tonnes
Andhra Pradesh,Nandyal,Atmakur (Nandyal District) APMC,Cereals,Paddy(Common),16-04-2021,0.01,Metric Tonnes
Andhra Pradesh,Nandyal,Atmakur (Nandyal District) APMC,Cereals,Paddy(Common),17-04-2021,0.01,Metric Tonnes
Andhra Pradesh,Nandyal,Atmakur (Nandyal District) APMC,Cereals,Paddy(Common),18-04-2021,0.01,Metric Tonnes
Andhra Pradesh,Nandyal,Atmakur (Nandyal District) APMC,Cereals,Paddy(Common),19-04-2021,0.01,Metric Tonnes
Andhra Pradesh,Nandyal,Atmakur (Nandyal District) APMC,Cereals,Paddy(Common),20-04-2021,0.01,Metric Tonnes
Andhra Pradesh,Nandyal,Atmakur (Nandyal District) APMC,Cereals,Paddy(Common),21-04-2021,0.01,Metric Tonnes
Andhra Pradesh,Nandyal,Atmakur (Nandyal District) APMC,Cereals,Paddy(Common),22-04-2021,0.01,Metric Tonnes
Andhra Pradesh,Nandyal,Atmakur (Nandyal District) APMC,Cereals,Paddy(Common),23-04-2021,0.01,Metric Tonnes
Andhra Pradesh,Nandyal,Atmakur (Nandyal District) APMC,Cereals,Paddy(Common),24-04-2021,0.01,Metric Tonnes
Andhra Pradesh,Nandyal,Atmakur (Nandyal District) APMC,Cereals,Paddy(Common),25-04-2021,0.01,Metric Tonnes
Andhra Pradesh,Nandyal,Atmakur (Nandyal District) APMC,Cereals,Paddy(Common),26-04-2021,0.01,Metric Tonnes
Andhra Pradesh,Nandyal,Atmakur (Nandyal District) APMC,Cereals,Paddy(Common),27-04-2021,0.01,Metric Tonnes
Andhra Pradesh,Nandyal,Atmakur (Nandyal District) APMC,Cereals,Paddy(Common),28-04-2021,0.01,Metric Tonnes
Andhra Pradesh,Nandyal,Atmakur (Nandyal District) APMC,Cereals,Paddy(Common),29-04-2021,0.01,Metric Tonnes
Andhra Pradesh,Nandyal,Atmakur (Nandyal District) APMC,Cereals,Paddy(Common),30-04-2021,0.01,Metric Tonnes
Andhra Pradesh,Nandyal,Atmakur (Nandyal District) APMC,Cereals,Paddy(Common),04-05-2021,0.01,Metric Tonnes
Andhra Pradesh,Nandyal,Atmakur (Nandyal District) APMC,Cereals,Paddy(Common),05-05-2021,0.01,Metric Tonnes
Andhra Pradesh,Nandyal,Atmakur (Nandyal District) APMC,Cereals,Paddy(Common),06-05-2021,0.01,Metric Tonnes
Andhra Pradesh,Nandyal,Atmakur (Nandyal District) APMC,Cereals,Paddy(Common),07-05-2021,0.01,Metric Tonnes
Andhra Pradesh,Nandyal,Atmakur (Nandyal District) APMC,Cereals,Paddy(Common),08-05-2021,0.01,Metric Tonnes
Andhra Pradesh,Nandyal,Atmakur (Nandyal District) APMC,Cereals,Paddy(Common),09-05-2021,0.01,Metric Tonnes
Andhra Pradesh,Nandyal,Atmakur (Nandyal District) APMC,Cereals,Paddy(Common),10-05-2021,0.01,Metric Tonnes
Andhra Pradesh,Nandyal,Atmakur (Nandyal District) APMC,Cereals,Paddy(Common),11-05-2021,0.01,Metric Tonnes
Andhra Pradesh,Nandyal,Atmakur (Nandyal District) APMC,Cereals,Paddy(Common),12-05-2021,0.01,Metric Tonnes
Andhra Pradesh,Nandyal,Atmakur (Nandyal District) APMC,Cereals,Paddy(Common),14-05-2021,0.01,Metric Tonnes
Andhra Pradesh,Nandyal,Atmakur (Nandyal District) APMC,Cereals,Paddy(Common),15-05-2021,0.01,Metric Tonnes
Andhra Pradesh,Nandyal,Atmakur (Nandyal District) APMC,Cereals,Paddy(Common),16-05-2021,0.01,Metric Tonnes
Andhra Pradesh,Nandyal,Atmakur (Nandyal District) APMC,Cereals,Paddy(Common),17-05-2021,0.01,Metric Tonnes
Andhra Pradesh,Nandyal,Atmakur (Nandyal District) APMC,Cereals,Paddy(Common),18-05-2021,0.01,Metric Tonnes
Andhra Pradesh,Nandyal,Atmakur (Nandyal District) APMC,Cereals,Paddy(Common),19-05-2021,0.01,Metric Tonnes
Andhra Pradesh,Nandyal,Atmakur (Nandyal District) APMC,Cereals,Paddy(Common),20-05-2021,0.01,Metric Tonnes
Andhra Pradesh,Nandyal,Atmakur (Nandyal District) APMC,Cereals,Paddy(Common),21-05-2021,0.01,Metric Tonnes
Andhra Pradesh,Nandyal,Atmakur (Nandyal District) APMC,Cereals,Paddy(Common),22-05-2021,0.01,Metric Tonnes
Andhra Pradesh,Nandyal,Atmakur (Nandyal District) APMC,Cereals,Paddy(Common),23-05-2021,0.01,Metric Tonnes
Andhra Pradesh,Nandyal,Atmakur (Nandyal District) APMC,Cereals,Paddy(Common),24-05-2021,0.01,Metric Tonnes
Andhra Pradesh,Nandyal,Atmakur (Nandyal District) APMC,Cereals,Paddy(Common),25-05-2021,0.01,Metric Tonnes
Andhra Pradesh,Nandyal,Atmakur (Nandyal District) APMC,Cereals,Paddy(Common),26-05-2021,0.01,Metric Tonnes
Andhra Pradesh,Nandyal,Atmakur (Nandyal District) APMC,Cereals,Paddy(Common),27-05-2021,0.01,Metric Tonnes
Andhra Pradesh,Nandyal,Atmakur (Nandyal District) APMC,Cereals,Paddy(Common),28-05-2021,0.01,Metric Tonnes
Andhra Pradesh,Nandyal,Atmakur (Nandyal District) APMC,Cereals,Paddy(Common),31-05-2021,0.01,Metric Tonnes
Andhra Pradesh,Nandyal,Atmakur (Nandyal District) APMC,Cereals,Paddy(Common),05-06-2021,0.01,Metric Tonnes
Andhra Pradesh,Nandyal,Atmakur (Nandyal District) APMC,Cereals,Paddy(Common),06-06-2021,0.01,Metric Tonnes
Andhra Pradesh,Nandyal,Atmakur (Nandyal District) APMC,Cereals,Paddy(Common),07-06-2021,0.01,Metric Tonnes
Andhra Pradesh,Nandyal,Atmakur (Nandyal District) APMC,Cereals,Paddy(Common),08-06-2021,0.01,Metric Tonnes
Andhra Pradesh,Nandyal,Atmakur (Nandyal District) APMC,Cereals,Paddy(Common),09-06-2021,0.01,Metric Tonnes
Andhra Pradesh,Nandyal,Atmakur (Nandyal District) APMC,Cereals,Paddy(Common),10-06-2021,0.01,Metric Tonnes
Andhra Pradesh,Nandyal,Atmakur (Nandyal District) APMC,Cereals,Paddy(Common),11-06-2021,0.01,Metric Tonnes
Andhra Pradesh,Nandyal,Atmakur (Nandyal District) APMC,Cereals,Paddy(Common),12-06-2021,0.01,Metric Tonnes
Andhra Pradesh,Nandyal,Atmakur (Nandyal District) APMC,Cereals,Paddy(Common),13-06-2021,0.01,Metric Tonnes
Andhra Pradesh,Nandyal,Atmakur (Nandyal District) APMC,Cereals,Paddy(Common),14-06-2021,0.01,Metric Tonnes
Andhra Pradesh,Nandyal,Atmakur (Nandyal District) APMC,Cereals,Paddy(Common),15-06-2021,0.01,Metric Tonnes
Andhra Pradesh,Nandyal,Atmakur (Nandyal District) APMC,Cereals,Paddy(Common),16-06-2021,0.01,Metric Tonnes
Andhra Pradesh,Nandyal,Atmakur (Nandyal District) APMC,Cereals,Paddy(Common),17-06-2021,0.01,Metric Tonnes
Andhra Pradesh,Nandyal,Atmakur (Nandyal District) APMC,Cereals,Paddy(Common),18-06-2021,0.01,Metric Tonnes
Andhra Pradesh,Nandyal,Atmakur (Nandyal District) APMC,Cereals,Paddy(Common),19-06-2021,0.01,Metric Tonnes
Andhra Pradesh,Nandyal,Atmakur (Nandyal District) APMC,Cereals,Paddy(Common),20-06-2021,0.01,Metric Tonnes
Andhra Pradesh,Nandyal,Atmakur (Nandyal District) APMC,Cereals,Paddy(Common),21-06-2021,0.01,Metric Tonnes
Andhra Pradesh,Nandyal,Atmakur (Nandyal District) APMC,Cereals,Paddy(Common),22-06-2021,0.01,Metric Tonnes
Andhra Pradesh,Nandyal,Atmakur (Nandyal District) APMC,Cereals,Paddy(Common),23-06-2021,0.01,Metric Tonnes
Andhra Pradesh,Nandyal,Atmakur (Nandyal District) APMC,Cereals,Paddy(Common),24-06-2021,0.01,Metric Tonnes
Andhra Pradesh,Nandyal,Atmakur (Nandyal District) APMC,Cereals,Paddy(Common),25-06-2021,0.01,Metric Tonnes
Andhra Pradesh,Nandyal,Atmakur (Nandyal District) APMC,Cereals,Paddy(Common),26-06-2021,0.01,Metric Tonnes
Andhra Pradesh,Nandyal,Atmakur (Nandyal District) APMC,Cereals,Paddy(Common),27-06-2021,0.01,Metric Tonnes
Andhra Pradesh,Nandyal,Atmakur (Nandyal District) APMC,Cereals,Paddy(Common),28-06-2021,0.01,Metric Tonnes
Andhra Pradesh,Nandyal,Atmakur (Nandyal District) APMC,Cereals,Paddy(Common),29-06-2021,0.01,Metric Tonnes
Andhra Pradesh,Nandyal,Atmakur (Nandyal District) APMC,Cereals,Paddy(Common),30-06-2021,0.01,Metric Tonnes
Andhra Pradesh,Nandyal,Atmakur (Nandyal District) APMC,Cereals,Paddy(Common),04-07-2021,0.01,Metric Tonnes
Andhra Pradesh,Nandyal,Atmakur (Nandyal District) APMC,Cereals,Paddy(Common),05-07-2021,0.01,Metric Tonnes
Andhra Pradesh,Nandyal,Atmakur (Nandyal District) APMC,Cereals,Paddy(Common),06-07-2021,0.01,Metric Tonnes
Andhra Pradesh,Nandyal,Atmakur (Nandyal District) APMC,Cereals,Paddy(Common),07-07-2021,0.01,Metric Tonnes
Andhra Pradesh,Nandyal,Atmakur (Nandyal District) APMC,Cereals,Paddy(Common),08-07-2021,0.01,Metric Tonnes
Andhra Pradesh,Nandyal,Atmakur (Nandyal District) APMC,Cereals,Paddy(Common),09-07-2021,0.01,Metric Tonnes
Andhra Pradesh,Nandyal,Atmakur (Nandyal District) APMC,Cereals,Paddy(Common),10-07-2021,0.01,Metric Tonnes
Andhra Pradesh,Nandyal,Atmakur (Nandyal District) APMC,Cereals,Paddy(Common),11-07-2021,0.01,Metric Tonnes
Andhra Pradesh,Nandyal,Atmakur (Nandyal District) APMC,Cereals,Paddy(Common),12-07-2021,0.01,Metric Tonnes
Andhra Pradesh,Nandyal,Atmakur (Nandyal District) APMC,Cereals,Paddy(Common),13-07-2021,0.01,Metric Tonnes
Andhra Pradesh,Nandyal,Atmakur (Nandyal District) APMC,Cereals,Paddy(Common),14-07-2021,0.01,Metric Tonnes
Andhra Pradesh,Nandyal,Atmakur (Nandyal District) APMC,Cereals,Paddy(Common),15-07-2021,0.01,Metric Tonnes
Andhra Pradesh,Nandyal,Atmakur (Nandyal District) APMC,Cereals,Paddy(Common),16-07-2021,0.01,Metric Tonnes
Andhra Pradesh,Nandyal,Atmakur (Nandyal District) APMC,Cereals,Paddy(Common),17-07-2021,0.01,Metric Tonnes
Andhra Pradesh,Nandyal,Atmakur (Nandyal District) APMC,Cereals,Paddy(Common),18-07-2021,0.01,Metric Tonnes
Andhra Pradesh,Nandyal,Atmakur (Nandyal District) APMC,Cereals,Paddy(Common),19-07-2021,0.01,Metric Tonnes
Andhra Pradesh,Nandyal,Atmakur (Nandyal District) APMC,Cereals,Paddy(Common),20-07-2021,0.01,Metric Tonnes
Andhra Pradesh,Nandyal,Atmakur (Nandyal District) APMC,Cereals,Paddy(Common),21-07-2021,0.01,Metric Tonnes
Andhra Pradesh,Nandyal,Atmakur (Nandyal District) APMC,Cereals,Paddy(Common),22-07-2021,0.01,Metric Tonnes
Andhra Pradesh,Nandyal,Atmakur (Nandyal District) APMC,Cereals,Paddy(Common),23-07-2021,0.01,Metric Tonnes
Andhra Pradesh,Nandyal,Atmakur (Nandyal District) APMC,Cereals,Paddy(Common),24-07-2021,0.01,Metric Tonnes
Andhra Pradesh,Nandyal,Atmakur (Nandyal District) APMC,Cereals,Paddy(Common),25-07-2021,0.01,Metric Tonnes
Andhra Pradesh,Nandyal,Atmakur (Nandyal District) APMC,Cereals,Paddy(Common),26-07-2021,0.01,Metric Tonnes
Andhra Pradesh,Nandyal,Atmakur (Nandyal District) APMC,Cereals,Paddy(Common),27-07-2021,0.01,Metric Tonnes
Andhra Pradesh,Nandyal,Atmakur (Nandyal District) APMC,Cereals,Paddy(Common),28-07-2021,0.01,Metric Tonnes
Andhra Pradesh,Nandyal,Atmakur (Nandyal District) APMC,Cereals,Paddy(Common),29-07-2021,0.01,Metric Tonnes
Andhra Pradesh,Nandyal,Atmakur (Nandyal District) APMC,Cereals,Paddy(Common),30-07-2021,0.01,Metric Tonnes
Andhra Pradesh,Nandyal,Atmakur (Nandyal District) APMC,Cereals,Paddy(Common),31-07-2021,0.01,Metric Tonnes
Andhra Pradesh,Nandyal,Atmakur (Nandyal District) APMC,Cereals,Paddy(Common),08-08-2021,0.01,Metric Tonnes
Andhra Pradesh,Nandyal,Atmakur (Nandyal District) APMC,Cereals,Paddy(Common),09-08-2021,0.01,Metric Tonnes
Andhra Pradesh,Nandyal,Atmakur (Nandyal District) APMC,Cereals,Paddy(Common),10-08-2021,0.01,Metric Tonnes
Andhra Pradesh,Nandyal,Atmakur (Nandyal District) APMC,Cereals,Paddy(Common),11-08-2021,0.01,Metric Tonnes
Andhra Pradesh,Nandyal,Atmakur (Nandyal District) APMC,Cereals,Paddy(Common),12-08-2021,0.01,Metric Tonnes
Andhra Pradesh,Nandyal,Atmakur (Nandyal District) APMC,Cereals,Paddy(Common),13-08-2021,0.01,Metric Tonnes
Andhra Pradesh,Nandyal,Atmakur (Nandyal District) APMC,Cereals,Paddy(Common),14-08-2021,0.01,Metric Tonnes
Andhra Pradesh,Nandyal,Atmakur (Nandyal District) APMC,Cereals,Paddy(Common),15-08-2021,0.01,Metric Tonnes
Andhra Pradesh,Nandyal,Atmakur (Nandyal District) APMC,Cereals,Paddy(Common),16-08-2021,0.01,Metric Tonnes
Andhra Pradesh,Nandyal,Atmakur (Nandyal District) APMC,Cereals,Paddy(Common),17-08-2021,0.01,Metric Tonnes
Andhra Pradesh,Nandyal,Atmakur (Nandyal District) APMC,Cereals,Paddy(Common),18-08-2021,0.01,Metric Tonnes
Andhra Pradesh,Nandyal,Atmakur (Nandyal District) APMC,Cereals,Paddy(Common),19-08-2021,0.01,Metric Tonnes
Andhra Pradesh,Nandyal,Atmakur (Nandyal District) APMC,Cereals,Paddy(Common),20-08-2021,0.01,Metric Tonnes
Andhra Pradesh,Nandyal,Atmakur (Nandyal District) APMC,Cereals,Paddy(Common),21-08-2021,0.01,Metric Tonnes
Andhra Pradesh,Nandyal,Atmakur (Nandyal District) APMC,Cereals,Paddy(Common),22-08-2021,0.01,Metric Tonnes
Andhra Pradesh,Nandyal,Atmakur (Nandyal District) APMC,Cereals,Paddy(Common),23-08-2021,0.01,Metric Tonnes
Andhra Pradesh,Nandyal,Atmakur (Nandyal District) APMC,Cereals,Paddy(Common),24-08-2021,0.01,Metric Tonnes
Andhra Pradesh,Nandyal,Atmakur (Nandyal District) APMC,Cereals,Paddy(Common),25-08-2021,0.01,Metric Tonnes
Andhra Pradesh,Nandyal,Atmakur (Nandyal District) APMC,Cereals,Paddy(Common),26-08-2021,0.01,Metric Tonnes
Andhra Pradesh,Nandyal,Atmakur (Nandyal District) APMC,Cereals,Paddy(Common),27-08-2021,0.01,Metric Tonnes
Andhra Pradesh,Nandyal,Atmakur (Nandyal District) APMC,Cereals,Paddy(Common),28-08-2021,0.01,Metric Tonnes
Andhra Pradesh,Nandyal,Atmakur (Nandyal District) APMC,Cereals,Paddy(Common),29-08-2021,0.01,Metric Tonnes
Andhra Pradesh,Nandyal,Atmakur (Nandyal District) APMC,Cereals,Paddy(Common),30-08-2021,0.01,Metric Tonnes
Andhra Pradesh,Nandyal,Atmakur (Nandyal District) APMC,Cereals,Paddy(Common),31-08-2021,0.01,Metric Tonnes
Andhra Pradesh,Nandyal,Atmakur (Nandyal District) APMC,Cereals,Paddy(Common),08-09-2021,0.01,Metric Tonnes
Andhra Pradesh,Nandyal,Atmakur (Nandyal District) APMC,Cereals,Paddy(Common),09-09-2021,0.01,Metric Tonnes
Andhra Pradesh,Nandyal,Atmakur (Nandyal District) APMC,Cereals,Paddy(Common),10-09-2021,0.01,Metric Tonnes
Andhra Pradesh,Nandyal,Atmakur (Nandyal District) APMC,Cereals,Paddy(Common),11-09-2021,0.01,Metric Tonnes
Andhra Pradesh,Nandyal,Atmakur (Nandyal District) APMC,Cereals,Paddy(Common),12-09-2021,0.01,Metric Tonnes
Andhra Pradesh,Nandyal,Atmakur (Nandyal District) APMC,Cereals,Paddy(Common),13-09-2021,0.01,Metric Tonnes
Andhra Pradesh,Nandyal,Atmakur (Nandyal District) APMC,Cereals,Paddy(Common),14-09-2021,0.01,Metric Tonnes
Andhra Pradesh,Nandyal,Atmakur (Nandyal District) APMC,Cereals,Paddy(Common),15-09-2021,0.01,Metric Tonnes
Andhra Pradesh,Nandyal,Atmakur (Nandyal District) APMC,Cereals,Paddy(Common),16-09-2021,0.01,Metric Tonnes
Andhra Pradesh,Nandyal,Atmakur (Nandyal District) APMC,Cereals,Paddy(Common),17-09-2021,0.01,Metric Tonnes
Andhra Pradesh,Nandyal,Atmakur (Nandyal District) APMC,Cereals,Paddy(Common),18-09-2021,0.01,Metric Tonnes
Andhra Pradesh,Nandyal,Atmakur (Nandyal District) APMC,Cereals,Paddy(Common),20-09-2021,0.01,Metric Tonnes
Andhra Pradesh,Nandyal,Atmakur (Nandyal District) APMC,Cereals,Paddy(Common),21-09-2021,0.01,Metric Tonnes
Andhra Pradesh,Nandyal,Atmakur (Nandyal District) APMC,Cereals,Paddy(Common),22-09-2021,0.01,Metric Tonnes
Andhra Pradesh,Nandyal,Atmakur (Nandyal District) APMC,Cereals,Paddy(Common),23-09-2021,0.01,Metric Tonnes
Andhra Pradesh,Nandyal,Atmakur (Nandyal District) APMC,Cereals,Paddy(Common),24-09-2021,0.01,Metric Tonnes
Andhra Pradesh,Nandyal,Atmakur (Nandyal District) APMC,Cereals,Paddy(Common),25-09-2021,0.01,Metric Tonnes
Andhra Pradesh,Nandyal,Atmakur (Nandyal District) APMC,Cereals,Paddy(Common),26-09-2021,0.01,Metric Tonnes
Andhra Pradesh,Nandyal,Atmakur (Nandyal District) APMC,Cereals,Paddy(Common),27-09-2021,0.01,Metric Tonnes
Andhra Pradesh,Nandyal,Atmakur (Nandyal District) APMC,Cereals,Paddy(Common),28-09-2021,0.01,Metric Tonnes
Andhra Pradesh,Nandyal,Atmakur (Nandyal District) APMC,Cereals,Paddy(Common),29-09-2021,0.01,Metric Tonnes
Andhra Pradesh,Nandyal,Atmakur (Nandyal District) APMC,Cereals,Paddy(Common),30-09-2021,0.01,Metric Tonnes
Andhra Pradesh,Nandyal,Atmakur (Nandyal District) APMC,Cereals,Paddy(Common),05-10-2021,0.01,Metric Tonnes
Andhra Pradesh,Nandyal,Atmakur (Nandyal District) APMC,Cereals,Paddy(Common),06-10-2021,0.01,Metric Tonnes
Andhra Pradesh,Nandyal,Atmakur (Nandyal District) APMC,Cereals,Paddy(Common),07-10-2021,0.01,Metric Tonnes
Andhra Pradesh,Nandyal,Atmakur (Nandyal District) APMC,Cereals,Paddy(Common),08-10-2021,0.01,Metric Tonnes
Andhra Pradesh,Nandyal,Atmakur (Nandyal District) APMC,Cereals,Paddy(Common),09-10-2021,0.01,Metric Tonnes
Andhra Pradesh,Nandyal,Atmakur (Nandyal District) APMC,Cereals,Paddy(Common),10-10-2021,0.01,Metric Tonnes
Andhra Pradesh,Nandyal,Atmakur (Nandyal District) APMC,Cereals,Paddy(Common),11-10-2021,0.01,Metric Tonnes
Andhra Pradesh,Nandyal,Atmakur (Nandyal District) APMC,Cereals,Paddy(Common),12-10-2021,0.01,Metric Tonnes
Andhra Pradesh,Nandyal,Atmakur (Nandyal District) APMC,Cereals,Paddy(Common),13-10-2021,0.01,Metric Tonnes
Andhra Pradesh,Nandyal,Atmakur (Nandyal District) APMC,Cereals,Paddy(Common),14-10-2021,0.01,Metric Tonnes
Andhra Pradesh,Nandyal,Atmakur (Nandyal District) APMC,Cereals,Paddy(Common),15-10-2021,0.01,Metric Tonnes
Andhra Pradesh,Nandyal,Atmakur (Nandyal District) APMC,Cereals,Paddy(Common),16-10-2021,0.01,Metric Tonnes
Andhra Pradesh,Nandyal,Atmakur (Nandyal District) APMC,Cereals,Paddy(Common),17-10-2021,0.01,Metric Tonnes
Andhra Pradesh,Nandyal,Atmakur (Nandyal District) APMC,Cereals,Paddy(Common),18-10-2021,0.01,Metric Tonnes
Andhra Pradesh,Nandyal,Atmakur (Nandyal District) APMC,Cereals,Paddy(Common),19-10-2021,0.01,Metric Tonnes
Andhra Pradesh,Nandyal,Atmakur (Nandyal District) APMC,Cereals,Paddy(Common),20-10-2021,0.01,Metric Tonnes
Andhra Pradesh,Nandyal,Atmakur (Nandyal District) APMC,Cereals,Paddy(Common),21-10-2021,0.01,Metric Tonnes
Andhra Pradesh,Nandyal,Atmakur (Nandyal District) APMC,Cereals,Paddy(Common),22-10-2021,0.01,Metric Tonnes
Andhra Pradesh,Nandyal,Atmakur (Nandyal District) APMC,Cereals,Paddy(Common),23-10-2021,0.01,Metric Tonnes
Andhra Pradesh,Nandyal,Atmakur (Nandyal District) APMC,Cereals,Paddy(Common),24-10-2021,0.01,Metric Tonnes
Andhra Pradesh,Nandyal,Atmakur (Nandyal District) APMC,Cereals,Paddy(Common),25-10-2021,0.01,Metric Tonnes
Andhra Pradesh,Nandyal,Atmakur (Nandyal District) APMC,Cereals,Paddy(Common),27-10-2021,0.01,Metric Tonnes
Andhra Pradesh,Nandyal,Atmakur (Nandyal District) APMC,Cereals,Paddy(Common),28-10-2021,0.01,Metric Tonnes
Andhra Pradesh,Nandyal,Atmakur (Nandyal District) APMC,Cereals,Paddy(Common),29-10-2021,0.01,Metric Tonnes
Andhra Pradesh,Nandyal,Atmakur (Nandyal District) APMC,Cereals,Paddy(Common),30-10-2021,0.01,Metric Tonnes
Andhra Pradesh,Nandyal,Atmakur (Nandyal District) APMC,Cereals,Paddy(Common),31-10-2021,0.01,Metric Tonnes
Andhra Pradesh,Nandyal,Atmakur (Nandyal District) APMC,Cereals,Paddy(Common),03-11-2021,0.01,Metric Tonnes
Andhra Pradesh,Nandyal,Atmakur (Nandyal District) APMC,Cereals,Paddy(Common),04-11-2021,0.01,Metric Tonnes
Andhra Pradesh,Nandyal,Atmakur (Nandyal District) APMC,Cereals,Paddy(Common),05-11-2021,0.01,Metric Tonnes
Andhra Pradesh,Nandyal,Atmakur (Nandyal District) APMC,Cereals,Paddy(Common),06-11-2021,0.01,Metric Tonnes
Andhra Pradesh,Nandyal,Atmakur (Nandyal District) APMC,Cereals,Paddy(Common),07-11-2021,0.01,Metric Tonnes
Andhra Pradesh,Nandyal,Atmakur (Nandyal District) APMC,Cereals,Paddy(Common),08-11-2021,0.01,Metric Tonnes
Andhra Pradesh,Nandyal,Atmakur (Nandyal District) APMC,Cereals,Paddy(Common),09-11-2021,0.01,Metric Tonnes
Andhra Pradesh,Nandyal,Atmakur (Nandyal District) APMC,Cereals,Paddy(Common),10-11-2021,0.01,Metric Tonnes
Andhra Pradesh,Nandyal,Atmakur (Nandyal District) APMC,Cereals,Paddy(Common),11-11-2021,0.01,Metric Tonnes
Andhra Pradesh,Nandyal,Atmakur (Nandyal District) APMC,Cereals,Paddy(Common),12-11-2021,0.01,Metric Tonnes
Andhra Pradesh,Nandyal,Atmakur (Nandyal District) APMC,Cereals,Paddy(Common),13-11-2021,0.01,Metric Tonnes
Andhra Pradesh,Nandyal,Atmakur (Nandyal District) APMC,Cereals,Paddy(Common),14-11-2021,0.01,Metric Tonnes
Andhra Pradesh,Nandyal,Atmakur (Nandyal District) APMC,Cereals,Paddy(Common),15-11-2021,0.01,Metric Tonnes
Andhra Pradesh,Nandyal,Atmakur (Nandyal District) APMC,Cereals,Paddy(Common),16-11-2021,0.01,Metric Tonnes
Andhra Pradesh,Nandyal,Atmakur (Nandyal District) APMC,Cereals,Paddy(Common),17-11-2021,0.01,Metric Tonnes
Andhra Pradesh,Nandyal,Atmakur (Nandyal District) APMC,Cereals,Paddy(Common),18-11-2021,0.01,Metric Tonnes
Andhra Pradesh,Nandyal,Atmakur (Nandyal District) APMC,Cereals,Paddy(Common),20-11-2021,0.01,Metric Tonnes
Andhra Pradesh,Nandyal,Atmakur (Nandyal District) APMC,Cereals,Paddy(Common),21-11-2021,0.01,Metric Tonnes
Andhra Pradesh,Nandyal,Atmakur (Nandyal District) APMC,Cereals,Paddy(Common),22-11-2021,0.01,Metric Tonnes
Andhra Pradesh,Nandyal,Atmakur (Nandyal District) APMC,Cereals,Paddy(Common),23-11-2021,0.01,Metric Tonnes
Andhra Pradesh,Nandyal,Atmakur (Nandyal District) APMC,Cereals,Paddy(Common),24-11-2021,0.01,Metric Tonnes
Andhra Pradesh,Nandyal,Atmakur (Nandyal District) APMC,Cereals,Paddy(Common),25-11-2021,0.01,Metric Tonnes
Andhra Pradesh,Nandyal,Atmakur (Nandyal District) APMC,Cereals,Paddy(Common),26-11-2021,0.01,Metric Tonnes
Andhra Pradesh,Nandyal,Atmakur (Nandyal District) APMC,Cereals,Paddy(Common),27-11-2021,0.01,Metric Tonnes
Andhra Pradesh,Nandyal,Atmakur (Nandyal District) APMC,Cereals,Paddy(Common),28-11-2021,0.01,Metric Tonnes
Andhra Pradesh,Nandyal,Atmakur (Nandyal District) APMC,Cereals,Paddy(Common),29-11-2021,0.01,Metric Tonnes
Andhra Pradesh,Nandyal,Atmakur (Nandyal District) APMC,Cereals,Paddy(Common),30-11-2021,0.01,Metric Tonnes
Andhra Pradesh,Nandyal,Atmakur (Nandyal District) APMC,Cereals,Paddy(Common),04-12-2021,0.01,Metric Tonnes
Andhra Pradesh,Nandyal,Atmakur (Nandyal District) APMC,Cereals,Paddy(Common),05-12-2021,0.01,Metric Tonnes
Andhra Pradesh,Nandyal,Atmakur (Nandyal District) APMC,Cereals,Paddy(Common),06-12-2021,0.01,Metric Tonnes
Andhra Pradesh,Nandyal,Atmakur (Nandyal District) APMC,Cereals,Paddy(Common),07-12-2021,0.01,Metric Tonnes
Andhra Pradesh,Nandyal,Atmakur (Nandyal District) APMC,Cereals,Paddy(Common),08-12-2021,0.01,Metric Tonnes
Andhra Pradesh,Nandyal,Atmakur (Nandyal District) APMC,Cereals,Paddy(Common),09-12-2021,0.01,Metric Tonnes
Andhra Pradesh,Nandyal,Atmakur (Nandyal District) APMC,Cereals,Paddy(Common),10-12-2021,0.01,Metric Tonnes
Andhra Pradesh,Nandyal,Atmakur (Nandyal District) APMC,Cereals,Paddy(Common),11-12-2021,0.01,Metric Tonnes
Andhra Pradesh,Nandyal,Atmakur (Nandyal District) APMC,Cereals,Paddy(Common),12-12-2021,0.01,Metric Tonnes
Andhra Pradesh,Nandyal,Atmakur (Nandyal District) APMC,Cereals,Paddy(Common),13-12-2021,0.01,Metric Tonnes
Andhra Pradesh,Nandyal,Atmakur (Nandyal District) APMC,Cereals,Paddy(Common),14-12-2021,0.01,Metric Tonnes
Andhra Pradesh,Nandyal,Atmakur (Nandyal District) APMC,Cereals,Paddy(Common),16-12-2021,0.01,Metric Tonnes
Andhra Pradesh,Nandyal,Atmakur (Nandyal District) APMC,Cereals,Paddy(Common),17-12-2021,0.01,Metric Tonnes
Andhra Pradesh,Nandyal,Atmakur (Nandyal District) APMC,Cereals,Paddy(Common),18-12-2021,0.01,Metric Tonnes
Andhra Pradesh,Nandyal,Atmakur (Nandyal District) APMC,Cereals,Paddy(Common),19-12-2021,0.01,Metric Tonnes
Andhra Pradesh,Nandyal,Atmakur (Nandyal District) APMC,Cereals,Paddy(Common),20-12-2021,0.01,Metric Tonnes
Andhra Pradesh,Nandyal,Atmakur (Nandyal District) APMC,Cereals,Paddy(Common),21-12-2021,0.01,Metric Tonnes
Andhra Pradesh,Nandyal,Atmakur (Nandyal District) APMC,Cereals,Paddy(Common),22-12-2021,0.01,Metric Tonnes
Andhra Pradesh,Nandyal,Atmakur (Nandyal District) APMC,Cereals,Paddy(Common),23-12-2021,0.01,Metric Tonnes
Andhra Pradesh,Nandyal,Atmakur (Nandyal District) APMC,Cereals,Paddy(Common),24-12-2021,0.01,Metric Tonnes
Andhra Pradesh,Nandyal,Atmakur (Nandyal District) APMC,Cereals,Paddy(Common),25-12-2021,0.01,Metric Tonnes
Andhra Pradesh,Nandyal,Atmakur (Nandyal District) APMC,Cereals,Paddy(Common),26-12-2021,0.01,Metric Tonnes
Andhra Pradesh,Nandyal,Atmakur (Nandyal District) APMC,Cereals,Paddy(Common),27-12-2021,0.01,Metric Tonnes
Andhra Pradesh,Nandyal,Atmakur (Nandyal District) APMC,Cereals,Paddy(Common),28-12-2021,0.01,Metric Tonnes
Andhra Pradesh,Nandyal,Atmakur (Nandyal District) APMC,Cereals,Paddy(Common),29-12-2021,0.01,Metric Tonnes
Andhra Pradesh,Nandyal,Atmakur (Nandyal District) APMC,Cereals,Paddy(Common),30-12-2021,0.01,Metric Tonnes
Andhra Pradesh,Nandyal,Atmakur (Nandyal District) APMC,Cereals,Paddy(Common),31-12-2021,0.01,Metric Tonnes
Andhra Pradesh,Nandyal,Atmakur (Nandyal District) APMC,Cereals,Paddy(Common),01-01-2022,0.01,Metric Tonnes
Andhra Pradesh,Nandyal,Atmakur (Nandyal District) APMC,Cereals,Paddy(Common),02-01-2022,0.01,Metric Tonnes
Andhra Pradesh,Nandyal,Atmakur (Nandyal District) APMC,Cereals,Paddy(Common),03-01-2022,0.01,Metric Tonnes
Andhra Pradesh,Nandyal,Atmakur (Nandyal District) APMC,Cereals,Paddy(Common),04-01-2022,0.01,Metric Tonnes
Andhra Pradesh,Nandyal,Atmakur (Nandyal District) APMC,Cereals,Paddy(Common),05-01-2022,0.01,Metric Tonnes
Andhra Pradesh,Nandyal,Atmakur (Nandyal District) APMC,Cereals,Paddy(Common),06-01-2022,0.01,Metric Tonnes
Andhra Pradesh,Nandyal,Atmakur (Nandyal District) APMC,Cereals,Paddy(Common),07-01-2022,0.01,Metric Tonnes
Andhra Pradesh,Nandyal,Atmakur (Nandyal District) APMC,Cereals,Paddy(Common),08-01-2022,0.01,Metric Tonnes
Andhra Pradesh,Nandyal,Atmakur (Nandyal District) APMC,Cereals,Paddy(Common),09-01-2022,0.01,Metric Tonnes
Andhra Pradesh,Nandyal,Atmakur (Nandyal District) APMC,Cereals,Paddy(Common),10-01-2022,0.01,Metric Tonnes
Andhra Pradesh,Nandyal,Atmakur (Nandyal District) APMC,Cereals,Paddy(Common),11-01-2022,0.01,Metric Tonnes
Andhra Pradesh,Nandyal,Atmakur (Nandyal District) APMC,Cereals,Paddy(Common),12-01-2022,0.01,Metric Tonnes
Andhra Pradesh,Nandyal,Atmakur (Nandyal District) APMC,Cereals,Paddy(Common),14-01-2022,0.01,Metric Tonnes
Andhra Pradesh,Nandyal,Atmakur (Nandyal District) APMC,Cereals,Paddy(Common),15-01-2022,0.01,Metric Tonnes
Andhra Pradesh,Nandyal,Atmakur (Nandyal District) APMC,Cereals,Paddy(Common),16-01-2022,0.01,Metric Tonnes
Andhra Pradesh,Nandyal,Atmakur (Nandyal District) APMC,Cereals,Paddy(Common),17-01-2022,0.01,Metric Tonnes
Andhra Pradesh,Nandyal,Atmakur (Nandyal District) APMC,Cereals,Paddy(Common),18-01-2022,0.01,Metric Tonnes
Andhra Pradesh,Nandyal,Atmakur (Nandyal District) APMC,Cereals,Paddy(Common),19-01-2022,0.01,Metric Tonnes
Andhra Pradesh,Nandyal,Atmakur (Nandyal District) APMC,Cereals,Paddy(Common),20-01-2022,0.01,Metric Tonnes
Andhra Pradesh,Nandyal,Atmakur (Nandyal District) APMC,Cereals,Paddy(Common),21-01-2022,0.01,Metric Tonnes
Andhra Pradesh,Nandyal,Atmakur (Nandyal District) APMC,Cereals,Paddy(Common),22-01-2022,0.01,Metric Tonnes
Andhra Pradesh,Nandyal,Atmakur (Nandyal District) APMC,Cereals,Paddy(Common),23-01-2022,0.01,Metric Tonnes
Andhra Pradesh,Nandyal,Atmakur (Nandyal District) APMC,Cereals,Paddy(Common),24-01-2022,0.01,Metric Tonnes
Andhra Pradesh,Nandyal,Atmakur (Nandyal District) APMC,Cereals,Paddy(Common),25-01-2022,0.01,Metric Tonnes
Andhra Pradesh,Nandyal,Atmakur (Nandyal District) APMC,Cereals,Paddy(Common),26-01-2022,0.01,Metric Tonnes
Andhra Pradesh,Nandyal,Atmakur (Nandyal District) APMC,Cereals,Paddy(Common),27-01-2022,0.01,Metric Tonnes
Andhra Pradesh,Nandyal,Atmakur (Nandyal District) APMC,Cereals,Paddy(Common),28-01-2022,0.01,Metric Tonnes
Andhra Pradesh,Nandyal,Atmakur (Nandyal District) APMC,Cereals,Paddy(Common),29-01-2022,0.01,Metric Tonnes
Andhra Pradesh,Nandyal,Atmakur (Nandyal District) APMC,Cereals,Paddy(Common),30-01-2022,0.01,Metric Tonnes
Andhra Pradesh,Nandyal,Atmakur (Nandyal District) APMC,Cereals,Paddy(Common),31-01-2022,0.01,Metric Tonnes
Andhra Pradesh,Nandyal,Atmakur (Nandyal District) APMC,Cereals,Paddy(Common),01-02-2022,0.01,Metric Tonnes
Andhra Pradesh,Nandyal,Atmakur (Nandyal District) APMC,Cereals,Paddy(Common),02-02-2022,0.01,Metric Tonnes
Andhra Pradesh,Nandyal,Atmakur (Nandyal District) APMC,Cereals,Paddy(Common),03-02-2022,0.01,Metric Tonnes
Andhra Pradesh,Nandyal,Atmakur (Nandyal District) APMC,Cereals,Paddy(Common),04-02-2022,0.01,Metric Tonnes
Andhra Pradesh,Nandyal,Atmakur (Nandyal District) APMC,Cereals,Paddy(Common),05-02-2022,0.01,Metric Tonnes
Andhra Pradesh,Nandyal,Atmakur (Nandyal District) APMC,Cereals,Paddy(Common),06-02-2022,0.01,Metric Tonnes
Andhra Pradesh,Nandyal,Atmakur (Nandyal District) APMC,Cereals,Paddy(Common),07-02-2022,0.01,Metric Tonnes
Andhra Pradesh,Nandyal,Atmakur (Nandyal District) APMC,Cereals,Paddy(Common),08-02-2022,0.01,Metric Tonnes
Andhra Pradesh,Nandyal,Atmakur (Nandyal District) APMC,Cereals,Paddy(Common),09-02-2022,0.01,Metric Tonnes
Andhra Pradesh,Nandyal,Atmakur (Nandyal District) APMC,Cereals,Paddy(Common),10-02-2022,0.01,Metric Tonnes
Andhra Pradesh,Nandyal,Atmakur (Nandyal District) APMC,Cereals,Paddy(Common),11-02-2022,0.01,Metric Tonnes
Andhra Pradesh,Nandyal,Atmakur (Nandyal District) APMC,Cereals,Paddy(Common),12-02-2022,0.01,Metric Tonnes
Andhra Pradesh,Nandyal,Atmakur (Nandyal District) APMC,Cereals,Paddy(Common),13-02-2022,0.01,Metric Tonnes
Andhra Pradesh,Nandyal,Atmakur (Nandyal District) APMC,Cereals,Paddy(Common),14-02-2022,0.01,Metric Tonnes
Andhra Pradesh,Nandyal,Atmakur (Nandyal District) APMC,Cereals,Paddy(Common),15-02-2022,0.01,Metric Tonnes
Andhra Pradesh,Nandyal,Atmakur (Nandyal District) APMC,Cereals,Paddy(Common),16-02-2022,0.01,Metric Tonnes
Andhra Pradesh,Nandyal,Atmakur (Nandyal District) APMC,Cereals,Paddy(Common),17-02-2022,0.01,Metric Tonnes
Andhra Pradesh,Nandyal,Atmakur (Nandyal District) APMC,Cereals,Paddy(Common),18-02-2022,0.01,Metric Tonnes
Andhra Pradesh,Nandyal,Atmakur (Nandyal District) APMC,Cereals,Paddy(Common),19-02-2022,0.01,Metric Tonnes
Andhra Pradesh,Nandyal,Atmakur (Nandyal District) APMC,Cereals,Paddy(Common),20-02-2022,0.01,Metric Tonnes
Andhra Pradesh,Nandyal,Atmakur (Nandyal District) APMC,Cereals,Paddy(Common),21-02-2022,0.01,Metric Tonnes
Andhra Pradesh,Nandyal,Atmakur (Nandyal District) APMC,Cereals,Paddy(Common),22-02-2022,0.01,Metric Tonnes
Andhra Pradesh,Nandyal,Atmakur (Nandyal District) APMC,Cereals,Paddy(Common),23-02-2022,0.01,Metric Tonnes
Andhra Pradesh,Nandyal,Atmakur (Nandyal District) APMC,Cereals,Paddy(Common),24-02-2022,0.01,Metric Tonnes
Andhra Pradesh,Nandyal,Atmakur (Nandyal District) APMC,Cereals,Paddy(Common),26-02-2022,0.01,Metric Tonnes
Andhra Pradesh,Nandyal,Atmakur (Nandyal District) APMC,Cereals,Paddy(Common),27-02-2022,0.01,Metric Tonnes
Andhra Pradesh,Nandyal,Atmakur (Nandyal District) APMC,Cereals,Paddy(Common),28-02-2022,0.01,Metric Tonnes
Andhra Pradesh,Nandyal,Atmakur (Nandyal District) APMC,Cereals,Paddy(Common),01-03-2022,0.01,Metric Tonnes
Andhra Pradesh,Nandyal,Atmakur (Nandyal District) APMC,Cereals,Paddy(Common),02-03-2022,0.01,Metric Tonnes
Andhra Pradesh,Nandyal,Atmakur (Nandyal District) APMC,Cereals,Paddy(Common),03-03-2022,0.01,Metric Tonnes
Andhra Pradesh,Nandyal,Atmakur (Nandyal District) APMC,Cereals,Paddy(Common),04-03-2022,0.01,Metric Tonnes
Andhra Pradesh,Nandyal,Atmakur (Nandyal District) APMC,Cereals,Paddy(Common),05-03-2022,0.01,Metric Tonnes
Andhra Pradesh,Nandyal,Atmakur (Nandyal District) APMC,Cereals,Paddy(Common),06-03-2022,0.01,Metric Tonnes
Andhra Pradesh,Nandyal,Atmakur (Nandyal District) APMC,Cereals,Paddy(Common),07-03-2022,0.01,Metric Tonnes
Andhra Pradesh,Nandyal,Atmakur (Nandyal District) APMC,Cereals,Paddy(Common),08-03-2022,0.01,Metric Tonnes
Andhra Pradesh,Nandyal,Atmakur (Nandyal District) APMC,Cereals,Paddy(Common),09-03-2022,0.01,Metric Tonnes
Andhra Pradesh,Nandyal,Atmakur (Nandyal District) APMC,Cereals,Paddy(Common),10-03-2022,0.01,Metric Tonnes
Andhra Pradesh,Nandyal,Atmakur (Nandyal District) APMC,Cereals,Paddy(Common),11-03-2022,0.01,Metric Tonnes
Andhra Pradesh,Nandyal,Atmakur (Nandyal District) APMC,Cereals,Paddy(Common),12-03-2022,0.01,Metric Tonnes
Andhra Pradesh,Nandyal,Atmakur (Nandyal District) APMC,Cereals,Paddy(Common),13-03-2022,0.01,Metric Tonnes
Andhra Pradesh,Nandyal,Atmakur (Nandyal District) APMC,Cereals,Paddy(Common),14-03-2022,0.01,Metric Tonnes
Andhra Pradesh,Nandyal,Atmakur (Nandyal District) APMC,Cereals,Paddy(Common),15-03-2022,0.01,Metric Tonnes
Andhra Pradesh,Nandyal,Atmakur (Nandyal District) APMC,Cereals,Paddy(Common),16-03-2022,0.01,Metric Tonnes
Andhra Pradesh,Nandyal,Atmakur (Nandyal District) APMC,Cereals,Paddy(Common),17-03-2022,0.01,Metric Tonnes
Andhra Pradesh,Nandyal,Atmakur (Nandyal District) APMC,Cereals,Paddy(Common),18-03-2022,0.01,Metric Tonnes
Andhra Pradesh,Nandyal,Atmakur (Nandyal District) APMC,Cereals,Paddy(Common),19-03-2022,0.01,Metric Tonnes
Andhra Pradesh,Nandyal,Atmakur (Nandyal District) APMC,Cereals,Paddy(Common),20-03-2022,0.01,Metric Tonnes
Andhra Pradesh,Nandyal,Atmakur (Nandyal District) APMC,Cereals,Paddy(Common),21-03-2022,0.01,Metric Tonnes
Andhra Pradesh,Nandyal,Atmakur (Nandyal District) APMC,Cereals,Paddy(Common),22-03-2022,0.01,Metric Tonnes
Andhra Pradesh,Nandyal,Atmakur (Nandyal District) APMC,Cereals,Paddy(Common),23-03-2022,0.01,Metric Tonnes
Andhra Pradesh,Nandyal,Atmakur (Nandyal District) APMC,Cereals,Paddy(Common),24-03-2022,0.01,Metric Tonnes
Andhra Pradesh,Nandyal,Atmakur (Nandyal District) APMC,Cereals,Paddy(Common),25-03-2022,0.01,Metric Tonnes
Andhra Pradesh,Nandyal,Atmakur (Nandyal District) APMC,Cereals,Paddy(Common),26-03-2022,0.01,Metric Tonnes
Andhra Pradesh,Nandyal,Atmakur (Nandyal District) APMC,Cereals,Paddy(Common),27-03-2022,0.01,Metric Tonnes
Andhra Pradesh,Nandyal,Atmakur (Nandyal District) APMC,Cereals,Paddy(Common),28-03-2022,0.01,Metric Tonnes
Andhra Pradesh,Nandyal,Atmakur (Nandyal District) APMC,Cereals,Paddy(Common),29-03-2022,0.01,Metric Tonnes
Andhra Pradesh,Nandyal,Atmakur (Nandyal District) APMC,Cereals,Paddy(Common),30-03-2022,0.01,Metric Tonnes
Andhra Pradesh,Nandyal,Atmakur (Nandyal District) APMC,Cereals,Paddy(Common),31-03-2022,0.01,Metric Tonnes
Andhra Pradesh,Nandyal,Atmakur (Nandyal District) APMC,Cereals,Paddy(Common),01-04-2022,0.01,Metric Tonnes
Andhra Pradesh,Nandyal,Atmakur (Nandyal District) APMC,Cereals,Paddy(Common),02-04-2022,0.01,Metric Tonnes
Andhra Pradesh,Nandyal,Atmakur (Nandyal District) APMC,Cereals,Paddy(Common),03-04-2022,0.01,Metric Tonnes
Andhra Pradesh,Nandyal,Atmakur (Nandyal District) APMC,Cereals,Paddy(Common),04-04-2022,0.01,Metric Tonnes
Andhra Pradesh,Nandyal,Atmakur (Nandyal District) APMC,Cereals,Paddy(Common),05-04-2022,0.01,Metric Tonnes
Andhra Pradesh,Nandyal,Atmakur (Nandyal District) APMC,Cereals,Paddy(Common),06-04-2022,0.01,Metric Tonnes
Andhra Pradesh,Nandyal,Atmakur (Nandyal District) APMC,Cereals,Paddy(Common),07-04-2022,0.01,Metric Tonnes
Andhra Pradesh,Nandyal,Atmakur (Nandyal District) APMC,Cereals,Paddy(Common),08-04-2022,0.01,Metric Tonnes
Andhra Pradesh,Nandyal,Atmakur (Nandyal District) APMC,Cereals,Paddy(Common),09-04-2022,0.01,Metric Tonnes
Andhra Pradesh,Nandyal,Atmakur (Nandyal District) APMC,Cereals,Paddy(Common),10-04-2022,0.01,Metric Tonnes
Andhra Pradesh,Nandyal,Atmakur (Nandyal District) APMC,Cereals,Paddy(Common),11-04-2022,0.01,Metric Tonnes
Andhra Pradesh,Nandyal,Atmakur (Nandyal District) APMC,Cereals,Paddy(Common),12-04-2022,0.01,Metric Tonnes
Andhra Pradesh,Nandyal,Atmakur (Nandyal District) APMC,Cereals,Paddy(Common),13-04-2022,0.01,Metric Tonnes
Andhra Pradesh,Nandyal,Atmakur (Nandyal District) APMC,Cereals,Paddy(Common),14-04-2022,0.01,Metric Tonnes
Andhra Pradesh,Nandyal,Atmakur (Nandyal District) APMC,Cereals,Paddy(Common),15-04-2022,0.01,Metric Tonnes
Andhra Pradesh,Nandyal,Atmakur (Nandyal District) APMC,Cereals,Paddy(Common),16-04-2022,0.01,Metric Tonnes
Andhra Pradesh,Nandyal,Atmakur (Nandyal District) APMC,Cereals,Paddy(Common),17-04-2022,0.01,Metric Tonnes
Andhra Pradesh,Nandyal,Atmakur (Nandyal District) APMC,Cereals,Paddy(Common),18-04-2022,0.01,Metric Tonnes
Andhra Pradesh,Nandyal,Atmakur (Nandyal District) APMC,Cereals,Paddy(Common),19-04-2022,0.01,Metric Tonnes
Andhra Pradesh,Nandyal,Atmakur (Nandyal District) APMC,Cereals,Paddy(Common),20-04-2022,0.01,Metric Tonnes
Andhra Pradesh,Nandyal,Atmakur (Nandyal District) APMC,Cereals,Paddy(Common),21-04-2022,0.01,Metric Tonnes
Andhra Pradesh,Nandyal,Atmakur (Nandyal District) APMC,Cereals,Paddy(Common),22-04-2022,0.01,Metric Tonnes
Andhra Pradesh,Nandyal,Atmakur (Nandyal District) APMC,Cereals,Paddy(Common),23-04-2022,0.01,Metric Tonnes
Andhra Pradesh,Nandyal,Atmakur (Nandyal District) APMC,Cereals,Paddy(Common),24-04-2022,0.01,Metric Tonnes
Andhra Pradesh,Nandyal,Atmakur (Nandyal District) APMC,Cereals,Paddy(Common),25-04-2022,0.01,Metric Tonnes
Andhra Pradesh,Nandyal,Atmakur (Nandyal District) APMC,Cereals,Paddy(Common),26-04-2022,0.01,Metric Tonnes
Andhra Pradesh,Nandyal,Atmakur (Nandyal District) APMC,Cereals,Paddy(Common),28-04-2022,0.01,Metric Tonnes
Andhra Pradesh,Nandyal,Atmakur (Nandyal District) APMC,Cereals,Paddy(Common),29-04-2022,0.01,Metric Tonnes
Andhra Pradesh,Nandyal,Atmakur (Nandyal District) APMC,Cereals,Paddy(Common),30-04-2022,0.01,Metric Tonnes
Andhra Pradesh,Nandyal,Atmakur (Nandyal District) APMC,Cereals,Paddy(Common),01-05-2022,0.01,Metric Tonnes
Andhra Pradesh,Nandyal,Atmakur (Nandyal District) APMC,Cereals,Paddy(Common),02-05-2022,0.01,Metric Tonnes
Andhra Pradesh,Nandyal,Atmakur (Nandyal District) APMC,Cereals,Paddy(Common),03-05-2022,0.01,Metric Tonnes
Andhra Pradesh,Nandyal,Atmakur (Nandyal District) APMC,Cereals,Paddy(Common),04-05-2022,0.01,Metric Tonnes
Andhra Pradesh,Nandyal,Atmakur (Nandyal District) APMC,Cereals,Paddy(Common),05-05-2022,0.01,Metric Tonnes
Andhra Pradesh,Nandyal,Atmakur (Nandyal District) APMC,Cereals,Paddy(Common),08-05-2022,0.01,Metric Tonnes
Andhra Pradesh,Nandyal,Atmakur (Nandyal District) APMC,Cereals,Paddy(Common),09-05-2022,0.01,Metric Tonnes
Andhra Pradesh,Nandyal,Atmakur (Nandyal District) APMC,Cereals,Paddy(Common),10-05-2022,0.01,Metric Tonnes
Andhra Pradesh,Nandyal,Atmakur (Nandyal District) APMC,Cereals,Paddy(Common),11-05-2022,0.01,Metric Tonnes
Andhra Pradesh,Nandyal,Atmakur (Nandyal District) APMC,Cereals,Paddy(Common),13-05-2022,0.01,Metric Tonnes
Andhra Pradesh,Nandyal,Atmakur (Nandyal District) APMC,Cereals,Paddy(Common),14-05-2022,0.01,Metric Tonnes
Andhra Pradesh,Nandyal,Atmakur (Nandyal District) APMC,Cereals,Paddy(Common),15-05-2022,0.01,Metric Tonnes
Andhra Pradesh,Nandyal,Atmakur (Nandyal District) APMC,Cereals,Paddy(Common),16-05-2022,0.01,Metric Tonnes
Andhra Pradesh,Nandyal,Atmakur (Nandyal District) APMC,Cereals,Paddy(Common),17-05-2022,0.01,Metric Tonnes
Andhra Pradesh,Nandyal,Atmakur (Nandyal District) APMC,Cereals,Paddy(Common),18-05-2022,0.01,Metric Tonnes
Andhra Pradesh,Nandyal,Atmakur (Nandyal District) APMC,Cereals,Paddy(Common),19-05-2022,0.01,Metric Tonnes
Andhra Pradesh,Nandyal,Atmakur (Nandyal District) APMC,Cereals,Paddy(Common),20-05-2022,0.01,Metric Tonnes
Andhra Pradesh,Nandyal,Atmakur (Nandyal District) APMC,Cereals,Paddy(Common),21-05-2022,0.01,Metric Tonnes
Andhra Pradesh,Nandyal,Atmakur (Nandyal District) APMC,Cereals,Paddy(Common),22-05-2022,0.01,Metric Tonnes
Andhra Pradesh,Nandyal,Atmakur (Nandyal District) APMC,Cereals,Paddy(Common),23-05-2022,0.01,Metric Tonnes
Andhra Pradesh,Nandyal,Atmakur (Nandyal District) APMC,Cereals,Paddy(Common),24-05-2022,0.01,Metric Tonnes
Andhra Pradesh,Nandyal,Atmakur (Nandyal District) APMC,Cereals,Paddy(Common),25-05-2022,0.01,Metric Tonnes
Andhra Pradesh,Nandyal,Atmakur (Nandyal District) APMC,Cereals,Paddy(Common),26-05-2022,0.01,Metric Tonnes
Andhra Pradesh,Nandyal,Atmakur (Nandyal District) APMC,Cereals,Paddy(Common),27-05-2022,0.01,Metric Tonnes
Andhra Pradesh,Nandyal,Atmakur (Nandyal District) APMC,Cereals,Paddy(Common),28-05-2022,0.01,Metric Tonnes
Andhra Pradesh,Nandyal,Atmakur (Nandyal District) APMC,Cereals,Paddy(Common),29-05-2022,0.01,Metric Tonnes
Andhra Pradesh,Nandyal,Atmakur (Nandyal District) APMC,Cereals,Paddy(Common),30-05-2022,0.01,Metric Tonnes
Andhra Pradesh,Nandyal,Atmakur (Nandyal District) APMC,Cereals,Paddy(Common),31-05-2022,0.01,Metric Tonnes
Andhra Pradesh,Nandyal,Atmakur (Nandyal District) APMC,Cereals,Paddy(Common),01-06-2022,0.01,Metric Tonnes
Andhra Pradesh,Nandyal,Atmakur (Nandyal District) APMC,Cereals,Paddy(Common),02-06-2022,0.01,Metric Tonnes
Andhra Pradesh,Nandyal,Atmakur (Nandyal District) APMC,Cereals,Paddy(Common),03-06-2022,0.01,Metric Tonnes
Andhra Pradesh,Nandyal,Atmakur (Nandyal District) APMC,Cereals,Paddy(Common),04-06-2022,0.01,Metric Tonnes
Andhra Pradesh,Nandyal,Atmakur (Nandyal District) APMC,Cereals,Paddy(Common),05-06-2022,0.01,Metric Tonnes
Andhra Pradesh,Nandyal,Atmakur (Nandyal District) APMC,Cereals,Paddy(Common),06-06-2022,0.01,Metric Tonnes
Andhra Pradesh,Nandyal,Atmakur (Nandyal District) APMC,Cereals,Paddy(Common),07-06-2022,0.01,Metric Tonnes
Andhra Pradesh,Nandyal,Atmakur (Nandyal District) APMC,Cereals,Paddy(Common),08-06-2022,0.01,Metric Tonnes
Andhra Pradesh,Nandyal,Atmakur (Nandyal District) APMC,Cereals,Paddy(Common),09-06-2022,0.01,Metric Tonnes
Andhra Pradesh,Nandyal,Atmakur (Nandyal District) APMC,Cereals,Paddy(Common),10-06-2022,0.01,Metric Tonnes
Andhra Pradesh,Nandyal,Atmakur (Nandyal District) APMC,Cereals,Paddy(Common),14-06-2022,0.01,Metric Tonnes
Andhra Pradesh,Nandyal,Atmakur (Nandyal District) APMC,Cereals,Paddy(Common),15-06-2022,0.01,Metric Tonnes
Andhra Pradesh,Nandyal,Atmakur (Nandyal District) APMC,Cereals,Paddy(Common),16-06-2022,0.01,Metric Tonnes
Andhra Pradesh,Nandyal,Atmakur (Nandyal District) APMC,Cereals,Paddy(Common),17-06-2022,0.01,Metric Tonnes
Andhra Pradesh,Nandyal,Atmakur (Nandyal District) APMC,Cereals,Paddy(Common),18-06-2022,0.01,Metric Tonnes
Andhra Pradesh,Nandyal,Atmakur (Nandyal District) APMC,Cereals,Paddy(Common),19-06-2022,0.01,Metric Tonnes
Andhra Pradesh,Nandyal,Atmakur (Nandyal District) APMC,Cereals,Paddy(Common),20-06-2022,0.01,Metric Tonnes
Andhra Pradesh,Nandyal,Atmakur (Nandyal District) APMC,Cereals,Paddy(Common),21-06-2022,0.01,Metric Tonnes
Andhra Pradesh,Nandyal,Atmakur (Nandyal District) APMC,Cereals,Paddy(Common),22-06-2022,0.01,Metric Tonnes
Andhra Pradesh,Nandyal,Atmakur (Nandyal District) APMC,Cereals,Paddy(Common),23-06-2022,0.01,Metric Tonnes
Andhra Pradesh,Nandyal,Atmakur (Nandyal District) APMC,Cereals,Paddy(Common),24-06-2022,0.01,Metric Tonnes
Andhra Pradesh,Nandyal,Atmakur (Nandyal District) APMC,Cereals,Paddy(Common),25-06-2022,0.01,Metric Tonnes
Andhra Pradesh,Nandyal,Atmakur (Nandyal District) APMC,Cereals,Paddy(Common),26-06-2022,0.01,Metric Tonnes
Andhra Pradesh,Nandyal,Atmakur (Nandyal District) APMC,Cereals,Paddy(Common),27-06-2022,0.01,Metric Tonnes
Andhra Pradesh,Nandyal,Atmakur (Nandyal District) APMC,Cereals,Paddy(Common),28-06-2022,0.01,Metric Tonnes
Andhra Pradesh,Nandyal,Atmakur (Nandyal District) APMC,Cereals,Paddy(Common),29-06-2022,0.01,Metric Tonnes
Andhra Pradesh,Nandyal,Atmakur (Nandyal District) APMC,Cereals,Paddy(Common),30-06-2022,0.01,Metric Tonnes
Andhra Pradesh,Nandyal,Atmakur (Nandyal District) APMC,Cereals,Paddy(Common),01-07-2022,0.01,Metric Tonnes
Andhra Pradesh,Nandyal,Atmakur (Nandyal District) APMC,Cereals,Paddy(Common),03-07-2022,0.01,Metric Tonnes
Andhra Pradesh,Nandyal,Atmakur (Nandyal District) APMC,Cereals,Paddy(Common),04-07-2022,0.01,Metric Tonnes
Andhra Pradesh,Nandyal,Atmakur (Nandyal District) APMC,Cereals,Paddy(Common),05-07-2022,0.01,Metric Tonnes
Andhra Pradesh,Nandyal,Atmakur (Nandyal District) APMC,Cereals,Paddy(Common),06-07-2022,0.01,Metric Tonnes
Andhra Pradesh,Nandyal,Atmakur (Nandyal District) APMC,Cereals,Paddy(Common),07-07-2022,0.01,Metric Tonnes
Andhra Pradesh,Nandyal,Atmakur (Nandyal District) APMC,Cereals,Paddy(Common),08-07-2022,0.01,Metric Tonnes
Andhra Pradesh,Nandyal,Atmakur (Nandyal District) APMC,Cereals,Paddy(Common),09-07-2022,0.01,Metric Tonnes
Andhra Pradesh,Nandyal,Atmakur (Nandyal District) APMC,Cereals,Paddy(Common),10-07-2022,0.01,Metric Tonnes
Andhra Pradesh,Nandyal,Atmakur (Nandyal District) APMC,Cereals,Paddy(Common),11-07-2022,0.01,Metric Tonnes
Andhra Pradesh,Nandyal,Atmakur (Nandyal District) APMC,Cereals,Paddy(Common),12-07-2022,0.01,Metric Tonnes
Andhra Pradesh,Nandyal,Atmakur (Nandyal District) APMC,Cereals,Paddy(Common),13-07-2022,0.01,Metric Tonnes
Andhra Pradesh,Nandyal,Atmakur (Nandyal District) APMC,Cereals,Paddy(Common),14-07-2022,0.01,Metric Tonnes
Andhra Pradesh,Nandyal,Atmakur (Nandyal District) APMC,Cereals,Paddy(Common),15-07-2022,0.01,Metric Tonnes
Andhra Pradesh,Nandyal,Atmakur (Nandyal District) APMC,Cereals,Paddy(Common),16-07-2022,0.01,Metric Tonnes
Andhra Pradesh,Nandyal,Atmakur (Nandyal District) APMC,Cereals,Paddy(Common),17-07-2022,0.01,Metric Tonnes
Andhra Pradesh,Nandyal,Atmakur (Nandyal District) APMC,Cereals,Paddy(Common),18-07-2022,0.01,Metric Tonnes
Andhra Pradesh,Nandyal,Atmakur (Nandyal District) APMC,Cereals,Paddy(Common),19-07-2022,0.01,Metric Tonnes
Andhra Pradesh,Nandyal,Atmakur (Nandyal District) APMC,Cereals,Paddy(Common),20-07-2022,0.01,Metric Tonnes
Andhra Pradesh,Nandyal,Atmakur (Nandyal District) APMC,Cereals,Paddy(Common),21-07-2022,0.01,Metric Tonnes
Andhra Pradesh,Nandyal,Atmakur (Nandyal District) APMC,Cereals,Paddy(Common),22-07-2022,0.01,Metric Tonnes
Andhra Pradesh,Nandyal,Atmakur (Nandyal District) APMC,Cereals,Paddy(Common),23-07-2022,0.01,Metric Tonnes
Andhra Pradesh,Nandyal,Atmakur (Nandyal District) APMC,Cereals,Paddy(Common),24-07-2022,0.01,Metric Tonnes
Andhra Pradesh,Nandyal,Atmakur (Nandyal District) APMC,Cereals,Paddy(Common),25-07-2022,0.01,Metric Tonnes
Andhra Pradesh,Nandyal,Atmakur (Nandyal District) APMC,Cereals,Paddy(Common),26-07-2022,0.01,Metric Tonnes
Andhra Pradesh,Nandyal,Atmakur (Nandyal District) APMC,Cereals,Paddy(Common),27-07-2022,0.01,Metric Tonnes
Andhra Pradesh,Nandyal,Atmakur (Nandyal District) APMC,Cereals,Paddy(Common),28-07-2022,0.01,Metric Tonnes
Andhra Pradesh,Nandyal,Atmakur (Nandyal District) APMC,Cereals,Paddy(Common),29-07-2022,0.01,Metric Tonnes
Andhra Pradesh,Nandyal,Atmakur (Nandyal District) APMC,Cereals,Paddy(Common),30-07-2022,0.01,Metric Tonnes
Andhra Pradesh,Nandyal,Atmakur (Nandyal District) APMC,Cereals,Paddy(Common),31-07-2022,0.01,Metric Tonnes
Andhra Pradesh,Nandyal,Atmakur (Nandyal District) APMC,Cereals,Paddy(Common),01-08-2022,0.01,Metric Tonnes
Andhra Pradesh,Nandyal,Atmakur (Nandyal District) APMC,Cereals,Paddy(Common),02-08-2022,0.01,Metric Tonnes
Andhra Pradesh,Nandyal,Atmakur (Nandyal District) APMC,Cereals,Paddy(Common),03-08-2022,0.01,Metric Tonnes
Andhra Pradesh,Nandyal,Atmakur (Nandyal District) APMC,Cereals,Paddy(Common),04-08-2022,0.01,Metric Tonnes
Andhra Pradesh,Nandyal,Atmakur (Nandyal District) APMC,Cereals,Paddy(Common),05-08-2022,0.01,Metric Tonnes
Andhra Pradesh,Nandyal,Atmakur (Nandyal District) APMC,Cereals,Paddy(Common),07-08-2022,0.01,Metric Tonnes
Andhra Pradesh,Nandyal,Atmakur (Nandyal District) APMC,Cereals,Paddy(Common),08-08-2022,0.01,Metric Tonnes
Andhra Pradesh,Nandyal,Atmakur (Nandyal District) APMC,Cereals,Paddy(Common),09-08-2022,0.01,Metric Tonnes
Andhra Pradesh,Nandyal,Atmakur (Nandyal District) APMC,Cereals,Paddy(Common),10-08-2022,0.01,Metric Tonnes
Andhra Pradesh,Nandyal,Atmakur (Nandyal District) APMC,Cereals,Paddy(Common),11-08-2022,0.01,Metric Tonnes
Andhra Pradesh,Nandyal,Atmakur (Nandyal District) APMC,Cereals,Paddy(Common),13-08-2022,0.01,Metric Tonnes
Andhra Pradesh,Nandyal,Atmakur (Nandyal District) APMC,Cereals,Paddy(Common),14-08-2022,0.01,Metric Tonnes
Andhra Pradesh,Nandyal,Atmakur (Nandyal District) APMC,Cereals,Paddy(Common),15-08-2022,0.01,Metric Tonnes
Andhra Pradesh,Nandyal,Atmakur (Nandyal District) APMC,Cereals,Paddy(Common),16-08-2022,0.01,Metric Tonnes
Andhra Pradesh,Nandyal,Atmakur (Nandyal District) APMC,Cereals,Paddy(Common),17-08-2022,0.01,Metric Tonnes
Andhra Pradesh,Nandyal,Atmakur (Nandyal District) APMC,Cereals,Paddy(Common),18-08-2022,0.01,Metric Tonnes
Andhra Pradesh,Nandyal,Atmakur (Nandyal District) APMC,Cereals,Paddy(Common),19-08-2022,0.01,Metric Tonnes
Andhra Pradesh,Nandyal,Atmakur (Nandyal District) APMC,Cereals,Paddy(Common),20-08-2022,0.01,Metric Tonnes
Andhra Pradesh,Nandyal,Atmakur (Nandyal District) APMC,Cereals,Paddy(Common),21-08-2022,0.01,Metric Tonnes
Andhra Pradesh,Nandyal,Atmakur (Nandyal District) APMC,Cereals,Paddy(Common),22-08-2022,0.01,Metric Tonnes
Andhra Pradesh,Nandyal,Atmakur (Nandyal District) APMC,Cereals,Paddy(Common),23-08-2022,0.01,Metric Tonnes
Andhra Pradesh,Nandyal,Atmakur (Nandyal District) APMC,Cereals,Paddy(Common),24-08-2022,0.01,Metric Tonnes
Andhra Pradesh,Nandyal,Atmakur (Nandyal District) APMC,Cereals,Paddy(Common),25-08-2022,0.01,Metric Tonnes
Andhra Pradesh,Nandyal,Atmakur (Nandyal District) APMC,Cereals,Paddy(Common),26-08-2022,0.01,Metric Tonnes
Andhra Pradesh,Nandyal,Atmakur (Nandyal District) APMC,Cereals,Paddy(Common),27-08-2022,0.01,Metric Tonnes
Andhra Pradesh,Nandyal,Atmakur (Nandyal District) APMC,Cereals,Paddy(Common),28-08-2022,0.01,Metric Tonnes
Andhra Pradesh,Nandyal,Atmakur (Nandyal District) APMC,Cereals,Paddy(Common),29-08-2022,0.01,Metric Tonnes
Andhra Pradesh,Nandyal,Atmakur (Nandyal District) APMC,Cereals,Paddy(Common),30-08-2022,0.01,Metric Tonnes
Andhra Pradesh,Nandyal,Atmakur (Nandyal District) APMC,Cereals,Paddy(Common),31-08-2022,0.01,Metric Tonnes
Andhra Pradesh,Nandyal,Atmakur (Nandyal District) APMC,Cereals,Paddy(Common),01-09-2022,0.01,Metric Tonnes
Andhra Pradesh,Nandyal,Atmakur (Nandyal District) APMC,Cereals,Paddy(Common),02-09-2022,0.01,Metric Tonnes
Andhra Pradesh,Nandyal,Atmakur (Nandyal District) APMC,Cereals,Paddy(Common),03-09-2022,0.01,Metric Tonnes
Andhra Pradesh,Nandyal,Atmakur (Nandyal District) APMC,Cereals,Paddy(Common),04-09-2022,0.01,Metric Tonnes
Andhra Pradesh,Nandyal,Atmakur (Nandyal District) APMC,Cereals,Paddy(Common),05-09-2022,0.01,Metric Tonnes
Andhra Pradesh,Nandyal,Atmakur (Nandyal District) APMC,Cereals,Paddy(Common),09-09-2022,0.01,Metric Tonnes
Andhra Pradesh,Nandyal,Atmakur (Nandyal District) APMC,Cereals,Paddy(Common),10-09-2022,0.01,Metric Tonnes
Andhra Pradesh,Nandyal,Atmakur (Nandyal District) APMC,Cereals,Paddy(Common),11-09-2022,0.01,Metric Tonnes
Andhra Pradesh,Nandyal,Atmakur (Nandyal District) APMC,Cereals,Paddy(Common),12-09-2022,0.01,Metric Tonnes
Andhra Pradesh,Nandyal,Atmakur (Nandyal District) APMC,Cereals,Paddy(Common),13-09-2022,0.01,Metric Tonnes
Andhra Pradesh,Nandyal,Atmakur (Nandyal District) APMC,Cereals,Paddy(Common),14-09-2022,0.01,Metric Tonnes
Andhra Pradesh,Nandyal,Atmakur (Nandyal District) APMC,Cereals,Paddy(Common),15-09-2022,0.01,Metric Tonnes
Andhra Pradesh,Nandyal,Atmakur (Nandyal District) APMC,Cereals,Paddy(Common),16-09-2022,0.01,Metric Tonnes
Andhra Pradesh,Nandyal,Atmakur (Nandyal District) APMC,Cereals,Paddy(Common),17-09-2022,0.01,Metric Tonnes
Andhra Pradesh,Nandyal,Atmakur (Nandyal District) APMC,Cereals,Paddy(Common),18-09-2022,0.01,Metric Tonnes
Andhra Pradesh,Nandyal,Atmakur (Nandyal District) APMC,Cereals,Paddy(Common),19-09-2022,0.01,Metric Tonnes
Andhra Pradesh,Nandyal,Atmakur (Nandyal District) APMC,Cereals,Paddy(Common),20-09-2022,0.01,Metric Tonnes
Andhra Pradesh,Nandyal,Atmakur (Nandyal District) APMC,Cereals,Paddy(Common),21-09-2022,0.01,Metric Tonnes
Andhra Pradesh,Nandyal,Atmakur (Nandyal District) APMC,Cereals,Paddy(Common),22-09-2022,0.01,Metric Tonnes
Andhra Pradesh,Nandyal,Atmakur (Nandyal District) APMC,Cereals,Paddy(Common),23-09-2022,0.01,Metric Tonnes
Andhra Pradesh,Nandyal,Atmakur (Nandyal District) APMC,Cereals,Paddy(Common),24-09-2022,0.01,Metric Tonnes
Andhra Pradesh,Nandyal,Atmakur (Nandyal District) APMC,Cereals,Paddy(Common),25-09-2022,0.01,Metric Tonnes
Andhra Pradesh,Nandyal,Atmakur (Nandyal District) APMC,Cereals,Paddy(Common),26-09-2022,0.01,Metric Tonnes
Andhra Pradesh,Nandyal,Atmakur (Nandyal District) APMC,Cereals,Paddy(Common),27-09-2022,0.01,Metric Tonnes
Andhra Pradesh,Nandyal,Atmakur (Nandyal District) APMC,Cereals,Paddy(Common),28-09-2022,0.01,Metric Tonnes
Andhra Pradesh,Nandyal,Atmakur (Nandyal District) APMC,Cereals,Paddy(Common),29-09-2022,0.01,Metric Tonnes
Andhra Pradesh,Nandyal,Atmakur (Nandyal District) APMC,Cereals,Paddy(Common),30-09-2022,0.01,Metric Tonnes
Andhra Pradesh,Nandyal,Atmakur (Nandyal District) APMC,Cereals,Paddy(Common),01-10-2022,0.01,Metric Tonnes
Andhra Pradesh,Nandyal,Atmakur (Nandyal District) APMC,Cereals,Paddy(Common),02-10-2022,0.01,Metric Tonnes
Andhra Pradesh,Nandyal,Atmakur (Nandyal District) APMC,Cereals,Paddy(Common),03-10-2022,0.01,Metric Tonnes
Andhra Pradesh,Nandyal,Atmakur (Nandyal District) APMC,Cereals,Paddy(Common),04-10-2022,0.01,Metric Tonnes
Andhra Pradesh,Nandyal,Atmakur (Nandyal District) APMC,Cereals,Paddy(Common),05-10-2022,0.01,Metric Tonnes
Andhra Pradesh,Nandyal,Atmakur (Nandyal District) APMC,Cereals,Paddy(Common),06-10-2022,0.01,Metric Tonnes
Andhra Pradesh,Nandyal,Atmakur (Nandyal District) APMC,Cereals,Paddy(Common),07-10-2022,0.01,Metric Tonnes
Andhra Pradesh,Nandyal,Atmakur (Nandyal District) APMC,Cereals,Paddy(Common),08-10-2022,0.01,Metric Tonnes
Andhra Pradesh,Nandyal,Atmakur (Nandyal District) APMC,Cereals,Paddy(Common),09-10-2022,0.01,Metric Tonnes
Andhra Pradesh,Nandyal,Atmakur (Nandyal District) APMC,Cereals,Paddy(Common),10-10-2022,0.01,Metric Tonnes
Andhra Pradesh,Nandyal,Atmakur (Nandyal District) APMC,Cereals,Paddy(Common),11-10-2022,0.01,Metric Tonnes
Andhra Pradesh,Nandyal,Atmakur (Nandyal District) APMC,Cereals,Paddy(Common),12-10-2022,0.01,Metric Tonnes
Andhra Pradesh,Nandyal,Atmakur (Nandyal District) APMC,Cereals,Paddy(Common),13-10-2022,0.01,Metric Tonnes
Andhra Pradesh,Nandyal,Atmakur (Nandyal District) APMC,Cereals,Paddy(Common),14-10-2022,0.01,Metric Tonnes
Andhra Pradesh,Nandyal,Atmakur (Nandyal District) APMC,Cereals,Paddy(Common),15-10-2022,0.01,Metric Tonnes
Andhra Pradesh,Nandyal,Atmakur (Nandyal District) APMC,Cereals,Paddy(Common),16-10-2022,0.01,Metric Tonnes
Andhra Pradesh,Nandyal,Atmakur (Nandyal District) APMC,Cereals,Paddy(Common),17-10-2022,0.01,Metric Tonnes
Andhra Pradesh,Nandyal,Atmakur (Nandyal District) APMC,Cereals,Paddy(Common),18-10-2022,0.01,Metric Tonnes
Andhra Pradesh,Nandyal,Atmakur (Nandyal District) APMC,Cereals,Paddy(Common),19-10-2022,0.01,Metric Tonnes
Andhra Pradesh,Nandyal,Atmakur (Nandyal District) APMC,Cereals,Paddy(Common),20-10-2022,0.01,Metric Tonnes
Andhra Pradesh,Nandyal,Atmakur (Nandyal District) APMC,Cereals,Paddy(Common),21-10-2022,0.01,Metric Tonnes
Andhra Pradesh,Nandyal,Atmakur (Nandyal District) APMC,Cereals,Paddy(Common),22-10-2022,0.01,Metric Tonnes
Andhra Pradesh,Nandyal,Atmakur (Nandyal District) APMC,Cereals,Paddy(Common),23-10-2022,0.01,Metric Tonnes
Andhra Pradesh,Nandyal,Atmakur (Nandyal District) APMC,Cereals,Paddy(Common),24-10-2022,0.01,Metric Tonnes
Andhra Pradesh,Nandyal,Atmakur (Nandyal District) APMC,Cereals,Paddy(Common),25-10-2022,0.01,Metric Tonnes
Andhra Pradesh,Nandyal,Atmakur (Nandyal District) APMC,Cereals,Paddy(Common),26-10-2022,0.01,Metric Tonnes
Andhra Pradesh,Nandyal,Atmakur (Nandyal District) APMC,Cereals,Paddy(Common),27-10-2022,0.01,Metric Tonnes
Andhra Pradesh,Nandyal,Atmakur (Nandyal District) APMC,Cereals,Paddy(Common),28-10-2022,0.01,Metric Tonnes
Andhra Pradesh,Nandyal,Atmakur (Nandyal District) APMC,Cereals,Paddy(Common),29-10-2022,0.01,Metric Tonnes
Andhra Pradesh,Nandyal,Atmakur (Nandyal District) APMC,Cereals,Paddy(Common),30-10-2022,0.01,Metric Tonnes
Andhra Pradesh,Nandyal,Atmakur (Nandyal District) APMC,Cereals,Paddy(Common),31-10-2022,0.01,Metric Tonnes
Andhra Pradesh,Nandyal,Atmakur (Nandyal District) APMC,Cereals,Paddy(Common),01-11-2022,0.01,Metric Tonnes
Andhra Pradesh,Nandyal,Atmakur (Nandyal District) APMC,Cereals,Paddy(Common),02-11-2022,0.01,Metric Tonnes
Andhra Pradesh,Nandyal,Atmakur (Nandyal District) APMC,Cereals,Paddy(Common),03-11-2022,0.01,Metric Tonnes
Andhra Pradesh,Nandyal,Atmakur (Nandyal District) APMC,Cereals,Paddy(Common),04-11-2022,0.01,Metric Tonnes
Andhra Pradesh,Nandyal,Atmakur (Nandyal District) APMC,Cereals,Paddy(Common),05-11-2022,0.01,Metric Tonnes
Andhra Pradesh,Nandyal,Atmakur (Nandyal District) APMC,Cereals,Paddy(Common),06-11-2022,0.01,Metric Tonnes
Andhra Pradesh,Nandyal,Atmakur (Nandyal District) APMC,Cereals,Paddy(Common),07-11-2022,0.01,Metric Tonnes
Andhra Pradesh,Nandyal,Atmakur (Nandyal District) APMC,Cereals,Paddy(Common),08-11-2022,0.01,Metric Tonnes
Andhra Pradesh,Nandyal,Atmakur (Nandyal District) APMC,Cereals,Paddy(Common),09-11-2022,0.01,Metric Tonnes
Andhra Pradesh,Nandyal,Atmakur (Nandyal District) APMC,Cereals,Paddy(Common),10-11-2022,0.01,Metric Tonnes
Andhra Pradesh,Nandyal,Atmakur (Nandyal District) APMC,Cereals,Paddy(Common),11-11-2022,0.01,Metric Tonnes
Andhra Pradesh,Nandyal,Atmakur (Nandyal District) APMC,Cereals,Paddy(Common),12-11-2022,0.01,Metric Tonnes
Andhra Pradesh,Nandyal,Atmakur (Nandyal District) APMC,Cereals,Paddy(Common),13-11-2022,0.01,Metric Tonnes
Andhra Pradesh,Nandyal,Atmakur (Nandyal District) APMC,Cereals,Paddy(Common),14-11-2022,0.01,Metric Tonnes
Andhra Pradesh,Nandyal,Atmakur (Nandyal District) APMC,Cereals,Paddy(Common),15-11-2022,0.01,Metric Tonnes
Andhra Pradesh,Nandyal,Atmakur (Nandyal District) APMC,Cereals,Paddy(Common),16-11-2022,0.01,Metric Tonnes
Andhra Pradesh,Nandyal,Atmakur (Nandyal District) APMC,Cereals,Paddy(Common),17-11-2022,0.01,Metric Tonnes
Andhra Pradesh,Nandyal,Atmakur (Nandyal District) APMC,Cereals,Paddy(Common),18-11-2022,0.01,Metric Tonnes
Andhra Pradesh,Nandyal,Atmakur (Nandyal District) APMC,Cereals,Paddy(Common),19-11-2022,0.01,Metric Tonnes
Andhra Pradesh,Nandyal,Atmakur (Nandyal District) APMC,Cereals,Paddy(Common),20-11-2022,0.01,Metric Tonnes
Andhra Pradesh,Nandyal,Atmakur (Nandyal District) APMC,Cereals,Paddy(Common),21-11-2022,0.01,Metric Tonnes
Andhra Pradesh,Nandyal,Atmakur (Nandyal District) APMC,Cereals,Paddy(Common),22-11-2022,0.01,Metric Tonnes
Andhra Pradesh,Nandyal,Atmakur (Nandyal District) APMC,Cereals,Paddy(Common),23-11-2022,0.01,Metric Tonnes
Andhra Pradesh,Nandyal,Atmakur (Nandyal District) APMC,Cereals,Paddy(Common),24-11-2022,0.01,Metric Tonnes
Andhra Pradesh,Nandyal,Atmakur (Nandyal District) APMC,Cereals,Paddy(Common),25-11-2022,0.01,Metric Tonnes
Andhra Pradesh,Nandyal,Atmakur (Nandyal District) APMC,Cereals,Paddy(Common),26-11-2022,0.01,Metric Tonnes
Andhra Pradesh,Nandyal,Atmakur (Nandyal District) APMC,Cereals,Paddy(Common),27-11-2022,0.01,Metric Tonnes
Andhra Pradesh,Nandyal,Atmakur (Nandyal District) APMC,Cereals,Paddy(Common),28-11-2022,0.01,Metric Tonnes
Andhra Pradesh,Nandyal,Atmakur (Nandyal District) APMC,Cereals,Paddy(Common),29-11-2022,0.01,Metric Tonnes
Andhra Pradesh,Nandyal,Atmakur (Nandyal District) APMC,Cereals,Paddy(Common),30-11-2022,0.01,Metric Tonnes
Andhra Pradesh,Nandyal,Atmakur (Nandyal District) APMC,Cereals,Paddy(Common),01-12-2022,0.01,Metric Tonnes
Andhra Pradesh,Nandyal,Atmakur (Nandyal District) APMC,Cereals,Paddy(Common),02-12-2022,0.01,Metric Tonnes
Andhra Pradesh,Nandyal,Atmakur (Nandyal District) APMC,Cereals,Paddy(Common),03-12-2022,0.01,Metric Tonnes
Andhra Pradesh,Nandyal,Atmakur (Nandyal District) APMC,Cereals,Paddy(Common),04-12-2022,0.01,Metric Tonnes
Andhra Pradesh,Nandyal,Atmakur (Nandyal District) APMC,Cereals,Paddy(Common),05-12-2022,0.01,Metric Tonnes
Andhra Pradesh,Nandyal,Atmakur (Nandyal District) APMC,Cereals,Paddy(Common),06-12-2022,0.01,Metric Tonnes
Andhra Pradesh,Nandyal,Atmakur (Nandyal District) APMC,Cereals,Paddy(Common),07-12-2022,0.01,Metric Tonnes
Andhra Pradesh,Nandyal,Atmakur (Nandyal District) APMC,Cereals,Paddy(Common),08-12-2022,0.01,Metric Tonnes
Andhra Pradesh,Nandyal,Atmakur (Nandyal District) APMC,Cereals,Paddy(Common),09-12-2022,0.01,Metric Tonnes
Andhra Pradesh,Nandyal,Atmakur (Nandyal District) APMC,Cereals,Paddy(Common),10-12-2022,0.01,Metric Tonnes
Andhra Pradesh,Nandyal,Atmakur (Nandyal District) APMC,Cereals,Paddy(Common),11-12-2022,0.01,Metric Tonnes
Andhra Pradesh,Nandyal,Atmakur (Nandyal District) APMC,Cereals,Paddy(Common),12-12-2022,0.01,Metric Tonnes
Andhra Pradesh,Nandyal,Atmakur (Nandyal District) APMC,Cereals,Paddy(Common),13-12-2022,0.01,Metric Tonnes
Andhra Pradesh,Nandyal,Atmakur (Nandyal District) APMC,Cereals,Paddy(Common),14-12-2022,0.01,Metric Tonnes
Andhra Pradesh,Nandyal,Atmakur (Nandyal District) APMC,Cereals,Paddy(Common),15-12-2022,0.01,Metric Tonnes
Andhra Pradesh,Nandyal,Atmakur (Nandyal District) APMC,Cereals,Paddy(Common),16-12-2022,0.01,Metric Tonnes
Andhra Pradesh,Nandyal,Atmakur (Nandyal District) APMC,Cereals,Paddy(Common),17-12-2022,0.01,Metric Tonnes
Andhra Pradesh,Nandyal,Atmakur (Nandyal District) APMC,Cereals,Paddy(Common),19-12-2022,0.01,Metric Tonnes
Andhra Pradesh,Nandyal,Atmakur (Nandyal District) APMC,Cereals,Paddy(Common),20-12-2022,0.01,Metric Tonnes
Andhra Pradesh,Nandyal,Atmakur (Nandyal District) APMC,Cereals,Paddy(Common),21-12-2022,0.01,Metric Tonnes
Andhra Pradesh,Nandyal,Atmakur (Nandyal District) APMC,Cereals,Paddy(Common),22-12-2022,0.01,Metric Tonnes
Andhra Pradesh,Nandyal,Atmakur (Nandyal District) APMC,Cereals,Paddy(Common),23-12-2022,0.01,Metric Tonnes
Andhra Pradesh,Nandyal,Atmakur (Nandyal District) APMC,Cereals,Paddy(Common),24-12-2022,0.01,Metric Tonnes
Andhra Pradesh,Nandyal,Atmakur (Nandyal District) APMC,Cereals,Paddy(Common),25-12-2022,0.01,Metric Tonnes
Andhra Pradesh,Nandyal,Atmakur (Nandyal District) APMC,Cereals,Paddy(Common),26-12-2022,0.01,Metric Tonnes
Andhra Pradesh,Nandyal,Atmakur (Nandyal District) APMC,Cereals,Paddy(Common),27-12-2022,0.01,Metric Tonnes
Andhra Pradesh,Nandyal,Atmakur (Nandyal District) APMC,Cereals,Paddy(Common),28-12-2022,0.01,Metric Tonnes
Andhra Pradesh,Nandyal,Atmakur (Nandyal District) APMC,Cereals,Paddy(Common),29-12-2022,0.01,Metric Tonnes
Andhra Pradesh,Nandyal,Atmakur (Nandyal District) APMC,Cereals,Paddy(Common),30-12-2022,0.01,Metric Tonnes
Andhra Pradesh,Nandyal,Atmakur (Nandyal District) APMC,Cereals,Paddy(Common),31-12-2022,0.01,Metric Tonnes
Andhra Pradesh,Nandyal,Atmakur (Nandyal District) APMC,Cereals,Paddy(Common),01-01-2023,0.01,Metric Tonnes
Andhra Pradesh,Nandyal,Atmakur (Nandyal District) APMC,Cereals,Paddy(Common),02-01-2023,0.01,Metric Tonnes
Andhra Pradesh,Nandyal,Atmakur (Nandyal District) APMC,Cereals,Paddy(Common),03-01-2023,0.01,Metric Tonnes
Andhra Pradesh,Nandyal,Atmakur (Nandyal District) APMC,Cereals,Paddy(Common),04-01-2023,0.01,Metric Tonnes
Andhra Pradesh,Nandyal,Atmakur (Nandyal District) APMC,Cereals,Paddy(Common),05-01-2023,0.01,Metric Tonnes
Andhra Pradesh,Nandyal,Atmakur (Nandyal District) APMC,Cereals,Paddy(Common),06-01-2023,0.01,Metric Tonnes
Andhra Pradesh,Nandyal,Atmakur (Nandyal District) APMC,Cereals,Paddy(Common),07-01-2023,0.01,Metric Tonnes
Andhra Pradesh,Nandyal,Atmakur (Nandyal District) APMC,Cereals,Paddy(Common),08-01-2023,0.01,Metric Tonnes
Andhra Pradesh,Nandyal,Atmakur (Nandyal District) APMC,Cereals,Paddy(Common),09-01-2023,0.01,Metric Tonnes
Andhra Pradesh,Nandyal,Atmakur (Nandyal District) APMC,Cereals,Paddy(Common),10-01-2023,0.01,Metric Tonnes
Andhra Pradesh,Nandyal,Atmakur (Nandyal District) APMC,Cereals,Paddy(Common),11-01-2023,0.01,Metric Tonnes
Andhra Pradesh,Nandyal,Atmakur (Nandyal District) APMC,Cereals,Paddy(Common),12-01-2023,0.01,Metric Tonnes
Andhra Pradesh,Nandyal,Atmakur (Nandyal District) APMC,Cereals,Paddy(Common),13-01-2023,0.01,Metric Tonnes
Andhra Pradesh,Nandyal,Atmakur (Nandyal District) APMC,Cereals,Paddy(Common),15-01-2023,0.01,Metric Tonnes
Andhra Pradesh,Nandyal,Atmakur (Nandyal District) APMC,Cereals,Paddy(Common),16-01-2023,0.01,Metric Tonnes
Andhra Pradesh,Nandyal,Atmakur (Nandyal District) APMC,Cereals,Paddy(Common),17-01-2023,0.01,Metric Tonnes
Andhra Pradesh,Nandyal,Atmakur (Nandyal District) APMC,Cereals,Paddy(Common),18-01-2023,0.01,Metric Tonnes
Andhra Pradesh,Nandyal,Atmakur (Nandyal District) APMC,Cereals,Paddy(Common),19-01-2023,0.01,Metric Tonnes
Andhra Pradesh,Nandyal,Atmakur (Nandyal District) APMC,Cereals,Paddy(Common),20-01-2023,0.01,Metric Tonnes
Andhra Pradesh,Nandyal,Atmakur (Nandyal District) APMC,Cereals,Paddy(Common),21-01-2023,0.01,Metric Tonnes
Andhra Pradesh,Nandyal,Atmakur (Nandyal District) APMC,Cereals,Paddy(Common),22-01-2023,0.01,Metric Tonnes
Andhra Pradesh,Nandyal,Atmakur (Nandyal District) APMC,Cereals,Paddy(Common),23-01-2023,0.01,Metric Tonnes
Andhra Pradesh,Nandyal,Atmakur (Nandyal District) APMC,Cereals,Paddy(Common),24-01-2023,0.01,Metric Tonnes
Andhra Pradesh,Nandyal,Atmakur (Nandyal District) APMC,Cereals,Paddy(Common),25-01-2023,0.01,Metric Tonnes
Andhra Pradesh,Nandyal,Atmakur (Nandyal District) APMC,Cereals,Paddy(Common),26-01-2023,0.01,Metric Tonnes
Andhra Pradesh,Nandyal,Atmakur (Nandyal District) APMC,Cereals,Paddy(Common),27-01-2023,0.01,Metric Tonnes
Andhra Pradesh,Nandyal,Atmakur (Nandyal District) APMC,Cereals,Paddy(Common),28-01-2023,0.01,Metric Tonnes
Andhra Pradesh,Nandyal,Atmakur (Nandyal District) APMC,Cereals,Paddy(Common),31-01-2023,0.01,Metric Tonnes
Andhra Pradesh,Nandyal,Atmakur (Nandyal District) APMC,Cereals,Paddy(Common),01-02-2023,0.01,Metric Tonnes
Andhra Pradesh,Nandyal,Atmakur (Nandyal District) APMC,Cereals,Paddy(Common),03-02-2023,0.01,Metric Tonnes
Andhra Pradesh,Nandyal,Atmakur (Nandyal District) APMC,Cereals,Paddy(Common),04-02-2023,0.01,Metric Tonnes
Andhra Pradesh,Nandyal,Atmakur (Nandyal District) APMC,Cereals,Paddy(Common),05-02-2023,0.01,Metric Tonnes
Andhra Pradesh,Nandyal,Atmakur (Nandyal District) APMC,Cereals,Paddy(Common),06-02-2023,0.01,Metric Tonnes
Andhra Pradesh,Nandyal,Atmakur (Nandyal District) APMC,Cereals,Paddy(Common),07-02-2023,0.01,Metric Tonnes
Andhra Pradesh,Nandyal,Atmakur (Nandyal District) APMC,Cereals,Paddy(Common),08-02-2023,0.01,Metric Tonnes
Andhra Pradesh,Nandyal,Atmakur (Nandyal District) APMC,Cereals,Paddy(Common),09-02-2023,0.01,Metric Tonnes
Andhra Pradesh,Nandyal,Atmakur (Nandyal District) APMC,Cereals,Paddy(Common),10-02-2023,0.01,Metric Tonnes
Andhra Pradesh,Nandyal,Atmakur (Nandyal District) APMC,Cereals,Paddy(Common),11-02-2023,0.01,Metric Tonnes
Andhra Pradesh,Nandyal,Atmakur (Nandyal District) APMC,Cereals,Paddy(Common),12-02-2023,0.01,Metric Tonnes
Andhra Pradesh,Nandyal,Atmakur (Nandyal District) APMC,Cereals,Paddy(Common),13-02-2023,0.01,Metric Tonnes
Andhra Pradesh,Nandyal,Atmakur (Nandyal District) APMC,Cereals,Paddy(Common),14-02-2023,0.01,Metric Tonnes
Andhra Pradesh,Nandyal,Atmakur (Nandyal District) APMC,Cereals,Paddy(Common),15-02-2023,0.01,Metric Tonnes
Andhra Pradesh,Nandyal,Atmakur (Nandyal District) APMC,Cereals,Paddy(Common),16-02-2023,0.01,Metric Tonnes
Andhra Pradesh,Nandyal,Atmakur (Nandyal District) APMC,Cereals,Paddy(Common),17-02-2023,0.01,Metric Tonnes
Andhra Pradesh,Nandyal,Atmakur (Nandyal District) APMC,Cereals,Paddy(Common),18-02-2023,0.01,Metric Tonnes
Andhra Pradesh,Nandyal,Atmakur (Nandyal District) APMC,Cereals,Paddy(Common),19-02-2023,0.01,Metric Tonnes
Andhra Pradesh,Nandyal,Atmakur (Nandyal District) APMC,Cereals,Paddy(Common),20-02-2023,0.01,Metric Tonnes
Andhra Pradesh,Nandyal,Atmakur (Nandyal District) APMC,Cereals,Paddy(Common),21-02-2023,0.01,Metric Tonnes
Andhra Pradesh,Nandyal,Atmakur (Nandyal District) APMC,Cereals,Paddy(Common),22-02-2023,0.01,Metric Tonnes
Andhra Pradesh,Nandyal,Atmakur (Nandyal District) APMC,Cereals,Paddy(Common),23-02-2023,0.01,Metric Tonnes
Andhra Pradesh,Nandyal,Atmakur (Nandyal District) APMC,Cereals,Paddy(Common),24-02-2023,0.01,Metric Tonnes
Andhra Pradesh,Nandyal,Atmakur (Nandyal District) APMC,Cereals,Paddy(Common),25-02-2023,0.01,Metric Tonnes
Andhra Pradesh,Nandyal,Atmakur (Nandyal District) APMC,Cereals,Paddy(Common),26-02-2023,0.01,Metric Tonnes
Andhra Pradesh,Nandyal,Atmakur (Nandyal District) APMC,Cereals,Paddy(Common),27-02-2023,0.01,Metric Tonnes
Andhra Pradesh,Nandyal,Atmakur (Nandyal District) APMC,Cereals,Paddy(Common),28-02-2023,0.01,Metric Tonnes
Andhra Pradesh,Nandyal,Atmakur (Nandyal District) APMC,Cereals,Paddy(Common),01-03-2023,0.01,Metric Tonnes
Andhra Pradesh,Nandyal,Atmakur (Nandyal District) APMC,Cereals,Paddy(Common),02-03-2023,0.01,Metric Tonnes
Andhra Pradesh,Nandyal,Atmakur (Nandyal District) APMC,Cereals,Paddy(Common),03-03-2023,0.01,Metric Tonnes
Andhra Pradesh,Nandyal,Atmakur (Nandyal District) APMC,Cereals,Paddy(Common),04-03-2023,0.01,Metric Tonnes
Andhra Pradesh,Nandyal,Atmakur (Nandyal District) APMC,Cereals,Paddy(Common),05-03-2023,0.01,Metric Tonnes
Andhra Pradesh,Nandyal,Atmakur (Nandyal District) APMC,Cereals,Paddy(Common),06-03-2023,0.01,Metric Tonnes
Andhra Pradesh,Nandyal,Atmakur (Nandyal District) APMC,Cereals,Paddy(Common),07-03-2023,0.01,Metric Tonnes
Andhra Pradesh,Nandyal,Atmakur (Nandyal District) APMC,Cereals,Paddy(Common),08-03-2023,0.01,Metric Tonnes
Andhra Pradesh,Nandyal,Atmakur (Nandyal District) APMC,Cereals,Paddy(Common),09-03-2023,0.01,Metric Tonnes
Andhra Pradesh,Nandyal,Atmakur (Nandyal District) APMC,Cereals,Paddy(Common),10-03-2023,0.01,Metric Tonnes
Andhra Pradesh,Nandyal,Atmakur (Nandyal District) APMC,Cereals,Paddy(Common),12-03-2023,0.01,Metric Tonnes
Andhra Pradesh,Nandyal,Atmakur (Nandyal District) APMC,Cereals,Paddy(Common),13-03-2023,0.01,Metric Tonnes
Andhra Pradesh,Nandyal,Atmakur (Nandyal District) APMC,Cereals,Paddy(Common),14-03-2023,0.01,Metric Tonnes
Andhra Pradesh,Nandyal,Atmakur (Nandyal District) APMC,Cereals,Paddy(Common),15-03-2023,0.01,Metric Tonnes
Andhra Pradesh,Nandyal,Atmakur (Nandyal District) APMC,Cereals,Paddy(Common),16-03-2023,0.01,Metric Tonnes
Andhra Pradesh,Nandyal,Atmakur (Nandyal District) APMC,Cereals,Paddy(Common),17-03-2023,0.01,Metric Tonnes
Andhra Pradesh,Nandyal,Atmakur (Nandyal District) APMC,Cereals,Paddy(Common),18-03-2023,0.01,Metric Tonnes
Andhra Pradesh,Nandyal,Atmakur (Nandyal District) APMC,Cereals,Paddy(Common),19-03-2023,0.01,Metric Tonnes
Andhra Pradesh,Nandyal,Atmakur (Nandyal District) APMC,Cereals,Paddy(Common),20-03-2023,0.01,Metric Tonnes
Andhra Pradesh,Nandyal,Atmakur (Nandyal District) APMC,Cereals,Paddy(Common),21-03-2023,0.01,Metric Tonnes
Andhra Pradesh,Nandyal,Atmakur (Nandyal District) APMC,Cereals,Paddy(Common),22-03-2023,0.01,Metric Tonnes
Andhra Pradesh,Nandyal,Atmakur (Nandyal District) APMC,Cereals,Paddy(Common),23-03-2023,0.01,Metric Tonnes
Andhra Pradesh,Nandyal,Atmakur (Nandyal District) APMC,Cereals,Paddy(Common),24-03-2023,0.01,Metric Tonnes
Andhra Pradesh,Nandyal,Atmakur (Nandyal District) APMC,Cereals,Paddy(Common),25-03-2023,0.01,Metric Tonnes
Andhra Pradesh,Nandyal,Atmakur (Nandyal District) APMC,Cereals,Paddy(Common),26-03-2023,0.01,Metric Tonnes
Andhra Pradesh,Nandyal,Atmakur (Nandyal District) APMC,Cereals,Paddy(Common),27-03-2023,0.01,Metric Tonnes
Andhra Pradesh,Nandyal,Atmakur (Nandyal District) APMC,Cereals,Paddy(Common),28-03-2023,0.01,Metric Tonnes
Andhra Pradesh,Nandyal,Atmakur (Nandyal District) APMC,Cereals,Paddy(Common),29-03-2023,0.01,Metric Tonnes
Andhra Pradesh,Nandyal,Atmakur (Nandyal District) APMC,Cereals,Paddy(Common),30-03-2023,0.01,Metric Tonnes
Andhra Pradesh,Nandyal,Atmakur (Nandyal District) APMC,Cereals,Paddy(Common),31-03-2023,0.01,Metric Tonnes
Andhra Pradesh,Nandyal,Atmakur (Nandyal District) APMC,Cereals,Paddy(Common),01-04-2023,0.01,Metric Tonnes
Andhra Pradesh,Nandyal,Atmakur (Nandyal District) APMC,Cereals,Paddy(Common),02-04-2023,0.01,Metric Tonnes
Andhra Pradesh,Nandyal,Atmakur (Nandyal District) APMC,Cereals,Paddy(Common),03-04-2023,0.01,Metric Tonnes
Andhra Pradesh,Nandyal,Atmakur (Nandyal District) APMC,Cereals,Paddy(Common),04-04-2023,0.01,Metric Tonnes
Andhra Pradesh,Nandyal,Atmakur (Nandyal District) APMC,Cereals,Paddy(Common),05-04-2023,0.01,Metric Tonnes
Andhra Pradesh,Nandyal,Atmakur (Nandyal District) APMC,Cereals,Paddy(Common),06-04-2023,0.01,Metric Tonnes
Andhra Pradesh,Nandyal,Atmakur (Nandyal District) APMC,Cereals,Paddy(Common),07-04-2023,0.01,Metric Tonnes
Andhra Pradesh,Nandyal,Atmakur (Nandyal District) APMC,Cereals,Paddy(Common),08-04-2023,0.01,Metric Tonnes
Andhra Pradesh,Nandyal,Atmakur (Nandyal District) APMC,Cereals,Paddy(Common),09-04-2023,0.01,Metric Tonnes
Andhra Pradesh,Nandyal,Atmakur (Nandyal District) APMC,Cereals,Paddy(Common),10-04-2023,0.01,Metric Tonnes
Andhra Pradesh,Nandyal,Atmakur (Nandyal District) APMC,Cereals,Paddy(Common),11-04-2023,0.01,Metric Tonnes
Andhra Pradesh,Nandyal,Atmakur (Nandyal District) APMC,Cereals,Paddy(Common),12-04-2023,0.01,Metric Tonnes
Andhra Pradesh,Nandyal,Atmakur (Nandyal District) APMC,Cereals,Paddy(Common),13-04-2023,0.01,Metric Tonnes
Andhra Pradesh,Nandyal,Atmakur (Nandyal District) APMC,Cereals,Paddy(Common),14-04-2023,0.01,Metric Tonnes
Andhra Pradesh,Nandyal,Atmakur (Nandyal District) APMC,Cereals,Paddy(Common),15-04-2023,0.01,Metric Tonnes
Andhra Pradesh,Nandyal,Atmakur (Nandyal District) APMC,Cereals,Paddy(Common),16-04-2023,0.01,Metric Tonnes
Andhra Pradesh,Nandyal,Atmakur (Nandyal District) APMC,Cereals,Paddy(Common),17-04-2023,0.01,Metric Tonnes
Andhra Pradesh,Nandyal,Atmakur (Nandyal District) APMC,Cereals,Paddy(Common),18-04-2023,0.01,Metric Tonnes
Andhra Pradesh,Nandyal,Atmakur (Nandyal District) APMC,Cereals,Paddy(Common),19-04-2023,0.01,Metric Tonnes
Andhra Pradesh,Nandyal,Atmakur (Nandyal District) APMC,Cereals,Paddy(Common),20-04-2023,0.01,Metric Tonnes
Andhra Pradesh,Nandyal,Atmakur (Nandyal District) APMC,Cereals,Paddy(Common),21-04-2023,0.01,Metric Tonnes
Andhra Pradesh,Nandyal,Atmakur (Nandyal District) APMC,Cereals,Paddy(Common),22-04-2023,0.01,Metric Tonnes
Andhra Pradesh,Nandyal,Atmakur (Nandyal District) APMC,Cereals,Paddy(Common),23-04-2023,0.01,Metric Tonnes
Andhra Pradesh,Nandyal,Atmakur (Nandyal District) APMC,Cereals,Paddy(Common),24-04-2023,0.01,Metric Tonnes
Andhra Pradesh,Nandyal,Atmakur (Nandyal District) APMC,Cereals,Paddy(Common),25-04-2023,0.01,Metric Tonnes
Andhra Pradesh,Nandyal,Atmakur (Nandyal District) APMC,Cereals,Paddy(Common),26-04-2023,0.01,Metric Tonnes
Andhra Pradesh,Nandyal,Atmakur (Nandyal District) APMC,Cereals,Paddy(Common),27-04-2023,0.01,Metric Tonnes
Andhra Pradesh,Nandyal,Atmakur (Nandyal District) APMC,Cereals,Paddy(Common),28-04-2023,0.01,Metric Tonnes
Andhra Pradesh,Nandyal,Atmakur (Nandyal District) APMC,Cereals,Paddy(Common),29-04-2023,0.01,Metric Tonnes
Andhra Pradesh,Nandyal,Atmakur (Nandyal District) APMC,Cereals,Paddy(Common),30-04-2023,0.01,Metric Tonnes
Andhra Pradesh,Nandyal,Atmakur (Nandyal District) APMC,Cereals,Paddy(Common),01-05-2023,0.01,Metric Tonnes
Andhra Pradesh,Nandyal,Atmakur (Nandyal District) APMC,Cereals,Paddy(Common),02-05-2023,0.01,Metric Tonnes
Andhra Pradesh,Nandyal,Atmakur (Nandyal District) APMC,Cereals,Paddy(Common),03-05-2023,0.01,Metric Tonnes
Andhra Pradesh,Nandyal,Atmakur (Nandyal District) APMC,Cereals,Paddy(Common),04-05-2023,0.01,Metric Tonnes
Andhra Pradesh,Nandyal,Atmakur (Nandyal District) APMC,Cereals,Paddy(Common),05-05-2023,0.01,Metric Tonnes
Andhra Pradesh,Nandyal,Atmakur (Nandyal District) APMC,Cereals,Paddy(Common),06-05-2023,0.01,Metric Tonnes
Andhra Pradesh,Nandyal,Atmakur (Nandyal District) APMC,Cereals,Paddy(Common),07-05-2023,0.01,Metric Tonnes
Andhra Pradesh,Nandyal,Atmakur (Nandyal District) APMC,Cereals,Paddy(Common),08-05-2023,0.01,Metric Tonnes
Andhra Pradesh,Nandyal,Atmakur (Nandyal District) APMC,Cereals,Paddy(Common),09-05-2023,0.01,Metric Tonnes
Andhra Pradesh,Nandyal,Atmakur (Nandyal District) APMC,Cereals,Paddy(Common),10-05-2023,0.01,Metric Tonnes
Andhra Pradesh,Nandyal,Atmakur (Nandyal District) APMC,Cereals,Paddy(Common),11-05-2023,0.01,Metric Tonnes
Andhra Pradesh,Nandyal,Atmakur (Nandyal District) APMC,Cereals,Paddy(Common),12-05-2023,0.01,Metric Tonnes
Andhra Pradesh,Nandyal,Atmakur (Nandyal District) APMC,Cereals,Paddy(Common),13-05-2023,0.01,Metric Tonnes
Andhra Pradesh,Nandyal,Atmakur (Nandyal District) APMC,Cereals,Paddy(Common),14-05-2023,0.01,Metric Tonnes
Andhra Pradesh,Nandyal,Atmakur (Nandyal District) APMC,Cereals,Paddy(Common),15-05-2023,0.01,Metric Tonnes
Andhra Pradesh,Nandyal,Atmakur (Nandyal District) APMC,Cereals,Paddy(Common),16-05-2023,0.01,Metric Tonnes
Andhra Pradesh,Nandyal,Atmakur (Nandyal District) APMC,Cereals,Paddy(Common),17-05-2023,0.01,Metric Tonnes
Andhra Pradesh,Nandyal,Atmakur (Nandyal District) APMC,Cereals,Paddy(Common),18-05-2023,0.01,Metric Tonnes
Andhra Pradesh,Nandyal,Atmakur (Nandyal District) APMC,Cereals,Paddy(Common),19-05-2023,0.01,Metric Tonnes
Andhra Pradesh,Nandyal,Atmakur (Nandyal District) APMC,Cereals,Paddy(Common),20-05-2023,0.01,Metric Tonnes
Andhra Pradesh,Nandyal,Atmakur (Nandyal District) APMC,Cereals,Paddy(Common),21-05-2023,0.01,Metric Tonnes
Andhra Pradesh,Nandyal,Atmakur (Nandyal District) APMC,Cereals,Paddy(Common),22-05-2023,0.01,Metric Tonnes
Andhra Pradesh,Nandyal,Atmakur (Nandyal District) APMC,Cereals,Paddy(Common),23-05-2023,0.01,Metric Tonnes
Andhra Pradesh,Nandyal,Atmakur (Nandyal District) APMC,Cereals,Paddy(Common),24-05-2023,0.01,Metric Tonnes
Andhra Pradesh,Nandyal,Atmakur (Nandyal District) APMC,Cereals,Paddy(Common),25-05-2023,0.01,Metric Tonnes
Andhra Pradesh,Nandyal,Atmakur (Nandyal District) APMC,Cereals,Paddy(Common),26-05-2023,0.01,Metric Tonnes
Andhra Pradesh,Nandyal,Atmakur (Nandyal District) APMC,Cereals,Paddy(Common),27-05-2023,0.01,Metric Tonnes
Andhra Pradesh,Nandyal,Atmakur (Nandyal District) APMC,Cereals,Paddy(Common),28-05-2023,0.01,Metric Tonnes
Andhra Pradesh,Nandyal,Atmakur (Nandyal District) APMC,Cereals,Paddy(Common),29-05-2023,0.01,Metric Tonnes
Andhra Pradesh,Nandyal,Atmakur (Nandyal District) APMC,Cereals,Paddy(Common),30-05-2023,0.01,Metric Tonnes
Andhra Pradesh,Nandyal,Atmakur (Nandyal District) APMC,Cereals,Paddy(Common),31-05-2023,0.01,Metric Tonnes
Andhra Pradesh,Nandyal,Atmakur (Nandyal District) APMC,Cereals,Paddy(Common),01-06-2023,0.01,Metric Tonnes
Andhra Pradesh,Nandyal,Atmakur (Nandyal District) APMC,Cereals,Paddy(Common),02-06-2023,0.01,Metric Tonnes
Andhra Pradesh,Nandyal,Atmakur (Nandyal District) APMC,Cereals,Paddy(Common),03-06-2023,0.01,Metric Tonnes
Andhra Pradesh,Nandyal,Atmakur (Nandyal District) APMC,Cereals,Paddy(Common),04-06-2023,0.01,Metric Tonnes
Andhra Pradesh,Nandyal,Atmakur (Nandyal District) APMC,Cereals,Paddy(Common),05-06-2023,0.01,Metric Tonnes
Andhra Pradesh,Nandyal,Atmakur (Nandyal District) APMC,Cereals,Paddy(Common),06-06-2023,0.01,Metric Tonnes
Andhra Pradesh,Nandyal,Atmakur (Nandyal District) APMC,Cereals,Paddy(Common),07-06-2023,0.01,Metric Tonnes
Andhra Pradesh,Nandyal,Atmakur (Nandyal District) APMC,Cereals,Paddy(Common),08-06-2023,0.01,Metric Tonnes
Andhra Pradesh,Nandyal,Atmakur (Nandyal District) APMC,Cereals,Paddy(Common),09-06-2023,0.01,Metric Tonnes
Andhra Pradesh,Nandyal,Atmakur (Nandyal District) APMC,Cereals,Paddy(Common),10-06-2023,0.01,Metric Tonnes
Andhra Pradesh,Nandyal,Atmakur (Nandyal District) APMC,Cereals,Paddy(Common),11-06-2023,0.01,Metric Tonnes
Andhra Pradesh,Nandyal,Atmakur (Nandyal District) APMC,Cereals,Paddy(Common),12-06-2023,0.01,Metric Tonnes
Andhra Pradesh,Nandyal,Atmakur (Nandyal District) APMC,Cereals,Paddy(Common),13-06-2023,0.01,Metric Tonnes
Andhra Pradesh,Nandyal,Atmakur (Nandyal District) APMC,Cereals,Paddy(Common),14-06-2023,0.01,Metric Tonnes
Andhra Pradesh,Nandyal,Atmakur (Nandyal District) APMC,Cereals,Paddy(Common),15-06-2023,0.01,Metric Tonnes
Andhra Pradesh,Nandyal,Atmakur (Nandyal District) APMC,Cereals,Paddy(Common),16-06-2023,0.01,Metric Tonnes
Andhra Pradesh,Nandyal,Atmakur (Nandyal District) APMC,Cereals,Paddy(Common),17-06-2023,0.01,Metric Tonnes
Andhra Pradesh,Nandyal,Atmakur (Nandyal District) APMC,Cereals,Paddy(Common),18-06-2023,0.01,Metric Tonnes
Andhra Pradesh,Nandyal,Atmakur (Nandyal District) APMC,Cereals,Paddy(Common),19-06-2023,0.01,Metric Tonnes
Andhra Pradesh,Nandyal,Atmakur (Nandyal District) APMC,Cereals,Paddy(Common),20-06-2023,0.01,Metric Tonnes
Andhra Pradesh,Nandyal,Atmakur (Nandyal District) APMC,Cereals,Paddy(Common),21-06-2023,0.01,Metric Tonnes
Andhra Pradesh,Nandyal,Atmakur (Nandyal District) APMC,Cereals,Paddy(Common),22-06-2023,0.01,Metric Tonnes
Andhra Pradesh,Nandyal,Atmakur (Nandyal District) APMC,Cereals,Paddy(Common),23-06-2023,0.01,Metric Tonnes
Andhra Pradesh,Nandyal,Atmakur (Nandyal District) APMC,Cereals,Paddy(Common),24-06-2023,0.01,Metric Tonnes
Andhra Pradesh,Nandyal,Atmakur (Nandyal District) APMC,Cereals,Paddy(Common),25-06-2023,0.01,Metric Tonnes
Andhra Pradesh,Nandyal,Atmakur (Nandyal District) APMC,Cereals,Paddy(Common),26-06-2023,0.01,Metric Tonnes
Andhra Pradesh,Nandyal,Atmakur (Nandyal District) APMC,Cereals,Paddy(Common),27-06-2023,0.01,Metric Tonnes
Andhra Pradesh,Nandyal,Atmakur (Nandyal District) APMC,Cereals,Paddy(Common),28-06-2023,0.01,Metric Tonnes
Andhra Pradesh,Nandyal,Atmakur (Nandyal District) APMC,Cereals,Paddy(Common),29-06-2023,0.01,Metric Tonnes
Andhra Pradesh,Nandyal,Atmakur (Nandyal District) APMC,Cereals,Paddy(Common),30-06-2023,0.01,Metric Tonnes
Andhra Pradesh,Nandyal,Atmakur (Nandyal District) APMC,Cereals,Paddy(Common),01-07-2023,0.01,Metric Tonnes
Andhra Pradesh,Nandyal,Atmakur (Nandyal District) APMC,Cereals,Paddy(Common),02-07-2023,0.01,Metric Tonnes
Andhra Pradesh,Nandyal,Atmakur (Nandyal District) APMC,Cereals,Paddy(Common),03-07-2023,0.01,Metric Tonnes
Andhra Pradesh,Nandyal,Atmakur (Nandyal District) APMC,Cereals,Paddy(Common),04-07-2023,0.01,Metric Tonnes
Andhra Pradesh,Nandyal,Atmakur (Nandyal District) APMC,Cereals,Paddy(Common),05-07-2023,0.01,Metric Tonnes
Andhra Pradesh,Nandyal,Atmakur (Nandyal District) APMC,Cereals,Paddy(Common),07-07-2023,0.01,Metric Tonnes
Andhra Pradesh,Nandyal,Atmakur (Nandyal District) APMC,Cereals,Paddy(Common),08-07-2023,0.01,Metric Tonnes
Andhra Pradesh,Nandyal,Atmakur (Nandyal District) APMC,Cereals,Paddy(Common),09-07-2023,0.01,Metric Tonnes
Andhra Pradesh,Nandyal,Atmakur (Nandyal District) APMC,Cereals,Paddy(Common),10-07-2023,0.01,Metric Tonnes
Andhra Pradesh,Nandyal,Atmakur (Nandyal District) APMC,Cereals,Paddy(Common),11-07-2023,0.01,Metric Tonnes
Andhra Pradesh,Nandyal,Atmakur (Nandyal District) APMC,Cereals,Paddy(Common),12-07-2023,0.01,Metric Tonnes
Andhra Pradesh,Nandyal,Atmakur (Nandyal District) APMC,Cereals,Paddy(Common),13-07-2023,0.01,Metric Tonnes
Andhra Pradesh,Nandyal,Atmakur (Nandyal District) APMC,Cereals,Paddy(Common),15-07-2023,0.01,Metric Tonnes
Andhra Pradesh,Nandyal,Atmakur (Nandyal District) APMC,Cereals,Paddy(Common),16-07-2023,0.01,Metric Tonnes
Andhra Pradesh,Nandyal,Atmakur (Nandyal District) APMC,Cereals,Paddy(Common),17-07-2023,0.01,Metric Tonnes
Andhra Pradesh,Nandyal,Atmakur (Nandyal District) APMC,Cereals,Paddy(Common),18-07-2023,0.01,Metric Tonnes
Andhra Pradesh,Nandyal,Atmakur (Nandyal District) APMC,Cereals,Paddy(Common),19-07-2023,0.01,Metric Tonnes
Andhra Pradesh,Nandyal,Atmakur (Nandyal District) APMC,Cereals,Paddy(Common),20-07-2023,0.01,Metric Tonnes
Andhra Pradesh,Nandyal,Atmakur (Nandyal District) APMC,Cereals,Paddy(Common),21-07-2023,0.01,Metric Tonnes
Andhra Pradesh,Nandyal,Atmakur (Nandyal District) APMC,Cereals,Paddy(Common),22-07-2023,0.01,Metric Tonnes
Andhra Pradesh,Nandyal,Atmakur (Nandyal District) APMC,Cereals,Paddy(Common),23-07-2023,0.01,Metric Tonnes
Andhra Pradesh,Nandyal,Atmakur (Nandyal District) APMC,Cereals,Paddy(Common),24-07-2023,0.01,Metric Tonnes
Andhra Pradesh,Nandyal,Atmakur (Nandyal District) APMC,Cereals,Paddy(Common),25-07-2023,0.01,Metric Tonnes
Andhra Pradesh,Nandyal,Atmakur (Nandyal District) APMC,Cereals,Paddy(Common),26-07-2023,0.01,Metric Tonnes
Andhra Pradesh,Nandyal,Atmakur (Nandyal District) APMC,Cereals,Paddy(Common),27-07-2023,0.01,Metric Tonnes
Andhra Pradesh,Nandyal,Atmakur (Nandyal District) APMC,Cereals,Paddy(Common),28-07-2023,0.01,Metric Tonnes
Andhra Pradesh,Nandyal,Atmakur (Nandyal District) APMC,Cereals,Paddy(Common),29-07-2023,0.01,Metric Tonnes
Andhra Pradesh,Nandyal,Atmakur (Nandyal District) APMC,Cereals,Paddy(Common),30-07-2023,0.01,Metric Tonnes
Andhra Pradesh,Nandyal,Atmakur (Nandyal District) APMC,Cereals,Paddy(Common),31-07-2023,0.01,Metric Tonnes
Andhra Pradesh,Nandyal,Atmakur (Nandyal District) APMC,Cereals,Paddy(Common),01-08-2023,0.01,Metric Tonnes
Andhra Pradesh,Nandyal,Atmakur (Nandyal District) APMC,Cereals,Paddy(Common),02-08-2023,0.01,Metric Tonnes
Andhra Pradesh,Nandyal,Atmakur (Nandyal District) APMC,Cereals,Paddy(Common),03-08-2023,0.01,Metric Tonnes
Andhra Pradesh,Nandyal,Atmakur (Nandyal District) APMC,Cereals,Paddy(Common),04-08-2023,0.01,Metric Tonnes
Andhra Pradesh,Nandyal,Atmakur (Nandyal District) APMC,Cereals,Paddy(Common),05-08-2023,0.01,Metric Tonnes
Andhra Pradesh,Nandyal,Atmakur (Nandyal District) APMC,Cereals,Paddy(Common),08-08-2023,0.01,Metric Tonnes
Andhra Pradesh,Nandyal,Atmakur (Nandyal District) APMC,Cereals,Paddy(Common),09-08-2023,0.01,Metric Tonnes
Andhra Pradesh,Nandyal,Atmakur (Nandyal District) APMC,Cereals,Paddy(Common),10-08-2023,0.01,Metric Tonnes
Andhra Pradesh,Nandyal,Atmakur (Nandyal District) APMC,Cereals,Paddy(Common),11-08-2023,0.01,Metric Tonnes
Andhra Pradesh,Nandyal,Atmakur (Nandyal District) APMC,Cereals,Paddy(Common),12-08-2023,0.01,Metric Tonnes
Andhra Pradesh,Nandyal,Atmakur (Nandyal District) APMC,Cereals,Paddy(Common),13-08-2023,0.01,Metric Tonnes
Andhra Pradesh,Nandyal,Atmakur (Nandyal District) APMC,Cereals,Paddy(Common),14-08-2023,0.01,Metric Tonnes
Andhra Pradesh,Nandyal,Atmakur (Nandyal District) APMC,Cereals,Paddy(Common),15-08-2023,0.01,Metric Tonnes
Andhra Pradesh,Nandyal,Atmakur (Nandyal District) APMC,Cereals,Paddy(Common),17-08-2023,0.01,Metric Tonnes
Andhra Pradesh,Nandyal,Atmakur (Nandyal District) APMC,Cereals,Paddy(Common),18-08-2023,0.01,Metric Tonnes
Andhra Pradesh,Nandyal,Atmakur (Nandyal District) APMC,Cereals,Paddy(Common),19-08-2023,0.01,Metric Tonnes
Andhra Pradesh,Nandyal,Atmakur (Nandyal District) APMC,Cereals,Paddy(Common),20-08-2023,0.01,Metric Tonnes
Andhra Pradesh,Nandyal,Atmakur (Nandyal District) APMC,Cereals,Paddy(Common),21-08-2023,0.01,Metric Tonnes
Andhra Pradesh,Nandyal,Atmakur (Nandyal District) APMC,Cereals,Paddy(Common),23-08-2023,0.01,Metric Tonnes
Andhra Pradesh,Nandyal,Atmakur (Nandyal District) APMC,Cereals,Paddy(Common),24-08-2023,0.01,Metric Tonnes
Andhra Pradesh,Nandyal,Atmakur (Nandyal District) APMC,Cereals,Paddy(Common),25-08-2023,0.01,Metric Tonnes
Andhra Pradesh,Nandyal,Atmakur (Nandyal District) APMC,Cereals,Paddy(Common),26-08-2023,0.01,Metric Tonnes
Andhra Pradesh,Nandyal,Atmakur (Nandyal District) APMC,Cereals,Paddy(Common),27-08-2023,0.01,Metric Tonnes
Andhra Pradesh,Nandyal,Atmakur (Nandyal District) APMC,Cereals,Paddy(Common),28-08-2023,0.01,Metric Tonnes
Andhra Pradesh,Nandyal,Atmakur (Nandyal District) APMC,Cereals,Paddy(Common),29-08-2023,0.01,Metric Tonnes
Andhra Pradesh,Nandyal,Atmakur (Nandyal District) APMC,Cereals,Paddy(Common),31-08-2023,0.01,Metric Tonnes
Andhra Pradesh,Nandyal,Atmakur (Nandyal District) APMC,Cereals,Paddy(Common),01-09-2023,0.01,Metric Tonnes
Andhra Pradesh,Nandyal,Atmakur (Nandyal District) APMC,Cereals,Paddy(Common),02-09-2023,0.01,Metric Tonnes
Andhra Pradesh,Nandyal,Atmakur (Nandyal District) APMC,Cereals,Paddy(Common),03-09-2023,0.01,Metric Tonnes
Andhra Pradesh,Nandyal,Atmakur (Nandyal District) APMC,Cereals,Paddy(Common),04-09-2023,0.01,Metric Tonnes
Andhra Pradesh,Nandyal,Atmakur (Nandyal District) APMC,Cereals,Paddy(Common),05-09-2023,0.01,Metric Tonnes
Andhra Pradesh,Nandyal,Atmakur (Nandyal District) APMC,Cereals,Paddy(Common),06-09-2023,0.01,Metric Tonnes
Andhra Pradesh,Nandyal,Atmakur (Nandyal District) APMC,Cereals,Paddy(Common),07-09-2023,0.01,Metric Tonnes
Andhra Pradesh,Nandyal,Atmakur (Nandyal District) APMC,Cereals,Paddy(Common),08-09-2023,0.01,Metric Tonnes
Andhra Pradesh,Nandyal,Atmakur (Nandyal District) APMC,Cereals,Paddy(Common),09-09-2023,0.01,Metric Tonnes
Andhra Pradesh,Nandyal,Atmakur (Nandyal District) APMC,Cereals,Paddy(Common),10-09-2023,0.01,Metric Tonnes
Andhra Pradesh,Nandyal,Atmakur (Nandyal District) APMC,Cereals,Paddy(Common),11-09-2023,0.01,Metric Tonnes
Andhra Pradesh,Nandyal,Atmakur (Nandyal District) APMC,Cereals,Paddy(Common),12-09-2023,0.01,Metric Tonnes
Andhra Pradesh,Nandyal,Atmakur (Nandyal District) APMC,Cereals,Paddy(Common),13-09-2023,0.01,Metric Tonnes
Andhra Pradesh,Nandyal,Atmakur (Nandyal District) APMC,Cereals,Paddy(Common),14-09-2023,0.01,Metric Tonnes
Andhra Pradesh,Nandyal,Atmakur (Nandyal District) APMC,Cereals,Paddy(Common),15-09-2023,0.01,Metric Tonnes
Andhra Pradesh,Nandyal,Atmakur (Nandyal District) APMC,Cereals,Paddy(Common),16-09-2023,0.01,Metric Tonnes
Andhra Pradesh,Nandyal,Atmakur (Nandyal District) APMC,Cereals,Paddy(Common),18-09-2023,0.01,Metric Tonnes
Andhra Pradesh,Nandyal,Atmakur (Nandyal District) APMC,Cereals,Paddy(Common),19-09-2023,0.01,Metric Tonnes
Andhra Pradesh,Nandyal,Atmakur (Nandyal District) APMC,Cereals,Paddy(Common),20-09-2023,0.01,Metric Tonnes
Andhra Pradesh,Nandyal,Atmakur (Nandyal District) APMC,Cereals,Paddy(Common),21-09-2023,0.01,Metric Tonnes
Andhra Pradesh,Nandyal,Atmakur (Nandyal District) APMC,Cereals,Paddy(Common),25-09-2023,0.01,Metric Tonnes
Andhra Pradesh,Nandyal,Atmakur (Nandyal District) APMC,Cereals,Paddy(Common),26-09-2023,0.01,Metric Tonnes
Andhra Pradesh,Nandyal,Atmakur (Nandyal District) APMC,Cereals,Paddy(Common),27-09-2023,0.01,Metric Tonnes
Andhra Pradesh,Nandyal,Atmakur (Nandyal District) APMC,Cereals,Paddy(Common),28-09-2023,0.01,Metric Tonnes
Andhra Pradesh,Nandyal,Atmakur (Nandyal District) APMC,Cereals,Paddy(Common),29-09-2023,0.01,Metric Tonnes
Andhra Pradesh,Nandyal,Atmakur (Nandyal District) APMC,Cereals,Paddy(Common),30-09-2023,0.01,Metric Tonnes
Andhra Pradesh,Nandyal,Atmakur (Nandyal District) APMC,Cereals,Paddy(Common),02-10-2023,0.01,Metric Tonnes
Andhra Pradesh,Nandyal,Atmakur (Nandyal District) APMC,Cereals,Paddy(Common),03-10-2023,0.01,Metric Tonnes
Andhra Pradesh,Nandyal,Atmakur (Nandyal District) APMC,Cereals,Paddy(Common),04-10-2023,0.01,Metric Tonnes
Andhra Pradesh,Nandyal,Atmakur (Nandyal District) APMC,Cereals,Paddy(Common),05-10-2023,0.01,Metric Tonnes
Andhra Pradesh,Nandyal,Atmakur (Nandyal District) APMC,Cereals,Paddy(Common),07-10-2023,0.01,Metric Tonnes
Andhra Pradesh,Nandyal,Atmakur (Nandyal District) APMC,Cereals,Paddy(Common),11-10-2023,0.01,Metric Tonnes
Andhra Pradesh,Nandyal,Atmakur (Nandyal District) APMC,Cereals,Paddy(Common),12-10-2023,0.01,Metric Tonnes
Andhra Pradesh,Nandyal,Atmakur (Nandyal District) APMC,Cereals,Paddy(Common),14-10-2023,0.01,Metric Tonnes
Andhra Pradesh,Nandyal,Atmakur (Nandyal District) APMC,Cereals,Paddy(Common),15-10-2023,0.01,Metric Tonnes
Andhra Pradesh,Nandyal,Atmakur (Nandyal District) APMC,Cereals,Paddy(Common),16-10-2023,0.01,Metric Tonnes
Andhra Pradesh,Nandyal,Atmakur (Nandyal District) APMC,Cereals,Paddy(Common),17-10-2023,0.01,Metric Tonnes
Andhra Pradesh,Nandyal,Atmakur (Nandyal District) APMC,Cereals,Paddy(Common),18-10-2023,0.01,Metric Tonnes
Andhra Pradesh,Nandyal,Atmakur (Nandyal District) APMC,Cereals,Paddy(Common),19-10-2023,0.01,Metric Tonnes
Andhra Pradesh,Nandyal,Atmakur (Nandyal District) APMC,Cereals,Paddy(Common),20-10-2023,0.01,Metric Tonnes
Andhra Pradesh,Nandyal,Atmakur (Nandyal District) APMC,Cereals,Paddy(Common),21-10-2023,0.01,Metric Tonnes
Andhra Pradesh,Nandyal,Atmakur (Nandyal District) APMC,Cereals,Paddy(Common),24-10-2023,0.01,Metric Tonnes
Andhra Pradesh,Nandyal,Atmakur (Nandyal District) APMC,Cereals,Paddy(Common),25-10-2023,0.01,Metric Tonnes
Andhra Pradesh,Nandyal,Atmakur (Nandyal District) APMC,Cereals,Paddy(Common),26-10-2023,0.01,Metric Tonnes
Andhra Pradesh,Nandyal,Atmakur (Nandyal District) APMC,Cereals,Paddy(Common),27-10-2023,0.01,Metric Tonnes
Andhra Pradesh,Nandyal,Atmakur (Nandyal District) APMC,Cereals,Paddy(Common),28-10-2023,0.01,Metric Tonnes
Andhra Pradesh,Nandyal,Atmakur (Nandyal District) APMC,Cereals,Paddy(Common),29-10-2023,0.01,Metric Tonnes
Andhra Pradesh,Nandyal,Atmakur (Nandyal District) APMC,Cereals,Paddy(Common),30-10-2023,0.01,Metric Tonnes
Andhra Pradesh,Nandyal,Atmakur (Nandyal District) APMC,Cereals,Paddy(Common),31-10-2023,0.01,Metric Tonnes
Andhra Pradesh,Nandyal,Atmakur (Nandyal District) APMC,Cereals,Paddy(Common),01-11-2023,0.01,Metric Tonnes
Andhra Pradesh,Nandyal,Atmakur (Nandyal District) APMC,Cereals,Paddy(Common),02-11-2023,0.01,Metric Tonnes
Andhra Pradesh,Nandyal,Atmakur (Nandyal District) APMC,Cereals,Paddy(Common),03-11-2023,0.01,Metric Tonnes
Andhra Pradesh,Nandyal,Atmakur (Nandyal District) APMC,Cereals,Paddy(Common),04-11-2023,0.01,Metric Tonnes
Andhra Pradesh,Nandyal,Atmakur (Nandyal District) APMC,Cereals,Paddy(Common),05-11-2023,0.01,Metric Tonnes
Andhra Pradesh,Nandyal,Atmakur (Nandyal District) APMC,Cereals,Paddy(Common),06-11-2023,0.01,Metric Tonnes
Andhra Pradesh,Nandyal,Atmakur (Nandyal District) APMC,Cereals,Paddy(Common),07-11-2023,0.01,Metric Tonnes
Andhra Pradesh,Nandyal,Atmakur (Nandyal District) APMC,Cereals,Paddy(Common),08-11-2023,0.01,Metric Tonnes
Andhra Pradesh,Nandyal,Atmakur (Nandyal District) APMC,Cereals,Paddy(Common),09-11-2023,0.01,Metric Tonnes
Andhra Pradesh,Nandyal,Atmakur (Nandyal District) APMC,Cereals,Paddy(Common),10-11-2023,0.01,Metric Tonnes
Andhra Pradesh,Nandyal,Atmakur (Nandyal District) APMC,Cereals,Paddy(Common),13-11-2023,0.01,Metric Tonnes
Andhra Pradesh,Nandyal,Atmakur (Nandyal District) APMC,Cereals,Paddy(Common),14-11-2023,0.01,Metric Tonnes
Andhra Pradesh,Nandyal,Atmakur (Nandyal District) APMC,Cereals,Paddy(Common),15-11-2023,0.01,Metric Tonnes
Andhra Pradesh,Nandyal,Atmakur (Nandyal District) APMC,Cereals,Paddy(Common),16-11-2023,0.01,Metric Tonnes
Andhra Pradesh,Nandyal,Atmakur (Nandyal District) APMC,Cereals,Paddy(Common),17-11-2023,0.01,Metric Tonnes
Andhra Pradesh,Nandyal,Atmakur (Nandyal District) APMC,Cereals,Paddy(Common),18-11-2023,0.01,Metric Tonnes
Andhra Pradesh,Nandyal,Atmakur (Nandyal District) APMC,Cereals,Paddy(Common),19-11-2023,0.01,Metric Tonnes
Andhra Pradesh,Nandyal,Atmakur (Nandyal District) APMC,Cereals,Paddy(Common),20-11-2023,0.01,Metric Tonnes
Andhra Pradesh,Nandyal,Atmakur (Nandyal District) APMC,Cereals,Paddy(Common),21-11-2023,0.01,Metric Tonnes
Andhra Pradesh,Nandyal,Atmakur (Nandyal District) APMC,Cereals,Paddy(Common),22-11-2023,0.01,Metric Tonnes
Andhra Pradesh,Nandyal,Atmakur (Nandyal District) APMC,Cereals,Paddy(Common),23-11-2023,0.01,Metric Tonnes
Andhra Pradesh,Nandyal,Atmakur (Nandyal District) APMC,Cereals,Paddy(Common),24-11-2023,0.01,Metric Tonnes
Andhra Pradesh,Nandyal,Atmakur (Nandyal District) APMC,Cereals,Paddy(Common),25-11-2023,0.01,Metric Tonnes
Andhra Pradesh,Nandyal,Atmakur (Nandyal District) APMC,Cereals,Paddy(Common),26-11-2023,0.01,Metric Tonnes
Andhra Pradesh,Nandyal,Atmakur (Nandyal District) APMC,Cereals,Paddy(Common),27-11-2023,0.01,Metric Tonnes
Andhra Pradesh,Nandyal,Atmakur (Nandyal District) APMC,Cereals,Paddy(Common),28-11-2023,0.01,Metric Tonnes
Andhra Pradesh,Nandyal,Atmakur (Nandyal District) APMC,Cereals,Paddy(Common),29-11-2023,0.01,Metric Tonnes
Andhra Pradesh,Nandyal,Atmakur (Nandyal District) APMC,Cereals,Paddy(Common),30-11-2023,0.01,Metric Tonnes
Andhra Pradesh,Nandyal,Atmakur (Nandyal District) APMC,Cereals,Paddy(Common),01-12-2023,0.01,Metric Tonnes
Andhra Pradesh,Nandyal,Atmakur (Nandyal District) APMC,Cereals,Paddy(Common),03-12-2023,0.01,Metric Tonnes
Andhra Pradesh,Nandyal,Atmakur (Nandyal District) APMC,Cereals,Paddy(Common),04-12-2023,0.01,Metric Tonnes
Andhra Pradesh,Nandyal,Atmakur (Nandyal District) APMC,Cereals,Paddy(Common),05-12-2023,0.01,Metric Tonnes
Andhra Pradesh,Nandyal,Atmakur (Nandyal District) APMC,Cereals,Paddy(Common),06-12-2023,0.01,Metric Tonnes
Andhra Pradesh,Nandyal,Atmakur (Nandyal District) APMC,Cereals,Paddy(Common),07-12-2023,0.01,Metric Tonnes
Andhra Pradesh,Nandyal,Atmakur (Nandyal District) APMC,Cereals,Paddy(Common),08-12-2023,0.01,Metric Tonnes
Andhra Pradesh,Nandyal,Atmakur (Nandyal District) APMC,Cereals,Paddy(Common),09-12-2023,0.01,Metric Tonnes
Andhra Pradesh,Nandyal,Atmakur (Nandyal District) APMC,Cereals,Paddy(Common),10-12-2023,0.01,Metric Tonnes
Andhra Pradesh,Nandyal,Atmakur (Nandyal District) APMC,Cereals,Paddy(Common),11-12-2023,0.01,Metric Tonnes
Andhra Pradesh,Nandyal,Atmakur (Nandyal District) APMC,Cereals,Paddy(Common),14-12-2023,0.01,Metric Tonnes
Andhra Pradesh,Nandyal,Atmakur (Nandyal District) APMC,Cereals,Paddy(Common),15-12-2023,0.01,Metric Tonnes
Andhra Pradesh,Nandyal,Atmakur (Nandyal District) APMC,Cereals,Paddy(Common),16-12-2023,0.01,Metric Tonnes
Andhra Pradesh,Nandyal,Atmakur (Nandyal District) APMC,Cereals,Paddy(Common),17-12-2023,0.01,Metric Tonnes
Andhra Pradesh,Nandyal,Atmakur (Nandyal District) APMC,Cereals,Paddy(Common),18-12-2023,0.01,Metric Tonnes
Andhra Pradesh,Nandyal,Atmakur (Nandyal District) APMC,Cereals,Paddy(Common),19-12-2023,0.01,Metric Tonnes
Andhra Pradesh,Nandyal,Atmakur (Nandyal District) APMC,Cereals,Paddy(Common),20-12-2023,0.01,Metric Tonnes
Andhra Pradesh,Nandyal,Atmakur (Nandyal District) APMC,Cereals,Paddy(Common),21-12-2023,0.01,Metric Tonnes
Andhra Pradesh,Nandyal,Atmakur (Nandyal District) APMC,Cereals,Paddy(Common),22-12-2023,0.01,Metric Tonnes
Andhra Pradesh,Nandyal,Atmakur (Nandyal District) APMC,Cereals,Paddy(Common),23-12-2023,0.01,Metric Tonnes
Andhra Pradesh,Nandyal,Atmakur (Nandyal District) APMC,Cereals,Paddy(Common),26-12-2023,0.01,Metric Tonnes
Andhra Pradesh,Nandyal,Atmakur (Nandyal District) APMC,Cereals,Paddy(Common),27-12-2023,0.01,Metric Tonnes
Andhra Pradesh,Nandyal,Atmakur (Nandyal District) APMC,Cereals,Paddy(Common),28-12-2023,0.01,Metric Tonnes
Andhra Pradesh,Nandyal,Atmakur (Nandyal District) APMC,Cereals,Paddy(Common),29-12-2023,0.01,Metric Tonnes
Andhra Pradesh,Nandyal,Atmakur (Nandyal District) APMC,Cereals,Paddy(Common),30-12-2023,0.01,Metric Tonnes
Andhra Pradesh,Nandyal,Atmakur (Nandyal District) APMC,Cereals,Paddy(Common),31-12-2023,0.01,Metric Tonnes
Andhra Pradesh,Nandyal,Atmakur (Nandyal District) APMC,Cereals,Paddy(Common),01-01-2024,0.01,Metric Tonnes
Andhra Pradesh,Nandyal,Atmakur (Nandyal District) APMC,Cereals,Paddy(Common),02-01-2024,0.01,Metric Tonnes
Andhra Pradesh,Nandyal,Atmakur (Nandyal District) APMC,Cereals,Paddy(Common),03-01-2024,0.01,Metric Tonnes
Andhra Pradesh,Nandyal,Atmakur (Nandyal District) APMC,Cereals,Paddy(Common),04-01-2024,0.01,Metric Tonnes
Andhra Pradesh,Nandyal,Atmakur (Nandyal District) APMC,Cereals,Paddy(Common),05-01-2024,0.01,Metric Tonnes
Andhra Pradesh,Nandyal,Atmakur (Nandyal District) APMC,Cereals,Paddy(Common),06-01-2024,0.01,Metric Tonnes
Andhra Pradesh,Nandyal,Atmakur (Nandyal District) APMC,Cereals,Paddy(Common),07-01-2024,0.01,Metric Tonnes
Andhra Pradesh,Nandyal,Atmakur (Nandyal District) APMC,Cereals,Paddy(Common),08-01-2024,0.01,Metric Tonnes
Andhra Pradesh,Nandyal,Atmakur (Nandyal District) APMC,Cereals,Paddy(Common),09-01-2024,0.01,Metric Tonnes
Andhra Pradesh,Nandyal,Atmakur (Nandyal District) APMC,Cereals,Paddy(Common),10-01-2024,0.01,Metric Tonnes
Andhra Pradesh,Nandyal,Atmakur (Nandyal District) APMC,Cereals,Paddy(Common),11-01-2024,0.01,Metric Tonnes
Andhra Pradesh,Nandyal,Atmakur (Nandyal District) APMC,Cereals,Paddy(Common),12-01-2024,0.01,Metric Tonnes
Andhra Pradesh,Nandyal,Atmakur (Nandyal District) APMC,Cereals,Paddy(Common),16-01-2024,0.01,Metric Tonnes
Andhra Pradesh,Nandyal,Atmakur (Nandyal District) APMC,Cereals,Paddy(Common),17-01-2024,0.01,Metric Tonnes
Andhra Pradesh,Nandyal,Atmakur (Nandyal District) APMC,Cereals,Paddy(Common),18-01-2024,0.01,Metric Tonnes
Andhra Pradesh,Nandyal,Atmakur (Nandyal District) APMC,Cereals,Paddy(Common),19-01-2024,0.01,Metric Tonnes
Andhra Pradesh,Nandyal,Atmakur (Nandyal District) APMC,Cereals,Paddy(Common),20-01-2024,0.01,Metric Tonnes
Andhra Pradesh,Nandyal,Atmakur (Nandyal District) APMC,Cereals,Paddy(Common),21-01-2024,0.01,Metric Tonnes
Andhra Pradesh,Nandyal,Atmakur (Nandyal District) APMC,Cereals,Paddy(Common),22-01-2024,0.01,Metric Tonnes
Andhra Pradesh,Nandyal,Atmakur (Nandyal District) APMC,Cereals,Paddy(Common),23-01-2024,0.01,Metric Tonnes
Andhra Pradesh,Nandyal,Atmakur (Nandyal District) APMC,Cereals,Paddy(Common),24-01-2024,0.01,Metric Tonnes
Andhra Pradesh,Nandyal,Atmakur (Nandyal District) APMC,Cereals,Paddy(Common),25-01-2024,0.01,Metric Tonnes
Andhra Pradesh,Nandyal,Atmakur (Nandyal District) APMC,Cereals,Paddy(Common),26-01-2024,0.01,Metric Tonnes
Andhra Pradesh,Nandyal,Atmakur (Nandyal District) APMC,Cereals,Paddy(Common),27-01-2024,0.01,Metric Tonnes
Andhra Pradesh,Nandyal,Atmakur (Nandyal District) APMC,Cereals,Paddy(Common),28-01-2024,0.01,Metric Tonnes
Andhra Pradesh,Nandyal,Atmakur (Nandyal District) APMC,Cereals,Paddy(Common),29-01-2024,0.01,Metric Tonnes
Andhra Pradesh,Nandyal,Atmakur (Nandyal District) APMC,Cereals,Paddy(Common),30-01-2024,0.01,Metric Tonnes
Andhra Pradesh,Nandyal,Atmakur (Nandyal District) APMC,Cereals,Paddy(Common),31-01-2024,0.01,Metric Tonnes
Andhra Pradesh,Nandyal,Atmakur (Nandyal District) APMC,Cereals,Paddy(Common),01-02-2024,0.01,Metric Tonnes
Andhra Pradesh,Nandyal,Atmakur (Nandyal District) APMC,Cereals,Paddy(Common),02-02-2024,0.01,Metric Tonnes
Andhra Pradesh,Nandyal,Atmakur (Nandyal District) APMC,Cereals,Paddy(Common),03-02-2024,0.01,Metric Tonnes
Andhra Pradesh,Nandyal,Atmakur (Nandyal District) APMC,Cereals,Paddy(Common),05-02-2024,0.01,Metric Tonnes
Andhra Pradesh,Nandyal,Atmakur (Nandyal District) APMC,Cereals,Paddy(Common),06-02-2024,0.01,Metric Tonnes
Andhra Pradesh,Nandyal,Atmakur (Nandyal District) APMC,Cereals,Paddy(Common),07-02-2024,0.01,Metric Tonnes
Andhra Pradesh,Nandyal,Atmakur (Nandyal District) APMC,Cereals,Paddy(Common),08-02-2024,0.01,Metric Tonnes
Andhra Pradesh,Nandyal,Atmakur (Nandyal District) APMC,Cereals,Paddy(Common),09-02-2024,0.01,Metric Tonnes
Andhra Pradesh,Nandyal,Atmakur (Nandyal District) APMC,Cereals,Paddy(Common),10-02-2024,0.01,Metric Tonnes
Andhra Pradesh,Nandyal,Atmakur (Nandyal District) APMC,Cereals,Paddy(Common),11-02-2024,0.01,Metric Tonnes
Andhra Pradesh,Nandyal,Atmakur (Nandyal District) APMC,Cereals,Paddy(Common),12-02-2024,0.01,Metric Tonnes
Andhra Pradesh,Nandyal,Atmakur (Nandyal District) APMC,Cereals,Paddy(Common),13-02-2024,0.01,Metric Tonnes
Andhra Pradesh,Nandyal,Atmakur (Nandyal District) APMC,Cereals,Paddy(Common),14-02-2024,0.01,Metric Tonnes
Andhra Pradesh,Nandyal,Atmakur (Nandyal District) APMC,Cereals,Paddy(Common),15-02-2024,0.01,Metric Tonnes
Andhra Pradesh,Nandyal,Atmakur (Nandyal District) APMC,Cereals,Paddy(Common),16-02-2024,0.01,Metric Tonnes
Andhra Pradesh,Nandyal,Atmakur (Nandyal District) APMC,Cereals,Paddy(Common),17-02-2024,0.01,Metric Tonnes
Andhra Pradesh,Nandyal,Atmakur (Nandyal District) APMC,Cereals,Paddy(Common),18-02-2024,0.01,Metric Tonnes
Andhra Pradesh,Nandyal,Atmakur (Nandyal District) APMC,Cereals,Paddy(Common),19-02-2024,0.01,Metric Tonnes
Andhra Pradesh,Nandyal,Atmakur (Nandyal District) APMC,Cereals,Paddy(Common),20-02-2024,0.01,Metric Tonnes
Andhra Pradesh,Nandyal,Atmakur (Nandyal District) APMC,Cereals,Paddy(Common),21-02-2024,0.01,Metric Tonnes
Andhra Pradesh,Nandyal,Atmakur (Nandyal District) APMC,Cereals,Paddy(Common),22-02-2024,0.01,Metric Tonnes
Andhra Pradesh,Nandyal,Atmakur (Nandyal District) APMC,Cereals,Paddy(Common),23-02-2024,0.01,Metric Tonnes
Andhra Pradesh,Nandyal,Atmakur (Nandyal District) APMC,Cereals,Paddy(Common),24-02-2024,0.01,Metric Tonnes
Andhra Pradesh,Nandyal,Atmakur (Nandyal District) APMC,Cereals,Paddy(Common),25-02-2024,0.01,Metric Tonnes
Andhra Pradesh,Nandyal,Atmakur (Nandyal District) APMC,Cereals,Paddy(Common),26-02-2024,0.01,Metric Tonnes
Andhra Pradesh,Nandyal,Atmakur (Nandyal District) APMC,Cereals,Paddy(Common),27-02-2024,0.01,Metric Tonnes
Andhra Pradesh,Nandyal,Atmakur (Nandyal District) APMC,Cereals,Paddy(Common),28-02-2024,0.01,Metric Tonnes
Andhra Pradesh,Nandyal,Atmakur (Nandyal District) APMC,Cereals,Paddy(Common),29-02-2024,0.01,Metric Tonnes
Andhra Pradesh,Nandyal,Atmakur (Nandyal District) APMC,Cereals,Paddy(Common),01-03-2024,0.01,Metric Tonnes
Andhra Pradesh,Nandyal,Atmakur (Nandyal District) APMC,Cereals,Paddy(Common),02-03-2024,0.01,Metric Tonnes
Andhra Pradesh,Nandyal,Atmakur (Nandyal District) APMC,Cereals,Paddy(Common),03-03-2024,0.01,Metric Tonnes
Andhra Pradesh,Nandyal,Atmakur (Nandyal District) APMC,Cereals,Paddy(Common),04-03-2024,0.01,Metric Tonnes
Andhra Pradesh,Nandyal,Atmakur (Nandyal District) APMC,Cereals,Paddy(Common),05-03-2024,0.01,Metric Tonnes
Andhra Pradesh,Nandyal,Atmakur (Nandyal District) APMC,Cereals,Paddy(Common),06-03-2024,0.01,Metric Tonnes
Andhra Pradesh,Nandyal,Atmakur (Nandyal District) APMC,Cereals,Paddy(Common),07-03-2024,0.01,Metric Tonnes
Andhra Pradesh,Nandyal,Atmakur (Nandyal District) APMC,Cereals,Paddy(Common),08-03-2024,0.01,Metric Tonnes
Andhra Pradesh,Nandyal,Atmakur (Nandyal District) APMC,Cereals,Paddy(Common),09-03-2024,0.01,Metric Tonnes
Andhra Pradesh,Nandyal,Atmakur (Nandyal District) APMC,Cereals,Paddy(Common),10-03-2024,0.01,Metric Tonnes
Andhra Pradesh,Nandyal,Atmakur (Nandyal District) APMC,Cereals,Paddy(Common),11-03-2024,0.01,Metric Tonnes
Andhra Pradesh,Nandyal,Atmakur (Nandyal District) APMC,Cereals,Paddy(Common),12-03-2024,0.01,Metric Tonnes
Andhra Pradesh,Nandyal,Atmakur (Nandyal District) APMC,Cereals,Paddy(Common),13-03-2024,0.01,Metric Tonnes
Andhra Pradesh,Nandyal,Atmakur (Nandyal District) APMC,Cereals,Paddy(Common),14-03-2024,0.01,Metric Tonnes
Andhra Pradesh,Nandyal,Atmakur (Nandyal District) APMC,Cereals,Paddy(Common),15-03-2024,0.01,Metric Tonnes
Andhra Pradesh,Nandyal,Atmakur (Nandyal District) APMC,Cereals,Paddy(Common),23-07-2026,1.00,Metric Tonnes
Andhra Pradesh,Nandyal,Atmakur (Nandyal District) APMC,Cereals,Paddy(Common),24-07-2026,1.00,Metric Tonnes
Andhra Pradesh,Nandyal,Atmakur (Nandyal District) APMC,Cereals,Paddy(Common),25-07-2026,1.00,Metric Tonnes
Andhra Pradesh,Nandyal,Atmakur (Nandyal District) APMC,Cereals,Paddy(Common),26-07-2026,1.10,Metric Tonnes
Andhra Pradesh,Nandyal,Atmakur (Nandyal District) APMC,Cereals,Paddy(Common),27-07-2026,0.10,Metric Tonnes
Andhra Pradesh,Nandyal,Atmakur (Nandyal District) APMC,Cereals,Paddy(Common),28-07-2026,0.10,Metric Tonnes
Andhra Pradesh,Nandyal,Atmakur (Nandyal District) APMC,Cereals,Paddy(Common),29-07-2026,0.10,Metric Tonnes
Andhra Pradesh,Nandyal,Atmakur (Nandyal District) APMC,Cereals,Paddy(Common),30-07-2026,0.10,Metric Tonnes
Andhra Pradesh,Nandyal,Atmakur (Nandyal District) APMC,Cereals,Paddy(Common),31-07-2026,0.10,Metric Tonnes
Andhra Pradesh,Nandyal,Atmakur (Nandyal District) APMC,Cereals,Paddy(Common),01-08-2026,0.10,Metric Tonnes
Andhra Pradesh,Nandyal,Atmakur (Nandyal District) APMC,Cereals,Paddy(Common),02-08-2026,0.10,Metric Tonnes
Andhra Pradesh,Nandyal,Atmakur (Nandyal District) APMC,Cereals,Paddy(Common),03-08-2026,0.10,Metric Tonnes
Andhra Pradesh,Nandyal,Atmakur (Nandyal District) APMC,Cereals,Paddy(Common),04-08-2026,0.10,Metric Tonnes
Andhra Pradesh,Nandyal,Atmakur (Nandyal District) APMC,Cereals,Paddy(Common),05-08-2026,0.10,Metric Tonnes
Andhra Pradesh,Nandyal,Atmakur (Nandyal District) APMC,Cereals,Paddy(Common),06-08-2026,0.10,Metric Tonnes
Andhra Pradesh,Nandyal,Atmakur (Nandyal District) APMC,Cereals,Paddy(Common),07-08-2026,0.10,Metric Tonnes
Andhra Pradesh,Nandyal,Banaganapalli APMC,Cereals,Paddy(Common),01-01-2021,1.00,Metric Tonnes
Andhra Pradesh,Nandyal,Banaganapalli APMC,Cereals,Paddy(Common),02-01-2021,1.00,Metric Tonnes
Andhra Pradesh,Nandyal,Banaganapalli APMC,Cereals,Paddy(Common),03-01-2021,1.00,Metric Tonnes
Andhra Pradesh,Nandyal,Banaganapalli APMC,Cereals,Paddy(Common),04-01-2021,1.00,Metric Tonnes
Andhra Pradesh,Nandyal,Banaganapalli APMC,Cereals,Paddy(Common),05-01-2021,1.00,Metric Tonnes
Andhra Pradesh,Nandyal,Banaganapalli APMC,Cereals,Paddy(Common),06-01-2021,1.00,Metric Tonnes
Andhra Pradesh,Nandyal,Banaganapalli APMC,Cereals,Paddy(Common),07-01-2021,1.00,Metric Tonnes
Andhra Pradesh,Nandyal,Banaganapalli APMC,Cereals,Paddy(Common),08-01-2021,1.00,Metric Tonnes
Andhra Pradesh,Nandyal,Banaganapalli APMC,Cereals,Paddy(Common),09-01-2021,1.00,Metric Tonnes
Andhra Pradesh,Nandyal,Banaganapalli APMC,Cereals,Paddy(Common),10-01-2021,1.00,Metric Tonnes
Andhra Pradesh,Nandyal,Banaganapalli APMC,Cereals,Paddy(Common),11-01-2021,1.00,Metric Tonnes
Andhra Pradesh,Nandyal,Banaganapalli APMC,Cereals,Paddy(Common),12-01-2021,1.00,Metric Tonnes
Andhra Pradesh,Nandyal,Banaganapalli APMC,Cereals,Paddy(Common),13-01-2021,1.00,Metric Tonnes
Andhra Pradesh,Nandyal,Banaganapalli APMC,Cereals,Paddy(Common),14-01-2021,1.00,Metric Tonnes
Andhra Pradesh,Nandyal,Banaganapalli APMC,Cereals,Paddy(Common),15-01-2021,1.00,Metric Tonnes
Andhra Pradesh,Nandyal,Banaganapalli APMC,Cereals,Paddy(Common),16-01-2021,1.00,Metric Tonnes
Andhra Pradesh,Nandyal,Banaganapalli APMC,Cereals,Paddy(Common),17-01-2021,1.00,Metric Tonnes
Andhra Pradesh,Nandyal,Banaganapalli APMC,Cereals,Paddy(Common),18-01-2021,1.00,Metric Tonnes
Andhra Pradesh,Nandyal,Banaganapalli APMC,Cereals,Paddy(Common),19-01-2021,1.00,Metric Tonnes
Andhra Pradesh,Nandyal,Banaganapalli APMC,Cereals,Paddy(Common),20-01-2021,1.00,Metric Tonnes
Andhra Pradesh,Nandyal,Banaganapalli APMC,Cereals,Paddy(Common),21-01-2021,1.00,Metric Tonnes
Andhra Pradesh,Nandyal,Banaganapalli APMC,Cereals,Paddy(Common),22-01-2021,1.00,Metric Tonnes
Andhra Pradesh,Nandyal,Banaganapalli APMC,Cereals,Paddy(Common),23-01-2021,1.00,Metric Tonnes
Andhra Pradesh,Nandyal,Banaganapalli APMC,Cereals,Paddy(Common),24-01-2021,1.00,Metric Tonnes
Andhra Pradesh,Nandyal,Banaganapalli APMC,Cereals,Paddy(Common),25-01-2021,1.00,Metric Tonnes
Andhra Pradesh,Nandyal,Banaganapalli APMC,Cereals,Paddy(Common),26-01-2021,1.00,Metric Tonnes
Andhra Pradesh,Nandyal,Banaganapalli APMC,Cereals,Paddy(Common),27-01-2021,1.00,Metric Tonnes
Andhra Pradesh,Nandyal,Banaganapalli APMC,Cereals,Paddy(Common),28-01-2021,1.00,Metric Tonnes
Andhra Pradesh,Nandyal,Banaganapalli APMC,Cereals,Paddy(Common),29-01-2021,1.00,Metric Tonnes
Andhra Pradesh,Nandyal,Banaganapalli APMC,Cereals,Paddy(Common),30-01-2021,1.00,Metric Tonnes
Andhra Pradesh,Nandyal,Banaganapalli APMC,Cereals,Paddy(Common),31-01-2021,1.00,Metric Tonnes
Andhra Pradesh,Nandyal,Banaganapalli APMC,Cereals,Paddy(Common),01-02-2021,1.00,Metric Tonnes
Andhra Pradesh,Nandyal,Banaganapalli APMC,Cereals,Paddy(Common),02-02-2021,1.00,Metric Tonnes
Andhra Pradesh,Nandyal,Banaganapalli APMC,Cereals,Paddy(Common),03-02-2021,1.00,Metric Tonnes
Andhra Pradesh,Nandyal,Banaganapalli APMC,Cereals,Paddy(Common),04-02-2021,1.00,Metric Tonnes
Andhra Pradesh,Nandyal,Banaganapalli APMC,Cereals,Paddy(Common),05-02-2021,1.00,Metric Tonnes
Andhra Pradesh,Nandyal,Banaganapalli APMC,Cereals,Paddy(Common),06-02-2021,1.00,Metric Tonnes
Andhra Pradesh,Nandyal,Banaganapalli APMC,Cereals,Paddy(Common),07-02-2021,1.00,Metric Tonnes
Andhra Pradesh,Nandyal,Banaganapalli APMC,Cereals,Paddy(Common),08-02-2021,1.00,Metric Tonnes
Andhra Pradesh,Nandyal,Banaganapalli APMC,Cereals,Paddy(Common),09-02-2021,1.00,Metric Tonnes
Andhra Pradesh,Nandyal,Banaganapalli APMC,Cereals,Paddy(Common),10-02-2021,1.00,Metric Tonnes
Andhra Pradesh,Nandyal,Banaganapalli APMC,Cereals,Paddy(Common),11-02-2021,1.00,Metric Tonnes
Andhra Pradesh,Nandyal,Banaganapalli APMC,Cereals,Paddy(Common),12-02-2021,1.00,Metric Tonnes
Andhra Pradesh,Nandyal,Banaganapalli APMC,Cereals,Paddy(Common),13-02-2021,1.00,Metric Tonnes
Andhra Pradesh,Nandyal,Banaganapalli APMC,Cereals,Paddy(Common),14-02-2021,1.00,Metric Tonnes
Andhra Pradesh,Nandyal,Banaganapalli APMC,Cereals,Paddy(Common),15-02-2021,1.00,Metric Tonnes
Andhra Pradesh,Nandyal,Banaganapalli APMC,Cereals,Paddy(Common),16-02-2021,1.00,Metric Tonnes
Andhra Pradesh,Nandyal,Banaganapalli APMC,Cereals,Paddy(Common),17-02-2021,1.00,Metric Tonnes
Andhra Pradesh,Nandyal,Banaganapalli APMC,Cereals,Paddy(Common),18-02-2021,1.00,Metric Tonnes
Andhra Pradesh,Nandyal,Banaganapalli APMC,Cereals,Paddy(Common),19-02-2021,1.00,Metric Tonnes
Andhra Pradesh,Nandyal,Banaganapalli APMC,Cereals,Paddy(Common),20-02-2021,1.00,Metric Tonnes
Andhra Pradesh,Nandyal,Banaganapalli APMC,Cereals,Paddy(Common),21-02-2021,1.00,Metric Tonnes
Andhra Pradesh,Nandyal,Banaganapalli APMC,Cereals,Paddy(Common),22-02-2021,1.00,Metric Tonnes
Andhra Pradesh,Nandyal,Banaganapalli APMC,Cereals,Paddy(Common),23-02-2021,1.00,Metric Tonnes
Andhra Pradesh,Nandyal,Banaganapalli APMC,Cereals,Paddy(Common),24-02-2021,1.00,Metric Tonnes
Andhra Pradesh,Nandyal,Banaganapalli APMC,Cereals,Paddy(Common),25-02-2021,1.00,Metric Tonnes
Andhra Pradesh,Nandyal,Banaganapalli APMC,Cereals,Paddy(Common),26-02-2021,1.00,Metric Tonnes
Andhra Pradesh,Nandyal,Banaganapalli APMC,Cereals,Paddy(Common),27-02-2021,1.00,Metric Tonnes
Andhra Pradesh,Nandyal,Banaganapalli APMC,Cereals,Paddy(Common),28-02-2021,1.00,Metric Tonnes
Andhra Pradesh,Nandyal,Banaganapalli APMC,Cereals,Paddy(Common),01-03-2021,1.00,Metric Tonnes
Andhra Pradesh,Nandyal,Banaganapalli APMC,Cereals,Paddy(Common),02-03-2021,1.00,Metric Tonnes
Andhra Pradesh,Nandyal,Banaganapalli APMC,Cereals,Paddy(Common),03-03-2021,1.00,Metric Tonnes
Andhra Pradesh,Nandyal,Banaganapalli APMC,Cereals,Paddy(Common),04-03-2021,1.00,Metric Tonnes
Andhra Pradesh,Nandyal,Banaganapalli APMC,Cereals,Paddy(Common),05-03-2021,1.00,Metric Tonnes
Andhra Pradesh,Nandyal,Banaganapalli APMC,Cereals,Paddy(Common),06-03-2021,1.00,Metric Tonnes
Andhra Pradesh,Nandyal,Banaganapalli APMC,Cereals,Paddy(Common),07-03-2021,1.00,Metric Tonnes
Andhra Pradesh,Nandyal,Banaganapalli APMC,Cereals,Paddy(Common),08-03-2021,1.00,Metric Tonnes
Andhra Pradesh,Nandyal,Banaganapalli APMC,Cereals,Paddy(Common),09-03-2021,1.00,Metric Tonnes
Andhra Pradesh,Nandyal,Banaganapalli APMC,Cereals,Paddy(Common),13-03-2021,1.00,Metric Tonnes
Andhra Pradesh,Nandyal,Banaganapalli APMC,Cereals,Paddy(Common),14-03-2021,1.00,Metric Tonnes
Andhra Pradesh,Nandyal,Banaganapalli APMC,Cereals,Paddy(Common),15-03-2021,1.00,Metric Tonnes
Andhra Pradesh,Nandyal,Banaganapalli APMC,Cereals,Paddy(Common),16-03-2021,1.00,Metric Tonnes
Andhra Pradesh,Nandyal,Banaganapalli APMC,Cereals,Paddy(Common),17-03-2021,1.00,Metric Tonnes
Andhra Pradesh,Nandyal,Banaganapalli APMC,Cereals,Paddy(Common),18-03-2021,1.00,Metric Tonnes
Andhra Pradesh,Nandyal,Banaganapalli APMC,Cereals,Paddy(Common),19-03-2021,1.00,Metric Tonnes
Andhra Pradesh,Nandyal,Banaganapalli APMC,Cereals,Paddy(Common),20-03-2021,1.00,Metric Tonnes
Andhra Pradesh,Nandyal,Banaganapalli APMC,Cereals,Paddy(Common),21-03-2021,1.00,Metric Tonnes
Andhra Pradesh,Nandyal,Banaganapalli APMC,Cereals,Paddy(Common),22-03-2021,1.00,Metric Tonnes
Andhra Pradesh,Nandyal,Banaganapalli APMC,Cereals,Paddy(Common),23-03-2021,1.00,Metric Tonnes
Andhra Pradesh,Nandyal,Banaganapalli APMC,Cereals,Paddy(Common),24-03-2021,1.00,Metric Tonnes
Andhra Pradesh,Nandyal,Banaganapalli APMC,Cereals,Paddy(Common),25-03-2021,1.00,Metric Tonnes
Andhra Pradesh,Nandyal,Banaganapalli APMC,Cereals,Paddy(Common),26-03-2021,1.00,Metric Tonnes
Andhra Pradesh,Nandyal,Banaganapalli APMC,Cereals,Paddy(Common),27-03-2021,1.00,Metric Tonnes
Andhra Pradesh,Nandyal,Banaganapalli APMC,Cereals,Paddy(Common),28-03-2021,1.00,Metric Tonnes
Andhra Pradesh,Nandyal,Banaganapalli APMC,Cereals,Paddy(Common),29-03-2021,1.00,Metric Tonnes
Andhra Pradesh,Nandyal,Banaganapalli APMC,Cereals,Paddy(Common),30-03-2021,1.00,Metric Tonnes
Andhra Pradesh,Nandyal,Banaganapalli APMC,Cereals,Paddy(Common),31-03-2021,1.00,Metric Tonnes
Andhra Pradesh,Nandyal,Banaganapalli APMC,Cereals,Paddy(Common),01-04-2021,1.00,Metric Tonnes
Andhra Pradesh,Nandyal,Banaganapalli APMC,Cereals,Paddy(Common),02-04-2021,1.00,Metric Tonnes
Andhra Pradesh,Nandyal,Banaganapalli APMC,Cereals,Paddy(Common),03-04-2021,1.00,Metric Tonnes
Andhra Pradesh,Nandyal,Banaganapalli APMC,Cereals,Paddy(Common),04-04-2021,1.00,Metric Tonnes
Andhra Pradesh,Nandyal,Banaganapalli APMC,Cereals,Paddy(Common),05-04-2021,1.00,Metric Tonnes
Andhra Pradesh,Nandyal,Banaganapalli APMC,Cereals,Paddy(Common),06-04-2021,1.00,Metric Tonnes
Andhra Pradesh,Nandyal,Banaganapalli APMC,Cereals,Paddy(Common),07-04-2021,1.00,Metric Tonnes
Andhra Pradesh,Nandyal,Banaganapalli APMC,Cereals,Paddy(Common),08-04-2021,1.00,Metric Tonnes
Andhra Pradesh,Nandyal,Banaganapalli APMC,Cereals,Paddy(Common),09-04-2021,1.00,Metric Tonnes
Andhra Pradesh,Nandyal,Banaganapalli APMC,Cereals,Paddy(Common),10-04-2021,1.00,Metric Tonnes
Andhra Pradesh,Nandyal,Banaganapalli APMC,Cereals,Paddy(Common),11-04-2021,1.00,Metric Tonnes
Andhra Pradesh,Nandyal,Banaganapalli APMC,Cereals,Paddy(Common),12-04-2021,1.00,Metric Tonnes
Andhra Pradesh,Nandyal,Banaganapalli APMC,Cereals,Paddy(Common),13-04-2021,1.00,Metric Tonnes
Andhra Pradesh,Nandyal,Banaganapalli APMC,Cereals,Paddy(Common),14-04-2021,1.00,Metric Tonnes
Andhra Pradesh,Nandyal,Banaganapalli APMC,Cereals,Paddy(Common),15-04-2021,1.00,Metric Tonnes
Andhra Pradesh,Nandyal,Banaganapalli APMC,Cereals,Paddy(Common),16-04-2021,1.00,Metric Tonnes
Andhra Pradesh,Nandyal,Banaganapalli APMC,Cereals,Paddy(Common),17-04-2021,1.00,Metric Tonnes
Andhra Pradesh,Nandyal,Banaganapalli APMC,Cereals,Paddy(Common),18-04-2021,1.00,Metric Tonnes
Andhra Pradesh,Nandyal,Banaganapalli APMC,Cereals,Paddy(Common),19-04-2021,1.00,Metric Tonnes
Andhra Pradesh,Nandyal,Banaganapalli APMC,Cereals,Paddy(Common),20-04-2021,1.00,Metric Tonnes
Andhra Pradesh,Nandyal,Banaganapalli APMC,Cereals,Paddy(Common),21-04-2021,1.00,Metric Tonnes
Andhra Pradesh,Nandyal,Banaganapalli APMC,Cereals,Paddy(Common),22-04-2021,1.00,Metric Tonnes
Andhra Pradesh,Nandyal,Banaganapalli APMC,Cereals,Paddy(Common),23-04-2021,1.00,Metric Tonnes
Andhra Pradesh,Nandyal,Banaganapalli APMC,Cereals,Paddy(Common),24-04-2021,1.00,Metric Tonnes
Andhra Pradesh,Nandyal,Banaganapalli APMC,Cereals,Paddy(Common),25-04-2021,1.00,Metric Tonnes
Andhra Pradesh,Nandyal,Banaganapalli APMC,Cereals,Paddy(Common),26-04-2021,1.00,Metric Tonnes
Andhra Pradesh,Nandyal,Banaganapalli APMC,Cereals,Paddy(Common),27-04-2021,1.00,Metric Tonnes
Andhra Pradesh,Nandyal,Banaganapalli APMC,Cereals,Paddy(Common),28-04-2021,1.00,Metric Tonnes
Andhra Pradesh,Nandyal,Banaganapalli APMC,Cereals,Paddy(Common),29-04-2021,1.00,Metric Tonnes
Andhra Pradesh,Nandyal,Banaganapalli APMC,Cereals,Paddy(Common),30-04-2021,1.00,Metric Tonnes
Andhra Pradesh,Nandyal,Banaganapalli APMC,Cereals,Paddy(Common),01-05-2021,1.00,Metric Tonnes
Andhra Pradesh,Nandyal,Banaganapalli APMC,Cereals,Paddy(Common),02-05-2021,1.00,Metric Tonnes
Andhra Pradesh,Nandyal,Banaganapalli APMC,Cereals,Paddy(Common),03-05-2021,1.00,Metric Tonnes
Andhra Pradesh,Nandyal,Banaganapalli APMC,Cereals,Paddy(Common),04-05-2021,1.00,Metric Tonnes
Andhra Pradesh,Nandyal,Banaganapalli APMC,Cereals,Paddy(Common),05-05-2021,1.00,Metric Tonnes
Andhra Pradesh,Nandyal,Banaganapalli APMC,Cereals,Paddy(Common),06-05-2021,1.00,Metric Tonnes
Andhra Pradesh,Nandyal,Banaganapalli APMC,Cereals,Paddy(Common),07-05-2021,1.00,Metric Tonnes
Andhra Pradesh,Nandyal,Banaganapalli APMC,Cereals,Paddy(Common),08-05-2021,1.00,Metric Tonnes
Andhra Pradesh,Nandyal,Banaganapalli APMC,Cereals,Paddy(Common),09-05-2021,1.00,Metric Tonnes
Andhra Pradesh,Nandyal,Banaganapalli APMC,Cereals,Paddy(Common),10-05-2021,1.00,Metric Tonnes
Andhra Pradesh,Nandyal,Banaganapalli APMC,Cereals,Paddy(Common),11-05-2021,1.00,Metric Tonnes
Andhra Pradesh,Nandyal,Banaganapalli APMC,Cereals,Paddy(Common),12-05-2021,1.00,Metric Tonnes
Andhra Pradesh,Nandyal,Banaganapalli APMC,Cereals,Paddy(Common),13-05-2021,1.00,Metric Tonnes
Andhra Pradesh,Nandyal,Banaganapalli APMC,Cereals,Paddy(Common),14-05-2021,1.00,Metric Tonnes
Andhra Pradesh,Nandyal,Banaganapalli APMC,Cereals,Paddy(Common),15-05-2021,1.00,Metric Tonnes
Andhra Pradesh,Nandyal,Banaganapalli APMC,Cereals,Paddy(Common),16-05-2021,1.00,Metric Tonnes
Andhra Pradesh,Nandyal,Banaganapalli APMC,Cereals,Paddy(Common),17-05-2021,1.00,Metric Tonnes
Andhra Pradesh,Nandyal,Banaganapalli APMC,Cereals,Paddy(Common),18-05-2021,1.00,Metric Tonnes
Andhra Pradesh,Nandyal,Banaganapalli APMC,Cereals,Paddy(Common),19-05-2021,1.00,Metric Tonnes
Andhra Pradesh,Nandyal,Banaganapalli APMC,Cereals,Paddy(Common),20-05-2021,1.00,Metric Tonnes
Andhra Pradesh,Nandyal,Banaganapalli APMC,Cereals,Paddy(Common),21-05-2021,1.00,Metric Tonnes
Andhra Pradesh,Nandyal,Banaganapalli APMC,Cereals,Paddy(Common),22-05-2021,1.00,Metric Tonnes
Andhra Pradesh,Nandyal,Banaganapalli APMC,Cereals,Paddy(Common),23-05-2021,1.00,Metric Tonnes
Andhra Pradesh,Nandyal,Banaganapalli APMC,Cereals,Paddy(Common),24-05-2021,1.00,Metric Tonnes
Andhra Pradesh,Nandyal,Banaganapalli APMC,Cereals,Paddy(Common),25-05-2021,1.00,Metric Tonnes
Andhra Pradesh,Nandyal,Banaganapalli APMC,Cereals,Paddy(Common),26-05-2021,1.00,Metric Tonnes
Andhra Pradesh,Nandyal,Banaganapalli APMC,Cereals,Paddy(Common),27-05-2021,1.00,Metric Tonnes
Andhra Pradesh,Nandyal,Banaganapalli APMC,Cereals,Paddy(Common),28-05-2021,1.00,Metric Tonnes
Andhra Pradesh,Nandyal,Banaganapalli APMC,Cereals,Paddy(Common),29-05-2021,1.00,Metric Tonnes
Andhra Pradesh,Nandyal,Banaganapalli APMC,Cereals,Paddy(Common),30-05-2021,1.00,Metric Tonnes
Andhra Pradesh,Nandyal,Banaganapalli APMC,Cereals,Paddy(Common),31-05-2021,1.00,Metric Tonnes
Andhra Pradesh,Nandyal,Banaganapalli APMC,Cereals,Paddy(Common),01-06-2021,1.00,Metric Tonnes
Andhra Pradesh,Nandyal,Banaganapalli APMC,Cereals,Paddy(Common),02-06-2021,1.00,Metric Tonnes
Andhra Pradesh,Nandyal,Banaganapalli APMC,Cereals,Paddy(Common),03-06-2021,1.00,Metric Tonnes
Andhra Pradesh,Nandyal,Banaganapalli APMC,Cereals,Paddy(Common),04-06-2021,1.00,Metric Tonnes
Andhra Pradesh,Nandyal,Banaganapalli APMC,Cereals,Paddy(Common),05-06-2021,1.00,Metric Tonnes
Andhra Pradesh,Nandyal,Banaganapalli APMC,Cereals,Paddy(Common),06-06-2021,1.00,Metric Tonnes
Andhra Pradesh,Nandyal,Banaganapalli APMC,Cereals,Paddy(Common),07-06-2021,1.00,Metric Tonnes
Andhra Pradesh,Nandyal,Banaganapalli APMC,Cereals,Paddy(Common),08-06-2021,1.00,Metric Tonnes
Andhra Pradesh,Nandyal,Banaganapalli APMC,Cereals,Paddy(Common),09-06-2021,1.00,Metric Tonnes
Andhra Pradesh,Nandyal,Banaganapalli APMC,Cereals,Paddy(Common),10-06-2021,1.00,Metric Tonnes
Andhra Pradesh,Nandyal,Banaganapalli APMC,Cereals,Paddy(Common),11-06-2021,1.00,Metric Tonnes
Andhra Pradesh,Nandyal,Banaganapalli APMC,Cereals,Paddy(Common),12-06-2021,1.00,Metric Tonnes
Andhra Pradesh,Nandyal,Banaganapalli APMC,Cereals,Paddy(Common),13-06-2021,1.00,Metric Tonnes
Andhra Pradesh,Nandyal,Banaganapalli APMC,Cereals,Paddy(Common),14-06-2021,1.00,Metric Tonnes
Andhra Pradesh,Nandyal,Banaganapalli APMC,Cereals,Paddy(Common),15-06-2021,1.00,Metric Tonnes
Andhra Pradesh,Nandyal,Banaganapalli APMC,Cereals,Paddy(Common),16-06-2021,1.00,Metric Tonnes
Andhra Pradesh,Nandyal,Banaganapalli APMC,Cereals,Paddy(Common),17-06-2021,1.00,Metric Tonnes
Andhra Pradesh,Nandyal,Banaganapalli APMC,Cereals,Paddy(Common),18-06-2021,1.00,Metric Tonnes
Andhra Pradesh,Nandyal,Banaganapalli APMC,Cereals,Paddy(Common),19-06-2021,1.00,Metric Tonnes
Andhra Pradesh,Nandyal,Banaganapalli APMC,Cereals,Paddy(Common),20-06-2021,1.00,Metric Tonnes
Andhra Pradesh,Nandyal,Banaganapalli APMC,Cereals,Paddy(Common),21-06-2021,1.00,Metric Tonnes
Andhra Pradesh,Nandyal,Banaganapalli APMC,Cereals,Paddy(Common),22-06-2021,1.00,Metric Tonnes
Andhra Pradesh,Nandyal,Banaganapalli APMC,Cereals,Paddy(Common),23-06-2021,1.00,Metric Tonnes
Andhra Pradesh,Nandyal,Banaganapalli APMC,Cereals,Paddy(Common),25-06-2021,1.00,Metric Tonnes
Andhra Pradesh,Nandyal,Banaganapalli APMC,Cereals,Paddy(Common),26-06-2021,1.00,Metric Tonnes
Andhra Pradesh,Nandyal,Banaganapalli APMC,Cereals,Paddy(Common),27-06-2021,1.00,Metric Tonnes
Andhra Pradesh,Nandyal,Banaganapalli APMC,Cereals,Paddy(Common),28-06-2021,1.00,Metric Tonnes
Andhra Pradesh,Nandyal,Banaganapalli APMC,Cereals,Paddy(Common),29-06-2021,1.00,Metric Tonnes
Andhra Pradesh,Nandyal,Banaganapalli APMC,Cereals,Paddy(Common),30-06-2021,1.00,Metric Tonnes
Andhra Pradesh,Nandyal,Banaganapalli APMC,Cereals,Paddy(Common),01-07-2021,1.00,Metric Tonnes
Andhra Pradesh,Nandyal,Banaganapalli APMC,Cereals,Paddy(Common),02-07-2021,1.00,Metric Tonnes
Andhra Pradesh,Nandyal,Banaganapalli APMC,Cereals,Paddy(Common),03-07-2021,1.00,Metric Tonnes
Andhra Pradesh,Nandyal,Banaganapalli APMC,Cereals,Paddy(Common),04-07-2021,1.00,Metric Tonnes
Andhra Pradesh,Nandyal,Banaganapalli APMC,Cereals,Paddy(Common),05-07-2021,1.00,Metric Tonnes
Andhra Pradesh,Nandyal,Banaganapalli APMC,Cereals,Paddy(Common),06-07-2021,1.00,Metric Tonnes
Andhra Pradesh,Nandyal,Banaganapalli APMC,Cereals,Paddy(Common),07-07-2021,1.00,Metric Tonnes
Andhra Pradesh,Nandyal,Banaganapalli APMC,Cereals,Paddy(Common),08-07-2021,1.00,Metric Tonnes
Andhra Pradesh,Nandyal,Banaganapalli APMC,Cereals,Paddy(Common),09-07-2021,1.00,Metric Tonnes
Andhra Pradesh,Nandyal,Banaganapalli APMC,Cereals,Paddy(Common),10-07-2021,1.00,Metric Tonnes
Andhra Pradesh,Nandyal,Banaganapalli APMC,Cereals,Paddy(Common),11-07-2021,1.00,Metric Tonnes
Andhra Pradesh,Nandyal,Banaganapalli APMC,Cereals,Paddy(Common),12-07-2021,1.00,Metric Tonnes
Andhra Pradesh,Nandyal,Banaganapalli APMC,Cereals,Paddy(Common),13-07-2021,1.00,Metric Tonnes
Andhra Pradesh,Nandyal,Banaganapalli APMC,Cereals,Paddy(Common),14-07-2021,1.00,Metric Tonnes
Andhra Pradesh,Nandyal,Banaganapalli APMC,Cereals,Paddy(Common),15-07-2021,1.00,Metric Tonnes
Andhra Pradesh,Nandyal,Banaganapalli APMC,Cereals,Paddy(Common),16-07-2021,1.00,Metric Tonnes
Andhra Pradesh,Nandyal,Banaganapalli APMC,Cereals,Paddy(Common),17-07-2021,1.00,Metric Tonnes
Andhra Pradesh,Nandyal,Banaganapalli APMC,Cereals,Paddy(Common),18-07-2021,1.00,Metric Tonnes
Andhra Pradesh,Nandyal,Banaganapalli APMC,Cereals,Paddy(Common),19-07-2021,1.00,Metric Tonnes
Andhra Pradesh,Nandyal,Banaganapalli APMC,Cereals,Paddy(Common),20-07-2021,1.00,Metric Tonnes
Andhra Pradesh,Nandyal,Banaganapalli APMC,Cereals,Paddy(Common),21-07-2021,1.00,Metric Tonnes
Andhra Pradesh,Nandyal,Banaganapalli APMC,Cereals,Paddy(Common),22-07-2021,1.00,Metric Tonnes
Andhra Pradesh,Nandyal,Banaganapalli APMC,Cereals,Paddy(Common),23-07-2021,1.00,Metric Tonnes
Andhra Pradesh,Nandyal,Banaganapalli APMC,Cereals,Paddy(Common),24-07-2021,1.00,Metric Tonnes
Andhra Pradesh,Nandyal,Banaganapalli APMC,Cereals,Paddy(Common),25-07-2021,1.00,Metric Tonnes
Andhra Pradesh,Nandyal,Banaganapalli APMC,Cereals,Paddy(Common),26-07-2021,1.00,Metric Tonnes
Andhra Pradesh,Nandyal,Banaganapalli APMC,Cereals,Paddy(Common),27-07-2021,1.00,Metric Tonnes
Andhra Pradesh,Nandyal,Banaganapalli APMC,Cereals,Paddy(Common),28-07-2021,1.00,Metric Tonnes
Andhra Pradesh,Nandyal,Banaganapalli APMC,Cereals,Paddy(Common),29-07-2021,1.00,Metric Tonnes
Andhra Pradesh,Nandyal,Banaganapalli APMC,Cereals,Paddy(Common),30-07-2021,1.00,Metric Tonnes
Andhra Pradesh,Nandyal,Banaganapalli APMC,Cereals,Paddy(Common),31-07-2021,1.00,Metric Tonnes
Andhra Pradesh,Nandyal,Banaganapalli APMC,Cereals,Paddy(Common),01-08-2021,1.00,Metric Tonnes
Andhra Pradesh,Nandyal,Banaganapalli APMC,Cereals,Paddy(Common),02-08-2021,1.00,Metric Tonnes
Andhra Pradesh,Nandyal,Banaganapalli APMC,Cereals,Paddy(Common),03-08-2021,1.00,Metric Tonnes
Andhra Pradesh,Nandyal,Banaganapalli APMC,Cereals,Paddy(Common),04-08-2021,1.00,Metric Tonnes
Andhra Pradesh,Nandyal,Banaganapalli APMC,Cereals,Paddy(Common),05-08-2021,1.00,Metric Tonnes
Andhra Pradesh,Nandyal,Banaganapalli APMC,Cereals,Paddy(Common),06-08-2021,1.00,Metric Tonnes
Andhra Pradesh,Nandyal,Banaganapalli APMC,Cereals,Paddy(Common),07-08-2021,1.00,Metric Tonnes
Andhra Pradesh,Nandyal,Banaganapalli APMC,Cereals,Paddy(Common),08-08-2021,1.00,Metric Tonnes
Andhra Pradesh,Nandyal,Banaganapalli APMC,Cereals,Paddy(Common),09-08-2021,1.00,Metric Tonnes
Andhra Pradesh,Nandyal,Banaganapalli APMC,Cereals,Paddy(Common),10-08-2021,1.00,Metric Tonnes
Andhra Pradesh,Nandyal,Banaganapalli APMC,Cereals,Paddy(Common),11-08-2021,1.00,Metric Tonnes
Andhra Pradesh,Nandyal,Banaganapalli APMC,Cereals,Paddy(Common),12-08-2021,1.00,Metric Tonnes
Andhra Pradesh,Nandyal,Banaganapalli APMC,Cereals,Paddy(Common),13-08-2021,1.00,Metric Tonnes
Andhra Pradesh,Nandyal,Banaganapalli APMC,Cereals,Paddy(Common),14-08-2021,1.00,Metric Tonnes
Andhra Pradesh,Nandyal,Banaganapalli APMC,Cereals,Paddy(Common),15-08-2021,1.00,Metric Tonnes
Andhra Pradesh,Nandyal,Banaganapalli APMC,Cereals,Paddy(Common),16-08-2021,1.00,Metric Tonnes
Andhra Pradesh,Nandyal,Banaganapalli APMC,Cereals,Paddy(Common),17-08-2021,1.00,Metric Tonnes
Andhra Pradesh,Nandyal,Banaganapalli APMC,Cereals,Paddy(Common),18-08-2021,1.00,Metric Tonnes
Andhra Pradesh,Nandyal,Banaganapalli APMC,Cereals,Paddy(Common),19-08-2021,1.00,Metric Tonnes
Andhra Pradesh,Nandyal,Banaganapalli APMC,Cereals,Paddy(Common),20-08-2021,1.00,Metric Tonnes
Andhra Pradesh,Nandyal,Banaganapalli APMC,Cereals,Paddy(Common),21-08-2021,1.00,Metric Tonnes
Andhra Pradesh,Nandyal,Banaganapalli APMC,Cereals,Paddy(Common),22-08-2021,1.00,Metric Tonnes
Andhra Pradesh,Nandyal,Banaganapalli APMC,Cereals,Paddy(Common),23-08-2021,1.00,Metric Tonnes
Andhra Pradesh,Nandyal,Banaganapalli APMC,Cereals,Paddy(Common),24-08-2021,1.00,Metric Tonnes
Andhra Pradesh,Nandyal,Banaganapalli APMC,Cereals,Paddy(Common),25-08-2021,1.00,Metric Tonnes
Andhra Pradesh,Nandyal,Banaganapalli APMC,Cereals,Paddy(Common),29-08-2021,1.00,Metric Tonnes
Andhra Pradesh,Nandyal,Banaganapalli APMC,Cereals,Paddy(Common),30-08-2021,1.00,Metric Tonnes
Andhra Pradesh,Nandyal,Banaganapalli APMC,Cereals,Paddy(Common),31-08-2021,1.00,Metric Tonnes
Andhra Pradesh,Nandyal,Banaganapalli APMC,Cereals,Paddy(Common),01-09-2021,1.00,Metric Tonnes
Andhra Pradesh,Nandyal,Banaganapalli APMC,Cereals,Paddy(Common),02-09-2021,1.00,Metric Tonnes
Andhra Pradesh,Nandyal,Banaganapalli APMC,Cereals,Paddy(Common),04-09-2021,1.00,Metric Tonnes
Andhra Pradesh,Nandyal,Banaganapalli APMC,Cereals,Paddy(Common),05-09-2021,1.00,Metric Tonnes
Andhra Pradesh,Nandyal,Banaganapalli APMC,Cereals,Paddy(Common),06-09-2021,1.00,Metric Tonnes
Andhra Pradesh,Nandyal,Banaganapalli APMC,Cereals,Paddy(Common),07-09-2021,1.00,Metric Tonnes
Andhra Pradesh,Nandyal,Banaganapalli APMC,Cereals,Paddy(Common),08-09-2021,1.00,Metric Tonnes
Andhra Pradesh,Nandyal,Banaganapalli APMC,Cereals,Paddy(Common),09-09-2021,1.00,Metric Tonnes
Andhra Pradesh,Nandyal,Banaganapalli APMC,Cereals,Paddy(Common),10-09-2021,1.00,Metric Tonnes
Andhra Pradesh,Nandyal,Banaganapalli APMC,Cereals,Paddy(Common),11-09-2021,1.00,Metric Tonnes
Andhra Pradesh,Nandyal,Banaganapalli APMC,Cereals,Paddy(Common),12-09-2021,1.00,Metric Tonnes
Andhra Pradesh,Nandyal,Banaganapalli APMC,Cereals,Paddy(Common),13-09-2021,1.00,Metric Tonnes
Andhra Pradesh,Nandyal,Banaganapalli APMC,Cereals,Paddy(Common),14-09-2021,1.00,Metric Tonnes
Andhra Pradesh,Nandyal,Banaganapalli APMC,Cereals,Paddy(Common),15-09-2021,1.00,Metric Tonnes
Andhra Pradesh,Nandyal,Banaganapalli APMC,Cereals,Paddy(Common),16-09-2021,1.00,Metric Tonnes
Andhra Pradesh,Nandyal,Banaganapalli APMC,Cereals,Paddy(Common),17-09-2021,1.00,Metric Tonnes
Andhra Pradesh,Nandyal,Banaganapalli APMC,Cereals,Paddy(Common),18-09-2021,1.00,Metric Tonnes
Andhra Pradesh,Nandyal,Banaganapalli APMC,Cereals,Paddy(Common),19-09-2021,1.00,Metric Tonnes
Andhra Pradesh,Nandyal,Banaganapalli APMC,Cereals,Paddy(Common),20-09-2021,1.00,Metric Tonnes
Andhra Pradesh,Nandyal,Banaganapalli APMC,Cereals,Paddy(Common),21-09-2021,1.00,Metric Tonnes
Andhra Pradesh,Nandyal,Banaganapalli APMC,Cereals,Paddy(Common),22-09-2021,1.00,Metric Tonnes
Andhra Pradesh,Nandyal,Banaganapalli APMC,Cereals,Paddy(Common),23-09-2021,1.00,Metric Tonnes
Andhra Pradesh,Nandyal,Banaganapalli APMC,Cereals,Paddy(Common),24-09-2021,1.00,Metric Tonnes
Andhra Pradesh,Nandyal,Banaganapalli APMC,Cereals,Paddy(Common),25-09-2021,1.00,Metric Tonnes
Andhra Pradesh,Nandyal,Banaganapalli APMC,Cereals,Paddy(Common),26-09-2021,1.00,Metric Tonnes
Andhra Pradesh,Nandyal,Banaganapalli APMC,Cereals,Paddy(Common),27-09-2021,1.00,Metric Tonnes
Andhra Pradesh,Nandyal,Banaganapalli APMC,Cereals,Paddy(Common),28-09-2021,1.00,Metric Tonnes
Andhra Pradesh,Nandyal,Banaganapalli APMC,Cereals,Paddy(Common),29-09-2021,1.00,Metric Tonnes
Andhra Pradesh,Nandyal,Banaganapalli APMC,Cereals,Paddy(Common),30-09-2021,1.00,Metric Tonnes
Andhra Pradesh,Nandyal,Banaganapalli APMC,Cereals,Paddy(Common),01-10-2021,1.00,Metric Tonnes
Andhra Pradesh,Nandyal,Banaganapalli APMC,Cereals,Paddy(Common),02-10-2021,1.00,Metric Tonnes
Andhra Pradesh,Nandyal,Banaganapalli APMC,Cereals,Paddy(Common),03-10-2021,1.00,Metric Tonnes
Andhra Pradesh,Nandyal,Banaganapalli APMC,Cereals,Paddy(Common),04-10-2021,1.00,Metric Tonnes
Andhra Pradesh,Nandyal,Banaganapalli APMC,Cereals,Paddy(Common),05-10-2021,1.00,Metric Tonnes
Andhra Pradesh,Nandyal,Banaganapalli APMC,Cereals,Paddy(Common),06-10-2021,1.00,Metric Tonnes
Andhra Pradesh,Nandyal,Banaganapalli APMC,Cereals,Paddy(Common),07-10-2021,1.00,Metric Tonnes
Andhra Pradesh,Nandyal,Banaganapalli APMC,Cereals,Paddy(Common),08-10-2021,1.00,Metric Tonnes
Andhra Pradesh,Nandyal,Banaganapalli APMC,Cereals,Paddy(Common),09-10-2021,1.00,Metric Tonnes
Andhra Pradesh,Nandyal,Banaganapalli APMC,Cereals,Paddy(Common),10-10-2021,1.00,Metric Tonnes
Andhra Pradesh,Nandyal,Banaganapalli APMC,Cereals,Paddy(Common),11-10-2021,1.00,Metric Tonnes
Andhra Pradesh,Nandyal,Banaganapalli APMC,Cereals,Paddy(Common),12-10-2021,1.00,Metric Tonnes
Andhra Pradesh,Nandyal,Banaganapalli APMC,Cereals,Paddy(Common),13-10-2021,1.00,Metric Tonnes
Andhra Pradesh,Nandyal,Banaganapalli APMC,Cereals,Paddy(Common),14-10-2021,1.00,Metric Tonnes
Andhra Pradesh,Nandyal,Banaganapalli APMC,Cereals,Paddy(Common),15-10-2021,1.00,Metric Tonnes
Andhra Pradesh,Nandyal,Banaganapalli APMC,Cereals,Paddy(Common),16-10-2021,1.00,Metric Tonnes
Andhra Pradesh,Nandyal,Banaganapalli APMC,Cereals,Paddy(Common),17-10-2021,1.00,Metric Tonnes
Andhra Pradesh,Nandyal,Banaganapalli APMC,Cereals,Paddy(Common),18-10-2021,1.00,Metric Tonnes
Andhra Pradesh,Nandyal,Banaganapalli APMC,Cereals,Paddy(Common),19-10-2021,1.00,Metric Tonnes
Andhra Pradesh,Nandyal,Banaganapalli APMC,Cereals,Paddy(Common),20-10-2021,1.00,Metric Tonnes
Andhra Pradesh,Nandyal,Banaganapalli APMC,Cereals,Paddy(Common),21-10-2021,1.00,Metric Tonnes
Andhra Pradesh,Nandyal,Banaganapalli APMC,Cereals,Paddy(Common),22-10-2021,1.00,Metric Tonnes
Andhra Pradesh,Nandyal,Banaganapalli APMC,Cereals,Paddy(Common),23-10-2021,1.00,Metric Tonnes
Andhra Pradesh,Nandyal,Banaganapalli APMC,Cereals,Paddy(Common),24-10-2021,1.00,Metric Tonnes
Andhra Pradesh,Nandyal,Banaganapalli APMC,Cereals,Paddy(Common),25-10-2021,1.00,Metric Tonnes
Andhra Pradesh,Nandyal,Banaganapalli APMC,Cereals,Paddy(Common),26-10-2021,1.00,Metric Tonnes
Andhra Pradesh,Nandyal,Banaganapalli APMC,Cereals,Paddy(Common),27-10-2021,1.00,Metric Tonnes
Andhra Pradesh,Nandyal,Banaganapalli APMC,Cereals,Paddy(Common),28-10-2021,1.00,Metric Tonnes
Andhra Pradesh,Nandyal,Banaganapalli APMC,Cereals,Paddy(Common),29-10-2021,1.00,Metric Tonnes
Andhra Pradesh,Nandyal,Banaganapalli APMC,Cereals,Paddy(Common),30-10-2021,1.00,Metric Tonnes
Andhra Pradesh,Nandyal,Banaganapalli APMC,Cereals,Paddy(Common),31-10-2021,1.00,Metric Tonnes
Andhra Pradesh,Nandyal,Banaganapalli APMC,Cereals,Paddy(Common),01-11-2021,1.00,Metric Tonnes
Andhra Pradesh,Nandyal,Banaganapalli APMC,Cereals,Paddy(Common),02-11-2021,1.00,Metric Tonnes
Andhra Pradesh,Nandyal,Banaganapalli APMC,Cereals,Paddy(Common),03-11-2021,1.00,Metric Tonnes
Andhra Pradesh,Nandyal,Banaganapalli APMC,Cereals,Paddy(Common),04-11-2021,1.00,Metric Tonnes
Andhra Pradesh,Nandyal,Banaganapalli APMC,Cereals,Paddy(Common),05-11-2021,1.00,Metric Tonnes
Andhra Pradesh,Nandyal,Banaganapalli APMC,Cereals,Paddy(Common),06-11-2021,1.00,Metric Tonnes
Andhra Pradesh,Nandyal,Banaganapalli APMC,Cereals,Paddy(Common),07-11-2021,1.00,Metric Tonnes
Andhra Pradesh,Nandyal,Banaganapalli APMC,Cereals,Paddy(Common),08-11-2021,1.00,Metric Tonnes
Andhra Pradesh,Nandyal,Banaganapalli APMC,Cereals,Paddy(Common),10-11-2021,1.00,Metric Tonnes
Andhra Pradesh,Nandyal,Banaganapalli APMC,Cereals,Paddy(Common),11-11-2021,1.00,Metric Tonnes
Andhra Pradesh,Nandyal,Banaganapalli APMC,Cereals,Paddy(Common),12-11-2021,1.00,Metric Tonnes
Andhra Pradesh,Nandyal,Banaganapalli APMC,Cereals,Paddy(Common),13-11-2021,1.00,Metric Tonnes
Andhra Pradesh,Nandyal,Banaganapalli APMC,Cereals,Paddy(Common),14-11-2021,1.00,Metric Tonnes
Andhra Pradesh,Nandyal,Banaganapalli APMC,Cereals,Paddy(Common),15-11-2021,1.00,Metric Tonnes
Andhra Pradesh,Nandyal,Banaganapalli APMC,Cereals,Paddy(Common),16-11-2021,1.00,Metric Tonnes
Andhra Pradesh,Nandyal,Banaganapalli APMC,Cereals,Paddy(Common),17-11-2021,1.00,Metric Tonnes
Andhra Pradesh,Nandyal,Banaganapalli APMC,Cereals,Paddy(Common),18-11-2021,1.00,Metric Tonnes
Andhra Pradesh,Nandyal,Banaganapalli APMC,Cereals,Paddy(Common),19-11-2021,1.00,Metric Tonnes
Andhra Pradesh,Nandyal,Banaganapalli APMC,Cereals,Paddy(Common),20-11-2021,1.00,Metric Tonnes
Andhra Pradesh,Nandyal,Banaganapalli APMC,Cereals,Paddy(Common),21-11-2021,1.00,Metric Tonnes
Andhra Pradesh,Nandyal,Banaganapalli APMC,Cereals,Paddy(Common),22-11-2021,1.00,Metric Tonnes
Andhra Pradesh,Nandyal,Banaganapalli APMC,Cereals,Paddy(Common),23-11-2021,1.00,Metric Tonnes
Andhra Pradesh,Nandyal,Banaganapalli APMC,Cereals,Paddy(Common),24-11-2021,1.00,Metric Tonnes
Andhra Pradesh,Nandyal,Banaganapalli APMC,Cereals,Paddy(Common),25-11-2021,1.00,Metric Tonnes
Andhra Pradesh,Nandyal,Banaganapalli APMC,Cereals,Paddy(Common),26-11-2021,1.00,Metric Tonnes
Andhra Pradesh,Nandyal,Banaganapalli APMC,Cereals,Paddy(Common),27-11-2021,1.00,Metric Tonnes
Andhra Pradesh,Nandyal,Banaganapalli APMC,Cereals,Paddy(Common),28-11-2021,1.00,Metric Tonnes
Andhra Pradesh,Nandyal,Banaganapalli APMC,Cereals,Paddy(Common),29-11-2021,1.00,Metric Tonnes
Andhra Pradesh,Nandyal,Banaganapalli APMC,Cereals,Paddy(Common),30-11-2021,1.00,Metric Tonnes
Andhra Pradesh,Nandyal,Banaganapalli APMC,Cereals,Paddy(Common),01-12-2021,1.00,Metric Tonnes
Andhra Pradesh,Nandyal,Banaganapalli APMC,Cereals,Paddy(Common),02-12-2021,1.00,Metric Tonnes
Andhra Pradesh,Nandyal,Banaganapalli APMC,Cereals,Paddy(Common),03-12-2021,1.00,Metric Tonnes
Andhra Pradesh,Nandyal,Banaganapalli APMC,Cereals,Paddy(Common),04-12-2021,1.00,Metric Tonnes
Andhra Pradesh,Nandyal,Banaganapalli APMC,Cereals,Paddy(Common),05-12-2021,1.00,Metric Tonnes
Andhra Pradesh,Nandyal,Banaganapalli APMC,Cereals,Paddy(Common),06-12-2021,1.00,Metric Tonnes
Andhra Pradesh,Nandyal,Banaganapalli APMC,Cereals,Paddy(Common),07-12-2021,1.00,Metric Tonnes
Andhra Pradesh,Nandyal,Banaganapalli APMC,Cereals,Paddy(Common),08-12-2021,1.00,Metric Tonnes
Andhra Pradesh,Nandyal,Banaganapalli APMC,Cereals,Paddy(Common),09-12-2021,1.00,Metric Tonnes
Andhra Pradesh,Nandyal,Banaganapalli APMC,Cereals,Paddy(Common),10-12-2021,1.00,Metric Tonnes
Andhra Pradesh,Nandyal,Banaganapalli APMC,Cereals,Paddy(Common),11-12-2021,1.00,Metric Tonnes
Andhra Pradesh,Nandyal,Banaganapalli APMC,Cereals,Paddy(Common),12-12-2021,1.00,Metric Tonnes
Andhra Pradesh,Nandyal,Banaganapalli APMC,Cereals,Paddy(Common),13-12-2021,1.00,Metric Tonnes
Andhra Pradesh,Nandyal,Banaganapalli APMC,Cereals,Paddy(Common),14-12-2021,1.00,Metric Tonnes
Andhra Pradesh,Nandyal,Banaganapalli APMC,Cereals,Paddy(Common),15-12-2021,1.00,Metric Tonnes
Andhra Pradesh,Nandyal,Banaganapalli APMC,Cereals,Paddy(Common),16-12-2021,1.00,Metric Tonnes
Andhra Pradesh,Nandyal,Banaganapalli APMC,Cereals,Paddy(Common),17-12-2021,1.00,Metric Tonnes
Andhra Pradesh,Nandyal,Banaganapalli APMC,Cereals,Paddy(Common),18-12-2021,1.00,Metric Tonnes
Andhra Pradesh,Nandyal,Banaganapalli APMC,Cereals,Paddy(Common),19-12-2021,1.00,Metric Tonnes
Andhra Pradesh,Nandyal,Banaganapalli APMC,Cereals,Paddy(Common),20-12-2021,1.00,Metric Tonnes
Andhra Pradesh,Nandyal,Banaganapalli APMC,Cereals,Paddy(Common),21-12-2021,1.00,Metric Tonnes
Andhra Pradesh,Nandyal,Banaganapalli APMC,Cereals,Paddy(Common),22-12-2021,1.00,Metric Tonnes
Andhra Pradesh,Nandyal,Banaganapalli APMC,Cereals,Paddy(Common),23-12-2021,1.00,Metric Tonnes
Andhra Pradesh,Nandyal,Banaganapalli APMC,Cereals,Paddy(Common),24-12-2021,1.00,Metric Tonnes
Andhra Pradesh,Nandyal,Banaganapalli APMC,Cereals,Paddy(Common),25-12-2021,1.00,Metric Tonnes
Andhra Pradesh,Nandyal,Banaganapalli APMC,Cereals,Paddy(Common),26-12-2021,1.00,Metric Tonnes
Andhra Pradesh,Nandyal,Banaganapalli APMC,Cereals,Paddy(Common),27-12-2021,1.00,Metric Tonnes
Andhra Pradesh,Nandyal,Banaganapalli APMC,Cereals,Paddy(Common),28-12-2021,1.00,Metric Tonnes
Andhra Pradesh,Nandyal,Banaganapalli APMC,Cereals,Paddy(Common),29-12-2021,1.00,Metric Tonnes
Andhra Pradesh,Nandyal,Banaganapalli APMC,Cereals,Paddy(Common),30-12-2021,1.00,Metric Tonnes
Andhra Pradesh,Nandyal,Banaganapalli APMC,Cereals,Paddy(Common),31-12-2021,1.00,Metric Tonnes
Andhra Pradesh,Nandyal,Banaganapalli APMC,Cereals,Paddy(Common),01-01-2022,1.00,Metric Tonnes
Andhra Pradesh,Nandyal,Banaganapalli APMC,Cereals,Paddy(Common),02-01-2022,1.00,Metric Tonnes
Andhra Pradesh,Nandyal,Banaganapalli APMC,Cereals,Paddy(Common),03-01-2022,1.00,Metric Tonnes
Andhra Pradesh,Nandyal,Banaganapalli APMC,Cereals,Paddy(Common),04-01-2022,1.00,Metric Tonnes
Andhra Pradesh,Nandyal,Banaganapalli APMC,Cereals,Paddy(Common),05-01-2022,1.00,Metric Tonnes
Andhra Pradesh,Nandyal,Banaganapalli APMC,Cereals,Paddy(Common),06-01-2022,1.00,Metric Tonnes
Andhra Pradesh,Nandyal,Banaganapalli APMC,Cereals,Paddy(Common),07-01-2022,1.00,Metric Tonnes
Andhra Pradesh,Nandyal,Banaganapalli APMC,Cereals,Paddy(Common),08-01-2022,1.00,Metric Tonnes
Andhra Pradesh,Nandyal,Banaganapalli APMC,Cereals,Paddy(Common),09-01-2022,1.00,Metric Tonnes
Andhra Pradesh,Nandyal,Banaganapalli APMC,Cereals,Paddy(Common),10-01-2022,1.00,Metric Tonnes
Andhra Pradesh,Nandyal,Banaganapalli APMC,Cereals,Paddy(Common),11-01-2022,1.00,Metric Tonnes
Andhra Pradesh,Nandyal,Banaganapalli APMC,Cereals,Paddy(Common),12-01-2022,1.00,Metric Tonnes
Andhra Pradesh,Nandyal,Banaganapalli APMC,Cereals,Paddy(Common),13-01-2022,1.00,Metric Tonnes
Andhra Pradesh,Nandyal,Banaganapalli APMC,Cereals,Paddy(Common),14-01-2022,1.00,Metric Tonnes
Andhra Pradesh,Nandyal,Banaganapalli APMC,Cereals,Paddy(Common),15-01-2022,1.00,Metric Tonnes
Andhra Pradesh,Nandyal,Banaganapalli APMC,Cereals,Paddy(Common),16-01-2022,1.00,Metric Tonnes
Andhra Pradesh,Nandyal,Banaganapalli APMC,Cereals,Paddy(Common),17-01-2022,1.00,Metric Tonnes
Andhra Pradesh,Nandyal,Banaganapalli APMC,Cereals,Paddy(Common),18-01-2022,1.00,Metric Tonnes
Andhra Pradesh,Nandyal,Banaganapalli APMC,Cereals,Paddy(Common),19-01-2022,1.00,Metric Tonnes
Andhra Pradesh,Nandyal,Banaganapalli APMC,Cereals,Paddy(Common),20-01-2022,1.00,Metric Tonnes
Andhra Pradesh,Nandyal,Banaganapalli APMC,Cereals,Paddy(Common),21-01-2022,1.00,Metric Tonnes
Andhra Pradesh,Nandyal,Banaganapalli APMC,Cereals,Paddy(Common),22-01-2022,1.00,Metric Tonnes
Andhra Pradesh,Nandyal,Banaganapalli APMC,Cereals,Paddy(Common),24-01-2022,1.00,Metric Tonnes
Andhra Pradesh,Nandyal,Banaganapalli APMC,Cereals,Paddy(Common),25-01-2022,1.00,Metric Tonnes
Andhra Pradesh,Nandyal,Banaganapalli APMC,Cereals,Paddy(Common),26-01-2022,1.00,Metric Tonnes
Andhra Pradesh,Nandyal,Banaganapalli APMC,Cereals,Paddy(Common),27-01-2022,1.00,Metric Tonnes
Andhra Pradesh,Nandyal,Banaganapalli APMC,Cereals,Paddy(Common),28-01-2022,1.00,Metric Tonnes
Andhra Pradesh,Nandyal,Banaganapalli APMC,Cereals,Paddy(Common),29-01-2022,1.00,Metric Tonnes
Andhra Pradesh,Nandyal,Banaganapalli APMC,Cereals,Paddy(Common),30-01-2022,1.00,Metric Tonnes
Andhra Pradesh,Nandyal,Banaganapalli APMC,Cereals,Paddy(Common),31-01-2022,1.00,Metric Tonnes
Andhra Pradesh,Nandyal,Banaganapalli APMC,Cereals,Paddy(Common),01-02-2022,1.00,Metric Tonnes
Andhra Pradesh,Nandyal,Banaganapalli APMC,Cereals,Paddy(Common),02-02-2022,1.00,Metric Tonnes
Andhra Pradesh,Nandyal,Banaganapalli APMC,Cereals,Paddy(Common),03-02-2022,1.00,Metric Tonnes
Andhra Pradesh,Nandyal,Banaganapalli APMC,Cereals,Paddy(Common),04-02-2022,1.00,Metric Tonnes
Andhra Pradesh,Nandyal,Banaganapalli APMC,Cereals,Paddy(Common),05-02-2022,1.00,Metric Tonnes
Andhra Pradesh,Nandyal,Banaganapalli APMC,Cereals,Paddy(Common),06-02-2022,1.00,Metric Tonnes
Andhra Pradesh,Nandyal,Banaganapalli APMC,Cereals,Paddy(Common),07-02-2022,1.00,Metric Tonnes
Andhra Pradesh,Nandyal,Banaganapalli APMC,Cereals,Paddy(Common),08-02-2022,1.00,Metric Tonnes
Andhra Pradesh,Nandyal,Banaganapalli APMC,Cereals,Paddy(Common),09-02-2022,1.00,Metric Tonnes
Andhra Pradesh,Nandyal,Banaganapalli APMC,Cereals,Paddy(Common),10-02-2022,1.00,Metric Tonnes
Andhra Pradesh,Nandyal,Banaganapalli APMC,Cereals,Paddy(Common),11-02-2022,1.00,Metric Tonnes
Andhra Pradesh,Nandyal,Banaganapalli APMC,Cereals,Paddy(Common),12-02-2022,1.00,Metric Tonnes
Andhra Pradesh,Nandyal,Banaganapalli APMC,Cereals,Paddy(Common),13-02-2022,1.00,Metric Tonnes
Andhra Pradesh,Nandyal,Banaganapalli APMC,Cereals,Paddy(Common),14-02-2022,1.00,Metric Tonnes
Andhra Pradesh,Nandyal,Banaganapalli APMC,Cereals,Paddy(Common),16-02-2022,1.00,Metric Tonnes
Andhra Pradesh,Nandyal,Banaganapalli APMC,Cereals,Paddy(Common),17-02-2022,1.00,Metric Tonnes
Andhra Pradesh,Nandyal,Banaganapalli APMC,Cereals,Paddy(Common),18-02-2022,1.00,Metric Tonnes
Andhra Pradesh,Nandyal,Banaganapalli APMC,Cereals,Paddy(Common),19-02-2022,1.00,Metric Tonnes
Andhra Pradesh,Nandyal,Banaganapalli APMC,Cereals,Paddy(Common),20-02-2022,1.00,Metric Tonnes
Andhra Pradesh,Nandyal,Banaganapalli APMC,Cereals,Paddy(Common),21-02-2022,1.00,Metric Tonnes
Andhra Pradesh,Nandyal,Banaganapalli APMC,Cereals,Paddy(Common),22-02-2022,1.00,Metric Tonnes
Andhra Pradesh,Nandyal,Banaganapalli APMC,Cereals,Paddy(Common),23-02-2022,1.00,Metric Tonnes
Andhra Pradesh,Nandyal,Banaganapalli APMC,Cereals,Paddy(Common),24-02-2022,1.00,Metric Tonnes
Andhra Pradesh,Nandyal,Banaganapalli APMC,Cereals,Paddy(Common),25-02-2022,1.00,Metric Tonnes
Andhra Pradesh,Nandyal,Banaganapalli APMC,Cereals,Paddy(Common),26-02-2022,1.00,Metric Tonnes
Andhra Pradesh,Nandyal,Banaganapalli APMC,Cereals,Paddy(Common),27-02-2022,1.00,Metric Tonnes
Andhra Pradesh,Nandyal,Banaganapalli APMC,Cereals,Paddy(Common),28-02-2022,1.00,Metric Tonnes
Andhra Pradesh,Nandyal,Banaganapalli APMC,Cereals,Paddy(Common),01-03-2022,1.00,Metric Tonnes
Andhra Pradesh,Nandyal,Banaganapalli APMC,Cereals,Paddy(Common),02-03-2022,1.00,Metric Tonnes
Andhra Pradesh,Nandyal,Banaganapalli APMC,Cereals,Paddy(Common),03-03-2022,1.00,Metric Tonnes
Andhra Pradesh,Nandyal,Banaganapalli APMC,Cereals,Paddy(Common),04-03-2022,1.00,Metric Tonnes
Andhra Pradesh,Nandyal,Banaganapalli APMC,Cereals,Paddy(Common),05-03-2022,1.00,Metric Tonnes
Andhra Pradesh,Nandyal,Banaganapalli APMC,Cereals,Paddy(Common),06-03-2022,1.00,Metric Tonnes
Andhra Pradesh,Nandyal,Banaganapalli APMC,Cereals,Paddy(Common),07-03-2022,1.00,Metric Tonnes
Andhra Pradesh,Nandyal,Banaganapalli APMC,Cereals,Paddy(Common),08-03-2022,1.00,Metric Tonnes
Andhra Pradesh,Nandyal,Banaganapalli APMC,Cereals,Paddy(Common),09-03-2022,1.00,Metric Tonnes
Andhra Pradesh,Nandyal,Banaganapalli APMC,Cereals,Paddy(Common),10-03-2022,1.00,Metric Tonnes
Andhra Pradesh,Nandyal,Banaganapalli APMC,Cereals,Paddy(Common),11-03-2022,1.00,Metric Tonnes
Andhra Pradesh,Nandyal,Banaganapalli APMC,Cereals,Paddy(Common),12-03-2022,1.00,Metric Tonnes
Andhra Pradesh,Nandyal,Banaganapalli APMC,Cereals,Paddy(Common),13-03-2022,1.00,Metric Tonnes
Andhra Pradesh,Nandyal,Banaganapalli APMC,Cereals,Paddy(Common),14-03-2022,1.00,Metric Tonnes
Andhra Pradesh,Nandyal,Banaganapalli APMC,Cereals,Paddy(Common),15-03-2022,1.00,Metric Tonnes
Andhra Pradesh,Nandyal,Banaganapalli APMC,Cereals,Paddy(Common),16-03-2022,1.00,Metric Tonnes
Andhra Pradesh,Nandyal,Banaganapalli APMC,Cereals,Paddy(Common),17-03-2022,1.00,Metric Tonnes
Andhra Pradesh,Nandyal,Banaganapalli APMC,Cereals,Paddy(Common),18-03-2022,1.00,Metric Tonnes
Andhra Pradesh,Nandyal,Banaganapalli APMC,Cereals,Paddy(Common),19-03-2022,1.00,Metric Tonnes
Andhra Pradesh,Nandyal,Banaganapalli APMC,Cereals,Paddy(Common),20-03-2022,1.00,Metric Tonnes
Andhra Pradesh,Nandyal,Banaganapalli APMC,Cereals,Paddy(Common),21-03-2022,1.00,Metric Tonnes
Andhra Pradesh,Nandyal,Banaganapalli APMC,Cereals,Paddy(Common),22-03-2022,1.00,Metric Tonnes
Andhra Pradesh,Nandyal,Banaganapalli APMC,Cereals,Paddy(Common),23-03-2022,1.00,Metric Tonnes
Andhra Pradesh,Nandyal,Banaganapalli APMC,Cereals,Paddy(Common),24-03-2022,1.00,Metric Tonnes
Andhra Pradesh,Nandyal,Banaganapalli APMC,Cereals,Paddy(Common),25-03-2022,1.00,Metric Tonnes
Andhra Pradesh,Nandyal,Banaganapalli APMC,Cereals,Paddy(Common),26-03-2022,1.00,Metric Tonnes
Andhra Pradesh,Nandyal,Banaganapalli APMC,Cereals,Paddy(Common),27-03-2022,1.00,Metric Tonnes
Andhra Pradesh,Nandyal,Banaganapalli APMC,Cereals,Paddy(Common),28-03-2022,1.00,Metric Tonnes
Andhra Pradesh,Nandyal,Banaganapalli APMC,Cereals,Paddy(Common),29-03-2022,1.00,Metric Tonnes
Andhra Pradesh,Nandyal,Banaganapalli APMC,Cereals,Paddy(Common),01-04-2022,1.00,Metric Tonnes
Andhra Pradesh,Nandyal,Banaganapalli APMC,Cereals,Paddy(Common),02-04-2022,1.00,Metric Tonnes
Andhra Pradesh,Nandyal,Banaganapalli APMC,Cereals,Paddy(Common),03-04-2022,1.00,Metric Tonnes
Andhra Pradesh,Nandyal,Banaganapalli APMC,Cereals,Paddy(Common),04-04-2022,1.00,Metric Tonnes
Andhra Pradesh,Nandyal,Banaganapalli APMC,Cereals,Paddy(Common),05-04-2022,1.00,Metric Tonnes
Andhra Pradesh,Nandyal,Banaganapalli APMC,Cereals,Paddy(Common),06-04-2022,1.00,Metric Tonnes
Andhra Pradesh,Nandyal,Banaganapalli APMC,Cereals,Paddy(Common),07-04-2022,1.00,Metric Tonnes
Andhra Pradesh,Nandyal,Banaganapalli APMC,Cereals,Paddy(Common),08-04-2022,1.00,Metric Tonnes
Andhra Pradesh,Nandyal,Banaganapalli APMC,Cereals,Paddy(Common),09-04-2022,1.00,Metric Tonnes
Andhra Pradesh,Nandyal,Banaganapalli APMC,Cereals,Paddy(Common),10-04-2022,1.00,Metric Tonnes
Andhra Pradesh,Nandyal,Banaganapalli APMC,Cereals,Paddy(Common),11-04-2022,1.00,Metric Tonnes
Andhra Pradesh,Nandyal,Banaganapalli APMC,Cereals,Paddy(Common),12-04-2022,1.00,Metric Tonnes
Andhra Pradesh,Nandyal,Banaganapalli APMC,Cereals,Paddy(Common),13-04-2022,1.00,Metric Tonnes
Andhra Pradesh,Nandyal,Banaganapalli APMC,Cereals,Paddy(Common),14-04-2022,1.00,Metric Tonnes
Andhra Pradesh,Nandyal,Banaganapalli APMC,Cereals,Paddy(Common),15-04-2022,1.00,Metric Tonnes
Andhra Pradesh,Nandyal,Banaganapalli APMC,Cereals,Paddy(Common),16-04-2022,1.00,Metric Tonnes
Andhra Pradesh,Nandyal,Banaganapalli APMC,Cereals,Paddy(Common),17-04-2022,1.00,Metric Tonnes
Andhra Pradesh,Nandyal,Banaganapalli APMC,Cereals,Paddy(Common),18-04-2022,1.00,Metric Tonnes
Andhra Pradesh,Nandyal,Banaganapalli APMC,Cereals,Paddy(Common),19-04-2022,1.00,Metric Tonnes
Andhra Pradesh,Nandyal,Banaganapalli APMC,Cereals,Paddy(Common),20-04-2022,1.00,Metric Tonnes
Andhra Pradesh,Nandyal,Banaganapalli APMC,Cereals,Paddy(Common),21-04-2022,1.00,Metric Tonnes
Andhra Pradesh,Nandyal,Banaganapalli APMC,Cereals,Paddy(Common),22-04-2022,1.00,Metric Tonnes
Andhra Pradesh,Nandyal,Banaganapalli APMC,Cereals,Paddy(Common),23-04-2022,1.00,Metric Tonnes
Andhra Pradesh,Nandyal,Banaganapalli APMC,Cereals,Paddy(Common),24-04-2022,1.00,Metric Tonnes
Andhra Pradesh,Nandyal,Banaganapalli APMC,Cereals,Paddy(Common),25-04-2022,1.00,Metric Tonnes
Andhra Pradesh,Nandyal,Banaganapalli APMC,Cereals,Paddy(Common),26-04-2022,1.00,Metric Tonnes
Andhra Pradesh,Nandyal,Banaganapalli APMC,Cereals,Paddy(Common),27-04-2022,1.00,Metric Tonnes
Andhra Pradesh,Nandyal,Banaganapalli APMC,Cereals,Paddy(Common),28-04-2022,1.00,Metric Tonnes
Andhra Pradesh,Nandyal,Banaganapalli APMC,Cereals,Paddy(Common),29-04-2022,1.00,Metric Tonnes
Andhra Pradesh,Nandyal,Banaganapalli APMC,Cereals,Paddy(Common),30-04-2022,1.00,Metric Tonnes
Andhra Pradesh,Nandyal,Banaganapalli APMC,Cereals,Paddy(Common),01-05-2022,1.00,Metric Tonnes
Andhra Pradesh,Nandyal,Banaganapalli APMC,Cereals,Paddy(Common),02-05-2022,1.00,Metric Tonnes
Andhra Pradesh,Nandyal,Banaganapalli APMC,Cereals,Paddy(Common),03-05-2022,1.00,Metric Tonnes
Andhra Pradesh,Nandyal,Banaganapalli APMC,Cereals,Paddy(Common),04-05-2022,1.00,Metric Tonnes
Andhra Pradesh,Nandyal,Banaganapalli APMC,Cereals,Paddy(Common),05-05-2022,1.00,Metric Tonnes
Andhra Pradesh,Nandyal,Banaganapalli APMC,Cereals,Paddy(Common),06-05-2022,1.00,Metric Tonnes
Andhra Pradesh,Nandyal,Banaganapalli APMC,Cereals,Paddy(Common),08-05-2022,1.00,Metric Tonnes
Andhra Pradesh,Nandyal,Banaganapalli APMC,Cereals,Paddy(Common),09-05-2022,1.00,Metric Tonnes
Andhra Pradesh,Nandyal,Banaganapalli APMC,Cereals,Paddy(Common),10-05-2022,1.00,Metric Tonnes
Andhra Pradesh,Nandyal,Banaganapalli APMC,Cereals,Paddy(Common),11-05-2022,1.00,Metric Tonnes
Andhra Pradesh,Nandyal,Banaganapalli APMC,Cereals,Paddy(Common),12-05-2022,1.00,Metric Tonnes
Andhra Pradesh,Nandyal,Banaganapalli APMC,Cereals,Paddy(Common),13-05-2022,1.00,Metric Tonnes
Andhra Pradesh,Nandyal,Banaganapalli APMC,Cereals,Paddy(Common),14-05-2022,1.00,Metric Tonnes
Andhra Pradesh,Nandyal,Banaganapalli APMC,Cereals,Paddy(Common),15-05-2022,1.00,Metric Tonnes
Andhra Pradesh,Nandyal,Banaganapalli APMC,Cereals,Paddy(Common),16-05-2022,1.00,Metric Tonnes
Andhra Pradesh,Nandyal,Banaganapalli APMC,Cereals,Paddy(Common),17-05-2022,1.00,Metric Tonnes
Andhra Pradesh,Nandyal,Banaganapalli APMC,Cereals,Paddy(Common),18-05-2022,1.00,Metric Tonnes
Andhra Pradesh,Nandyal,Banaganapalli APMC,Cereals,Paddy(Common),19-05-2022,1.00,Metric Tonnes
Andhra Pradesh,Nandyal,Banaganapalli APMC,Cereals,Paddy(Common),20-05-2022,1.00,Metric Tonnes
Andhra Pradesh,Nandyal,Banaganapalli APMC,Cereals,Paddy(Common),21-05-2022,1.00,Metric Tonnes
Andhra Pradesh,Nandyal,Banaganapalli APMC,Cereals,Paddy(Common),22-05-2022,1.00,Metric Tonnes
Andhra Pradesh,Nandyal,Banaganapalli APMC,Cereals,Paddy(Common),23-05-2022,1.00,Metric Tonnes
Andhra Pradesh,Nandyal,Banaganapalli APMC,Cereals,Paddy(Common),24-05-2022,1.00,Metric Tonnes
Andhra Pradesh,Nandyal,Banaganapalli APMC,Cereals,Paddy(Common),25-05-2022,1.00,Metric Tonnes
Andhra Pradesh,Nandyal,Banaganapalli APMC,Cereals,Paddy(Common),26-05-2022,1.00,Metric Tonnes
Andhra Pradesh,Nandyal,Banaganapalli APMC,Cereals,Paddy(Common),27-05-2022,1.00,Metric Tonnes
Andhra Pradesh,Nandyal,Banaganapalli APMC,Cereals,Paddy(Common),28-05-2022,1.00,Metric Tonnes
Andhra Pradesh,Nandyal,Banaganapalli APMC,Cereals,Paddy(Common),29-05-2022,1.00,Metric Tonnes
Andhra Pradesh,Nandyal,Banaganapalli APMC,Cereals,Paddy(Common),30-05-2022,1.00,Metric Tonnes
Andhra Pradesh,Nandyal,Banaganapalli APMC,Cereals,Paddy(Common),31-05-2022,1.00,Metric Tonnes
Andhra Pradesh,Nandyal,Banaganapalli APMC,Cereals,Paddy(Common),01-06-2022,1.00,Metric Tonnes
Andhra Pradesh,Nandyal,Banaganapalli APMC,Cereals,Paddy(Common),02-06-2022,1.00,Metric Tonnes
Andhra Pradesh,Nandyal,Banaganapalli APMC,Cereals,Paddy(Common),06-06-2022,1.00,Metric Tonnes
Andhra Pradesh,Nandyal,Banaganapalli APMC,Cereals,Paddy(Common),07-06-2022,1.00,Metric Tonnes
Andhra Pradesh,Nandyal,Banaganapalli APMC,Cereals,Paddy(Common),08-06-2022,1.00,Metric Tonnes
Andhra Pradesh,Nandyal,Banaganapalli APMC,Cereals,Paddy(Common),09-06-2022,1.00,Metric Tonnes
Andhra Pradesh,Nandyal,Banaganapalli APMC,Cereals,Paddy(Common),10-06-2022,1.00,Metric Tonnes
Andhra Pradesh,Nandyal,Banaganapalli APMC,Cereals,Paddy(Common),11-06-2022,1.00,Metric Tonnes
Andhra Pradesh,Nandyal,Banaganapalli APMC,Cereals,Paddy(Common),12-06-2022,1.00,Metric Tonnes
Andhra Pradesh,Nandyal,Banaganapalli APMC,Cereals,Paddy(Common),13-06-2022,1.00,Metric Tonnes
Andhra Pradesh,Nandyal,Banaganapalli APMC,Cereals,Paddy(Common),15-06-2022,1.00,Metric Tonnes
Andhra Pradesh,Nandyal,Banaganapalli APMC,Cereals,Paddy(Common),16-06-2022,1.00,Metric Tonnes
Andhra Pradesh,Nandyal,Banaganapalli APMC,Cereals,Paddy(Common),17-06-2022,1.00,Metric Tonnes
Andhra Pradesh,Nandyal,Banaganapalli APMC,Cereals,Paddy(Common),18-06-2022,1.00,Metric Tonnes
Andhra Pradesh,Nandyal,Banaganapalli APMC,Cereals,Paddy(Common),19-06-2022,1.00,Metric Tonnes
Andhra Pradesh,Nandyal,Banaganapalli APMC,Cereals,Paddy(Common),20-06-2022,1.00,Metric Tonnes
Andhra Pradesh,Nandyal,Banaganapalli APMC,Cereals,Paddy(Common),21-06-2022,1.00,Metric Tonnes
Andhra Pradesh,Nandyal,Banaganapalli APMC,Cereals,Paddy(Common),22-06-2022,1.00,Metric Tonnes
Andhra Pradesh,Nandyal,Banaganapalli APMC,Cereals,Paddy(Common),23-06-2022,1.00,Metric Tonnes
Andhra Pradesh,Nandyal,Banaganapalli APMC,Cereals,Paddy(Common),24-06-2022,1.00,Metric Tonnes
Andhra Pradesh,Nandyal,Banaganapalli APMC,Cereals,Paddy(Common),25-06-2022,1.00,Metric Tonnes
Andhra Pradesh,Nandyal,Banaganapalli APMC,Cereals,Paddy(Common),26-06-2022,1.00,Metric Tonnes
Andhra Pradesh,Nandyal,Banaganapalli APMC,Cereals,Paddy(Common),27-06-2022,1.00,Metric Tonnes
Andhra Pradesh,Nandyal,Banaganapalli APMC,Cereals,Paddy(Common),28-06-2022,1.00,Metric Tonnes
Andhra Pradesh,Nandyal,Banaganapalli APMC,Cereals,Paddy(Common),29-06-2022,1.00,Metric Tonnes
Andhra Pradesh,Nandyal,Banaganapalli APMC,Cereals,Paddy(Common),30-06-2022,1.00,Metric Tonnes
Andhra Pradesh,Nandyal,Banaganapalli APMC,Cereals,Paddy(Common),03-07-2022,1.00,Metric Tonnes
Andhra Pradesh,Nandyal,Banaganapalli APMC,Cereals,Paddy(Common),04-07-2022,1.00,Metric Tonnes
Andhra Pradesh,Nandyal,Banaganapalli APMC,Cereals,Paddy(Common),05-07-2022,1.00,Metric Tonnes
Andhra Pradesh,Nandyal,Banaganapalli APMC,Cereals,Paddy(Common),06-07-2022,1.00,Metric Tonnes
Andhra Pradesh,Nandyal,Banaganapalli APMC,Cereals,Paddy(Common),07-07-2022,1.00,Metric Tonnes
Andhra Pradesh,Nandyal,Banaganapalli APMC,Cereals,Paddy(Common),08-07-2022,1.00,Metric Tonnes
Andhra Pradesh,Nandyal,Banaganapalli APMC,Cereals,Paddy(Common),09-07-2022,1.00,Metric Tonnes
Andhra Pradesh,Nandyal,Banaganapalli APMC,Cereals,Paddy(Common),10-07-2022,1.00,Metric Tonnes
Andhra Pradesh,Nandyal,Banaganapalli APMC,Cereals,Paddy(Common),11-07-2022,1.00,Metric Tonnes
Andhra Pradesh,Nandyal,Banaganapalli APMC,Cereals,Paddy(Common),12-07-2022,1.00,Metric Tonnes
Andhra Pradesh,Nandyal,Banaganapalli APMC,Cereals,Paddy(Common),13-07-2022,1.00,Metric Tonnes
Andhra Pradesh,Nandyal,Banaganapalli APMC,Cereals,Paddy(Common),14-07-2022,1.00,Metric Tonnes
Andhra Pradesh,Nandyal,Banaganapalli APMC,Cereals,Paddy(Common),15-07-2022,1.00,Metric Tonnes
Andhra Pradesh,Nandyal,Banaganapalli APMC,Cereals,Paddy(Common),18-07-2022,1.00,Metric Tonnes
Andhra Pradesh,Nandyal,Banaganapalli APMC,Cereals,Paddy(Common),19-07-2022,1.00,Metric Tonnes
Andhra Pradesh,Nandyal,Banaganapalli APMC,Cereals,Paddy(Common),20-07-2022,1.00,Metric Tonnes
Andhra Pradesh,Nandyal,Banaganapalli APMC,Cereals,Paddy(Common),21-07-2022,1.00,Metric Tonnes
Andhra Pradesh,Nandyal,Banaganapalli APMC,Cereals,Paddy(Common),22-07-2022,1.00,Metric Tonnes
Andhra Pradesh,Nandyal,Banaganapalli APMC,Cereals,Paddy(Common),23-07-2022,1.00,Metric Tonnes
Andhra Pradesh,Nandyal,Banaganapalli APMC,Cereals,Paddy(Common),24-07-2022,1.00,Metric Tonnes
Andhra Pradesh,Nandyal,Banaganapalli APMC,Cereals,Paddy(Common),25-07-2022,1.00,Metric Tonnes
Andhra Pradesh,Nandyal,Banaganapalli APMC,Cereals,Paddy(Common),26-07-2022,1.00,Metric Tonnes
Andhra Pradesh,Nandyal,Banaganapalli APMC,Cereals,Paddy(Common),27-07-2022,1.00,Metric Tonnes
Andhra Pradesh,Nandyal,Banaganapalli APMC,Cereals,Paddy(Common),28-07-2022,1.00,Metric Tonnes
Andhra Pradesh,Nandyal,Banaganapalli APMC,Cereals,Paddy(Common),29-07-2022,1.00,Metric Tonnes
Andhra Pradesh,Nandyal,Banaganapalli APMC,Cereals,Paddy(Common),31-07-2022,1.00,Metric Tonnes
Andhra Pradesh,Nandyal,Banaganapalli APMC,Cereals,Paddy(Common),01-08-2022,1.00,Metric Tonnes
Andhra Pradesh,Nandyal,Banaganapalli APMC,Cereals,Paddy(Common),02-08-2022,1.00,Metric Tonnes
Andhra Pradesh,Nandyal,Banaganapalli APMC,Cereals,Paddy(Common),03-08-2022,1.00,Metric Tonnes
Andhra Pradesh,Nandyal,Banaganapalli APMC,Cereals,Paddy(Common),04-08-2022,1.00,Metric Tonnes
Andhra Pradesh,Nandyal,Banaganapalli APMC,Cereals,Paddy(Common),05-08-2022,1.00,Metric Tonnes
Andhra Pradesh,Nandyal,Banaganapalli APMC,Cereals,Paddy(Common),06-08-2022,1.00,Metric Tonnes
Andhra Pradesh,Nandyal,Banaganapalli APMC,Cereals,Paddy(Common),07-08-2022,1.00,Metric Tonnes
Andhra Pradesh,Nandyal,Banaganapalli APMC,Cereals,Paddy(Common),08-08-2022,1.00,Metric Tonnes
Andhra Pradesh,Nandyal,Banaganapalli APMC,Cereals,Paddy(Common),09-08-2022,1.00,Metric Tonnes
Andhra Pradesh,Nandyal,Banaganapalli APMC,Cereals,Paddy(Common),10-08-2022,1.00,Metric Tonnes
Andhra Pradesh,Nandyal,Banaganapalli APMC,Cereals,Paddy(Common),11-08-2022,1.00,Metric Tonnes
Andhra Pradesh,Nandyal,Banaganapalli APMC,Cereals,Paddy(Common),12-08-2022,1.00,Metric Tonnes
Andhra Pradesh,Nandyal,Banaganapalli APMC,Cereals,Paddy(Common),13-08-2022,1.00,Metric Tonnes
Andhra Pradesh,Nandyal,Banaganapalli APMC,Cereals,Paddy(Common),14-08-2022,1.00,Metric Tonnes
Andhra Pradesh,Nandyal,Banaganapalli APMC,Cereals,Paddy(Common),15-08-2022,1.00,Metric Tonnes
Andhra Pradesh,Nandyal,Banaganapalli APMC,Cereals,Paddy(Common),16-08-2022,1.00,Metric Tonnes
Andhra Pradesh,Nandyal,Banaganapalli APMC,Cereals,Paddy(Common),17-08-2022,1.00,Metric Tonnes
Andhra Pradesh,Nandyal,Banaganapalli APMC,Cereals,Paddy(Common),18-08-2022,1.00,Metric Tonnes
Andhra Pradesh,Nandyal,Banaganapalli APMC,Cereals,Paddy(Common),19-08-2022,1.00,Metric Tonnes
Andhra Pradesh,Nandyal,Banaganapalli APMC,Cereals,Paddy(Common),20-08-2022,1.00,Metric Tonnes
Andhra Pradesh,Nandyal,Banaganapalli APMC,Cereals,Paddy(Common),21-08-2022,1.00,Metric Tonnes
Andhra Pradesh,Nandyal,Banaganapalli APMC,Cereals,Paddy(Common),22-08-2022,1.00,Metric Tonnes
Andhra Pradesh,Nandyal,Banaganapalli APMC,Cereals,Paddy(Common),23-08-2022,1.00,Metric Tonnes
Andhra Pradesh,Nandyal,Banaganapalli APMC,Cereals,Paddy(Common),24-08-2022,1.00,Metric Tonnes
Andhra Pradesh,Nandyal,Banaganapalli APMC,Cereals,Paddy(Common),25-08-2022,1.00,Metric Tonnes
Andhra Pradesh,Nandyal,Banaganapalli APMC,Cereals,Paddy(Common),26-08-2022,1.00,Metric Tonnes
Andhra Pradesh,Nandyal,Banaganapalli APMC,Cereals,Paddy(Common),27-08-2022,1.00,Metric Tonnes
Andhra Pradesh,Nandyal,Banaganapalli APMC,Cereals,Paddy(Common),28-08-2022,1.00,Metric Tonnes
Andhra Pradesh,Nandyal,Banaganapalli APMC,Cereals,Paddy(Common),29-08-2022,1.00,Metric Tonnes
Andhra Pradesh,Nandyal,Banaganapalli APMC,Cereals,Paddy(Common),30-08-2022,1.00,Metric Tonnes
Andhra Pradesh,Nandyal,Banaganapalli APMC,Cereals,Paddy(Common),31-08-2022,1.00,Metric Tonnes
Andhra Pradesh,Nandyal,Banaganapalli APMC,Cereals,Paddy(Common),01-09-2022,1.00,Metric Tonnes
Andhra Pradesh,Nandyal,Banaganapalli APMC,Cereals,Paddy(Common),02-09-2022,1.00,Metric Tonnes
Andhra Pradesh,Nandyal,Banaganapalli APMC,Cereals,Paddy(Common),03-09-2022,1.00,Metric Tonnes
Andhra Pradesh,Nandyal,Banaganapalli APMC,Cereals,Paddy(Common),04-09-2022,1.00,Metric Tonnes
Andhra Pradesh,Nandyal,Banaganapalli APMC,Cereals,Paddy(Common),05-09-2022,1.00,Metric Tonnes
Andhra Pradesh,Nandyal,Banaganapalli APMC,Cereals,Paddy(Common),06-09-2022,1.00,Metric Tonnes
Andhra Pradesh,Nandyal,Banaganapalli APMC,Cereals,Paddy(Common),07-09-2022,1.00,Metric Tonnes
Andhra Pradesh,Nandyal,Banaganapalli APMC,Cereals,Paddy(Common),08-09-2022,1.00,Metric Tonnes
Andhra Pradesh,Nandyal,Banaganapalli APMC,Cereals,Paddy(Common),09-09-2022,1.00,Metric Tonnes
Andhra Pradesh,Nandyal,Banaganapalli APMC,Cereals,Paddy(Common),10-09-2022,1.00,Metric Tonnes
Andhra Pradesh,Nandyal,Banaganapalli APMC,Cereals,Paddy(Common),11-09-2022,1.00,Metric Tonnes
Andhra Pradesh,Nandyal,Banaganapalli APMC,Cereals,Paddy(Common),12-09-2022,1.00,Metric Tonnes
Andhra Pradesh,Nandyal,Banaganapalli APMC,Cereals,Paddy(Common),13-09-2022,1.00,Metric Tonnes
Andhra Pradesh,Nandyal,Banaganapalli APMC,Cereals,Paddy(Common),14-09-2022,1.00,Metric Tonnes
Andhra Pradesh,Nandyal,Banaganapalli APMC,Cereals,Paddy(Common),15-09-2022,1.00,Metric Tonnes
Andhra Pradesh,Nandyal,Banaganapalli APMC,Cereals,Paddy(Common),16-09-2022,1.00,Metric Tonnes
Andhra Pradesh,Nandyal,Banaganapalli APMC,Cereals,Paddy(Common),17-09-2022,1.00,Metric Tonnes
Andhra Pradesh,Nandyal,Banaganapalli APMC,Cereals,Paddy(Common),18-09-2022,1.00,Metric Tonnes
Andhra Pradesh,Nandyal,Banaganapalli APMC,Cereals,Paddy(Common),19-09-2022,1.00,Metric Tonnes
Andhra Pradesh,Nandyal,Banaganapalli APMC,Cereals,Paddy(Common),20-09-2022,1.00,Metric Tonnes
Andhra Pradesh,Nandyal,Banaganapalli APMC,Cereals,Paddy(Common),21-09-2022,1.00,Metric Tonnes
Andhra Pradesh,Nandyal,Banaganapalli APMC,Cereals,Paddy(Common),22-09-2022,1.00,Metric Tonnes
Andhra Pradesh,Nandyal,Banaganapalli APMC,Cereals,Paddy(Common),23-09-2022,1.00,Metric Tonnes
Andhra Pradesh,Nandyal,Banaganapalli APMC,Cereals,Paddy(Common),24-09-2022,1.00,Metric Tonnes
Andhra Pradesh,Nandyal,Banaganapalli APMC,Cereals,Paddy(Common),25-09-2022,1.00,Metric Tonnes
Andhra Pradesh,Nandyal,Banaganapalli APMC,Cereals,Paddy(Common),26-09-2022,1.00,Metric Tonnes
Andhra Pradesh,Nandyal,Banaganapalli APMC,Cereals,Paddy(Common),27-09-2022,1.00,Metric Tonnes
Andhra Pradesh,Nandyal,Banaganapalli APMC,Cereals,Paddy(Common),28-09-2022,1.00,Metric Tonnes
Andhra Pradesh,Nandyal,Banaganapalli APMC,Cereals,Paddy(Common),29-09-2022,1.00,Metric Tonnes
Andhra Pradesh,Nandyal,Banaganapalli APMC,Cereals,Paddy(Common),30-09-2022,1.00,Metric Tonnes
Andhra Pradesh,Nandyal,Banaganapalli APMC,Cereals,Paddy(Common),01-10-2022,1.00,Metric Tonnes
Andhra Pradesh,Nandyal,Banaganapalli APMC,Cereals,Paddy(Common),02-10-2022,1.00,Metric Tonnes
Andhra Pradesh,Nandyal,Banaganapalli APMC,Cereals,Paddy(Common),03-10-2022,1.00,Metric Tonnes
Andhra Pradesh,Nandyal,Banaganapalli APMC,Cereals,Paddy(Common),04-10-2022,1.00,Metric Tonnes
Andhra Pradesh,Nandyal,Banaganapalli APMC,Cereals,Paddy(Common),05-10-2022,1.00,Metric Tonnes
Andhra Pradesh,Nandyal,Banaganapalli APMC,Cereals,Paddy(Common),06-10-2022,1.00,Metric Tonnes
Andhra Pradesh,Nandyal,Banaganapalli APMC,Cereals,Paddy(Common),07-10-2022,1.00,Metric Tonnes
Andhra Pradesh,Nandyal,Banaganapalli APMC,Cereals,Paddy(Common),08-10-2022,1.00,Metric Tonnes
Andhra Pradesh,Nandyal,Banaganapalli APMC,Cereals,Paddy(Common),09-10-2022,1.00,Metric Tonnes
Andhra Pradesh,Nandyal,Banaganapalli APMC,Cereals,Paddy(Common),10-10-2022,1.00,Metric Tonnes
Andhra Pradesh,Nandyal,Banaganapalli APMC,Cereals,Paddy(Common),11-10-2022,1.00,Metric Tonnes
Andhra Pradesh,Nandyal,Banaganapalli APMC,Cereals,Paddy(Common),12-10-2022,1.00,Metric Tonnes
Andhra Pradesh,Nandyal,Banaganapalli APMC,Cereals,Paddy(Common),13-10-2022,1.00,Metric Tonnes
Andhra Pradesh,Nandyal,Banaganapalli APMC,Cereals,Paddy(Common),14-10-2022,1.00,Metric Tonnes
Andhra Pradesh,Nandyal,Banaganapalli APMC,Cereals,Paddy(Common),15-10-2022,1.00,Metric Tonnes
Andhra Pradesh,Nandyal,Banaganapalli APMC,Cereals,Paddy(Common),16-10-2022,1.00,Metric Tonnes
Andhra Pradesh,Nandyal,Banaganapalli APMC,Cereals,Paddy(Common),17-10-2022,1.00,Metric Tonnes
Andhra Pradesh,Nandyal,Banaganapalli APMC,Cereals,Paddy(Common),18-10-2022,1.00,Metric Tonnes
Andhra Pradesh,Nandyal,Banaganapalli APMC,Cereals,Paddy(Common),19-10-2022,1.00,Metric Tonnes
Andhra Pradesh,Nandyal,Banaganapalli APMC,Cereals,Paddy(Common),20-10-2022,1.00,Metric Tonnes
Andhra Pradesh,Nandyal,Banaganapalli APMC,Cereals,Paddy(Common),21-10-2022,1.00,Metric Tonnes
Andhra Pradesh,Nandyal,Banaganapalli APMC,Cereals,Paddy(Common),22-10-2022,1.00,Metric Tonnes
Andhra Pradesh,Nandyal,Banaganapalli APMC,Cereals,Paddy(Common),23-10-2022,1.00,Metric Tonnes
Andhra Pradesh,Nandyal,Banaganapalli APMC,Cereals,Paddy(Common),24-10-2022,1.00,Metric Tonnes
Andhra Pradesh,Nandyal,Banaganapalli APMC,Cereals,Paddy(Common),25-10-2022,1.00,Metric Tonnes
Andhra Pradesh,Nandyal,Banaganapalli APMC,Cereals,Paddy(Common),26-10-2022,1.00,Metric Tonnes
Andhra Pradesh,Nandyal,Banaganapalli APMC,Cereals,Paddy(Common),27-10-2022,1.00,Metric Tonnes
Andhra Pradesh,Nandyal,Banaganapalli APMC,Cereals,Paddy(Common),28-10-2022,1.00,Metric Tonnes
Andhra Pradesh,Nandyal,Banaganapalli APMC,Cereals,Paddy(Common),29-10-2022,1.00,Metric Tonnes
Andhra Pradesh,Nandyal,Banaganapalli APMC,Cereals,Paddy(Common),30-10-2022,1.00,Metric Tonnes
Andhra Pradesh,Nandyal,Banaganapalli APMC,Cereals,Paddy(Common),31-10-2022,1.00,Metric Tonnes
Andhra Pradesh,Nandyal,Banaganapalli APMC,Cereals,Paddy(Common),01-11-2022,1.00,Metric Tonnes
Andhra Pradesh,Nandyal,Banaganapalli APMC,Cereals,Paddy(Common),02-11-2022,1.00,Metric Tonnes
Andhra Pradesh,Nandyal,Banaganapalli APMC,Cereals,Paddy(Common),03-11-2022,1.00,Metric Tonnes
Andhra Pradesh,Nandyal,Banaganapalli APMC,Cereals,Paddy(Common),04-11-2022,1.00,Metric Tonnes
Andhra Pradesh,Nandyal,Banaganapalli APMC,Cereals,Paddy(Common),05-11-2022,1.00,Metric Tonnes
Andhra Pradesh,Nandyal,Banaganapalli APMC,Cereals,Paddy(Common),06-11-2022,1.00,Metric Tonnes
Andhra Pradesh,Nandyal,Banaganapalli APMC,Cereals,Paddy(Common),07-11-2022,1.00,Metric Tonnes
Andhra Pradesh,Nandyal,Banaganapalli APMC,Cereals,Paddy(Common),08-11-2022,1.00,Metric Tonnes
Andhra Pradesh,Nandyal,Banaganapalli APMC,Cereals,Paddy(Common),09-11-2022,1.00,Metric Tonnes
Andhra Pradesh,Nandyal,Banaganapalli APMC,Cereals,Paddy(Common),10-11-2022,1.00,Metric Tonnes
Andhra Pradesh,Nandyal,Banaganapalli APMC,Cereals,Paddy(Common),12-11-2022,1.00,Metric Tonnes
Andhra Pradesh,Nandyal,Banaganapalli APMC,Cereals,Paddy(Common),13-11-2022,1.00,Metric Tonnes
Andhra Pradesh,Nandyal,Banaganapalli APMC,Cereals,Paddy(Common),14-11-2022,1.00,Metric Tonnes
Andhra Pradesh,Nandyal,Banaganapalli APMC,Cereals,Paddy(Common),15-11-2022,1.00,Metric Tonnes
Andhra Pradesh,Nandyal,Banaganapalli APMC,Cereals,Paddy(Common),16-11-2022,1.00,Metric Tonnes
Andhra Pradesh,Nandyal,Banaganapalli APMC,Cereals,Paddy(Common),17-11-2022,1.00,Metric Tonnes
Andhra Pradesh,Nandyal,Banaganapalli APMC,Cereals,Paddy(Common),18-11-2022,1.00,Metric Tonnes
Andhra Pradesh,Nandyal,Banaganapalli APMC,Cereals,Paddy(Common),19-11-2022,1.00,Metric Tonnes
Andhra Pradesh,Nandyal,Banaganapalli APMC,Cereals,Paddy(Common),20-11-2022,1.00,Metric Tonnes
Andhra Pradesh,Nandyal,Banaganapalli APMC,Cereals,Paddy(Common),21-11-2022,1.00,Metric Tonnes
Andhra Pradesh,Nandyal,Banaganapalli APMC,Cereals,Paddy(Common),22-11-2022,1.00,Metric Tonnes
Andhra Pradesh,Nandyal,Banaganapalli APMC,Cereals,Paddy(Common),23-11-2022,1.00,Metric Tonnes
Andhra Pradesh,Nandyal,Banaganapalli APMC,Cereals,Paddy(Common),24-11-2022,1.00,Metric Tonnes
Andhra Pradesh,Nandyal,Banaganapalli APMC,Cereals,Paddy(Common),25-11-2022,1.00,Metric Tonnes
Andhra Pradesh,Nandyal,Banaganapalli APMC,Cereals,Paddy(Common),26-11-2022,1.00,Metric Tonnes
Andhra Pradesh,Nandyal,Banaganapalli APMC,Cereals,Paddy(Common),27-11-2022,1.00,Metric Tonnes
Andhra Pradesh,Nandyal,Banaganapalli APMC,Cereals,Paddy(Common),28-11-2022,1.00,Metric Tonnes
Andhra Pradesh,Nandyal,Banaganapalli APMC,Cereals,Paddy(Common),29-11-2022,1.00,Metric Tonnes
Andhra Pradesh,Nandyal,Banaganapalli APMC,Cereals,Paddy(Common),30-11-2022,1.00,Metric Tonnes
Andhra Pradesh,Nandyal,Banaganapalli APMC,Cereals,Paddy(Common),01-12-2022,1.00,Metric Tonnes
Andhra Pradesh,Nandyal,Banaganapalli APMC,Cereals,Paddy(Common),02-12-2022,1.00,Metric Tonnes
Andhra Pradesh,Nandyal,Banaganapalli APMC,Cereals,Paddy(Common),03-12-2022,1.00,Metric Tonnes
Andhra Pradesh,Nandyal,Banaganapalli APMC,Cereals,Paddy(Common),04-12-2022,1.00,Metric Tonnes
Andhra Pradesh,Nandyal,Banaganapalli APMC,Cereals,Paddy(Common),05-12-2022,1.00,Metric Tonnes
Andhra Pradesh,Nandyal,Banaganapalli APMC,Cereals,Paddy(Common),06-12-2022,1.00,Metric Tonnes
Andhra Pradesh,Nandyal,Banaganapalli APMC,Cereals,Paddy(Common),07-12-2022,1.00,Metric Tonnes
Andhra Pradesh,Nandyal,Banaganapalli APMC,Cereals,Paddy(Common),08-12-2022,1.00,Metric Tonnes
Andhra Pradesh,Nandyal,Banaganapalli APMC,Cereals,Paddy(Common),09-12-2022,1.00,Metric Tonnes
Andhra Pradesh,Nandyal,Banaganapalli APMC,Cereals,Paddy(Common),10-12-2022,1.00,Metric Tonnes
Andhra Pradesh,Nandyal,Banaganapalli APMC,Cereals,Paddy(Common),11-12-2022,1.00,Metric Tonnes
Andhra Pradesh,Nandyal,Banaganapalli APMC,Cereals,Paddy(Common),12-12-2022,1.00,Metric Tonnes
Andhra Pradesh,Nandyal,Banaganapalli APMC,Cereals,Paddy(Common),13-12-2022,1.00,Metric Tonnes
Andhra Pradesh,Nandyal,Banaganapalli APMC,Cereals,Paddy(Common),14-12-2022,1.00,Metric Tonnes
Andhra Pradesh,Nandyal,Banaganapalli APMC,Cereals,Paddy(Common),15-12-2022,1.00,Metric Tonnes
Andhra Pradesh,Nandyal,Banaganapalli APMC,Cereals,Paddy(Common),16-12-2022,1.00,Metric Tonnes
Andhra Pradesh,Nandyal,Banaganapalli APMC,Cereals,Paddy(Common),17-12-2022,1.00,Metric Tonnes
Andhra Pradesh,Nandyal,Banaganapalli APMC,Cereals,Paddy(Common),18-12-2022,1.00,Metric Tonnes
Andhra Pradesh,Nandyal,Banaganapalli APMC,Cereals,Paddy(Common),19-12-2022,1.00,Metric Tonnes
Andhra Pradesh,Nandyal,Banaganapalli APMC,Cereals,Paddy(Common),20-12-2022,1.00,Metric Tonnes
Andhra Pradesh,Nandyal,Banaganapalli APMC,Cereals,Paddy(Common),21-12-2022,1.00,Metric Tonnes
Andhra Pradesh,Nandyal,Banaganapalli APMC,Cereals,Paddy(Common),22-12-2022,1.00,Metric Tonnes
Andhra Pradesh,Nandyal,Banaganapalli APMC,Cereals,Paddy(Common),23-12-2022,1.00,Metric Tonnes
Andhra Pradesh,Nandyal,Banaganapalli APMC,Cereals,Paddy(Common),24-12-2022,1.00,Metric Tonnes
Andhra Pradesh,Nandyal,Banaganapalli APMC,Cereals,Paddy(Common),25-12-2022,1.00,Metric Tonnes
Andhra Pradesh,Nandyal,Banaganapalli APMC,Cereals,Paddy(Common),26-12-2022,1.00,Metric Tonnes
Andhra Pradesh,Nandyal,Banaganapalli APMC,Cereals,Paddy(Common),27-12-2022,1.00,Metric Tonnes
Andhra Pradesh,Nandyal,Banaganapalli APMC,Cereals,Paddy(Common),28-12-2022,1.00,Metric Tonnes
Andhra Pradesh,Nandyal,Banaganapalli APMC,Cereals,Paddy(Common),29-12-2022,1.00,Metric Tonnes
Andhra Pradesh,Nandyal,Banaganapalli APMC,Cereals,Paddy(Common),30-12-2022,1.00,Metric Tonnes
Andhra Pradesh,Nandyal,Banaganapalli APMC,Cereals,Paddy(Common),31-12-2022,1.00,Metric Tonnes
Andhra Pradesh,Nandyal,Banaganapalli APMC,Cereals,Paddy(Common),01-01-2023,1.00,Metric Tonnes
Andhra Pradesh,Nandyal,Banaganapalli APMC,Cereals,Paddy(Common),02-01-2023,1.00,Metric Tonnes
Andhra Pradesh,Nandyal,Banaganapalli APMC,Cereals,Paddy(Common),03-01-2023,1.00,Metric Tonnes
Andhra Pradesh,Nandyal,Banaganapalli APMC,Cereals,Paddy(Common),04-01-2023,1.00,Metric Tonnes
Andhra Pradesh,Nandyal,Banaganapalli APMC,Cereals,Paddy(Common),05-01-2023,1.00,Metric Tonnes
Andhra Pradesh,Nandyal,Banaganapalli APMC,Cereals,Paddy(Common),06-01-2023,1.00,Metric Tonnes
Andhra Pradesh,Nandyal,Banaganapalli APMC,Cereals,Paddy(Common),07-01-2023,1.00,Metric Tonnes
Andhra Pradesh,Nandyal,Banaganapalli APMC,Cereals,Paddy(Common),08-01-2023,1.00,Metric Tonnes
Andhra Pradesh,Nandyal,Banaganapalli APMC,Cereals,Paddy(Common),09-01-2023,1.00,Metric Tonnes
Andhra Pradesh,Nandyal,Banaganapalli APMC,Cereals,Paddy(Common),10-01-2023,1.00,Metric Tonnes
Andhra Pradesh,Nandyal,Banaganapalli APMC,Cereals,Paddy(Common),11-01-2023,1.00,Metric Tonnes
Andhra Pradesh,Nandyal,Banaganapalli APMC,Cereals,Paddy(Common),12-01-2023,1.00,Metric Tonnes
Andhra Pradesh,Nandyal,Banaganapalli APMC,Cereals,Paddy(Common),13-01-2023,1.00,Metric Tonnes
Andhra Pradesh,Nandyal,Banaganapalli APMC,Cereals,Paddy(Common),21-01-2023,1.00,Metric Tonnes
Andhra Pradesh,Nandyal,Banaganapalli APMC,Cereals,Paddy(Common),22-01-2023,1.00,Metric Tonnes
Andhra Pradesh,Nandyal,Banaganapalli APMC,Cereals,Paddy(Common),23-01-2023,1.00,Metric Tonnes
Andhra Pradesh,Nandyal,Banaganapalli APMC,Cereals,Paddy(Common),24-01-2023,1.00,Metric Tonnes
Andhra Pradesh,Nandyal,Banaganapalli APMC,Cereals,Paddy(Common),29-01-2023,1.00,Metric Tonnes
Andhra Pradesh,Nandyal,Banaganapalli APMC,Cereals,Paddy(Common),30-01-2023,1.00,Metric Tonnes
Andhra Pradesh,Nandyal,Banaganapalli APMC,Cereals,Paddy(Common),31-01-2023,1.00,Metric Tonnes
Andhra Pradesh,Nandyal,Banaganapalli APMC,Cereals,Paddy(Common),01-02-2023,1.00,Metric Tonnes
Andhra Pradesh,Nandyal,Banaganapalli APMC,Cereals,Paddy(Common),02-02-2023,1.00,Metric Tonnes
Andhra Pradesh,Nandyal,Banaganapalli APMC,Cereals,Paddy(Common),03-02-2023,1.00,Metric Tonnes
Andhra Pradesh,Nandyal,Banaganapalli APMC,Cereals,Paddy(Common),04-02-2023,1.00,Metric Tonnes
Andhra Pradesh,Nandyal,Banaganapalli APMC,Cereals,Paddy(Common),05-02-2023,1.00,Metric Tonnes
Andhra Pradesh,Nandyal,Banaganapalli APMC,Cereals,Paddy(Common),06-02-2023,1.00,Metric Tonnes
Andhra Pradesh,Nandyal,Banaganapalli APMC,Cereals,Paddy(Common),07-02-2023,1.00,Metric Tonnes
Andhra Pradesh,Nandyal,Banaganapalli APMC,Cereals,Paddy(Common),08-02-2023,1.00,Metric Tonnes
Andhra Pradesh,Nandyal,Banaganapalli APMC,Cereals,Paddy(Common),09-02-2023,1.00,Metric Tonnes
Andhra Pradesh,Nandyal,Banaganapalli APMC,Cereals,Paddy(Common),10-02-2023,1.00,Metric Tonnes
Andhra Pradesh,Nandyal,Banaganapalli APMC,Cereals,Paddy(Common),11-02-2023,1.00,Metric Tonnes
Andhra Pradesh,Nandyal,Banaganapalli APMC,Cereals,Paddy(Common),12-02-2023,1.00,Metric Tonnes
Andhra Pradesh,Nandyal,Banaganapalli APMC,Cereals,Paddy(Common),13-02-2023,1.00,Metric Tonnes
Andhra Pradesh,Nandyal,Banaganapalli APMC,Cereals,Paddy(Common),14-02-2023,1.00,Metric Tonnes
Andhra Pradesh,Nandyal,Banaganapalli APMC,Cereals,Paddy(Common),15-02-2023,1.00,Metric Tonnes
Andhra Pradesh,Nandyal,Banaganapalli APMC,Cereals,Paddy(Common),16-02-2023,1.00,Metric Tonnes
Andhra Pradesh,Nandyal,Banaganapalli APMC,Cereals,Paddy(Common),17-02-2023,1.00,Metric Tonnes
Andhra Pradesh,Nandyal,Banaganapalli APMC,Cereals,Paddy(Common),18-02-2023,1.00,Metric Tonnes
Andhra Pradesh,Nandyal,Banaganapalli APMC,Cereals,Paddy(Common),19-02-2023,1.00,Metric Tonnes
Andhra Pradesh,Nandyal,Banaganapalli APMC,Cereals,Paddy(Common),20-02-2023,1.00,Metric Tonnes
Andhra Pradesh,Nandyal,Banaganapalli APMC,Cereals,Paddy(Common),21-02-2023,1.00,Metric Tonnes
Andhra Pradesh,Nandyal,Banaganapalli APMC,Cereals,Paddy(Common),22-02-2023,1.00,Metric Tonnes
Andhra Pradesh,Nandyal,Banaganapalli APMC,Cereals,Paddy(Common),23-02-2023,1.00,Metric Tonnes
Andhra Pradesh,Nandyal,Banaganapalli APMC,Cereals,Paddy(Common),24-02-2023,1.00,Metric Tonnes
Andhra Pradesh,Nandyal,Banaganapalli APMC,Cereals,Paddy(Common),25-02-2023,1.00,Metric Tonnes
Andhra Pradesh,Nandyal,Banaganapalli APMC,Cereals,Paddy(Common),26-02-2023,1.00,Metric Tonnes
Andhra Pradesh,Nandyal,Banaganapalli APMC,Cereals,Paddy(Common),27-02-2023,1.00,Metric Tonnes
Andhra Pradesh,Nandyal,Banaganapalli APMC,Cereals,Paddy(Common),28-02-2023,1.00,Metric Tonnes
Andhra Pradesh,Nandyal,Banaganapalli APMC,Cereals,Paddy(Common),01-03-2023,1.00,Metric Tonnes
Andhra Pradesh,Nandyal,Banaganapalli APMC,Cereals,Paddy(Common),02-03-2023,1.00,Metric Tonnes
Andhra Pradesh,Nandyal,Banaganapalli APMC,Cereals,Paddy(Common),03-03-2023,1.00,Metric Tonnes
Andhra Pradesh,Nandyal,Banaganapalli APMC,Cereals,Paddy(Common),04-03-2023,1.00,Metric Tonnes
Andhra Pradesh,Nandyal,Banaganapalli APMC,Cereals,Paddy(Common),05-03-2023,1.00,Metric Tonnes
Andhra Pradesh,Nandyal,Banaganapalli APMC,Cereals,Paddy(Common),06-03-2023,1.00,Metric Tonnes
Andhra Pradesh,Nandyal,Banaganapalli APMC,Cereals,Paddy(Common),07-03-2023,1.00,Metric Tonnes
Andhra Pradesh,Nandyal,Banaganapalli APMC,Cereals,Paddy(Common),08-03-2023,1.00,Metric Tonnes
Andhra Pradesh,Nandyal,Banaganapalli APMC,Cereals,Paddy(Common),09-03-2023,1.00,Metric Tonnes
Andhra Pradesh,Nandyal,Banaganapalli APMC,Cereals,Paddy(Common),10-03-2023,1.00,Metric Tonnes
Andhra Pradesh,Nandyal,Banaganapalli APMC,Cereals,Paddy(Common),11-03-2023,1.00,Metric Tonnes
Andhra Pradesh,Nandyal,Banaganapalli APMC,Cereals,Paddy(Common),12-03-2023,1.00,Metric Tonnes
Andhra Pradesh,Nandyal,Banaganapalli APMC,Cereals,Paddy(Common),13-03-2023,1.00,Metric Tonnes
Andhra Pradesh,Nandyal,Banaganapalli APMC,Cereals,Paddy(Common),14-03-2023,1.00,Metric Tonnes
Andhra Pradesh,Nandyal,Banaganapalli APMC,Cereals,Paddy(Common),01-04-2023,1.00,Metric Tonnes
Andhra Pradesh,Nandyal,Banaganapalli APMC,Cereals,Paddy(Common),03-04-2023,1.00,Metric Tonnes
Andhra Pradesh,Nandyal,Banaganapalli APMC,Cereals,Paddy(Common),04-04-2023,1.00,Metric Tonnes
Andhra Pradesh,Nandyal,Banaganapalli APMC,Cereals,Paddy(Common),05-04-2023,1.00,Metric Tonnes
Andhra Pradesh,Nandyal,Banaganapalli APMC,Cereals,Paddy(Common),06-04-2023,1.00,Metric Tonnes
Andhra Pradesh,Nandyal,Banaganapalli APMC,Cereals,Paddy(Common),07-04-2023,1.00,Metric Tonnes
Andhra Pradesh,Nandyal,Banaganapalli APMC,Cereals,Paddy(Common),08-04-2023,1.00,Metric Tonnes
Andhra Pradesh,Nandyal,Banaganapalli APMC,Cereals,Paddy(Common),09-04-2023,1.00,Metric Tonnes
Andhra Pradesh,Nandyal,Banaganapalli APMC,Cereals,Paddy(Common),10-04-2023,1.00,Metric Tonnes
Andhra Pradesh,Nandyal,Banaganapalli APMC,Cereals,Paddy(Common),11-04-2023,1.00,Metric Tonnes
Andhra Pradesh,Nandyal,Banaganapalli APMC,Cereals,Paddy(Common),12-04-2023,1.00,Metric Tonnes
Andhra Pradesh,Nandyal,Banaganapalli APMC,Cereals,Paddy(Common),13-04-2023,1.00,Metric Tonnes
Andhra Pradesh,Nandyal,Banaganapalli APMC,Cereals,Paddy(Common),17-04-2023,1.00,Metric Tonnes
Andhra Pradesh,Nandyal,Banaganapalli APMC,Cereals,Paddy(Common),18-04-2023,1.00,Metric Tonnes
Andhra Pradesh,Nandyal,Banaganapalli APMC,Cereals,Paddy(Common),19-04-2023,1.00,Metric Tonnes
Andhra Pradesh,Nandyal,Banaganapalli APMC,Cereals,Paddy(Common),20-04-2023,1.00,Metric Tonnes
Andhra Pradesh,Nandyal,Banaganapalli APMC,Cereals,Paddy(Common),21-04-2023,1.00,Metric Tonnes
Andhra Pradesh,Nandyal,Banaganapalli APMC,Cereals,Paddy(Common),22-04-2023,0.01,Metric Tonnes
Andhra Pradesh,Nandyal,Banaganapalli APMC,Cereals,Paddy(Common),23-04-2023,0.01,Metric Tonnes
Andhra Pradesh,Nandyal,Banaganapalli APMC,Cereals,Paddy(Common),24-04-2023,0.01,Metric Tonnes
Andhra Pradesh,Nandyal,Banaganapalli APMC,Cereals,Paddy(Common),25-04-2023,0.01,Metric Tonnes
Andhra Pradesh,Nandyal,Banaganapalli APMC,Cereals,Paddy(Common),26-04-2023,0.01,Metric Tonnes
Andhra Pradesh,Nandyal,Banaganapalli APMC,Cereals,Paddy(Common),27-04-2023,0.01,Metric Tonnes
Andhra Pradesh,Nandyal,Banaganapalli APMC,Cereals,Paddy(Common),28-04-2023,0.01,Metric Tonnes
Andhra Pradesh,Nandyal,Banaganapalli APMC,Cereals,Paddy(Common),30-04-2023,0.01,Metric Tonnes
Andhra Pradesh,Nandyal,Banaganapalli APMC,Cereals,Paddy(Common),01-05-2023,0.01,Metric Tonnes
Andhra Pradesh,Nandyal,Banaganapalli APMC,Cereals,Paddy(Common),02-05-2023,0.01,Metric Tonnes
Andhra Pradesh,Nandyal,Banaganapalli APMC,Cereals,Paddy(Common),03-05-2023,0.01,Metric Tonnes
Andhra Pradesh,Nandyal,Banaganapalli APMC,Cereals,Paddy(Common),04-05-2023,0.01,Metric Tonnes
Andhra Pradesh,Nandyal,Banaganapalli APMC,Cereals,Paddy(Common),05-05-2023,0.01,Metric Tonnes
Andhra Pradesh,Nandyal,Banaganapalli APMC,Cereals,Paddy(Common),06-05-2023,0.01,Metric Tonnes
Andhra Pradesh,Nandyal,Banaganapalli APMC,Cereals,Paddy(Common),07-05-2023,0.01,Metric Tonnes
Andhra Pradesh,Nandyal,Banaganapalli APMC,Cereals,Paddy(Common),08-05-2023,0.01,Metric Tonnes
Andhra Pradesh,Nandyal,Banaganapalli APMC,Cereals,Paddy(Common),09-05-2023,0.01,Metric Tonnes
Andhra Pradesh,Nandyal,Banaganapalli APMC,Cereals,Paddy(Common),10-05-2023,0.01,Metric Tonnes
Andhra Pradesh,Nandyal,Banaganapalli APMC,Cereals,Paddy(Common),11-05-2023,0.01,Metric Tonnes
Andhra Pradesh,Nandyal,Banaganapalli APMC,Cereals,Paddy(Common),12-05-2023,0.01,Metric Tonnes
Andhra Pradesh,Nandyal,Banaganapalli APMC,Cereals,Paddy(Common),13-05-2023,0.01,Metric Tonnes
Andhra Pradesh,Nandyal,Banaganapalli APMC,Cereals,Paddy(Common),14-05-2023,0.01,Metric Tonnes
Andhra Pradesh,Nandyal,Banaganapalli APMC,Cereals,Paddy(Common),15-05-2023,0.01,Metric Tonnes
Andhra Pradesh,Nandyal,Banaganapalli APMC,Cereals,Paddy(Common),16-05-2023,0.01,Metric Tonnes
Andhra Pradesh,Nandyal,Banaganapalli APMC,Cereals,Paddy(Common),17-05-2023,0.01,Metric Tonnes
Andhra Pradesh,Nandyal,Banaganapalli APMC,Cereals,Paddy(Common),18-05-2023,0.01,Metric Tonnes
Andhra Pradesh,Nandyal,Banaganapalli APMC,Cereals,Paddy(Common),19-05-2023,0.01,Metric Tonnes
Andhra Pradesh,Nandyal,Banaganapalli APMC,Cereals,Paddy(Common),20-05-2023,0.01,Metric Tonnes
Andhra Pradesh,Nandyal,Banaganapalli APMC,Cereals,Paddy(Common),21-05-2023,0.01,Metric Tonnes
Andhra Pradesh,Nandyal,Banaganapalli APMC,Cereals,Paddy(Common),22-05-2023,0.01,Metric Tonnes
Andhra Pradesh,Nandyal,Banaganapalli APMC,Cereals,Paddy(Common),23-05-2023,0.01,Metric Tonnes
Andhra Pradesh,Nandyal,Banaganapalli APMC,Cereals,Paddy(Common),24-05-2023,0.01,Metric Tonnes
Andhra Pradesh,Nandyal,Banaganapalli APMC,Cereals,Paddy(Common),25-05-2023,0.01,Metric Tonnes
Andhra Pradesh,Nandyal,Banaganapalli APMC,Cereals,Paddy(Common),26-05-2023,0.01,Metric Tonnes
Andhra Pradesh,Nandyal,Banaganapalli APMC,Cereals,Paddy(Common),27-05-2023,0.01,Metric Tonnes
Andhra Pradesh,Nandyal,Banaganapalli APMC,Cereals,Paddy(Common),28-05-2023,0.01,Metric Tonnes
Andhra Pradesh,Nandyal,Banaganapalli APMC,Cereals,Paddy(Common),29-05-2023,0.01,Metric Tonnes
Andhra Pradesh,Nandyal,Banaganapalli APMC,Cereals,Paddy(Common),30-05-2023,0.01,Metric Tonnes
Andhra Pradesh,Nandyal,Banaganapalli APMC,Cereals,Paddy(Common),31-05-2023,0.01,Metric Tonnes
Andhra Pradesh,Nandyal,Banaganapalli APMC,Cereals,Paddy(Common),01-06-2023,0.01,Metric Tonnes
Andhra Pradesh,Nandyal,Banaganapalli APMC,Cereals,Paddy(Common),02-06-2023,0.01,Metric Tonnes
Andhra Pradesh,Nandyal,Banaganapalli APMC,Cereals,Paddy(Common),03-06-2023,0.01,Metric Tonnes
Andhra Pradesh,Nandyal,Banaganapalli APMC,Cereals,Paddy(Common),05-06-2023,0.01,Metric Tonnes
Andhra Pradesh,Nandyal,Banaganapalli APMC,Cereals,Paddy(Common),06-06-2023,0.01,Metric Tonnes
Andhra Pradesh,Nandyal,Banaganapalli APMC,Cereals,Paddy(Common),07-06-2023,0.01,Metric Tonnes
Andhra Pradesh,Nandyal,Banaganapalli APMC,Cereals,Paddy(Common),08-06-2023,0.01,Metric Tonnes
Andhra Pradesh,Nandyal,Banaganapalli APMC,Cereals,Paddy(Common),09-06-2023,0.01,Metric Tonnes
Andhra Pradesh,Nandyal,Banaganapalli APMC,Cereals,Paddy(Common),10-06-2023,0.01,Metric Tonnes
Andhra Pradesh,Nandyal,Banaganapalli APMC,Cereals,Paddy(Common),11-06-2023,0.01,Metric Tonnes
Andhra Pradesh,Nandyal,Banaganapalli APMC,Cereals,Paddy(Common),12-06-2023,0.01,Metric Tonnes
Andhra Pradesh,Nandyal,Banaganapalli APMC,Cereals,Paddy(Common),13-06-2023,0.01,Metric Tonnes
Andhra Pradesh,Nandyal,Banaganapalli APMC,Cereals,Paddy(Common),14-06-2023,0.01,Metric Tonnes
Andhra Pradesh,Nandyal,Banaganapalli APMC,Cereals,Paddy(Common),15-06-2023,0.01,Metric Tonnes
Andhra Pradesh,Nandyal,Banaganapalli APMC,Cereals,Paddy(Common),16-06-2023,0.01,Metric Tonnes
Andhra Pradesh,Nandyal,Banaganapalli APMC,Cereals,Paddy(Common),17-06-2023,0.01,Metric Tonnes
Andhra Pradesh,Nandyal,Banaganapalli APMC,Cereals,Paddy(Common),18-06-2023,0.01,Metric Tonnes
Andhra Pradesh,Nandyal,Banaganapalli APMC,Cereals,Paddy(Common),19-06-2023,0.01,Metric Tonnes
Andhra Pradesh,Nandyal,Banaganapalli APMC,Cereals,Paddy(Common),20-06-2023,0.01,Metric Tonnes
Andhra Pradesh,Nandyal,Banaganapalli APMC,Cereals,Paddy(Common),21-06-2023,0.01,Metric Tonnes
Andhra Pradesh,Nandyal,Banaganapalli APMC,Cereals,Paddy(Common),22-06-2023,0.01,Metric Tonnes
Andhra Pradesh,Nandyal,Banaganapalli APMC,Cereals,Paddy(Common),23-06-2023,0.01,Metric Tonnes
Andhra Pradesh,Nandyal,Banaganapalli APMC,Cereals,Paddy(Common),24-06-2023,0.01,Metric Tonnes
Andhra Pradesh,Nandyal,Banaganapalli APMC,Cereals,Paddy(Common),25-06-2023,0.01,Metric Tonnes
Andhra Pradesh,Nandyal,Banaganapalli APMC,Cereals,Paddy(Common),26-06-2023,0.01,Metric Tonnes
Andhra Pradesh,Nandyal,Banaganapalli APMC,Cereals,Paddy(Common),27-06-2023,0.01,Metric Tonnes
Andhra Pradesh,Nandyal,Banaganapalli APMC,Cereals,Paddy(Common),28-06-2023,0.01,Metric Tonnes
Andhra Pradesh,Nandyal,Banaganapalli APMC,Cereals,Paddy(Common),29-06-2023,0.01,Metric Tonnes
Andhra Pradesh,Nandyal,Banaganapalli APMC,Cereals,Paddy(Common),30-06-2023,0.01,Metric Tonnes
Andhra Pradesh,Nandyal,Banaganapalli APMC,Cereals,Paddy(Common),01-07-2023,0.01,Metric Tonnes
Andhra Pradesh,Nandyal,Banaganapalli APMC,Cereals,Paddy(Common),02-07-2023,0.01,Metric Tonnes
Andhra Pradesh,Nandyal,Banaganapalli APMC,Cereals,Paddy(Common),03-07-2023,0.01,Metric Tonnes
Andhra Pradesh,Nandyal,Banaganapalli APMC,Cereals,Paddy(Common),04-07-2023,0.01,Metric Tonnes
Andhra Pradesh,Nandyal,Banaganapalli APMC,Cereals,Paddy(Common),05-07-2023,0.01,Metric Tonnes
Andhra Pradesh,Nandyal,Banaganapalli APMC,Cereals,Paddy(Common),06-07-2023,0.01,Metric Tonnes
Andhra Pradesh,Nandyal,Banaganapalli APMC,Cereals,Paddy(Common),07-07-2023,0.01,Metric Tonnes
Andhra Pradesh,Nandyal,Banaganapalli APMC,Cereals,Paddy(Common),08-07-2023,0.01,Metric Tonnes
Andhra Pradesh,Nandyal,Banaganapalli APMC,Cereals,Paddy(Common),09-07-2023,0.01,Metric Tonnes
Andhra Pradesh,Nandyal,Banaganapalli APMC,Cereals,Paddy(Common),10-07-2023,0.01,Metric Tonnes
Andhra Pradesh,Nandyal,Banaganapalli APMC,Cereals,Paddy(Common),11-07-2023,0.01,Metric Tonnes
Andhra Pradesh,Nandyal,Banaganapalli APMC,Cereals,Paddy(Common),12-07-2023,0.01,Metric Tonnes
Andhra Pradesh,Nandyal,Banaganapalli APMC,Cereals,Paddy(Common),13-07-2023,0.01,Metric Tonnes
Andhra Pradesh,Nandyal,Banaganapalli APMC,Cereals,Paddy(Common),14-07-2023,0.01,Metric Tonnes
Andhra Pradesh,Nandyal,Banaganapalli APMC,Cereals,Paddy(Common),15-07-2023,0.01,Metric Tonnes
Andhra Pradesh,Nandyal,Banaganapalli APMC,Cereals,Paddy(Common),16-07-2023,0.01,Metric Tonnes
Andhra Pradesh,Nandyal,Banaganapalli APMC,Cereals,Paddy(Common),17-07-2023,0.01,Metric Tonnes
Andhra Pradesh,Nandyal,Banaganapalli APMC,Cereals,Paddy(Common),18-07-2023,0.01,Metric Tonnes
Andhra Pradesh,Nandyal,Banaganapalli APMC,Cereals,Paddy(Common),19-07-2023,0.01,Metric Tonnes
Andhra Pradesh,Nandyal,Banaganapalli APMC,Cereals,Paddy(Common),20-07-2023,0.01,Metric Tonnes
Andhra Pradesh,Nandyal,Banaganapalli APMC,Cereals,Paddy(Common),21-07-2023,0.01,Metric Tonnes
Andhra Pradesh,Nandyal,Banaganapalli APMC,Cereals,Paddy(Common),22-07-2023,0.01,Metric Tonnes
Andhra Pradesh,Nandyal,Banaganapalli APMC,Cereals,Paddy(Common),23-07-2023,0.01,Metric Tonnes
Andhra Pradesh,Nandyal,Banaganapalli APMC,Cereals,Paddy(Common),24-07-2023,0.01,Metric Tonnes
Andhra Pradesh,Nandyal,Banaganapalli APMC,Cereals,Paddy(Common),25-07-2023,0.01,Metric Tonnes
Andhra Pradesh,Nandyal,Banaganapalli APMC,Cereals,Paddy(Common),26-07-2023,0.01,Metric Tonnes
Andhra Pradesh,Nandyal,Banaganapalli APMC,Cereals,Paddy(Common),27-07-2023,0.01,Metric Tonnes
Andhra Pradesh,Nandyal,Banaganapalli APMC,Cereals,Paddy(Common),28-07-2023,0.01,Metric Tonnes
Andhra Pradesh,Nandyal,Banaganapalli APMC,Cereals,Paddy(Common),29-07-2023,0.01,Metric Tonnes
Andhra Pradesh,Nandyal,Banaganapalli APMC,Cereals,Paddy(Common),30-07-2023,0.01,Metric Tonnes
Andhra Pradesh,Nandyal,Banaganapalli APMC,Cereals,Paddy(Common),31-07-2023,0.01,Metric Tonnes
Andhra Pradesh,Nandyal,Banaganapalli APMC,Cereals,Paddy(Common),01-08-2023,0.01,Metric Tonnes
Andhra Pradesh,Nandyal,Banaganapalli APMC,Cereals,Paddy(Common),02-08-2023,0.01,Metric Tonnes
Andhra Pradesh,Nandyal,Banaganapalli APMC,Cereals,Paddy(Common),03-08-2023,0.01,Metric Tonnes
Andhra Pradesh,Nandyal,Banaganapalli APMC,Cereals,Paddy(Common),04-08-2023,0.01,Metric Tonnes
Andhra Pradesh,Nandyal,Banaganapalli APMC,Cereals,Paddy(Common),05-08-2023,0.01,Metric Tonnes
Andhra Pradesh,Nandyal,Banaganapalli APMC,Cereals,Paddy(Common),06-08-2023,0.01,Metric Tonnes
Andhra Pradesh,Nandyal,Banaganapalli APMC,Cereals,Paddy(Common),07-08-2023,0.01,Metric Tonnes
Andhra Pradesh,Nandyal,Banaganapalli APMC,Cereals,Paddy(Common),08-08-2023,0.01,Metric Tonnes
Andhra Pradesh,Nandyal,Banaganapalli APMC,Cereals,Paddy(Common),09-08-2023,0.01,Metric Tonnes
Andhra Pradesh,Nandyal,Banaganapalli APMC,Cereals,Paddy(Common),10-08-2023,0.01,Metric Tonnes
Andhra Pradesh,Nandyal,Banaganapalli APMC,Cereals,Paddy(Common),11-08-2023,0.01,Metric Tonnes
Andhra Pradesh,Nandyal,Banaganapalli APMC,Cereals,Paddy(Common),12-08-2023,0.01,Metric Tonnes
Andhra Pradesh,Nandyal,Banaganapalli APMC,Cereals,Paddy(Common),13-08-2023,0.01,Metric Tonnes
Andhra Pradesh,Nandyal,Banaganapalli APMC,Cereals,Paddy(Common),14-08-2023,0.01,Metric Tonnes
Andhra Pradesh,Nandyal,Banaganapalli APMC,Cereals,Paddy(Common),15-08-2023,0.01,Metric Tonnes
Andhra Pradesh,Nandyal,Banaganapalli APMC,Cereals,Paddy(Common),16-08-2023,0.01,Metric Tonnes
Andhra Pradesh,Nandyal,Banaganapalli APMC,Cereals,Paddy(Common),17-08-2023,0.01,Metric Tonnes
Andhra Pradesh,Nandyal,Banaganapalli APMC,Cereals,Paddy(Common),18-08-2023,0.01,Metric Tonnes
Andhra Pradesh,Nandyal,Banaganapalli APMC,Cereals,Paddy(Common),03-09-2023,0.01,Metric Tonnes
Andhra Pradesh,Nandyal,Banaganapalli APMC,Cereals,Paddy(Common),04-09-2023,0.01,Metric Tonnes
Andhra Pradesh,Nandyal,Banaganapalli APMC,Cereals,Paddy(Common),05-09-2023,0.01,Metric Tonnes
Andhra Pradesh,Nandyal,Banaganapalli APMC,Cereals,Paddy(Common),06-09-2023,0.01,Metric Tonnes
Andhra Pradesh,Nandyal,Banaganapalli APMC,Cereals,Paddy(Common),07-09-2023,0.01,Metric Tonnes
Andhra Pradesh,Nandyal,Banaganapalli APMC,Cereals,Paddy(Common),08-09-2023,0.01,Metric Tonnes
Andhra Pradesh,Nandyal,Banaganapalli APMC,Cereals,Paddy(Common),09-09-2023,0.01,Metric Tonnes
Andhra Pradesh,Nandyal,Banaganapalli APMC,Cereals,Paddy(Common),10-09-2023,0.01,Metric Tonnes
Andhra Pradesh,Nandyal,Banaganapalli APMC,Cereals,Paddy(Common),11-09-2023,0.01,Metric Tonnes
Andhra Pradesh,Nandyal,Banaganapalli APMC,Cereals,Paddy(Common),12-09-2023,0.01,Metric Tonnes
Andhra Pradesh,Nandyal,Banaganapalli APMC,Cereals,Paddy(Common),13-09-2023,0.01,Metric Tonnes
Andhra Pradesh,Nandyal,Banaganapalli APMC,Cereals,Paddy(Common),14-09-2023,0.01,Metric Tonnes
Andhra Pradesh,Nandyal,Banaganapalli APMC,Cereals,Paddy(Common),15-09-2023,0.01,Metric Tonnes
Andhra Pradesh,Nandyal,Banaganapalli APMC,Cereals,Paddy(Common),16-09-2023,0.01,Metric Tonnes
Andhra Pradesh,Nandyal,Banaganapalli APMC,Cereals,Paddy(Common),18-09-2023,0.01,Metric Tonnes
Andhra Pradesh,Nandyal,Banaganapalli APMC,Cereals,Paddy(Common),19-09-2023,0.01,Metric Tonnes
Andhra Pradesh,Nandyal,Banaganapalli APMC,Cereals,Paddy(Common),20-09-2023,0.01,Metric Tonnes
Andhra Pradesh,Nandyal,Banaganapalli APMC,Cereals,Paddy(Common),21-09-2023,0.01,Metric Tonnes
Andhra Pradesh,Nandyal,Banaganapalli APMC,Cereals,Paddy(Common),24-09-2023,0.01,Metric Tonnes
Andhra Pradesh,Nandyal,Banaganapalli APMC,Cereals,Paddy(Common),25-09-2023,0.01,Metric Tonnes
Andhra Pradesh,Nandyal,Banaganapalli APMC,Cereals,Paddy(Common),28-09-2023,0.01,Metric Tonnes
Andhra Pradesh,Nandyal,Banaganapalli APMC,Cereals,Paddy(Common),29-09-2023,0.01,Metric Tonnes
Andhra Pradesh,Nandyal,Banaganapalli APMC,Cereals,Paddy(Common),30-09-2023,0.01,Metric Tonnes
Andhra Pradesh,Nandyal,Banaganapalli APMC,Cereals,Paddy(Common),03-10-2023,0.01,Metric Tonnes
Andhra Pradesh,Nandyal,Banaganapalli APMC,Cereals,Paddy(Common),04-10-2023,0.01,Metric Tonnes
Andhra Pradesh,Nandyal,Banaganapalli APMC,Cereals,Paddy(Common),05-10-2023,0.01,Metric Tonnes
Andhra Pradesh,Nandyal,Banaganapalli APMC,Cereals,Paddy(Common),06-10-2023,0.01,Metric Tonnes
Andhra Pradesh,Nandyal,Banaganapalli APMC,Cereals,Paddy(Common),07-10-2023,0.01,Metric Tonnes
Andhra Pradesh,Nandyal,Banaganapalli APMC,Cereals,Paddy(Common),08-10-2023,0.01,Metric Tonnes
Andhra Pradesh,Nandyal,Banaganapalli APMC,Cereals,Paddy(Common),09-10-2023,0.01,Metric Tonnes
Andhra Pradesh,Nandyal,Banaganapalli APMC,Cereals,Paddy(Common),10-10-2023,0.01,Metric Tonnes
Andhra Pradesh,Nandyal,Banaganapalli APMC,Cereals,Paddy(Common),11-10-2023,0.01,Metric Tonnes
Andhra Pradesh,Nandyal,Banaganapalli APMC,Cereals,Paddy(Common),12-10-2023,0.01,Metric Tonnes
Andhra Pradesh,Nandyal,Banaganapalli APMC,Cereals,Paddy(Common),13-10-2023,0.01,Metric Tonnes
Andhra Pradesh,Nandyal,Banaganapalli APMC,Cereals,Paddy(Common),14-10-2023,0.01,Metric Tonnes
Andhra Pradesh,Nandyal,Banaganapalli APMC,Cereals,Paddy(Common),15-10-2023,0.01,Metric Tonnes
Andhra Pradesh,Nandyal,Banaganapalli APMC,Cereals,Paddy(Common),16-10-2023,0.01,Metric Tonnes
Andhra Pradesh,Nandyal,Banaganapalli APMC,Cereals,Paddy(Common),17-10-2023,0.01,Metric Tonnes
Andhra Pradesh,Nandyal,Banaganapalli APMC,Cereals,Paddy(Common),18-10-2023,0.01,Metric Tonnes
Andhra Pradesh,Nandyal,Banaganapalli APMC,Cereals,Paddy(Common),19-10-2023,0.01,Metric Tonnes
Andhra Pradesh,Nandyal,Banaganapalli APMC,Cereals,Paddy(Common),20-10-2023,0.01,Metric Tonnes
Andhra Pradesh,Nandyal,Banaganapalli APMC,Cereals,Paddy(Common),21-10-2023,0.01,Metric Tonnes
Andhra Pradesh,Nandyal,Banaganapalli APMC,Cereals,Paddy(Common),22-10-2023,0.01,Metric Tonnes
Andhra Pradesh,Nandyal,Banaganapalli APMC,Cereals,Paddy(Common),23-10-2023,0.01,Metric Tonnes
Andhra Pradesh,Nandyal,Banaganapalli APMC,Cereals,Paddy(Common),24-10-2023,0.01,Metric Tonnes
Andhra Pradesh,Nandyal,Banaganapalli APMC,Cereals,Paddy(Common),25-10-2023,0.01,Metric Tonnes
Andhra Pradesh,Nandyal,Banaganapalli APMC,Cereals,Paddy(Common),26-10-2023,0.01,Metric Tonnes
Andhra Pradesh,Nandyal,Banaganapalli APMC,Cereals,Paddy(Common),28-10-2023,0.01,Metric Tonnes
Andhra Pradesh,Nandyal,Banaganapalli APMC,Cereals,Paddy(Common),29-10-2023,0.01,Metric Tonnes
Andhra Pradesh,Nandyal,Banaganapalli APMC,Cereals,Paddy(Common),30-10-2023,0.01,Metric Tonnes
Andhra Pradesh,Nandyal,Banaganapalli APMC,Cereals,Paddy(Common),31-10-2023,0.01,Metric Tonnes
Andhra Pradesh,Nandyal,Banaganapalli APMC,Cereals,Paddy(Common),01-11-2023,0.01,Metric Tonnes
Andhra Pradesh,Nandyal,Banaganapalli APMC,Cereals,Paddy(Common),02-11-2023,0.01,Metric Tonnes
Andhra Pradesh,Nandyal,Banaganapalli APMC,Cereals,Paddy(Common),03-11-2023,0.01,Metric Tonnes
Andhra Pradesh,Nandyal,Banaganapalli APMC,Cereals,Paddy(Common),04-11-2023,0.01,Metric Tonnes
Andhra Pradesh,Nandyal,Banaganapalli APMC,Cereals,Paddy(Common),05-11-2023,0.01,Metric Tonnes
Andhra Pradesh,Nandyal,Banaganapalli APMC,Cereals,Paddy(Common),06-11-2023,0.01,Metric Tonnes
Andhra Pradesh,Nandyal,Banaganapalli APMC,Cereals,Paddy(Common),07-11-2023,0.01,Metric Tonnes
Andhra Pradesh,Nandyal,Banaganapalli APMC,Cereals,Paddy(Common),08-11-2023,0.01,Metric Tonnes
Andhra Pradesh,Nandyal,Banaganapalli APMC,Cereals,Paddy(Common),09-11-2023,0.01,Metric Tonnes
Andhra Pradesh,Nandyal,Banaganapalli APMC,Cereals,Paddy(Common),10-11-2023,0.01,Metric Tonnes
Andhra Pradesh,Nandyal,Banaganapalli APMC,Cereals,Paddy(Common),11-11-2023,0.01,Metric Tonnes
Andhra Pradesh,Nandyal,Banaganapalli APMC,Cereals,Paddy(Common),13-11-2023,0.01,Metric Tonnes
Andhra Pradesh,Nandyal,Banaganapalli APMC,Cereals,Paddy(Common),14-11-2023,0.01,Metric Tonnes
Andhra Pradesh,Nandyal,Banaganapalli APMC,Cereals,Paddy(Common),15-11-2023,0.01,Metric Tonnes
Andhra Pradesh,Nandyal,Banaganapalli APMC,Cereals,Paddy(Common),16-11-2023,0.01,Metric Tonnes
Andhra Pradesh,Nandyal,Banaganapalli APMC,Cereals,Paddy(Common),17-11-2023,0.01,Metric Tonnes
Andhra Pradesh,Nandyal,Banaganapalli APMC,Cereals,Paddy(Common),18-11-2023,0.01,Metric Tonnes
Andhra Pradesh,Nandyal,Banaganapalli APMC,Cereals,Paddy(Common),19-11-2023,0.01,Metric Tonnes
Andhra Pradesh,Nandyal,Banaganapalli APMC,Cereals,Paddy(Common),20-11-2023,0.01,Metric Tonnes
Andhra Pradesh,Nandyal,Banaganapalli APMC,Cereals,Paddy(Common),21-11-2023,0.01,Metric Tonnes
Andhra Pradesh,Nandyal,Banaganapalli APMC,Cereals,Paddy(Common),22-11-2023,0.01,Metric Tonnes
Andhra Pradesh,Nandyal,Banaganapalli APMC,Cereals,Paddy(Common),23-11-2023,0.01,Metric Tonnes
Andhra Pradesh,Nandyal,Banaganapalli APMC,Cereals,Paddy(Common),24-11-2023,0.01,Metric Tonnes
Andhra Pradesh,Nandyal,Banaganapalli APMC,Cereals,Paddy(Common),25-11-2023,0.01,Metric Tonnes
Andhra Pradesh,Nandyal,Banaganapalli APMC,Cereals,Paddy(Common),26-11-2023,0.01,Metric Tonnes
Andhra Pradesh,Nandyal,Banaganapalli APMC,Cereals,Paddy(Common),27-11-2023,0.01,Metric Tonnes
Andhra Pradesh,Nandyal,Banaganapalli APMC,Cereals,Paddy(Common),28-11-2023,0.01,Metric Tonnes
Andhra Pradesh,Nandyal,Banaganapalli APMC,Cereals,Paddy(Common),29-11-2023,0.01,Metric Tonnes
Andhra Pradesh,Nandyal,Banaganapalli APMC,Cereals,Paddy(Common),30-11-2023,0.01,Metric Tonnes
Andhra Pradesh,Nandyal,Banaganapalli APMC,Cereals,Paddy(Common),01-12-2023,0.01,Metric Tonnes
Andhra Pradesh,Nandyal,Banaganapalli APMC,Cereals,Paddy(Common),02-12-2023,0.01,Metric Tonnes
Andhra Pradesh,Nandyal,Banaganapalli APMC,Cereals,Paddy(Common),03-12-2023,0.01,Metric Tonnes
Andhra Pradesh,Nandyal,Banaganapalli APMC,Cereals,Paddy(Common),04-12-2023,0.01,Metric Tonnes
Andhra Pradesh,Nandyal,Banaganapalli APMC,Cereals,Paddy(Common),05-12-2023,0.01,Metric Tonnes
Andhra Pradesh,Nandyal,Banaganapalli APMC,Cereals,Paddy(Common),06-12-2023,0.01,Metric Tonnes
Andhra Pradesh,Nandyal,Banaganapalli APMC,Cereals,Paddy(Common),07-12-2023,0.01,Metric Tonnes
Andhra Pradesh,Nandyal,Banaganapalli APMC,Cereals,Paddy(Common),08-12-2023,0.01,Metric Tonnes
Andhra Pradesh,Nandyal,Banaganapalli APMC,Cereals,Paddy(Common),09-12-2023,0.01,Metric Tonnes
Andhra Pradesh,Nandyal,Banaganapalli APMC,Cereals,Paddy(Common),10-12-2023,0.01,Metric Tonnes
Andhra Pradesh,Nandyal,Banaganapalli APMC,Cereals,Paddy(Common),11-12-2023,0.01,Metric Tonnes
Andhra Pradesh,Nandyal,Banaganapalli APMC,Cereals,Paddy(Common),12-12-2023,0.01,Metric Tonnes
Andhra Pradesh,Nandyal,Banaganapalli APMC,Cereals,Paddy(Common),14-12-2023,0.01,Metric Tonnes
Andhra Pradesh,Nandyal,Banaganapalli APMC,Cereals,Paddy(Common),15-12-2023,0.01,Metric Tonnes
Andhra Pradesh,Nandyal,Banaganapalli APMC,Cereals,Paddy(Common),16-12-2023,0.01,Metric Tonnes
Andhra Pradesh,Nandyal,Banaganapalli APMC,Cereals,Paddy(Common),17-12-2023,0.01,Metric Tonnes
Andhra Pradesh,Nandyal,Banaganapalli APMC,Cereals,Paddy(Common),18-12-2023,0.01,Metric Tonnes
Andhra Pradesh,Nandyal,Banaganapalli APMC,Cereals,Paddy(Common),19-12-2023,0.01,Metric Tonnes
Andhra Pradesh,Nandyal,Banaganapalli APMC,Cereals,Paddy(Common),20-12-2023,0.01,Metric Tonnes
Andhra Pradesh,Nandyal,Banaganapalli APMC,Cereals,Paddy(Common),21-12-2023,0.01,Metric Tonnes
Andhra Pradesh,Nandyal,Banaganapalli APMC,Cereals,Paddy(Common),22-12-2023,0.01,Metric Tonnes
Andhra Pradesh,Nandyal,Banaganapalli APMC,Cereals,Paddy(Common),23-12-2023,0.01,Metric Tonnes
Andhra Pradesh,Nandyal,Banaganapalli APMC,Cereals,Paddy(Common),24-12-2023,0.01,Metric Tonnes
Andhra Pradesh,Nandyal,Banaganapalli APMC,Cereals,Paddy(Common),25-12-2023,0.01,Metric Tonnes
Andhra Pradesh,Nandyal,Banaganapalli APMC,Cereals,Paddy(Common),26-12-2023,0.01,Metric Tonnes
Andhra Pradesh,Nandyal,Banaganapalli APMC,Cereals,Paddy(Common),27-12-2023,0.01,Metric Tonnes
Andhra Pradesh,Nandyal,Banaganapalli APMC,Cereals,Paddy(Common),28-12-2023,0.01,Metric Tonnes
Andhra Pradesh,Nandyal,Banaganapalli APMC,Cereals,Paddy(Common),29-12-2023,0.01,Metric Tonnes
Andhra Pradesh,Nandyal,Banaganapalli APMC,Cereals,Paddy(Common),30-12-2023,0.01,Metric Tonnes
Andhra Pradesh,Nandyal,Banaganapalli APMC,Cereals,Paddy(Common),31-12-2023,0.01,Metric Tonnes
Andhra Pradesh,Nandyal,Banaganapalli APMC,Cereals,Paddy(Common),01-01-2024,0.01,Metric Tonnes
Andhra Pradesh,Nandyal,Banaganapalli APMC,Cereals,Paddy(Common),02-01-2024,0.01,Metric Tonnes
Andhra Pradesh,Nandyal,Banaganapalli APMC,Cereals,Paddy(Common),03-01-2024,0.01,Metric Tonnes
Andhra Pradesh,Nandyal,Banaganapalli APMC,Cereals,Paddy(Common),04-01-2024,0.01,Metric Tonnes
Andhra Pradesh,Nandyal,Banaganapalli APMC,Cereals,Paddy(Common),05-01-2024,0.01,Metric Tonnes
Andhra Pradesh,Nandyal,Banaganapalli APMC,Cereals,Paddy(Common),06-01-2024,0.01,Metric Tonnes
Andhra Pradesh,Nandyal,Banaganapalli APMC,Cereals,Paddy(Common),07-01-2024,0.01,Metric Tonnes
Andhra Pradesh,Nandyal,Banaganapalli APMC,Cereals,Paddy(Common),08-01-2024,0.01,Metric Tonnes
Andhra Pradesh,Nandyal,Banaganapalli APMC,Cereals,Paddy(Common),09-01-2024,0.01,Metric Tonnes
Andhra Pradesh,Nandyal,Banaganapalli APMC,Cereals,Paddy(Common),10-01-2024,0.01,Metric Tonnes
Andhra Pradesh,Nandyal,Banaganapalli APMC,Cereals,Paddy(Common),11-01-2024,0.01,Metric Tonnes
Andhra Pradesh,Nandyal,Banaganapalli APMC,Cereals,Paddy(Common),12-01-2024,0.01,Metric Tonnes
Andhra Pradesh,Nandyal,Banaganapalli APMC,Cereals,Paddy(Common),13-01-2024,0.01,Metric Tonnes
Andhra Pradesh,Nandyal,Banaganapalli APMC,Cereals,Paddy(Common),16-01-2024,0.01,Metric Tonnes
Andhra Pradesh,Nandyal,Banaganapalli APMC,Cereals,Paddy(Common),17-01-2024,0.01,Metric Tonnes
Andhra Pradesh,Nandyal,Banaganapalli APMC,Cereals,Paddy(Common),19-01-2024,0.01,Metric Tonnes
Andhra Pradesh,Nandyal,Banaganapalli APMC,Cereals,Paddy(Common),20-01-2024,0.01,Metric Tonnes
Andhra Pradesh,Nandyal,Banaganapalli APMC,Cereals,Paddy(Common),21-01-2024,0.01,Metric Tonnes
Andhra Pradesh,Nandyal,Banaganapalli APMC,Cereals,Paddy(Common),22-01-2024,0.01,Metric Tonnes
Andhra Pradesh,Nandyal,Banaganapalli APMC,Cereals,Paddy(Common),23-01-2024,0.01,Metric Tonnes
Andhra Pradesh,Nandyal,Banaganapalli APMC,Cereals,Paddy(Common),24-01-2024,0.01,Metric Tonnes
Andhra Pradesh,Nandyal,Banaganapalli APMC,Cereals,Paddy(Common),25-01-2024,0.01,Metric Tonnes
Andhra Pradesh,Nandyal,Banaganapalli APMC,Cereals,Paddy(Common),26-01-2024,0.01,Metric Tonnes
Andhra Pradesh,Nandyal,Banaganapalli APMC,Cereals,Paddy(Common),27-01-2024,0.01,Metric Tonnes
Andhra Pradesh,Nandyal,Banaganapalli APMC,Cereals,Paddy(Common),28-01-2024,0.01,Metric Tonnes
Andhra Pradesh,Nandyal,Banaganapalli APMC,Cereals,Paddy(Common),29-01-2024,0.01,Metric Tonnes
Andhra Pradesh,Nandyal,Banaganapalli APMC,Cereals,Paddy(Common),30-01-2024,0.01,Metric Tonnes
Andhra Pradesh,Nandyal,Banaganapalli APMC,Cereals,Paddy(Common),31-01-2024,0.01,Metric Tonnes
Andhra Pradesh,Nandyal,Banaganapalli APMC,Cereals,Paddy(Common),01-02-2024,0.01,Metric Tonnes
Andhra Pradesh,Nandyal,Banaganapalli APMC,Cereals,Paddy(Common),02-02-2024,0.01,Metric Tonnes
Andhra Pradesh,Nandyal,Banaganapalli APMC,Cereals,Paddy(Common),03-02-2024,0.01,Metric Tonnes
Andhra Pradesh,Nandyal,Banaganapalli APMC,Cereals,Paddy(Common),04-02-2024,0.01,Metric Tonnes
Andhra Pradesh,Nandyal,Banaganapalli APMC,Cereals,Paddy(Common),05-02-2024,0.01,Metric Tonnes
Andhra Pradesh,Nandyal,Banaganapalli APMC,Cereals,Paddy(Common),07-02-2024,0.01,Metric Tonnes
Andhra Pradesh,Nandyal,Banaganapalli APMC,Cereals,Paddy(Common),08-02-2024,0.01,Metric Tonnes
Andhra Pradesh,Nandyal,Banaganapalli APMC,Cereals,Paddy(Common),09-02-2024,0.01,Metric Tonnes
Andhra Pradesh,Nandyal,Banaganapalli APMC,Cereals,Paddy(Common),10-02-2024,0.01,Metric Tonnes
Andhra Pradesh,Nandyal,Banaganapalli APMC,Cereals,Paddy(Common),11-02-2024,0.01,Metric Tonnes
Andhra Pradesh,Nandyal,Banaganapalli APMC,Cereals,Paddy(Common),12-02-2024,0.01,Metric Tonnes
Andhra Pradesh,Nandyal,Banaganapalli APMC,Cereals,Paddy(Common),13-02-2024,0.01,Metric Tonnes
Andhra Pradesh,Nandyal,Banaganapalli APMC,Cereals,Paddy(Common),14-02-2024,0.01,Metric Tonnes
Andhra Pradesh,Nandyal,Banaganapalli APMC,Cereals,Paddy(Common),15-02-2024,0.01,Metric Tonnes
Andhra Pradesh,Nandyal,Banaganapalli APMC,Cereals,Paddy(Common),16-02-2024,0.01,Metric Tonnes
Andhra Pradesh,Nandyal,Banaganapalli APMC,Cereals,Paddy(Common),17-02-2024,0.01,Metric Tonnes
Andhra Pradesh,Nandyal,Banaganapalli APMC,Cereals,Paddy(Common),18-02-2024,0.01,Metric Tonnes
Andhra Pradesh,Nandyal,Banaganapalli APMC,Cereals,Paddy(Common),19-02-2024,0.01,Metric Tonnes
Andhra Pradesh,Nandyal,Banaganapalli APMC,Cereals,Paddy(Common),20-02-2024,0.01,Metric Tonnes
Andhra Pradesh,Nandyal,Banaganapalli APMC,Cereals,Paddy(Common),21-02-2024,0.01,Metric Tonnes
Andhra Pradesh,Nandyal,Banaganapalli APMC,Cereals,Paddy(Common),22-02-2024,0.01,Metric Tonnes
Andhra Pradesh,Nandyal,Banaganapalli APMC,Cereals,Paddy(Common),23-02-2024,0.01,Metric Tonnes
Andhra Pradesh,Nandyal,Banaganapalli APMC,Cereals,Paddy(Common),24-02-2024,0.01,Metric Tonnes
Andhra Pradesh,Nandyal,Banaganapalli APMC,Cereals,Paddy(Common),25-02-2024,0.01,Metric Tonnes
Andhra Pradesh,Nandyal,Banaganapalli APMC,Cereals,Paddy(Common),26-02-2024,0.01,Metric Tonnes
Andhra Pradesh,Nandyal,Banaganapalli APMC,Cereals,Paddy(Common),27-02-2024,0.01,Metric Tonnes
Andhra Pradesh,Nandyal,Banaganapalli APMC,Cereals,Paddy(Common),28-02-2024,0.01,Metric Tonnes
Andhra Pradesh,Nandyal,Banaganapalli APMC,Cereals,Paddy(Common),29-02-2024,0.01,Metric Tonnes
Andhra Pradesh,Nandyal,Banaganapalli APMC,Cereals,Paddy(Common),01-03-2024,0.01,Metric Tonnes
Andhra Pradesh,Nandyal,Banaganapalli APMC,Cereals,Paddy(Common),02-03-2024,0.01,Metric Tonnes
Andhra Pradesh,Nandyal,Banaganapalli APMC,Cereals,Paddy(Common),03-03-2024,0.01,Metric Tonnes
Andhra Pradesh,Nandyal,Banaganapalli APMC,Cereals,Paddy(Common),04-03-2024,0.01,Metric Tonnes
Andhra Pradesh,Nandyal,Banaganapalli APMC,Cereals,Paddy(Common),05-03-2024,0.01,Metric Tonnes
Andhra Pradesh,Nandyal,Banaganapalli APMC,Cereals,Paddy(Common),06-03-2024,0.01,Metric Tonnes
Andhra Pradesh,Nandyal,Banaganapalli APMC,Cereals,Paddy(Common),07-03-2024,0.01,Metric Tonnes
Andhra Pradesh,Nandyal,Banaganapalli APMC,Cereals,Paddy(Common),08-03-2024,0.01,Metric Tonnes
Andhra Pradesh,Nandyal,Banaganapalli APMC,Cereals,Paddy(Common),09-03-2024,0.01,Metric Tonnes
Andhra Pradesh,Nandyal,Banaganapalli APMC,Cereals,Paddy(Common),10-03-2024,0.01,Metric Tonnes
Andhra Pradesh,Nandyal,Banaganapalli APMC,Cereals,Paddy(Common),11-03-2024,0.01,Metric Tonnes
Andhra Pradesh,Nandyal,Banaganapalli APMC,Cereals,Paddy(Common),12-03-2024,0.01,Metric Tonnes
Andhra Pradesh,Nandyal,Banaganapalli APMC,Cereals,Paddy(Common),13-03-2024,0.01,Metric Tonnes
Andhra Pradesh,Nandyal,Banaganapalli APMC,Cereals,Paddy(Common),14-03-2024,0.01,Metric Tonnes
Andhra Pradesh,Nandyal,Banaganapalli APMC,Cereals,Paddy(Common),15-03-2024,0.01,Metric Tonnes
Andhra Pradesh,Nandyal,Banaganapalli APMC,Cereals,Paddy(Common),23-07-2026,0.10,Metric Tonnes
Andhra Pradesh,Nandyal,Banaganapalli APMC,Cereals,Paddy(Common),24-07-2026,0.10,Metric Tonnes
Andhra Pradesh,Nandyal,Banaganapalli APMC,Cereals,Paddy(Common),25-07-2026,0.10,Metric Tonnes
Andhra Pradesh,Nandyal,Banaganapalli APMC,Cereals,Paddy(Common),26-07-2026,0.10,Metric Tonnes
Andhra Pradesh,Nandyal,Banaganapalli APMC,Cereals,Paddy(Common),27-07-2026,0.10,Metric Tonnes
Andhra Pradesh,Nandyal,Banaganapalli APMC,Cereals,Paddy(Common),28-07-2026,0.10,Metric Tonnes
Andhra Pradesh,Nandyal,Banaganapalli APMC,Cereals,Paddy(Common),29-07-2026,0.10,Metric Tonnes
Andhra Pradesh,Nandyal,Banaganapalli APMC,Cereals,Paddy(Common),30-07-2026,0.10,Metric Tonnes
Andhra Pradesh,Nandyal,Banaganapalli APMC,Cereals,Paddy(Common),31-07-2026,0.10,Metric Tonnes
Andhra Pradesh,Nandyal,Banaganapalli APMC,Cereals,Paddy(Common),01-08-2026,0.10,Metric Tonnes
Andhra Pradesh,Nandyal,Banaganapalli APMC,Cereals,Paddy(Common),02-08-2026,0.10,Metric Tonnes
Andhra Pradesh,Nandyal,Banaganapalli APMC,Cereals,Paddy(Common),03-08-2026,0.10,Metric Tonnes
Andhra Pradesh,Nandyal,Banaganapalli APMC,Cereals,Paddy(Common),04-08-2026,0.10,Metric Tonnes
Andhra Pradesh,Nandyal,Banaganapalli APMC,Cereals,Paddy(Common),05-08-2026,0.10,Metric Tonnes
Andhra Pradesh,Nandyal,Banaganapalli APMC,Cereals,Paddy(Common),06-08-2026,0.10,Metric Tonnes
Andhra Pradesh,Nandyal,Banaganapalli APMC,Cereals,Paddy(Common),07-08-2026,0.10,Metric Tonnes
Andhra Pradesh,Nandyal,Nandyal APMC,Cereals,Paddy(Common),04-06-2024,570.00,Metric Tonnes
Andhra Pradesh,Nandyal,Nandyal APMC,Cereals,Paddy(Common),10-06-2024,656.00,Metric Tonnes
Andhra Pradesh,Nandyal,Nandyal APMC,Cereals,Paddy(Common),11-06-2024,353.00,Metric Tonnes
Andhra Pradesh,Nandyal,Nandyal APMC,Cereals,Paddy(Common),18-06-2024,195.00,Metric Tonnes
Andhra Pradesh,Nandyal,Nandyal APMC,Cereals,Paddy(Common),21-06-2024,387.00,Metric Tonnes
Andhra Pradesh,Nandyal,Nandyal APMC,Cereals,Paddy(Common),03-07-2024,189.00,Metric Tonnes
Andhra Pradesh,Nandyal,Nandyal APMC,Cereals,Paddy(Common),04-07-2024,676.00,Metric Tonnes
Andhra Pradesh,Nandyal,Nandyal APMC,Cereals,Paddy(Common),05-07-2024,415.00,Metric Tonnes
Andhra Pradesh,Nandyal,Nandyal APMC,Cereals,Paddy(Common),08-07-2024,402.00,Metric Tonnes
Andhra Pradesh,Nandyal,Nandyal APMC,Cereals,Paddy(Common),09-07-2024,480.00,Metric Tonnes
Andhra Pradesh,Nandyal,Nandyal APMC,Cereals,Paddy(Common),10-07-2024,370.00,Metric Tonnes
Andhra Pradesh,Nandyal,Nandyal APMC,Cereals,Paddy(Common),11-07-2024,165.00,Metric Tonnes
Andhra Pradesh,Nandyal,Nandyal APMC,Cereals,Paddy(Common),16-07-2024,165.00,Metric Tonnes
Andhra Pradesh,Nandyal,Nandyal APMC,Cereals,Paddy(Common),22-07-2024,98.00,Metric Tonnes
Andhra Pradesh,Nandyal,Nandyal APMC,Cereals,Paddy(Common),27-07-2024,263.00,Metric Tonnes
Andhra Pradesh,Nandyal,Nandyal APMC,Cereals,Paddy(Common),05-08-2024,1646.00,Metric Tonnes
Andhra Pradesh,Nandyal,Nandyal APMC,Cereals,Paddy(Common),06-08-2024,397.00,Metric Tonnes
Andhra Pradesh,Nandyal,Nandyal APMC,Cereals,Paddy(Common),09-08-2024,200.00,Metric Tonnes
Andhra Pradesh,Nandyal,Nandyal APMC,Cereals,Paddy(Common),13-08-2024,390.00,Metric Tonnes
Andhra Pradesh,Nandyal,Nandyal APMC,Cereals,Paddy(Common),16-08-2024,659.00,Metric Tonnes
Andhra Pradesh,Nandyal,Nandyal APMC,Cereals,Paddy(Common),17-08-2024,555.00,Metric Tonnes
Andhra Pradesh,Nandyal,Nandyal APMC,Cereals,Paddy(Common),19-08-2024,757.00,Metric Tonnes
Andhra Pradesh,Nandyal,Nandyal APMC,Cereals,Paddy(Common),21-08-2024,187.00,Metric Tonnes
Andhra Pradesh,Nandyal,Nandyal APMC,Cereals,Paddy(Common),27-08-2024,817.00,Metric Tonnes
Andhra Pradesh,Nandyal,Nandyal APMC,Cereals,Paddy(Common),10-09-2024,180.00,Metric Tonnes
Andhra Pradesh,Nandyal,Nandyal APMC,Cereals,Paddy(Common),12-09-2024,600.00,Metric Tonnes
Andhra Pradesh,Nandyal,Nandyal APMC,Cereals,Paddy(Common),13-09-2024,660.00,Metric Tonnes
Andhra Pradesh,Nandyal,Nandyal APMC,Cereals,Paddy(Common),19-09-2024,447.00,Metric Tonnes
Andhra Pradesh,Nandyal,Nandyal APMC,Cereals,Paddy(Common),20-09-2024,733.00,Metric Tonnes
Andhra Pradesh,Nandyal,Nandyal APMC,Cereals,Paddy(Common),23-09-2024,165.00,Metric Tonnes
Andhra Pradesh,Nandyal,Nandyal APMC,Cereals,Paddy(Common),27-09-2024,406.00,Metric Tonnes
Andhra Pradesh,Nandyal,Nandyal APMC,Cereals,Paddy(Common),09-10-2024,195.00,Metric Tonnes
Andhra Pradesh,Nandyal,Nandyal APMC,Cereals,Paddy(Common),14-10-2024,305.00,Metric Tonnes
Andhra Pradesh,Nandyal,Nandyal APMC,Cereals,Paddy(Common),16-10-2024,405.00,Metric Tonnes
Andhra Pradesh,Nandyal,Nandyal APMC,Cereals,Paddy(Common),02-12-2024,3719.00,Metric Tonnes
Andhra Pradesh,Nandyal,Nandyal APMC,Cereals,Paddy(Common),03-12-2024,5004.00,Metric Tonnes
Andhra Pradesh,Nandyal,Nandyal APMC,Cereals,Paddy(Common),04-12-2024,742.00,Metric Tonnes
Andhra Pradesh,Nandyal,Nandyal APMC,Cereals,Paddy(Common),06-12-2024,1457.00,Metric Tonnes
Andhra Pradesh,Nandyal,Nandyal APMC,Cereals,Paddy(Common),27-01-2025,502.00,Metric Tonnes
Andhra Pradesh,Nandyal,Nandyal APMC,Cereals,Paddy(Common),28-01-2025,120.00,Metric Tonnes
Andhra Pradesh,Nandyal,Nandyal APMC,Cereals,Paddy(Common),29-01-2025,771.00,Metric Tonnes
Andhra Pradesh,Nandyal,Nandyal APMC,Cereals,Paddy(Common),30-01-2025,200.00,Metric Tonnes
Andhra Pradesh,Nandyal,Nandyal APMC,Cereals,Paddy(Common),03-02-2025,510.00,Metric Tonnes
Andhra Pradesh,Nandyal,Nandyal APMC,Cereals,Paddy(Common),04-02-2025,650.00,Metric Tonnes
Andhra Pradesh,Nandyal,Nandyal APMC,Cereals,Paddy(Common),05-02-2025,337.00,Metric Tonnes
Andhra Pradesh,Nandyal,Nandyal APMC,Cereals,Paddy(Common),06-02-2025,440.00,Metric Tonnes
Andhra Pradesh,Nandyal,Nandyal APMC,Cereals,Paddy(Common),10-02-2025,702.00,Metric Tonnes
Andhra Pradesh,Nandyal,Nandyal APMC,Cereals,Paddy(Common),11-02-2025,720.00,Metric Tonnes
Andhra Pradesh,Nandyal,Nandyal APMC,Cereals,Paddy(Common),12-02-2025,388.00,Metric Tonnes
Andhra Pradesh,Nandyal,Nandyal APMC,Cereals,Paddy(Common),15-02-2025,722.00,Metric Tonnes
Andhra Pradesh,Nandyal,Nandyal APMC,Cereals,Paddy(Common),24-02-2025,300.00,Metric Tonnes
Andhra Pradesh,Nandyal,Nandyal APMC,Cereals,Paddy(Common),27-02-2025,280.00,Metric Tonnes
Andhra Pradesh,Nandyal,Nandyal APMC,Cereals,Paddy(Common),28-02-2025,240.00,Metric Tonnes
Andhra Pradesh,Nandyal,Nandyal APMC,Cereals,Paddy(Common),04-03-2025,300.00,Metric Tonnes
Andhra Pradesh,Nandyal,Nandyal APMC,Cereals,Paddy(Common),06-03-2025,2253.00,Metric Tonnes
Andhra Pradesh,Nandyal,Nandyal APMC,Cereals,Paddy(Common),10-03-2025,300.00,Metric Tonnes
Andhra Pradesh,Nandyal,Nandyal APMC,Cereals,Paddy(Common),11-03-2025,255.00,Metric Tonnes
Andhra Pradesh,Nandyal,Nandyal APMC,Cereals,Paddy(Common),12-03-2025,249.00,Metric Tonnes
Andhra Pradesh,Nandyal,Nandyal APMC,Cereals,Paddy(Common),14-03-2025,253.00,Metric Tonnes
Andhra Pradesh,Nandyal,Nandyal APMC,Cereals,Paddy(Common),20-03-2025,210.00,Metric Tonnes
Andhra Pradesh,Nandyal,Nandyal APMC,Cereals,Paddy(Common),21-03-2025,220.00,Metric Tonnes
Andhra Pradesh,Nandyal,Nandyal APMC,Cereals,Paddy(Common),22-03-2025,190.00,Metric Tonnes
Andhra Pradesh,Nandyal,Nandyal APMC,Cereals,Paddy(Common),23-03-2025,200.00,Metric Tonnes
Andhra Pradesh,Nandyal,Nandyal APMC,Cereals,Paddy(Common),24-03-2025,190.00,Metric Tonnes
Andhra Pradesh,Nandyal,Nandyal APMC,Cereals,Paddy(Common),25-03-2025,270.00,Metric Tonnes
Andhra Pradesh,Nandyal,Nandyal APMC,Cereals,Paddy(Common),27-03-2025,490.00,Metric Tonnes
Andhra Pradesh,Nandyal,Nandyal APMC,Cereals,Paddy(Common),28-03-2025,1450.00,Metric Tonnes
Andhra Pradesh,Nandyal,Nandyal APMC,Cereals,Paddy(Common),29-03-2025,412.00,Metric Tonnes
Andhra Pradesh,Nandyal,Nandyal APMC,Cereals,Paddy(Common),30-03-2025,300.00,Metric Tonnes
Andhra Pradesh,Nandyal,Nandyal APMC,Cereals,Paddy(Common),31-03-2025,450.00,Metric Tonnes
Andhra Pradesh,Nandyal,Nandyal APMC,Cereals,Paddy(Common),01-04-2025,600.00,Metric Tonnes
Andhra Pradesh,Nandyal,Nandyal APMC,Cereals,Paddy(Common),02-04-2025,2083.00,Metric Tonnes
Andhra Pradesh,Nandyal,Nandyal APMC,Cereals,Paddy(Common),03-04-2025,3611.00,Metric Tonnes
Andhra Pradesh,Nandyal,Nandyal APMC,Cereals,Paddy(Common),04-04-2025,4005.00,Metric Tonnes
Andhra Pradesh,Nandyal,Nandyal APMC,Cereals,Paddy(Common),07-04-2025,3492.00,Metric Tonnes
Andhra Pradesh,Nandyal,Nandyal APMC,Cereals,Paddy(Common),08-04-2025,1802.00,Metric Tonnes
Andhra Pradesh,Nandyal,Nandyal APMC,Cereals,Paddy(Common),09-04-2025,4642.00,Metric Tonnes
Andhra Pradesh,Nandyal,Nandyal APMC,Cereals,Paddy(Common),10-04-2025,2159.00,Metric Tonnes
Andhra Pradesh,Nandyal,Nandyal APMC,Cereals,Paddy(Common),11-04-2025,4104.00,Metric Tonnes
Andhra Pradesh,Nandyal,Nandyal APMC,Cereals,Paddy(Common),15-04-2025,24977.00,Metric Tonnes
Andhra Pradesh,Nandyal,Nandyal APMC,Cereals,Paddy(Common),17-04-2025,5177.00,Metric Tonnes
Andhra Pradesh,Nandyal,Nandyal APMC,Cereals,Paddy(Common),19-04-2025,9367.00,Metric Tonnes
Andhra Pradesh,Nandyal,Nandyal APMC,Cereals,Paddy(Common),21-04-2025,3150.00,Metric Tonnes
Andhra Pradesh,Nandyal,Nandyal APMC,Cereals,Paddy(Common),23-04-2025,2023.00,Metric Tonnes
Andhra Pradesh,Nandyal,Nandyal APMC,Cereals,Paddy(Common),24-04-2025,9515.00,Metric Tonnes
Andhra Pradesh,Nandyal,Nandyal APMC,Cereals,Paddy(Common),25-04-2025,7057.00,Metric Tonnes
Andhra Pradesh,Nandyal,Nandyal APMC,Cereals,Paddy(Common),26-04-2025,24977.00,Metric Tonnes
Andhra Pradesh,Nandyal,Nandyal APMC,Cereals,Paddy(Common),28-04-2025,2100.00,Metric Tonnes
Andhra Pradesh,Nandyal,Nandyal APMC,Cereals,Paddy(Common),29-04-2025,15194.00,Metric Tonnes
Andhra Pradesh,Nandyal,Nandyal APMC,Cereals,Paddy(Common),30-04-2025,2969.00,Metric Tonnes
Andhra Pradesh,Nandyal,Nandyal APMC,Cereals,Paddy(Common),02-05-2025,1969.00,Metric Tonnes
Andhra Pradesh,Nandyal,Nandyal APMC,Cereals,Paddy(Common),03-05-2025,979.00,Metric Tonnes
Andhra Pradesh,Nandyal,Nandyal APMC,Cereals,Paddy(Common),06-05-2025,748.00,Metric Tonnes
Andhra Pradesh,Nandyal,Nandyal APMC,Cereals,Paddy(Common),07-05-2025,1117.00,Metric Tonnes
Andhra Pradesh,Nandyal,Nandyal APMC,Cereals,Paddy(Common),08-05-2025,1849.00,Metric Tonnes
Andhra Pradesh,Nandyal,Nandyal APMC,Cereals,Paddy(Common),09-05-2025,1534.00,Metric Tonnes
Andhra Pradesh,Nandyal,Nandyal APMC,Cereals,Paddy(Common),12-05-2025,1533.00,Metric Tonnes
Andhra Pradesh,Nandyal,Nandyal APMC,Cereals,Paddy(Common),13-05-2025,794.00,Metric Tonnes
Andhra Pradesh,Nandyal,Nandyal APMC,Cereals,Paddy(Common),15-05-2025,682.00,Metric Tonnes
Andhra Pradesh,Nandyal,Nandyal APMC,Cereals,Paddy(Common),16-05-2025,220.00,Metric Tonnes
Andhra Pradesh,Nandyal,Nandyal APMC,Cereals,Paddy(Common),17-05-2025,400.00,Metric Tonnes
Andhra Pradesh,Nandyal,Nandyal APMC,Cereals,Paddy(Common),19-05-2025,1364.00,Metric Tonnes
Andhra Pradesh,Nandyal,Nandyal APMC,Cereals,Paddy(Common),20-05-2025,502.00,Metric Tonnes
Andhra Pradesh,Nandyal,Nandyal APMC,Cereals,Paddy(Common),23-05-2025,187.00,Metric Tonnes
Andhra Pradesh,Nandyal,Nandyal APMC,Cereals,Paddy(Common),26-05-2025,435.00,Metric Tonnes
Andhra Pradesh,Nandyal,Nandyal APMC,Cereals,Paddy(Common),30-05-2025,575.00,Metric Tonnes
Andhra Pradesh,Nandyal,Nandyal APMC,Cereals,Paddy(Common),31-05-2025,450.00,Metric Tonnes
Andhra Pradesh,Nandyal,Nandyal APMC,Cereals,Paddy(Common),02-06-2025,525.00,Metric Tonnes
Andhra Pradesh,Nandyal,Nandyal APMC,Cereals,Paddy(Common),03-06-2025,675.00,Metric Tonnes
Andhra Pradesh,Nandyal,Nandyal APMC,Cereals,Paddy(Common),04-06-2025,318.00,Metric Tonnes
Andhra Pradesh,Nandyal,Nandyal APMC,Cereals,Paddy(Common),05-06-2025,650.00,Metric Tonnes
Andhra Pradesh,Nandyal,Nandyal APMC,Cereals,Paddy(Common),06-06-2025,225.00,Metric Tonnes
Andhra Pradesh,Nandyal,Nandyal APMC,Cereals,Paddy(Common),09-06-2025,687.00,Metric Tonnes
Andhra Pradesh,Nandyal,Nandyal APMC,Cereals,Paddy(Common),10-06-2025,637.00,Metric Tonnes
Andhra Pradesh,Nandyal,Nandyal APMC,Cereals,Paddy(Common),11-06-2025,300.00,Metric Tonnes
Andhra Pradesh,Nandyal,Nandyal APMC,Cereals,Paddy(Common),12-06-2025,705.00,Metric Tonnes
Andhra Pradesh,Nandyal,Nandyal APMC,Cereals,Paddy(Common),13-06-2025,944.00,Metric Tonnes
Andhra Pradesh,Nandyal,Nandyal APMC,Cereals,Paddy(Common),17-06-2025,364.00,Metric Tonnes
Andhra Pradesh,Nandyal,Nandyal APMC,Cereals,Paddy(Common),19-06-2025,1077.00,Metric Tonnes
Andhra Pradesh,Nandyal,Nandyal APMC,Cereals,Paddy(Common),20-06-2025,225.00,Metric Tonnes
Andhra Pradesh,Nandyal,Nandyal APMC,Cereals,Paddy(Common),23-06-2025,180.00,Metric Tonnes
Andhra Pradesh,Nandyal,Nandyal APMC,Cereals,Paddy(Common),26-06-2025,472.00,Metric Tonnes
Andhra Pradesh,Nandyal,Nandyal APMC,Cereals,Paddy(Common),27-06-2025,310.00,Metric Tonnes
Andhra Pradesh,Nandyal,Nandyal APMC,Cereals,Paddy(Common),30-06-2025,390.00,Metric Tonnes
Andhra Pradesh,Nandyal,Nandyal APMC,Cereals,Paddy(Common),01-07-2025,570.00,Metric Tonnes
Andhra Pradesh,Nandyal,Nandyal APMC,Cereals,Paddy(Common),07-07-2025,480.00,Metric Tonnes
Andhra Pradesh,Nandyal,Nandyal APMC,Cereals,Paddy(Common),08-07-2025,250.00,Metric Tonnes
Andhra Pradesh,Nandyal,Nandyal APMC,Cereals,Paddy(Common),09-07-2025,262.00,Metric Tonnes
Andhra Pradesh,Nandyal,Nandyal APMC,Cereals,Paddy(Common),11-07-2025,187.00,Metric Tonnes
Andhra Pradesh,Nandyal,Nandyal APMC,Cereals,Paddy(Common),17-07-2025,400.00,Metric Tonnes
Andhra Pradesh,Nandyal,Nandyal APMC,Cereals,Paddy(Common),19-07-2025,500.00,Metric Tonnes
Andhra Pradesh,Nandyal,Nandyal APMC,Cereals,Paddy(Common),24-07-2025,187.00,Metric Tonnes
Andhra Pradesh,Nandyal,Nandyal APMC,Cereals,Paddy(Common),26-07-2025,270.00,Metric Tonnes
Andhra Pradesh,Nandyal,Nandyal APMC,Cereals,Paddy(Common),30-07-2025,700.00,Metric Tonnes
Andhra Pradesh,Nandyal,Nandyal APMC,Cereals,Paddy(Common),31-07-2025,250.00,Metric Tonnes
Andhra Pradesh,Nandyal,Nandyal APMC,Cereals,Paddy(Common),06-08-2025,360.00,Metric Tonnes
Andhra Pradesh,Nandyal,Nandyal APMC,Cereals,Paddy(Common),11-08-2025,862.00,Metric Tonnes
Andhra Pradesh,Nandyal,Nandyal APMC,Cereals,Paddy(Common),29-08-2025,1658.00,Metric Tonnes
Andhra Pradesh,Nandyal,Nandyal APMC,Cereals,Paddy(Common),30-08-2025,270.00,Metric Tonnes
Andhra Pradesh,Nandyal,Nandyal APMC,Cereals,Paddy(Common),01-09-2025,1949.00,Metric Tonnes
Andhra Pradesh,Nandyal,Nandyal APMC,Cereals,Paddy(Common),02-09-2025,1455.00,Metric Tonnes
Andhra Pradesh,Nandyal,Nandyal APMC,Cereals,Paddy(Common),03-09-2025,712.00,Metric Tonnes
Andhra Pradesh,Nandyal,Nandyal APMC,Cereals,Paddy(Common),06-09-2025,1237.00,Metric Tonnes
Andhra Pradesh,Nandyal,Nandyal APMC,Cereals,Paddy(Common),08-09-2025,1525.00,Metric Tonnes
Andhra Pradesh,Nandyal,Nandyal APMC,Cereals,Paddy(Common),09-09-2025,1120.00,Metric Tonnes
Andhra Pradesh,Nandyal,Nandyal APMC,Cereals,Paddy(Common),10-09-2025,1268.00,Metric Tonnes
Andhra Pradesh,Nandyal,Nandyal APMC,Cereals,Paddy(Common),11-09-2025,779.00,Metric Tonnes
Andhra Pradesh,Nandyal,Nandyal APMC,Cereals,Paddy(Common),15-09-2025,1611.00,Metric Tonnes
Andhra Pradesh,Nandyal,Nandyal APMC,Cereals,Paddy(Common),18-09-2025,201.00,Metric Tonnes
Andhra Pradesh,Nandyal,Nandyal APMC,Cereals,Paddy(Common),19-09-2025,562.00,Metric Tonnes
Andhra Pradesh,Nandyal,Nandyal APMC,Cereals,Paddy(Common),20-09-2025,12045.00,Metric Tonnes
Andhra Pradesh,Nandyal,Nandyal APMC,Cereals,Paddy(Common),22-09-2025,1199.00,Metric Tonnes
Andhra Pradesh,Nandyal,Nandyal APMC,Cereals,Paddy(Common),23-09-2025,779.00,Metric Tonnes
Andhra Pradesh,Nandyal,Nandyal APMC,Cereals,Paddy(Common),25-09-2025,1560.00,Metric Tonnes
Andhra Pradesh,Nandyal,Nandyal APMC,Cereals,Paddy(Common),01-10-2025,1210.00,Metric Tonnes
Andhra Pradesh,Nandyal,Nandyal APMC,Cereals,Paddy(Common),03-10-2025,390.00,Metric Tonnes
Andhra Pradesh,Nandyal,Nandyal APMC,Cereals,Paddy(Common),06-10-2025,640.00,Metric Tonnes
Andhra Pradesh,Nandyal,Nandyal APMC,Cereals,Paddy(Common),09-10-2025,500.00,Metric Tonnes
Andhra Pradesh,Nandyal,Nandyal APMC,Cereals,Paddy(Common),13-10-2025,695.00,Metric Tonnes
Andhra Pradesh,Nandyal,Nandyal APMC,Cereals,Paddy(Common),14-10-2025,540.00,Metric Tonnes
Andhra Pradesh,Nandyal,Nandyal APMC,Cereals,Paddy(Common),15-10-2025,270.00,Metric Tonnes
Andhra Pradesh,Nandyal,Nandyal APMC,Cereals,Paddy(Common),21-10-2025,742.00,Metric Tonnes
Andhra Pradesh,Nandyal,Nandyal APMC,Cereals,Paddy(Common),27-10-2025,640.00,Metric Tonnes
Andhra Pradesh,Nandyal,Nandyal APMC,Cereals,Paddy(Common),28-10-2025,607.00,Metric Tonnes
Andhra Pradesh,Nandyal,Nandyal APMC,Cereals,Paddy(Common),01-11-2025,525.00,Metric Tonnes
Andhra Pradesh,Nandyal,Nandyal APMC,Cereals,Paddy(Common),03-11-2025,950.00,Metric Tonnes
Andhra Pradesh,Nandyal,Nandyal APMC,Cereals,Paddy(Common),04-11-2025,1040.00,Metric Tonnes
Andhra Pradesh,Nandyal,Nandyal APMC,Cereals,Paddy(Common),05-11-2025,924.00,Metric Tonnes
Andhra Pradesh,Nandyal,Nandyal APMC,Cereals,Paddy(Common),06-11-2025,487.00,Metric Tonnes
Andhra Pradesh,Nandyal,Nandyal APMC,Cereals,Paddy(Common),07-11-2025,577.00,Metric Tonnes
Andhra Pradesh,Nandyal,Nandyal APMC,Cereals,Paddy(Common),11-11-2025,2196.00,Metric Tonnes
Andhra Pradesh,Nandyal,Nandyal APMC,Cereals,Paddy(Common),12-11-2025,2320.00,Metric Tonnes
Andhra Pradesh,Nandyal,Nandyal APMC,Cereals,Paddy(Common),13-11-2025,1043.00,Metric Tonnes
Andhra Pradesh,Nandyal,Nandyal APMC,Cereals,Paddy(Common),14-11-2025,4275.00,Metric Tonnes
Andhra Pradesh,Nandyal,Nandyal APMC,Cereals,Paddy(Common),15-11-2025,230.00,Metric Tonnes
Andhra Pradesh,Nandyal,Nandyal APMC,Cereals,Paddy(Common),19-11-2025,4835.00,Metric Tonnes
Andhra Pradesh,Nandyal,Nandyal APMC,Cereals,Paddy(Common),20-11-2025,1790.00,Metric Tonnes
Andhra Pradesh,Nandyal,Nandyal APMC,Cereals,Paddy(Common),21-11-2025,4592.00,Metric Tonnes
Andhra Pradesh,Nandyal,Nandyal APMC,Cereals,Paddy(Common),22-11-2025,5942.00,Metric Tonnes
Andhra Pradesh,Nandyal,Nandyal APMC,Cereals,Paddy(Common),24-11-2025,2979.00,Metric Tonnes
Andhra Pradesh,Nandyal,Nandyal APMC,Cereals,Paddy(Common),25-11-2025,6190.00,Metric Tonnes
Andhra Pradesh,Nandyal,Nandyal APMC,Cereals,Paddy(Common),26-11-2025,3321.00,Metric Tonnes
Andhra Pradesh,Nandyal,Nandyal APMC,Cereals,Paddy(Common),28-11-2025,2790.00,Metric Tonnes
Andhra Pradesh,Nandyal,Nandyal APMC,Cereals,Paddy(Common),29-11-2025,2680.00,Metric Tonnes
Andhra Pradesh,Nandyal,Nandyal APMC,Cereals,Paddy(Common),01-12-2025,2860.00,Metric Tonnes
Andhra Pradesh,Nandyal,Nandyal APMC,Cereals,Paddy(Common),02-12-2025,3165.00,Metric Tonnes
Andhra Pradesh,Nandyal,Nandyal APMC,Cereals,Paddy(Common),03-12-2025,2756.00,Metric Tonnes
Andhra Pradesh,Nandyal,Nandyal APMC,Cereals,Paddy(Common),04-12-2025,2698.00,Metric Tonnes
Andhra Pradesh,Nandyal,Nandyal APMC,Cereals,Paddy(Common),05-12-2025,720.00,Metric Tonnes
Andhra Pradesh,Nandyal,Nandyal APMC,Cereals,Paddy(Common),06-12-2025,4015.00,Metric Tonnes
Andhra Pradesh,Nandyal,Nandyal APMC,Cereals,Paddy(Common),08-12-2025,3720.00,Metric Tonnes
Andhra Pradesh,Nandyal,Nandyal APMC,Cereals,Paddy(Common),09-12-2025,372.00,Metric Tonnes
Andhra Pradesh,Nandyal,Nandyal APMC,Cereals,Paddy(Common),10-12-2025,2085.00,Metric Tonnes
Andhra Pradesh,Nandyal,Nandyal APMC,Cereals,Paddy(Common),11-12-2025,5514.00,Metric Tonnes
Andhra Pradesh,Nandyal,Nandyal APMC,Cereals,Paddy(Common),12-12-2025,3222.00,Metric Tonnes
Andhra Pradesh,Nandyal,Nandyal APMC,Cereals,Paddy(Common),16-12-2025,495.00,Metric Tonnes
Andhra Pradesh,Nandyal,Nandyal APMC,Cereals,Paddy(Common),26-12-2025,502.00,Metric Tonnes
Andhra Pradesh,Nandyal,Nandyal APMC,Cereals,Paddy(Common),27-12-2025,375.00,Metric Tonnes
Andhra Pradesh,Nandyal,Nandyal APMC,Cereals,Paddy(Common),29-12-2025,250.00,Metric Tonnes
Andhra Pradesh,Nandyal,Nandyal APMC,Cereals,Paddy(Common),31-12-2025,270.00,Metric Tonnes
Andhra Pradesh,Nandyal,Nandyal APMC,Cereals,Paddy(Common),01-01-2026,105.00,Metric Tonnes
Andhra Pradesh,Nandyal,Nandyal APMC,Cereals,Paddy(Common),03-01-2026,492.00,Metric Tonnes
Andhra Pradesh,Nandyal,Nandyal APMC,Cereals,Paddy(Common),23-01-2026,195.00,Metric Tonnes
Andhra Pradesh,Nandyal,Nandyal APMC,Cereals,Paddy(Common),27-01-2026,830.00,Metric Tonnes
Andhra Pradesh,Nandyal,Nandyal APMC,Cereals,Paddy(Common),28-01-2026,1357.00,Metric Tonnes
Andhra Pradesh,Nandyal,Nandyal APMC,Cereals,Paddy(Common),29-01-2026,1870.00,Metric Tonnes
Andhra Pradesh,Nandyal,Nandyal APMC,Cereals,Paddy(Common),30-01-2026,840.00,Metric Tonnes
Andhra Pradesh,Nandyal,Nandyal APMC,Cereals,Paddy(Common),31-01-2026,360.00,Metric Tonnes
Andhra Pradesh,Nandyal,Nandyal APMC,Cereals,Paddy(Common),02-02-2026,100.00,Metric Tonnes
Andhra Pradesh,Nandyal,Nandyal APMC,Cereals,Paddy(Common),04-02-2026,299.00,Metric Tonnes
Andhra Pradesh,Nandyal,Nandyal APMC,Cereals,Paddy(Common),22-07-2026,720.00,Metric Tonnes
Andhra Pradesh,Nandyal,Nandyal APMC,Cereals,Paddy(Common),23-07-2026,475.00,Metric Tonnes
Andhra Pradesh,Nandyal,Nandyal APMC,Cereals,Paddy(Common),24-07-2026,0.10,Metric Tonnes
Andhra Pradesh,Nandyal,Nandyal APMC,Cereals,Paddy(Common),25-07-2026,0.10,Metric Tonnes
Andhra Pradesh,Nandyal,Nandyal APMC,Cereals,Paddy(Common),27-07-2026,0.10,Metric Tonnes
Andhra Pradesh,Nandyal,Nandyal APMC,Cereals,Paddy(Common),28-07-2026,0.10,Metric Tonnes
Andhra Pradesh,Nandyal,Nandyal APMC,Cereals,Paddy(Common),29-07-2026,0.10,Metric Tonnes
Andhra Pradesh,Nandyal,Nandyal APMC,Cereals,Paddy(Common),30-07-2026,0.10,Metric Tonnes
Andhra Pradesh,Nandyal,Nandyal APMC,Cereals,Paddy(Common),31-07-2026,0.10,Metric Tonnes
Andhra Pradesh,Nandyal,Nandyal APMC,Cereals,Paddy(Common),01-08-2026,0.10,Metric Tonnes
Andhra Pradesh,Nandyal,Nandyal APMC,Cereals,Paddy(Common),03-08-2026,0.10,Metric Tonnes
Andhra Pradesh,Nandyal,Nandyal APMC,Cereals,Paddy(Common),04-08-2026,0.10,Metric Tonnes
Andhra Pradesh,Nandyal,Nandyal APMC,Cereals,Paddy(Common),05-08-2026,0.10,Metric Tonnes
Andhra Pradesh,Nandyal,Nandyal APMC,Cereals,Paddy(Common),06-08-2026,0.10,Metric Tonnes
Andhra Pradesh,Nandyal,Nandyal APMC,Cereals,Paddy(Common),07-08-2026,0.10,Metric Tonnes
Andhra Pradesh,Nandyal,Panyam APMC,Cereals,Paddy(Common),24-07-2026,0.10,Metric Tonnes
Andhra Pradesh,Nandyal,Panyam APMC,Cereals,Paddy(Common),25-07-2026,0.10,Metric Tonnes
Andhra Pradesh,Nandyal,Panyam APMC,Cereals,Paddy(Common),28-07-2026,0.10,Metric Tonnes
Andhra Pradesh,Nandyal,Panyam APMC,Cereals,Paddy(Common),31-07-2026,0.20,Metric Tonnes
Andhra Pradesh,Nandyal,Panyam APMC,Cereals,Paddy(Common),04-08-2026,0.10,Metric Tonnes
Andhra Pradesh,Nandyal,Panyam APMC,Cereals,Paddy(Common),05-08-2026,0.20,Metric Tonnes
Andhra Pradesh,Palnadu,Durgi APMC,Cereals,Paddy(Common),23-07-2026,1.00,Metric Tonnes
Andhra Pradesh,Palnadu,Durgi APMC,Cereals,Paddy(Common),24-07-2026,1.00,Metric Tonnes
Andhra Pradesh,Palnadu,Durgi APMC,Cereals,Paddy(Common),25-07-2026,1.00,Metric Tonnes
Andhra Pradesh,Palnadu,Durgi APMC,Cereals,Paddy(Common),27-07-2026,1.00,Metric Tonnes
Andhra Pradesh,Palnadu,Durgi APMC,Cereals,Paddy(Common),28-07-2026,1.00,Metric Tonnes
Andhra Pradesh,Palnadu,Durgi APMC,Cereals,Paddy(Common),29-07-2026,1.00,Metric Tonnes
Andhra Pradesh,Palnadu,Durgi APMC,Cereals,Paddy(Common),30-07-2026,1.00,Metric Tonnes
Andhra Pradesh,Palnadu,Durgi APMC,Cereals,Paddy(Common),31-07-2026,1.00,Metric Tonnes
Andhra Pradesh,Palnadu,Durgi APMC,Cereals,Paddy(Common),03-08-2026,1.00,Metric Tonnes
Andhra Pradesh,Palnadu,Durgi APMC,Cereals,Paddy(Common),04-08-2026,1.00,Metric Tonnes
Andhra Pradesh,Palnadu,Durgi APMC,Cereals,Paddy(Common),05-08-2026,1.00,Metric Tonnes
Andhra Pradesh,Palnadu,Durgi APMC,Cereals,Paddy(Common),06-08-2026,1.00,Metric Tonnes
Andhra Pradesh,Palnadu,Durgi APMC,Cereals,Paddy(Common),07-08-2026,1.00,Metric Tonnes
Andhra Pradesh,Palnadu,Ipur APMC,Cereals,Paddy(Common),23-07-2026,1.00,Metric Tonnes
Andhra Pradesh,Palnadu,Ipur APMC,Cereals,Paddy(Common),24-07-2026,1.00,Metric Tonnes
Andhra Pradesh,Palnadu,Ipur APMC,Cereals,Paddy(Common),25-07-2026,1.00,Metric Tonnes
Andhra Pradesh,Palnadu,Ipur APMC,Cereals,Paddy(Common),27-07-2026,1.00,Metric Tonnes
Andhra Pradesh,Palnadu,Ipur APMC,Cereals,Paddy(Common),28-07-2026,1.00,Metric Tonnes
Andhra Pradesh,Palnadu,Ipur APMC,Cereals,Paddy(Common),29-07-2026,1.00,Metric Tonnes
Andhra Pradesh,Palnadu,Ipur APMC,Cereals,Paddy(Common),30-07-2026,1.00,Metric Tonnes
Andhra Pradesh,Palnadu,Ipur APMC,Cereals,Paddy(Common),31-07-2026,1.00,Metric Tonnes
Andhra Pradesh,Palnadu,Ipur APMC,Cereals,Paddy(Common),01-08-2026,1.00,Metric Tonnes
Andhra Pradesh,Palnadu,Ipur APMC,Cereals,Paddy(Common),03-08-2026,1.00,Metric Tonnes
Andhra Pradesh,Palnadu,Ipur APMC,Cereals,Paddy(Common),04-08-2026,1.00,Metric Tonnes
Andhra Pradesh,Palnadu,Ipur APMC,Cereals,Paddy(Common),05-08-2026,1.00,Metric Tonnes
Andhra Pradesh,Palnadu,Ipur APMC,Cereals,Paddy(Common),06-08-2026,1.00,Metric Tonnes
Andhra Pradesh,Palnadu,Ipur APMC,Cereals,Paddy(Common),07-08-2026,1.00,Metric Tonnes
Andhra Pradesh,Palnadu,Krosuru APMC,Cereals,Paddy(Common),23-07-2026,1.00,Metric Tonnes
Andhra Pradesh,Palnadu,Krosuru APMC,Cereals,Paddy(Common),24-07-2026,1.00,Metric Tonnes
Andhra Pradesh,Palnadu,Krosuru APMC,Cereals,Paddy(Common),25-07-2026,1.00,Metric Tonnes
Andhra Pradesh,Palnadu,Krosuru APMC,Cereals,Paddy(Common),26-07-2026,1.00,Metric Tonnes
Andhra Pradesh,Palnadu,Krosuru APMC,Cereals,Paddy(Common),27-07-2026,0.10,Metric Tonnes
Andhra Pradesh,Palnadu,Krosuru APMC,Cereals,Paddy(Common),28-07-2026,0.10,Metric Tonnes
Andhra Pradesh,Palnadu,Krosuru APMC,Cereals,Paddy(Common),29-07-2026,0.10,Metric Tonnes
Andhra Pradesh,Palnadu,Krosuru APMC,Cereals,Paddy(Common),30-07-2026,0.10,Metric Tonnes
Andhra Pradesh,Palnadu,Krosuru APMC,Cereals,Paddy(Common),31-07-2026,0.10,Metric Tonnes
Andhra Pradesh,Palnadu,Krosuru APMC,Cereals,Paddy(Common),01-08-2026,0.10,Metric Tonnes
Andhra Pradesh,Palnadu,Krosuru APMC,Cereals,Paddy(Common),03-08-2026,0.10,Metric Tonnes
Andhra Pradesh,Palnadu,Krosuru APMC,Cereals,Paddy(Common),04-08-2026,0.10,Metric Tonnes
Andhra Pradesh,Palnadu,Krosuru APMC,Cereals,Paddy(Common),05-08-2026,0.10,Metric Tonnes
Andhra Pradesh,Palnadu,Krosuru APMC,Cereals,Paddy(Common),06-08-2026,0.10,Metric Tonnes
Andhra Pradesh,Palnadu,Krosuru APMC,Cereals,Paddy(Common),07-08-2026,0.10,Metric Tonnes
Andhra Pradesh,Palnadu,Macharla APMC,Cereals,Paddy(Common),22-07-2026,0.10,Metric Tonnes
Andhra Pradesh,Palnadu,Macharla APMC,Cereals,Paddy(Common),23-07-2026,0.10,Metric Tonnes
Andhra Pradesh,Palnadu,Macharla APMC,Cereals,Paddy(Common),24-07-2026,0.10,Metric Tonnes
Andhra Pradesh,Palnadu,Macharla APMC,Cereals,Paddy(Common),25-07-2026,0.10,Metric Tonnes
Andhra Pradesh,Palnadu,Macharla APMC,Cereals,Paddy(Common),27-07-2026,0.10,Metric Tonnes
Andhra Pradesh,Palnadu,Macharla APMC,Cereals,Paddy(Common),28-07-2026,0.10,Metric Tonnes
Andhra Pradesh,Palnadu,Macharla APMC,Cereals,Paddy(Common),29-07-2026,0.10,Metric Tonnes
Andhra Pradesh,Palnadu,Macharla APMC,Cereals,Paddy(Common),30-07-2026,0.10,Metric Tonnes
Andhra Pradesh,Palnadu,Macharla APMC,Cereals,Paddy(Common),31-07-2026,0.10,Metric Tonnes
Andhra Pradesh,Palnadu,Macharla APMC,Cereals,Paddy(Common),01-08-2026,0.10,Metric Tonnes
Andhra Pradesh,Palnadu,Macharla APMC,Cereals,Paddy(Common),03-08-2026,0.10,Metric Tonnes
Andhra Pradesh,Palnadu,Macharla APMC,Cereals,Paddy(Common),04-08-2026,0.10,Metric Tonnes
Andhra Pradesh,Palnadu,Macharla APMC,Cereals,Paddy(Common),05-08-2026,0.10,Metric Tonnes
Andhra Pradesh,Palnadu,Macharla APMC,Cereals,Paddy(Common),06-08-2026,0.10,Metric Tonnes
Andhra Pradesh,Palnadu,Macharla APMC,Cereals,Paddy(Common),07-08-2026,0.10,Metric Tonnes
Andhra Pradesh,Palnadu,Narasaraopet APMC,Cereals,Paddy(Common),22-07-2026,0.08,Metric Tonnes
Andhra Pradesh,Palnadu,Narasaraopet APMC,Cereals,Paddy(Common),23-07-2026,0.10,Metric Tonnes
Andhra Pradesh,Palnadu,Narasaraopet APMC,Cereals,Paddy(Common),24-07-2026,0.10,Metric Tonnes
Andhra Pradesh,Palnadu,Narasaraopet APMC,Cereals,Paddy(Common),25-07-2026,0.10,Metric Tonnes
Andhra Pradesh,Palnadu,Narasaraopet APMC,Cereals,Paddy(Common),27-07-2026,0.10,Metric Tonnes
Andhra Pradesh,Palnadu,Narasaraopet APMC,Cereals,Paddy(Common),28-07-2026,0.10,Metric Tonnes
Andhra Pradesh,Palnadu,Narasaraopet APMC,Cereals,Paddy(Common),29-07-2026,0.10,Metric Tonnes
Andhra Pradesh,Palnadu,Narasaraopet APMC,Cereals,Paddy(Common),30-07-2026,0.10,Metric Tonnes
Andhra Pradesh,Palnadu,Narasaraopet APMC,Cereals,Paddy(Common),31-07-2026,0.10,Metric Tonnes
Andhra Pradesh,Palnadu,Narasaraopet APMC,Cereals,Paddy(Common),01-08-2026,0.10,Metric Tonnes
Andhra Pradesh,Palnadu,Narasaraopet APMC,Cereals,Paddy(Common),03-08-2026,0.10,Metric Tonnes
Andhra Pradesh,Palnadu,Narasaraopet APMC,Cereals,Paddy(Common),04-08-2026,0.10,Metric Tonnes
Andhra Pradesh,Palnadu,Narasaraopet APMC,Cereals,Paddy(Common),05-08-2026,0.10,Metric Tonnes
Andhra Pradesh,Palnadu,Narasaraopet APMC,Cereals,Paddy(Common),06-08-2026,0.10,Metric Tonnes
Andhra Pradesh,Palnadu,Narasaraopet APMC,Cereals,Paddy(Common),07-08-2026,0.10,Metric Tonnes
Andhra Pradesh,Palnadu,Pidugurala APMC,Cereals,Paddy(Common),23-07-2026,1.00,Metric Tonnes
Andhra Pradesh,Palnadu,Pidugurala APMC,Cereals,Paddy(Common),24-07-2026,2.00,Metric Tonnes
Andhra Pradesh,Palnadu,Pidugurala APMC,Cereals,Paddy(Common),27-07-2026,1.00,Metric Tonnes
Andhra Pradesh,Palnadu,Pidugurala APMC,Cereals,Paddy(Common),28-07-2026,1.00,Metric Tonnes
Andhra Pradesh,Palnadu,Pidugurala APMC,Cereals,Paddy(Common),29-07-2026,1.00,Metric Tonnes
Andhra Pradesh,Palnadu,Pidugurala APMC,Cereals,Paddy(Common),30-07-2026,0.10,Metric Tonnes
Andhra Pradesh,Palnadu,Pidugurala APMC,Cereals,Paddy(Common),31-07-2026,1.00,Metric Tonnes
Andhra Pradesh,Palnadu,Pidugurala APMC,Cereals,Paddy(Common),01-08-2026,1.00,Metric Tonnes
Andhra Pradesh,Palnadu,Pidugurala APMC,Cereals,Paddy(Common),03-08-2026,0.10,Metric Tonnes
Andhra Pradesh,Palnadu,Pidugurala APMC,Cereals,Paddy(Common),04-08-2026,0.10,Metric Tonnes
Andhra Pradesh,Palnadu,Pidugurala APMC,Cereals,Paddy(Common),05-08-2026,0.10,Metric Tonnes
Andhra Pradesh,Palnadu,Pidugurala APMC,Cereals,Paddy(Common),06-08-2026,1.00,Metric Tonnes
Andhra Pradesh,Palnadu,Pidugurala APMC,Cereals,Paddy(Common),07-08-2026,1.00,Metric Tonnes
Andhra Pradesh,Palnadu,Rajupalem APMC,Cereals,Paddy(Common),23-07-2026,0.10,Metric Tonnes
Andhra Pradesh,Palnadu,Rajupalem APMC,Cereals,Paddy(Common),24-07-2026,0.10,Metric Tonnes
Andhra Pradesh,Palnadu,Rajupalem APMC,Cereals,Paddy(Common),25-07-2026,0.10,Metric Tonnes
Andhra Pradesh,Palnadu,Rajupalem APMC,Cereals,Paddy(Common),27-07-2026,0.10,Metric Tonnes
Andhra Pradesh,Palnadu,Rajupalem APMC,Cereals,Paddy(Common),28-07-2026,0.10,Metric Tonnes
Andhra Pradesh,Palnadu,Rajupalem APMC,Cereals,Paddy(Common),29-07-2026,0.10,Metric Tonnes
Andhra Pradesh,Palnadu,Rajupalem APMC,Cereals,Paddy(Common),30-07-2026,0.10,Metric Tonnes
Andhra Pradesh,Palnadu,Rajupalem APMC,Cereals,Paddy(Common),31-07-2026,0.10,Metric Tonnes
Andhra Pradesh,Palnadu,Rajupalem APMC,Cereals,Paddy(Common),01-08-2026,0.10,Metric Tonnes
Andhra Pradesh,Palnadu,Rajupalem APMC,Cereals,Paddy(Common),03-08-2026,0.10,Metric Tonnes
Andhra Pradesh,Palnadu,Rajupalem APMC,Cereals,Paddy(Common),04-08-2026,0.10,Metric Tonnes
Andhra Pradesh,Palnadu,Rajupalem APMC,Cereals,Paddy(Common),05-08-2026,0.10,Metric Tonnes
Andhra Pradesh,Palnadu,Rajupalem APMC,Cereals,Paddy(Common),06-08-2026,0.10,Metric Tonnes
Andhra Pradesh,Palnadu,Rajupalem APMC,Cereals,Paddy(Common),07-08-2026,0.10,Metric Tonnes
Andhra Pradesh,Palnadu,Rompicherla APMC,Cereals,Paddy(Common),23-07-2026,1.00,Metric Tonnes
Andhra Pradesh,Palnadu,Rompicherla APMC,Cereals,Paddy(Common),24-07-2026,0.08,Metric Tonnes
Andhra Pradesh,Palnadu,Rompicherla APMC,Cereals,Paddy(Common),25-07-2026,0.10,Metric Tonnes
Andhra Pradesh,Palnadu,Rompicherla APMC,Cereals,Paddy(Common),26-07-2026,0.10,Metric Tonnes
Andhra Pradesh,Palnadu,Rompicherla APMC,Cereals,Paddy(Common),27-07-2026,0.10,Metric Tonnes
Andhra Pradesh,Palnadu,Rompicherla APMC,Cereals,Paddy(Common),28-07-2026,0.10,Metric Tonnes
Andhra Pradesh,Palnadu,Rompicherla APMC,Cereals,Paddy(Common),29-07-2026,0.10,Metric Tonnes
Andhra Pradesh,Palnadu,Rompicherla APMC,Cereals,Paddy(Common),30-07-2026,0.10,Metric Tonnes
Andhra Pradesh,Palnadu,Rompicherla APMC,Cereals,Paddy(Common),31-07-2026,0.10,Metric Tonnes
Andhra Pradesh,Palnadu,Rompicherla APMC,Cereals,Paddy(Common),01-08-2026,0.10,Metric Tonnes
Andhra Pradesh,Palnadu,Rompicherla APMC,Cereals,Paddy(Common),03-08-2026,0.10,Metric Tonnes
Andhra Pradesh,Palnadu,Rompicherla APMC,Cereals,Paddy(Common),04-08-2026,0.10,Metric Tonnes
Andhra Pradesh,Palnadu,Rompicherla APMC,Cereals,Paddy(Common),05-08-2026,0.10,Metric Tonnes
Andhra Pradesh,Palnadu,Rompicherla APMC,Cereals,Paddy(Common),06-08-2026,0.10,Metric Tonnes
Andhra Pradesh,Palnadu,Rompicherla APMC,Cereals,Paddy(Common),07-08-2026,0.10,Metric Tonnes
Andhra Pradesh,Palnadu,Sattenapalli APMC,Cereals,Paddy(Common),23-07-2026,1.00,Metric Tonnes
Andhra Pradesh,Palnadu,Sattenapalli APMC,Cereals,Paddy(Common),24-07-2026,0.08,Metric Tonnes
Andhra Pradesh,Palnadu,Sattenapalli APMC,Cereals,Paddy(Common),25-07-2026,0.10,Metric Tonnes
Andhra Pradesh,Palnadu,Sattenapalli APMC,Cereals,Paddy(Common),27-07-2026,0.10,Metric Tonnes
Andhra Pradesh,Palnadu,Sattenapalli APMC,Cereals,Paddy(Common),28-07-2026,0.10,Metric Tonnes
Andhra Pradesh,Palnadu,Sattenapalli APMC,Cereals,Paddy(Common),29-07-2026,0.10,Metric Tonnes
Andhra Pradesh,Palnadu,Sattenapalli APMC,Cereals,Paddy(Common),30-07-2026,0.10,Metric Tonnes
Andhra Pradesh,Palnadu,Sattenapalli APMC,Cereals,Paddy(Common),01-08-2026,0.10,Metric Tonnes
Andhra Pradesh,Palnadu,Sattenapalli APMC,Cereals,Paddy(Common),03-08-2026,1.00,Metric Tonnes
Andhra Pradesh,Palnadu,Sattenapalli APMC,Cereals,Paddy(Common),04-08-2026,0.10,Metric Tonnes
Andhra Pradesh,Palnadu,Sattenapalli APMC,Cereals,Paddy(Common),05-08-2026,0.10,Metric Tonnes
Andhra Pradesh,Palnadu,Sattenapalli APMC,Cereals,Paddy(Common),06-08-2026,0.10,Metric Tonnes
Andhra Pradesh,Palnadu,Sattenapalli APMC,Cereals,Paddy(Common),07-08-2026,0.10,Metric Tonnes
Andhra Pradesh,Palnadu,Vinukonda APMC,Cereals,Paddy(Common),24-07-2026,1.00,Metric Tonnes
Andhra Pradesh,Palnadu,Vinukonda APMC,Cereals,Paddy(Common),25-07-2026,1.00,Metric Tonnes
Andhra Pradesh,Palnadu,Vinukonda APMC,Cereals,Paddy(Common),27-07-2026,1.00,Metric Tonnes
Andhra Pradesh,Palnadu,Vinukonda APMC,Cereals,Paddy(Common),28-07-2026,1.00,Metric Tonnes
Andhra Pradesh,Palnadu,Vinukonda APMC,Cereals,Paddy(Common),29-07-2026,1.00,Metric Tonnes
Andhra Pradesh,Palnadu,Vinukonda APMC,Cereals,Paddy(Common),30-07-2026,1.00,Metric Tonnes
Andhra Pradesh,Palnadu,Vinukonda APMC,Cereals,Paddy(Common),31-07-2026,1.00,Metric Tonnes
Andhra Pradesh,Palnadu,Vinukonda APMC,Cereals,Paddy(Common),01-08-2026,1.00,Metric Tonnes
Andhra Pradesh,Palnadu,Vinukonda APMC,Cereals,Paddy(Common),04-08-2026,1.00,Metric Tonnes
Andhra Pradesh,Palnadu,Vinukonda APMC,Cereals,Paddy(Common),05-08-2026,1.00,Metric Tonnes
Andhra Pradesh,Palnadu,Vinukonda APMC,Cereals,Paddy(Common),06-08-2026,1.00,Metric Tonnes
Andhra Pradesh,Palnadu,Vinukonda APMC,Cereals,Paddy(Common),07-08-2026,1.00,Metric Tonnes
Andhra Pradesh,Parvathipuram Manyam,Palakonda APMC,Cereals,Paddy(Common),23-07-2026,0.10,Metric Tonnes
Andhra Pradesh,Parvathipuram Manyam,Palakonda APMC,Cereals,Paddy(Common),24-07-2026,0.10,Metric Tonnes
Andhra Pradesh,Parvathipuram Manyam,Palakonda APMC,Cereals,Paddy(Common),25-07-2026,0.10,Metric Tonnes
Andhra Pradesh,Parvathipuram Manyam,Palakonda APMC,Cereals,Paddy(Common),27-07-2026,0.10,Metric Tonnes
Andhra Pradesh,Parvathipuram Manyam,Palakonda APMC,Cereals,Paddy(Common),28-07-2026,0.10,Metric Tonnes
Andhra Pradesh,Parvathipuram Manyam,Palakonda APMC,Cereals,Paddy(Common),29-07-2026,0.10,Metric Tonnes
Andhra Pradesh,Parvathipuram Manyam,Palakonda APMC,Cereals,Paddy(Common),30-07-2026,0.20,Metric Tonnes
Andhra Pradesh,Parvathipuram Manyam,Palakonda APMC,Cereals,Paddy(Common),31-07-2026,0.10,Metric Tonnes
Andhra Pradesh,Parvathipuram Manyam,Palakonda APMC,Cereals,Paddy(Common),01-08-2026,0.10,Metric Tonnes
Andhra Pradesh,Parvathipuram Manyam,Palakonda APMC,Cereals,Paddy(Common),03-08-2026,0.10,Metric Tonnes
Andhra Pradesh,Parvathipuram Manyam,Palakonda APMC,Cereals,Paddy(Common),04-08-2026,0.10,Metric Tonnes
Andhra Pradesh,Parvathipuram Manyam,Palakonda APMC,Cereals,Paddy(Common),05-08-2026,0.10,Metric Tonnes
Andhra Pradesh,Parvathipuram Manyam,Palakonda APMC,Cereals,Paddy(Common),06-08-2026,0.10,Metric Tonnes
Andhra Pradesh,Parvathipuram Manyam,Palakonda APMC,Cereals,Paddy(Common),07-08-2026,0.10,Metric Tonnes
Andhra Pradesh,Polavaram,Rampachodvaram APMC,Cereals,Paddy(Common),12-11-2025,1.00,Metric Tonnes
Andhra Pradesh,Polavaram,Rampachodvaram APMC,Cereals,Paddy(Common),13-11-2025,1.10,Metric Tonnes
Andhra Pradesh,Polavaram,Rampachodvaram APMC,Cereals,Paddy(Common),14-11-2025,1.50,Metric Tonnes
Andhra Pradesh,Polavaram,Rampachodvaram APMC,Cereals,Paddy(Common),15-11-2025,1.50,Metric Tonnes
Andhra Pradesh,Polavaram,Rampachodvaram APMC,Cereals,Paddy(Common),17-11-2025,1.60,Metric Tonnes
Andhra Pradesh,Polavaram,Rampachodvaram APMC,Cereals,Paddy(Common),18-11-2025,1.70,Metric Tonnes
Andhra Pradesh,Polavaram,Rampachodvaram APMC,Cereals,Paddy(Common),19-11-2025,2.00,Metric Tonnes
Andhra Pradesh,Polavaram,Rampachodvaram APMC,Cereals,Paddy(Common),20-11-2025,2.50,Metric Tonnes
Andhra Pradesh,Polavaram,Rampachodvaram APMC,Cereals,Paddy(Common),22-11-2025,2.50,Metric Tonnes
Andhra Pradesh,Polavaram,Rampachodvaram APMC,Cereals,Paddy(Common),24-11-2025,2.50,Metric Tonnes
Andhra Pradesh,Polavaram,Rampachodvaram APMC,Cereals,Paddy(Common),26-11-2025,3.00,Metric Tonnes
Andhra Pradesh,Polavaram,Rampachodvaram APMC,Cereals,Paddy(Common),27-11-2025,2.50,Metric Tonnes
Andhra Pradesh,Polavaram,Rampachodvaram APMC,Cereals,Paddy(Common),28-11-2025,1.70,Metric Tonnes
Andhra Pradesh,Polavaram,Rampachodvaram APMC,Cereals,Paddy(Common),29-11-2025,2.50,Metric Tonnes
Andhra Pradesh,Polavaram,Rampachodvaram APMC,Cereals,Paddy(Common),01-12-2025,2.50,Metric Tonnes
Andhra Pradesh,Polavaram,Rampachodvaram APMC,Cereals,Paddy(Common),02-12-2025,3.00,Metric Tonnes
Andhra Pradesh,Polavaram,Rampachodvaram APMC,Cereals,Paddy(Common),03-12-2025,2.50,Metric Tonnes
Andhra Pradesh,Polavaram,Rampachodvaram APMC,Cereals,Paddy(Common),04-12-2025,2.50,Metric Tonnes
Andhra Pradesh,Polavaram,Rampachodvaram APMC,Cereals,Paddy(Common),05-12-2025,2.50,Metric Tonnes
Andhra Pradesh,Polavaram,Rampachodvaram APMC,Cereals,Paddy(Common),06-12-2025,3.00,Metric Tonnes
Andhra Pradesh,Polavaram,Rampachodvaram APMC,Cereals,Paddy(Common),08-12-2025,3.00,Metric Tonnes
Andhra Pradesh,Polavaram,Rampachodvaram APMC,Cereals,Paddy(Common),09-12-2025,3.00,Metric Tonnes
Andhra Pradesh,Polavaram,Rampachodvaram APMC,Cereals,Paddy(Common),10-12-2025,3.00,Metric Tonnes
Andhra Pradesh,Polavaram,Rampachodvaram APMC,Cereals,Paddy(Common),11-12-2025,2.50,Metric Tonnes
Andhra Pradesh,Polavaram,Rampachodvaram APMC,Cereals,Paddy(Common),12-12-2025,3.00,Metric Tonnes
Andhra Pradesh,Polavaram,Rampachodvaram APMC,Cereals,Paddy(Common),15-12-2025,2.00,Metric Tonnes
Andhra Pradesh,Polavaram,Rampachodvaram APMC,Cereals,Paddy(Common),16-12-2025,3.00,Metric Tonnes
Andhra Pradesh,Polavaram,Rampachodvaram APMC,Cereals,Paddy(Common),17-12-2025,3.50,Metric Tonnes
Andhra Pradesh,Polavaram,Rampachodvaram APMC,Cereals,Paddy(Common),18-12-2025,3.00,Metric Tonnes
Andhra Pradesh,Polavaram,Rampachodvaram APMC,Cereals,Paddy(Common),19-12-2025,3.00,Metric Tonnes
Andhra Pradesh,Polavaram,Rampachodvaram APMC,Cereals,Paddy(Common),20-12-2025,2.50,Metric Tonnes
Andhra Pradesh,Polavaram,Rampachodvaram APMC,Cereals,Paddy(Common),22-12-2025,3.00,Metric Tonnes
Andhra Pradesh,Polavaram,Rampachodvaram APMC,Cereals,Paddy(Common),23-12-2025,3.00,Metric Tonnes
Andhra Pradesh,Polavaram,Rampachodvaram APMC,Cereals,Paddy(Common),24-12-2025,3.50,Metric Tonnes
Andhra Pradesh,Polavaram,Rampachodvaram APMC,Cereals,Paddy(Common),26-12-2025,3.00,Metric Tonnes
Andhra Pradesh,Polavaram,Rampachodvaram APMC,Cereals,Paddy(Common),27-12-2025,2.50,Metric Tonnes
Andhra Pradesh,Polavaram,Rampachodvaram APMC,Cereals,Paddy(Common),29-12-2025,3.00,Metric Tonnes
Andhra Pradesh,Polavaram,Rampachodvaram APMC,Cereals,Paddy(Common),30-12-2025,3.50,Metric Tonnes
Andhra Pradesh,Polavaram,Rampachodvaram APMC,Cereals,Paddy(Common),31-12-2025,3.50,Metric Tonnes
Andhra Pradesh,Polavaram,Rampachodvaram APMC,Cereals,Paddy(Common),02-01-2026,2.50,Metric Tonnes
Andhra Pradesh,Polavaram,Rampachodvaram APMC,Cereals,Paddy(Common),03-01-2026,3.00,Metric Tonnes
Andhra Pradesh,Polavaram,Rampachodvaram APMC,Cereals,Paddy(Common),05-01-2026,2.00,Metric Tonnes
Andhra Pradesh,Polavaram,Rampachodvaram APMC,Cereals,Paddy(Common),06-01-2026,3.00,Metric Tonnes
Andhra Pradesh,Polavaram,Rampachodvaram APMC,Cereals,Paddy(Common),07-01-2026,3.00,Metric Tonnes
Andhra Pradesh,Polavaram,Rampachodvaram APMC,Cereals,Paddy(Common),08-01-2026,3.50,Metric Tonnes
Andhra Pradesh,Polavaram,Rampachodvaram APMC,Cereals,Paddy(Common),09-01-2026,3.50,Metric Tonnes
Andhra Pradesh,Polavaram,Rampachodvaram APMC,Cereals,Paddy(Common),12-01-2026,3.00,Metric Tonnes
Andhra Pradesh,Polavaram,Rampachodvaram APMC,Cereals,Paddy(Common),13-01-2026,2.50,Metric Tonnes
Andhra Pradesh,Polavaram,Rampachodvaram APMC,Cereals,Paddy(Common),19-01-2026,3.00,Metric Tonnes
Andhra Pradesh,Polavaram,Rampachodvaram APMC,Cereals,Paddy(Common),20-01-2026,2.50,Metric Tonnes
Andhra Pradesh,Polavaram,Rampachodvaram APMC,Cereals,Paddy(Common),23-01-2026,3.00,Metric Tonnes
Andhra Pradesh,Polavaram,Rampachodvaram APMC,Cereals,Paddy(Common),24-01-2026,2.50,Metric Tonnes
Andhra Pradesh,Polavaram,Rampachodvaram APMC,Cereals,Paddy(Common),27-01-2026,3.00,Metric Tonnes
Andhra Pradesh,Polavaram,Rampachodvaram APMC,Cereals,Paddy(Common),29-01-2026,3.00,Metric Tonnes
Andhra Pradesh,Polavaram,Rampachodvaram APMC,Cereals,Paddy(Common),04-02-2026,3.50,Metric Tonnes
Andhra Pradesh,Polavaram,Rampachodvaram APMC,Cereals,Paddy(Common),07-02-2026,3.50,Metric Tonnes
Andhra Pradesh,Polavaram,Rampachodvaram APMC,Cereals,Paddy(Common),09-02-2026,3.50,Metric Tonnes
Andhra Pradesh,Polavaram,Rampachodvaram APMC,Cereals,Paddy(Common),13-02-2026,3.50,Metric Tonnes
Andhra Pradesh,Polavaram,Rampachodvaram APMC,Cereals,Paddy(Common),25-07-2026,0.10,Metric Tonnes
Andhra Pradesh,Polavaram,Rampachodvaram APMC,Cereals,Paddy(Common),27-07-2026,0.10,Metric Tonnes
Andhra Pradesh,Polavaram,Rampachodvaram APMC,Cereals,Paddy(Common),28-07-2026,0.10,Metric Tonnes
Andhra Pradesh,Polavaram,Rampachodvaram APMC,Cereals,Paddy(Common),29-07-2026,0.20,Metric Tonnes
Andhra Pradesh,Polavaram,Rampachodvaram APMC,Cereals,Paddy(Common),30-07-2026,0.20,Metric Tonnes
Andhra Pradesh,Polavaram,Rampachodvaram APMC,Cereals,Paddy(Common),31-07-2026,0.10,Metric Tonnes
Andhra Pradesh,Polavaram,Rampachodvaram APMC,Cereals,Paddy(Common),01-08-2026,0.10,Metric Tonnes
Andhra Pradesh,Polavaram,Rampachodvaram APMC,Cereals,Paddy(Common),03-08-2026,0.10,Metric Tonnes
Andhra Pradesh,Polavaram,Rampachodvaram APMC,Cereals,Paddy(Common),04-08-2026,0.20,Metric Tonnes
Andhra Pradesh,Polavaram,Rampachodvaram APMC,Cereals,Paddy(Common),05-08-2026,0.10,Metric Tonnes
Andhra Pradesh,Polavaram,Rampachodvaram APMC,Cereals,Paddy(Common),06-08-2026,0.10,Metric Tonnes
Andhra Pradesh,Polavaram,Rampachodvaram APMC,Cereals,Paddy(Common),07-08-2026,0.20,Metric Tonnes
Andhra Pradesh,Prakasam,Addanki APMC,Cereals,Paddy(Common),22-07-2026,0.10,Metric Tonnes
Andhra Pradesh,Prakasam,Addanki APMC,Cereals,Paddy(Common),23-07-2026,0.10,Metric Tonnes
Andhra Pradesh,Prakasam,Addanki APMC,Cereals,Paddy(Common),24-07-2026,0.10,Metric Tonnes
Andhra Pradesh,Prakasam,Addanki APMC,Cereals,Paddy(Common),25-07-2026,0.10,Metric Tonnes
Andhra Pradesh,Prakasam,Addanki APMC,Cereals,Paddy(Common),26-07-2026,0.10,Metric Tonnes
Andhra Pradesh,Prakasam,Addanki APMC,Cereals,Paddy(Common),27-07-2026,0.10,Metric Tonnes
Andhra Pradesh,Prakasam,Addanki APMC,Cereals,Paddy(Common),28-07-2026,0.10,Metric Tonnes
Andhra Pradesh,Prakasam,Addanki APMC,Cereals,Paddy(Common),29-07-2026,0.10,Metric Tonnes
Andhra Pradesh,Prakasam,Addanki APMC,Cereals,Paddy(Common),30-07-2026,0.10,Metric Tonnes
Andhra Pradesh,Prakasam,Addanki APMC,Cereals,Paddy(Common),31-07-2026,0.10,Metric Tonnes
Andhra Pradesh,Prakasam,Addanki APMC,Cereals,Paddy(Common),01-08-2026,0.10,Metric Tonnes
Andhra Pradesh,Prakasam,Addanki APMC,Cereals,Paddy(Common),02-08-2026,0.10,Metric Tonnes
Andhra Pradesh,Prakasam,Addanki APMC,Cereals,Paddy(Common),03-08-2026,0.10,Metric Tonnes
Andhra Pradesh,Prakasam,Addanki APMC,Cereals,Paddy(Common),04-08-2026,0.10,Metric Tonnes
Andhra Pradesh,Prakasam,Addanki APMC,Cereals,Paddy(Common),05-08-2026,0.10,Metric Tonnes
Andhra Pradesh,Prakasam,Addanki APMC,Cereals,Paddy(Common),06-08-2026,0.10,Metric Tonnes
Andhra Pradesh,Prakasam,Addanki APMC,Cereals,Paddy(Common),07-08-2026,0.10,Metric Tonnes
Andhra Pradesh,Prakasam,Darsi APMC,Cereals,Paddy(Common),22-07-2026,0.10,Metric Tonnes
Andhra Pradesh,Prakasam,Darsi APMC,Cereals,Paddy(Common),23-07-2026,0.10,Metric Tonnes
Andhra Pradesh,Prakasam,Darsi APMC,Cereals,Paddy(Common),24-07-2026,0.10,Metric Tonnes
Andhra Pradesh,Prakasam,Darsi APMC,Cereals,Paddy(Common),25-07-2026,0.10,Metric Tonnes
Andhra Pradesh,Prakasam,Darsi APMC,Cereals,Paddy(Common),26-07-2026,0.10,Metric Tonnes
Andhra Pradesh,Prakasam,Darsi APMC,Cereals,Paddy(Common),27-07-2026,0.10,Metric Tonnes
Andhra Pradesh,Prakasam,Darsi APMC,Cereals,Paddy(Common),28-07-2026,0.10,Metric Tonnes
Andhra Pradesh,Prakasam,Darsi APMC,Cereals,Paddy(Common),29-07-2026,0.10,Metric Tonnes
Andhra Pradesh,Prakasam,Darsi APMC,Cereals,Paddy(Common),30-07-2026,0.10,Metric Tonnes
Andhra Pradesh,Prakasam,Darsi APMC,Cereals,Paddy(Common),31-07-2026,0.10,Metric Tonnes
Andhra Pradesh,Prakasam,Darsi APMC,Cereals,Paddy(Common),01-08-2026,0.10,Metric Tonnes
Andhra Pradesh,Prakasam,Darsi APMC,Cereals,Paddy(Common),02-08-2026,0.10,Metric Tonnes
Andhra Pradesh,Prakasam,Darsi APMC,Cereals,Paddy(Common),03-08-2026,0.10,Metric Tonnes
Andhra Pradesh,Prakasam,Darsi APMC,Cereals,Paddy(Common),04-08-2026,0.10,Metric Tonnes
Andhra Pradesh,Prakasam,Darsi APMC,Cereals,Paddy(Common),05-08-2026,0.10,Metric Tonnes
Andhra Pradesh,Prakasam,Darsi APMC,Cereals,Paddy(Common),06-08-2026,0.10,Metric Tonnes
Andhra Pradesh,Prakasam,Darsi APMC,Cereals,Paddy(Common),07-08-2026,0.10,Metric Tonnes
Andhra Pradesh,Prakasam,Kandukur APMC,Cereals,Paddy(Common),22-07-2026,0.10,Metric Tonnes
Andhra Pradesh,Prakasam,Kandukur APMC,Cereals,Paddy(Common),23-07-2026,0.10,Metric Tonnes
Andhra Pradesh,Prakasam,Kandukur APMC,Cereals,Paddy(Common),24-07-2026,1.00,Metric Tonnes
Andhra Pradesh,Prakasam,Kandukur APMC,Cereals,Paddy(Common),25-07-2026,0.10,Metric Tonnes
Andhra Pradesh,Prakasam,Kandukur APMC,Cereals,Paddy(Common),26-07-2026,0.10,Metric Tonnes
Andhra Pradesh,Prakasam,Kandukur APMC,Cereals,Paddy(Common),27-07-2026,0.10,Metric Tonnes
Andhra Pradesh,Prakasam,Kandukur APMC,Cereals,Paddy(Common),28-07-2026,0.10,Metric Tonnes
Andhra Pradesh,Prakasam,Kandukur APMC,Cereals,Paddy(Common),29-07-2026,0.10,Metric Tonnes
Andhra Pradesh,Prakasam,Kandukur APMC,Cereals,Paddy(Common),30-07-2026,0.10,Metric Tonnes
Andhra Pradesh,Prakasam,Kandukur APMC,Cereals,Paddy(Common),31-07-2026,0.10,Metric Tonnes
Andhra Pradesh,Prakasam,Kandukur APMC,Cereals,Paddy(Common),01-08-2026,0.10,Metric Tonnes
Andhra Pradesh,Prakasam,Kandukur APMC,Cereals,Paddy(Common),02-08-2026,0.10,Metric Tonnes
Andhra Pradesh,Prakasam,Kandukur APMC,Cereals,Paddy(Common),03-08-2026,0.10,Metric Tonnes
Andhra Pradesh,Prakasam,Kandukur APMC,Cereals,Paddy(Common),04-08-2026,0.10,Metric Tonnes
Andhra Pradesh,Prakasam,Kandukur APMC,Cereals,Paddy(Common),05-08-2026,0.10,Metric Tonnes
Andhra Pradesh,Prakasam,Kandukur APMC,Cereals,Paddy(Common),06-08-2026,0.10,Metric Tonnes
Andhra Pradesh,Prakasam,Kandukur APMC,Cereals,Paddy(Common),07-08-2026,0.10,Metric Tonnes
Andhra Pradesh,Prakasam,Maddipadu APMC,Cereals,Paddy(Common),22-07-2026,0.10,Metric Tonnes
Andhra Pradesh,Prakasam,Maddipadu APMC,Cereals,Paddy(Common),23-07-2026,0.10,Metric Tonnes
Andhra Pradesh,Prakasam,Maddipadu APMC,Cereals,Paddy(Common),24-07-2026,0.10,Metric Tonnes
Andhra Pradesh,Prakasam,Maddipadu APMC,Cereals,Paddy(Common),25-07-2026,0.10,Metric Tonnes
Andhra Pradesh,Prakasam,Maddipadu APMC,Cereals,Paddy(Common),26-07-2026,0.10,Metric Tonnes
Andhra Pradesh,Prakasam,Maddipadu APMC,Cereals,Paddy(Common),27-07-2026,0.10,Metric Tonnes
Andhra Pradesh,Prakasam,Maddipadu APMC,Cereals,Paddy(Common),28-07-2026,0.10,Metric Tonnes
Andhra Pradesh,Prakasam,Maddipadu APMC,Cereals,Paddy(Common),29-07-2026,0.10,Metric Tonnes
Andhra Pradesh,Prakasam,Maddipadu APMC,Cereals,Paddy(Common),30-07-2026,0.10,Metric Tonnes
Andhra Pradesh,Prakasam,Maddipadu APMC,Cereals,Paddy(Common),31-07-2026,0.10,Metric Tonnes
Andhra Pradesh,Prakasam,Maddipadu APMC,Cereals,Paddy(Common),01-08-2026,0.10,Metric Tonnes
Andhra Pradesh,Prakasam,Maddipadu APMC,Cereals,Paddy(Common),02-08-2026,0.10,Metric Tonnes
Andhra Pradesh,Prakasam,Maddipadu APMC,Cereals,Paddy(Common),03-08-2026,0.10,Metric Tonnes
Andhra Pradesh,Prakasam,Maddipadu APMC,Cereals,Paddy(Common),04-08-2026,0.10,Metric Tonnes
Andhra Pradesh,Prakasam,Maddipadu APMC,Cereals,Paddy(Common),05-08-2026,0.10,Metric Tonnes
Andhra Pradesh,Prakasam,Maddipadu APMC,Cereals,Paddy(Common),06-08-2026,0.10,Metric Tonnes
Andhra Pradesh,Prakasam,Maddipadu APMC,Cereals,Paddy(Common),07-08-2026,0.10,Metric Tonnes
Andhra Pradesh,Prakasam,Ongole APMC,Cereals,Paddy(Common),22-07-2026,0.10,Metric Tonnes
Andhra Pradesh,Prakasam,Ongole APMC,Cereals,Paddy(Common),23-07-2026,0.10,Metric Tonnes
Andhra Pradesh,Prakasam,Ongole APMC,Cereals,Paddy(Common),24-07-2026,0.10,Metric Tonnes
Andhra Pradesh,Prakasam,Ongole APMC,Cereals,Paddy(Common),25-07-2026,0.10,Metric Tonnes
Andhra Pradesh,Prakasam,Ongole APMC,Cereals,Paddy(Common),27-07-2026,0.10,Metric Tonnes
Andhra Pradesh,Prakasam,Ongole APMC,Cereals,Paddy(Common),28-07-2026,0.10,Metric Tonnes
Andhra Pradesh,Prakasam,Ongole APMC,Cereals,Paddy(Common),29-07-2026,0.10,Metric Tonnes
Andhra Pradesh,Prakasam,Ongole APMC,Cereals,Paddy(Common),30-07-2026,0.10,Metric Tonnes
Andhra Pradesh,Prakasam,Ongole APMC,Cereals,Paddy(Common),31-07-2026,0.10,Metric Tonnes
Andhra Pradesh,Prakasam,Ongole APMC,Cereals,Paddy(Common),01-08-2026,0.10,Metric Tonnes
Andhra Pradesh,Prakasam,Ongole APMC,Cereals,Paddy(Common),03-08-2026,0.10,Metric Tonnes
Andhra Pradesh,Prakasam,Ongole APMC,Cereals,Paddy(Common),04-08-2026,0.10,Metric Tonnes
Andhra Pradesh,Prakasam,Ongole APMC,Cereals,Paddy(Common),05-08-2026,0.10,Metric Tonnes
Andhra Pradesh,Prakasam,Ongole APMC,Cereals,Paddy(Common),06-08-2026,0.10,Metric Tonnes
Andhra Pradesh,Prakasam,Ongole APMC,Cereals,Paddy(Common),07-08-2026,0.10,Metric Tonnes
Andhra Pradesh,Prakasam,Santhamaguluru APMC,Cereals,Paddy(Common),22-07-2026,1.00,Metric Tonnes
Andhra Pradesh,Prakasam,Santhamaguluru APMC,Cereals,Paddy(Common),23-07-2026,2.00,Metric Tonnes
Andhra Pradesh,Prakasam,Santhamaguluru APMC,Cereals,Paddy(Common),24-07-2026,1.00,Metric Tonnes
Andhra Pradesh,Prakasam,Santhamaguluru APMC,Cereals,Paddy(Common),25-07-2026,0.10,Metric Tonnes
Andhra Pradesh,Prakasam,Santhamaguluru APMC,Cereals,Paddy(Common),26-07-2026,0.10,Metric Tonnes
Andhra Pradesh,Prakasam,Santhamaguluru APMC,Cereals,Paddy(Common),27-07-2026,0.10,Metric Tonnes
Andhra Pradesh,Prakasam,Santhamaguluru APMC,Cereals,Paddy(Common),28-07-2026,0.10,Metric Tonnes
Andhra Pradesh,Prakasam,Santhamaguluru APMC,Cereals,Paddy(Common),29-07-2026,0.10,Metric Tonnes
Andhra Pradesh,Prakasam,Santhamaguluru APMC,Cereals,Paddy(Common),30-07-2026,0.10,Metric Tonnes
Andhra Pradesh,Prakasam,Santhamaguluru APMC,Cereals,Paddy(Common),31-07-2026,0.10,Metric Tonnes
Andhra Pradesh,Prakasam,Santhamaguluru APMC,Cereals,Paddy(Common),01-08-2026,0.10,Metric Tonnes
Andhra Pradesh,Prakasam,Santhamaguluru APMC,Cereals,Paddy(Common),02-08-2026,0.10,Metric Tonnes
Andhra Pradesh,Prakasam,Santhamaguluru APMC,Cereals,Paddy(Common),03-08-2026,0.10,Metric Tonnes
Andhra Pradesh,Prakasam,Santhamaguluru APMC,Cereals,Paddy(Common),04-08-2026,0.10,Metric Tonnes
Andhra Pradesh,Prakasam,Santhamaguluru APMC,Cereals,Paddy(Common),05-08-2026,0.10,Metric Tonnes
Andhra Pradesh,Prakasam,Santhamaguluru APMC,Cereals,Paddy(Common),06-08-2026,0.10,Metric Tonnes
Andhra Pradesh,Prakasam,Santhamaguluru APMC,Cereals,Paddy(Common),07-08-2026,0.10,Metric Tonnes
Andhra Pradesh,SPSR Nellore,Atmakur (SPSR Nellore District) APMC,Cereals,Paddy(Common),27-01-2025,23.70,Metric Tonnes
Andhra Pradesh,SPSR Nellore,Atmakur (SPSR Nellore District) APMC,Cereals,Paddy(Common),28-01-2025,15.80,Metric Tonnes
Andhra Pradesh,SPSR Nellore,Atmakur (SPSR Nellore District) APMC,Cereals,Paddy(Common),31-01-2025,46.50,Metric Tonnes
Andhra Pradesh,SPSR Nellore,Atmakur (SPSR Nellore District) APMC,Cereals,Paddy(Common),10-02-2025,17.00,Metric Tonnes
Andhra Pradesh,SPSR Nellore,Atmakur (SPSR Nellore District) APMC,Cereals,Paddy(Common),11-02-2025,33.80,Metric Tonnes
Andhra Pradesh,SPSR Nellore,Atmakur (SPSR Nellore District) APMC,Cereals,Paddy(Common),13-02-2025,49.00,Metric Tonnes
Andhra Pradesh,SPSR Nellore,Atmakur (SPSR Nellore District) APMC,Cereals,Paddy(Common),16-02-2025,84.00,Metric Tonnes
Andhra Pradesh,SPSR Nellore,Atmakur (SPSR Nellore District) APMC,Cereals,Paddy(Common),17-02-2025,34.60,Metric Tonnes
Andhra Pradesh,SPSR Nellore,Atmakur (SPSR Nellore District) APMC,Cereals,Paddy(Common),18-02-2025,30.20,Metric Tonnes
Andhra Pradesh,SPSR Nellore,Atmakur (SPSR Nellore District) APMC,Cereals,Paddy(Common),19-02-2025,163.60,Metric Tonnes
Andhra Pradesh,SPSR Nellore,Atmakur (SPSR Nellore District) APMC,Cereals,Paddy(Common),20-02-2025,131.00,Metric Tonnes
Andhra Pradesh,SPSR Nellore,Atmakur (SPSR Nellore District) APMC,Cereals,Paddy(Common),21-02-2025,130.40,Metric Tonnes
Andhra Pradesh,SPSR Nellore,Atmakur (SPSR Nellore District) APMC,Cereals,Paddy(Common),22-02-2025,321.50,Metric Tonnes
Andhra Pradesh,SPSR Nellore,Atmakur (SPSR Nellore District) APMC,Cereals,Paddy(Common),23-02-2025,326.90,Metric Tonnes
Andhra Pradesh,SPSR Nellore,Atmakur (SPSR Nellore District) APMC,Cereals,Paddy(Common),24-02-2025,297.50,Metric Tonnes
Andhra Pradesh,SPSR Nellore,Atmakur (SPSR Nellore District) APMC,Cereals,Paddy(Common),25-02-2025,513.90,Metric Tonnes
Andhra Pradesh,SPSR Nellore,Atmakur (SPSR Nellore District) APMC,Cereals,Paddy(Common),26-02-2025,610.70,Metric Tonnes
Andhra Pradesh,SPSR Nellore,Atmakur (SPSR Nellore District) APMC,Cereals,Paddy(Common),27-02-2025,382.80,Metric Tonnes
Andhra Pradesh,SPSR Nellore,Atmakur (SPSR Nellore District) APMC,Cereals,Paddy(Common),28-02-2025,487.90,Metric Tonnes
Andhra Pradesh,SPSR Nellore,Atmakur (SPSR Nellore District) APMC,Cereals,Paddy(Common),01-03-2025,773.90,Metric Tonnes
Andhra Pradesh,SPSR Nellore,Atmakur (SPSR Nellore District) APMC,Cereals,Paddy(Common),02-03-2025,709.00,Metric Tonnes
Andhra Pradesh,SPSR Nellore,Atmakur (SPSR Nellore District) APMC,Cereals,Paddy(Common),03-03-2025,769.70,Metric Tonnes
Andhra Pradesh,SPSR Nellore,Atmakur (SPSR Nellore District) APMC,Cereals,Paddy(Common),04-03-2025,693.70,Metric Tonnes
Andhra Pradesh,SPSR Nellore,Atmakur (SPSR Nellore District) APMC,Cereals,Paddy(Common),05-03-2025,854.30,Metric Tonnes
Andhra Pradesh,SPSR Nellore,Atmakur (SPSR Nellore District) APMC,Cereals,Paddy(Common),06-03-2025,973.00,Metric Tonnes
Andhra Pradesh,SPSR Nellore,Atmakur (SPSR Nellore District) APMC,Cereals,Paddy(Common),07-03-2025,905.00,Metric Tonnes
Andhra Pradesh,SPSR Nellore,Atmakur (SPSR Nellore District) APMC,Cereals,Paddy(Common),08-03-2025,809.50,Metric Tonnes
Andhra Pradesh,SPSR Nellore,Atmakur (SPSR Nellore District) APMC,Cereals,Paddy(Common),09-03-2025,1126.40,Metric Tonnes
Andhra Pradesh,SPSR Nellore,Atmakur (SPSR Nellore District) APMC,Cereals,Paddy(Common),10-03-2025,1201.30,Metric Tonnes
Andhra Pradesh,SPSR Nellore,Atmakur (SPSR Nellore District) APMC,Cereals,Paddy(Common),11-03-2025,1449.90,Metric Tonnes
Andhra Pradesh,SPSR Nellore,Atmakur (SPSR Nellore District) APMC,Cereals,Paddy(Common),12-03-2025,1334.90,Metric Tonnes
Andhra Pradesh,SPSR Nellore,Atmakur (SPSR Nellore District) APMC,Cereals,Paddy(Common),13-03-2025,1344.10,Metric Tonnes
Andhra Pradesh,SPSR Nellore,Atmakur (SPSR Nellore District) APMC,Cereals,Paddy(Common),14-03-2025,1260.80,Metric Tonnes
Andhra Pradesh,SPSR Nellore,Atmakur (SPSR Nellore District) APMC,Cereals,Paddy(Common),15-03-2025,1531.60,Metric Tonnes
Andhra Pradesh,SPSR Nellore,Atmakur (SPSR Nellore District) APMC,Cereals,Paddy(Common),16-03-2025,1833.60,Metric Tonnes
Andhra Pradesh,SPSR Nellore,Atmakur (SPSR Nellore District) APMC,Cereals,Paddy(Common),17-03-2025,1271.40,Metric Tonnes
Andhra Pradesh,SPSR Nellore,Atmakur (SPSR Nellore District) APMC,Cereals,Paddy(Common),18-03-2025,1184.90,Metric Tonnes
Andhra Pradesh,SPSR Nellore,Atmakur (SPSR Nellore District) APMC,Cereals,Paddy(Common),19-03-2025,1513.90,Metric Tonnes
Andhra Pradesh,SPSR Nellore,Atmakur (SPSR Nellore District) APMC,Cereals,Paddy(Common),20-03-2025,1503.40,Metric Tonnes
Andhra Pradesh,SPSR Nellore,Atmakur (SPSR Nellore District) APMC,Cereals,Paddy(Common),21-03-2025,1164.00,Metric Tonnes
Andhra Pradesh,SPSR Nellore,Atmakur (SPSR Nellore District) APMC,Cereals,Paddy(Common),22-03-2025,914.90,Metric Tonnes
Andhra Pradesh,SPSR Nellore,Atmakur (SPSR Nellore District) APMC,Cereals,Paddy(Common),23-03-2025,1302.30,Metric Tonnes
Andhra Pradesh,SPSR Nellore,Atmakur (SPSR Nellore District) APMC,Cereals,Paddy(Common),24-03-2025,1712.90,Metric Tonnes
Andhra Pradesh,SPSR Nellore,Atmakur (SPSR Nellore District) APMC,Cereals,Paddy(Common),25-03-2025,1765.90,Metric Tonnes
Andhra Pradesh,SPSR Nellore,Atmakur (SPSR Nellore District) APMC,Cereals,Paddy(Common),26-03-2025,1287.20,Metric Tonnes
Andhra Pradesh,SPSR Nellore,Atmakur (SPSR Nellore District) APMC,Cereals,Paddy(Common),27-03-2025,964.40,Metric Tonnes
Andhra Pradesh,SPSR Nellore,Atmakur (SPSR Nellore District) APMC,Cereals,Paddy(Common),28-03-2025,1526.70,Metric Tonnes
Andhra Pradesh,SPSR Nellore,Atmakur (SPSR Nellore District) APMC,Cereals,Paddy(Common),29-03-2025,1064.10,Metric Tonnes
Andhra Pradesh,SPSR Nellore,Atmakur (SPSR Nellore District) APMC,Cereals,Paddy(Common),30-03-2025,112.70,Metric Tonnes
Andhra Pradesh,SPSR Nellore,Atmakur (SPSR Nellore District) APMC,Cereals,Paddy(Common),01-04-2025,573.00,Metric Tonnes
Andhra Pradesh,SPSR Nellore,Atmakur (SPSR Nellore District) APMC,Cereals,Paddy(Common),02-04-2025,594.40,Metric Tonnes
Andhra Pradesh,SPSR Nellore,Atmakur (SPSR Nellore District) APMC,Cereals,Paddy(Common),03-04-2025,826.90,Metric Tonnes
Andhra Pradesh,SPSR Nellore,Atmakur (SPSR Nellore District) APMC,Cereals,Paddy(Common),04-04-2025,497.50,Metric Tonnes
Andhra Pradesh,SPSR Nellore,Atmakur (SPSR Nellore District) APMC,Cereals,Paddy(Common),06-04-2025,220.00,Metric Tonnes
Andhra Pradesh,SPSR Nellore,Atmakur (SPSR Nellore District) APMC,Cereals,Paddy(Common),07-04-2025,134.00,Metric Tonnes
Andhra Pradesh,SPSR Nellore,Atmakur (SPSR Nellore District) APMC,Cereals,Paddy(Common),08-04-2025,215.80,Metric Tonnes
Andhra Pradesh,SPSR Nellore,Atmakur (SPSR Nellore District) APMC,Cereals,Paddy(Common),09-04-2025,177.00,Metric Tonnes
Andhra Pradesh,SPSR Nellore,Atmakur (SPSR Nellore District) APMC,Cereals,Paddy(Common),10-04-2025,141.30,Metric Tonnes
Andhra Pradesh,SPSR Nellore,Atmakur (SPSR Nellore District) APMC,Cereals,Paddy(Common),11-04-2025,77.50,Metric Tonnes
Andhra Pradesh,SPSR Nellore,Atmakur (SPSR Nellore District) APMC,Cereals,Paddy(Common),12-04-2025,140.90,Metric Tonnes
Andhra Pradesh,SPSR Nellore,Atmakur (SPSR Nellore District) APMC,Cereals,Paddy(Common),13-04-2025,55.50,Metric Tonnes
Andhra Pradesh,SPSR Nellore,Atmakur (SPSR Nellore District) APMC,Cereals,Paddy(Common),14-04-2025,50.50,Metric Tonnes
Andhra Pradesh,SPSR Nellore,Atmakur (SPSR Nellore District) APMC,Cereals,Paddy(Common),15-04-2025,38.50,Metric Tonnes
Andhra Pradesh,SPSR Nellore,Atmakur (SPSR Nellore District) APMC,Cereals,Paddy(Common),16-04-2025,43.00,Metric Tonnes
Andhra Pradesh,SPSR Nellore,Atmakur (SPSR Nellore District) APMC,Cereals,Paddy(Common),17-04-2025,21.50,Metric Tonnes
Andhra Pradesh,SPSR Nellore,Atmakur (SPSR Nellore District) APMC,Cereals,Paddy(Common),18-04-2025,46.50,Metric Tonnes
Andhra Pradesh,SPSR Nellore,Atmakur (SPSR Nellore District) APMC,Cereals,Paddy(Common),21-04-2025,50.00,Metric Tonnes
Andhra Pradesh,SPSR Nellore,Atmakur (SPSR Nellore District) APMC,Cereals,Paddy(Common),22-04-2025,25.00,Metric Tonnes
Andhra Pradesh,SPSR Nellore,Atmakur (SPSR Nellore District) APMC,Cereals,Paddy(Common),23-04-2025,21.50,Metric Tonnes
Andhra Pradesh,SPSR Nellore,Atmakur (SPSR Nellore District) APMC,Cereals,Paddy(Common),25-04-2025,17.50,Metric Tonnes
Andhra Pradesh,SPSR Nellore,Atmakur (SPSR Nellore District) APMC,Cereals,Paddy(Common),30-04-2025,19.50,Metric Tonnes
Andhra Pradesh,SPSR Nellore,Atmakur (SPSR Nellore District) APMC,Cereals,Paddy(Common),07-05-2025,25.00,Metric Tonnes
Andhra Pradesh,SPSR Nellore,Atmakur (SPSR Nellore District) APMC,Cereals,Paddy(Common),12-05-2025,19.00,Metric Tonnes
Andhra Pradesh,SPSR Nellore,Atmakur (SPSR Nellore District) APMC,Cereals,Paddy(Common),27-05-2025,26.00,Metric Tonnes
Andhra Pradesh,SPSR Nellore,Atmakur (SPSR Nellore District) APMC,Cereals,Paddy(Common),29-05-2025,17.30,Metric Tonnes
Andhra Pradesh,SPSR Nellore,Atmakur (SPSR Nellore District) APMC,Cereals,Paddy(Common),30-05-2025,17.00,Metric Tonnes
Andhra Pradesh,SPSR Nellore,Atmakur (SPSR Nellore District) APMC,Cereals,Paddy(Common),27-06-2025,24.50,Metric Tonnes
Andhra Pradesh,SPSR Nellore,Atmakur (SPSR Nellore District) APMC,Cereals,Paddy(Common),29-06-2025,42.00,Metric Tonnes
Andhra Pradesh,SPSR Nellore,Atmakur (SPSR Nellore District) APMC,Cereals,Paddy(Common),05-07-2025,41.86,Metric Tonnes
Andhra Pradesh,SPSR Nellore,Atmakur (SPSR Nellore District) APMC,Cereals,Paddy(Common),11-07-2025,35.70,Metric Tonnes
Andhra Pradesh,SPSR Nellore,Atmakur (SPSR Nellore District) APMC,Cereals,Paddy(Common),18-07-2025,23.80,Metric Tonnes
Andhra Pradesh,SPSR Nellore,Atmakur (SPSR Nellore District) APMC,Cereals,Paddy(Common),23-07-2025,16.80,Metric Tonnes
Andhra Pradesh,SPSR Nellore,Atmakur (SPSR Nellore District) APMC,Cereals,Paddy(Common),06-08-2025,15.00,Metric Tonnes
Andhra Pradesh,SPSR Nellore,Atmakur (SPSR Nellore District) APMC,Cereals,Paddy(Common),13-08-2025,17.00,Metric Tonnes
Andhra Pradesh,SPSR Nellore,Atmakur (SPSR Nellore District) APMC,Cereals,Paddy(Common),18-08-2025,82.04,Metric Tonnes
Andhra Pradesh,SPSR Nellore,Atmakur (SPSR Nellore District) APMC,Cereals,Paddy(Common),19-08-2025,34.65,Metric Tonnes
Andhra Pradesh,SPSR Nellore,Atmakur (SPSR Nellore District) APMC,Cereals,Paddy(Common),20-08-2025,68.00,Metric Tonnes
Andhra Pradesh,SPSR Nellore,Atmakur (SPSR Nellore District) APMC,Cereals,Paddy(Common),21-08-2025,82.70,Metric Tonnes
Andhra Pradesh,SPSR Nellore,Atmakur (SPSR Nellore District) APMC,Cereals,Paddy(Common),23-08-2025,59.87,Metric Tonnes
Andhra Pradesh,SPSR Nellore,Atmakur (SPSR Nellore District) APMC,Cereals,Paddy(Common),25-08-2025,49.50,Metric Tonnes
Andhra Pradesh,SPSR Nellore,Atmakur (SPSR Nellore District) APMC,Cereals,Paddy(Common),26-08-2025,14.80,Metric Tonnes
Andhra Pradesh,SPSR Nellore,Atmakur (SPSR Nellore District) APMC,Cereals,Paddy(Common),28-08-2025,17.00,Metric Tonnes
Andhra Pradesh,SPSR Nellore,Atmakur (SPSR Nellore District) APMC,Cereals,Paddy(Common),30-08-2025,17.00,Metric Tonnes
Andhra Pradesh,SPSR Nellore,Atmakur (SPSR Nellore District) APMC,Cereals,Paddy(Common),31-08-2025,54.00,Metric Tonnes
Andhra Pradesh,SPSR Nellore,Atmakur (SPSR Nellore District) APMC,Cereals,Paddy(Common),01-09-2025,17.00,Metric Tonnes
Andhra Pradesh,SPSR Nellore,Atmakur (SPSR Nellore District) APMC,Cereals,Paddy(Common),02-09-2025,32.70,Metric Tonnes
Andhra Pradesh,SPSR Nellore,Atmakur (SPSR Nellore District) APMC,Cereals,Paddy(Common),03-09-2025,52.50,Metric Tonnes
Andhra Pradesh,SPSR Nellore,Atmakur (SPSR Nellore District) APMC,Cereals,Paddy(Common),04-09-2025,97.70,Metric Tonnes
Andhra Pradesh,SPSR Nellore,Atmakur (SPSR Nellore District) APMC,Cereals,Paddy(Common),05-09-2025,98.00,Metric Tonnes
Andhra Pradesh,SPSR Nellore,Atmakur (SPSR Nellore District) APMC,Cereals,Paddy(Common),08-09-2025,284.30,Metric Tonnes
Andhra Pradesh,SPSR Nellore,Atmakur (SPSR Nellore District) APMC,Cereals,Paddy(Common),09-09-2025,261.80,Metric Tonnes
Andhra Pradesh,SPSR Nellore,Atmakur (SPSR Nellore District) APMC,Cereals,Paddy(Common),10-09-2025,260.50,Metric Tonnes
Andhra Pradesh,SPSR Nellore,Atmakur (SPSR Nellore District) APMC,Cereals,Paddy(Common),11-09-2025,211.80,Metric Tonnes
Andhra Pradesh,SPSR Nellore,Atmakur (SPSR Nellore District) APMC,Cereals,Paddy(Common),12-09-2025,310.00,Metric Tonnes
Andhra Pradesh,SPSR Nellore,Atmakur (SPSR Nellore District) APMC,Cereals,Paddy(Common),13-09-2025,193.50,Metric Tonnes
Andhra Pradesh,SPSR Nellore,Atmakur (SPSR Nellore District) APMC,Cereals,Paddy(Common),15-09-2025,441.50,Metric Tonnes
Andhra Pradesh,SPSR Nellore,Atmakur (SPSR Nellore District) APMC,Cereals,Paddy(Common),16-09-2025,271.50,Metric Tonnes
Andhra Pradesh,SPSR Nellore,Atmakur (SPSR Nellore District) APMC,Cereals,Paddy(Common),17-09-2025,262.10,Metric Tonnes
Andhra Pradesh,SPSR Nellore,Atmakur (SPSR Nellore District) APMC,Cereals,Paddy(Common),18-09-2025,328.00,Metric Tonnes
Andhra Pradesh,SPSR Nellore,Atmakur (SPSR Nellore District) APMC,Cereals,Paddy(Common),19-09-2025,279.60,Metric Tonnes
Andhra Pradesh,SPSR Nellore,Atmakur (SPSR Nellore District) APMC,Cereals,Paddy(Common),20-09-2025,425.00,Metric Tonnes
Andhra Pradesh,SPSR Nellore,Atmakur (SPSR Nellore District) APMC,Cereals,Paddy(Common),22-09-2025,597.60,Metric Tonnes
Andhra Pradesh,SPSR Nellore,Atmakur (SPSR Nellore District) APMC,Cereals,Paddy(Common),23-09-2025,445.30,Metric Tonnes
Andhra Pradesh,SPSR Nellore,Atmakur (SPSR Nellore District) APMC,Cereals,Paddy(Common),24-09-2025,352.50,Metric Tonnes
Andhra Pradesh,SPSR Nellore,Atmakur (SPSR Nellore District) APMC,Cereals,Paddy(Common),25-09-2025,270.00,Metric Tonnes
Andhra Pradesh,SPSR Nellore,Atmakur (SPSR Nellore District) APMC,Cereals,Paddy(Common),26-09-2025,284.40,Metric Tonnes
Andhra Pradesh,SPSR Nellore,Atmakur (SPSR Nellore District) APMC,Cereals,Paddy(Common),27-09-2025,412.00,Metric Tonnes
Andhra Pradesh,SPSR Nellore,Atmakur (SPSR Nellore District) APMC,Cereals,Paddy(Common),29-09-2025,437.50,Metric Tonnes
Andhra Pradesh,SPSR Nellore,Atmakur (SPSR Nellore District) APMC,Cereals,Paddy(Common),30-09-2025,371.70,Metric Tonnes
Andhra Pradesh,SPSR Nellore,Atmakur (SPSR Nellore District) APMC,Cereals,Paddy(Common),01-10-2025,297.90,Metric Tonnes
Andhra Pradesh,SPSR Nellore,Atmakur (SPSR Nellore District) APMC,Cereals,Paddy(Common),02-10-2025,193.90,Metric Tonnes
Andhra Pradesh,SPSR Nellore,Atmakur (SPSR Nellore District) APMC,Cereals,Paddy(Common),03-10-2025,385.80,Metric Tonnes
Andhra Pradesh,SPSR Nellore,Atmakur (SPSR Nellore District) APMC,Cereals,Paddy(Common),04-10-2025,279.50,Metric Tonnes
Andhra Pradesh,SPSR Nellore,Atmakur (SPSR Nellore District) APMC,Cereals,Paddy(Common),06-10-2025,823.70,Metric Tonnes
Andhra Pradesh,SPSR Nellore,Atmakur (SPSR Nellore District) APMC,Cereals,Paddy(Common),07-10-2025,371.20,Metric Tonnes
Andhra Pradesh,SPSR Nellore,Atmakur (SPSR Nellore District) APMC,Cereals,Paddy(Common),08-10-2025,819.50,Metric Tonnes
Andhra Pradesh,SPSR Nellore,Atmakur (SPSR Nellore District) APMC,Cereals,Paddy(Common),09-10-2025,860.60,Metric Tonnes
Andhra Pradesh,SPSR Nellore,Atmakur (SPSR Nellore District) APMC,Cereals,Paddy(Common),11-10-2025,450.00,Metric Tonnes
Andhra Pradesh,SPSR Nellore,Atmakur (SPSR Nellore District) APMC,Cereals,Paddy(Common),13-10-2025,586.50,Metric Tonnes
Andhra Pradesh,SPSR Nellore,Atmakur (SPSR Nellore District) APMC,Cereals,Paddy(Common),14-10-2025,203.40,Metric Tonnes
Andhra Pradesh,SPSR Nellore,Atmakur (SPSR Nellore District) APMC,Cereals,Paddy(Common),15-10-2025,153.80,Metric Tonnes
Andhra Pradesh,SPSR Nellore,Atmakur (SPSR Nellore District) APMC,Cereals,Paddy(Common),17-10-2025,64.00,Metric Tonnes
Andhra Pradesh,SPSR Nellore,Atmakur (SPSR Nellore District) APMC,Cereals,Paddy(Common),31-10-2025,17.00,Metric Tonnes
Andhra Pradesh,SPSR Nellore,Atmakur (SPSR Nellore District) APMC,Cereals,Paddy(Common),10-03-2026,509.63,Metric Tonnes
Andhra Pradesh,SPSR Nellore,Atmakur (SPSR Nellore District) APMC,Cereals,Paddy(Common),11-03-2026,5402.00,Metric Tonnes
Andhra Pradesh,SPSR Nellore,Atmakur (SPSR Nellore District) APMC,Cereals,Paddy(Common),12-03-2026,722.00,Metric Tonnes
Andhra Pradesh,SPSR Nellore,Atmakur (SPSR Nellore District) APMC,Cereals,Paddy(Common),13-03-2026,703.40,Metric Tonnes
Andhra Pradesh,SPSR Nellore,Atmakur (SPSR Nellore District) APMC,Cereals,Paddy(Common),15-03-2026,1189.10,Metric Tonnes
Andhra Pradesh,SPSR Nellore,Atmakur (SPSR Nellore District) APMC,Cereals,Paddy(Common),16-03-2026,1299.60,Metric Tonnes
Andhra Pradesh,SPSR Nellore,Atmakur (SPSR Nellore District) APMC,Cereals,Paddy(Common),17-03-2026,1315.60,Metric Tonnes
Andhra Pradesh,SPSR Nellore,Atmakur (SPSR Nellore District) APMC,Cereals,Paddy(Common),18-03-2026,1450.00,Metric Tonnes
Andhra Pradesh,SPSR Nellore,Atmakur (SPSR Nellore District) APMC,Cereals,Paddy(Common),19-03-2026,1486.80,Metric Tonnes
Andhra Pradesh,SPSR Nellore,Atmakur (SPSR Nellore District) APMC,Cereals,Paddy(Common),20-03-2026,1627.90,Metric Tonnes
Andhra Pradesh,SPSR Nellore,Atmakur (SPSR Nellore District) APMC,Cereals,Paddy(Common),21-03-2026,932.00,Metric Tonnes
Andhra Pradesh,SPSR Nellore,Atmakur (SPSR Nellore District) APMC,Cereals,Paddy(Common),22-03-2026,1325.00,Metric Tonnes
Andhra Pradesh,SPSR Nellore,Atmakur (SPSR Nellore District) APMC,Cereals,Paddy(Common),23-03-2026,2268.30,Metric Tonnes
Andhra Pradesh,SPSR Nellore,Atmakur (SPSR Nellore District) APMC,Cereals,Paddy(Common),24-03-2026,2519.70,Metric Tonnes
Andhra Pradesh,SPSR Nellore,Atmakur (SPSR Nellore District) APMC,Cereals,Paddy(Common),25-03-2026,2954.30,Metric Tonnes
Andhra Pradesh,SPSR Nellore,Atmakur (SPSR Nellore District) APMC,Cereals,Paddy(Common),26-03-2026,3087.60,Metric Tonnes
Andhra Pradesh,SPSR Nellore,Atmakur (SPSR Nellore District) APMC,Cereals,Paddy(Common),27-03-2026,3303.10,Metric Tonnes
Andhra Pradesh,SPSR Nellore,Atmakur (SPSR Nellore District) APMC,Cereals,Paddy(Common),28-03-2026,3615.60,Metric Tonnes
Andhra Pradesh,SPSR Nellore,Atmakur (SPSR Nellore District) APMC,Cereals,Paddy(Common),29-03-2026,3194.60,Metric Tonnes
Andhra Pradesh,SPSR Nellore,Atmakur (SPSR Nellore District) APMC,Cereals,Paddy(Common),30-03-2026,2544.70,Metric Tonnes
Andhra Pradesh,SPSR Nellore,Atmakur (SPSR Nellore District) APMC,Cereals,Paddy(Common),31-03-2026,262.80,Metric Tonnes
Andhra Pradesh,SPSR Nellore,Atmakur (SPSR Nellore District) APMC,Cereals,Paddy(Common),01-04-2026,1890.70,Metric Tonnes
Andhra Pradesh,SPSR Nellore,Atmakur (SPSR Nellore District) APMC,Cereals,Paddy(Common),02-04-2026,1628.10,Metric Tonnes
Andhra Pradesh,SPSR Nellore,Atmakur (SPSR Nellore District) APMC,Cereals,Paddy(Common),03-04-2026,2408.50,Metric Tonnes
Andhra Pradesh,SPSR Nellore,Atmakur (SPSR Nellore District) APMC,Cereals,Paddy(Common),04-04-2026,1820.10,Metric Tonnes
Andhra Pradesh,SPSR Nellore,Atmakur (SPSR Nellore District) APMC,Cereals,Paddy(Common),05-04-2026,2191.20,Metric Tonnes
Andhra Pradesh,SPSR Nellore,Atmakur (SPSR Nellore District) APMC,Cereals,Paddy(Common),06-04-2026,1792.10,Metric Tonnes
Andhra Pradesh,SPSR Nellore,Atmakur (SPSR Nellore District) APMC,Cereals,Paddy(Common),07-04-2026,2069.50,Metric Tonnes
Andhra Pradesh,SPSR Nellore,Atmakur (SPSR Nellore District) APMC,Cereals,Paddy(Common),08-04-2026,1589.40,Metric Tonnes
Andhra Pradesh,SPSR Nellore,Atmakur (SPSR Nellore District) APMC,Cereals,Paddy(Common),09-04-2026,1796.80,Metric Tonnes
Andhra Pradesh,SPSR Nellore,Atmakur (SPSR Nellore District) APMC,Cereals,Paddy(Common),10-04-2026,1464.20,Metric Tonnes
Andhra Pradesh,SPSR Nellore,Atmakur (SPSR Nellore District) APMC,Cereals,Paddy(Common),12-04-2026,915.80,Metric Tonnes
Andhra Pradesh,SPSR Nellore,Atmakur (SPSR Nellore District) APMC,Cereals,Paddy(Common),13-04-2026,772.20,Metric Tonnes
Andhra Pradesh,SPSR Nellore,Atmakur (SPSR Nellore District) APMC,Cereals,Paddy(Common),14-04-2026,395.40,Metric Tonnes
Andhra Pradesh,SPSR Nellore,Atmakur (SPSR Nellore District) APMC,Cereals,Paddy(Common),15-04-2026,266.00,Metric Tonnes
Andhra Pradesh,SPSR Nellore,Atmakur (SPSR Nellore District) APMC,Cereals,Paddy(Common),16-04-2026,339.20,Metric Tonnes
Andhra Pradesh,SPSR Nellore,Atmakur (SPSR Nellore District) APMC,Cereals,Paddy(Common),17-04-2026,273.80,Metric Tonnes
Andhra Pradesh,SPSR Nellore,Atmakur (SPSR Nellore District) APMC,Cereals,Paddy(Common),18-04-2026,282.70,Metric Tonnes
Andhra Pradesh,SPSR Nellore,Atmakur (SPSR Nellore District) APMC,Cereals,Paddy(Common),19-04-2026,56.40,Metric Tonnes
Andhra Pradesh,SPSR Nellore,Atmakur (SPSR Nellore District) APMC,Cereals,Paddy(Common),20-04-2026,37.70,Metric Tonnes
Andhra Pradesh,SPSR Nellore,Atmakur (SPSR Nellore District) APMC,Cereals,Paddy(Common),21-04-2026,71.80,Metric Tonnes
Andhra Pradesh,SPSR Nellore,Atmakur (SPSR Nellore District) APMC,Cereals,Paddy(Common),23-04-2026,16.50,Metric Tonnes
Andhra Pradesh,SPSR Nellore,Atmakur (SPSR Nellore District) APMC,Cereals,Paddy(Common),24-04-2026,26.10,Metric Tonnes
Andhra Pradesh,SPSR Nellore,Atmakur (SPSR Nellore District) APMC,Cereals,Paddy(Common),27-04-2026,24.00,Metric Tonnes
Andhra Pradesh,SPSR Nellore,Atmakur (SPSR Nellore District) APMC,Cereals,Paddy(Common),14-05-2026,83.40,Metric Tonnes
Andhra Pradesh,SPSR Nellore,Atmakur (SPSR Nellore District) APMC,Cereals,Paddy(Common),02-06-2026,33.00,Metric Tonnes
Andhra Pradesh,SPSR Nellore,Atmakur (SPSR Nellore District) APMC,Cereals,Paddy(Common),11-06-2026,16.50,Metric Tonnes
Andhra Pradesh,SPSR Nellore,Atmakur (SPSR Nellore District) APMC,Cereals,Paddy(Common),03-07-2026,35.10,Metric Tonnes
Andhra Pradesh,SPSR Nellore,Atmakur (SPSR Nellore District) APMC,Cereals,Paddy(Common),08-07-2026,62.30,Metric Tonnes
Andhra Pradesh,SPSR Nellore,Atmakur (SPSR Nellore District) APMC,Cereals,Paddy(Common),16-07-2026,25.20,Metric Tonnes
Andhra Pradesh,SPSR Nellore,Atmakur (SPSR Nellore District) APMC,Cereals,Paddy(Common),17-07-2026,25.20,Metric Tonnes
Andhra Pradesh,SPSR Nellore,Atmakur (SPSR Nellore District) APMC,Cereals,Paddy(Common),19-07-2026,16.70,Metric Tonnes
Andhra Pradesh,SPSR Nellore,Atmakur (SPSR Nellore District) APMC,Cereals,Paddy(Common),21-07-2026,39.80,Metric Tonnes
Andhra Pradesh,SPSR Nellore,Atmakur (SPSR Nellore District) APMC,Cereals,Paddy(Common),22-07-2026,36.50,Metric Tonnes
Andhra Pradesh,SPSR Nellore,Atmakur (SPSR Nellore District) APMC,Cereals,Paddy(Common),23-07-2026,26.50,Metric Tonnes
Andhra Pradesh,SPSR Nellore,Atmakur (SPSR Nellore District) APMC,Cereals,Paddy(Common),24-07-2026,0.10,Metric Tonnes
Andhra Pradesh,SPSR Nellore,Atmakur (SPSR Nellore District) APMC,Cereals,Paddy(Common),25-07-2026,0.10,Metric Tonnes
Andhra Pradesh,SPSR Nellore,Atmakur (SPSR Nellore District) APMC,Cereals,Paddy(Common),26-07-2026,0.10,Metric Tonnes
Andhra Pradesh,SPSR Nellore,Atmakur (SPSR Nellore District) APMC,Cereals,Paddy(Common),27-07-2026,0.10,Metric Tonnes
Andhra Pradesh,SPSR Nellore,Atmakur (SPSR Nellore District) APMC,Cereals,Paddy(Common),28-07-2026,75.60,Metric Tonnes
Andhra Pradesh,SPSR Nellore,Atmakur (SPSR Nellore District) APMC,Cereals,Paddy(Common),29-07-2026,0.10,Metric Tonnes
Andhra Pradesh,SPSR Nellore,Atmakur (SPSR Nellore District) APMC,Cereals,Paddy(Common),30-07-2026,0.10,Metric Tonnes
Andhra Pradesh,SPSR Nellore,Atmakur (SPSR Nellore District) APMC,Cereals,Paddy(Common),31-07-2026,31.30,Metric Tonnes
Andhra Pradesh,SPSR Nellore,Atmakur (SPSR Nellore District) APMC,Cereals,Paddy(Common),01-08-2026,0.10,Metric Tonnes
Andhra Pradesh,SPSR Nellore,Atmakur (SPSR Nellore District) APMC,Cereals,Paddy(Common),02-08-2026,0.10,Metric Tonnes
Andhra Pradesh,SPSR Nellore,Atmakur (SPSR Nellore District) APMC,Cereals,Paddy(Common),03-08-2026,0.10,Metric Tonnes
Andhra Pradesh,SPSR Nellore,Atmakur (SPSR Nellore District) APMC,Cereals,Paddy(Common),04-08-2026,0.10,Metric Tonnes
Andhra Pradesh,SPSR Nellore,Atmakur (SPSR Nellore District) APMC,Cereals,Paddy(Common),05-08-2026,20.90,Metric Tonnes
Andhra Pradesh,SPSR Nellore,Atmakur (SPSR Nellore District) APMC,Cereals,Paddy(Common),06-08-2026,0.10,Metric Tonnes
Andhra Pradesh,SPSR Nellore,Atmakur (SPSR Nellore District) APMC,Cereals,Paddy(Common),07-08-2026,0.10,Metric Tonnes
Andhra Pradesh,SPSR Nellore,Gudur APMC,Cereals,Paddy(Common),04-06-2024,22.60,Metric Tonnes
Andhra Pradesh,SPSR Nellore,Gudur APMC,Cereals,Paddy(Common),02-07-2024,20.00,Metric Tonnes
Andhra Pradesh,SPSR Nellore,Gudur APMC,Cereals,Paddy(Common),29-07-2024,15.00,Metric Tonnes
Andhra Pradesh,SPSR Nellore,Gudur APMC,Cereals,Paddy(Common),02-08-2024,28.80,Metric Tonnes
Andhra Pradesh,SPSR Nellore,Gudur APMC,Cereals,Paddy(Common),14-08-2024,243.30,Metric Tonnes
Andhra Pradesh,SPSR Nellore,Gudur APMC,Cereals,Paddy(Common),16-08-2024,15.70,Metric Tonnes
Andhra Pradesh,SPSR Nellore,Gudur APMC,Cereals,Paddy(Common),17-08-2024,41.18,Metric Tonnes
Andhra Pradesh,SPSR Nellore,Gudur APMC,Cereals,Paddy(Common),19-08-2024,126.50,Metric Tonnes
Andhra Pradesh,SPSR Nellore,Gudur APMC,Cereals,Paddy(Common),20-08-2024,64.00,Metric Tonnes
Andhra Pradesh,SPSR Nellore,Gudur APMC,Cereals,Paddy(Common),21-08-2024,96.90,Metric Tonnes
Andhra Pradesh,SPSR Nellore,Gudur APMC,Cereals,Paddy(Common),22-08-2024,17.00,Metric Tonnes
Andhra Pradesh,SPSR Nellore,Gudur APMC,Cereals,Paddy(Common),23-08-2024,51.00,Metric Tonnes
Andhra Pradesh,SPSR Nellore,Gudur APMC,Cereals,Paddy(Common),27-08-2024,216.00,Metric Tonnes
Andhra Pradesh,SPSR Nellore,Gudur APMC,Cereals,Paddy(Common),28-08-2024,123.60,Metric Tonnes
Andhra Pradesh,SPSR Nellore,Gudur APMC,Cereals,Paddy(Common),29-08-2024,53.90,Metric Tonnes
Andhra Pradesh,SPSR Nellore,Gudur APMC,Cereals,Paddy(Common),30-08-2024,15.20,Metric Tonnes
Andhra Pradesh,SPSR Nellore,Gudur APMC,Cereals,Paddy(Common),31-08-2024,75.60,Metric Tonnes
Andhra Pradesh,SPSR Nellore,Gudur APMC,Cereals,Paddy(Common),02-09-2024,17.30,Metric Tonnes
Andhra Pradesh,SPSR Nellore,Gudur APMC,Cereals,Paddy(Common),03-09-2024,21.70,Metric Tonnes
Andhra Pradesh,SPSR Nellore,Gudur APMC,Cereals,Paddy(Common),06-09-2024,17.30,Metric Tonnes
Andhra Pradesh,SPSR Nellore,Gudur APMC,Cereals,Paddy(Common),09-09-2024,38.70,Metric Tonnes
Andhra Pradesh,SPSR Nellore,Gudur APMC,Cereals,Paddy(Common),10-09-2024,41.00,Metric Tonnes
Andhra Pradesh,SPSR Nellore,Gudur APMC,Cereals,Paddy(Common),11-09-2024,13.00,Metric Tonnes
Andhra Pradesh,SPSR Nellore,Gudur APMC,Cereals,Paddy(Common),17-09-2024,38.50,Metric Tonnes
Andhra Pradesh,SPSR Nellore,Gudur APMC,Cereals,Paddy(Common),18-09-2024,36.50,Metric Tonnes
Andhra Pradesh,SPSR Nellore,Gudur APMC,Cereals,Paddy(Common),20-09-2024,14.50,Metric Tonnes
Andhra Pradesh,SPSR Nellore,Gudur APMC,Cereals,Paddy(Common),25-09-2024,17.00,Metric Tonnes
Andhra Pradesh,SPSR Nellore,Gudur APMC,Cereals,Paddy(Common),26-09-2024,17.00,Metric Tonnes
Andhra Pradesh,SPSR Nellore,Gudur APMC,Cereals,Paddy(Common),08-11-2024,106.00,Metric Tonnes
Andhra Pradesh,SPSR Nellore,Gudur APMC,Cereals,Paddy(Common),11-11-2024,27.24,Metric Tonnes
Andhra Pradesh,SPSR Nellore,Gudur APMC,Cereals,Paddy(Common),21-11-2024,24.05,Metric Tonnes
Andhra Pradesh,SPSR Nellore,Gudur APMC,Cereals,Paddy(Common),11-12-2024,16.25,Metric Tonnes
Andhra Pradesh,SPSR Nellore,Gudur APMC,Cereals,Paddy(Common),20-01-2025,17.00,Metric Tonnes
Andhra Pradesh,SPSR Nellore,Gudur APMC,Cereals,Paddy(Common),22-01-2025,60.10,Metric Tonnes
Andhra Pradesh,SPSR Nellore,Gudur APMC,Cereals,Paddy(Common),25-01-2025,34.00,Metric Tonnes
Andhra Pradesh,SPSR Nellore,Gudur APMC,Cereals,Paddy(Common),27-01-2025,51.00,Metric Tonnes
Andhra Pradesh,SPSR Nellore,Gudur APMC,Cereals,Paddy(Common),31-01-2025,34.00,Metric Tonnes
Andhra Pradesh,SPSR Nellore,Gudur APMC,Cereals,Paddy(Common),05-02-2025,58.00,Metric Tonnes
Andhra Pradesh,SPSR Nellore,Gudur APMC,Cereals,Paddy(Common),06-02-2025,17.20,Metric Tonnes
Andhra Pradesh,SPSR Nellore,Gudur APMC,Cereals,Paddy(Common),07-02-2025,57.50,Metric Tonnes
Andhra Pradesh,SPSR Nellore,Gudur APMC,Cereals,Paddy(Common),10-02-2025,417.70,Metric Tonnes
Andhra Pradesh,SPSR Nellore,Gudur APMC,Cereals,Paddy(Common),11-02-2025,184.80,Metric Tonnes
Andhra Pradesh,SPSR Nellore,Gudur APMC,Cereals,Paddy(Common),12-02-2025,225.50,Metric Tonnes
Andhra Pradesh,SPSR Nellore,Gudur APMC,Cereals,Paddy(Common),13-02-2025,233.10,Metric Tonnes
Andhra Pradesh,SPSR Nellore,Gudur APMC,Cereals,Paddy(Common),14-02-2025,141.50,Metric Tonnes
Andhra Pradesh,SPSR Nellore,Gudur APMC,Cereals,Paddy(Common),15-02-2025,19.30,Metric Tonnes
Andhra Pradesh,SPSR Nellore,Gudur APMC,Cereals,Paddy(Common),17-02-2025,163.90,Metric Tonnes
Andhra Pradesh,SPSR Nellore,Gudur APMC,Cereals,Paddy(Common),19-02-2025,298.50,Metric Tonnes
Andhra Pradesh,SPSR Nellore,Gudur APMC,Cereals,Paddy(Common),20-02-2025,107.80,Metric Tonnes
Andhra Pradesh,SPSR Nellore,Gudur APMC,Cereals,Paddy(Common),22-02-2025,59.80,Metric Tonnes
Andhra Pradesh,SPSR Nellore,Gudur APMC,Cereals,Paddy(Common),24-02-2025,307.90,Metric Tonnes
Andhra Pradesh,SPSR Nellore,Gudur APMC,Cereals,Paddy(Common),25-02-2025,225.10,Metric Tonnes
Andhra Pradesh,SPSR Nellore,Gudur APMC,Cereals,Paddy(Common),27-02-2025,232.10,Metric Tonnes
Andhra Pradesh,SPSR Nellore,Gudur APMC,Cereals,Paddy(Common),28-02-2025,86.00,Metric Tonnes
Andhra Pradesh,SPSR Nellore,Gudur APMC,Cereals,Paddy(Common),01-03-2025,102.60,Metric Tonnes
Andhra Pradesh,SPSR Nellore,Gudur APMC,Cereals,Paddy(Common),03-03-2025,268.45,Metric Tonnes
Andhra Pradesh,SPSR Nellore,Gudur APMC,Cereals,Paddy(Common),04-03-2025,163.20,Metric Tonnes
Andhra Pradesh,SPSR Nellore,Gudur APMC,Cereals,Paddy(Common),05-03-2025,55.00,Metric Tonnes
Andhra Pradesh,SPSR Nellore,Gudur APMC,Cereals,Paddy(Common),06-03-2025,100.00,Metric Tonnes
Andhra Pradesh,SPSR Nellore,Gudur APMC,Cereals,Paddy(Common),10-03-2025,400.00,Metric Tonnes
Andhra Pradesh,SPSR Nellore,Gudur APMC,Cereals,Paddy(Common),11-03-2025,55.00,Metric Tonnes
Andhra Pradesh,SPSR Nellore,Gudur APMC,Cereals,Paddy(Common),12-03-2025,136.50,Metric Tonnes
Andhra Pradesh,SPSR Nellore,Gudur APMC,Cereals,Paddy(Common),13-03-2025,208.00,Metric Tonnes
Andhra Pradesh,SPSR Nellore,Gudur APMC,Cereals,Paddy(Common),15-03-2025,289.40,Metric Tonnes
Andhra Pradesh,SPSR Nellore,Gudur APMC,Cereals,Paddy(Common),16-03-2025,110.00,Metric Tonnes
Andhra Pradesh,SPSR Nellore,Gudur APMC,Cereals,Paddy(Common),17-03-2025,102.00,Metric Tonnes
Andhra Pradesh,SPSR Nellore,Gudur APMC,Cereals,Paddy(Common),29-03-2025,97.90,Metric Tonnes
Andhra Pradesh,SPSR Nellore,Gudur APMC,Cereals,Paddy(Common),31-03-2025,262.70,Metric Tonnes
Andhra Pradesh,SPSR Nellore,Gudur APMC,Cereals,Paddy(Common),02-04-2025,85.00,Metric Tonnes
Andhra Pradesh,SPSR Nellore,Gudur APMC,Cereals,Paddy(Common),03-04-2025,106.00,Metric Tonnes
Andhra Pradesh,SPSR Nellore,Gudur APMC,Cereals,Paddy(Common),07-04-2025,245.00,Metric Tonnes
Andhra Pradesh,SPSR Nellore,Gudur APMC,Cereals,Paddy(Common),08-04-2025,198.50,Metric Tonnes
Andhra Pradesh,SPSR Nellore,Gudur APMC,Cereals,Paddy(Common),09-04-2025,170.70,Metric Tonnes
Andhra Pradesh,SPSR Nellore,Gudur APMC,Cereals,Paddy(Common),10-04-2025,17.00,Metric Tonnes
Andhra Pradesh,SPSR Nellore,Gudur APMC,Cereals,Paddy(Common),15-04-2025,87.00,Metric Tonnes
Andhra Pradesh,SPSR Nellore,Gudur APMC,Cereals,Paddy(Common),17-04-2025,17.00,Metric Tonnes
Andhra Pradesh,SPSR Nellore,Gudur APMC,Cereals,Paddy(Common),19-04-2025,17.00,Metric Tonnes
Andhra Pradesh,SPSR Nellore,Gudur APMC,Cereals,Paddy(Common),26-04-2025,30.00,Metric Tonnes
Andhra Pradesh,SPSR Nellore,Gudur APMC,Cereals,Paddy(Common),04-08-2025,60.00,Metric Tonnes
Andhra Pradesh,SPSR Nellore,Gudur APMC,Cereals,Paddy(Common),06-08-2025,32.00,Metric Tonnes
Andhra Pradesh,SPSR Nellore,Gudur APMC,Cereals,Paddy(Common),07-08-2025,54.10,Metric Tonnes
Andhra Pradesh,SPSR Nellore,Gudur APMC,Cereals,Paddy(Common),11-08-2025,385.60,Metric Tonnes
Andhra Pradesh,SPSR Nellore,Gudur APMC,Cereals,Paddy(Common),12-08-2025,220.70,Metric Tonnes
Andhra Pradesh,SPSR Nellore,Gudur APMC,Cereals,Paddy(Common),13-08-2025,303.00,Metric Tonnes
Andhra Pradesh,SPSR Nellore,Gudur APMC,Cereals,Paddy(Common),14-08-2025,80.90,Metric Tonnes
Andhra Pradesh,SPSR Nellore,Gudur APMC,Cereals,Paddy(Common),18-08-2025,333.50,Metric Tonnes
Andhra Pradesh,SPSR Nellore,Gudur APMC,Cereals,Paddy(Common),19-08-2025,17.00,Metric Tonnes
Andhra Pradesh,SPSR Nellore,Gudur APMC,Cereals,Paddy(Common),20-08-2025,107.30,Metric Tonnes
Andhra Pradesh,SPSR Nellore,Gudur APMC,Cereals,Paddy(Common),21-08-2025,234.50,Metric Tonnes
Andhra Pradesh,SPSR Nellore,Gudur APMC,Cereals,Paddy(Common),22-08-2025,70.00,Metric Tonnes
Andhra Pradesh,SPSR Nellore,Gudur APMC,Cereals,Paddy(Common),26-08-2025,533.70,Metric Tonnes
Andhra Pradesh,SPSR Nellore,Gudur APMC,Cereals,Paddy(Common),28-08-2025,462.50,Metric Tonnes
Andhra Pradesh,SPSR Nellore,Gudur APMC,Cereals,Paddy(Common),29-08-2025,197.00,Metric Tonnes
Andhra Pradesh,SPSR Nellore,Gudur APMC,Cereals,Paddy(Common),30-08-2025,53.60,Metric Tonnes
Andhra Pradesh,SPSR Nellore,Gudur APMC,Cereals,Paddy(Common),01-09-2025,403.50,Metric Tonnes
Andhra Pradesh,SPSR Nellore,Gudur APMC,Cereals,Paddy(Common),02-09-2025,85.90,Metric Tonnes
Andhra Pradesh,SPSR Nellore,Gudur APMC,Cereals,Paddy(Common),03-09-2025,139.50,Metric Tonnes
Andhra Pradesh,SPSR Nellore,Gudur APMC,Cereals,Paddy(Common),04-09-2025,206.50,Metric Tonnes
Andhra Pradesh,SPSR Nellore,Gudur APMC,Cereals,Paddy(Common),06-09-2025,94.00,Metric Tonnes
Andhra Pradesh,SPSR Nellore,Gudur APMC,Cereals,Paddy(Common),08-09-2025,294.70,Metric Tonnes
Andhra Pradesh,SPSR Nellore,Gudur APMC,Cereals,Paddy(Common),09-09-2025,123.00,Metric Tonnes
Andhra Pradesh,SPSR Nellore,Gudur APMC,Cereals,Paddy(Common),10-09-2025,68.90,Metric Tonnes
Andhra Pradesh,SPSR Nellore,Gudur APMC,Cereals,Paddy(Common),11-09-2025,64.50,Metric Tonnes
Andhra Pradesh,SPSR Nellore,Gudur APMC,Cereals,Paddy(Common),12-09-2025,38.70,Metric Tonnes
Andhra Pradesh,SPSR Nellore,Gudur APMC,Cereals,Paddy(Common),15-09-2025,72.50,Metric Tonnes
Andhra Pradesh,SPSR Nellore,Gudur APMC,Cereals,Paddy(Common),16-09-2025,40.90,Metric Tonnes
Andhra Pradesh,SPSR Nellore,Gudur APMC,Cereals,Paddy(Common),17-09-2025,51.50,Metric Tonnes
Andhra Pradesh,SPSR Nellore,Gudur APMC,Cereals,Paddy(Common),25-09-2025,32.00,Metric Tonnes
Andhra Pradesh,SPSR Nellore,Gudur APMC,Cereals,Paddy(Common),23-07-2026,0.10,Metric Tonnes
Andhra Pradesh,SPSR Nellore,Gudur APMC,Cereals,Paddy(Common),24-07-2026,0.10,Metric Tonnes
Andhra Pradesh,SPSR Nellore,Gudur APMC,Cereals,Paddy(Common),25-07-2026,0.10,Metric Tonnes
Andhra Pradesh,SPSR Nellore,Gudur APMC,Cereals,Paddy(Common),26-07-2026,0.10,Metric Tonnes
Andhra Pradesh,SPSR Nellore,Gudur APMC,Cereals,Paddy(Common),27-07-2026,0.10,Metric Tonnes
Andhra Pradesh,SPSR Nellore,Gudur APMC,Cereals,Paddy(Common),28-07-2026,0.10,Metric Tonnes
Andhra Pradesh,SPSR Nellore,Gudur APMC,Cereals,Paddy(Common),29-07-2026,0.10,Metric Tonnes
Andhra Pradesh,SPSR Nellore,Gudur APMC,Cereals,Paddy(Common),30-07-2026,0.10,Metric Tonnes
Andhra Pradesh,SPSR Nellore,Gudur APMC,Cereals,Paddy(Common),31-07-2026,0.10,Metric Tonnes
Andhra Pradesh,SPSR Nellore,Gudur APMC,Cereals,Paddy(Common),01-08-2026,0.10,Metric Tonnes
Andhra Pradesh,SPSR Nellore,Gudur APMC,Cereals,Paddy(Common),02-08-2026,0.10,Metric Tonnes
Andhra Pradesh,SPSR Nellore,Gudur APMC,Cereals,Paddy(Common),03-08-2026,0.10,Metric Tonnes
Andhra Pradesh,SPSR Nellore,Gudur APMC,Cereals,Paddy(Common),04-08-2026,0.10,Metric Tonnes
Andhra Pradesh,SPSR Nellore,Gudur APMC,Cereals,Paddy(Common),05-08-2026,0.10,Metric Tonnes
Andhra Pradesh,SPSR Nellore,Gudur APMC,Cereals,Paddy(Common),06-08-2026,0.10,Metric Tonnes
Andhra Pradesh,SPSR Nellore,Gudur APMC,Cereals,Paddy(Common),07-08-2026,0.10,Metric Tonnes
Andhra Pradesh,SPSR Nellore,Kavali APMC,Cereals,Paddy(Common),22-07-2026,0.10,Metric Tonnes
Andhra Pradesh,SPSR Nellore,Kavali APMC,Cereals,Paddy(Common),23-07-2026,0.10,Metric Tonnes
Andhra Pradesh,SPSR Nellore,Kavali APMC,Cereals,Paddy(Common),24-07-2026,0.10,Metric Tonnes
Andhra Pradesh,SPSR Nellore,Kavali APMC,Cereals,Paddy(Common),25-07-2026,0.10,Metric Tonnes
Andhra Pradesh,SPSR Nellore,Kavali APMC,Cereals,Paddy(Common),27-07-2026,0.10,Metric Tonnes
Andhra Pradesh,SPSR Nellore,Kavali APMC,Cereals,Paddy(Common),28-07-2026,0.10,Metric Tonnes
Andhra Pradesh,SPSR Nellore,Kavali APMC,Cereals,Paddy(Common),29-07-2026,0.10,Metric Tonnes
Andhra Pradesh,SPSR Nellore,Kavali APMC,Cereals,Paddy(Common),30-07-2026,0.10,Metric Tonnes
Andhra Pradesh,SPSR Nellore,Kavali APMC,Cereals,Paddy(Common),31-07-2026,0.10,Metric Tonnes
Andhra Pradesh,SPSR Nellore,Kavali APMC,Cereals,Paddy(Common),01-08-2026,0.10,Metric Tonnes
Andhra Pradesh,SPSR Nellore,Kavali APMC,Cereals,Paddy(Common),03-08-2026,0.10,Metric Tonnes
Andhra Pradesh,SPSR Nellore,Kavali APMC,Cereals,Paddy(Common),04-08-2026,0.10,Metric Tonnes
Andhra Pradesh,SPSR Nellore,Kavali APMC,Cereals,Paddy(Common),05-08-2026,0.10,Metric Tonnes
Andhra Pradesh,SPSR Nellore,Kavali APMC,Cereals,Paddy(Common),06-08-2026,0.10,Metric Tonnes
Andhra Pradesh,SPSR Nellore,Kavali APMC,Cereals,Paddy(Common),07-08-2026,0.10,Metric Tonnes
Andhra Pradesh,SPSR Nellore,Kovur APMC,Cereals,Paddy(Common),22-07-2026,19.00,Metric Tonnes
Andhra Pradesh,SPSR Nellore,Kovur APMC,Cereals,Paddy(Common),23-07-2026,14.40,Metric Tonnes
Andhra Pradesh,SPSR Nellore,Kovur APMC,Cereals,Paddy(Common),24-07-2026,15.00,Metric Tonnes
Andhra Pradesh,SPSR Nellore,Kovur APMC,Cereals,Paddy(Common),25-07-2026,0.10,Metric Tonnes
Andhra Pradesh,SPSR Nellore,Kovur APMC,Cereals,Paddy(Common),26-07-2026,0.10,Metric Tonnes
Andhra Pradesh,SPSR Nellore,Kovur APMC,Cereals,Paddy(Common),27-07-2026,0.10,Metric Tonnes
Andhra Pradesh,SPSR Nellore,Kovur APMC,Cereals,Paddy(Common),28-07-2026,0.10,Metric Tonnes
Andhra Pradesh,SPSR Nellore,Kovur APMC,Cereals,Paddy(Common),29-07-2026,0.10,Metric Tonnes
Andhra Pradesh,SPSR Nellore,Kovur APMC,Cereals,Paddy(Common),30-07-2026,20.00,Metric Tonnes
Andhra Pradesh,SPSR Nellore,Kovur APMC,Cereals,Paddy(Common),31-07-2026,20.00,Metric Tonnes
Andhra Pradesh,SPSR Nellore,Kovur APMC,Cereals,Paddy(Common),01-08-2026,0.10,Metric Tonnes
Andhra Pradesh,SPSR Nellore,Kovur APMC,Cereals,Paddy(Common),02-08-2026,0.10,Metric Tonnes
Andhra Pradesh,SPSR Nellore,Kovur APMC,Cereals,Paddy(Common),03-08-2026,0.10,Metric Tonnes
Andhra Pradesh,SPSR Nellore,Kovur APMC,Cereals,Paddy(Common),04-08-2026,0.10,Metric Tonnes
Andhra Pradesh,SPSR Nellore,Kovur APMC,Cereals,Paddy(Common),05-08-2026,20.00,Metric Tonnes
Andhra Pradesh,SPSR Nellore,Kovur APMC,Cereals,Paddy(Common),06-08-2026,0.10,Metric Tonnes
Andhra Pradesh,SPSR Nellore,Kovur APMC,Cereals,Paddy(Common),07-08-2026,0.10,Metric Tonnes
Andhra Pradesh,SPSR Nellore,Nellore APMC,Cereals,Paddy(Common),18-06-2024,43.00,Metric Tonnes
Andhra Pradesh,SPSR Nellore,Nellore APMC,Cereals,Paddy(Common),22-10-2024,14.35,Metric Tonnes
Andhra Pradesh,SPSR Nellore,Nellore APMC,Cereals,Paddy(Common),15-10-2025,277.00,Metric Tonnes
Andhra Pradesh,SPSR Nellore,Nellore APMC,Cereals,Paddy(Common),18-10-2025,108.00,Metric Tonnes
Andhra Pradesh,SPSR Nellore,Nellore APMC,Cereals,Paddy(Common),27-10-2025,130.00,Metric Tonnes
Andhra Pradesh,SPSR Nellore,Nellore APMC,Cereals,Paddy(Common),30-10-2025,380.00,Metric Tonnes
Andhra Pradesh,SPSR Nellore,Nellore APMC,Cereals,Paddy(Common),04-07-2026,29.30,Metric Tonnes
Andhra Pradesh,SPSR Nellore,Nellore APMC,Cereals,Paddy(Common),06-07-2026,56.50,Metric Tonnes
Andhra Pradesh,SPSR Nellore,Nellore APMC,Cereals,Paddy(Common),13-07-2026,113.00,Metric Tonnes
Andhra Pradesh,SPSR Nellore,Nellore APMC,Cereals,Paddy(Common),15-07-2026,54.40,Metric Tonnes
Andhra Pradesh,SPSR Nellore,Nellore APMC,Cereals,Paddy(Common),23-07-2026,34.00,Metric Tonnes
Andhra Pradesh,SPSR Nellore,Nellore APMC,Cereals,Paddy(Common),24-07-2026,34.00,Metric Tonnes
Andhra Pradesh,SPSR Nellore,Nellore APMC,Cereals,Paddy(Common),25-07-2026,0.10,Metric Tonnes
Andhra Pradesh,SPSR Nellore,Nellore APMC,Cereals,Paddy(Common),27-07-2026,0.10,Metric Tonnes
Andhra Pradesh,SPSR Nellore,Nellore APMC,Cereals,Paddy(Common),28-07-2026,0.10,Metric Tonnes
Andhra Pradesh,SPSR Nellore,Nellore APMC,Cereals,Paddy(Common),29-07-2026,1.00,Metric Tonnes
Andhra Pradesh,SPSR Nellore,Nellore APMC,Cereals,Paddy(Common),30-07-2026,1.00,Metric Tonnes
Andhra Pradesh,SPSR Nellore,Nellore APMC,Cereals,Paddy(Common),31-07-2026,1.00,Metric Tonnes
Andhra Pradesh,SPSR Nellore,Nellore APMC,Cereals,Paddy(Common),03-08-2026,0.10,Metric Tonnes
Andhra Pradesh,SPSR Nellore,Nellore APMC,Cereals,Paddy(Common),04-08-2026,0.10,Metric Tonnes
Andhra Pradesh,SPSR Nellore,Nellore APMC,Cereals,Paddy(Common),05-08-2026,1.00,Metric Tonnes
Andhra Pradesh,SPSR Nellore,Nellore APMC,Cereals,Paddy(Common),06-08-2026,0.10,Metric Tonnes
Andhra Pradesh,SPSR Nellore,Nellore APMC,Cereals,Paddy(Common),07-08-2026,0.10,Metric Tonnes
Andhra Pradesh,SPSR Nellore,Rapur APMC,Cereals,Paddy(Common),13-09-2024,1.00,Metric Tonnes
Andhra Pradesh,SPSR Nellore,Rapur APMC,Cereals,Paddy(Common),21-09-2024,1.00,Metric Tonnes
Andhra Pradesh,SPSR Nellore,Rapur APMC,Cereals,Paddy(Common),24-09-2024,1.00,Metric Tonnes
Andhra Pradesh,SPSR Nellore,Rapur APMC,Cereals,Paddy(Common),26-09-2024,1.00,Metric Tonnes
Andhra Pradesh,SPSR Nellore,Rapur APMC,Cereals,Paddy(Common),27-09-2024,1.00,Metric Tonnes
Andhra Pradesh,SPSR Nellore,Rapur APMC,Cereals,Paddy(Common),03-10-2024,1.00,Metric Tonnes
Andhra Pradesh,SPSR Nellore,Rapur APMC,Cereals,Paddy(Common),04-10-2024,1.00,Metric Tonnes
Andhra Pradesh,SPSR Nellore,Rapur APMC,Cereals,Paddy(Common),05-10-2024,1.00,Metric Tonnes
Andhra Pradesh,SPSR Nellore,Rapur APMC,Cereals,Paddy(Common),07-10-2024,1.00,Metric Tonnes
Andhra Pradesh,SPSR Nellore,Rapur APMC,Cereals,Paddy(Common),10-10-2024,1.00,Metric Tonnes
Andhra Pradesh,SPSR Nellore,Rapur APMC,Cereals,Paddy(Common),21-10-2024,1.00,Metric Tonnes
Andhra Pradesh,SPSR Nellore,Rapur APMC,Cereals,Paddy(Common),22-10-2024,1.00,Metric Tonnes
Andhra Pradesh,SPSR Nellore,Rapur APMC,Cereals,Paddy(Common),31-01-2025,1.00,Metric Tonnes
Andhra Pradesh,SPSR Nellore,Rapur APMC,Cereals,Paddy(Common),13-02-2025,1.00,Metric Tonnes
Andhra Pradesh,SPSR Nellore,Rapur APMC,Cereals,Paddy(Common),14-02-2025,1.00,Metric Tonnes
Andhra Pradesh,SPSR Nellore,Rapur APMC,Cereals,Paddy(Common),15-02-2025,1.00,Metric Tonnes
Andhra Pradesh,SPSR Nellore,Rapur APMC,Cereals,Paddy(Common),17-02-2025,1.00,Metric Tonnes
Andhra Pradesh,SPSR Nellore,Rapur APMC,Cereals,Paddy(Common),18-02-2025,1.00,Metric Tonnes
Andhra Pradesh,SPSR Nellore,Rapur APMC,Cereals,Paddy(Common),19-02-2025,1.00,Metric Tonnes
Andhra Pradesh,SPSR Nellore,Rapur APMC,Cereals,Paddy(Common),21-02-2025,1.00,Metric Tonnes
Andhra Pradesh,SPSR Nellore,Rapur APMC,Cereals,Paddy(Common),22-02-2025,1.00,Metric Tonnes
Andhra Pradesh,SPSR Nellore,Rapur APMC,Cereals,Paddy(Common),24-02-2025,1.00,Metric Tonnes
Andhra Pradesh,SPSR Nellore,Rapur APMC,Cereals,Paddy(Common),25-02-2025,1.00,Metric Tonnes
Andhra Pradesh,SPSR Nellore,Rapur APMC,Cereals,Paddy(Common),27-02-2025,1.00,Metric Tonnes
Andhra Pradesh,SPSR Nellore,Rapur APMC,Cereals,Paddy(Common),01-03-2025,1.00,Metric Tonnes
Andhra Pradesh,SPSR Nellore,Rapur APMC,Cereals,Paddy(Common),04-03-2025,1.00,Metric Tonnes
Andhra Pradesh,SPSR Nellore,Rapur APMC,Cereals,Paddy(Common),05-03-2025,1.00,Metric Tonnes
Andhra Pradesh,SPSR Nellore,Rapur APMC,Cereals,Paddy(Common),06-03-2025,1.00,Metric Tonnes
Andhra Pradesh,SPSR Nellore,Rapur APMC,Cereals,Paddy(Common),07-03-2025,1.00,Metric Tonnes
Andhra Pradesh,SPSR Nellore,Rapur APMC,Cereals,Paddy(Common),10-03-2025,1.00,Metric Tonnes
Andhra Pradesh,SPSR Nellore,Rapur APMC,Cereals,Paddy(Common),11-03-2025,1.00,Metric Tonnes
Andhra Pradesh,SPSR Nellore,Rapur APMC,Cereals,Paddy(Common),12-03-2025,1.00,Metric Tonnes
Andhra Pradesh,SPSR Nellore,Rapur APMC,Cereals,Paddy(Common),13-03-2025,1.00,Metric Tonnes
Andhra Pradesh,SPSR Nellore,Rapur APMC,Cereals,Paddy(Common),15-03-2025,1.00,Metric Tonnes
Andhra Pradesh,SPSR Nellore,Rapur APMC,Cereals,Paddy(Common),17-03-2025,1.00,Metric Tonnes
Andhra Pradesh,SPSR Nellore,Rapur APMC,Cereals,Paddy(Common),18-03-2025,1.00,Metric Tonnes
Andhra Pradesh,SPSR Nellore,Rapur APMC,Cereals,Paddy(Common),19-03-2025,1.00,Metric Tonnes
Andhra Pradesh,SPSR Nellore,Rapur APMC,Cereals,Paddy(Common),20-03-2025,1.00,Metric Tonnes
Andhra Pradesh,SPSR Nellore,Rapur APMC,Cereals,Paddy(Common),21-03-2025,1.00,Metric Tonnes
Andhra Pradesh,SPSR Nellore,Rapur APMC,Cereals,Paddy(Common),22-03-2025,1.00,Metric Tonnes
Andhra Pradesh,SPSR Nellore,Rapur APMC,Cereals,Paddy(Common),24-03-2025,1.70,Metric Tonnes
Andhra Pradesh,SPSR Nellore,Rapur APMC,Cereals,Paddy(Common),25-03-2025,2.86,Metric Tonnes
Andhra Pradesh,SPSR Nellore,Rapur APMC,Cereals,Paddy(Common),26-03-2025,1.00,Metric Tonnes
Andhra Pradesh,SPSR Nellore,Rapur APMC,Cereals,Paddy(Common),27-03-2025,1.00,Metric Tonnes
Andhra Pradesh,SPSR Nellore,Rapur APMC,Cereals,Paddy(Common),28-03-2025,1.00,Metric Tonnes
Andhra Pradesh,SPSR Nellore,Rapur APMC,Cereals,Paddy(Common),29-03-2025,1.00,Metric Tonnes
Andhra Pradesh,SPSR Nellore,Rapur APMC,Cereals,Paddy(Common),01-04-2025,1.00,Metric Tonnes
Andhra Pradesh,SPSR Nellore,Rapur APMC,Cereals,Paddy(Common),02-04-2025,1.00,Metric Tonnes
Andhra Pradesh,SPSR Nellore,Rapur APMC,Cereals,Paddy(Common),03-04-2025,10.00,Metric Tonnes
Andhra Pradesh,SPSR Nellore,Rapur APMC,Cereals,Paddy(Common),04-04-2025,1.00,Metric Tonnes
Andhra Pradesh,SPSR Nellore,Rapur APMC,Cereals,Paddy(Common),07-04-2025,1.00,Metric Tonnes
Andhra Pradesh,SPSR Nellore,Rapur APMC,Cereals,Paddy(Common),08-04-2025,1.00,Metric Tonnes
Andhra Pradesh,SPSR Nellore,Rapur APMC,Cereals,Paddy(Common),09-04-2025,1.00,Metric Tonnes
Andhra Pradesh,SPSR Nellore,Rapur APMC,Cereals,Paddy(Common),10-04-2025,1.00,Metric Tonnes
Andhra Pradesh,SPSR Nellore,Rapur APMC,Cereals,Paddy(Common),11-04-2025,1.00,Metric Tonnes
Andhra Pradesh,SPSR Nellore,Rapur APMC,Cereals,Paddy(Common),15-04-2025,1.00,Metric Tonnes
Andhra Pradesh,SPSR Nellore,Rapur APMC,Cereals,Paddy(Common),16-04-2025,1.00,Metric Tonnes
Andhra Pradesh,SPSR Nellore,Rapur APMC,Cereals,Paddy(Common),17-04-2025,1.00,Metric Tonnes
Andhra Pradesh,SPSR Nellore,Rapur APMC,Cereals,Paddy(Common),19-04-2025,1.00,Metric Tonnes
Andhra Pradesh,SPSR Nellore,Rapur APMC,Cereals,Paddy(Common),21-04-2025,1.00,Metric Tonnes
Andhra Pradesh,SPSR Nellore,Rapur APMC,Cereals,Paddy(Common),22-04-2025,1.00,Metric Tonnes
Andhra Pradesh,SPSR Nellore,Rapur APMC,Cereals,Paddy(Common),23-04-2025,1.00,Metric Tonnes
Andhra Pradesh,SPSR Nellore,Rapur APMC,Cereals,Paddy(Common),24-04-2025,1.00,Metric Tonnes
Andhra Pradesh,SPSR Nellore,Rapur APMC,Cereals,Paddy(Common),25-04-2025,1.00,Metric Tonnes
Andhra Pradesh,SPSR Nellore,Rapur APMC,Cereals,Paddy(Common),28-04-2025,1.00,Metric Tonnes
Andhra Pradesh,SPSR Nellore,Rapur APMC,Cereals,Paddy(Common),29-04-2025,1.00,Metric Tonnes
Andhra Pradesh,SPSR Nellore,Rapur APMC,Cereals,Paddy(Common),30-04-2025,1.00,Metric Tonnes
Andhra Pradesh,SPSR Nellore,Rapur APMC,Cereals,Paddy(Common),02-05-2025,1.00,Metric Tonnes
Andhra Pradesh,SPSR Nellore,Rapur APMC,Cereals,Paddy(Common),03-05-2025,1.00,Metric Tonnes
Andhra Pradesh,SPSR Nellore,Rapur APMC,Cereals,Paddy(Common),05-05-2025,1.00,Metric Tonnes
Andhra Pradesh,SPSR Nellore,Rapur APMC,Cereals,Paddy(Common),06-05-2025,1.00,Metric Tonnes
Andhra Pradesh,SPSR Nellore,Rapur APMC,Cereals,Paddy(Common),07-05-2025,1.00,Metric Tonnes
Andhra Pradesh,SPSR Nellore,Rapur APMC,Cereals,Paddy(Common),08-05-2025,1.00,Metric Tonnes
Andhra Pradesh,SPSR Nellore,Rapur APMC,Cereals,Paddy(Common),09-05-2025,1.00,Metric Tonnes
Andhra Pradesh,SPSR Nellore,Rapur APMC,Cereals,Paddy(Common),12-05-2025,1.00,Metric Tonnes
Andhra Pradesh,SPSR Nellore,Rapur APMC,Cereals,Paddy(Common),15-05-2025,1.00,Metric Tonnes
Andhra Pradesh,SPSR Nellore,Rapur APMC,Cereals,Paddy(Common),22-08-2025,3.00,Metric Tonnes
Andhra Pradesh,SPSR Nellore,Rapur APMC,Cereals,Paddy(Common),26-08-2025,2.24,Metric Tonnes
Andhra Pradesh,SPSR Nellore,Rapur APMC,Cereals,Paddy(Common),28-08-2025,2.18,Metric Tonnes
Andhra Pradesh,SPSR Nellore,Rapur APMC,Cereals,Paddy(Common),01-09-2025,1.94,Metric Tonnes
Andhra Pradesh,SPSR Nellore,Rapur APMC,Cereals,Paddy(Common),02-09-2025,1.44,Metric Tonnes
Andhra Pradesh,SPSR Nellore,Rapur APMC,Cereals,Paddy(Common),03-09-2025,0.35,Metric Tonnes
Andhra Pradesh,SPSR Nellore,Rapur APMC,Cereals,Paddy(Common),04-09-2025,0.50,Metric Tonnes
Andhra Pradesh,SPSR Nellore,Rapur APMC,Cereals,Paddy(Common),06-09-2025,4.26,Metric Tonnes
Andhra Pradesh,SPSR Nellore,Rapur APMC,Cereals,Paddy(Common),08-09-2025,3.66,Metric Tonnes
Andhra Pradesh,SPSR Nellore,Rapur APMC,Cereals,Paddy(Common),09-09-2025,3.03,Metric Tonnes
Andhra Pradesh,SPSR Nellore,Rapur APMC,Cereals,Paddy(Common),10-09-2025,3.24,Metric Tonnes
Andhra Pradesh,SPSR Nellore,Rapur APMC,Cereals,Paddy(Common),11-09-2025,3.76,Metric Tonnes
Andhra Pradesh,SPSR Nellore,Rapur APMC,Cereals,Paddy(Common),12-09-2025,6.79,Metric Tonnes
Andhra Pradesh,SPSR Nellore,Rapur APMC,Cereals,Paddy(Common),15-09-2025,15.74,Metric Tonnes
Andhra Pradesh,SPSR Nellore,Rapur APMC,Cereals,Paddy(Common),16-09-2025,5.32,Metric Tonnes
Andhra Pradesh,SPSR Nellore,Rapur APMC,Cereals,Paddy(Common),17-09-2025,4.04,Metric Tonnes
Andhra Pradesh,SPSR Nellore,Rapur APMC,Cereals,Paddy(Common),18-09-2025,6.65,Metric Tonnes
Andhra Pradesh,SPSR Nellore,Rapur APMC,Cereals,Paddy(Common),19-09-2025,3.50,Metric Tonnes
Andhra Pradesh,SPSR Nellore,Rapur APMC,Cereals,Paddy(Common),20-09-2025,13.34,Metric Tonnes
Andhra Pradesh,SPSR Nellore,Rapur APMC,Cereals,Paddy(Common),22-09-2025,20.55,Metric Tonnes
Andhra Pradesh,SPSR Nellore,Rapur APMC,Cereals,Paddy(Common),23-09-2025,4.59,Metric Tonnes
Andhra Pradesh,SPSR Nellore,Rapur APMC,Cereals,Paddy(Common),24-09-2025,8.53,Metric Tonnes
Andhra Pradesh,SPSR Nellore,Rapur APMC,Cereals,Paddy(Common),25-09-2025,5.12,Metric Tonnes
Andhra Pradesh,SPSR Nellore,Rapur APMC,Cereals,Paddy(Common),26-09-2025,12.53,Metric Tonnes
Andhra Pradesh,SPSR Nellore,Rapur APMC,Cereals,Paddy(Common),27-09-2025,5.12,Metric Tonnes
Andhra Pradesh,SPSR Nellore,Rapur APMC,Cereals,Paddy(Common),29-09-2025,17.91,Metric Tonnes
Andhra Pradesh,SPSR Nellore,Rapur APMC,Cereals,Paddy(Common),01-10-2025,11.00,Metric Tonnes
Andhra Pradesh,SPSR Nellore,Rapur APMC,Cereals,Paddy(Common),03-10-2025,4.24,Metric Tonnes
Andhra Pradesh,SPSR Nellore,Rapur APMC,Cereals,Paddy(Common),04-10-2025,6.38,Metric Tonnes
Andhra Pradesh,SPSR Nellore,Rapur APMC,Cereals,Paddy(Common),06-10-2025,16.79,Metric Tonnes
Andhra Pradesh,SPSR Nellore,Rapur APMC,Cereals,Paddy(Common),07-10-2025,6.94,Metric Tonnes
Andhra Pradesh,SPSR Nellore,Rapur APMC,Cereals,Paddy(Common),08-10-2025,7.39,Metric Tonnes
Andhra Pradesh,SPSR Nellore,Rapur APMC,Cereals,Paddy(Common),09-10-2025,1.00,Metric Tonnes
Andhra Pradesh,SPSR Nellore,Rapur APMC,Cereals,Paddy(Common),13-10-2025,17.88,Metric Tonnes
Andhra Pradesh,SPSR Nellore,Rapur APMC,Cereals,Paddy(Common),14-10-2025,1.00,Metric Tonnes
Andhra Pradesh,SPSR Nellore,Rapur APMC,Cereals,Paddy(Common),15-10-2025,4.24,Metric Tonnes
Andhra Pradesh,SPSR Nellore,Rapur APMC,Cereals,Paddy(Common),16-10-2025,5.53,Metric Tonnes
Andhra Pradesh,SPSR Nellore,Rapur APMC,Cereals,Paddy(Common),21-10-2025,2.00,Metric Tonnes
Andhra Pradesh,SPSR Nellore,Rapur APMC,Cereals,Paddy(Common),28-10-2025,1.47,Metric Tonnes
Andhra Pradesh,SPSR Nellore,Rapur APMC,Cereals,Paddy(Common),10-11-2025,17.00,Metric Tonnes
Andhra Pradesh,SPSR Nellore,Rapur APMC,Cereals,Paddy(Common),15-12-2025,10.50,Metric Tonnes
Andhra Pradesh,SPSR Nellore,Rapur APMC,Cereals,Paddy(Common),09-02-2026,51.00,Metric Tonnes
Andhra Pradesh,SPSR Nellore,Rapur APMC,Cereals,Paddy(Common),10-02-2026,55.00,Metric Tonnes
Andhra Pradesh,SPSR Nellore,Rapur APMC,Cereals,Paddy(Common),16-02-2026,17.00,Metric Tonnes
Andhra Pradesh,SPSR Nellore,Rapur APMC,Cereals,Paddy(Common),20-02-2026,20.90,Metric Tonnes
Andhra Pradesh,SPSR Nellore,Rapur APMC,Cereals,Paddy(Common),23-02-2026,20.90,Metric Tonnes
Andhra Pradesh,SPSR Nellore,Rapur APMC,Cereals,Paddy(Common),24-02-2026,110.00,Metric Tonnes
Andhra Pradesh,SPSR Nellore,Rapur APMC,Cereals,Paddy(Common),25-02-2026,25.00,Metric Tonnes
Andhra Pradesh,SPSR Nellore,Rapur APMC,Cereals,Paddy(Common),27-02-2026,63.00,Metric Tonnes
Andhra Pradesh,SPSR Nellore,Rapur APMC,Cereals,Paddy(Common),28-02-2026,45.90,Metric Tonnes
Andhra Pradesh,SPSR Nellore,Rapur APMC,Cereals,Paddy(Common),02-03-2026,25.00,Metric Tonnes
Andhra Pradesh,SPSR Nellore,Rapur APMC,Cereals,Paddy(Common),07-03-2026,19.00,Metric Tonnes
Andhra Pradesh,SPSR Nellore,Rapur APMC,Cereals,Paddy(Common),09-03-2026,89.00,Metric Tonnes
Andhra Pradesh,SPSR Nellore,Rapur APMC,Cereals,Paddy(Common),10-03-2026,49.00,Metric Tonnes
Andhra Pradesh,SPSR Nellore,Rapur APMC,Cereals,Paddy(Common),11-03-2026,121.90,Metric Tonnes
Andhra Pradesh,SPSR Nellore,Rapur APMC,Cereals,Paddy(Common),12-03-2026,262.50,Metric Tonnes
Andhra Pradesh,SPSR Nellore,Rapur APMC,Cereals,Paddy(Common),13-03-2026,226.30,Metric Tonnes
Andhra Pradesh,SPSR Nellore,Rapur APMC,Cereals,Paddy(Common),16-03-2026,993.90,Metric Tonnes
Andhra Pradesh,SPSR Nellore,Rapur APMC,Cereals,Paddy(Common),17-03-2026,309.50,Metric Tonnes
Andhra Pradesh,SPSR Nellore,Rapur APMC,Cereals,Paddy(Common),18-03-2026,808.30,Metric Tonnes
Andhra Pradesh,SPSR Nellore,Rapur APMC,Cereals,Paddy(Common),20-03-2026,1285.80,Metric Tonnes
Andhra Pradesh,SPSR Nellore,Rapur APMC,Cereals,Paddy(Common),23-03-2026,1948.00,Metric Tonnes
Andhra Pradesh,SPSR Nellore,Rapur APMC,Cereals,Paddy(Common),24-03-2026,1098.00,Metric Tonnes
Andhra Pradesh,SPSR Nellore,Rapur APMC,Cereals,Paddy(Common),25-03-2026,565.00,Metric Tonnes
Andhra Pradesh,SPSR Nellore,Rapur APMC,Cereals,Paddy(Common),26-03-2026,319.00,Metric Tonnes
Andhra Pradesh,SPSR Nellore,Rapur APMC,Cereals,Paddy(Common),28-03-2026,1075.00,Metric Tonnes
Andhra Pradesh,SPSR Nellore,Rapur APMC,Cereals,Paddy(Common),30-03-2026,430.00,Metric Tonnes
Andhra Pradesh,SPSR Nellore,Rapur APMC,Cereals,Paddy(Common),31-03-2026,289.00,Metric Tonnes
Andhra Pradesh,SPSR Nellore,Rapur APMC,Cereals,Paddy(Common),01-04-2026,481.00,Metric Tonnes
Andhra Pradesh,SPSR Nellore,Rapur APMC,Cereals,Paddy(Common),02-04-2026,589.60,Metric Tonnes
Andhra Pradesh,SPSR Nellore,Rapur APMC,Cereals,Paddy(Common),04-04-2026,288.50,Metric Tonnes
Andhra Pradesh,SPSR Nellore,Rapur APMC,Cereals,Paddy(Common),06-04-2026,382.50,Metric Tonnes
Andhra Pradesh,SPSR Nellore,Rapur APMC,Cereals,Paddy(Common),07-04-2026,379.00,Metric Tonnes
Andhra Pradesh,SPSR Nellore,Rapur APMC,Cereals,Paddy(Common),08-04-2026,398.00,Metric Tonnes
Andhra Pradesh,SPSR Nellore,Rapur APMC,Cereals,Paddy(Common),09-04-2026,211.00,Metric Tonnes
Andhra Pradesh,SPSR Nellore,Rapur APMC,Cereals,Paddy(Common),10-04-2026,161.50,Metric Tonnes
Andhra Pradesh,SPSR Nellore,Rapur APMC,Cereals,Paddy(Common),13-04-2026,800.10,Metric Tonnes
Andhra Pradesh,SPSR Nellore,Rapur APMC,Cereals,Paddy(Common),15-04-2026,490.00,Metric Tonnes
Andhra Pradesh,SPSR Nellore,Rapur APMC,Cereals,Paddy(Common),17-04-2026,133.00,Metric Tonnes
Andhra Pradesh,SPSR Nellore,Rapur APMC,Cereals,Paddy(Common),18-04-2026,232.50,Metric Tonnes
Andhra Pradesh,SPSR Nellore,Rapur APMC,Cereals,Paddy(Common),20-04-2026,201.50,Metric Tonnes
Andhra Pradesh,SPSR Nellore,Rapur APMC,Cereals,Paddy(Common),21-04-2026,88.00,Metric Tonnes
Andhra Pradesh,SPSR Nellore,Rapur APMC,Cereals,Paddy(Common),22-04-2026,17.00,Metric Tonnes
Andhra Pradesh,SPSR Nellore,Rapur APMC,Cereals,Paddy(Common),23-04-2026,88.00,Metric Tonnes
Andhra Pradesh,SPSR Nellore,Rapur APMC,Cereals,Paddy(Common),24-04-2026,40.00,Metric Tonnes
Andhra Pradesh,SPSR Nellore,Rapur APMC,Cereals,Paddy(Common),25-04-2026,36.00,Metric Tonnes
Andhra Pradesh,SPSR Nellore,Rapur APMC,Cereals,Paddy(Common),27-04-2026,57.00,Metric Tonnes
Andhra Pradesh,SPSR Nellore,Rapur APMC,Cereals,Paddy(Common),29-04-2026,25.50,Metric Tonnes
Andhra Pradesh,SPSR Nellore,Rapur APMC,Cereals,Paddy(Common),30-04-2026,38.50,Metric Tonnes
Andhra Pradesh,SPSR Nellore,Rapur APMC,Cereals,Paddy(Common),11-05-2026,51.00,Metric Tonnes
Andhra Pradesh,SPSR Nellore,Rapur APMC,Cereals,Paddy(Common),14-05-2026,41.00,Metric Tonnes
Andhra Pradesh,SPSR Nellore,Rapur APMC,Cereals,Paddy(Common),15-05-2026,25.00,Metric Tonnes
Andhra Pradesh,SPSR Nellore,Rapur APMC,Cereals,Paddy(Common),20-05-2026,82.00,Metric Tonnes
Andhra Pradesh,SPSR Nellore,Rapur APMC,Cereals,Paddy(Common),21-05-2026,43.00,Metric Tonnes
Andhra Pradesh,SPSR Nellore,Rapur APMC,Cereals,Paddy(Common),22-05-2026,42.00,Metric Tonnes
Andhra Pradesh,SPSR Nellore,Rapur APMC,Cereals,Paddy(Common),25-05-2026,130.00,Metric Tonnes
Andhra Pradesh,SPSR Nellore,Rapur APMC,Cereals,Paddy(Common),26-05-2026,42.00,Metric Tonnes
Andhra Pradesh,SPSR Nellore,Rapur APMC,Cereals,Paddy(Common),27-05-2026,24.00,Metric Tonnes
Andhra Pradesh,SPSR Nellore,Rapur APMC,Cereals,Paddy(Common),25-06-2026,18.90,Metric Tonnes
Andhra Pradesh,SPSR Nellore,Rapur APMC,Cereals,Paddy(Common),01-07-2026,33.10,Metric Tonnes
Andhra Pradesh,SPSR Nellore,Rapur APMC,Cereals,Paddy(Common),09-07-2026,16.90,Metric Tonnes
Andhra Pradesh,SPSR Nellore,Rapur APMC,Cereals,Paddy(Common),07-08-2026,20.50,Metric Tonnes
Andhra Pradesh,SPSR Nellore,Udayagiri APMC,Cereals,Paddy(Common),23-07-2026,1.00,Metric Tonnes
Andhra Pradesh,SPSR Nellore,Udayagiri APMC,Cereals,Paddy(Common),24-07-2026,2.00,Metric Tonnes
Andhra Pradesh,SPSR Nellore,Udayagiri APMC,Cereals,Paddy(Common),26-07-2026,1.00,Metric Tonnes
Andhra Pradesh,SPSR Nellore,Udayagiri APMC,Cereals,Paddy(Common),28-07-2026,1.00,Metric Tonnes
Andhra Pradesh,SPSR Nellore,Udayagiri APMC,Cereals,Paddy(Common),29-07-2026,1.00,Metric Tonnes
Andhra Pradesh,SPSR Nellore,Udayagiri APMC,Cereals,Paddy(Common),30-07-2026,1.00,Metric Tonnes
Andhra Pradesh,SPSR Nellore,Udayagiri APMC,Cereals,Paddy(Common),31-07-2026,1.00,Metric Tonnes
Andhra Pradesh,SPSR Nellore,Udayagiri APMC,Cereals,Paddy(Common),01-08-2026,1.00,Metric Tonnes
Andhra Pradesh,SPSR Nellore,Udayagiri APMC,Cereals,Paddy(Common),02-08-2026,1.00,Metric Tonnes
Andhra Pradesh,SPSR Nellore,Udayagiri APMC,Cereals,Paddy(Common),03-08-2026,1.00,Metric Tonnes
Andhra Pradesh,SPSR Nellore,Udayagiri APMC,Cereals,Paddy(Common),04-08-2026,1.00,Metric Tonnes
Andhra Pradesh,SPSR Nellore,Udayagiri APMC,Cereals,Paddy(Common),05-08-2026,1.00,Metric Tonnes
Andhra Pradesh,SPSR Nellore,Udayagiri APMC,Cereals,Paddy(Common),06-08-2026,1.00,Metric Tonnes
Andhra Pradesh,SPSR Nellore,Udayagiri APMC,Cereals,Paddy(Common),07-08-2026,1.00,Metric Tonnes
Andhra Pradesh,Sri Sathya Sai,Dharmavaram APMC,Cereals,Paddy(Common),07-07-2026,0.10,Metric Tonnes
Andhra Pradesh,Sri Sathya Sai,Dharmavaram APMC,Cereals,Paddy(Common),08-07-2026,0.10,Metric Tonnes
Andhra Pradesh,Sri Sathya Sai,Dharmavaram APMC,Cereals,Paddy(Common),09-07-2026,0.10,Metric Tonnes
Andhra Pradesh,Sri Sathya Sai,Dharmavaram APMC,Cereals,Paddy(Common),10-07-2026,0.10,Metric Tonnes
Andhra Pradesh,Sri Sathya Sai,Dharmavaram APMC,Cereals,Paddy(Common),13-07-2026,0.10,Metric Tonnes
Andhra Pradesh,Sri Sathya Sai,Dharmavaram APMC,Cereals,Paddy(Common),14-07-2026,0.10,Metric Tonnes
Andhra Pradesh,Sri Sathya Sai,Dharmavaram APMC,Cereals,Paddy(Common),15-07-2026,0.10,Metric Tonnes
Andhra Pradesh,Sri Sathya Sai,Dharmavaram APMC,Cereals,Paddy(Common),16-07-2026,0.10,Metric Tonnes
Andhra Pradesh,Sri Sathya Sai,Dharmavaram APMC,Cereals,Paddy(Common),17-07-2026,0.10,Metric Tonnes
Andhra Pradesh,Sri Sathya Sai,Dharmavaram APMC,Cereals,Paddy(Common),18-07-2026,0.10,Metric Tonnes
Andhra Pradesh,Sri Sathya Sai,Dharmavaram APMC,Cereals,Paddy(Common),20-07-2026,0.10,Metric Tonnes
Andhra Pradesh,Sri Sathya Sai,Dharmavaram APMC,Cereals,Paddy(Common),21-07-2026,0.10,Metric Tonnes
Andhra Pradesh,Sri Sathya Sai,Dharmavaram APMC,Cereals,Paddy(Common),22-07-2026,0.10,Metric Tonnes
Andhra Pradesh,Sri Sathya Sai,Dharmavaram APMC,Cereals,Paddy(Common),23-07-2026,0.10,Metric Tonnes
Andhra Pradesh,Sri Sathya Sai,Dharmavaram APMC,Cereals,Paddy(Common),24-07-2026,0.10,Metric Tonnes
Andhra Pradesh,Sri Sathya Sai,Dharmavaram APMC,Cereals,Paddy(Common),25-07-2026,0.10,Metric Tonnes
Andhra Pradesh,Sri Sathya Sai,Dharmavaram APMC,Cereals,Paddy(Common),26-07-2026,0.10,Metric Tonnes
Andhra Pradesh,Sri Sathya Sai,Dharmavaram APMC,Cereals,Paddy(Common),27-07-2026,0.10,Metric Tonnes
Andhra Pradesh,Sri Sathya Sai,Dharmavaram APMC,Cereals,Paddy(Common),28-07-2026,0.10,Metric Tonnes
Andhra Pradesh,Sri Sathya Sai,Dharmavaram APMC,Cereals,Paddy(Common),29-07-2026,0.10,Metric Tonnes
Andhra Pradesh,Sri Sathya Sai,Dharmavaram APMC,Cereals,Paddy(Common),30-07-2026,0.10,Metric Tonnes
Andhra Pradesh,Sri Sathya Sai,Dharmavaram APMC,Cereals,Paddy(Common),31-07-2026,0.10,Metric Tonnes
Andhra Pradesh,Sri Sathya Sai,Dharmavaram APMC,Cereals,Paddy(Common),01-08-2026,0.10,Metric Tonnes
Andhra Pradesh,Sri Sathya Sai,Dharmavaram APMC,Cereals,Paddy(Common),03-08-2026,0.10,Metric Tonnes
Andhra Pradesh,Sri Sathya Sai,Dharmavaram APMC,Cereals,Paddy(Common),04-08-2026,0.10,Metric Tonnes
Andhra Pradesh,Sri Sathya Sai,Dharmavaram APMC,Cereals,Paddy(Common),05-08-2026,0.10,Metric Tonnes
Andhra Pradesh,Sri Sathya Sai,Dharmavaram APMC,Cereals,Paddy(Common),06-08-2026,0.10,Metric Tonnes
Andhra Pradesh,Sri Sathya Sai,Dharmavaram APMC,Cereals,Paddy(Common),07-08-2026,0.10,Metric Tonnes
Andhra Pradesh,Srikakulam,Amadalavalasa APMC,Cereals,Paddy(Common),23-07-2026,0.10,Metric Tonnes
Andhra Pradesh,Srikakulam,Amadalavalasa APMC,Cereals,Paddy(Common),24-07-2026,0.10,Metric Tonnes
Andhra Pradesh,Srikakulam,Amadalavalasa APMC,Cereals,Paddy(Common),25-07-2026,0.10,Metric Tonnes
Andhra Pradesh,Srikakulam,Amadalavalasa APMC,Cereals,Paddy(Common),27-07-2026,0.10,Metric Tonnes
Andhra Pradesh,Srikakulam,Amadalavalasa APMC,Cereals,Paddy(Common),28-07-2026,0.10,Metric Tonnes
Andhra Pradesh,Srikakulam,Amadalavalasa APMC,Cereals,Paddy(Common),29-07-2026,0.10,Metric Tonnes
Andhra Pradesh,Srikakulam,Amadalavalasa APMC,Cereals,Paddy(Common),30-07-2026,0.10,Metric Tonnes
Andhra Pradesh,Srikakulam,Amadalavalasa APMC,Cereals,Paddy(Common),31-07-2026,0.10,Metric Tonnes
Andhra Pradesh,Srikakulam,Amadalavalasa APMC,Cereals,Paddy(Common),01-08-2026,0.10,Metric Tonnes
Andhra Pradesh,Srikakulam,Amadalavalasa APMC,Cereals,Paddy(Common),02-08-2026,0.10,Metric Tonnes
Andhra Pradesh,Srikakulam,Amadalavalasa APMC,Cereals,Paddy(Common),03-08-2026,0.10,Metric Tonnes
Andhra Pradesh,Srikakulam,Amadalavalasa APMC,Cereals,Paddy(Common),04-08-2026,0.10,Metric Tonnes
Andhra Pradesh,Srikakulam,Amadalavalasa APMC,Cereals,Paddy(Common),05-08-2026,0.10,Metric Tonnes
Andhra Pradesh,Srikakulam,Amadalavalasa APMC,Cereals,Paddy(Common),06-08-2026,0.10,Metric Tonnes
Andhra Pradesh,Srikakulam,Amadalavalasa APMC,Cereals,Paddy(Common),07-08-2026,0.10,Metric Tonnes
Andhra Pradesh,Srikakulam,Etcherla APMC,Cereals,Paddy(Common),25-07-2026,0.10,Metric Tonnes
Andhra Pradesh,Srikakulam,Etcherla APMC,Cereals,Paddy(Common),26-07-2026,0.10,Metric Tonnes
Andhra Pradesh,Srikakulam,Etcherla APMC,Cereals,Paddy(Common),27-07-2026,0.10,Metric Tonnes
Andhra Pradesh,Srikakulam,Etcherla APMC,Cereals,Paddy(Common),28-07-2026,0.10,Metric Tonnes
Andhra Pradesh,Srikakulam,Etcherla APMC,Cereals,Paddy(Common),29-07-2026,0.10,Metric Tonnes
Andhra Pradesh,Srikakulam,Etcherla APMC,Cereals,Paddy(Common),30-07-2026,0.10,Metric Tonnes
Andhra Pradesh,Srikakulam,Etcherla APMC,Cereals,Paddy(Common),31-07-2026,0.10,Metric Tonnes
Andhra Pradesh,Srikakulam,Etcherla APMC,Cereals,Paddy(Common),01-08-2026,0.10,Metric Tonnes
Andhra Pradesh,Srikakulam,Etcherla APMC,Cereals,Paddy(Common),02-08-2026,0.10,Metric Tonnes
Andhra Pradesh,Srikakulam,Etcherla APMC,Cereals,Paddy(Common),03-08-2026,0.10,Metric Tonnes
Andhra Pradesh,Srikakulam,Etcherla APMC,Cereals,Paddy(Common),04-08-2026,0.10,Metric Tonnes
Andhra Pradesh,Srikakulam,Etcherla APMC,Cereals,Paddy(Common),05-08-2026,0.10,Metric Tonnes
Andhra Pradesh,Srikakulam,Etcherla APMC,Cereals,Paddy(Common),06-08-2026,0.10,Metric Tonnes
Andhra Pradesh,Srikakulam,Etcherla APMC,Cereals,Paddy(Common),07-08-2026,0.10,Metric Tonnes
Andhra Pradesh,Srikakulam,Hiramandalam APMC,Cereals,Paddy(Common),23-07-2026,0.10,Metric Tonnes
Andhra Pradesh,Srikakulam,Hiramandalam APMC,Cereals,Paddy(Common),24-07-2026,0.10,Metric Tonnes
Andhra Pradesh,Srikakulam,Hiramandalam APMC,Cereals,Paddy(Common),25-07-2026,0.10,Metric Tonnes
Andhra Pradesh,Srikakulam,Hiramandalam APMC,Cereals,Paddy(Common),27-07-2026,0.30,Metric Tonnes
Andhra Pradesh,Srikakulam,Hiramandalam APMC,Cereals,Paddy(Common),28-07-2026,0.10,Metric Tonnes
Andhra Pradesh,Srikakulam,Hiramandalam APMC,Cereals,Paddy(Common),29-07-2026,0.20,Metric Tonnes
Andhra Pradesh,Srikakulam,Hiramandalam APMC,Cereals,Paddy(Common),30-07-2026,0.10,Metric Tonnes
Andhra Pradesh,Srikakulam,Hiramandalam APMC,Cereals,Paddy(Common),31-07-2026,0.10,Metric Tonnes
Andhra Pradesh,Srikakulam,Hiramandalam APMC,Cereals,Paddy(Common),01-08-2026,0.10,Metric Tonnes
Andhra Pradesh,Srikakulam,Hiramandalam APMC,Cereals,Paddy(Common),03-08-2026,0.10,Metric Tonnes
Andhra Pradesh,Srikakulam,Hiramandalam APMC,Cereals,Paddy(Common),04-08-2026,0.10,Metric Tonnes
Andhra Pradesh,Srikakulam,Hiramandalam APMC,Cereals,Paddy(Common),05-08-2026,0.10,Metric Tonnes
Andhra Pradesh,Srikakulam,Hiramandalam APMC,Cereals,Paddy(Common),06-08-2026,0.20,Metric Tonnes
Andhra Pradesh,Srikakulam,Hiramandalam APMC,Cereals,Paddy(Common),07-08-2026,0.10,Metric Tonnes
Andhra Pradesh,Srikakulam,Ichapuram APMC,Cereals,Paddy(Common),23-07-2026,0.10,Metric Tonnes
Andhra Pradesh,Srikakulam,Ichapuram APMC,Cereals,Paddy(Common),24-07-2026,0.10,Metric Tonnes
Andhra Pradesh,Srikakulam,Ichapuram APMC,Cereals,Paddy(Common),25-07-2026,0.10,Metric Tonnes
Andhra Pradesh,Srikakulam,Ichapuram APMC,Cereals,Paddy(Common),26-07-2026,0.10,Metric Tonnes
Andhra Pradesh,Srikakulam,Ichapuram APMC,Cereals,Paddy(Common),27-07-2026,0.10,Metric Tonnes
Andhra Pradesh,Srikakulam,Ichapuram APMC,Cereals,Paddy(Common),28-07-2026,0.10,Metric Tonnes
Andhra Pradesh,Srikakulam,Ichapuram APMC,Cereals,Paddy(Common),29-07-2026,0.10,Metric Tonnes
Andhra Pradesh,Srikakulam,Ichapuram APMC,Cereals,Paddy(Common),30-07-2026,0.10,Metric Tonnes
Andhra Pradesh,Srikakulam,Ichapuram APMC,Cereals,Paddy(Common),31-07-2026,0.10,Metric Tonnes
Andhra Pradesh,Srikakulam,Ichapuram APMC,Cereals,Paddy(Common),01-08-2026,0.10,Metric Tonnes
Andhra Pradesh,Srikakulam,Ichapuram APMC,Cereals,Paddy(Common),02-08-2026,0.10,Metric Tonnes
Andhra Pradesh,Srikakulam,Ichapuram APMC,Cereals,Paddy(Common),03-08-2026,0.10,Metric Tonnes
Andhra Pradesh,Srikakulam,Ichapuram APMC,Cereals,Paddy(Common),04-08-2026,0.10,Metric Tonnes
Andhra Pradesh,Srikakulam,Ichapuram APMC,Cereals,Paddy(Common),05-08-2026,0.10,Metric Tonnes
Andhra Pradesh,Srikakulam,Ichapuram APMC,Cereals,Paddy(Common),06-08-2026,0.10,Metric Tonnes
Andhra Pradesh,Srikakulam,Ichapuram APMC,Cereals,Paddy(Common),07-08-2026,0.10,Metric Tonnes
Andhra Pradesh,Srikakulam,Jalumuru APMC,Cereals,Paddy(Common),28-07-2026,0.10,Metric Tonnes
Andhra Pradesh,Srikakulam,Jalumuru APMC,Cereals,Paddy(Common),29-07-2026,0.10,Metric Tonnes
Andhra Pradesh,Srikakulam,Jalumuru APMC,Cereals,Paddy(Common),30-07-2026,0.10,Metric Tonnes
Andhra Pradesh,Srikakulam,Jalumuru APMC,Cereals,Paddy(Common),31-07-2026,0.10,Metric Tonnes
Andhra Pradesh,Srikakulam,Jalumuru APMC,Cereals,Paddy(Common),01-08-2026,1.00,Metric Tonnes
Andhra Pradesh,Srikakulam,Jalumuru APMC,Cereals,Paddy(Common),02-08-2026,0.10,Metric Tonnes
Andhra Pradesh,Srikakulam,Jalumuru APMC,Cereals,Paddy(Common),03-08-2026,0.10,Metric Tonnes
Andhra Pradesh,Srikakulam,Jalumuru APMC,Cereals,Paddy(Common),04-08-2026,0.10,Metric Tonnes
Andhra Pradesh,Srikakulam,Jalumuru APMC,Cereals,Paddy(Common),05-08-2026,0.10,Metric Tonnes
Andhra Pradesh,Srikakulam,Jalumuru APMC,Cereals,Paddy(Common),06-08-2026,0.10,Metric Tonnes
Andhra Pradesh,Srikakulam,Jalumuru APMC,Cereals,Paddy(Common),07-08-2026,0.10,Metric Tonnes
Andhra Pradesh,Srikakulam,Kanchili APMC,Cereals,Paddy(Common),23-07-2026,0.10,Metric Tonnes
Andhra Pradesh,Srikakulam,Kanchili APMC,Cereals,Paddy(Common),24-07-2026,0.10,Metric Tonnes
Andhra Pradesh,Srikakulam,Kanchili APMC,Cereals,Paddy(Common),25-07-2026,0.10,Metric Tonnes
Andhra Pradesh,Srikakulam,Kanchili APMC,Cereals,Paddy(Common),27-07-2026,0.10,Metric Tonnes
Andhra Pradesh,Srikakulam,Kanchili APMC,Cereals,Paddy(Common),28-07-2026,0.10,Metric Tonnes
Andhra Pradesh,Srikakulam,Kanchili APMC,Cereals,Paddy(Common),29-07-2026,0.10,Metric Tonnes
Andhra Pradesh,Srikakulam,Kanchili APMC,Cereals,Paddy(Common),30-07-2026,0.10,Metric Tonnes
Andhra Pradesh,Srikakulam,Kanchili APMC,Cereals,Paddy(Common),31-07-2026,0.10,Metric Tonnes
Andhra Pradesh,Srikakulam,Kanchili APMC,Cereals,Paddy(Common),01-08-2026,0.10,Metric Tonnes
Andhra Pradesh,Srikakulam,Kanchili APMC,Cereals,Paddy(Common),03-08-2026,0.10,Metric Tonnes
Andhra Pradesh,Srikakulam,Kanchili APMC,Cereals,Paddy(Common),04-08-2026,1.00,Metric Tonnes
Andhra Pradesh,Srikakulam,Kanchili APMC,Cereals,Paddy(Common),05-08-2026,0.10,Metric Tonnes
Andhra Pradesh,Srikakulam,Kanchili APMC,Cereals,Paddy(Common),06-08-2026,0.10,Metric Tonnes
Andhra Pradesh,Srikakulam,Kanchili APMC,Cereals,Paddy(Common),07-08-2026,0.10,Metric Tonnes
Andhra Pradesh,Srikakulam,Kothabommali APMC,Cereals,Paddy(Common),23-07-2026,0.10,Metric Tonnes
Andhra Pradesh,Srikakulam,Kothabommali APMC,Cereals,Paddy(Common),24-07-2026,0.10,Metric Tonnes
Andhra Pradesh,Srikakulam,Kothabommali APMC,Cereals,Paddy(Common),25-07-2026,0.10,Metric Tonnes
Andhra Pradesh,Srikakulam,Kothabommali APMC,Cereals,Paddy(Common),26-07-2026,0.10,Metric Tonnes
Andhra Pradesh,Srikakulam,Kothabommali APMC,Cereals,Paddy(Common),27-07-2026,0.10,Metric Tonnes
Andhra Pradesh,Srikakulam,Kothabommali APMC,Cereals,Paddy(Common),28-07-2026,0.10,Metric Tonnes
Andhra Pradesh,Srikakulam,Kothabommali APMC,Cereals,Paddy(Common),29-07-2026,0.10,Metric Tonnes
Andhra Pradesh,Srikakulam,Kothabommali APMC,Cereals,Paddy(Common),30-07-2026,0.10,Metric Tonnes
Andhra Pradesh,Srikakulam,Kothabommali APMC,Cereals,Paddy(Common),31-07-2026,0.10,Metric Tonnes
Andhra Pradesh,Srikakulam,Kothabommali APMC,Cereals,Paddy(Common),01-08-2026,0.10,Metric Tonnes
Andhra Pradesh,Srikakulam,Kothabommali APMC,Cereals,Paddy(Common),02-08-2026,0.10,Metric Tonnes
Andhra Pradesh,Srikakulam,Kothabommali APMC,Cereals,Paddy(Common),03-08-2026,0.10,Metric Tonnes
Andhra Pradesh,Srikakulam,Kothabommali APMC,Cereals,Paddy(Common),04-08-2026,0.10,Metric Tonnes
Andhra Pradesh,Srikakulam,Kothabommali APMC,Cereals,Paddy(Common),05-08-2026,0.10,Metric Tonnes
Andhra Pradesh,Srikakulam,Kothabommali APMC,Cereals,Paddy(Common),06-08-2026,0.10,Metric Tonnes
Andhra Pradesh,Srikakulam,Kothabommali APMC,Cereals,Paddy(Common),07-08-2026,0.10,Metric Tonnes
Andhra Pradesh,Srikakulam,Narasannapet APMC,Cereals,Paddy(Common),23-07-2026,0.10,Metric Tonnes
Andhra Pradesh,Srikakulam,Narasannapet APMC,Cereals,Paddy(Common),24-07-2026,0.10,Metric Tonnes
Andhra Pradesh,Srikakulam,Narasannapet APMC,Cereals,Paddy(Common),25-07-2026,0.10,Metric Tonnes
Andhra Pradesh,Srikakulam,Narasannapet APMC,Cereals,Paddy(Common),26-07-2026,0.20,Metric Tonnes
Andhra Pradesh,Srikakulam,Narasannapet APMC,Cereals,Paddy(Common),27-07-2026,0.10,Metric Tonnes
Andhra Pradesh,Srikakulam,Narasannapet APMC,Cereals,Paddy(Common),28-07-2026,0.10,Metric Tonnes
Andhra Pradesh,Srikakulam,Narasannapet APMC,Cereals,Paddy(Common),29-07-2026,0.10,Metric Tonnes
Andhra Pradesh,Srikakulam,Narasannapet APMC,Cereals,Paddy(Common),30-07-2026,0.10,Metric Tonnes
Andhra Pradesh,Srikakulam,Narasannapet APMC,Cereals,Paddy(Common),31-07-2026,0.10,Metric Tonnes
Andhra Pradesh,Srikakulam,Narasannapet APMC,Cereals,Paddy(Common),01-08-2026,0.10,Metric Tonnes
Andhra Pradesh,Srikakulam,Narasannapet APMC,Cereals,Paddy(Common),02-08-2026,0.10,Metric Tonnes
Andhra Pradesh,Srikakulam,Narasannapet APMC,Cereals,Paddy(Common),03-08-2026,0.10,Metric Tonnes
Andhra Pradesh,Srikakulam,Narasannapet APMC,Cereals,Paddy(Common),04-08-2026,0.10,Metric Tonnes
Andhra Pradesh,Srikakulam,Narasannapet APMC,Cereals,Paddy(Common),05-08-2026,0.10,Metric Tonnes
Andhra Pradesh,Srikakulam,Narasannapet APMC,Cereals,Paddy(Common),06-08-2026,0.10,Metric Tonnes
Andhra Pradesh,Srikakulam,Narasannapet APMC,Cereals,Paddy(Common),07-08-2026,0.20,Metric Tonnes
Andhra Pradesh,Srikakulam,Palasa APMC,Cereals,Paddy(Common),24-07-2026,0.10,Metric Tonnes
Andhra Pradesh,Srikakulam,Palasa APMC,Cereals,Paddy(Common),25-07-2026,0.20,Metric Tonnes
Andhra Pradesh,Srikakulam,Palasa APMC,Cereals,Paddy(Common),26-07-2026,0.10,Metric Tonnes
Andhra Pradesh,Srikakulam,Palasa APMC,Cereals,Paddy(Common),27-07-2026,0.40,Metric Tonnes
Andhra Pradesh,Srikakulam,Palasa APMC,Cereals,Paddy(Common),28-07-2026,0.10,Metric Tonnes
Andhra Pradesh,Srikakulam,Palasa APMC,Cereals,Paddy(Common),29-07-2026,0.10,Metric Tonnes
Andhra Pradesh,Srikakulam,Palasa APMC,Cereals,Paddy(Common),30-07-2026,0.20,Metric Tonnes
Andhra Pradesh,Srikakulam,Palasa APMC,Cereals,Paddy(Common),31-07-2026,0.10,Metric Tonnes
Andhra Pradesh,Srikakulam,Palasa APMC,Cereals,Paddy(Common),01-08-2026,0.10,Metric Tonnes
Andhra Pradesh,Srikakulam,Palasa APMC,Cereals,Paddy(Common),02-08-2026,0.10,Metric Tonnes
Andhra Pradesh,Srikakulam,Palasa APMC,Cereals,Paddy(Common),03-08-2026,0.10,Metric Tonnes
Andhra Pradesh,Srikakulam,Palasa APMC,Cereals,Paddy(Common),04-08-2026,0.10,Metric Tonnes
Andhra Pradesh,Srikakulam,Palasa APMC,Cereals,Paddy(Common),05-08-2026,0.20,Metric Tonnes
Andhra Pradesh,Srikakulam,Palasa APMC,Cereals,Paddy(Common),06-08-2026,0.10,Metric Tonnes
Andhra Pradesh,Srikakulam,Palasa APMC,Cereals,Paddy(Common),07-08-2026,0.10,Metric Tonnes
Andhra Pradesh,Srikakulam,Pathapatnam APMC,Cereals,Paddy(Common),23-07-2026,0.10,Metric Tonnes
Andhra Pradesh,Srikakulam,Pathapatnam APMC,Cereals,Paddy(Common),24-07-2026,236.90,Metric Tonnes
Andhra Pradesh,Srikakulam,Pathapatnam APMC,Cereals,Paddy(Common),25-07-2026,0.10,Metric Tonnes
Andhra Pradesh,Srikakulam,Pathapatnam APMC,Cereals,Paddy(Common),26-07-2026,0.10,Metric Tonnes
Andhra Pradesh,Srikakulam,Pathapatnam APMC,Cereals,Paddy(Common),27-07-2026,0.10,Metric Tonnes
Andhra Pradesh,Srikakulam,Pathapatnam APMC,Cereals,Paddy(Common),28-07-2026,236.90,Metric Tonnes
Andhra Pradesh,Srikakulam,Pathapatnam APMC,Cereals,Paddy(Common),29-07-2026,0.10,Metric Tonnes
Andhra Pradesh,Srikakulam,Pathapatnam APMC,Cereals,Paddy(Common),30-07-2026,0.10,Metric Tonnes
Andhra Pradesh,Srikakulam,Pathapatnam APMC,Cereals,Paddy(Common),31-07-2026,0.10,Metric Tonnes
Andhra Pradesh,Srikakulam,Pathapatnam APMC,Cereals,Paddy(Common),02-08-2026,0.10,Metric Tonnes
Andhra Pradesh,Srikakulam,Pathapatnam APMC,Cereals,Paddy(Common),03-08-2026,0.10,Metric Tonnes
Andhra Pradesh,Srikakulam,Pathapatnam APMC,Cereals,Paddy(Common),04-08-2026,0.10,Metric Tonnes
Andhra Pradesh,Srikakulam,Pathapatnam APMC,Cereals,Paddy(Common),05-08-2026,0.10,Metric Tonnes
Andhra Pradesh,Srikakulam,Pathapatnam APMC,Cereals,Paddy(Common),06-08-2026,0.10,Metric Tonnes
Andhra Pradesh,Srikakulam,Pathapatnam APMC,Cereals,Paddy(Common),07-08-2026,0.10,Metric Tonnes
Andhra Pradesh,Srikakulam,Srikakulam APMC,Cereals,Paddy(Common),23-07-2026,0.20,Metric Tonnes
Andhra Pradesh,Srikakulam,Srikakulam APMC,Cereals,Paddy(Common),24-07-2026,0.10,Metric Tonnes
Andhra Pradesh,Srikakulam,Srikakulam APMC,Cereals,Paddy(Common),25-07-2026,0.10,Metric Tonnes
Andhra Pradesh,Srikakulam,Srikakulam APMC,Cereals,Paddy(Common),26-07-2026,0.10,Metric Tonnes
Andhra Pradesh,Srikakulam,Srikakulam APMC,Cereals,Paddy(Common),27-07-2026,0.10,Metric Tonnes
Andhra Pradesh,Srikakulam,Srikakulam APMC,Cereals,Paddy(Common),28-07-2026,0.10,Metric Tonnes
Andhra Pradesh,Srikakulam,Srikakulam APMC,Cereals,Paddy(Common),29-07-2026,0.10,Metric Tonnes
Andhra Pradesh,Srikakulam,Srikakulam APMC,Cereals,Paddy(Common),30-07-2026,0.10,Metric Tonnes
Andhra Pradesh,Srikakulam,Srikakulam APMC,Cereals,Paddy(Common),31-07-2026,0.10,Metric Tonnes
Andhra Pradesh,Srikakulam,Srikakulam APMC,Cereals,Paddy(Common),01-08-2026,0.10,Metric Tonnes
Andhra Pradesh,Srikakulam,Srikakulam APMC,Cereals,Paddy(Common),03-08-2026,0.10,Metric Tonnes
Andhra Pradesh,Srikakulam,Srikakulam APMC,Cereals,Paddy(Common),04-08-2026,0.10,Metric Tonnes
Andhra Pradesh,Srikakulam,Srikakulam APMC,Cereals,Paddy(Common),05-08-2026,0.10,Metric Tonnes
Andhra Pradesh,Srikakulam,Srikakulam APMC,Cereals,Paddy(Common),06-08-2026,0.10,Metric Tonnes
Andhra Pradesh,Srikakulam,Srikakulam APMC,Cereals,Paddy(Common),07-08-2026,0.10,Metric Tonnes
Andhra Pradesh,Tirupathi,B.N.Kandriga APMC,Cereals,Paddy(Common),23-07-2026,0.08,Metric Tonnes
Andhra Pradesh,Tirupathi,B.N.Kandriga APMC,Cereals,Paddy(Common),24-07-2026,0.10,Metric Tonnes
Andhra Pradesh,Tirupathi,B.N.Kandriga APMC,Cereals,Paddy(Common),25-07-2026,0.10,Metric Tonnes
Andhra Pradesh,Tirupathi,B.N.Kandriga APMC,Cereals,Paddy(Common),27-07-2026,0.10,Metric Tonnes
Andhra Pradesh,Tirupathi,B.N.Kandriga APMC,Cereals,Paddy(Common),28-07-2026,0.10,Metric Tonnes
Andhra Pradesh,Tirupathi,B.N.Kandriga APMC,Cereals,Paddy(Common),29-07-2026,0.10,Metric Tonnes
Andhra Pradesh,Tirupathi,B.N.Kandriga APMC,Cereals,Paddy(Common),30-07-2026,0.10,Metric Tonnes
Andhra Pradesh,Tirupathi,B.N.Kandriga APMC,Cereals,Paddy(Common),31-07-2026,0.10,Metric Tonnes
Andhra Pradesh,Tirupathi,B.N.Kandriga APMC,Cereals,Paddy(Common),01-08-2026,0.10,Metric Tonnes
Andhra Pradesh,Tirupathi,B.N.Kandriga APMC,Cereals,Paddy(Common),03-08-2026,0.10,Metric Tonnes
Andhra Pradesh,Tirupathi,B.N.Kandriga APMC,Cereals,Paddy(Common),04-08-2026,0.10,Metric Tonnes
Andhra Pradesh,Tirupathi,B.N.Kandriga APMC,Cereals,Paddy(Common),05-08-2026,0.10,Metric Tonnes
Andhra Pradesh,Tirupathi,B.N.Kandriga APMC,Cereals,Paddy(Common),06-08-2026,0.20,Metric Tonnes
Andhra Pradesh,Tirupathi,B.N.Kandriga APMC,Cereals,Paddy(Common),07-08-2026,0.10,Metric Tonnes
Andhra Pradesh,Tirupathi,Nagalapuram APMC,Cereals,Paddy(Common),23-07-2026,1.00,Metric Tonnes
Andhra Pradesh,Tirupathi,Nagalapuram APMC,Cereals,Paddy(Common),24-07-2026,0.08,Metric Tonnes
Andhra Pradesh,Tirupathi,Nagalapuram APMC,Cereals,Paddy(Common),25-07-2026,0.08,Metric Tonnes
Andhra Pradesh,Tirupathi,Nagalapuram APMC,Cereals,Paddy(Common),27-07-2026,0.08,Metric Tonnes
Andhra Pradesh,Tirupathi,Nagalapuram APMC,Cereals,Paddy(Common),28-07-2026,0.08,Metric Tonnes
Andhra Pradesh,Tirupathi,Nagalapuram APMC,Cereals,Paddy(Common),29-07-2026,0.08,Metric Tonnes
Andhra Pradesh,Tirupathi,Nagalapuram APMC,Cereals,Paddy(Common),30-07-2026,0.08,Metric Tonnes
Andhra Pradesh,Tirupathi,Nagalapuram APMC,Cereals,Paddy(Common),31-07-2026,0.08,Metric Tonnes
Andhra Pradesh,Tirupathi,Nagalapuram APMC,Cereals,Paddy(Common),01-08-2026,0.08,Metric Tonnes
Andhra Pradesh,Tirupathi,Nagalapuram APMC,Cereals,Paddy(Common),03-08-2026,0.08,Metric Tonnes
Andhra Pradesh,Tirupathi,Nagalapuram APMC,Cereals,Paddy(Common),04-08-2026,0.08,Metric Tonnes
Andhra Pradesh,Tirupathi,Nagalapuram APMC,Cereals,Paddy(Common),05-08-2026,0.08,Metric Tonnes
Andhra Pradesh,Tirupathi,Nagalapuram APMC,Cereals,Paddy(Common),06-08-2026,0.08,Metric Tonnes
Andhra Pradesh,Tirupathi,Nagalapuram APMC,Cereals,Paddy(Common),07-08-2026,0.08,Metric Tonnes
Andhra Pradesh,Tirupathi,Naidupet APMC,Cereals,Paddy(Common),24-07-2026,0.10,Metric Tonnes
Andhra Pradesh,Tirupathi,Naidupet APMC,Cereals,Paddy(Common),25-07-2026,0.10,Metric Tonnes
Andhra Pradesh,Tirupathi,Naidupet APMC,Cereals,Paddy(Common),27-07-2026,0.10,Metric Tonnes
Andhra Pradesh,Tirupathi,Naidupet APMC,Cereals,Paddy(Common),28-07-2026,0.10,Metric Tonnes
Andhra Pradesh,Tirupathi,Naidupet APMC,Cereals,Paddy(Common),29-07-2026,0.10,Metric Tonnes
Andhra Pradesh,Tirupathi,Naidupet APMC,Cereals,Paddy(Common),30-07-2026,0.10,Metric Tonnes
Andhra Pradesh,Tirupathi,Naidupet APMC,Cereals,Paddy(Common),31-07-2026,0.10,Metric Tonnes
Andhra Pradesh,Tirupathi,Naidupet APMC,Cereals,Paddy(Common),01-08-2026,0.10,Metric Tonnes
Andhra Pradesh,Tirupathi,Naidupet APMC,Cereals,Paddy(Common),03-08-2026,0.10,Metric Tonnes
Andhra Pradesh,Tirupathi,Naidupet APMC,Cereals,Paddy(Common),04-08-2026,0.10,Metric Tonnes
Andhra Pradesh,Tirupathi,Naidupet APMC,Cereals,Paddy(Common),05-08-2026,0.10,Metric Tonnes
Andhra Pradesh,Tirupathi,Naidupet APMC,Cereals,Paddy(Common),06-08-2026,0.10,Metric Tonnes
Andhra Pradesh,Tirupathi,Naidupet APMC,Cereals,Paddy(Common),07-08-2026,0.10,Metric Tonnes
Andhra Pradesh,Tirupathi,Srikalahasti APMC,Cereals,Paddy(Common),22-07-2026,0.15,Metric Tonnes
Andhra Pradesh,Tirupathi,Srikalahasti APMC,Cereals,Paddy(Common),23-07-2026,0.08,Metric Tonnes
Andhra Pradesh,Tirupathi,Srikalahasti APMC,Cereals,Paddy(Common),24-07-2026,0.08,Metric Tonnes
Andhra Pradesh,Tirupathi,Srikalahasti APMC,Cereals,Paddy(Common),25-07-2026,1.00,Metric Tonnes
Andhra Pradesh,Tirupathi,Srikalahasti APMC,Cereals,Paddy(Common),26-07-2026,0.08,Metric Tonnes
Andhra Pradesh,Tirupathi,Srikalahasti APMC,Cereals,Paddy(Common),27-07-2026,0.10,Metric Tonnes
Andhra Pradesh,Tirupathi,Srikalahasti APMC,Cereals,Paddy(Common),28-07-2026,0.10,Metric Tonnes
Andhra Pradesh,Tirupathi,Srikalahasti APMC,Cereals,Paddy(Common),29-07-2026,0.10,Metric Tonnes
Andhra Pradesh,Tirupathi,Srikalahasti APMC,Cereals,Paddy(Common),30-07-2026,0.10,Metric Tonnes
Andhra Pradesh,Tirupathi,Srikalahasti APMC,Cereals,Paddy(Common),31-07-2026,0.10,Metric Tonnes
Andhra Pradesh,Tirupathi,Srikalahasti APMC,Cereals,Paddy(Common),01-08-2026,0.10,Metric Tonnes
Andhra Pradesh,Tirupathi,Srikalahasti APMC,Cereals,Paddy(Common),03-08-2026,0.10,Metric Tonnes
Andhra Pradesh,Tirupathi,Srikalahasti APMC,Cereals,Paddy(Common),04-08-2026,0.10,Metric Tonnes
Andhra Pradesh,Tirupathi,Srikalahasti APMC,Cereals,Paddy(Common),05-08-2026,0.10,Metric Tonnes
Andhra Pradesh,Tirupathi,Srikalahasti APMC,Cereals,Paddy(Common),06-08-2026,0.10,Metric Tonnes
Andhra Pradesh,Tirupathi,Srikalahasti APMC,Cereals,Paddy(Common),07-08-2026,0.10,Metric Tonnes
Andhra Pradesh,Tirupathi,Sullurpet APMC,Cereals,Paddy(Common),23-07-2026,0.10,Metric Tonnes
Andhra Pradesh,Tirupathi,Sullurpet APMC,Cereals,Paddy(Common),24-07-2026,0.10,Metric Tonnes
Andhra Pradesh,Tirupathi,Sullurpet APMC,Cereals,Paddy(Common),25-07-2026,0.10,Metric Tonnes
Andhra Pradesh,Tirupathi,Sullurpet APMC,Cereals,Paddy(Common),26-07-2026,0.10,Metric Tonnes
Andhra Pradesh,Tirupathi,Sullurpet APMC,Cereals,Paddy(Common),27-07-2026,0.10,Metric Tonnes
Andhra Pradesh,Tirupathi,Sullurpet APMC,Cereals,Paddy(Common),28-07-2026,0.10,Metric Tonnes
Andhra Pradesh,Tirupathi,Sullurpet APMC,Cereals,Paddy(Common),29-07-2026,0.10,Metric Tonnes
Andhra Pradesh,Tirupathi,Sullurpet APMC,Cereals,Paddy(Common),30-07-2026,0.10,Metric Tonnes
Andhra Pradesh,Tirupathi,Sullurpet APMC,Cereals,Paddy(Common),31-07-2026,0.10,Metric Tonnes
Andhra Pradesh,Tirupathi,Sullurpet APMC,Cereals,Paddy(Common),01-08-2026,0.10,Metric Tonnes
Andhra Pradesh,Tirupathi,Sullurpet APMC,Cereals,Paddy(Common),02-08-2026,0.10,Metric Tonnes
Andhra Pradesh,Tirupathi,Sullurpet APMC,Cereals,Paddy(Common),03-08-2026,0.10,Metric Tonnes
Andhra Pradesh,Tirupathi,Sullurpet APMC,Cereals,Paddy(Common),04-08-2026,0.10,Metric Tonnes
Andhra Pradesh,Tirupathi,Sullurpet APMC,Cereals,Paddy(Common),05-08-2026,0.10,Metric Tonnes
Andhra Pradesh,Tirupathi,Sullurpet APMC,Cereals,Paddy(Common),06-08-2026,0.10,Metric Tonnes
Andhra Pradesh,Tirupathi,Sullurpet APMC,Cereals,Paddy(Common),07-08-2026,1.00,Metric Tonnes
Andhra Pradesh,Tirupathi,Vakadu APMC,Cereals,Paddy(Common),03-08-2024,18.00,Metric Tonnes
Andhra Pradesh,Tirupathi,Vakadu APMC,Cereals,Paddy(Common),23-07-2026,0.08,Metric Tonnes
Andhra Pradesh,Tirupathi,Vakadu APMC,Cereals,Paddy(Common),24-07-2026,0.10,Metric Tonnes
Andhra Pradesh,Tirupathi,Vakadu APMC,Cereals,Paddy(Common),25-07-2026,0.10,Metric Tonnes
Andhra Pradesh,Tirupathi,Vakadu APMC,Cereals,Paddy(Common),26-07-2026,0.10,Metric Tonnes
Andhra Pradesh,Tirupathi,Vakadu APMC,Cereals,Paddy(Common),27-07-2026,0.10,Metric Tonnes
Andhra Pradesh,Tirupathi,Vakadu APMC,Cereals,Paddy(Common),28-07-2026,0.10,Metric Tonnes
Andhra Pradesh,Tirupathi,Vakadu APMC,Cereals,Paddy(Common),29-07-2026,0.20,Metric Tonnes
Andhra Pradesh,Tirupathi,Vakadu APMC,Cereals,Paddy(Common),30-07-2026,0.10,Metric Tonnes
Andhra Pradesh,Tirupathi,Vakadu APMC,Cereals,Paddy(Common),31-07-2026,0.08,Metric Tonnes
Andhra Pradesh,Tirupathi,Vakadu APMC,Cereals,Paddy(Common),01-08-2026,0.10,Metric Tonnes
Andhra Pradesh,Tirupathi,Vakadu APMC,Cereals,Paddy(Common),02-08-2026,0.10,Metric Tonnes
Andhra Pradesh,Tirupathi,Vakadu APMC,Cereals,Paddy(Common),03-08-2026,0.10,Metric Tonnes
Andhra Pradesh,Tirupathi,Vakadu APMC,Cereals,Paddy(Common),04-08-2026,0.10,Metric Tonnes
Andhra Pradesh,Tirupathi,Vakadu APMC,Cereals,Paddy(Common),05-08-2026,0.10,Metric Tonnes
Andhra Pradesh,Tirupathi,Vakadu APMC,Cereals,Paddy(Common),06-08-2026,0.10,Metric Tonnes
Andhra Pradesh,Tirupathi,Vakadu APMC,Cereals,Paddy(Common),07-08-2026,0.10,Metric Tonnes
Andhra Pradesh,Tirupathi,Venkatagiri APMC,Cereals,Paddy(Common),13-08-2024,36.00,Metric Tonnes
Andhra Pradesh,Tirupathi,Venkatagiri APMC,Cereals,Paddy(Common),16-08-2024,25.00,Metric Tonnes
Andhra Pradesh,Tirupathi,Venkatagiri APMC,Cereals,Paddy(Common),19-08-2024,38.60,Metric Tonnes
Andhra Pradesh,Tirupathi,Venkatagiri APMC,Cereals,Paddy(Common),20-08-2024,47.30,Metric Tonnes
Andhra Pradesh,Tirupathi,Venkatagiri APMC,Cereals,Paddy(Common),21-08-2024,34.60,Metric Tonnes
Andhra Pradesh,Tirupathi,Venkatagiri APMC,Cereals,Paddy(Common),22-08-2024,23.00,Metric Tonnes
Andhra Pradesh,Tirupathi,Venkatagiri APMC,Cereals,Paddy(Common),23-08-2024,26.30,Metric Tonnes
Andhra Pradesh,Tirupathi,Venkatagiri APMC,Cereals,Paddy(Common),24-08-2024,47.20,Metric Tonnes
Andhra Pradesh,Tirupathi,Venkatagiri APMC,Cereals,Paddy(Common),27-08-2024,222.20,Metric Tonnes
Andhra Pradesh,Tirupathi,Venkatagiri APMC,Cereals,Paddy(Common),28-08-2024,92.00,Metric Tonnes
Andhra Pradesh,Tirupathi,Venkatagiri APMC,Cereals,Paddy(Common),29-08-2024,24.00,Metric Tonnes
Andhra Pradesh,Tirupathi,Venkatagiri APMC,Cereals,Paddy(Common),30-08-2024,19.60,Metric Tonnes
Andhra Pradesh,Tirupathi,Venkatagiri APMC,Cereals,Paddy(Common),02-09-2024,21.70,Metric Tonnes
Andhra Pradesh,Tirupathi,Venkatagiri APMC,Cereals,Paddy(Common),03-09-2024,86.20,Metric Tonnes
Andhra Pradesh,Tirupathi,Venkatagiri APMC,Cereals,Paddy(Common),04-09-2024,52.00,Metric Tonnes
Andhra Pradesh,Tirupathi,Venkatagiri APMC,Cereals,Paddy(Common),06-09-2024,28.00,Metric Tonnes
Andhra Pradesh,Tirupathi,Venkatagiri APMC,Cereals,Paddy(Common),09-09-2024,125.60,Metric Tonnes
Andhra Pradesh,Tirupathi,Venkatagiri APMC,Cereals,Paddy(Common),10-09-2024,69.90,Metric Tonnes
Andhra Pradesh,Tirupathi,Venkatagiri APMC,Cereals,Paddy(Common),11-09-2024,109.70,Metric Tonnes
Andhra Pradesh,Tirupathi,Venkatagiri APMC,Cereals,Paddy(Common),12-09-2024,110.50,Metric Tonnes
Andhra Pradesh,Tirupathi,Venkatagiri APMC,Cereals,Paddy(Common),13-09-2024,34.60,Metric Tonnes
Andhra Pradesh,Tirupathi,Venkatagiri APMC,Cereals,Paddy(Common),16-09-2024,500.00,Metric Tonnes
Andhra Pradesh,Tirupathi,Venkatagiri APMC,Cereals,Paddy(Common),17-09-2024,222.30,Metric Tonnes
Andhra Pradesh,Tirupathi,Venkatagiri APMC,Cereals,Paddy(Common),18-09-2024,88.00,Metric Tonnes
Andhra Pradesh,Tirupathi,Venkatagiri APMC,Cereals,Paddy(Common),19-09-2024,316.40,Metric Tonnes
Andhra Pradesh,Tirupathi,Venkatagiri APMC,Cereals,Paddy(Common),20-09-2024,316.90,Metric Tonnes
Andhra Pradesh,Tirupathi,Venkatagiri APMC,Cereals,Paddy(Common),21-09-2024,430.70,Metric Tonnes
Andhra Pradesh,Tirupathi,Venkatagiri APMC,Cereals,Paddy(Common),22-09-2024,289.10,Metric Tonnes
Andhra Pradesh,Tirupathi,Venkatagiri APMC,Cereals,Paddy(Common),23-09-2024,353.00,Metric Tonnes
Andhra Pradesh,Tirupathi,Venkatagiri APMC,Cereals,Paddy(Common),24-09-2024,363.60,Metric Tonnes
Andhra Pradesh,Tirupathi,Venkatagiri APMC,Cereals,Paddy(Common),25-09-2024,258.40,Metric Tonnes
Andhra Pradesh,Tirupathi,Venkatagiri APMC,Cereals,Paddy(Common),26-09-2024,128.60,Metric Tonnes
Andhra Pradesh,Tirupathi,Venkatagiri APMC,Cereals,Paddy(Common),28-09-2024,134.40,Metric Tonnes
Andhra Pradesh,Tirupathi,Venkatagiri APMC,Cereals,Paddy(Common),29-09-2024,233.40,Metric Tonnes
Andhra Pradesh,Tirupathi,Venkatagiri APMC,Cereals,Paddy(Common),30-09-2024,239.90,Metric Tonnes
Andhra Pradesh,Tirupathi,Venkatagiri APMC,Cereals,Paddy(Common),01-10-2024,19.50,Metric Tonnes
Andhra Pradesh,Tirupathi,Venkatagiri APMC,Cereals,Paddy(Common),03-10-2024,137.70,Metric Tonnes
Andhra Pradesh,Tirupathi,Venkatagiri APMC,Cereals,Paddy(Common),04-10-2024,102.00,Metric Tonnes
Andhra Pradesh,Tirupathi,Venkatagiri APMC,Cereals,Paddy(Common),10-12-2024,12.00,Metric Tonnes
Andhra Pradesh,Tirupathi,Venkatagiri APMC,Cereals,Paddy(Common),23-07-2026,0.10,Metric Tonnes
Andhra Pradesh,Tirupathi,Venkatagiri APMC,Cereals,Paddy(Common),24-07-2026,0.10,Metric Tonnes
Andhra Pradesh,Tirupathi,Venkatagiri APMC,Cereals,Paddy(Common),25-07-2026,0.10,Metric Tonnes
Andhra Pradesh,Tirupathi,Venkatagiri APMC,Cereals,Paddy(Common),26-07-2026,0.10,Metric Tonnes
Andhra Pradesh,Tirupathi,Venkatagiri APMC,Cereals,Paddy(Common),27-07-2026,0.10,Metric Tonnes
Andhra Pradesh,Tirupathi,Venkatagiri APMC,Cereals,Paddy(Common),28-07-2026,0.08,Metric Tonnes
Andhra Pradesh,Tirupathi,Venkatagiri APMC,Cereals,Paddy(Common),29-07-2026,0.08,Metric Tonnes
Andhra Pradesh,Tirupathi,Venkatagiri APMC,Cereals,Paddy(Common),30-07-2026,0.08,Metric Tonnes
Andhra Pradesh,Tirupathi,Venkatagiri APMC,Cereals,Paddy(Common),31-07-2026,0.08,Metric Tonnes
Andhra Pradesh,Tirupathi,Venkatagiri APMC,Cereals,Paddy(Common),01-08-2026,0.08,Metric Tonnes
Andhra Pradesh,Tirupathi,Venkatagiri APMC,Cereals,Paddy(Common),02-08-2026,0.15,Metric Tonnes
Andhra Pradesh,Tirupathi,Venkatagiri APMC,Cereals,Paddy(Common),03-08-2026,0.08,Metric Tonnes
Andhra Pradesh,Tirupathi,Venkatagiri APMC,Cereals,Paddy(Common),04-08-2026,0.08,Metric Tonnes
Andhra Pradesh,Tirupathi,Venkatagiri APMC,Cereals,Paddy(Common),05-08-2026,0.08,Metric Tonnes
Andhra Pradesh,Tirupathi,Venkatagiri APMC,Cereals,Paddy(Common),06-08-2026,0.08,Metric Tonnes
Andhra Pradesh,Tirupathi,Venkatagiri APMC,Cereals,Paddy(Common),07-08-2026,0.08,Metric Tonnes
Andhra Pradesh,Vijayanagaram,Kothavalasa APMC,Cereals,Paddy(Common),28-05-2026,1.00,Metric Tonnes
Andhra Pradesh,Vijayanagaram,Kothavalasa APMC,Cereals,Paddy(Common),30-05-2026,1.00,Metric Tonnes
Andhra Pradesh,Vijayanagaram,Kothavalasa APMC,Cereals,Paddy(Common),31-05-2026,1.00,Metric Tonnes
Andhra Pradesh,Vijayanagaram,Kothavalasa APMC,Cereals,Paddy(Common),01-06-2026,1.00,Metric Tonnes
Andhra Pradesh,Vijayanagaram,Kothavalasa APMC,Cereals,Paddy(Common),02-06-2026,1.00,Metric Tonnes
Andhra Pradesh,Vijayanagaram,Kothavalasa APMC,Cereals,Paddy(Common),03-06-2026,1.00,Metric Tonnes
Andhra Pradesh,Vijayanagaram,Kothavalasa APMC,Cereals,Paddy(Common),04-06-2026,1.00,Metric Tonnes
Andhra Pradesh,Vijayanagaram,Kothavalasa APMC,Cereals,Paddy(Common),17-06-2026,1.00,Metric Tonnes
Andhra Pradesh,Vijayanagaram,Kothavalasa APMC,Cereals,Paddy(Common),24-06-2026,1.00,Metric Tonnes
Andhra Pradesh,Vijayanagaram,Kothavalasa APMC,Cereals,Paddy(Common),01-07-2026,1.00,Metric Tonnes
Andhra Pradesh,Vijayanagaram,Kothavalasa APMC,Cereals,Paddy(Common),02-07-2026,1.00,Metric Tonnes
Andhra Pradesh,Vijayanagaram,Kothavalasa APMC,Cereals,Paddy(Common),03-07-2026,2.00,Metric Tonnes
Andhra Pradesh,Vijayanagaram,Kothavalasa APMC,Cereals,Paddy(Common),04-07-2026,1.00,Metric Tonnes
Andhra Pradesh,Vijayanagaram,Kothavalasa APMC,Cereals,Paddy(Common),05-07-2026,1.00,Metric Tonnes
Andhra Pradesh,Vijayanagaram,Kothavalasa APMC,Cereals,Paddy(Common),06-07-2026,2.00,Metric Tonnes
Andhra Pradesh,Vijayanagaram,Kothavalasa APMC,Cereals,Paddy(Common),07-07-2026,1.00,Metric Tonnes
Andhra Pradesh,Vijayanagaram,Kothavalasa APMC,Cereals,Paddy(Common),08-07-2026,1.00,Metric Tonnes
Andhra Pradesh,Vijayanagaram,Kothavalasa APMC,Cereals,Paddy(Common),09-07-2026,1.00,Metric Tonnes
Andhra Pradesh,Vijayanagaram,Kothavalasa APMC,Cereals,Paddy(Common),10-07-2026,2.00,Metric Tonnes
Andhra Pradesh,Vijayanagaram,Kothavalasa APMC,Cereals,Paddy(Common),11-07-2026,1.00,Metric Tonnes
Andhra Pradesh,Vijayanagaram,Kothavalasa APMC,Cereals,Paddy(Common),12-07-2026,1.00,Metric Tonnes
Andhra Pradesh,Vijayanagaram,Kothavalasa APMC,Cereals,Paddy(Common),13-07-2026,2.00,Metric Tonnes
Andhra Pradesh,Vijayanagaram,Kothavalasa APMC,Cereals,Paddy(Common),14-07-2026,2.00,Metric Tonnes
Andhra Pradesh,Vijayanagaram,Kothavalasa APMC,Cereals,Paddy(Common),15-07-2026,3.00,Metric Tonnes
Andhra Pradesh,Vijayanagaram,Kothavalasa APMC,Cereals,Paddy(Common),16-07-2026,3.00,Metric Tonnes
Andhra Pradesh,Vijayanagaram,Kothavalasa APMC,Cereals,Paddy(Common),17-07-2026,2.00,Metric Tonnes
Andhra Pradesh,Vijayanagaram,Kothavalasa APMC,Cereals,Paddy(Common),18-07-2026,2.00,Metric Tonnes
Andhra Pradesh,Vijayanagaram,Kothavalasa APMC,Cereals,Paddy(Common),19-07-2026,1.00,Metric Tonnes
Andhra Pradesh,Vijayanagaram,Kothavalasa APMC,Cereals,Paddy(Common),20-07-2026,2.00,Metric Tonnes
Andhra Pradesh,Vijayanagaram,Kothavalasa APMC,Cereals,Paddy(Common),21-07-2026,2.00,Metric Tonnes
Andhra Pradesh,Vijayanagaram,Kothavalasa APMC,Cereals,Paddy(Common),22-07-2026,3.00,Metric Tonnes
Andhra Pradesh,Vijayanagaram,Kothavalasa APMC,Cereals,Paddy(Common),23-07-2026,1.00,Metric Tonnes
Andhra Pradesh,Vijayanagaram,Kothavalasa APMC,Cereals,Paddy(Common),24-07-2026,1.00,Metric Tonnes
Andhra Pradesh,Vijayanagaram,Kothavalasa APMC,Cereals,Paddy(Common),25-07-2026,3.00,Metric Tonnes
Andhra Pradesh,Vijayanagaram,Kothavalasa APMC,Cereals,Paddy(Common),26-07-2026,1.00,Metric Tonnes
Andhra Pradesh,Vijayanagaram,Kothavalasa APMC,Cereals,Paddy(Common),27-07-2026,2.00,Metric Tonnes
Andhra Pradesh,Vijayanagaram,Kothavalasa APMC,Cereals,Paddy(Common),28-07-2026,1.00,Metric Tonnes
Andhra Pradesh,Vijayanagaram,Kothavalasa APMC,Cereals,Paddy(Common),29-07-2026,2.00,Metric Tonnes
Andhra Pradesh,Vijayanagaram,Kothavalasa APMC,Cereals,Paddy(Common),30-07-2026,2.00,Metric Tonnes
Andhra Pradesh,Vijayanagaram,Kothavalasa APMC,Cereals,Paddy(Common),31-07-2026,2.00,Metric Tonnes
Andhra Pradesh,Vijayanagaram,Kothavalasa APMC,Cereals,Paddy(Common),01-08-2026,1.00,Metric Tonnes
Andhra Pradesh,Vijayanagaram,Kothavalasa APMC,Cereals,Paddy(Common),02-08-2026,1.00,Metric Tonnes
Andhra Pradesh,Vijayanagaram,Kothavalasa APMC,Cereals,Paddy(Common),03-08-2026,1.00,Metric Tonnes
Andhra Pradesh,Vijayanagaram,Kothavalasa APMC,Cereals,Paddy(Common),04-08-2026,1.00,Metric Tonnes
Andhra Pradesh,Vijayanagaram,Kothavalasa APMC,Cereals,Paddy(Common),05-08-2026,1.00,Metric Tonnes
Andhra Pradesh,Vijayanagaram,Kothavalasa APMC,Cereals,Paddy(Common),06-08-2026,1.00,Metric Tonnes
Andhra Pradesh,Vijayanagaram,Kothavalasa APMC,Cereals,Paddy(Common),07-08-2026,1.00,Metric Tonnes
Andhra Pradesh,Visakhapatnam,Bhimunipatnam APMC,Cereals,Paddy(Common),23-07-2026,0.00,Metric Tonnes
Andhra Pradesh,Visakhapatnam,Bhimunipatnam APMC,Cereals,Paddy(Common),24-07-2026,0.10,Metric Tonnes
Andhra Pradesh,Visakhapatnam,Bhimunipatnam APMC,Cereals,Paddy(Common),25-07-2026,0.10,Metric Tonnes
Andhra Pradesh,Visakhapatnam,Bhimunipatnam APMC,Cereals,Paddy(Common),27-07-2026,0.10,Metric Tonnes
Andhra Pradesh,Visakhapatnam,Bhimunipatnam APMC,Cereals,Paddy(Common),28-07-2026,0.10,Metric Tonnes
Andhra Pradesh,Visakhapatnam,Bhimunipatnam APMC,Cereals,Paddy(Common),29-07-2026,0.20,Metric Tonnes
Andhra Pradesh,Visakhapatnam,Bhimunipatnam APMC,Cereals,Paddy(Common),30-07-2026,0.10,Metric Tonnes
Andhra Pradesh,Visakhapatnam,Bhimunipatnam APMC,Cereals,Paddy(Common),31-07-2026,0.10,Metric Tonnes
Andhra Pradesh,Visakhapatnam,Bhimunipatnam APMC,Cereals,Paddy(Common),01-08-2026,0.10,Metric Tonnes
Andhra Pradesh,Visakhapatnam,Bhimunipatnam APMC,Cereals,Paddy(Common),02-08-2026,0.10,Metric Tonnes
Andhra Pradesh,Visakhapatnam,Bhimunipatnam APMC,Cereals,Paddy(Common),03-08-2026,0.10,Metric Tonnes
Andhra Pradesh,Visakhapatnam,Bhimunipatnam APMC,Cereals,Paddy(Common),04-08-2026,0.10,Metric Tonnes
Andhra Pradesh,Visakhapatnam,Bhimunipatnam APMC,Cereals,Paddy(Common),05-08-2026,0.10,Metric Tonnes
Andhra Pradesh,Visakhapatnam,Bhimunipatnam APMC,Cereals,Paddy(Common),06-08-2026,0.10,Metric Tonnes
Andhra Pradesh,Visakhapatnam,Bhimunipatnam APMC,Cereals,Paddy(Common),07-08-2026,0.10,Metric Tonnes
Andhra Pradesh,Visakhapatnam,Pendurthi APMC,Cereals,Paddy(Common),23-07-2026,0.10,Metric Tonnes
Andhra Pradesh,Visakhapatnam,Pendurthi APMC,Cereals,Paddy(Common),24-07-2026,0.10,Metric Tonnes
Andhra Pradesh,Visakhapatnam,Pendurthi APMC,Cereals,Paddy(Common),25-07-2026,0.10,Metric Tonnes
Andhra Pradesh,Visakhapatnam,Pendurthi APMC,Cereals,Paddy(Common),27-07-2026,0.10,Metric Tonnes
Andhra Pradesh,Visakhapatnam,Pendurthi APMC,Cereals,Paddy(Common),28-07-2026,0.10,Metric Tonnes
Andhra Pradesh,Visakhapatnam,Pendurthi APMC,Cereals,Paddy(Common),29-07-2026,0.10,Metric Tonnes
Andhra Pradesh,Visakhapatnam,Pendurthi APMC,Cereals,Paddy(Common),30-07-2026,0.10,Metric Tonnes
Andhra Pradesh,Visakhapatnam,Pendurthi APMC,Cereals,Paddy(Common),31-07-2026,0.10,Metric Tonnes
Andhra Pradesh,Visakhapatnam,Pendurthi APMC,Cereals,Paddy(Common),01-08-2026,0.10,Metric Tonnes
Andhra Pradesh,Visakhapatnam,Pendurthi APMC,Cereals,Paddy(Common),03-08-2026,0.10,Metric Tonnes
Andhra Pradesh,Visakhapatnam,Pendurthi APMC,Cereals,Paddy(Common),04-08-2026,0.10,Metric Tonnes
Andhra Pradesh,Visakhapatnam,Pendurthi APMC,Cereals,Paddy(Common),05-08-2026,0.10,Metric Tonnes
Andhra Pradesh,Visakhapatnam,Pendurthi APMC,Cereals,Paddy(Common),06-08-2026,0.10,Metric Tonnes
Andhra Pradesh,Visakhapatnam,Pendurthi APMC,Cereals,Paddy(Common),07-08-2026,0.10,Metric Tonnes
Andhra Pradesh,West Godavari,Achanta APMC,Cereals,Paddy(Common),23-07-2026,0.10,Metric Tonnes
Andhra Pradesh,West Godavari,Achanta APMC,Cereals,Paddy(Common),24-07-2026,0.10,Metric Tonnes
Andhra Pradesh,West Godavari,Achanta APMC,Cereals,Paddy(Common),25-07-2026,0.10,Metric Tonnes
Andhra Pradesh,West Godavari,Achanta APMC,Cereals,Paddy(Common),26-07-2026,0.10,Metric Tonnes
Andhra Pradesh,West Godavari,Achanta APMC,Cereals,Paddy(Common),27-07-2026,0.10,Metric Tonnes
Andhra Pradesh,West Godavari,Achanta APMC,Cereals,Paddy(Common),28-07-2026,0.10,Metric Tonnes
Andhra Pradesh,West Godavari,Achanta APMC,Cereals,Paddy(Common),29-07-2026,0.10,Metric Tonnes
Andhra Pradesh,West Godavari,Achanta APMC,Cereals,Paddy(Common),30-07-2026,0.10,Metric Tonnes
Andhra Pradesh,West Godavari,Achanta APMC,Cereals,Paddy(Common),31-07-2026,0.10,Metric Tonnes
Andhra Pradesh,West Godavari,Achanta APMC,Cereals,Paddy(Common),01-08-2026,0.10,Metric Tonnes
Andhra Pradesh,West Godavari,Achanta APMC,Cereals,Paddy(Common),02-08-2026,0.10,Metric Tonnes
Andhra Pradesh,West Godavari,Achanta APMC,Cereals,Paddy(Common),03-08-2026,0.10,Metric Tonnes
Andhra Pradesh,West Godavari,Achanta APMC,Cereals,Paddy(Common),04-08-2026,0.10,Metric Tonnes
Andhra Pradesh,West Godavari,Achanta APMC,Cereals,Paddy(Common),05-08-2026,0.10,Metric Tonnes
Andhra Pradesh,West Godavari,Achanta APMC,Cereals,Paddy(Common),07-08-2026,0.10,Metric Tonnes
Andhra Pradesh,West Godavari,Akiveedu APMC,Cereals,Paddy(Common),23-07-2026,0.10,Metric Tonnes
Andhra Pradesh,West Godavari,Akiveedu APMC,Cereals,Paddy(Common),24-07-2026,0.10,Metric Tonnes
Andhra Pradesh,West Godavari,Akiveedu APMC,Cereals,Paddy(Common),25-07-2026,0.10,Metric Tonnes
Andhra Pradesh,West Godavari,Akiveedu APMC,Cereals,Paddy(Common),27-07-2026,0.10,Metric Tonnes
Andhra Pradesh,West Godavari,Akiveedu APMC,Cereals,Paddy(Common),28-07-2026,0.10,Metric Tonnes
Andhra Pradesh,West Godavari,Akiveedu APMC,Cereals,Paddy(Common),29-07-2026,0.10,Metric Tonnes
Andhra Pradesh,West Godavari,Akiveedu APMC,Cereals,Paddy(Common),30-07-2026,0.10,Metric Tonnes
Andhra Pradesh,West Godavari,Akiveedu APMC,Cereals,Paddy(Common),31-07-2026,0.10,Metric Tonnes
Andhra Pradesh,West Godavari,Akiveedu APMC,Cereals,Paddy(Common),01-08-2026,0.10,Metric Tonnes
Andhra Pradesh,West Godavari,Akiveedu APMC,Cereals,Paddy(Common),03-08-2026,0.10,Metric Tonnes
Andhra Pradesh,West Godavari,Akiveedu APMC,Cereals,Paddy(Common),04-08-2026,0.10,Metric Tonnes
Andhra Pradesh,West Godavari,Akiveedu APMC,Cereals,Paddy(Common),05-08-2026,0.10,Metric Tonnes
Andhra Pradesh,West Godavari,Akiveedu APMC,Cereals,Paddy(Common),06-08-2026,0.10,Metric Tonnes
Andhra Pradesh,West Godavari,Akiveedu APMC,Cereals,Paddy(Common),07-08-2026,0.10,Metric Tonnes
Andhra Pradesh,West Godavari,Attili APMC,Cereals,Paddy(Common),23-07-2026,0.10,Metric Tonnes
Andhra Pradesh,West Godavari,Attili APMC,Cereals,Paddy(Common),24-07-2026,0.10,Metric Tonnes
Andhra Pradesh,West Godavari,Attili APMC,Cereals,Paddy(Common),25-07-2026,0.10,Metric Tonnes
Andhra Pradesh,West Godavari,Attili APMC,Cereals,Paddy(Common),26-07-2026,0.10,Metric Tonnes
Andhra Pradesh,West Godavari,Attili APMC,Cereals,Paddy(Common),27-07-2026,0.10,Metric Tonnes
Andhra Pradesh,West Godavari,Attili APMC,Cereals,Paddy(Common),28-07-2026,0.10,Metric Tonnes
Andhra Pradesh,West Godavari,Attili APMC,Cereals,Paddy(Common),29-07-2026,0.10,Metric Tonnes
Andhra Pradesh,West Godavari,Attili APMC,Cereals,Paddy(Common),30-07-2026,0.10,Metric Tonnes
Andhra Pradesh,West Godavari,Attili APMC,Cereals,Paddy(Common),31-07-2026,0.10,Metric Tonnes
Andhra Pradesh,West Godavari,Attili APMC,Cereals,Paddy(Common),01-08-2026,0.10,Metric Tonnes
Andhra Pradesh,West Godavari,Attili APMC,Cereals,Paddy(Common),02-08-2026,0.10,Metric Tonnes
Andhra Pradesh,West Godavari,Attili APMC,Cereals,Paddy(Common),03-08-2026,0.10,Metric Tonnes
Andhra Pradesh,West Godavari,Attili APMC,Cereals,Paddy(Common),04-08-2026,0.10,Metric Tonnes
Andhra Pradesh,West Godavari,Attili APMC,Cereals,Paddy(Common),05-08-2026,0.10,Metric Tonnes
Andhra Pradesh,West Godavari,Attili APMC,Cereals,Paddy(Common),06-08-2026,0.10,Metric Tonnes
Andhra Pradesh,West Godavari,Attili APMC,Cereals,Paddy(Common),07-08-2026,0.10,Metric Tonnes
Andhra Pradesh,West Godavari,Bhimavaram APMC,Cereals,Paddy(Common),23-07-2026,0.10,Metric Tonnes
Andhra Pradesh,West Godavari,Bhimavaram APMC,Cereals,Paddy(Common),24-07-2026,0.10,Metric Tonnes
Andhra Pradesh,West Godavari,Bhimavaram APMC,Cereals,Paddy(Common),25-07-2026,0.10,Metric Tonnes
Andhra Pradesh,West Godavari,Bhimavaram APMC,Cereals,Paddy(Common),27-07-2026,0.10,Metric Tonnes
Andhra Pradesh,West Godavari,Bhimavaram APMC,Cereals,Paddy(Common),28-07-2026,0.10,Metric Tonnes
Andhra Pradesh,West Godavari,Bhimavaram APMC,Cereals,Paddy(Common),29-07-2026,0.10,Metric Tonnes
Andhra Pradesh,West Godavari,Bhimavaram APMC,Cereals,Paddy(Common),30-07-2026,0.10,Metric Tonnes
Andhra Pradesh,West Godavari,Bhimavaram APMC,Cereals,Paddy(Common),31-07-2026,0.10,Metric Tonnes
Andhra Pradesh,West Godavari,Bhimavaram APMC,Cereals,Paddy(Common),01-08-2026,0.10,Metric Tonnes
Andhra Pradesh,West Godavari,Bhimavaram APMC,Cereals,Paddy(Common),03-08-2026,0.10,Metric Tonnes
Andhra Pradesh,West Godavari,Bhimavaram APMC,Cereals,Paddy(Common),04-08-2026,0.10,Metric Tonnes
Andhra Pradesh,West Godavari,Bhimavaram APMC,Cereals,Paddy(Common),05-08-2026,0.10,Metric Tonnes
Andhra Pradesh,West Godavari,Bhimavaram APMC,Cereals,Paddy(Common),06-08-2026,0.10,Metric Tonnes
Andhra Pradesh,West Godavari,Narsapuram APMC,Cereals,Paddy(Common),25-07-2026,1.00,Metric Tonnes
Andhra Pradesh,West Godavari,Narsapuram APMC,Cereals,Paddy(Common),26-07-2026,1.00,Metric Tonnes
Andhra Pradesh,West Godavari,Narsapuram APMC,Cereals,Paddy(Common),27-07-2026,1.00,Metric Tonnes
Andhra Pradesh,West Godavari,Narsapuram APMC,Cereals,Paddy(Common),28-07-2026,1.00,Metric Tonnes
Andhra Pradesh,West Godavari,Narsapuram APMC,Cereals,Paddy(Common),29-07-2026,1.00,Metric Tonnes
Andhra Pradesh,West Godavari,Narsapuram APMC,Cereals,Paddy(Common),30-07-2026,1.00,Metric Tonnes
Andhra Pradesh,West Godavari,Narsapuram APMC,Cereals,Paddy(Common),31-07-2026,1.00,Metric Tonnes
Andhra Pradesh,West Godavari,Narsapuram APMC,Cereals,Paddy(Common),01-08-2026,1.00,Metric Tonnes
Andhra Pradesh,West Godavari,Narsapuram APMC,Cereals,Paddy(Common),02-08-2026,1.00,Metric Tonnes
Andhra Pradesh,West Godavari,Narsapuram APMC,Cereals,Paddy(Common),03-08-2026,1.00,Metric Tonnes
Andhra Pradesh,West Godavari,Narsapuram APMC,Cereals,Paddy(Common),04-08-2026,1.00,Metric Tonnes
Andhra Pradesh,West Godavari,Narsapuram APMC,Cereals,Paddy(Common),05-08-2026,1.00,Metric Tonnes
Andhra Pradesh,West Godavari,Narsapuram APMC,Cereals,Paddy(Common),06-08-2026,1.00,Metric Tonnes
Andhra Pradesh,West Godavari,Narsapuram APMC,Cereals,Paddy(Common),07-08-2026,1.00,Metric Tonnes
Andhra Pradesh,West Godavari,Palakole APMC,Cereals,Paddy(Common),23-07-2026,0.10,Metric Tonnes
Andhra Pradesh,West Godavari,Palakole APMC,Cereals,Paddy(Common),24-07-2026,0.10,Metric Tonnes
Andhra Pradesh,West Godavari,Palakole APMC,Cereals,Paddy(Common),25-07-2026,0.10,Metric Tonnes
Andhra Pradesh,West Godavari,Palakole APMC,Cereals,Paddy(Common),27-07-2026,0.10,Metric Tonnes
Andhra Pradesh,West Godavari,Palakole APMC,Cereals,Paddy(Common),28-07-2026,0.10,Metric Tonnes
Andhra Pradesh,West Godavari,Palakole APMC,Cereals,Paddy(Common),29-07-2026,0.10,Metric Tonnes
Andhra Pradesh,West Godavari,Palakole APMC,Cereals,Paddy(Common),30-07-2026,0.10,Metric Tonnes
Andhra Pradesh,West Godavari,Palakole APMC,Cereals,Paddy(Common),31-07-2026,0.10,Metric Tonnes
Andhra Pradesh,West Godavari,Palakole APMC,Cereals,Paddy(Common),01-08-2026,0.10,Metric Tonnes
Andhra Pradesh,West Godavari,Palakole APMC,Cereals,Paddy(Common),03-08-2026,0.10,Metric Tonnes
Andhra Pradesh,West Godavari,Palakole APMC,Cereals,Paddy(Common),04-08-2026,0.10,Metric Tonnes
Andhra Pradesh,West Godavari,Palakole APMC,Cereals,Paddy(Common),05-08-2026,0.10,Metric Tonnes
Andhra Pradesh,West Godavari,Palakole APMC,Cereals,Paddy(Common),06-08-2026,0.10,Metric Tonnes
Andhra Pradesh,West Godavari,Palakole APMC,Cereals,Paddy(Common),07-08-2026,0.10,Metric Tonnes
Andhra Pradesh,West Godavari,Penugonda APMC,Cereals,Paddy(Common),24-07-2026,0.10,Metric Tonnes
Andhra Pradesh,West Godavari,Penugonda APMC,Cereals,Paddy(Common),26-07-2026,0.10,Metric Tonnes
Andhra Pradesh,West Godavari,Penugonda APMC,Cereals,Paddy(Common),27-07-2026,0.10,Metric Tonnes
Andhra Pradesh,West Godavari,Penugonda APMC,Cereals,Paddy(Common),28-07-2026,0.10,Metric Tonnes
Andhra Pradesh,West Godavari,Penugonda APMC,Cereals,Paddy(Common),29-07-2026,0.10,Metric Tonnes
Andhra Pradesh,West Godavari,Penugonda APMC,Cereals,Paddy(Common),30-07-2026,0.10,Metric Tonnes
Andhra Pradesh,West Godavari,Penugonda APMC,Cereals,Paddy(Common),31-07-2026,0.10,Metric Tonnes
Andhra Pradesh,West Godavari,Penugonda APMC,Cereals,Paddy(Common),01-08-2026,0.10,Metric Tonnes
Andhra Pradesh,West Godavari,Penugonda APMC,Cereals,Paddy(Common),02-08-2026,0.10,Metric Tonnes
Andhra Pradesh,West Godavari,Penugonda APMC,Cereals,Paddy(Common),03-08-2026,0.10,Metric Tonnes
Andhra Pradesh,West Godavari,Penugonda APMC,Cereals,Paddy(Common),04-08-2026,0.10,Metric Tonnes
Andhra Pradesh,West Godavari,Penugonda APMC,Cereals,Paddy(Common),05-08-2026,0.10,Metric Tonnes
Andhra Pradesh,West Godavari,Penugonda APMC,Cereals,Paddy(Common),06-08-2026,0.10,Metric Tonnes
Andhra Pradesh,West Godavari,Penugonda APMC,Cereals,Paddy(Common),07-08-2026,0.10,Metric Tonnes
Andhra Pradesh,West Godavari,Tadepalligudem APMC,Cereals,Paddy(Common),23-07-2026,1.00,Metric Tonnes
Andhra Pradesh,West Godavari,Tadepalligudem APMC,Cereals,Paddy(Common),24-07-2026,1.00,Metric Tonnes
Andhra Pradesh,West Godavari,Tadepalligudem APMC,Cereals,Paddy(Common),25-07-2026,1.00,Metric Tonnes
Andhra Pradesh,West Godavari,Tadepalligudem APMC,Cereals,Paddy(Common),27-07-2026,1.00,Metric Tonnes
Andhra Pradesh,West Godavari,Tadepalligudem APMC,Cereals,Paddy(Common),28-07-2026,0.10,Metric Tonnes
Andhra Pradesh,West Godavari,Tadepalligudem APMC,Cereals,Paddy(Common),29-07-2026,1.00,Metric Tonnes
Andhra Pradesh,West Godavari,Tadepalligudem APMC,Cereals,Paddy(Common),30-07-2026,1.00,Metric Tonnes
Andhra Pradesh,West Godavari,Tadepalligudem APMC,Cereals,Paddy(Common),31-07-2026,1.00,Metric Tonnes
Andhra Pradesh,West Godavari,Tadepalligudem APMC,Cereals,Paddy(Common),01-08-2026,1.00,Metric Tonnes
Andhra Pradesh,West Godavari,Tadepalligudem APMC,Cereals,Paddy(Common),03-08-2026,1.00,Metric Tonnes
Andhra Pradesh,West Godavari,Tadepalligudem APMC,Cereals,Paddy(Common),04-08-2026,1.00,Metric Tonnes
Andhra Pradesh,West Godavari,Tadepalligudem APMC,Cereals,Paddy(Common),06-08-2026,1.00,Metric Tonnes
Andhra Pradesh,West Godavari,Tadepalligudem APMC,Cereals,Paddy(Common),07-08-2026,1.00,Metric Tonnes
Andhra Pradesh,West Godavari,Tanuku APMC,Cereals,Paddy(Common),01-01-2022,1.00,Metric Tonnes
Andhra Pradesh,West Godavari,Tanuku APMC,Cereals,Paddy(Common),05-01-2022,1.00,Metric Tonnes
Andhra Pradesh,West Godavari,Tanuku APMC,Cereals,Paddy(Common),06-01-2022,1.00,Metric Tonnes
Andhra Pradesh,West Godavari,Tanuku APMC,Cereals,Paddy(Common),07-01-2022,1.00,Metric Tonnes
Andhra Pradesh,West Godavari,Tanuku APMC,Cereals,Paddy(Common),08-01-2022,1.00,Metric Tonnes
Andhra Pradesh,West Godavari,Tanuku APMC,Cereals,Paddy(Common),09-01-2022,1.00,Metric Tonnes
Andhra Pradesh,West Godavari,Tanuku APMC,Cereals,Paddy(Common),10-01-2022,1.00,Metric Tonnes
Andhra Pradesh,West Godavari,Tanuku APMC,Cereals,Paddy(Common),11-01-2022,1.00,Metric Tonnes
Andhra Pradesh,West Godavari,Tanuku APMC,Cereals,Paddy(Common),14-01-2022,1.00,Metric Tonnes
Andhra Pradesh,West Godavari,Tanuku APMC,Cereals,Paddy(Common),15-01-2022,1.00,Metric Tonnes
Andhra Pradesh,West Godavari,Tanuku APMC,Cereals,Paddy(Common),16-01-2022,1.00,Metric Tonnes
Andhra Pradesh,West Godavari,Tanuku APMC,Cereals,Paddy(Common),17-01-2022,1.00,Metric Tonnes
Andhra Pradesh,West Godavari,Tanuku APMC,Cereals,Paddy(Common),18-01-2022,1.00,Metric Tonnes
Andhra Pradesh,West Godavari,Tanuku APMC,Cereals,Paddy(Common),21-01-2022,1.00,Metric Tonnes
Andhra Pradesh,West Godavari,Tanuku APMC,Cereals,Paddy(Common),22-01-2022,1.00,Metric Tonnes
Andhra Pradesh,West Godavari,Tanuku APMC,Cereals,Paddy(Common),23-01-2022,1.00,Metric Tonnes
Andhra Pradesh,West Godavari,Tanuku APMC,Cereals,Paddy(Common),24-01-2022,1.00,Metric Tonnes
Andhra Pradesh,West Godavari,Tanuku APMC,Cereals,Paddy(Common),25-01-2022,1.00,Metric Tonnes
Andhra Pradesh,West Godavari,Tanuku APMC,Cereals,Paddy(Common),26-01-2022,1.00,Metric Tonnes
Andhra Pradesh,West Godavari,Tanuku APMC,Cereals,Paddy(Common),27-01-2022,1.00,Metric Tonnes
Andhra Pradesh,West Godavari,Tanuku APMC,Cereals,Paddy(Common),28-01-2022,1.00,Metric Tonnes
Andhra Pradesh,West Godavari,Tanuku APMC,Cereals,Paddy(Common),31-01-2022,1.00,Metric Tonnes
Andhra Pradesh,West Godavari,Tanuku APMC,Cereals,Paddy(Common),01-02-2022,1.00,Metric Tonnes
Andhra Pradesh,West Godavari,Tanuku APMC,Cereals,Paddy(Common),02-02-2022,1.00,Metric Tonnes
Andhra Pradesh,West Godavari,Tanuku APMC,Cereals,Paddy(Common),03-02-2022,1.00,Metric Tonnes
Andhra Pradesh,West Godavari,Tanuku APMC,Cereals,Paddy(Common),04-02-2022,1.00,Metric Tonnes
Andhra Pradesh,West Godavari,Tanuku APMC,Cereals,Paddy(Common),05-02-2022,1.00,Metric Tonnes
Andhra Pradesh,West Godavari,Tanuku APMC,Cereals,Paddy(Common),06-02-2022,1.00,Metric Tonnes
Andhra Pradesh,West Godavari,Tanuku APMC,Cereals,Paddy(Common),07-02-2022,1.00,Metric Tonnes
Andhra Pradesh,West Godavari,Tanuku APMC,Cereals,Paddy(Common),08-02-2022,1.00,Metric Tonnes
Andhra Pradesh,West Godavari,Tanuku APMC,Cereals,Paddy(Common),09-02-2022,1.00,Metric Tonnes
Andhra Pradesh,West Godavari,Tanuku APMC,Cereals,Paddy(Common),10-02-2022,1.00,Metric Tonnes
Andhra Pradesh,West Godavari,Tanuku APMC,Cereals,Paddy(Common),11-02-2022,1.00,Metric Tonnes
Andhra Pradesh,West Godavari,Tanuku APMC,Cereals,Paddy(Common),16-02-2022,1.00,Metric Tonnes
Andhra Pradesh,West Godavari,Tanuku APMC,Cereals,Paddy(Common),17-02-2022,1.00,Metric Tonnes
Andhra Pradesh,West Godavari,Tanuku APMC,Cereals,Paddy(Common),18-02-2022,1.00,Metric Tonnes
Andhra Pradesh,West Godavari,Tanuku APMC,Cereals,Paddy(Common),19-02-2022,1.00,Metric Tonnes
Andhra Pradesh,West Godavari,Tanuku APMC,Cereals,Paddy(Common),20-02-2022,1.00,Metric Tonnes
Andhra Pradesh,West Godavari,Tanuku APMC,Cereals,Paddy(Common),21-02-2022,1.00,Metric Tonnes
Andhra Pradesh,West Godavari,Tanuku APMC,Cereals,Paddy(Common),22-02-2022,1.00,Metric Tonnes
Andhra Pradesh,West Godavari,Tanuku APMC,Cereals,Paddy(Common),23-02-2022,1.00,Metric Tonnes
Andhra Pradesh,West Godavari,Tanuku APMC,Cereals,Paddy(Common),24-02-2022,1.00,Metric Tonnes
Andhra Pradesh,West Godavari,Tanuku APMC,Cereals,Paddy(Common),25-02-2022,1.00,Metric Tonnes
Andhra Pradesh,West Godavari,Tanuku APMC,Cereals,Paddy(Common),26-02-2022,1.00,Metric Tonnes
Andhra Pradesh,West Godavari,Tanuku APMC,Cereals,Paddy(Common),28-02-2022,1.00,Metric Tonnes
Andhra Pradesh,West Godavari,Tanuku APMC,Cereals,Paddy(Common),01-03-2022,1.00,Metric Tonnes
Andhra Pradesh,West Godavari,Tanuku APMC,Cereals,Paddy(Common),02-03-2022,1.00,Metric Tonnes
Andhra Pradesh,West Godavari,Tanuku APMC,Cereals,Paddy(Common),03-03-2022,1.00,Metric Tonnes
Andhra Pradesh,West Godavari,Tanuku APMC,Cereals,Paddy(Common),04-03-2022,1.00,Metric Tonnes
Andhra Pradesh,West Godavari,Tanuku APMC,Cereals,Paddy(Common),06-03-2022,1.00,Metric Tonnes
Andhra Pradesh,West Godavari,Tanuku APMC,Cereals,Paddy(Common),07-03-2022,1.00,Metric Tonnes
Andhra Pradesh,West Godavari,Tanuku APMC,Cereals,Paddy(Common),08-03-2022,1.00,Metric Tonnes
Andhra Pradesh,West Godavari,Tanuku APMC,Cereals,Paddy(Common),09-03-2022,1.00,Metric Tonnes
Andhra Pradesh,West Godavari,Tanuku APMC,Cereals,Paddy(Common),11-03-2022,1.00,Metric Tonnes
Andhra Pradesh,West Godavari,Tanuku APMC,Cereals,Paddy(Common),12-03-2022,1.00,Metric Tonnes
Andhra Pradesh,West Godavari,Tanuku APMC,Cereals,Paddy(Common),13-03-2022,1.00,Metric Tonnes
Andhra Pradesh,West Godavari,Tanuku APMC,Cereals,Paddy(Common),14-03-2022,1.00,Metric Tonnes
Andhra Pradesh,West Godavari,Tanuku APMC,Cereals,Paddy(Common),15-03-2022,1.00,Metric Tonnes
Andhra Pradesh,West Godavari,Tanuku APMC,Cereals,Paddy(Common),16-03-2022,1.00,Metric Tonnes
Andhra Pradesh,West Godavari,Tanuku APMC,Cereals,Paddy(Common),17-03-2022,1.00,Metric Tonnes
Andhra Pradesh,West Godavari,Tanuku APMC,Cereals,Paddy(Common),19-03-2022,1.00,Metric Tonnes
Andhra Pradesh,West Godavari,Tanuku APMC,Cereals,Paddy(Common),20-03-2022,1.00,Metric Tonnes
Andhra Pradesh,West Godavari,Tanuku APMC,Cereals,Paddy(Common),21-03-2022,1.00,Metric Tonnes
Andhra Pradesh,West Godavari,Tanuku APMC,Cereals,Paddy(Common),22-03-2022,1.00,Metric Tonnes
Andhra Pradesh,West Godavari,Tanuku APMC,Cereals,Paddy(Common),23-03-2022,1.00,Metric Tonnes
Andhra Pradesh,West Godavari,Tanuku APMC,Cereals,Paddy(Common),24-03-2022,1.00,Metric Tonnes
Andhra Pradesh,West Godavari,Tanuku APMC,Cereals,Paddy(Common),25-03-2022,1.00,Metric Tonnes
Andhra Pradesh,West Godavari,Tanuku APMC,Cereals,Paddy(Common),26-03-2022,1.00,Metric Tonnes
Andhra Pradesh,West Godavari,Tanuku APMC,Cereals,Paddy(Common),27-03-2022,1.00,Metric Tonnes
Andhra Pradesh,West Godavari,Tanuku APMC,Cereals,Paddy(Common),28-03-2022,1.00,Metric Tonnes
Andhra Pradesh,West Godavari,Tanuku APMC,Cereals,Paddy(Common),01-04-2022,1.00,Metric Tonnes
Andhra Pradesh,West Godavari,Tanuku APMC,Cereals,Paddy(Common),02-04-2022,1.00,Metric Tonnes
Andhra Pradesh,West Godavari,Tanuku APMC,Cereals,Paddy(Common),03-04-2022,1.00,Metric Tonnes
Andhra Pradesh,West Godavari,Tanuku APMC,Cereals,Paddy(Common),04-04-2022,1.00,Metric Tonnes
Andhra Pradesh,West Godavari,Tanuku APMC,Cereals,Paddy(Common),05-04-2022,1.00,Metric Tonnes
Andhra Pradesh,West Godavari,Tanuku APMC,Cereals,Paddy(Common),06-04-2022,1.00,Metric Tonnes
Andhra Pradesh,West Godavari,Tanuku APMC,Cereals,Paddy(Common),07-04-2022,1.00,Metric Tonnes
Andhra Pradesh,West Godavari,Tanuku APMC,Cereals,Paddy(Common),08-04-2022,1.00,Metric Tonnes
Andhra Pradesh,West Godavari,Tanuku APMC,Cereals,Paddy(Common),10-04-2022,1.00,Metric Tonnes
Andhra Pradesh,West Godavari,Tanuku APMC,Cereals,Paddy(Common),11-04-2022,1.00,Metric Tonnes
Andhra Pradesh,West Godavari,Tanuku APMC,Cereals,Paddy(Common),12-04-2022,1.00,Metric Tonnes
Andhra Pradesh,West Godavari,Tanuku APMC,Cereals,Paddy(Common),13-04-2022,1.00,Metric Tonnes
Andhra Pradesh,West Godavari,Tanuku APMC,Cereals,Paddy(Common),14-04-2022,1.00,Metric Tonnes
Andhra Pradesh,West Godavari,Tanuku APMC,Cereals,Paddy(Common),15-04-2022,1.00,Metric Tonnes
Andhra Pradesh,West Godavari,Tanuku APMC,Cereals,Paddy(Common),16-04-2022,1.00,Metric Tonnes
Andhra Pradesh,West Godavari,Tanuku APMC,Cereals,Paddy(Common),17-04-2022,1.00,Metric Tonnes
Andhra Pradesh,West Godavari,Tanuku APMC,Cereals,Paddy(Common),18-04-2022,1.00,Metric Tonnes
Andhra Pradesh,West Godavari,Tanuku APMC,Cereals,Paddy(Common),19-04-2022,1.00,Metric Tonnes
Andhra Pradesh,West Godavari,Tanuku APMC,Cereals,Paddy(Common),20-04-2022,1.00,Metric Tonnes
Andhra Pradesh,West Godavari,Tanuku APMC,Cereals,Paddy(Common),21-04-2022,1.00,Metric Tonnes
Andhra Pradesh,West Godavari,Tanuku APMC,Cereals,Paddy(Common),22-04-2022,1.00,Metric Tonnes
Andhra Pradesh,West Godavari,Tanuku APMC,Cereals,Paddy(Common),23-04-2022,1.00,Metric Tonnes
Andhra Pradesh,West Godavari,Tanuku APMC,Cereals,Paddy(Common),25-04-2022,1.00,Metric Tonnes
Andhra Pradesh,West Godavari,Tanuku APMC,Cereals,Paddy(Common),26-04-2022,1.00,Metric Tonnes
Andhra Pradesh,West Godavari,Tanuku APMC,Cereals,Paddy(Common),27-04-2022,1.00,Metric Tonnes
Andhra Pradesh,West Godavari,Tanuku APMC,Cereals,Paddy(Common),28-04-2022,1.00,Metric Tonnes
Andhra Pradesh,West Godavari,Tanuku APMC,Cereals,Paddy(Common),29-04-2022,1.00,Metric Tonnes
Andhra Pradesh,West Godavari,Tanuku APMC,Cereals,Paddy(Common),30-04-2022,1.00,Metric Tonnes
Andhra Pradesh,West Godavari,Tanuku APMC,Cereals,Paddy(Common),01-05-2022,1.00,Metric Tonnes
Andhra Pradesh,West Godavari,Tanuku APMC,Cereals,Paddy(Common),02-05-2022,1.00,Metric Tonnes
Andhra Pradesh,West Godavari,Tanuku APMC,Cereals,Paddy(Common),03-05-2022,1.00,Metric Tonnes
Andhra Pradesh,West Godavari,Tanuku APMC,Cereals,Paddy(Common),04-05-2022,1.00,Metric Tonnes
Andhra Pradesh,West Godavari,Tanuku APMC,Cereals,Paddy(Common),05-05-2022,1.00,Metric Tonnes
Andhra Pradesh,West Godavari,Tanuku APMC,Cereals,Paddy(Common),06-05-2022,1.00,Metric Tonnes
Andhra Pradesh,West Godavari,Tanuku APMC,Cereals,Paddy(Common),14-05-2022,1.00,Metric Tonnes
Andhra Pradesh,West Godavari,Tanuku APMC,Cereals,Paddy(Common),15-05-2022,1.00,Metric Tonnes
Andhra Pradesh,West Godavari,Tanuku APMC,Cereals,Paddy(Common),16-05-2022,1.00,Metric Tonnes
Andhra Pradesh,West Godavari,Tanuku APMC,Cereals,Paddy(Common),17-05-2022,1.00,Metric Tonnes
Andhra Pradesh,West Godavari,Tanuku APMC,Cereals,Paddy(Common),18-05-2022,1.00,Metric Tonnes
Andhra Pradesh,West Godavari,Tanuku APMC,Cereals,Paddy(Common),19-05-2022,1.00,Metric Tonnes
Andhra Pradesh,West Godavari,Tanuku APMC,Cereals,Paddy(Common),20-05-2022,1.00,Metric Tonnes
Andhra Pradesh,West Godavari,Tanuku APMC,Cereals,Paddy(Common),21-05-2022,1.00,Metric Tonnes
Andhra Pradesh,West Godavari,Tanuku APMC,Cereals,Paddy(Common),22-05-2022,1.00,Metric Tonnes
Andhra Pradesh,West Godavari,Tanuku APMC,Cereals,Paddy(Common),23-05-2022,1.00,Metric Tonnes
Andhra Pradesh,West Godavari,Tanuku APMC,Cereals,Paddy(Common),24-05-2022,1.00,Metric Tonnes
Andhra Pradesh,West Godavari,Tanuku APMC,Cereals,Paddy(Common),25-05-2022,1.00,Metric Tonnes
Andhra Pradesh,West Godavari,Tanuku APMC,Cereals,Paddy(Common),26-05-2022,1.00,Metric Tonnes
Andhra Pradesh,West Godavari,Tanuku APMC,Cereals,Paddy(Common),27-05-2022,1.00,Metric Tonnes
Andhra Pradesh,West Godavari,Tanuku APMC,Cereals,Paddy(Common),28-05-2022,1.00,Metric Tonnes
Andhra Pradesh,West Godavari,Tanuku APMC,Cereals,Paddy(Common),29-05-2022,1.00,Metric Tonnes
Andhra Pradesh,West Godavari,Tanuku APMC,Cereals,Paddy(Common),30-05-2022,1.00,Metric Tonnes
Andhra Pradesh,West Godavari,Tanuku APMC,Cereals,Paddy(Common),31-05-2022,1.00,Metric Tonnes
Andhra Pradesh,West Godavari,Tanuku APMC,Cereals,Paddy(Common),01-06-2022,1.00,Metric Tonnes
Andhra Pradesh,West Godavari,Tanuku APMC,Cereals,Paddy(Common),02-06-2022,1.00,Metric Tonnes
Andhra Pradesh,West Godavari,Tanuku APMC,Cereals,Paddy(Common),03-06-2022,1.00,Metric Tonnes
Andhra Pradesh,West Godavari,Tanuku APMC,Cereals,Paddy(Common),06-06-2022,1.00,Metric Tonnes
Andhra Pradesh,West Godavari,Tanuku APMC,Cereals,Paddy(Common),07-06-2022,1.00,Metric Tonnes
Andhra Pradesh,West Godavari,Tanuku APMC,Cereals,Paddy(Common),08-06-2022,1.00,Metric Tonnes
Andhra Pradesh,West Godavari,Tanuku APMC,Cereals,Paddy(Common),09-06-2022,1.00,Metric Tonnes
Andhra Pradesh,West Godavari,Tanuku APMC,Cereals,Paddy(Common),10-06-2022,1.00,Metric Tonnes
Andhra Pradesh,West Godavari,Tanuku APMC,Cereals,Paddy(Common),11-06-2022,1.00,Metric Tonnes
Andhra Pradesh,West Godavari,Tanuku APMC,Cereals,Paddy(Common),12-06-2022,1.00,Metric Tonnes
Andhra Pradesh,West Godavari,Tanuku APMC,Cereals,Paddy(Common),13-06-2022,1.00,Metric Tonnes
Andhra Pradesh,West Godavari,Tanuku APMC,Cereals,Paddy(Common),15-06-2022,1.00,Metric Tonnes
Andhra Pradesh,West Godavari,Tanuku APMC,Cereals,Paddy(Common),16-06-2022,1.00,Metric Tonnes
Andhra Pradesh,West Godavari,Tanuku APMC,Cereals,Paddy(Common),17-06-2022,1.00,Metric Tonnes
Andhra Pradesh,West Godavari,Tanuku APMC,Cereals,Paddy(Common),18-06-2022,1.00,Metric Tonnes
Andhra Pradesh,West Godavari,Tanuku APMC,Cereals,Paddy(Common),19-06-2022,1.00,Metric Tonnes
Andhra Pradesh,West Godavari,Tanuku APMC,Cereals,Paddy(Common),20-06-2022,1.00,Metric Tonnes
Andhra Pradesh,West Godavari,Tanuku APMC,Cereals,Paddy(Common),22-06-2022,1.00,Metric Tonnes
Andhra Pradesh,West Godavari,Tanuku APMC,Cereals,Paddy(Common),23-06-2022,1.00,Metric Tonnes
Andhra Pradesh,West Godavari,Tanuku APMC,Cereals,Paddy(Common),24-06-2022,1.00,Metric Tonnes
Andhra Pradesh,West Godavari,Tanuku APMC,Cereals,Paddy(Common),25-06-2022,1.00,Metric Tonnes
Andhra Pradesh,West Godavari,Tanuku APMC,Cereals,Paddy(Common),28-06-2022,1.00,Metric Tonnes
Andhra Pradesh,West Godavari,Tanuku APMC,Cereals,Paddy(Common),29-06-2022,1.00,Metric Tonnes
Andhra Pradesh,West Godavari,Tanuku APMC,Cereals,Paddy(Common),30-06-2022,1.00,Metric Tonnes
Andhra Pradesh,West Godavari,Tanuku APMC,Cereals,Paddy(Common),01-07-2022,1.00,Metric Tonnes
Andhra Pradesh,West Godavari,Tanuku APMC,Cereals,Paddy(Common),03-07-2022,1.00,Metric Tonnes
Andhra Pradesh,West Godavari,Tanuku APMC,Cereals,Paddy(Common),04-07-2022,1.00,Metric Tonnes
Andhra Pradesh,West Godavari,Tanuku APMC,Cereals,Paddy(Common),09-07-2022,1.00,Metric Tonnes
Andhra Pradesh,West Godavari,Tanuku APMC,Cereals,Paddy(Common),10-07-2022,1.00,Metric Tonnes
Andhra Pradesh,West Godavari,Tanuku APMC,Cereals,Paddy(Common),11-07-2022,1.00,Metric Tonnes
Andhra Pradesh,West Godavari,Tanuku APMC,Cereals,Paddy(Common),12-07-2022,1.00,Metric Tonnes
Andhra Pradesh,West Godavari,Tanuku APMC,Cereals,Paddy(Common),13-07-2022,1.00,Metric Tonnes
Andhra Pradesh,West Godavari,Tanuku APMC,Cereals,Paddy(Common),14-07-2022,1.00,Metric Tonnes
Andhra Pradesh,West Godavari,Tanuku APMC,Cereals,Paddy(Common),15-07-2022,1.00,Metric Tonnes
Andhra Pradesh,West Godavari,Tanuku APMC,Cereals,Paddy(Common),19-07-2022,1.00,Metric Tonnes
Andhra Pradesh,West Godavari,Tanuku APMC,Cereals,Paddy(Common),20-07-2022,1.00,Metric Tonnes
Andhra Pradesh,West Godavari,Tanuku APMC,Cereals,Paddy(Common),21-07-2022,1.00,Metric Tonnes
Andhra Pradesh,West Godavari,Tanuku APMC,Cereals,Paddy(Common),22-07-2022,1.00,Metric Tonnes
Andhra Pradesh,West Godavari,Tanuku APMC,Cereals,Paddy(Common),24-07-2022,1.00,Metric Tonnes
Andhra Pradesh,West Godavari,Tanuku APMC,Cereals,Paddy(Common),25-07-2022,1.00,Metric Tonnes
Andhra Pradesh,West Godavari,Tanuku APMC,Cereals,Paddy(Common),26-07-2022,1.00,Metric Tonnes
Andhra Pradesh,West Godavari,Tanuku APMC,Cereals,Paddy(Common),27-07-2022,1.00,Metric Tonnes
Andhra Pradesh,West Godavari,Tanuku APMC,Cereals,Paddy(Common),30-07-2022,1.00,Metric Tonnes
Andhra Pradesh,West Godavari,Tanuku APMC,Cereals,Paddy(Common),31-07-2022,1.00,Metric Tonnes
Andhra Pradesh,West Godavari,Tanuku APMC,Cereals,Paddy(Common),01-08-2022,1.00,Metric Tonnes
Andhra Pradesh,West Godavari,Tanuku APMC,Cereals,Paddy(Common),02-08-2022,1.00,Metric Tonnes
Andhra Pradesh,West Godavari,Tanuku APMC,Cereals,Paddy(Common),03-08-2022,1.00,Metric Tonnes
Andhra Pradesh,West Godavari,Tanuku APMC,Cereals,Paddy(Common),04-08-2022,1.00,Metric Tonnes
Andhra Pradesh,West Godavari,Tanuku APMC,Cereals,Paddy(Common),05-08-2022,1.00,Metric Tonnes
Andhra Pradesh,West Godavari,Tanuku APMC,Cereals,Paddy(Common),06-08-2022,1.00,Metric Tonnes
Andhra Pradesh,West Godavari,Tanuku APMC,Cereals,Paddy(Common),07-08-2022,1.00,Metric Tonnes
Andhra Pradesh,West Godavari,Tanuku APMC,Cereals,Paddy(Common),08-08-2022,1.00,Metric Tonnes
Andhra Pradesh,West Godavari,Tanuku APMC,Cereals,Paddy(Common),09-08-2022,1.00,Metric Tonnes
Andhra Pradesh,West Godavari,Tanuku APMC,Cereals,Paddy(Common),10-08-2022,1.00,Metric Tonnes
Andhra Pradesh,West Godavari,Tanuku APMC,Cereals,Paddy(Common),11-08-2022,1.00,Metric Tonnes
Andhra Pradesh,West Godavari,Tanuku APMC,Cereals,Paddy(Common),12-08-2022,1.00,Metric Tonnes
Andhra Pradesh,West Godavari,Tanuku APMC,Cereals,Paddy(Common),13-08-2022,1.00,Metric Tonnes
Andhra Pradesh,West Godavari,Tanuku APMC,Cereals,Paddy(Common),14-08-2022,1.00,Metric Tonnes
Andhra Pradesh,West Godavari,Tanuku APMC,Cereals,Paddy(Common),15-08-2022,1.00,Metric Tonnes
Andhra Pradesh,West Godavari,Tanuku APMC,Cereals,Paddy(Common),16-08-2022,1.00,Metric Tonnes
Andhra Pradesh,West Godavari,Tanuku APMC,Cereals,Paddy(Common),17-08-2022,1.00,Metric Tonnes
Andhra Pradesh,West Godavari,Tanuku APMC,Cereals,Paddy(Common),18-08-2022,1.00,Metric Tonnes
Andhra Pradesh,West Godavari,Tanuku APMC,Cereals,Paddy(Common),19-08-2022,1.00,Metric Tonnes
Andhra Pradesh,West Godavari,Tanuku APMC,Cereals,Paddy(Common),20-08-2022,1.00,Metric Tonnes
Andhra Pradesh,West Godavari,Tanuku APMC,Cereals,Paddy(Common),21-08-2022,1.00,Metric Tonnes
Andhra Pradesh,West Godavari,Tanuku APMC,Cereals,Paddy(Common),22-08-2022,1.00,Metric Tonnes
Andhra Pradesh,West Godavari,Tanuku APMC,Cereals,Paddy(Common),23-08-2022,1.00,Metric Tonnes
Andhra Pradesh,West Godavari,Tanuku APMC,Cereals,Paddy(Common),26-08-2022,1.00,Metric Tonnes
Andhra Pradesh,West Godavari,Tanuku APMC,Cereals,Paddy(Common),27-08-2022,1.00,Metric Tonnes
Andhra Pradesh,West Godavari,Tanuku APMC,Cereals,Paddy(Common),28-08-2022,1.00,Metric Tonnes
Andhra Pradesh,West Godavari,Tanuku APMC,Cereals,Paddy(Common),29-08-2022,1.00,Metric Tonnes
Andhra Pradesh,West Godavari,Tanuku APMC,Cereals,Paddy(Common),30-08-2022,1.00,Metric Tonnes
Andhra Pradesh,West Godavari,Tanuku APMC,Cereals,Paddy(Common),31-08-2022,1.00,Metric Tonnes
Andhra Pradesh,West Godavari,Tanuku APMC,Cereals,Paddy(Common),01-09-2022,1.00,Metric Tonnes
Andhra Pradesh,West Godavari,Tanuku APMC,Cereals,Paddy(Common),02-09-2022,1.00,Metric Tonnes
Andhra Pradesh,West Godavari,Tanuku APMC,Cereals,Paddy(Common),03-09-2022,1.00,Metric Tonnes
Andhra Pradesh,West Godavari,Tanuku APMC,Cereals,Paddy(Common),06-09-2022,1.00,Metric Tonnes
Andhra Pradesh,West Godavari,Tanuku APMC,Cereals,Paddy(Common),07-09-2022,1.00,Metric Tonnes
Andhra Pradesh,West Godavari,Tanuku APMC,Cereals,Paddy(Common),08-09-2022,1.00,Metric Tonnes
Andhra Pradesh,West Godavari,Tanuku APMC,Cereals,Paddy(Common),09-09-2022,1.00,Metric Tonnes
Andhra Pradesh,West Godavari,Tanuku APMC,Cereals,Paddy(Common),10-09-2022,1.00,Metric Tonnes
Andhra Pradesh,West Godavari,Tanuku APMC,Cereals,Paddy(Common),11-09-2022,1.00,Metric Tonnes
Andhra Pradesh,West Godavari,Tanuku APMC,Cereals,Paddy(Common),12-09-2022,1.00,Metric Tonnes
Andhra Pradesh,West Godavari,Tanuku APMC,Cereals,Paddy(Common),13-09-2022,1.00,Metric Tonnes
Andhra Pradesh,West Godavari,Tanuku APMC,Cereals,Paddy(Common),14-09-2022,1.00,Metric Tonnes
Andhra Pradesh,West Godavari,Tanuku APMC,Cereals,Paddy(Common),15-09-2022,1.00,Metric Tonnes
Andhra Pradesh,West Godavari,Tanuku APMC,Cereals,Paddy(Common),16-09-2022,1.00,Metric Tonnes
Andhra Pradesh,West Godavari,Tanuku APMC,Cereals,Paddy(Common),17-09-2022,1.00,Metric Tonnes
Andhra Pradesh,West Godavari,Tanuku APMC,Cereals,Paddy(Common),18-09-2022,1.00,Metric Tonnes
Andhra Pradesh,West Godavari,Tanuku APMC,Cereals,Paddy(Common),19-09-2022,1.00,Metric Tonnes
Andhra Pradesh,West Godavari,Tanuku APMC,Cereals,Paddy(Common),20-09-2022,1.00,Metric Tonnes
Andhra Pradesh,West Godavari,Tanuku APMC,Cereals,Paddy(Common),21-09-2022,1.00,Metric Tonnes
Andhra Pradesh,West Godavari,Tanuku APMC,Cereals,Paddy(Common),22-09-2022,1.00,Metric Tonnes
Andhra Pradesh,West Godavari,Tanuku APMC,Cereals,Paddy(Common),23-09-2022,1.00,Metric Tonnes
Andhra Pradesh,West Godavari,Tanuku APMC,Cereals,Paddy(Common),24-09-2022,1.00,Metric Tonnes
Andhra Pradesh,West Godavari,Tanuku APMC,Cereals,Paddy(Common),25-09-2022,1.00,Metric Tonnes
Andhra Pradesh,West Godavari,Tanuku APMC,Cereals,Paddy(Common),26-09-2022,1.00,Metric Tonnes
Andhra Pradesh,West Godavari,Tanuku APMC,Cereals,Paddy(Common),27-09-2022,1.00,Metric Tonnes
Andhra Pradesh,West Godavari,Tanuku APMC,Cereals,Paddy(Common),28-09-2022,1.00,Metric Tonnes
Andhra Pradesh,West Godavari,Tanuku APMC,Cereals,Paddy(Common),29-09-2022,1.00,Metric Tonnes
Andhra Pradesh,West Godavari,Tanuku APMC,Cereals,Paddy(Common),30-09-2022,1.00,Metric Tonnes
Andhra Pradesh,West Godavari,Tanuku APMC,Cereals,Paddy(Common),03-10-2022,1.00,Metric Tonnes
Andhra Pradesh,West Godavari,Tanuku APMC,Cereals,Paddy(Common),04-10-2022,1.00,Metric Tonnes
Andhra Pradesh,West Godavari,Tanuku APMC,Cereals,Paddy(Common),05-10-2022,1.00,Metric Tonnes
Andhra Pradesh,West Godavari,Tanuku APMC,Cereals,Paddy(Common),06-10-2022,1.00,Metric Tonnes
Andhra Pradesh,West Godavari,Tanuku APMC,Cereals,Paddy(Common),07-10-2022,1.00,Metric Tonnes
Andhra Pradesh,West Godavari,Tanuku APMC,Cereals,Paddy(Common),08-10-2022,1.00,Metric Tonnes
Andhra Pradesh,West Godavari,Tanuku APMC,Cereals,Paddy(Common),09-10-2022,1.00,Metric Tonnes
Andhra Pradesh,West Godavari,Tanuku APMC,Cereals,Paddy(Common),10-10-2022,1.00,Metric Tonnes
Andhra Pradesh,West Godavari,Tanuku APMC,Cereals,Paddy(Common),11-10-2022,1.00,Metric Tonnes
Andhra Pradesh,West Godavari,Tanuku APMC,Cereals,Paddy(Common),12-10-2022,1.00,Metric Tonnes
Andhra Pradesh,West Godavari,Tanuku APMC,Cereals,Paddy(Common),13-10-2022,1.00,Metric Tonnes
Andhra Pradesh,West Godavari,Tanuku APMC,Cereals,Paddy(Common),14-10-2022,1.00,Metric Tonnes
Andhra Pradesh,West Godavari,Tanuku APMC,Cereals,Paddy(Common),15-10-2022,1.00,Metric Tonnes
Andhra Pradesh,West Godavari,Tanuku APMC,Cereals,Paddy(Common),16-10-2022,1.00,Metric Tonnes
Andhra Pradesh,West Godavari,Tanuku APMC,Cereals,Paddy(Common),17-10-2022,1.00,Metric Tonnes
Andhra Pradesh,West Godavari,Tanuku APMC,Cereals,Paddy(Common),18-10-2022,1.00,Metric Tonnes
Andhra Pradesh,West Godavari,Tanuku APMC,Cereals,Paddy(Common),19-10-2022,1.00,Metric Tonnes
Andhra Pradesh,West Godavari,Tanuku APMC,Cereals,Paddy(Common),20-10-2022,1.00,Metric Tonnes
Andhra Pradesh,West Godavari,Tanuku APMC,Cereals,Paddy(Common),21-10-2022,1.00,Metric Tonnes
Andhra Pradesh,West Godavari,Tanuku APMC,Cereals,Paddy(Common),22-10-2022,1.00,Metric Tonnes
Andhra Pradesh,West Godavari,Tanuku APMC,Cereals,Paddy(Common),23-10-2022,1.00,Metric Tonnes
Andhra Pradesh,West Godavari,Tanuku APMC,Cereals,Paddy(Common),24-10-2022,1.00,Metric Tonnes
Andhra Pradesh,West Godavari,Tanuku APMC,Cereals,Paddy(Common),25-10-2022,1.00,Metric Tonnes
Andhra Pradesh,West Godavari,Tanuku APMC,Cereals,Paddy(Common),26-10-2022,1.00,Metric Tonnes
Andhra Pradesh,West Godavari,Tanuku APMC,Cereals,Paddy(Common),27-10-2022,1.00,Metric Tonnes
Andhra Pradesh,West Godavari,Tanuku APMC,Cereals,Paddy(Common),28-10-2022,1.00,Metric Tonnes
Andhra Pradesh,West Godavari,Tanuku APMC,Cereals,Paddy(Common),29-10-2022,1.00,Metric Tonnes
Andhra Pradesh,West Godavari,Tanuku APMC,Cereals,Paddy(Common),30-10-2022,1.00,Metric Tonnes
Andhra Pradesh,West Godavari,Tanuku APMC,Cereals,Paddy(Common),31-10-2022,1.00,Metric Tonnes
Andhra Pradesh,West Godavari,Tanuku APMC,Cereals,Paddy(Common),01-11-2022,1.00,Metric Tonnes
Andhra Pradesh,West Godavari,Tanuku APMC,Cereals,Paddy(Common),02-11-2022,1.00,Metric Tonnes
Andhra Pradesh,West Godavari,Tanuku APMC,Cereals,Paddy(Common),03-11-2022,1.00,Metric Tonnes
Andhra Pradesh,West Godavari,Tanuku APMC,Cereals,Paddy(Common),04-11-2022,1.00,Metric Tonnes
Andhra Pradesh,West Godavari,Tanuku APMC,Cereals,Paddy(Common),05-11-2022,1.00,Metric Tonnes
Andhra Pradesh,West Godavari,Tanuku APMC,Cereals,Paddy(Common),06-11-2022,1.00,Metric Tonnes
Andhra Pradesh,West Godavari,Tanuku APMC,Cereals,Paddy(Common),07-11-2022,1.00,Metric Tonnes
Andhra Pradesh,West Godavari,Tanuku APMC,Cereals,Paddy(Common),08-11-2022,1.00,Metric Tonnes
Andhra Pradesh,West Godavari,Tanuku APMC,Cereals,Paddy(Common),09-11-2022,1.00,Metric Tonnes
Andhra Pradesh,West Godavari,Tanuku APMC,Cereals,Paddy(Common),10-11-2022,1.00,Metric Tonnes
Andhra Pradesh,West Godavari,Tanuku APMC,Cereals,Paddy(Common),16-11-2022,1.00,Metric Tonnes
Andhra Pradesh,West Godavari,Tanuku APMC,Cereals,Paddy(Common),17-11-2022,1.00,Metric Tonnes
Andhra Pradesh,West Godavari,Tanuku APMC,Cereals,Paddy(Common),18-11-2022,1.00,Metric Tonnes
Andhra Pradesh,West Godavari,Tanuku APMC,Cereals,Paddy(Common),19-11-2022,1.00,Metric Tonnes
Andhra Pradesh,West Godavari,Tanuku APMC,Cereals,Paddy(Common),21-11-2022,1.00,Metric Tonnes
Andhra Pradesh,West Godavari,Tanuku APMC,Cereals,Paddy(Common),22-11-2022,1.00,Metric Tonnes
Andhra Pradesh,West Godavari,Tanuku APMC,Cereals,Paddy(Common),23-11-2022,1.00,Metric Tonnes
Andhra Pradesh,West Godavari,Tanuku APMC,Cereals,Paddy(Common),24-11-2022,1.00,Metric Tonnes
Andhra Pradesh,West Godavari,Tanuku APMC,Cereals,Paddy(Common),25-11-2022,1.00,Metric Tonnes
Andhra Pradesh,West Godavari,Tanuku APMC,Cereals,Paddy(Common),26-11-2022,1.00,Metric Tonnes
Andhra Pradesh,West Godavari,Tanuku APMC,Cereals,Paddy(Common),27-11-2022,1.00,Metric Tonnes
Andhra Pradesh,West Godavari,Tanuku APMC,Cereals,Paddy(Common),28-11-2022,1.00,Metric Tonnes
Andhra Pradesh,West Godavari,Tanuku APMC,Cereals,Paddy(Common),29-11-2022,1.00,Metric Tonnes
Andhra Pradesh,West Godavari,Tanuku APMC,Cereals,Paddy(Common),30-11-2022,1.00,Metric Tonnes
Andhra Pradesh,West Godavari,Tanuku APMC,Cereals,Paddy(Common),01-12-2022,1.00,Metric Tonnes
Andhra Pradesh,West Godavari,Tanuku APMC,Cereals,Paddy(Common),02-12-2022,1.00,Metric Tonnes
Andhra Pradesh,West Godavari,Tanuku APMC,Cereals,Paddy(Common),03-12-2022,1.00,Metric Tonnes
Andhra Pradesh,West Godavari,Tanuku APMC,Cereals,Paddy(Common),04-12-2022,1.00,Metric Tonnes
Andhra Pradesh,West Godavari,Tanuku APMC,Cereals,Paddy(Common),05-12-2022,1.00,Metric Tonnes
Andhra Pradesh,West Godavari,Tanuku APMC,Cereals,Paddy(Common),06-12-2022,1.00,Metric Tonnes
Andhra Pradesh,West Godavari,Tanuku APMC,Cereals,Paddy(Common),07-12-2022,1.00,Metric Tonnes
Andhra Pradesh,West Godavari,Tanuku APMC,Cereals,Paddy(Common),10-12-2022,1.00,Metric Tonnes
Andhra Pradesh,West Godavari,Tanuku APMC,Cereals,Paddy(Common),11-12-2022,1.00,Metric Tonnes
Andhra Pradesh,West Godavari,Tanuku APMC,Cereals,Paddy(Common),12-12-2022,1.00,Metric Tonnes
Andhra Pradesh,West Godavari,Tanuku APMC,Cereals,Paddy(Common),13-12-2022,1.00,Metric Tonnes
Andhra Pradesh,West Godavari,Tanuku APMC,Cereals,Paddy(Common),14-12-2022,1.00,Metric Tonnes
Andhra Pradesh,West Godavari,Tanuku APMC,Cereals,Paddy(Common),15-12-2022,1.00,Metric Tonnes
Andhra Pradesh,West Godavari,Tanuku APMC,Cereals,Paddy(Common),16-12-2022,1.00,Metric Tonnes
Andhra Pradesh,West Godavari,Tanuku APMC,Cereals,Paddy(Common),17-12-2022,1.00,Metric Tonnes
Andhra Pradesh,West Godavari,Tanuku APMC,Cereals,Paddy(Common),18-12-2022,1.00,Metric Tonnes
Andhra Pradesh,West Godavari,Tanuku APMC,Cereals,Paddy(Common),19-12-2022,1.00,Metric Tonnes
Andhra Pradesh,West Godavari,Tanuku APMC,Cereals,Paddy(Common),20-12-2022,1.00,Metric Tonnes
Andhra Pradesh,West Godavari,Tanuku APMC,Cereals,Paddy(Common),21-12-2022,1.00,Metric Tonnes
Andhra Pradesh,West Godavari,Tanuku APMC,Cereals,Paddy(Common),22-12-2022,1.00,Metric Tonnes
Andhra Pradesh,West Godavari,Tanuku APMC,Cereals,Paddy(Common),23-12-2022,1.00,Metric Tonnes
Andhra Pradesh,West Godavari,Tanuku APMC,Cereals,Paddy(Common),24-12-2022,1.00,Metric Tonnes
Andhra Pradesh,West Godavari,Tanuku APMC,Cereals,Paddy(Common),25-12-2022,1.00,Metric Tonnes
Andhra Pradesh,West Godavari,Tanuku APMC,Cereals,Paddy(Common),26-12-2022,1.00,Metric Tonnes
Andhra Pradesh,West Godavari,Tanuku APMC,Cereals,Paddy(Common),27-12-2022,1.00,Metric Tonnes
Andhra Pradesh,West Godavari,Tanuku APMC,Cereals,Paddy(Common),28-12-2022,1.00,Metric Tonnes
Andhra Pradesh,West Godavari,Tanuku APMC,Cereals,Paddy(Common),29-12-2022,1.00,Metric Tonnes
Andhra Pradesh,West Godavari,Tanuku APMC,Cereals,Paddy(Common),30-12-2022,1.00,Metric Tonnes
Andhra Pradesh,West Godavari,Tanuku APMC,Cereals,Paddy(Common),31-12-2022,1.00,Metric Tonnes
Andhra Pradesh,West Godavari,Tanuku APMC,Cereals,Paddy(Common),02-01-2023,1.00,Metric Tonnes
Andhra Pradesh,West Godavari,Tanuku APMC,Cereals,Paddy(Common),03-01-2023,1.00,Metric Tonnes
Andhra Pradesh,West Godavari,Tanuku APMC,Cereals,Paddy(Common),04-01-2023,1.00,Metric Tonnes
Andhra Pradesh,West Godavari,Tanuku APMC,Cereals,Paddy(Common),05-01-2023,1.00,Metric Tonnes
Andhra Pradesh,West Godavari,Tanuku APMC,Cereals,Paddy(Common),07-01-2023,1.00,Metric Tonnes
Andhra Pradesh,West Godavari,Tanuku APMC,Cereals,Paddy(Common),08-01-2023,1.00,Metric Tonnes
Andhra Pradesh,West Godavari,Tanuku APMC,Cereals,Paddy(Common),09-01-2023,1.00,Metric Tonnes
Andhra Pradesh,West Godavari,Tanuku APMC,Cereals,Paddy(Common),10-01-2023,1.00,Metric Tonnes
Andhra Pradesh,West Godavari,Tanuku APMC,Cereals,Paddy(Common),11-01-2023,1.00,Metric Tonnes
Andhra Pradesh,West Godavari,Tanuku APMC,Cereals,Paddy(Common),12-01-2023,1.00,Metric Tonnes
Andhra Pradesh,West Godavari,Tanuku APMC,Cereals,Paddy(Common),13-01-2023,1.00,Metric Tonnes
Andhra Pradesh,West Godavari,Tanuku APMC,Cereals,Paddy(Common),21-01-2023,1.00,Metric Tonnes
Andhra Pradesh,West Godavari,Tanuku APMC,Cereals,Paddy(Common),22-01-2023,1.00,Metric Tonnes
Andhra Pradesh,West Godavari,Tanuku APMC,Cereals,Paddy(Common),24-01-2023,1.00,Metric Tonnes
Andhra Pradesh,West Godavari,Tanuku APMC,Cereals,Paddy(Common),25-01-2023,1.00,Metric Tonnes
Andhra Pradesh,West Godavari,Tanuku APMC,Cereals,Paddy(Common),26-01-2023,1.00,Metric Tonnes
Andhra Pradesh,West Godavari,Tanuku APMC,Cereals,Paddy(Common),27-01-2023,1.00,Metric Tonnes
Andhra Pradesh,West Godavari,Tanuku APMC,Cereals,Paddy(Common),28-01-2023,1.00,Metric Tonnes
Andhra Pradesh,West Godavari,Tanuku APMC,Cereals,Paddy(Common),29-01-2023,1.00,Metric Tonnes
Andhra Pradesh,West Godavari,Tanuku APMC,Cereals,Paddy(Common),30-01-2023,1.00,Metric Tonnes
Andhra Pradesh,West Godavari,Tanuku APMC,Cereals,Paddy(Common),31-01-2023,1.00,Metric Tonnes
Andhra Pradesh,West Godavari,Tanuku APMC,Cereals,Paddy(Common),04-02-2023,1.00,Metric Tonnes
Andhra Pradesh,West Godavari,Tanuku APMC,Cereals,Paddy(Common),05-02-2023,1.00,Metric Tonnes
Andhra Pradesh,West Godavari,Tanuku APMC,Cereals,Paddy(Common),06-02-2023,1.00,Metric Tonnes
Andhra Pradesh,West Godavari,Tanuku APMC,Cereals,Paddy(Common),07-02-2023,1.00,Metric Tonnes
Andhra Pradesh,West Godavari,Tanuku APMC,Cereals,Paddy(Common),12-02-2023,1.00,Metric Tonnes
Andhra Pradesh,West Godavari,Tanuku APMC,Cereals,Paddy(Common),13-02-2023,1.00,Metric Tonnes
Andhra Pradesh,West Godavari,Tanuku APMC,Cereals,Paddy(Common),14-02-2023,1.00,Metric Tonnes
Andhra Pradesh,West Godavari,Tanuku APMC,Cereals,Paddy(Common),15-02-2023,1.00,Metric Tonnes
Andhra Pradesh,West Godavari,Tanuku APMC,Cereals,Paddy(Common),16-02-2023,1.00,Metric Tonnes
Andhra Pradesh,West Godavari,Tanuku APMC,Cereals,Paddy(Common),18-02-2023,1.00,Metric Tonnes
Andhra Pradesh,West Godavari,Tanuku APMC,Cereals,Paddy(Common),19-02-2023,1.00,Metric Tonnes
Andhra Pradesh,West Godavari,Tanuku APMC,Cereals,Paddy(Common),20-02-2023,1.00,Metric Tonnes
Andhra Pradesh,West Godavari,Tanuku APMC,Cereals,Paddy(Common),21-02-2023,1.00,Metric Tonnes
Andhra Pradesh,West Godavari,Tanuku APMC,Cereals,Paddy(Common),22-02-2023,1.00,Metric Tonnes
Andhra Pradesh,West Godavari,Tanuku APMC,Cereals,Paddy(Common),23-02-2023,1.00,Metric Tonnes
Andhra Pradesh,West Godavari,Tanuku APMC,Cereals,Paddy(Common),24-02-2023,1.00,Metric Tonnes
Andhra Pradesh,West Godavari,Tanuku APMC,Cereals,Paddy(Common),25-02-2023,1.00,Metric Tonnes
Andhra Pradesh,West Godavari,Tanuku APMC,Cereals,Paddy(Common),27-02-2023,1.00,Metric Tonnes
Andhra Pradesh,West Godavari,Tanuku APMC,Cereals,Paddy(Common),28-02-2023,1.00,Metric Tonnes
Andhra Pradesh,West Godavari,Tanuku APMC,Cereals,Paddy(Common),01-03-2023,1.00,Metric Tonnes
Andhra Pradesh,West Godavari,Tanuku APMC,Cereals,Paddy(Common),02-03-2023,1.00,Metric Tonnes
Andhra Pradesh,West Godavari,Tanuku APMC,Cereals,Paddy(Common),03-03-2023,1.00,Metric Tonnes
Andhra Pradesh,West Godavari,Tanuku APMC,Cereals,Paddy(Common),04-03-2023,1.00,Metric Tonnes
Andhra Pradesh,West Godavari,Tanuku APMC,Cereals,Paddy(Common),05-03-2023,1.00,Metric Tonnes
Andhra Pradesh,West Godavari,Tanuku APMC,Cereals,Paddy(Common),06-03-2023,1.00,Metric Tonnes
Andhra Pradesh,West Godavari,Tanuku APMC,Cereals,Paddy(Common),10-03-2023,1.00,Metric Tonnes
Andhra Pradesh,West Godavari,Tanuku APMC,Cereals,Paddy(Common),11-03-2023,1.00,Metric Tonnes
Andhra Pradesh,West Godavari,Tanuku APMC,Cereals,Paddy(Common),12-03-2023,1.00,Metric Tonnes
Andhra Pradesh,West Godavari,Tanuku APMC,Cereals,Paddy(Common),13-03-2023,1.00,Metric Tonnes
Andhra Pradesh,West Godavari,Tanuku APMC,Cereals,Paddy(Common),26-03-2023,1.00,Metric Tonnes
Andhra Pradesh,West Godavari,Tanuku APMC,Cereals,Paddy(Common),27-03-2023,1.00,Metric Tonnes
Andhra Pradesh,West Godavari,Tanuku APMC,Cereals,Paddy(Common),28-03-2023,1.00,Metric Tonnes
Andhra Pradesh,West Godavari,Tanuku APMC,Cereals,Paddy(Common),07-04-2023,1.00,Metric Tonnes
Andhra Pradesh,West Godavari,Tanuku APMC,Cereals,Paddy(Common),08-04-2023,1.00,Metric Tonnes
Andhra Pradesh,West Godavari,Tanuku APMC,Cereals,Paddy(Common),09-04-2023,1.00,Metric Tonnes
Andhra Pradesh,West Godavari,Tanuku APMC,Cereals,Paddy(Common),10-04-2023,1.00,Metric Tonnes
Andhra Pradesh,West Godavari,Tanuku APMC,Cereals,Paddy(Common),11-04-2023,1.00,Metric Tonnes
Andhra Pradesh,West Godavari,Tanuku APMC,Cereals,Paddy(Common),12-04-2023,1.00,Metric Tonnes
Andhra Pradesh,West Godavari,Tanuku APMC,Cereals,Paddy(Common),13-04-2023,1.00,Metric Tonnes
Andhra Pradesh,West Godavari,Tanuku APMC,Cereals,Paddy(Common),14-04-2023,1.00,Metric Tonnes
Andhra Pradesh,West Godavari,Tanuku APMC,Cereals,Paddy(Common),15-04-2023,1.00,Metric Tonnes
Andhra Pradesh,West Godavari,Tanuku APMC,Cereals,Paddy(Common),16-04-2023,1.00,Metric Tonnes
Andhra Pradesh,West Godavari,Tanuku APMC,Cereals,Paddy(Common),17-04-2023,1.00,Metric Tonnes
Andhra Pradesh,West Godavari,Tanuku APMC,Cereals,Paddy(Common),18-04-2023,1.00,Metric Tonnes
Andhra Pradesh,West Godavari,Tanuku APMC,Cereals,Paddy(Common),19-04-2023,1.00,Metric Tonnes
Andhra Pradesh,West Godavari,Tanuku APMC,Cereals,Paddy(Common),20-04-2023,1.00,Metric Tonnes
Andhra Pradesh,West Godavari,Tanuku APMC,Cereals,Paddy(Common),21-04-2023,1.00,Metric Tonnes
Andhra Pradesh,West Godavari,Tanuku APMC,Cereals,Paddy(Common),22-04-2023,1.00,Metric Tonnes
Andhra Pradesh,West Godavari,Tanuku APMC,Cereals,Paddy(Common),23-04-2023,1.00,Metric Tonnes
Andhra Pradesh,West Godavari,Tanuku APMC,Cereals,Paddy(Common),24-04-2023,1.00,Metric Tonnes
Andhra Pradesh,West Godavari,Tanuku APMC,Cereals,Paddy(Common),29-04-2023,1.00,Metric Tonnes
Andhra Pradesh,West Godavari,Tanuku APMC,Cereals,Paddy(Common),30-04-2023,1.00,Metric Tonnes
Andhra Pradesh,West Godavari,Tanuku APMC,Cereals,Paddy(Common),01-05-2023,1.00,Metric Tonnes
Andhra Pradesh,West Godavari,Tanuku APMC,Cereals,Paddy(Common),02-05-2023,1.00,Metric Tonnes
Andhra Pradesh,West Godavari,Tanuku APMC,Cereals,Paddy(Common),03-05-2023,1.00,Metric Tonnes
Andhra Pradesh,West Godavari,Tanuku APMC,Cereals,Paddy(Common),04-05-2023,1.00,Metric Tonnes
Andhra Pradesh,West Godavari,Tanuku APMC,Cereals,Paddy(Common),05-05-2023,1.00,Metric Tonnes
Andhra Pradesh,West Godavari,Tanuku APMC,Cereals,Paddy(Common),15-05-2023,1.00,Metric Tonnes
Andhra Pradesh,West Godavari,Tanuku APMC,Cereals,Paddy(Common),16-05-2023,1.00,Metric Tonnes
Andhra Pradesh,West Godavari,Tanuku APMC,Cereals,Paddy(Common),17-05-2023,1.00,Metric Tonnes
Andhra Pradesh,West Godavari,Tanuku APMC,Cereals,Paddy(Common),18-05-2023,1.00,Metric Tonnes
Andhra Pradesh,West Godavari,Tanuku APMC,Cereals,Paddy(Common),19-05-2023,1.00,Metric Tonnes
Andhra Pradesh,West Godavari,Tanuku APMC,Cereals,Paddy(Common),20-05-2023,1.00,Metric Tonnes
Andhra Pradesh,West Godavari,Tanuku APMC,Cereals,Paddy(Common),21-05-2023,1.00,Metric Tonnes
Andhra Pradesh,West Godavari,Tanuku APMC,Cereals,Paddy(Common),22-05-2023,1.00,Metric Tonnes
Andhra Pradesh,West Godavari,Tanuku APMC,Cereals,Paddy(Common),23-05-2023,1.00,Metric Tonnes
Andhra Pradesh,West Godavari,Tanuku APMC,Cereals,Paddy(Common),26-05-2023,1.00,Metric Tonnes
Andhra Pradesh,West Godavari,Tanuku APMC,Cereals,Paddy(Common),27-05-2023,1.00,Metric Tonnes
Andhra Pradesh,West Godavari,Tanuku APMC,Cereals,Paddy(Common),28-05-2023,1.00,Metric Tonnes
Andhra Pradesh,West Godavari,Tanuku APMC,Cereals,Paddy(Common),29-05-2023,1.00,Metric Tonnes
Andhra Pradesh,West Godavari,Tanuku APMC,Cereals,Paddy(Common),30-05-2023,1.00,Metric Tonnes
Andhra Pradesh,West Godavari,Tanuku APMC,Cereals,Paddy(Common),31-05-2023,1.00,Metric Tonnes
Andhra Pradesh,West Godavari,Tanuku APMC,Cereals,Paddy(Common),01-06-2023,1.00,Metric Tonnes
Andhra Pradesh,West Godavari,Tanuku APMC,Cereals,Paddy(Common),03-06-2023,1.00,Metric Tonnes
Andhra Pradesh,West Godavari,Tanuku APMC,Cereals,Paddy(Common),04-06-2023,1.00,Metric Tonnes
Andhra Pradesh,West Godavari,Tanuku APMC,Cereals,Paddy(Common),05-06-2023,1.00,Metric Tonnes
Andhra Pradesh,West Godavari,Tanuku APMC,Cereals,Paddy(Common),06-06-2023,1.00,Metric Tonnes
Andhra Pradesh,West Godavari,Tanuku APMC,Cereals,Paddy(Common),12-06-2023,1.00,Metric Tonnes
Andhra Pradesh,West Godavari,Tanuku APMC,Cereals,Paddy(Common),13-06-2023,1.00,Metric Tonnes
Andhra Pradesh,West Godavari,Tanuku APMC,Cereals,Paddy(Common),14-06-2023,1.00,Metric Tonnes
Andhra Pradesh,West Godavari,Tanuku APMC,Cereals,Paddy(Common),15-06-2023,1.00,Metric Tonnes
Andhra Pradesh,West Godavari,Tanuku APMC,Cereals,Paddy(Common),19-06-2023,1.00,Metric Tonnes
Andhra Pradesh,West Godavari,Tanuku APMC,Cereals,Paddy(Common),20-06-2023,1.00,Metric Tonnes
Andhra Pradesh,West Godavari,Tanuku APMC,Cereals,Paddy(Common),21-06-2023,1.00,Metric Tonnes
Andhra Pradesh,West Godavari,Tanuku APMC,Cereals,Paddy(Common),22-06-2023,1.00,Metric Tonnes
Andhra Pradesh,West Godavari,Tanuku APMC,Cereals,Paddy(Common),07-09-2023,1.00,Metric Tonnes
Andhra Pradesh,West Godavari,Tanuku APMC,Cereals,Paddy(Common),08-09-2023,1.00,Metric Tonnes
Andhra Pradesh,West Godavari,Tanuku APMC,Cereals,Paddy(Common),09-09-2023,1.00,Metric Tonnes
Andhra Pradesh,West Godavari,Tanuku APMC,Cereals,Paddy(Common),10-09-2023,1.00,Metric Tonnes
Andhra Pradesh,West Godavari,Tanuku APMC,Cereals,Paddy(Common),11-09-2023,1.00,Metric Tonnes
Andhra Pradesh,West Godavari,Tanuku APMC,Cereals,Paddy(Common),12-09-2023,1.00,Metric Tonnes
Andhra Pradesh,West Godavari,Tanuku APMC,Cereals,Paddy(Common),15-09-2023,1.00,Metric Tonnes
Andhra Pradesh,West Godavari,Tanuku APMC,Cereals,Paddy(Common),16-09-2023,1.00,Metric Tonnes
Andhra Pradesh,West Godavari,Tanuku APMC,Cereals,Paddy(Common),19-09-2023,1.00,Metric Tonnes
Andhra Pradesh,West Godavari,Tanuku APMC,Cereals,Paddy(Common),20-09-2023,1.00,Metric Tonnes
Andhra Pradesh,West Godavari,Tanuku APMC,Cereals,Paddy(Common),25-09-2023,1.00,Metric Tonnes
Andhra Pradesh,West Godavari,Tanuku APMC,Cereals,Paddy(Common),26-09-2023,1.00,Metric Tonnes
Andhra Pradesh,West Godavari,Tanuku APMC,Cereals,Paddy(Common),29-09-2023,1.00,Metric Tonnes
Andhra Pradesh,West Godavari,Tanuku APMC,Cereals,Paddy(Common),30-09-2023,1.00,Metric Tonnes
Andhra Pradesh,West Godavari,Tanuku APMC,Cereals,Paddy(Common),02-10-2023,1.00,Metric Tonnes
Andhra Pradesh,West Godavari,Tanuku APMC,Cereals,Paddy(Common),03-10-2023,1.00,Metric Tonnes
Andhra Pradesh,West Godavari,Tanuku APMC,Cereals,Paddy(Common),06-10-2023,1.00,Metric Tonnes
Andhra Pradesh,West Godavari,Tanuku APMC,Cereals,Paddy(Common),07-10-2023,1.00,Metric Tonnes
Andhra Pradesh,West Godavari,Tanuku APMC,Cereals,Paddy(Common),09-10-2023,1.00,Metric Tonnes
Andhra Pradesh,West Godavari,Tanuku APMC,Cereals,Paddy(Common),10-10-2023,1.00,Metric Tonnes
Andhra Pradesh,West Godavari,Tanuku APMC,Cereals,Paddy(Common),11-10-2023,1.00,Metric Tonnes
Andhra Pradesh,West Godavari,Tanuku APMC,Cereals,Paddy(Common),12-10-2023,1.00,Metric Tonnes
Andhra Pradesh,West Godavari,Tanuku APMC,Cereals,Paddy(Common),13-10-2023,1.00,Metric Tonnes
Andhra Pradesh,West Godavari,Tanuku APMC,Cereals,Paddy(Common),14-10-2023,1.00,Metric Tonnes
Andhra Pradesh,West Godavari,Tanuku APMC,Cereals,Paddy(Common),15-10-2023,1.00,Metric Tonnes
Andhra Pradesh,West Godavari,Tanuku APMC,Cereals,Paddy(Common),16-10-2023,1.00,Metric Tonnes
Andhra Pradesh,West Godavari,Tanuku APMC,Cereals,Paddy(Common),17-10-2023,1.00,Metric Tonnes
Andhra Pradesh,West Godavari,Tanuku APMC,Cereals,Paddy(Common),18-10-2023,1.00,Metric Tonnes
Andhra Pradesh,West Godavari,Tanuku APMC,Cereals,Paddy(Common),20-10-2023,1.00,Metric Tonnes
Andhra Pradesh,West Godavari,Tanuku APMC,Cereals,Paddy(Common),21-10-2023,1.00,Metric Tonnes
Andhra Pradesh,West Godavari,Tanuku APMC,Cereals,Paddy(Common),24-10-2023,1.00,Metric Tonnes
Andhra Pradesh,West Godavari,Tanuku APMC,Cereals,Paddy(Common),25-10-2023,1.00,Metric Tonnes
Andhra Pradesh,West Godavari,Tanuku APMC,Cereals,Paddy(Common),27-10-2023,1.00,Metric Tonnes
Andhra Pradesh,West Godavari,Tanuku APMC,Cereals,Paddy(Common),28-10-2023,1.00,Metric Tonnes
Andhra Pradesh,West Godavari,Tanuku APMC,Cereals,Paddy(Common),29-10-2023,1.00,Metric Tonnes
Andhra Pradesh,West Godavari,Tanuku APMC,Cereals,Paddy(Common),30-10-2023,1.00,Metric Tonnes
Andhra Pradesh,West Godavari,Tanuku APMC,Cereals,Paddy(Common),31-10-2023,1.00,Metric Tonnes
Andhra Pradesh,West Godavari,Tanuku APMC,Cereals,Paddy(Common),01-11-2023,1.00,Metric Tonnes
Andhra Pradesh,West Godavari,Tanuku APMC,Cereals,Paddy(Common),02-11-2023,1.00,Metric Tonnes
Andhra Pradesh,West Godavari,Tanuku APMC,Cereals,Paddy(Common),03-11-2023,1.00,Metric Tonnes
Andhra Pradesh,West Godavari,Tanuku APMC,Cereals,Paddy(Common),04-11-2023,1.00,Metric Tonnes
Andhra Pradesh,West Godavari,Tanuku APMC,Cereals,Paddy(Common),05-11-2023,1.00,Metric Tonnes
Andhra Pradesh,West Godavari,Tanuku APMC,Cereals,Paddy(Common),06-11-2023,1.00,Metric Tonnes
Andhra Pradesh,West Godavari,Tanuku APMC,Cereals,Paddy(Common),09-11-2023,1.00,Metric Tonnes
Andhra Pradesh,West Godavari,Tanuku APMC,Cereals,Paddy(Common),10-11-2023,1.00,Metric Tonnes
Andhra Pradesh,West Godavari,Tanuku APMC,Cereals,Paddy(Common),15-11-2023,1.00,Metric Tonnes
Andhra Pradesh,West Godavari,Tanuku APMC,Cereals,Paddy(Common),16-11-2023,1.00,Metric Tonnes
Andhra Pradesh,West Godavari,Tanuku APMC,Cereals,Paddy(Common),17-11-2023,1.00,Metric Tonnes
Andhra Pradesh,West Godavari,Tanuku APMC,Cereals,Paddy(Common),18-11-2023,1.00,Metric Tonnes
Andhra Pradesh,West Godavari,Tanuku APMC,Cereals,Paddy(Common),19-11-2023,1.00,Metric Tonnes
Andhra Pradesh,West Godavari,Tanuku APMC,Cereals,Paddy(Common),20-11-2023,1.00,Metric Tonnes
Andhra Pradesh,West Godavari,Tanuku APMC,Cereals,Paddy(Common),21-11-2023,1.00,Metric Tonnes
Andhra Pradesh,West Godavari,Tanuku APMC,Cereals,Paddy(Common),22-11-2023,1.00,Metric Tonnes
Andhra Pradesh,West Godavari,Tanuku APMC,Cereals,Paddy(Common),23-11-2023,1.00,Metric Tonnes
Andhra Pradesh,West Godavari,Tanuku APMC,Cereals,Paddy(Common),24-11-2023,1.00,Metric Tonnes
Andhra Pradesh,West Godavari,Tanuku APMC,Cereals,Paddy(Common),25-11-2023,1.00,Metric Tonnes
Andhra Pradesh,West Godavari,Tanuku APMC,Cereals,Paddy(Common),26-11-2023,1.00,Metric Tonnes
Andhra Pradesh,West Godavari,Tanuku APMC,Cereals,Paddy(Common),27-11-2023,1.00,Metric Tonnes
Andhra Pradesh,West Godavari,Tanuku APMC,Cereals,Paddy(Common),28-11-2023,1.00,Metric Tonnes
Andhra Pradesh,West Godavari,Tanuku APMC,Cereals,Paddy(Common),29-11-2023,1.00,Metric Tonnes
Andhra Pradesh,West Godavari,Tanuku APMC,Cereals,Paddy(Common),30-11-2023,1.00,Metric Tonnes
Andhra Pradesh,West Godavari,Tanuku APMC,Cereals,Paddy(Common),01-12-2023,1.00,Metric Tonnes
Andhra Pradesh,West Godavari,Tanuku APMC,Cereals,Paddy(Common),04-12-2023,1.00,Metric Tonnes
Andhra Pradesh,West Godavari,Tanuku APMC,Cereals,Paddy(Common),05-12-2023,1.00,Metric Tonnes
Andhra Pradesh,West Godavari,Tanuku APMC,Cereals,Paddy(Common),06-12-2023,1.00,Metric Tonnes
Andhra Pradesh,West Godavari,Tanuku APMC,Cereals,Paddy(Common),07-12-2023,1.00,Metric Tonnes
Andhra Pradesh,West Godavari,Tanuku APMC,Cereals,Paddy(Common),08-12-2023,1.00,Metric Tonnes
Andhra Pradesh,West Godavari,Tanuku APMC,Cereals,Paddy(Common),09-12-2023,1.00,Metric Tonnes
Andhra Pradesh,West Godavari,Tanuku APMC,Cereals,Paddy(Common),10-12-2023,1.00,Metric Tonnes
Andhra Pradesh,West Godavari,Tanuku APMC,Cereals,Paddy(Common),11-12-2023,1.00,Metric Tonnes
Andhra Pradesh,West Godavari,Tanuku APMC,Cereals,Paddy(Common),12-12-2023,1.00,Metric Tonnes
Andhra Pradesh,West Godavari,Tanuku APMC,Cereals,Paddy(Common),13-12-2023,1.00,Metric Tonnes
Andhra Pradesh,West Godavari,Tanuku APMC,Cereals,Paddy(Common),15-12-2023,1.00,Metric Tonnes
Andhra Pradesh,West Godavari,Tanuku APMC,Cereals,Paddy(Common),16-12-2023,1.00,Metric Tonnes
Andhra Pradesh,West Godavari,Tanuku APMC,Cereals,Paddy(Common),17-12-2023,1.00,Metric Tonnes
Andhra Pradesh,West Godavari,Tanuku APMC,Cereals,Paddy(Common),18-12-2023,1.00,Metric Tonnes
Andhra Pradesh,West Godavari,Tanuku APMC,Cereals,Paddy(Common),26-12-2023,1.00,Metric Tonnes
Andhra Pradesh,West Godavari,Tanuku APMC,Cereals,Paddy(Common),29-12-2023,1.00,Metric Tonnes
Andhra Pradesh,West Godavari,Tanuku APMC,Cereals,Paddy(Common),30-12-2023,1.00,Metric Tonnes
Andhra Pradesh,West Godavari,Tanuku APMC,Cereals,Paddy(Common),23-07-2026,0.10,Metric Tonnes
Andhra Pradesh,West Godavari,Tanuku APMC,Cereals,Paddy(Common),24-07-2026,0.10,Metric Tonnes
Andhra Pradesh,West Godavari,Tanuku APMC,Cereals,Paddy(Common),27-07-2026,0.10,Metric Tonnes
Andhra Pradesh,West Godavari,Tanuku APMC,Cereals,Paddy(Common),28-07-2026,0.10,Metric Tonnes
Andhra Pradesh,West Godavari,Tanuku APMC,Cereals,Paddy(Common),29-07-2026,1.10,Metric Tonnes
Andhra Pradesh,West Godavari,Tanuku APMC,Cereals,Paddy(Common),30-07-2026,1.00,Metric Tonnes
Andhra Pradesh,West Godavari,Tanuku APMC,Cereals,Paddy(Common),31-07-2026,0.10,Metric Tonnes
Andhra Pradesh,West Godavari,Tanuku APMC,Cereals,Paddy(Common),01-08-2026,0.10,Metric Tonnes
Andhra Pradesh,West Godavari,Tanuku APMC,Cereals,Paddy(Common),02-08-2026,0.10,Metric Tonnes
Andhra Pradesh,West Godavari,Tanuku APMC,Cereals,Paddy(Common),03-08-2026,0.10,Metric Tonnes
Andhra Pradesh,West Godavari,Tanuku APMC,Cereals,Paddy(Common),04-08-2026,0.10,Metric Tonnes
Andhra Pradesh,West Godavari,Tanuku APMC,Cereals,Paddy(Common),05-08-2026,0.20,Metric Tonnes
Andhra Pradesh,West Godavari,Tanuku APMC,Cereals,Paddy(Common),07-08-2026,0.10,Metric Tonnes
Andhra Pradesh,West Godavari,Undi APMC,Cereals,Paddy(Common),22-07-2026,0.10,Metric Tonnes
Andhra Pradesh,West Godavari,Undi APMC,Cereals,Paddy(Common),23-07-2026,0.10,Metric Tonnes
Andhra Pradesh,West Godavari,Undi APMC,Cereals,Paddy(Common),24-07-2026,0.10,Metric Tonnes
Andhra Pradesh,West Godavari,Undi APMC,Cereals,Paddy(Common),25-07-2026,0.10,Metric Tonnes
Andhra Pradesh,West Godavari,Undi APMC,Cereals,Paddy(Common),27-07-2026,2.00,Metric Tonnes
Andhra Pradesh,West Godavari,Undi APMC,Cereals,Paddy(Common),28-07-2026,1.00,Metric Tonnes
Andhra Pradesh,West Godavari,Undi APMC,Cereals,Paddy(Common),29-07-2026,1.00,Metric Tonnes
Andhra Pradesh,West Godavari,Undi APMC,Cereals,Paddy(Common),30-07-2026,1.00,Metric Tonnes
Andhra Pradesh,West Godavari,Undi APMC,Cereals,Paddy(Common),31-07-2026,1.00,Metric Tonnes
Andhra Pradesh,West Godavari,Undi APMC,Cereals,Paddy(Common),03-08-2026,1.00,Metric Tonnes
Andhra Pradesh,West Godavari,Undi APMC,Cereals,Paddy(Common),04-08-2026,1.00,Metric Tonnes
Andhra Pradesh,West Godavari,Undi APMC,Cereals,Paddy(Common),05-08-2026,1.00,Metric Tonnes
Andhra Pradesh,West Godavari,Undi APMC,Cereals,Paddy(Common),06-08-2026,1.00,Metric Tonnes
Andhra Pradesh,West Godavari,Undi APMC,Cereals,Paddy(Common),07-08-2026,1.00,Metric Tonnes
Andhra Pradesh,YSR Kadapa,Badvel APMC,Cereals,Paddy(Common),23-07-2026,0.10,Metric Tonnes
Andhra Pradesh,YSR Kadapa,Badvel APMC,Cereals,Paddy(Common),24-07-2026,0.10,Metric Tonnes
Andhra Pradesh,YSR Kadapa,Badvel APMC,Cereals,Paddy(Common),25-07-2026,0.08,Metric Tonnes
Andhra Pradesh,YSR Kadapa,Badvel APMC,Cereals,Paddy(Common),27-07-2026,0.10,Metric Tonnes
Andhra Pradesh,YSR Kadapa,Badvel APMC,Cereals,Paddy(Common),28-07-2026,1.00,Metric Tonnes
Andhra Pradesh,YSR Kadapa,Badvel APMC,Cereals,Paddy(Common),29-07-2026,0.10,Metric Tonnes
Andhra Pradesh,YSR Kadapa,Badvel APMC,Cereals,Paddy(Common),30-07-2026,0.10,Metric Tonnes
Andhra Pradesh,YSR Kadapa,Badvel APMC,Cereals,Paddy(Common),31-07-2026,0.10,Metric Tonnes
Andhra Pradesh,YSR Kadapa,Badvel APMC,Cereals,Paddy(Common),01-08-2026,0.10,Metric Tonnes
Andhra Pradesh,YSR Kadapa,Badvel APMC,Cereals,Paddy(Common),03-08-2026,0.10,Metric Tonnes
Andhra Pradesh,YSR Kadapa,Badvel APMC,Cereals,Paddy(Common),04-08-2026,0.10,Metric Tonnes
Andhra Pradesh,YSR Kadapa,Badvel APMC,Cereals,Paddy(Common),05-08-2026,0.10,Metric Tonnes
Andhra Pradesh,YSR Kadapa,Badvel APMC,Cereals,Paddy(Common),06-08-2026,0.10,Metric Tonnes
Andhra Pradesh,YSR Kadapa,Badvel APMC,Cereals,Paddy(Common),07-08-2026,0.10,Metric Tonnes
Andhra Pradesh,YSR Kadapa,Jammalamadugu APMC,Cereals,Paddy(Common),17-12-2024,20.00,Metric Tonnes
Andhra Pradesh,YSR Kadapa,Kamalapuram APMC,Cereals,Paddy(Common),23-07-2026,0.10,Metric Tonnes
Andhra Pradesh,YSR Kadapa,Kamalapuram APMC,Cereals,Paddy(Common),24-07-2026,0.10,Metric Tonnes
Andhra Pradesh,YSR Kadapa,Kamalapuram APMC,Cereals,Paddy(Common),25-07-2026,0.10,Metric Tonnes
Andhra Pradesh,YSR Kadapa,Kamalapuram APMC,Cereals,Paddy(Common),27-07-2026,0.10,Metric Tonnes
Andhra Pradesh,YSR Kadapa,Kamalapuram APMC,Cereals,Paddy(Common),28-07-2026,0.10,Metric Tonnes
Andhra Pradesh,YSR Kadapa,Kamalapuram APMC,Cereals,Paddy(Common),29-07-2026,0.10,Metric Tonnes
Andhra Pradesh,YSR Kadapa,Kamalapuram APMC,Cereals,Paddy(Common),30-07-2026,0.10,Metric Tonnes
Andhra Pradesh,YSR Kadapa,Kamalapuram APMC,Cereals,Paddy(Common),31-07-2026,0.20,Metric Tonnes
Andhra Pradesh,YSR Kadapa,Kamalapuram APMC,Cereals,Paddy(Common),01-08-2026,0.10,Metric Tonnes
Andhra Pradesh,YSR Kadapa,Kamalapuram APMC,Cereals,Paddy(Common),03-08-2026,0.10,Metric Tonnes
Andhra Pradesh,YSR Kadapa,Kamalapuram APMC,Cereals,Paddy(Common),04-08-2026,0.10,Metric Tonnes
Andhra Pradesh,YSR Kadapa,Kamalapuram APMC,Cereals,Paddy(Common),05-08-2026,0.10,Metric Tonnes
Andhra Pradesh,YSR Kadapa,Kamalapuram APMC,Cereals,Paddy(Common),06-08-2026,0.10,Metric Tonnes
Andhra Pradesh,YSR Kadapa,Kamalapuram APMC,Cereals,Paddy(Common),07-08-2026,0.10,Metric Tonnes
Andhra Pradesh,YSR Kadapa,Mydukur APMC,Cereals,Paddy(Common),22-07-2026,1.00,Metric Tonnes
Andhra Pradesh,YSR Kadapa,Mydukur APMC,Cereals,Paddy(Common),23-07-2026,1.00,Metric Tonnes
Andhra Pradesh,YSR Kadapa,Mydukur APMC,Cereals,Paddy(Common),24-07-2026,0.10,Metric Tonnes
Andhra Pradesh,YSR Kadapa,Mydukur APMC,Cereals,Paddy(Common),25-07-2026,1.00,Metric Tonnes
Andhra Pradesh,YSR Kadapa,Mydukur APMC,Cereals,Paddy(Common),27-07-2026,0.10,Metric Tonnes
Andhra Pradesh,YSR Kadapa,Mydukur APMC,Cereals,Paddy(Common),28-07-2026,0.10,Metric Tonnes
Andhra Pradesh,YSR Kadapa,Mydukur APMC,Cereals,Paddy(Common),29-07-2026,0.10,Metric Tonnes
Andhra Pradesh,YSR Kadapa,Mydukur APMC,Cereals,Paddy(Common),30-07-2026,0.10,Metric Tonnes
Andhra Pradesh,YSR Kadapa,Mydukur APMC,Cereals,Paddy(Common),31-07-2026,0.20,Metric Tonnes
Andhra Pradesh,YSR Kadapa,Mydukur APMC,Cereals,Paddy(Common),01-08-2026,0.10,Metric Tonnes
Andhra Pradesh,YSR Kadapa,Mydukur APMC,Cereals,Paddy(Common),03-08-2026,0.10,Metric Tonnes
Andhra Pradesh,YSR Kadapa,Mydukur APMC,Cereals,Paddy(Common),04-08-2026,0.10,Metric Tonnes
Andhra Pradesh,YSR Kadapa,Mydukur APMC,Cereals,Paddy(Common),05-08-2026,0.10,Metric Tonnes
Andhra Pradesh,YSR Kadapa,Mydukur APMC,Cereals,Paddy(Common),06-08-2026,0.10,Metric Tonnes
Andhra Pradesh,YSR Kadapa,Mydukur APMC,Cereals,Paddy(Common),07-08-2026,0.10,Metric Tonnes
Andhra Pradesh,YSR Kadapa,Proddatur APMC,Cereals,Paddy(Common),18-01-2025,2.00,Metric Tonnes
Andhra Pradesh,YSR Kadapa,Proddatur APMC,Cereals,Paddy(Common),20-01-2025,4.00,Metric Tonnes
Andhra Pradesh,YSR Kadapa,Proddatur APMC,Cereals,Paddy(Common),21-01-2025,20.00,Metric Tonnes
Andhra Pradesh,YSR Kadapa,Proddatur APMC,Cereals,Paddy(Common),22-07-2026,0.10,Metric Tonnes
Andhra Pradesh,YSR Kadapa,Proddatur APMC,Cereals,Paddy(Common),23-07-2026,0.10,Metric Tonnes
Andhra Pradesh,YSR Kadapa,Proddatur APMC,Cereals,Paddy(Common),24-07-2026,0.10,Metric Tonnes
Andhra Pradesh,YSR Kadapa,Proddatur APMC,Cereals,Paddy(Common),25-07-2026,0.10,Metric Tonnes
Andhra Pradesh,YSR Kadapa,Proddatur APMC,Cereals,Paddy(Common),27-07-2026,0.10,Metric Tonnes
Andhra Pradesh,YSR Kadapa,Proddatur APMC,Cereals,Paddy(Common),28-07-2026,0.10,Metric Tonnes
Andhra Pradesh,YSR Kadapa,Proddatur APMC,Cereals,Paddy(Common),29-07-2026,0.10,Metric Tonnes
Andhra Pradesh,YSR Kadapa,Proddatur APMC,Cereals,Paddy(Common),30-07-2026,0.10,Metric Tonnes
Andhra Pradesh,YSR Kadapa,Proddatur APMC,Cereals,Paddy(Common),31-07-2026,0.10,Metric Tonnes
Andhra Pradesh,YSR Kadapa,Proddatur APMC,Cereals,Paddy(Common),01-08-2026,0.10,Metric Tonnes
Andhra Pradesh,YSR Kadapa,Proddatur APMC,Cereals,Paddy(Common),03-08-2026,0.10,Metric Tonnes
Andhra Pradesh,YSR Kadapa,Proddatur APMC,Cereals,Paddy(Common),04-08-2026,0.10,Metric Tonnes
Andhra Pradesh,YSR Kadapa,Proddatur APMC,Cereals,Paddy(Common),05-08-2026,0.10,Metric Tonnes
Andhra Pradesh,YSR Kadapa,Proddatur APMC,Cereals,Paddy(Common),06-08-2026,0.10,Metric Tonnes
Andhra Pradesh,YSR Kadapa,Proddatur APMC,Cereals,Paddy(Common),07-08-2026,0.10,Metric Tonnes

Note:
Weighted Average Price = ∑(arrival quantity * modal price) / ∑arrival quantity

