Market,date,modal_price,min_price,max_price
Chirala,2005-10-05,1600.0,1550,1600
Chirala,2005-10-06,1600.0,1560,1600
Chirala,2005-10-07,1600.0,1560,1600
Chirala,2005-11-26,1670.0,1650,1700
Chirala,2005-11-30,1680.0,1650,1700
Chirala,2005-12-23,1650.0,1600,1700
Chirala,2005-12-24,1650.0,1600,1700
Chirala,2005-12-25,1680.0,1650,1700
Chirala,2005-12-27,1650.0,1620,1700
Chirala,2005-12-28,1650.0,1610,1700
Chirala,2005-12-29,1660.0,1620,1700
Chirala,2006-01-06,1675.0,1600,1700
Chirala,2006-01-09,1650.0,1600,1650
Chirala,2006-01-12,1640.0,1600,1650
Chirala,2006-01-16,1620.0,1600,1650
Chirala,2006-01-17,1620.0,1600,1650
Chirala,2006-01-19,1640.0,1590,1650
Chirala,2006-01-23,1610.0,1550,1650
Chirala,2006-01-25,1630.0,1550,1650
Chirala,2006-01-26,1620.0,1550,1650
Chirala,2006-01-27,1600.0,1540,1640
Chirala,2006-01-30,1675.0,1650,1700
Chirala,2006-01-31,1680.0,1650,1700
Chirala,2006-02-02,1675.0,1650,1700
Chirala,2006-02-03,1675.0,1650,1700
Chirala,2006-02-04,1680.0,1660,1700
Chirala,2006-02-05,1680.0,1650,1700
Chirala,2006-02-06,1690.0,1650,1700
Chirala,2006-02-08,1700.0,1660,1700
Chirala,2006-02-10,1690.0,1650,1700
Chirala,2006-02-13,1700.0,1650,1700
Chirala,2006-02-15,1700.0,1650,1700
Chirala,2006-02-16,1700.0,1650,1700
Chirala,2006-02-17,1700.0,1650,1700
Chirala,2006-02-19,1700.0,1650,1700
Chirala,2006-02-20,1700.0,1650,1700
Chirala,2006-02-21,1700.0,1650,1700
Chirala,2006-02-23,1280.0,1250,1300
Chirala,2006-02-24,1280.0,1250,1300
Chirala,2006-02-25,1280.0,1250,1300
Chirala,2006-03-01,1280.0,1260,1300
Chirala,2006-03-02,1300.0,1260,1300
Chirala,2006-03-03,1300.0,1250,1300
Chirala,2006-03-04,1300.0,1250,1300
Chirala,2006-03-08,1290.0,1260,1300
Chirala,2006-03-10,1280.0,1260,1300
Chirala,2006-03-15,1300.0,1280,1320
Chirala,2006-03-16,1320.0,1300,1350
Chirala,2006-03-18,1320.0,1300,1350
Chirala,2006-03-21,1325.0,1300,1350
Chirala,2006-03-22,1330.0,1300,1350
Chirala,2006-03-23,1330.0,1300,1350
Chirala,2006-03-25,1330.0,1300,1350
Chirala,2006-03-27,1330.0,1300,1350
Chirala,2006-03-28,1330.0,1300,1350
Chirala,2006-03-29,1330.0,1300,1350
Chirala,2006-03-31,1340.0,1300,1350
Chirala,2006-04-01,1340.0,1300,1350
Chirala,2006-04-04,1380.0,1350,1400
Chirala,2006-04-06,1380.0,1360,1400
Chirala,2006-04-10,1400.0,1380,1400
Chirala,2006-04-12,1400.0,1380,1400
Chirala,2006-04-17,1400.0,1380,1400
Chirala,2006-04-21,1400.0,1380,1400
Chirala,2006-04-26,1425.0,1400,1450
Chirala,2006-04-28,1425.0,1400,1450
Chirala,2006-04-29,1475.0,1450,1500
Chirala,2006-05-02,1475.0,1450,1500
Chirala,2006-05-03,1475.0,1450,1500
Chirala,2006-05-09,1525.0,1500,1550
Chirala,2006-05-10,1525.0,1500,1550
Chirala,2006-05-11,1525.0,1500,1550
Chirala,2006-05-15,1530.0,1500,1550
Chirala,2006-05-16,1530.0,1500,1550
Chirala,2006-05-17,1530.0,1500,1550
Chirala,2006-05-18,1530.0,1500,1550
Chirala,2006-05-19,1530.0,1500,1550
Chirala,2006-05-20,1530.0,1500,1550
Chirala,2006-06-30,1550.0,1540,1550
Chirala,2006-07-01,1540.0,1530,1550
Chirala,2006-07-18,1550.0,1540,1550
Chirala,2006-07-25,1550.0,1540,1550
Chirala,2006-07-27,1550.0,1540,1550
Chirala,2006-07-28,1550.0,1540,1550
Chirala,2006-07-31,1550.0,1540,1550
Chirala,2006-08-02,1550.0,1540,1550
Chirala,2006-08-03,1550.0,1540,1550
Chirala,2006-08-04,1550.0,1540,1550
Chirala,2006-08-05,1550.0,1540,1550
Chirala,2006-08-06,1550.0,1540,1550
Chirala,2006-08-07,1550.0,1540,1550
Chirala,2006-08-08,1550.0,1540,1550
Chirala,2006-08-09,1550.0,1540,1550
Chirala,2006-08-10,1550.0,1540,1550
Chirala,2006-08-11,1550.0,1540,1550
Chirala,2006-08-14,1550.0,1540,1560
Chirala,2006-08-18,1550.0,1540,1560
Chirala,2006-08-19,1550.0,1540,1560
Chirala,2006-08-21,1550.0,1540,1560
Chirala,2006-08-23,1575.0,1550,1600
Chirala,2006-08-24,1575.0,1550,1600
Chirala,2006-08-26,1575.0,1550,1600
Chirala,2006-08-28,1575.0,1550,1600
Chirala,2006-08-30,1575.0,1550,1600
Chirala,2006-08-31,1575.0,1550,1600
Chirala,2006-09-01,1575.0,1550,1600
Chirala,2006-09-02,1575.0,1550,1600
Chirala,2006-09-04,1575.0,1550,1600
Chirala,2006-09-08,1575.0,1550,1600
Chirala,2006-09-15,1575.0,1550,1600
Chirala,2006-09-16,1575.0,1550,1600
Chirala,2006-09-18,1575.0,1550,1600
Chirala,2006-09-19,1575.0,1550,1600
Chirala,2006-09-29,1580.0,1560,1600
Chirala,2006-10-07,1590.0,1580,1600
Chirala,2006-10-12,1590.0,1580,1600
Chirala,2006-10-16,1600.0,1580,1620
Chirala,2006-10-19,1600.0,1580,1620
Chirala,2006-10-20,1600.0,1580,1620
Chirala,2006-10-23,1590.0,1580,1600
Chirala,2006-10-26,1590.0,1580,1600
Chirala,2006-10-31,1590.0,1580,1600
Chirala,2006-11-03,1590.0,1580,1600
Chirala,2006-11-04,1590.0,1580,1600
Chirala,2006-11-07,1600.0,1580,1620
Chirala,2006-11-08,1600.0,1580,1620
Chirala,2006-11-13,1600.0,1580,1620
Chirala,2006-11-17,1600.0,1580,1620
Chirala,2006-11-18,1600.0,1580,1620
Chirala,2006-11-22,1600.0,1580,1620
Chirala,2006-11-23,1600.0,1580,1620
Chirala,2006-11-25,1600.0,1580,1620
Chirala,2006-11-29,1600.0,1580,1620
Chirala,2006-11-30,1600.0,1580,1620
Chirala,2006-12-02,1600.0,1580,1620
Chirala,2006-12-04,1600.0,1580,1620
Chirala,2006-12-05,1600.0,1580,1620
Chirala,2006-12-06,1600.0,1580,1620
Chirala,2006-12-08,1600.0,1590,1620
Chirala,2006-12-11,1600.0,1590,1620
Chirala,2006-12-12,1600.0,1590,1620
Chirala,2006-12-22,1590.0,1580,1600
Chirala,2006-12-23,1590.0,1580,1600
Chirala,2006-12-28,1590.0,1580,1600
Chirala,2006-12-30,1590.0,1580,1600
Chirala,2007-01-03,1590.0,1580,1600
Chirala,2007-01-06,1590.0,1580,1600
Chirala,2007-01-08,1575.0,1550,1600
Chirala,2007-01-10,1575.0,1550,1600
Chirala,2007-01-11,1575.0,1550,1600
Chirala,2007-01-17,1625.0,1600,1650
Chirala,2007-01-18,1625.0,1600,1650
Chirala,2007-01-20,1625.0,1600,1650
Chirala,2007-01-22,1625.0,1600,1650
Chirala,2007-01-23,1575.0,1550,1600
Chirala,2007-01-26,1575.0,1550,1600
Chirala,2007-01-31,1575.0,1550,1600
Chirala,2007-02-02,1575.0,1550,1600
Chirala,2007-02-03,1575.0,1550,1600
Chirala,2007-02-06,1575.0,1550,1600
Chirala,2007-02-07,1575.0,1550,1600
Chirala,2007-02-08,1575.0,1550,1600
Chirala,2007-02-12,1575.0,1550,1600
Chirala,2007-02-15,1575.0,1550,1600
Chirala,2007-02-19,1575.0,1550,1600
Chirala,2007-02-20,1575.0,1550,1600
Chirala,2007-02-23,1575.0,1550,1600
Chirala,2007-02-28,1575.0,1550,1600
Chirala,2007-03-05,1575.0,1550,1600
Chirala,2007-03-06,1575.0,1550,1600
Chirala,2007-03-07,1575.0,1550,1600
Chirala,2007-03-12,1575.0,1550,1600
Chirala,2007-03-13,1575.0,1550,1600
Chirala,2007-03-15,1575.0,1550,1600
Chirala,2007-03-17,1575.0,1550,1600
Chirala,2007-03-18,1575.0,1550,1600
Chirala,2007-03-19,1575.0,1550,1600
Chirala,2007-03-20,1575.0,1550,1600
Chirala,2007-03-21,1575.0,1550,1600
Chirala,2007-03-22,1575.0,1550,1600
Chirala,2007-03-26,1575.0,1550,1600
Chirala,2007-03-29,1575.0,1550,1600
Chirala,2007-04-05,1575.0,1550,1600
Chirala,2007-04-09,1575.0,1550,1600
Chirala,2007-04-13,1575.0,1550,1600
Chirala,2007-04-17,1575.0,1550,1600
Chirala,2007-04-19,1575.0,1550,1600
Chirala,2007-04-21,1575.0,1550,1600
Chirala,2007-04-23,1575.0,1550,1600
Chirala,2007-04-24,1575.0,1550,1600
Chirala,2007-04-25,1625.0,1600,1650
Chirala,2007-04-30,1325.0,1300,1350
Chirala,2007-05-02,1325.0,1300,1350
Chirala,2007-05-04,1325.0,1300,1350
Chirala,2007-05-07,1325.0,1300,1350
Chirala,2007-05-11,1325.0,1300,1350
Chirala,2007-05-14,1325.0,1300,1350
Chirala,2007-05-21,1350.0,1300,1400
Chirala,2007-05-28,1350.0,1300,1400
Chirala,2007-05-30,1350.0,1300,1400
Chirala,2007-05-31,1350.0,1300,1400
Chirala,2007-06-01,1350.0,1300,1400
Chirala,2007-06-02,1350.0,1300,1400
Chirala,2007-06-05,1350.0,1300,1400
Chirala,2007-06-08,1350.0,1300,1400
Chirala,2007-06-12,1475.0,1450,1500
Chirala,2007-06-13,1475.0,1450,1500
Chirala,2007-06-14,1475.0,1450,1500
Chirala,2007-06-16,1475.0,1450,1500
Chirala,2007-06-18,1475.0,1450,1500
Chirala,2007-06-23,1475.0,1450,1500
Chirala,2007-06-28,1475.0,1450,1500
Chirala,2007-06-29,1475.0,1450,1500
Chirala,2007-06-30,1475.0,1450,1500
Chirala,2007-07-02,1475.0,1450,1500
Chirala,2007-07-03,1475.0,1450,1500
Chirala,2007-07-04,1475.0,1450,1500
Chirala,2007-07-05,1475.0,1450,1500
Chirala,2007-07-06,1475.0,1450,1500
Chirala,2007-07-07,1475.0,1450,1500
Chirala,2007-07-09,1475.0,1450,1500
Chirala,2007-07-10,1475.0,1450,1500
Chirala,2007-07-12,1475.0,1450,1500
Chirala,2007-07-17,1425.0,1400,1450
Chirala,2007-07-18,1425.0,1400,1450
Chirala,2007-07-19,1425.0,1400,1450
Chirala,2007-07-20,1425.0,1400,1450
Chirala,2007-07-24,1425.0,1400,1450
Chirala,2007-07-25,1425.0,1400,1450
Chirala,2007-07-26,1425.0,1400,1450
Chirala,2007-07-27,1425.0,1400,1450
Chirala,2007-07-28,1425.0,1400,1450
Chirala,2007-07-31,1425.0,1400,1450
Chirala,2007-08-04,1425.0,1400,1450
Chirala,2007-08-06,1425.0,1400,1450
Chirala,2007-08-13,1425.0,1400,1450
Chirala,2007-08-14,1425.0,1400,1450
Chirala,2007-08-15,1425.0,1400,1450
Chirala,2007-08-16,1425.0,1400,1450
Chirala,2007-08-17,1425.0,1400,1450
Chirala,2007-08-21,1425.0,1400,1450
Chirala,2007-08-25,1425.0,1400,1450
Chirala,2007-08-27,1450.0,1400,1500
Chirala,2007-08-29,1450.0,1400,1500
Chirala,2007-08-30,1450.0,1400,1500
Chirala,2007-08-31,1425.0,1400,1450
Chirala,2007-09-01,1425.0,1400,1450
Chirala,2007-09-03,1450.0,1400,1500
Chirala,2007-09-04,1450.0,1400,1500
Chirala,2007-09-05,1450.0,1400,1500
Chirala,2007-09-06,1450.0,1400,1500
Chirala,2007-09-07,1450.0,1400,1500
Chirala,2007-09-08,1450.0,1400,1500
Chirala,2007-09-10,1450.0,1400,1500
Chirala,2007-09-11,1450.0,1400,1500
Chirala,2007-09-13,1450.0,1400,1500
Chirala,2007-09-14,1450.0,1400,1500
Chirala,2007-09-17,1450.0,1400,1500
Chirala,2007-09-18,1450.0,1400,1500
Chirala,2007-09-19,1450.0,1400,1500
Chirala,2007-09-20,1450.0,1400,1500
Chirala,2007-09-21,1450.0,1400,1500
Chirala,2007-09-22,1450.0,1400,1500
Chirala,2007-09-27,1450.0,1400,1500
Chirala,2007-09-28,1450.0,1400,1500
Chirala,2007-10-01,1450.0,1400,1500
Chirala,2007-10-02,1450.0,1400,1500
Chirala,2007-10-03,1550.0,1500,1600
Chirala,2007-10-04,1550.0,1500,1600
Chirala,2007-10-05,1550.0,1500,1600
Chirala,2007-10-06,1550.0,1500,1600
Chirala,2007-10-07,1550.0,1500,1600
Chirala,2007-10-08,1550.0,1500,1600
Chirala,2007-10-09,1575.0,1550,1600
Chirala,2007-10-10,1575.0,1550,1600
Chirala,2007-10-11,1575.0,1550,1600
Chirala,2007-10-17,1575.0,1550,1600
Chirala,2007-10-18,1575.0,1550,1600
Chirala,2007-10-23,1575.0,1550,1600
Chirala,2007-10-24,1575.0,1550,1600
Chirala,2007-10-25,1575.0,1550,1600
Chirala,2007-10-26,1575.0,1550,1600
Chirala,2007-10-27,1575.0,1550,1600
Chirala,2007-10-29,1575.0,1550,1600
Chirala,2007-10-30,1575.0,1550,1600
Chirala,2007-10-31,1575.0,1550,1600
Chirala,2007-11-02,1575.0,1550,1600
Chirala,2007-11-03,1575.0,1550,1600
Chirala,2007-11-05,1575.0,1550,1600
Chirala,2007-11-06,1575.0,1550,1600
Chirala,2007-11-07,1575.0,1550,1600
Chirala,2007-11-08,1575.0,1550,1600
Chirala,2007-11-13,1550.0,1500,1600
Chirala,2007-11-14,1550.0,1500,1600
Chirala,2007-11-15,1550.0,1500,1600
Chirala,2007-11-16,1550.0,1500,1600
Chirala,2007-11-17,1550.0,1500,1600
Chirala,2007-11-19,1550.0,1500,1600
Chirala,2007-11-20,1550.0,1500,1600
Chirala,2007-11-21,1550.0,1500,1600
Chirala,2007-11-22,1550.0,1500,1600
Chirala,2007-11-23,1550.0,1500,1600
Chirala,2007-11-24,1550.0,1500,1600
Chirala,2007-11-26,1550.0,1500,1600
Chirala,2007-11-27,1550.0,1500,1600
Chirala,2007-11-28,1550.0,1500,1600
Chirala,2007-11-29,1550.0,1500,1600
Chirala,2007-11-30,1550.0,1500,1600
Chirala,2007-12-01,1550.0,1500,1600
Chirala,2007-12-03,1550.0,1500,1600
Chirala,2007-12-04,1550.0,1500,1600
Chirala,2007-12-05,1550.0,1500,1600
Chirala,2007-12-06,1550.0,1500,1600
Chirala,2007-12-07,1550.0,1500,1600
Chirala,2007-12-08,1550.0,1500,1600
Chirala,2007-12-09,1550.0,1500,1600
Chirala,2007-12-10,1550.0,1500,1600
Chirala,2007-12-11,1550.0,1500,1600
Chirala,2007-12-12,1550.0,1500,1600
Chirala,2007-12-13,1550.0,1500,1600
Chirala,2007-12-14,1550.0,1500,1600
Chirala,2007-12-15,1550.0,1500,1600
Chirala,2007-12-17,1550.0,1500,1600
Chirala,2007-12-18,1550.0,1500,1600
Chirala,2007-12-19,1550.0,1500,1600
Chirala,2007-12-21,1550.0,1500,1600
Chirala,2007-12-22,1550.0,1500,1600
Chirala,2008-01-01,1625.0,1600,1650
Chirala,2008-01-02,1625.0,1600,1650
Chirala,2008-01-04,1625.0,1600,1650
Chirala,2008-01-06,1625.0,1600,1650
Chirala,2008-01-07,1625.0,1600,1650
Chirala,2008-01-08,1625.0,1600,1650
Chirala,2008-01-09,1625.0,1600,1650
Chirala,2008-01-10,1625.0,1600,1650
Chirala,2008-01-11,1650.0,1600,1700
Chirala,2008-01-12,1650.0,1600,1700
Chirala,2008-01-17,1650.0,1600,1700
Chirala,2008-01-18,1650.0,1600,1700
Chirala,2008-01-19,1650.0,1600,1700
Chirala,2008-01-22,1650.0,1600,1700
Chirala,2008-01-24,1650.0,1600,1700
Chirala,2008-01-28,1650.0,1600,1700
Chirala,2008-01-30,1650.0,1600,1700
Chirala,2008-02-01,1650.0,1600,1700
Chirala,2008-02-03,1650.0,1600,1700
Chirala,2008-02-05,1650.0,1600,1700
Chirala,2008-02-06,1650.0,1600,1700
Chirala,2008-02-08,1650.0,1600,1700
Chirala,2008-02-09,1650.0,1600,1700
Chirala,2008-02-12,1650.0,1600,1700
Chirala,2008-02-13,1650.0,1600,1700
Chirala,2008-02-14,1650.0,1600,1700
Chirala,2008-02-15,1650.0,1600,1700
Chirala,2008-02-16,1675.0,1650,1700
Chirala,2008-02-18,1675.0,1650,1725
Chirala,2008-02-19,1700.0,1650,1750
Chirala,2008-02-20,1700.0,1650,1750
Chirala,2008-02-21,1700.0,1650,1750
Chirala,2008-02-22,1700.0,1650,1750
Chirala,2008-02-25,1730.0,1700,1750
Chirala,2008-02-27,1730.0,1700,1750
Chirala,2008-02-29,1750.0,1700,1800
Chirala,2008-03-01,1750.0,1700,1800
Chirala,2008-03-02,1750.0,1700,1800
Chirala,2008-03-03,1750.0,1700,1800
Chirala,2008-03-04,1725.0,1700,1750
Chirala,2008-03-05,1725.0,1700,1750
Chirala,2008-03-07,1725.0,1700,1750
Chirala,2008-03-11,1725.0,1700,1750
Chirala,2008-03-12,1725.0,1700,1750
Chirala,2008-03-13,1725.0,1700,1750
Chirala,2008-03-15,1730.0,1700,1750
Chirala,2008-03-16,1730.0,1700,1750
Chirala,2008-03-17,1730.0,1700,1750
Chirala,2008-03-18,1730.0,1700,1750
Chirala,2008-03-19,1730.0,1700,1750
Chirala,2008-03-20,1730.0,1700,1750
Chirala,2008-03-21,1730.0,1700,1750
Chirala,2008-03-22,1730.0,1700,1750
Chirala,2008-03-24,1730.0,1700,1750
Chirala,2008-03-25,1730.0,1700,1750
Chirala,2008-03-26,1730.0,1700,1750
Chirala,2008-03-30,1730.0,1700,1750
Chirala,2008-03-31,1730.0,1700,1750
Chirala,2008-04-01,1475.0,1450,1500
Chirala,2008-04-02,1475.0,1450,1500
Chirala,2008-04-03,1475.0,1450,1500
Chirala,2008-04-04,1475.0,1450,1500
Chirala,2008-04-06,1475.0,1450,1500
Chirala,2008-04-07,1475.0,1450,1500
Chirala,2008-04-08,1475.0,1450,1500
Chirala,2008-04-09,1475.0,1450,1500
Chirala,2008-04-11,1475.0,1450,1500
Chirala,2008-04-13,1475.0,1450,1500
Chirala,2008-04-15,1475.0,1450,1500
Chirala,2008-04-18,1475.0,1450,1500
Chirala,2008-04-20,1475.0,1450,1500
Chirala,2008-04-21,1475.0,1450,1500
Chirala,2008-04-23,1475.0,1450,1500
Chirala,2008-04-24,1475.0,1450,1500
Chirala,2008-04-25,1475.0,1450,1500
Chirala,2008-04-26,1475.0,1450,1500
Chirala,2008-04-28,1475.0,1450,1500
Chirala,2008-04-29,1475.0,1450,1500
Chirala,2008-05-01,1475.0,1450,1500
Chirala,2008-05-02,1475.0,1450,1500
Chirala,2008-05-03,1475.0,1450,1500
Chirala,2008-05-05,1475.0,1450,1500
Chirala,2008-05-06,1475.0,1450,1500
Chirala,2008-05-07,1475.0,1450,1500
Chirala,2008-05-08,1475.0,1450,1500
Chirala,2008-05-09,1475.0,1450,1500
Chirala,2008-05-10,1475.0,1450,1500
Chirala,2008-05-11,1475.0,1450,1500
Chirala,2008-05-13,1525.0,1500,1550
Chirala,2008-05-14,1525.0,1500,1550
Chirala,2008-05-15,1525.0,1500,1550
Chirala,2008-05-16,1525.0,1500,1550
Chirala,2008-05-17,1525.0,1500,1550
Chirala,2008-05-18,1525.0,1500,1550
Chirala,2008-05-19,1525.0,1500,1550
Chirala,2008-05-20,1525.0,1500,1550
Chirala,2008-05-21,1525.0,1500,1550
Chirala,2008-05-23,1525.0,1500,1550
Chirala,2008-05-24,1575.0,1550,1600
Chirala,2008-05-27,1650.0,1600,1700
Chirala,2008-05-28,1650.0,1600,1700
Chirala,2008-05-29,1650.0,1600,1700
Chirala,2008-05-30,1650.0,1600,1700
Chirala,2008-05-31,1650.0,1600,1700
Chirala,2008-06-01,1650.0,1600,1700
Chirala,2008-06-03,1650.0,1600,1700
Chirala,2008-06-04,1650.0,1600,1700
Chirala,2008-06-05,1650.0,1600,1700
Chirala,2008-06-06,1725.0,1700,1750
Chirala,2008-06-07,1725.0,1700,1750
Chirala,2008-06-09,1725.0,1700,1750
Chirala,2008-06-10,1725.0,1700,1750
Chirala,2008-06-11,1725.0,1700,1750
Chirala,2008-06-12,1725.0,1700,1750
Chirala,2008-06-13,1775.0,1750,1800
Chirala,2008-06-14,1775.0,1750,1800
Chirala,2008-06-17,1775.0,1750,1800
Chirala,2008-06-19,1775.0,1750,1800
Chirala,2008-06-20,1775.0,1750,1800
Chirala,2008-06-21,1775.0,1750,1800
Chirala,2008-06-25,1775.0,1750,1800
Chirala,2008-06-27,1775.0,1750,1800
Chirala,2008-06-28,1775.0,1750,1800
Chirala,2008-07-02,1875.0,1850,1900
Chirala,2008-07-04,1875.0,1850,1900
Chirala,2008-07-05,1875.0,1850,1900
Chirala,2008-07-06,1875.0,1850,1900
Chirala,2008-07-07,1875.0,1850,1900
Chirala,2008-07-08,1875.0,1850,1900
Chirala,2008-07-10,1925.0,1900,1950
Chirala,2008-07-11,1925.0,1900,1950
Chirala,2008-07-13,1925.0,1900,1950
Chirala,2008-07-14,2050.0,2000,2100
Chirala,2008-07-15,2050.0,2000,2100
Chirala,2008-07-16,2050.0,2000,2100
Chirala,2008-07-17,2125.0,2100,2150
Chirala,2008-07-18,2125.0,2100,2150
Chirala,2008-07-19,2200.0,2100,2300
Chirala,2008-07-23,2375.0,2350,2400
Chirala,2008-07-24,2375.0,2350,2400
Chirala,2008-07-25,2375.0,2350,2400
Chirala,2008-07-26,2375.0,2350,2400
Chirala,2008-07-29,2450.0,2400,2500
Chirala,2008-07-30,2450.0,2400,2500
Chirala,2008-08-01,2450.0,2400,2500
Chirala,2008-08-02,2450.0,2400,2500
Chirala,2008-08-03,2450.0,2400,2500
Chirala,2008-08-04,2450.0,2400,2500
Chirala,2008-08-05,2450.0,2400,2500
Chirala,2008-08-06,2450.0,2400,2500
Chirala,2008-08-07,2450.0,2400,2500
Chirala,2008-08-09,2450.0,2400,2500
Chirala,2008-08-13,2350.0,2300,2400
Chirala,2008-08-14,2350.0,2300,2400
Chirala,2008-08-15,2350.0,2300,2400
Chirala,2008-08-16,2350.0,2300,2400
Chirala,2008-08-19,2350.0,2300,2400
Chirala,2008-08-20,2350.0,2300,2400
Chirala,2008-08-22,2250.0,2200,2300
Chirala,2008-08-23,2250.0,2200,2300
Chirala,2008-08-24,2250.0,2200,2300
Chirala,2008-08-25,2225.0,2200,2250
Chirala,2008-08-26,2225.0,2200,2250
Chirala,2008-08-27,2200.0,2100,2250
Chirala,2008-08-28,2200.0,2100,2250
Chirala,2008-08-29,2200.0,2100,2250
Chirala,2008-08-30,2200.0,2100,2250
Chirala,2008-08-31,2200.0,2100,2250
Chirala,2008-09-02,2150.0,2100,2200
Chirala,2008-09-03,2150.0,2100,2200
Chirala,2008-09-04,2150.0,2100,2200
Chirala,2008-09-06,2150.0,2100,2200
Chirala,2008-09-20,2250.0,2200,2300
Chirala,2008-09-22,2250.0,2200,2300
Chirala,2008-09-23,2250.0,2200,2300
Chirala,2008-09-24,2250.0,2200,2300
Chirala,2008-09-25,2250.0,2200,2300
Chirala,2008-09-26,2250.0,2200,2300
Chirala,2008-09-29,2250.0,2200,2300
Chirala,2008-10-01,2250.0,2200,2300
Chirala,2008-10-10,2250.0,2200,2300
Chirala,2008-10-13,2250.0,2200,2300
Chirala,2008-10-14,2250.0,2200,2300
Chirala,2008-10-16,2250.0,2200,2300
Chirala,2008-10-21,2250.0,2200,2300
Chirala,2008-10-22,2150.0,2100,2200
Chirala,2008-10-24,2150.0,2100,2200
Chirala,2008-10-29,2150.0,2100,2200
Chirala,2008-10-31,2150.0,2100,2200
Chirala,2008-11-01,2150.0,2100,2200
Chirala,2008-11-06,2150.0,2100,2200
Chirala,2008-11-07,2150.0,2100,2200
Chirala,2008-11-10,2150.0,2100,2200
Chirala,2008-11-11,2150.0,2100,2200
Chirala,2008-11-25,2150.0,2100,2200
Chirala,2008-11-28,2150.0,2100,2200
Chirala,2008-12-08,2200.0,2100,2300
Chirala,2008-12-11,2375.0,2350,2400
Chirala,2008-12-15,2450.0,2400,2500
Chirala,2008-12-16,2450.0,2400,2500
Chirala,2008-12-17,2450.0,2400,2500
Chirala,2008-12-19,2450.0,2400,2500
Chirala,2008-12-20,2450.0,2400,2500
Chirala,2008-12-22,2450.0,2400,2500
Chirala,2008-12-23,2450.0,2400,2500
Chirala,2008-12-24,2450.0,2400,2500
Chirala,2008-12-26,2450.0,2400,2500
Chirala,2008-12-27,2450.0,2400,2500
Chirala,2008-12-28,2450.0,2400,2500
Chirala,2008-12-30,2550.0,2500,2600
Chirala,2009-01-01,2550.0,2500,2600
Chirala,2009-01-02,2550.0,2500,2600
Chirala,2009-01-03,2550.0,2500,2600
Chirala,2009-01-05,2550.0,2500,2600
Chirala,2009-01-06,2650.0,2600,2700
Chirala,2009-01-07,2650.0,2600,2700
Chirala,2009-01-09,2650.0,2600,2700
Chirala,2009-01-12,2650.0,2600,2700
Chirala,2009-01-15,2650.0,2600,2700
Chirala,2009-01-16,2650.0,2600,2700
Chirala,2009-01-17,2650.0,2600,2700
Chirala,2009-01-21,2650.0,2600,2700
Chirala,2009-01-23,2650.0,2600,2700
Chirala,2009-01-24,2650.0,2600,2700
Chirala,2009-01-27,2650.0,2600,2700
Chirala,2009-01-28,2650.0,2600,2700
Chirala,2009-01-29,2650.0,2600,2700
Chirala,2009-01-30,2650.0,2600,2700
Chirala,2009-01-31,2650.0,2600,2700
Chirala,2009-02-02,2650.0,2600,2700
Chirala,2009-02-03,2650.0,2600,2700
Chirala,2009-02-04,2650.0,2600,2700
Chirala,2009-02-05,2725.0,2700,2750
Chirala,2009-02-06,2725.0,2700,2750
Chirala,2009-02-07,2725.0,2700,2750
Chirala,2009-02-08,2725.0,2700,2750
Chirala,2009-02-09,2725.0,2700,2750
Chirala,2009-02-11,2725.0,2700,2750
Chirala,2009-02-12,2725.0,2700,2750
Chirala,2009-02-13,2725.0,2700,2750
Chirala,2009-02-14,2725.0,2700,2750
Chirala,2009-02-15,2725.0,2700,2750
Chirala,2009-02-16,2725.0,2700,2750
Chirala,2009-02-17,2725.0,2700,2750
Chirala,2009-02-18,2725.0,2700,2750
Chirala,2009-02-19,2725.0,2700,2750
Chirala,2009-02-20,2725.0,2700,2750
Chirala,2009-02-21,2725.0,2700,2750
Chirala,2009-02-23,2725.0,2700,2750
Chirala,2009-02-24,2725.0,2700,2750
Chirala,2009-02-25,2750.0,2700,2800
Chirala,2009-02-26,2750.0,2700,2800
Chirala,2009-02-28,2750.0,2700,2800
Chirala,2009-03-02,2750.0,2700,2800
Chirala,2009-03-04,2750.0,2700,2800
Chirala,2009-03-06,2750.0,2700,2800
Chirala,2009-03-07,2750.0,2700,2800
Chirala,2009-03-08,2750.0,2700,2800
Chirala,2009-03-09,2750.0,2700,2800
Chirala,2009-03-11,2750.0,2700,2800
Chirala,2009-03-12,2750.0,2700,2800
Chirala,2009-03-13,2750.0,2700,2800
Chirala,2009-03-14,2750.0,2700,2800
Chirala,2009-03-15,2750.0,2700,2800
Chirala,2009-03-16,2750.0,2700,2800
Chirala,2009-03-17,2750.0,2700,2800
Chirala,2009-03-18,2750.0,2700,2800
Chirala,2009-03-19,2750.0,2700,2800
Chirala,2009-03-20,2750.0,2700,2800
Chirala,2009-03-21,2750.0,2700,2800
Chirala,2009-03-22,2750.0,2700,2800
Chirala,2009-03-24,2750.0,2700,2800
Chirala,2009-03-26,2750.0,2700,2800
Chirala,2009-03-27,2750.0,2700,2800
Chirala,2009-03-28,2750.0,2700,2800
Chirala,2009-03-29,2750.0,2700,2800
Chirala,2009-03-30,2750.0,2700,2800
Chirala,2009-03-31,2750.0,2700,2800
Chirala,2009-04-02,2250.0,2200,2300
Chirala,2009-04-03,2250.0,2200,2300
Chirala,2009-04-05,2250.0,2200,2300
Chirala,2009-04-06,2250.0,2200,2300
Chirala,2009-04-07,2250.0,2200,2300
Chirala,2009-04-08,2250.0,2200,2300
Chirala,2009-04-09,2250.0,2200,2300
Chirala,2009-04-12,2250.0,2200,2300
Chirala,2009-04-13,2250.0,2200,2300
Chirala,2009-04-15,2350.0,2300,2400
Chirala,2009-04-16,2350.0,2300,2400
Chirala,2009-04-18,2350.0,2300,2400
Chirala,2009-04-19,2350.0,2300,2400
Chirala,2009-04-20,2350.0,2300,2400
Chirala,2009-04-21,2350.0,2300,2400
Chirala,2009-04-22,2350.0,2300,2400
Chirala,2009-04-24,2350.0,2300,2400
Chirala,2009-04-25,2350.0,2300,2400
Chirala,2009-04-27,2350.0,2300,2400
Chirala,2009-04-28,2350.0,2300,2400
Chirala,2009-04-29,2350.0,2300,2400
Chirala,2009-05-01,2450.0,2400,2500
Chirala,2009-05-02,2450.0,2400,2500
Chirala,2009-05-05,2450.0,2400,2500
Chirala,2009-05-08,2425.0,2400,2450
Chirala,2009-05-09,2425.0,2400,2450
Chirala,2009-05-10,2425.0,2400,2450
Chirala,2009-05-12,2425.0,2400,2450
Chirala,2009-05-13,2425.0,2400,2450
Chirala,2009-05-14,2425.0,2400,2450
Chirala,2009-05-15,2425.0,2400,2450
Chirala,2009-05-16,2425.0,2400,2450
Chirala,2009-05-17,2450.0,2400,2500
Chirala,2009-05-18,2450.0,2400,2500
Chirala,2009-05-19,2450.0,2400,2500
Chirala,2009-05-20,2450.0,2400,2500
Chirala,2009-05-21,2450.0,2400,2500
Chirala,2009-05-23,2450.0,2400,2500
Chirala,2009-05-25,2450.0,2400,2500
Chirala,2009-05-26,2450.0,2400,2500
Chirala,2009-05-27,2450.0,2400,2500
Chirala,2009-05-30,2450.0,2400,2500
Chirala,2009-06-01,2450.0,2400,2500
Chirala,2009-06-02,2450.0,2400,2500
Chirala,2009-06-03,2450.0,2400,2500
Chirala,2009-06-04,2450.0,2400,2500
Chirala,2009-06-05,2450.0,2400,2500
Chirala,2009-06-06,2450.0,2400,2500
Chirala,2009-06-07,2450.0,2400,2500
Chirala,2009-06-08,2450.0,2400,2500
Chirala,2009-06-09,2450.0,2400,2500
Chirala,2009-06-10,2450.0,2400,2500
Chirala,2009-06-11,2450.0,2400,2500
Chirala,2009-06-12,2450.0,2400,2500
Chirala,2009-06-16,2450.0,2400,2500
Chirala,2009-06-18,2450.0,2400,2500
Chirala,2009-06-19,2450.0,2400,2500
Chirala,2009-06-20,2450.0,2400,2500
Chirala,2009-06-21,2450.0,2400,2500
Chirala,2009-06-22,2450.0,2400,2500
Chirala,2009-06-23,2500.0,2400,2600
Chirala,2009-06-24,2500.0,2400,2600
Chirala,2009-06-25,2500.0,2400,2600
Chirala,2009-06-26,2500.0,2400,2600
Chirala,2009-06-28,2500.0,2400,2600
Chirala,2009-06-30,2500.0,2400,2600
Chirala,2009-07-01,2500.0,2400,2600
Chirala,2009-07-02,2500.0,2400,2600
Chirala,2009-07-03,2500.0,2400,2600
Chirala,2009-07-04,2500.0,2400,2600
Chirala,2009-07-05,2500.0,2400,2600
Chirala,2009-07-06,2500.0,2400,2600
Chirala,2009-07-07,2500.0,2400,2600
Chirala,2009-07-08,2500.0,2400,2600
Chirala,2009-07-11,2500.0,2400,2600
Chirala,2009-07-12,2500.0,2400,2600
Chirala,2009-07-15,2500.0,2400,2600
Chirala,2009-07-16,2500.0,2400,2600
Chirala,2009-07-17,2500.0,2400,2600
Chirala,2009-07-18,2500.0,2400,2600
Chirala,2009-07-19,2500.0,2400,2600
Chirala,2009-07-20,2500.0,2400,2600
Chirala,2009-07-21,2500.0,2400,2600
Chirala,2009-07-22,2500.0,2400,2600
Chirala,2009-07-23,2500.0,2400,2600
Chirala,2009-07-24,2500.0,2400,2600
Chirala,2009-07-25,2500.0,2400,2600
Chirala,2009-07-26,2500.0,2400,2600
Chirala,2009-07-29,2500.0,2400,2600
Chirala,2009-07-30,2500.0,2400,2600
Chirala,2009-07-31,2500.0,2400,2600
Chirala,2009-08-01,2500.0,2400,2600
Chirala,2009-08-02,2500.0,2400,2600
Chirala,2009-08-03,2500.0,2400,2600
Chirala,2009-08-04,2500.0,2400,2600
Chirala,2009-08-05,2500.0,2400,2600
Chirala,2009-08-06,2500.0,2400,2600
Chirala,2009-08-07,2500.0,2400,2600
Chirala,2009-08-08,2500.0,2400,2600
Chirala,2009-08-09,2500.0,2400,2600
Chirala,2009-08-11,2500.0,2400,2600
Chirala,2009-08-12,2500.0,2400,2600
Chirala,2009-08-13,2500.0,2400,2600
Chirala,2009-08-14,2500.0,2400,2600
Chirala,2009-08-16,2500.0,2400,2600
Chirala,2009-08-17,2500.0,2400,2600
Chirala,2009-08-19,2625.0,2600,2650
Chirala,2009-08-20,2625.0,2600,2650
Chirala,2009-08-25,2675.0,2650,2700
Chirala,2009-08-26,2675.0,2650,2700
Chirala,2009-08-27,2800.0,2700,2900
Chirala,2009-08-29,2800.0,2700,2900
Chirala,2009-08-30,2900.0,2800,3000
Chirala,2009-08-31,2900.0,2800,3000
Chirala,2009-09-01,2900.0,2800,3000
Chirala,2009-09-02,2900.0,2800,3000
Chirala,2009-09-03,2900.0,2800,3000
Chirala,2009-09-04,2950.0,2900,3000
Chirala,2009-09-05,2950.0,2900,3000
Chirala,2009-09-06,2950.0,2900,3000
Chirala,2009-09-07,3050.0,3000,3100
Chirala,2009-09-08,3050.0,3000,3100
Chirala,2009-09-09,3050.0,3000,3100
Chirala,2009-09-10,3050.0,3000,3100
Chirala,2009-09-11,3050.0,3000,3100
Chirala,2009-09-12,3050.0,3000,3100
Chirala,2009-09-13,3050.0,3000,3100
Chirala,2009-09-14,3050.0,3000,3100
Chirala,2009-09-15,3050.0,3000,3100
Chirala,2009-09-16,3050.0,3000,3100
Chirala,2009-09-17,3050.0,3000,3100
Chirala,2009-09-18,3050.0,3000,3100
Chirala,2009-09-19,3050.0,3000,3100
Chirala,2009-09-20,3050.0,3000,3100
Chirala,2009-09-22,3050.0,3000,3100
Chirala,2009-09-23,3050.0,3000,3100
Chirala,2009-09-24,3050.0,3000,3100
Chirala,2009-09-25,3050.0,3000,3100
Chirala,2009-09-26,3050.0,3000,3100
Chirala,2009-09-27,3050.0,3000,3100
Chirala,2009-09-28,3050.0,3000,3100
Chirala,2009-09-30,3050.0,3000,3100
Chirala,2009-10-01,3050.0,3000,3100
Chirala,2009-10-02,3050.0,3000,3100
Chirala,2009-10-03,3050.0,3000,3100
Chirala,2009-10-04,3050.0,3000,3100
Chirala,2009-10-05,3050.0,3000,3100
Chirala,2009-10-06,3050.0,3000,3100
Chirala,2009-10-07,3050.0,3000,3100
Chirala,2009-10-08,3050.0,3000,3100
Chirala,2009-10-09,3050.0,3000,3100
Chirala,2009-10-10,3050.0,3000,3100
Chirala,2009-10-11,3050.0,3000,3100
Chirala,2009-10-12,3050.0,3000,3100
Chirala,2009-10-13,3050.0,3000,3100
Chirala,2009-10-14,3100.0,3000,3200
Chirala,2009-10-15,3100.0,3000,3200
Chirala,2009-10-16,3100.0,3000,3200
Chirala,2009-10-17,3100.0,3000,3200
Chirala,2009-10-18,3100.0,3000,3200
Chirala,2009-10-19,3100.0,3000,3200
Chirala,2009-10-20,3100.0,3000,3200
Chirala,2009-10-21,3100.0,3000,3200
Chirala,2009-10-22,3100.0,3000,3200
Chirala,2009-10-23,3100.0,3000,3250
Chirala,2009-10-24,3100.0,3000,3250
Chirala,2009-10-26,3100.0,3000,3250
Chirala,2009-10-27,3100.0,3000,3250
Chirala,2009-10-28,3100.0,3000,3250
Chirala,2009-10-30,3100.0,3000,3250
Chirala,2009-10-31,3100.0,3000,3250
Chirala,2009-11-01,3100.0,3000,3250
Chirala,2009-11-02,3100.0,3000,3250
Chirala,2009-11-03,3100.0,3000,3250
Chirala,2009-11-04,3150.0,3100,3250
Chirala,2009-11-05,3150.0,3100,3200
Chirala,2009-11-07,3150.0,3100,3200
Chirala,2009-11-08,3150.0,3100,3200
Chirala,2009-11-09,3150.0,3100,3200
Chirala,2009-11-10,3150.0,3100,3200
Chirala,2009-11-13,3150.0,3100,3200
Chirala,2009-11-14,3150.0,3100,3200
Chirala,2009-11-16,3100.0,3000,3150
Chirala,2009-11-17,3100.0,3000,3150
Chirala,2009-11-18,3100.0,3000,3150
Chirala,2009-11-19,3100.0,3000,3150
Chirala,2009-11-20,3100.0,3000,3150
Chirala,2009-11-21,3100.0,3000,3150
Chirala,2009-11-23,3100.0,3000,3150
Chirala,2009-11-24,3100.0,3000,3200
Chirala,2009-11-25,3100.0,3000,3200
Chirala,2009-11-26,3100.0,3000,3200
Chirala,2009-11-27,3100.0,3000,3200
Chirala,2009-11-28,3100.0,3000,3200
Chirala,2009-11-29,3100.0,3000,3200
Chirala,2009-12-01,3100.0,3000,3200
Chirala,2009-12-02,3100.0,3000,3200
Chirala,2009-12-04,3100.0,3000,3200
Chirala,2009-12-05,3100.0,3000,3200
Chirala,2009-12-06,3100.0,3000,3200
Chirala,2009-12-07,3100.0,3000,3200
Chirala,2009-12-08,3100.0,3000,3150
Chirala,2009-12-10,3100.0,3000,3150
Chirala,2009-12-11,3100.0,3000,3150
Chirala,2009-12-12,3100.0,3000,3150
Chirala,2009-12-13,3100.0,3000,3150
Chirala,2009-12-14,3100.0,3000,3150
Chirala,2009-12-15,3100.0,3000,3150
Chirala,2009-12-16,3100.0,3000,3150
Chirala,2009-12-18,3100.0,3000,3150
Chirala,2009-12-19,3100.0,3000,3150
Chirala,2009-12-21,3100.0,3000,3150
Chirala,2009-12-22,3050.0,3000,3100
Chirala,2009-12-23,3050.0,3000,3100
Chirala,2009-12-24,3050.0,3000,3100
Chirala,2009-12-25,3050.0,3000,3100
Chirala,2009-12-26,3050.0,3000,3100
Chirala,2009-12-28,3050.0,3000,3100
Chirala,2009-12-29,3050.0,3000,3100
Chirala,2009-12-30,3050.0,3000,3100
Chirala,2009-12-31,3050.0,3000,3100
Chirala,2010-01-01,3050.0,3000,3100
Chirala,2010-01-02,3050.0,3000,3100
Chirala,2010-01-04,3050.0,3000,3100
Chirala,2010-01-05,3050.0,3000,3100
Chirala,2010-01-06,3050.0,3000,3100
Chirala,2010-01-07,3050.0,3000,3100
Chirala,2010-01-08,3050.0,3000,3100
Chirala,2010-01-09,3050.0,3000,3100
Chirala,2010-01-11,3050.0,3000,3100
Chirala,2010-01-12,3050.0,3000,3100
Chirala,2010-01-13,3050.0,3000,3100
Chirala,2010-01-14,3050.0,3000,3100
Chirala,2010-01-15,3050.0,3000,3100
Chirala,2010-01-16,3050.0,3000,3100
Chirala,2010-01-17,3050.0,3000,3100
Chirala,2010-01-19,3050.0,3000,3100
Chirala,2010-01-20,3050.0,3000,3100
Chirala,2010-01-21,3050.0,3000,3100
Chirala,2010-01-22,3050.0,3000,3100
Chirala,2010-01-23,3050.0,3000,3100
Chirala,2010-01-24,3050.0,3000,3100
Chirala,2010-01-25,3000.0,2950,3050
Chirala,2010-01-26,3000.0,2950,3050
Chirala,2010-01-27,3000.0,2950,3050
Chirala,2010-01-28,3000.0,2950,3050
Chirala,2010-01-29,3000.0,2950,3050
Chirala,2010-01-30,3000.0,2950,3050
Chirala,2010-02-02,3000.0,2950,3050
Chirala,2010-02-03,3000.0,2950,3050
Chirala,2010-02-05,2950.0,2900,3000
Chirala,2010-02-06,2950.0,2900,3000
Chirala,2010-02-08,2950.0,2900,3000
Chirala,2010-02-09,2950.0,2900,3000
Chirala,2010-02-10,2950.0,2900,3000
Chirala,2010-02-15,2950.0,2900,3000
Chirala,2010-02-16,2950.0,2900,3000
Chirala,2010-02-17,2950.0,2900,3000
Chirala,2010-02-18,2950.0,2900,3000
Chirala,2010-02-19,2900.0,2850,2950
Chirala,2010-02-20,2875.0,2800,2950
Chirala,2010-02-22,2900.0,2800,3000
Chirala,2010-02-23,2900.0,2800,3000
Chirala,2010-02-25,2900.0,2800,3000
Chirala,2010-02-26,2850.0,2800,2900
Chirala,2010-03-02,2850.0,2800,2900
Chirala,2010-03-04,2850.0,2800,2900
Chirala,2010-03-06,2850.0,2800,2900
Chirala,2010-03-08,2850.0,2800,2900
Chirala,2010-03-09,2850.0,2800,2900
Chirala,2010-03-10,2850.0,2800,2900
Chirala,2010-03-11,2850.0,2800,2900
Chirala,2010-03-12,2850.0,2800,2900
Chirala,2010-03-17,2850.0,2800,2900
Chirala,2010-03-18,2850.0,2800,2900
Chirala,2010-03-19,2850.0,2800,2900
Chirala,2010-03-20,2850.0,2800,2900
Chirala,2010-03-22,2850.0,2800,2900
Chirala,2010-03-23,2850.0,2800,2900
Chirala,2010-03-25,2850.0,2800,2900
Chirala,2010-03-26,2850.0,2800,2900
Chirala,2010-03-27,2850.0,2800,2900
Chirala,2010-03-29,2850.0,2800,2900
Chirala,2010-04-03,2850.0,2800,2900
Chirala,2010-04-06,2850.0,2800,2900
Chirala,2010-04-07,2850.0,2800,2900
Chirala,2010-04-09,2850.0,2800,2900
Chirala,2010-04-12,2850.0,2800,2900
Chirala,2010-04-13,2850.0,2800,2900
Chirala,2010-04-16,2850.0,2800,2900
Chirala,2010-04-17,2850.0,2800,2900
Chirala,2010-04-19,2500.0,2300,2900
Chirala,2010-04-22,2600.0,2300,2900
Chirala,2010-04-26,2600.0,2300,2900
Chirala,2010-05-03,2500.0,2300,2800
Chirala,2010-05-05,2500.0,2300,2800
Chirala,2010-05-06,2500.0,2300,2800
Chirala,2010-05-07,2600.0,2300,2800
Chirala,2010-05-08,2600.0,2300,2800
Chirala,2010-05-09,2600.0,2300,2800
Chirala,2010-05-10,2600.0,2300,2800
Chirala,2010-05-11,2600.0,2300,2800
Chirala,2010-05-12,2600.0,2300,2800
Chirala,2010-05-14,2600.0,2300,2800
Chirala,2010-05-15,2600.0,2300,2800
Chirala,2010-05-16,2600.0,2300,2800
Chirala,2010-05-17,2600.0,2300,2800
Chirala,2010-05-18,2600.0,2300,2800
Chirala,2010-05-21,2600.0,2300,2800
Chirala,2010-05-22,2600.0,2300,2800
Chirala,2010-05-24,2600.0,2300,2800
Chirala,2010-05-25,2600.0,2300,2800
Chirala,2010-05-26,2600.0,2300,2800
Chirala,2010-05-28,2600.0,2300,2800
Chirala,2010-05-29,2600.0,2300,2800
Chirala,2010-06-02,2600.0,2300,2800
Chirala,2010-06-03,2600.0,2300,2800
Chirala,2010-06-04,2600.0,2300,2800
Chirala,2010-06-09,2600.0,2300,2800
Chirala,2010-06-11,2600.0,2300,2800
Chirala,2010-06-12,2600.0,2300,2800
Chirala,2010-06-14,2600.0,2300,2800
Chirala,2010-06-15,2600.0,2300,2800
Chirala,2010-06-16,2350.0,2300,2400
Chirala,2010-06-17,2350.0,2300,2400
Chirala,2010-06-18,2350.0,2300,2400
Chirala,2010-06-19,2350.0,2300,2400
Chirala,2010-06-21,2350.0,2300,2400
Chirala,2010-06-23,2350.0,2300,2400
Chirala,2010-06-24,2350.0,2300,2400
Chirala,2010-06-30,2325.0,2300,2350
Chirala,2010-07-02,2325.0,2300,2350
Chirala,2010-07-09,2325.0,2300,2350
Chirala,2010-07-10,2325.0,2300,2350
Chirala,2010-07-13,2325.0,2300,2350
Chirala,2010-07-15,2325.0,2300,2350
Chirala,2010-07-16,2325.0,2300,2350
Chirala,2010-07-17,2325.0,2300,2350
Chirala,2010-07-21,2325.0,2300,2350
Chirala,2010-07-23,2325.0,2300,2350
Chirala,2010-07-27,2325.0,2300,2350
Chirala,2010-07-29,2325.0,2300,2350
Chirala,2010-07-30,2250.0,2200,2300
Chirala,2010-08-04,2250.0,2200,2300
Chirala,2010-08-05,2250.0,2200,2300
Chirala,2010-08-06,2250.0,2200,2300
Chirala,2010-08-07,2250.0,2200,2300
Chirala,2010-08-08,2250.0,2200,2300
Chirala,2010-08-10,2250.0,2200,2300
Chirala,2010-08-11,2250.0,2200,2300
Chirala,2010-08-12,2250.0,2200,2300
Chirala,2010-08-13,2250.0,2200,2300
Chirala,2010-08-15,2250.0,2200,2300
Chirala,2010-08-16,2250.0,2200,2300
Chirala,2010-08-17,2250.0,2200,2300
Chirala,2010-08-18,2250.0,2200,2300
Chirala,2010-08-19,2250.0,2200,2300
Chirala,2010-08-20,2250.0,2200,2300
Chirala,2010-08-21,2250.0,2200,2300
Chirala,2010-08-22,2250.0,2200,2300
Chirala,2010-08-24,2250.0,2200,2300
Chirala,2010-08-25,2250.0,2200,2300
Chirala,2010-08-26,2250.0,2200,2300
Chirala,2010-08-27,2250.0,2200,2300
Chirala,2010-08-28,2250.0,2200,2300
Chirala,2010-08-31,2250.0,2200,2300
Chirala,2010-09-01,2250.0,2200,2300
Chirala,2010-09-04,2250.0,2200,2300
Chirala,2010-09-05,2250.0,2200,2300
Chirala,2010-09-06,2250.0,2200,2300
Chirala,2010-09-08,2250.0,2200,2300
Chirala,2010-09-11,2250.0,2200,2300
Chirala,2010-09-13,2250.0,2200,2300
Chirala,2010-09-14,2250.0,2200,2300
Chirala,2010-09-15,2250.0,2200,2300
Chirala,2010-09-16,2250.0,2200,2300
Chirala,2010-09-18,2250.0,2200,2300
Chirala,2010-09-19,2250.0,2200,2300
Chirala,2010-09-20,2250.0,2200,2300
Chirala,2010-09-21,2250.0,2200,2300
Chirala,2010-09-23,2250.0,2200,2300
Chirala,2010-09-24,2250.0,2200,2300
Chirala,2010-09-25,2250.0,2200,2300
Chirala,2010-09-26,2250.0,2200,2300
Chirala,2010-09-27,2250.0,2200,2300
Chirala,2010-09-28,2250.0,2200,2300
Chirala,2010-09-29,2250.0,2200,2300
Chirala,2010-10-01,2250.0,2200,2300
Chirala,2010-10-02,2250.0,2200,2300
Chirala,2010-10-03,2250.0,2200,2300
Chirala,2010-10-04,2250.0,2200,2300
Chirala,2010-10-05,2250.0,2200,2300
Chirala,2010-10-06,2250.0,2200,2300
Chirala,2010-10-07,2250.0,2200,2300
Chirala,2010-10-08,2250.0,2200,2300
Chirala,2010-10-09,2250.0,2200,2300
Chirala,2010-10-10,2250.0,2200,2300
Chirala,2010-10-11,2250.0,2200,2300
Chirala,2010-10-12,2150.0,2100,2200
Chirala,2010-10-13,2150.0,2100,2200
Chirala,2010-10-14,2150.0,2100,2200
Chirala,2010-10-15,2150.0,2100,2200
Chirala,2010-10-16,2150.0,2100,2200
Chirala,2010-10-17,2150.0,2100,2200
Chirala,2010-10-18,2150.0,2100,2200
Chirala,2010-10-19,2150.0,2100,2200
Chirala,2010-10-20,2150.0,2100,2200
Chirala,2010-10-22,2150.0,2100,2200
Chirala,2010-10-23,2150.0,2100,2200
Chirala,2010-10-24,2150.0,2100,2200
Chirala,2010-10-25,2150.0,2100,2200
Chirala,2010-10-26,2150.0,2100,2200
Chirala,2010-10-27,2150.0,2100,2200
Chirala,2010-10-29,2150.0,2100,2200
Chirala,2010-10-30,2150.0,2100,2200
Chirala,2010-11-01,2150.0,2100,2200
Chirala,2010-11-03,2150.0,2100,2200
Chirala,2010-11-04,2150.0,2100,2200
Chirala,2010-11-05,2150.0,2100,2200
Chirala,2010-11-06,2150.0,2100,2200
Chirala,2010-11-07,2150.0,2100,2200
Chirala,2010-11-08,2150.0,2100,2200
Chirala,2010-11-09,2150.0,2100,2200
Chirala,2010-11-10,2150.0,2100,2200
Chirala,2010-11-11,2150.0,2100,2200
Chirala,2010-11-12,2150.0,2100,2200
Chirala,2010-11-13,2150.0,2100,2200
Chirala,2010-11-14,2150.0,2100,2200
Chirala,2010-11-15,2150.0,2100,2200
Chirala,2010-11-16,2150.0,2100,2200
Chirala,2010-11-17,2150.0,2100,2200
Chirala,2010-11-18,2150.0,2100,2200
Chirala,2010-11-19,2150.0,2100,2200
Chirala,2010-11-20,2150.0,2100,2200
Chirala,2010-11-21,2150.0,2100,2200
Chirala,2010-11-22,2150.0,2100,2200
Chirala,2010-11-23,2150.0,2100,2200
Chirala,2010-11-25,2150.0,2100,2200
Chirala,2010-11-27,2150.0,2100,2200
Chirala,2010-11-28,2150.0,2100,2200
Chirala,2010-11-29,2150.0,2100,2200
Chirala,2010-11-30,2150.0,2100,2200
Chirala,2010-12-01,2150.0,2100,2200
Chirala,2010-12-02,2150.0,2100,2200
Chirala,2010-12-03,2150.0,2100,2200
Chirala,2010-12-06,2150.0,2100,2200
Chirala,2010-12-07,2150.0,2100,2200
Chirala,2010-12-08,2150.0,2100,2200
Chirala,2010-12-10,2150.0,2100,2200
Chirala,2010-12-11,2150.0,2100,2200
Chirala,2010-12-12,2150.0,2100,2200
Chirala,2010-12-14,2150.0,2100,2200
Chirala,2010-12-22,2200.0,2150,2250
Chirala,2010-12-23,2200.0,2150,2250
Chirala,2010-12-24,2200.0,2150,2250
Chirala,2010-12-26,2200.0,2150,2250
Chirala,2010-12-27,2200.0,2150,2250
Chirala,2010-12-28,2200.0,2150,2250
Chirala,2011-01-01,2200.0,2150,2250
Chirala,2011-01-02,2200.0,2150,2250
Chirala,2011-01-03,2200.0,2150,2250
Chirala,2011-01-04,2250.0,2200,2300
Chirala,2011-01-06,2250.0,2200,2300
Chirala,2011-01-07,2250.0,2200,2300
Chirala,2011-01-09,2250.0,2200,2300
Chirala,2011-01-10,2250.0,2200,2300
Chirala,2011-01-11,2250.0,2200,2300
Chirala,2011-01-13,2250.0,2200,2300
Chirala,2011-01-15,2250.0,2200,2300
Chirala,2011-01-16,2250.0,2200,2300
Chirala,2011-01-18,2250.0,2200,2300
Chirala,2011-01-20,2250.0,2200,2300
Chirala,2011-01-21,2250.0,2200,2300
Chirala,2011-01-22,2250.0,2200,2300
Chirala,2011-01-24,2250.0,2200,2300
Chirala,2011-01-25,2250.0,2200,2300
Chirala,2011-01-26,2250.0,2200,2300
Chirala,2011-01-28,2250.0,2200,2300
Chirala,2011-01-29,2250.0,2200,2300
Chirala,2011-01-30,2250.0,2200,2300
Chirala,2011-01-31,2250.0,2200,2300
Chirala,2011-02-01,2250.0,2200,2300
Chirala,2011-02-02,2250.0,2200,2300
Chirala,2011-02-03,2250.0,2200,2300
Chirala,2011-02-05,2250.0,2200,2300
Chirala,2011-02-06,2250.0,2200,2300
Chirala,2011-02-09,2200.0,2150,2250
Chirala,2011-02-10,2200.0,2150,2250
Chirala,2011-02-11,2200.0,2150,2250
Chirala,2011-02-12,2200.0,2150,2250
Chirala,2011-02-13,2200.0,2150,2250
Chirala,2011-02-15,2200.0,2150,2250
Chirala,2011-02-16,2200.0,2150,2250
Chirala,2011-02-17,2200.0,2150,2250
Chirala,2011-02-18,2200.0,2150,2250
Chirala,2011-02-20,2200.0,2150,2250
Chirala,2011-02-22,2200.0,2150,2250
Chirala,2011-02-23,2200.0,2150,2250
Chirala,2011-02-25,2200.0,2150,2250
Chirala,2011-03-02,2200.0,2150,2250
Chirala,2011-03-03,2200.0,2150,2250
Chirala,2011-03-04,2200.0,2150,2250
Chirala,2011-03-05,2200.0,2150,2250
Chirala,2011-03-07,2200.0,2150,2250
Chirala,2011-03-08,2200.0,2150,2250
Chirala,2011-03-09,2200.0,2150,2250
Chirala,2011-03-10,2200.0,2150,2250
Chirala,2011-03-11,2150.0,2100,2200
Chirala,2011-03-12,2150.0,2100,2200
Chirala,2011-03-13,2150.0,2100,2200
Chirala,2011-03-14,2150.0,2100,2200
Chirala,2011-03-15,2150.0,2100,2200
Chirala,2011-03-16,2150.0,2100,2200
Chirala,2011-03-18,2150.0,2100,2200
Chirala,2011-03-19,2150.0,2100,2200
Chirala,2011-03-20,2150.0,2100,2200
Chirala,2011-03-21,2150.0,2100,2200
Chirala,2011-03-24,2150.0,2100,2200
Chirala,2011-03-25,2150.0,2100,2200
Chirala,2011-03-26,2150.0,2100,2200
Chirala,2011-03-27,2150.0,2100,2200
Chirala,2011-03-28,2150.0,2100,2200
Chirala,2011-03-29,2150.0,2100,2200
Chirala,2011-04-01,2150.0,2100,2200
Chirala,2011-04-02,2150.0,2100,2200
Chirala,2011-04-03,2150.0,2100,2200
Chirala,2011-04-04,2150.0,2100,2200
Chirala,2011-04-05,2150.0,2100,2200
Chirala,2011-04-06,2150.0,2100,2200
Chirala,2011-04-08,2150.0,2100,2200
Chirala,2011-04-09,2150.0,2100,2200
Chirala,2011-04-10,2150.0,2100,2200
Chirala,2011-04-11,2150.0,2100,2200
Chirala,2011-04-13,2150.0,2100,2200
Chirala,2011-04-14,2150.0,2100,2200
Chirala,2011-04-15,2150.0,2100,2200
Chirala,2011-04-16,2150.0,2100,2200
Chirala,2011-04-17,2150.0,2100,2200
Chirala,2011-04-18,2150.0,2100,2200
Chirala,2011-04-19,2150.0,2100,2200
Chirala,2011-04-20,2150.0,2100,2200
Chirala,2011-04-23,2150.0,2100,2200
Chirala,2011-04-24,2150.0,2100,2200
Chirala,2011-04-25,2150.0,2100,2200
Chirala,2011-04-26,2150.0,2100,2200
Chirala,2011-04-27,2150.0,2100,2200
Chirala,2011-04-28,2150.0,2100,2200
Chirala,2011-04-29,2150.0,2100,2200
Chirala,2011-04-30,2150.0,2100,2200
Chirala,2011-05-01,2150.0,2100,2200
Chirala,2011-05-02,2150.0,2100,2200
Chirala,2011-05-03,2150.0,2100,2200
Chirala,2011-05-04,2150.0,2100,2200
Chirala,2011-05-05,2150.0,2100,2200
Chirala,2011-05-06,2150.0,2100,2200
Chirala,2011-05-08,1950.0,1900,2000
Chirala,2011-05-09,1950.0,1900,2000
Chirala,2011-05-10,1950.0,1900,2000
Chirala,2011-05-11,1950.0,1900,2000
Chirala,2011-05-12,1950.0,1900,2000
Chirala,2011-05-13,1950.0,1900,2000
Chirala,2011-05-14,1950.0,1900,2000
Chirala,2011-05-15,1950.0,1900,2000
Chirala,2011-05-17,1950.0,1900,2000
Chirala,2011-05-18,1950.0,1900,2000
Chirala,2011-05-20,1950.0,1900,2000
Chirala,2011-05-21,1950.0,1900,2000
Chirala,2011-05-22,1950.0,1900,2000
Chirala,2011-05-23,1950.0,1900,2000
Chirala,2011-05-24,1950.0,1900,2000
Chirala,2011-05-25,1950.0,1900,2000
Chirala,2011-05-26,1950.0,1900,2000
Chirala,2011-05-28,1950.0,1900,2000
Chirala,2011-05-29,1950.0,1900,2000
Chirala,2011-05-30,1950.0,1900,2000
Chirala,2011-06-01,2150.0,2100,2200
Chirala,2011-06-02,2150.0,2100,2200
Chirala,2011-06-04,2150.0,2100,2200
Chirala,2011-06-05,2150.0,2100,2200
Chirala,2011-06-06,2150.0,2100,2200
Chirala,2011-06-09,2150.0,2100,2200
Chirala,2011-06-10,2150.0,2100,2200
Chirala,2011-06-11,2150.0,2100,2200
Chirala,2011-06-12,2150.0,2100,2200
Chirala,2011-06-13,2150.0,2100,2200
Chirala,2011-06-15,2450.0,2400,2500
Chirala,2011-06-16,2450.0,2400,2500
Chirala,2011-06-17,2450.0,2400,2500
Chirala,2011-06-18,2450.0,2400,2500
Chirala,2011-06-21,2450.0,2400,2500
Chirala,2011-06-22,2450.0,2400,2500
Chirala,2011-06-23,2450.0,2400,2500
Chirala,2011-06-24,2450.0,2400,2500
Chirala,2011-06-25,2450.0,2400,2500
Chirala,2011-06-26,2450.0,2400,2500
Chirala,2011-06-28,2450.0,2400,2500
Chirala,2011-06-29,2450.0,2400,2500
Chirala,2011-06-30,2450.0,2400,2500
Chirala,2011-07-01,2450.0,2400,2500
Chirala,2011-07-02,2150.0,2100,2200
Chirala,2011-07-05,2150.0,2100,2200
Chirala,2011-07-06,2150.0,2100,2200
Chirala,2011-07-07,2150.0,2100,2200
Chirala,2011-07-08,2150.0,2100,2200
Chirala,2011-07-09,2150.0,2100,2200
Chirala,2011-07-10,2150.0,2100,2200
Chirala,2011-07-11,2150.0,2100,2200
Chirala,2011-07-12,2150.0,2100,2200
Chirala,2011-07-13,2150.0,2100,2200
Chirala,2011-07-14,2150.0,2100,2200
Chirala,2011-07-15,2250.0,2200,2300
Chirala,2011-07-16,2250.0,2200,2300
Chirala,2011-07-17,2250.0,2200,2300
Chirala,2011-07-18,2250.0,2200,2300
Chirala,2011-07-19,2250.0,2200,2300
Chirala,2011-07-20,2250.0,2200,2300
Chirala,2011-07-21,2250.0,2200,2300
Chirala,2011-07-24,2250.0,2200,2300
Chirala,2011-07-25,2250.0,2200,2300
Chirala,2011-07-26,2250.0,2200,2300
Chirala,2011-07-27,2250.0,2200,2300
Chirala,2011-07-28,2250.0,2200,2300
Chirala,2011-08-01,2300.0,2250,2400
Chirala,2011-08-02,2300.0,2250,2400
Chirala,2011-08-03,2300.0,2250,2400
Chirala,2011-08-05,2300.0,2250,2400
Chirala,2011-08-06,2300.0,2250,2400
Chirala,2011-08-08,2300.0,2250,2400
Chirala,2011-08-09,2300.0,2250,2400
Chirala,2011-08-10,2300.0,2250,2400
Chirala,2011-08-11,2300.0,2250,2400
Chirala,2011-08-12,2300.0,2250,2400
Chirala,2011-08-13,2300.0,2250,2400
Chirala,2011-08-14,2300.0,2250,2400
Chirala,2011-08-15,2300.0,2250,2400
Chirala,2011-08-16,2300.0,2250,2400
Chirala,2011-08-18,2300.0,2250,2400
Chirala,2011-08-19,2300.0,2250,2400
Chirala,2011-08-20,2300.0,2250,2400
Chirala,2011-08-21,2300.0,2250,2400
Chirala,2011-08-22,2300.0,2250,2400
Chirala,2011-08-23,2300.0,2250,2400
Chirala,2011-08-24,2300.0,2250,2400
Chirala,2011-08-25,2300.0,2250,2400
Chirala,2011-08-26,2300.0,2250,2400
Chirala,2011-08-27,2300.0,2250,2400
Chirala,2011-08-29,2100.0,2050,2200
Chirala,2011-08-30,2100.0,2050,2200
Chirala,2011-09-01,2100.0,2050,2200
Chirala,2011-09-02,2100.0,2050,2200
Chirala,2011-09-03,2100.0,2050,2200
Chirala,2011-09-05,2100.0,2050,2200
Chirala,2011-09-06,2100.0,2050,2200
Chirala,2011-09-07,2100.0,2050,2200
Chirala,2011-09-08,2100.0,2050,2200
Chirala,2011-09-09,2100.0,2050,2200
Chirala,2011-09-10,2100.0,2050,2200
Chirala,2011-09-12,2100.0,2050,2200
Chirala,2011-09-13,8200.0,7700,8700
Chirala,2011-09-14,2100.0,2050,2200
Chirala,2011-09-15,2100.0,2050,2200
Chirala,2011-09-16,2100.0,2050,2200
Chirala,2011-09-18,2100.0,2050,2200
Chirala,2011-09-19,2100.0,2050,2200
Chirala,2011-09-20,2100.0,2050,2200
Chirala,2011-09-21,2100.0,2050,2200
Chirala,2011-09-22,2100.0,2050,2200
Chirala,2011-09-24,2200.0,2100,2300
Chirala,2011-09-25,2200.0,2100,2300
Chirala,2011-09-26,2200.0,2100,2300
Chirala,2011-09-27,2200.0,2100,2300
Chirala,2011-09-28,2350.0,2300,2400
Chirala,2011-09-29,2350.0,2300,2400
Chirala,2011-09-30,2350.0,2300,2400
Chirala,2011-10-01,2350.0,2300,2400
Chirala,2011-10-02,2350.0,2300,2400
Chirala,2011-10-03,2350.0,2300,2400
Chirala,2011-10-04,2350.0,2300,2400
Chirala,2011-10-05,2350.0,2300,2400
Chirala,2011-10-06,2350.0,2300,2400
Chirala,2011-10-07,2350.0,2300,2400
Chirala,2011-10-08,2350.0,2300,2400
Chirala,2011-10-09,2350.0,2300,2400
Chirala,2011-10-10,2350.0,2300,2400
Chirala,2011-10-11,2350.0,2300,2400
Chirala,2011-10-12,2550.0,2500,2600
Chirala,2011-10-13,2550.0,2500,2600
Chirala,2011-10-14,2550.0,2500,2600
Chirala,2011-10-15,2550.0,2500,2600
Chirala,2011-10-18,2250.0,2200,2300
Chirala,2011-10-19,2250.0,2200,2300
Chirala,2011-10-20,2250.0,2200,2300
Chirala,2011-10-22,2250.0,2200,2300
Chirala,2011-10-23,2250.0,2200,2300
Chirala,2011-10-24,2250.0,2200,2300
Chirala,2011-10-25,2250.0,2200,2300
Chirala,2011-10-26,2250.0,2200,2300
Chirala,2011-10-27,2250.0,2200,2300
Chirala,2011-10-28,2250.0,2200,2300
Chirala,2011-10-29,2250.0,2200,2300
Chirala,2011-11-02,2450.0,2400,2500
Chirala,2011-11-03,2450.0,2400,2500
Chirala,2011-11-05,2450.0,2400,2500
Chirala,2011-11-06,2450.0,2400,2500
Chirala,2011-11-07,2450.0,2400,2500
Chirala,2011-11-09,2450.0,2400,2500
Chirala,2011-11-11,2450.0,2400,2500
Chirala,2011-11-13,2450.0,2400,2500
Chirala,2011-11-16,2450.0,2400,2500
Chirala,2011-11-17,2350.0,2300,2400
Chirala,2011-11-18,2350.0,2300,2400
Chirala,2011-11-19,2350.0,2300,2400
Chirala,2011-11-20,2350.0,2300,2400
Chirala,2011-11-21,2450.0,2400,2500
Chirala,2011-11-22,2450.0,2400,2500
Chirala,2011-11-24,2450.0,2400,2500
Chirala,2011-11-26,2450.0,2400,2500
Chirala,2011-11-27,2450.0,2400,2500
Chirala,2011-11-28,2450.0,2400,2500
Chirala,2011-11-29,2450.0,2400,2500
Chirala,2011-11-30,2450.0,2400,2500
Chirala,2011-12-02,2200.0,2150,2250
Chirala,2011-12-03,2200.0,2150,2250
Chirala,2011-12-04,2200.0,2150,2250
Chirala,2011-12-05,2200.0,2150,2250
Chirala,2011-12-06,2200.0,2150,2250
Chirala,2011-12-08,2350.0,2300,2400
Chirala,2011-12-09,2350.0,2300,2400
Chirala,2011-12-11,2350.0,2300,2400
Chirala,2011-12-12,2350.0,2300,2400
Chirala,2011-12-13,2350.0,2300,2400
Chirala,2011-12-14,2350.0,2300,2400
Chirala,2011-12-15,2350.0,2300,2400
Chirala,2011-12-16,2350.0,2300,2400
Chirala,2011-12-17,2350.0,2300,2400
Chirala,2011-12-18,2350.0,2300,2400
Chirala,2011-12-19,2350.0,2300,2400
Chirala,2011-12-20,2350.0,2300,2400
Chirala,2011-12-21,2350.0,2300,2400
Chirala,2011-12-22,2350.0,2300,2400
Chirala,2011-12-23,2350.0,2300,2400
Chirala,2011-12-24,2350.0,2300,2400
Chirala,2011-12-26,2450.0,2400,2500
Chirala,2011-12-27,2450.0,2400,2500
Chirala,2011-12-30,2450.0,2400,2500
Chirala,2011-12-31,2450.0,2400,2500
Chirala,2012-01-01,2450.0,2400,2500
Chirala,2012-01-03,2350.0,2300,2400
Chirala,2012-01-04,2350.0,2300,2400
Chirala,2012-01-09,2250.0,2200,2300
Chirala,2012-01-10,2250.0,2200,2300
Chirala,2012-01-11,2250.0,2200,2300
Chirala,2012-01-13,2350.0,2300,2400
Chirala,2012-01-14,2350.0,2300,2400
Chirala,2012-01-16,2350.0,2300,2400
Chirala,2012-01-17,2350.0,2300,2400
Chirala,2012-01-18,2350.0,2300,2400
Chirala,2012-01-19,2350.0,2300,2400
Chirala,2012-01-20,2350.0,2300,2400
Chirala,2012-01-21,2350.0,2300,2400
Chirala,2012-01-22,2350.0,2300,2400
Chirala,2012-01-23,2250.0,2200,2300
Chirala,2012-01-24,2250.0,2200,2300
Chirala,2012-01-25,2250.0,2200,2300
Chirala,2012-01-28,2300.0,2250,2350
Chirala,2012-01-29,2300.0,2250,2350
Chirala,2012-01-30,2300.0,2250,2350
Chirala,2012-01-31,2300.0,2250,2350
Chirala,2012-02-01,2350.0,2300,2400
Chirala,2012-02-02,2350.0,2300,2400
Chirala,2012-02-03,2300.0,2250,2350
Chirala,2012-02-04,2300.0,2250,2350
Chirala,2012-02-05,2300.0,2250,2350
Chirala,2012-02-06,2300.0,2250,2350
Chirala,2012-02-07,2300.0,2250,2350
Chirala,2012-02-08,2300.0,2250,2350
Chirala,2012-02-09,2300.0,2250,2350
Chirala,2012-02-10,2300.0,2250,2350
Chirala,2012-02-11,2300.0,2250,2350
Chirala,2012-02-12,2300.0,2250,2350
Chirala,2012-02-14,2300.0,2250,2350
Chirala,2012-02-15,2300.0,2250,2350
Chirala,2012-02-16,2450.0,2400,2500
Chirala,2012-02-17,2450.0,2400,2500
Chirala,2012-02-18,2450.0,2400,2500
Chirala,2012-02-19,2450.0,2400,2500
Chirala,2012-02-20,2450.0,2400,2500
Chirala,2012-02-21,2450.0,2400,2500
Chirala,2012-02-24,2450.0,2400,2500
Chirala,2012-02-25,2450.0,2400,2500
Chirala,2012-02-26,2450.0,2400,2500
Chirala,2012-02-27,2450.0,2400,2500
Chirala,2012-02-28,2450.0,2400,2500
Chirala,2012-02-29,2450.0,2400,2500
Chirala,2012-03-01,2450.0,2400,2500
Chirala,2012-03-02,2450.0,2400,2500
Chirala,2012-03-03,2450.0,2400,2500
Chirala,2012-03-04,2450.0,2400,2500
Chirala,2012-03-05,2450.0,2400,2500
Chirala,2012-03-06,2450.0,2400,2500
Chirala,2012-03-07,2450.0,2400,2500
Chirala,2012-03-08,2450.0,2400,2500
Chirala,2012-03-09,2550.0,2500,2600
Chirala,2012-03-10,2550.0,2500,2600
Chirala,2012-03-11,2550.0,2500,2600
Chirala,2012-03-12,2550.0,2500,2600
Chirala,2012-03-13,2550.0,2500,2600
Chirala,2012-03-14,2550.0,2500,2600
Chirala,2012-03-15,2550.0,2500,2600
Chirala,2012-03-16,2550.0,2500,2600
Chirala,2012-03-17,2550.0,2500,2600
Chirala,2012-03-18,2550.0,2500,2600
Chirala,2012-03-19,2550.0,2500,2600
Chirala,2012-03-20,2550.0,2500,2600
Chirala,2012-03-21,2600.0,2500,2700
Chirala,2012-03-22,2600.0,2500,2700
Chirala,2012-03-23,2600.0,2500,2700
Chirala,2012-03-24,2600.0,2500,2700
Chirala,2012-03-25,2600.0,2500,2700
Chirala,2012-03-26,2600.0,2500,2700
Chirala,2012-03-27,2600.0,2500,2700
Chirala,2012-03-28,2600.0,2500,2700
Chirala,2012-03-29,2600.0,2500,2700
Chirala,2012-03-30,2500.0,2400,2600
Chirala,2012-03-31,2500.0,2400,2600
Chirala,2012-04-01,2500.0,2400,2600
Chirala,2012-04-02,2600.0,2500,2700
Chirala,2012-04-03,2600.0,2500,2700
Chirala,2012-04-04,2600.0,2500,2700
Chirala,2012-04-05,2600.0,2500,2700
Chirala,2012-04-06,2600.0,2500,2700
Chirala,2012-04-07,2600.0,2500,2700
Chirala,2012-04-08,2600.0,2500,2700
Chirala,2012-04-09,2600.0,2500,2700
Chirala,2012-04-10,2600.0,2500,2700
Chirala,2012-04-11,2600.0,2500,2700
Chirala,2012-04-12,2600.0,2500,2700
Chirala,2012-04-13,2250.0,2200,2300
Chirala,2012-04-14,2250.0,2200,2300
Chirala,2012-04-15,2250.0,2200,2300
Chirala,2012-04-16,2250.0,2200,2300
Chirala,2012-04-17,2250.0,2200,2300
Chirala,2012-04-18,2250.0,2200,2300
Chirala,2012-04-19,2250.0,2200,2300
Chirala,2012-04-20,2300.0,2200,2400
Chirala,2012-04-21,2300.0,2200,2400
Chirala,2012-04-22,2300.0,2200,2400
Chirala,2012-04-23,2300.0,2200,2400
Chirala,2012-04-24,2300.0,2200,2400
Chirala,2012-04-25,2300.0,2200,2400
Chirala,2012-04-26,2300.0,2200,2400
Chirala,2012-04-27,2300.0,2200,2400
Chirala,2012-04-28,2300.0,2200,2400
Chirala,2012-04-29,2300.0,2200,2400
Chirala,2012-04-30,2300.0,2200,2400
Chirala,2012-05-01,2350.0,2300,2400
Chirala,2012-05-02,2350.0,2300,2400
Chirala,2012-05-03,2350.0,2300,2400
Chirala,2012-05-04,2350.0,2300,2400
Chirala,2012-05-05,2350.0,2300,2400
Chirala,2012-05-06,2350.0,2300,2400
Chirala,2012-05-07,2350.0,2300,2400
Chirala,2012-05-08,2350.0,2300,2400
Chirala,2012-05-09,2350.0,2300,2400
Chirala,2012-05-10,2350.0,2300,2400
Chirala,2012-05-11,2350.0,2300,2400
Chirala,2012-05-12,2350.0,2300,2400
Chirala,2012-05-13,2350.0,2300,2400
Chirala,2012-05-14,2350.0,2300,2400
Chirala,2012-05-15,2350.0,2300,2400
Chirala,2012-05-16,2350.0,2300,2400
Chirala,2012-05-17,2450.0,2400,2500
Chirala,2012-05-18,2450.0,2400,2500
Chirala,2012-05-19,2450.0,2400,2500
Chirala,2012-05-20,2450.0,2400,2500
Chirala,2012-05-21,2450.0,2400,2500
Chirala,2012-05-22,2450.0,2400,2500
Chirala,2012-05-23,2450.0,2400,2500
Chirala,2012-05-24,2450.0,2400,2500
Chirala,2012-05-25,2450.0,2400,2500
Chirala,2012-05-26,2450.0,2400,2500
Chirala,2012-05-27,2450.0,2400,2500
Chirala,2012-05-28,2450.0,2400,2500
Chirala,2012-05-29,2450.0,2400,2500
Chirala,2012-05-30,2450.0,2400,2500
Chirala,2012-05-31,2450.0,2400,2500
Chirala,2012-06-01,2450.0,2400,2500
Chirala,2012-06-02,2450.0,2400,2500
Chirala,2012-06-03,2450.0,2400,2500
Chirala,2012-06-04,2500.0,2450,2550
Chirala,2012-06-05,2500.0,2450,2550
Chirala,2012-06-06,2500.0,2450,2550
Chirala,2012-06-07,2500.0,2450,2550
Chirala,2012-06-08,2500.0,2450,2550
Chirala,2012-06-09,2500.0,2450,2550
Chirala,2012-06-10,2500.0,2450,2550
Chirala,2012-06-11,2500.0,2450,2550
Chirala,2012-06-12,2850.0,2800,2900
Chirala,2012-06-13,2850.0,2800,2900
Chirala,2012-06-14,2850.0,2800,2900
Chirala,2012-06-15,2850.0,2800,2900
Chirala,2012-06-16,2850.0,2800,2900
Chirala,2012-06-17,2850.0,2800,2900
Chirala,2012-06-18,2850.0,2800,2900
Chirala,2012-06-19,2850.0,2800,2900
Chirala,2012-06-20,2850.0,2800,2900
Chirala,2012-06-21,2850.0,2800,2900
Chirala,2012-06-22,2850.0,2800,2900
Chirala,2012-06-23,2850.0,2800,2900
Chirala,2012-06-24,2850.0,2800,2900
Chirala,2012-06-25,2850.0,2800,2900
Chirala,2012-06-26,2850.0,2800,2900
Chirala,2012-06-27,2850.0,2800,2900
Chirala,2012-06-28,2850.0,2800,2900
Chirala,2012-06-29,2850.0,2800,2900
Chirala,2012-06-30,2850.0,2800,2900
Chirala,2012-07-01,3050.0,3000,3100
Chirala,2012-07-02,3050.0,3000,3100
Chirala,2012-07-03,3050.0,3000,3100
Chirala,2012-07-04,3050.0,3000,3100
Chirala,2012-07-05,3050.0,3000,3100
Chirala,2012-07-06,3050.0,3000,3100
Chirala,2012-07-07,3050.0,3000,3100
Chirala,2012-07-08,3050.0,3000,3100
Chirala,2012-07-09,3050.0,3000,3100
Chirala,2012-07-10,3050.0,3000,3100
Chirala,2012-07-11,3050.0,3000,3100
Chirala,2012-07-12,3050.0,3000,3100
Chirala,2012-07-13,3000.0,2950,3050
Chirala,2012-07-14,3000.0,2950,3050
Chirala,2012-07-15,3000.0,2950,3050
Chirala,2012-07-16,3000.0,2950,3050
Chirala,2012-07-17,3000.0,2950,3050
Chirala,2012-07-18,3000.0,2950,3050
Chirala,2012-07-19,3000.0,2950,3050
Chirala,2012-07-20,2950.0,2900,3000
Chirala,2012-07-21,2950.0,2900,3000
Chirala,2012-07-22,2950.0,2900,3000
Chirala,2012-07-23,2950.0,2900,3000
Chirala,2012-07-24,2950.0,2900,3000
Chirala,2012-07-25,2950.0,2900,3000
Chirala,2012-07-26,2850.0,2800,2900
Chirala,2012-07-27,2850.0,2800,2900
Chirala,2012-07-28,2850.0,2800,2900
Chirala,2012-07-29,2850.0,2800,2900
Chirala,2012-07-30,2900.0,2850,2950
Chirala,2012-07-31,2900.0,2850,2950
Chirala,2012-08-01,2900.0,2850,2950
Chirala,2012-08-02,2900.0,2850,2950
Chirala,2012-08-03,2950.0,2900,2950
Chirala,2012-08-04,2900.0,2850,2950
Chirala,2012-08-05,2900.0,2850,2950
Chirala,2012-08-06,2900.0,2850,2950
Chirala,2012-08-07,2900.0,2850,2950
Chirala,2012-08-08,2900.0,2850,2950
Chirala,2012-08-09,2900.0,2850,2950
Chirala,2012-08-10,2900.0,2850,2950
Chirala,2012-08-11,2900.0,2850,2950
Chirala,2012-08-12,2900.0,2850,2950
Chirala,2012-08-13,2900.0,2850,2950
Chirala,2012-08-14,2900.0,2850,2950
Chirala,2012-08-15,2900.0,2850,2950
Chirala,2012-08-16,2900.0,2850,2950
Chirala,2012-08-17,2900.0,2850,2950
Chirala,2012-08-18,2900.0,2850,2950
Chirala,2012-08-19,2900.0,2850,2950
Chirala,2012-08-20,2900.0,2850,2950
Chirala,2012-08-21,2900.0,2850,2950
Chirala,2012-08-22,2900.0,2850,2950
Chirala,2012-08-23,2950.0,2900,3000
Chirala,2012-08-24,2950.0,2900,3000
Chirala,2012-08-25,2950.0,2900,3000
Chirala,2012-08-26,3000.0,2950,3050
Chirala,2012-08-27,3000.0,2950,3050
Chirala,2012-08-28,3000.0,2950,3050
Chirala,2012-08-29,3000.0,2950,3050
Chirala,2012-08-30,3000.0,2950,3050
Chirala,2012-08-31,3000.0,2950,3050
Chirala,2012-09-01,3000.0,2950,3050
Chirala,2012-09-02,3000.0,2950,3050
Chirala,2012-09-03,3050.0,3000,3100
Chirala,2012-09-04,3050.0,3000,3100
Chirala,2012-09-05,3050.0,3000,3100
Chirala,2012-09-06,3050.0,3000,3100
Chirala,2012-09-07,3050.0,3000,3100
Chirala,2012-09-08,3050.0,3000,3100
Chirala,2012-09-09,3050.0,3000,3100
Chirala,2012-09-10,3100.0,3050,3150
Chirala,2012-09-11,3100.0,3050,3150
Chirala,2012-09-12,3100.0,3050,3150
Chirala,2012-09-13,3100.0,3050,3150
Chirala,2012-09-14,3100.0,3050,3150
Chirala,2012-09-15,3100.0,3050,3150
Chirala,2012-09-16,3100.0,3050,3150
Chirala,2012-09-17,3100.0,3050,3150
Chirala,2012-09-18,3100.0,3050,3150
Chirala,2012-09-19,3100.0,3050,3150
Chirala,2012-09-20,3100.0,3050,3150
Chirala,2012-09-21,3100.0,3050,3150
Chirala,2012-09-22,3100.0,3050,3150
Chirala,2012-09-23,3100.0,3050,3150
Chirala,2012-09-24,3100.0,3050,3150
Chirala,2012-09-25,3100.0,3050,3150
Chirala,2012-09-26,3150.0,3100,3200
Chirala,2012-09-27,3150.0,3100,3200
Chirala,2012-09-28,3150.0,3100,3200
Chirala,2012-09-29,3150.0,3100,3200
Chirala,2012-09-30,3150.0,3100,3200
Chirala,2012-10-01,3150.0,3100,3200
Chirala,2012-10-02,3150.0,3100,3200
Chirala,2012-10-03,3150.0,3100,3200
Chirala,2012-10-04,3150.0,3100,3200
Chirala,2012-10-05,3150.0,3100,3200
Chirala,2012-10-06,3150.0,3100,3200
Chirala,2012-10-07,3150.0,3100,3200
Chirala,2012-10-08,3250.0,3200,3300
Chirala,2012-10-09,3250.0,3200,3300
Chirala,2012-10-10,3250.0,3200,3300
Chirala,2012-10-11,3250.0,3200,3300
Chirala,2012-10-12,3250.0,3200,3300
Chirala,2012-10-13,3250.0,3200,3300
Chirala,2012-10-14,3250.0,3200,3300
Chirala,2012-10-15,3250.0,3200,3300
Chirala,2012-10-16,3250.0,3200,3300
Chirala,2012-10-17,3250.0,3200,3300
Chirala,2012-10-18,3250.0,3200,3300
Chirala,2012-10-19,3250.0,3200,3300
Chirala,2012-10-20,3250.0,3200,3300
Chirala,2012-10-21,3250.0,3200,3300
Chirala,2012-10-22,3250.0,3200,3300
Chirala,2012-10-23,3250.0,3200,3300
Chirala,2012-10-24,3250.0,3200,3300
Chirala,2012-10-25,3250.0,3200,3300
Chirala,2012-10-26,3250.0,3200,3300
Chirala,2012-10-27,3250.0,3200,3300
Chirala,2012-10-28,3250.0,3200,3300
Chirala,2012-10-29,3250.0,3200,3300
Chirala,2012-10-30,3250.0,3200,3300
Chirala,2012-10-31,3250.0,3200,3300
Chirala,2012-11-01,3250.0,3200,3300
Chirala,2012-11-02,3250.0,3200,3300
Chirala,2012-11-03,3250.0,3200,3300
Chirala,2012-11-04,3250.0,3200,3300
Chirala,2012-11-05,3250.0,3200,3300
Chirala,2012-11-06,3250.0,3200,3300
Chirala,2012-11-07,3250.0,3200,3300
Chirala,2012-11-08,3250.0,3200,3300
Chirala,2012-11-09,3250.0,3200,3300
Chirala,2012-11-10,3250.0,3200,3300
Chirala,2012-11-11,3250.0,3200,3300
Chirala,2012-11-12,3300.0,3250,3350
Chirala,2012-11-13,3300.0,3250,3350
Chirala,2012-11-14,3300.0,3250,3350
Chirala,2012-11-15,3300.0,3250,3350
Chirala,2012-11-16,3300.0,3250,3350
Chirala,2012-11-17,3300.0,3250,3350
Chirala,2012-11-18,3300.0,3250,3350
Chirala,2012-11-19,3300.0,3250,3350
Chirala,2012-11-20,3300.0,3250,3350
Chirala,2012-11-21,3300.0,3250,3350
Chirala,2012-11-22,3300.0,3250,3350
Chirala,2012-11-23,3350.0,3300,3400
Chirala,2012-11-24,3350.0,3300,3400
Chirala,2012-11-25,3350.0,3300,3400
Chirala,2012-11-26,3450.0,3400,3500
Chirala,2012-11-29,3450.0,3400,3500
Chirala,2012-11-30,3450.0,3400,3500
Chirala,2012-12-01,3450.0,3400,3500
Chirala,2012-12-02,3450.0,3400,3500
Chirala,2012-12-03,3450.0,3400,3500
Chirala,2012-12-04,3450.0,3400,3500
Chirala,2012-12-05,3450.0,3400,3500
Chirala,2012-12-06,3450.0,3400,3500
Chirala,2012-12-07,3450.0,3400,3500
Chirala,2012-12-08,3450.0,3400,3500
Chirala,2012-12-10,3450.0,3400,3500
Chirala,2012-12-11,3450.0,3400,3500
Chirala,2012-12-12,3450.0,3400,3500
Chirala,2012-12-13,3450.0,3400,3500
Chirala,2012-12-14,3450.0,3400,3500
Chirala,2012-12-15,3450.0,3400,3500
Chirala,2012-12-16,3450.0,3400,3500
Chirala,2012-12-17,3450.0,3400,3500
Chirala,2012-12-18,3450.0,3400,3500
Chirala,2012-12-19,3450.0,3450,3500
Chirala,2012-12-20,3450.0,3400,3500
Chirala,2012-12-21,3450.0,3400,3500
Chirala,2012-12-22,3450.0,3400,3500
Chirala,2012-12-23,3450.0,3400,3500
Chirala,2012-12-24,3450.0,3400,3500
Chirala,2012-12-25,3450.0,3400,3500
Chirala,2012-12-26,3450.0,3400,3500
Chirala,2012-12-27,3450.0,3400,3500
Chirala,2012-12-28,3450.0,3400,3500
Chirala,2012-12-29,3450.0,3400,3500
Chirala,2012-12-30,3450.0,3400,3500
Chirala,2012-12-31,3450.0,3400,3500
Chirala,2013-01-01,3450.0,3400,3500
Chirala,2013-01-02,3450.0,3400,3500
Chirala,2013-01-03,3450.0,3400,3500
Chirala,2013-01-04,3450.0,3400,3500
Chirala,2013-01-05,3450.0,3400,3500
Chirala,2013-01-07,3450.0,3400,3500
Chirala,2013-01-08,3450.0,3400,3500
Chirala,2013-01-09,3450.0,3400,3500
Chirala,2013-01-10,3450.0,3400,3500
Chirala,2013-01-13,3450.0,3400,3500
Chirala,2013-01-14,3450.0,3400,3500
Chirala,2013-01-16,3450.0,3400,3500
Chirala,2013-01-17,3450.0,3400,3500
Chirala,2013-01-18,3550.0,3500,3600
Chirala,2013-01-19,3550.0,3500,3600
Chirala,2013-01-20,3550.0,3500,3600
Chirala,2013-01-22,3550.0,3500,3600
Chirala,2013-01-23,3550.0,3500,3600
Chirala,2013-01-24,3550.0,3500,3600
Chirala,2013-01-25,3550.0,3500,3600
Chirala,2013-01-27,3550.0,3500,3600
Chirala,2013-01-28,3550.0,3500,3600
Chirala,2013-01-29,3550.0,3500,3600
Chirala,2013-01-30,3550.0,3500,3600
Chirala,2013-01-31,3550.0,3500,3600
Chirala,2013-02-02,3850.0,3800,3900
Chirala,2013-02-03,3850.0,3800,3900
Chirala,2013-02-05,3850.0,3800,3900
Chirala,2013-02-06,3850.0,3800,3900
Chirala,2013-02-07,3850.0,3800,3900
Chirala,2013-02-08,3850.0,3800,3900
Chirala,2013-02-09,3850.0,3800,3900
Chirala,2013-02-10,3850.0,3800,3900
Chirala,2013-02-11,3850.0,3800,3900
Chirala,2013-02-12,3850.0,3800,3900
Chirala,2013-02-13,3850.0,3800,3900
Chirala,2013-02-14,3850.0,3800,3900
Chirala,2013-02-15,3850.0,3800,3900
Chirala,2013-02-16,3850.0,3800,3900
Chirala,2013-02-17,3850.0,3800,3900
Chirala,2013-02-18,3850.0,3800,3900
Chirala,2013-02-19,3850.0,3800,3900
Chirala,2013-02-22,3950.0,3900,4000
Chirala,2013-02-23,3950.0,3900,4000
Chirala,2013-02-24,3950.0,3900,4000
Chirala,2013-02-25,3950.0,3900,4000
Chirala,2013-02-26,3950.0,3900,4000
Chirala,2013-02-27,3950.0,3900,4000
Chirala,2013-02-28,3950.0,3900,4000
Chirala,2013-03-02,3950.0,3900,4000
Chirala,2013-03-04,3950.0,3900,4000
Chirala,2013-03-05,3950.0,3900,4000
Chirala,2013-03-06,3950.0,3900,4000
Chirala,2013-03-07,3950.0,3900,4000
Chirala,2013-03-08,3950.0,3900,4000
Chirala,2013-03-09,3950.0,3900,4000
Chirala,2013-03-10,3950.0,3900,4000
Chirala,2013-03-13,3850.0,3800,3900
Chirala,2013-03-14,3850.0,3800,3900
Chirala,2013-03-15,3850.0,3800,3900
Chirala,2013-03-16,3850.0,3800,3900
Chirala,2013-03-17,3850.0,3800,3900
Chirala,2013-03-18,3850.0,3800,3900
Chirala,2013-03-20,3850.0,3800,3900
Chirala,2013-03-21,3850.0,3800,3900
Chirala,2013-03-22,3850.0,3800,3900
Chirala,2013-03-24,3850.0,3800,3900
Chirala,2013-03-26,3850.0,3800,3900
Chirala,2013-03-27,3850.0,3800,3900
Chirala,2013-03-28,3850.0,3800,3900
Chirala,2013-03-29,3850.0,3800,3900
Chirala,2013-03-30,3950.0,3900,4000
Chirala,2013-03-31,3950.0,3900,4000
Chirala,2013-04-01,3950.0,3900,4000
Chirala,2013-04-03,3950.0,3900,4000
Chirala,2013-04-04,3950.0,3900,4000
Chirala,2013-04-05,4050.0,4000,4100
Chirala,2013-04-06,4050.0,4000,4100
Chirala,2013-04-07,4050.0,4000,4100
Chirala,2013-04-08,4050.0,4000,4100
Chirala,2013-04-09,4050.0,4000,4100
Chirala,2013-04-10,4050.0,4000,4100
Chirala,2013-04-11,4050.0,4000,4100
Chirala,2013-04-12,4050.0,4000,4100
Chirala,2013-04-13,4050.0,4000,4100
Chirala,2013-04-14,4050.0,4000,4100
Chirala,2013-04-15,3950.0,3900,4000
Chirala,2013-04-21,3950.0,3900,4000
Chirala,2013-04-22,3950.0,3900,4000
Chirala,2013-04-24,3675.0,3650,3700
Chirala,2013-04-25,3675.0,3650,3700
Chirala,2013-04-26,3675.0,3650,3700
Chirala,2013-04-27,3675.0,3650,3700
Chirala,2013-04-28,3675.0,3650,3700
Chirala,2013-04-29,3675.0,3650,3700
Chirala,2013-04-30,3675.0,3650,3700
Chirala,2013-05-01,3675.0,3650,3700
Chirala,2013-05-03,3675.0,3650,3700
Chirala,2013-05-04,3675.0,3650,3700
Chirala,2013-05-05,3675.0,3650,3700
Chirala,2013-05-06,3675.0,3650,3700
Chirala,2013-05-07,3675.0,3650,3700
Chirala,2013-05-09,3675.0,3650,3700
Chirala,2013-05-10,3975.0,3950,4000
Chirala,2013-05-11,3975.0,3950,4000
Chirala,2013-05-13,3975.0,3950,4000
Chirala,2013-05-14,3975.0,3950,4000
Chirala,2013-05-15,3850.0,3800,3900
Chirala,2013-05-17,3850.0,3800,3900
Chirala,2013-05-18,3850.0,3800,3900
Chirala,2013-05-19,3850.0,3800,3900
Chirala,2013-05-20,3950.0,3900,4000
Chirala,2013-05-21,3950.0,3900,4000
Chirala,2013-05-22,3950.0,3900,4000
Chirala,2013-05-23,3950.0,3900,4000
Chirala,2013-05-24,3950.0,3900,4000
Chirala,2013-05-25,3950.0,3900,4000
Chirala,2013-05-26,3950.0,3900,4000
Chirala,2013-05-28,3950.0,3900,4000
Chirala,2013-05-30,3950.0,3900,4000
Chirala,2013-05-31,4050.0,4000,4100
Chirala,2013-06-01,4050.0,4000,4100
Chirala,2013-06-02,4050.0,4000,4100
Chirala,2013-06-03,4050.0,4000,4100
Chirala,2013-06-05,4050.0,4000,4100
Chirala,2013-06-07,4050.0,4000,4100
Chirala,2013-06-08,4050.0,4000,4100
Chirala,2013-06-09,4050.0,4000,4100
Chirala,2013-06-10,4050.0,4000,4100
Chirala,2013-06-12,4050.0,4000,4100
Chirala,2013-06-13,4050.0,4000,4100
Chirala,2013-06-14,4050.0,4000,4100
Chirala,2013-06-15,4050.0,4000,4100
Chirala,2013-06-16,4050.0,4000,4100
Chirala,2013-06-17,4050.0,4000,4100
Chirala,2013-06-18,4050.0,4000,4100
Chirala,2013-06-20,4050.0,4000,4100
Chirala,2013-06-21,3950.0,3900,4000
Chirala,2013-06-22,3950.0,3900,4000
Chirala,2013-06-23,3950.0,3900,4000
Chirala,2013-06-24,3950.0,3900,4000
Chirala,2013-06-25,3950.0,3900,4000
Chirala,2013-06-26,3950.0,3900,4000
Chirala,2013-06-27,3950.0,3900,4000
Chirala,2013-06-29,4050.0,4000,4100
Chirala,2013-06-30,4050.0,4000,4100
Chirala,2013-07-01,4050.0,4000,4100
Chirala,2013-07-04,4050.0,4000,4100
Chirala,2013-07-06,4050.0,4000,4100
Chirala,2013-07-07,4050.0,4000,4100
Chirala,2013-07-08,4050.0,4000,4100
Chirala,2013-07-09,4050.0,4000,4100
Chirala,2013-07-12,4050.0,4000,4100
Chirala,2013-07-15,4050.0,4000,4100
Chirala,2013-07-16,4050.0,4000,4100
Chirala,2013-07-17,4050.0,4000,4100
Chirala,2013-07-18,4050.0,4000,4100
Chirala,2013-07-19,4050.0,4000,4100
Chirala,2013-07-21,4050.0,4000,4100
Chirala,2013-07-22,4050.0,4000,4100
Chirala,2013-07-23,4050.0,4000,4100
Chirala,2013-07-24,4050.0,4000,4100
Chirala,2013-07-25,4050.0,4000,4100
Chirala,2013-07-27,4050.0,4000,4100
Chirala,2013-07-28,4050.0,4000,4100
Chirala,2013-07-29,4050.0,4000,4100
Chirala,2013-07-30,4050.0,4000,4100
Chirala,2013-07-31,4050.0,4000,4100
Chirala,2013-08-01,4050.0,4000,4100
Chirala,2013-08-03,4050.0,4000,4100
Chirala,2013-08-04,4050.0,4000,4100
Chirala,2013-08-05,4050.0,4000,4100
Chirala,2013-08-09,4050.0,4000,4100
Chirala,2013-08-10,4050.0,4000,4100
Chirala,2013-08-12,4050.0,4000,4100
Chirala,2013-08-13,4050.0,4000,4100
Chirala,2013-08-14,4050.0,4000,4100
Chirala,2013-08-15,4050.0,4000,4100
Chirala,2013-08-16,4050.0,4000,4100
Chirala,2013-08-17,4050.0,4000,4100
Chirala,2013-08-18,4050.0,4000,4100
Chirala,2013-08-21,4050.0,4000,4100
Chirala,2013-08-22,4050.0,4000,4100
Chirala,2013-08-23,4050.0,4000,4100
Chirala,2013-08-24,4050.0,4000,4100
Chirala,2013-08-25,4050.0,4000,4100
Chirala,2013-08-26,4050.0,4000,4100
Chirala,2013-08-27,4050.0,4000,4100
Chirala,2013-08-28,4050.0,4000,4100
Chirala,2013-08-29,4050.0,4000,4100
Chirala,2013-08-30,4050.0,4000,4100
Chirala,2013-09-01,4050.0,4000,4100
Chirala,2013-09-02,4050.0,4000,4100
Chirala,2013-09-03,4050.0,4000,4100
Chirala,2013-09-04,4050.0,4000,4100
Chirala,2013-09-05,4050.0,4000,4100
Chirala,2013-09-06,4050.0,4000,4100
Chirala,2013-09-07,4050.0,4000,4100
Chirala,2013-09-09,4050.0,4000,4100
Chirala,2013-09-10,4050.0,4000,4100
Chirala,2013-09-12,4050.0,4000,4100
Chirala,2013-09-13,4050.0,4000,4100
Chirala,2013-09-14,4050.0,4000,4100
Chirala,2013-09-15,4050.0,4000,4100
Chirala,2013-09-17,3950.0,3900,4000
Chirala,2013-09-18,3950.0,3900,4000
Chirala,2013-09-19,3950.0,3900,4000
Chirala,2013-09-21,3950.0,3900,4000
Chirala,2013-09-23,3950.0,3900,4000
Chirala,2013-09-24,3950.0,3900,4000
Chirala,2013-09-26,3950.0,3900,4000
Chirala,2013-09-28,3950.0,3900,4000
Chirala,2013-09-30,3950.0,3900,4000
Chirala,2013-10-01,3950.0,3900,4000
Chirala,2013-10-02,3950.0,3900,4000
Chirala,2013-10-03,3950.0,3900,4000
Chirala,2013-10-04,3950.0,3900,4000
Chirala,2013-10-05,3950.0,3900,4000
Chirala,2013-10-06,3950.0,3900,4000
Chirala,2013-10-07,3950.0,3900,4000
Chirala,2013-10-08,3950.0,3900,4000
Chirala,2013-10-09,3950.0,3900,4000
Chirala,2013-10-10,3950.0,3900,4000
Chirala,2013-10-11,3950.0,3900,4000
Chirala,2013-10-12,3950.0,3900,4000
Chirala,2013-10-13,3950.0,3900,4000
Chirala,2013-10-14,3950.0,3900,4000
Chirala,2013-10-17,3950.0,3900,4000
Chirala,2013-10-18,3950.0,3900,4000
Chirala,2013-10-20,3750.0,3700,3800
Chirala,2013-10-21,3750.0,3700,3800
Chirala,2013-10-22,3750.0,3700,3800
Chirala,2013-10-23,3750.0,3700,3800
Chirala,2013-10-24,3750.0,3700,3800
Chirala,2013-10-25,3750.0,3700,3800
Chirala,2013-10-28,3750.0,3700,3800
Chirala,2013-10-30,3750.0,3700,3800
Chirala,2013-10-31,3750.0,3700,3800
Chirala,2013-11-01,3850.0,3800,3900
Chirala,2013-11-02,3950.0,3900,4000
Chirala,2013-11-03,3950.0,3900,4000
Chirala,2013-11-05,3950.0,3900,4000
Chirala,2013-11-06,3950.0,3900,4000
Chirala,2013-11-07,3950.0,3900,4000
Chirala,2013-11-08,3950.0,3900,4000
Chirala,2013-11-09,3950.0,3900,4000
Chirala,2013-11-10,3950.0,3900,4000
Chirala,2013-11-11,3950.0,3900,4000
Chirala,2013-11-12,3950.0,3900,4000
Chirala,2013-11-13,3950.0,3900,4000
Chirala,2013-11-14,3950.0,3900,4000
Chirala,2013-11-16,3950.0,3900,4000
Chirala,2013-11-17,3950.0,3900,4000
Chirala,2013-11-18,3950.0,3900,4000
Chirala,2013-11-19,3950.0,3900,4000
Chirala,2013-11-20,3950.0,3900,4000
Chirala,2013-11-21,3950.0,3900,4000
Chirala,2013-11-22,3950.0,3900,4000
Chirala,2013-11-23,3950.0,3900,4000
Chirala,2013-11-25,3950.0,3900,4000
Chirala,2013-11-26,3950.0,3900,4000
Chirala,2013-11-28,3900.0,3850,3950
Chirala,2013-11-29,3900.0,3850,3950
Chirala,2013-12-01,3900.0,3850,3950
Chirala,2013-12-03,3900.0,3850,3950
Chirala,2013-12-04,3900.0,3850,3950
Chirala,2013-12-05,3900.0,3850,3950
Chirala,2013-12-06,3900.0,3850,3950
Chirala,2013-12-07,3900.0,3850,3950
Chirala,2013-12-08,3900.0,3850,3950
Chirala,2013-12-09,3900.0,3850,3950
Chirala,2013-12-11,3900.0,3850,3950
Chirala,2013-12-12,3900.0,3850,3950
Chirala,2013-12-13,3900.0,3850,3950
Chirala,2013-12-14,3900.0,3850,3950
Chirala,2013-12-17,3900.0,3850,3950
Chirala,2013-12-18,3900.0,3850,3950
Chirala,2013-12-19,3900.0,3850,3950
Chirala,2013-12-20,3950.0,3900,4000
Chirala,2013-12-21,3950.0,3900,4000
Chirala,2013-12-22,3950.0,3900,4000
Chirala,2013-12-23,3950.0,3900,4000
Chirala,2013-12-24,3950.0,3900,4000
Chirala,2013-12-25,3950.0,3900,4000
Chirala,2013-12-26,3950.0,3900,4000
Chirala,2013-12-27,3950.0,3900,4000
Chirala,2013-12-28,3950.0,3900,4000
Chirala,2013-12-29,3950.0,3900,4000
Chirala,2013-12-30,3950.0,3900,4000
Chirala,2013-12-31,3950.0,3900,4000
Chirala,2014-01-01,3950.0,3900,4000
Chirala,2014-01-02,3950.0,3900,4000
Chirala,2014-01-03,3950.0,3900,4000
Chirala,2014-01-04,3950.0,3900,4000
Chirala,2014-01-05,3950.0,3900,4000
Chirala,2014-01-07,3950.0,3900,4000
Chirala,2014-01-08,3950.0,3900,4000
Chirala,2014-01-09,3950.0,3900,4000
Chirala,2014-01-11,3950.0,3900,4000
Chirala,2014-01-12,3950.0,3900,4000
Chirala,2014-01-13,3950.0,3900,4000
Chirala,2014-01-14,3950.0,3900,4000
Chirala,2014-01-15,3950.0,3900,4000
Chirala,2014-01-16,3950.0,3900,4000
Chirala,2014-01-17,3950.0,3900,4000
Chirala,2014-01-18,3950.0,3900,4000
Chirala,2014-01-19,3950.0,3900,4000
Chirala,2014-01-20,3950.0,3900,4000
Chirala,2014-01-21,3950.0,3900,4000
Chirala,2014-01-22,3950.0,3900,4000
Chirala,2014-01-25,4050.0,4000,4100
Chirala,2014-01-26,4050.0,4000,4100
Chirala,2014-01-27,4050.0,4000,4100
Chirala,2014-01-28,4050.0,4000,4100
Chirala,2014-01-29,4050.0,4000,4100
Chirala,2014-01-31,4050.0,4000,4100
Chirala,2014-02-01,4150.0,4100,4200
Chirala,2014-02-02,4150.0,4100,4200
Chirala,2014-02-03,4150.0,4100,4200
Chirala,2014-02-04,4150.0,4100,4200
Chirala,2014-02-06,4150.0,4100,4200
Chirala,2014-02-07,4150.0,4100,4200
Chirala,2014-02-08,4150.0,4100,4200
Chirala,2014-02-10,4150.0,4100,4200
Chirala,2014-02-11,4150.0,4100,4200
Chirala,2014-02-12,4150.0,4100,4200
Chirala,2014-02-13,4150.0,4100,4200
Chirala,2014-02-14,4150.0,4100,4200
Chirala,2014-02-15,4150.0,4100,4200
Chirala,2014-02-16,4150.0,4100,4200
Chirala,2014-02-17,4150.0,4100,4200
Chirala,2014-02-18,4150.0,4100,4200
Chirala,2014-02-19,4150.0,4100,4200
Chirala,2014-02-22,4150.0,4100,4200
Chirala,2014-02-23,4150.0,4100,4200
Chirala,2014-02-24,4150.0,4100,4200
Chirala,2014-02-25,4150.0,4100,4200
Chirala,2014-02-27,4150.0,4100,4200
Chirala,2014-02-28,4150.0,4100,4200
Chirala,2014-03-01,4150.0,4100,4200
Chirala,2014-03-02,4150.0,4100,4200
Chirala,2014-03-04,4150.0,4100,4200
Chirala,2014-03-05,4150.0,4100,4200
Chirala,2014-03-07,4150.0,4100,4200
Chirala,2014-03-08,4150.0,4100,4200
Chirala,2014-03-09,4150.0,4100,4200
Chirala,2014-03-10,4150.0,4100,4200
Chirala,2014-03-11,4150.0,4100,4200
Chirala,2014-03-14,4150.0,4100,4200
Chirala,2014-03-15,4150.0,4100,4200
Chirala,2014-03-16,4150.0,4100,4200
Chirala,2014-03-18,4150.0,4100,4200
Chirala,2014-03-20,4150.0,4100,4200
Chirala,2014-03-21,4150.0,4100,4200
Chirala,2014-03-22,4150.0,4100,4200
Chirala,2014-03-23,4150.0,4100,4200
Chirala,2014-03-24,4150.0,4100,4200
Chirala,2014-03-25,4150.0,4100,4200
Chirala,2014-03-26,4150.0,4100,4200
Chirala,2014-03-27,4150.0,4100,4200
Chirala,2014-03-28,4150.0,4100,4200
Chirala,2014-03-29,4150.0,4100,4200
Chirala,2014-03-31,4150.0,4100,4200
Chirala,2014-04-01,4150.0,4100,4200
Chirala,2014-04-02,4150.0,4100,4200
Chirala,2014-04-03,4150.0,4100,4200
Chirala,2014-04-05,4150.0,4100,4200
Chirala,2014-04-07,4150.0,4100,4200
Chirala,2014-04-09,4150.0,4100,4200
Chirala,2014-04-10,4150.0,4100,4200
Chirala,2014-04-12,4150.0,4100,4200
Chirala,2014-04-15,3050.0,3000,3100
Chirala,2014-04-16,3050.0,3000,3100
Chirala,2014-04-17,3050.0,3000,3100
Chirala,2014-04-18,3050.0,3000,3100
Chirala,2014-04-19,3050.0,3000,3100
Chirala,2014-04-20,3050.0,3000,3100
Chirala,2014-04-21,3050.0,3000,3100
Chirala,2014-04-22,3050.0,3000,3100
Chirala,2014-04-23,3050.0,3000,3100
Chirala,2014-04-24,3050.0,3000,3100
Chirala,2014-04-25,3050.0,3000,3100
Chirala,2014-04-26,3050.0,3000,3100
Chirala,2014-04-27,3050.0,3000,3100
Chirala,2014-04-28,3050.0,3000,3100
Chirala,2014-04-29,3050.0,3000,3100
Chirala,2014-04-30,3050.0,3000,3100
Chirala,2014-05-02,3050.0,3000,3100
Chirala,2014-05-03,3050.0,3000,3100
Chirala,2014-05-04,3050.0,3000,3100
Chirala,2014-05-05,3050.0,3000,3100
Chirala,2014-05-06,3050.0,3000,3100
Chirala,2014-05-07,3050.0,3000,3100
Chirala,2014-05-08,3050.0,3000,3100
Chirala,2014-05-14,3050.0,3000,3100
Chirala,2014-05-15,3050.0,3000,3100
Chirala,2014-05-16,3050.0,3000,3100
Chirala,2014-05-18,3050.0,3000,3100
Chirala,2014-05-19,3650.0,3600,3700
Chirala,2014-05-20,3650.0,3600,3700
Chirala,2014-05-22,3650.0,3600,3700
Chirala,2014-05-23,3650.0,3600,3700
Chirala,2014-05-24,3650.0,3600,3700
Chirala,2014-05-25,3650.0,3600,3700
Chirala,2014-05-26,3650.0,3600,3700
Chirala,2014-05-27,3650.0,3600,3700
Chirala,2014-05-29,3650.0,3600,3700
Chirala,2014-06-06,3750.0,3700,3800
Chirala,2014-06-07,3750.0,3700,3800
Chirala,2014-06-11,3750.0,3700,3800
Chirala,2014-06-12,3750.0,3700,3800
Chirala,2014-06-13,3750.0,3700,3800
Chirala,2014-06-15,3750.0,3700,3800
Chirala,2014-06-16,3650.0,3600,3700
Chirala,2014-06-17,3650.0,3600,3700
Chirala,2014-06-18,3650.0,3600,3700
Chirala,2014-06-19,3650.0,3600,3700
Chirala,2014-06-20,3650.0,3600,3700
Chirala,2014-06-22,3650.0,3600,3700
Chirala,2014-06-23,3650.0,3600,3700
Chirala,2014-06-25,3650.0,3600,3700
Chirala,2014-06-26,3650.0,3600,3700
Chirala,2014-06-27,3650.0,3600,3700
Chirala,2014-06-28,3650.0,3600,3700
Chirala,2014-06-29,3650.0,3600,3700
Chirala,2014-06-30,3650.0,3600,3700
Chirala,2014-07-01,3650.0,3600,3700
Chirala,2014-07-03,3650.0,3600,3700
Chirala,2014-07-04,3650.0,3600,3700
Chirala,2014-07-06,3650.0,3600,3700
Chirala,2014-07-09,3650.0,3600,3700
Chirala,2014-07-10,3650.0,3600,3700
Chirala,2014-07-13,3650.0,3600,3700
Chirala,2014-07-14,3650.0,3600,3700
Chirala,2014-07-15,3650.0,3600,3700
Chirala,2014-07-16,3650.0,3600,3700
Chirala,2014-07-17,3650.0,3600,3700
Chirala,2014-07-18,3650.0,3600,3700
Chirala,2014-07-19,3650.0,3600,3700
Chirala,2014-07-20,3650.0,3600,3700
Chirala,2014-07-22,3650.0,3600,3700
Chirala,2014-07-23,3650.0,3600,3700
Chirala,2014-08-01,3650.0,3600,3700
Chirala,2014-08-04,3550.0,3500,3600
Chirala,2014-08-05,3550.0,3500,3600
Chirala,2014-08-06,3550.0,3500,3600
Chirala,2014-08-08,3550.0,3500,3600
Chirala,2014-08-09,3550.0,3500,3600
Chirala,2014-08-10,3550.0,3500,3600
Chirala,2014-08-11,3550.0,3500,3600
Chirala,2014-08-12,3550.0,3500,3600
Chirala,2014-08-14,3550.0,3500,3600
Chirala,2014-08-15,3550.0,3500,3600
Chirala,2014-08-16,3550.0,3500,3600
Chirala,2014-08-17,3550.0,3500,3600
Chirala,2014-08-18,3550.0,3500,3600
Chirala,2014-08-19,3550.0,3500,3600
Chirala,2014-08-20,3650.0,3600,3700
Chirala,2014-08-21,3650.0,3600,3700
Chirala,2014-08-22,3650.0,3600,3700
Chirala,2014-08-23,3650.0,3600,3700
Chirala,2014-08-24,3650.0,3600,3700
Chirala,2014-08-25,3650.0,3600,3700
Chirala,2014-08-26,3650.0,3600,3700
Chirala,2014-08-27,3650.0,3600,3700
Chirala,2014-09-03,3650.0,3600,3700
Chirala,2014-09-04,3650.0,3600,3700
Chirala,2014-09-07,3650.0,3600,3700
Chirala,2014-09-08,3650.0,3600,3700
Chirala,2014-09-09,3650.0,3600,3700
Chirala,2014-09-11,3650.0,3600,3700
Chirala,2014-09-12,3650.0,3600,3700
Chirala,2014-09-13,3650.0,3600,3700
Chirala,2014-09-14,3650.0,3600,3700
Chirala,2014-09-15,3550.0,3500,3600
Chirala,2014-09-16,3550.0,3500,3600
Chirala,2014-09-17,3550.0,3500,3600
Chirala,2014-09-18,3550.0,3500,3600
Chirala,2014-09-19,3550.0,3500,3600
Chirala,2014-09-20,3550.0,3500,3600
Chirala,2014-09-21,3550.0,3500,3600
Chirala,2014-09-23,3550.0,3500,3600
Chirala,2014-09-24,3550.0,3500,3600
Chirala,2014-09-25,3550.0,3500,3600
Chirala,2014-09-26,3550.0,3500,3600
Chirala,2014-09-27,3550.0,3500,3600
Chirala,2014-09-29,3550.0,3500,3600
Chirala,2014-09-30,3550.0,3500,3600
Chirala,2014-10-02,3550.0,3500,3600
Chirala,2014-10-04,3550.0,3500,3600
Chirala,2014-10-06,3550.0,3500,3600
Chirala,2014-10-07,3550.0,3500,3600
Chirala,2014-10-08,3550.0,3500,3600
Chirala,2014-10-09,3550.0,3500,3600
Chirala,2014-10-10,3550.0,3500,3600
Chirala,2014-10-11,3550.0,3500,3600
Chirala,2014-10-12,3550.0,3500,3600
Chirala,2014-10-15,3550.0,3500,3600
Chirala,2014-10-16,3550.0,3500,3600
Chirala,2014-10-18,3550.0,3500,3600
Chirala,2014-10-19,3550.0,3500,3600
Chirala,2014-10-20,3550.0,3500,3600
Chirala,2014-10-21,3550.0,3500,3600
Chirala,2014-10-23,3550.0,3500,3600
Chirala,2014-10-24,3550.0,3500,3600
Chirala,2014-10-26,3550.0,3500,3600
Chirala,2014-10-27,3550.0,3500,3600
Chirala,2014-10-28,3550.0,3500,3600
Chirala,2014-10-29,3550.0,3500,3600
Chirala,2014-10-30,3550.0,3500,3600
Chirala,2014-10-31,3550.0,3500,3600
Chirala,2014-11-02,3550.0,3500,3600
Chirala,2014-11-04,3550.0,3500,3600
Chirala,2014-11-05,3550.0,3500,3600
Chirala,2014-11-06,3550.0,3500,3600
Chirala,2014-11-07,3550.0,3500,3600
Chirala,2014-11-08,3550.0,3500,3600
Chirala,2014-11-09,3550.0,3500,3600
Chirala,2014-11-10,3550.0,3500,3600
Chirala,2014-11-11,3550.0,3500,3600
Chirala,2014-11-13,3550.0,3500,3600
Chirala,2014-11-14,3550.0,3500,3600
Chirala,2014-11-15,3550.0,3500,3600
Chirala,2014-11-16,3550.0,3500,3600
Chirala,2014-11-18,2100.0,2050,2130
Chirala,2014-11-19,3550.0,3500,3600
Chirala,2014-11-20,3550.0,3500,3600
Chirala,2014-11-21,3550.0,3500,3600
Chirala,2014-11-22,3550.0,3500,3600
Chirala,2014-11-23,3550.0,3500,3600
Chirala,2014-11-24,3550.0,3500,3600
Chirala,2014-11-25,3550.0,3500,3600
Chirala,2014-11-27,3550.0,3500,3600
Chirala,2014-11-28,3550.0,3500,3600
Chirala,2014-12-01,3550.0,3500,3600
Chirala,2014-12-02,3550.0,3500,3600
Chirala,2014-12-04,3550.0,3500,3600
Chirala,2014-12-05,3550.0,3500,3600
Chirala,2014-12-06,3550.0,3500,3600
Chirala,2014-12-07,3550.0,3500,3600
Chirala,2014-12-09,3550.0,3500,3600
Chirala,2014-12-11,3550.0,3500,3600
Chirala,2014-12-12,3550.0,3500,3600
Chirala,2014-12-13,3550.0,3500,3600
Chirala,2014-12-14,3550.0,3500,3600
Chirala,2014-12-15,3500.0,3450,3550
Chirala,2014-12-17,3500.0,3450,3550
Chirala,2014-12-18,3500.0,3450,3550
Chirala,2014-12-19,3500.0,3450,3550
Chirala,2014-12-20,3500.0,3450,3550
Chirala,2014-12-21,3500.0,3450,3550
Chirala,2014-12-22,3500.0,3450,3550
Chirala,2014-12-23,3550.0,3500,3600
Chirala,2014-12-25,3550.0,3500,3600
Chirala,2014-12-27,3550.0,3500,3600
Chirala,2014-12-28,3550.0,3500,3600
Chirala,2014-12-30,3550.0,3500,3600
Chirala,2014-12-31,3550.0,3500,3600
Chirala,2015-01-01,3550.0,3500,3600
Chirala,2015-01-02,3550.0,3500,3600
Chirala,2015-01-04,3550.0,3500,3600
Chirala,2015-01-05,3550.0,3500,3600
Chirala,2015-01-06,3550.0,3500,3600
Chirala,2015-01-07,3550.0,3500,3600
Chirala,2015-01-09,3550.0,3500,3600
Chirala,2015-01-10,3550.0,3500,3600
Chirala,2015-01-11,3550.0,3500,3600
Chirala,2015-01-12,3550.0,3500,3600
Chirala,2015-01-13,3550.0,3500,3600
Chirala,2015-01-14,3550.0,3500,3600
Chirala,2015-01-15,3550.0,3500,3600
Chirala,2015-01-16,3550.0,3500,3600
Chirala,2015-01-17,3550.0,3500,3600
Chirala,2015-01-18,3550.0,3500,3600
Chirala,2015-01-19,3550.0,3500,3600
Chirala,2015-01-21,3550.0,3500,3600
Chirala,2015-01-23,3550.0,3500,3600
Chirala,2015-01-24,3550.0,3500,3600
Chirala,2015-01-25,3550.0,3500,3600
Chirala,2015-01-28,3550.0,3500,3600
Chirala,2015-01-29,3550.0,3500,3600
Chirala,2015-01-30,3550.0,3500,3600
Chirala,2015-01-31,3550.0,3500,3600
Chirala,2015-02-01,3550.0,3500,3600
Chirala,2015-02-02,3550.0,3500,3600
Chirala,2015-02-03,3550.0,3500,3600
Chirala,2015-02-04,3550.0,3500,3600
Chirala,2015-02-06,3550.0,3500,3600
Chirala,2015-02-07,3550.0,3500,3600
Chirala,2015-02-08,3550.0,3500,3600
Chirala,2015-02-09,3550.0,3500,3600
Chirala,2015-02-10,3550.0,3500,3600
Chirala,2015-02-11,3550.0,3500,3600
Chirala,2015-02-12,3550.0,3500,3600
Chirala,2015-02-13,3550.0,3500,3600
Chirala,2015-02-14,3550.0,3500,3600
Chirala,2015-02-15,3550.0,3500,3600
Chirala,2015-02-18,3550.0,3500,3600
Chirala,2015-02-20,3550.0,3500,3600
Chirala,2015-02-23,3550.0,3500,3600
Chirala,2015-02-24,3550.0,3500,3600
Chirala,2015-02-25,3550.0,3500,3600
Chirala,2015-02-27,3550.0,3500,3600
Chirala,2015-03-01,3550.0,3500,3600
Chirala,2015-03-02,3550.0,3500,3600
Chirala,2015-03-03,3550.0,3500,3600
Chirala,2015-03-04,3550.0,3500,3600
Chirala,2015-03-06,3550.0,3500,3600
Chirala,2015-03-07,3550.0,3500,3600
Chirala,2015-03-08,3550.0,3500,3600
Chirala,2015-03-10,3550.0,3500,3600
Chirala,2015-03-11,3550.0,3500,3600
Chirala,2015-03-12,3550.0,3500,3600
Chirala,2015-03-13,3550.0,3500,3600
Chirala,2015-03-14,3550.0,3500,3600
Chirala,2015-03-15,3550.0,3500,3600
Chirala,2015-03-16,3550.0,3500,3600
Chirala,2015-03-17,3550.0,3500,3600
Chirala,2015-03-18,3550.0,3500,3600
Chirala,2015-03-19,3550.0,3500,3600
Chirala,2015-03-21,3550.0,3500,3600
Chirala,2015-03-24,3550.0,3500,3600
Chirala,2015-03-25,3550.0,3500,3600
Chirala,2015-03-26,3550.0,3500,3600
Chirala,2015-03-28,3550.0,3500,3600
Chirala,2015-03-29,3550.0,3500,3600
Chirala,2015-03-30,3550.0,3500,3600
Chirala,2015-04-01,3550.0,3500,3600
Chirala,2015-04-02,3550.0,3500,3600
Chirala,2015-04-03,3550.0,3500,3600
Chirala,2015-04-04,3550.0,3500,3600
Chirala,2015-04-06,3550.0,3500,3600
Chirala,2015-04-07,3550.0,3500,3600
Chirala,2015-04-09,3550.0,3500,3600
Chirala,2015-04-10,3550.0,3500,3600
Chirala,2015-04-12,3550.0,3500,3600
Chirala,2015-04-13,3550.0,3500,3600
Chirala,2015-04-15,3550.0,3500,3600
Chirala,2015-04-16,3550.0,3500,3600
Chirala,2015-04-17,3550.0,3500,3600
Chirala,2015-04-18,3550.0,3500,3600
Chirala,2015-04-20,3550.0,3500,3600
Chirala,2015-04-22,3550.0,3500,3600
Chirala,2015-04-23,3550.0,3500,3600
Chirala,2015-04-24,3550.0,3500,3600
Chirala,2015-04-25,3550.0,3500,3600
Chirala,2015-04-26,3550.0,3500,3600
Chirala,2015-04-28,3550.0,3500,3600
Chirala,2015-04-30,3550.0,3500,3600
Chirala,2015-05-01,3550.0,3500,3600
Chirala,2015-05-02,3550.0,3500,3600
Chirala,2015-05-04,3550.0,3500,3600
Chirala,2015-05-05,3550.0,3500,3600
Chirala,2015-05-06,3550.0,3500,3600
Chirala,2015-05-07,3550.0,3500,3600
Chirala,2015-05-08,3550.0,3500,3600
Chirala,2015-05-09,3550.0,3500,3600
Chirala,2015-05-10,3550.0,3500,3600
Chirala,2015-05-11,3550.0,3500,3600
Chirala,2015-05-12,3550.0,3500,3600
Chirala,2015-05-13,3550.0,3500,3600
Chirala,2015-05-14,3550.0,3500,3600
Chirala,2015-05-15,3550.0,3500,3600
Chirala,2015-05-16,3550.0,3500,3600
Chirala,2015-05-17,3550.0,3500,3600
Chirala,2015-05-18,3550.0,3500,3600
Chirala,2015-05-19,3550.0,3500,3600
Chirala,2015-05-21,3550.0,3500,3600
Chirala,2015-05-23,3550.0,3500,3600
Chirala,2015-05-24,3550.0,3500,3600
Chirala,2015-05-25,3550.0,3500,3600
Chirala,2015-05-26,3550.0,3500,3600
Chirala,2015-05-27,3550.0,3500,3600
Chirala,2015-05-28,3550.0,3500,3600
Chirala,2015-06-03,3550.0,3500,3600
Chirala,2015-06-04,3550.0,3500,3600
Chirala,2015-06-05,3550.0,3500,3600
Chirala,2015-06-06,3550.0,3500,3600
Chirala,2015-06-07,3550.0,3500,3600
Chirala,2015-06-09,3550.0,3500,3600
Chirala,2015-06-10,3550.0,3500,3600
Chirala,2015-06-11,3550.0,3500,3600
Chirala,2015-06-12,3550.0,3500,3600
Chirala,2015-06-13,3550.0,3500,3600
Chirala,2015-06-15,3550.0,3500,3600
Chirala,2015-06-16,3550.0,3500,3600
Chirala,2015-06-17,3550.0,3500,3600
Chirala,2015-06-18,3150.0,3100,3200
Chirala,2015-06-19,3150.0,3100,3200
Chirala,2015-06-20,3150.0,3100,3200
Chirala,2015-06-21,3150.0,3100,3200
Chirala,2015-06-22,3150.0,3100,3200
Chirala,2015-06-23,3150.0,3100,3200
Chirala,2015-06-24,3150.0,3100,3200
Chirala,2015-06-26,10600.0,10575,10625
Chirala,2015-06-27,3150.0,3100,3200
Chirala,2015-06-28,3150.0,3100,3200
Chirala,2015-06-30,3150.0,3100,3200
Chirala,2015-07-01,3150.0,3100,3200
Chirala,2015-07-03,3150.0,3100,3200
Chirala,2015-07-05,3150.0,3100,3200
Chirala,2015-07-06,3150.0,3100,3200
Chirala,2015-07-09,3150.0,3100,3200
Chirala,2015-07-10,3150.0,3100,3200
Chirala,2015-07-11,3150.0,3100,3200
Chirala,2015-07-13,3150.0,3100,3200
Chirala,2015-07-14,3150.0,3100,3200
Chirala,2015-07-15,3150.0,3100,3200
Chirala,2015-07-16,3150.0,3100,3200
Chirala,2015-07-18,3150.0,3100,3200
Chirala,2015-07-19,3150.0,3100,3200
Chirala,2015-07-20,3150.0,3100,3200
Chirala,2015-07-23,3150.0,3100,3200
Chirala,2015-07-24,3150.0,3100,3200
Chirala,2015-07-25,3150.0,3100,3200
Chirala,2015-07-26,3150.0,3100,3200
Chirala,2015-07-27,3150.0,3100,3200
Chirala,2015-07-28,3150.0,3100,3200
Chirala,2015-07-29,3150.0,3100,3200
Chirala,2015-07-30,3150.0,3100,3200
Chirala,2015-07-31,3150.0,3100,3200
Chirala,2015-08-01,3150.0,3100,3200
Chirala,2015-08-02,3150.0,3100,3200
Chirala,2015-08-03,3150.0,3100,3200
Chirala,2015-08-04,3150.0,3100,3200
Chirala,2015-08-05,3150.0,3100,3200
Chirala,2015-08-06,3150.0,3100,3200
Chirala,2015-08-07,3150.0,3100,3200
Chirala,2015-08-08,3150.0,3100,3200
Chirala,2015-08-09,3150.0,3100,3200
Chirala,2015-08-10,3150.0,3100,3200
Chirala,2015-08-11,3150.0,3100,3200
Chirala,2015-08-12,3150.0,3100,3200
Chirala,2015-08-13,3150.0,3100,3200
Chirala,2015-08-14,3150.0,3100,3200
Chirala,2015-08-15,3150.0,3100,3200
Chirala,2015-08-16,3150.0,3100,3200
Chirala,2015-08-17,3150.0,3100,3200
Chirala,2015-08-18,3150.0,3100,3200
Chirala,2015-08-19,3150.0,3100,3200
Chirala,2015-08-20,3150.0,3100,3200
Chirala,2015-08-21,3150.0,3100,3200
Chirala,2015-08-22,3150.0,3100,3200
Chirala,2015-08-23,3150.0,3100,3200
Chirala,2015-08-24,3150.0,3100,3200
Chirala,2015-08-25,3150.0,3100,3200
Chirala,2015-08-26,3150.0,3100,3200
Chirala,2015-08-27,3150.0,3100,3200
Chirala,2015-08-28,3950.0,3900,4000
Chirala,2015-08-29,3950.0,3900,4000
Chirala,2015-08-30,3950.0,3900,4000
Chirala,2015-08-31,3950.0,3900,4000
Chirala,2015-09-01,3950.0,3900,4000
Chirala,2015-09-02,3950.0,3900,4000
Chirala,2015-09-03,3950.0,3900,4000
Chirala,2015-09-04,3950.0,3900,4000
Chirala,2015-09-05,3950.0,3900,4000
Chirala,2015-09-06,3950.0,3900,4000
Chirala,2015-09-07,3950.0,3900,4000
Chirala,2015-09-08,3950.0,3900,4000
Chirala,2015-09-09,3950.0,3900,4000
Chirala,2015-09-10,3950.0,3900,4000
Chirala,2015-09-11,3950.0,3900,4000
Chirala,2015-09-12,3950.0,3900,4000
Chirala,2015-09-13,3950.0,3900,4000
Chirala,2015-09-14,3950.0,3900,4000
Chirala,2015-09-15,3950.0,3900,4000
Chirala,2015-09-16,3950.0,3900,4000
Chirala,2015-09-17,3950.0,3900,4000
Chirala,2015-09-18,3950.0,3900,4000
Chirala,2015-09-19,3950.0,3900,4000
Chirala,2015-09-20,3950.0,3900,4000
Chirala,2015-09-21,3950.0,3900,4000
Chirala,2015-09-22,3950.0,3900,4000
Chirala,2015-09-23,3950.0,3900,4000
Chirala,2015-09-24,3950.0,3900,4000
Chirala,2015-09-25,3950.0,3900,4000
Chirala,2015-09-26,3950.0,3900,4000
Chirala,2015-09-27,3950.0,3900,4000
Chirala,2015-09-28,3950.0,3900,4000
Chirala,2015-09-29,3950.0,3900,4000
Chirala,2015-09-30,3950.0,3900,4000
Chirala,2015-10-01,3950.0,3900,4000
Chirala,2015-10-02,3950.0,3900,4000
Chirala,2015-10-03,3950.0,3900,4000
Chirala,2015-10-04,3950.0,3900,4000
Chirala,2015-10-05,3950.0,3900,4000
Chirala,2015-10-06,3950.0,3900,4000
Chirala,2015-10-07,3950.0,3900,4000
Chirala,2015-10-08,3950.0,3900,4000
Chirala,2015-10-09,3950.0,3900,4000
Chirala,2015-10-10,3950.0,3900,4000
Chirala,2015-10-11,3950.0,3900,4000
Chirala,2015-10-12,3950.0,3900,4000
Chirala,2015-10-13,3950.0,3900,4000
Chirala,2015-10-14,3950.0,3900,4000
Chirala,2015-10-15,3950.0,3900,4000
Chirala,2015-10-16,3950.0,3900,4000
Chirala,2015-10-17,3950.0,3900,4000
Chirala,2015-10-18,3950.0,3900,4000
Chirala,2015-10-19,3950.0,3900,4000
Chirala,2015-10-20,3950.0,3900,4000
Chirala,2015-10-21,3950.0,3900,4000
Chirala,2015-10-22,3950.0,3900,4000
Chirala,2015-10-23,3950.0,3900,4000
Chirala,2015-10-24,3950.0,3000,4000
Chirala,2015-10-25,3950.0,3900,4000
Chirala,2015-10-26,3950.0,3900,4000
Chirala,2015-10-27,3950.0,3900,4000
Chirala,2015-10-28,3950.0,3900,4000
Chirala,2015-10-29,3950.0,3900,4000
Chirala,2015-10-30,3950.0,3900,4000
Chirala,2015-10-31,3950.0,3900,4000
Chirala,2015-11-01,3950.0,3900,4000
Chirala,2015-11-02,3950.0,3900,4000
Chirala,2015-11-04,3950.0,3900,4000
Chirala,2015-11-05,3950.0,3900,4000
Chirala,2015-11-06,3950.0,3900,4000
Chirala,2015-11-07,3950.0,3900,4000
Chirala,2015-11-08,3950.0,3900,4000
Chirala,2015-11-09,3950.0,3900,4000
Chirala,2015-11-10,3950.0,3900,4000
Chirala,2015-11-11,3950.0,3900,4000
Chirala,2015-11-12,3950.0,3900,4000
Chirala,2015-11-13,3950.0,3900,4000
Chirala,2015-11-14,3950.0,3900,4000
Chirala,2015-11-15,3950.0,3900,4000
Chirala,2015-11-16,3950.0,3900,4000
Chirala,2015-11-17,3950.0,3900,4000
Chirala,2015-11-18,3950.0,3900,4000
Chirala,2015-11-19,3950.0,3900,4000
Chirala,2015-11-20,3950.0,3900,4000
Chirala,2015-11-21,3950.0,3900,4000
Chirala,2015-11-23,3950.0,3900,4000
Chirala,2015-11-25,3950.0,3900,4000
Chirala,2015-11-26,3950.0,3900,4000
Chirala,2015-11-27,3950.0,3900,4000
Chirala,2015-11-28,3950.0,3900,4000
Chirala,2015-11-29,3950.0,3900,4000
Chirala,2015-11-30,3950.0,3900,4000
Chirala,2015-12-01,3950.0,3900,4000
Chirala,2015-12-03,3950.0,3900,4000
Chirala,2015-12-04,3950.0,3900,4000
Chirala,2015-12-05,3950.0,3900,4000
Chirala,2015-12-06,3950.0,3900,4000
Chirala,2015-12-07,3950.0,3900,4000
Chirala,2015-12-11,3950.0,3900,4000
Chirala,2015-12-12,3950.0,3900,4000
Chirala,2015-12-13,3950.0,3900,4000
Chirala,2015-12-15,3950.0,3900,4000
Chirala,2015-12-16,3950.0,3900,4000
Chirala,2015-12-17,3950.0,3900,4000
Chirala,2015-12-19,3950.0,3900,4000
Chirala,2015-12-20,3950.0,3900,4000
Chirala,2015-12-22,3950.0,3900,4000
Chirala,2015-12-23,3950.0,3900,4000
Chirala,2015-12-24,3950.0,3900,4000
Chirala,2015-12-25,3950.0,3900,4000
Chirala,2015-12-26,3950.0,3900,4000
Chirala,2015-12-27,3950.0,3900,4000
Chirala,2015-12-28,3950.0,3900,4000
Chirala,2015-12-29,3950.0,3900,4000
Chirala,2015-12-31,3950.0,3900,4000
Chirala,2016-01-01,3950.0,3900,4000
Chirala,2016-01-02,3950.0,3900,4000
Chirala,2016-01-04,3950.0,3900,4000
Chirala,2016-01-05,3950.0,3900,4000
Chirala,2016-01-06,3950.0,3900,4000
Chirala,2016-01-08,3950.0,3900,4000
Chirala,2016-01-09,3950.0,3900,4000
Chirala,2016-01-10,3950.0,3900,4000
Chirala,2016-01-11,3950.0,3900,4000
Chirala,2016-01-12,3950.0,3900,4000
Chirala,2016-01-13,3950.0,3900,4000
Chirala,2016-01-14,3950.0,3900,4000
Chirala,2016-01-15,3950.0,3900,4000
Chirala,2016-01-16,3950.0,3900,4000
Chirala,2016-01-17,3950.0,3900,4000
Chirala,2016-01-19,3950.0,3900,4000
Chirala,2016-01-20,3950.0,3900,4000
Chirala,2016-01-21,3950.0,3900,4000
Chirala,2016-01-22,3950.0,3900,4000
Chirala,2016-01-23,3950.0,3900,4000
Chirala,2016-01-24,3950.0,3900,4000
Chirala,2016-01-25,3950.0,3900,4000
Chirala,2016-01-26,3950.0,3900,4000
Chirala,2016-01-27,3950.0,3900,4000
Chirala,2016-01-28,3950.0,3900,4000
Chirala,2016-01-29,3950.0,3900,4000
Chirala,2016-02-01,3950.0,3900,4000
Chirala,2016-02-02,3950.0,3900,4000
Chirala,2016-02-03,3950.0,3900,4000
Chirala,2016-02-04,3950.0,3900,4000
Chirala,2016-02-05,3950.0,3900,4000
Chirala,2016-02-06,3950.0,3900,4000
Chirala,2016-02-07,3950.0,3900,4000
Chirala,2016-02-09,3950.0,3900,4000
Chirala,2016-02-10,3950.0,3900,4000
Chirala,2016-02-12,3950.0,3900,4000
Chirala,2016-02-13,3950.0,3900,4000
Chirala,2016-02-14,4050.0,4000,4100
Chirala,2016-02-15,3950.0,3900,4000
Chirala,2016-02-18,4050.0,4000,4100
Chirala,2016-02-19,3950.0,3900,4000
Chirala,2016-02-20,4050.0,4000,4100
Chirala,2016-02-21,3950.0,3900,4000
Chirala,2016-02-22,4000.0,3900,4100
Chirala,2016-03-01,3950.0,3900,4000
Chirala,2016-03-02,4000.0,3950,4050
Chirala,2016-03-03,3950.0,3900,4000
Chirala,2016-03-05,3950.0,3900,4000
Chirala,2016-03-06,4000.0,3950,4050
Chirala,2016-03-07,3950.0,3900,4000
Chirala,2016-03-10,4000.0,3950,4050
Chirala,2016-03-12,4000.0,3950,4050
Chirala,2016-03-14,4000.0,3950,4050
Chirala,2016-03-16,4000.0,3950,4050
Chirala,2016-03-17,3950.0,3900,4000
Chirala,2016-03-20,4000.0,3950,4050
Chirala,2016-03-21,3950.0,3900,4000
Chirala,2016-03-22,4000.0,3950,4050
Chirala,2016-03-24,4000.0,3950,4050
Chirala,2016-03-25,3950.0,3900,4000
Chirala,2016-03-26,4000.0,3950,4050
Chirala,2016-03-27,3950.0,3900,4000
Chirala,2016-03-28,4000.0,3950,4050
Chirala,2016-04-01,3950.0,3900,4000
Chirala,2016-04-02,4000.0,3950,4050
Chirala,2016-04-03,3950.0,3900,4000
Chirala,2016-04-05,3950.0,3900,4000
Chirala,2016-04-06,4000.0,3950,4050
Chirala,2016-04-08,3950.0,3900,4000
Chirala,2016-04-09,4050.0,4000,4100
Chirala,2016-04-10,3950.0,3900,4000
Chirala,2016-04-11,4050.0,4000,4100
Chirala,2016-04-12,3950.0,3900,4000
Chirala,2016-04-14,3950.0,3900,4000
Chirala,2016-04-15,4050.0,4000,4100
Chirala,2016-04-16,3950.0,3900,4000
Chirala,2016-04-18,3950.0,3900,4000
Chirala,2016-04-21,4050.0,4000,4100
Chirala,2016-04-22,3950.0,3900,4000
Chirala,2016-04-24,3950.0,3900,4000
Chirala,2016-04-26,3950.0,3900,4000
Chirala,2016-04-27,4050.0,4000,4100
Chirala,2016-04-30,3950.0,3900,4000
Chirala,2016-06-04,4150.0,4100,4200
Chirala,2016-06-05,4150.0,4100,4200
Chirala,2016-06-06,4150.0,4100,4200
Chirala,2016-06-07,4150.0,4100,4200
Chirala,2016-06-08,4200.0,4150,4250
Chirala,2016-06-09,4200.0,4150,4250
Chirala,2016-06-10,4200.0,4150,4250
Chirala,2016-06-11,4200.0,4150,4250
Chirala,2016-06-12,4200.0,4150,4250
Chirala,2016-06-13,4200.0,4150,4250
Chirala,2016-06-14,4200.0,4150,4250
Chirala,2016-06-16,4200.0,4150,4250
Chirala,2016-06-18,4200.0,4150,4250
Chirala,2016-06-21,4200.0,4150,4250
Chirala,2016-06-22,4200.0,4150,4250
Chirala,2016-06-23,4200.0,4150,4250
Chirala,2016-06-24,4200.0,4150,4250
Chirala,2016-06-26,4200.0,4150,4250
Chirala,2016-06-27,4200.0,4150,4250
Chirala,2016-06-28,4200.0,4150,4250
Chirala,2016-06-29,4200.0,4150,4250
Chirala,2016-06-30,4200.0,4150,4250
Chirala,2016-07-01,4200.0,4150,4250
Chirala,2016-07-02,4200.0,4150,4250
Chirala,2016-07-03,4200.0,4150,4250
Chirala,2016-07-04,4200.0,4150,4250
Chirala,2016-07-05,4200.0,4150,4250
Chirala,2016-07-07,4200.0,4150,4250
Chirala,2016-07-09,4200.0,4150,4250
Chirala,2016-07-11,4200.0,4150,4250
Chirala,2016-07-12,4200.0,4150,4250
Chirala,2016-07-13,4200.0,4150,4250
Chirala,2016-07-15,4200.0,4150,4250
Chirala,2016-07-16,4200.0,4150,4250
Chirala,2016-07-17,4200.0,4150,4250
Chirala,2016-07-18,4200.0,4150,4250
Chirala,2016-07-19,4200.0,4150,4250
Chirala,2016-07-20,4200.0,4150,4250
Chirala,2016-07-22,4200.0,4150,4250
Chirala,2016-07-23,4200.0,4150,4250
Chirala,2016-07-24,4200.0,4150,4250
Chirala,2016-07-25,4150.0,4100,4250
Chirala,2016-07-26,4200.0,4150,4250
Chirala,2016-07-27,4200.0,4150,4250
Chirala,2016-07-28,4200.0,4150,4250
Chirala,2016-07-29,4200.0,4150,4250
Chirala,2016-07-30,4200.0,4150,4250
Chirala,2016-08-01,4250.0,4200,4300
Chirala,2016-08-02,4250.0,4200,4300
Chirala,2016-08-03,4250.0,4200,4300
Chirala,2016-08-04,4250.0,4200,4300
Chirala,2016-08-05,4250.0,4200,4300
Chirala,2016-08-06,4250.0,4200,4300
Chirala,2016-08-07,4250.0,4200,4300
Chirala,2016-08-08,4250.0,4200,4300
Chirala,2016-08-09,4250.0,4200,4300
Chirala,2016-08-10,4250.0,4200,4300
Chirala,2016-08-11,4250.0,4200,4300
Chirala,2016-08-12,4250.0,4200,4300
Chirala,2016-08-13,4250.0,4200,4300
Chirala,2016-08-14,4250.0,4200,4300
Chirala,2016-08-16,4250.0,4200,4300
Chirala,2016-08-17,4250.0,4200,4300
Chirala,2016-08-18,4250.0,4200,4300
Chirala,2016-08-19,4250.0,4200,4300
Chirala,2016-08-20,4250.0,4200,4300
Chirala,2016-08-22,4250.0,4200,4300
Chirala,2016-08-26,4250.0,4200,4300
Chirala,2016-08-27,4250.0,4200,4300
Chirala,2016-08-28,4250.0,4200,4300
Chirala,2016-08-29,4250.0,4200,4300
Chirala,2016-08-30,4250.0,4200,4300
Chirala,2016-08-31,4250.0,4200,4300
Chirala,2016-09-02,4250.0,4200,4300
Chirala,2016-09-04,4250.0,4200,4300
Chirala,2016-09-06,4250.0,4200,4300
Chirala,2016-09-08,4250.0,4200,4300
Chirala,2016-09-11,4250.0,4200,4300
Chirala,2016-09-12,4250.0,4200,4300
Chirala,2016-09-13,4250.0,4200,4300
Chirala,2016-09-14,4250.0,4200,4300
Chirala,2016-09-15,4250.0,4200,4300
Chirala,2016-09-16,4250.0,4200,4300
Chirala,2016-09-17,4250.0,4200,4300
Chirala,2016-09-18,4250.0,4200,4300
Chirala,2016-09-19,4250.0,4200,4300
Chirala,2016-09-20,4250.0,4200,4300
Chirala,2016-09-21,4250.0,4200,4300
Chirala,2016-09-23,4250.0,4200,4300
Chirala,2016-09-24,4250.0,4200,4300
Chirala,2016-09-25,4250.0,4200,4300
Chirala,2016-09-26,4250.0,4200,4300
Chirala,2016-09-27,4150.0,4100,4200
Chirala,2016-09-28,4150.0,4100,4200
Chirala,2016-09-29,4150.0,4100,4200
Chirala,2016-09-30,4150.0,4100,4200
Chirala,2016-10-02,4150.0,4100,4200
Chirala,2016-10-03,4150.0,4100,4200
Chirala,2016-10-05,4150.0,4100,4200
Chirala,2016-10-07,4150.0,4100,4200
Chirala,2016-10-08,4150.0,4100,4200
Chirala,2016-10-09,4150.0,4100,4200
Chirala,2016-10-10,4150.0,4100,4200
Chirala,2016-10-11,4150.0,4100,4200
Chirala,2016-10-12,4150.0,4100,4200
Chirala,2016-10-13,4150.0,4100,4200
Chirala,2016-10-14,4150.0,4100,4200
Chirala,2016-10-15,4150.0,4100,4200
Chirala,2016-10-17,4150.0,4100,4200
Chirala,2016-10-18,4150.0,4100,4200
Chirala,2016-10-19,4150.0,4100,4200
Chirala,2016-10-21,4150.0,4100,4200
Chirala,2016-10-23,4150.0,4100,4200
Chirala,2016-10-24,4150.0,4100,4200
Chirala,2016-10-25,4150.0,4100,4200
Chirala,2016-10-26,4150.0,4100,4200
Chirala,2016-10-27,4150.0,4100,4200
Chirala,2016-10-28,4150.0,4100,4200
Chirala,2016-10-30,4150.0,4100,4200
Chirala,2016-10-31,4150.0,4100,4200
Chirala,2016-11-01,4150.0,4100,4200
Chirala,2016-11-06,4250.0,4200,4300
Chirala,2016-11-07,4250.0,4200,4300
Chirala,2016-11-08,4250.0,4200,4300
Chirala,2016-11-09,4250.0,4200,4300
Chirala,2016-11-10,4250.0,4200,4300
Chirala,2016-11-11,4250.0,4200,4300
Chirala,2016-11-13,4250.0,4200,4300
Chirala,2016-11-17,4250.0,4200,4300
Chirala,2016-11-21,4250.0,4200,4300
Chirala,2016-11-22,4250.0,4200,4300
Chirala,2016-11-24,4250.0,4200,4300
Chirala,2016-11-25,4250.0,4200,4300
Chirala,2016-11-26,4250.0,4200,4300
Chirala,2016-11-28,4250.0,4200,4300
Chirala,2016-11-29,4250.0,4200,4300
Chirala,2016-12-01,4000.0,3900,4100
Chirala,2016-12-02,4000.0,3900,4100
Chirala,2016-12-03,4000.0,3900,4100
Chirala,2016-12-04,4000.0,3900,4100
Chirala,2016-12-05,4000.0,3900,4100
Chirala,2016-12-07,4000.0,3900,4100
Chirala,2016-12-08,4000.0,3900,4100
Chirala,2016-12-09,4000.0,3900,4100
Chirala,2016-12-10,4000.0,3900,4100
Chirala,2016-12-12,4000.0,3900,4100
Chirala,2016-12-14,4000.0,3900,4100
Chirala,2016-12-15,4000.0,3900,4100
Chirala,2016-12-16,4000.0,3900,4100
Chirala,2016-12-17,4000.0,3900,4100
Chirala,2016-12-18,4000.0,3900,4100
Chirala,2016-12-19,4000.0,3900,4100
Chirala,2016-12-20,4000.0,3900,4100
Chirala,2016-12-22,4000.0,3900,4100
Chirala,2016-12-23,4000.0,3900,4100
Chirala,2016-12-24,4000.0,3900,4100
Chirala,2016-12-25,4000.0,3900,4100
Chirala,2016-12-26,4000.0,3900,4100
Chirala,2016-12-27,4000.0,3900,4100
Chirala,2016-12-28,4000.0,3900,4100
Chirala,2016-12-29,4000.0,3900,4100
Chirala,2016-12-31,4000.0,3900,4100
Chirala,2017-01-01,3900.0,3800,4000
Chirala,2017-01-02,3900.0,3800,4000
Chirala,2017-01-03,3900.0,3800,4000
Chirala,2017-01-04,3900.0,3800,4000
Chirala,2017-01-05,3900.0,3800,4000
Chirala,2017-01-06,3900.0,3800,4000
Chirala,2017-01-07,3900.0,3800,4000
Chirala,2017-01-08,3900.0,3800,4000
Chirala,2017-01-09,3900.0,3800,4000
Chirala,2017-01-10,3900.0,3800,4000
Chirala,2017-01-11,3900.0,3800,4000
Chirala,2017-01-12,3900.0,3800,4000
Chirala,2017-01-13,3900.0,3800,4000
Chirala,2017-01-14,3900.0,3800,4000
Chirala,2017-01-15,3900.0,3800,4000
Chirala,2017-01-16,3900.0,3800,4000
Chirala,2017-01-17,3900.0,3800,4000
Chirala,2017-01-18,3900.0,3800,4000
Chirala,2017-01-19,3900.0,3800,4000
Chirala,2017-01-20,3900.0,3800,4000
Chirala,2017-01-21,3900.0,3800,4000
Chirala,2017-01-22,3900.0,3800,4000
Chirala,2017-01-23,3900.0,3800,4000
Chirala,2017-01-24,3900.0,3800,4000
Chirala,2017-01-25,3900.0,3800,4000
Chirala,2017-01-26,3900.0,3800,4000
Chirala,2017-01-27,3900.0,3800,4000
Chirala,2017-01-28,3900.0,3800,4000
Chirala,2017-01-29,3900.0,3800,4000
Chirala,2017-01-30,3900.0,3800,4000
Chirala,2017-02-01,4250.0,4200,4300
Chirala,2017-02-02,4250.0,4200,4300
Chirala,2017-02-03,4250.0,4200,4300
Chirala,2017-02-04,4250.0,4200,4300
Chirala,2017-02-05,4250.0,4200,4300
Chirala,2017-02-06,4250.0,4200,4300
Chirala,2017-02-07,4250.0,4200,4300
Chirala,2017-02-08,4250.0,4200,4300
Chirala,2017-02-09,4250.0,4200,4300
Chirala,2017-02-10,4250.0,4200,4300
Chirala,2017-02-11,4250.0,4200,4300
Chirala,2017-02-12,4250.0,4200,4300
Chirala,2017-02-13,4250.0,4200,4300
Chirala,2017-02-14,4250.0,4200,4300
Chirala,2017-02-15,4250.0,4200,4300
Chirala,2017-02-16,4250.0,4200,4300
Chirala,2017-02-17,4250.0,4200,4300
Chirala,2017-02-18,4250.0,4200,4300
Chirala,2017-02-19,4250.0,4200,4300
Chirala,2017-02-20,4250.0,4200,4300
Chirala,2017-02-21,4250.0,4200,4300
Chirala,2017-02-22,4250.0,4200,4300
Chirala,2017-02-23,4250.0,4200,4300
Chirala,2017-02-25,4250.0,4200,4300
Chirala,2017-02-26,4250.0,4200,4300
Chirala,2017-02-27,4250.0,4200,4300
Chirala,2017-03-01,4350.0,4300,4400
Chirala,2017-03-02,4350.0,4300,4400
Chirala,2017-03-03,4350.0,4300,4400
Chirala,2017-03-04,4350.0,4300,4400
Chirala,2017-03-05,4350.0,4300,4400
Chirala,2017-03-06,4350.0,4300,4400
Chirala,2017-03-07,4350.0,4300,4400
Chirala,2017-05-01,4250.0,4200,4300
Chirala,2017-05-03,4250.0,4200,4300
Chirala,2017-05-04,4250.0,4200,4300
Chirala,2017-05-05,4250.0,4200,4300
Chirala,2017-05-06,4250.0,4200,4300
Chirala,2017-05-07,4250.0,4200,4300
Chirala,2017-05-08,4250.0,4200,4300
Chirala,2017-05-09,4250.0,4200,4300
Chirala,2017-05-10,4250.0,4200,4300
Chirala,2017-05-11,4250.0,4200,4300
Chirala,2017-05-12,4250.0,4200,4300
Chirala,2017-05-13,4250.0,4200,4300
Chirala,2017-05-14,4250.0,4200,4300
Chirala,2017-05-15,4250.0,4200,4300
Chirala,2017-05-16,4150.0,4100,4200
Chirala,2017-06-01,4400.0,4350,4450
Chirala,2017-06-02,4400.0,4350,4450
Chirala,2017-06-03,4400.0,4350,4450
Chirala,2017-06-04,4400.0,4350,4450
Chirala,2017-06-05,4400.0,4350,4450
Chirala,2017-06-06,4420.0,4370,4470
Chirala,2017-06-07,4420.0,4370,4470
Chirala,2017-06-08,4420.0,4370,4470
Chirala,2017-06-09,4420.0,4370,4470
Chirala,2017-06-10,4420.0,4370,4470
Chirala,2017-06-11,4420.0,4370,4470
Chirala,2017-06-12,4420.0,4370,4470
Chirala,2017-06-13,4420.0,4370,4470
Chirala,2017-06-14,4420.0,4370,4470
Chirala,2017-06-15,4400.0,4350,4450
Chirala,2017-06-16,4400.0,4350,4450
Chirala,2017-06-18,4380.0,4330,4430
Chirala,2017-06-19,4380.0,4330,4430
Chirala,2017-06-20,4380.0,4330,4430
Chirala,2017-06-21,4380.0,4330,4430
Chirala,2017-06-22,4380.0,4330,4430
Chirala,2017-08-01,3950.0,3900,4000
Chirala,2017-08-02,3950.0,3900,4000
Chirala,2017-08-03,3950.0,3900,4000
Chirala,2017-08-04,3950.0,3900,4000
Chirala,2017-08-05,3950.0,3900,4000
Chirala,2017-08-12,3970.0,3920,4020
Chirala,2017-08-13,3970.0,3920,4020
Chirala,2017-08-14,3970.0,3920,4020
Chirala,2017-08-15,3970.0,3920,4020
Chirala,2017-08-16,3970.0,3920,4020
Chirala,2017-08-17,3970.0,3920,4020
Chirala,2017-08-18,3970.0,3920,4020
Chirala,2017-08-19,4025.0,4000,4050
Chirala,2017-08-20,4025.0,4000,4050
Chirala,2017-08-21,4025.0,4000,4050
Chirala,2017-08-22,4025.0,4000,40580
Chirala,2017-08-23,3950.0,3900,4000
Chirala,2017-08-24,3950.0,3900,4000
Chirala,2017-08-25,3950.0,3900,4000
Chirala,2017-08-26,3950.0,3900,4000
Chirala,2017-08-27,4000.0,3900,4100
Chirala,2017-08-28,4000.0,3900,4100
Chirala,2017-08-29,4000.0,3900,4100
Chirala,2017-08-30,3950.0,3900,4000
Chirala,2017-08-31,3950.0,3900,4000
Chirala,2017-09-01,3950.0,3900,4000
Chirala,2017-09-02,4050.0,4000,4100
Chirala,2017-09-03,4050.0,4000,4100
Chirala,2017-09-04,4050.0,4000,4100
Chirala,2017-09-05,4050.0,4000,4100
Chirala,2017-09-06,3950.0,3900,4000
Chirala,2017-09-07,3950.0,3900,4000
Chirala,2017-09-08,3950.0,3900,4000
Chirala,2017-09-09,3950.0,3900,4000
Chirala,2017-09-10,4050.0,4000,4100
Chirala,2017-09-11,4050.0,4000,4100
Chirala,2017-09-12,4050.0,4000,4100
Chirala,2017-09-13,4150.0,4100,4200
Chirala,2017-09-14,4150.0,4100,4200
Chirala,2017-09-15,4150.0,4100,4200
Chirala,2017-09-16,4100.0,4050,4150
Chirala,2017-09-17,4100.0,4050,4150
Chirala,2017-09-18,4100.0,4050,4150
Chirala,2017-09-19,4100.0,4050,4150
Chirala,2017-09-20,4100.0,4050,4150
Chirala,2017-09-21,4150.0,4100,4200
Chirala,2017-09-22,4150.0,4100,4200
Chirala,2017-09-23,4150.0,4100,4200
Chirala,2017-09-24,4125.0,4100,4150
Chirala,2017-09-25,4125.0,4100,4150
Chirala,2017-09-26,4125.0,4100,4150
Chirala,2017-09-27,4200.0,4175,4220
Chirala,2017-09-28,4200.0,4175,4220
Chirala,2017-09-29,4200.0,4175,4220
Chirala,2017-10-01,4250.0,4200,4300
Chirala,2017-10-02,4250.0,4200,4300
Chirala,2017-10-03,4250.0,4200,4300
Chirala,2017-10-04,4250.0,4200,4300
Chirala,2017-10-05,4240.0,4200,4280
Chirala,2017-10-06,4240.0,4200,4280
Chirala,2017-10-07,4240.0,4200,4280
Chirala,2017-10-08,4220.0,4000,4240
Chirala,2017-10-09,4220.0,4200,4240
Chirala,2017-10-10,4220.0,4200,4240
Chirala,2017-10-11,4220.0,4200,4240
Chirala,2017-10-12,4210.0,4200,4220
Chirala,2017-10-13,4210.0,4200,4220
Chirala,2017-10-14,4210.0,4200,4220
Chirala,2017-10-15,4210.0,4200,4220
Chirala,2017-10-16,4210.0,4200,4220
Chirala,2017-10-17,4200.0,4190,4210
Chirala,2017-10-18,4200.0,4190,4210
Chirala,2017-10-19,4200.0,4190,4210
Chirala,2017-10-20,4200.0,4190,4210
Chirala,2017-10-21,4180.0,4150,4200
Chirala,2017-10-22,4180.0,4150,4200
Chirala,2017-10-23,4180.0,4150,4200
Chirala,2017-10-24,4180.0,4150,4200
Chirala,2017-10-25,4180.0,4150,4200
Chirala,2017-10-26,4180.0,4150,4200
Chirala,2017-10-27,4250.0,4200,4300
Chirala,2017-10-28,4250.0,4200,4300
Chirala,2017-10-29,4250.0,4200,4300
Chirala,2017-10-30,4250.0,4200,4300
Chirala,2017-10-31,4330.0,4300,4350
Chirala,2017-11-01,4080.0,4050,4100
Chirala,2017-11-02,4080.0,4050,4100
Chirala,2017-11-03,4080.0,4050,4100
Chirala,2017-11-04,4080.0,4050,4100
Chirala,2017-11-05,4150.0,4100,4200
Chirala,2017-11-06,4150.0,4100,4200
Chirala,2017-11-07,4150.0,4100,4200
Chirala,2017-11-08,4150.0,4100,4200
Chirala,2017-11-09,4050.0,4000,4100
Chirala,2017-11-10,4050.0,4000,4100
Chirala,2017-11-11,4050.0,4000,4100
Chirala,2017-11-12,4050.0,4000,4100
Chirala,2017-11-13,4050.0,4000,4100
Chirala,2017-11-14,4080.0,4050,4100
Chirala,2017-11-15,4080.0,4050,4100
Chirala,2017-11-16,4080.0,4050,4100
Chirala,2017-11-17,4080.0,4050,4100
Chirala,2017-11-18,4080.0,4050,4100
Chirala,2017-11-19,3950.0,3900,4000
Chirala,2017-11-20,3950.0,3900,4000
Chirala,2017-11-21,3950.0,3900,4000
Chirala,2017-11-22,3950.0,3900,4000
Chirala,2017-11-23,3950.0,3900,4000
Chirala,2017-11-24,3980.0,3950,4000
Chirala,2017-11-25,3980.0,3950,4000
Chirala,2017-11-26,3980.0,3950,4000
Chirala,2017-11-27,3980.0,3950,4000
Chirala,2017-11-28,3980.0,3950,4000
Chirala,2017-11-29,4050.0,4000,4100
Chirala,2017-11-30,4050.0,4000,4100
Chirala,2017-12-01,4050.0,4000,4100
Chirala,2017-12-02,4050.0,4000,4100
Chirala,2017-12-03,4050.0,4000,4100
Chirala,2017-12-04,4050.0,4000,4100
Chirala,2017-12-05,4050.0,4000,4100
Chirala,2017-12-06,4050.0,4000,4100
Chirala,2017-12-07,4050.0,4000,4100
Chirala,2017-12-08,4050.0,4000,4100
Chirala,2017-12-09,4050.0,4000,4100
Chirala,2017-12-10,4050.0,4000,4100
Chirala,2017-12-11,4040.0,4000,4070
Chirala,2017-12-12,4040.0,4000,4070
Chirala,2017-12-13,4040.0,4000,4070
Chirala,2017-12-14,4040.0,4000,4070
Chirala,2017-12-15,4040.0,4000,4070
Chirala,2017-12-16,4090.0,4080,4100
Chirala,2017-12-17,4090.0,4080,4100
Chirala,2017-12-18,4090.0,4080,4100
Chirala,2017-12-19,4130.0,4100,4150
Chirala,2017-12-21,4130.0,4100,4150
Chirala,2017-12-22,4170.0,4160,4180
Chirala,2017-12-23,4150.0,4140,4160
Chirala,2017-12-24,4180.0,4150,4200
Chirala,2017-12-25,4180.0,4150,4200
Chirala,2017-12-26,4180.0,4150,4200
Chirala,2017-12-27,4180.0,4150,4200
Chirala,2017-12-28,4180.0,4150,4200
Divi,2003-09-20,1225.0,1050,1400
Divi,2003-09-22,1225.0,1050,1400
Divi,2003-09-23,1225.0,1050,1400
Divi,2003-09-24,1075.0,1050,1100
Divi,2003-09-25,1350.0,1325,1375
Divi,2003-09-26,1025.0,1000,1050
Divi,2003-09-27,1187.5,1000,1375
Divi,2003-09-29,1241.6666666666667,1000,1375
Divi,2003-10-01,1133.3333333333333,1000,1375
Divi,2003-10-06,1025.0,1000,1050
Divi,2003-10-07,1187.5,1000,1375
Divi,2003-10-08,1350.0,1325,1375
Divi,2003-10-09,1025.0,1000,1050
Divi,2003-10-10,1133.3333333333333,1000,1375
Divi,2003-10-13,1187.5,1000,1375
Divi,2003-10-15,1187.5,1000,1375
Divi,2003-10-16,1241.6666666666667,1000,1375
Divi,2003-10-17,1241.6666666666667,1000,1375
Divi,2003-10-18,1187.5,1000,1375
Divi,2003-10-21,1187.5,1000,1375
Divi,2003-10-22,1241.6666666666667,1000,1375
Divi,2003-10-23,1025.0,1000,1050
Divi,2003-10-24,1241.6666666666667,1000,1375
Divi,2003-10-27,1187.5,1000,1375
Divi,2003-10-28,1133.3333333333333,1000,1375
Divi,2003-10-29,1187.5,1000,1375
Divi,2003-10-30,1241.6666666666667,1000,1375
Divi,2003-10-31,1241.6666666666667,1000,1375
Divi,2003-11-01,1187.5,1000,1375
Divi,2003-11-03,1187.5,1000,1375
Divi,2003-11-04,1025.0,1000,1050
Divi,2003-11-05,1025.0,1000,1050
Divi,2003-11-06,1025.0,1000,1050
Divi,2003-11-07,1187.5,1000,1375
Divi,2003-11-10,1350.0,1325,1375
Divi,2003-11-11,1187.5,1000,1375
Divi,2003-11-12,1133.3333333333333,1000,1375
Divi,2003-11-13,1187.5,1000,1375
Divi,2003-11-14,1350.0,1325,1375
Divi,2003-11-15,1350.0,1325,1375
Divi,2003-11-17,1025.0,1000,1050
Divi,2003-11-18,1187.5,1000,1375
Divi,2003-11-19,1133.3333333333333,1000,1375
Divi,2003-11-20,1025.0,1000,1050
Divi,2003-11-21,1187.5,1000,1375
Divi,2003-11-22,1133.3333333333333,1000,1375
Divi,2003-11-24,1187.5,1000,1375
Divi,2003-11-27,1350.0,1325,1375
Divi,2003-11-28,1025.0,1000,1050
Divi,2003-11-29,1025.0,1000,1050
Divi,2003-12-01,1025.0,1000,1050
Divi,2003-12-02,1025.0,1000,1050
Divi,2003-12-03,1350.0,1325,1375
Divi,2003-12-04,1025.0,1000,1050
Divi,2003-12-05,1187.5,1000,1375
Divi,2003-12-06,1187.5,1000,1375
Divi,2003-12-07,1235.0,1000,1350
Divi,2003-12-08,1187.5,1000,1375
Divi,2003-12-09,1182.5,1000,1350
Divi,2003-12-10,1182.5,1000,1350
Divi,2003-12-11,1025.0,1000,1050
Divi,2003-12-12,1025.0,1000,1050
Divi,2003-12-13,1025.0,1000,1050
Divi,2003-12-14,1182.5,1000,1350
Divi,2003-12-15,1340.0,1325,1350
Divi,2003-12-16,1182.5,1000,1350
Divi,2003-12-17,1182.5,1000,1350
Divi,2003-12-18,1025.0,1000,1050
Divi,2003-12-19,1235.0,1000,1350
Divi,2003-12-20,1340.0,1325,1350
Divi,2003-12-21,1130.0,1000,1350
Divi,2003-12-22,1130.0,1000,1350
Divi,2003-12-23,1025.0,1000,1050
Divi,2003-12-24,1025.0,1000,1050
Divi,2003-12-26,1182.5,1000,1350
Divi,2003-12-27,1182.5,1000,1350
Divi,2003-12-28,1182.5,1000,1350
Divi,2003-12-29,1130.0,1000,1350
Divi,2003-12-30,1130.0,1000,1350
Divi,2003-12-31,1182.5,1000,1350
Divi,2004-01-01,1130.0,1000,1350
Divi,2004-01-02,1130.0,1000,1350
Divi,2004-01-03,1182.5,1000,1350
Divi,2004-01-04,1182.5,1000,1350
Divi,2004-01-05,1130.0,1000,1350
Divi,2004-01-06,1182.5,1000,1350
Divi,2004-01-07,1130.0,1000,1350
Divi,2004-01-08,1235.0,1000,1350
Divi,2004-01-09,1130.0,1000,1350
Divi,2004-01-10,1182.5,1000,1350
Divi,2004-01-11,1235.0,1000,1350
Divi,2004-01-12,1025.0,1000,1050
Divi,2004-01-13,1235.0,1000,1350
Divi,2004-01-14,1182.5,1000,1350
Divi,2004-01-15,1235.0,1000,1350
Divi,2004-01-16,1182.5,1000,1350
Divi,2004-01-17,1182.5,1000,1350
Divi,2004-01-18,1235.0,1000,1350
Divi,2004-01-19,1130.0,1000,1350
Divi,2004-01-20,1130.0,1000,1350
Divi,2004-01-21,1235.0,1000,1350
Divi,2004-01-22,1130.0,1000,1350
Divi,2004-01-23,1182.5,1000,1350
Divi,2004-01-24,1182.5,1000,1350
Divi,2004-01-25,1182.5,1000,1350
Divi,2004-01-26,1130.0,1000,1350
Divi,2004-01-27,1130.0,1000,1350
Divi,2004-01-28,1182.5,1000,1350
Divi,2004-01-29,1130.0,1000,1350
Divi,2004-01-30,1182.5,1000,1350
Divi,2004-01-31,1182.5,1000,1350
Divi,2004-02-01,1182.5,1000,1350
Divi,2004-02-02,1182.5,1000,1350
Divi,2004-02-03,1182.5,1000,1350
Divi,2004-02-04,1235.0,1000,1350
Divi,2004-02-05,1235.0,1000,1350
Divi,2004-02-06,1182.5,1000,1350
Divi,2004-02-07,1182.5,1000,1350
Divi,2004-02-08,1235.0,1000,1350
Divi,2004-02-09,1235.0,1000,1350
Divi,2004-02-10,1235.0,1000,1350
Divi,2004-02-11,1182.5,1000,1350
Divi,2004-02-12,1235.0,1000,1350
Divi,2004-02-13,1235.0,1000,1350
Divi,2004-02-14,1182.5,1000,1350
Divi,2004-02-15,1130.0,1000,1350
Divi,2004-02-16,1235.0,1000,1350
Divi,2004-02-17,1130.0,1000,1350
Divi,2004-02-18,1182.5,1000,1350
Divi,2004-02-19,1235.0,1000,1350
Divi,2004-02-20,1182.5,1000,1350
Divi,2004-02-21,1130.0,1000,1350
Divi,2004-02-22,1182.5,1000,1350
Divi,2004-02-23,1235.0,1000,1350
Divi,2004-02-24,1182.5,1000,1350
Divi,2004-02-25,1182.5,1000,1350
Divi,2004-02-26,1130.0,1000,1350
Divi,2004-02-27,1235.0,1000,1350
Divi,2004-02-28,1130.0,1000,1350
Divi,2004-03-02,1182.5,1000,1350
Divi,2004-03-03,1235.0,1000,1350
Divi,2004-03-04,1182.5,1000,1350
Divi,2004-03-09,1182.5,1000,1350
Divi,2004-03-10,1235.0,1000,1350
Divi,2004-03-11,1182.5,1000,1350
Divi,2004-03-13,1182.5,1000,1350
Divi,2004-03-14,1235.0,1000,1350
Divi,2004-03-15,1182.5,1000,1350
Divi,2004-03-16,1235.0,1000,1350
Divi,2004-03-17,1182.5,1000,1350
Divi,2004-03-18,1182.5,1000,1350
Divi,2004-03-19,1130.0,1000,1350
Divi,2004-03-20,1130.0,1000,1350
Divi,2004-03-21,1235.0,1000,1350
Divi,2004-03-22,1182.5,1000,1350
Divi,2004-03-23,1182.5,1000,1350
Divi,2004-03-24,1182.5,1000,1350
Divi,2004-03-25,1182.5,1000,1350
Divi,2004-03-29,1182.5,1000,1350
Divi,2004-03-30,1235.0,1000,1350
Divi,2004-03-31,1182.5,1000,1350
Divi,2004-04-01,1130.0,1000,1350
Divi,2004-04-02,1235.0,1000,1350
Divi,2004-04-04,1130.0,1000,1350
Divi,2004-04-05,1182.5,1000,1350
Divi,2004-04-06,1130.0,1000,1350
Divi,2004-04-07,1182.5,1000,1350
Divi,2004-04-08,1235.0,1000,1350
Divi,2004-04-09,1235.0,1000,1350
Divi,2004-04-10,1235.0,1000,1350
Divi,2004-04-11,1130.0,1000,1350
Divi,2004-04-12,1182.5,1000,1350
Divi,2004-04-13,1182.5,1000,1350
Divi,2004-04-14,1182.5,1000,1350
Divi,2004-04-15,1235.0,1000,1350
Divi,2004-04-16,1182.5,1000,1350
Divi,2004-04-17,1235.0,1000,1350
Divi,2004-04-18,1182.5,1000,1350
Divi,2004-04-19,1235.0,1000,1350
Divi,2004-04-20,1235.0,1000,1350
Divi,2004-04-21,1130.0,1000,1350
Divi,2004-04-22,1182.5,1000,1350
Divi,2004-04-23,1182.5,1000,1350
Divi,2004-04-24,1130.0,1000,1350
Divi,2004-04-25,1182.5,1000,1350
Divi,2004-04-26,1235.0,1000,1350
Divi,2004-04-27,1182.5,1000,1350
Divi,2004-04-28,1182.5,1000,1350
Divi,2004-04-29,1235.0,1000,1350
Divi,2004-04-30,1182.5,1000,1350
Divi,2004-05-01,1130.0,1000,1350
Divi,2004-05-02,1182.5,1000,1350
Divi,2004-05-03,1182.5,1000,1350
Divi,2004-05-04,1182.5,1000,1350
Divi,2004-05-05,1182.5,1000,1350
Divi,2004-05-06,1130.0,1000,1350
Divi,2004-05-07,1182.5,1000,1350
Divi,2004-05-08,1182.5,1000,1350
Divi,2004-05-09,1182.5,1000,1350
Divi,2004-05-10,1130.0,1000,1350
Divi,2004-05-11,1182.5,1000,1350
Divi,2004-05-12,1182.5,1000,1350
Divi,2004-05-13,1182.5,1000,1350
Divi,2004-05-14,1182.5,1000,1350
Divi,2004-05-15,1130.0,1000,1350
Divi,2004-05-16,1182.5,1000,1350
Divi,2004-05-17,1130.0,1000,1350
Divi,2004-05-18,1235.0,1000,1350
Divi,2004-05-19,1182.5,1000,1350
Divi,2004-05-20,1235.0,1000,1350
Divi,2004-05-21,1182.5,1000,1350
Divi,2004-06-18,1130.0,1000,1350
Divi,2004-06-19,1235.0,1000,1350
Divi,2004-06-21,1130.0,1000,1350
Divi,2004-06-22,1130.0,1000,1350
Divi,2004-06-23,1235.0,1000,1350
Divi,2004-06-24,1182.5,1000,1350
Divi,2004-06-25,1182.5,1000,1350
Divi,2004-06-26,1182.5,1000,1350
Divi,2004-06-27,1235.0,1000,1350
Divi,2004-06-28,1235.0,1000,1350
Divi,2004-06-29,1182.5,1000,1350
Divi,2004-06-30,1130.0,1000,1350
Divi,2004-07-01,1182.5,1000,1350
Divi,2004-07-02,1235.0,1000,1350
Divi,2004-07-03,1182.5,1000,1350
Divi,2004-07-04,1182.5,1000,1350
Divi,2004-07-05,1130.0,1000,1350
Divi,2004-07-06,1182.5,1000,1350
Divi,2004-07-07,1235.0,1000,1350
Divi,2004-07-08,1182.5,1000,1350
Divi,2004-07-09,1182.5,1000,1350
Divi,2004-07-10,1130.0,1000,1350
Divi,2004-07-11,1182.5,1000,1350
Divi,2004-07-12,1130.0,1000,1350
Divi,2004-07-13,1130.0,1000,1350
Divi,2004-07-14,1130.0,1000,1350
Divi,2004-07-15,1182.5,1000,1350
Divi,2004-07-16,1130.0,1000,1350
Divi,2004-07-17,1130.0,1000,1350
Divi,2004-07-18,1235.0,1000,1350
Divi,2004-07-19,1130.0,1000,1350
Divi,2004-07-20,1130.0,1000,1350
Divi,2004-07-21,1130.0,1000,1350
Divi,2004-07-22,1130.0,1000,1350
Divi,2004-07-23,1182.5,1000,1350
Divi,2004-07-24,1182.5,1000,1350
Divi,2004-07-25,1235.0,1000,1350
Divi,2004-07-26,1235.0,1000,1350
Divi,2004-07-27,1182.5,1000,1350
Divi,2004-07-28,1025.0,1000,1050
Divi,2004-07-29,1182.5,1000,1350
Divi,2004-07-30,1182.5,1000,1350
Divi,2004-07-31,1130.0,1000,1350
Divi,2004-08-01,1182.5,1000,1350
Divi,2004-08-02,1130.0,1000,1350
Divi,2004-08-03,1182.5,1000,1350
Divi,2004-08-04,1130.0,1000,1350
Divi,2004-08-05,1130.0,1000,1350
Divi,2004-08-06,1182.5,1000,1350
Divi,2004-08-07,1182.5,1000,1350
Divi,2004-08-08,1182.5,1000,1350
Divi,2004-08-09,1182.5,1000,1350
Divi,2004-08-10,1130.0,1000,1350
Divi,2004-08-11,1182.5,1000,1350
Divi,2004-08-13,1235.0,1000,1350
Divi,2004-08-14,1182.5,1000,1350
Divi,2004-08-15,1182.5,1000,1350
Divi,2004-08-16,1235.0,1000,1350
Divi,2004-08-17,1235.0,1000,1350
Divi,2004-08-18,1182.5,1000,1350
Divi,2004-08-19,1130.0,1000,1350
Divi,2004-08-20,1182.5,1000,1350
Divi,2004-08-21,1130.0,1000,1350
Divi,2004-08-22,1182.5,1000,1350
Divi,2004-08-23,1182.5,1000,1350
Divi,2004-08-24,1235.0,1000,1350
Divi,2004-08-25,1182.5,1000,1350
Divi,2004-08-26,1182.5,1000,1350
Divi,2004-09-23,1182.5,1000,1350
Divi,2004-09-24,1130.0,1000,1350
Divi,2004-09-25,1235.0,1000,1350
Divi,2004-09-26,1235.0,1000,1350
Divi,2004-09-27,1182.5,1000,1350
Divi,2004-09-28,1130.0,1000,1350
Divi,2004-09-29,1235.0,1000,1350
Divi,2004-09-30,1182.5,1000,1350
Divi,2004-10-01,1235.0,1000,1350
Divi,2004-10-02,1182.5,1000,1350
Divi,2004-10-03,1235.0,1000,1350
Divi,2004-10-04,1182.5,1000,1350
Divi,2004-10-05,1235.0,1000,1350
Divi,2004-10-06,1130.0,1000,1350
Divi,2004-10-07,1182.5,1000,1350
Divi,2004-10-08,1130.0,1000,1350
Divi,2004-10-09,1235.0,1000,1350
Divi,2004-10-10,1182.5,1000,1350
Divi,2004-10-11,1235.0,1000,1340
Divi,2004-10-12,1182.5,1000,1350
Divi,2004-10-13,1182.5,1000,1350
Divi,2004-10-14,1182.5,1000,1350
Divi,2004-10-15,1130.0,1000,1350
Divi,2004-10-16,1182.5,1000,1350
Divi,2004-10-17,1182.5,1000,1350
Divi,2004-10-18,1235.0,1000,1350
Divi,2004-10-19,1235.0,1000,1350
Divi,2004-10-20,1235.0,1000,1350
Divi,2004-10-21,1235.0,1000,1350
Divi,2004-10-22,1130.0,1000,1350
Divi,2004-10-23,1182.5,1000,1350
Divi,2004-10-24,1182.5,1000,1350
Divi,2004-10-25,1182.5,1000,1350
Divi,2004-10-26,1235.0,1000,1350
Divi,2004-12-01,1130.0,1000,1350
Divi,2004-12-02,1130.0,1000,1350
Divi,2004-12-03,1182.5,1000,1350
Divi,2004-12-04,1182.5,1000,1350
Divi,2004-12-05,1130.0,1000,1350
Divi,2004-12-06,1130.0,1000,1350
Divi,2004-12-07,1182.5,1000,1350
Divi,2004-12-08,1182.5,1000,1350
Divi,2004-12-09,1182.5,1000,1350
Divi,2004-12-10,1182.5,1000,1350
Divi,2004-12-11,1235.0,1000,1350
Divi,2004-12-12,1182.5,1000,1350
Divi,2004-12-13,1182.5,1000,1350
Divi,2004-12-14,1130.0,1000,1350
Divi,2004-12-15,1182.5,325,1350
Divi,2004-12-16,1182.5,1000,1350
Divi,2004-12-17,1182.5,1000,1350
Divi,2004-12-18,1130.0,1000,1350
Divi,2004-12-19,1130.0,1000,1350
Divi,2004-12-20,1235.0,1000,1350
Divi,2004-12-21,1182.5,1000,1350
Divi,2004-12-22,1182.5,1000,1350
Divi,2004-12-23,1182.5,1000,1350
Divi,2004-12-24,1182.5,1000,1350
Divi,2004-12-25,1182.5,1000,1350
Divi,2004-12-26,1182.5,1000,1350
Divi,2004-12-27,1235.0,1000,1350
Divi,2004-12-28,1235.0,1000,1350
Divi,2004-12-29,1235.0,1000,1350
Divi,2004-12-30,1182.5,1000,1350
Divi,2004-12-31,1182.5,1000,1350
Divi,2005-01-01,1182.5,1000,1350
Divi,2005-01-03,1182.5,1000,1350
Divi,2005-01-04,1340.0,1325,1350
Divi,2005-01-05,1025.0,1000,1050
Divi,2005-01-06,1025.0,1000,1050
Divi,2005-01-07,1025.0,1000,1050
Divi,2005-01-08,1025.0,1000,1050
Divi,2005-01-09,1325.0,1325,1350
Divi,2005-01-10,1182.5,1000,1350
Divi,2005-01-12,1025.0,1000,1050
Divi,2005-01-13,1182.5,1000,1350
Divi,2005-01-14,1025.0,1000,1050
Divi,2005-01-15,1340.0,1325,1350
Divi,2005-01-16,1340.0,1325,1350
Divi,2005-01-17,1340.0,1325,1350
Divi,2005-01-18,1182.5,1000,1350
Divi,2005-01-19,1340.0,1325,1350
Divi,2005-01-20,1182.5,1000,1350
Divi,2005-01-21,1025.0,1000,1050
Divi,2005-01-22,1182.5,1000,1350
Divi,2005-01-24,1340.0,1325,1350
Divi,2005-01-26,1182.5,1000,1350
Divi,2005-01-27,1182.5,1000,1350
Divi,2005-01-28,1340.0,1325,1350
Divi,2005-01-29,1340.0,1325,1350
Divi,2005-01-30,1025.0,1000,1050
Divi,2005-02-03,1340.0,1325,1350
Divi,2005-02-04,1182.5,1000,1350
Divi,2005-02-05,1182.5,1000,1350
Divi,2005-02-06,1182.5,1000,1350
Divi,2005-02-07,1340.0,1325,1350
Divi,2005-02-08,1025.0,1000,1050
Divi,2005-02-10,1340.0,1325,1350
Divi,2005-02-11,1182.5,1000,1350
Divi,2005-02-12,1025.0,1000,1050
Divi,2005-02-13,1025.0,1000,1050
Divi,2005-02-14,1340.0,1325,1350
Divi,2005-02-15,1182.5,1000,1350
Divi,2005-02-16,1340.0,1325,1350
Divi,2005-02-18,1182.5,1000,1350
Divi,2005-02-19,1182.5,1000,1350
Divi,2005-02-20,1025.0,1000,1050
Divi,2005-02-21,1025.0,1000,1050
Divi,2005-02-22,1340.0,1325,1350
Divi,2005-02-23,1182.5,1000,1350
Divi,2005-02-25,1182.5,1000,1350
Divi,2005-02-26,1182.5,1000,1350
Divi,2005-02-27,1182.5,1000,1350
Divi,2005-02-28,1340.0,1325,1350
Divi,2005-03-01,1182.5,1000,1350
Divi,2005-03-02,1025.0,1000,1050
Divi,2005-03-03,1182.5,1000,1350
Divi,2005-03-04,1182.5,1000,1350
Divi,2005-03-05,1182.5,1000,1350
Divi,2005-03-06,1340.0,1325,1350
Divi,2005-03-07,1025.0,1000,1050
Divi,2005-03-08,1340.0,1325,1350
Divi,2005-03-09,1025.0,1000,1050
Divi,2005-03-10,1182.5,1000,1350
Divi,2005-03-11,1025.0,1000,1050
Divi,2005-03-12,1182.5,1000,1350
Divi,2005-03-13,1025.0,1000,1050
Divi,2005-03-14,1025.0,1000,1050
Divi,2005-03-15,1025.0,1000,1050
Divi,2005-03-16,1025.0,1000,1050
Divi,2005-03-17,1182.5,1000,1350
Divi,2005-06-15,1150.0,1150,1150
Divi,2005-06-16,1275.0,1150,1400
Divi,2005-06-17,1150.0,1150,1150
Divi,2005-06-18,1275.0,1150,1400
Divi,2005-06-19,1275.0,1150,1400
Divi,2005-06-20,1275.0,1150,1400
Divi,2005-06-21,1275.0,1150,1400
Divi,2005-06-22,1275.0,1150,1400
Divi,2005-06-23,1275.0,1150,1400
Divi,2005-06-24,1400.0,1400,1400
Divi,2005-06-25,1150.0,1150,1150
Divi,2005-06-27,1275.0,1150,1400
Divi,2005-07-07,1250.0,1250,1250
Divi,2005-07-08,1600.0,1600,1600
Divi,2005-07-11,1250.0,1250,1250
Divi,2005-07-13,1600.0,1600,1600
Divi,2005-07-14,1600.0,1600,1600
Divi,2005-07-15,1600.0,1600,1600
Divi,2005-07-16,1425.0,1250,1600
Divi,2005-07-17,1425.0,1250,1600
Divi,2005-07-18,1425.0,1250,1600
Divi,2005-07-19,1425.0,1250,1600
Divi,2005-07-20,1250.0,1250,1250
Divi,2005-07-21,1600.0,1600,1600
Divi,2005-07-22,1250.0,1250,1250
Divi,2005-07-25,1425.0,1250,1600
Divi,2005-07-26,1600.0,1600,1600
Divi,2005-07-27,1250.0,1250,1250
Divi,2005-07-28,1250.0,1250,1250
Divi,2005-07-29,1425.0,1250,1600
Divi,2005-07-30,1250.0,1250,1250
Divi,2005-08-01,1250.0,1250,1250
Divi,2005-08-02,1250.0,1250,1250
Divi,2005-08-03,1425.0,1250,1600
Divi,2005-08-04,1425.0,1250,1600
Divi,2005-08-05,1425.0,1250,1600
Divi,2005-08-18,1425.0,1250,1600
Divi,2005-08-19,1600.0,1600,1600
Divi,2005-08-22,1600.0,1600,1600
Divi,2005-08-24,1425.0,1250,1600
Divi,2005-08-25,1425.0,1250,1600
Divi,2005-08-30,1425.0,1250,1600
Divi,2005-09-01,1600.0,1600,1600
Divi,2005-09-02,1425.0,1250,1600
Divi,2005-09-09,1250.0,1250,1250
Divi,2005-10-22,1425.0,1250,1600
Divi,2005-10-24,1425.0,1250,1600
Divi,2005-10-26,1600.0,1600,1600
Divi,2005-10-27,1600.0,1600,1600
Divi,2005-10-28,1250.0,1250,1300
Divi,2005-10-29,1450.0,1250,1700
Divi,2005-11-03,1375.0,1200,1600
Divi,2005-11-08,1387.5,1225,1600
Divi,2005-11-09,1387.5,1225,1600
Divi,2005-11-10,1400.0,1250,1600
Divi,2005-11-11,1250.0,1250,1300
Divi,2005-11-15,1250.0,1250,1300
Divi,2005-11-16,1250.0,1250,1300
Divi,2005-11-17,1400.0,1250,1600
Divi,2005-11-18,1250.0,1250,1300
Divi,2005-11-19,1400.0,1250,1600
Divi,2005-11-20,1550.0,1550,1600
Divi,2005-11-21,1275.0,1275,1325
Divi,2005-11-22,1550.0,1550,1600
Divi,2005-11-24,1412.5,1275,1600
Divi,2005-11-25,1412.5,1275,1600
Divi,2005-11-26,1412.5,1275,1600
Divi,2005-11-27,1412.5,1275,1600
Divi,2005-11-28,1275.0,1275,1375
Divi,2005-11-29,1275.0,1275,1325
Divi,2005-11-30,1275.0,1275,1325
Divi,2005-12-02,1412.5,1275,1600
Divi,2005-12-03,1275.0,1275,1325
Divi,2005-12-04,1412.5,1275,1600
Divi,2005-12-06,1412.5,1275,1600
Divi,2005-12-07,1412.5,1275,1600
Divi,2005-12-08,1275.0,1275,1325
Divi,2005-12-14,1350.0,1200,1600
Divi,2005-12-15,1500.0,1500,1600
Divi,2005-12-17,1350.0,1200,1600
Divi,2005-12-18,1350.0,1200,1600
Divi,2005-12-24,1500.0,1500,1600
Divi,2005-12-27,1350.0,1200,1600
Divi,2005-12-28,1200.0,1200,1300
Divi,2005-12-29,1200.0,1200,1300
Divi,2005-12-30,1350.0,1200,1600
Divi,2005-12-31,1500.0,1500,1600
Divi,2006-01-02,1200.0,1200,1300
Divi,2006-01-03,1200.0,1200,1300
Divi,2006-01-04,1350.0,1200,1600
Divi,2006-01-05,1300.0,1200,1600
Divi,2006-01-06,1200.0,1200,1300
Divi,2006-01-07,916.6666666666666,800,1200
Divi,2006-01-09,975.0,800,1200
Divi,2006-01-10,1150.0,1150,1200
Divi,2006-01-11,975.0,800,1200
Divi,2006-01-12,1033.3333333333333,800,1200
Divi,2006-01-13,916.6666666666666,800,1200
Divi,2006-01-14,1150.0,1150,1200
Divi,2006-01-16,1050.0,900,1300
Divi,2006-01-17,900.0,900,1000
Divi,2006-01-18,1050.0,900,1300
Divi,2006-01-25,900.0,900,1000
Divi,2006-01-26,1200.0,1200,1300
Divi,2006-01-27,900.0,900,1000
Divi,2006-01-28,1100.0,900,1300
Divi,2006-02-03,1050.0,900,1300
Divi,2006-02-04,1100.0,900,1300
Divi,2006-02-06,800.0,800,900
Divi,2006-02-07,925.0,650,1300
Divi,2006-02-08,925.0,650,1300
Divi,2006-02-09,925.0,650,1300
Divi,2006-02-10,925.0,650,1300
Divi,2006-02-13,1200.0,1200,1300
Divi,2006-02-14,925.0,650,1300
Divi,2006-02-15,833.3333333333334,650,1300
Divi,2006-02-16,1016.6666666666666,650,1300
Divi,2006-02-18,925.0,650,1300
Divi,2006-02-19,925.0,650,1300
Divi,2006-02-20,1200.0,1200,1300
Divi,2006-02-21,650.0,650,700
Divi,2006-02-23,650.0,650,700
Divi,2006-02-24,925.0,650,1300
Divi,2006-02-25,1016.6666666666666,650,1300
Divi,2006-02-28,650.0,650,700
Divi,2006-03-01,650.0,650,700
Divi,2006-03-02,1016.6666666666666,650,1300
Divi,2006-03-03,1200.0,1200,1300
Divi,2006-03-04,1200.0,1200,1300
Divi,2006-03-05,1200.0,1200,3000
Divi,2006-03-07,925.0,650,1300
Divi,2006-03-08,925.0,650,1300
Divi,2006-03-09,925.0,650,1300
Divi,2006-03-10,650.0,650,700
Divi,2006-03-11,650.0,650,700
Divi,2006-03-12,1200.0,1200,3000
Divi,2006-03-15,1200.0,1200,1300
Divi,2006-03-16,1016.6666666666666,650,1300
Divi,2006-03-17,650.0,650,700
Divi,2006-03-23,650.0,650,700
Divi,2006-03-24,925.0,650,1300
Divi,2006-03-25,925.0,650,1300
Divi,2006-03-26,1200.0,1200,1300
Divi,2006-03-27,1200.0,1200,1300
Divi,2006-03-28,1200.0,1200,1300
Divi,2006-03-31,650.0,650,700
Divi,2006-04-01,833.3333333333334,650,1300
Divi,2006-04-02,925.0,650,1300
Divi,2006-04-03,925.0,650,1300
Divi,2006-04-04,925.0,650,1300
Divi,2006-04-08,925.0,650,1300
Divi,2006-04-09,650.0,650,700
Divi,2006-04-11,650.0,650,700
Divi,2006-04-12,925.0,650,1300
Divi,2006-04-13,925.0,650,1300
Divi,2006-04-14,925.0,650,1300
Divi,2006-04-18,833.3333333333334,650,1300
Divi,2006-04-19,650.0,650,700
Divi,2006-04-25,925.0,650,1300
Divi,2006-04-26,1200.0,1200,1300
Divi,2006-04-29,833.3333333333334,650,1300
Divi,2006-04-30,925.0,650,1300
Divi,2006-05-01,925.0,650,1300
Divi,2006-05-07,925.0,650,1300
Divi,2006-05-08,650.0,650,700
Divi,2006-05-09,925.0,650,1300
Divi,2006-05-10,1016.6666666666666,650,1300
Divi,2006-05-11,650.0,650,700
Divi,2006-05-12,650.0,650,700
Divi,2006-05-15,925.0,650,1300
Divi,2006-05-16,1016.6666666666666,650,1300
Divi,2006-05-17,925.0,650,1300
Divi,2006-05-20,925.0,650,1300
Divi,2006-05-22,1016.6666666666666,650,1300
Divi,2006-05-23,925.0,650,1300
Divi,2006-05-25,1200.0,1200,1300
Divi,2006-05-28,1200.0,1200,1300
Divi,2006-05-29,925.0,650,1300
Divi,2006-05-30,1200.0,1200,1300
Divi,2006-05-31,650.0,650,700
Divi,2006-06-02,1016.6666666666666,650,1300
Divi,2006-06-03,650.0,650,700
Divi,2006-06-06,925.0,650,1300
Divi,2006-06-07,925.0,650,1300
Divi,2006-06-10,1200.0,1200,1300
Divi,2006-06-11,833.3333333333334,650,1300
Divi,2006-06-22,1200.0,1200,1300
Divi,2006-06-23,1016.6666666666666,650,1300
Divi,2006-06-24,750.0,650,850
Divi,2006-06-26,1016.6666666666666,650,1300
Divi,2006-06-27,1200.0,1200,1300
Divi,2006-06-29,1200.0,1200,1300
Divi,2006-07-01,1016.6666666666666,650,1300
Divi,2006-07-06,925.0,650,1300
Divi,2006-07-07,925.0,650,1300
Divi,2006-07-19,1133.3333333333333,800,1400
Divi,2006-07-20,1050.0,800,1400
Divi,2006-07-21,800.0,800,900
Divi,2006-07-22,650.0,650,700
Divi,2006-07-24,1050.0,800,1400
Divi,2006-07-28,1300.0,1300,1400
Divi,2006-07-29,1050.0,800,1400
Divi,2006-08-02,966.6666666666666,800,1400
Divi,2006-08-03,1050.0,800,1400
Divi,2006-08-04,800.0,800,900
Divi,2006-08-05,800.0,800,900
Divi,2006-08-06,1050.0,800,1400
Divi,2006-08-07,1050.0,800,1400
Divi,2006-08-08,1050.0,800,1400
Divi,2006-08-09,800.0,800,900
Divi,2006-08-10,966.6666666666666,800,1400
Divi,2006-08-11,1050.0,800,1400
Divi,2006-08-14,933.3333333333334,800,1400
Divi,2006-08-19,800.0,800,900
Divi,2006-08-20,1050.0,800,1400
Divi,2006-08-21,966.6666666666666,800,1400
Divi,2006-08-26,800.0,800,900
Divi,2006-08-29,1050.0,800,1400
Divi,2006-08-31,1300.0,1300,1400
Divi,2006-09-13,1300.0,1300,1400
Divi,2006-09-15,800.0,800,900
Divi,2006-09-16,1050.0,800,1400
Divi,2006-09-18,1300.0,1300,1400
Divi,2006-09-23,966.6666666666666,800,1400
Divi,2006-09-25,1300.0,1300,1400
Divi,2006-09-27,800.0,800,850
Divi,2006-10-04,800.0,800,900
Divi,2006-10-07,800.0,800,900
Divi,2006-10-11,1133.3333333333333,800,1400
Divi,2006-10-14,800.0,800,900
Divi,2006-10-16,966.6666666666666,800,1400
Divi,2006-10-17,1300.0,1300,1400
Divi,2006-10-23,1133.3333333333333,800,1400
Divi,2006-10-24,1050.0,800,1400
Divi,2006-10-26,800.0,800,900
Divi,2006-10-27,1050.0,800,1400
Divi,2006-10-28,1133.3333333333333,800,1400
Divi,2006-11-09,1050.0,800,1400
Divi,2006-11-13,966.6666666666666,800,1400
Divi,2006-11-14,1133.3333333333333,800,1400
Divi,2006-11-15,1050.0,800,1400
Divi,2006-11-16,966.6666666666666,800,1400
Divi,2006-11-17,966.6666666666666,800,1400
Divi,2006-11-18,966.6666666666666,800,1400
Divi,2006-11-20,1050.0,800,1400
Divi,2006-11-21,1300.0,1300,1400
Divi,2006-11-22,1300.0,1300,1400
Divi,2006-11-25,1050.0,800,1400
Divi,2006-11-28,1050.0,800,1400
Divi,2006-12-02,1133.3333333333333,800,1400
Divi,2006-12-06,1050.0,800,1400
Divi,2006-12-07,1133.3333333333333,800,1400
Divi,2006-12-08,966.6666666666666,800,1400
Divi,2006-12-13,1133.3333333333333,800,1400
Divi,2006-12-14,1050.0,800,1400
Divi,2006-12-15,966.6666666666666,800,1400
Divi,2006-12-16,1050.0,800,1400
Divi,2006-12-17,1300.0,1300,1400
Divi,2006-12-25,1050.0,800,1400
Divi,2006-12-29,966.6666666666666,800,1400
Divi,2006-12-30,1050.0,800,1400
Divi,2006-12-31,1300.0,1300,1400
Divi,2007-01-04,1050.0,800,1400
Divi,2007-01-06,1133.3333333333333,800,1400
Divi,2007-01-11,1050.0,800,1400
Divi,2007-01-12,1050.0,800,1400
Divi,2007-01-17,966.6666666666666,800,1400
Divi,2007-01-19,1050.0,800,1400
Divi,2007-01-20,1050.0,800,1400
Divi,2007-01-22,1050.0,800,1400
Divi,2007-01-23,966.6666666666666,800,1400
Divi,2007-01-27,1050.0,800,1400
Divi,2007-01-31,966.6666666666666,800,1400
Divi,2007-02-01,1050.0,800,1400
Divi,2007-02-08,1050.0,800,1400
Divi,2007-02-13,1133.3333333333333,800,1400
Divi,2007-02-15,1133.3333333333333,800,1400
Divi,2007-02-19,1050.0,800,1400
Divi,2007-02-20,966.6666666666666,800,1400
Divi,2007-02-22,966.6666666666666,800,1400
Divi,2007-02-26,966.6666666666666,800,1400
Divi,2007-02-27,966.6666666666666,800,1400
Divi,2007-02-28,1050.0,800,1400
Divi,2007-03-13,1050.0,800,1400
Divi,2007-03-17,1050.0,800,1400
Divi,2007-03-18,1050.0,800,1400
Divi,2007-03-19,800.0,800,900
Divi,2007-03-20,1050.0,800,1400
Divi,2007-03-21,1050.0,800,1400
Divi,2007-03-22,1050.0,800,1400
Divi,2007-03-23,1300.0,1300,1400
Divi,2007-03-24,1050.0,800,1400
Divi,2007-03-25,1133.3333333333333,800,1400
Divi,2007-03-26,1050.0,800,1400
Divi,2007-03-30,1050.0,800,1400
Divi,2007-03-31,966.6666666666666,800,1400
Divi,2007-04-02,1000.0,800,1500
Divi,2007-04-03,1100.0,800,1500
Divi,2007-04-04,1200.0,800,1500
Divi,2007-04-10,1200.0,800,1500
Divi,2007-04-13,1100.0,800,1500
Divi,2007-04-24,1200.0,800,1500
Divi,2007-04-25,1200.0,800,1500
Divi,2007-04-27,1100.0,800,1500
Divi,2007-04-30,1100.0,800,1500
Divi,2007-05-01,1000.0,800,1500
Divi,2007-05-04,1100.0,800,1500
Divi,2007-05-09,1100.0,800,1500
Divi,2007-05-11,1200.0,800,1500
Divi,2007-05-30,1100.0,800,1500
Divi,2007-05-31,1200.0,800,1500
Divi,2007-06-02,1100.0,800,1500
Divi,2007-06-04,1133.3333333333333,600,1500
Divi,2007-06-14,1050.0,700,1500
Divi,2007-06-23,1000.0,600,1500
Divi,2007-06-28,1133.3333333333333,600,1500
Divi,2007-07-26,733.3333333333334,700,900
Divi,2007-07-29,1166.6666666666667,700,1500
Divi,2007-07-30,1050.0,700,1500
Divi,2007-07-31,1000.0,600,1500
Divi,2007-08-07,1050.0,650,1500
Divi,2007-08-13,1050.0,650,1500
Divi,2007-08-17,1050.0,650,1500
Divi,2007-08-18,1025.0,600,1500
Divi,2007-08-21,883.3333333333334,600,1500
Divi,2007-08-24,1025.0,600,1500
Divi,2007-08-27,1025.0,600,1500
Divi,2007-08-30,1025.0,600,1500
Divi,2007-08-31,1166.6666666666667,600,1500
Divi,2007-09-01,1200.0,600,1500
Divi,2007-09-06,1025.0,600,1500
Divi,2007-09-07,883.3333333333334,600,1500
Divi,2007-09-10,1166.6666666666667,600,1500
Divi,2007-09-11,1166.6666666666667,600,1500
Divi,2007-09-12,1166.6666666666667,600,1500
Divi,2007-09-13,1133.3333333333333,600,1500
Divi,2007-09-14,1133.3333333333333,600,1500
Divi,2007-09-18,1000.0,600,1500
Divi,2007-09-20,1400.0,1400,1500
Divi,2007-10-01,1000.0,600,1500
Divi,2007-10-08,1150.0,600,1500
Divi,2007-10-09,1025.0,600,1500
Divi,2007-11-02,1133.3333333333333,1100,1500
Divi,2007-11-03,1150.0,1100,1500
Divi,2007-11-05,1133.3333333333333,1100,1500
Divi,2007-11-06,1150.0,1100,1500
Divi,2007-11-07,1150.0,1100,1500
Divi,2007-11-08,1150.0,1100,1500
Divi,2007-11-16,1133.3333333333333,1100,1500
Divi,2007-11-20,1150.0,1100,1500
Divi,2007-11-21,1325.0,1150,1600
Divi,2007-11-23,1325.0,1150,1600
Divi,2007-11-25,1383.3333333333333,1150,1500
Divi,2007-11-27,1325.0,1150,1600
Divi,2007-12-06,1233.3333333333333,900,1550
Divi,2007-12-12,1233.3333333333333,900,1550
Divi,2007-12-18,1233.3333333333333,900,1550
Divi,2007-12-20,1150.0,900,1550
Divi,2008-01-21,900.0,900,1000
Divi,2008-01-23,1550.0,1550,1600
Divi,2008-01-31,1366.6666666666667,1000,1600
Divi,2008-02-08,1300.0,1050,1650
Divi,2008-02-20,1550.0,1550,1600
Divi,2008-02-22,1250.0,950,1600
Divi,2008-02-28,1350.0,1350,1450
Divi,2008-03-03,1225.0,1100,1450
Divi,2008-04-10,1225.0,1100,1450
Divi,2008-04-11,1350.0,1200,1600
Divi,2008-04-12,1500.0,1500,1600
Divi,2008-04-15,1325.0,1250,1500
Divi,2008-04-19,1400.0,1400,1500
Divi,2008-04-21,1500.0,1500,1600
Divi,2008-04-22,1500.0,1500,1600
Divi,2008-04-24,1200.0,1200,1300
Divi,2008-04-25,1225.0,1150,1400
Divi,2008-04-30,1350.0,1350,1450
Divi,2008-05-01,1275.0,1200,1450
Divi,2008-05-02,1250.0,1200,1450
Divi,2008-05-06,1450.0,1450,1500
Divi,2008-05-08,1275.0,1200,1450
Divi,2008-05-10,1283.3333333333333,1200,1550
Divi,2008-05-11,1200.0,1200,1250
Divi,2008-05-12,1200.0,1200,1250
Divi,2008-05-14,1200.0,1200,1250
Divi,2008-05-16,1275.0,1200,1450
Divi,2008-05-20,1200.0,1200,1300
Divi,2008-05-22,1275.0,1200,1450
Divi,2008-05-24,1200.0,1200,1300
Divi,2008-06-06,1275.0,1200,1450
Divi,2008-06-07,1250.0,1200,1450
Divi,2008-06-09,1250.0,1200,1400
Divi,2008-06-11,1250.0,1200,1450
Divi,2008-06-12,1300.0,1200,1450
Divi,2008-06-17,1250.0,1200,1450
Divi,2008-06-19,1325.0,1250,1500
Divi,2008-06-21,1300.0,1300,1400
Divi,2008-06-23,1350.0,1300,1500
Divi,2008-06-25,1400.0,1400,1450
Divi,2008-06-27,1450.0,1450,1500
Divi,2008-06-28,1300.0,1300,1400
Divi,2008-07-02,1500.0,1500,1600
Divi,2008-07-03,1900.0,1900,2000
Divi,2008-07-05,1550.0,1400,1800
Divi,2008-07-06,1700.0,1700,1800
Divi,2008-07-07,1650.0,1500,1900
Divi,2008-07-08,1500.0,1500,1600
Divi,2008-07-09,1550.0,1400,1800
Divi,2008-07-10,1400.0,1400,1500
Divi,2008-07-11,1700.0,1500,2000
Divi,2008-07-12,1700.0,1500,2000
Divi,2008-07-13,1600.0,1400,1900
Divi,2008-07-14,1600.0,1400,1900
Divi,2008-07-15,1600.0,1600,1700
Divi,2008-07-16,1500.0,1300,1700
Divi,2008-07-17,1400.0,1400,1500
Divi,2008-07-19,1550.0,1400,1800
Divi,2008-07-22,1600.0,1400,1800
Divi,2008-07-24,1700.0,1700,1800
Divi,2008-07-25,1600.0,1500,1900
Divi,2008-07-26,1533.3333333333333,1400,1900
Divi,2008-07-28,1800.0,1800,1900
Divi,2008-08-09,1900.0,1900,2000
Divi,2008-08-11,1400.0,1400,1500
Divi,2008-08-16,1400.0,1400,1500
Divi,2008-08-18,1600.0,1400,1900
Divi,2008-08-22,1400.0,1400,1500
Divi,2008-09-01,1600.0,1600,1650
Divi,2008-09-06,1600.0,1400,1900
Divi,2008-09-20,1500.0,1300,1800
Divi,2008-09-22,1433.3333333333333,1300,1800
Divi,2008-09-23,1425.0,1250,1700
Divi,2008-09-26,1200.0,1200,1300
Divi,2008-10-16,1666.6666666666667,1600,1900
Divi,2008-10-20,1666.6666666666667,1600,1900
Divi,2008-10-21,1733.3333333333333,1600,1900
Divi,2008-10-29,1900.0,1900,2000
Divi,2008-11-01,1600.0,1500,1800
Divi,2008-11-03,1500.0,1500,1600
Divi,2008-11-11,1700.0,1700,1800
Divi,2008-11-17,1800.0,1700,2000
Divi,2008-11-25,1800.0,1700,2000
Divi,2008-11-27,1700.0,1700,1800
Divi,2008-12-08,2400.0,2400,2500
Divi,2008-12-10,1900.0,1900,2000
Divi,2008-12-11,2150.0,1900,2500
Divi,2008-12-12,2400.0,2400,2500
Divi,2008-12-15,1900.0,1900,2000
Divi,2008-12-17,2400.0,2400,2500
Divi,2008-12-18,2150.0,1900,2500
Divi,2008-12-19,2066.6666666666665,1900,2500
Divi,2008-12-23,2400.0,2400,2500
Divi,2008-12-24,1900.0,1900,2000
Divi,2008-12-26,2150.0,1900,2500
Divi,2008-12-27,2400.0,2400,2500
Divi,2008-12-28,1900.0,1900,2000
Divi,2008-12-29,2233.3333333333335,1900,2500
Divi,2009-01-02,1900.0,1900,2000
Divi,2009-01-04,2150.0,1900,2500
Divi,2009-01-06,1900.0,1900,2000
Divi,2009-01-12,2150.0,1900,2500
Divi,2009-01-16,2150.0,1900,2500
Divi,2009-01-26,2400.0,2400,2500
Divi,2009-01-27,2150.0,1900,2500
Divi,2009-01-28,2400.0,2400,2500
Divi,2009-01-29,2150.0,1900,2500
Divi,2009-01-31,2150.0,1900,2500
Divi,2009-02-06,2233.3333333333335,1900,2500
Divi,2009-02-07,2150.0,1900,2500
Divi,2009-02-08,2150.0,1900,2500
Divi,2009-02-09,2400.0,2400,2500
Divi,2009-02-10,1900.0,1900,2000
Divi,2009-02-11,1750.0,1400,2200
Divi,2009-02-12,2400.0,2400,2500
Divi,2009-02-14,2400.0,2400,2500
Divi,2009-02-15,2233.3333333333335,1900,2500
Divi,2009-02-16,2150.0,1900,2500
Divi,2009-02-17,2150.0,1900,2500
Divi,2009-02-18,1900.0,1900,2000
Divi,2009-02-19,2150.0,1900,2500
Divi,2009-02-20,2400.0,2400,2500
Divi,2009-02-21,1800.0,1400,2100
Divi,2009-02-23,1800.0,1400,2100
Divi,2009-02-24,1700.0,1400,2100
Divi,2009-02-25,1400.0,1400,1500
Divi,2009-02-26,1700.0,1400,2100
Divi,2009-02-27,2000.0,2000,2100
Divi,2009-02-28,1700.0,1400,2100
Divi,2009-03-01,1700.0,1400,2100
Divi,2009-03-02,1700.0,1400,2100
Divi,2009-03-04,1700.0,1400,2100
Divi,2009-03-05,1700.0,1400,2100
Divi,2009-03-06,1600.0,1400,2100
Divi,2009-03-07,1700.0,1400,2100
Divi,2009-03-08,2000.0,2000,2100
Divi,2009-03-09,1400.0,1400,1500
Divi,2009-03-10,2000.0,2000,2100
Divi,2009-03-12,1400.0,1400,1500
Divi,2009-03-13,1700.0,1400,2100
Divi,2009-03-14,1800.0,1400,2100
Divi,2009-03-15,1700.0,1400,2100
Divi,2009-03-16,1800.0,1500,2200
Divi,2009-03-17,1500.0,1500,1600
Divi,2009-03-18,2100.0,2100,2200
Divi,2009-03-19,2000.0,1500,2500
Divi,2009-03-20,1450.0,1450,1500
Divi,2009-03-26,1600.0,1600,1700
Divi,2009-03-27,2400.0,2400,2500
Divi,2009-03-28,2050.0,1600,2600
Divi,2009-03-29,1600.0,1600,1700
Divi,2009-03-30,1950.0,1500,2500
Divi,2009-03-31,1550.0,1500,1700
Divi,2009-04-01,2000.0,1500,2600
Divi,2009-04-02,2500.0,2500,2600
Divi,2009-04-03,2233.3333333333335,1500,2700
Divi,2009-04-04,2150.0,1800,2600
Divi,2009-04-05,2500.0,2500,2600
Divi,2009-04-07,2166.6666666666665,1500,2600
Divi,2009-04-08,1500.0,1500,1600
Divi,2009-04-11,2000.0,1500,2600
Divi,2009-04-12,2000.0,1500,2600
Divi,2009-04-13,2500.0,2500,2600
Divi,2009-04-15,1900.0,1400,2500
Divi,2009-04-16,2066.6666666666665,1400,2500
Divi,2009-04-17,2066.6666666666665,1400,2500
Divi,2009-04-18,2066.6666666666665,1400,2500
Divi,2009-04-19,1500.0,1500,1600
Divi,2009-04-20,2500.0,2500,2600
Divi,2009-04-21,2000.0,1500,2600
Divi,2009-04-22,1500.0,1500,1600
Divi,2009-04-23,2500.0,2500,2600
Divi,2009-04-24,2000.0,1500,2600
Divi,2009-04-25,2500.0,2500,2600
Divi,2009-04-26,2000.0,1500,2600
Divi,2009-04-28,2000.0,1500,2600
Divi,2009-04-29,2500.0,2500,2600
Divi,2009-04-30,2000.0,1500,2600
Divi,2009-05-02,2500.0,2500,2600
Divi,2009-05-04,2500.0,2500,2600
Divi,2009-05-05,2500.0,2500,2600
Divi,2009-05-06,1500.0,1500,1600
Divi,2009-05-07,2166.6666666666665,1500,2600
Divi,2009-05-08,2166.6666666666665,1500,2600
Divi,2009-05-09,2000.0,1500,2600
Divi,2009-05-10,2000.0,1500,2600
Divi,2009-05-11,1500.0,1500,1600
Divi,2009-05-12,2000.0,1500,2600
Divi,2009-05-13,2166.6666666666665,1500,2600
Divi,2009-05-14,2000.0,1500,2600
Divi,2009-05-15,2166.6666666666665,1500,2600
Divi,2009-05-16,1300.0,1300,1400
Divi,2009-05-17,1800.0,1400,2400
Divi,2009-05-18,1800.0,1400,2400
Divi,2009-05-19,1400.0,1400,1500
Divi,2009-05-20,1800.0,1400,2400
Divi,2009-05-21,1800.0,1400,2400
Divi,2009-05-22,1400.0,1400,1500
Divi,2009-05-23,2200.0,2200,2400
Divi,2009-05-24,2200.0,2200,2400
Divi,2009-05-25,1800.0,1400,2400
Divi,2009-05-27,2200.0,2200,2400
Divi,2009-05-28,1400.0,1400,1500
Divi,2009-05-29,1800.0,1400,2400
Divi,2009-05-30,1933.3333333333333,1400,2400
Divi,2009-05-31,1400.0,1400,1500
Divi,2009-06-01,1800.0,1400,2400
Divi,2009-06-02,1400.0,1400,1500
Divi,2009-06-03,1800.0,1400,2400
Divi,2009-06-04,1933.3333333333333,1400,2400
Divi,2009-06-05,2200.0,2200,2400
Divi,2009-06-06,2200.0,2200,2400
Divi,2009-06-07,1400.0,1400,1500
Divi,2009-06-08,1933.3333333333333,1400,2400
Divi,2009-06-09,1800.0,1400,2400
Divi,2009-06-10,1800.0,1400,2400
Divi,2009-06-11,1800.0,1400,2400
Divi,2009-06-12,1800.0,1400,2400
Divi,2009-06-13,1800.0,1400,2400
Divi,2009-06-15,1933.3333333333333,1400,2400
Divi,2009-06-16,1933.3333333333333,1400,2400
Divi,2009-06-17,1800.0,1400,2400
Divi,2009-06-18,1933.3333333333333,1400,2400
Divi,2009-06-19,1400.0,1400,1500
Divi,2009-06-20,1800.0,1400,2400
Divi,2009-06-21,1400.0,1400,1500
Divi,2009-06-22,2200.0,2200,2400
Divi,2009-06-23,2200.0,2200,2400
Divi,2009-06-24,1800.0,1400,2400
Divi,2009-06-25,1800.0,1400,2400
Divi,2009-06-26,1400.0,1400,1500
Divi,2009-06-27,2200.0,2200,2400
Divi,2009-06-29,2200.0,2200,2400
Divi,2009-06-30,1400.0,1400,1500
Divi,2009-07-01,1800.0,1400,2400
Divi,2009-07-02,1800.0,1400,2400
Divi,2009-07-03,1800.0,1400,2400
Divi,2009-07-04,1800.0,1400,2400
Divi,2009-07-05,1800.0,1400,2400
Divi,2009-07-06,1800.0,1400,2400
Divi,2009-07-07,1800.0,1400,2400
Divi,2009-07-08,2200.0,2200,2400
Divi,2009-07-09,1400.0,1400,1500
Divi,2009-07-10,2200.0,2200,2400
Divi,2009-07-11,2200.0,2200,2400
Divi,2009-07-12,1350.0,1300,1500
Divi,2009-07-14,1800.0,1400,2400
Divi,2009-07-15,1800.0,1400,2400
Divi,2009-07-16,1800.0,1400,2400
Divi,2009-07-17,2200.0,2200,2400
Divi,2009-07-18,1800.0,1400,2400
Divi,2009-07-19,1800.0,1400,2400
Divi,2009-07-20,1800.0,1400,2400
Divi,2009-07-21,1666.6666666666667,1400,2400
Divi,2009-07-22,2200.0,2200,2400
Divi,2009-07-23,1933.3333333333333,1400,2400
Divi,2009-07-24,1800.0,1400,2400
Divi,2009-07-25,1933.3333333333333,1400,2400
Divi,2009-07-26,1800.0,1400,2400
Divi,2009-07-27,1800.0,1400,2400
Divi,2009-09-01,1800.0,1400,2400
Divi,2009-09-02,1933.3333333333333,1400,2400
Divi,2009-09-03,1666.6666666666667,1400,2400
Divi,2009-09-05,1933.3333333333333,1400,2400
Divi,2009-09-28,1800.0,1400,2400
Divi,2009-09-29,1800.0,1400,2400
Divi,2009-10-13,2200.0,2200,2400
Divi,2009-10-14,2200.0,2200,2400
Divi,2009-10-15,2200.0,2200,2400
Divi,2009-10-17,2200.0,2200,2400
Divi,2009-10-19,2200.0,2200,2400
Divi,2009-10-20,2200.0,2200,2400
Divi,2009-10-21,2200.0,2200,2400
Divi,2009-10-22,1800.0,1400,2300
Divi,2009-10-23,1800.0,1400,2400
Divi,2009-10-24,2300.0,2300,2400
Divi,2009-10-26,1733.3333333333333,1450,2400
Divi,2009-10-27,2400.0,2400,2500
Divi,2009-10-28,1733.3333333333333,1400,2500
Divi,2009-10-29,1666.6666666666667,1400,2400
Divi,2009-10-30,2400.0,2400,2500
Divi,2009-10-31,2400.0,2400,2500
Divi,2009-11-06,2500.0,2500,2550
Divi,2009-11-07,2400.0,2400,2500
Divi,2009-11-09,2500.0,2500,2600
Divi,2009-11-10,2500.0,2500,2600
Divi,2009-11-11,2400.0,2400,2500
Divi,2009-11-12,2400.0,2400,2500
Divi,2009-11-13,2500.0,2500,2600
Divi,2009-11-15,2500.0,2500,2600
Divi,2009-11-17,2600.0,2600,2700
Divi,2009-11-18,2600.0,2600,2700
Divi,2009-11-20,2500.0,2500,2600
Divi,2009-11-21,2500.0,2500,2600
Divi,2009-11-24,2500.0,2500,2600
Divi,2009-11-26,2500.0,2500,2600
Divi,2009-11-27,2500.0,2500,2600
Divi,2009-11-28,2400.0,2400,2500
Divi,2009-11-29,2450.0,2450,2500
Divi,2009-12-01,2350.0,2350,2400
Divi,2009-12-02,2350.0,2350,2400
Divi,2009-12-04,2350.0,2350,2400
Divi,2009-12-05,2350.0,2350,2400
Divi,2009-12-06,2350.0,2350,2400
Divi,2009-12-07,2350.0,2350,2400
Divi,2009-12-10,2350.0,2350,2400
Divi,2009-12-11,2350.0,2350,2400
Divi,2009-12-16,5350.0,5350,5400
Divi,2009-12-17,2350.0,2350,2400
Divi,2009-12-23,2550.0,2550,2600
Divi,2009-12-25,2350.0,2350,2400
Divi,2009-12-26,2350.0,2350,2400
Divi,2009-12-27,2300.0,2300,2400
Divi,2010-01-01,2450.0,2450,2500
Divi,2010-01-03,2450.0,2450,2500
Divi,2010-01-04,2450.0,2450,2500
Divi,2010-01-06,2450.0,2450,2500
Divi,2010-01-07,2450.0,2450,2500
Divi,2010-01-09,2450.0,2450,2500
Divi,2010-01-11,2450.0,2450,2500
Divi,2010-01-12,2750.0,2750,2800
Divi,2010-01-13,2450.0,2450,2500
Divi,2010-01-15,2350.0,2350,2400
Divi,2010-01-16,2350.0,2350,2400
Divi,2010-01-17,2350.0,2350,2400
Divi,2010-01-21,2350.0,2350,2400
Divi,2010-01-27,2350.0,2350,2400
Divi,2010-01-28,2350.0,2350,2400
Divi,2010-01-29,2350.0,2350,2400
Divi,2010-03-11,2400.0,2400,2500
Divi,2010-03-12,2350.0,2350,2400
Divi,2010-03-15,2350.0,2350,2400
Divi,2010-03-31,2350.0,2350,2400
Divi,2010-04-03,2350.0,2350,2400
Divi,2010-04-06,2350.0,2350,2400
Divi,2010-04-07,2350.0,2350,2400
Divi,2010-04-08,2350.0,2350,2400
Divi,2010-04-10,2350.0,2350,2400
Divi,2010-04-12,2350.0,2350,2400
Divi,2010-04-13,2350.0,2350,2400
Divi,2010-04-15,2350.0,2350,2400
Divi,2010-04-16,2350.0,2350,2400
Divi,2010-04-17,2350.0,2350,2400
Divi,2010-04-18,2350.0,2350,2400
Divi,2010-04-19,2350.0,2350,2400
Divi,2010-04-20,2350.0,2350,2400
Divi,2010-04-24,2350.0,2350,2400
Divi,2010-04-28,2350.0,2350,2400
Divi,2010-04-30,2350.0,2350,2400
Divi,2010-05-01,2350.0,2350,2400
Divi,2010-05-03,2350.0,2350,2400
Divi,2010-05-05,2350.0,2350,2400
Divi,2010-05-06,2350.0,2350,2400
Divi,2010-05-07,2350.0,2350,2400
Divi,2010-05-08,2350.0,2350,2400
Divi,2010-05-10,2350.0,2350,2400
Divi,2010-05-11,2350.0,2350,2400
Divi,2010-05-12,2350.0,2350,2400
Divi,2010-05-13,2350.0,2350,2400
Divi,2010-05-14,2350.0,2350,2400
Divi,2010-05-15,2350.0,2350,2400
Divi,2010-05-16,2350.0,2350,2400
Divi,2010-05-18,2350.0,2350,2400
Divi,2010-05-19,2350.0,2350,2400
Divi,2010-05-20,2350.0,2350,2400
Divi,2010-05-28,2350.0,2350,2400
Divi,2010-05-29,2350.0,2350,2400
Divi,2010-05-30,2350.0,2350,2400
Divi,2010-05-31,2350.0,2350,2400
Divi,2010-06-01,2350.0,2350,2400
Divi,2010-06-02,2350.0,2350,2400
Divi,2010-06-03,2350.0,2350,2400
Divi,2010-06-04,2350.0,2350,2400
Divi,2010-06-05,2350.0,2350,2400
Divi,2010-06-08,2350.0,2350,2400
Divi,2010-06-09,2350.0,2350,2400
Divi,2010-06-14,2350.0,2350,2400
Divi,2010-06-15,2350.0,2350,2400
Divi,2010-06-16,2350.0,2350,2400
Divi,2010-06-17,2350.0,2350,2400
Divi,2010-06-18,2350.0,2350,2400
Divi,2010-06-19,2350.0,2350,2400
Divi,2010-06-21,2350.0,2350,2400
Divi,2010-06-23,2350.0,2350,2400
Divi,2010-06-24,2350.0,2350,2400
Divi,2010-06-25,2350.0,2350,2400
Divi,2010-06-26,2350.0,2350,2400
Divi,2010-06-28,2350.0,2350,2400
Divi,2010-06-29,2350.0,2350,2400
Divi,2010-06-30,2350.0,2350,2400
Divi,2010-07-05,2350.0,2350,2400
Divi,2010-07-06,2350.0,2350,2400
Divi,2010-07-07,2350.0,2350,2400
Divi,2010-07-08,2350.0,2350,2400
Divi,2010-07-12,2350.0,2350,2400
Divi,2010-07-13,2350.0,2350,2400
Divi,2010-07-14,2350.0,2350,2400
Divi,2010-07-15,2350.0,2350,2400
Divi,2010-07-16,2350.0,2350,2400
Divi,2010-07-17,2350.0,2350,2400
Divi,2010-07-19,2350.0,2350,2400
Divi,2010-07-20,2350.0,2350,2400
Divi,2010-07-21,2350.0,2350,2400
Divi,2010-07-22,2350.0,2350,2400
Divi,2010-07-23,2350.0,2350,2400
Divi,2010-07-24,2400.0,2400,2500
Divi,2010-07-26,2450.0,2450,2500
Divi,2010-07-28,2450.0,2450,2500
Divi,2010-07-29,2450.0,2450,2500
Divi,2010-07-30,2550.0,2550,2600
Divi,2010-07-31,2550.0,2550,2600
Divi,2010-08-03,2550.0,2550,2600
Divi,2010-08-04,2550.0,2550,2600
Divi,2010-08-05,2550.0,2550,2600
Divi,2010-08-06,2550.0,2550,2600
Divi,2010-08-07,2550.0,2550,2600
Divi,2010-08-10,2350.0,2350,2600
Divi,2010-09-01,2450.0,2450,2500
Divi,2010-09-02,2450.0,2450,2500
Divi,2010-09-03,2450.0,2450,2500
Divi,2010-09-04,2450.0,2450,2500
Divi,2010-09-06,2450.0,2450,2500
Divi,2010-09-08,2450.0,2450,2500
Divi,2010-09-09,2450.0,2450,2500
Divi,2010-09-12,2450.0,2450,2500
Divi,2010-09-13,2400.0,2400,2500
Divi,2010-09-14,2450.0,2450,2500
Divi,2010-09-15,2450.0,2450,2500
Divi,2010-09-18,2450.0,2450,2500
Divi,2010-09-19,2450.0,2450,2500
Divi,2010-09-20,2450.0,2450,2500
Divi,2010-09-21,5500.0,5500,5600
Divi,2010-09-22,2450.0,2450,2500
Divi,2010-09-23,2450.0,2450,2500
Divi,2010-09-24,2450.0,2450,2500
Divi,2010-09-25,2500.0,2500,2600
Divi,2010-09-26,1800.0,1800,1850
Divi,2010-09-28,1800.0,1800,1850
Divi,2010-09-29,1800.0,1800,1850
Divi,2010-09-30,1800.0,1800,1850
Divi,2010-10-01,1800.0,1800,1850
Divi,2010-10-02,1800.0,1800,1850
Divi,2010-10-03,1800.0,1800,1850
Divi,2010-10-04,1800.0,1800,1850
Divi,2010-10-05,1800.0,1800,1850
Divi,2010-10-06,1800.0,1800,1850
Divi,2010-10-07,2500.0,2500,2600
Divi,2010-10-08,2500.0,2500,2600
Divi,2010-10-09,1800.0,1800,1850
Divi,2010-10-10,1800.0,1800,1850
Divi,2010-10-11,1800.0,1800,1850
Divi,2010-10-13,1800.0,1800,1850
Divi,2010-10-14,1800.0,1800,1850
Divi,2010-10-15,1800.0,1800,1850
Divi,2010-10-16,1800.0,1800,1850
Divi,2010-10-17,1800.0,1800,1850
Divi,2010-10-18,1800.0,1800,1850
Divi,2010-10-19,1800.0,1800,1850
Divi,2010-10-20,1800.0,1800,1850
Divi,2010-10-21,1800.0,1800,1850
Divi,2010-10-22,1800.0,1800,1850
Divi,2010-10-23,1800.0,1800,1850
Divi,2010-10-24,1800.0,1800,1850
Divi,2010-10-27,1800.0,1800,1850
Divi,2010-10-28,1800.0,1800,1850
Divi,2010-10-29,1800.0,1800,1850
Divi,2010-10-30,1800.0,1800,1850
Divi,2010-10-31,1800.0,1800,1850
Divi,2010-11-02,1900.0,1900,2000
Divi,2010-11-03,1750.0,1750,1800
Divi,2010-11-04,1750.0,1750,1800
Divi,2010-11-05,1750.0,1750,1800
Divi,2010-11-06,1750.0,1750,1800
Divi,2010-11-07,1750.0,1750,1800
Divi,2010-11-08,1750.0,1750,1800
Divi,2010-11-11,1750.0,1750,1800
Divi,2010-11-12,1950.0,1950,2000
Divi,2010-11-13,1950.0,1950,2000
Divi,2010-11-14,1950.0,1950,2000
Divi,2010-11-15,1950.0,1950,2000
Divi,2010-11-17,1750.0,1750,1800
Divi,2010-11-18,1750.0,1750,1800
Divi,2010-11-19,1750.0,1750,1800
Divi,2010-11-20,1750.0,1750,1800
Divi,2010-11-21,1750.0,1750,1800
Divi,2010-11-22,1750.0,1750,1800
Divi,2010-11-23,1750.0,1750,1800
Divi,2010-11-24,1950.0,1950,2000
Divi,2010-11-25,1950.0,1950,2000
Divi,2010-11-26,1950.0,1950,2000
Divi,2010-11-27,1950.0,1950,2000
Divi,2010-11-28,1950.0,1950,2000
Divi,2010-11-29,1950.0,1950,2000
Divi,2010-11-30,1950.0,1950,2000
Divi,2010-12-02,1950.0,1950,2000
Divi,2010-12-04,1950.0,1950,2000
Divi,2010-12-05,1950.0,1950,2000
Divi,2010-12-06,1950.0,1950,2000
Divi,2010-12-07,1950.0,1950,2000
Divi,2010-12-08,1950.0,1950,2000
Divi,2010-12-09,2000.0,2000,2200
Divi,2010-12-10,2000.0,2000,2200
Divi,2010-12-12,2000.0,2000,2200
Divi,2010-12-13,2000.0,2000,2200
Divi,2010-12-14,2000.0,2000,2200
Divi,2010-12-15,2000.0,2000,2200
Divi,2010-12-16,2000.0,2000,2200
Divi,2010-12-17,2000.0,2000,2200
Divi,2010-12-18,2000.0,2000,2200
Divi,2010-12-19,2000.0,2000,2200
Divi,2010-12-20,2000.0,2000,2200
Divi,2010-12-21,2000.0,2000,2200
Divi,2010-12-22,2000.0,2000,2200
Divi,2010-12-24,2000.0,2000,2200
Divi,2010-12-25,2000.0,2000,2200
Divi,2010-12-26,2000.0,2000,2200
Divi,2010-12-27,2000.0,2000,2200
Divi,2010-12-28,2000.0,2000,2200
Divi,2010-12-29,2000.0,2000,2200
Divi,2010-12-30,2000.0,2000,2200
Divi,2010-12-31,2000.0,2000,2200
Divi,2011-01-02,2000.0,2000,2200
Divi,2011-01-03,2000.0,2000,2200
Divi,2011-01-04,2000.0,2000,2200
Divi,2011-01-05,2000.0,2000,2200
Divi,2011-01-06,2000.0,2000,2200
Divi,2011-01-07,2000.0,2000,2200
Divi,2011-01-08,2000.0,2000,2200
Divi,2011-01-09,2000.0,2000,2200
Divi,2011-01-11,2000.0,2000,2200
Divi,2011-01-12,2000.0,2000,2200
Divi,2011-01-13,2000.0,2000,2200
Divi,2011-01-15,2000.0,2000,2200
Divi,2011-01-17,2000.0,2000,2200
Divi,2011-01-18,2000.0,2000,2200
Divi,2011-01-19,2000.0,2000,2200
Divi,2011-01-20,2000.0,2000,2200
Divi,2011-01-21,2000.0,2000,2200
Divi,2011-01-22,2000.0,2000,2200
Divi,2011-01-23,2000.0,2000,2200
Divi,2011-01-24,2000.0,2000,2200
Divi,2011-01-25,2000.0,2000,2200
Divi,2011-01-26,2000.0,2000,2200
Divi,2011-01-27,2000.0,2000,2200
Divi,2011-01-29,2000.0,2000,2200
Divi,2011-01-30,2000.0,2000,2200
Divi,2011-02-01,2000.0,2000,2200
Divi,2011-02-03,2000.0,2000,2200
Divi,2011-02-04,2000.0,2000,2200
Divi,2011-02-05,2000.0,2000,2200
Divi,2011-02-06,2000.0,2000,2200
Divi,2011-02-07,2000.0,2000,2200
Divi,2011-02-08,2000.0,2000,2200
Divi,2011-02-11,2000.0,2000,2200
Divi,2011-02-13,2000.0,2000,2200
Divi,2011-02-14,2000.0,2000,2200
Divi,2011-02-16,2000.0,2000,2200
Divi,2011-02-17,2000.0,2000,2200
Divi,2011-02-18,2000.0,2000,2200
Divi,2011-02-22,2000.0,2000,2200
Divi,2011-02-24,2000.0,2000,2200
Divi,2011-02-27,2000.0,2000,2200
Divi,2011-02-28,2000.0,2000,2200
Divi,2011-03-01,2000.0,2000,2200
Divi,2011-03-02,2000.0,2000,2200
Divi,2011-03-03,2000.0,2000,2200
Divi,2011-03-05,2000.0,2000,2200
Divi,2011-03-07,2000.0,2000,2200
Divi,2011-03-08,2000.0,2000,2200
Divi,2011-03-10,2000.0,2000,2200
Divi,2011-03-11,2000.0,2000,2200
Divi,2011-03-12,2000.0,2000,2200
Divi,2011-03-14,2000.0,2000,2200
Divi,2011-03-15,2000.0,2000,2200
Divi,2011-03-16,2000.0,2000,2200
Divi,2011-03-17,2000.0,2000,2200
Divi,2011-03-18,2000.0,2000,2200
Divi,2011-03-19,2000.0,2000,2200
Divi,2011-03-20,2000.0,2000,2200
Divi,2011-03-21,2100.0,2100,2200
Divi,2011-03-22,2100.0,2100,2200
Divi,2011-03-23,2000.0,2000,2200
Divi,2011-03-25,2000.0,2000,2200
Divi,2011-03-26,2000.0,2000,2200
Divi,2011-03-27,2000.0,2000,2200
Divi,2011-03-28,2000.0,2000,2200
Divi,2011-03-29,2000.0,2000,2200
Divi,2011-04-01,2000.0,2000,2200
Divi,2011-04-02,2000.0,2000,2200
Divi,2011-04-04,2000.0,2000,2200
Divi,2011-04-05,2000.0,2000,2200
Divi,2011-04-06,2000.0,2000,2200
Divi,2011-04-07,2000.0,2000,2200
Divi,2011-04-08,2000.0,2000,2200
Divi,2011-04-09,2000.0,2000,2200
Divi,2011-04-10,2000.0,2000,2200
Divi,2011-04-11,2000.0,2000,2200
Divi,2011-04-12,2000.0,2000,2200
Divi,2011-04-13,2000.0,2000,2200
Divi,2011-04-14,2000.0,2000,2200
Divi,2011-04-15,2000.0,2000,2200
Divi,2011-04-16,2000.0,2000,2200
Divi,2011-04-17,2000.0,2000,2200
Divi,2011-04-19,2000.0,2000,2200
Divi,2011-04-20,2000.0,2000,2200
Divi,2011-04-21,2000.0,2000,2200
Divi,2011-04-24,2000.0,2000,2200
Divi,2011-04-25,2000.0,2000,2200
Divi,2011-04-26,2000.0,2000,2200
Divi,2011-04-27,2000.0,2000,2200
Divi,2011-04-28,2000.0,2000,2200
Divi,2011-05-01,2000.0,2000,2200
Divi,2011-05-03,2000.0,2000,2200
Divi,2011-05-04,2000.0,2000,2200
Divi,2011-05-05,2100.0,2100,2200
Divi,2011-05-06,2100.0,2100,2200
Divi,2011-05-07,2100.0,2100,2200
Divi,2011-05-08,2100.0,2100,2200
Divi,2011-05-09,2100.0,2100,2200
Divi,2011-05-10,1100.0,1100,1200
Divi,2011-05-11,2100.0,2100,2200
Divi,2011-05-12,2100.0,2100,2200
Divi,2011-05-14,2100.0,2100,2200
Divi,2011-05-16,2100.0,2100,2200
Divi,2011-05-17,2100.0,2100,2200
Divi,2011-05-18,2100.0,2100,2200
Divi,2011-05-19,2100.0,2100,2200
Divi,2011-05-20,2000.0,2000,2200
Divi,2011-05-21,2100.0,2100,2200
Divi,2011-05-22,2100.0,2100,2200
Divi,2011-05-23,2100.0,2100,2200
Divi,2011-05-24,2100.0,2100,2200
Divi,2011-05-25,2100.0,2100,2200
Divi,2011-05-26,2100.0,2100,2200
Divi,2011-05-27,2000.0,2000,2200
Divi,2011-05-29,2100.0,2100,2200
Divi,2011-05-30,2100.0,2100,2200
Divi,2011-05-31,2100.0,2100,2200
Divi,2011-06-02,2100.0,2100,2200
Divi,2011-06-03,2100.0,2100,2200
Divi,2011-06-04,2100.0,2100,2200
Divi,2011-06-05,2100.0,2100,2200
Divi,2011-06-06,2100.0,2100,2200
Divi,2011-06-08,2100.0,2100,2200
Divi,2011-06-09,2100.0,2100,2200
Divi,2011-06-10,1900.0,1900,2000
Divi,2011-06-12,1800.0,1800,1900
Divi,2011-06-13,1900.0,1900,2000
Divi,2011-06-15,1900.0,1900,2000
Divi,2011-06-17,1900.0,1900,2000
Divi,2011-06-18,1900.0,1900,2000
Divi,2011-06-19,1900.0,1900,2000
Divi,2011-06-20,1900.0,1900,2000
Divi,2011-06-21,1900.0,1900,2000
Divi,2011-06-22,1900.0,1900,2000
Divi,2011-06-23,1900.0,1900,2000
Divi,2011-06-24,1900.0,1900,2000
Divi,2011-06-25,1900.0,1900,2000
Divi,2011-06-26,1900.0,1900,2000
Divi,2011-06-28,1900.0,1900,2000
Divi,2011-06-30,1900.0,1900,2000
Divi,2011-07-01,1800.0,1800,1900
Divi,2011-07-04,1800.0,1800,1900
Divi,2011-07-05,1800.0,1800,1900
Divi,2011-07-06,1800.0,1800,1900
Divi,2011-07-09,1800.0,1800,1900
Divi,2011-07-10,1800.0,1800,1900
Divi,2011-07-11,1800.0,1800,1900
Divi,2011-07-12,1800.0,1800,1900
Divi,2011-07-13,1800.0,1800,1900
Divi,2011-07-14,1800.0,1800,1900
Divi,2011-07-15,1800.0,1800,1900
Divi,2011-07-16,1800.0,1800,1900
Divi,2011-07-17,1800.0,1800,1900
Divi,2011-07-19,1800.0,1800,1900
Divi,2011-07-20,1800.0,1800,1900
Divi,2011-07-21,1800.0,1800,1900
Divi,2011-07-22,1800.0,1800,1900
Divi,2011-07-23,1800.0,1800,1900
Divi,2011-07-24,1800.0,1800,1900
Divi,2011-07-25,1800.0,1800,1900
Divi,2011-07-26,1800.0,1800,1900
Divi,2011-07-27,1800.0,1800,1900
Divi,2011-07-28,1800.0,1800,1900
Divi,2011-07-29,1800.0,1800,1900
Divi,2011-07-30,1800.0,1800,1900
Divi,2011-08-01,1800.0,1800,1900
Divi,2011-08-03,1800.0,1800,1900
Divi,2011-08-05,1800.0,1800,1900
Divi,2011-08-06,1800.0,1800,1900
Divi,2011-08-07,1800.0,1800,1900
Divi,2011-08-08,1800.0,1800,1900
Divi,2011-08-09,1800.0,1800,1900
Divi,2011-08-10,1800.0,1800,1900
Divi,2011-08-13,1800.0,1800,1900
Divi,2011-08-14,1800.0,1800,1900
Divi,2011-08-15,1800.0,1800,1900
Divi,2011-08-16,1800.0,1800,1900
Divi,2011-08-17,1800.0,1800,1900
Divi,2011-08-18,1800.0,1800,1900
Divi,2011-08-20,1800.0,1800,1900
Divi,2011-08-21,1800.0,1800,1900
Divi,2011-08-22,1800.0,1800,1900
Divi,2011-08-24,1800.0,1800,1900
Divi,2011-08-25,1800.0,1800,1900
Divi,2011-08-26,1700.0,1700,1800
Divi,2011-08-27,1750.0,1700,1800
Divi,2011-08-28,1750.0,1700,1800
Divi,2011-08-29,1750.0,1700,1800
Divi,2011-08-30,1750.0,1700,1800
Divi,2011-08-31,1750.0,1700,1800
Divi,2011-09-01,1750.0,1700,1800
Divi,2011-09-02,1750.0,1700,1800
Divi,2011-09-03,1750.0,1700,1800
Divi,2011-09-04,1750.0,1700,1800
Divi,2011-09-05,1750.0,1700,1800
Divi,2011-09-06,1750.0,1700,1800
Divi,2011-09-07,1750.0,1700,1800
Divi,2011-09-09,1750.0,1700,1800
Divi,2011-09-10,1750.0,1700,1800
Divi,2011-09-11,1750.0,1700,1800
Divi,2011-09-12,1750.0,1700,1800
Divi,2011-09-14,1750.0,1700,1800
Divi,2011-09-15,1750.0,1700,1800
Divi,2011-09-17,1750.0,1700,1800
Divi,2011-09-18,1750.0,1700,1800
Divi,2011-09-19,1750.0,1700,1800
Divi,2011-09-20,1750.0,1700,1800
Divi,2011-09-21,1750.0,1700,1800
Divi,2011-09-22,1750.0,1700,1800
Divi,2011-09-23,1750.0,1700,1800
Divi,2011-09-24,1750.0,1700,1800
Divi,2011-09-25,1750.0,1700,1800
Divi,2011-09-26,1750.0,1700,1800
Divi,2011-09-27,1750.0,1700,1800
Divi,2011-09-28,1750.0,1700,1800
Divi,2011-09-29,1750.0,1700,1800
Divi,2011-09-30,1750.0,1700,1800
Divi,2011-10-01,1750.0,1700,1800
Divi,2011-10-04,1750.0,1700,1800
Divi,2011-10-05,1750.0,1700,1800
Divi,2011-10-06,1750.0,1700,1800
Divi,2011-10-07,1750.0,1700,1800
Divi,2011-10-08,1750.0,1700,1800
Divi,2011-10-09,1750.0,1700,1800
Divi,2011-10-11,1750.0,1700,1800
Divi,2011-10-14,1750.0,1700,1800
Divi,2011-10-15,1750.0,1700,1800
Divi,2011-10-16,1700.0,1700,1750
Divi,2011-10-17,1750.0,1700,1800
Divi,2011-10-18,1750.0,1700,1800
Divi,2011-10-20,1750.0,1700,1800
Divi,2011-10-22,1750.0,1700,1800
Divi,2011-10-23,1750.0,1700,1800
Divi,2011-10-24,1750.0,1700,1800
Divi,2011-10-26,1750.0,1700,1800
Divi,2011-10-27,1750.0,1700,1800
Divi,2011-10-28,1750.0,1700,1800
Divi,2011-10-29,1750.0,1700,1800
Divi,2011-11-01,1750.0,1700,1800
Divi,2011-11-02,1750.0,1700,1800
Divi,2011-11-03,1750.0,1700,1800
Divi,2011-11-04,1750.0,1700,1800
Divi,2011-11-06,1750.0,1700,1800
Divi,2011-11-07,1750.0,1700,1800
Divi,2011-11-08,1750.0,1700,1800
Divi,2011-11-09,1750.0,1700,1800
Divi,2011-11-11,1750.0,1700,1800
Divi,2011-11-13,1750.0,1700,1800
Divi,2011-11-15,1750.0,1700,1800
Divi,2011-11-16,1750.0,1700,1800
Divi,2011-11-18,1750.0,1700,1800
Divi,2011-11-19,1750.0,1700,1800
Divi,2011-11-20,1750.0,1700,1800
Divi,2011-11-21,1750.0,1700,1800
Divi,2011-11-22,1750.0,1700,1800
Divi,2011-11-23,1750.0,1700,1800
Divi,2011-11-24,1750.0,1700,1800
Divi,2011-11-25,1750.0,1700,1800
Divi,2011-11-26,1750.0,1700,1800
Divi,2011-11-28,1750.0,1700,1800
Divi,2011-11-29,1750.0,1700,1800
Divi,2011-11-30,1750.0,1700,1800
Divi,2011-12-01,1700.0,1700,1800
Divi,2011-12-03,1700.0,1700,1800
Divi,2011-12-05,1700.0,1700,1800
Divi,2011-12-06,1700.0,1700,1800
Divi,2011-12-08,1700.0,1700,1800
Divi,2011-12-09,1700.0,1700,1800
Divi,2011-12-10,1700.0,1700,1800
Divi,2011-12-11,1700.0,1700,1800
Divi,2011-12-12,1700.0,1700,1800
Divi,2011-12-14,1700.0,1700,1800
Divi,2011-12-15,1700.0,1700,1800
Divi,2011-12-16,1700.0,1700,1800
Divi,2011-12-17,1700.0,1700,1800
Divi,2011-12-19,1700.0,1700,1800
Divi,2011-12-20,1700.0,1700,1800
Divi,2011-12-21,1700.0,1700,1800
Divi,2011-12-22,1700.0,1700,1800
Divi,2011-12-24,1700.0,1700,1800
Divi,2011-12-25,1700.0,1700,1800
Divi,2011-12-26,1700.0,1700,1800
Divi,2011-12-27,1700.0,1700,1800
Divi,2011-12-28,1700.0,1700,1800
Divi,2011-12-29,1700.0,1700,1800
Divi,2011-12-30,1700.0,1700,1800
Divi,2011-12-31,1700.0,1700,1800
Divi,2012-01-01,1700.0,1700,1800
Divi,2012-01-02,1700.0,1700,1800
Divi,2012-01-03,1750.0,1750,1800
Divi,2012-01-04,1700.0,1700,1800
Divi,2012-01-05,1700.0,1700,1800
Divi,2012-01-06,1700.0,1700,1800
Divi,2012-01-07,1700.0,1700,1800
Divi,2012-01-08,1700.0,1700,1800
Divi,2012-01-09,1700.0,1700,1800
Divi,2012-01-10,1700.0,1700,1800
Divi,2012-01-11,1700.0,1700,1800
Divi,2012-01-12,1700.0,1700,1800
Divi,2012-01-13,1700.0,1700,1800
Divi,2012-01-14,1700.0,1700,1800
Divi,2012-01-16,1700.0,1700,1800
Divi,2012-01-17,1700.0,1700,1800
Divi,2012-01-18,1700.0,1700,1800
Divi,2012-01-19,1700.0,1700,1800
Divi,2012-01-20,1700.0,1700,1800
Divi,2012-01-21,1700.0,1700,1800
Divi,2012-01-23,1700.0,1700,1800
Divi,2012-01-24,1700.0,1700,1800
Divi,2012-01-25,1700.0,1700,1800
Divi,2012-01-26,1700.0,1700,1800
Divi,2012-01-27,1700.0,1700,1800
Divi,2012-01-28,1700.0,1700,1800
Divi,2012-01-29,1700.0,1700,1800
Divi,2012-01-30,1700.0,1700,1800
Divi,2012-01-31,1700.0,1700,1800
Divi,2012-02-02,1700.0,1700,1800
Divi,2012-02-03,1700.0,1700,1800
Divi,2012-02-04,1700.0,1700,1800
Divi,2012-02-05,1700.0,1700,1800
Divi,2012-02-06,1700.0,1700,1800
Divi,2012-02-07,1700.0,1700,1800
Divi,2012-02-08,1700.0,1700,1800
Divi,2012-02-13,1700.0,1700,1800
Divi,2012-02-14,1700.0,1700,1800
Divi,2012-02-15,1700.0,1700,1800
Divi,2012-02-16,1700.0,1700,1800
Divi,2012-02-18,1700.0,1700,1800
Divi,2012-02-19,1700.0,1700,1800
Divi,2012-02-23,1700.0,1700,1800
Divi,2012-02-24,1700.0,1700,1800
Divi,2012-02-25,1700.0,1700,1800
Divi,2012-02-26,1700.0,1700,1800
Divi,2012-02-28,1700.0,1700,1800
Divi,2012-02-29,1700.0,1700,1800
Divi,2012-03-01,1700.0,1700,1800
Divi,2012-03-02,1700.0,1700,1800
Divi,2012-03-03,1700.0,1700,1800
Divi,2012-03-04,1900.0,1900,2000
Divi,2012-03-05,1900.0,1900,2000
Divi,2012-03-06,1900.0,1900,2000
Divi,2012-03-08,1900.0,1900,2000
Divi,2012-03-09,1900.0,1900,2000
Divi,2012-03-10,1900.0,1900,2000
Divi,2012-03-11,1900.0,1900,2000
Divi,2012-03-12,1900.0,1900,2000
Divi,2012-03-13,1900.0,1900,2000
Divi,2012-03-14,1900.0,1900,2000
Divi,2012-03-15,1900.0,1900,2000
Divi,2012-03-16,1900.0,1900,2000
Divi,2012-03-17,1900.0,1900,2000
Divi,2012-03-18,1900.0,1900,2000
Divi,2012-03-19,1900.0,1900,2000
Divi,2012-03-20,1900.0,1900,2000
Divi,2012-03-21,1900.0,1900,2000
Divi,2012-03-22,1900.0,1900,2000
Divi,2012-03-23,1800.0,1800,1900
Divi,2012-03-24,1900.0,1900,2000
Divi,2012-03-25,1900.0,1900,2000
Divi,2012-03-26,1900.0,1900,2000
Divi,2012-03-27,1900.0,1900,2000
Divi,2012-03-28,1900.0,1900,2000
Divi,2012-03-30,1900.0,1900,2000
Divi,2012-03-31,1900.0,1900,2000
Divi,2012-04-02,1800.0,1800,1900
Divi,2012-04-03,1800.0,1800,1900
Divi,2012-04-04,1800.0,1800,1900
Divi,2012-04-06,1800.0,1800,1900
Divi,2012-04-08,1800.0,1800,1900
Divi,2012-04-09,1800.0,1800,1900
Divi,2012-04-11,1800.0,1800,1900
Divi,2012-04-13,1800.0,1800,1900
Divi,2012-04-14,1800.0,1800,1900
Divi,2012-04-15,1800.0,1800,1900
Divi,2012-04-16,1800.0,1800,1900
Divi,2012-04-17,1800.0,1800,1900
Divi,2012-04-20,1800.0,1800,1900
Divi,2012-04-21,1800.0,1800,1900
Divi,2012-04-22,1800.0,1800,1900
Divi,2012-04-23,1800.0,1800,1900
Divi,2012-04-24,1800.0,1800,1900
Divi,2012-04-25,1800.0,1800,1900
Divi,2012-04-27,1800.0,1800,1900
Divi,2012-04-28,1800.0,1800,1900
Divi,2012-04-29,1800.0,1800,1900
Divi,2012-04-30,1800.0,1800,1900
Divi,2012-05-01,1800.0,1800,1900
Divi,2012-05-02,1800.0,1800,1900
Divi,2012-05-03,1800.0,1800,1900
Divi,2012-05-04,1800.0,1800,1900
Divi,2012-05-05,1800.0,1800,1900
Divi,2012-05-06,1800.0,1800,1900
Divi,2012-05-07,1800.0,1800,1900
Divi,2012-05-08,1800.0,1800,1900
Divi,2012-05-09,1800.0,1800,1900
Divi,2012-05-10,1800.0,1800,1900
Divi,2012-05-11,1800.0,1800,1900
Divi,2012-05-12,1800.0,1800,1900
Divi,2012-05-13,1800.0,1800,1900
Divi,2012-05-14,1800.0,1800,1900
Divi,2012-05-15,1800.0,1800,1900
Divi,2012-05-17,1800.0,1800,1900
Divi,2012-05-19,1800.0,1800,1900
Divi,2012-05-20,1800.0,1800,1900
Divi,2012-05-21,1800.0,1800,1900
Divi,2012-05-22,1800.0,1800,1900
Divi,2012-05-23,1800.0,1800,1900
Divi,2012-05-24,1800.0,1800,1900
Divi,2012-05-25,1800.0,1800,1900
Divi,2012-05-26,1800.0,1800,1900
Divi,2012-05-28,1800.0,1800,1900
Divi,2012-05-29,1800.0,1800,1900
Divi,2012-05-30,1800.0,1800,1900
Divi,2012-05-31,1800.0,1800,1900
Divi,2012-06-01,1800.0,1800,1900
Divi,2012-06-02,1800.0,1800,1900
Divi,2012-06-03,1800.0,1800,1900
Divi,2012-06-04,1800.0,1800,1900
Divi,2012-06-05,1800.0,1800,1900
Divi,2012-06-06,1800.0,1800,1900
Divi,2012-06-07,1800.0,1800,1900
Divi,2012-06-08,1800.0,1800,1900
Divi,2012-06-09,1800.0,1800,1900
Divi,2012-06-13,1800.0,1800,1900
Divi,2012-06-14,1800.0,1800,1900
Divi,2012-06-15,1800.0,1800,1900
Divi,2012-06-16,1800.0,1800,1900
Divi,2012-06-17,1800.0,1800,1900
Divi,2012-06-19,1800.0,1800,1900
Divi,2012-06-20,1800.0,1800,1900
Divi,2012-06-21,1800.0,1800,1900
Divi,2012-06-22,1800.0,1800,1900
Divi,2012-06-24,1800.0,1800,1900
Divi,2012-06-25,1800.0,1800,1900
Divi,2012-06-26,1800.0,1800,1900
Divi,2012-06-27,1800.0,1800,1900
Divi,2012-06-28,1800.0,1800,1900
Divi,2012-06-29,1800.0,1800,1900
Divi,2012-06-30,1800.0,1800,1900
Divi,2012-07-01,1800.0,1800,1900
Divi,2012-07-03,1800.0,1800,1900
Divi,2012-07-04,1800.0,1800,1900
Divi,2012-07-05,1800.0,1800,1900
Divi,2012-07-06,1800.0,1800,1900
Divi,2012-07-07,1800.0,1800,1900
Divi,2012-07-08,1800.0,1800,1900
Divi,2012-07-09,1100.0,1100,1200
Divi,2012-07-10,1800.0,1800,1900
Divi,2012-07-11,1800.0,1800,1900
Divi,2012-07-12,2100.0,2100,2200
Divi,2012-07-13,2100.0,2100,2200
Divi,2012-07-14,1900.0,1900,2000
Divi,2012-07-15,1900.0,1900,2000
Divi,2012-07-16,1900.0,1900,2000
Divi,2012-07-17,2100.0,2100,2200
Divi,2012-07-18,2000.0,2000,2100
Divi,2012-07-19,2000.0,2000,2100
Divi,2012-07-20,2100.0,2100,2200
Divi,2012-07-21,2100.0,2100,2200
Divi,2012-07-22,2100.0,2100,2200
Divi,2012-07-24,2100.0,2100,2200
Divi,2012-07-25,2100.0,2100,2200
Divi,2012-07-26,2100.0,2100,2200
Divi,2012-07-27,2100.0,2100,2200
Divi,2012-07-28,2100.0,2100,2200
Divi,2012-07-29,2100.0,2100,2200
Divi,2012-07-31,2100.0,2100,2200
Divi,2012-08-01,2100.0,2100,2200
Divi,2012-08-04,2100.0,2100,2200
Divi,2012-08-05,2100.0,2100,2200
Divi,2012-08-06,2100.0,2100,2200
Divi,2012-08-07,2100.0,2100,2200
Divi,2012-08-09,2100.0,2100,2200
Divi,2012-08-10,2100.0,2100,2200
Divi,2012-08-11,3400.0,3400,3500
Divi,2012-08-12,2100.0,2100,2200
Divi,2012-08-13,2100.0,2100,2200
Divi,2012-08-15,2100.0,2100,2200
Divi,2012-08-16,2100.0,2100,2200
Divi,2012-08-17,2100.0,2100,2200
Divi,2012-08-18,2100.0,2100,2200
Divi,2012-08-19,2100.0,2100,2200
Divi,2012-08-21,2100.0,2100,2200
Divi,2012-08-23,2100.0,2100,2200
Divi,2012-08-24,2100.0,2100,2200
Divi,2012-08-26,2100.0,2100,2200
Divi,2012-08-27,2100.0,2100,2200
Divi,2012-08-29,2100.0,2100,2200
Divi,2012-08-30,2100.0,2100,2200
Divi,2012-08-31,2100.0,2100,2200
Divi,2012-09-01,2100.0,2100,2200
Divi,2012-09-03,2100.0,2100,2200
Divi,2012-09-05,2100.0,2100,2200
Divi,2012-09-07,2100.0,2100,2200
Divi,2012-09-08,2100.0,2100,2200
Divi,2012-09-09,2100.0,2100,2200
Divi,2012-09-10,2100.0,2100,2200
Divi,2012-09-12,2100.0,2100,2200
Divi,2012-09-13,2100.0,2100,2200
Divi,2012-09-14,2100.0,2100,2200
Divi,2012-09-15,2100.0,2100,2200
Divi,2012-09-16,2100.0,2100,2200
Divi,2012-09-17,2100.0,2100,2200
Divi,2012-09-18,2100.0,2100,2200
Divi,2012-09-19,2100.0,2100,2200
Divi,2012-09-20,2100.0,2100,2200
Divi,2012-09-21,2100.0,2100,2200
Divi,2012-09-22,2100.0,2100,2200
Divi,2012-09-23,2100.0,2100,2200
Divi,2012-09-24,2100.0,2100,2200
Divi,2012-09-26,2100.0,2100,2200
Divi,2012-09-27,2100.0,2100,2200
Divi,2012-09-28,2100.0,2100,2200
Divi,2012-09-29,2100.0,2100,2200
Divi,2012-10-01,2100.0,2100,2200
Divi,2012-10-02,2100.0,2100,2200
Divi,2012-10-03,2100.0,2100,2200
Divi,2012-10-04,2100.0,2100,2200
Divi,2012-10-05,2100.0,2100,2200
Divi,2012-10-06,2100.0,2100,2200
Divi,2012-10-07,2100.0,2100,2200
Divi,2012-10-08,2100.0,2100,2200
Divi,2012-10-09,2100.0,2100,2200
Divi,2012-10-10,2100.0,2100,2200
Divi,2012-10-11,2100.0,2100,2200
Divi,2012-10-13,2100.0,2100,2200
Divi,2012-10-14,2100.0,2100,2200
Divi,2012-10-15,2100.0,2100,2200
Divi,2012-10-16,2100.0,2100,2200
Divi,2012-10-17,2100.0,2100,2200
Divi,2012-10-19,2100.0,2100,2200
Divi,2012-10-22,2100.0,2100,2200
Divi,2012-10-23,2100.0,2100,2200
Divi,2012-10-24,2100.0,2100,2200
Divi,2012-10-25,2100.0,2100,2200
Divi,2012-10-28,2100.0,2100,2200
Divi,2012-10-29,2100.0,2100,2200
Divi,2012-10-31,2100.0,2100,2200
Divi,2012-11-01,2100.0,2100,2200
Divi,2012-11-03,2100.0,2100,2200
Divi,2012-11-04,2100.0,2100,2200
Divi,2012-11-05,2100.0,2100,2200
Divi,2012-11-06,2100.0,2100,2200
Divi,2012-11-07,2100.0,2100,2200
Divi,2012-11-08,2100.0,2100,2200
Divi,2012-11-09,2100.0,2100,2200
Divi,2012-11-10,2100.0,2100,2200
Divi,2012-11-11,2100.0,2100,2200
Divi,2012-11-12,2100.0,2100,2200
Divi,2012-11-13,2100.0,2100,2200
Divi,2012-11-14,2100.0,2100,2200
Divi,2012-11-15,2100.0,2100,2200
Divi,2012-11-16,2100.0,2100,2200
Divi,2012-11-17,2100.0,2100,2200
Divi,2012-11-18,2100.0,2100,2200
Divi,2012-11-19,2100.0,2100,2200
Divi,2012-11-20,2100.0,2100,2200
Divi,2012-11-21,2100.0,2100,2200
Divi,2012-11-23,2100.0,2100,2200
Divi,2012-11-24,2100.0,2100,2200
Divi,2012-11-25,2100.0,2100,2200
Divi,2012-11-26,2100.0,2100,2200
Divi,2012-11-29,2100.0,2100,2200
Divi,2012-11-30,2100.0,2100,2200
Divi,2012-12-01,2100.0,2100,2200
Divi,2012-12-02,2100.0,2100,2200
Divi,2012-12-03,2100.0,2100,2200
Divi,2012-12-04,2100.0,2100,2200
Divi,2012-12-05,2100.0,2100,2200
Divi,2012-12-06,2100.0,2100,2200
Divi,2012-12-07,2100.0,2100,2200
Divi,2012-12-08,2100.0,2100,2200
Divi,2012-12-09,2100.0,2100,2200
Divi,2012-12-12,2100.0,2100,2200
Divi,2012-12-13,2100.0,2100,2200
Divi,2012-12-14,2100.0,2100,2200
Divi,2012-12-15,2100.0,2100,2200
Divi,2012-12-16,2100.0,2100,2200
Divi,2012-12-17,2100.0,2100,2200
Divi,2012-12-18,2100.0,2100,2200
Divi,2012-12-19,2100.0,2100,2200
Divi,2012-12-20,2100.0,2100,2200
Divi,2012-12-21,2100.0,2100,2200
Divi,2012-12-22,2100.0,2100,2200
Divi,2012-12-23,2100.0,2100,2200
Divi,2012-12-24,2100.0,2100,2200
Divi,2012-12-25,2100.0,2100,2200
Divi,2012-12-26,2100.0,2100,2200
Divi,2012-12-27,2100.0,2100,2200
Divi,2012-12-28,2100.0,2100,2200
Divi,2012-12-29,2100.0,2100,2200
Divi,2012-12-31,2100.0,2100,2200
Divi,2013-01-01,2100.0,2100,2200
Divi,2013-01-02,2100.0,2100,2200
Divi,2013-01-03,2100.0,2100,2200
Divi,2013-01-05,2100.0,2100,2200
Divi,2013-01-07,2100.0,2100,2200
Divi,2013-01-08,2100.0,2100,2200
Divi,2013-01-10,2100.0,2100,2200
Divi,2013-01-11,2100.0,2100,2200
Divi,2013-01-12,2100.0,2100,2200
Divi,2013-01-13,2100.0,2100,2200
Divi,2013-01-15,2100.0,2100,2200
Divi,2013-01-17,2100.0,2100,2200
Divi,2013-01-19,2100.0,2100,2200
Divi,2013-01-23,2100.0,2100,2200
Divi,2013-01-25,2200.0,2200,2300
Divi,2013-01-26,2100.0,2100,2200
Divi,2013-01-29,2200.0,2200,2300
Divi,2013-01-30,2200.0,2200,2300
Divi,2013-01-31,2200.0,2200,2300
Divi,2013-02-02,2200.0,2200,2300
Divi,2013-02-03,2200.0,2200,2300
Divi,2013-02-05,2200.0,2200,2300
Divi,2013-02-07,2200.0,2200,2300
Divi,2013-02-08,2100.0,2100,2200
Divi,2013-02-10,2100.0,2100,2200
Divi,2013-02-11,2100.0,2100,2200
Divi,2013-02-12,2100.0,2100,2200
Divi,2013-02-14,2200.0,2200,2300
Divi,2013-02-15,2100.0,2100,2200
Divi,2013-02-18,2200.0,2200,2300
Divi,2013-02-19,2100.0,2100,2200
Divi,2013-02-20,2100.0,2100,2200
Divi,2013-02-21,2100.0,2100,2200
Divi,2013-02-23,2100.0,2100,2200
Divi,2013-02-24,2200.0,2200,2300
Divi,2013-02-25,2100.0,2100,2200
Divi,2013-02-27,2200.0,2200,2300
Divi,2013-03-04,2200.0,2200,2300
Divi,2013-03-05,2200.0,2200,2300
Divi,2013-03-06,2200.0,2200,2300
Divi,2013-03-07,2200.0,2000,2300
Divi,2013-03-08,2200.0,2200,2300
Divi,2013-03-09,2200.0,2200,2300
Divi,2013-03-11,2200.0,2200,2300
Divi,2013-03-12,2200.0,2200,2300
Divi,2013-03-13,2200.0,2200,2300
Divi,2013-03-14,2200.0,2200,2300
Divi,2013-03-15,2200.0,2200,2300
Divi,2013-03-19,2200.0,2200,2300
Divi,2013-03-20,2200.0,2200,2300
Divi,2013-03-21,2200.0,2200,2300
Divi,2013-03-22,2200.0,2200,2300
Divi,2013-03-26,2200.0,2200,2300
Divi,2013-03-28,2200.0,2200,2300
Divi,2013-03-30,2200.0,2200,2300
Divi,2013-04-01,2200.0,2200,2300
Divi,2013-04-03,2200.0,2200,2300
Divi,2013-04-04,2200.0,2200,2300
Divi,2013-04-05,2200.0,2200,2300
Divi,2013-04-06,2200.0,2200,2300
Divi,2013-04-07,2200.0,2200,2300
Divi,2013-04-12,2200.0,2200,2300
Divi,2013-04-13,2200.0,2200,2300
Divi,2013-04-15,2200.0,2200,2300
Divi,2013-04-16,2200.0,2200,2300
Divi,2013-04-22,2200.0,2200,2300
Divi,2013-04-27,2200.0,2200,2300
Divi,2013-05-01,2200.0,2200,2300
Divi,2013-05-04,2200.0,2200,2300
Divi,2013-05-05,2200.0,2200,2300
Divi,2013-05-07,2200.0,2200,2300
Divi,2013-05-10,2200.0,2200,2300
Divi,2013-05-11,2200.0,2200,2300
Divi,2013-05-12,2200.0,2200,2300
Divi,2013-05-13,2200.0,2200,2300
Divi,2013-05-14,2200.0,2200,2300
Divi,2013-05-15,2200.0,2200,2300
Divi,2013-05-16,2200.0,2200,2300
Divi,2013-05-17,2200.0,2200,2300
Divi,2013-05-18,2200.0,2200,2300
Divi,2013-05-19,2200.0,2200,2300
Divi,2013-05-22,2200.0,2200,2300
Divi,2013-05-23,2200.0,2200,2300
Divi,2013-05-24,2200.0,2200,2300
Divi,2013-05-27,2200.0,2200,2300
Divi,2013-05-28,2200.0,2200,2300
Divi,2013-05-30,2200.0,2200,2300
Divi,2013-05-31,2200.0,2200,2300
Divi,2013-06-01,2200.0,2200,2300
Divi,2013-06-03,2200.0,2200,2300
Divi,2013-06-09,2200.0,2200,2300
Divi,2013-06-10,2200.0,2200,2300
Divi,2013-06-12,2200.0,2200,2300
Divi,2013-06-13,2200.0,2200,2300
Divi,2013-06-14,2200.0,2200,2300
Divi,2013-06-16,2200.0,2200,2300
Divi,2013-06-19,2200.0,2200,2300
Divi,2013-06-21,2200.0,2200,2300
Divi,2013-06-22,2200.0,2200,2300
Divi,2013-06-24,2200.0,2200,2300
Divi,2013-06-25,2200.0,2200,2300
Divi,2013-06-26,2200.0,2200,2300
Divi,2013-06-27,2200.0,2200,2300
Divi,2013-06-28,2200.0,2200,2300
Divi,2013-06-30,2200.0,2200,2300
Divi,2013-07-01,2200.0,2200,2300
Divi,2013-07-02,2200.0,2200,2300
Divi,2013-07-03,1900.0,1900,2300
Divi,2013-07-04,2200.0,2200,2300
Divi,2013-07-06,2200.0,2200,2300
Divi,2013-07-07,2200.0,2200,2300
Divi,2013-07-09,2200.0,2200,2300
Divi,2013-07-10,2200.0,2200,2300
Divi,2013-07-11,2200.0,2200,2300
Divi,2013-07-14,2200.0,2200,2300
Divi,2013-07-15,2200.0,2200,2300
Divi,2013-07-16,2200.0,2200,2300
Divi,2013-07-17,2200.0,2200,2300
Divi,2013-07-19,2200.0,2200,2300
Divi,2013-07-20,2200.0,2200,2300
Divi,2013-07-21,2700.0,2700,2800
Divi,2013-07-22,2700.0,2700,2800
Divi,2013-07-23,2200.0,2200,2300
Divi,2013-07-24,2200.0,2200,2300
Divi,2013-07-26,2200.0,2200,2300
Divi,2013-07-27,2200.0,2200,2300
Divi,2013-07-28,2200.0,2200,2300
Divi,2013-07-29,2200.0,2200,2300
Divi,2013-07-31,2200.0,2200,2300
Divi,2013-08-02,2200.0,2200,2300
Divi,2013-08-03,2200.0,2200,2300
Divi,2013-08-04,2200.0,2200,2300
Divi,2013-08-05,2200.0,2200,2300
Divi,2013-08-06,2200.0,2200,2300
Divi,2013-08-12,2200.0,2200,2300
Divi,2013-08-14,2200.0,2200,2300
Divi,2013-08-18,2200.0,2200,2300
Divi,2013-08-19,2200.0,2200,2300
Divi,2013-08-21,2200.0,2200,2300
Divi,2013-08-22,2200.0,2200,2300
Divi,2013-08-24,2200.0,2200,2300
Divi,2013-08-26,2200.0,2200,2300
Divi,2013-08-30,2200.0,2200,2300
Divi,2013-09-05,2200.0,2200,2300
Divi,2013-09-10,2200.0,2200,2300
Divi,2013-09-11,2200.0,2200,2300
Divi,2013-09-12,2200.0,2200,2300
Divi,2013-09-16,2200.0,2200,2300
Divi,2013-09-18,2200.0,2200,2300
Divi,2013-09-20,2200.0,2200,2300
Divi,2013-09-21,2200.0,2200,2300
Divi,2013-09-25,2200.0,2200,2300
Divi,2013-09-26,2200.0,2200,2300
Divi,2013-09-27,2200.0,2200,2300
Divi,2013-10-01,2200.0,2200,2300
Divi,2013-10-03,2200.0,2200,2300
Divi,2013-10-05,2200.0,2200,2300
Divi,2013-10-08,2200.0,2200,2300
Divi,2013-10-14,2200.0,2200,2300
Divi,2013-10-15,2200.0,2200,2300
Divi,2013-10-16,2200.0,2200,2300
Divi,2013-10-19,2200.0,2200,2300
Divi,2013-10-20,2200.0,2200,2300
Divi,2013-10-21,2200.0,2200,2300
Divi,2013-10-23,2200.0,2200,2300
Divi,2013-10-24,2200.0,2200,2300
Divi,2013-10-25,2200.0,2200,2300
Divi,2013-10-27,2200.0,2200,2300
Divi,2013-10-29,2200.0,2200,2300
Divi,2013-10-30,2200.0,2200,2300
Divi,2013-10-31,2200.0,2200,2300
Divi,2013-11-04,2200.0,2200,2300
Divi,2013-11-06,2200.0,2200,2300
Divi,2013-11-07,2200.0,2200,2300
Divi,2013-11-11,2200.0,2200,2300
Divi,2013-11-12,2200.0,2200,2300
Divi,2013-11-13,2200.0,2200,2300
Divi,2013-11-14,2200.0,2200,2300
Divi,2013-11-15,2200.0,2200,2300
Divi,2013-11-16,2200.0,2200,2300
Divi,2013-11-17,2200.0,2200,2300
Divi,2013-11-19,2200.0,2200,2300
Divi,2013-11-22,2400.0,2400,2500
Divi,2013-11-23,2400.0,2400,2500
Divi,2013-11-24,2400.0,2400,2500
Divi,2013-11-25,2400.0,2400,2500
Divi,2013-11-26,2400.0,2400,2500
Divi,2013-11-27,2400.0,2400,2500
Divi,2013-11-29,2400.0,2400,2500
Divi,2013-12-01,2400.0,2400,2500
Divi,2013-12-03,2400.0,2400,2500
Divi,2013-12-04,2400.0,2400,2500
Divi,2013-12-06,2400.0,2400,2500
Divi,2013-12-08,2400.0,2400,2500
Divi,2013-12-10,2400.0,2400,2500
Divi,2013-12-11,2400.0,2400,2500
Divi,2013-12-12,2400.0,2400,2500
Divi,2013-12-13,2400.0,2400,2500
Divi,2013-12-15,2400.0,2400,2500
Divi,2013-12-16,2400.0,2400,2500
Divi,2013-12-17,2400.0,2400,2500
Divi,2013-12-18,2400.0,2400,2500
Divi,2013-12-19,2400.0,2400,2500
Divi,2013-12-22,2400.0,2400,2500
Divi,2013-12-23,2400.0,2400,2500
Divi,2013-12-25,2400.0,2400,2500
Divi,2013-12-26,2400.0,2400,2500
Divi,2013-12-27,2400.0,2400,2500
Divi,2013-12-28,2400.0,2400,2500
Divi,2013-12-29,2400.0,2400,2500
Divi,2013-12-31,2400.0,2400,2500
Divi,2014-01-01,2400.0,2400,2500
Divi,2014-01-02,2400.0,2400,2500
Divi,2014-01-03,2400.0,2400,2500
Divi,2014-01-04,2400.0,2400,2500
Divi,2014-01-05,2400.0,2400,2500
Divi,2014-01-06,2400.0,2400,2500
Divi,2014-01-07,2400.0,2400,2500
Divi,2014-01-08,2400.0,2400,2500
Divi,2014-01-09,2400.0,2400,2500
Divi,2014-01-10,2400.0,2400,2500
Divi,2014-01-11,2400.0,2400,2500
Divi,2014-01-12,2400.0,2400,2500
Divi,2014-01-13,2400.0,2400,2500
Divi,2014-01-14,2400.0,2400,2500
Divi,2014-01-15,2400.0,2400,2500
Divi,2014-01-16,2400.0,2400,2500
Divi,2014-01-17,2400.0,2400,2500
Divi,2014-01-19,2400.0,2400,2500
Divi,2014-01-20,2400.0,2400,2500
Divi,2014-01-24,2400.0,2400,2500
Divi,2014-01-25,2400.0,2400,2500
Divi,2014-01-26,2400.0,2400,2500
Divi,2014-01-27,2400.0,2400,2500
Divi,2014-01-28,2400.0,2400,2500
Divi,2014-01-29,2400.0,2400,2500
Divi,2014-01-30,2400.0,2400,2500
Divi,2014-02-01,2400.0,2400,2500
Divi,2014-02-02,2400.0,2400,2500
Divi,2014-02-03,2400.0,2400,2500
Divi,2014-02-04,2400.0,2400,2500
Divi,2014-02-06,2400.0,2400,2500
Divi,2014-02-07,2400.0,2400,2500
Divi,2014-02-09,2400.0,2400,2500
Divi,2014-02-11,2400.0,2400,2500
Divi,2014-02-12,2400.0,2400,2500
Divi,2014-02-13,2400.0,2400,2500
Divi,2014-02-14,2400.0,2400,2500
Divi,2014-02-15,2400.0,2400,2500
Divi,2014-02-16,2400.0,2400,2500
Divi,2014-02-18,2400.0,2400,2500
Divi,2014-02-19,2400.0,2400,2500
Divi,2014-02-22,2400.0,2400,2500
Divi,2014-02-23,2400.0,2400,2500
Divi,2014-02-24,2400.0,2400,2500
Divi,2014-02-25,2400.0,2400,2500
Divi,2014-02-26,2400.0,2400,2500
Divi,2014-03-01,2400.0,2400,2500
Divi,2014-03-02,2400.0,2400,2500
Divi,2014-03-03,2400.0,2400,2500
Divi,2014-03-04,2400.0,2400,2500
Divi,2014-03-05,2400.0,2400,2500
Divi,2014-03-07,2400.0,2400,2500
Divi,2014-03-08,2400.0,2400,2500
Divi,2014-03-09,2400.0,2400,2500
Divi,2014-03-11,2400.0,2400,2500
Divi,2014-03-14,2400.0,2400,2500
Divi,2014-03-15,2400.0,2400,2500
Divi,2014-03-16,2400.0,2400,2500
Divi,2014-03-17,2400.0,2400,2500
Divi,2014-03-18,2400.0,2400,2500
Divi,2014-03-21,2400.0,2400,2500
Divi,2014-03-22,2400.0,2400,2500
Divi,2014-03-23,2400.0,2400,2500
Divi,2014-03-24,2400.0,2400,2500
Divi,2014-03-25,2400.0,2400,2500
Divi,2014-03-26,2400.0,2400,2500
Divi,2014-03-27,2400.0,2400,2500
Divi,2014-03-28,2400.0,2400,2500
Divi,2014-03-29,2400.0,2400,2500
Divi,2014-03-30,2400.0,2400,2500
Divi,2014-03-31,2400.0,2400,2500
Divi,2014-04-02,2400.0,2400,2500
Divi,2014-04-03,2400.0,2400,2500
Divi,2014-04-04,2400.0,2400,2500
Divi,2014-04-05,2400.0,2400,2500
Divi,2014-04-06,2400.0,2400,2500
Divi,2014-04-07,2400.0,2400,2500
Divi,2014-04-08,2400.0,2400,2500
Divi,2014-04-09,2400.0,2400,2500
Divi,2014-04-10,2400.0,2400,2500
Divi,2014-04-11,2400.0,2400,2500
Divi,2014-04-12,2400.0,2400,2500
Divi,2014-04-13,2400.0,2400,2500
Divi,2014-04-14,2400.0,2400,2500
Divi,2014-04-16,2400.0,2400,2500
Divi,2014-04-19,2400.0,2400,2500
Divi,2014-04-20,2400.0,2400,2500
Divi,2014-04-22,2400.0,2400,2500
Divi,2014-04-24,2400.0,2400,2500
Divi,2014-04-25,2400.0,2400,2500
Divi,2014-04-26,2400.0,2400,2500
Divi,2014-04-28,2400.0,2400,2500
Divi,2014-04-29,2400.0,2400,2500
Divi,2014-04-30,2400.0,2400,2500
Divi,2014-05-01,2400.0,2400,2500
Divi,2014-05-03,2400.0,2400,2500
Divi,2014-05-04,2400.0,2400,2500
Divi,2014-05-05,2400.0,2400,2500
Divi,2014-05-06,2400.0,2400,2500
Divi,2014-05-07,2400.0,2400,2500
Divi,2014-05-08,2400.0,2400,2500
Divi,2014-05-09,2400.0,2400,2500
Divi,2014-05-10,2400.0,2400,2500
Divi,2014-05-11,2400.0,2400,2500
Divi,2014-05-12,2400.0,2400,2500
Divi,2014-05-13,2400.0,2400,2500
Divi,2014-05-14,2400.0,2400,2500
Divi,2014-05-18,2400.0,2400,2500
Divi,2014-05-19,2400.0,2400,2500
Divi,2014-05-20,2400.0,2400,2500
Divi,2014-05-21,2400.0,2400,2500
Divi,2014-05-22,2400.0,2400,2500
Divi,2014-05-28,2400.0,2400,2500
Divi,2014-05-29,2400.0,2400,2500
Divi,2014-05-31,2400.0,2400,2500
Divi,2014-06-06,2400.0,2400,2500
Divi,2014-06-07,2400.0,2400,2500
Divi,2014-06-09,2400.0,2400,2500
Divi,2014-06-10,2400.0,2400,2500
Divi,2014-06-12,2400.0,2400,2500
Divi,2014-06-13,2400.0,2400,2500
Divi,2014-06-14,2400.0,2400,2500
Divi,2014-06-15,2700.0,2700,2800
Divi,2014-06-17,2700.0,2700,2800
Divi,2014-06-18,2700.0,2700,2800
Divi,2014-06-19,2400.0,2400,2500
Divi,2014-06-21,2700.0,2700,2800
Divi,2014-06-22,2400.0,2400,2500
Divi,2014-06-23,2700.0,2700,2800
Divi,2014-06-24,2700.0,2700,2800
Divi,2014-06-25,2700.0,2700,2800
Divi,2014-06-26,2700.0,2700,2800
Divi,2014-06-27,2700.0,2700,2800
Divi,2014-06-28,2700.0,2700,2800
Divi,2014-06-29,2400.0,2400,2500
Divi,2014-06-30,2700.0,2700,2800
Divi,2014-07-02,2700.0,2700,2800
Divi,2014-07-03,2700.0,2700,2800
Divi,2014-07-04,2700.0,2700,2800
Divi,2014-07-10,2700.0,2700,2800
Divi,2014-07-11,2700.0,2700,2800
Divi,2014-07-12,2700.0,2700,2800
Divi,2014-07-13,2700.0,2700,2800
Divi,2014-07-14,2700.0,2700,2800
Divi,2014-07-15,2700.0,2700,2800
Divi,2014-07-16,2500.0,2500,2600
Divi,2014-07-18,2500.0,2500,2600
Divi,2014-07-19,2500.0,2500,2600
Divi,2014-07-20,2500.0,2500,2600
Divi,2014-07-22,2500.0,2500,2600
Divi,2014-07-23,2500.0,2500,2600
Divi,2014-07-24,2500.0,2500,2600
Divi,2014-07-26,2500.0,2500,2600
Divi,2014-07-27,2500.0,2500,2600
Divi,2014-07-29,2500.0,2500,2600
Divi,2014-07-31,2500.0,2500,2600
Divi,2014-08-02,2500.0,2500,2600
Divi,2014-08-04,2500.0,2500,2600
Divi,2014-08-05,2500.0,2500,2600
Divi,2014-08-06,2500.0,2500,2600
Divi,2014-08-11,2500.0,2500,2600
Divi,2014-08-13,2500.0,2500,2600
Divi,2014-08-14,2500.0,2500,2600
Divi,2014-08-15,2500.0,2500,2600
Divi,2014-08-18,2500.0,2500,2600
Divi,2014-08-19,2500.0,2500,2600
Divi,2014-08-20,2500.0,2500,2600
Divi,2014-08-21,2500.0,2500,2600
Divi,2014-08-22,2500.0,2500,2600
Divi,2014-08-25,2500.0,2500,2600
Divi,2014-08-26,2500.0,2500,2600
Divi,2014-08-27,2500.0,2500,2600
Divi,2014-08-30,2500.0,2500,2600
Divi,2014-09-02,2500.0,2500,2600
Divi,2014-09-04,2500.0,2500,2600
Divi,2014-09-05,2500.0,2500,2600
Divi,2014-09-06,2500.0,2500,2600
Divi,2014-09-09,2500.0,2500,2600
Divi,2014-09-10,2500.0,2500,2600
Divi,2014-09-11,2500.0,2500,2600
Divi,2014-09-12,2500.0,2500,2600
Divi,2014-09-13,2500.0,2500,2600
Divi,2014-09-15,2500.0,2500,2600
Divi,2014-09-17,2500.0,2500,2600
Divi,2014-09-18,2500.0,2500,2600
Divi,2014-09-19,2500.0,2500,2600
Divi,2014-09-20,2500.0,2500,2600
Divi,2014-09-23,2500.0,2500,2600
Divi,2014-09-24,2500.0,2500,2600
Divi,2014-09-25,2500.0,2500,2600
Divi,2014-09-26,2500.0,2500,2600
Divi,2014-09-27,2500.0,2500,2600
Divi,2014-09-30,2500.0,2500,2600
Divi,2014-10-01,2500.0,2500,2600
Divi,2014-10-02,2500.0,2500,2600
Divi,2014-10-03,2500.0,2500,2600
Divi,2014-10-04,2500.0,2500,2600
Divi,2014-10-05,2500.0,2500,2600
Divi,2014-10-07,2500.0,2500,2600
Divi,2014-10-08,2500.0,2500,2600
Divi,2014-10-09,2500.0,2500,2600
Divi,2014-10-10,2500.0,2500,2600
Divi,2014-10-11,2500.0,2500,2600
Divi,2014-10-12,2500.0,2500,2600
Divi,2014-10-13,2500.0,2500,2600
Divi,2014-10-14,2500.0,2500,2600
Divi,2014-10-15,2500.0,2500,2600
Divi,2014-10-16,2500.0,2500,2600
Divi,2014-10-17,2500.0,2500,2600
Divi,2014-10-19,2500.0,2500,2600
Divi,2014-10-20,2500.0,2500,2600
Divi,2014-10-24,2500.0,2500,2600
Divi,2014-10-25,2500.0,2500,2600
Divi,2014-10-26,2500.0,2500,2600
Divi,2014-10-27,2500.0,2500,2600
Divi,2014-10-28,2500.0,2500,2600
Divi,2014-10-29,2500.0,2500,2600
Divi,2014-10-30,2500.0,2500,2600
Divi,2014-10-31,2500.0,2500,2600
Divi,2014-11-01,2500.0,2500,2600
Divi,2014-11-04,2500.0,2500,2600
Divi,2014-11-05,2500.0,2500,2600
Divi,2014-11-06,2500.0,2500,2600
Divi,2014-11-08,2500.0,2500,2600
Divi,2014-11-09,2500.0,2500,2600
Divi,2014-11-10,2500.0,2500,2600
Divi,2014-11-11,2500.0,2500,2600
Divi,2014-11-12,2500.0,2500,2600
Divi,2014-11-15,2500.0,2500,2600
Divi,2014-11-16,2500.0,2500,2600
Divi,2014-11-17,2500.0,2500,2600
Divi,2014-11-18,2500.0,2500,2600
Divi,2014-11-19,2500.0,2500,2600
Divi,2014-11-20,2500.0,2500,2600
Divi,2014-11-21,2500.0,2500,2600
Divi,2014-11-22,2500.0,2500,2600
Divi,2014-11-23,2500.0,2500,2600
Divi,2014-11-24,2500.0,2500,2600
Divi,2014-11-25,2500.0,2500,2600
Divi,2014-11-26,2500.0,2500,2600
Divi,2014-11-27,2500.0,2500,2600
Divi,2014-11-28,2500.0,2500,2600
Divi,2014-11-29,2500.0,2500,2600
Divi,2014-11-30,2500.0,2500,2600
Divi,2014-12-01,2100.0,2100,2100
Divi,2014-12-02,2500.0,2500,2600
Divi,2014-12-03,2500.0,2500,2600
Divi,2014-12-04,2500.0,2500,2600
Divi,2014-12-05,3100.0,3000,3200
Divi,2014-12-06,3100.0,3100,3200
Divi,2014-12-07,3100.0,3000,3200
Divi,2014-12-08,3100.0,3000,3200
Divi,2014-12-09,3100.0,3000,3200
Divi,2014-12-10,3100.0,3000,3200
Divi,2014-12-11,3100.0,3000,3200
Divi,2014-12-12,3100.0,3000,3200
Divi,2014-12-13,3100.0,3000,3200
Divi,2014-12-15,3100.0,3100,3200
Divi,2014-12-16,3100.0,3100,3200
Divi,2014-12-17,3100.0,3100,3200
Divi,2014-12-19,3100.0,3100,3200
Divi,2014-12-20,3100.0,3100,3200
Divi,2014-12-25,3100.0,3100,3200
Divi,2014-12-29,3100.0,3100,3200
Divi,2015-01-01,3100.0,3100,3200
Divi,2015-01-03,3100.0,3100,3200
Divi,2015-01-04,3100.0,3100,3200
Divi,2015-01-05,2100.0,2100,2200
Divi,2015-01-06,3100.0,3100,3200
Divi,2015-01-07,3100.0,3100,3200
Divi,2015-01-08,3100.0,3100,3200
Divi,2015-01-09,3100.0,3100,3200
Divi,2015-01-10,3100.0,3100,3200
Divi,2015-01-11,3100.0,3100,3200
Divi,2015-01-12,3100.0,3100,3200
Divi,2015-01-13,3100.0,3100,3200
Divi,2015-01-14,3100.0,3100,3200
Divi,2015-01-15,3100.0,3100,3200
Divi,2015-01-17,3100.0,3100,3200
Divi,2015-01-18,3100.0,3100,3200
Divi,2015-01-19,3100.0,3100,3200
Divi,2015-01-20,3100.0,3100,3200
Divi,2015-01-21,3100.0,3100,3200
Divi,2015-01-22,3100.0,3100,3200
Divi,2015-01-23,3100.0,3100,3200
Divi,2015-01-24,3100.0,3100,3200
Divi,2015-01-25,3100.0,3100,3200
Divi,2015-01-26,3100.0,3100,3200
Divi,2015-01-27,3100.0,3100,3200
Divi,2015-01-28,3100.0,3100,3200
Divi,2015-01-29,3100.0,3100,3200
Divi,2015-01-31,3100.0,3100,3200
Divi,2015-02-01,3100.0,3100,3200
Divi,2015-02-02,3100.0,3100,3200
Divi,2015-02-03,3100.0,3100,3200
Divi,2015-02-04,3100.0,3100,3200
Divi,2015-02-05,3100.0,3100,3200
Divi,2015-02-06,3100.0,3100,3200
Divi,2015-02-07,3100.0,3100,3200
Divi,2015-02-08,3100.0,3100,3200
Divi,2015-02-09,3100.0,3100,3200
Divi,2015-02-10,3100.0,3100,3200
Divi,2015-02-11,3100.0,3100,3200
Divi,2015-02-12,3100.0,3100,3200
Divi,2015-02-13,3100.0,3100,3200
Divi,2015-02-14,3100.0,3100,3200
Divi,2015-02-15,3100.0,3100,3200
Divi,2015-02-16,3100.0,3100,3200
Divi,2015-02-17,3100.0,3100,3200
Divi,2015-02-18,3100.0,3100,3200
Divi,2015-02-19,3100.0,3100,3200
Divi,2015-02-20,3100.0,3100,3200
Divi,2015-02-21,3100.0,3100,3200
Divi,2015-02-22,3100.0,3100,3200
Divi,2015-02-23,3100.0,3100,3200
Divi,2015-02-24,3100.0,3100,3200
Divi,2015-02-25,3100.0,3100,3200
Divi,2015-02-26,3100.0,3100,3200
Divi,2015-02-27,3100.0,3100,3200
Divi,2015-02-28,3100.0,3100,3200
Divi,2015-03-01,3100.0,3100,3200
Divi,2015-03-02,3100.0,3100,3200
Divi,2015-03-03,3100.0,3100,3200
Divi,2015-03-04,3100.0,3100,3200
Divi,2015-03-05,3100.0,3100,3200
Divi,2015-03-06,3100.0,3100,3200
Divi,2015-03-07,3100.0,3100,3200
Divi,2015-03-08,3100.0,3100,3200
Divi,2015-03-09,3100.0,3100,3200
Divi,2015-03-10,3100.0,3100,3200
Divi,2015-03-11,3100.0,3100,3200
Divi,2015-03-12,3100.0,3100,3200
Divi,2015-03-13,3100.0,3100,3200
Divi,2015-03-14,3100.0,3100,3200
Divi,2015-03-15,3100.0,3100,3200
Divi,2015-03-16,3100.0,3100,3200
Divi,2015-03-17,3100.0,3100,3200
Divi,2015-03-18,3100.0,3100,3200
Divi,2015-03-19,3100.0,3100,3200
Divi,2015-03-20,3100.0,3100,3200
Divi,2015-03-21,3100.0,3100,3200
Divi,2015-03-22,3100.0,3100,3200
Divi,2015-03-23,3100.0,3100,3200
Divi,2015-03-24,3100.0,3100,3200
Divi,2015-03-25,3100.0,3100,3200
Divi,2015-03-26,3100.0,3100,3200
Divi,2015-03-27,3100.0,3100,3200
Divi,2015-03-28,3100.0,3100,3200
Divi,2015-03-29,3100.0,3100,3200
Divi,2015-03-30,3100.0,3100,3200
Divi,2015-03-31,3100.0,3100,3200
Divi,2015-04-01,3100.0,3100,3200
Divi,2015-04-02,3100.0,3100,3200
Divi,2015-04-03,3100.0,3100,3200
Divi,2015-04-04,3100.0,3100,3200
Divi,2015-04-07,3100.0,3100,3200
Divi,2015-04-08,3100.0,3100,3200
Divi,2015-04-09,3100.0,3100,3200
Divi,2015-04-10,3100.0,3100,3200
Divi,2015-04-11,3100.0,3100,3200
Divi,2015-04-12,3100.0,3100,3200
Divi,2015-04-13,3100.0,3100,3200
Divi,2015-04-14,3100.0,3100,3200
Divi,2015-04-15,3100.0,3100,3200
Divi,2015-04-16,3100.0,3100,3200
Divi,2015-04-17,3100.0,3100,3200
Divi,2015-04-18,3100.0,3100,3200
Divi,2015-04-19,3100.0,3100,3200
Divi,2015-04-20,3100.0,3100,3200
Divi,2015-04-21,3100.0,3100,3200
Divi,2015-04-22,3100.0,3100,3200
Divi,2015-04-23,3100.0,3100,3200
Divi,2015-04-24,3100.0,3100,3200
Divi,2015-04-25,3100.0,3100,3200
Divi,2015-04-26,3100.0,3100,3200
Divi,2015-04-27,3100.0,3100,3200
Divi,2015-04-28,3100.0,3100,3200
Divi,2015-04-29,3100.0,3100,3200
Divi,2015-04-30,3100.0,3100,3200
Divi,2015-05-01,3100.0,3100,3200
Divi,2015-05-02,3100.0,3100,3200
Divi,2015-05-05,3100.0,3100,3200
Divi,2015-05-06,3100.0,3100,3200
Divi,2015-05-07,3100.0,3100,3200
Divi,2015-05-08,3100.0,3100,3200
Divi,2015-05-09,3100.0,3100,3200
Divi,2015-05-10,3100.0,3100,3200
Divi,2015-05-11,3100.0,3100,3200
Divi,2015-05-12,3100.0,3100,3200
Divi,2015-05-13,3100.0,3100,3200
Divi,2015-05-14,3100.0,3100,3200
Divi,2015-05-15,3100.0,3100,3200
Divi,2015-05-16,3100.0,3100,3200
Divi,2015-05-17,3100.0,3100,3200
Divi,2015-05-18,3100.0,3100,3200
Divi,2015-05-20,3100.0,3100,3200
Divi,2015-05-21,3100.0,3100,3200
Divi,2015-05-22,3100.0,3100,3200
Divi,2015-05-23,3100.0,3100,3200
Divi,2015-05-24,3100.0,3100,3200
Divi,2015-05-25,3100.0,3100,3200
Divi,2015-05-26,3100.0,3100,3200
Divi,2015-05-27,3100.0,3100,3200
Divi,2015-05-28,3100.0,3100,3200
Divi,2015-05-30,3100.0,3100,3200
Divi,2015-06-01,3100.0,3100,3200
Divi,2015-06-02,3100.0,3100,3200
Divi,2015-06-03,3100.0,3100,3200
Divi,2015-06-04,3100.0,3100,3200
Divi,2015-06-05,3100.0,3100,3200
Divi,2015-06-07,3100.0,3100,3200
Divi,2015-06-08,3100.0,3100,3200
Divi,2015-06-10,3100.0,3100,3200
Divi,2015-06-13,3100.0,3100,3200
Divi,2015-06-14,3100.0,3100,3200
Divi,2015-06-15,3100.0,3100,3200
Divi,2015-06-16,3100.0,3100,3200
Divi,2015-06-17,3100.0,3100,3200
Divi,2015-06-19,3100.0,3100,3200
Divi,2015-06-21,3100.0,3100,3200
Divi,2015-06-22,3100.0,3100,3200
Divi,2015-06-23,3100.0,3100,3200
Divi,2015-06-24,3300.0,3300,3400
Divi,2015-06-25,3100.0,3100,3200
Divi,2015-06-26,3200.0,3200,3300
Divi,2015-06-27,3100.0,3100,3200
Divi,2015-06-28,3100.0,3100,3200
Divi,2015-06-29,3100.0,3100,3200
Divi,2015-06-30,3100.0,3100,3200
Divi,2015-07-02,3100.0,3100,3200
Divi,2015-07-03,3100.0,3100,3200
Divi,2015-07-04,3100.0,3100,3200
Divi,2015-07-05,3100.0,3100,3200
Divi,2015-07-06,3100.0,3100,3200
Divi,2015-07-07,3100.0,3100,3200
Divi,2015-07-08,3100.0,3100,3200
Divi,2015-07-09,3100.0,3100,3200
Divi,2015-07-10,3100.0,3100,3200
Divi,2015-07-14,3100.0,3100,3200
Divi,2015-07-15,3100.0,3100,3200
Divi,2015-07-16,3100.0,3100,3200
Divi,2015-07-17,3100.0,3100,3200
Divi,2015-07-18,3100.0,3100,3200
Divi,2015-07-19,3100.0,3100,3200
Divi,2015-07-20,3100.0,3100,3200
Divi,2015-07-21,3100.0,3100,3200
Divi,2015-07-22,3100.0,3100,3200
Divi,2015-07-24,3100.0,3100,3200
Divi,2015-07-25,3100.0,3100,3200
Divi,2015-07-26,3100.0,3100,3200
Divi,2015-07-27,3100.0,3100,3200
Divi,2015-07-30,3100.0,3100,3200
Divi,2015-07-31,3100.0,3100,3200
Divi,2015-08-01,3100.0,3100,3200
Divi,2015-08-02,3100.0,3100,3200
Divi,2015-08-03,3100.0,3100,3200
Divi,2015-08-04,3100.0,3100,3200
Divi,2015-08-05,3100.0,3100,3200
Divi,2015-08-06,3100.0,3100,3200
Divi,2015-08-07,3100.0,3100,3200
Divi,2015-08-08,3100.0,3100,3200
Divi,2015-08-09,3100.0,3100,3200
Divi,2015-08-11,3100.0,3100,3200
Divi,2015-08-12,3100.0,3100,3200
Divi,2015-08-13,3100.0,3100,3200
Divi,2015-08-14,3100.0,3100,3200
Divi,2015-08-15,3100.0,3100,3200
Divi,2015-08-16,3100.0,3100,3200
Divi,2015-08-17,3100.0,3100,3200
Divi,2015-08-18,3100.0,3100,3200
Divi,2015-08-19,3100.0,3100,3200
Divi,2015-08-20,3100.0,3100,3200
Divi,2015-08-21,3100.0,3100,3200
Divi,2015-08-22,3100.0,3100,3200
Divi,2015-08-23,3100.0,3100,3200
Divi,2015-08-24,3100.0,3100,3200
Divi,2015-08-26,3100.0,3100,3200
Divi,2015-08-27,3100.0,3100,3200
Divi,2015-08-29,3100.0,3100,3200
Divi,2015-08-30,3100.0,3100,3200
Divi,2015-08-31,3100.0,3100,3200
Divi,2015-09-01,3100.0,3100,3200
Divi,2015-09-02,3100.0,3100,3200
Divi,2015-09-05,3100.0,3100,3200
Divi,2015-09-07,3100.0,3100,3200
Divi,2015-09-08,3100.0,3100,3200
Divi,2015-09-10,3100.0,3100,3200
Divi,2015-09-11,3100.0,3100,3200
Divi,2015-09-12,3100.0,3100,3200
Divi,2015-09-13,3100.0,3100,3200
Divi,2015-09-14,3100.0,3100,3200
Divi,2015-09-15,3100.0,3100,3200
Divi,2015-09-16,3100.0,3100,3200
Divi,2015-09-17,3100.0,3100,3200
Divi,2015-09-19,3100.0,3100,3200
Divi,2015-09-20,3100.0,3100,3200
Divi,2015-09-21,3100.0,3100,3200
Divi,2015-09-22,3100.0,3100,3200
Divi,2015-09-23,3100.0,3100,3200
Divi,2015-09-24,3100.0,3100,3200
Divi,2015-09-25,3100.0,3100,3200
Divi,2015-09-26,3100.0,3100,3200
Divi,2015-09-27,3100.0,3100,3200
Divi,2015-09-28,3100.0,3100,3200
Divi,2015-09-29,3100.0,3100,3200
Divi,2015-09-30,3400.0,3400,3500
Divi,2015-10-01,3100.0,3100,3200
Divi,2015-10-02,3100.0,3100,3200
Divi,2015-10-04,3100.0,3100,3200
Divi,2015-10-05,3100.0,3100,3200
Divi,2015-10-06,3100.0,3100,3200
Divi,2015-10-07,3100.0,3100,3200
Divi,2015-10-08,3100.0,3100,3200
Divi,2015-10-09,3100.0,3100,3200
Divi,2015-10-10,3100.0,3100,3200
Divi,2015-10-11,3100.0,3100,3200
Divi,2015-10-13,3100.0,3100,3200
Divi,2015-10-15,3100.0,3100,3200
Divi,2015-10-16,3100.0,3100,3200
Divi,2015-10-17,3500.0,3500,3600
Divi,2015-10-19,3500.0,3500,3600
Divi,2015-10-21,3500.0,3500,3600
Divi,2015-10-22,3500.0,3500,3600
Divi,2015-10-24,3500.0,3500,3600
Divi,2015-10-25,3400.0,3400,3500
Divi,2015-10-26,3500.0,3500,3600
Divi,2015-10-27,3400.0,3400,3500
Divi,2015-10-28,3400.0,3400,3500
Divi,2015-10-29,3500.0,3500,3600
Divi,2015-10-30,3500.0,3500,3600
Divi,2015-11-01,3500.0,3500,3600
Divi,2015-11-02,4100.0,4100,4200
Divi,2015-11-03,3500.0,3500,3600
Divi,2015-11-06,3500.0,3500,3600
Divi,2015-11-07,3500.0,3500,3600
Divi,2015-11-09,3500.0,3500,3600
Divi,2015-11-10,3500.0,3500,3600
Divi,2015-11-11,3500.0,3500,3600
Divi,2015-11-12,3400.0,3400,3500
Divi,2015-11-13,3500.0,3500,3600
Divi,2015-11-14,3500.0,3500,3600
Divi,2015-11-15,3500.0,3500,3600
Divi,2015-11-17,3500.0,3500,3600
Divi,2015-11-18,3500.0,3500,3600
Divi,2015-11-19,3500.0,3500,3600
Divi,2015-11-20,3500.0,3500,3600
Divi,2015-11-21,3500.0,3500,3600
Divi,2015-11-22,3500.0,3500,3600
Divi,2015-11-23,3500.0,3500,3600
Divi,2015-11-24,3500.0,3500,3600
Divi,2015-11-25,2500.0,2500,2600
Divi,2015-11-26,3500.0,3500,3600
Divi,2015-11-27,3400.0,3400,3500
Divi,2015-11-30,3500.0,3500,3600
Divi,2015-12-01,3500.0,3500,3600
Divi,2015-12-03,3500.0,3500,3600
Divi,2015-12-04,3500.0,3500,3600
Divi,2015-12-05,3500.0,3500,3600
Divi,2015-12-06,3500.0,3500,3600
Divi,2015-12-07,3500.0,3500,3600
Divi,2015-12-08,3500.0,3500,3600
Divi,2015-12-10,3100.0,3100,3200
Divi,2015-12-11,3100.0,3100,3200
Divi,2015-12-12,3100.0,3100,3200
Divi,2015-12-13,3100.0,3100,3200
Divi,2015-12-14,3100.0,3100,3200
Divi,2015-12-15,3100.0,3100,3200
Divi,2015-12-16,3100.0,3100,3200
Divi,2015-12-17,3100.0,3100,3200
Divi,2015-12-19,3100.0,3100,3200
Divi,2015-12-20,3100.0,3100,3200
Divi,2015-12-21,3100.0,3100,3200
Divi,2015-12-22,3100.0,3100,3200
Divi,2015-12-23,3100.0,3100,3200
Divi,2015-12-24,3100.0,3100,3200
Divi,2015-12-25,3100.0,3100,3200
Divi,2015-12-26,3100.0,3100,3100
Divi,2015-12-27,3100.0,3100,3200
Divi,2015-12-29,3100.0,3100,3200
Divi,2015-12-30,3100.0,3100,3200
Divi,2015-12-31,3100.0,3100,3200
Divi,2016-01-01,3100.0,3100,3200
Divi,2016-01-02,3100.0,3100,3200
Divi,2016-01-03,3100.0,3100,3200
Divi,2016-01-04,3100.0,3100,3200
Divi,2016-01-06,3100.0,3100,3200
Divi,2016-01-07,3100.0,3100,3200
Divi,2016-01-08,3100.0,3100,3200
Divi,2016-01-09,3100.0,3100,3200
Divi,2016-01-10,3100.0,3100,3200
Divi,2016-01-11,3100.0,3100,3200
Divi,2016-01-12,3100.0,3100,3200
Divi,2016-01-13,3100.0,3100,3200
Divi,2016-01-14,3100.0,3100,3200
Divi,2016-01-15,3100.0,3100,3200
Divi,2016-01-17,3100.0,3000,3200
Divi,2016-01-19,3100.0,3100,3200
Divi,2016-01-20,3100.0,3100,3200
Divi,2016-01-23,2900.0,2900,3000
Divi,2016-01-24,2700.0,2700,2800
Divi,2016-01-25,2700.0,2700,2800
Divi,2016-01-28,2700.0,2700,2800
Divi,2016-02-01,3100.0,3100,3200
Divi,2016-02-03,3100.0,3100,3200
Divi,2016-02-04,2700.0,2700,2800
Divi,2016-02-05,2700.0,2700,2800
Divi,2016-02-06,2500.0,2500,2600
Divi,2016-02-07,2700.0,2700,2800
Divi,2016-02-08,2600.0,2600,2700
Divi,2016-02-10,2600.0,2600,2700
Divi,2016-02-11,2600.0,2600,2700
Divi,2016-02-12,2700.0,2700,2800
Divi,2016-02-13,2600.0,2600,2700
Divi,2016-02-14,2600.0,2600,2700
Divi,2016-02-15,2500.0,2500,2600
Divi,2016-02-16,2600.0,2600,2700
Divi,2016-02-17,2500.0,2500,2600
Divi,2016-02-18,2500.0,2500,2600
Divi,2016-02-19,2500.0,2500,2600
Divi,2016-02-21,2500.0,2500,2600
Divi,2016-02-23,2400.0,2400,2500
Divi,2016-02-25,2500.0,2500,2600
Divi,2016-02-27,2500.0,2500,2600
Divi,2016-02-28,2400.0,2400,2500
Divi,2016-03-04,2300.0,2300,2400
Divi,2016-03-05,2300.0,2300,2400
Divi,2016-03-06,2400.0,2400,2500
Divi,2016-03-07,2400.0,2400,2500
Divi,2016-03-08,2400.0,2400,2500
Divi,2016-03-09,2300.0,2300,2400
Divi,2016-03-10,2300.0,2300,2400
Divi,2016-03-11,2300.0,2300,2400
Divi,2016-03-12,2300.0,2300,2400
Divi,2016-03-13,2400.0,2400,2500
Divi,2016-03-14,2400.0,2400,2500
Divi,2016-03-18,2500.0,2500,2600
Divi,2016-03-19,2500.0,2500,2600
Divi,2016-03-21,2500.0,2500,2600
Divi,2016-03-22,2500.0,2500,2600
Divi,2016-03-23,2400.0,2400,2500
Divi,2016-03-24,2500.0,2500,2600
Divi,2016-03-27,2500.0,2500,2600
Divi,2016-03-29,2500.0,2500,2600
Divi,2016-03-31,2500.0,2500,2600
Divi,2016-04-01,2500.0,2500,2600
Divi,2016-04-02,2500.0,2500,2600
Divi,2016-04-03,2500.0,2500,2600
Divi,2016-04-04,2500.0,2500,2600
Divi,2016-04-06,2500.0,2500,2600
Divi,2016-04-08,2500.0,2500,2600
Divi,2016-04-10,2500.0,2500,2600
Divi,2016-04-11,2500.0,2500,2600
Divi,2016-04-12,2500.0,2500,2600
Divi,2016-04-14,2500.0,2500,2600
Divi,2016-04-16,2500.0,2500,2600
Divi,2016-04-17,2500.0,2500,2600
Divi,2016-04-18,2400.0,2400,2500
Divi,2016-04-19,2500.0,2500,2600
Divi,2016-04-20,2500.0,2500,2600
Divi,2016-04-21,2400.0,2400,2500
Divi,2016-04-22,2500.0,2500,2600
Divi,2016-04-23,2500.0,2500,2600
Divi,2016-04-24,2400.0,2400,2500
Divi,2016-04-25,2400.0,2400,2500
Divi,2016-04-26,2400.0,2400,2500
Divi,2016-04-27,2500.0,2500,2600
Divi,2016-04-29,2500.0,2500,2600
Divi,2016-05-01,2500.0,2500,2600
Divi,2016-05-02,2400.0,2400,2500
Divi,2016-05-03,2500.0,2500,2600
Divi,2016-05-04,2500.0,2500,2600
Divi,2016-05-05,2500.0,2500,2600
Divi,2016-05-06,2500.0,250,2600
Divi,2016-05-07,2500.0,2500,2600
Divi,2016-05-08,2500.0,2500,2600
Divi,2016-05-09,2500.0,2500,2600
Divi,2016-05-10,2500.0,2500,2600
Divi,2016-05-11,2500.0,2500,2600
Divi,2016-05-12,2500.0,2500,2600
Divi,2016-05-13,2500.0,2500,2600
Divi,2016-05-16,2500.0,2500,2600
Divi,2016-05-17,2500.0,2500,2600
Divi,2016-05-18,2500.0,2500,2600
Divi,2016-05-19,2500.0,2500,2600
Divi,2016-05-20,2500.0,2500,2600
Divi,2016-05-21,2500.0,2500,2600
Divi,2016-05-24,2500.0,2500,2600
Divi,2016-05-25,2500.0,2500,2600
Divi,2016-05-26,2500.0,2500,2600
Divi,2016-05-28,2500.0,2500,2600
Divi,2016-05-30,2500.0,2500,2600
Divi,2016-05-31,2500.0,2500,2600
Divi,2016-06-01,2500.0,2500,2600
Divi,2016-06-02,2500.0,2500,2600
Divi,2016-06-03,2500.0,2500,2600
Divi,2016-06-04,2500.0,2500,2600
Divi,2016-06-06,2500.0,2500,2600
Divi,2016-06-07,2500.0,2500,2600
Divi,2016-06-08,2500.0,2500,2600
Divi,2016-06-09,2500.0,2500,2600
Divi,2016-06-12,2500.0,2500,2600
Divi,2016-06-13,2500.0,2500,2600
Divi,2016-06-14,2500.0,2500,2600
Divi,2016-06-16,2600.0,2500,2600
Divi,2016-06-17,2500.0,2500,2600
Divi,2016-06-18,2500.0,2500,2600
Divi,2016-06-19,2500.0,2500,2600
Divi,2016-06-20,2500.0,2500,2600
Divi,2016-06-22,2500.0,2500,2600
Divi,2016-06-23,2600.0,2600,2700
Divi,2016-06-24,2500.0,2500,2600
Divi,2016-06-25,2500.0,2500,2600
Divi,2016-06-27,2500.0,2500,2600
Divi,2016-06-28,2500.0,2500,2600
Divi,2016-06-30,2500.0,2500,2600
Divi,2016-07-01,2500.0,2500,2600
Divi,2016-07-03,2700.0,2700,2750
Divi,2016-07-04,2700.0,2700,2750
Divi,2016-07-05,2500.0,2500,2600
Divi,2016-07-07,2600.0,2600,2700
Divi,2016-07-08,2600.0,2600,2700
Divi,2016-07-09,2600.0,2600,2700
Divi,2016-07-10,2500.0,2500,2600
Divi,2016-07-11,2600.0,2600,2700
Divi,2016-07-12,2500.0,2500,2600
Divi,2016-07-13,2500.0,2500,2600
Divi,2016-07-14,2500.0,2500,2600
Divi,2016-07-15,2500.0,2500,2600
Divi,2016-07-16,2500.0,2500,2600
Divi,2016-07-19,2500.0,2500,2600
Divi,2016-07-20,2500.0,2500,2600
Divi,2016-07-21,2500.0,2500,2600
Divi,2016-07-22,2500.0,2500,2600
Divi,2016-07-23,2500.0,2500,2600
Divi,2016-07-24,2600.0,2600,2700
Divi,2016-07-25,2500.0,2500,2600
Divi,2016-07-26,2500.0,2500,2600
Divi,2016-07-27,2500.0,2500,2600
Divi,2016-07-30,2500.0,2500,2600
Divi,2016-08-02,2500.0,2500,2600
Divi,2016-08-07,2500.0,2500,2600
Divi,2016-08-08,2500.0,2500,2600
Divi,2016-08-09,2500.0,2500,2600
Divi,2016-08-10,2500.0,2500,2600
Divi,2016-08-11,2500.0,2500,2600
Divi,2016-08-12,2500.0,2500,2600
Divi,2016-08-13,2600.0,2600,2700
Divi,2016-08-14,2500.0,2500,2600
Divi,2016-08-15,2500.0,2500,2600
Divi,2016-08-18,2500.0,2500,2600
Divi,2016-08-19,2500.0,2500,2600
Divi,2016-08-20,2500.0,2500,2600
Divi,2016-08-21,2500.0,2500,2600
Divi,2016-08-23,2500.0,2500,2600
Divi,2016-08-24,2500.0,2500,2600
Divi,2016-08-25,2500.0,2500,2600
Divi,2016-08-26,2500.0,2500,2600
Divi,2016-08-28,2500.0,2500,2600
Divi,2016-08-29,2500.0,2500,2600
Divi,2016-08-31,2500.0,2500,2600
Divi,2016-09-01,2500.0,2500,2600
Divi,2016-09-02,2500.0,2500,2600
Divi,2016-09-03,2500.0,2500,2600
Divi,2016-09-04,2500.0,2500,2600
Divi,2016-09-05,2500.0,2500,2600
Divi,2016-09-06,2500.0,2500,2600
Divi,2016-09-08,2500.0,2500,2600
Divi,2016-09-10,2500.0,2500,2600
Divi,2016-09-11,2500.0,2500,2600
Divi,2016-09-13,2500.0,2500,2600
Divi,2016-09-14,2500.0,2500,2600
Divi,2016-09-15,2500.0,2500,2600
Divi,2016-09-16,2500.0,2500,2600
Divi,2016-09-17,2500.0,2500,2600
Divi,2016-09-18,2500.0,2500,2600
Divi,2016-09-19,2500.0,2500,2600
Divi,2016-09-20,2500.0,2500,2600
Divi,2016-09-21,2500.0,2500,2600
Divi,2016-09-22,2500.0,2500,2600
Divi,2016-09-23,2500.0,2500,2600
Divi,2016-09-24,2500.0,2500,2600
Divi,2016-09-25,2500.0,2500,2600
Divi,2016-09-26,2500.0,2500,2600
Divi,2016-09-27,2500.0,2500,2600
Divi,2016-09-28,2500.0,2500,2600
Divi,2016-09-29,2500.0,2500,2600
Divi,2016-10-02,2700.0,2700,2800
Divi,2016-10-03,2800.0,2800,2900
Divi,2016-10-04,3100.0,3100,3200
Divi,2016-10-05,3100.0,3100,3200
Divi,2016-10-06,3100.0,3100,3200
Divi,2016-10-08,3100.0,3100,3200
Divi,2016-10-09,3100.0,3100,3200
Divi,2016-10-10,3100.0,3100,3200
Divi,2016-10-12,3100.0,3100,3200
Divi,2016-10-14,3100.0,3100,3200
Divi,2016-10-15,3100.0,3100,3200
Divi,2016-10-16,2800.0,2800,2900
Divi,2016-10-18,2700.0,2700,2800
Divi,2016-10-19,3100.0,3100,3200
Divi,2016-10-20,3500.0,3500,3600
Divi,2016-10-22,3000.0,3000,3100
Divi,2016-10-23,2700.0,2700,2800
Divi,2016-10-24,2500.0,2500,2600
Divi,2016-10-26,2600.0,2600,2700
Divi,2016-10-27,2500.0,2500,2600
Divi,2016-10-30,2600.0,2600,2700
Divi,2016-10-31,2600.0,2600,2700
Divi,2016-11-02,2500.0,2500,2600
Divi,2016-11-04,2600.0,2600,2700
Divi,2016-11-05,2600.0,2600,2700
Divi,2016-11-06,2600.0,2600,2700
Divi,2016-11-07,2600.0,2600,2700
Divi,2016-11-08,2600.0,2600,2700
Divi,2016-11-09,2500.0,2500,2600
Divi,2016-11-12,2600.0,2600,2700
Divi,2016-11-13,2500.0,2500,2600
Divi,2016-11-14,2600.0,2600,2700
Divi,2016-11-15,2500.0,2500,2600
Divi,2016-11-16,2500.0,2500,2600
Divi,2016-11-17,2600.0,2600,2700
Divi,2016-11-18,2600.0,2600,2700
Divi,2016-11-19,2600.0,2600,2700
Divi,2016-11-21,2500.0,2500,2600
Divi,2016-11-22,2500.0,2500,2600
Divi,2016-11-23,2600.0,2600,2700
Divi,2016-11-24,2600.0,2600,2700
Divi,2016-11-25,2600.0,2600,2700
Divi,2016-11-27,2500.0,2500,2600
Divi,2016-11-28,2500.0,2500,2600
Divi,2016-11-29,2600.0,2600,2700
Divi,2016-11-30,2600.0,2600,2700
Divi,2016-12-02,2600.0,2600,2700
Divi,2016-12-05,2700.0,2700,2800
Divi,2016-12-06,2600.0,2600,2700
Divi,2016-12-07,2600.0,2600,2700
Divi,2016-12-08,2600.0,2600,2700
Divi,2016-12-10,2600.0,2600,2700
Divi,2016-12-12,2600.0,2600,2700
Divi,2016-12-13,2600.0,2600,2700
Divi,2016-12-14,2600.0,2600,2700
Divi,2016-12-15,2600.0,2600,2700
Divi,2016-12-16,2600.0,2600,2700
Divi,2016-12-17,2600.0,2600,2700
Divi,2016-12-19,2600.0,2600,2700
Divi,2016-12-21,2600.0,2600,2700
Divi,2016-12-22,2600.0,2600,2700
Divi,2016-12-23,2600.0,2600,2700
Divi,2016-12-24,2600.0,2600,2700
Divi,2016-12-27,2600.0,2600,2700
Divi,2016-12-28,2600.0,2600,2700
Divi,2016-12-29,2600.0,2600,2700
Divi,2016-12-30,2600.0,2600,2700
Divi,2017-01-01,2600.0,2600,2700
Divi,2017-01-02,2600.0,2600,2700
Divi,2017-01-03,2600.0,2600,2700
Divi,2017-01-04,2600.0,2600,2700
Divi,2017-01-05,2600.0,2600,2700
Divi,2017-01-06,2600.0,2600,2700
Divi,2017-01-07,2600.0,2600,2700
Divi,2017-01-08,2600.0,2600,2700
Divi,2017-01-09,2600.0,2600,2700
Divi,2017-01-10,2600.0,2600,2700
Divi,2017-01-11,2600.0,2600,2700
Divi,2017-01-12,2600.0,2600,2700
Divi,2017-01-13,2600.0,2600,2700
Divi,2017-01-14,2600.0,2600,2700
Divi,2017-01-15,2600.0,2600,2700
Divi,2017-01-16,2600.0,2600,2700
Divi,2017-01-17,2600.0,2600,2700
Divi,2017-01-18,2600.0,2600,2700
Divi,2017-01-19,2600.0,2600,2700
Divi,2017-01-21,2600.0,2600,2700
Divi,2017-01-22,2600.0,2600,2700
Divi,2017-01-24,2500.0,2500,2600
Divi,2017-01-25,2500.0,2500,2600
Divi,2017-01-26,2600.0,2600,2700
Divi,2017-01-27,2600.0,2600,2700
Divi,2017-01-28,2600.0,2600,2700
Divi,2017-01-29,2600.0,2600,2700
Divi,2017-01-30,2600.0,2600,2700
Divi,2017-02-01,2500.0,2500,2600
Divi,2017-02-02,2600.0,2600,2700
Divi,2017-02-03,2600.0,2600,2700
Divi,2017-02-05,2700.0,2700,2800
Divi,2017-02-06,3200.0,3200,3300
Divi,2017-02-07,2900.0,2900,3000
Divi,2017-02-08,2900.0,2900,3000
Divi,2017-02-09,3100.0,3100,3200
Divi,2017-02-10,3100.0,3100,3200
Divi,2017-02-11,3100.0,3100,3200
Divi,2017-02-12,3100.0,3100,3200
Divi,2017-02-13,3100.0,3100,3200
Divi,2017-02-14,3100.0,3100,3200
Divi,2017-02-15,3100.0,3100,3200
Divi,2017-02-16,3100.0,3100,3200
Divi,2017-02-17,3100.0,3100,3200
Divi,2017-02-18,3100.0,3100,3200
Divi,2017-02-21,3100.0,3100,3200
Divi,2017-02-22,3100.0,3100,3200
Divi,2017-02-23,3100.0,3100,3200
Divi,2017-02-26,3100.0,3100,3200
Divi,2017-02-27,3100.0,3100,3200
Divi,2017-02-28,3100.0,3100,3200
Divi,2017-03-01,3100.0,3100,3200
Divi,2017-03-02,3100.0,3100,3200
Divi,2017-03-03,3100.0,3100,3200
Divi,2017-03-07,3100.0,3100,3200
Divi,2017-03-09,3100.0,3100,3200
Divi,2017-03-10,3100.0,3100,3200
Divi,2017-03-11,3100.0,3100,3200
Divi,2017-03-12,3100.0,3100,3200
Divi,2017-03-13,3100.0,3100,3200
Divi,2017-03-14,3100.0,3100,3200
Divi,2017-03-15,3100.0,3100,3200
Divi,2017-03-16,3100.0,3100,3200
Divi,2017-03-17,3100.0,3100,3200
Divi,2017-03-18,3100.0,3100,3200
Divi,2017-03-23,3200.0,3200,3300
Divi,2017-03-24,3200.0,3200,3300
Divi,2017-03-25,3100.0,3100,3200
Divi,2017-03-26,3100.0,3100,3200
Divi,2017-03-27,3100.0,3100,3200
Divi,2017-03-28,3100.0,3100,3200
Divi,2017-03-30,3100.0,3100,3200
Divi,2017-03-31,3100.0,3100,3200
Divi,2017-04-01,3100.0,3100,3200
Divi,2017-04-02,3100.0,3100,3200
Divi,2017-04-03,3100.0,3100,3200
Divi,2017-04-04,3100.0,3100,3200
Divi,2017-04-05,3100.0,3100,3200
Divi,2017-04-06,3100.0,3100,3200
Divi,2017-04-07,3100.0,3100,3200
Divi,2017-04-08,3100.0,3100,3200
Divi,2017-04-09,3100.0,3100,3200
Divi,2017-04-10,3100.0,3100,3200
Divi,2017-04-11,3100.0,3100,3200
Divi,2017-04-12,3100.0,3100,3200
Divi,2017-04-13,3100.0,3100,3200
Divi,2017-04-14,3100.0,3100,3200
Divi,2017-04-15,3100.0,3100,3200
Divi,2017-04-16,3100.0,3100,3200
Divi,2017-04-17,3100.0,3100,3200
Divi,2017-04-18,3200.0,3200,3200
Divi,2017-04-19,3100.0,3100,3200
Divi,2017-04-20,3100.0,3100,3200
Divi,2017-04-21,3100.0,3100,3200
Divi,2017-04-22,3100.0,3100,3200
Divi,2017-05-01,3100.0,3100,3200
Divi,2017-05-02,3100.0,3100,3200
Divi,2017-05-03,3100.0,3100,3200
Divi,2017-05-04,3100.0,3100,3200
Divi,2017-05-05,3100.0,3100,3200
Divi,2017-05-06,3100.0,3100,3200
Divi,2017-05-07,3100.0,3100,3200
Divi,2017-05-08,3100.0,3100,3200
Divi,2017-05-09,3100.0,3100,3200
Divi,2017-05-10,3100.0,3100,3200
Divi,2017-05-11,3100.0,3100,3200
Divi,2017-05-12,3100.0,3100,3200
Divi,2017-05-13,2900.0,2900,3000
Divi,2017-05-14,2900.0,2900,3000
Divi,2017-05-15,2900.0,2900,3000
Divi,2017-05-16,3100.0,3100,3200
Divi,2017-05-17,3100.0,3100,3200
Divi,2017-05-18,3100.0,3100,3200
Divi,2017-05-19,3100.0,3100,3200
Divi,2017-05-20,3100.0,3100,3200
Divi,2017-05-21,3100.0,3100,3200
Divi,2017-05-22,3100.0,3100,3200
Divi,2017-05-23,3100.0,3100,3200
Divi,2017-05-24,3100.0,3100,3200
Divi,2017-05-25,3100.0,3100,3200
Divi,2017-05-26,3100.0,3100,3200
Divi,2017-05-28,3100.0,3100,3200
Divi,2017-05-30,3100.0,3100,3200
Divi,2017-05-31,3100.0,3100,3200
Divi,2017-06-01,3100.0,3100,3200
Divi,2017-06-02,3100.0,3100,3200
Divi,2017-06-03,3100.0,3100,3200
Divi,2017-06-04,3100.0,3100,3200
Divi,2017-06-05,2900.0,2900,3000
Divi,2017-06-06,3100.0,3100,3200
Divi,2017-06-07,2900.0,2900,3000
Divi,2017-06-08,2400.0,2400,2500
Divi,2017-06-09,2400.0,2400,2500
Divi,2017-06-10,2700.0,2700,2800
Divi,2017-06-11,2400.0,2400,2500
Divi,2017-06-12,2400.0,2400,2500
Divi,2017-06-13,2400.0,2400,2500
Divi,2017-06-14,2400.0,2400,2500
Divi,2017-06-15,2400.0,2400,2500
Divi,2017-06-16,2400.0,2400,2500
Divi,2017-06-17,2400.0,2400,2500
Divi,2017-06-18,2400.0,2400,2500
Divi,2017-06-19,2400.0,2400,2500
Divi,2017-06-20,2400.0,2400,2500
Divi,2017-06-21,2400.0,2400,2500
Divi,2017-06-22,2400.0,2400,2500
Divi,2017-06-23,2400.0,2400,2500
Divi,2017-06-24,2400.0,2400,2500
Divi,2017-06-25,2400.0,2400,2500
Divi,2017-06-26,2300.0,2300,2400
Divi,2017-06-27,2400.0,2400,2500
Divi,2017-06-28,2400.0,2400,2500
Divi,2017-06-29,2400.0,2400,2500
Divi,2017-06-30,2400.0,2400,2500
Divi,2017-07-02,2400.0,2400,2500
Divi,2017-07-03,2400.0,2400,2500
Divi,2017-07-04,2400.0,2400,2500
Divi,2017-07-05,2400.0,2400,2500
Divi,2017-07-06,2400.0,2400,2500
Divi,2017-07-07,2400.0,2400,2500
Divi,2017-07-08,2400.0,2400,2500
Divi,2017-07-09,2400.0,2400,2500
Divi,2017-07-10,2400.0,2400,2500
Divi,2017-07-11,2400.0,2400,2500
Divi,2017-07-12,2400.0,2400,2500
Divi,2017-07-13,2400.0,2400,2500
Divi,2017-07-14,2400.0,2400,2500
Divi,2017-07-15,2400.0,2400,2500
Divi,2017-07-16,2400.0,2400,2500
Divi,2017-07-17,2400.0,2400,2500
Divi,2017-07-18,2400.0,2400,2500
Divi,2017-07-19,3500.0,3500,3600
Divi,2017-07-20,3500.0,3500,3600
Divi,2017-07-21,3500.0,3500,3600
Divi,2017-07-22,3500.0,3500,3600
Divi,2017-07-23,3500.0,3500,3600
Divi,2017-07-24,3500.0,3500,3600
Divi,2017-07-25,3500.0,3500,3600
Divi,2017-07-26,3500.0,3500,3600
Divi,2017-07-27,3500.0,3500,3600
Divi,2017-07-28,3500.0,3500,3600
Divi,2017-07-29,3500.0,3500,3600
Divi,2017-07-30,3500.0,3500,3600
Divi,2017-07-31,3500.0,3500,3600
Divi,2017-08-01,3400.0,3400,3500
Divi,2017-08-02,3400.0,3400,3500
Divi,2017-08-03,3500.0,3500,3600
Divi,2017-08-04,3500.0,3500,3600
Divi,2017-08-05,3500.0,3500,3600
Divi,2017-08-06,3500.0,3500,3600
Divi,2017-08-07,3500.0,3500,3600
Divi,2017-08-08,3500.0,3500,3600
Divi,2017-08-09,3500.0,3500,3600
Divi,2017-08-10,3400.0,3400,3500
Divi,2017-08-11,3500.0,3500,3600
Divi,2017-08-12,3500.0,3500,3600
Divi,2017-08-13,3500.0,3500,3600
Divi,2017-08-14,3500.0,3500,3600
Divi,2017-08-15,3500.0,3500,3600
Divi,2017-08-16,3500.0,3500,3600
Divi,2017-08-17,3400.0,3400,3500
Divi,2017-08-18,3400.0,3400,3500
Divi,2017-08-19,3400.0,3400,3500
Divi,2017-08-20,3500.0,3500,3600
Divi,2017-08-21,3500.0,3500,3600
Divi,2017-08-22,3500.0,3500,3600
Divi,2017-08-23,3500.0,3500,3600
Divi,2017-08-24,3500.0,3500,3600
Divi,2017-08-25,3400.0,3400,3500
Divi,2017-08-26,3400.0,3400,3500
Divi,2017-08-27,3400.0,3400,3500
Divi,2017-08-28,3400.0,3400,3500
Divi,2017-08-29,3500.0,3500,3600
Divi,2017-08-30,3500.0,3500,3600
Divi,2017-08-31,3500.0,3500,3600
Divi,2017-09-01,3500.0,3500,3600
Divi,2017-09-02,3400.0,3400,3500
Divi,2017-09-03,3400.0,3400,3500
Divi,2017-09-04,3400.0,3400,3500
Divi,2017-09-05,3400.0,3400,3500
Divi,2017-09-06,3400.0,3400,3500
Divi,2017-09-07,3400.0,3400,3500
Divi,2017-09-08,3500.0,3500,3600
Divi,2017-09-09,3500.0,3500,3600
Divi,2017-09-10,3500.0,3500,3600
Divi,2017-09-11,3500.0,3500,3600
Divi,2017-09-12,3500.0,3500,3600
Divi,2017-09-13,3500.0,3500,3600
Divi,2017-09-14,3500.0,3500,3600
Divi,2017-09-15,3500.0,3500,3600
Divi,2017-09-16,3500.0,3500,3600
Divi,2017-09-17,3500.0,3500,3600
Divi,2017-09-18,3500.0,3500,3600
Divi,2017-09-19,3500.0,3500,3600
Divi,2017-09-20,3500.0,3500,3600
Divi,2017-09-22,3500.0,3500,3600
Divi,2017-09-23,3500.0,3500,3600
Divi,2017-09-24,3500.0,3500,3600
Divi,2017-09-25,3500.0,3500,3600
Divi,2017-09-26,3500.0,3500,3600
Divi,2017-09-27,3500.0,3500,3600
Divi,2017-09-28,3500.0,3500,3600
Divi,2017-09-29,3500.0,3500,3600
Divi,2017-10-01,3500.0,3500,3600
Divi,2017-10-02,3500.0,3500,3600
Divi,2017-10-03,3500.0,3500,3600
Divi,2017-10-04,3500.0,3500,3600
Divi,2017-10-05,3500.0,3500,3600
Divi,2017-10-06,3500.0,3500,3600
Divi,2017-10-07,3500.0,3500,3600
Divi,2017-10-08,3500.0,3500,3600
Divi,2017-10-09,3500.0,3500,3600
Divi,2017-10-10,3500.0,3500,3600
Divi,2017-10-11,3500.0,3500,3600
Divi,2017-10-12,3500.0,3500,3600
Divi,2017-10-13,3500.0,3500,3600
Divi,2017-10-14,3500.0,3500,3600
Divi,2017-10-15,3500.0,3500,3600
Divi,2017-10-16,3500.0,3500,3600
Divi,2017-10-17,3500.0,3500,3600
Divi,2017-10-18,3500.0,3500,3600
Divi,2017-10-19,3500.0,3500,3600
Divi,2017-10-20,3500.0,3500,3600
Divi,2017-10-21,3500.0,3500,3600
Divi,2017-10-22,3500.0,3500,3600
Divi,2017-10-23,3500.0,3500,3600
Divi,2017-10-24,3500.0,3500,3600
Divi,2017-10-25,3500.0,3500,3600
Divi,2017-10-26,3500.0,3500,3600
Divi,2017-10-27,3500.0,3500,3600
Divi,2017-10-28,3500.0,3500,3600
Divi,2017-10-29,3500.0,3500,3600
Divi,2017-10-30,3500.0,3500,3600
Divi,2017-10-31,3500.0,3500,3600
Divi,2017-11-01,3500.0,3500,3600
Divi,2017-11-02,3500.0,3500,3600
Divi,2017-11-03,3500.0,3500,3600
Divi,2017-11-04,3500.0,3500,3600
Divi,2017-11-05,3500.0,3500,3600
Divi,2017-11-06,3500.0,3500,3600
Divi,2017-11-07,3500.0,3500,3600
Divi,2017-11-08,3500.0,3500,3600
Divi,2017-11-09,3500.0,3500,3600
Divi,2017-11-10,3500.0,3500,3600
Divi,2017-11-11,3500.0,3500,3600
Divi,2017-11-12,3500.0,3500,3600
Divi,2017-11-13,3500.0,3500,3600
Divi,2017-11-14,3500.0,3500,3600
Divi,2017-11-15,3500.0,3500,3600
Divi,2017-11-16,3500.0,3500,3600
Divi,2017-11-17,3500.0,3500,3600
Divi,2017-11-18,3500.0,3500,3600
Divi,2017-11-19,3500.0,3500,3600
Divi,2017-11-20,3500.0,3500,3600
Divi,2017-11-21,3500.0,3500,3600
Divi,2017-11-22,3500.0,3500,3600
Divi,2017-11-23,3500.0,3500,3600
Divi,2017-11-24,3500.0,3500,3600
Divi,2017-11-25,3500.0,3500,3600
Divi,2017-11-26,3500.0,3500,3600
Divi,2017-11-27,3500.0,3500,3600
Divi,2017-12-25,3500.0,3500,3600
Divi,2017-12-26,3500.0,3500,3600
Divi,2017-12-27,3500.0,3500,3600
Divi,2017-12-28,3500.0,3500,3600
Divi,2017-12-29,3500.0,3500,3600
Divi,2018-01-01,3500.0,3500,3600
Divi,2018-01-02,3500.0,3500,3600
Machilipatnam,2003-06-08,1430.0,1400,1460
Machilipatnam,2003-08-12,1430.0,1400,1460
Machilipatnam,2003-08-23,1430.0,1400,1460
Machilipatnam,2003-08-26,1450.0,1400,1500
Machilipatnam,2003-08-27,1450.0,1400,1500
Machilipatnam,2003-08-28,1450.0,1400,1500
Machilipatnam,2003-09-01,1450.0,1400,1500
Machilipatnam,2003-09-02,1450.0,1400,1500
Machilipatnam,2003-09-03,1450.0,1400,1500
Machilipatnam,2003-09-04,1450.0,1400,1500
Machilipatnam,2003-09-08,1425.0,1400,1450
Machilipatnam,2003-09-09,1450.0,1400,1500
Machilipatnam,2003-09-11,1450.0,1400,1500
Machilipatnam,2003-09-12,1450.0,1400,1500
Machilipatnam,2003-09-15,1460.0,1400,1520
Machilipatnam,2003-09-16,1475.0,1400,1550
Machilipatnam,2003-09-17,1475.0,1400,1550
Machilipatnam,2003-09-18,1475.0,1400,1550
Machilipatnam,2003-09-19,1450.0,1400,1500
Machilipatnam,2003-09-20,1450.0,1400,1500
Machilipatnam,2003-09-22,1450.0,1400,1500
Machilipatnam,2003-09-23,1460.0,1400,1520
Machilipatnam,2003-09-24,1460.0,1400,1520
Machilipatnam,2003-09-25,1460.0,1400,1520
Machilipatnam,2003-09-26,1475.0,1400,1550
Machilipatnam,2003-09-27,1475.0,1400,1550
Machilipatnam,2003-09-29,1450.0,1400,1500
Machilipatnam,2003-09-30,1450.0,1400,1500
Machilipatnam,2003-10-01,1450.0,1400,1500
Machilipatnam,2003-10-07,1450.0,1400,1500
Machilipatnam,2003-10-08,1240.0,1200,1280
Machilipatnam,2003-10-09,1450.0,1400,1500
Machilipatnam,2003-10-10,1450.0,1400,1500
Machilipatnam,2003-10-13,1245.0,1000,1500
Machilipatnam,2003-10-14,1245.0,1000,1500
Machilipatnam,2003-10-15,1450.0,1400,1500
Machilipatnam,2003-10-16,1236.6666666666667,1000,1500
Machilipatnam,2003-10-17,1236.6666666666667,1000,1500
Machilipatnam,2003-10-21,1213.3333333333333,1000,1500
Machilipatnam,2003-10-22,1213.3333333333333,1000,1500
Machilipatnam,2003-10-23,1230.0,1000,1500
Machilipatnam,2003-10-24,1206.6666666666667,1000,1450
Machilipatnam,2003-10-27,1206.6666666666667,1000,1450
Machilipatnam,2003-10-28,1200.0,1000,1450
Machilipatnam,2003-10-29,1200.0,1000,1450
Machilipatnam,2003-10-31,1200.0,1000,1450
Machilipatnam,2003-11-03,1190.0,1000,1450
Machilipatnam,2003-11-04,1200.0,1000,1450
Machilipatnam,2003-11-06,1200.0,1000,1450
Machilipatnam,2003-11-07,1203.3333333333333,1000,1450
Machilipatnam,2003-11-10,1203.3333333333333,1000,1450
Machilipatnam,2003-11-11,1237.5,1000,1450
Machilipatnam,2003-11-12,1183.3333333333333,1000,1450
Machilipatnam,2003-11-13,1200.0,1000,1450
Machilipatnam,2003-11-14,1200.0,1000,1450
Machilipatnam,2003-11-21,1213.3333333333333,1000,1500
Machilipatnam,2003-11-22,1213.3333333333333,1000,1500
Machilipatnam,2004-01-20,1266.6666666666667,1100,1550
Machilipatnam,2004-01-21,1270.0,950,1550
Machilipatnam,2004-01-22,1266.6666666666667,950,1550
Machilipatnam,2004-01-23,1266.6666666666667,950,1550
Machilipatnam,2004-01-24,1160.0,1100,1250
Machilipatnam,2004-01-28,1283.3333333333333,1100,1550
Machilipatnam,2004-01-29,1233.3333333333333,1000,1600
Machilipatnam,2004-01-30,1233.3333333333333,1000,1600
Machilipatnam,2004-01-31,1233.3333333333333,1000,1600
Machilipatnam,2004-02-05,1250.0,1000,1600
Machilipatnam,2004-02-06,1263.3333333333333,1000,1600
Machilipatnam,2004-02-07,1263.3333333333333,1000,1600
Machilipatnam,2004-02-09,1260.0,1000,1600
Machilipatnam,2004-02-10,1260.0,1000,1600
Machilipatnam,2004-02-11,1260.0,1000,1600
Machilipatnam,2004-02-12,1250.0,1000,1600
Machilipatnam,2004-02-16,1250.0,1000,1600
Machilipatnam,2004-02-17,1266.6666666666667,1000,1600
Machilipatnam,2004-03-03,1266.6666666666667,1000,1550
Machilipatnam,2004-03-11,1300.0,1000,1550
Machilipatnam,2004-03-16,1283.3333333333333,1000,1600
Machilipatnam,2004-03-18,1350.0,1200,1550
Machilipatnam,2004-03-19,1273.3333333333333,1100,1550
Machilipatnam,2004-03-23,1260.0,1000,1500
Machilipatnam,2004-03-24,1260.0,1000,1500
Machilipatnam,2004-03-25,1260.0,1000,1500
Machilipatnam,2004-03-26,1260.0,1000,1500
Machilipatnam,2004-03-27,1260.0,1000,1500
Machilipatnam,2004-03-29,1253.3333333333333,1000,1500
Machilipatnam,2004-03-31,1253.3333333333333,1000,1500
Machilipatnam,2004-04-01,1233.3333333333333,1000,1500
Machilipatnam,2004-04-06,1293.3333333333333,1000,1600
Machilipatnam,2004-04-07,1293.3333333333333,1000,1600
Machilipatnam,2004-04-08,1300.0,1000,1600
Machilipatnam,2004-04-12,1300.0,1000,1600
Machilipatnam,2004-04-13,1175.0,1000,1350
Machilipatnam,2004-04-21,1266.6666666666667,1000,1550
Machilipatnam,2004-04-22,1273.3333333333333,1000,1550
Machilipatnam,2004-04-23,1273.3333333333333,1000,1550
Machilipatnam,2004-04-27,1266.6666666666667,1000,1550
Machilipatnam,2004-04-28,1266.6666666666667,1000,1550
Machilipatnam,2004-04-29,1283.3333333333333,1000,1600
Machilipatnam,2004-05-01,1283.3333333333333,1000,1600
Machilipatnam,2004-05-04,1333.3333333333333,1000,1680
Machilipatnam,2004-05-05,1333.3333333333333,1000,1680
Machilipatnam,2004-05-07,1300.0,1000,1650
Machilipatnam,2004-05-13,1300.0,1000,1650
Machilipatnam,2004-05-15,1300.0,1000,1650
Machilipatnam,2004-05-17,1300.0,1000,1650
Machilipatnam,2004-05-24,1300.0,1000,1600
Machilipatnam,2004-05-25,1300.0,1000,1650
Machilipatnam,2004-05-26,1300.0,1000,1650
Machilipatnam,2004-06-10,1316.6666666666667,1100,1600
Machilipatnam,2004-06-11,1250.0,1000,1600
Machilipatnam,2004-08-07,1300.0,1000,1650
Machilipatnam,2004-08-10,1140.0,1000,1200
Machilipatnam,2004-08-12,1150.0,1000,1200
Machilipatnam,2004-09-01,1366.6666666666667,1100,1600
Machilipatnam,2004-09-02,1366.6666666666667,1100,1600
Machilipatnam,2004-09-08,1351.6666666666667,1100,1600
Machilipatnam,2004-09-09,1351.6666666666667,1100,1600
Machilipatnam,2004-09-10,1358.3333333333333,1100,1600
Machilipatnam,2004-10-11,1358.3333333333333,1100,1650
Machilipatnam,2004-11-25,1383.3333333333333,1200,1600
Machilipatnam,2004-11-27,1366.6666666666667,1200,1600
Machilipatnam,2004-12-15,1316.6666666666667,1200,1600
Machilipatnam,2004-12-29,1316.6666666666667,1200,1600
Machilipatnam,2004-12-30,1316.6666666666667,1200,1600
Machilipatnam,2005-05-05,1050.0,900,1100
Machilipatnam,2005-06-15,1500.0,1400,1600
Machilipatnam,2005-06-16,1550.0,1500,1600
Machilipatnam,2005-06-17,1500.0,1400,1600
Machilipatnam,2005-06-18,1500.0,1400,1600
Machilipatnam,2005-06-20,1500.0,1400,1600
Machilipatnam,2005-06-21,1500.0,1400,1600
Machilipatnam,2005-06-22,1500.0,1400,1600
Machilipatnam,2005-06-23,1500.0,1400,1600
Machilipatnam,2005-06-24,1500.0,1400,1600
Machilipatnam,2005-06-25,1500.0,1400,1600
Machilipatnam,2005-06-27,1500.0,1400,1600
Machilipatnam,2005-07-01,1600.0,1600,1650
Machilipatnam,2005-07-05,1650.0,1600,1650
Machilipatnam,2005-07-06,1650.0,1600,1650
Machilipatnam,2005-07-07,1650.0,1600,1650
Machilipatnam,2005-07-12,1650.0,1600,1650
Machilipatnam,2005-07-25,1650.0,1600,1650
Machilipatnam,2005-07-26,1600.0,1600,1650
Machilipatnam,2005-07-27,1650.0,1600,1650
Machilipatnam,2005-07-28,1650.0,1600,1650
Machilipatnam,2005-07-29,1650.0,1600,1650
Machilipatnam,2005-08-03,1650.0,1600,1650
Machilipatnam,2005-08-06,1650.0,1600,1650
Machilipatnam,2005-08-08,1650.0,1600,1650
Machilipatnam,2005-08-09,1625.0,1600,1650
Machilipatnam,2005-08-10,1625.0,1600,1650
Machilipatnam,2005-08-12,1650.0,1600,1650
Machilipatnam,2005-08-16,1650.0,1600,1650
Machilipatnam,2005-08-17,950.0,950,1000
Machilipatnam,2005-08-19,1240.0,950,1530
Machilipatnam,2005-08-22,1240.0,950,1530
Machilipatnam,2005-08-23,1240.0,950,1530
Machilipatnam,2005-08-24,1240.0,950,1530
Machilipatnam,2005-08-27,1240.0,950,1530
Machilipatnam,2005-08-29,1265.0,950,1530
Machilipatnam,2005-08-31,1240.0,950,1530
Machilipatnam,2005-09-02,1250.0,950,1500
Machilipatnam,2005-09-03,1250.0,950,1500
Machilipatnam,2005-09-04,1250.0,950,1500
Machilipatnam,2005-09-05,1250.0,950,1500
Machilipatnam,2005-09-08,1225.0,910,1550
Machilipatnam,2005-09-09,1250.0,910,1550
Machilipatnam,2005-09-12,1275.0,950,1550
Machilipatnam,2005-09-14,1275.0,950,1550
Machilipatnam,2005-09-15,1275.0,950,1550
Machilipatnam,2005-09-16,1275.0,950,1550
Machilipatnam,2005-09-23,1275.0,950,1550
Machilipatnam,2005-09-30,1500.0,1475,1500
Machilipatnam,2005-10-01,1183.3333333333333,1000,1500
Machilipatnam,2005-10-04,1250.0,950,1550
Machilipatnam,2005-10-05,1250.0,950,1600
Machilipatnam,2005-10-06,1250.0,950,1500
Machilipatnam,2005-10-07,1166.6666666666667,950,1500
Machilipatnam,2005-10-10,1166.6666666666667,950,1500
Machilipatnam,2005-10-13,1183.3333333333333,950,1550
Machilipatnam,2005-10-14,1183.3333333333333,950,1550
Machilipatnam,2005-10-15,1183.3333333333333,950,1550
Machilipatnam,2005-10-16,1275.0,950,1550
Machilipatnam,2005-10-17,1275.0,950,1550
Machilipatnam,2005-10-18,1275.0,950,1550
Machilipatnam,2005-10-19,1275.0,950,1550
Machilipatnam,2005-10-20,1275.0,950,1550
Machilipatnam,2005-10-23,1275.0,950,1550
Machilipatnam,2005-10-24,1275.0,950,1550
Machilipatnam,2005-10-25,1275.0,950,1550
Machilipatnam,2005-10-26,1275.0,950,1550
Machilipatnam,2005-10-27,1275.0,950,1550
Machilipatnam,2005-10-28,1275.0,950,1550
Machilipatnam,2005-10-29,1275.0,950,1550
Machilipatnam,2005-10-31,1275.0,950,1550
Machilipatnam,2005-11-01,1275.0,950,1550
Machilipatnam,2005-11-02,1275.0,950,1550
Machilipatnam,2005-11-03,1275.0,950,1550
Machilipatnam,2005-11-04,1275.0,950,1550
Machilipatnam,2005-11-05,1275.0,950,1550
Machilipatnam,2005-11-06,1275.0,950,1550
Machilipatnam,2005-11-07,1275.0,950,1550
Machilipatnam,2005-11-08,1250.0,950,1550
Machilipatnam,2005-11-09,1300.0,950,1600
Machilipatnam,2005-11-10,1300.0,950,1600
Machilipatnam,2005-11-11,1300.0,950,1600
Machilipatnam,2005-11-12,1300.0,950,1600
Machilipatnam,2005-11-13,1300.0,950,1600
Machilipatnam,2005-11-14,1300.0,950,1600
Machilipatnam,2005-11-15,1350.0,1000,1650
Machilipatnam,2005-11-16,1350.0,1000,1650
Machilipatnam,2005-11-17,1350.0,1000,1650
Machilipatnam,2005-11-18,1350.0,1000,1650
Machilipatnam,2005-11-19,1350.0,1000,1650
Machilipatnam,2005-11-20,1350.0,1000,1650
Machilipatnam,2005-11-21,1350.0,1000,1650
Machilipatnam,2005-11-22,1400.0,1000,1700
Machilipatnam,2005-11-23,1400.0,1000,1700
Machilipatnam,2005-11-24,1400.0,1000,1700
Machilipatnam,2005-11-25,1400.0,1000,1700
Machilipatnam,2005-11-26,1400.0,1000,1700
Machilipatnam,2005-11-27,1400.0,1000,1700
Machilipatnam,2005-11-28,1400.0,1000,1700
Machilipatnam,2005-11-29,1250.0,900,1550
Machilipatnam,2005-11-30,1250.0,900,1550
Machilipatnam,2005-12-01,1250.0,900,1550
Machilipatnam,2005-12-02,1250.0,900,1550
Machilipatnam,2005-12-03,1250.0,900,1550
Machilipatnam,2005-12-04,1250.0,900,1550
Machilipatnam,2005-12-05,1250.0,900,1550
Machilipatnam,2005-12-06,1250.0,900,1550
Machilipatnam,2005-12-07,1250.0,900,1550
Machilipatnam,2005-12-08,1375.0,1200,1550
Machilipatnam,2005-12-09,1375.0,1200,1550
Machilipatnam,2005-12-10,1375.0,1200,1550
Machilipatnam,2005-12-11,1375.0,1200,1550
Machilipatnam,2005-12-12,1375.0,1200,1550
Machilipatnam,2005-12-13,1375.0,1200,1550
Machilipatnam,2005-12-14,1275.0,1100,1475
Machilipatnam,2005-12-15,1275.0,1100,1475
Machilipatnam,2005-12-16,1312.5,1100,1475
Machilipatnam,2005-12-17,1275.0,1100,1475
Machilipatnam,2005-12-18,1275.0,1100,1475
Machilipatnam,2005-12-19,1275.0,1100,1475
Machilipatnam,2005-12-20,1350.0,1100,1550
Machilipatnam,2005-12-21,1325.0,1000,1600
Machilipatnam,2005-12-22,1325.0,1000,1600
Machilipatnam,2005-12-23,1325.0,1000,1600
Machilipatnam,2005-12-24,1325.0,1000,1600
Machilipatnam,2005-12-25,1325.0,1000,1600
Machilipatnam,2005-12-26,1325.0,1000,1600
Machilipatnam,2005-12-27,1325.0,1000,1600
Machilipatnam,2005-12-28,1325.0,1000,1600
Machilipatnam,2005-12-29,1305.0,1010,1600
Machilipatnam,2005-12-30,1325.0,1010,1600
Machilipatnam,2005-12-31,1275.0,1000,1600
Machilipatnam,2006-01-02,1550.0,1550,1600
Machilipatnam,2006-01-05,1550.0,1550,1600
Machilipatnam,2006-01-06,1275.0,1000,1600
Machilipatnam,2006-01-07,1500.0,1500,1600
Machilipatnam,2006-01-08,1500.0,1500,1600
Machilipatnam,2006-01-09,1500.0,1500,1600
Machilipatnam,2006-01-10,1550.0,1550,1600
Machilipatnam,2006-01-16,1275.0,1000,1600
Machilipatnam,2006-01-17,1000.0,1000,1000
Machilipatnam,2006-01-18,1250.0,950,1600
Machilipatnam,2006-01-19,1550.0,1550,1600
Machilipatnam,2006-01-20,900.0,900,950
Machilipatnam,2006-01-21,1200.0,900,1600
Machilipatnam,2006-01-23,1500.0,1500,1600
Machilipatnam,2006-01-24,900.0,900,950
Machilipatnam,2006-01-25,1225.0,900,1600
Machilipatnam,2006-01-26,1225.0,900,1600
Machilipatnam,2006-01-27,900.0,900,950
Machilipatnam,2006-01-28,1225.0,900,1600
Machilipatnam,2006-01-29,1225.0,900,1600
Machilipatnam,2006-01-30,1225.0,900,1600
Machilipatnam,2006-02-13,1280.0,1280,1300
Machilipatnam,2006-02-14,1125.0,950,1350
Machilipatnam,2006-02-15,950.0,950,1000
Machilipatnam,2006-02-16,1300.0,1300,1350
Machilipatnam,2006-02-18,1125.0,950,1350
Machilipatnam,2006-02-19,950.0,950,1000
Machilipatnam,2006-02-21,950.0,950,1000
Machilipatnam,2006-02-22,1300.0,1300,1350
Machilipatnam,2006-02-23,1125.0,950,1350
Machilipatnam,2006-02-24,1125.0,950,1350
Machilipatnam,2006-02-25,1125.0,950,1350
Machilipatnam,2006-03-01,950.0,950,1000
Machilipatnam,2006-03-02,1125.0,950,1350
Machilipatnam,2006-03-03,1125.0,950,1350
Machilipatnam,2006-03-04,1125.0,950,1350
Machilipatnam,2006-03-08,1150.0,1000,1350
Machilipatnam,2006-03-09,1150.0,1000,1350
Machilipatnam,2006-03-10,1150.0,1000,1350
Machilipatnam,2006-03-11,1125.0,950,1350
Machilipatnam,2006-03-12,1300.0,1300,1350
Machilipatnam,2006-03-13,1300.0,1300,1350
Machilipatnam,2006-03-14,1150.0,1000,1350
Machilipatnam,2006-03-15,1150.0,1000,1350
Machilipatnam,2006-03-16,1000.0,1000,1050
Machilipatnam,2006-03-17,1150.0,1000,1350
Machilipatnam,2006-03-21,1300.0,1300,1500
Machilipatnam,2006-03-22,1150.0,1000,1500
Machilipatnam,2006-03-23,1150.0,1000,1350
Machilipatnam,2006-03-24,1150.0,1000,1350
Machilipatnam,2006-03-25,1150.0,1000,1500
Machilipatnam,2006-03-26,1300.0,1300,1500
Machilipatnam,2006-03-28,1000.0,1000,1050
Machilipatnam,2006-03-29,1150.0,1000,1350
Machilipatnam,2006-03-30,1150.0,1000,1500
Machilipatnam,2006-03-31,1300.0,1300,1500
Machilipatnam,2006-04-01,1150.0,1000,1500
Machilipatnam,2006-04-02,1150.0,1000,1500
Machilipatnam,2006-04-06,1150.0,1000,1500
Machilipatnam,2006-04-10,1150.0,1000,1500
Machilipatnam,2006-04-12,1150.0,1000,1500
Machilipatnam,2006-04-13,1300.0,1300,1500
Machilipatnam,2006-04-15,1300.0,1300,1500
Machilipatnam,2006-04-17,1150.0,1000,1500
Machilipatnam,2006-04-18,1300.0,1300,1500
Machilipatnam,2006-04-19,1150.0,1000,1500
Machilipatnam,2006-04-20,1450.0,1450,1500
Machilipatnam,2006-04-21,1450.0,1450,1500
Machilipatnam,2006-04-22,1200.0,950,1500
Machilipatnam,2006-04-25,1450.0,1450,1500
Machilipatnam,2006-04-26,950.0,950,1000
Machilipatnam,2006-04-27,1450.0,1450,1500
Machilipatnam,2006-04-28,1200.0,950,1500
Machilipatnam,2006-04-29,1200.0,950,1500
Machilipatnam,2006-04-30,950.0,950,1000
Machilipatnam,2006-05-01,1200.0,950,1500
Machilipatnam,2006-05-02,1200.0,950,1500
Machilipatnam,2006-05-03,1200.0,950,1500
Machilipatnam,2006-05-04,1200.0,950,1500
Machilipatnam,2006-05-06,1225.0,1000,1500
Machilipatnam,2006-05-09,1450.0,1450,1500
Machilipatnam,2006-05-10,1450.0,1450,1500
Machilipatnam,2006-05-11,1000.0,1000,1050
Machilipatnam,2006-05-12,1225.0,1000,1500
Machilipatnam,2006-05-16,1225.0,1000,1500
Machilipatnam,2006-05-17,1225.0,1000,1500
Machilipatnam,2006-05-18,1250.0,1000,1600
Machilipatnam,2006-05-19,1250.0,1000,1600
Machilipatnam,2006-05-20,1250.0,1000,1600
Machilipatnam,2006-05-23,1500.0,1500,1600
Machilipatnam,2006-05-24,1250.0,1000,1600
Machilipatnam,2006-05-25,1250.0,1000,1600
Machilipatnam,2006-05-26,1250.0,1000,1600
Machilipatnam,2006-05-27,1250.0,1000,1600
Machilipatnam,2006-05-28,1500.0,1500,1600
Machilipatnam,2006-05-29,1500.0,1500,1600
Machilipatnam,2006-05-30,1250.0,1000,1600
Machilipatnam,2006-05-31,1500.0,1500,1600
Machilipatnam,2006-06-01,1250.0,1000,1600
Machilipatnam,2006-06-02,1250.0,1000,1600
Machilipatnam,2006-06-03,1500.0,1500,1600
Machilipatnam,2006-06-06,1250.0,1000,1600
Machilipatnam,2006-06-07,1250.0,1000,1600
Machilipatnam,2006-06-08,1500.0,1500,1600
Machilipatnam,2006-06-09,1250.0,1000,1600
Machilipatnam,2006-06-13,1300.0,1000,1600
Machilipatnam,2006-06-14,1300.0,1000,1600
Machilipatnam,2006-06-15,1300.0,1000,1600
Machilipatnam,2006-06-16,1000.0,1000,1050
Machilipatnam,2006-06-17,1000.0,1000,1050
Machilipatnam,2006-06-19,1000.0,1000,1100
Machilipatnam,2006-06-21,1337.5,1000,1675
Machilipatnam,2006-06-22,1675.0,1650,1675
Machilipatnam,2006-06-23,1337.5,1000,1675
Machilipatnam,2006-06-24,1325.0,1000,1675
Machilipatnam,2006-06-26,1325.0,1000,1700
Machilipatnam,2006-06-27,1650.0,1650,1700
Machilipatnam,2006-06-28,1300.0,950,1700
Machilipatnam,2006-06-29,1650.0,1650,1700
Machilipatnam,2006-06-30,1250.0,950,1600
Machilipatnam,2006-07-03,950.0,950,1000
Machilipatnam,2006-07-04,950.0,950,1000
Machilipatnam,2006-07-06,1250.0,950,1600
Machilipatnam,2006-07-07,1250.0,950,1600
Machilipatnam,2006-07-13,1250.0,950,1600
Machilipatnam,2006-07-14,1225.0,950,1600
Machilipatnam,2006-07-15,1225.0,950,1600
Machilipatnam,2006-07-17,1225.0,950,1600
Machilipatnam,2006-07-18,1225.0,950,1600
Machilipatnam,2006-07-19,1225.0,950,1600
Machilipatnam,2006-07-20,1225.0,950,1600
Machilipatnam,2006-07-21,1500.0,1500,1600
Machilipatnam,2006-07-22,1225.0,950,1600
Machilipatnam,2006-07-24,1225.0,950,1600
Machilipatnam,2006-07-25,950.0,950,1000
Machilipatnam,2006-07-26,1500.0,1500,1600
Machilipatnam,2006-07-27,1225.0,950,1600
Machilipatnam,2006-07-28,1225.0,950,1600
Machilipatnam,2006-07-29,1500.0,1500,1600
Machilipatnam,2006-07-31,1225.0,950,1600
Machilipatnam,2006-08-01,1225.0,950,1600
Machilipatnam,2006-08-02,950.0,950,1000
Machilipatnam,2006-08-03,1225.0,950,1600
Machilipatnam,2006-08-04,1500.0,1500,1600
Machilipatnam,2006-08-07,1225.0,950,1600
Machilipatnam,2006-08-08,1225.0,950,1600
Machilipatnam,2006-08-11,950.0,950,1000
Machilipatnam,2006-08-12,1225.0,950,1600
Machilipatnam,2006-08-14,1500.0,1500,1600
Machilipatnam,2006-08-17,1500.0,1500,1600
Machilipatnam,2006-08-18,1225.0,950,1600
Machilipatnam,2006-08-19,1225.0,950,1600
Machilipatnam,2006-08-21,1225.0,950,1600
Machilipatnam,2006-08-22,1225.0,950,1600
Machilipatnam,2006-08-28,1240.0,980,1600
Machilipatnam,2006-08-30,1240.0,980,1600
Machilipatnam,2006-08-31,1500.0,1500,1600
Machilipatnam,2006-09-01,1500.0,1500,1600
Machilipatnam,2006-09-04,1500.0,1500,1600
Machilipatnam,2006-09-05,1240.0,980,1600
Machilipatnam,2006-09-06,1240.0,980,1600
Machilipatnam,2006-09-07,1500.0,1500,1600
Machilipatnam,2006-09-08,1240.0,980,1600
Machilipatnam,2006-09-11,1240.0,980,1600
Machilipatnam,2006-09-12,950.0,950,1000
Machilipatnam,2006-09-13,1250.0,950,1600
Machilipatnam,2006-09-14,1550.0,1550,1600
Machilipatnam,2006-09-15,1250.0,950,1600
Machilipatnam,2006-09-16,1550.0,1550,1600
Machilipatnam,2006-09-18,1250.0,950,1600
Machilipatnam,2006-09-20,1250.0,950,1600
Machilipatnam,2006-09-21,1250.0,950,1600
Machilipatnam,2006-09-22,950.0,950,1000
Machilipatnam,2006-09-23,1250.0,950,1600
Machilipatnam,2006-09-26,1250.0,950,1600
Machilipatnam,2006-09-27,1250.0,950,1600
Machilipatnam,2006-09-29,1250.0,950,1600
Machilipatnam,2006-10-03,1250.0,950,1600
Machilipatnam,2006-10-04,1300.0,1000,1650
Machilipatnam,2006-10-05,1300.0,1000,1650
Machilipatnam,2006-10-06,1300.0,1000,1650
Machilipatnam,2006-10-07,1300.0,1000,1650
Machilipatnam,2006-10-09,1000.0,1000,1050
Machilipatnam,2006-10-10,1300.0,1000,1650
Machilipatnam,2006-10-11,1300.0,1000,1650
Machilipatnam,2006-10-12,1300.0,1000,1650
Machilipatnam,2006-10-13,1000.0,1000,1050
Machilipatnam,2006-10-16,1000.0,1000,1050
Machilipatnam,2006-10-17,1000.0,1000,1050
Machilipatnam,2006-10-18,1300.0,1000,1650
Machilipatnam,2006-10-20,1300.0,1000,1650
Machilipatnam,2006-10-23,1300.0,1000,1650
Machilipatnam,2006-10-24,1300.0,1000,1650
Machilipatnam,2006-10-27,1300.0,1000,1650
Machilipatnam,2006-10-28,1275.0,950,1650
Machilipatnam,2006-10-30,1275.0,950,1650
Machilipatnam,2006-11-02,1275.0,950,1650
Machilipatnam,2006-11-03,1275.0,950,1650
Machilipatnam,2006-11-04,1275.0,950,1650
Machilipatnam,2006-11-06,950.0,950,1025
Machilipatnam,2006-11-07,1275.0,950,1650
Machilipatnam,2006-11-09,1275.0,950,1650
Machilipatnam,2006-11-10,1275.0,950,1650
Machilipatnam,2006-11-13,1275.0,950,1650
Machilipatnam,2006-11-14,1275.0,950,1650
Machilipatnam,2006-11-15,1275.0,950,1650
Machilipatnam,2006-11-16,1300.0,1000,1650
Machilipatnam,2006-11-17,1300.0,1000,1650
Machilipatnam,2006-11-18,1300.0,1000,1650
Machilipatnam,2006-11-20,1300.0,1000,1650
Machilipatnam,2006-11-21,1300.0,1000,1650
Machilipatnam,2006-11-22,1000.0,1000,1025
Machilipatnam,2006-12-02,1300.0,1000,1650
Machilipatnam,2006-12-12,1300.0,1000,1650
Machilipatnam,2006-12-18,1010.0,1010,1030
Machilipatnam,2006-12-21,1010.0,1010,1030
Machilipatnam,2006-12-22,1315.0,1010,1650
Machilipatnam,2006-12-27,1000.0,1000,1020
Machilipatnam,2006-12-28,1300.0,1000,1700
Machilipatnam,2006-12-29,1300.0,1000,1700
Machilipatnam,2007-01-03,1300.0,1000,1700
Machilipatnam,2007-01-04,1400.0,1000,1700
Machilipatnam,2007-01-05,1400.0,1000,1700
Machilipatnam,2007-01-08,1400.0,1000,1700
Machilipatnam,2007-01-09,1000.0,1000,1050
Machilipatnam,2007-01-10,1400.0,1000,1700
Machilipatnam,2007-01-11,1300.0,1000,1700
Machilipatnam,2007-01-12,1400.0,1000,1700
Machilipatnam,2007-01-16,1400.0,1000,1700
Machilipatnam,2007-01-17,1300.0,1000,1700
Machilipatnam,2007-01-19,1100.0,1100,1150
Machilipatnam,2007-01-20,1350.0,1100,1700
Machilipatnam,2007-01-22,1350.0,1100,1700
Machilipatnam,2007-01-23,1350.0,1100,1700
Machilipatnam,2007-01-24,1433.3333333333333,1100,1700
Machilipatnam,2007-01-29,1350.0,1100,1700
Machilipatnam,2007-02-02,1100.0,1100,1150
Machilipatnam,2007-02-03,1400.0,1100,1750
Machilipatnam,2007-02-08,1350.0,1100,1700
Machilipatnam,2007-02-12,1433.3333333333333,1100,1700
Machilipatnam,2007-02-13,1350.0,1100,1700
Machilipatnam,2007-02-14,1100.0,1100,1150
Machilipatnam,2007-02-15,1433.3333333333333,1100,1700
Machilipatnam,2007-02-17,1350.0,1100,1700
Machilipatnam,2007-02-19,1200.0,1050,1400
Machilipatnam,2007-02-20,1200.0,1050,1400
Machilipatnam,2007-02-22,1200.0,1050,1400
Machilipatnam,2007-02-23,1050.0,1050,1100
Machilipatnam,2007-02-26,1250.0,1050,1400
Machilipatnam,2007-02-27,1200.0,1050,1400
Machilipatnam,2007-02-28,1200.0,1050,1400
Machilipatnam,2007-03-01,1050.0,1050,1100
Machilipatnam,2007-03-02,1050.0,1050,1100
Machilipatnam,2007-03-03,1250.0,1050,1400
Machilipatnam,2007-03-05,1250.0,1050,1400
Machilipatnam,2007-03-06,1200.0,1050,1400
Machilipatnam,2007-03-07,1250.0,1050,1400
Machilipatnam,2007-03-09,1200.0,1050,1400
Machilipatnam,2007-03-12,1050.0,1050,1100
Machilipatnam,2007-03-13,1050.0,1050,1100
Machilipatnam,2007-03-14,1200.0,1050,1400
Machilipatnam,2007-03-15,1200.0,1050,1400
Machilipatnam,2007-03-16,1250.0,1050,1400
Machilipatnam,2007-03-17,1200.0,1050,1400
Machilipatnam,2007-03-18,1200.0,1050,1400
Machilipatnam,2007-03-19,1200.0,1050,1400
Machilipatnam,2007-03-20,1050.0,1050,1100
Machilipatnam,2007-03-21,1250.0,1050,1400
Machilipatnam,2007-03-22,1200.0,1050,1400
Machilipatnam,2007-03-23,1200.0,1050,1400
Machilipatnam,2007-03-24,1200.0,1050,1400
Machilipatnam,2007-03-26,1200.0,1050,1400
Machilipatnam,2007-03-28,1200.0,1050,1400
Machilipatnam,2007-03-29,1050.0,1050,1100
Machilipatnam,2007-03-30,1200.0,1050,1400
Machilipatnam,2007-04-02,1200.0,1050,1400
Machilipatnam,2007-04-04,1050.0,1050,1100
Machilipatnam,2007-04-05,1050.0,1050,1100
Machilipatnam,2007-04-07,1200.0,1050,1400
Machilipatnam,2007-04-09,1250.0,1050,1400
Machilipatnam,2007-04-10,1225.0,1050,1500
Machilipatnam,2007-04-11,1225.0,1050,1500
Machilipatnam,2007-04-12,1176.6666666666667,950,1300
Machilipatnam,2007-04-13,1000.0,950,1000
Machilipatnam,2007-04-16,1135.0,980,1300
Machilipatnam,2007-04-17,1135.0,980,1300
Machilipatnam,2007-04-18,1145.0,980,1300
Machilipatnam,2007-04-19,980.0,980,1000
Machilipatnam,2007-04-20,1135.0,980,1300
Machilipatnam,2007-04-21,1135.0,980,1300
Machilipatnam,2007-04-23,1135.0,980,1300
Machilipatnam,2007-04-24,980.0,980,1000
Machilipatnam,2007-04-25,1135.0,980,1300
Machilipatnam,2007-04-26,1186.6666666666667,980,1300
Machilipatnam,2007-04-27,1000.0,1000,1100
Machilipatnam,2007-04-28,1150.0,1000,1600
Machilipatnam,2007-04-30,1150.0,1000,1600
Machilipatnam,2007-05-01,1150.0,1000,1600
Machilipatnam,2007-05-07,1150.0,1000,1600
Machilipatnam,2007-05-08,1150.0,1000,1600
Machilipatnam,2007-05-11,1150.0,1000,1600
Machilipatnam,2007-05-13,1150.0,1000,1600
Machilipatnam,2007-05-14,1183.3333333333333,950,1400
Machilipatnam,2007-05-15,1183.3333333333333,950,1400
Machilipatnam,2007-05-16,1183.3333333333333,950,1600
Machilipatnam,2007-05-18,1125.0,950,1600
Machilipatnam,2007-05-19,1125.0,950,1600
Machilipatnam,2007-05-22,1125.0,950,1600
Machilipatnam,2007-05-23,1125.0,950,1600
Machilipatnam,2007-05-25,1125.0,950,1600
Machilipatnam,2007-05-28,1125.0,950,1600
Machilipatnam,2007-05-29,1125.0,950,1600
Machilipatnam,2007-05-30,1200.0,1000,1650
Machilipatnam,2007-05-31,1200.0,1000,1650
Machilipatnam,2007-06-03,1200.0,1000,1650
Machilipatnam,2007-06-05,1200.0,1000,1650
Machilipatnam,2007-06-06,1200.0,1000,1650
Machilipatnam,2007-06-08,1200.0,1000,1650
Machilipatnam,2007-06-11,1200.0,1000,1650
Machilipatnam,2007-06-12,1200.0,1000,1650
Machilipatnam,2007-06-13,1000.0,1000,1050
Machilipatnam,2007-06-14,1175.0,950,1450
Machilipatnam,2007-06-15,1175.0,950,1450
Machilipatnam,2007-06-16,1175.0,950,1450
Machilipatnam,2007-06-20,1175.0,950,1450
Machilipatnam,2007-06-21,1175.0,950,1450
Machilipatnam,2007-06-25,1175.0,950,1450
Machilipatnam,2007-06-26,1175.0,950,1450
Machilipatnam,2007-06-28,1175.0,950,1450
Machilipatnam,2007-06-29,1175.0,950,1450
Machilipatnam,2007-06-30,1175.0,950,1450
Machilipatnam,2007-07-01,1175.0,950,1450
Machilipatnam,2007-07-02,1175.0,950,1450
Machilipatnam,2007-07-03,1175.0,950,1450
Machilipatnam,2007-07-06,1175.0,1000,1400
Machilipatnam,2007-07-10,1175.0,1000,1400
Machilipatnam,2007-07-12,1175.0,1000,1460
Machilipatnam,2007-07-13,1175.0,1000,1460
Machilipatnam,2007-07-14,1175.0,1000,1460
Machilipatnam,2007-07-16,1175.0,1000,1460
Machilipatnam,2007-07-17,1175.0,1000,1460
Machilipatnam,2007-07-18,1175.0,1000,1460
Machilipatnam,2007-07-19,1175.0,1000,1460
Machilipatnam,2007-07-20,1175.0,1000,1460
Machilipatnam,2007-07-21,1175.0,1000,1460
Machilipatnam,2007-07-23,1175.0,1000,1460
Machilipatnam,2007-07-24,1175.0,1000,1460
Machilipatnam,2007-07-26,1175.0,1000,1460
Machilipatnam,2007-07-27,1175.0,1000,1460
Machilipatnam,2007-07-28,1175.0,1000,1460
Machilipatnam,2007-07-29,1175.0,1000,1460
Machilipatnam,2007-07-30,1175.0,1000,1460
Machilipatnam,2007-07-31,1175.0,1000,1460
Machilipatnam,2007-08-01,1200.0,1000,1500
Machilipatnam,2007-08-02,1200.0,1000,1500
Machilipatnam,2007-08-03,1200.0,1000,1500
Machilipatnam,2007-08-04,1200.0,1000,1500
Machilipatnam,2007-08-09,1200.0,1050,1450
Machilipatnam,2007-08-10,1200.0,1050,1450
Machilipatnam,2007-08-11,1200.0,1050,1450
Machilipatnam,2007-08-12,1200.0,1050,1450
Machilipatnam,2007-08-16,1200.0,1050,1450
Machilipatnam,2007-08-17,1200.0,1050,1450
Machilipatnam,2007-08-18,1200.0,1050,1450
Machilipatnam,2007-08-20,1200.0,1050,1450
Machilipatnam,2007-08-21,1200.0,1050,1450
Machilipatnam,2007-08-22,1200.0,1050,1450
Machilipatnam,2007-08-23,1200.0,1050,1450
Machilipatnam,2007-08-24,1200.0,1050,1450
Machilipatnam,2007-08-28,1200.0,1050,1450
Machilipatnam,2007-08-29,1200.0,1050,1450
Machilipatnam,2007-08-30,1200.0,1050,1450
Machilipatnam,2007-08-31,1200.0,1050,1450
Machilipatnam,2007-09-01,1200.0,1050,1450
Machilipatnam,2007-09-03,1200.0,1050,1450
Machilipatnam,2007-09-04,1200.0,1050,1450
Machilipatnam,2007-09-06,1200.0,1050,1450
Machilipatnam,2007-09-07,1200.0,1050,1450
Machilipatnam,2007-09-09,1225.0,1000,1550
Machilipatnam,2007-09-10,1225.0,1000,1550
Machilipatnam,2007-09-11,1225.0,1000,1550
Machilipatnam,2007-09-12,1225.0,1000,1550
Machilipatnam,2007-09-13,1225.0,1000,1550
Machilipatnam,2007-09-14,1225.0,1000,1550
Machilipatnam,2007-09-17,1225.0,1000,1550
Machilipatnam,2007-09-18,1225.0,1000,1550
Machilipatnam,2007-09-19,1225.0,1000,1550
Machilipatnam,2007-09-20,1225.0,1000,1550
Machilipatnam,2007-09-21,1225.0,1050,1500
Machilipatnam,2007-09-22,1225.0,1050,1500
Machilipatnam,2007-09-24,1225.0,1050,1500
Machilipatnam,2007-09-25,1225.0,1050,1500
Machilipatnam,2007-09-27,1225.0,1050,1500
Machilipatnam,2007-09-28,1225.0,1050,1500
Machilipatnam,2007-09-30,1250.0,1050,1500
Machilipatnam,2007-10-01,1250.0,1050,1500
Machilipatnam,2007-10-03,1250.0,1050,1500
Machilipatnam,2007-10-04,1250.0,1050,1500
Machilipatnam,2007-10-05,1250.0,1050,1500
Machilipatnam,2007-10-06,1250.0,1050,1500
Machilipatnam,2007-10-07,1250.0,1050,1500
Machilipatnam,2007-10-08,1250.0,1050,1500
Machilipatnam,2007-10-09,1250.0,1050,1500
Machilipatnam,2007-10-10,1250.0,1050,1500
Machilipatnam,2007-10-11,1100.0,1000,1550
Machilipatnam,2007-10-12,1100.0,1000,1550
Machilipatnam,2007-10-15,1100.0,1000,1550
Machilipatnam,2007-10-16,1200.0,1000,1600
Machilipatnam,2007-10-17,1200.0,1000,1600
Machilipatnam,2007-10-18,1200.0,1000,1600
Machilipatnam,2007-10-19,1200.0,1000,1600
Machilipatnam,2007-10-20,1200.0,1000,1600
Machilipatnam,2007-10-22,1200.0,1000,1600
Machilipatnam,2007-10-23,1200.0,1000,1600
Machilipatnam,2007-10-25,1200.0,1000,1600
Machilipatnam,2007-10-26,1200.0,1000,1600
Machilipatnam,2007-10-27,1200.0,1000,1600
Machilipatnam,2007-10-29,1200.0,1000,1600
Machilipatnam,2007-10-30,1200.0,1000,1600
Machilipatnam,2007-10-31,1200.0,1000,1600
Machilipatnam,2007-11-01,1200.0,1000,1600
Machilipatnam,2007-11-02,1200.0,1000,1600
Machilipatnam,2007-11-03,1200.0,1000,1600
Machilipatnam,2007-11-04,1200.0,1000,1600
Machilipatnam,2007-11-05,1200.0,1000,1600
Machilipatnam,2007-11-06,1200.0,1000,1600
Machilipatnam,2007-11-07,1200.0,1000,1600
Machilipatnam,2007-11-08,1200.0,1000,1600
Machilipatnam,2007-11-12,1200.0,1000,1600
Machilipatnam,2007-11-13,1300.0,1100,1700
Machilipatnam,2007-11-14,1300.0,1100,1700
Machilipatnam,2007-11-15,1300.0,1100,1700
Machilipatnam,2007-11-16,1300.0,1100,1700
Machilipatnam,2007-11-17,1300.0,1100,1700
Machilipatnam,2007-11-19,1300.0,1100,1700
Machilipatnam,2007-11-20,1300.0,1100,1700
Machilipatnam,2007-11-21,1300.0,1100,1700
Machilipatnam,2007-11-22,1300.0,1100,1700
Machilipatnam,2007-11-23,1300.0,1100,1700
Machilipatnam,2007-11-24,1300.0,1100,1700
Machilipatnam,2007-11-26,1300.0,1100,1700
Machilipatnam,2007-11-27,1300.0,1100,1700
Machilipatnam,2007-11-28,1300.0,1100,1700
Machilipatnam,2007-11-29,1300.0,1100,1700
Machilipatnam,2007-11-30,1300.0,1100,1700
Machilipatnam,2007-12-01,1350.0,1200,1700
Machilipatnam,2007-12-03,1350.0,1200,1700
Machilipatnam,2007-12-06,1350.0,1200,1700
Machilipatnam,2007-12-07,1350.0,1200,1700
Machilipatnam,2007-12-09,1350.0,1200,1700
Machilipatnam,2007-12-10,1350.0,1200,1600
Machilipatnam,2007-12-11,1350.0,1200,1600
Machilipatnam,2007-12-12,1350.0,1200,1600
Machilipatnam,2007-12-13,1350.0,1200,1600
Machilipatnam,2007-12-14,1350.0,1200,1600
Machilipatnam,2007-12-15,1525.0,1450,1800
Machilipatnam,2007-12-17,1525.0,1450,1800
Machilipatnam,2007-12-18,1525.0,1450,1800
Machilipatnam,2007-12-19,1525.0,1450,1800
Machilipatnam,2007-12-20,1525.0,1450,1800
Machilipatnam,2007-12-21,1525.0,1450,1800
Machilipatnam,2007-12-22,1525.0,1450,1800
Machilipatnam,2007-12-24,1600.0,1600,1800
Machilipatnam,2007-12-26,1375.0,1150,1800
Machilipatnam,2007-12-27,1375.0,1150,1800
Machilipatnam,2008-01-01,1458.3333333333333,1175,1800
Machilipatnam,2008-01-02,1600.0,1600,1800
Machilipatnam,2008-01-04,1600.0,1600,1800
Machilipatnam,2008-01-17,1300.0,1250,1500
Machilipatnam,2008-01-18,1300.0,1250,1500
Machilipatnam,2008-01-23,1300.0,1250,1500
Machilipatnam,2008-01-24,1325.0,1250,1500
Machilipatnam,2008-01-26,1300.0,1250,1500
Machilipatnam,2008-01-27,1300.0,1250,1500
Machilipatnam,2008-01-28,1300.0,1250,1500
Machilipatnam,2008-01-29,1325.0,1250,1500
Machilipatnam,2008-01-30,1350.0,1250,1450
Machilipatnam,2008-02-04,1300.0,1250,1450
Machilipatnam,2008-02-05,1325.0,1250,1450
Machilipatnam,2008-02-06,1325.0,1250,1450
Machilipatnam,2008-02-07,1325.0,1250,1450
Machilipatnam,2008-02-08,1300.0,1200,1450
Machilipatnam,2008-02-11,1266.6666666666667,1200,1450
Machilipatnam,2008-02-12,1300.0,1200,1450
Machilipatnam,2008-02-13,1333.3333333333333,1200,1450
Machilipatnam,2008-02-14,1275.0,1200,1450
Machilipatnam,2008-02-15,1275.0,1200,1450
Machilipatnam,2008-02-16,1275.0,1200,1450
Machilipatnam,2008-02-18,1250.0,1200,1450
Machilipatnam,2008-02-19,1250.0,1200,1450
Machilipatnam,2008-02-20,1275.0,1200,1450
Machilipatnam,2008-02-21,1275.0,1200,1450
Machilipatnam,2008-02-23,1250.0,1100,1600
Machilipatnam,2008-02-25,1250.0,1100,1600
Machilipatnam,2008-02-26,1200.0,1100,1600
Machilipatnam,2008-02-27,1325.0,1150,1600
Machilipatnam,2008-02-28,1325.0,1150,1600
Machilipatnam,2008-03-01,1286.6666666666667,1160,1600
Machilipatnam,2008-03-03,1286.6666666666667,1160,1600
Machilipatnam,2008-03-04,1286.6666666666667,1160,1600
Machilipatnam,2008-03-05,1340.0,1160,1600
Machilipatnam,2008-03-07,1250.0,1100,1500
Machilipatnam,2008-03-10,1200.0,1100,1500
Machilipatnam,2008-03-11,1200.0,1100,1500
Machilipatnam,2008-03-12,1250.0,1100,1500
Machilipatnam,2008-03-13,1200.0,1100,1500
Machilipatnam,2008-03-14,1200.0,1100,1500
Machilipatnam,2008-03-15,1300.0,1100,1500
Machilipatnam,2008-03-17,1266.6666666666667,1200,1450
Machilipatnam,2008-03-18,1266.6666666666667,1200,1450
Machilipatnam,2008-03-19,1300.0,1200,1450
Machilipatnam,2008-03-25,1266.6666666666667,1200,1600
Machilipatnam,2008-03-26,1300.0,1200,1600
Machilipatnam,2008-03-27,1266.6666666666667,1200,1600
Machilipatnam,2008-03-28,1300.0,1200,1600
Machilipatnam,2008-03-29,1266.6666666666667,1200,1600
Machilipatnam,2008-03-31,1200.0,1150,1450
Machilipatnam,2008-04-01,1225.0,1150,1450
Machilipatnam,2008-04-02,1225.0,1150,1450
Machilipatnam,2008-04-03,1225.0,1150,1450
Machilipatnam,2008-04-04,1300.0,1300,1450
Machilipatnam,2008-04-08,1200.0,1150,1450
Machilipatnam,2008-04-09,1225.0,1150,1450
Machilipatnam,2008-04-10,1225.0,1150,1450
Machilipatnam,2008-04-11,1200.0,1100,1600
Machilipatnam,2008-04-15,1200.0,1100,1600
Machilipatnam,2008-04-16,1250.0,1100,1600
Machilipatnam,2008-04-17,1250.0,1100,1600
Machilipatnam,2008-04-18,1250.0,1100,1600
Machilipatnam,2008-04-19,1400.0,1400,1600
Machilipatnam,2008-04-21,1250.0,1100,1600
Machilipatnam,2008-04-22,1250.0,1100,1600
Machilipatnam,2008-04-25,1325.0,1100,1600
Machilipatnam,2008-04-26,1266.6666666666667,1100,1600
Machilipatnam,2008-04-29,1300.0,1200,1600
Machilipatnam,2008-04-30,1300.0,1200,1600
Machilipatnam,2008-05-01,1350.0,1200,1600
Machilipatnam,2008-05-02,1325.0,1150,1600
Machilipatnam,2008-05-03,1325.0,1150,1600
Machilipatnam,2008-05-05,1383.3333333333333,1150,1600
Machilipatnam,2008-05-06,1300.0,1200,1600
Machilipatnam,2008-05-07,1350.0,1200,1600
Machilipatnam,2008-05-08,1350.0,1200,1600
Machilipatnam,2008-05-09,1350.0,1200,1600
Machilipatnam,2008-05-10,1350.0,1200,1600
Machilipatnam,2008-05-12,1350.0,1200,1600
Machilipatnam,2008-05-13,1350.0,1200,1600
Machilipatnam,2008-05-14,1350.0,1200,1600
Machilipatnam,2008-05-15,1333.3333333333333,1200,1600
Machilipatnam,2008-05-16,1350.0,1200,1600
Machilipatnam,2008-05-19,1300.0,1200,1600
Machilipatnam,2008-05-20,1400.0,1200,1600
Machilipatnam,2008-05-21,1350.0,1200,1600
Machilipatnam,2008-05-22,1300.0,1200,1600
Machilipatnam,2008-05-26,1350.0,1200,1600
Machilipatnam,2008-05-27,1350.0,1200,1600
Machilipatnam,2008-05-28,1400.0,1200,1600
Machilipatnam,2008-05-30,1350.0,1200,1600
Machilipatnam,2008-05-31,1350.0,1200,1600
Machilipatnam,2008-06-02,1350.0,1200,1600
Machilipatnam,2008-06-03,1400.0,1250,1650
Machilipatnam,2008-06-04,1550.0,1250,1990
Machilipatnam,2008-06-05,1550.0,1250,1900
Machilipatnam,2008-06-06,1550.0,1250,1900
Machilipatnam,2008-06-07,1450.0,1250,1900
Machilipatnam,2008-06-09,1433.3333333333333,1250,1850
Machilipatnam,2008-06-10,1525.0,1250,1850
Machilipatnam,2008-06-11,1616.6666666666667,1250,1850
Machilipatnam,2008-06-12,1525.0,1350,1800
Machilipatnam,2008-06-13,1583.3333333333333,1350,1800
Machilipatnam,2008-06-14,1466.6666666666667,1350,1800
Machilipatnam,2008-06-16,1583.3333333333333,1350,1800
Machilipatnam,2008-06-17,1583.3333333333333,1350,1800
Machilipatnam,2008-06-18,1400.0,1300,1750
Machilipatnam,2008-06-19,1450.0,1300,1750
Machilipatnam,2008-06-20,1450.0,1300,1750
Machilipatnam,2008-06-21,1450.0,1300,1750
Machilipatnam,2008-06-23,1400.0,1300,1750
Machilipatnam,2008-06-24,1500.0,1300,1750
Machilipatnam,2008-06-25,1450.0,1200,1900
Machilipatnam,2008-06-26,1533.3333333333333,1200,1900
Machilipatnam,2008-06-27,1450.0,1200,1900
Machilipatnam,2008-06-28,1366.6666666666667,1200,1900
Machilipatnam,2008-07-01,1366.6666666666667,1200,1900
Machilipatnam,2008-07-02,1450.0,1200,1900
Machilipatnam,2008-07-03,1400.0,1250,1900
Machilipatnam,2008-07-04,1450.0,1200,1900
Machilipatnam,2008-07-05,1450.0,1200,1900
Machilipatnam,2008-07-07,1366.6666666666667,1200,1900
Machilipatnam,2008-07-08,1425.0,1250,1900
Machilipatnam,2008-07-09,1425.0,1250,1900
Machilipatnam,2008-07-10,1425.0,1250,1900
Machilipatnam,2008-07-11,1425.0,1250,1900
Machilipatnam,2008-07-12,1425.0,1250,1900
Machilipatnam,2008-07-14,1575.0,1250,2000
Machilipatnam,2008-07-15,1466.6666666666667,1250,2000
Machilipatnam,2008-07-16,1683.3333333333333,1250,2000
Machilipatnam,2008-07-17,1466.6666666666667,1250,2000
Machilipatnam,2008-07-18,1575.0,1250,2000
Machilipatnam,2008-07-19,1575.0,1250,2000
Machilipatnam,2008-07-21,1683.3333333333333,1250,2000
Machilipatnam,2008-07-22,1575.0,1250,2000
Machilipatnam,2008-07-23,1683.3333333333333,1250,2000
Machilipatnam,2008-07-24,1666.6666666666667,1200,2000
Machilipatnam,2008-07-25,1683.3333333333333,1250,2100
Machilipatnam,2008-07-26,1575.0,1250,2100
Machilipatnam,2008-07-27,1575.0,1200,2100
Machilipatnam,2008-07-28,1666.6666666666667,1200,2100
Machilipatnam,2008-07-29,1466.6666666666667,1200,2100
Machilipatnam,2008-07-30,1575.0,1250,2100
Machilipatnam,2008-08-01,1766.6666666666667,1300,2200
Machilipatnam,2008-08-02,1533.3333333333333,1300,2200
Machilipatnam,2008-08-04,1650.0,1300,2200
Machilipatnam,2008-08-05,1766.6666666666667,1300,2200
Machilipatnam,2008-08-06,1766.6666666666667,1300,2200
Machilipatnam,2008-08-07,1650.0,1300,2200
Machilipatnam,2008-08-08,1533.3333333333333,1300,2200
Machilipatnam,2008-08-09,1650.0,1300,2200
Machilipatnam,2008-08-11,1593.3333333333333,1340,2200
Machilipatnam,2008-08-12,1593.3333333333333,1340,2200
Machilipatnam,2008-08-13,1720.0,1340,2200
Machilipatnam,2008-08-14,1800.0,1300,2400
Machilipatnam,2008-08-16,1966.6666666666667,1300,2400
Machilipatnam,2008-08-18,1800.0,1300,2400
Machilipatnam,2008-08-19,1800.0,1300,2400
Machilipatnam,2008-08-20,1633.3333333333333,1300,2400
Machilipatnam,2008-08-22,1650.0,1350,2000
Machilipatnam,2008-08-23,1575.0,1350,2000
Machilipatnam,2008-08-25,1575.0,1350,2000
Machilipatnam,2008-08-26,1575.0,1350,2000
Machilipatnam,2008-08-27,1575.0,1350,2000
Machilipatnam,2008-08-28,1650.0,1350,2000
Machilipatnam,2008-08-29,1600.0,1300,2000
Machilipatnam,2008-08-30,1600.0,1300,2000
Machilipatnam,2008-09-01,1700.0,1300,2000
Machilipatnam,2008-09-02,1600.0,1300,2000
Machilipatnam,2008-09-04,1500.0,1300,2000
Machilipatnam,2008-09-05,2500.0,1900,2850
Machilipatnam,2008-09-06,1700.0,1300,2000
Machilipatnam,2008-09-20,1466.6666666666667,1300,2000
Machilipatnam,2008-09-22,1466.6666666666667,1300,2000
Machilipatnam,2008-09-23,1550.0,1300,2000
Machilipatnam,2008-09-24,1466.6666666666667,1300,2000
Machilipatnam,2008-09-25,1466.6666666666667,1300,2000
Machilipatnam,2008-09-26,1633.3333333333333,1300,2000
Machilipatnam,2008-09-29,1533.3333333333333,1300,2200
Machilipatnam,2008-10-01,1766.6666666666667,1300,2200
Machilipatnam,2008-10-10,1650.0,1300,2200
Machilipatnam,2008-10-13,1650.0,1300,2200
Machilipatnam,2008-10-14,1533.3333333333333,1300,2200
Machilipatnam,2008-10-15,1766.6666666666667,1300,2200
Machilipatnam,2008-10-16,1650.0,1300,2200
Machilipatnam,2008-10-21,1650.0,1300,2200
Machilipatnam,2008-10-22,1650.0,1300,2200
Machilipatnam,2008-10-23,1740.0,1300,2000
Machilipatnam,2008-10-24,1630.0,1300,2000
Machilipatnam,2008-10-25,1740.0,1300,2000
Machilipatnam,2008-10-27,1630.0,1300,2000
Machilipatnam,2008-10-29,1740.0,1300,2000
Machilipatnam,2008-10-31,1655.0,1350,2000
Machilipatnam,2008-11-05,1600.0,1300,2000
Machilipatnam,2008-11-06,1500.0,1300,2000
Machilipatnam,2008-11-07,1600.0,1300,2000
Machilipatnam,2008-11-10,1600.0,1300,2000
Machilipatnam,2008-11-11,1500.0,1300,2000
Machilipatnam,2008-11-12,1500.0,1300,2000
Machilipatnam,2008-11-14,1500.0,1300,2000
Machilipatnam,2008-11-18,1633.3333333333333,1300,1800
Machilipatnam,2008-11-21,1550.0,1300,1800
Machilipatnam,2008-11-25,1550.0,1300,1900
Machilipatnam,2008-11-26,1550.0,1300,1900
Machilipatnam,2008-11-28,1466.6666666666667,1300,1900
Machilipatnam,2008-12-08,1500.0,1350,2000
Machilipatnam,2008-12-10,1500.0,1350,2000
Machilipatnam,2008-12-11,1575.0,1350,2000
Machilipatnam,2008-12-12,1650.0,1350,2000
Machilipatnam,2008-12-15,1625.0,1350,2000
Machilipatnam,2008-12-16,1625.0,1350,2000
Machilipatnam,2008-12-17,1716.6666666666667,1350,2000
Machilipatnam,2008-12-18,1625.0,1350,2000
Machilipatnam,2008-12-19,1625.0,1350,2000
Machilipatnam,2008-12-20,1625.0,1350,2000
Machilipatnam,2008-12-21,1533.3333333333333,1350,2000
Machilipatnam,2008-12-22,1716.6666666666667,1350,2000
Machilipatnam,2008-12-23,1650.0,1400,2000
Machilipatnam,2008-12-24,1650.0,1400,2000
Machilipatnam,2008-12-26,1650.0,1400,2000
Machilipatnam,2008-12-27,1650.0,1400,2000
Machilipatnam,2008-12-29,1650.0,1400,2000
Machilipatnam,2008-12-30,1733.3333333333333,1400,2000
Machilipatnam,2008-12-31,1650.0,1400,2000
Machilipatnam,2009-01-01,1650.0,1400,2000
Machilipatnam,2009-01-02,1733.3333333333333,1400,2000
Machilipatnam,2009-01-03,1733.3333333333333,1400,2000
Machilipatnam,2009-01-05,1600.0,1400,2500
Machilipatnam,2009-01-06,1700.0,1400,2500
Machilipatnam,2009-01-07,1700.0,1400,2500
Machilipatnam,2009-01-08,1800.0,1400,2500
Machilipatnam,2009-01-09,1800.0,1400,2500
Machilipatnam,2009-01-10,1800.0,1400,2500
Machilipatnam,2009-01-12,1700.0,1400,2100
Machilipatnam,2009-01-13,1800.0,1400,2100
Machilipatnam,2009-01-15,1700.0,1400,2100
Machilipatnam,2009-01-16,1700.0,1400,2100
Machilipatnam,2009-01-17,1700.0,1400,2100
Machilipatnam,2009-01-19,1766.6666666666667,1300,2100
Machilipatnam,2009-01-20,1533.3333333333333,1300,2100
Machilipatnam,2009-01-21,1650.0,1300,2100
Machilipatnam,2009-01-22,1650.0,1300,2100
Machilipatnam,2009-01-23,1650.0,1300,2100
Machilipatnam,2009-01-24,1533.3333333333333,1300,2100
Machilipatnam,2009-01-25,1650.0,1300,2100
Machilipatnam,2009-01-26,1650.0,1300,2100
Machilipatnam,2009-01-27,1800.0,1400,2100
Machilipatnam,2009-01-28,1700.0,1400,2100
Machilipatnam,2009-01-29,1600.0,1400,2100
Machilipatnam,2009-01-30,1700.0,1400,2100
Machilipatnam,2009-01-31,1800.0,1400,2100
Machilipatnam,2009-02-02,1800.0,1400,2400
Machilipatnam,2009-02-03,1800.0,1400,2400
Machilipatnam,2009-02-04,1800.0,1400,2400
Machilipatnam,2009-02-05,1700.0,1400,2400
Machilipatnam,2009-02-06,1700.0,1400,2400
Machilipatnam,2009-02-07,1700.0,1400,2400
Machilipatnam,2009-02-08,1600.0,1400,2400
Machilipatnam,2009-02-09,1800.0,1400,2100
Machilipatnam,2009-02-10,1800.0,1400,2100
Machilipatnam,2009-02-11,1600.0,1400,2100
Machilipatnam,2009-02-12,1700.0,1400,2100
Machilipatnam,2009-02-13,1800.0,1400,2100
Machilipatnam,2009-02-14,1700.0,1400,2100
Machilipatnam,2009-02-15,1700.0,1400,2100
Machilipatnam,2009-02-16,1666.6666666666667,1500,2200
Machilipatnam,2009-02-17,1833.3333333333333,1500,2200
Machilipatnam,2009-02-18,1750.0,1500,2200
Machilipatnam,2009-02-19,1750.0,1500,2200
Machilipatnam,2009-02-20,1833.3333333333333,1500,2200
Machilipatnam,2009-02-21,1833.3333333333333,1500,2200
Machilipatnam,2009-02-23,1666.6666666666667,1500,2200
Machilipatnam,2009-02-24,1966.6666666666667,1400,2300
Machilipatnam,2009-02-25,1825.0,1400,2300
Machilipatnam,2009-02-26,1683.3333333333333,1400,2300
Machilipatnam,2009-02-27,1966.6666666666667,1400,2300
Machilipatnam,2009-02-28,1825.0,1400,2300
Machilipatnam,2009-03-02,1825.0,1400,2300
Machilipatnam,2009-03-04,1966.6666666666667,1400,2300
Machilipatnam,2009-03-05,1825.0,1400,2300
Machilipatnam,2009-03-06,1966.6666666666667,1400,2300
Machilipatnam,2009-03-07,1825.0,1400,2300
Machilipatnam,2009-03-09,1750.0,1500,2100
Machilipatnam,2009-03-10,1750.0,1500,2100
Machilipatnam,2009-03-12,1833.3333333333333,1500,2100
Machilipatnam,2009-03-13,1750.0,1500,2100
Machilipatnam,2009-03-16,1850.0,1400,2350
Machilipatnam,2009-03-17,2000.0,1400,2350
Machilipatnam,2009-03-18,1850.0,1400,2350
Machilipatnam,2009-03-19,1850.0,1400,2350
Machilipatnam,2009-03-20,2000.0,1400,2350
Machilipatnam,2009-03-21,1850.0,1400,2350
Machilipatnam,2009-03-22,2300.0,2300,2350
Machilipatnam,2009-03-23,2000.0,1400,2350
Machilipatnam,2009-03-24,1700.0,1400,2350
Machilipatnam,2009-03-25,2000.0,1400,2350
Machilipatnam,2009-03-26,1850.0,1400,2350
Machilipatnam,2009-03-27,2000.0,1400,2350
Machilipatnam,2009-03-28,1850.0,1400,2350
Machilipatnam,2009-03-29,2000.0,1400,2350
Machilipatnam,2009-03-30,1933.3333333333333,1400,2300
Machilipatnam,2009-03-31,1800.0,1400,2300
Machilipatnam,2009-04-01,1800.0,1400,2300
Machilipatnam,2009-04-02,1800.0,1400,2300
Machilipatnam,2009-04-03,1933.3333333333333,1400,2300
Machilipatnam,2009-04-05,1800.0,1400,2300
Machilipatnam,2009-04-06,1800.0,1400,2300
Machilipatnam,2009-04-07,1800.0,1400,2350
Machilipatnam,2009-04-08,1800.0,1400,2350
Machilipatnam,2009-04-09,1800.0,1400,2350
Machilipatnam,2009-04-15,1966.6666666666667,1400,2350
Machilipatnam,2009-04-16,1966.6666666666667,1400,2350
Machilipatnam,2009-04-17,1683.3333333333333,1400,2350
Machilipatnam,2009-04-18,1825.0,1400,2350
Machilipatnam,2009-04-19,1966.6666666666667,1400,2350
Machilipatnam,2009-04-21,2000.0,1400,2350
Machilipatnam,2009-04-22,1850.0,1400,2350
Machilipatnam,2009-04-23,2300.0,2300,2350
Machilipatnam,2009-04-24,1850.0,1400,2350
Machilipatnam,2009-04-25,1850.0,1400,2350
Machilipatnam,2009-04-26,2300.0,2300,2350
Machilipatnam,2009-04-27,2033.3333333333333,1400,2400
Machilipatnam,2009-04-28,1875.0,1400,2400
Machilipatnam,2009-04-29,1875.0,1400,2400
Machilipatnam,2009-04-30,1400.0,1400,1450
Machilipatnam,2009-05-01,1875.0,1400,2400
Machilipatnam,2009-05-02,1875.0,1400,2400
Machilipatnam,2009-05-03,2350.0,2350,2400
Machilipatnam,2009-05-04,1733.3333333333333,1400,2450
Machilipatnam,2009-05-05,2066.6666666666665,1400,2450
Machilipatnam,2009-05-06,1900.0,1400,2450
Machilipatnam,2009-05-07,1900.0,1400,2450
Machilipatnam,2009-05-08,1900.0,1400,2450
Machilipatnam,2009-05-09,1733.3333333333333,1400,2450
Machilipatnam,2009-05-11,1850.0,1400,2500
Machilipatnam,2009-05-12,1850.0,1400,2500
Machilipatnam,2009-05-13,2000.0,1400,2500
Machilipatnam,2009-05-14,1850.0,1400,2500
Machilipatnam,2009-05-15,1700.0,1400,2500
Machilipatnam,2009-05-16,2000.0,1400,2500
Machilipatnam,2009-05-17,2000.0,1400,2500
Machilipatnam,2009-05-18,1816.6666666666667,1450,2100
Machilipatnam,2009-05-19,1816.6666666666667,1450,2100
Machilipatnam,2009-05-20,1725.0,1450,2100
Machilipatnam,2009-05-21,1725.0,1450,2100
Machilipatnam,2009-05-22,1725.0,1450,2100
Machilipatnam,2009-05-23,1816.6666666666667,1450,2100
Machilipatnam,2009-05-24,1725.0,1450,2100
Machilipatnam,2009-05-25,1816.6666666666667,1450,2100
Machilipatnam,2009-05-26,2133.3333333333335,1400,2600
Machilipatnam,2009-05-27,1950.0,1400,2600
Machilipatnam,2009-05-28,1950.0,1400,2600
Machilipatnam,2009-05-29,2133.3333333333335,1400,2600
Machilipatnam,2009-05-30,1766.6666666666667,1400,2600
Machilipatnam,2009-05-31,2500.0,2500,2600
Machilipatnam,2009-06-01,1683.3333333333333,1350,2400
Machilipatnam,2009-06-02,1850.0,1350,2400
Machilipatnam,2009-06-03,2016.6666666666667,1350,2400
Machilipatnam,2009-06-04,1850.0,1350,2400
Machilipatnam,2009-06-05,1850.0,1350,2400
Machilipatnam,2009-06-06,2016.6666666666667,1350,2400
Machilipatnam,2009-06-07,1350.0,1350,1450
Machilipatnam,2009-06-08,1900.0,1400,2500
Machilipatnam,2009-06-09,1900.0,1400,2500
Machilipatnam,2009-06-10,1900.0,1400,2500
Machilipatnam,2009-06-11,2066.6666666666665,1400,2500
Machilipatnam,2009-06-12,1900.0,1400,2500
Machilipatnam,2009-06-13,2066.6666666666665,1400,2500
Machilipatnam,2009-06-14,2400.0,2400,2500
Machilipatnam,2009-06-15,1900.0,1400,2500
Machilipatnam,2009-06-16,1900.0,1400,2500
Machilipatnam,2009-06-17,2066.6666666666665,1400,2500
Machilipatnam,2009-06-18,2066.6666666666665,1400,2500
Machilipatnam,2009-06-19,1900.0,1400,2500
Machilipatnam,2009-06-20,1900.0,1400,2500
Machilipatnam,2009-06-22,2033.3333333333333,1300,2500
Machilipatnam,2009-06-23,1850.0,1300,2500
Machilipatnam,2009-06-24,2033.3333333333333,1300,2500
Machilipatnam,2009-06-25,1850.0,1300,2500
Machilipatnam,2009-06-26,2033.3333333333333,1300,2500
Machilipatnam,2009-06-27,2033.3333333333333,1300,2500
Machilipatnam,2009-06-28,2033.3333333333333,1300,2500
Machilipatnam,2009-06-29,1860.0,1310,2510
Machilipatnam,2009-06-30,1860.0,1310,2510
Machilipatnam,2009-07-01,2043.3333333333333,1310,2510
Machilipatnam,2009-07-02,2043.3333333333333,1310,2510
Machilipatnam,2009-07-04,1860.0,1310,2510
Machilipatnam,2009-07-05,2410.0,2410,2510
Machilipatnam,2009-07-06,1850.0,1300,2500
Machilipatnam,2009-07-07,1850.0,1300,2500
Machilipatnam,2009-07-08,2033.3333333333333,1300,2500
Machilipatnam,2009-07-09,1850.0,1300,2500
Machilipatnam,2009-07-10,1850.0,1300,2500
Machilipatnam,2009-07-11,1850.0,1300,2500
Machilipatnam,2009-07-13,1900.0,1400,2500
Machilipatnam,2009-07-14,2066.6666666666665,1400,2500
Machilipatnam,2009-07-15,1900.0,1400,2500
Machilipatnam,2009-07-16,1733.3333333333333,1400,2500
Machilipatnam,2009-07-17,1900.0,1400,2500
Machilipatnam,2009-07-18,1900.0,1400,2500
Machilipatnam,2009-07-20,2066.6666666666665,1400,2500
Machilipatnam,2009-07-21,1800.0,1400,2500
Machilipatnam,2009-07-22,1800.0,1400,2500
Machilipatnam,2009-07-23,1700.0,1400,2500
Machilipatnam,2009-07-24,1600.0,1400,2500
Machilipatnam,2009-07-25,1800.0,1400,2500
Machilipatnam,2009-07-26,1800.0,1400,2500
Machilipatnam,2009-07-27,1700.0,1400,2500
Machilipatnam,2009-07-28,2066.6666666666665,1400,2500
Machilipatnam,2009-07-29,2066.6666666666665,1400,2500
Machilipatnam,2009-07-30,1900.0,1400,2500
Machilipatnam,2009-07-31,2066.6666666666665,1400,2500
Machilipatnam,2009-08-01,1900.0,1400,2500
Machilipatnam,2009-08-02,1900.0,1400,2500
Machilipatnam,2009-08-03,2400.0,2400,2500
Machilipatnam,2009-08-04,1900.0,1400,2500
Machilipatnam,2009-08-05,1900.0,1400,2500
Machilipatnam,2009-08-06,2066.6666666666665,1400,2500
Machilipatnam,2009-08-07,2066.6666666666665,1400,2500
Machilipatnam,2009-08-08,1733.3333333333333,1400,2500
Machilipatnam,2009-08-09,1733.3333333333333,1400,2500
Machilipatnam,2009-08-10,1900.0,1400,2500
Machilipatnam,2009-08-11,2066.6666666666665,1400,2500
Machilipatnam,2009-08-12,1900.0,1400,2500
Machilipatnam,2009-08-13,1900.0,1400,2500
Machilipatnam,2009-08-14,1900.0,1400,2500
Machilipatnam,2009-08-15,1733.3333333333333,1400,2500
Machilipatnam,2009-08-16,1900.0,1400,2500
Machilipatnam,2009-08-17,1925.0,1400,2500
Machilipatnam,2009-08-18,1750.0,1400,2500
Machilipatnam,2009-08-19,1925.0,1400,2500
Machilipatnam,2009-08-20,1750.0,1400,2500
Machilipatnam,2009-08-21,1925.0,1400,2500
Machilipatnam,2009-08-22,1925.0,1400,2500
Machilipatnam,2009-08-25,1733.3333333333333,1400,2500
Machilipatnam,2009-08-26,2066.6666666666665,1400,2500
Machilipatnam,2009-08-27,1900.0,1400,2500
Machilipatnam,2009-08-28,1900.0,1400,2500
Machilipatnam,2009-08-29,2066.6666666666665,1400,2500
Machilipatnam,2009-08-30,1733.3333333333333,1400,2500
Machilipatnam,2009-08-31,1900.0,1400,2500
Machilipatnam,2009-09-01,2066.6666666666665,1400,2500
Machilipatnam,2009-09-02,1733.3333333333333,1400,2500
Machilipatnam,2009-09-03,1900.0,1400,2500
Machilipatnam,2009-09-04,1900.0,1400,2500
Machilipatnam,2009-09-05,2066.6666666666665,1400,2500
Machilipatnam,2009-09-07,1925.0,1400,2500
Machilipatnam,2009-09-08,1925.0,1400,2500
Machilipatnam,2009-09-09,1925.0,1400,2500
Machilipatnam,2009-09-10,1750.0,1400,2500
Machilipatnam,2009-09-11,2100.0,1400,2500
Machilipatnam,2009-09-12,1925.0,1400,2500
Machilipatnam,2009-09-13,1925.0,1400,2500
Machilipatnam,2009-09-14,2133.3333333333335,1400,2700
Machilipatnam,2009-09-15,2133.3333333333335,1400,2700
Machilipatnam,2009-09-16,1950.0,1400,2700
Machilipatnam,2009-09-17,1950.0,1400,2700
Machilipatnam,2009-09-18,1950.0,1400,2700
Machilipatnam,2009-10-28,1950.0,1400,3200
Machilipatnam,2009-10-29,1950.0,1400,3200
Machilipatnam,2009-10-30,2133.3333333333335,1400,3200
Machilipatnam,2009-10-31,2133.3333333333335,1400,3200
Machilipatnam,2009-11-01,1950.0,1400,3200
Machilipatnam,2009-11-02,1766.6666666666667,1400,3200
Machilipatnam,2009-11-03,1950.0,1400,3200
Machilipatnam,2009-11-04,1950.0,1400,3200
Machilipatnam,2009-11-05,1950.0,1400,3200
Machilipatnam,2009-11-08,1950.0,1400,3200
Machilipatnam,2009-11-09,2150.0,1450,3100
Machilipatnam,2009-11-10,1800.0,1450,3100
Machilipatnam,2009-11-11,1975.0,1450,3100
Machilipatnam,2009-11-12,1800.0,1450,3100
Machilipatnam,2009-11-13,1975.0,1450,3100
Machilipatnam,2009-11-14,2150.0,1450,3100
Machilipatnam,2009-11-15,1975.0,1450,3100
Machilipatnam,2009-11-16,1833.3333333333333,1500,3000
Machilipatnam,2009-11-17,2000.0,1500,3000
Machilipatnam,2009-11-18,2000.0,1500,3000
Machilipatnam,2009-11-19,1833.3333333333333,1500,3000
Machilipatnam,2009-11-20,2000.0,1500,3000
Machilipatnam,2009-11-21,2000.0,1500,3000
Machilipatnam,2009-11-22,2000.0,1500,3000
Machilipatnam,2009-11-23,2000.0,1500,3000
Machilipatnam,2009-11-25,2166.6666666666665,1500,3000
Machilipatnam,2009-11-26,2000.0,1500,3000
Machilipatnam,2009-11-27,2000.0,1500,3000
Machilipatnam,2009-11-28,2000.0,1500,3000
Machilipatnam,2009-11-29,2000.0,1500,3000
Machilipatnam,2009-12-02,2000.0,1500,3000
Machilipatnam,2009-12-07,1700.0,1650,1900
Machilipatnam,2009-12-08,1750.0,1650,1900
Machilipatnam,2009-12-09,1750.0,1650,1900
Machilipatnam,2009-12-10,1725.0,1650,1900
Machilipatnam,2009-12-11,1725.0,1650,1900
Machilipatnam,2009-12-12,1725.0,1650,1900
Machilipatnam,2010-01-04,2000.0,1400,3000
Machilipatnam,2010-01-05,2000.0,1400,3000
Machilipatnam,2010-01-07,2000.0,1400,3000
Machilipatnam,2010-01-08,2000.0,1400,3000
Machilipatnam,2010-01-19,2100.0,1600,2800
Machilipatnam,2010-01-20,2100.0,1600,2800
Machilipatnam,2010-01-21,2100.0,1600,2800
Machilipatnam,2010-01-22,2100.0,1600,2800
Machilipatnam,2010-01-23,2100.0,1600,2800
Machilipatnam,2010-01-25,2100.0,1600,2800
Machilipatnam,2010-01-27,2100.0,1600,2800
Machilipatnam,2010-01-28,2100.0,1600,2800
Machilipatnam,2010-02-01,2050.0,1500,2800
Machilipatnam,2010-02-02,2050.0,1500,2800
Machilipatnam,2010-02-03,2050.0,1500,2800
Machilipatnam,2010-02-04,2000.0,1400,3000
Machilipatnam,2010-02-05,2000.0,1400,3000
Machilipatnam,2010-02-06,2000.0,1400,3000
Machilipatnam,2010-02-11,2050.0,1500,2700
Machilipatnam,2010-02-13,2050.0,1500,2700
Machilipatnam,2010-02-15,2050.0,1500,2700
Machilipatnam,2010-02-17,2050.0,1500,2700
Machilipatnam,2010-02-18,2050.0,1500,2700
Machilipatnam,2010-02-19,2050.0,1500,2700
Machilipatnam,2010-02-20,2050.0,1500,2700
Machilipatnam,2010-02-23,1900.0,1600,2300
Machilipatnam,2010-02-24,1900.0,1600,2300
Machilipatnam,2010-02-25,1900.0,1600,2300
Machilipatnam,2010-02-26,2050.0,1500,2700
Machilipatnam,2010-03-03,2000.0,1500,2800
Machilipatnam,2010-03-04,2000.0,1500,2800
Machilipatnam,2010-03-05,2000.0,1500,2800
Machilipatnam,2010-03-06,2000.0,1500,2800
Machilipatnam,2010-03-08,2000.0,1500,2800
Machilipatnam,2010-03-09,2000.0,1500,2800
Machilipatnam,2010-03-10,2000.0,1500,2800
Machilipatnam,2010-03-12,2000.0,1400,3000
Machilipatnam,2010-03-15,1950.0,1500,2500
Machilipatnam,2010-03-16,1950.0,1500,2500
Machilipatnam,2010-03-17,2400.0,2400,2500
Machilipatnam,2010-03-19,1950.0,1500,2500
Machilipatnam,2010-03-20,1950.0,1500,2500
Machilipatnam,2010-03-21,1950.0,1500,2500
Machilipatnam,2010-03-22,2200.0,1600,3000
Machilipatnam,2010-03-23,2200.0,1600,3000
Machilipatnam,2010-03-24,2200.0,1600,3000
Machilipatnam,2010-03-25,2200.0,1600,3000
Machilipatnam,2010-03-26,2200.0,1600,3000
Machilipatnam,2010-03-27,2200.0,1600,3000
Machilipatnam,2010-03-29,2100.0,1600,3000
Machilipatnam,2010-03-30,2100.0,1600,3000
Machilipatnam,2010-03-31,2100.0,1600,3000
Machilipatnam,2010-04-01,2100.0,1600,3000
Machilipatnam,2010-04-03,2100.0,1600,3000
Machilipatnam,2010-04-06,2100.0,1600,3000
Machilipatnam,2010-04-07,2100.0,1600,3000
Machilipatnam,2010-04-09,1900.0,1500,2300
Machilipatnam,2010-04-10,1900.0,1500,2300
Machilipatnam,2010-04-12,1900.0,1500,2300
Machilipatnam,2010-04-13,1900.0,1500,2300
Machilipatnam,2010-04-15,1900.0,1500,2300
Machilipatnam,2010-04-16,1900.0,1500,2300
Machilipatnam,2010-04-17,1900.0,1500,2300
Machilipatnam,2010-04-19,2150.0,1600,3000
Machilipatnam,2010-04-20,2150.0,1600,3000
Machilipatnam,2010-04-21,2150.0,1600,3000
Machilipatnam,2010-04-22,2150.0,1600,3000
Machilipatnam,2010-04-23,2150.0,1600,3000
Machilipatnam,2010-04-24,2150.0,1600,3000
Machilipatnam,2010-04-27,1900.0,1500,2300
Machilipatnam,2010-04-28,1900.0,1500,2300
Machilipatnam,2010-04-29,1900.0,1500,2300
Machilipatnam,2010-05-03,1900.0,1500,2300
Machilipatnam,2010-05-04,1950.0,1600,2400
Machilipatnam,2010-05-06,1950.0,1600,2400
Machilipatnam,2010-05-07,1950.0,1600,2400
Machilipatnam,2010-05-10,1950.0,1600,2400
Machilipatnam,2010-05-17,1950.0,1600,2400
Machilipatnam,2010-05-18,1950.0,1600,2400
Machilipatnam,2010-05-20,1950.0,1600,2400
Machilipatnam,2010-05-29,1900.0,1500,2500
Machilipatnam,2010-05-31,1900.0,1500,2500
Machilipatnam,2010-06-01,1900.0,1500,2500
Machilipatnam,2010-06-02,2300.0,2300,2500
Machilipatnam,2010-06-03,1900.0,1500,2500
Machilipatnam,2010-06-05,1900.0,1500,2500
Machilipatnam,2010-06-08,1900.0,1500,2500
Machilipatnam,2010-06-09,1800.0,1400,2600
Machilipatnam,2010-06-10,1800.0,1400,2600
Machilipatnam,2010-06-11,1800.0,1400,2600
Machilipatnam,2010-06-16,1800.0,1400,2600
Machilipatnam,2010-06-17,1850.0,1400,2400
Machilipatnam,2010-06-18,1850.0,1400,2400
Machilipatnam,2010-06-19,1850.0,1400,2400
Machilipatnam,2010-06-21,1850.0,1400,2400
Machilipatnam,2010-06-22,1850.0,1400,2400
Machilipatnam,2010-06-23,1850.0,1400,2400
Machilipatnam,2010-06-24,1850.0,1400,2400
Machilipatnam,2010-06-25,1850.0,1400,2400
Machilipatnam,2010-06-26,1850.0,1400,2400
Machilipatnam,2010-06-29,1925.0,1450,2500
Machilipatnam,2010-06-30,1925.0,1450,2500
Machilipatnam,2010-07-02,1925.0,1450,2500
Machilipatnam,2010-07-05,1925.0,1450,2500
Machilipatnam,2010-07-06,1925.0,1450,2500
Machilipatnam,2010-07-07,1925.0,1450,2500
Machilipatnam,2010-07-08,1925.0,1450,2500
Machilipatnam,2010-07-09,1925.0,1450,2500
Machilipatnam,2010-07-10,1925.0,1450,2500
Machilipatnam,2010-07-13,1900.0,1400,2500
Machilipatnam,2010-07-14,1900.0,1400,2500
Machilipatnam,2010-07-16,1900.0,1400,2500
Machilipatnam,2010-07-17,1900.0,1400,2500
Machilipatnam,2010-07-20,1850.0,1400,2500
Machilipatnam,2010-07-21,1750.0,1400,2500
Machilipatnam,2010-07-22,1850.0,1400,2500
Machilipatnam,2010-07-23,1850.0,1400,2500
Machilipatnam,2010-07-26,1900.0,1500,2500
Machilipatnam,2010-07-27,1900.0,1500,2500
Machilipatnam,2010-07-28,1900.0,1500,2500
Machilipatnam,2010-07-29,1900.0,1500,2500
Machilipatnam,2010-07-30,1900.0,1500,2500
Machilipatnam,2010-07-31,1900.0,1500,2500
Machilipatnam,2010-08-03,1900.0,1400,2500
Machilipatnam,2010-08-04,1850.0,1400,2500
Machilipatnam,2010-08-05,1900.0,1400,2500
Machilipatnam,2010-08-06,1900.0,1400,2500
Machilipatnam,2010-08-07,1850.0,1400,2500
Machilipatnam,2010-08-09,1850.0,1400,2500
Machilipatnam,2010-08-10,1900.0,1400,2500
Machilipatnam,2010-08-11,1900.0,1400,2500
Machilipatnam,2010-08-12,1900.0,1400,2500
Machilipatnam,2010-08-13,1900.0,1400,2500
Machilipatnam,2010-08-16,1950.0,1600,2400
Machilipatnam,2010-08-17,1950.0,1600,2400
Machilipatnam,2010-08-19,1950.0,1600,2400
Machilipatnam,2010-08-20,1950.0,1600,2400
Machilipatnam,2010-08-21,1950.0,1600,2400
Machilipatnam,2010-08-23,1900.0,1500,2500
Machilipatnam,2010-08-24,1900.0,1500,2500
Machilipatnam,2010-08-25,1900.0,1500,2500
Machilipatnam,2010-08-26,1900.0,1500,2500
Machilipatnam,2010-08-27,1900.0,1500,2500
Machilipatnam,2010-08-28,1900.0,1500,2500
Machilipatnam,2010-08-30,1900.0,1500,2500
Machilipatnam,2010-08-31,1900.0,1500,2500
Machilipatnam,2010-09-02,1900.0,1500,2500
Machilipatnam,2010-09-03,1900.0,1500,2500
Machilipatnam,2010-09-04,2300.0,2200,2500
Machilipatnam,2010-09-07,1900.0,1500,2500
Machilipatnam,2010-09-27,1950.0,1500,2500
Machilipatnam,2010-09-28,1950.0,1500,2500
Machilipatnam,2010-09-29,1950.0,1500,2500
Machilipatnam,2010-09-30,1950.0,1500,2500
Machilipatnam,2010-10-01,1950.0,1500,2500
Machilipatnam,2010-10-04,1800.0,1400,2500
Machilipatnam,2010-10-05,1800.0,1400,2500
Machilipatnam,2010-10-06,1800.0,1400,2500
Machilipatnam,2010-10-07,1800.0,1400,2500
Machilipatnam,2010-10-08,1800.0,1400,2500
Machilipatnam,2010-10-10,1800.0,1400,2500
Machilipatnam,2010-10-12,2200.0,2200,2500
Machilipatnam,2010-10-13,1800.0,1400,2500
Machilipatnam,2010-10-14,1800.0,1400,2500
Machilipatnam,2010-10-16,1800.0,1400,2500
Machilipatnam,2010-11-02,1750.0,1500,2300
Machilipatnam,2010-11-03,2000.0,2000,2300
Machilipatnam,2010-11-04,1750.0,1500,2300
Machilipatnam,2010-11-05,1750.0,1500,2300
Machilipatnam,2010-11-06,1750.0,1500,2300
Machilipatnam,2010-11-07,1750.0,1500,2300
Machilipatnam,2010-11-08,1750.0,1500,2300
Machilipatnam,2010-11-09,1750.0,1500,2300
Machilipatnam,2010-11-11,1750.0,1500,2300
Machilipatnam,2010-11-22,1750.0,1500,2300
Machilipatnam,2010-11-23,1750.0,1500,2300
Machilipatnam,2010-11-24,1750.0,1500,2300
Machilipatnam,2010-11-25,1750.0,1500,2300
Machilipatnam,2010-11-26,1750.0,1500,2300
Machilipatnam,2010-11-27,1750.0,1500,2300
Machilipatnam,2010-11-28,1750.0,1500,2300
Machilipatnam,2010-11-29,1950.0,1700,2300
Machilipatnam,2010-11-30,1950.0,1700,2300
Machilipatnam,2010-12-01,1950.0,1700,2300
Machilipatnam,2010-12-02,1950.0,1700,2300
Machilipatnam,2010-12-03,1950.0,1700,2300
Machilipatnam,2010-12-04,1950.0,1700,2300
Machilipatnam,2010-12-05,1950.0,1700,2300
Machilipatnam,2010-12-06,1850.0,1700,2300
Machilipatnam,2010-12-07,1950.0,1700,2300
Machilipatnam,2010-12-08,1950.0,1700,2300
Machilipatnam,2010-12-09,2200.0,2000,2300
Machilipatnam,2010-12-10,1950.0,1700,2300
Machilipatnam,2010-12-11,1950.0,1700,2300
Machilipatnam,2010-12-13,2000.0,1800,2300
Machilipatnam,2010-12-14,2000.0,1800,2300
Machilipatnam,2010-12-15,2000.0,1800,2300
Machilipatnam,2010-12-16,2000.0,1800,2300
Machilipatnam,2010-12-17,2000.0,1800,2300
Machilipatnam,2010-12-18,2000.0,1800,2300
Machilipatnam,2010-12-19,2000.0,1800,2300
Machilipatnam,2010-12-20,2000.0,1800,2300
Machilipatnam,2010-12-23,2000.0,1800,2300
Machilipatnam,2010-12-24,2000.0,1800,2300
Machilipatnam,2010-12-25,2000.0,1800,2300
Machilipatnam,2010-12-26,2000.0,1800,2300
Machilipatnam,2010-12-27,2000.0,1800,2300
Machilipatnam,2010-12-28,2000.0,1800,2300
Machilipatnam,2010-12-29,2000.0,1800,2300
Machilipatnam,2010-12-31,2000.0,1800,2300
Machilipatnam,2011-01-01,2000.0,1800,2300
Machilipatnam,2011-01-02,2200.0,2200,2300
Machilipatnam,2011-01-03,2000.0,1800,2300
Machilipatnam,2011-01-04,2000.0,1800,2300
Machilipatnam,2011-01-05,2000.0,1800,2300
Machilipatnam,2011-01-06,2000.0,1800,2300
Machilipatnam,2011-01-07,2000.0,1800,2300
Machilipatnam,2011-01-08,2200.0,2200,2300
Machilipatnam,2011-01-10,2000.0,1800,2300
Machilipatnam,2011-01-11,2000.0,1800,2300
Machilipatnam,2011-01-12,2000.0,1800,2300
Machilipatnam,2011-01-15,2000.0,1800,2300
Machilipatnam,2011-01-17,2000.0,1800,2300
Machilipatnam,2011-01-19,1800.0,1800,2200
Machilipatnam,2011-01-20,1800.0,1800,2200
Machilipatnam,2011-01-21,1800.0,1800,2200
Machilipatnam,2011-01-26,1800.0,1800,2200
Machilipatnam,2011-01-27,1800.0,1800,2200
Machilipatnam,2011-01-28,1800.0,1800,2200
Machilipatnam,2011-01-29,1800.0,1800,2200
Machilipatnam,2011-01-30,1800.0,1800,2200
Machilipatnam,2011-01-31,1800.0,1800,2200
Machilipatnam,2011-02-01,1800.0,1800,2200
Machilipatnam,2011-02-02,1800.0,1800,2200
Machilipatnam,2011-02-03,1800.0,1800,2200
Machilipatnam,2011-02-04,1800.0,1800,2200
Machilipatnam,2011-02-05,1800.0,1800,2200
Machilipatnam,2011-02-06,1800.0,1800,2200
Machilipatnam,2011-02-08,1800.0,1800,2200
Machilipatnam,2011-02-17,1800.0,1800,2200
Machilipatnam,2011-02-23,1950.0,1700,2300
Machilipatnam,2011-02-24,1950.0,1700,2300
Machilipatnam,2011-02-25,1950.0,1700,2300
Machilipatnam,2011-02-26,1950.0,1700,2300
Machilipatnam,2011-02-27,2200.0,2200,2300
Machilipatnam,2011-02-28,1950.0,1700,2300
Machilipatnam,2011-03-01,1950.0,1700,2300
Machilipatnam,2011-03-02,1950.0,1700,2300
Machilipatnam,2011-03-05,1950.0,1700,2300
Machilipatnam,2011-03-06,1950.0,1700,2300
Machilipatnam,2011-03-08,1950.0,1700,2300
Machilipatnam,2011-03-09,1950.0,1700,2300
Machilipatnam,2011-03-23,1950.0,1700,2300
Machilipatnam,2011-03-24,1950.0,1700,2300
Machilipatnam,2011-03-25,1950.0,1700,2300
Machilipatnam,2011-03-26,1950.0,1700,2300
Machilipatnam,2011-03-27,1950.0,1700,2300
Machilipatnam,2011-03-28,1950.0,1700,2300
Machilipatnam,2011-03-29,1950.0,1700,2300
Machilipatnam,2011-03-30,1950.0,1700,2300
Machilipatnam,2011-04-01,1950.0,1700,2300
Machilipatnam,2011-04-02,1950.0,1700,2300
Machilipatnam,2011-04-03,1950.0,1700,2300
Machilipatnam,2011-04-05,1950.0,1700,2300
Machilipatnam,2011-04-06,1950.0,1700,2300
Machilipatnam,2011-04-12,1950.0,1700,2300
Machilipatnam,2011-04-20,1950.0,1700,2300
Machilipatnam,2011-05-01,2200.0,2200,2300
Machilipatnam,2011-05-02,2200.0,2200,2300
Machilipatnam,2011-05-23,2000.0,1800,2400
Machilipatnam,2011-05-24,2000.0,1800,2400
Machilipatnam,2011-05-25,2000.0,1800,2400
Machilipatnam,2011-05-26,2000.0,1800,2400
Machilipatnam,2011-05-27,2000.0,1800,2400
Machilipatnam,2011-05-28,2000.0,1800,2400
Machilipatnam,2011-05-29,2000.0,1800,2400
Machilipatnam,2011-06-01,1800.0,1800,1800
Machilipatnam,2011-06-20,1950.0,1500,2500
Machilipatnam,2011-06-21,1950.0,1500,2500
Machilipatnam,2011-06-22,1950.0,1500,2500
Machilipatnam,2011-06-23,2400.0,2300,2500
Machilipatnam,2011-06-24,1950.0,1500,2500
Machilipatnam,2011-06-27,1950.0,1500,2500
Machilipatnam,2011-06-28,2400.0,2300,2500
Machilipatnam,2011-06-30,1950.0,1500,2500
Machilipatnam,2011-10-01,2200.0,2200,2300
Machilipatnam,2011-10-02,2200.0,2200,2300
Machilipatnam,2011-10-03,2200.0,2200,2300
Machilipatnam,2011-10-04,2200.0,2200,2300
Machilipatnam,2011-10-05,2200.0,2200,2300
Machilipatnam,2011-10-06,2200.0,2200,2300
Machilipatnam,2011-10-07,2200.0,2200,2300
Machilipatnam,2011-10-08,2200.0,2200,2300
Machilipatnam,2011-10-09,2200.0,2200,2300
Machilipatnam,2011-10-16,2000.0,1600,2400
Machilipatnam,2011-10-17,1700.0,1700,1800
Machilipatnam,2011-10-23,2000.0,1600,2400
Machilipatnam,2011-10-24,2000.0,1600,2400
Machilipatnam,2011-10-25,2000.0,1700,2400
Machilipatnam,2011-10-27,1950.0,1600,2400
Machilipatnam,2011-10-29,2300.0,2200,2400
Machilipatnam,2011-10-30,1950.0,1600,2400
Machilipatnam,2011-10-31,1950.0,1600,2400
Machilipatnam,2011-11-01,2000.0,1700,2400
Machilipatnam,2011-11-02,2300.0,2200,2400
Machilipatnam,2011-11-03,2000.0,1600,2400
Machilipatnam,2011-11-04,2000.0,1700,2400
Machilipatnam,2011-11-05,2000.0,1600,2400
Machilipatnam,2011-11-08,2300.0,2200,2400
Machilipatnam,2011-11-09,1950.0,1600,2400
Machilipatnam,2011-11-10,2000.0,1700,2400
Machilipatnam,2011-11-11,1950.0,1600,2400
Machilipatnam,2011-11-14,1950.0,1600,2400
Machilipatnam,2011-11-15,1975.0,1600,2400
Machilipatnam,2011-11-16,1900.0,1600,2300
Machilipatnam,2011-11-17,2000.0,1600,2400
Machilipatnam,2011-11-18,2000.0,1600,2400
Machilipatnam,2011-11-23,2200.0,2200,2300
Machilipatnam,2011-11-24,2300.0,2200,2400
Machilipatnam,2011-11-25,1950.0,1700,2300
Machilipatnam,2011-11-27,1900.0,1600,2300
Machilipatnam,2011-11-28,2200.0,2200,2300
Machilipatnam,2011-11-29,1950.0,1700,2300
Machilipatnam,2011-11-30,1950.0,1700,2200
Machilipatnam,2011-12-02,2200.0,2200,2300
Machilipatnam,2011-12-03,2200.0,2200,2400
Machilipatnam,2011-12-04,2200.0,2200,2400
Machilipatnam,2011-12-05,2200.0,2200,2400
Machilipatnam,2011-12-06,2200.0,2200,2300
Machilipatnam,2011-12-07,2200.0,2200,2300
Machilipatnam,2011-12-08,2200.0,2200,2300
Machilipatnam,2011-12-09,1950.0,1700,2300
Machilipatnam,2011-12-10,1950.0,1600,2400
Machilipatnam,2011-12-12,2300.0,2200,2400
Machilipatnam,2011-12-13,2200.0,2200,2300
Machilipatnam,2011-12-14,2300.0,2200,2400
Machilipatnam,2011-12-18,2300.0,2200,2400
Machilipatnam,2011-12-19,2000.0,1700,2400
Machilipatnam,2011-12-21,2200.0,2200,2400
Machilipatnam,2011-12-22,2200.0,2200,2400
Machilipatnam,2011-12-23,2200.0,2200,2400
Machilipatnam,2011-12-25,2200.0,2200,2300
Machilipatnam,2011-12-26,2200.0,2200,2300
Machilipatnam,2011-12-27,2200.0,2200,2300
Machilipatnam,2011-12-28,2200.0,2200,2400
Machilipatnam,2011-12-29,2200.0,2200,2300
Machilipatnam,2011-12-30,2200.0,2200,2300
Machilipatnam,2011-12-31,2200.0,2200,2300
Machilipatnam,2012-01-01,2200.0,2200,2200
Machilipatnam,2012-01-03,2200.0,2200,2200
Machilipatnam,2012-01-04,2200.0,2200,2200
Machilipatnam,2012-01-05,2200.0,2200,2200
Machilipatnam,2012-01-07,2200.0,2200,2200
Machilipatnam,2012-01-08,1950.0,1700,2300
Machilipatnam,2012-01-09,2200.0,2200,2300
Machilipatnam,2012-01-11,1950.0,1700,2300
Machilipatnam,2012-01-12,2200.0,2200,2300
Machilipatnam,2012-01-13,2200.0,2200,2300
Machilipatnam,2012-01-14,2200.0,2200,2300
Machilipatnam,2012-01-15,2300.0,2200,2400
Machilipatnam,2012-01-16,2300.0,2200,2400
Machilipatnam,2012-01-18,2000.0,1700,2400
Machilipatnam,2012-01-19,1700.0,1700,1800
Machilipatnam,2012-01-20,1850.0,1700,2200
Machilipatnam,2012-01-21,1850.0,1700,2200
Machilipatnam,2012-01-22,1850.0,1700,2200
Machilipatnam,2012-01-23,1850.0,1700,2200
Machilipatnam,2012-01-24,1850.0,1700,2200
Machilipatnam,2012-01-25,1850.0,1700,2200
Machilipatnam,2012-01-26,1700.0,1700,1800
Machilipatnam,2012-01-27,1850.0,1700,2200
Machilipatnam,2012-01-28,2000.0,2000,2200
Machilipatnam,2012-01-29,1850.0,1700,2200
Machilipatnam,2012-01-30,2000.0,2000,2100
Machilipatnam,2012-01-31,1600.0,1600,1700
Machilipatnam,2012-02-01,1800.0,1600,2100
Machilipatnam,2012-02-03,1600.0,1600,1700
Machilipatnam,2012-02-04,1800.0,1600,2100
Machilipatnam,2012-02-07,1800.0,1600,2100
Machilipatnam,2012-02-08,2000.0,2000,2100
Machilipatnam,2012-02-09,1800.0,1600,2100
Machilipatnam,2012-02-10,2000.0,2000,2100
Machilipatnam,2012-02-13,1850.0,1700,2100
Machilipatnam,2012-02-14,2000.0,2000,2100
Machilipatnam,2012-02-15,1850.0,1700,2100
Machilipatnam,2012-02-17,1850.0,1700,2100
Machilipatnam,2012-02-18,1850.0,1700,2100
Machilipatnam,2012-02-21,1850.0,1700,2100
Machilipatnam,2012-02-22,1850.0,1700,2100
Machilipatnam,2012-02-23,1850.0,1700,2100
Machilipatnam,2012-02-24,2100.0,2100,2200
Machilipatnam,2012-02-25,2100.0,2100,2200
Machilipatnam,2012-02-26,1900.0,1700,2200
Machilipatnam,2012-02-27,1900.0,1700,2200
Machilipatnam,2012-02-29,1900.0,1700,2200
Machilipatnam,2012-03-01,2100.0,2100,2200
Machilipatnam,2012-03-02,1900.0,1700,2200
Machilipatnam,2012-03-03,1900.0,1700,2200
Machilipatnam,2012-03-10,2100.0,2100,2200
Machilipatnam,2012-03-13,1700.0,1700,1800
Machilipatnam,2012-03-14,1900.0,1700,2200
Machilipatnam,2012-03-15,1900.0,1700,2200
Machilipatnam,2012-03-16,2100.0,2100,2200
Machilipatnam,2012-03-19,2000.0,2000,2200
Machilipatnam,2012-03-20,1635.0,1170,2200
Machilipatnam,2012-03-21,2050.0,1700,2500
Machilipatnam,2012-03-22,2050.0,1700,2500
Machilipatnam,2012-03-24,2050.0,1700,2500
Machilipatnam,2012-03-26,2050.0,1700,2500
Machilipatnam,2012-03-27,2050.0,1700,2500
Machilipatnam,2012-03-29,2050.0,1700,2500
Machilipatnam,2012-03-30,1700.0,1700,1800
Machilipatnam,2012-03-31,2050.0,1700,2500
Machilipatnam,2012-04-02,2050.0,1700,2500
Machilipatnam,2012-04-03,2400.0,2400,2500
Machilipatnam,2012-04-04,2050.0,1700,2500
Machilipatnam,2012-04-07,2050.0,1700,2500
Machilipatnam,2012-04-09,2050.0,1700,2500
Machilipatnam,2012-04-10,2050.0,1700,2500
Machilipatnam,2012-04-13,2150.0,1800,2600
Machilipatnam,2012-04-14,2500.0,2500,2600
Machilipatnam,2012-04-15,2500.0,2500,2600
Machilipatnam,2012-04-17,2150.0,1800,2600
Machilipatnam,2012-04-18,2150.0,1800,2600
Machilipatnam,2012-04-19,1800.0,1800,2000
Machilipatnam,2012-04-20,2150.0,1800,2600
Machilipatnam,2012-04-21,2150.0,1800,2600
Machilipatnam,2012-04-22,2500.0,2500,2600
Machilipatnam,2012-04-23,1800.0,1800,2000
Machilipatnam,2012-04-24,2500.0,2500,2600
Machilipatnam,2012-04-25,2150.0,1800,2600
Machilipatnam,2012-04-26,2150.0,1800,2600
Machilipatnam,2012-04-27,2150.0,1800,2600
Machilipatnam,2012-04-28,1800.0,1800,2000
Machilipatnam,2012-04-30,2150.0,1800,2600
Machilipatnam,2012-05-01,2500.0,2500,2600
Machilipatnam,2012-05-02,2500.0,2500,2600
Machilipatnam,2012-05-03,2150.0,1800,2600
Machilipatnam,2012-05-04,1800.0,1800,2000
Machilipatnam,2012-05-05,1800.0,1800,2000
Machilipatnam,2012-05-06,2500.0,2500,2700
Machilipatnam,2012-05-07,2150.0,1800,2700
Machilipatnam,2012-05-08,2150.0,1800,2700
Machilipatnam,2012-05-09,1800.0,1800,2000
Machilipatnam,2012-05-10,1800.0,1800,2000
Machilipatnam,2012-05-11,2150.0,1800,2700
Machilipatnam,2012-05-13,2150.0,1800,2700
Machilipatnam,2012-05-14,2150.0,1800,2700
Machilipatnam,2012-05-15,2500.0,2500,2800
Machilipatnam,2012-05-16,1800.0,1800,2000
Machilipatnam,2012-05-17,2500.0,2500,2800
Machilipatnam,2012-05-18,2550.0,2500,2600
Machilipatnam,2012-05-19,2150.0,1750,2600
Machilipatnam,2012-05-20,2150.0,1750,2600
Machilipatnam,2012-05-21,2150.0,1700,2600
Machilipatnam,2012-05-22,2150.0,1700,2600
Machilipatnam,2012-05-23,2150.0,1700,2600
Machilipatnam,2012-05-25,1950.0,1900,2000
Machilipatnam,2012-05-26,2225.0,1900,2800
Machilipatnam,2012-05-27,2225.0,1900,2800
Machilipatnam,2012-05-28,2225.0,1900,2800
Machilipatnam,2012-05-29,2500.0,2400,2800
Machilipatnam,2012-05-30,2225.0,1900,2800
Machilipatnam,2012-06-01,2285.0,1950,2700
Machilipatnam,2012-06-02,2285.0,1950,2700
Machilipatnam,2012-06-04,2285.0,1950,2700
Machilipatnam,2012-06-05,2285.0,1950,2700
Machilipatnam,2012-06-06,2285.0,1950,2700
Machilipatnam,2012-06-07,2285.0,1950,2700
Machilipatnam,2012-06-11,1960.0,1950,2000
Machilipatnam,2012-06-12,2305.0,1950,2750
Machilipatnam,2012-06-13,2305.0,1950,2750
Machilipatnam,2012-06-15,2550.0,2500,2600
Machilipatnam,2012-06-16,2200.0,1800,2600
Machilipatnam,2012-06-17,2550.0,2500,2600
Machilipatnam,2012-06-18,2550.0,2500,2600
Machilipatnam,2012-06-19,2200.0,1800,2600
Machilipatnam,2012-06-20,2550.0,2500,2600
Machilipatnam,2012-06-22,2275.0,1900,2800
Machilipatnam,2012-06-23,2275.0,1900,2800
Machilipatnam,2012-06-24,2600.0,2500,2800
Machilipatnam,2012-06-26,2275.0,1900,2800
Machilipatnam,2012-06-27,2275.0,1900,2800
Machilipatnam,2012-06-28,2275.0,1900,2800
Machilipatnam,2012-06-29,2425.0,1900,3000
Machilipatnam,2012-06-30,2425.0,1900,3000
Machilipatnam,2012-07-01,2900.0,2800,3000
Machilipatnam,2012-07-02,2425.0,1900,3000
Machilipatnam,2012-07-03,2425.0,1900,3000
Machilipatnam,2012-07-04,2900.0,2800,3000
Machilipatnam,2012-07-07,2445.0,1920,3000
Machilipatnam,2012-07-08,2950.0,2900,3000
Machilipatnam,2012-07-09,2445.0,1920,3000
Machilipatnam,2012-07-10,2950.0,2900,3000
Machilipatnam,2012-07-11,2950.0,2900,3000
Machilipatnam,2012-07-12,1940.0,1920,2000
Machilipatnam,2012-07-13,2375.0,1900,2900
Machilipatnam,2012-07-14,2800.0,2800,2900
Machilipatnam,2012-07-15,2350.0,1900,2900
Machilipatnam,2012-07-16,2350.0,1900,2900
Machilipatnam,2012-07-18,1950.0,1900,2000
Machilipatnam,2012-07-19,2800.0,2800,2900
Machilipatnam,2012-07-20,2425.0,1900,3000
Machilipatnam,2012-07-21,2415.0,1900,3000
Machilipatnam,2012-07-23,1950.0,1900,2000
Machilipatnam,2012-07-24,2425.0,1900,3000
Machilipatnam,2012-07-25,2415.0,1900,3000
Machilipatnam,2012-07-26,2415.0,1900,3000
Machilipatnam,2012-07-28,2415.0,1900,3000
Machilipatnam,2012-07-30,2900.0,2800,3000
Machilipatnam,2012-08-01,2415.0,1900,3000
Machilipatnam,2012-08-02,2425.0,1900,3000
Machilipatnam,2012-08-04,2425.0,1900,3000
Machilipatnam,2012-08-05,2425.0,1900,3000
Machilipatnam,2012-08-06,1950.0,1900,2000
Machilipatnam,2012-08-07,2425.0,1900,3000
Machilipatnam,2012-08-08,2425.0,1800,3000
Machilipatnam,2012-08-09,1900.0,1800,2000
Machilipatnam,2012-08-10,2425.0,1800,3000
Machilipatnam,2012-08-11,2950.0,2900,3000
Machilipatnam,2012-08-12,2950.0,2900,3000
Machilipatnam,2012-08-13,2425.0,1800,3000
Machilipatnam,2012-08-15,2425.0,1800,3000
Machilipatnam,2012-08-16,2950.0,2900,3000
Machilipatnam,2012-08-17,2525.0,2000,3100
Machilipatnam,2012-08-18,2950.0,2900,3100
Machilipatnam,2012-08-19,2950.0,2900,3100
Machilipatnam,2012-08-20,2950.0,2900,3100
Machilipatnam,2012-08-21,2950.0,2900,3100
Machilipatnam,2012-08-22,2525.0,2000,3100
Machilipatnam,2012-08-23,2525.0,2000,3100
Machilipatnam,2012-08-24,2525.0,2000,3100
Machilipatnam,2012-08-28,2425.0,1950,3000
Machilipatnam,2012-08-30,2425.0,1900,3000
Machilipatnam,2012-08-31,2425.0,1900,3000
Machilipatnam,2012-09-01,2425.0,1900,3000
Machilipatnam,2012-09-03,2425.0,1900,3000
Machilipatnam,2012-09-05,1950.0,1900,2000
Machilipatnam,2012-09-08,2900.0,2800,3000
Machilipatnam,2012-09-09,2900.0,2800,3000
Machilipatnam,2012-09-10,2450.0,1900,3000
Machilipatnam,2012-09-12,2450.0,1900,3000
Machilipatnam,2012-09-13,2450.0,1900,3000
Machilipatnam,2012-09-14,2450.0,1900,3000
Machilipatnam,2012-09-15,1950.0,1900,2000
Machilipatnam,2012-09-16,2950.0,2900,3000
Machilipatnam,2012-09-17,2950.0,2900,3000
Machilipatnam,2012-09-18,2950.0,2900,3000
Machilipatnam,2012-09-19,2950.0,2900,3000
Machilipatnam,2012-09-20,2600.0,2200,3000
Machilipatnam,2012-09-21,2600.0,2200,3000
Machilipatnam,2012-09-22,2600.0,2200,3000
Machilipatnam,2012-09-24,2600.0,2200,3000
Machilipatnam,2012-09-25,2600.0,2200,3000
Machilipatnam,2012-09-26,2600.0,2200,3000
Machilipatnam,2012-09-27,2950.0,2900,3000
Machilipatnam,2012-09-29,2600.0,2200,3000
Machilipatnam,2012-10-01,2600.0,2100,3100
Machilipatnam,2012-10-02,2150.0,2100,2200
Machilipatnam,2012-10-03,2600.0,2100,3100
Machilipatnam,2012-10-04,3050.0,3000,3100
Machilipatnam,2012-10-05,2150.0,2100,2200
Machilipatnam,2012-10-06,3050.0,3000,3100
Machilipatnam,2012-10-08,3050.0,3000,3100
Machilipatnam,2012-10-09,2640.0,2150,3150
Machilipatnam,2012-10-10,2640.0,2150,3150
Machilipatnam,2012-10-12,2640.0,2150,3150
Machilipatnam,2012-10-14,3100.0,3050,3150
Machilipatnam,2012-10-15,2640.0,2150,3150
Machilipatnam,2012-10-16,3100.0,3050,3150
Machilipatnam,2012-10-17,3100.0,3050,3150
Machilipatnam,2012-10-19,3100.0,3000,3200
Machilipatnam,2012-10-20,2250.0,2200,2300
Machilipatnam,2012-10-21,3100.0,3000,3200
Machilipatnam,2012-10-22,2675.0,2200,3200
Machilipatnam,2012-10-23,2675.0,2200,3200
Machilipatnam,2012-10-26,2675.0,2200,3200
Machilipatnam,2012-10-27,3100.0,3000,3200
Machilipatnam,2012-10-28,3100.0,3000,3200
Machilipatnam,2012-10-29,2675.0,2200,3200
Machilipatnam,2012-10-30,2675.0,2200,3200
Machilipatnam,2012-10-31,2715.0,2250,3200
Machilipatnam,2012-11-01,2700.0,2200,3200
Machilipatnam,2012-11-02,3150.0,3100,3200
Machilipatnam,2012-11-03,2715.0,2250,3200
Machilipatnam,2012-11-05,2715.0,2250,3200
Machilipatnam,2012-11-06,2715.0,2250,3200
Machilipatnam,2012-11-07,3150.0,3100,3200
Machilipatnam,2012-11-08,3150.0,3100,3200
Machilipatnam,2012-11-09,2715.0,2250,3200
Machilipatnam,2012-11-10,2715.0,2250,3200
Machilipatnam,2012-11-11,3150.0,3100,3200
Machilipatnam,2012-11-12,2715.0,2250,3200
Machilipatnam,2012-11-13,3150.0,3100,3200
Machilipatnam,2012-11-14,2575.0,2100,3200
Machilipatnam,2012-11-16,2575.0,2100,3200
Machilipatnam,2012-11-17,2575.0,2100,3200
Machilipatnam,2012-11-18,3000.0,2900,3200
Machilipatnam,2012-11-20,3000.0,2900,3200
Machilipatnam,2012-11-22,2150.0,2100,2200
Machilipatnam,2012-11-24,3050.0,2900,3200
Machilipatnam,2012-11-25,3050.0,2900,3200
Machilipatnam,2012-11-26,2150.0,2100,2250
Machilipatnam,2012-11-27,3050.0,2900,3200
Machilipatnam,2012-11-29,3050.0,2900,3200
Machilipatnam,2012-11-30,2150.0,2100,2250
Machilipatnam,2012-12-01,2600.0,2100,3200
Machilipatnam,2012-12-02,3050.0,2900,3200
Machilipatnam,2012-12-03,2750.0,2200,3300
Machilipatnam,2012-12-04,2750.0,2200,3300
Machilipatnam,2012-12-05,2750.0,2200,3300
Machilipatnam,2012-12-06,2750.0,2200,3300
Machilipatnam,2012-12-07,2750.0,2200,3300
Machilipatnam,2012-12-09,3250.0,3200,3300
Machilipatnam,2012-12-10,2765.0,2200,3300
Machilipatnam,2012-12-11,2765.0,2200,3300
Machilipatnam,2012-12-12,2765.0,2200,3300
Machilipatnam,2012-12-14,3280.0,3230,3300
Machilipatnam,2012-12-15,2765.0,2200,3300
Machilipatnam,2012-12-19,3280.0,3230,3300
Machilipatnam,2012-12-21,3280.0,3230,3300
Machilipatnam,2012-12-22,3280.0,3230,3300
Machilipatnam,2012-12-23,3280.0,3230,3300
Machilipatnam,2012-12-24,2250.0,2200,2300
Machilipatnam,2012-12-25,3280.0,3230,3300
Machilipatnam,2012-12-26,2650.0,2000,3300
Machilipatnam,2012-12-27,2650.0,2000,3300
Machilipatnam,2012-12-28,3250.0,3200,3300
Machilipatnam,2012-12-29,2050.0,2000,2100
Machilipatnam,2012-12-31,2650.0,2000,3300
Machilipatnam,2013-01-01,3250.0,3200,3300
Machilipatnam,2013-01-02,2625.0,2100,3200
Machilipatnam,2013-01-04,2625.0,2100,3200
Machilipatnam,2013-01-06,3100.0,3000,3200
Machilipatnam,2013-01-07,2625.0,2100,3200
Machilipatnam,2013-01-08,2625.0,2100,3200
Machilipatnam,2013-01-09,2625.0,2100,3200
Machilipatnam,2013-01-10,2600.0,2100,3100
Machilipatnam,2013-01-11,2650.0,2000,3200
Machilipatnam,2013-01-15,2650.0,2000,3200
Machilipatnam,2013-01-16,2650.0,2000,3200
Machilipatnam,2013-01-18,2650.0,2000,3200
Machilipatnam,2013-01-19,2600.0,2000,3100
Machilipatnam,2013-01-20,3050.0,3000,3100
Machilipatnam,2013-01-21,2600.0,2000,3100
Machilipatnam,2013-01-22,2150.0,2000,2200
Machilipatnam,2013-01-23,2600.0,2000,3100
Machilipatnam,2013-01-27,3050.0,3000,3100
Machilipatnam,2013-01-28,2150.0,2000,2200
Machilipatnam,2013-01-29,2625.0,1800,3400
Machilipatnam,2013-01-30,2625.0,1800,3400
Machilipatnam,2013-02-01,1900.0,1800,2000
Machilipatnam,2013-02-02,3350.0,3300,3400
Machilipatnam,2013-02-05,2625.0,1800,3400
Machilipatnam,2013-02-06,2625.0,1800,3400
Machilipatnam,2013-02-07,2625.0,1800,3400
Machilipatnam,2013-02-08,2750.0,2400,3100
Machilipatnam,2013-02-09,2750.0,2400,3100
Machilipatnam,2013-02-10,3050.0,3000,3100
Machilipatnam,2013-02-11,2750.0,2400,3100
Machilipatnam,2013-02-13,2750.0,2400,3100
Machilipatnam,2013-02-14,2750.0,2400,3100
Machilipatnam,2013-02-15,2750.0,2400,3100
Machilipatnam,2013-02-17,2750.0,2400,3100
Machilipatnam,2013-02-18,1700.0,1330,2100
Machilipatnam,2013-02-19,3250.0,3200,3300
Machilipatnam,2013-02-20,2050.0,2000,2100
Machilipatnam,2013-02-22,3050.0,3000,3100
Machilipatnam,2013-02-26,2550.0,2000,3100
Machilipatnam,2013-02-27,2550.0,2000,3100
Machilipatnam,2013-03-01,2575.0,2000,3200
Machilipatnam,2013-03-02,2650.0,2000,3300
Machilipatnam,2013-03-04,2575.0,2000,3200
Machilipatnam,2013-03-05,2575.0,2000,3200
Machilipatnam,2013-03-07,2575.0,2000,3200
Machilipatnam,2013-03-08,2575.0,2000,3200
Machilipatnam,2013-03-09,3100.0,3050,3200
Machilipatnam,2013-03-10,2575.0,2000,3200
Machilipatnam,2013-03-11,2850.0,2000,4000
Machilipatnam,2013-03-12,2850.0,2000,4000
Machilipatnam,2013-03-13,3500.0,3000,4000
Machilipatnam,2013-03-15,2200.0,2000,2300
Machilipatnam,2013-03-16,3500.0,3000,4000
Machilipatnam,2013-03-18,2850.0,2000,4000
Machilipatnam,2013-03-22,3300.0,3000,3500
Machilipatnam,2013-03-23,2775.0,2200,3500
Machilipatnam,2013-03-24,3300.0,3000,3500
Machilipatnam,2013-03-25,2250.0,2200,2300
Machilipatnam,2013-03-28,2775.0,2200,3500
Machilipatnam,2013-03-29,3100.0,3000,3200
Machilipatnam,2013-03-30,2700.0,2200,3200
Machilipatnam,2013-03-31,3100.0,3000,3200
Machilipatnam,2013-04-01,2700.0,2200,3200
Machilipatnam,2013-04-02,3100.0,3000,3200
Machilipatnam,2013-04-03,3100.0,3000,3200
Machilipatnam,2013-04-04,2700.0,2200,3200
Machilipatnam,2013-04-06,2700.0,2200,3200
Machilipatnam,2013-04-08,3250.0,3200,3300
Machilipatnam,2013-04-09,2750.0,2200,3300
Machilipatnam,2013-04-10,2750.0,2200,3300
Machilipatnam,2013-04-11,3200.0,3100,3300
Machilipatnam,2013-04-12,2750.0,2200,3300
Machilipatnam,2013-04-13,2250.0,2200,2300
Machilipatnam,2013-04-15,2750.0,2200,3300
Machilipatnam,2013-04-16,2750.0,2200,3300
Machilipatnam,2013-04-17,3200.0,3100,3300
Machilipatnam,2013-04-22,2675.0,2100,3300
Machilipatnam,2013-04-23,2675.0,2100,3300
Machilipatnam,2013-04-24,2150.0,2100,2200
Machilipatnam,2013-04-25,3200.0,3100,3300
Machilipatnam,2013-04-26,2625.0,2100,3200
Machilipatnam,2013-04-27,2650.0,2000,3300
Machilipatnam,2013-04-29,2650.0,2000,3300
Machilipatnam,2013-04-30,2650.0,2000,3300
Machilipatnam,2013-05-01,2850.0,2000,4000
Machilipatnam,2013-05-02,2650.0,2000,3300
Machilipatnam,2013-05-03,2650.0,2000,3300
Machilipatnam,2013-05-04,2650.0,2000,3300
Machilipatnam,2013-05-06,3250.0,3200,3300
Machilipatnam,2013-05-07,2655.0,2000,3300
Machilipatnam,2013-05-08,2655.0,2000,3300
Machilipatnam,2013-05-09,2060.0,2000,2100
Machilipatnam,2013-05-10,3250.0,3200,3300
Machilipatnam,2013-05-11,3250.0,3200,3300
Machilipatnam,2013-05-12,3250.0,3200,3300
Machilipatnam,2013-05-13,3250.0,3200,3300
Machilipatnam,2013-05-14,2850.0,2200,3500
Machilipatnam,2013-05-15,2850.0,2200,3500
Machilipatnam,2013-05-16,2250.0,2200,2300
Machilipatnam,2013-05-18,2850.0,2200,3500
Machilipatnam,2013-05-20,2850.0,2200,3500
Machilipatnam,2013-06-01,3550.0,3500,3650
Machilipatnam,2013-06-04,2950.0,2200,3700
Machilipatnam,2013-06-05,2950.0,2200,3700
Machilipatnam,2013-06-06,2950.0,2200,3700
Machilipatnam,2013-06-07,3600.0,3500,3700
Machilipatnam,2013-06-08,2950.0,2200,3700
Machilipatnam,2013-06-09,2950.0,2200,3700
Machilipatnam,2013-06-10,3100.0,2400,3800
Machilipatnam,2013-06-11,3100.0,2400,3800
Machilipatnam,2013-06-12,3100.0,2400,3800
Machilipatnam,2013-06-13,3100.0,2400,3800
Machilipatnam,2013-06-14,3100.0,2400,3800
Machilipatnam,2013-06-15,3100.0,2400,3800
Machilipatnam,2013-06-16,3750.0,3700,3800
Machilipatnam,2013-06-17,2450.0,2400,2500
Machilipatnam,2013-06-18,3100.0,2400,3800
Machilipatnam,2013-06-19,3750.0,3700,3800
Machilipatnam,2013-06-20,3025.0,2200,4000
Machilipatnam,2013-06-21,3800.0,3500,4000
Machilipatnam,2013-06-22,3800.0,3500,4000
Machilipatnam,2013-06-23,3025.0,2200,4000
Machilipatnam,2013-06-25,3025.0,2200,4000
Machilipatnam,2013-06-26,3025.0,2200,4000
Machilipatnam,2013-06-27,3800.0,3500,4000
Machilipatnam,2013-06-28,3800.0,3500,4000
Machilipatnam,2013-06-29,2850.0,2200,3500
Machilipatnam,2013-06-30,2250.0,2200,2300
Machilipatnam,2013-07-01,3025.0,2200,4000
Machilipatnam,2013-07-03,3025.0,2200,4000
Machilipatnam,2013-07-04,3025.0,2200,4000
Machilipatnam,2013-07-05,3800.0,3500,4000
Machilipatnam,2013-07-06,3800.0,3500,4000
Machilipatnam,2013-07-07,3175.0,2400,4000
Machilipatnam,2013-07-09,2250.0,2200,2300
Machilipatnam,2013-07-10,3900.0,3800,4000
Machilipatnam,2013-07-11,3900.0,3800,4000
Machilipatnam,2013-07-12,2450.0,2400,2500
Machilipatnam,2013-07-13,2450.0,2400,2500
Machilipatnam,2013-07-14,2450.0,2400,2500
Machilipatnam,2013-07-15,3175.0,2400,4000
Machilipatnam,2013-07-16,3175.0,2400,4000
Machilipatnam,2013-07-17,3175.0,2400,4000
Machilipatnam,2013-07-18,3175.0,2400,4000
Machilipatnam,2013-07-19,3225.0,2500,4000
Machilipatnam,2013-07-20,3225.0,2500,4000
Machilipatnam,2013-07-21,3900.0,3800,4000
Machilipatnam,2013-07-22,3225.0,2500,4000
Machilipatnam,2013-07-23,3225.0,2500,4000
Machilipatnam,2013-07-24,3225.0,2500,4000
Machilipatnam,2013-07-26,3225.0,2500,4000
Machilipatnam,2013-07-27,3900.0,3800,4000
Machilipatnam,2013-07-28,3900.0,3800,4000
Machilipatnam,2013-07-29,3100.0,2200,4000
Machilipatnam,2013-07-30,3100.0,2200,4000
Machilipatnam,2013-07-31,2250.0,2200,2300
Machilipatnam,2013-08-01,3100.0,2200,4000
Machilipatnam,2013-08-02,3100.0,2200,4000
Machilipatnam,2013-08-03,3100.0,2200,4000
Machilipatnam,2013-08-04,2250.0,2200,2300
Machilipatnam,2013-08-05,1975.0,1600,2300
Machilipatnam,2013-08-06,3950.0,3900,4000
Machilipatnam,2013-08-08,3950.0,3900,4000
Machilipatnam,2013-08-09,3100.0,2200,4000
Machilipatnam,2013-08-10,3950.0,3900,4000
Machilipatnam,2013-08-11,3950.0,3900,4000
Machilipatnam,2013-08-12,3950.0,3900,4000
Machilipatnam,2013-08-13,3100.0,2200,4000
Machilipatnam,2013-08-14,3025.0,2100,4000
Machilipatnam,2013-08-16,2150.0,2100,2200
Machilipatnam,2013-08-17,2150.0,2100,2200
Machilipatnam,2013-08-18,3025.0,2100,4000
Machilipatnam,2013-08-19,3025.0,2100,4000
Machilipatnam,2013-08-20,3025.0,2100,4000
Machilipatnam,2013-08-21,2150.0,2100,2200
Machilipatnam,2013-08-22,3900.0,3800,4000
Machilipatnam,2013-08-23,3025.0,2100,4000
Machilipatnam,2013-08-24,3025.0,2100,4000
Machilipatnam,2013-08-25,3900.0,3800,4000
Machilipatnam,2013-08-28,3125.0,2400,4000
Machilipatnam,2013-08-29,3125.0,2400,4000
Machilipatnam,2013-08-31,3125.0,2400,4000
Machilipatnam,2013-09-01,3800.0,3600,4000
Machilipatnam,2013-09-02,3125.0,2400,4000
Machilipatnam,2013-09-03,3800.0,3600,4000
Machilipatnam,2013-09-05,3125.0,2400,4000
Machilipatnam,2013-09-06,3125.0,2400,4000
Machilipatnam,2013-09-07,3125.0,2400,4000
Machilipatnam,2013-09-08,3125.0,2400,4000
Machilipatnam,2013-09-09,3800.0,3600,4000
Machilipatnam,2013-09-16,3850.0,3700,4000
Machilipatnam,2013-09-17,3100.0,2200,4000
Machilipatnam,2013-09-18,3950.0,3900,4000
Machilipatnam,2013-09-19,3100.0,2200,4000
Machilipatnam,2013-09-20,3100.0,2200,4000
Machilipatnam,2013-09-21,3100.0,2200,4000
Machilipatnam,2013-09-22,3100.0,2200,4000
Machilipatnam,2013-09-23,3100.0,2200,4000
Machilipatnam,2013-09-24,3100.0,2200,4000
Machilipatnam,2013-10-30,2975.0,2200,3800
Machilipatnam,2013-11-03,3700.0,3600,3800
Machilipatnam,2013-11-04,2250.0,2200,2300
Machilipatnam,2013-11-05,2925.0,2200,3700
Machilipatnam,2013-11-06,2975.0,2200,3800
Machilipatnam,2013-11-07,2975.0,2200,3800
Machilipatnam,2013-11-11,2250.0,2200,2300
Machilipatnam,2013-11-12,2100.0,2000,2200
Machilipatnam,2013-11-13,3000.0,2000,4000
Machilipatnam,2013-11-14,3000.0,2000,4000
Machilipatnam,2013-11-15,3900.0,3800,4000
Machilipatnam,2013-11-16,3000.0,2000,4000
Machilipatnam,2013-11-17,3900.0,3800,4000
Machilipatnam,2013-11-18,3000.0,2000,4000
Machilipatnam,2013-11-19,3900.0,3800,4000
Machilipatnam,2013-11-20,3800.0,3500,4000
Machilipatnam,2013-11-21,3800.0,3500,4000
Machilipatnam,2013-11-22,3175.0,2500,4000
Machilipatnam,2013-11-25,2550.0,2500,2600
Machilipatnam,2013-11-26,3175.0,2500,4000
Machilipatnam,2013-11-27,3175.0,2500,4000
Machilipatnam,2013-11-29,3225.0,2500,4000
Machilipatnam,2013-12-02,2550.0,2500,2600
Machilipatnam,2013-12-03,3225.0,2500,4000
Machilipatnam,2013-12-04,3225.0,2500,4000
Machilipatnam,2013-12-06,3225.0,2500,4000
Machilipatnam,2013-12-07,2550.0,2500,2600
Machilipatnam,2013-12-08,4100.0,4000,4200
Machilipatnam,2013-12-09,3325.0,2500,4200
Machilipatnam,2013-12-10,3325.0,2500,4200
Machilipatnam,2013-12-11,4100.0,4000,4200
Machilipatnam,2013-12-12,3325.0,2500,4200
Machilipatnam,2013-12-13,4100.0,4000,4200
Machilipatnam,2013-12-16,3325.0,2500,4200
Machilipatnam,2013-12-17,3100.0,3000,3200
Machilipatnam,2013-12-19,2675.0,2200,3200
Machilipatnam,2013-12-20,2675.0,2200,3200
Machilipatnam,2013-12-21,2675.0,2200,3200
Machilipatnam,2013-12-22,3100.0,3000,3200
Machilipatnam,2013-12-23,3100.0,3000,3200
Machilipatnam,2013-12-27,3025.0,2200,4000
Machilipatnam,2013-12-28,3025.0,2200,4000
Machilipatnam,2013-12-30,3800.0,3500,4000
Machilipatnam,2013-12-31,3025.0,2200,4000
Machilipatnam,2014-01-01,3800.0,3500,4000
Machilipatnam,2014-01-02,3800.0,3500,4000
Machilipatnam,2014-01-03,3025.0,2200,4000
Machilipatnam,2014-01-04,3800.0,3500,4000
Machilipatnam,2014-01-05,3800.0,3500,4000
Machilipatnam,2014-01-07,3900.0,3800,4000
Machilipatnam,2014-01-08,3225.0,2500,4000
Machilipatnam,2014-01-09,3225.0,2500,4000
Machilipatnam,2014-01-10,3000.0,2500,4000
Machilipatnam,2014-01-11,3900.0,3800,4000
Machilipatnam,2014-01-12,3900.0,3800,4000
Machilipatnam,2014-01-13,3900.0,3800,4000
Machilipatnam,2014-01-15,3225.0,2500,4000
Machilipatnam,2014-01-16,3175.0,2500,4000
Machilipatnam,2014-01-17,3175.0,2500,4000
Machilipatnam,2014-01-18,3175.0,2500,4000
Machilipatnam,2014-01-19,3800.0,3600,4000
Machilipatnam,2014-01-20,3175.0,2500,4000
Machilipatnam,2014-01-21,3175.0,2500,4000
Machilipatnam,2014-01-22,3175.0,2500,4000
Machilipatnam,2014-01-23,3175.0,2500,4000
Machilipatnam,2014-01-24,3030.0,2100,4000
Machilipatnam,2014-01-25,3900.0,3800,4000
Machilipatnam,2014-01-26,3900.0,3800,4000
Machilipatnam,2014-01-27,3000.0,2000,4000
Machilipatnam,2014-01-28,3000.0,2000,4000
Machilipatnam,2014-01-29,3000.0,2000,4000
Machilipatnam,2014-01-30,2700.0,2000,4000
Machilipatnam,2014-01-31,3000.0,2000,4000
Machilipatnam,2014-02-01,3000.0,2000,4000
Machilipatnam,2014-02-02,3900.0,3800,4000
Machilipatnam,2014-02-03,2950.0,2000,4000
Machilipatnam,2014-02-04,4150.0,4100,4200
Machilipatnam,2014-02-05,2950.0,2000,4000
Machilipatnam,2014-02-07,2950.0,2000,4000
Machilipatnam,2014-02-09,2950.0,2000,4000
Machilipatnam,2014-02-10,2666.6666666666665,2000,4000
Machilipatnam,2014-02-11,2950.0,2000,4000
Machilipatnam,2014-02-12,4150.0,4100,4200
Machilipatnam,2014-02-13,3125.0,2000,4200
Machilipatnam,2014-02-14,3125.0,2000,4200
Machilipatnam,2014-02-15,3125.0,2000,4200
Machilipatnam,2014-02-16,4150.0,4100,4200
Machilipatnam,2014-02-17,3125.0,2000,4200
Machilipatnam,2014-02-18,3125.0,2000,4200
Machilipatnam,2014-02-19,2783.3333333333335,2000,4200
Machilipatnam,2014-02-20,2783.3333333333335,2000,4200
Machilipatnam,2014-02-21,4150.0,4100,4200
Machilipatnam,2014-02-22,3125.0,2000,4200
Machilipatnam,2014-02-23,4100.0,4000,4200
Machilipatnam,2014-02-24,3175.0,2200,4200
Machilipatnam,2014-02-25,3175.0,2200,4200
Machilipatnam,2014-02-26,2100.0,2000,2200
Machilipatnam,2014-02-28,3175.0,2200,4200
Machilipatnam,2014-03-01,3175.0,2200,4200
Machilipatnam,2014-03-02,3175.0,2200,4200
Machilipatnam,2014-03-03,4100.0,4000,4200
Machilipatnam,2014-03-04,4100.0,4000,4200
Machilipatnam,2014-03-05,3150.0,2100,4200
Machilipatnam,2014-03-06,3150.0,2100,4200
Machilipatnam,2014-03-07,3150.0,2100,4200
Machilipatnam,2014-03-08,4150.0,4100,4200
Machilipatnam,2014-03-09,4150.0,4100,4200
Machilipatnam,2014-03-10,2816.6666666666665,2100,4200
Machilipatnam,2014-03-11,4150.0,4100,4200
Machilipatnam,2014-03-12,4150.0,4100,4200
Machilipatnam,2014-03-13,3150.0,2100,4200
Machilipatnam,2014-03-14,3075.0,2100,4000
Machilipatnam,2014-03-15,3366.6666666666665,2100,4000
Machilipatnam,2014-03-16,3950.0,3900,4000
Machilipatnam,2014-03-17,3950.0,3900,4000
Machilipatnam,2014-03-18,3075.0,2100,4000
Machilipatnam,2014-03-19,3950.0,3900,4000
Machilipatnam,2014-03-20,3950.0,3900,4000
Machilipatnam,2014-03-22,3950.0,3900,4000
Machilipatnam,2014-03-25,3950.0,3900,4000
Machilipatnam,2014-03-26,3950.0,3900,4000
Machilipatnam,2014-03-27,3900.0,3800,4000
Machilipatnam,2014-03-28,3025.0,2100,4000
Machilipatnam,2014-03-29,3316.6666666666665,2100,4000
Machilipatnam,2014-04-01,3900.0,3800,4000
Machilipatnam,2014-04-02,3900.0,3800,4000
Machilipatnam,2014-04-03,3316.6666666666665,2100,4000
Machilipatnam,2014-04-04,3900.0,3800,4000
Machilipatnam,2014-04-05,3900.0,3800,4000
Machilipatnam,2014-04-07,3025.0,2100,4000
Machilipatnam,2014-04-08,3900.0,3800,4000
Machilipatnam,2014-04-09,2775.0,2200,3500
Machilipatnam,2014-04-10,2250.0,2200,2300
Machilipatnam,2014-04-11,2250.0,2200,2300
Machilipatnam,2014-04-12,3300.0,3100,3500
Machilipatnam,2014-04-13,3300.0,3000,3500
Machilipatnam,2014-04-14,3300.0,3000,3500
Machilipatnam,2014-04-15,2250.0,2200,2300
Machilipatnam,2014-04-16,3300.0,3000,3500
Machilipatnam,2014-04-17,3300.0,3000,3500
Machilipatnam,2014-04-18,3300.0,3000,3500
Machilipatnam,2014-04-19,3300.0,3000,3500
Machilipatnam,2014-04-21,3200.0,3100,3400
Machilipatnam,2014-04-22,3300.0,3000,3500
Machilipatnam,2014-04-23,3300.0,3000,3500
Machilipatnam,2014-04-24,3300.0,3000,3500
Machilipatnam,2014-04-25,3300.0,3000,3500
Machilipatnam,2014-04-26,3300.0,3000,3500
Machilipatnam,2014-04-27,3300.0,3000,3500
Machilipatnam,2014-04-28,3100.0,3000,3200
Machilipatnam,2014-04-29,3100.0,3000,3200
Machilipatnam,2014-04-30,2850.0,2300,3200
Machilipatnam,2014-05-01,2725.0,2300,3200
Machilipatnam,2014-05-02,2350.0,2300,2400
Machilipatnam,2014-05-03,2725.0,2300,3200
Machilipatnam,2014-05-04,3100.0,3000,3200
Machilipatnam,2014-05-05,2600.0,2300,3200
Machilipatnam,2014-05-06,2725.0,2300,3200
Machilipatnam,2014-05-08,2725.0,2300,3200
Machilipatnam,2014-05-12,3300.0,3000,3500
Machilipatnam,2014-05-13,2775.0,2200,3500
Machilipatnam,2014-05-14,2250.0,2200,2300
Machilipatnam,2014-05-17,2633.3333333333335,2000,4000
Machilipatnam,2014-05-19,2600.0,2200,3500
Machilipatnam,2014-05-20,2775.0,2200,3500
Machilipatnam,2014-05-21,3300.0,3000,3500
Machilipatnam,2014-05-22,2950.0,2200,3500
Machilipatnam,2014-05-23,2933.3333333333335,2100,3500
Machilipatnam,2014-05-24,2750.0,2100,3500
Machilipatnam,2014-05-26,2750.0,2100,3500
Machilipatnam,2014-05-27,2566.6666666666665,2100,3500
Machilipatnam,2014-05-28,2750.0,2100,3500
Machilipatnam,2014-05-29,2566.6666666666665,2100,3500
Machilipatnam,2014-06-06,3300.0,3200,3500
Machilipatnam,2014-06-07,2800.0,2200,3500
Machilipatnam,2014-06-10,2750.0,2100,3500
Machilipatnam,2014-06-12,3500.0,3400,3600
Machilipatnam,2014-06-13,3100.0,2200,3600
Machilipatnam,2014-06-14,3450.0,3400,3500
Machilipatnam,2014-06-15,3500.0,3400,3600
Machilipatnam,2014-06-16,2300.0,2200,2400
Machilipatnam,2014-06-17,2350.0,2300,2400
Machilipatnam,2014-06-18,2350.0,2300,2400
Machilipatnam,2014-06-19,3083.3333333333335,2300,3500
Machilipatnam,2014-06-20,2716.6666666666665,2300,3500
Machilipatnam,2014-06-21,2716.6666666666665,2300,3500
Machilipatnam,2014-06-22,3450.0,3400,3500
Machilipatnam,2014-06-23,3083.3333333333335,2300,3500
Machilipatnam,2014-06-24,2666.6666666666665,2200,3600
Machilipatnam,2014-06-25,2875.0,2200,3600
Machilipatnam,2014-06-26,3500.0,3400,3600
Machilipatnam,2014-06-27,3083.3333333333335,2200,3600
Machilipatnam,2014-06-28,3083.3333333333335,2200,3600
Machilipatnam,2014-06-29,3500.0,3400,3600
Machilipatnam,2014-06-30,2875.0,2200,3600
Machilipatnam,2014-07-01,2875.0,2200,3600
Machilipatnam,2014-07-02,2666.6666666666665,2200,3600
Machilipatnam,2014-07-03,3500.0,3400,3600
Machilipatnam,2014-07-04,2666.6666666666665,2200,3600
Machilipatnam,2014-07-05,2280.0,2250,2300
Machilipatnam,2014-07-06,3550.0,3500,3600
Machilipatnam,2014-07-07,3550.0,3500,3600
Machilipatnam,2014-07-08,3550.0,3500,3600
Machilipatnam,2014-07-09,2900.0,2200,3600
Machilipatnam,2014-07-10,3550.0,3500,3600
Machilipatnam,2014-07-11,3550.0,3500,3600
Machilipatnam,2014-07-12,3550.0,3500,3600
Machilipatnam,2014-07-14,2250.0,2200,2300
Machilipatnam,2014-07-15,3550.0,3500,3600
Machilipatnam,2014-07-17,2900.0,2200,3600
Machilipatnam,2014-07-18,2250.0,2200,2300
Machilipatnam,2014-07-19,3570.0,3500,3600
Machilipatnam,2014-07-20,3570.0,3500,3600
Machilipatnam,2014-07-21,2910.0,2200,3600
Machilipatnam,2014-07-22,2910.0,2200,3600
Machilipatnam,2014-07-23,2910.0,2200,3600
Machilipatnam,2014-07-24,3450.0,3400,3500
Machilipatnam,2014-07-25,2900.0,2300,3500
Machilipatnam,2014-07-26,3450.0,3400,3500
Machilipatnam,2014-07-27,3450.0,3400,3500
Machilipatnam,2014-07-28,3450.0,3400,3500
Machilipatnam,2014-07-30,3450.0,3400,3500
Machilipatnam,2014-07-31,2900.0,2300,3500
Machilipatnam,2014-08-01,2350.0,2300,2400
Machilipatnam,2014-08-02,2900.0,2300,3500
Machilipatnam,2014-08-05,3000.0,2700,3600
Machilipatnam,2014-08-06,3500.0,3400,3600
Machilipatnam,2014-08-07,3500.0,3400,3600
Machilipatnam,2014-08-08,3000.0,2700,3600
Machilipatnam,2014-08-09,3125.0,2700,3600
Machilipatnam,2014-08-10,3500.0,3400,3600
Machilipatnam,2014-08-11,3250.0,2700,3600
Machilipatnam,2014-08-12,2750.0,2700,2800
Machilipatnam,2014-08-13,3500.0,3400,3600
Machilipatnam,2014-08-14,3500.0,3400,3600
Machilipatnam,2014-08-15,3500.0,3400,3600
Machilipatnam,2014-08-16,3250.0,2700,3600
Machilipatnam,2014-08-17,3125.0,2700,3600
Machilipatnam,2014-08-18,3550.0,3500,3600
Machilipatnam,2014-08-19,3550.0,3500,3600
Machilipatnam,2014-08-20,2850.0,2100,3600
Machilipatnam,2014-08-21,2150.0,2100,2200
Machilipatnam,2014-08-22,3083.3333333333335,2100,3600
Machilipatnam,2014-08-23,2850.0,2100,3600
Machilipatnam,2014-08-25,2850.0,2100,3600
Machilipatnam,2014-08-26,2616.6666666666665,2100,3600
Machilipatnam,2014-08-27,3550.0,3500,3600
Machilipatnam,2014-08-30,2150.0,2100,2200
Machilipatnam,2014-08-31,2850.0,2100,3600
Machilipatnam,2014-09-02,2850.0,2100,3600
Machilipatnam,2014-09-04,3083.3333333333335,2100,3600
Machilipatnam,2014-09-05,2890.0,2200,3600
Machilipatnam,2014-09-06,2890.0,2200,3600
Machilipatnam,2014-09-07,2230.0,2200,2250
Machilipatnam,2014-09-09,2230.0,2200,2250
Machilipatnam,2014-09-12,3550.0,3500,3600
Machilipatnam,2014-09-15,2890.0,2200,3600
Machilipatnam,2014-09-16,2825.0,2100,3600
Machilipatnam,2014-09-17,2825.0,2100,3600
Machilipatnam,2014-09-18,2600.0,2100,3600
Machilipatnam,2014-09-19,3050.0,2100,3600
Machilipatnam,2014-09-20,3500.0,3400,3600
Machilipatnam,2014-09-21,3500.0,3400,3600
Machilipatnam,2014-09-22,3050.0,2100,3600
Machilipatnam,2014-09-25,2150.0,2000,2200
Machilipatnam,2014-09-26,3050.0,2100,3600
Machilipatnam,2014-09-27,2835.0,2100,3600
Machilipatnam,2014-09-28,2835.0,2100,3600
Machilipatnam,2014-09-29,2613.3333333333335,2100,3600
Machilipatnam,2014-10-01,3500.0,3420,3600
Machilipatnam,2014-10-02,3500.0,3420,3600
Machilipatnam,2014-10-03,3500.0,3420,3600
Machilipatnam,2014-10-04,3500.0,3420,3600
Machilipatnam,2014-10-05,2613.3333333333335,2100,3600
Machilipatnam,2014-10-06,3800.0,3500,4000
Machilipatnam,2014-10-07,3075.0,2300,4000
Machilipatnam,2014-10-08,3800.0,3500,4000
Machilipatnam,2014-10-09,3800.0,3500,4000
Machilipatnam,2014-10-10,3800.0,3500,4000
Machilipatnam,2014-10-11,2833.3333333333335,2300,4000
Machilipatnam,2014-10-13,2350.0,2300,2400
Machilipatnam,2014-10-14,3075.0,2300,4000
Machilipatnam,2014-10-16,3075.0,2300,4000
Machilipatnam,2014-10-18,3316.6666666666665,2300,4000
Machilipatnam,2014-10-20,2666.6666666666665,2200,3600
Machilipatnam,2014-10-21,2875.0,2200,3600
Machilipatnam,2014-10-22,3500.0,3400,3600
Machilipatnam,2014-10-23,2666.6666666666665,2200,3600
Machilipatnam,2014-10-24,2875.0,2200,3600
Machilipatnam,2014-10-25,3083.3333333333335,2200,3600
Machilipatnam,2014-10-27,2875.0,2200,3600
Machilipatnam,2014-10-28,3500.0,3400,3600
Machilipatnam,2014-10-29,3550.0,3500,3600
Machilipatnam,2014-10-30,3550.0,3500,3600
Machilipatnam,2014-10-31,2900.0,2200,3600
Machilipatnam,2014-11-01,2250.0,2200,2300
Machilipatnam,2014-11-02,3550.0,3500,3600
Machilipatnam,2014-11-03,2900.0,2200,3600
Machilipatnam,2014-11-04,3550.0,3500,3600
Machilipatnam,2014-11-05,2250.0,2200,2300
Machilipatnam,2014-11-07,2900.0,2200,3600
Machilipatnam,2014-11-08,2270.0,2200,2300
Machilipatnam,2014-11-09,3560.0,3530,3620
Machilipatnam,2014-11-10,2915.0,2200,3620
Machilipatnam,2014-11-12,2250.0,2200,2300
Machilipatnam,2014-11-14,2250.0,2200,2300
Machilipatnam,2014-11-16,3550.0,3500,3600
Machilipatnam,2014-11-18,2900.0,2200,3600
Machilipatnam,2014-11-20,3550.0,3500,3600
Machilipatnam,2014-11-21,3550.0,3500,3600
Machilipatnam,2014-11-22,2250.0,2200,2300
Machilipatnam,2014-11-23,3450.0,3400,3500
Machilipatnam,2014-11-24,3550.0,3500,3600
Machilipatnam,2014-11-25,3116.6666666666665,2200,3600
Machilipatnam,2014-11-26,2250.0,2200,2300
Machilipatnam,2014-11-27,2250.0,2200,2300
Machilipatnam,2014-11-28,2850.0,2200,3500
Machilipatnam,2014-11-29,2850.0,2200,3500
Machilipatnam,2014-11-30,2850.0,2200,3500
Machilipatnam,2014-12-01,3450.0,3400,3500
Machilipatnam,2014-12-02,2250.0,2200,2300
Machilipatnam,2014-12-03,2735.0,2100,3400
Machilipatnam,2014-12-04,3350.0,3300,3400
Machilipatnam,2014-12-06,3350.0,3300,3400
Machilipatnam,2014-12-07,3550.0,3500,3600
Machilipatnam,2014-12-08,2683.3333333333335,2200,3600
Machilipatnam,2014-12-09,2740.0,2100,3400
Machilipatnam,2014-12-10,3350.0,3300,3400
Machilipatnam,2014-12-11,3350.0,3300,3400
Machilipatnam,2014-12-13,2735.0,2090,3400
Machilipatnam,2014-12-14,3350.0,3320,3400
Machilipatnam,2014-12-15,2735.0,2090,3400
Machilipatnam,2014-12-17,2120.0,2090,2150
Machilipatnam,2014-12-18,2100.0,2000,2200
Machilipatnam,2014-12-19,2825.0,2000,3600
Machilipatnam,2014-12-21,3550.0,3500,3600
Machilipatnam,2014-12-22,2100.0,2000,2200
Machilipatnam,2014-12-23,2100.0,2000,2200
Machilipatnam,2014-12-29,2650.0,2200,3100
Machilipatnam,2014-12-30,3050.0,3000,3100
Machilipatnam,2014-12-31,3050.0,3000,3100
Machilipatnam,2015-01-01,2650.0,2200,3100
Machilipatnam,2015-01-02,3050.0,3000,3100
Machilipatnam,2015-01-04,3050.0,3000,3100
Machilipatnam,2015-01-05,2650.0,2200,3100
Machilipatnam,2015-01-06,3050.0,3000,3100
Machilipatnam,2015-01-07,2650.0,2200,3100
Machilipatnam,2015-01-09,3425.0,3300,3500
Machilipatnam,2015-01-11,3400.0,3300,3500
Machilipatnam,2015-01-13,3425.0,3300,3500
Machilipatnam,2015-01-14,3400.0,3300,3500
Machilipatnam,2015-01-16,3400.0,3300,3500
Machilipatnam,2015-01-17,3450.0,3400,3500
Machilipatnam,2015-01-18,3400.0,3300,3500
Machilipatnam,2015-01-19,2850.0,2300,3500
Machilipatnam,2015-01-20,2850.0,2300,3500
Machilipatnam,2015-01-21,2850.0,2300,3500
Machilipatnam,2015-01-23,2850.0,2300,3500
Machilipatnam,2015-01-24,2400.0,2300,2500
Machilipatnam,2015-01-25,3300.0,3000,3500
Machilipatnam,2015-01-26,3300.0,3000,3500
Machilipatnam,2015-01-27,3300.0,3000,3500
Machilipatnam,2015-01-29,2850.0,2300,3500
Machilipatnam,2015-01-30,2400.0,2300,2500
Machilipatnam,2015-01-31,2400.0,2300,2500
Machilipatnam,2015-02-01,3300.0,3000,3500
Machilipatnam,2015-02-02,3300.0,3000,3500
Machilipatnam,2015-02-03,3300.0,3000,3500
Machilipatnam,2015-02-04,2850.0,2300,3500
Machilipatnam,2015-02-06,3300.0,3000,3500
Machilipatnam,2015-02-07,2400.0,2300,2500
Machilipatnam,2015-02-09,2800.0,2300,3400
Machilipatnam,2015-02-10,2800.0,2300,3400
Machilipatnam,2015-02-11,3200.0,3000,3400
Machilipatnam,2015-02-12,2800.0,2300,3400
Machilipatnam,2015-02-13,3200.0,3000,3400
Machilipatnam,2015-02-14,3200.0,3000,3400
Machilipatnam,2015-02-15,3200.0,3000,3400
Machilipatnam,2015-02-16,2800.0,2300,3400
Machilipatnam,2015-02-17,2950.0,2400,3500
Machilipatnam,2015-02-18,2950.0,2400,3500
Machilipatnam,2015-02-19,2950.0,2400,3500
Machilipatnam,2015-02-21,2550.0,2500,2650
Machilipatnam,2015-02-22,3400.0,3300,3500
Machilipatnam,2015-02-23,3400.0,3300,3500
Machilipatnam,2015-02-24,2950.0,2400,3500
Machilipatnam,2015-02-25,2500.0,2400,2600
Machilipatnam,2015-02-26,2950.0,2400,3500
Machilipatnam,2015-03-02,2250.0,2200,2300
Machilipatnam,2015-03-03,2950.0,2400,3500
Machilipatnam,2015-03-04,3700.0,3600,3800
Machilipatnam,2015-03-08,3700.0,3600,3800
Machilipatnam,2015-03-09,2975.0,2200,3800
Machilipatnam,2015-03-10,3700.0,3600,3800
Machilipatnam,2015-03-11,2975.0,2200,3800
Machilipatnam,2015-03-12,2995.0,2220,3800
Machilipatnam,2015-03-14,2240.0,2220,2300
Machilipatnam,2015-03-15,2995.0,2220,3800
Machilipatnam,2015-03-16,2240.0,2220,2300
Machilipatnam,2015-03-17,2240.0,2220,2300
Machilipatnam,2015-03-18,2995.0,2220,3800
Machilipatnam,2015-03-19,2995.0,2220,3800
Machilipatnam,2015-03-22,2240.0,2220,2300
Machilipatnam,2015-03-23,2995.0,2220,3800
Machilipatnam,2015-03-24,2240.0,2220,2300
Machilipatnam,2015-03-25,3025.0,2200,4000
Machilipatnam,2015-03-26,2250.0,2200,2300
Machilipatnam,2015-03-27,3025.0,2200,4000
Machilipatnam,2015-03-30,3025.0,2200,4000
Machilipatnam,2015-04-01,3800.0,3600,4000
Machilipatnam,2015-04-02,3025.0,2200,4000
Machilipatnam,2015-04-03,3025.0,2200,4000
Machilipatnam,2015-04-04,3025.0,2200,4000
Machilipatnam,2015-04-09,3050.0,2250,4000
Machilipatnam,2015-04-11,3800.0,3600,4000
Machilipatnam,2015-04-12,3800.0,3600,4000
Machilipatnam,2015-04-13,3800.0,3600,4000
Machilipatnam,2015-04-14,3050.0,2250,4000
Machilipatnam,2015-04-15,3050.0,2250,4000
Machilipatnam,2015-04-16,3050.0,2250,4000
Machilipatnam,2015-04-17,2950.0,2300,3600
Machilipatnam,2015-04-18,2950.0,2300,3600
Machilipatnam,2015-04-19,2950.0,2300,3600
Machilipatnam,2015-04-20,3550.0,3500,3600
Machilipatnam,2015-04-21,3550.0,3500,3600
Machilipatnam,2015-04-22,2950.0,2300,3600
Machilipatnam,2015-04-23,2350.0,2300,2400
Machilipatnam,2015-04-24,2950.0,2300,3600
Machilipatnam,2015-04-25,3075.0,2400,3800
Machilipatnam,2015-04-27,3075.0,2400,3800
Machilipatnam,2015-04-29,2450.0,2400,2500
Machilipatnam,2015-04-30,2450.0,2400,2500
Machilipatnam,2015-05-05,2575.0,2200,3000
Machilipatnam,2015-05-06,2575.0,2200,3000
Machilipatnam,2015-05-07,2575.0,2200,3000
Machilipatnam,2015-05-08,2575.0,2200,3000
Machilipatnam,2015-05-10,2900.0,2800,3000
Machilipatnam,2015-05-11,2900.0,2800,3000
Machilipatnam,2015-05-12,2900.0,2800,3000
Machilipatnam,2015-05-14,2625.0,2100,3200
Machilipatnam,2015-05-15,3100.0,3000,3200
Machilipatnam,2015-05-16,2625.0,2100,3200
Machilipatnam,2015-05-17,3100.0,3000,3200
Machilipatnam,2015-05-18,2150.0,2100,2200
Machilipatnam,2015-05-19,2625.0,2100,3200
Machilipatnam,2015-05-20,2150.0,2100,2200
Machilipatnam,2015-05-21,2625.0,2100,3200
Machilipatnam,2015-05-22,2625.0,2100,3200
Machilipatnam,2015-05-24,3100.0,3000,3200
Machilipatnam,2015-05-25,5300.0,3000,8000
Machilipatnam,2015-05-28,2525.0,2100,3000
Machilipatnam,2015-05-29,2900.0,2800,3000
Machilipatnam,2015-05-30,2150.0,2100,2200
Machilipatnam,2015-06-02,2525.0,2100,3000
Machilipatnam,2015-06-03,2150.0,2100,2200
Machilipatnam,2015-06-04,2150.0,2100,2200
Machilipatnam,2015-06-05,2150.0,2100,2200
Machilipatnam,2015-06-06,2150.0,2100,2200
Machilipatnam,2015-06-07,2525.0,2100,3000
Machilipatnam,2015-06-08,2150.0,2100,2200
Machilipatnam,2015-06-09,3100.0,3000,3200
Machilipatnam,2015-06-10,2675.0,2200,3200
Machilipatnam,2015-06-11,2250.0,2200,2300
Machilipatnam,2015-06-13,2675.0,2200,3200
Machilipatnam,2015-06-15,2675.0,2200,3200
Machilipatnam,2015-06-16,3100.0,3000,3200
Machilipatnam,2015-06-17,2250.0,2200,2300
Machilipatnam,2015-06-18,3100.0,3000,3200
Machilipatnam,2015-06-19,3100.0,3000,3200
Machilipatnam,2015-06-20,3100.0,3000,3200
Machilipatnam,2015-06-22,2800.0,2300,3300
Machilipatnam,2015-06-23,3250.0,3200,3300
Machilipatnam,2015-06-24,2800.0,2300,3300
Machilipatnam,2015-06-25,2350.0,2300,2400
Machilipatnam,2015-06-26,2800.0,2300,3300
Machilipatnam,2015-06-27,2800.0,2300,3300
Machilipatnam,2015-06-29,2800.0,2300,3300
Machilipatnam,2015-06-30,2800.0,2300,3300
Machilipatnam,2015-07-01,2800.0,2300,3300
Machilipatnam,2015-07-02,2800.0,2300,3300
Machilipatnam,2015-07-03,3175.0,2600,3800
Machilipatnam,2015-07-05,3700.0,3600,3800
Machilipatnam,2015-07-06,3175.0,2600,3800
Machilipatnam,2015-07-07,3700.0,3600,3800
Machilipatnam,2015-07-08,3700.0,3600,3800
Machilipatnam,2015-07-11,3700.0,3600,3800
Machilipatnam,2015-07-13,3550.0,3500,3600
Machilipatnam,2015-07-14,3175.0,2600,3800
Machilipatnam,2015-07-15,2900.0,2200,3600
Machilipatnam,2015-07-16,2900.0,2200,3600
Machilipatnam,2015-07-19,3550.0,3500,3600
Machilipatnam,2015-07-20,2250.0,2220,2300
Machilipatnam,2015-07-21,2775.0,2200,3400
Machilipatnam,2015-07-24,2775.0,2200,3400
Machilipatnam,2015-07-25,3300.0,3200,3400
Machilipatnam,2015-07-26,2250.0,2200,2300
Machilipatnam,2015-07-27,2250.0,2200,2300
Machilipatnam,2015-07-28,2775.0,2200,3400
Machilipatnam,2015-07-29,2775.0,2200,3400
Machilipatnam,2015-07-30,2775.0,2200,3400
Machilipatnam,2015-07-31,2810.0,2200,3400
Machilipatnam,2015-08-01,2750.0,2000,3500
Machilipatnam,2015-08-02,3450.0,3400,3500
Machilipatnam,2015-08-03,3450.0,3400,3500
Machilipatnam,2015-08-04,2750.0,2000,3500
Machilipatnam,2015-08-05,2750.0,2000,3500
Machilipatnam,2015-08-06,2750.0,2000,3500
Machilipatnam,2015-08-07,2750.0,2000,3500
Machilipatnam,2015-08-08,3250.0,3200,3300
Machilipatnam,2015-08-09,3250.0,3200,3300
Machilipatnam,2015-08-10,2650.0,2000,3300
Machilipatnam,2015-08-11,3250.0,3200,3300
Machilipatnam,2015-08-12,2650.0,2000,3300
Machilipatnam,2015-08-13,2650.0,2000,3300
Machilipatnam,2015-08-15,3250.0,3200,3300
Machilipatnam,2015-08-16,3250.0,3200,3300
Machilipatnam,2015-08-17,2650.0,2000,3300
Machilipatnam,2015-08-18,3250.0,3200,3300
Machilipatnam,2015-08-19,2650.0,2000,3300
Machilipatnam,2015-08-20,3250.0,3200,3300
Machilipatnam,2015-08-21,2600.0,1950,3300
Machilipatnam,2015-08-22,2850.0,2300,3400
Machilipatnam,2015-08-23,2850.0,2300,3400
Machilipatnam,2015-08-24,2850.0,2300,3400
Machilipatnam,2015-08-25,2850.0,2300,3400
Machilipatnam,2015-08-26,2850.0,2300,3400
Machilipatnam,2015-08-27,2850.0,2300,3400
Machilipatnam,2015-08-28,2850.0,2300,3400
Machilipatnam,2015-08-29,2850.0,2300,3400
Machilipatnam,2015-08-30,3350.0,3300,3400
Machilipatnam,2015-08-31,2850.0,2300,3400
Machilipatnam,2015-09-01,2850.0,2300,3400
Machilipatnam,2015-09-02,3075.0,2200,4000
Machilipatnam,2015-09-03,3075.0,2200,4000
Machilipatnam,2015-09-04,3075.0,2200,4000
Machilipatnam,2015-09-05,3900.0,3800,4000
Machilipatnam,2015-09-06,3900.0,3800,4000
Machilipatnam,2015-09-07,3075.0,2200,4000
Machilipatnam,2015-09-08,3900.0,3800,4000
Machilipatnam,2015-09-09,3075.0,2200,4000
Machilipatnam,2015-09-10,3075.0,2200,4000
Machilipatnam,2015-09-11,3075.0,2200,4000
Machilipatnam,2015-09-12,3075.0,2200,4000
Machilipatnam,2015-09-13,3075.0,2200,4000
Machilipatnam,2015-09-14,3075.0,2200,4000
Machilipatnam,2015-09-15,3125.0,2250,4000
Machilipatnam,2015-09-16,3125.0,2250,4000
Machilipatnam,2015-09-17,3950.0,3900,4000
Machilipatnam,2015-09-18,3950.0,3900,4000
Machilipatnam,2015-09-19,3125.0,2250,4000
Machilipatnam,2015-09-20,3950.0,3900,4000
Machilipatnam,2015-09-21,2950.0,2300,3600
Machilipatnam,2015-09-23,2950.0,2300,3600
Machilipatnam,2015-09-24,2950.0,2300,3600
Machilipatnam,2015-09-25,3250.0,3200,3300
Machilipatnam,2015-09-26,2650.0,2000,3300
Machilipatnam,2015-09-27,3550.0,3500,3600
Machilipatnam,2015-09-28,2950.0,2300,3600
Machilipatnam,2015-09-29,2950.0,2300,3600
Machilipatnam,2015-09-30,2950.0,2300,3600
Machilipatnam,2015-10-02,3550.0,3500,3600
Machilipatnam,2015-10-03,3550.0,3500,3600
Machilipatnam,2015-10-05,3750.0,3700,3800
Machilipatnam,2015-10-06,3150.0,2500,3800
Machilipatnam,2015-10-07,3750.0,3700,3800
Machilipatnam,2015-10-08,3750.0,3700,3800
Machilipatnam,2015-10-09,3750.0,3700,3800
Machilipatnam,2015-10-10,3750.0,3700,3800
Machilipatnam,2015-10-11,3750.0,3700,3800
Machilipatnam,2015-10-12,3150.0,2500,3800
Machilipatnam,2015-10-13,3750.0,3700,3800
Machilipatnam,2015-10-14,3750.0,3700,3800
Machilipatnam,2015-10-15,3025.0,2200,3800
Machilipatnam,2015-10-16,3750.0,3700,3800
Machilipatnam,2015-10-17,3750.0,3700,3800
Machilipatnam,2015-10-18,3750.0,3700,3800
Machilipatnam,2015-10-19,3025.0,2200,3800
Machilipatnam,2015-10-20,3750.0,3700,3800
Machilipatnam,2015-10-21,3750.0,3700,3800
Machilipatnam,2015-10-22,3750.0,3700,3800
Machilipatnam,2015-10-23,3025.0,2200,3800
Machilipatnam,2015-10-24,3750.0,3700,3800
Machilipatnam,2015-10-25,3750.0,3700,3800
Machilipatnam,2015-10-26,3025.0,2200,3800
Machilipatnam,2015-10-28,2950.0,2200,3700
Machilipatnam,2015-10-30,3650.0,3600,3700
Machilipatnam,2015-10-31,3650.0,3600,3700
Machilipatnam,2015-11-01,2950.0,2200,3700
Machilipatnam,2015-11-02,2950.0,2200,3700
Machilipatnam,2015-11-03,3650.0,3600,3700
Machilipatnam,2015-11-06,3650.0,3600,3700
Machilipatnam,2015-11-07,3650.0,3600,3700
Machilipatnam,2015-11-08,3650.0,3600,3700
Machilipatnam,2015-11-09,2975.0,2200,3700
Machilipatnam,2015-11-11,3650.0,3600,3700
Machilipatnam,2015-11-13,3650.0,3600,3700
Machilipatnam,2015-11-14,3650.0,3600,3700
Machilipatnam,2015-11-17,3650.0,3600,3700
Machilipatnam,2015-11-18,3650.0,3600,3700
Machilipatnam,2015-11-19,3650.0,3600,3700
Machilipatnam,2015-11-20,2950.0,2200,3700
Machilipatnam,2015-11-21,2975.0,2200,3700
Machilipatnam,2015-11-22,3650.0,3600,3700
Machilipatnam,2015-11-23,2975.0,2200,3700
Machilipatnam,2015-11-25,2975.0,2200,3700
Machilipatnam,2015-11-26,3650.0,3600,3700
Machilipatnam,2015-11-27,3650.0,3600,3700
Machilipatnam,2015-11-28,3250.0,2600,3900
Machilipatnam,2015-11-29,3850.0,3800,3900
Machilipatnam,2015-11-30,3850.0,3800,3900
Machilipatnam,2015-12-01,3250.0,2600,3900
Machilipatnam,2015-12-02,3850.0,3800,3900
Machilipatnam,2015-12-03,3850.0,3800,3900
Machilipatnam,2015-12-04,3250.0,2600,3900
Machilipatnam,2015-12-05,3250.0,2600,3900
Machilipatnam,2015-12-07,3250.0,2600,3900
Machilipatnam,2015-12-08,3850.0,3800,3900
Machilipatnam,2015-12-09,3850.0,3800,3900
Machilipatnam,2015-12-10,3850.0,3800,3900
Machilipatnam,2015-12-11,3650.0,3600,3700
Machilipatnam,2015-12-12,3650.0,3600,3700
Machilipatnam,2015-12-13,3650.0,3600,3700
Machilipatnam,2015-12-14,3250.0,2600,3900
Machilipatnam,2015-12-15,3220.0,2500,4000
Machilipatnam,2015-12-18,3900.0,3800,4000
Machilipatnam,2015-12-19,3900.0,3800,4000
Machilipatnam,2015-12-21,3220.0,2500,4000
Machilipatnam,2015-12-23,3900.0,3800,4000
Machilipatnam,2015-12-24,3900.0,3800,4000
Machilipatnam,2015-12-25,3900.0,3800,4000
Machilipatnam,2015-12-27,3900.0,3800,4000
Machilipatnam,2015-12-28,3900.0,3800,4000
Machilipatnam,2015-12-29,3900.0,3800,4000
Machilipatnam,2015-12-31,3900.0,3800,4000
Machilipatnam,2016-01-01,4100.0,4000,4200
Machilipatnam,2016-01-02,4100.0,4000,4200
Machilipatnam,2016-01-03,4100.0,4000,4200
Machilipatnam,2016-01-05,4100.0,4000,4200
Machilipatnam,2016-01-06,4100.0,4000,4200
Machilipatnam,2016-01-08,4100.0,4000,4200
Machilipatnam,2016-01-09,4100.0,4000,4200
Machilipatnam,2016-01-10,4100.0,4000,4200
Machilipatnam,2016-01-11,4100.0,4000,4200
Machilipatnam,2016-01-12,4100.0,4000,4200
Machilipatnam,2016-01-14,3350.0,2500,4200
Machilipatnam,2016-01-15,3350.0,2500,4200
Machilipatnam,2016-01-17,2600.0,2500,2700
Machilipatnam,2016-01-18,4100.0,4000,4200
Machilipatnam,2016-01-19,3350.0,2500,4200
Machilipatnam,2016-01-20,2816.6666666666665,2500,3300
Machilipatnam,2016-01-21,2883.3333333333335,2600,3300
Machilipatnam,2016-01-22,3066.6666666666665,2600,3300
Machilipatnam,2016-01-23,3250.0,3200,3300
Machilipatnam,2016-01-24,2975.0,2600,3300
Machilipatnam,2016-01-26,3250.0,3200,3300
Machilipatnam,2016-01-27,2975.0,2600,3300
Machilipatnam,2016-01-30,3250.0,3200,3300
Machilipatnam,2016-01-31,2975.0,2600,3300
Machilipatnam,2016-02-01,2975.0,2600,3300
Machilipatnam,2016-02-02,3250.0,3200,3300
Machilipatnam,2016-02-03,3250.0,3200,3300
Machilipatnam,2016-02-04,3066.6666666666665,2600,3300
Machilipatnam,2016-02-05,3250.0,3200,3300
Machilipatnam,2016-02-06,3250.0,3200,3300
Machilipatnam,2016-02-07,3250.0,3200,3300
Machilipatnam,2016-02-09,3250.0,3200,3300
Machilipatnam,2016-02-10,3075.0,2600,3600
Machilipatnam,2016-02-11,3500.0,3400,3600
Machilipatnam,2016-02-12,3500.0,3400,3600
Machilipatnam,2016-02-13,3075.0,2600,3600
Machilipatnam,2016-02-14,3500.0,3400,3600
Machilipatnam,2016-02-15,3500.0,3400,3600
Machilipatnam,2016-02-16,3500.0,3400,3600
Machilipatnam,2016-02-17,3500.0,3400,3600
Machilipatnam,2016-02-18,3500.0,3400,3600
Machilipatnam,2016-02-19,3500.0,3400,3600
Machilipatnam,2016-02-20,3500.0,3400,3600
Machilipatnam,2016-02-21,3500.0,3400,3600
Machilipatnam,2016-02-22,3500.0,3400,3600
Machilipatnam,2016-02-23,3500.0,3400,3600
Machilipatnam,2016-02-24,3500.0,3400,3600
Machilipatnam,2016-02-25,3050.0,2600,3500
Machilipatnam,2016-02-26,3050.0,2600,3500
Machilipatnam,2016-02-27,3450.0,3400,3500
Machilipatnam,2016-02-28,3450.0,3400,3500
Machilipatnam,2016-02-29,3450.0,3400,3500
Machilipatnam,2016-03-01,3450.0,3400,3500
Machilipatnam,2016-03-02,3050.0,2600,3500
Machilipatnam,2016-03-03,3050.0,2600,3500
Machilipatnam,2016-03-04,3050.0,2600,3500
Machilipatnam,2016-03-05,3450.0,3400,3500
Machilipatnam,2016-03-06,3450.0,3400,3500
Machilipatnam,2016-03-07,3050.0,2600,3500
Machilipatnam,2016-03-08,3225.0,2700,3800
Machilipatnam,2016-03-09,3383.3333333333335,2700,3800
Machilipatnam,2016-03-10,3225.0,2700,3800
Machilipatnam,2016-03-11,3225.0,2700,3800
Machilipatnam,2016-03-13,3700.0,3500,3800
Machilipatnam,2016-03-14,3366.6666666666665,2680,3800
Machilipatnam,2016-03-15,3200.0,2680,3800
Machilipatnam,2016-03-18,3700.0,3600,3800
Machilipatnam,2016-03-19,3700.0,3600,3800
Machilipatnam,2016-03-20,3700.0,3600,3800
Machilipatnam,2016-03-22,3700.0,3600,3800
Machilipatnam,2016-03-23,3700.0,3600,3800
Machilipatnam,2016-03-24,3700.0,3600,3800
Machilipatnam,2016-03-25,3700.0,3600,3800
Machilipatnam,2016-03-26,3200.0,2680,3800
Machilipatnam,2016-03-27,3366.6666666666665,2680,3800
Machilipatnam,2016-03-28,3366.6666666666665,2680,3800
Machilipatnam,2016-03-29,3200.0,2680,3800
Machilipatnam,2016-04-11,3483.3333333333335,2600,4000
Machilipatnam,2016-04-12,3900.0,3800,4000
Machilipatnam,2016-04-13,3275.0,2600,4000
Machilipatnam,2016-04-14,3900.0,3800,4000
Machilipatnam,2016-04-15,3900.0,3800,4000
Machilipatnam,2016-04-16,3275.0,2600,4000
Machilipatnam,2016-04-17,3900.0,3800,4000
Machilipatnam,2016-04-18,3900.0,3800,4000
Machilipatnam,2016-04-19,3900.0,3800,4000
Machilipatnam,2016-04-20,3900.0,3800,4000
Machilipatnam,2016-04-21,3900.0,3800,4000
Machilipatnam,2016-04-22,3225.0,2600,4000
Machilipatnam,2016-04-23,3225.0,2600,4000
Machilipatnam,2016-04-24,3800.0,3600,4000
Machilipatnam,2016-04-25,3800.0,3600,4000
Machilipatnam,2016-04-26,3800.0,3600,4000
Machilipatnam,2016-04-27,3225.0,2600,4000
Machilipatnam,2016-04-28,3225.0,2600,4000
Machilipatnam,2016-04-29,3800.0,3600,4000
Machilipatnam,2016-04-30,3416.6666666666665,2600,4000
Machilipatnam,2016-05-01,3225.0,2600,4000
Machilipatnam,2016-05-02,3416.6666666666665,2600,4000
Machilipatnam,2016-05-04,3800.0,3600,4000
Machilipatnam,2016-05-05,3225.0,2600,4000
Machilipatnam,2016-05-06,3800.0,3600,4000
Machilipatnam,2016-05-07,3225.0,2600,4000
Machilipatnam,2016-05-09,3800.0,3600,4000
Machilipatnam,2016-05-10,3225.0,2600,4000
Machilipatnam,2016-05-11,3250.0,2700,3800
Machilipatnam,2016-05-12,3250.0,2700,3800
Machilipatnam,2016-05-13,3750.0,3700,3800
Machilipatnam,2016-05-14,3250.0,2700,3800
Machilipatnam,2016-05-15,3750.0,3700,3800
Machilipatnam,2016-05-16,3250.0,2700,3800
Machilipatnam,2016-05-17,3250.0,2700,3800
Machilipatnam,2016-05-18,3750.0,3700,3800
Machilipatnam,2016-05-19,3750.0,3700,3800
Machilipatnam,2016-05-20,3750.0,3700,3800
Machilipatnam,2016-05-21,3750.0,3700,3800
Machilipatnam,2016-05-22,3750.0,3700,3800
Machilipatnam,2016-05-23,3750.0,3700,3800
Machilipatnam,2016-05-24,3750.0,3700,3800
Machilipatnam,2016-05-25,3750.0,3700,3800
Machilipatnam,2016-05-26,3750.0,3700,3800
Machilipatnam,2016-05-27,3750.0,3700,3800
Machilipatnam,2016-05-31,3100.0,2500,3700
Machilipatnam,2016-06-02,3100.0,2500,3700
Machilipatnam,2016-06-03,3650.0,3600,3700
Machilipatnam,2016-06-04,3650.0,3600,3700
Machilipatnam,2016-06-05,3650.0,3600,3700
Machilipatnam,2016-06-06,3283.3333333333335,2500,3700
Machilipatnam,2016-06-07,3100.0,2500,3700
Machilipatnam,2016-06-09,2550.0,2500,2600
Machilipatnam,2016-06-10,3100.0,2500,3700
Machilipatnam,2016-06-11,3650.0,3600,3700
Machilipatnam,2016-06-14,3650.0,3610,3700
Machilipatnam,2016-06-15,3650.0,3610,3700
Machilipatnam,2016-06-16,3650.0,3610,3700
Machilipatnam,2016-06-17,3650.0,3610,3700
Machilipatnam,2016-06-18,3650.0,3610,3700
Machilipatnam,2016-06-19,3650.0,3610,3700
Machilipatnam,2016-06-20,3650.0,3610,3700
Machilipatnam,2016-06-21,3650.0,3610,3700
Machilipatnam,2016-06-22,3650.0,3610,3700
Machilipatnam,2016-06-23,3650.0,3610,3700
Machilipatnam,2016-06-24,3650.0,3610,3700
Machilipatnam,2016-06-25,3650.0,3610,3700
Machilipatnam,2016-06-26,3650.0,3610,3700
Machilipatnam,2016-06-27,3650.0,3610,3700
Machilipatnam,2016-06-28,3900.0,3800,4000
Machilipatnam,2016-06-29,3900.0,3800,4000
Machilipatnam,2016-06-30,3900.0,3800,4000
Machilipatnam,2016-07-01,3900.0,3800,4000
Machilipatnam,2016-07-02,3900.0,3800,4000
Machilipatnam,2016-07-03,3900.0,3800,4000
Machilipatnam,2016-07-04,3900.0,3800,4000
Machilipatnam,2016-07-05,3900.0,3800,4000
Machilipatnam,2016-07-06,3900.0,3800,4000
Machilipatnam,2016-07-07,3900.0,3800,4000
Machilipatnam,2016-07-08,3900.0,3800,4000
Machilipatnam,2016-07-09,3900.0,3800,4000
Machilipatnam,2016-07-10,3900.0,3800,4000
Machilipatnam,2016-07-11,3750.0,3700,3800
Machilipatnam,2016-07-12,3416.6666666666665,2700,3800
Machilipatnam,2016-07-15,3750.0,3700,3800
Machilipatnam,2016-07-16,3750.0,3700,3800
Machilipatnam,2016-07-17,3750.0,3700,3800
Machilipatnam,2016-07-18,3250.0,2700,3800
Machilipatnam,2016-07-19,3250.0,2700,3800
Machilipatnam,2016-07-21,3416.6666666666665,2700,3800
Machilipatnam,2016-07-22,3250.0,2700,3800
Machilipatnam,2016-07-23,3416.6666666666665,2700,3800
Machilipatnam,2016-07-24,3750.0,3700,3800
Machilipatnam,2016-07-25,3750.0,3700,3800
Machilipatnam,2016-07-26,3750.0,3700,3800
Machilipatnam,2016-07-27,3750.0,3700,3800
Machilipatnam,2016-07-28,3750.0,3700,3800
Machilipatnam,2016-07-29,3750.0,3700,3800
Machilipatnam,2016-07-30,3750.0,3700,3800
Machilipatnam,2016-08-01,3366.6666666666665,2600,3800
Machilipatnam,2016-08-02,3200.0,2600,3800
Machilipatnam,2016-08-04,3700.0,3600,3800
Machilipatnam,2016-08-05,3200.0,2600,3800
Machilipatnam,2016-08-06,3700.0,3600,3800
Machilipatnam,2016-08-07,3700.0,3600,3800
Machilipatnam,2016-08-08,3200.0,2600,3800
Machilipatnam,2016-08-09,3700.0,3600,3800
Machilipatnam,2016-08-10,3700.0,3600,3800
Machilipatnam,2016-08-12,3700.0,3600,3800
Machilipatnam,2016-08-13,3700.0,3600,3800
Machilipatnam,2016-08-14,3700.0,3600,3800
Machilipatnam,2016-08-16,3700.0,3600,3800
Machilipatnam,2016-08-17,3700.0,3600,3800
Machilipatnam,2016-08-18,3700.0,3600,3800
Machilipatnam,2016-08-22,3750.0,3700,3800
Machilipatnam,2016-08-23,3750.0,3700,3800
Machilipatnam,2016-08-24,3750.0,3700,3800
Machilipatnam,2016-08-25,3750.0,3700,3800
Machilipatnam,2016-08-26,3750.0,3700,3800
Machilipatnam,2016-08-27,3750.0,3700,3800
Machilipatnam,2016-08-28,3750.0,3700,3800
Machilipatnam,2016-08-29,3750.0,3700,3800
Machilipatnam,2016-08-30,3750.0,3700,3800
Machilipatnam,2016-08-31,3750.0,3700,3800
Machilipatnam,2016-09-01,3900.0,3800,4000
Machilipatnam,2016-09-02,3900.0,3800,4000
Machilipatnam,2016-09-03,3900.0,3800,4000
Machilipatnam,2016-09-04,3900.0,3800,4000
Machilipatnam,2016-09-05,3900.0,3800,4000
Machilipatnam,2016-09-07,3900.0,3800,4000
Machilipatnam,2016-09-08,3900.0,3800,4000
Machilipatnam,2016-09-09,3900.0,3800,4000
Machilipatnam,2016-09-10,3900.0,3800,4000
Machilipatnam,2016-09-11,3516.6666666666665,2700,4000
Machilipatnam,2016-09-12,3900.0,3800,4000
Machilipatnam,2016-09-13,3325.0,2700,4000
Machilipatnam,2016-09-14,3750.0,3700,3800
Machilipatnam,2016-09-15,3416.6666666666665,2700,3800
Machilipatnam,2016-09-16,3416.6666666666665,2700,3800
Machilipatnam,2016-09-17,3750.0,3700,3800
Machilipatnam,2016-09-18,3750.0,3700,3800
Machilipatnam,2016-09-19,3250.0,2700,3800
Machilipatnam,2016-09-20,3250.0,2700,3800
Machilipatnam,2016-09-21,3250.0,2700,3800
Machilipatnam,2016-09-22,3750.0,3700,3800
Machilipatnam,2016-09-23,3416.6666666666665,2700,3800
Machilipatnam,2016-09-24,2750.0,2700,2800
Machilipatnam,2016-09-25,3750.0,3700,3800
Machilipatnam,2016-09-27,3750.0,3700,3800
Machilipatnam,2016-09-28,3750.0,3700,3800
Machilipatnam,2016-09-30,3700.0,3600,3800
Machilipatnam,2016-10-02,3700.0,3600,3800
Machilipatnam,2016-10-03,3325.0,2700,4000
Machilipatnam,2016-10-04,3325.0,2700,4000
Machilipatnam,2016-10-05,3900.0,3800,4000
Machilipatnam,2016-10-07,3900.0,3800,4000
Machilipatnam,2016-10-09,3900.0,3800,4000
Machilipatnam,2016-10-10,3900.0,3800,4000
Machilipatnam,2016-10-11,3900.0,3800,4000
Machilipatnam,2016-10-12,1750.0,1700,1800
Machilipatnam,2016-10-14,3900.0,3800,4000
Machilipatnam,2016-10-15,3516.6666666666665,2700,4000
Machilipatnam,2016-10-16,3900.0,3800,4000
Machilipatnam,2016-10-17,3900.0,3800,4000
Machilipatnam,2016-10-18,3900.0,3800,4000
Machilipatnam,2016-10-19,3900.0,3800,4000
Machilipatnam,2016-10-20,3900.0,3800,4000
Machilipatnam,2016-10-21,3900.0,3800,4000
Machilipatnam,2016-10-22,3900.0,3800,4000
Machilipatnam,2016-10-23,3900.0,3800,4000
Machilipatnam,2016-10-24,3150.0,2500,3800
Machilipatnam,2016-10-25,3750.0,3700,3800
Machilipatnam,2016-10-26,3150.0,2500,3800
Machilipatnam,2016-10-27,3750.0,3700,3800
Machilipatnam,2016-10-28,3750.0,3700,3800
Machilipatnam,2016-11-01,3750.0,3700,3800
Machilipatnam,2016-11-02,3750.0,3700,3800
Machilipatnam,2016-11-03,3175.0,2520,3900
Machilipatnam,2016-11-04,3175.0,2520,3900
Machilipatnam,2016-11-05,3383.3333333333335,2520,3900
Machilipatnam,2016-11-08,3800.0,3700,3900
Machilipatnam,2016-11-10,3175.0,2520,3900
Machilipatnam,2016-11-13,3800.0,3700,3900
Machilipatnam,2016-11-14,3175.0,2520,3900
Machilipatnam,2016-11-15,3800.0,3700,3900
Machilipatnam,2016-11-16,3800.0,3700,3900
Machilipatnam,2016-11-17,3800.0,3700,3900
Machilipatnam,2016-11-18,3325.0,2700,4000
Machilipatnam,2016-11-19,3900.0,3800,4000
Machilipatnam,2016-11-20,3900.0,3800,4000
Machilipatnam,2016-11-21,3900.0,3800,4000
Machilipatnam,2016-11-22,3325.0,2700,4000
Machilipatnam,2016-11-23,3516.6666666666665,2700,4000
Machilipatnam,2016-11-24,3325.0,2700,4000
Machilipatnam,2016-11-25,3325.0,2700,4000
Machilipatnam,2016-11-26,3325.0,2700,4000
Machilipatnam,2016-12-04,3950.0,3900,4000
Machilipatnam,2016-12-05,2700.0,2600,2800
Machilipatnam,2016-12-06,3325.0,2600,4000
Machilipatnam,2016-12-07,3950.0,3900,4000
Machilipatnam,2016-12-09,3950.0,3900,4000
Machilipatnam,2016-12-10,3950.0,3900,4000
Machilipatnam,2016-12-11,3950.0,3900,4000
Machilipatnam,2016-12-12,3950.0,3900,4000
Machilipatnam,2016-12-13,3950.0,3900,4000
Machilipatnam,2016-12-14,3950.0,3900,4000
Machilipatnam,2016-12-16,3950.0,3900,4000
Machilipatnam,2016-12-17,3175.0,2800,3600
Machilipatnam,2016-12-20,3175.0,2800,3600
Machilipatnam,2016-12-24,3500.0,3400,3600
Machilipatnam,2016-12-25,3500.0,3400,3600
Machilipatnam,2016-12-26,3500.0,3400,3600
Machilipatnam,2016-12-27,3500.0,3400,3600
Machilipatnam,2016-12-29,3500.0,3400,3600
Machilipatnam,2016-12-31,3500.0,3400,3600
Machilipatnam,2017-01-01,3500.0,3400,3600
Machilipatnam,2017-01-02,3450.0,3000,4000
Machilipatnam,2017-01-03,3800.0,3500,4000
Machilipatnam,2017-01-04,3800.0,3500,4000
Machilipatnam,2017-01-05,3800.0,3500,4000
Machilipatnam,2017-01-06,3800.0,3500,4000
Machilipatnam,2017-01-08,3800.0,3500,4000
Machilipatnam,2017-01-09,3800.0,3500,4000
Machilipatnam,2017-01-10,3800.0,3500,4000
Machilipatnam,2017-01-11,3800.0,3500,4000
Machilipatnam,2017-01-12,3800.0,3500,4000
Machilipatnam,2017-01-13,3800.0,3500,4000
Machilipatnam,2017-01-14,3800.0,3500,4000
Machilipatnam,2017-01-15,3800.0,3500,4000
Machilipatnam,2017-01-16,3800.0,3500,4000
Machilipatnam,2017-01-18,3800.0,3500,4000
Machilipatnam,2017-01-20,3800.0,3500,4000
Machilipatnam,2017-01-21,3800.0,3500,4000
Machilipatnam,2017-01-22,3800.0,3500,4000
Machilipatnam,2017-01-23,3800.0,3500,4000
Machilipatnam,2017-01-24,3800.0,3500,4000
Machilipatnam,2017-01-26,3800.0,3500,4000
Machilipatnam,2017-01-27,3800.0,3500,4000
Machilipatnam,2017-01-29,4350.0,4300,4400
Machilipatnam,2017-01-30,4350.0,4300,4400
Machilipatnam,2017-01-31,3750.0,3100,4400
Machilipatnam,2017-02-02,4350.0,4300,4400
Machilipatnam,2017-02-05,4350.0,4300,4400
Machilipatnam,2017-02-07,4350.0,4300,4400
Machilipatnam,2017-02-08,3150.0,3100,3200
Machilipatnam,2017-02-10,3150.0,3100,3200
Machilipatnam,2017-02-11,4380.0,0,4400
Machilipatnam,2017-02-12,4380.0,4350,4400
Machilipatnam,2017-02-13,4380.0,4350,4400
Machilipatnam,2017-02-15,4380.0,4350,4400
Machilipatnam,2017-02-16,4380.0,4350,4400
Machilipatnam,2017-02-18,4380.0,4350,4400
Machilipatnam,2017-02-19,4380.0,4350,4400
Machilipatnam,2017-02-20,4300.0,4200,4400
Machilipatnam,2017-02-25,4300.0,4200,4400
Machilipatnam,2017-02-26,4300.0,4200,4400
Machilipatnam,2017-03-01,4300.0,4200,4400
Machilipatnam,2017-03-02,4300.0,4200,4400
Machilipatnam,2017-03-03,4300.0,4200,4400
Machilipatnam,2017-03-04,4300.0,4200,4400
Machilipatnam,2017-03-05,4350.0,4300,4400
Machilipatnam,2017-03-09,4350.0,4300,4400
Machilipatnam,2017-03-10,4350.0,4300,4400
Machilipatnam,2017-03-11,4350.0,4300,4400
Machilipatnam,2017-03-12,4350.0,4300,4400
Machilipatnam,2017-03-14,3100.0,3000,3200
Machilipatnam,2017-03-15,4350.0,4300,4400
Machilipatnam,2017-03-16,4350.0,4300,4400
Machilipatnam,2017-03-17,4350.0,4300,4400
Machilipatnam,2017-03-19,4350.0,4300,4400
Machilipatnam,2017-03-26,4350.0,4300,4400
Machilipatnam,2017-03-27,3150.0,3100,3200
Machilipatnam,2017-03-29,4350.0,4300,4400
Machilipatnam,2017-03-30,3750.0,3100,4400
Machilipatnam,2017-04-01,4350.0,4300,4400
Machilipatnam,2017-04-02,4350.0,4300,4400
Machilipatnam,2017-04-04,3750.0,3100,4400
Machilipatnam,2017-04-05,4350.0,4300,4400
Machilipatnam,2017-04-06,4350.0,4300,4400
Machilipatnam,2017-04-08,4350.0,4300,4400
Machilipatnam,2017-04-09,3450.0,3400,3500
Machilipatnam,2017-04-13,3100.0,2700,3500
Machilipatnam,2017-04-14,3450.0,3400,3500
Machilipatnam,2017-04-15,3100.0,2700,3500
Machilipatnam,2017-04-16,3450.0,3400,3500
Machilipatnam,2017-04-17,3450.0,3400,3500
Machilipatnam,2017-04-18,3100.0,2700,3500
Machilipatnam,2017-04-19,3100.0,2700,3500
Machilipatnam,2017-04-21,3700.0,3600,3800
Machilipatnam,2017-04-22,3300.0,2800,3800
Machilipatnam,2017-04-23,3700.0,3600,3800
Machilipatnam,2017-04-24,3700.0,3600,3800
Machilipatnam,2017-04-25,3300.0,2800,3800
Machilipatnam,2017-04-26,3300.0,2800,3800
Machilipatnam,2017-04-27,3700.0,3600,3800
Machilipatnam,2017-04-28,3700.0,3600,3800
Machilipatnam,2017-05-01,3700.0,3600,3800
Machilipatnam,2017-05-02,3700.0,3600,3800
Machilipatnam,2017-05-03,3700.0,3600,3800
Machilipatnam,2017-05-04,3700.0,3600,3800
Machilipatnam,2017-05-05,3700.0,3600,3800
Machilipatnam,2017-05-06,3700.0,3600,3800
Machilipatnam,2017-05-08,4100.0,4000,4200
Machilipatnam,2017-05-09,3500.0,2800,4200
Machilipatnam,2017-05-10,4100.0,4000,4200
Machilipatnam,2017-05-11,2900.0,2800,3000
Machilipatnam,2017-05-12,3500.0,2800,4200
Machilipatnam,2017-05-14,4100.0,4000,4200
Machilipatnam,2017-05-17,4100.0,4000,4200
Machilipatnam,2017-05-18,4100.0,4000,4200
Machilipatnam,2017-05-19,4100.0,4000,4200
Machilipatnam,2017-05-20,2900.0,2800,3000
Machilipatnam,2017-05-21,4200.0,4100,4300
Machilipatnam,2017-05-22,3575.0,2900,4300
Machilipatnam,2017-05-23,4200.0,4100,4300
Machilipatnam,2017-05-25,4200.0,4100,4300
Machilipatnam,2017-05-26,4200.0,4100,4300
Machilipatnam,2017-05-28,4200.0,4100,4300
Machilipatnam,2017-05-29,4200.0,4100,4300
Machilipatnam,2017-05-30,4200.0,4100,4300
Machilipatnam,2017-05-31,3575.0,2900,4300
Machilipatnam,2017-06-01,3900.0,3800,4000
Machilipatnam,2017-06-02,3300.0,2600,4000
Machilipatnam,2017-06-03,3300.0,2600,4000
Machilipatnam,2017-06-05,3300.0,2600,4000
Machilipatnam,2017-06-06,3300.0,2600,4000
Machilipatnam,2017-06-07,3300.0,2600,4000
Machilipatnam,2017-06-08,4000.0,3900,4100
Machilipatnam,2017-06-09,4000.0,3900,4100
Machilipatnam,2017-06-10,4000.0,3900,4100
Machilipatnam,2017-06-11,4000.0,3900,4100
Machilipatnam,2017-06-12,4000.0,3900,4100
Machilipatnam,2017-06-13,4000.0,3900,4100
Machilipatnam,2017-06-14,4000.0,3900,4100
Machilipatnam,2017-06-15,4000.0,3900,4100
Machilipatnam,2017-06-16,4000.0,3900,4100
Machilipatnam,2017-06-17,4000.0,3900,4100
Machilipatnam,2017-06-18,4000.0,3900,4100
Machilipatnam,2017-06-19,3350.0,2600,4100
Machilipatnam,2017-06-20,3350.0,2600,4100
Machilipatnam,2017-06-21,4000.0,3900,4100
Machilipatnam,2017-06-22,3350.0,2600,4100
Machilipatnam,2017-06-23,3300.0,2700,3900
Machilipatnam,2017-06-25,3850.0,3800,3900
Machilipatnam,2017-06-26,3850.0,3800,3900
Machilipatnam,2017-06-27,3300.0,2700,3900
Machilipatnam,2017-06-29,3300.0,2700,3900
Machilipatnam,2017-06-30,3900.0,3800,4000
Machilipatnam,2017-07-01,3900.0,3800,4000
Machilipatnam,2017-07-02,3900.0,3800,4000
Machilipatnam,2017-07-03,3325.0,2700,4000
Machilipatnam,2017-07-04,3900.0,3800,4000
Machilipatnam,2017-07-07,3900.0,3800,4000
Machilipatnam,2017-07-08,3900.0,3800,4000
Machilipatnam,2017-07-09,3900.0,3800,4000
Machilipatnam,2017-07-10,3900.0,3800,4000
Machilipatnam,2017-07-11,3900.0,3800,4000
Machilipatnam,2017-07-12,3900.0,3800,4000
Machilipatnam,2017-07-14,3375.0,2800,4000
Machilipatnam,2017-07-15,3375.0,2800,4000
Machilipatnam,2017-07-17,3900.0,3800,4000
Machilipatnam,2017-07-18,3900.0,3800,4000
Machilipatnam,2017-07-20,3900.0,3800,4000
Machilipatnam,2017-07-21,3375.0,2800,3900
Machilipatnam,2017-07-22,3375.0,2800,3900
Machilipatnam,2017-07-23,3850.0,3800,3900
Machilipatnam,2017-07-25,3850.0,3800,3900
Machilipatnam,2017-07-27,3850.0,3800,3900
Machilipatnam,2017-07-28,3325.0,2700,4000
Machilipatnam,2017-07-29,3900.0,3800,4000
Machilipatnam,2017-08-01,3325.0,2700,4000
Machilipatnam,2017-08-03,3325.0,2700,4000
Machilipatnam,2017-08-04,3900.0,3800,4000
Machilipatnam,2017-08-05,3900.0,3800,4000
Machilipatnam,2017-08-06,3900.0,3800,4000
Machilipatnam,2017-08-07,3900.0,3800,4000
Machilipatnam,2017-08-08,3800.0,3700,4000
Machilipatnam,2017-08-09,3250.0,2600,4000
Machilipatnam,2017-08-10,3250.0,2600,4000
Machilipatnam,2017-08-11,2700.0,2600,2800
Machilipatnam,2017-08-17,3700.0,3600,4000
Machilipatnam,2017-08-18,3700.0,3600,4000
Machilipatnam,2017-08-22,3700.0,3600,4000
Machilipatnam,2017-09-02,3900.0,3800,4000
Machilipatnam,2017-09-03,3900.0,3800,4000
Machilipatnam,2017-09-04,3900.0,3800,4000
Machilipatnam,2017-09-05,3900.0,3800,4000
Machilipatnam,2017-09-07,3900.0,3800,4000
Machilipatnam,2017-09-08,3400.0,2800,4000
Machilipatnam,2017-09-09,3900.0,3800,4000
Machilipatnam,2017-09-10,3900.0,3800,4000
Machilipatnam,2017-09-14,3950.0,3900,4000
Machilipatnam,2017-09-15,3375.0,2800,4000
Machilipatnam,2017-09-17,3900.0,3800,4000
Machilipatnam,2017-09-19,3375.0,2800,4000
Machilipatnam,2017-09-20,3900.0,3800,4000
Machilipatnam,2017-09-21,3900.0,3800,4000
Machilipatnam,2017-09-22,2850.0,2800,2900
Machilipatnam,2017-09-24,3900.0,3800,4000
Machilipatnam,2017-09-25,3375.0,2800,4000
Machilipatnam,2017-09-26,3900.0,3800,4000
Machilipatnam,2017-09-27,3900.0,3800,4000
Machilipatnam,2017-09-29,3375.0,2800,4000
Machilipatnam,2017-09-30,3900.0,3800,4000
Machilipatnam,2017-10-01,3850.0,3800,3900
Machilipatnam,2017-10-03,3850.0,3800,3900
Machilipatnam,2017-10-04,3850.0,3800,3900
Machilipatnam,2017-10-05,2900.0,2800,3000
Machilipatnam,2017-10-06,3375.0,2800,3900
Machilipatnam,2017-10-08,3850.0,3800,3900
Machilipatnam,2017-10-09,3750.0,3700,3800
Machilipatnam,2017-10-10,3750.0,3700,3800
Machilipatnam,2017-10-11,3325.0,2800,3800
Machilipatnam,2017-10-13,3750.0,3700,3800
Machilipatnam,2017-10-15,3750.0,3700,3800
Machilipatnam,2017-10-16,3750.0,3700,3800
Machilipatnam,2017-10-17,3750.0,3700,3800
Machilipatnam,2017-10-18,3750.0,3700,3800
Machilipatnam,2017-10-21,3750.0,3700,3800
Machilipatnam,2017-10-22,3750.0,3700,3800
Machilipatnam,2017-10-23,3750.0,3700,3800
Machilipatnam,2017-10-24,3750.0,3700,3800
Machilipatnam,2017-11-21,3750.0,3700,3800
Machilipatnam,2017-11-22,3750.0,3700,3800
Machilipatnam,2017-11-23,3750.0,3700,3800
Machilipatnam,2017-11-24,2900.0,2800,3000
Machilipatnam,2017-11-25,2900.0,2800,3000
Machilipatnam,2017-11-30,3750.0,3700,3800
Machilipatnam,2017-12-01,3400.0,2800,4000
Machilipatnam,2017-12-04,3400.0,2800,4000
Machilipatnam,2017-12-05,2900.0,2800,3000
Machilipatnam,2017-12-07,3900.0,3800,4000
Machilipatnam,2017-12-08,2900.0,2800,3000
Machilipatnam,2017-12-12,3400.0,2800,4000
Machilipatnam,2017-12-13,3450.0,2900,4000
Machilipatnam,2017-12-18,3950.0,3900,4000
Machilipatnam,2017-12-19,3950.0,3900,4000
Narasaraopet,2003-10-23,1700.0,1700,1750
Narasaraopet,2003-12-09,1500.0,1475,1550
Narasaraopet,2003-12-10,1500.0,1450,1550
Narasaraopet,2003-12-11,1500.0,1450,1525
Narasaraopet,2003-12-12,1480.0,1450,1500
Narasaraopet,2004-01-02,1450.0,1400,1500
Narasaraopet,2004-01-21,1450.0,1400,1500
Narasaraopet,2004-02-10,1480.0,1450,1500
Narasaraopet,2004-03-01,1480.0,1450,1500
Narasaraopet,2004-03-02,1480.0,1450,1500
Narasaraopet,2004-10-04,1500.0,1450,1550
Narasaraopet,2004-11-01,1450.0,1400,1500
Narasaraopet,2004-11-02,1450.0,1400,1500
Narasaraopet,2004-11-06,1450.0,1400,1500
Narasaraopet,2004-11-08,1450.0,1400,1500
Narasaraopet,2004-11-10,1450.0,1400,1500
Narasaraopet,2004-11-11,1450.0,1400,1500
Narasaraopet,2004-11-19,1450.0,1400,1500
Narasaraopet,2004-11-22,1450.0,1400,1500
Narasaraopet,2004-11-23,1450.0,1400,1500
Narasaraopet,2004-11-25,1450.0,1400,1500
Narasaraopet,2004-12-02,1450.0,1400,1500
Narasaraopet,2004-12-06,1450.0,1400,1500
Narasaraopet,2004-12-09,1450.0,1400,1500
Narasaraopet,2004-12-10,1450.0,1400,1500
Narasaraopet,2004-12-17,1450.0,1400,1500
Narasaraopet,2004-12-18,1450.0,1400,1500
Narasaraopet,2005-01-01,1450.0,1400,1500
Narasaraopet,2005-01-03,1450.0,1400,1500
Narasaraopet,2005-01-05,1450.0,1400,1500
Narasaraopet,2005-01-06,1450.0,1400,1500
Narasaraopet,2005-01-07,1450.0,1400,1500
Narasaraopet,2005-01-17,1450.0,1400,1500
Narasaraopet,2005-01-18,1450.0,1400,1500
Narasaraopet,2005-01-20,1450.0,1400,1500
Narasaraopet,2005-02-03,1450.0,1400,1500
Narasaraopet,2005-02-04,1450.0,1400,1500
Narasaraopet,2005-02-05,1450.0,1400,1500
Narasaraopet,2005-02-07,1450.0,1400,1500
Narasaraopet,2005-02-09,1450.0,1400,1500
Narasaraopet,2005-02-11,1450.0,1400,1500
Narasaraopet,2005-02-14,1450.0,1400,1500
Narasaraopet,2005-02-15,1450.0,1400,1500
Narasaraopet,2005-02-16,1450.0,1400,1500
Narasaraopet,2005-02-17,1450.0,1400,1500
Narasaraopet,2005-02-18,1450.0,1400,1500
Narasaraopet,2005-02-19,1450.0,1400,1500
Narasaraopet,2005-02-21,1450.0,1400,1500
Narasaraopet,2005-03-01,1450.0,1400,1500
Narasaraopet,2005-03-02,1450.0,1400,1500
Narasaraopet,2005-03-03,1450.0,1400,1500
Narasaraopet,2005-03-04,1450.0,1400,1500
Narasaraopet,2005-04-13,1500.0,1300,1700
Narasaraopet,2005-04-16,1500.0,1300,1700
Narasaraopet,2005-04-19,1500.0,1300,1700
Narasaraopet,2005-04-20,1500.0,1300,1700
Narasaraopet,2005-04-21,1500.0,1300,1700
Narasaraopet,2005-04-23,1500.0,1300,1700
Narasaraopet,2005-04-27,1500.0,1300,1700
Narasaraopet,2005-04-28,1500.0,1300,1700
Narasaraopet,2005-05-24,1600.0,1400,1700
Narasaraopet,2005-05-26,1600.0,1500,1700
Narasaraopet,2005-05-31,1600.0,1500,1700
Narasaraopet,2005-06-04,1600.0,1500,1700
Narasaraopet,2005-06-07,1600.0,1500,1700
Narasaraopet,2005-06-10,1600.0,1500,1700
Narasaraopet,2005-06-16,1600.0,1500,1700
Narasaraopet,2005-06-18,1600.0,1500,1700
Narasaraopet,2005-06-22,1600.0,1500,1700
Narasaraopet,2005-06-23,1600.0,1500,1700
Narasaraopet,2005-06-24,1600.0,1500,1700
Narasaraopet,2005-06-25,1600.0,1500,1700
Narasaraopet,2005-06-27,1600.0,1500,1700
Narasaraopet,2005-07-05,1700.0,1600,1800
Narasaraopet,2005-07-06,1700.0,1600,1800
Narasaraopet,2005-07-07,1700.0,1600,1800
Narasaraopet,2005-07-13,1700.0,1600,1800
Narasaraopet,2005-07-14,1700.0,1600,1800
Narasaraopet,2005-07-18,1700.0,1600,1800
Narasaraopet,2005-07-19,1700.0,1600,1800
Narasaraopet,2005-07-20,1700.0,1600,1800
Narasaraopet,2005-07-22,1700.0,1600,1800
Narasaraopet,2005-07-26,1700.0,1600,1800
Narasaraopet,2005-07-28,1700.0,1600,1800
Narasaraopet,2005-07-29,1700.0,1600,1800
Narasaraopet,2005-08-03,1700.0,1600,1800
Narasaraopet,2005-08-04,1600.0,1500,1700
Narasaraopet,2005-08-05,1600.0,1500,1700
Narasaraopet,2005-08-06,1600.0,1500,1700
Narasaraopet,2005-08-08,1600.0,1500,1700
Narasaraopet,2005-08-10,1700.0,1600,1800
Narasaraopet,2005-08-16,1700.0,1600,1800
Narasaraopet,2005-08-17,1700.0,1600,1800
Narasaraopet,2005-08-19,1700.0,1600,1800
Narasaraopet,2005-08-22,1700.0,1600,1800
Narasaraopet,2005-08-23,1700.0,1600,1800
Narasaraopet,2005-08-27,1700.0,1600,1800
Narasaraopet,2005-08-30,1700.0,1600,1800
Narasaraopet,2005-09-01,1700.0,1600,1800
Narasaraopet,2005-09-05,1700.0,1600,1800
Narasaraopet,2005-09-12,1700.0,1600,1800
Narasaraopet,2005-09-13,1700.0,1600,1800
Narasaraopet,2005-09-15,1700.0,1600,1800
Narasaraopet,2005-09-17,1700.0,1600,1800
Narasaraopet,2005-09-19,1700.0,1600,1800
Narasaraopet,2005-09-28,1600.0,1500,1700
Narasaraopet,2005-09-30,1600.0,1500,1700
Narasaraopet,2005-10-01,1600.0,1500,1700
Narasaraopet,2005-10-03,1600.0,1500,1700
Narasaraopet,2005-10-05,1700.0,1600,1800
Narasaraopet,2005-10-06,1600.0,1500,1700
Narasaraopet,2005-10-07,1600.0,1500,1650
Narasaraopet,2005-10-10,1600.0,1590,1620
Narasaraopet,2005-10-13,1600.0,1550,1610
Narasaraopet,2005-10-15,1600.0,1590,1610
Narasaraopet,2005-10-17,1600.0,1590,1610
Narasaraopet,2005-10-18,1600.0,1590,1610
Narasaraopet,2005-10-19,1600.0,1590,1610
Narasaraopet,2005-10-20,1600.0,1590,1610
Narasaraopet,2005-10-21,1600.0,1590,1610
Narasaraopet,2005-10-25,1600.0,1590,1610
Narasaraopet,2005-12-07,1700.0,1600,1750
Narasaraopet,2005-12-08,1700.0,1600,1750
Narasaraopet,2005-12-09,1700.0,1600,1750
Narasaraopet,2005-12-12,1700.0,1650,1750
Narasaraopet,2005-12-13,1700.0,1650,1750
Narasaraopet,2005-12-16,1700.0,1650,1750
Narasaraopet,2005-12-17,1650.0,1600,1700
Narasaraopet,2005-12-19,1700.0,1650,1750
Narasaraopet,2005-12-20,1700.0,1650,1750
Narasaraopet,2005-12-21,1700.0,1650,1750
Narasaraopet,2005-12-22,1700.0,1650,1750
Narasaraopet,2005-12-24,1700.0,1650,1750
Narasaraopet,2005-12-29,1700.0,1650,1750
Narasaraopet,2005-12-31,1700.0,1650,1750
Narasaraopet,2006-01-01,1700.0,1650,1750
Narasaraopet,2006-01-02,1700.0,1650,1750
Narasaraopet,2006-01-09,1600.0,1550,1650
Narasaraopet,2006-01-10,1600.0,1550,1650
Narasaraopet,2006-01-11,1600.0,1550,1650
Narasaraopet,2006-01-12,1600.0,1550,1650
Narasaraopet,2006-01-20,1700.0,1650,1750
Narasaraopet,2006-01-21,1700.0,1650,1750
Narasaraopet,2006-01-25,1600.0,1550,1650
Narasaraopet,2006-01-29,1600.0,1550,1650
Narasaraopet,2006-01-30,1600.0,1550,1650
Narasaraopet,2006-01-31,1600.0,1550,1650
Narasaraopet,2006-02-05,1600.0,1550,1650
Narasaraopet,2006-02-07,1600.0,1550,1650
Narasaraopet,2006-02-10,1600.0,1550,1650
Narasaraopet,2006-02-13,1600.0,1550,1650
Narasaraopet,2006-02-17,1600.0,1550,1650
Narasaraopet,2006-02-18,1600.0,1550,1650
Narasaraopet,2006-02-20,1600.0,1550,1650
Narasaraopet,2006-02-22,1600.0,1550,1650
Narasaraopet,2006-02-23,1600.0,1550,1650
Narasaraopet,2006-02-24,1600.0,1550,1650
Narasaraopet,2006-03-01,1600.0,1550,1650
Narasaraopet,2006-03-02,1600.0,1550,1650
Narasaraopet,2006-03-04,1600.0,1550,1650
Narasaraopet,2006-03-06,1600.0,1550,1650
Narasaraopet,2006-03-08,1600.0,1550,1650
Narasaraopet,2006-03-28,1600.0,1550,1650
Narasaraopet,2006-03-31,1600.0,1550,1650
Narasaraopet,2006-04-01,1600.0,1550,1650
Narasaraopet,2006-04-02,1600.0,1550,1650
Narasaraopet,2006-04-03,1600.0,1550,1650
Narasaraopet,2006-04-06,1600.0,1550,1650
Narasaraopet,2006-05-03,1600.0,1550,1650
Narasaraopet,2006-06-01,1600.0,1550,1650
Narasaraopet,2006-06-02,1600.0,1550,1650
Narasaraopet,2006-06-08,1600.0,1550,1650
Narasaraopet,2006-06-18,1600.0,1550,1650
Narasaraopet,2006-06-19,1600.0,1550,1650
Narasaraopet,2006-07-07,1600.0,1550,1650
Narasaraopet,2006-07-10,1600.0,1550,1650
Narasaraopet,2006-07-11,1600.0,1550,1650
Narasaraopet,2006-07-12,1600.0,1550,1650
Narasaraopet,2006-07-15,1600.0,1550,1650
Narasaraopet,2006-07-18,1600.0,1550,1650
Narasaraopet,2006-07-19,1600.0,1550,1650
Narasaraopet,2006-07-27,1600.0,1550,1650
Narasaraopet,2006-08-03,1600.0,1550,1650
Narasaraopet,2006-08-04,1600.0,1550,1650
Narasaraopet,2006-08-31,1600.0,1500,1700
Narasaraopet,2006-09-01,1600.0,1500,1700
Narasaraopet,2006-09-04,1600.0,1500,1700
Narasaraopet,2006-09-11,1610.0,1550,1650
Narasaraopet,2006-09-13,1625.0,1550,1675
Narasaraopet,2006-09-16,1625.0,1600,1650
Narasaraopet,2006-09-19,1650.0,1600,1700
Narasaraopet,2006-09-20,1625.0,1575,1675
Narasaraopet,2006-09-21,1630.0,1570,1670
Narasaraopet,2006-10-03,1650.0,1550,1750
Narasaraopet,2006-10-07,1650.0,1550,1750
Narasaraopet,2006-10-11,1650.0,1550,1750
Narasaraopet,2006-10-12,1650.0,1550,1750
Narasaraopet,2006-10-17,1650.0,1550,1750
Narasaraopet,2006-10-18,1650.0,1550,1750
Narasaraopet,2006-10-19,1650.0,1550,1750
Narasaraopet,2006-10-31,1650.0,1550,1750
Narasaraopet,2006-11-14,1650.0,1550,1750
Narasaraopet,2006-11-22,1675.0,1575,1775
Narasaraopet,2006-11-25,1675.0,1575,1775
Narasaraopet,2006-11-29,1675.0,1575,1775
Narasaraopet,2006-12-06,1675.0,1575,1775
Narasaraopet,2007-01-10,1675.0,1575,1775
Narasaraopet,2007-01-12,1675.0,1575,1775
Narasaraopet,2007-02-02,1675.0,1575,1775
Narasaraopet,2007-02-03,1675.0,1575,1775
Narasaraopet,2007-02-04,1675.0,1575,1775
Narasaraopet,2007-03-16,1700.0,1600,1800
Narasaraopet,2007-03-17,1700.0,1600,1800
Narasaraopet,2007-03-18,1700.0,1600,1800
Narasaraopet,2007-03-31,1660.0,1560,1775
Narasaraopet,2007-04-19,1675.0,1575,1775
Narasaraopet,2007-04-21,1625.0,1525,1725
Narasaraopet,2007-04-30,1675.0,1575,1775
Narasaraopet,2007-05-18,1650.0,1550,1750
Narasaraopet,2007-05-21,1650.0,1150,1750
Narasaraopet,2007-05-24,1650.0,1550,1750
Narasaraopet,2007-05-29,1670.0,1570,1770
Narasaraopet,2007-05-31,1670.0,1570,1770
Narasaraopet,2007-06-05,1400.0,1300,1500
Narasaraopet,2007-06-26,1450.0,1340,1550
Narasaraopet,2007-06-30,1450.0,1350,1550
Narasaraopet,2007-07-05,1480.0,1380,1580
Narasaraopet,2007-07-10,1480.0,1380,1580
Narasaraopet,2007-08-16,1450.0,1400,1500
Narasaraopet,2007-09-10,1500.0,1400,1600
Narasaraopet,2007-09-27,1470.0,1420,1530
Narasaraopet,2007-10-08,1480.0,1420,1520
Narasaraopet,2007-10-25,1480.0,1430,1530
Narasaraopet,2007-11-14,1480.0,1450,1500
Narasaraopet,2007-11-19,1450.0,1400,1500
Narasaraopet,2007-11-29,1540.0,1490,1590
Narasaraopet,2007-11-30,1450.0,1400,1500
Narasaraopet,2007-12-13,1520.0,1470,1570
Narasaraopet,2008-01-02,1580.0,1550,1620
Narasaraopet,2008-01-03,1580.0,1530,1630
Narasaraopet,2008-01-09,1600.0,1550,1650
Narasaraopet,2008-01-10,1600.0,1550,1650
Narasaraopet,2008-01-11,1600.0,1550,1650
Narasaraopet,2008-01-12,1600.0,1550,1650
Narasaraopet,2008-01-18,1650.0,1600,1700
Narasaraopet,2008-01-21,1650.0,1600,1700
Narasaraopet,2008-01-22,1650.0,1600,1700
Narasaraopet,2008-01-23,1650.0,1600,1700
Narasaraopet,2008-01-24,1650.0,1600,1700
Narasaraopet,2008-01-25,1650.0,1600,1700
Narasaraopet,2008-01-29,1650.0,1600,1700
Narasaraopet,2008-01-30,1650.0,1600,1700
Narasaraopet,2008-02-12,1660.0,1640,1680
Narasaraopet,2008-02-18,1680.0,1660,1700
Narasaraopet,2008-02-20,1680.0,1660,1700
Narasaraopet,2008-02-21,1680.0,1660,1700
Narasaraopet,2008-02-25,1700.0,1650,1750
Narasaraopet,2008-02-27,1650.0,1600,1700
Narasaraopet,2008-02-28,1650.0,1600,1700
Narasaraopet,2008-02-29,1650.0,1600,1700
Narasaraopet,2008-03-05,1650.0,1600,1700
Narasaraopet,2008-03-10,1650.0,1600,1700
Narasaraopet,2008-03-11,1650.0,1600,1700
Narasaraopet,2008-03-12,1650.0,1600,1700
Narasaraopet,2008-03-13,1650.0,1600,1700
Narasaraopet,2008-03-15,1650.0,1600,1700
Narasaraopet,2008-03-16,1650.0,1600,1700
Narasaraopet,2008-03-17,1650.0,1600,1700
Narasaraopet,2008-03-18,1650.0,1600,1700
Narasaraopet,2008-03-20,1700.0,1650,1750
Narasaraopet,2008-03-22,1700.0,1650,1750
Narasaraopet,2008-03-25,1700.0,1650,1750
Narasaraopet,2008-03-26,1700.0,1650,1750
Narasaraopet,2008-03-27,1700.0,1650,1750
Narasaraopet,2008-03-28,1600.0,1500,1700
Narasaraopet,2008-04-02,1700.0,1650,1750
Narasaraopet,2008-04-03,1700.0,1650,1750
Narasaraopet,2008-04-04,1700.0,1650,1750
Narasaraopet,2008-04-08,1710.0,1700,1720
Narasaraopet,2008-04-09,1710.0,1700,1720
Narasaraopet,2008-04-11,1700.0,1690,1710
Narasaraopet,2008-04-18,1500.0,1450,1550
Narasaraopet,2008-04-19,1500.0,1450,1550
Narasaraopet,2008-04-20,1500.0,1450,1550
Narasaraopet,2008-04-24,1500.0,1450,1550
Narasaraopet,2008-04-25,1500.0,1450,1550
Narasaraopet,2008-04-26,1500.0,1450,1550
Narasaraopet,2008-04-28,1500.0,1450,1550
Narasaraopet,2008-04-29,1500.0,1450,1550
Narasaraopet,2008-04-30,1500.0,1450,1550
Narasaraopet,2008-05-01,1500.0,1450,1550
Narasaraopet,2008-05-03,1500.0,1450,1550
Narasaraopet,2008-05-08,1500.0,1450,1550
Narasaraopet,2008-05-09,1500.0,1450,1550
Narasaraopet,2008-05-10,1500.0,1450,1550
Narasaraopet,2008-05-11,1500.0,1450,1550
Narasaraopet,2008-05-12,1500.0,1450,1550
Narasaraopet,2008-05-13,1500.0,1450,1550
Narasaraopet,2008-05-14,1500.0,1450,1550
Narasaraopet,2008-05-17,1625.0,1600,1650
Narasaraopet,2008-05-19,1550.0,1500,1600
Narasaraopet,2008-05-21,1600.0,1550,1650
Narasaraopet,2008-05-22,1550.0,1500,1600
Narasaraopet,2008-05-26,1550.0,1500,1600
Narasaraopet,2008-05-28,1550.0,1500,1600
Narasaraopet,2008-05-29,1550.0,1500,1600
Narasaraopet,2008-05-30,1550.0,1500,1600
Narasaraopet,2008-06-02,1700.0,1650,1750
Narasaraopet,2008-06-03,1700.0,1650,1750
Narasaraopet,2008-06-04,1700.0,1650,1750
Narasaraopet,2008-06-05,1700.0,1650,1750
Narasaraopet,2008-06-07,1700.0,1650,1750
Narasaraopet,2008-06-09,1700.0,1650,1750
Narasaraopet,2008-06-10,1700.0,1650,1750
Narasaraopet,2008-06-13,1800.0,1750,1850
Narasaraopet,2008-06-14,1800.0,1750,1850
Narasaraopet,2008-06-15,1800.0,1750,1850
Narasaraopet,2008-06-16,1800.0,1750,1850
Narasaraopet,2008-06-17,1800.0,1750,1850
Narasaraopet,2008-06-18,1800.0,1750,1850
Narasaraopet,2008-06-19,1800.0,1750,1850
Narasaraopet,2008-06-20,1800.0,1750,1850
Narasaraopet,2008-06-21,1850.0,1800,1900
Narasaraopet,2008-06-22,1800.0,1750,1850
Narasaraopet,2008-06-23,1900.0,1850,1950
Narasaraopet,2008-06-24,1900.0,1850,1950
Narasaraopet,2008-06-25,1900.0,1850,1950
Narasaraopet,2008-06-26,1900.0,1850,1950
Narasaraopet,2008-06-27,1900.0,1850,1950
Narasaraopet,2008-06-28,1900.0,1850,1950
Narasaraopet,2008-06-29,1900.0,1850,1950
Narasaraopet,2008-06-30,1900.0,1850,1950
Narasaraopet,2008-07-01,1900.0,1850,1950
Narasaraopet,2008-07-02,1900.0,1850,1950
Narasaraopet,2008-07-18,1800.0,1750,1900
Narasaraopet,2008-07-22,2300.0,2250,2350
Narasaraopet,2008-07-30,2450.0,2400,2500
Narasaraopet,2008-08-01,2400.0,2350,2500
Narasaraopet,2008-08-02,2500.0,2450,2550
Narasaraopet,2008-08-11,2500.0,2450,2550
Narasaraopet,2008-08-13,2450.0,2400,2500
Narasaraopet,2008-08-24,2400.0,2350,2450
Narasaraopet,2008-08-25,2400.0,2350,2450
Narasaraopet,2008-08-26,2350.0,2300,2400
Narasaraopet,2008-08-30,2350.0,2300,2400
Narasaraopet,2008-09-01,2500.0,2300,2500
Narasaraopet,2008-09-20,2300.0,2250,2350
Narasaraopet,2008-09-22,2300.0,2250,2350
Narasaraopet,2008-09-24,2300.0,2250,2350
Narasaraopet,2008-09-25,2300.0,2250,2350
Narasaraopet,2008-09-26,2300.0,2250,2350
Narasaraopet,2008-10-10,2350.0,2300,2400
Narasaraopet,2008-10-14,2300.0,2250,2350
Narasaraopet,2008-10-16,2300.0,2250,2350
Narasaraopet,2008-10-17,2200.0,2150,2250
Narasaraopet,2008-10-22,2300.0,2250,2350
Narasaraopet,2008-10-23,2000.0,1950,2050
Narasaraopet,2008-10-24,2000.0,1950,2050
Narasaraopet,2008-10-25,2100.0,2000,2200
Narasaraopet,2008-10-27,2000.0,1950,2100
Narasaraopet,2008-10-29,2000.0,1950,2050
Narasaraopet,2008-10-31,2000.0,1950,2050
Narasaraopet,2008-11-01,2000.0,1950,2050
Narasaraopet,2008-11-11,2200.0,2150,2250
Narasaraopet,2008-11-12,2200.0,2150,2250
Narasaraopet,2008-11-17,2100.0,2000,2200
Narasaraopet,2008-11-19,2200.0,2150,2250
Narasaraopet,2008-12-15,2100.0,2000,2200
Narasaraopet,2008-12-19,2300.0,2200,2400
Narasaraopet,2008-12-26,2300.0,2200,2400
Narasaraopet,2008-12-29,2200.0,2100,2300
Narasaraopet,2009-01-01,2300.0,2200,2400
Narasaraopet,2009-01-02,2300.0,2200,2400
Narasaraopet,2009-01-22,2200.0,2100,2300
Narasaraopet,2009-01-23,2300.0,2200,2400
Narasaraopet,2009-02-02,2400.0,2300,2500
Narasaraopet,2009-02-03,2400.0,2300,2500
Narasaraopet,2009-02-04,2400.0,2300,2500
Narasaraopet,2009-02-06,2400.0,2300,2500
Narasaraopet,2009-02-07,2400.0,2300,2500
Narasaraopet,2009-02-09,2400.0,2300,2500
Narasaraopet,2009-02-10,2400.0,2300,2500
Narasaraopet,2009-02-12,2400.0,2300,2500
Narasaraopet,2009-02-13,2400.0,2300,2500
Narasaraopet,2009-02-14,2300.0,2200,2400
Narasaraopet,2009-02-15,2300.0,2200,2400
Narasaraopet,2009-02-26,2400.0,2300,2500
Narasaraopet,2009-02-27,2400.0,2300,2500
Narasaraopet,2009-02-28,2400.0,2300,2500
Narasaraopet,2009-03-03,2400.0,2300,2450
Narasaraopet,2009-03-04,2400.0,2300,2500
Narasaraopet,2009-03-05,2400.0,2300,2500
Narasaraopet,2009-03-06,2400.0,2300,2500
Narasaraopet,2009-03-15,2400.0,2300,2500
Narasaraopet,2009-03-17,2400.0,2300,2500
Narasaraopet,2009-03-18,2400.0,2300,2500
Narasaraopet,2009-03-20,2400.0,2300,2500
Narasaraopet,2009-03-24,2400.0,2300,2500
Narasaraopet,2009-03-25,2400.0,2300,2500
Narasaraopet,2009-03-26,2400.0,2350,2450
Narasaraopet,2009-03-27,2400.0,2300,2500
Narasaraopet,2009-03-28,2400.0,2300,2500
Narasaraopet,2009-03-30,2400.0,2300,2500
Narasaraopet,2009-03-31,2400.0,2300,2500
Narasaraopet,2009-04-01,2400.0,2300,2500
Narasaraopet,2009-04-02,2400.0,2300,2500
Narasaraopet,2009-04-03,2400.0,2300,2500
Narasaraopet,2009-04-04,2400.0,2300,2500
Narasaraopet,2009-04-06,2400.0,2300,2500
Narasaraopet,2009-04-08,2400.0,2300,2500
Narasaraopet,2009-04-10,2400.0,2300,2500
Narasaraopet,2009-04-11,2400.0,2300,2500
Narasaraopet,2009-04-12,2400.0,2300,2500
Narasaraopet,2009-04-13,2400.0,2300,2500
Narasaraopet,2009-04-14,2400.0,2300,2500
Narasaraopet,2009-04-15,2400.0,2300,2500
Narasaraopet,2009-04-16,2400.0,2300,2500
Narasaraopet,2009-04-17,2400.0,2300,2500
Narasaraopet,2009-04-18,2500.0,2400,2600
Narasaraopet,2009-04-20,2500.0,2400,2600
Narasaraopet,2009-04-21,2500.0,2400,2600
Narasaraopet,2009-04-22,2500.0,2400,2600
Narasaraopet,2009-04-24,2500.0,2400,2600
Narasaraopet,2009-04-27,2500.0,2400,2600
Narasaraopet,2009-04-28,2500.0,2400,2600
Narasaraopet,2009-04-30,2500.0,2400,2600
Narasaraopet,2009-05-01,2600.0,2500,2700
Narasaraopet,2009-05-02,2500.0,2400,2600
Narasaraopet,2009-05-03,2500.0,2400,2600
Narasaraopet,2009-05-04,2500.0,2400,2600
Narasaraopet,2009-05-05,2450.0,2400,2500
Narasaraopet,2009-05-07,2500.0,2400,2600
Narasaraopet,2009-05-10,2500.0,2400,2600
Narasaraopet,2009-05-11,2500.0,2400,2600
Narasaraopet,2009-05-15,2500.0,2400,2600
Narasaraopet,2009-05-17,2500.0,2400,2600
Narasaraopet,2009-05-18,2500.0,2400,2600
Narasaraopet,2009-05-19,2500.0,2400,2600
Narasaraopet,2009-05-20,2500.0,2400,2600
Narasaraopet,2009-05-22,2500.0,2400,2600
Narasaraopet,2009-05-23,2500.0,2400,2600
Narasaraopet,2009-05-24,2500.0,2400,2600
Narasaraopet,2009-05-25,2500.0,2400,2600
Narasaraopet,2009-05-26,2500.0,2400,2600
Narasaraopet,2009-05-29,2500.0,2450,2550
Narasaraopet,2009-05-30,2500.0,2400,2600
Narasaraopet,2009-05-31,2500.0,2400,2600
Narasaraopet,2009-06-02,2600.0,2550,2650
Narasaraopet,2009-06-04,2500.0,2400,2600
Narasaraopet,2009-06-05,2500.0,2400,2600
Narasaraopet,2009-06-06,2500.0,2400,2600
Narasaraopet,2009-06-07,2500.0,2400,2600
Narasaraopet,2009-06-08,2500.0,2400,2600
Narasaraopet,2009-06-09,2500.0,2400,2600
Narasaraopet,2009-06-10,2500.0,2400,2600
Narasaraopet,2009-06-11,2600.0,2550,2650
Narasaraopet,2009-06-12,2550.0,2500,2600
Narasaraopet,2009-06-13,2500.0,2400,2600
Narasaraopet,2009-06-15,2500.0,2400,2600
Narasaraopet,2009-06-16,2550.0,2500,2600
Narasaraopet,2009-06-17,2500.0,2400,2600
Narasaraopet,2009-06-18,2500.0,2400,2600
Narasaraopet,2009-06-19,2500.0,2400,2600
Narasaraopet,2009-06-20,2500.0,2400,2600
Narasaraopet,2009-06-22,2500.0,2400,2600
Narasaraopet,2009-06-23,2550.0,2500,2600
Narasaraopet,2009-06-24,2500.0,2400,2600
Narasaraopet,2009-06-25,2500.0,2400,2600
Narasaraopet,2009-06-26,2500.0,2400,2600
Narasaraopet,2009-06-30,2500.0,2400,2600
Narasaraopet,2009-07-01,2500.0,2400,2600
Narasaraopet,2009-07-02,2550.0,2500,2600
Narasaraopet,2009-07-03,2550.0,2500,2600
Narasaraopet,2009-07-04,2500.0,2400,2600
Narasaraopet,2009-07-06,2550.0,2500,2600
Narasaraopet,2009-07-07,2550.0,2500,2600
Narasaraopet,2009-07-08,2550.0,2500,2600
Narasaraopet,2009-07-09,2550.0,2500,2600
Narasaraopet,2009-07-10,2550.0,2500,2600
Narasaraopet,2009-07-13,2500.0,2400,2600
Narasaraopet,2009-07-14,2500.0,2400,2600
Narasaraopet,2009-07-15,2500.0,2400,2600
Narasaraopet,2009-07-16,2500.0,2400,2600
Narasaraopet,2009-07-17,2500.0,2400,2600
Narasaraopet,2009-07-18,2500.0,2400,2600
Narasaraopet,2009-07-21,2500.0,2400,2600
Narasaraopet,2009-07-22,2550.0,2500,2600
Narasaraopet,2009-07-23,2500.0,2400,2600
Narasaraopet,2009-07-24,2500.0,2400,2600
Narasaraopet,2009-07-25,2500.0,2400,2600
Narasaraopet,2009-07-26,2500.0,2400,2600
Narasaraopet,2009-07-27,2500.0,2400,2600
Narasaraopet,2009-07-28,1500.0,1400,1600
Narasaraopet,2009-07-29,2500.0,2400,2600
Narasaraopet,2009-08-01,2500.0,2400,2600
Narasaraopet,2009-08-02,2500.0,2400,2600
Narasaraopet,2009-08-03,2500.0,2400,2600
Narasaraopet,2009-08-04,2500.0,2400,2600
Narasaraopet,2009-08-05,2500.0,2400,2600
Narasaraopet,2009-08-06,2500.0,2400,2600
Narasaraopet,2009-08-07,2500.0,2400,2600
Narasaraopet,2009-08-09,2500.0,2400,2600
Narasaraopet,2009-08-10,2500.0,2400,2600
Narasaraopet,2009-08-11,2500.0,2400,2600
Narasaraopet,2009-08-12,2500.0,2400,2600
Narasaraopet,2009-08-13,2500.0,2400,2600
Narasaraopet,2009-08-17,2500.0,2400,2600
Narasaraopet,2009-08-18,2500.0,2400,2600
Narasaraopet,2009-08-19,2500.0,2400,2600
Narasaraopet,2009-08-20,2500.0,2400,2600
Narasaraopet,2009-08-21,2500.0,2400,2600
Narasaraopet,2009-08-25,1500.0,1400,1600
Narasaraopet,2009-08-26,2500.0,2400,2600
Narasaraopet,2009-08-27,2500.0,2400,2600
Narasaraopet,2009-08-28,2500.0,2400,2600
Narasaraopet,2009-08-29,2500.0,2400,2600
Narasaraopet,2009-09-02,2500.0,2400,2600
Narasaraopet,2009-09-03,2500.0,2400,2600
Narasaraopet,2009-09-05,2500.0,2400,2600
Narasaraopet,2009-09-08,2500.0,2400,2600
Narasaraopet,2009-09-09,2500.0,2400,2600
Narasaraopet,2009-09-10,2500.0,2400,2600
Narasaraopet,2009-09-11,2500.0,2400,2600
Narasaraopet,2009-09-12,2500.0,2400,2600
Narasaraopet,2009-09-13,2500.0,2400,2600
Narasaraopet,2009-09-17,2500.0,2400,2600
Narasaraopet,2009-09-18,2500.0,2400,2600
Narasaraopet,2009-09-19,2500.0,2400,2600
Narasaraopet,2009-09-21,2500.0,2400,2600
Narasaraopet,2009-09-22,2500.0,2400,2600
Narasaraopet,2009-09-24,2500.0,2400,2600
Narasaraopet,2009-09-25,2500.0,2400,2600
Narasaraopet,2009-09-28,2500.0,2400,2600
Narasaraopet,2009-09-29,2500.0,2400,2600
Narasaraopet,2009-10-03,2500.0,2400,2600
Narasaraopet,2009-10-04,2500.0,2400,2600
Narasaraopet,2009-10-05,2500.0,2400,2600
Narasaraopet,2009-10-07,2500.0,2400,2600
Narasaraopet,2009-10-09,2500.0,2400,2600
Narasaraopet,2009-10-12,2500.0,2400,2600
Narasaraopet,2009-10-13,2500.0,2400,2600
Narasaraopet,2009-10-15,2500.0,2400,2600
Narasaraopet,2009-10-16,2500.0,2400,2600
Narasaraopet,2009-10-17,2500.0,2400,2600
Narasaraopet,2009-10-19,2500.0,2400,2600
Narasaraopet,2009-10-20,2500.0,2400,2600
Narasaraopet,2009-10-21,2500.0,2400,2600
Narasaraopet,2009-10-22,2500.0,2400,2600
Narasaraopet,2009-10-23,2500.0,2400,2600
Narasaraopet,2009-10-25,2500.0,2400,2600
Narasaraopet,2009-10-26,2500.0,2400,2600
Narasaraopet,2009-10-27,2500.0,2400,2600
Narasaraopet,2009-10-29,2500.0,2400,2600
Narasaraopet,2009-11-01,2500.0,2400,2600
Narasaraopet,2009-11-02,2500.0,2400,2600
Narasaraopet,2009-11-03,2500.0,2400,2600
Narasaraopet,2009-11-04,2500.0,2400,2600
Narasaraopet,2009-11-06,2500.0,2400,2600
Narasaraopet,2009-11-07,2500.0,2400,2600
Narasaraopet,2009-11-10,2500.0,2400,2600
Narasaraopet,2009-11-11,2500.0,2400,2600
Narasaraopet,2009-11-14,2550.0,2500,2600
Narasaraopet,2009-11-17,2500.0,2400,2600
Narasaraopet,2009-11-18,2500.0,2400,2600
Narasaraopet,2009-11-19,2500.0,2400,2600
Narasaraopet,2009-11-22,2500.0,2400,2600
Narasaraopet,2009-11-23,2500.0,2400,2600
Narasaraopet,2009-11-27,2500.0,2400,2600
Narasaraopet,2009-11-30,2500.0,2400,2600
Narasaraopet,2009-12-01,2500.0,2400,2600
Narasaraopet,2009-12-02,2500.0,2400,2600
Narasaraopet,2009-12-03,2500.0,2400,2600
Narasaraopet,2009-12-04,2500.0,2400,2600
Narasaraopet,2009-12-05,2500.0,2400,2600
Narasaraopet,2009-12-07,2400.0,2400,2600
Narasaraopet,2009-12-11,2500.0,2400,2600
Narasaraopet,2009-12-12,1500.0,1400,1600
Narasaraopet,2009-12-13,2500.0,2400,2600
Narasaraopet,2009-12-14,2500.0,2400,2600
Narasaraopet,2009-12-16,2500.0,2400,2600
Narasaraopet,2009-12-21,2500.0,2400,2600
Narasaraopet,2009-12-22,2500.0,2400,2600
Narasaraopet,2009-12-24,2500.0,2400,2600
Narasaraopet,2009-12-25,2500.0,2400,2600
Narasaraopet,2009-12-27,2500.0,2400,2600
Narasaraopet,2009-12-28,2500.0,2400,2600
Narasaraopet,2010-01-01,2500.0,2400,2600
Narasaraopet,2010-01-02,2500.0,2400,2600
Narasaraopet,2010-01-03,2500.0,2400,2600
Narasaraopet,2010-01-04,2500.0,2400,2600
Narasaraopet,2010-01-05,2500.0,2400,2600
Narasaraopet,2010-01-06,2500.0,2450,2550
Narasaraopet,2010-01-07,2500.0,2450,2550
Narasaraopet,2010-01-08,2500.0,2400,2600
Narasaraopet,2010-01-09,2500.0,2450,2550
Narasaraopet,2010-01-11,2500.0,2450,2550
Narasaraopet,2010-01-12,2500.0,2400,2600
Narasaraopet,2010-01-13,2500.0,2400,2600
Narasaraopet,2010-01-14,2500.0,2400,2600
Narasaraopet,2010-01-15,2500.0,2400,2600
Narasaraopet,2010-01-16,2500.0,2400,2600
Narasaraopet,2010-01-17,2500.0,2400,2600
Narasaraopet,2010-01-18,2500.0,2400,2600
Narasaraopet,2010-01-19,2500.0,2400,2600
Narasaraopet,2010-01-20,2600.0,2500,2700
Narasaraopet,2010-01-21,2500.0,2400,2600
Narasaraopet,2010-01-22,2600.0,2550,2650
Narasaraopet,2010-01-23,2600.0,2550,2650
Narasaraopet,2010-01-24,2600.0,2550,2650
Narasaraopet,2010-01-29,2600.0,2550,2650
Narasaraopet,2010-01-31,2550.0,2500,2600
Narasaraopet,2010-02-01,2500.0,2400,2600
Narasaraopet,2010-02-02,2500.0,2400,2600
Narasaraopet,2010-02-03,2500.0,2400,2600
Narasaraopet,2010-02-04,2500.0,2400,2600
Narasaraopet,2010-02-09,2500.0,2400,2600
Narasaraopet,2010-02-10,2500.0,2400,2600
Narasaraopet,2010-02-14,2500.0,2400,2600
Narasaraopet,2010-02-15,2500.0,2400,2600
Narasaraopet,2010-02-16,2500.0,2400,2600
Narasaraopet,2010-02-17,2500.0,2400,2600
Narasaraopet,2010-02-19,2500.0,2450,2550
Narasaraopet,2010-02-20,2500.0,2450,2550
Narasaraopet,2010-02-24,2500.0,2400,2600
Narasaraopet,2010-03-05,2800.0,2700,2900
Narasaraopet,2010-03-06,2800.0,2700,2900
Narasaraopet,2010-03-07,2800.0,2700,2900
Narasaraopet,2010-03-08,2800.0,2700,2900
Narasaraopet,2010-03-09,2800.0,2700,2900
Narasaraopet,2010-03-10,2800.0,2700,2900
Narasaraopet,2010-03-11,2800.0,2700,2900
Narasaraopet,2010-03-14,2800.0,2700,2900
Narasaraopet,2010-03-15,2800.0,2700,2900
Narasaraopet,2010-03-16,2800.0,2700,2900
Narasaraopet,2010-03-17,2800.0,2700,2900
Narasaraopet,2010-03-18,2800.0,2700,2900
Narasaraopet,2010-03-19,2800.0,2700,2900
Narasaraopet,2010-03-22,2800.0,2700,2900
Narasaraopet,2010-03-23,2800.0,2700,2900
Narasaraopet,2010-03-25,2800.0,2700,2900
Narasaraopet,2010-03-26,2800.0,2700,2900
Narasaraopet,2010-03-27,2800.0,2700,2900
Narasaraopet,2010-03-28,2800.0,2700,2900
Narasaraopet,2010-03-29,2800.0,2700,2900
Narasaraopet,2010-03-30,2800.0,2700,2900
Narasaraopet,2010-04-01,2800.0,2700,2900
Narasaraopet,2010-04-04,2800.0,2700,2900
Narasaraopet,2010-04-08,2800.0,2700,2900
Narasaraopet,2010-04-12,2800.0,2700,2900
Narasaraopet,2010-04-13,2800.0,2700,2900
Narasaraopet,2010-04-15,2800.0,2700,2900
Narasaraopet,2010-04-17,2800.0,2700,2900
Narasaraopet,2010-04-18,2800.0,2700,2900
Narasaraopet,2010-04-20,2800.0,2700,2900
Narasaraopet,2010-04-22,2800.0,2700,2900
Narasaraopet,2010-04-23,2800.0,2700,2900
Narasaraopet,2010-04-26,2800.0,2700,2900
Narasaraopet,2010-04-27,2800.0,2700,2900
Narasaraopet,2010-04-30,2800.0,2700,2900
Narasaraopet,2010-05-01,2900.0,2800,2950
Narasaraopet,2010-05-02,2900.0,2800,3000
Narasaraopet,2010-05-04,2800.0,2700,2900
Narasaraopet,2010-05-17,2500.0,2400,2600
Narasaraopet,2010-05-18,2500.0,2400,2600
Narasaraopet,2010-05-20,2500.0,2400,2600
Narasaraopet,2010-05-22,2800.0,2700,2900
Narasaraopet,2010-05-26,2800.0,2700,2900
Narasaraopet,2010-05-28,2800.0,2700,2900
Narasaraopet,2010-05-29,2800.0,2700,2900
Narasaraopet,2010-05-30,2800.0,2700,2900
Narasaraopet,2010-06-01,2800.0,2700,2900
Narasaraopet,2010-06-03,2800.0,2700,2900
Narasaraopet,2010-06-04,2800.0,2700,2900
Narasaraopet,2010-06-05,2800.0,2700,2900
Narasaraopet,2010-06-07,2800.0,2700,2900
Narasaraopet,2010-06-10,2800.0,2700,2900
Narasaraopet,2010-06-15,2800.0,2700,2900
Narasaraopet,2010-06-17,2800.0,2700,2900
Narasaraopet,2010-06-18,2800.0,2700,2900
Narasaraopet,2010-06-21,2800.0,2700,2900
Narasaraopet,2010-06-22,2800.0,2700,2900
Narasaraopet,2010-06-23,2800.0,2700,2900
Narasaraopet,2010-06-24,2800.0,2700,2900
Narasaraopet,2010-06-25,2800.0,2700,2900
Narasaraopet,2010-06-27,2800.0,2700,2900
Narasaraopet,2010-06-28,2800.0,2700,2900
Narasaraopet,2010-06-30,2800.0,2700,2900
Narasaraopet,2010-07-02,2800.0,2700,2900
Narasaraopet,2010-07-03,2800.0,2700,2900
Narasaraopet,2010-07-04,2800.0,2700,2900
Narasaraopet,2010-07-05,2800.0,2700,2900
Narasaraopet,2010-07-07,2800.0,2700,2900
Narasaraopet,2010-07-09,2800.0,2700,2900
Narasaraopet,2010-07-12,2800.0,2700,2900
Narasaraopet,2010-07-13,2800.0,2700,2900
Narasaraopet,2010-07-14,2800.0,2700,2900
Narasaraopet,2010-07-15,2800.0,2700,2900
Narasaraopet,2010-07-16,2800.0,2700,2900
Narasaraopet,2010-07-17,2800.0,2700,2900
Narasaraopet,2010-07-19,2800.0,2700,2900
Narasaraopet,2010-07-21,2800.0,2700,2900
Narasaraopet,2010-07-22,2800.0,2700,2900
Narasaraopet,2010-07-23,2800.0,2700,2900
Narasaraopet,2010-07-24,2800.0,2700,2900
Narasaraopet,2010-07-29,2800.0,2700,2900
Narasaraopet,2010-07-30,2800.0,2700,2900
Narasaraopet,2010-08-01,2800.0,2700,2900
Narasaraopet,2010-08-02,2800.0,2700,2900
Narasaraopet,2010-08-03,2800.0,2700,2900
Narasaraopet,2010-08-04,2800.0,2700,2900
Narasaraopet,2010-08-05,2800.0,2700,2900
Narasaraopet,2010-08-06,2800.0,2700,2900
Narasaraopet,2010-08-08,2800.0,2700,2900
Narasaraopet,2010-08-11,2800.0,2700,2900
Narasaraopet,2010-08-13,2700.0,2600,2800
Narasaraopet,2010-08-16,2800.0,2700,2900
Narasaraopet,2010-08-17,2800.0,2700,2900
Narasaraopet,2010-08-19,2800.0,2700,2900
Narasaraopet,2010-08-20,2800.0,2700,2900
Narasaraopet,2010-08-21,2800.0,2700,2900
Narasaraopet,2010-08-22,2800.0,2700,2900
Narasaraopet,2010-08-23,2800.0,2700,2900
Narasaraopet,2010-08-25,2800.0,2700,2900
Narasaraopet,2010-08-26,2800.0,2700,2900
Narasaraopet,2010-08-27,2800.0,2700,2900
Narasaraopet,2010-08-28,2800.0,2700,2900
Narasaraopet,2010-08-29,2800.0,2700,2900
Narasaraopet,2010-08-30,2800.0,2700,2900
Narasaraopet,2010-08-31,2800.0,2700,2900
Narasaraopet,2010-09-01,2800.0,2700,2900
Narasaraopet,2010-09-02,2800.0,2700,2900
Narasaraopet,2010-09-04,2800.0,2700,2900
Narasaraopet,2010-09-05,2800.0,2700,2900
Narasaraopet,2010-09-06,2800.0,2700,2900
Narasaraopet,2010-09-07,2800.0,2700,2900
Narasaraopet,2010-09-09,2800.0,2700,2900
Narasaraopet,2010-09-12,2800.0,2700,2900
Narasaraopet,2010-09-13,2800.0,2700,2900
Narasaraopet,2010-09-14,2800.0,2700,2900
Narasaraopet,2010-09-16,2800.0,2700,2900
Narasaraopet,2010-09-18,2800.0,2700,2900
Narasaraopet,2010-09-21,2800.0,2700,2900
Narasaraopet,2010-09-22,2800.0,2700,2900
Narasaraopet,2010-09-23,2700.0,2600,2800
Narasaraopet,2010-09-24,2800.0,2700,2900
Narasaraopet,2010-09-25,2700.0,2600,2800
Narasaraopet,2010-09-27,2800.0,2700,2900
Narasaraopet,2010-09-28,2800.0,2700,2900
Narasaraopet,2010-09-29,2800.0,2700,2900
Narasaraopet,2010-10-01,2800.0,2700,2900
Narasaraopet,2010-10-04,2800.0,2700,2900
Narasaraopet,2010-10-07,2800.0,2700,2900
Narasaraopet,2010-10-08,2800.0,2700,2900
Narasaraopet,2010-10-09,2200.0,2100,2300
Narasaraopet,2010-10-12,2200.0,2100,2300
Narasaraopet,2010-10-13,2200.0,2100,2300
Narasaraopet,2010-10-14,2200.0,2100,2300
Narasaraopet,2010-10-15,2200.0,2100,2300
Narasaraopet,2010-10-16,2200.0,2100,2300
Narasaraopet,2010-10-17,2200.0,2100,2300
Narasaraopet,2010-10-18,2200.0,2100,2300
Narasaraopet,2010-10-21,2200.0,2100,2300
Narasaraopet,2010-10-22,2200.0,2100,2300
Narasaraopet,2010-10-25,2200.0,2100,2300
Narasaraopet,2010-10-27,2200.0,2100,2300
Narasaraopet,2010-10-28,2200.0,2100,2300
Narasaraopet,2010-10-29,2200.0,2100,2300
Narasaraopet,2010-10-30,2200.0,2100,2300
Narasaraopet,2010-10-31,2200.0,2100,2300
Narasaraopet,2010-11-01,2200.0,2100,2300
Narasaraopet,2010-11-02,2200.0,2100,2300
Narasaraopet,2010-11-05,2200.0,2100,2300
Narasaraopet,2010-11-06,2200.0,2100,2300
Narasaraopet,2010-11-08,2200.0,2100,2300
Narasaraopet,2010-11-09,2200.0,2100,2300
Narasaraopet,2010-11-10,2200.0,2100,2300
Narasaraopet,2010-11-11,2200.0,2100,2300
Narasaraopet,2010-11-13,2200.0,2100,2300
Narasaraopet,2010-11-14,2200.0,2100,2300
Narasaraopet,2010-11-15,2200.0,2100,2300
Narasaraopet,2010-11-16,2200.0,2100,2300
Narasaraopet,2010-11-17,2200.0,2100,2300
Narasaraopet,2010-11-18,2200.0,2100,2300
Narasaraopet,2010-11-19,2200.0,2100,2300
Narasaraopet,2010-11-20,2200.0,2100,2300
Narasaraopet,2010-11-22,2200.0,2100,2300
Narasaraopet,2010-11-24,2200.0,2100,2300
Narasaraopet,2010-11-25,2200.0,2100,2300
Narasaraopet,2010-11-27,2500.0,2400,2600
Narasaraopet,2010-11-28,2200.0,2100,2300
Narasaraopet,2010-11-29,2200.0,2100,2300
Narasaraopet,2010-12-01,2200.0,2100,2300
Narasaraopet,2010-12-02,2200.0,2100,2300
Narasaraopet,2010-12-05,2200.0,2100,2300
Narasaraopet,2010-12-06,2200.0,2100,2300
Narasaraopet,2010-12-07,2200.0,2100,2300
Narasaraopet,2010-12-08,2200.0,2100,2300
Narasaraopet,2010-12-09,2200.0,2100,2300
Narasaraopet,2010-12-10,2200.0,2100,2300
Narasaraopet,2010-12-11,2200.0,2100,2300
Narasaraopet,2010-12-14,2200.0,2100,2300
Narasaraopet,2010-12-16,2200.0,2100,2300
Narasaraopet,2010-12-18,2200.0,2100,2300
Narasaraopet,2010-12-19,2200.0,2100,2300
Narasaraopet,2010-12-20,2200.0,2100,2300
Narasaraopet,2010-12-21,2200.0,2100,2300
Narasaraopet,2010-12-24,2200.0,2100,2300
Narasaraopet,2010-12-25,2200.0,2100,2300
Narasaraopet,2010-12-26,2200.0,2100,2300
Narasaraopet,2010-12-27,2300.0,2200,2400
Narasaraopet,2010-12-29,2300.0,2200,2400
Narasaraopet,2010-12-30,2300.0,2200,2400
Narasaraopet,2010-12-31,2200.0,2100,2300
Narasaraopet,2011-01-01,2200.0,2100,2300
Narasaraopet,2011-01-02,2200.0,2100,2300
Narasaraopet,2011-01-04,2200.0,2100,2300
Narasaraopet,2011-01-07,2200.0,2100,2300
Narasaraopet,2011-01-10,2200.0,2100,2300
Narasaraopet,2011-01-11,2200.0,2100,2300
Narasaraopet,2011-01-12,2200.0,2100,2300
Narasaraopet,2011-01-16,2200.0,2100,2300
Narasaraopet,2011-01-22,2300.0,2200,2400
Narasaraopet,2011-01-23,2200.0,2100,2300
Narasaraopet,2011-01-31,2400.0,2300,2500
Narasaraopet,2011-02-02,2200.0,2100,2300
Narasaraopet,2011-02-05,2300.0,2200,2400
Narasaraopet,2011-02-06,2300.0,2200,2400
Narasaraopet,2011-02-07,2400.0,2300,2500
Narasaraopet,2011-02-11,2300.0,2200,2400
Narasaraopet,2011-02-12,2300.0,2200,2400
Narasaraopet,2011-02-13,2300.0,2200,2400
Narasaraopet,2011-02-15,2300.0,2200,2400
Narasaraopet,2011-02-21,2300.0,2200,2400
Narasaraopet,2011-02-24,2400.0,2300,2500
Narasaraopet,2011-02-25,2400.0,2200,2500
Narasaraopet,2011-02-28,2300.0,2200,2400
Narasaraopet,2011-03-02,2300.0,2200,2400
Narasaraopet,2011-03-03,2300.0,2200,2400
Narasaraopet,2011-03-05,2300.0,2200,2400
Narasaraopet,2011-03-07,2300.0,2200,2400
Narasaraopet,2011-03-09,2300.0,2200,2400
Narasaraopet,2011-03-15,2300.0,2200,2400
Narasaraopet,2011-03-16,2300.0,2200,2400
Narasaraopet,2011-03-19,2300.0,2200,2400
Narasaraopet,2011-03-22,2300.0,2200,2400
Narasaraopet,2011-03-23,2300.0,2200,2400
Narasaraopet,2011-03-24,2300.0,2200,2400
Narasaraopet,2011-03-25,2300.0,2200,2400
Narasaraopet,2011-03-27,2300.0,2200,2400
Narasaraopet,2011-04-05,2400.0,2300,2500
Narasaraopet,2011-04-06,2400.0,2300,2500
Narasaraopet,2011-04-07,2400.0,2300,2500
Narasaraopet,2011-04-08,2400.0,2300,2500
Narasaraopet,2011-04-09,2400.0,2300,2500
Narasaraopet,2011-04-10,2300.0,2200,2400
Narasaraopet,2011-04-13,2400.0,2300,2500
Narasaraopet,2011-04-16,2400.0,2300,2500
Narasaraopet,2011-04-17,2400.0,2300,2500
Narasaraopet,2011-04-18,2400.0,2300,2500
Narasaraopet,2011-04-19,2400.0,2300,2500
Narasaraopet,2011-04-20,2400.0,2300,2500
Narasaraopet,2011-04-21,2500.0,2400,2600
Narasaraopet,2011-04-24,2400.0,2300,2500
Narasaraopet,2011-04-26,2400.0,2300,2500
Narasaraopet,2011-04-30,2400.0,2300,2500
Narasaraopet,2011-05-04,2500.0,2400,2600
Narasaraopet,2011-05-06,2500.0,2400,2600
Narasaraopet,2011-05-07,2500.0,2400,2600
Narasaraopet,2011-05-10,2500.0,2400,2600
Narasaraopet,2011-05-11,2500.0,2400,2600
Narasaraopet,2011-05-12,2500.0,2400,2600
Narasaraopet,2011-05-13,2500.0,2400,2600
Narasaraopet,2011-05-14,2500.0,2400,2600
Narasaraopet,2011-05-16,2500.0,2400,2600
Narasaraopet,2011-05-17,2500.0,2400,2600
Narasaraopet,2011-05-18,2500.0,2400,2600
Narasaraopet,2011-05-20,2500.0,2400,2600
Narasaraopet,2011-05-21,2500.0,2400,2600
Narasaraopet,2011-05-22,2500.0,2400,2600
Narasaraopet,2011-05-23,2500.0,2400,2600
Narasaraopet,2011-05-25,2500.0,2400,2600
Narasaraopet,2011-05-27,2500.0,2400,2600
Narasaraopet,2011-05-28,2500.0,2400,2600
Narasaraopet,2011-05-29,2500.0,2400,2600
Narasaraopet,2011-06-02,2500.0,2400,2600
Narasaraopet,2011-06-07,2500.0,2400,2600
Narasaraopet,2011-06-08,2600.0,2500,2700
Narasaraopet,2011-06-10,2500.0,2400,2600
Narasaraopet,2011-06-14,2500.0,2400,2600
Narasaraopet,2011-06-16,2500.0,2400,2600
Narasaraopet,2011-06-17,2600.0,2500,2700
Narasaraopet,2011-06-18,2600.0,2500,2700
Narasaraopet,2011-06-19,2600.0,2500,2700
Narasaraopet,2011-06-21,2600.0,2500,2700
Narasaraopet,2011-06-22,2600.0,2500,2700
Narasaraopet,2011-06-23,2600.0,2500,2700
Narasaraopet,2011-06-25,2600.0,2500,2700
Narasaraopet,2011-06-27,2600.0,2500,2700
Narasaraopet,2011-06-28,2600.0,2500,2700
Narasaraopet,2011-06-29,2600.0,2500,2700
Narasaraopet,2011-06-30,2600.0,2500,2700
Narasaraopet,2011-07-02,2600.0,2500,2700
Narasaraopet,2011-07-06,2600.0,2500,2700
Narasaraopet,2011-07-07,2700.0,2600,2800
Narasaraopet,2011-07-08,2700.0,2600,2800
Narasaraopet,2011-07-09,2600.0,2500,2700
Narasaraopet,2011-07-11,2600.0,2500,2700
Narasaraopet,2011-07-13,2600.0,2500,2700
Narasaraopet,2011-07-15,2700.0,2600,2800
Narasaraopet,2011-07-16,2700.0,2600,2800
Narasaraopet,2011-07-18,2600.0,2500,2700
Narasaraopet,2011-07-20,2600.0,2500,2700
Narasaraopet,2011-07-22,2600.0,2500,2700
Narasaraopet,2011-07-24,2600.0,2500,2700
Narasaraopet,2011-07-25,2600.0,2500,2700
Narasaraopet,2011-07-27,2600.0,2500,2700
Narasaraopet,2011-07-29,2800.0,2700,2900
Narasaraopet,2011-08-02,2800.0,2700,2900
Narasaraopet,2011-08-03,2800.0,2700,2900
Narasaraopet,2011-08-07,2700.0,2600,2800
Narasaraopet,2011-08-08,2700.0,2600,2800
Narasaraopet,2011-08-09,2700.0,2600,2800
Narasaraopet,2011-08-11,2800.0,2700,2900
Narasaraopet,2011-08-13,2800.0,2700,2900
Narasaraopet,2011-08-14,2800.0,2700,2900
Narasaraopet,2011-08-15,2800.0,2700,2900
Narasaraopet,2011-08-18,2800.0,2700,2900
Narasaraopet,2011-08-22,2800.0,2700,2900
Narasaraopet,2011-08-23,2800.0,2700,2900
Narasaraopet,2011-08-24,2800.0,2700,2900
Narasaraopet,2011-08-25,2800.0,2700,2900
Narasaraopet,2011-08-27,2800.0,2700,2900
Narasaraopet,2011-08-29,2800.0,2700,2900
Narasaraopet,2011-09-02,2800.0,2700,2900
Narasaraopet,2011-09-03,2800.0,2700,2900
Narasaraopet,2011-09-04,2800.0,2700,2900
Narasaraopet,2011-09-05,2800.0,2700,2900
Narasaraopet,2011-09-06,2800.0,2700,2900
Narasaraopet,2011-09-07,2800.0,2700,2900
Narasaraopet,2011-09-09,2800.0,2700,2900
Narasaraopet,2011-09-11,2800.0,2700,2900
Narasaraopet,2011-09-12,2800.0,2700,2900
Narasaraopet,2011-09-13,2800.0,2700,2900
Narasaraopet,2011-09-14,2800.0,2700,2900
Narasaraopet,2011-09-16,2800.0,2700,2900
Narasaraopet,2011-09-17,2800.0,2700,2900
Narasaraopet,2011-09-19,2800.0,2700,2900
Narasaraopet,2011-09-21,2800.0,2700,2900
Narasaraopet,2011-09-22,2800.0,2700,2900
Narasaraopet,2011-09-23,2800.0,2700,2900
Narasaraopet,2011-09-24,2800.0,2700,2900
Narasaraopet,2011-09-25,2800.0,2700,2900
Narasaraopet,2011-09-27,2800.0,2700,2900
Narasaraopet,2011-09-28,2800.0,2700,2900
Narasaraopet,2011-09-30,2800.0,2700,2900
Narasaraopet,2011-10-01,2800.0,2700,2900
Narasaraopet,2011-10-02,2800.0,2700,2900
Narasaraopet,2011-10-04,2800.0,2700,2900
Narasaraopet,2011-10-05,2800.0,2700,2900
Narasaraopet,2011-10-06,2800.0,2700,2900
Narasaraopet,2011-10-07,2800.0,2700,2900
Narasaraopet,2011-10-08,2800.0,2700,2900
Narasaraopet,2011-10-09,2800.0,2700,2900
Narasaraopet,2011-10-10,2800.0,2700,2900
Narasaraopet,2011-10-11,2700.0,2600,2800
Narasaraopet,2011-10-12,2700.0,2600,2800
Narasaraopet,2011-10-13,2800.0,2700,2900
Narasaraopet,2011-10-14,2800.0,2700,2900
Narasaraopet,2011-10-15,2800.0,2700,2900
Narasaraopet,2011-10-17,2800.0,2700,2900
Narasaraopet,2011-10-19,2600.0,2500,2700
Narasaraopet,2011-10-21,2800.0,2700,2900
Narasaraopet,2011-10-23,2700.0,2600,2800
Narasaraopet,2011-10-25,2700.0,2600,2800
Narasaraopet,2011-10-26,2700.0,2600,2800
Narasaraopet,2011-10-27,2600.0,2500,2700
Narasaraopet,2011-10-28,2600.0,2500,2700
Narasaraopet,2011-10-29,2600.0,2500,2700
Narasaraopet,2011-10-30,2600.0,2500,2700
Narasaraopet,2011-11-02,2600.0,2500,2700
Narasaraopet,2011-11-03,2600.0,2500,2700
Narasaraopet,2011-11-04,2600.0,2500,2700
Narasaraopet,2011-11-05,2600.0,2500,2700
Narasaraopet,2011-11-06,2500.0,2400,2600
Narasaraopet,2011-11-07,2500.0,2400,2600
Narasaraopet,2011-11-09,2500.0,2400,2600
Narasaraopet,2011-11-13,2500.0,2400,2600
Narasaraopet,2011-11-14,2500.0,2400,2600
Narasaraopet,2011-11-15,2500.0,2400,2550
Narasaraopet,2011-11-17,2500.0,2400,2600
Narasaraopet,2011-11-18,2500.0,2400,2600
Narasaraopet,2011-11-20,2500.0,2400,2600
Narasaraopet,2011-11-21,2500.0,2400,2600
Narasaraopet,2011-11-22,2500.0,2400,2600
Narasaraopet,2011-11-23,2500.0,2400,2600
Narasaraopet,2011-11-24,2500.0,2400,2600
Narasaraopet,2011-11-25,2500.0,2400,2600
Narasaraopet,2011-11-26,2500.0,2400,2600
Narasaraopet,2011-11-29,2500.0,2400,2600
Narasaraopet,2011-11-30,2500.0,2400,2600
Narasaraopet,2011-12-01,2500.0,2400,2600
Narasaraopet,2011-12-02,2500.0,2400,2600
Narasaraopet,2011-12-03,2500.0,2400,2600
Narasaraopet,2011-12-05,2500.0,2400,2600
Narasaraopet,2011-12-06,2500.0,2400,2600
Narasaraopet,2011-12-07,2500.0,2400,2600
Narasaraopet,2011-12-08,2500.0,2400,2600
Narasaraopet,2011-12-10,2500.0,2400,2600
Narasaraopet,2011-12-11,2500.0,2400,2600
Narasaraopet,2011-12-12,2500.0,2400,2600
Narasaraopet,2011-12-13,2500.0,2400,2600
Narasaraopet,2011-12-18,2500.0,2400,2600
Narasaraopet,2011-12-19,2500.0,2400,2600
Narasaraopet,2011-12-20,2500.0,2400,2600
Narasaraopet,2011-12-21,2500.0,2400,2600
Narasaraopet,2011-12-22,2500.0,2400,2600
Narasaraopet,2011-12-23,2500.0,2400,2600
Narasaraopet,2011-12-24,2500.0,2400,2600
Narasaraopet,2011-12-25,2500.0,2400,2600
Narasaraopet,2011-12-26,2500.0,2400,2600
Narasaraopet,2011-12-27,2500.0,2400,2600
Narasaraopet,2011-12-29,2500.0,2400,2600
Narasaraopet,2012-01-01,2400.0,2300,2500
Narasaraopet,2012-01-03,2400.0,2300,2500
Narasaraopet,2012-01-04,2400.0,2300,2500
Narasaraopet,2012-01-05,2400.0,2300,2500
Narasaraopet,2012-01-06,2400.0,2300,2500
Narasaraopet,2012-01-07,2400.0,2300,2500
Narasaraopet,2012-01-10,2400.0,2300,2500
Narasaraopet,2012-01-12,2500.0,2400,2600
Narasaraopet,2012-01-13,2500.0,2400,2600
Narasaraopet,2012-01-14,2500.0,2400,2600
Narasaraopet,2012-01-15,2500.0,2400,2600
Narasaraopet,2012-01-16,2500.0,2400,2600
Narasaraopet,2012-01-18,2500.0,2400,2600
Narasaraopet,2012-01-20,2500.0,2400,2600
Narasaraopet,2012-01-22,2500.0,2400,2600
Narasaraopet,2012-01-25,2500.0,2400,2600
Narasaraopet,2012-01-27,2500.0,2400,2600
Narasaraopet,2012-01-28,2500.0,2400,2600
Narasaraopet,2012-01-29,2500.0,2400,2600
Narasaraopet,2012-01-30,2500.0,2400,2600
Narasaraopet,2012-02-02,2500.0,2400,2600
Narasaraopet,2012-02-04,2500.0,2400,2600
Narasaraopet,2012-02-05,2500.0,2400,2600
Narasaraopet,2012-02-08,2600.0,2500,2700
Narasaraopet,2012-02-09,2600.0,2500,2700
Narasaraopet,2012-02-10,2600.0,2500,2700
Narasaraopet,2012-02-12,2500.0,2400,2600
Narasaraopet,2012-02-13,2500.0,2400,2600
Narasaraopet,2012-02-14,2500.0,2400,2600
Narasaraopet,2012-02-15,2500.0,2400,2600
Narasaraopet,2012-02-16,2500.0,2400,2600
Narasaraopet,2012-02-19,2600.0,2500,2700
Narasaraopet,2012-02-20,2600.0,2500,2700
Narasaraopet,2012-02-21,2600.0,2500,2700
Narasaraopet,2012-02-23,2500.0,2400,2600
Narasaraopet,2012-02-26,2500.0,2400,2600
Narasaraopet,2012-02-27,2500.0,2400,2600
Narasaraopet,2012-03-02,2700.0,2600,2800
Narasaraopet,2012-03-03,2600.0,2500,2700
Narasaraopet,2012-03-04,2600.0,2500,2700
Narasaraopet,2012-03-05,2600.0,2500,2700
Narasaraopet,2012-03-06,2600.0,2500,2700
Narasaraopet,2012-03-07,2600.0,2500,2700
Narasaraopet,2012-03-10,2600.0,2500,2700
Narasaraopet,2012-03-12,2600.0,2500,2700
Narasaraopet,2012-03-14,2600.0,2500,2700
Narasaraopet,2012-03-17,2600.0,2500,2700
Narasaraopet,2012-03-18,2600.0,2500,2700
Narasaraopet,2012-03-21,2600.0,2500,2700
Narasaraopet,2012-03-22,2600.0,2500,2700
Narasaraopet,2012-03-23,2600.0,2500,2700
Narasaraopet,2012-03-25,2600.0,2500,2700
Narasaraopet,2012-03-26,2600.0,2500,2700
Narasaraopet,2012-03-28,2600.0,2500,2700
Narasaraopet,2012-03-30,2600.0,2500,2700
Narasaraopet,2012-03-31,2600.0,2500,2700
Narasaraopet,2012-04-01,2600.0,2500,2700
Narasaraopet,2012-04-04,2600.0,2500,2700
Narasaraopet,2012-04-05,2600.0,2500,2700
Narasaraopet,2012-04-06,2600.0,2500,2700
Narasaraopet,2012-04-10,2600.0,2500,2700
Narasaraopet,2012-04-14,2600.0,2500,2700
Narasaraopet,2012-04-15,2600.0,2500,2700
Narasaraopet,2012-04-16,2600.0,2500,2700
Narasaraopet,2012-04-18,2600.0,2500,2700
Narasaraopet,2012-04-19,2600.0,2500,2700
Narasaraopet,2012-04-21,2600.0,2500,2700
Narasaraopet,2012-04-24,2600.0,2500,2700
Narasaraopet,2012-04-26,2600.0,2500,2700
Narasaraopet,2012-04-28,2600.0,2500,2700
Narasaraopet,2012-04-30,2600.0,2500,2700
Narasaraopet,2012-05-01,2600.0,2500,2700
Narasaraopet,2012-05-02,2600.0,2500,2700
Narasaraopet,2012-05-03,2600.0,2500,2700
Narasaraopet,2012-05-04,2700.0,2600,2800
Narasaraopet,2012-05-05,2700.0,2600,2800
Narasaraopet,2012-05-06,2700.0,2600,2800
Narasaraopet,2012-05-10,2700.0,2600,2800
Narasaraopet,2012-05-11,2700.0,2600,2800
Narasaraopet,2012-05-12,2700.0,2600,2800
Narasaraopet,2012-05-14,2700.0,2600,2800
Narasaraopet,2012-05-15,2700.0,2600,2800
Narasaraopet,2012-05-16,2700.0,2600,2800
Narasaraopet,2012-05-18,2600.0,2500,2700
Narasaraopet,2012-05-20,2600.0,2500,2700
Narasaraopet,2012-05-21,2600.0,2500,2700
Narasaraopet,2012-05-23,2600.0,2500,2700
Narasaraopet,2012-05-24,2700.0,2600,2800
Narasaraopet,2012-05-25,2700.0,2600,2800
Narasaraopet,2012-05-27,2700.0,2600,2800
Narasaraopet,2012-05-29,2700.0,2600,2800
Narasaraopet,2012-06-01,2000.0,1900,2100
Narasaraopet,2012-06-02,2600.0,2500,2700
Narasaraopet,2012-06-05,2600.0,2500,2700
Narasaraopet,2012-06-07,2600.0,2500,2700
Narasaraopet,2012-06-09,2600.0,2500,2700
Narasaraopet,2012-06-10,2600.0,2500,2700
Narasaraopet,2012-06-13,2600.0,2500,2700
Narasaraopet,2012-06-16,2600.0,2500,2700
Narasaraopet,2012-06-20,2600.0,2500,2700
Narasaraopet,2012-06-28,2600.0,2500,2700
Narasaraopet,2012-06-29,2600.0,2500,2700
Narasaraopet,2012-06-30,2600.0,2500,2700
Narasaraopet,2012-07-02,2600.0,2500,2700
Narasaraopet,2012-07-03,2600.0,2500,2700
Narasaraopet,2012-07-04,2800.0,2700,2900
Narasaraopet,2012-07-05,2800.0,2700,2900
Narasaraopet,2012-07-06,2800.0,2700,2900
Narasaraopet,2012-07-08,2800.0,2700,2900
Narasaraopet,2012-07-10,2700.0,2600,2800
Narasaraopet,2012-07-12,2700.0,2600,2800
Narasaraopet,2012-07-13,2700.0,2600,2800
Narasaraopet,2012-07-15,2700.0,2600,2800
Narasaraopet,2012-07-18,2700.0,2600,2800
Narasaraopet,2012-07-21,2800.0,2700,2900
Narasaraopet,2012-07-22,2800.0,2700,2900
Narasaraopet,2012-07-23,2700.0,2600,2800
Narasaraopet,2012-07-24,2700.0,2600,2800
Narasaraopet,2012-07-25,2700.0,2600,2800
Narasaraopet,2012-07-26,2800.0,2700,2900
Narasaraopet,2012-07-30,2800.0,2700,2900
Narasaraopet,2012-08-01,2800.0,2700,2900
Narasaraopet,2012-08-04,2800.0,2700,2900
Narasaraopet,2012-08-05,2900.0,2800,3000
Narasaraopet,2012-08-06,2900.0,2800,3000
Narasaraopet,2012-08-07,2900.0,2800,3000
Narasaraopet,2012-08-08,2900.0,2800,3000
Narasaraopet,2012-08-12,2900.0,2800,3000
Narasaraopet,2012-08-13,2900.0,2800,3000
Narasaraopet,2012-08-18,2900.0,2800,3000
Narasaraopet,2012-08-20,2900.0,2800,3000
Narasaraopet,2012-08-21,2900.0,2800,3000
Narasaraopet,2012-08-23,2900.0,2800,3000
Narasaraopet,2012-08-27,2900.0,2800,3000
Narasaraopet,2012-08-28,2900.0,2800,3000
Narasaraopet,2012-08-30,2900.0,2800,3000
Narasaraopet,2012-08-31,2900.0,2800,3000
Narasaraopet,2012-09-01,3000.0,2900,3100
Narasaraopet,2012-09-02,2900.0,2800,3000
Narasaraopet,2012-09-04,3000.0,2900,3100
Narasaraopet,2012-09-05,3000.0,2900,3100
Narasaraopet,2012-09-06,3000.0,2900,3100
Narasaraopet,2012-09-07,3000.0,2900,3100
Narasaraopet,2012-09-10,3000.0,2900,3100
Narasaraopet,2012-09-11,2900.0,2800,3000
Narasaraopet,2012-09-12,3000.0,2900,3100
Narasaraopet,2012-09-13,3000.0,2900,3100
Narasaraopet,2012-09-19,3000.0,2900,3100
Narasaraopet,2012-09-20,3000.0,2900,3100
Narasaraopet,2012-09-23,3000.0,2900,3100
Narasaraopet,2012-09-25,3000.0,2900,3100
Narasaraopet,2012-09-26,3000.0,2900,3100
Narasaraopet,2012-09-27,3000.0,2900,3100
Narasaraopet,2012-09-28,3000.0,2900,3100
Narasaraopet,2012-09-29,3000.0,2900,3100
Narasaraopet,2012-09-30,3000.0,2900,3100
Narasaraopet,2012-10-02,3000.0,2900,3100
Narasaraopet,2012-10-03,3000.0,2900,3100
Narasaraopet,2012-10-09,3000.0,2900,3100
Narasaraopet,2012-10-10,3000.0,2900,3100
Narasaraopet,2012-10-11,3100.0,3000,3200
Narasaraopet,2012-10-14,3100.0,3000,3200
Narasaraopet,2012-10-21,3000.0,2900,3100
Narasaraopet,2012-10-24,3000.0,2900,3100
Narasaraopet,2012-10-25,3000.0,2900,3100
Narasaraopet,2012-10-27,3000.0,2900,3100
Narasaraopet,2012-11-05,3100.0,3000,3200
Narasaraopet,2012-11-06,3100.0,3000,3200
Narasaraopet,2012-11-07,3100.0,3000,3200
Narasaraopet,2012-11-08,3100.0,3000,3200
Narasaraopet,2012-11-10,3100.0,3000,3200
Narasaraopet,2012-11-11,3100.0,3000,3200
Narasaraopet,2012-11-12,3100.0,3000,3200
Narasaraopet,2012-11-13,3100.0,3000,3200
Narasaraopet,2012-11-14,3100.0,3000,3200
Narasaraopet,2012-11-15,3100.0,3000,3200
Narasaraopet,2012-11-16,3100.0,3000,3200
Narasaraopet,2012-11-17,3100.0,3000,3200
Narasaraopet,2012-11-18,3100.0,3000,3200
Narasaraopet,2012-11-19,3100.0,3000,3200
Narasaraopet,2012-11-20,3100.0,3000,3200
Narasaraopet,2012-11-21,3100.0,3000,3200
Narasaraopet,2012-11-24,3100.0,3000,3200
Narasaraopet,2012-11-27,3000.0,2900,3100
Narasaraopet,2012-11-30,3100.0,3000,3200
Narasaraopet,2012-12-01,3100.0,3000,3200
Narasaraopet,2012-12-03,3100.0,3000,3200
Narasaraopet,2012-12-04,3100.0,3000,3200
Narasaraopet,2012-12-05,3100.0,3000,3200
Narasaraopet,2012-12-09,3100.0,3000,3200
Narasaraopet,2012-12-12,3100.0,3000,3200
Narasaraopet,2012-12-13,3100.0,3000,3200
Narasaraopet,2012-12-15,3300.0,3200,3400
Narasaraopet,2012-12-16,1400.0,1280,1530
Narasaraopet,2012-12-17,3300.0,3200,3400
Narasaraopet,2012-12-19,3300.0,3200,3400
Narasaraopet,2012-12-20,3300.0,3200,3400
Narasaraopet,2012-12-23,3300.0,3200,3400
Narasaraopet,2012-12-25,3300.0,3200,3400
Narasaraopet,2012-12-27,3300.0,3200,3400
Narasaraopet,2012-12-29,3300.0,3200,3400
Narasaraopet,2012-12-30,3300.0,3200,3400
Narasaraopet,2012-12-31,3200.0,3100,3300
Narasaraopet,2013-01-02,3400.0,3300,3500
Narasaraopet,2013-01-03,3400.0,3300,3500
Narasaraopet,2013-01-05,3400.0,3300,3500
Narasaraopet,2013-01-07,3500.0,3400,3600
Narasaraopet,2013-01-08,3500.0,3400,3600
Narasaraopet,2013-01-09,3500.0,3400,3600
Narasaraopet,2013-01-10,3500.0,3400,3600
Narasaraopet,2013-01-13,3500.0,3400,3600
Narasaraopet,2013-01-15,3500.0,3400,3600
Narasaraopet,2013-01-21,3500.0,3400,3600
Narasaraopet,2013-01-22,3500.0,3400,3600
Narasaraopet,2013-01-23,3500.0,3400,3600
Narasaraopet,2013-01-24,3500.0,3400,3600
Narasaraopet,2013-01-25,3500.0,3400,3600
Narasaraopet,2013-01-26,3500.0,3400,3600
Narasaraopet,2013-01-27,3500.0,3400,3600
Narasaraopet,2013-01-28,3500.0,3400,3600
Narasaraopet,2013-01-29,3500.0,3400,3600
Narasaraopet,2013-01-31,3500.0,3400,3600
Narasaraopet,2013-02-01,3700.0,3600,3800
Narasaraopet,2013-02-02,3700.0,3600,3800
Narasaraopet,2013-02-03,3600.0,3500,3700
Narasaraopet,2013-02-04,3700.0,3600,3800
Narasaraopet,2013-02-05,4400.0,4300,4500
Narasaraopet,2013-02-06,3700.0,3600,3800
Narasaraopet,2013-02-07,3700.0,3600,3800
Narasaraopet,2013-02-08,3700.0,3600,3800
Narasaraopet,2013-02-10,3600.0,3500,3700
Narasaraopet,2013-02-11,3700.0,3600,3800
Narasaraopet,2013-02-12,3700.0,3600,3800
Narasaraopet,2013-02-13,3700.0,3600,3800
Narasaraopet,2013-02-15,3700.0,3600,3800
Narasaraopet,2013-02-16,3700.0,3600,3800
Narasaraopet,2013-02-17,3700.0,3600,3800
Narasaraopet,2013-02-19,3700.0,3600,3800
Narasaraopet,2013-02-20,3700.0,3600,3800
Narasaraopet,2013-02-22,3700.0,3600,3800
Narasaraopet,2013-02-24,3800.0,3700,3900
Narasaraopet,2013-02-26,3900.0,3800,4000
Narasaraopet,2013-02-27,3900.0,3800,4000
Narasaraopet,2013-03-01,3900.0,3800,4000
Narasaraopet,2013-03-02,3900.0,3800,4000
Narasaraopet,2013-03-03,3900.0,3800,4000
Narasaraopet,2013-03-06,3900.0,3800,4000
Narasaraopet,2013-03-07,3900.0,3800,4000
Narasaraopet,2013-03-09,3900.0,3800,4000
Narasaraopet,2013-03-11,3900.0,3800,4000
Narasaraopet,2013-03-12,3900.0,3800,4000
Narasaraopet,2013-03-13,3800.0,3700,3900
Narasaraopet,2013-03-14,3900.0,3800,4000
Narasaraopet,2013-03-15,3900.0,3800,4000
Narasaraopet,2013-03-16,3900.0,3800,4000
Narasaraopet,2013-03-17,3900.0,3800,4000
Narasaraopet,2013-03-18,3900.0,3800,4000
Narasaraopet,2013-03-19,3900.0,3800,4000
Narasaraopet,2013-03-20,3900.0,3800,4000
Narasaraopet,2013-03-21,3900.0,3800,4000
Narasaraopet,2013-03-23,3800.0,3700,3900
Narasaraopet,2013-03-24,3800.0,3700,3900
Narasaraopet,2013-03-26,3900.0,3800,4000
Narasaraopet,2013-03-27,3900.0,3800,4000
Narasaraopet,2013-03-28,3900.0,3800,4000
Narasaraopet,2013-03-29,3900.0,3800,4000
Narasaraopet,2013-03-30,3900.0,3800,4000
Narasaraopet,2013-03-31,3900.0,3800,4000
Narasaraopet,2013-04-01,4100.0,4000,4200
Narasaraopet,2013-04-05,4100.0,4000,4200
Narasaraopet,2013-04-06,4100.0,4000,4200
Narasaraopet,2013-04-07,4100.0,4000,4200
Narasaraopet,2013-04-08,4100.0,4000,4200
Narasaraopet,2013-04-10,4100.0,4000,4200
Narasaraopet,2013-04-11,4100.0,4000,4200
Narasaraopet,2013-04-12,4100.0,4000,4200
Narasaraopet,2013-04-13,4100.0,4000,4200
Narasaraopet,2013-04-15,4100.0,4000,4200
Narasaraopet,2013-04-16,4100.0,4000,4200
Narasaraopet,2013-04-17,4100.0,4000,4200
Narasaraopet,2013-04-19,3900.0,3800,4000
Narasaraopet,2013-04-21,3900.0,3800,4000
Narasaraopet,2013-04-23,3900.0,3800,4000
Narasaraopet,2013-04-24,3900.0,3800,4000
Narasaraopet,2013-04-26,3900.0,3800,4000
Narasaraopet,2013-04-27,3900.0,3800,4000
Narasaraopet,2013-04-28,3900.0,3800,4000
Narasaraopet,2013-04-29,3900.0,3800,4000
Narasaraopet,2013-04-30,3900.0,3800,4000
Narasaraopet,2013-05-01,4100.0,4000,4200
Narasaraopet,2013-05-04,4100.0,4000,4200
Narasaraopet,2013-05-06,4100.0,4000,4200
Narasaraopet,2013-05-07,4100.0,4000,4200
Narasaraopet,2013-05-08,4100.0,4000,4200
Narasaraopet,2013-05-09,4100.0,4000,4200
Narasaraopet,2013-05-10,4100.0,4000,4200
Narasaraopet,2013-05-11,4100.0,4000,4200
Narasaraopet,2013-05-12,4100.0,4000,4200
Narasaraopet,2013-05-14,4100.0,4000,4200
Narasaraopet,2013-05-15,4100.0,4000,4200
Narasaraopet,2013-05-16,4100.0,4000,4200
Narasaraopet,2013-05-17,4100.0,4000,4200
Narasaraopet,2013-05-18,4100.0,4000,4200
Narasaraopet,2013-05-20,4200.0,4100,4300
Narasaraopet,2013-05-22,4500.0,4400,4600
Narasaraopet,2013-05-25,4300.0,4200,4400
Narasaraopet,2013-05-26,4300.0,4200,4400
Narasaraopet,2013-05-27,4300.0,4200,4400
Narasaraopet,2013-05-28,4300.0,4200,4400
Narasaraopet,2013-05-29,4300.0,4200,4400
Narasaraopet,2013-06-01,4500.0,4400,4600
Narasaraopet,2013-06-02,4500.0,4400,4600
Narasaraopet,2013-06-03,4500.0,4400,4600
Narasaraopet,2013-06-05,4500.0,4400,4600
Narasaraopet,2013-06-07,4500.0,4400,4600
Narasaraopet,2013-06-08,4500.0,4400,4600
Narasaraopet,2013-06-09,4500.0,4400,4600
Narasaraopet,2013-06-10,4500.0,4400,4600
Narasaraopet,2013-06-12,4500.0,4400,4600
Narasaraopet,2013-06-13,4500.0,4400,4600
Narasaraopet,2013-06-16,4500.0,4400,4600
Narasaraopet,2013-06-18,4500.0,4400,4600
Narasaraopet,2013-06-19,4500.0,4400,4600
Narasaraopet,2013-06-20,4500.0,4400,4600
Narasaraopet,2013-06-22,4700.0,4600,4800
Narasaraopet,2013-06-23,4700.0,4600,4800
Narasaraopet,2013-06-24,4700.0,4600,4800
Narasaraopet,2013-06-25,4700.0,4600,4800
Narasaraopet,2013-06-26,4700.0,4600,4800
Narasaraopet,2013-06-27,4700.0,4600,4800
Narasaraopet,2013-06-28,4600.0,4500,4700
Narasaraopet,2013-06-29,4600.0,4500,4700
Narasaraopet,2013-07-02,4600.0,4500,4700
Narasaraopet,2013-07-03,4600.0,4500,4700
Narasaraopet,2013-07-04,4600.0,4500,4700
Narasaraopet,2013-07-07,4600.0,4500,4700
Narasaraopet,2013-07-08,4600.0,4500,4700
Narasaraopet,2013-07-09,4600.0,4500,4700
Narasaraopet,2013-07-10,4600.0,4500,4700
Narasaraopet,2013-07-13,4700.0,4600,4800
Narasaraopet,2013-07-14,4700.0,4600,4800
Narasaraopet,2013-07-15,4700.0,4600,4800
Narasaraopet,2013-07-16,4700.0,4600,4800
Narasaraopet,2013-07-17,4700.0,4600,4800
Narasaraopet,2013-07-18,4600.0,4500,4700
Narasaraopet,2013-07-20,4600.0,4500,4700
Narasaraopet,2013-07-21,4500.0,4400,4600
Narasaraopet,2013-07-22,4500.0,4400,4600
Narasaraopet,2013-07-23,4500.0,4400,4600
Narasaraopet,2013-07-24,4600.0,4500,4700
Narasaraopet,2013-07-25,4600.0,4500,4700
Narasaraopet,2013-07-27,4400.0,4300,4500
Narasaraopet,2013-07-30,4400.0,4300,4500
Narasaraopet,2013-07-31,4400.0,4300,4500
Narasaraopet,2013-08-01,4200.0,4100,4300
Narasaraopet,2013-08-02,4200.0,4100,4300
Narasaraopet,2013-08-03,4200.0,4100,4300
Narasaraopet,2013-08-04,4200.0,4100,4300
Narasaraopet,2013-08-05,4200.0,4100,4300
Narasaraopet,2013-08-06,4300.0,4200,4400
Narasaraopet,2013-08-08,4200.0,4100,4300
Narasaraopet,2013-08-10,4200.0,4100,4300
Narasaraopet,2013-08-11,4200.0,4100,4300
Narasaraopet,2013-08-12,4400.0,4300,4500
Narasaraopet,2013-08-13,4400.0,4300,4500
Narasaraopet,2013-08-14,4400.0,4300,4500
Narasaraopet,2013-08-15,4400.0,4300,4500
Narasaraopet,2013-08-16,4200.0,4100,4300
Narasaraopet,2013-08-17,4200.0,4100,4300
Narasaraopet,2013-08-19,4200.0,4100,4300
Narasaraopet,2013-08-21,4500.0,4400,4600
Narasaraopet,2013-08-23,4500.0,4400,4600
Narasaraopet,2013-08-25,4500.0,4400,4600
Narasaraopet,2013-08-26,4500.0,4400,4600
Narasaraopet,2013-08-27,4500.0,4400,4600
Narasaraopet,2013-08-30,4500.0,4400,4600
Narasaraopet,2013-08-31,4500.0,4400,4600
Narasaraopet,2013-09-01,4500.0,4400,4600
Narasaraopet,2013-09-02,4500.0,4400,4600
Narasaraopet,2013-09-03,4500.0,4400,4600
Narasaraopet,2013-09-04,4500.0,4400,4600
Narasaraopet,2013-09-05,4500.0,4400,4600
Narasaraopet,2013-09-06,4500.0,4400,4600
Narasaraopet,2013-09-07,4500.0,4400,4600
Narasaraopet,2013-09-09,4500.0,4400,4600
Narasaraopet,2013-09-10,4500.0,4400,4600
Narasaraopet,2013-09-11,4500.0,4400,4600
Narasaraopet,2013-09-12,4500.0,4400,4600
Narasaraopet,2013-09-13,4500.0,4400,4600
Narasaraopet,2013-09-14,4500.0,4400,4600
Narasaraopet,2013-09-15,4500.0,4400,4600
Narasaraopet,2013-09-16,4500.0,4400,4600
Narasaraopet,2013-09-17,4500.0,4400,4600
Narasaraopet,2013-09-18,4500.0,4400,4600
Narasaraopet,2013-09-19,4500.0,4400,4600
Narasaraopet,2013-11-01,3900.0,3800,4000
Narasaraopet,2013-11-03,3900.0,3800,4000
Narasaraopet,2013-11-04,3900.0,3800,4000
Narasaraopet,2013-11-06,3900.0,3800,4000
Narasaraopet,2013-11-07,3900.0,3800,4000
Narasaraopet,2013-11-10,3900.0,3800,4000
Narasaraopet,2013-11-11,3900.0,3800,4000
Narasaraopet,2013-11-12,3900.0,3800,4000
Narasaraopet,2013-11-13,3900.0,3800,4000
Narasaraopet,2013-11-15,4100.0,4000,4200
Narasaraopet,2013-11-16,3900.0,3800,4000
Narasaraopet,2013-11-18,4000.0,3900,4100
Narasaraopet,2013-11-19,4000.0,3900,4100
Narasaraopet,2013-11-21,3900.0,3800,4000
Narasaraopet,2013-11-22,3900.0,3800,4000
Narasaraopet,2013-11-23,3900.0,3800,4000
Narasaraopet,2013-11-26,4100.0,4000,4200
Narasaraopet,2013-11-27,4100.0,4000,4200
Narasaraopet,2013-11-28,4100.0,4000,4200
Narasaraopet,2013-11-29,4100.0,4000,4200
Narasaraopet,2013-11-30,4100.0,4000,4200
Narasaraopet,2013-12-01,4100.0,4000,4200
Narasaraopet,2013-12-02,4100.0,4000,4200
Narasaraopet,2013-12-03,4100.0,4000,4200
Narasaraopet,2013-12-04,4100.0,4000,4200
Narasaraopet,2013-12-05,4100.0,4000,4200
Narasaraopet,2013-12-08,4100.0,4000,4200
Narasaraopet,2013-12-09,4100.0,4000,4200
Narasaraopet,2013-12-10,4100.0,4000,4200
Narasaraopet,2013-12-11,4100.0,4000,4200
Narasaraopet,2013-12-12,4100.0,4000,4200
Narasaraopet,2013-12-13,4100.0,4000,4200
Narasaraopet,2013-12-14,4100.0,4000,4200
Narasaraopet,2013-12-15,4100.0,4000,4200
Narasaraopet,2013-12-17,4100.0,4000,4200
Narasaraopet,2013-12-21,4200.0,4100,4300
Narasaraopet,2013-12-22,4300.0,4200,4400
Narasaraopet,2013-12-23,4400.0,4300,4500
Narasaraopet,2013-12-24,4200.0,4100,4300
Narasaraopet,2014-01-02,4100.0,4000,4200
Narasaraopet,2014-01-03,4100.0,4000,4200
Narasaraopet,2014-01-04,4100.0,4000,4200
Narasaraopet,2014-01-05,4100.0,4000,4200
Narasaraopet,2014-01-06,4100.0,4000,4200
Narasaraopet,2014-01-08,4100.0,3900,4200
Narasaraopet,2014-01-09,4100.0,4000,4200
Narasaraopet,2014-01-12,4100.0,4000,4200
Narasaraopet,2014-01-14,4100.0,4000,4200
Narasaraopet,2014-01-17,4100.0,4000,4200
Narasaraopet,2014-01-19,4100.0,4000,4200
Narasaraopet,2014-01-20,4100.0,4000,4200
Narasaraopet,2014-01-21,4100.0,4000,4200
Narasaraopet,2014-01-24,4100.0,4000,4200
Narasaraopet,2014-01-25,4200.0,4100,4300
Narasaraopet,2014-01-29,4100.0,4000,4200
Narasaraopet,2014-02-01,4100.0,4000,4200
Narasaraopet,2014-02-02,4100.0,4000,4200
Narasaraopet,2014-02-08,4100.0,4000,4200
Narasaraopet,2014-02-09,4100.0,4000,4200
Narasaraopet,2014-02-11,4100.0,4000,4200
Narasaraopet,2014-02-12,4100.0,4000,4200
Narasaraopet,2014-02-14,4100.0,4000,4200
Narasaraopet,2014-02-15,4100.0,4000,4200
Narasaraopet,2014-02-18,4100.0,4000,4200
Narasaraopet,2014-02-19,4100.0,4000,4200
Narasaraopet,2014-02-22,4100.0,4000,4200
Narasaraopet,2014-02-24,4100.0,4000,4200
Narasaraopet,2014-03-03,4100.0,4000,4200
Narasaraopet,2014-03-04,4100.0,4000,4200
Narasaraopet,2014-03-06,4100.0,4000,4200
Narasaraopet,2014-03-07,4100.0,4000,4200
Narasaraopet,2014-03-08,4100.0,4000,4200
Narasaraopet,2014-03-09,4100.0,4000,4200
Narasaraopet,2014-03-10,4100.0,4000,4200
Narasaraopet,2014-03-11,4100.0,4000,4200
Narasaraopet,2014-03-12,4100.0,4000,4200
Narasaraopet,2014-03-17,4100.0,4000,4200
Narasaraopet,2014-03-21,4200.0,4100,4300
Narasaraopet,2014-03-22,1750.0,1700,1800
Narasaraopet,2014-03-24,4100.0,4000,4200
Narasaraopet,2014-03-27,4100.0,4000,4200
Narasaraopet,2014-04-01,4100.0,4000,4200
Narasaraopet,2014-04-05,4100.0,4000,4200
Narasaraopet,2014-04-07,4100.0,4000,4200
Narasaraopet,2014-04-08,4100.0,4000,4200
Narasaraopet,2014-04-13,4100.0,4000,4200
Narasaraopet,2014-04-17,4100.0,4000,4200
Narasaraopet,2014-04-19,4200.0,4100,4300
Narasaraopet,2014-04-22,4200.0,4100,4300
Narasaraopet,2014-04-23,4100.0,4000,4200
Narasaraopet,2014-04-24,4100.0,4000,4200
Narasaraopet,2014-05-01,4100.0,4000,4200
Narasaraopet,2014-05-02,4400.0,4300,4500
Narasaraopet,2014-05-05,4200.0,4100,4300
Narasaraopet,2014-05-06,4200.0,4100,4300
Narasaraopet,2014-05-07,4200.0,4100,4300
Narasaraopet,2014-05-08,4200.0,4100,4300
Narasaraopet,2014-05-09,4200.0,4100,4300
Narasaraopet,2014-05-11,4200.0,4100,4300
Narasaraopet,2014-05-12,4200.0,4100,4300
Narasaraopet,2014-05-17,4200.0,4100,4300
Narasaraopet,2014-06-02,4400.0,4300,4500
Narasaraopet,2014-06-04,4400.0,4300,4500
Narasaraopet,2014-06-05,4300.0,4200,4400
Narasaraopet,2014-06-07,4400.0,4300,4500
Narasaraopet,2014-06-08,4400.0,4300,4500
Narasaraopet,2014-06-09,4400.0,4300,4500
Narasaraopet,2014-06-10,4400.0,4300,4500
Narasaraopet,2014-06-11,4500.0,4400,4600
Narasaraopet,2014-06-14,4500.0,4400,4600
Narasaraopet,2014-06-15,4500.0,4400,4600
Narasaraopet,2014-06-17,4500.0,4400,4600
Narasaraopet,2014-06-18,4500.0,4400,4600
Narasaraopet,2014-06-19,4500.0,4400,4600
Narasaraopet,2014-06-20,4500.0,4400,4600
Narasaraopet,2014-06-22,4500.0,4400,4600
Narasaraopet,2014-06-24,4400.0,4300,4500
Narasaraopet,2014-06-25,4400.0,4300,4500
Narasaraopet,2014-06-26,4400.0,4300,4500
Narasaraopet,2014-06-27,4400.0,4300,4500
Narasaraopet,2014-06-29,4400.0,4300,4500
Narasaraopet,2014-07-09,4300.0,4200,4400
Narasaraopet,2014-07-10,4100.0,4000,4200
Narasaraopet,2014-07-12,4200.0,4100,4300
Narasaraopet,2014-07-13,4200.0,4100,4300
Narasaraopet,2014-07-15,4200.0,4100,4300
Narasaraopet,2014-07-16,4200.0,4100,4300
Narasaraopet,2014-07-17,4300.0,4200,4400
Narasaraopet,2014-07-20,4300.0,4200,4400
Narasaraopet,2014-07-22,4500.0,4400,4600
Narasaraopet,2014-07-24,4400.0,4300,4500
Narasaraopet,2014-07-27,4400.0,4300,4500
Narasaraopet,2014-07-28,4500.0,4400,4600
Narasaraopet,2014-07-29,4400.0,4300,4500
Narasaraopet,2014-07-31,4500.0,4400,4600
Narasaraopet,2014-08-01,4400.0,4300,4500
Narasaraopet,2014-08-03,4400.0,4300,4500
Narasaraopet,2014-08-05,4500.0,4400,4600
Narasaraopet,2014-08-06,4500.0,4400,4600
Narasaraopet,2014-08-08,4500.0,4400,4600
Narasaraopet,2014-08-10,4500.0,4400,4600
Narasaraopet,2014-08-11,4400.0,4300,4500
Narasaraopet,2014-08-12,4400.0,4300,4500
Narasaraopet,2014-08-14,4400.0,4300,4500
Narasaraopet,2014-08-15,4400.0,4300,4500
Narasaraopet,2014-08-16,4400.0,4300,4500
Narasaraopet,2014-08-17,4400.0,4300,4500
Narasaraopet,2014-08-19,4500.0,4400,4600
Narasaraopet,2014-08-20,4400.0,4300,4500
Narasaraopet,2014-08-21,4500.0,4400,4600
Narasaraopet,2014-08-22,4500.0,4400,4600
Narasaraopet,2014-08-24,4400.0,4300,4500
Narasaraopet,2014-08-25,4400.0,4300,4500
Narasaraopet,2014-08-27,4300.0,4200,4400
Narasaraopet,2014-08-28,4300.0,4200,4400
Narasaraopet,2014-08-29,4300.0,4200,4400
Narasaraopet,2014-08-31,4200.0,4100,4300
Narasaraopet,2014-09-03,4200.0,4100,4300
Narasaraopet,2014-09-04,4100.0,4000,4200
Narasaraopet,2014-09-06,4100.0,4000,4200
Narasaraopet,2014-09-07,4200.0,4100,4300
Narasaraopet,2014-09-08,4200.0,4100,4300
Narasaraopet,2014-09-09,4100.0,4000,4200
Narasaraopet,2014-09-10,4100.0,4000,4200
Narasaraopet,2014-09-12,4100.0,4000,4200
Narasaraopet,2014-09-14,4100.0,4000,4200
Narasaraopet,2014-09-16,4100.0,4000,4200
Narasaraopet,2014-09-19,4100.0,4000,4200
Narasaraopet,2014-09-20,4100.0,4000,4200
Narasaraopet,2014-09-22,4100.0,4000,4200
Narasaraopet,2014-09-25,4000.0,3900,4100
Narasaraopet,2014-09-26,4000.0,3900,4100
Narasaraopet,2014-09-27,4100.0,4000,4200
Narasaraopet,2014-09-28,4100.0,4000,4200
Narasaraopet,2014-09-29,4100.0,4000,4200
Narasaraopet,2014-10-02,3900.0,3800,4000
Narasaraopet,2014-10-05,4000.0,3900,4100
Narasaraopet,2014-10-06,4000.0,3900,4100
Narasaraopet,2014-10-07,4100.0,4000,4200
Narasaraopet,2014-10-10,4100.0,4000,4200
Narasaraopet,2014-10-11,4100.0,4000,4200
Narasaraopet,2014-10-12,4100.0,4000,4200
Narasaraopet,2014-10-16,4000.0,3900,4100
Narasaraopet,2014-10-24,4000.0,3900,4100
Narasaraopet,2014-10-29,3900.0,3800,4000
Narasaraopet,2014-10-30,3900.0,3800,4000
Narasaraopet,2014-10-31,4000.0,3900,4100
Narasaraopet,2014-11-03,4000.0,3900,4100
Narasaraopet,2014-11-05,4000.0,3900,4100
Narasaraopet,2014-11-06,4000.0,3900,4100
Narasaraopet,2014-11-07,4000.0,3900,4100
Narasaraopet,2014-11-08,3900.0,3800,4000
Narasaraopet,2014-11-10,3900.0,3800,4000
Narasaraopet,2014-11-11,3900.0,3800,4000
Narasaraopet,2014-11-12,3900.0,3800,4000
Narasaraopet,2014-11-14,4000.0,3900,4100
Narasaraopet,2014-11-15,4000.0,3900,4100
Narasaraopet,2014-11-16,4000.0,3900,4100
Narasaraopet,2014-11-19,4000.0,3900,4100
Narasaraopet,2014-11-20,4000.0,3900,4100
Narasaraopet,2014-11-21,4000.0,3900,4100
Narasaraopet,2014-11-22,4000.0,3900,4100
Narasaraopet,2014-11-23,4000.0,3900,4100
Narasaraopet,2014-11-26,4000.0,3900,4100
Narasaraopet,2014-11-27,4000.0,3800,4100
Narasaraopet,2014-12-01,4000.0,3900,4100
Narasaraopet,2014-12-02,4000.0,3900,4100
Narasaraopet,2014-12-06,4000.0,3900,4100
Narasaraopet,2014-12-07,4000.0,3900,4100
Narasaraopet,2014-12-09,4000.0,3900,4100
Narasaraopet,2014-12-10,4100.0,4000,4200
Narasaraopet,2014-12-12,4100.0,4000,4200
Narasaraopet,2014-12-15,4200.0,4100,4300
Narasaraopet,2014-12-18,4200.0,4100,4300
Narasaraopet,2015-01-08,4100.0,4000,4200
Narasaraopet,2015-01-10,4100.0,4000,4200
Narasaraopet,2015-01-13,4100.0,4000,4200
Narasaraopet,2015-01-19,4200.0,4100,4300
Narasaraopet,2015-01-20,4000.0,3900,4100
Narasaraopet,2015-01-25,3900.0,3800,4000
Narasaraopet,2015-01-26,3900.0,3800,4000
Narasaraopet,2015-01-27,3900.0,3600,4000
Narasaraopet,2015-01-29,3900.0,3800,4000
Narasaraopet,2015-01-30,3900.0,3800,4000
Narasaraopet,2015-02-02,4000.0,3900,4100
Narasaraopet,2015-02-04,4000.0,3900,4100
Narasaraopet,2015-02-07,4000.0,3900,4100
Narasaraopet,2015-02-13,4000.0,3900,4100
Narasaraopet,2015-02-21,4000.0,3900,4100
Narasaraopet,2015-02-23,4100.0,4000,4200
Narasaraopet,2015-02-24,4100.0,4000,4200
Narasaraopet,2015-02-25,4100.0,4000,4200
Narasaraopet,2015-02-26,4100.0,4000,4200
Narasaraopet,2015-02-27,4100.0,4000,4200
Narasaraopet,2015-03-02,4100.0,4000,4200
Narasaraopet,2015-03-08,4100.0,4000,4200
Narasaraopet,2015-03-10,1550.0,1500,1600
Narasaraopet,2015-03-14,4100.0,4000,4200
Narasaraopet,2015-03-16,4100.0,4000,4200
Narasaraopet,2015-03-17,4100.0,4000,4200
Narasaraopet,2015-03-18,4100.0,4000,4200
Narasaraopet,2015-03-19,4100.0,4000,4200
Narasaraopet,2015-03-20,4100.0,4000,4200
Narasaraopet,2015-03-21,4100.0,4000,4200
Narasaraopet,2015-03-23,4100.0,4000,4200
Narasaraopet,2015-03-25,4100.0,4000,4200
Narasaraopet,2015-03-26,4100.0,4000,4200
Narasaraopet,2015-03-27,4100.0,4000,4200
Narasaraopet,2015-03-28,4100.0,4000,4200
Narasaraopet,2015-03-29,4100.0,4000,4200
Narasaraopet,2015-03-30,4100.0,4000,4200
Narasaraopet,2015-03-31,4100.0,4000,4200
Narasaraopet,2015-04-01,4100.0,4000,4200
Narasaraopet,2015-04-09,4100.0,4000,4200
Narasaraopet,2015-04-11,4100.0,4000,4200
Narasaraopet,2015-04-15,4100.0,4000,4200
Narasaraopet,2015-04-16,4100.0,4000,4200
Narasaraopet,2015-04-17,4100.0,4000,4200
Narasaraopet,2015-04-18,4100.0,4000,4200
Narasaraopet,2015-04-19,1500.0,1450,1550
Narasaraopet,2015-04-20,4100.0,4000,4200
Narasaraopet,2015-04-21,4100.0,4000,4200
Narasaraopet,2015-04-28,4100.0,4000,4200
Narasaraopet,2015-04-30,4100.0,4000,4200
Narasaraopet,2015-05-05,4100.0,4000,4200
Narasaraopet,2015-05-07,4100.0,4000,4200
Narasaraopet,2015-05-08,4100.0,4000,4200
Narasaraopet,2015-05-10,4100.0,4000,4200
Narasaraopet,2015-05-11,4100.0,4000,4200
Narasaraopet,2015-05-13,4100.0,4000,4200
Narasaraopet,2015-05-14,4100.0,4000,4200
Narasaraopet,2015-05-15,4100.0,4000,4200
Narasaraopet,2015-05-17,4100.0,4000,4200
Narasaraopet,2015-05-18,4100.0,4000,4200
Narasaraopet,2015-05-20,4100.0,4000,4200
Narasaraopet,2015-05-21,4100.0,4000,4200
Narasaraopet,2015-05-22,4100.0,4000,4200
Narasaraopet,2015-05-23,4200.0,4100,4300
Narasaraopet,2015-05-28,4100.0,4000,4200
Narasaraopet,2015-06-02,4100.0,4000,4200
Narasaraopet,2015-06-03,4100.0,4000,4200
Narasaraopet,2015-06-04,4100.0,4000,4200
Narasaraopet,2015-06-07,4100.0,4000,4200
Narasaraopet,2015-06-08,4100.0,4000,4200
Narasaraopet,2015-06-10,4100.0,4000,4200
Narasaraopet,2015-06-11,4100.0,4000,4200
Narasaraopet,2015-06-13,4100.0,4000,4200
Narasaraopet,2015-06-14,4100.0,4000,4200
Narasaraopet,2015-06-15,4100.0,4000,4200
Narasaraopet,2015-06-17,4100.0,4000,4200
Narasaraopet,2015-06-18,4100.0,4000,4200
Narasaraopet,2015-06-19,4100.0,4000,4200
Narasaraopet,2015-06-21,4100.0,4000,4200
Narasaraopet,2015-06-23,4100.0,4000,4200
Narasaraopet,2015-06-25,4100.0,4000,4200
Narasaraopet,2015-06-27,4100.0,4000,4200
Narasaraopet,2015-06-29,4100.0,4000,4200
Narasaraopet,2015-06-30,4100.0,4000,4200
Narasaraopet,2015-07-03,4100.0,4000,4200
Narasaraopet,2015-07-04,4100.0,4000,4200
Narasaraopet,2015-07-05,4100.0,4000,4200
Narasaraopet,2015-07-06,4100.0,4000,4200
Narasaraopet,2015-07-08,4100.0,4000,4200
Narasaraopet,2015-07-09,4100.0,4000,4200
Narasaraopet,2015-07-10,4100.0,4000,4200
Narasaraopet,2015-07-11,4100.0,4000,4200
Narasaraopet,2015-07-12,4100.0,4000,4200
Narasaraopet,2015-07-13,4100.0,4000,4200
Narasaraopet,2015-07-14,4100.0,4000,4200
Narasaraopet,2015-07-16,4100.0,4000,4200
Narasaraopet,2015-07-18,4100.0,4000,4200
Narasaraopet,2015-07-22,4100.0,4000,4200
Narasaraopet,2015-07-25,4100.0,4000,4200
Narasaraopet,2015-07-27,4100.0,4000,4200
Narasaraopet,2015-07-28,4100.0,4000,4200
Narasaraopet,2015-07-29,4100.0,4000,4200
Narasaraopet,2015-07-31,4100.0,4000,4200
Narasaraopet,2015-08-01,4100.0,4000,4200
Narasaraopet,2015-08-03,4100.0,4000,4200
Narasaraopet,2015-08-04,4100.0,4000,4200
Narasaraopet,2015-08-05,4100.0,4000,4200
Narasaraopet,2015-08-06,4100.0,4000,4200
Narasaraopet,2015-08-07,4100.0,4000,4200
Narasaraopet,2015-08-09,4100.0,4000,4200
Narasaraopet,2015-08-13,4100.0,4000,4200
Narasaraopet,2015-08-15,4100.0,4000,4200
Narasaraopet,2015-08-16,4100.0,4000,4200
Narasaraopet,2015-08-17,4100.0,4000,4200
Narasaraopet,2015-08-18,4100.0,4000,4200
Narasaraopet,2015-08-21,4100.0,4000,4200
Narasaraopet,2015-08-22,4100.0,4000,4200
Narasaraopet,2015-08-23,4100.0,4000,4200
Narasaraopet,2015-08-24,4100.0,4000,4200
Narasaraopet,2015-08-26,4100.0,4000,4200
Narasaraopet,2015-08-27,4100.0,4000,4200
Narasaraopet,2015-08-31,4100.0,4000,4200
Narasaraopet,2015-09-01,4100.0,4000,4200
Narasaraopet,2015-09-02,4100.0,4000,4200
Narasaraopet,2015-09-03,4100.0,4000,4200
Narasaraopet,2015-09-06,4200.0,4100,4300
Narasaraopet,2015-09-07,4100.0,4000,4200
Narasaraopet,2015-09-09,4100.0,4000,4200
Narasaraopet,2015-09-12,4100.0,4000,4200
Narasaraopet,2015-09-18,4100.0,4000,4200
Narasaraopet,2015-09-19,4100.0,4000,4200
Narasaraopet,2015-09-21,4100.0,400,4200
Narasaraopet,2015-09-22,4100.0,4000,4200
Narasaraopet,2015-09-23,4100.0,4000,4200
Narasaraopet,2015-09-24,4100.0,4000,4200
Narasaraopet,2015-09-25,4100.0,4000,4200
Narasaraopet,2015-09-28,4100.0,4000,4200
Narasaraopet,2015-09-30,4100.0,4000,4200
Narasaraopet,2015-10-01,3900.0,3800,4000
Narasaraopet,2015-10-04,4100.0,4000,4200
Narasaraopet,2015-10-08,4100.0,4000,4200
Narasaraopet,2015-10-10,4100.0,4000,4200
Narasaraopet,2015-10-11,4100.0,4000,4200
Narasaraopet,2015-10-12,4100.0,4000,4200
Narasaraopet,2015-10-13,4100.0,4000,4200
Narasaraopet,2015-10-14,4000.0,3900,4100
Narasaraopet,2015-10-15,4000.0,3900,4100
Narasaraopet,2015-10-16,4000.0,3900,4100
Narasaraopet,2015-10-19,4000.0,3900,4100
Narasaraopet,2015-10-22,4000.0,3900,4100
Narasaraopet,2015-10-23,4000.0,3900,4100
Narasaraopet,2015-10-25,4100.0,4000,4200
Narasaraopet,2015-10-27,4100.0,4000,4200
Narasaraopet,2015-10-29,4100.0,4000,4200
Narasaraopet,2015-10-30,4100.0,4000,4200
Narasaraopet,2015-11-01,4100.0,4000,4150
Narasaraopet,2015-11-02,4100.0,4000,4150
Narasaraopet,2015-11-04,4000.0,3950,4100
Narasaraopet,2015-11-08,4100.0,4000,4200
Narasaraopet,2015-11-09,4100.0,4000,4200
Narasaraopet,2015-11-10,4100.0,4000,4200
Narasaraopet,2015-11-11,4000.0,3900,4100
Narasaraopet,2015-11-13,3600.0,3500,3700
Narasaraopet,2015-11-15,4000.0,3900,4100
Narasaraopet,2015-11-16,3600.0,3500,3700
Narasaraopet,2015-11-18,4000.0,3900,4100
Narasaraopet,2015-11-19,4000.0,3900,4100
Narasaraopet,2015-11-20,4100.0,4000,4200
Narasaraopet,2015-11-23,4000.0,3900,4100
Narasaraopet,2015-11-24,4100.0,4000,4200
Narasaraopet,2015-11-27,4200.0,4100,4300
Narasaraopet,2015-11-28,4100.0,4000,4200
Narasaraopet,2015-11-29,4100.0,4000,4200
Narasaraopet,2015-11-30,4100.0,4000,4200
Narasaraopet,2015-12-02,4100.0,4000,4200
Narasaraopet,2015-12-03,4200.0,4100,4300
Narasaraopet,2015-12-04,4200.0,4100,4300
Narasaraopet,2015-12-05,4200.0,4100,4300
Narasaraopet,2015-12-08,4200.0,4100,4300
Narasaraopet,2015-12-10,4200.0,4100,4300
Narasaraopet,2015-12-14,4100.0,4000,4200
Narasaraopet,2015-12-15,4100.0,4000,4200
Narasaraopet,2015-12-17,4000.0,3900,4100
Narasaraopet,2015-12-18,4000.0,3900,4100
Narasaraopet,2015-12-19,4000.0,3900,4100
Narasaraopet,2015-12-20,4000.0,3900,4100
Narasaraopet,2015-12-22,4000.0,3900,4100
Narasaraopet,2015-12-23,4000.0,3900,4100
Narasaraopet,2015-12-24,4000.0,3900,4100
Narasaraopet,2015-12-25,4000.0,3900,4100
Narasaraopet,2015-12-27,4000.0,3900,4100
Narasaraopet,2015-12-29,4000.0,3900,4100
Narasaraopet,2015-12-31,4000.0,3900,4100
Narasaraopet,2016-01-01,4000.0,3900,4100
Narasaraopet,2016-01-02,4000.0,3900,4100
Narasaraopet,2016-01-03,4000.0,3900,4100
Narasaraopet,2016-01-04,4000.0,3900,4100
Narasaraopet,2016-01-05,4000.0,3900,4100
Narasaraopet,2016-01-07,4000.0,3900,4100
Narasaraopet,2016-01-08,4000.0,3900,4100
Narasaraopet,2016-01-09,4000.0,3900,4100
Narasaraopet,2016-01-10,4000.0,3900,4100
Narasaraopet,2016-01-11,4000.0,3900,4100
Narasaraopet,2016-01-13,4000.0,3900,4100
Narasaraopet,2016-01-14,4000.0,3900,4100
Narasaraopet,2016-01-16,4000.0,3900,4100
Narasaraopet,2016-01-17,4000.0,3900,4100
Narasaraopet,2016-01-19,4000.0,3900,4100
Narasaraopet,2016-01-20,4000.0,3900,4100
Narasaraopet,2016-01-22,4000.0,3900,4100
Narasaraopet,2016-01-23,4000.0,3900,4100
Narasaraopet,2016-01-24,4000.0,3900,4100
Narasaraopet,2016-01-26,4000.0,3900,4100
Narasaraopet,2016-01-27,4000.0,3900,4100
Narasaraopet,2016-01-28,4000.0,3900,4100
Narasaraopet,2016-01-29,4000.0,3900,4100
Narasaraopet,2016-02-01,4000.0,3900,4100
Narasaraopet,2016-02-02,4000.0,3900,4100
Narasaraopet,2016-02-03,4000.0,3900,4100
Narasaraopet,2016-02-04,4000.0,3900,4100
Narasaraopet,2016-02-06,4000.0,3900,4100
Narasaraopet,2016-02-08,4000.0,3900,4100
Narasaraopet,2016-02-09,4000.0,3900,4100
Narasaraopet,2016-02-11,4000.0,3900,4100
Narasaraopet,2016-02-13,4000.0,3900,4100
Narasaraopet,2016-02-14,4000.0,3900,4100
Narasaraopet,2016-02-16,4000.0,3900,4100
Narasaraopet,2016-02-18,4000.0,3900,4100
Narasaraopet,2016-02-19,4000.0,3900,4100
Narasaraopet,2016-02-20,4000.0,3900,4100
Narasaraopet,2016-02-21,4000.0,3900,4100
Narasaraopet,2016-02-24,4000.0,3900,4100
Narasaraopet,2016-02-25,4000.0,3900,4100
Narasaraopet,2016-02-28,4000.0,3900,4100
Narasaraopet,2016-02-29,4000.0,3900,4100
Narasaraopet,2016-03-01,4000.0,3900,4100
Narasaraopet,2016-03-02,4000.0,3900,4100
Narasaraopet,2016-03-03,4000.0,3900,4100
Narasaraopet,2016-03-06,4000.0,3900,4100
Narasaraopet,2016-03-07,4000.0,3900,4100
Narasaraopet,2016-03-08,4000.0,3900,4100
Narasaraopet,2016-03-10,4000.0,3900,4100
Narasaraopet,2016-03-11,4000.0,3900,4100
Narasaraopet,2016-03-13,4000.0,3900,4100
Narasaraopet,2016-03-15,4000.0,3900,4100
Narasaraopet,2016-03-19,4000.0,3900,4100
Narasaraopet,2016-03-20,4000.0,3900,4100
Narasaraopet,2016-03-21,4000.0,3900,4100
Narasaraopet,2016-03-22,4000.0,3900,4100
Narasaraopet,2016-03-25,4000.0,3900,4100
Narasaraopet,2016-03-26,4000.0,3900,4100
Narasaraopet,2016-03-27,4000.0,3900,4100
Narasaraopet,2016-03-30,4000.0,3900,4100
Narasaraopet,2016-04-06,4000.0,3900,4100
Narasaraopet,2016-04-08,4000.0,3900,4100
Narasaraopet,2016-04-09,4000.0,3900,4100
Narasaraopet,2016-04-10,4000.0,3900,4100
Narasaraopet,2016-04-11,4000.0,3900,4100
Narasaraopet,2016-04-12,4000.0,3900,4100
Narasaraopet,2016-04-13,4000.0,3900,4100
Narasaraopet,2016-04-14,4000.0,3900,4100
Narasaraopet,2016-04-16,4000.0,3900,4100
Narasaraopet,2016-04-18,4000.0,3900,4100
Narasaraopet,2016-04-20,4000.0,3900,4100
Narasaraopet,2016-04-21,4000.0,3900,4100
Narasaraopet,2016-04-22,4000.0,3900,4100
Narasaraopet,2016-04-23,4000.0,3900,4100
Narasaraopet,2016-04-24,4000.0,3900,4100
Narasaraopet,2016-04-25,4000.0,3900,4100
Narasaraopet,2016-04-28,4000.0,3900,4100
Narasaraopet,2016-04-29,4000.0,3900,4100
Narasaraopet,2016-04-30,4000.0,3900,4100
Narasaraopet,2016-05-01,4000.0,3900,4100
Narasaraopet,2016-05-02,4000.0,3900,4100
Narasaraopet,2016-05-04,4000.0,3900,4100
Narasaraopet,2016-05-11,4000.0,3900,4100
Narasaraopet,2016-05-12,4000.0,3900,4100
Narasaraopet,2016-05-13,4000.0,3900,4100
Narasaraopet,2016-05-16,4000.0,3900,4100
Narasaraopet,2016-05-17,4000.0,3900,4100
Narasaraopet,2016-05-18,4000.0,3900,4100
Narasaraopet,2016-05-19,4000.0,3900,4100
Narasaraopet,2016-05-23,4000.0,3900,4100
Narasaraopet,2016-05-24,4000.0,3900,4100
Narasaraopet,2016-05-25,4000.0,3900,4100
Narasaraopet,2016-05-26,4000.0,3900,4100
Narasaraopet,2016-05-27,4000.0,3900,4100
Narasaraopet,2016-05-29,4000.0,3900,4100
Narasaraopet,2016-05-30,4000.0,3900,4100
Narasaraopet,2016-05-31,4000.0,3900,4100
Narasaraopet,2016-06-01,4000.0,3900,4100
Narasaraopet,2016-06-02,4000.0,3900,4100
Narasaraopet,2016-06-03,4000.0,3900,4100
Narasaraopet,2016-06-04,4000.0,3900,4100
Narasaraopet,2016-06-05,4000.0,3900,4100
Narasaraopet,2016-06-07,4000.0,3900,4100
Narasaraopet,2016-06-08,4000.0,3900,4100
Narasaraopet,2016-06-11,4000.0,3900,4100
Narasaraopet,2016-06-12,4000.0,3900,4100
Narasaraopet,2016-06-13,4000.0,3900,4100
Narasaraopet,2016-06-15,4000.0,3900,4100
Narasaraopet,2016-06-16,4000.0,3900,4100
Narasaraopet,2016-06-19,4000.0,3900,4100
Narasaraopet,2016-06-21,4000.0,3900,4100
Narasaraopet,2016-06-23,4000.0,3900,4100
Narasaraopet,2016-06-24,4000.0,3900,4100
Narasaraopet,2016-06-25,4000.0,3900,4100
Narasaraopet,2016-06-27,4000.0,3900,4100
Narasaraopet,2016-06-29,4000.0,3900,4100
Narasaraopet,2016-06-30,4000.0,3900,4100
Narasaraopet,2016-07-01,4000.0,3900,4100
Narasaraopet,2016-07-03,4000.0,3900,4100
Narasaraopet,2016-07-05,4000.0,3900,4100
Narasaraopet,2016-07-07,4000.0,3900,4100
Narasaraopet,2016-07-08,4000.0,3900,4100
Narasaraopet,2016-07-09,4000.0,3900,4100
Narasaraopet,2016-07-11,4000.0,3900,4100
Narasaraopet,2016-07-12,4000.0,3900,4100
Narasaraopet,2016-07-13,4000.0,3900,4100
Narasaraopet,2016-07-16,4000.0,3900,4100
Narasaraopet,2016-07-17,4000.0,3900,4100
Narasaraopet,2016-07-18,4000.0,3900,4100
Narasaraopet,2016-07-19,4000.0,3900,4100
Narasaraopet,2016-07-22,4000.0,3900,4100
Narasaraopet,2016-07-23,4000.0,3900,4100
Narasaraopet,2016-07-24,4000.0,3900,4100
Narasaraopet,2016-07-26,4000.0,3900,4100
Narasaraopet,2016-07-30,4000.0,3900,4100
Narasaraopet,2016-08-01,4000.0,3900,4100
Narasaraopet,2016-08-03,4000.0,3900,4100
Narasaraopet,2016-08-04,4000.0,3900,4100
Narasaraopet,2016-08-06,4000.0,3900,4100
Narasaraopet,2016-08-07,4000.0,3900,4100
Narasaraopet,2016-08-08,4000.0,3900,4100
Narasaraopet,2016-08-09,4000.0,3900,4100
Narasaraopet,2016-08-10,4000.0,3900,4100
Narasaraopet,2016-08-11,4000.0,3900,4100
Narasaraopet,2016-08-13,4000.0,3900,4100
Narasaraopet,2016-08-16,4000.0,3900,4100
Narasaraopet,2016-08-18,4000.0,3900,4100
Narasaraopet,2016-08-22,4000.0,3900,4100
Narasaraopet,2016-08-23,4000.0,3900,4100
Narasaraopet,2016-08-24,4000.0,3900,4100
Narasaraopet,2016-08-25,4000.0,3900,4100
Narasaraopet,2016-08-27,4000.0,3900,4100
Narasaraopet,2016-08-28,4000.0,3900,4100
Narasaraopet,2016-08-29,4000.0,3900,4100
Narasaraopet,2016-08-31,4000.0,3900,4100
Narasaraopet,2016-09-01,4000.0,3900,4100
Narasaraopet,2016-09-03,4000.0,3900,4100
Narasaraopet,2016-09-04,4000.0,3900,4100
Narasaraopet,2016-09-05,4000.0,3900,4100
Narasaraopet,2016-09-07,4000.0,3900,4100
Narasaraopet,2016-09-13,4000.0,3900,4100
Narasaraopet,2016-09-16,4000.0,3900,4100
Narasaraopet,2016-09-17,4000.0,3900,4100
Narasaraopet,2016-09-18,4000.0,3900,4100
Narasaraopet,2016-09-19,4000.0,3900,4100
Narasaraopet,2016-09-20,4000.0,3900,4100
Narasaraopet,2016-09-22,4000.0,3900,4100
Narasaraopet,2016-09-23,4000.0,3900,4100
Narasaraopet,2016-09-29,4000.0,3900,4100
Narasaraopet,2016-10-01,4000.0,3900,4100
Narasaraopet,2016-10-02,4000.0,3900,4100
Narasaraopet,2016-10-03,4000.0,3900,4100
Narasaraopet,2016-10-06,4000.0,3900,4100
Narasaraopet,2016-10-07,4000.0,3900,4100
Narasaraopet,2016-10-08,4000.0,3900,4100
Narasaraopet,2016-10-10,4000.0,3900,4100
Narasaraopet,2016-10-11,4000.0,3900,4100
Narasaraopet,2016-10-13,4000.0,3900,4100
Narasaraopet,2016-10-17,4000.0,3900,4100
Narasaraopet,2016-10-21,4000.0,3900,4100
Narasaraopet,2016-10-24,4000.0,3900,4100
Narasaraopet,2016-10-26,4000.0,3900,4100
Narasaraopet,2016-10-27,4000.0,3900,4100
Narasaraopet,2016-10-28,4000.0,3900,4100
Narasaraopet,2016-10-29,4000.0,3900,4100
Narasaraopet,2016-10-30,4000.0,3900,4100
Narasaraopet,2016-11-01,4000.0,3900,4100
Narasaraopet,2016-11-02,4000.0,3900,4100
Narasaraopet,2016-11-03,4000.0,3900,4100
Narasaraopet,2016-11-05,4000.0,3900,4100
Narasaraopet,2016-11-06,4000.0,3900,4100
Narasaraopet,2016-11-07,4000.0,3900,4100
Narasaraopet,2016-11-09,4000.0,3900,4100
Narasaraopet,2016-11-10,4000.0,3900,4100
Narasaraopet,2016-11-11,4000.0,3900,4100
Narasaraopet,2016-11-12,4000.0,3900,4100
Narasaraopet,2016-11-13,4000.0,3900,4100
Narasaraopet,2016-11-14,4000.0,3900,4100
Narasaraopet,2016-11-15,4000.0,3900,4100
Narasaraopet,2016-11-17,4000.0,3900,4100
Narasaraopet,2016-11-19,4000.0,3900,4100
Narasaraopet,2016-11-20,4000.0,3900,4100
Narasaraopet,2016-11-21,4000.0,3900,4100
Narasaraopet,2016-11-23,4000.0,3900,4100
Narasaraopet,2016-11-26,4000.0,3900,4100
Narasaraopet,2016-11-28,4000.0,3900,4100
Narasaraopet,2016-11-30,4000.0,3900,4100
Narasaraopet,2016-12-03,4000.0,3900,4100
Narasaraopet,2016-12-05,4000.0,3900,4100
Narasaraopet,2016-12-06,4000.0,3900,4100
Narasaraopet,2016-12-07,4000.0,3900,4100
Narasaraopet,2016-12-08,4000.0,3900,4100
Narasaraopet,2016-12-09,4000.0,3900,4100
Narasaraopet,2016-12-10,4000.0,3900,4100
Narasaraopet,2016-12-11,4000.0,3900,4100
Narasaraopet,2016-12-12,4300.0,4200,4400
Narasaraopet,2016-12-13,4000.0,3900,4100
Narasaraopet,2016-12-14,4300.0,4200,4400
Narasaraopet,2016-12-15,4300.0,4200,4400
Narasaraopet,2016-12-16,4300.0,4200,4400
Narasaraopet,2016-12-22,4300.0,4200,4400
Narasaraopet,2016-12-23,4300.0,4200,4400
Narasaraopet,2016-12-25,4300.0,4200,4400
Narasaraopet,2016-12-26,4300.0,4200,4400
Narasaraopet,2016-12-27,4300.0,4200,4400
Narasaraopet,2016-12-28,4300.0,4200,4400
Narasaraopet,2016-12-29,4300.0,4200,4400
Narasaraopet,2016-12-30,4300.0,4200,4400
Narasaraopet,2017-01-01,4300.0,4200,4400
Narasaraopet,2017-01-04,4300.0,4200,4400
Narasaraopet,2017-01-05,4300.0,4200,4400
Narasaraopet,2017-01-06,4300.0,4200,4400
Narasaraopet,2017-01-07,4300.0,4200,4400
Narasaraopet,2017-01-08,4400.0,4300,4500
Narasaraopet,2017-01-09,4400.0,4300,4500
Narasaraopet,2017-01-11,4400.0,4300,4500
Narasaraopet,2017-01-12,4400.0,4300,4500
Narasaraopet,2017-01-13,4400.0,4300,4500
Narasaraopet,2017-01-14,4400.0,4300,4500
Narasaraopet,2017-01-15,4400.0,4300,4500
Narasaraopet,2017-01-17,4400.0,4300,4500
Narasaraopet,2017-01-19,4400.0,4300,4500
Narasaraopet,2017-01-24,4400.0,4300,4500
Narasaraopet,2017-01-25,4400.0,4300,4500
Narasaraopet,2017-01-26,4400.0,4300,4500
Narasaraopet,2017-01-28,4400.0,4300,4500
Narasaraopet,2017-01-29,4400.0,4300,4500
Narasaraopet,2017-01-30,4400.0,0,4500
Narasaraopet,2017-02-01,4700.0,4600,4800
Narasaraopet,2017-02-02,4700.0,4600,4800
Narasaraopet,2017-02-03,4700.0,4600,4800
Narasaraopet,2017-02-05,4700.0,4600,4800
Narasaraopet,2017-02-06,4700.0,4600,4800
Narasaraopet,2017-02-07,4700.0,4600,4800
Narasaraopet,2017-02-09,4700.0,4600,4800
Narasaraopet,2017-02-11,4700.0,4600,4800
Narasaraopet,2017-02-13,4700.0,4600,4800
Narasaraopet,2017-02-14,4700.0,4600,4800
Narasaraopet,2017-02-15,4700.0,4600,4800
Narasaraopet,2017-02-16,4700.0,4600,4800
Narasaraopet,2017-02-17,4700.0,4600,4800
Narasaraopet,2017-02-18,4700.0,4600,4800
Narasaraopet,2017-02-23,4700.0,4600,4800
Narasaraopet,2017-02-24,4700.0,4600,4800
Narasaraopet,2017-02-25,4700.0,4600,4800
Narasaraopet,2017-02-27,4700.0,4600,4800
Narasaraopet,2017-03-01,4700.0,4600,4800
Narasaraopet,2017-03-02,4700.0,4600,4800
Narasaraopet,2017-03-03,4700.0,4600,4800
Narasaraopet,2017-03-04,4700.0,4600,4800
Narasaraopet,2017-03-05,4700.0,4600,4800
Narasaraopet,2017-03-06,4700.0,4600,4800
Narasaraopet,2017-03-07,4700.0,4600,4800
Narasaraopet,2017-03-08,4700.0,4600,4800
Narasaraopet,2017-03-09,4700.0,4600,4800
Narasaraopet,2017-03-10,4700.0,4600,4800
Narasaraopet,2017-03-11,4700.0,4600,4800
Narasaraopet,2017-03-12,4700.0,4600,4800
Narasaraopet,2017-03-14,4700.0,4600,4800
Narasaraopet,2017-03-15,4700.0,1600,4800
Narasaraopet,2017-03-16,4700.0,4600,4800
Narasaraopet,2017-03-17,4700.0,4600,4800
Narasaraopet,2017-03-18,4700.0,4600,4800
Narasaraopet,2017-03-20,4700.0,4600,4800
Narasaraopet,2017-03-22,4700.0,4600,4800
Narasaraopet,2017-03-23,4700.0,4600,4800
Narasaraopet,2017-03-24,4700.0,4600,4800
Narasaraopet,2017-03-25,4700.0,4600,4800
Narasaraopet,2017-03-26,4700.0,4600,4800
Narasaraopet,2017-03-27,4700.0,4600,4800
Narasaraopet,2017-03-28,4700.0,4600,4800
Narasaraopet,2017-03-29,4700.0,4600,4800
Narasaraopet,2017-03-30,4700.0,4600,4800
Narasaraopet,2017-03-31,4700.0,4600,4800
Narasaraopet,2017-04-01,4700.0,4600,4800
Narasaraopet,2017-04-02,4700.0,4600,4800
Narasaraopet,2017-04-03,4700.0,4600,4800
Narasaraopet,2017-04-04,4700.0,4600,4800
Narasaraopet,2017-04-06,4700.0,4600,4800
Narasaraopet,2017-04-07,4700.0,4600,4800
Narasaraopet,2017-04-10,4700.0,4600,4800
Narasaraopet,2017-04-11,4700.0,4600,4800
Narasaraopet,2017-04-12,4700.0,4600,4800
Narasaraopet,2017-04-13,4700.0,4600,4800
Narasaraopet,2017-04-14,4700.0,4600,4800
Narasaraopet,2017-04-15,4700.0,4600,4800
Narasaraopet,2017-04-16,4700.0,4600,4800
Narasaraopet,2017-04-17,4700.0,4600,4800
Narasaraopet,2017-04-19,4700.0,4600,4800
Narasaraopet,2017-04-20,4700.0,4600,4800
Narasaraopet,2017-04-21,4700.0,4600,4800
Narasaraopet,2017-04-22,4700.0,4600,4800
Narasaraopet,2017-04-25,4700.0,4600,4800
Narasaraopet,2017-04-26,4700.0,4600,4800
Narasaraopet,2017-04-28,4700.0,4600,4800
Narasaraopet,2017-05-01,4700.0,4600,4800
Narasaraopet,2017-05-02,4700.0,4600,4800
Narasaraopet,2017-05-03,4700.0,4600,4800
Narasaraopet,2017-05-04,4700.0,4600,4800
Narasaraopet,2017-05-05,4700.0,4600,4800
Narasaraopet,2017-05-06,4700.0,4600,4800
Narasaraopet,2017-05-07,4700.0,4600,4800
Narasaraopet,2017-05-08,4700.0,4600,4800
Narasaraopet,2017-05-09,4700.0,4600,4800
Narasaraopet,2017-05-10,4700.0,4600,4800
Narasaraopet,2017-05-11,4700.0,4600,4800
Narasaraopet,2017-05-13,4700.0,4600,4800
Narasaraopet,2017-05-16,4700.0,4600,4800
Narasaraopet,2017-05-17,4700.0,4600,4800
Narasaraopet,2017-05-18,4700.0,4600,4800
Narasaraopet,2017-05-19,4700.0,4600,4800
Narasaraopet,2017-05-20,4700.0,4600,4800
Narasaraopet,2017-05-21,4700.0,4600,4800
Narasaraopet,2017-05-22,4700.0,4600,4800
Narasaraopet,2017-05-23,4700.0,4600,4800
Narasaraopet,2017-05-24,4700.0,4600,4800
Narasaraopet,2017-05-29,4700.0,4600,4800
Narasaraopet,2017-05-31,4700.0,4600,4800
Narasaraopet,2017-06-01,4700.0,4600,4800
Narasaraopet,2017-06-02,4700.0,4600,4800
Narasaraopet,2017-06-04,4700.0,4600,4800
Narasaraopet,2017-06-05,4700.0,4600,4800
Narasaraopet,2017-06-06,4700.0,4600,4800
Narasaraopet,2017-06-07,4700.0,4600,4800
Narasaraopet,2017-06-08,4700.0,4600,4800
Narasaraopet,2017-06-09,4700.0,4600,4800
Narasaraopet,2017-06-10,4700.0,4600,4800
Narasaraopet,2017-06-12,4700.0,4600,4800
Narasaraopet,2017-06-14,4700.0,4600,4800
Narasaraopet,2017-06-15,4700.0,4600,4800
Narasaraopet,2017-06-16,4700.0,4600,4800
Narasaraopet,2017-06-17,4700.0,4600,4800
Narasaraopet,2017-06-19,4700.0,4600,4800
Narasaraopet,2017-06-20,4700.0,4600,4800
Narasaraopet,2017-06-21,4700.0,4600,4800
Narasaraopet,2017-06-22,4700.0,4600,4800
Narasaraopet,2017-06-23,4700.0,4600,4800
Narasaraopet,2017-06-24,4700.0,4600,4800
Narasaraopet,2017-06-25,4700.0,4600,4800
Narasaraopet,2017-06-28,4700.0,4600,4800
Narasaraopet,2017-06-29,4700.0,4600,4800
Narasaraopet,2017-07-01,4700.0,4600,4800
Narasaraopet,2017-07-03,4700.0,4600,4800
Narasaraopet,2017-07-04,4700.0,4600,4800
Narasaraopet,2017-07-06,4700.0,4600,4800
Narasaraopet,2017-07-07,4700.0,4600,4800
Narasaraopet,2017-07-10,4700.0,4600,4800
Narasaraopet,2017-07-13,4700.0,4600,4800
Narasaraopet,2017-07-14,4700.0,4600,4800
Narasaraopet,2017-07-15,4700.0,4600,4800
Narasaraopet,2017-07-16,4700.0,4600,4800
Narasaraopet,2017-07-18,4700.0,4600,4800
Narasaraopet,2017-07-20,4700.0,4600,4800
Narasaraopet,2017-07-21,4700.0,4600,4800
Narasaraopet,2017-07-22,4700.0,4600,4800
Narasaraopet,2017-07-23,4700.0,4600,4800
Narasaraopet,2017-07-25,4700.0,4600,4800
Narasaraopet,2017-07-26,4700.0,4600,4800
Narasaraopet,2017-07-27,4700.0,4600,4800
Narasaraopet,2017-07-30,4700.0,4600,4800
Narasaraopet,2017-07-31,4700.0,4600,4800
Narasaraopet,2017-08-01,4700.0,4600,4800
Narasaraopet,2017-08-02,4700.0,4600,4800
Narasaraopet,2017-08-03,4700.0,4600,4800
Narasaraopet,2017-08-05,4700.0,4600,4800
Narasaraopet,2017-08-07,4700.0,4600,4800
Narasaraopet,2017-08-09,4700.0,4600,4800
Narasaraopet,2017-08-10,4700.0,4600,4800
Narasaraopet,2017-08-11,4700.0,4600,4800
Narasaraopet,2017-08-13,3400.0,3300,3500
Narasaraopet,2017-08-14,3400.0,3300,3500
Narasaraopet,2017-08-17,3400.0,3300,3500
Narasaraopet,2017-08-19,3400.0,3300,3500
Narasaraopet,2017-08-21,3400.0,3300,3500
Narasaraopet,2017-08-22,3400.0,3300,3500
Narasaraopet,2017-08-24,4700.0,4600,4800
Narasaraopet,2017-08-25,4700.0,4600,4800
Narasaraopet,2017-08-26,4700.0,4500,4800
Narasaraopet,2017-08-27,4700.0,4600,4800
Narasaraopet,2017-08-28,4700.0,4600,4800
Narasaraopet,2017-08-29,4300.0,4200,4400
Narasaraopet,2017-09-01,4300.0,4200,4400
Narasaraopet,2017-09-02,4300.0,4200,4400
Narasaraopet,2017-09-03,4300.0,4200,4400
Narasaraopet,2017-09-04,4300.0,4200,4400
Narasaraopet,2017-09-05,4300.0,4200,4400
Narasaraopet,2017-09-07,4300.0,4200,4400
Narasaraopet,2017-09-08,4300.0,4200,4400
Narasaraopet,2017-09-10,4300.0,4200,4400
Narasaraopet,2017-09-11,4300.0,4200,4400
Narasaraopet,2017-09-14,4700.0,4600,4800
Narasaraopet,2017-09-15,4700.0,4600,4800
Narasaraopet,2017-09-18,4700.0,4600,4800
Narasaraopet,2017-09-19,4700.0,4600,4800
Narasaraopet,2017-09-22,4700.0,4600,4800
Narasaraopet,2017-09-24,4700.0,4600,4800
Narasaraopet,2017-09-25,4700.0,4600,4800
Narasaraopet,2017-09-27,4300.0,4200,4400
Narasaraopet,2017-09-28,4300.0,4200,4400
Narasaraopet,2017-09-29,4300.0,4200,4400
Narasaraopet,2017-09-30,4300.0,4200,4400
Narasaraopet,2017-10-01,4300.0,4200,4400
Narasaraopet,2017-10-02,4300.0,4200,4400
Narasaraopet,2017-10-03,4300.0,4200,4400
Narasaraopet,2017-10-04,4700.0,4600,4800
Narasaraopet,2017-10-05,4300.0,4200,4400
Narasaraopet,2017-10-06,4300.0,4200,4400
Narasaraopet,2017-10-07,4600.0,4500,4700
Narasaraopet,2017-10-08,4300.0,4200,4400
Narasaraopet,2017-10-09,4300.0,4200,4400
Narasaraopet,2017-10-10,4300.0,4200,4400
Narasaraopet,2017-10-14,4300.0,4200,4400
Narasaraopet,2017-10-15,4300.0,4200,4400
Narasaraopet,2017-10-16,4300.0,4200,4400
Narasaraopet,2017-10-17,4300.0,4200,4400
Narasaraopet,2017-10-18,4300.0,4200,4400
Narasaraopet,2017-10-19,4300.0,4200,4400
Narasaraopet,2017-10-20,4300.0,4200,4400
Narasaraopet,2017-10-21,4300.0,4200,4400
Narasaraopet,2017-10-24,4300.0,4200,4400
Narasaraopet,2017-10-25,4300.0,4200,4400
Narasaraopet,2017-10-27,4300.0,4200,4400
Narasaraopet,2017-10-28,4300.0,4200,4400
Narasaraopet,2017-10-29,4300.0,4200,4400
Narasaraopet,2017-10-30,4300.0,4200,4400
Narasaraopet,2017-11-01,4300.0,4200,4400
Narasaraopet,2017-11-02,4300.0,4200,4400
Narasaraopet,2017-11-03,4300.0,4200,4400
Narasaraopet,2017-11-04,4300.0,4200,4400
Narasaraopet,2017-11-05,4300.0,4200,4400
Narasaraopet,2017-11-06,4300.0,4200,4400
Narasaraopet,2017-11-08,4300.0,4200,4400
Narasaraopet,2017-11-09,4300.0,4200,4400
Narasaraopet,2017-11-11,4300.0,4200,4400
Narasaraopet,2017-11-12,4300.0,4200,4400
Narasaraopet,2017-11-14,4300.0,4200,4400
Narasaraopet,2017-11-15,4300.0,4200,4400
Narasaraopet,2017-11-16,4300.0,4200,4400
Narasaraopet,2017-11-17,4300.0,4200,4400
Narasaraopet,2017-11-18,4300.0,4200,4400
Narasaraopet,2017-11-19,4300.0,4200,4400
Narasaraopet,2017-11-20,4300.0,4200,4400
Narasaraopet,2017-11-21,4300.0,4200,4400
Narasaraopet,2017-11-22,4300.0,4200,4400
Narasaraopet,2017-11-23,4300.0,4200,4400
Narasaraopet,2017-11-24,4300.0,4200,4400
Narasaraopet,2017-11-25,4300.0,4200,4400
Narasaraopet,2017-11-26,4300.0,4200,4400
Narasaraopet,2017-11-27,4300.0,4200,4400
Narasaraopet,2017-11-28,4300.0,4200,4400
Narasaraopet,2017-11-30,4500.0,4400,4600
Narasaraopet,2017-12-01,4500.0,4400,4600
Narasaraopet,2017-12-02,4300.0,4200,4400
Narasaraopet,2017-12-03,4300.0,4200,4400
Narasaraopet,2017-12-04,4300.0,4200,4400
Narasaraopet,2017-12-05,4300.0,4200,4400
Narasaraopet,2017-12-06,4300.0,4200,4400
Narasaraopet,2017-12-08,4500.0,4400,4600
Narasaraopet,2017-12-10,4500.0,4400,4600
Narasaraopet,2017-12-11,4500.0,4400,4600
Narasaraopet,2017-12-13,4500.0,4400,4600
Narasaraopet,2017-12-14,4500.0,4400,4600
Narasaraopet,2017-12-15,4300.0,4200,4400
Narasaraopet,2017-12-16,4300.0,4200,4400
Narasaraopet,2017-12-17,4300.0,4200,4400
Narasaraopet,2017-12-18,4300.0,4200,4400
Narasaraopet,2017-12-19,4400.0,4300,4500
Narasaraopet,2017-12-20,4400.0,4300,4500
Narasaraopet,2017-12-22,4400.0,4300,4500
Narasaraopet,2017-12-23,4400.0,4300,4500
Narasaraopet,2017-12-24,4400.0,4300,4500
Narasaraopet,2017-12-26,4400.0,4300,4500
Narasaraopet,2017-12-28,4400.0,4300,4500
Narasaraopet,2017-12-30,4400.0,4300,4500
Narasaraopet,2017-12-31,4400.0,4300,4500
Narasaraopet,2018-01-01,4400.0,4300,4500
Narasaraopet,2018-01-02,4400.0,4300,4500
Narasaraopet,2018-01-03,4400.0,4300,4500
Narasaraopet,2018-01-04,4400.0,4300,4500
Narasaraopet,2018-01-05,4400.0,4300,4500
Narasaraopet,2018-01-06,4400.0,4300,4500
Narasaraopet,2018-01-07,4400.0,4300,4500
Narasaraopet,2018-01-08,4400.0,4300,4500
Narasaraopet,2018-01-09,4400.0,4300,4500
Narasaraopet,2018-01-10,4400.0,4300,4500
Narasaraopet,2018-01-11,4400.0,4300,4500
Narasaraopet,2018-01-12,4400.0,4300,4500
Narasaraopet,2018-01-13,4400.0,4300,4500
Narasaraopet,2018-01-14,4400.0,4300,4500
Narasaraopet,2018-01-15,4400.0,4300,4500
Narasaraopet,2018-01-16,4400.0,4300,4500
Narasaraopet,2018-01-17,4400.0,4300,4500
Narasaraopet,2018-01-18,4400.0,4300,4500
Narasaraopet,2018-01-19,4400.0,4300,4500
Narasaraopet,2018-01-20,4400.0,4300,4500
Narasaraopet,2018-01-21,4400.0,4300,4500
Narasaraopet,2018-01-22,4400.0,4300,4500
Narasaraopet,2018-01-23,4400.0,4300,4500
Narasaraopet,2018-01-24,4400.0,4300,4500
Narasaraopet,2018-01-25,4400.0,4300,4500
Narasaraopet,2018-01-26,4400.0,4300,4500
Narasaraopet,2018-01-27,4400.0,4300,4500
Narasaraopet,2018-01-28,4400.0,4300,4500
Narasaraopet,2018-01-29,4400.0,4300,4500
Narasaraopet,2018-01-30,4400.0,4300,4500
Narasaraopet,2018-01-31,4400.0,4300,4500
Narasaraopet,2018-02-01,4400.0,4300,4500
Narasaraopet,2018-02-02,4400.0,4300,4500
Narasaraopet,2018-02-03,4400.0,4300,4500
Narasaraopet,2018-02-04,4400.0,4300,4500
Narasaraopet,2018-02-05,4400.0,4300,4500
Narasaraopet,2018-02-06,4400.0,4300,4500
Narasaraopet,2018-02-07,4400.0,4300,4500
Narasaraopet,2018-02-08,4400.0,4300,4500
Narasaraopet,2018-02-09,4400.0,4300,4500
Narasaraopet,2018-02-10,4400.0,4300,4500
Narasaraopet,2018-02-11,4400.0,4300,4500
Narasaraopet,2018-02-12,4400.0,4300,4500
Narasaraopet,2018-02-13,4400.0,4300,4500
Narasaraopet,2018-02-14,4400.0,4300,4500
Narasaraopet,2018-02-15,4400.0,4300,4500
Narasaraopet,2018-02-16,4400.0,4300,4500
Narasaraopet,2018-02-17,4400.0,4300,4500
Narasaraopet,2018-02-18,4400.0,4300,4500
Narasaraopet,2018-02-19,4400.0,4300,4500
Narasaraopet,2018-02-20,4400.0,4300,4500
Narasaraopet,2018-02-21,4400.0,4300,4500
Narasaraopet,2018-02-22,4400.0,4300,4500
Narasaraopet,2018-02-23,4400.0,4300,4500
Narasaraopet,2018-02-24,4400.0,4300,4500
Narasaraopet,2018-02-25,4400.0,4300,4500
Narasaraopet,2018-02-26,4400.0,4300,4500
Narasaraopet,2018-02-28,4400.0,4300,4500
Narasaraopet,2018-03-01,4400.0,4300,4500
Narasaraopet,2018-03-02,4400.0,4300,4500
Narasaraopet,2018-03-03,4400.0,4300,4500
Narasaraopet,2018-03-04,4400.0,4300,4500
Narasaraopet,2018-03-05,4400.0,4300,4500
Narasaraopet,2018-03-06,4400.0,4300,4500
Narasaraopet,2018-03-07,4400.0,4300,4500
Narasaraopet,2018-03-08,4400.0,4300,4500
Narasaraopet,2018-03-09,4400.0,4300,4500
Narasaraopet,2018-03-10,4400.0,4300,4500
Narasaraopet,2018-03-11,4400.0,4300,4500
Narasaraopet,2018-03-12,4400.0,4300,4500
Narasaraopet,2018-03-13,4400.0,4300,4500
Narasaraopet,2018-03-14,4400.0,4300,4500
Narasaraopet,2018-03-15,4400.0,4300,4500
Narasaraopet,2018-03-16,4400.0,4300,4500
Narasaraopet,2018-03-17,4400.0,4300,4500
Narasaraopet,2018-03-18,4400.0,4300,4500
Narasaraopet,2018-03-19,4400.0,4300,4500
Ongole,2003-10-14,1650.0,1600,1700
Ongole,2003-10-22,1625.0,1600,1650
Ongole,2003-10-24,1625.0,1600,1650
Ongole,2003-10-27,1625.0,1600,1650
Ongole,2003-11-01,1625.0,1600,1650
Ongole,2003-11-03,1625.0,1600,1650
Ongole,2003-11-04,1625.0,1600,1650
Ongole,2004-03-16,1490.0,1475,1500
Ongole,2004-03-19,1475.0,1450,1500
Ongole,2004-03-26,1460.0,1450,1475
Ongole,2004-03-27,1460.0,1450,1475
Ongole,2004-04-01,1485.0,1470,1500
Ongole,2004-05-04,1490.0,1480,1500
Ongole,2004-05-06,1490.0,1480,1500
Ongole,2004-05-07,1490.0,1480,1500
Ongole,2004-10-07,1475.0,1450,1500
Ongole,2004-10-08,1475.0,1450,1500
Ongole,2004-10-11,1500.0,1450,1550
Ongole,2004-10-12,1475.0,1450,1500
Ongole,2004-10-13,1475.0,1450,1500
Ongole,2004-10-14,1475.0,1450,1500
Ongole,2004-10-15,1475.0,1450,1500
Ongole,2004-10-16,1475.0,1450,1500
Ongole,2004-10-18,1475.0,1450,1500
Ongole,2004-10-19,1475.0,1450,1500
Ongole,2004-10-20,1475.0,1450,1500
Ongole,2004-10-23,1475.0,1450,1500
Ongole,2004-10-25,1475.0,1450,1500
Ongole,2004-10-27,1475.0,1450,1500
Ongole,2004-10-28,1475.0,1450,1500
Ongole,2004-10-29,1475.0,1450,1500
Ongole,2004-10-30,1475.0,1450,1500
Ongole,2004-11-01,1475.0,1450,1500
Ongole,2004-11-02,1475.0,1450,1500
Ongole,2004-11-04,1475.0,1450,1500
Ongole,2004-11-05,1475.0,1450,1500
Ongole,2004-11-06,1475.0,1450,1500
Ongole,2004-11-08,1475.0,1450,1500
Ongole,2004-11-09,1475.0,1450,1500
Ongole,2004-11-11,1475.0,1450,1500
Ongole,2004-11-16,1475.0,1450,1500
Ongole,2004-11-17,1475.0,1450,1500
Ongole,2004-11-18,1475.0,1450,1500
Ongole,2004-11-19,1475.0,1450,1500
Ongole,2004-11-20,1475.0,1450,1500
Ongole,2004-11-22,1475.0,1450,1500
Ongole,2004-11-23,1475.0,1450,1500
Ongole,2004-11-24,1475.0,1450,1500
Ongole,2004-11-26,1475.0,1450,1500
Ongole,2004-11-27,1475.0,1450,1500
Ongole,2004-11-30,1475.0,1450,1500
Ongole,2004-12-01,1475.0,1450,1500
Ongole,2004-12-02,1475.0,1450,1500
Ongole,2004-12-03,1475.0,1450,1500
Ongole,2004-12-04,1475.0,1450,1500
Ongole,2004-12-05,1475.0,1450,1500
Ongole,2004-12-06,1475.0,1450,1500
Ongole,2004-12-07,1475.0,1450,1500
Ongole,2004-12-08,1475.0,1450,1500
Ongole,2004-12-10,1475.0,1450,1500
Ongole,2004-12-11,1475.0,1450,1500
Ongole,2004-12-13,1475.0,1450,1500
Ongole,2004-12-14,1475.0,1450,1500
Ongole,2004-12-15,1525.0,1500,1550
Ongole,2004-12-17,1525.0,1500,1550
Ongole,2004-12-19,1525.0,1500,1550
Ongole,2004-12-20,1525.0,1500,1550
Ongole,2005-02-10,1575.0,1550,1600
Ongole,2005-02-15,1575.0,1550,1600
Ongole,2005-02-17,1575.0,1550,1600
Ongole,2005-02-18,1550.0,1500,1600
Ongole,2005-02-21,1550.0,1500,1600
Ongole,2005-02-22,1550.0,1500,1600
Ongole,2005-02-26,1570.0,1550,1600
Ongole,2005-02-27,1570.0,1550,1600
Ongole,2005-02-28,1570.0,1550,1600
Ongole,2005-03-10,1625.0,1600,1650
Ongole,2005-03-11,1625.0,1600,1650
Ongole,2005-03-19,1675.0,1650,1700
Ongole,2005-03-24,1675.0,1650,1700
Ongole,2005-04-01,1675.0,1650,1700
Ongole,2005-04-02,1675.0,1650,1700
Ongole,2005-04-05,1675.0,1650,1700
Ongole,2005-04-07,1675.0,1650,1700
Ongole,2005-04-08,1675.0,1650,1700
Ongole,2005-04-11,1675.0,1650,1700
Ongole,2005-04-12,1675.0,1650,1700
Ongole,2005-04-13,1675.0,1650,1700
Ongole,2005-04-14,1675.0,1650,1700
Ongole,2005-04-15,1675.0,1650,1700
Ongole,2005-04-16,1675.0,1650,1700
Ongole,2005-04-17,1675.0,1650,1700
Ongole,2005-04-19,1675.0,1650,1700
Ongole,2005-04-20,1675.0,1650,1700
Ongole,2005-04-21,1675.0,1650,1700
Ongole,2005-04-27,1675.0,1650,1700
Ongole,2005-04-28,1675.0,1650,1700
Ongole,2005-04-29,1675.0,1650,1700
Ongole,2005-04-30,1675.0,1650,1700
Ongole,2005-05-01,1575.0,1550,1600
Ongole,2005-05-02,1575.0,1550,1600
Ongole,2005-05-03,1575.0,1550,1600
Ongole,2005-05-04,1575.0,1550,1600
Ongole,2005-05-05,1550.0,1500,1600
Ongole,2005-05-10,1575.0,1550,1600
Ongole,2005-05-11,1570.0,1550,1600
Ongole,2005-05-12,1570.0,1550,1600
Ongole,2005-05-13,1630.0,1600,1650
Ongole,2005-05-17,1630.0,1600,1650
Ongole,2005-05-20,1630.0,1600,1650
Ongole,2005-05-21,1630.0,1600,1650
Ongole,2005-05-22,1630.0,1600,1650
Ongole,2005-05-23,1630.0,1600,1650
Ongole,2005-05-24,1630.0,1600,1650
Ongole,2005-05-31,1630.0,1600,1650
Ongole,2005-06-01,1630.0,1600,1650
Ongole,2005-06-02,1630.0,1600,1650
Ongole,2005-06-03,1620.0,1600,1650
Ongole,2005-06-07,1630.0,1600,1650
Ongole,2005-06-08,1630.0,1600,1650
Ongole,2005-06-09,1630.0,1600,1650
Ongole,2005-06-15,1730.0,1700,1750
Ongole,2005-06-16,1730.0,1700,1750
Ongole,2005-06-18,1730.0,1700,1750
Ongole,2005-06-23,1860.0,1800,1900
Ongole,2005-06-25,1730.0,1700,1750
Ongole,2005-06-26,1730.0,1700,1750
Ongole,2005-06-27,1730.0,1700,1750
Ongole,2005-07-04,1670.0,1650,1700
Ongole,2005-07-07,1680.0,1650,1700
Ongole,2005-07-13,1730.0,1700,1750
Ongole,2005-07-15,1630.0,1600,1650
Ongole,2005-07-16,1630.0,1600,1650
Ongole,2005-07-18,1630.0,1600,1650
Ongole,2005-07-19,1630.0,1600,1650
Ongole,2005-07-20,1630.0,1600,1650
Ongole,2005-07-21,1630.0,1600,1650
Ongole,2005-07-26,1550.0,1500,1600
Ongole,2005-07-27,1560.0,1500,1600
Ongole,2005-07-28,1560.0,1500,1600
Ongole,2005-07-29,1550.0,1500,1600
Ongole,2005-07-30,1550.0,1500,1600
Ongole,2005-07-31,1550.0,1500,1600
Ongole,2005-08-01,1550.0,1500,1600
Ongole,2005-08-02,1550.0,1500,1600
Ongole,2005-08-03,1550.0,1500,1600
Ongole,2005-08-05,960.0,940,980
Ongole,2005-08-06,1560.0,1500,1600
Ongole,2005-08-08,1560.0,1500,1600
Ongole,2005-08-11,1590.0,1550,1650
Ongole,2005-08-12,1590.0,1550,1650
Ongole,2005-08-19,1625.0,1600,1650
Ongole,2005-08-22,1630.0,1600,1650
Ongole,2005-08-23,1750.0,1700,1800
Ongole,2005-08-24,1580.0,1550,1600
Ongole,2005-08-25,1550.0,1500,1600
Ongole,2005-08-26,1550.0,1500,1600
Ongole,2005-08-27,1550.0,1500,1600
Ongole,2005-08-28,1550.0,1500,1600
Ongole,2005-08-29,1550.0,1500,1600
Ongole,2005-08-30,1550.0,1500,1600
Ongole,2005-08-31,1550.0,1500,1600
Ongole,2005-09-01,1550.0,1500,1600
Ongole,2005-09-16,1650.0,1600,1700
Ongole,2005-09-17,1550.0,1500,1600
Ongole,2005-09-28,1550.0,1500,1600
Ongole,2005-09-29,1550.0,1500,1600
Ongole,2005-10-03,1550.0,1500,1600
Ongole,2005-10-04,1550.0,1500,1600
Ongole,2005-10-06,1550.0,1500,1600
Ongole,2005-10-07,1550.0,1500,1600
Ongole,2005-10-21,1600.0,1550,1650
Ongole,2005-10-26,1550.0,1500,1600
Ongole,2005-10-27,1550.0,1500,1600
Ongole,2005-10-28,1550.0,1500,1600
Ongole,2005-10-29,1560.0,1500,1600
Ongole,2005-10-30,1560.0,1500,1600
Ongole,2005-10-31,1550.0,1500,1600
Ongole,2005-11-02,1750.0,1700,1800
Ongole,2005-11-06,1550.0,1500,1600
Ongole,2005-11-07,1550.0,1500,1600
Ongole,2005-11-08,1550.0,1500,1600
Ongole,2005-11-09,1560.0,1500,1600
Ongole,2005-11-11,1680.0,1650,1700
Ongole,2005-11-12,1595.0,1500,1700
Ongole,2005-11-14,1675.0,1650,1700
Ongole,2005-11-15,1670.0,1650,1700
Ongole,2005-11-16,1670.0,1650,1700
Ongole,2005-11-17,1670.0,1650,1700
Ongole,2005-11-18,1660.0,1600,1700
Ongole,2005-11-19,1650.0,1600,1700
Ongole,2005-11-20,1670.0,1650,1700
Ongole,2005-11-21,1670.0,1650,1700
Ongole,2005-11-22,1660.0,1600,1700
Ongole,2005-11-23,1650.0,1600,1700
Ongole,2005-11-25,1650.0,1600,1700
Ongole,2005-11-26,1650.0,1600,1700
Ongole,2005-11-29,1670.0,1650,1700
Ongole,2005-11-30,1680.0,1650,1700
Ongole,2005-12-01,1680.0,1650,1700
Ongole,2005-12-03,1680.0,1650,1700
Ongole,2005-12-05,1680.0,1650,1700
Ongole,2005-12-06,1680.0,1650,1700
Ongole,2005-12-07,1680.0,1650,1700
Ongole,2005-12-08,1680.0,1650,1700
Ongole,2005-12-09,1680.0,1650,1700
Ongole,2005-12-10,1680.0,1650,1700
Ongole,2005-12-11,1670.0,1650,1700
Ongole,2005-12-12,1670.0,1650,1700
Ongole,2005-12-13,1670.0,1650,1700
Ongole,2005-12-14,1660.0,1640,1680
Ongole,2005-12-15,1725.0,1700,1750
Ongole,2005-12-16,1660.0,1640,1680
Ongole,2005-12-17,1660.0,1640,1680
Ongole,2005-12-18,1660.0,1640,1680
Ongole,2005-12-19,1660.0,1640,1680
Ongole,2005-12-20,1650.0,1640,1680
Ongole,2005-12-21,1660.0,1640,1680
Ongole,2005-12-25,1680.0,1640,1700
Ongole,2005-12-26,1680.0,1640,1700
Ongole,2005-12-27,1670.0,1640,1700
Ongole,2005-12-29,1665.0,1640,1700
Ongole,2005-12-31,1680.0,1640,1700
Ongole,2006-01-02,1020.0,1000,1040
Ongole,2006-01-06,1650.0,1600,1700
Ongole,2006-01-07,1650.0,1600,1700
Ongole,2006-01-16,1510.0,1480,1550
Ongole,2006-01-17,1630.0,1600,1650
Ongole,2006-01-18,1430.0,1400,1450
Ongole,2006-01-22,1630.0,1600,1650
Ongole,2006-01-23,1630.0,1600,1650
Ongole,2006-01-25,1625.0,1600,1650
Ongole,2006-01-26,1625.0,1600,1650
Ongole,2006-01-27,1625.0,1600,1650
Ongole,2006-01-28,1625.0,1600,1650
Ongole,2006-01-31,1625.0,1600,1650
Ongole,2006-02-02,1630.0,1600,1650
Ongole,2006-02-03,1650.0,1600,1700
Ongole,2006-02-10,1650.0,1600,1700
Ongole,2006-02-19,1680.0,1650,1700
Ongole,2006-02-22,1650.0,1600,1700
Ongole,2006-02-23,1650.0,1600,1700
Ongole,2006-02-25,1730.0,1700,1750
Ongole,2006-02-26,1730.0,1700,1750
Ongole,2006-02-28,980.0,950,1000
Ongole,2006-03-02,1650.0,1600,1700
Ongole,2006-03-03,1650.0,1600,1700
Ongole,2006-03-04,1650.0,1600,1700
Ongole,2006-03-05,1650.0,1600,1700
Ongole,2006-03-06,1550.0,1500,1600
Ongole,2006-03-07,1650.0,1600,1700
Ongole,2006-03-08,1650.0,1600,1700
Ongole,2006-03-09,1545.0,1400,1700
Ongole,2006-03-10,1650.0,1600,1700
Ongole,2006-03-14,1650.0,1600,1700
Ongole,2006-03-15,1650.0,1600,1700
Ongole,2006-03-16,1640.0,1600,1670
Ongole,2006-03-18,1575.0,1550,1600
Ongole,2006-03-21,1550.0,1500,1600
Ongole,2006-03-22,1650.0,1600,1700
Ongole,2006-03-23,1680.0,1650,1700
Ongole,2006-03-25,1550.0,1500,1600
Ongole,2006-03-28,1650.0,1600,1700
Ongole,2006-03-29,1650.0,1600,1700
Ongole,2006-03-30,1650.0,1600,1700
Ongole,2006-03-31,1650.0,1600,1700
Ongole,2006-04-01,1750.0,1700,1800
Ongole,2006-04-02,1750.0,1700,1800
Ongole,2006-04-03,1750.0,1700,1800
Ongole,2006-04-04,1750.0,1700,1800
Ongole,2006-04-05,1750.0,1700,1800
Ongole,2006-04-06,1750.0,1700,1800
Ongole,2006-04-10,1750.0,1700,1800
Ongole,2006-04-11,1750.0,1700,1800
Ongole,2006-04-12,1650.0,1600,1700
Ongole,2006-04-13,830.0,800,850
Ongole,2006-04-18,1750.0,1700,1800
Ongole,2006-04-19,1750.0,1700,1800
Ongole,2006-04-20,1750.0,1700,1800
Ongole,2006-04-26,1750.0,1700,1800
Ongole,2006-04-27,1750.0,1700,1800
Ongole,2006-04-28,1750.0,1700,1800
Ongole,2006-04-29,1750.0,1700,1800
Ongole,2006-04-30,1750.0,1700,1800
Ongole,2006-05-01,1750.0,1700,1800
Ongole,2006-05-02,1000.0,930,1050
Ongole,2006-05-03,1750.0,1700,1800
Ongole,2006-05-04,1750.0,1700,1800
Ongole,2006-05-07,1750.0,1700,1800
Ongole,2006-05-08,1750.0,1700,1800
Ongole,2006-05-09,1750.0,1700,1800
Ongole,2006-05-10,1750.0,1700,1800
Ongole,2006-05-11,1750.0,1700,1800
Ongole,2006-05-12,1750.0,1700,1800
Ongole,2006-05-15,1750.0,1700,1800
Ongole,2006-05-16,1750.0,1700,1800
Ongole,2006-05-17,1750.0,1700,1800
Ongole,2006-05-18,1750.0,1700,1800
Ongole,2006-05-19,1750.0,1700,1800
Ongole,2006-05-20,1750.0,1700,1800
Ongole,2006-05-23,1750.0,1700,1800
Ongole,2006-05-24,1750.0,1700,1800
Ongole,2006-05-25,1750.0,1700,1800
Ongole,2006-05-26,1750.0,1700,1800
Ongole,2006-05-27,1750.0,1700,1800
Ongole,2006-05-28,1750.0,1700,1800
Ongole,2006-05-29,1750.0,1700,1800
Ongole,2006-05-30,1750.0,1700,1800
Ongole,2006-05-31,1750.0,1700,1800
Ongole,2006-06-01,1750.0,1700,1800
Ongole,2006-06-02,1750.0,1700,1800
Ongole,2006-06-03,1750.0,1700,1800
Ongole,2006-06-04,1750.0,1700,1800
Ongole,2006-06-05,1750.0,1700,1800
Ongole,2006-06-06,1750.0,1700,1800
Ongole,2006-06-08,1750.0,1700,1800
Ongole,2006-06-12,1750.0,1700,1800
Ongole,2006-06-13,1780.0,1750,1800
Ongole,2006-06-14,1780.0,1750,1800
Ongole,2006-06-17,1750.0,1700,1800
Ongole,2006-06-19,1750.0,1700,1800
Ongole,2006-06-20,1750.0,1700,1800
Ongole,2006-06-22,1750.0,1700,1800
Ongole,2006-06-23,1750.0,1700,1800
Ongole,2006-06-24,1750.0,1700,1800
Ongole,2006-06-26,1750.0,1700,1800
Ongole,2006-06-27,1750.0,1700,1800
Ongole,2006-06-29,1750.0,1700,1800
Ongole,2006-06-30,1750.0,1700,1800
Ongole,2006-07-01,1750.0,1700,1800
Ongole,2006-07-06,1700.0,1650,1750
Ongole,2006-07-07,1750.0,1700,1800
Ongole,2006-07-08,1750.0,1700,1800
Ongole,2006-07-09,1750.0,1700,1800
Ongole,2006-07-10,1650.0,1600,1700
Ongole,2006-07-11,1650.0,1600,1700
Ongole,2006-07-12,1650.0,1600,1700
Ongole,2006-07-13,1650.0,1600,1700
Ongole,2006-07-14,1530.0,1500,1550
Ongole,2006-07-15,1530.0,1500,1550
Ongole,2006-07-17,1530.0,1500,1550
Ongole,2006-07-18,1530.0,1500,1550
Ongole,2006-07-19,1530.0,1500,1550
Ongole,2006-07-20,1530.0,1500,1550
Ongole,2006-07-21,1530.0,1500,1550
Ongole,2006-07-22,1550.0,1500,1600
Ongole,2006-07-24,1550.0,1500,1600
Ongole,2006-07-25,1550.0,1500,1600
Ongole,2006-07-26,1550.0,1500,1600
Ongole,2006-07-27,1550.0,1500,1600
Ongole,2006-07-28,1550.0,1500,1600
Ongole,2006-07-29,1550.0,1500,1600
Ongole,2006-07-31,1550.0,1500,1600
Ongole,2006-08-01,1550.0,1500,1600
Ongole,2006-08-02,1550.0,1500,1600
Ongole,2006-08-03,1550.0,1500,1600
Ongole,2006-08-04,1550.0,1500,1600
Ongole,2006-08-05,1570.0,1550,1600
Ongole,2006-08-06,1570.0,1550,1600
Ongole,2006-08-07,1575.0,1550,1600
Ongole,2006-08-08,1580.0,1550,1600
Ongole,2006-08-09,1550.0,1500,1600
Ongole,2006-08-11,1550.0,1500,1600
Ongole,2006-08-14,1550.0,1500,1600
Ongole,2006-08-17,1550.0,1500,1600
Ongole,2006-08-18,1550.0,1500,1600
Ongole,2006-08-19,1550.0,1500,1600
Ongole,2006-08-22,1550.0,1500,1600
Ongole,2006-08-23,1550.0,1500,1600
Ongole,2006-08-25,1550.0,1500,1600
Ongole,2006-08-26,1550.0,1500,1600
Ongole,2006-08-28,1550.0,1500,1600
Ongole,2006-08-30,1630.0,1600,1650
Ongole,2006-08-31,1630.0,1600,1650
Ongole,2006-09-01,1630.0,1600,1650
Ongole,2006-09-02,1630.0,1600,1650
Ongole,2006-09-04,1630.0,1600,1650
Ongole,2006-09-05,1630.0,1600,1650
Ongole,2006-09-06,1680.0,1650,1700
Ongole,2006-09-07,1680.0,1650,1700
Ongole,2006-09-08,1550.0,1500,1600
Ongole,2006-09-11,1550.0,1500,1600
Ongole,2006-09-12,1550.0,1500,1600
Ongole,2006-09-14,1550.0,1500,1600
Ongole,2006-09-15,1550.0,1500,1600
Ongole,2006-09-16,1550.0,1500,1600
Ongole,2006-09-19,1600.0,1500,1650
Ongole,2006-09-21,1650.0,1600,1700
Ongole,2006-09-23,1600.0,1500,1650
Ongole,2006-09-25,1600.0,1500,1650
Ongole,2006-10-10,1550.0,1500,1600
Ongole,2006-10-16,1580.0,1550,1600
Ongole,2006-10-19,1610.0,1600,1620
Ongole,2006-10-31,1650.0,1600,1700
Ongole,2006-11-01,1630.0,1600,1650
Ongole,2006-11-07,1650.0,1600,1700
Ongole,2006-11-08,1650.0,1600,1700
Ongole,2006-11-09,1650.0,1600,1700
Ongole,2006-11-10,1650.0,1600,1700
Ongole,2006-11-17,1630.0,1600,1650
Ongole,2006-11-18,1650.0,1600,1700
Ongole,2006-12-05,1600.0,1550,1650
Ongole,2006-12-14,1600.0,1500,1650
Ongole,2006-12-18,1550.0,1500,1600
Ongole,2006-12-21,1550.0,1500,1600
Ongole,2006-12-23,1550.0,1500,1600
Ongole,2006-12-30,1630.0,1600,1650
Ongole,2007-01-02,1550.0,1500,1600
Ongole,2007-01-03,1550.0,1500,1600
Ongole,2007-01-04,1550.0,1500,1600
Ongole,2007-01-05,1550.0,1500,1600
Ongole,2007-01-06,1550.0,1500,1600
Ongole,2007-01-08,1550.0,1500,1600
Ongole,2007-01-09,1550.0,1500,1600
Ongole,2007-01-10,1550.0,1500,1600
Ongole,2007-01-11,1550.0,1500,1600
Ongole,2007-01-12,1600.0,1550,1650
Ongole,2007-01-17,1550.0,1500,1600
Ongole,2007-01-18,1550.0,1500,1600
Ongole,2007-01-19,1600.0,1500,1650
Ongole,2007-01-20,1550.0,1500,1600
Ongole,2007-01-22,1550.0,1500,1600
Ongole,2007-01-23,1550.0,1500,1600
Ongole,2007-01-24,1550.0,1500,1600
Ongole,2007-01-25,1550.0,1500,1600
Ongole,2007-01-27,1550.0,1500,1600
Ongole,2007-01-31,1550.0,1500,1600
Ongole,2007-02-01,1550.0,1500,1600
Ongole,2007-02-02,1550.0,1500,1600
Ongole,2007-02-17,1550.0,1500,1600
Ongole,2007-02-19,1550.0,1500,1600
Ongole,2007-02-20,1550.0,1500,1600
Ongole,2007-02-21,1550.0,1500,1600
Ongole,2007-02-27,1550.0,1500,1600
Ongole,2007-02-28,1550.0,1500,1600
Ongole,2007-03-01,1550.0,1500,1600
Ongole,2007-03-02,1550.0,1500,1600
Ongole,2007-03-08,1550.0,1500,1600
Ongole,2007-03-14,1550.0,1500,1600
Ongole,2007-03-15,1550.0,1500,1600
Ongole,2007-03-16,1630.0,1600,1650
Ongole,2007-03-17,1630.0,1600,1650
Ongole,2007-03-18,1630.0,1600,1650
Ongole,2007-03-19,1630.0,1600,1650
Ongole,2007-03-21,1620.0,1600,1650
Ongole,2007-03-23,1630.0,1600,1650
Ongole,2007-03-28,1550.0,1500,1600
Ongole,2007-03-31,1550.0,1500,1600
Ongole,2007-04-02,1550.0,1500,1600
Ongole,2007-04-03,1550.0,1500,1600
Ongole,2007-04-04,1550.0,1500,1600
Ongole,2007-04-11,1630.0,1600,1650
Ongole,2007-04-12,1630.0,1600,1650
Ongole,2007-04-16,1640.0,1600,1680
Ongole,2007-04-17,1640.0,1600,1680
Ongole,2007-04-23,1650.0,1600,1700
Ongole,2007-04-24,1630.0,1600,1650
Ongole,2007-05-03,1600.0,1550,1650
Ongole,2007-05-17,1550.0,1500,1600
Ongole,2007-05-29,1550.0,1500,1600
Ongole,2007-05-31,1530.0,1500,1550
Ongole,2007-06-05,1550.0,1500,1600
Ongole,2007-06-06,1550.0,1500,1600
Ongole,2007-06-07,1550.0,1500,1600
Ongole,2007-06-08,1550.0,1500,1600
Ongole,2007-06-11,1550.0,1500,1600
Ongole,2007-06-13,1550.0,1500,1600
Ongole,2007-06-15,1550.0,1500,1600
Ongole,2007-06-16,1540.0,1500,1580
Ongole,2007-06-18,1550.0,1500,1600
Ongole,2007-06-19,1580.0,1550,1600
Ongole,2007-06-21,1580.0,1550,1600
Ongole,2007-06-30,1550.0,1500,1600
Ongole,2007-07-01,1550.0,1500,1600
Ongole,2007-07-06,1550.0,1500,1600
Ongole,2007-07-07,1550.0,1500,1600
Ongole,2007-07-09,1550.0,1500,1600
Ongole,2007-07-12,1550.0,1500,1600
Ongole,2007-07-13,1550.0,1500,1600
Ongole,2007-07-17,1540.0,1500,1580
Ongole,2007-07-18,1530.0,1500,1550
Ongole,2007-07-19,1530.0,1500,1550
Ongole,2007-07-20,1530.0,1500,1550
Ongole,2007-07-21,1530.0,1500,1550
Ongole,2007-07-23,1530.0,1500,1550
Ongole,2007-07-24,1530.0,1500,1550
Ongole,2007-07-26,1550.0,1500,1600
Ongole,2007-07-31,1540.0,1500,1560
Ongole,2007-08-01,1550.0,1500,1600
Ongole,2007-08-02,1530.0,1500,1550
Ongole,2007-08-04,1550.0,1500,1600
Ongole,2007-08-06,1550.0,1500,1600
Ongole,2007-08-08,1550.0,1500,1600
Ongole,2007-08-10,1530.0,1500,1550
Ongole,2007-08-14,1530.0,1500,1550
Ongole,2007-08-15,1530.0,1500,1550
Ongole,2007-08-16,1530.0,1500,1550
Ongole,2007-08-17,1520.0,1500,1550
Ongole,2007-08-20,1530.0,1500,1550
Ongole,2007-08-21,1550.0,1500,1600
Ongole,2007-08-22,1550.0,1500,1600
Ongole,2007-08-25,1570.0,1550,1600
Ongole,2007-08-28,1540.0,1500,1600
Ongole,2007-08-31,1600.0,1550,1650
Ongole,2007-09-03,1550.0,1500,1580
Ongole,2007-09-05,1530.0,1500,1550
Ongole,2007-09-10,1580.0,1550,1600
Ongole,2007-09-11,1530.0,1500,1550
Ongole,2007-09-12,1530.0,1500,1550
Ongole,2007-09-13,1540.0,1500,1560
Ongole,2007-09-14,1520.0,1500,1550
Ongole,2007-09-19,1550.0,1500,1600
Ongole,2007-09-20,1530.0,1500,1550
Ongole,2007-09-25,1550.0,1500,1600
Ongole,2007-09-26,1520.0,1500,1550
Ongole,2007-09-28,1510.0,1500,1530
Ongole,2007-09-29,1530.0,1500,1550
Ongole,2007-10-01,1530.0,1500,1550
Ongole,2007-10-04,1550.0,1500,1580
Ongole,2007-10-05,1560.0,1500,1600
Ongole,2007-10-06,1570.0,1500,1600
Ongole,2007-10-08,1550.0,1500,1580
Ongole,2007-10-09,1570.0,1550,1600
Ongole,2007-10-10,1560.0,1550,1600
Ongole,2007-10-11,1550.0,1550,1600
Ongole,2007-10-12,1570.0,1550,1600
Ongole,2007-10-15,1550.0,1500,1600
Ongole,2007-10-16,1540.0,1500,1600
Ongole,2007-10-17,1550.0,1500,1600
Ongole,2007-10-18,1550.0,1500,1600
Ongole,2007-10-20,1570.0,1500,1600
Ongole,2007-11-03,1520.0,1500,1550
Ongole,2007-11-05,1530.0,1500,1550
Ongole,2007-11-06,1530.0,1500,1550
Ongole,2007-11-08,1530.0,1500,1550
Ongole,2007-11-13,1530.0,1500,1550
Ongole,2007-11-15,1530.0,1500,1550
Ongole,2007-11-16,1540.0,1500,1550
Ongole,2007-11-17,1540.0,1500,1550
Ongole,2007-11-19,1520.0,1500,1550
Ongole,2007-11-20,1530.0,1500,1550
Ongole,2007-11-22,1530.0,1500,1550
Ongole,2007-11-23,1530.0,1500,1550
Ongole,2007-11-24,1520.0,1500,1550
Ongole,2007-11-28,1520.0,1500,1550
Ongole,2007-11-29,1520.0,1500,1550
Ongole,2007-11-30,1520.0,1500,1550
Ongole,2007-12-01,1450.0,1400,1500
Ongole,2007-12-03,1450.0,1400,1500
Ongole,2007-12-04,1450.0,1400,1500
Ongole,2007-12-05,1450.0,1400,1500
Ongole,2007-12-06,1470.0,1400,1500
Ongole,2007-12-07,1470.0,1400,1500
Ongole,2007-12-10,1460.0,1400,1500
Ongole,2007-12-11,1470.0,1450,1500
Ongole,2007-12-13,1470.0,1450,1500
Ongole,2007-12-14,1480.0,1450,1500
Ongole,2007-12-15,1480.0,1450,1500
Ongole,2007-12-17,1580.0,1570,1600
Ongole,2007-12-18,1580.0,1570,1600
Ongole,2007-12-19,1590.0,1570,1600
Ongole,2007-12-20,1580.0,1550,1600
Ongole,2007-12-22,1570.0,1550,1600
Ongole,2007-12-24,1570.0,1500,1600
Ongole,2007-12-26,1550.0,1500,1600
Ongole,2007-12-27,1550.0,1500,1600
Ongole,2007-12-30,1550.0,1500,1600
Ongole,2008-01-01,1630.0,1600,1650
Ongole,2008-01-03,1630.0,1600,1650
Ongole,2008-01-04,1620.0,1600,1650
Ongole,2008-01-05,1620.0,1600,1650
Ongole,2008-01-06,1620.0,1600,1650
Ongole,2008-01-07,1620.0,1600,1650
Ongole,2008-01-08,1580.0,1550,1600
Ongole,2008-01-09,1580.0,1550,1600
Ongole,2008-01-10,1630.0,1600,1650
Ongole,2008-01-11,1620.0,1600,1650
Ongole,2008-01-12,1620.0,1600,1650
Ongole,2008-01-13,1620.0,1600,1650
Ongole,2008-01-14,1620.0,1600,1650
Ongole,2008-01-15,1620.0,1600,1650
Ongole,2008-01-16,1620.0,1600,1650
Ongole,2008-01-17,1630.0,1600,1650
Ongole,2008-01-18,1620.0,1600,1650
Ongole,2008-01-19,1620.0,1600,1650
Ongole,2008-01-21,1650.0,1600,1670
Ongole,2008-01-22,1630.0,1600,1650
Ongole,2008-01-23,1620.0,1600,1650
Ongole,2008-01-24,1630.0,1600,1650
Ongole,2008-01-25,1630.0,1600,1650
Ongole,2008-01-26,1630.0,1600,1650
Ongole,2008-01-27,1630.0,1600,1650
Ongole,2008-01-28,1630.0,1600,1650
Ongole,2008-01-29,1600.0,1600,1650
Ongole,2008-01-30,1620.0,1600,1650
Ongole,2008-01-31,1630.0,1600,1650
Ongole,2008-02-01,1680.0,1650,1700
Ongole,2008-02-02,1670.0,1650,1700
Ongole,2008-02-04,1670.0,1650,1700
Ongole,2008-02-05,1680.0,1600,1700
Ongole,2008-02-06,1670.0,1600,1700
Ongole,2008-02-07,1650.0,1600,1700
Ongole,2008-02-08,1670.0,1600,1700
Ongole,2008-02-09,1680.0,1650,1700
Ongole,2008-02-10,1680.0,1650,1700
Ongole,2008-02-11,1680.0,1650,1700
Ongole,2008-02-12,1650.0,1650,1700
Ongole,2008-02-13,1670.0,1650,1700
Ongole,2008-02-14,1680.0,1650,1700
Ongole,2008-02-15,1670.0,1650,1700
Ongole,2008-02-16,1680.0,1650,1700
Ongole,2008-02-18,1670.0,1650,1700
Ongole,2008-02-19,1680.0,1600,1700
Ongole,2008-02-20,1670.0,1600,1700
Ongole,2008-02-22,1670.0,1650,1700
Ongole,2008-02-23,1680.0,1650,1700
Ongole,2008-02-25,1680.0,1650,1700
Ongole,2008-02-26,1680.0,1650,1700
Ongole,2008-02-27,1670.0,1650,1700
Ongole,2008-02-28,1680.0,1650,1700
Ongole,2008-02-29,1680.0,1650,1700
Ongole,2008-03-03,1680.0,1650,1700
Ongole,2008-03-04,1680.0,1650,1700
Ongole,2008-03-05,1670.0,1650,1700
Ongole,2008-03-06,1670.0,1650,1700
Ongole,2008-03-07,1680.0,1650,1700
Ongole,2008-03-10,1680.0,1650,1700
Ongole,2008-03-11,1730.0,1700,1750
Ongole,2008-03-12,1720.0,1700,1750
Ongole,2008-03-13,1730.0,1700,1750
Ongole,2008-03-15,1730.0,1700,1750
Ongole,2008-03-16,1730.0,1700,1750
Ongole,2008-03-17,1730.0,1700,1750
Ongole,2008-03-18,1730.0,1700,1750
Ongole,2008-03-19,1730.0,1700,1750
Ongole,2008-03-24,1730.0,1700,1750
Ongole,2008-03-25,1700.0,1680,1720
Ongole,2008-03-26,1770.0,1750,1800
Ongole,2008-03-27,1750.0,1700,1800
Ongole,2008-03-28,1750.0,1700,1800
Ongole,2008-03-29,1750.0,1700,1800
Ongole,2008-03-31,1750.0,1700,1800
Ongole,2008-04-01,1720.0,1700,1750
Ongole,2008-04-02,1730.0,1700,1750
Ongole,2008-04-03,1720.0,1700,1750
Ongole,2008-04-04,1710.0,1700,1720
Ongole,2008-04-08,1730.0,1700,1750
Ongole,2008-04-09,1730.0,1700,1750
Ongole,2008-04-10,1670.0,1650,1700
Ongole,2008-04-11,1730.0,1700,1750
Ongole,2008-04-15,1750.0,1700,1800
Ongole,2008-04-16,1750.0,1700,1800
Ongole,2008-04-17,1780.0,1700,1800
Ongole,2008-04-18,1770.0,1700,1800
Ongole,2008-04-19,1770.0,1700,1800
Ongole,2008-04-20,1770.0,1700,1800
Ongole,2008-04-21,1750.0,1700,1800
Ongole,2008-04-23,1800.0,1750,1850
Ongole,2008-04-24,1800.0,1750,1850
Ongole,2008-04-25,1800.0,1700,1850
Ongole,2008-04-26,1800.0,1700,1850
Ongole,2008-04-27,1750.0,1700,1850
Ongole,2008-04-28,1800.0,1700,1850
Ongole,2008-04-29,1820.0,1700,1850
Ongole,2008-04-30,1820.0,1700,1850
Ongole,2008-05-01,1800.0,1700,1850
Ongole,2008-05-02,1800.0,1700,1850
Ongole,2008-05-03,1800.0,1700,1850
Ongole,2008-05-05,1800.0,1700,1850
Ongole,2008-05-06,1730.0,1700,1750
Ongole,2008-05-07,1730.0,1700,1750
Ongole,2008-05-09,1730.0,1700,1750
Ongole,2008-05-10,1750.0,1730,1800
Ongole,2008-05-12,1730.0,1700,1750
Ongole,2008-05-13,1730.0,1700,1750
Ongole,2008-05-14,1780.0,1750,1800
Ongole,2008-05-15,1780.0,1750,1800
Ongole,2008-05-16,1780.0,1750,1800
Ongole,2008-05-17,1770.0,1700,1800
Ongole,2008-05-18,1730.0,1700,1750
Ongole,2008-05-19,1730.0,1700,1750
Ongole,2008-05-20,1770.0,1700,1800
Ongole,2008-05-21,1770.0,1700,1800
Ongole,2008-05-22,1760.0,1700,1800
Ongole,2008-05-23,1760.0,1700,1800
Ongole,2008-05-24,1760.0,1700,1800
Ongole,2008-05-25,1760.0,1700,1800
Ongole,2008-05-26,1760.0,1700,1800
Ongole,2008-05-27,1870.0,1800,1900
Ongole,2008-05-28,1870.0,1800,1900
Ongole,2008-05-29,1870.0,1800,1900
Ongole,2008-05-30,1870.0,1800,1900
Ongole,2008-05-31,1860.0,1800,1900
Ongole,2008-06-01,1750.0,1730,1800
Ongole,2008-06-03,1980.0,1950,2000
Ongole,2008-06-04,1980.0,1950,2000
Ongole,2008-06-05,1980.0,1950,2000
Ongole,2008-06-06,1980.0,1950,2000
Ongole,2008-06-07,1980.0,1920,2000
Ongole,2008-06-08,1980.0,1950,2000
Ongole,2008-06-09,1970.0,1950,2000
Ongole,2008-06-10,1980.0,1950,2000
Ongole,2008-06-11,1980.0,1950,2000
Ongole,2008-06-12,1970.0,1950,2000
Ongole,2008-06-13,1980.0,1950,2000
Ongole,2008-06-14,1980.0,1950,2000
Ongole,2008-06-15,1950.0,1900,2000
Ongole,2008-06-16,1930.0,1900,2000
Ongole,2008-06-17,2000.0,1900,2100
Ongole,2008-06-18,2050.0,1900,2100
Ongole,2008-06-19,2050.0,1900,2100
Ongole,2008-06-20,2050.0,1900,2100
Ongole,2008-06-21,2000.0,1900,2100
Ongole,2008-06-22,2000.0,1900,2100
Ongole,2008-06-23,2000.0,1900,2100
Ongole,2008-06-25,1980.0,1950,2000
Ongole,2008-06-26,1950.0,1900,2000
Ongole,2008-06-27,1970.0,1900,2000
Ongole,2008-06-28,1970.0,1900,2000
Ongole,2008-06-29,1970.0,1900,2000
Ongole,2008-06-30,1950.0,1900,2000
Ongole,2008-07-01,2070.0,2000,2100
Ongole,2008-07-02,2060.0,2000,2100
Ongole,2008-07-03,2070.0,2000,2100
Ongole,2008-07-04,2070.0,2000,2100
Ongole,2008-07-05,2070.0,2000,2100
Ongole,2008-07-06,2070.0,2000,2100
Ongole,2008-07-07,2050.0,2000,2100
Ongole,2008-07-08,2070.0,2000,2100
Ongole,2008-07-09,2070.0,2000,2100
Ongole,2008-07-10,2050.0,2000,2100
Ongole,2008-07-11,2050.0,2000,2100
Ongole,2008-07-12,2050.0,2000,2100
Ongole,2008-07-13,2050.0,2000,2100
Ongole,2008-07-14,2050.0,2000,2100
Ongole,2008-07-15,2000.0,1900,2100
Ongole,2008-07-16,2000.0,1900,2100
Ongole,2008-07-17,2000.0,1900,2100
Ongole,2008-07-18,2000.0,1900,2100
Ongole,2008-07-19,2000.0,1900,2100
Ongole,2008-07-22,2260.0,2200,2300
Ongole,2008-07-23,2260.0,2200,2300
Ongole,2008-07-24,2260.0,2200,2300
Ongole,2008-07-25,2250.0,2200,2300
Ongole,2008-07-26,2250.0,2200,2300
Ongole,2008-07-28,2250.0,2200,2300
Ongole,2008-07-29,2460.0,2400,2500
Ongole,2008-07-30,2460.0,2400,2500
Ongole,2008-08-01,2450.0,2400,2500
Ongole,2008-08-04,2450.0,2400,2500
Ongole,2008-08-05,2500.0,2400,2600
Ongole,2008-08-06,2500.0,2400,2600
Ongole,2008-08-07,2500.0,2400,2600
Ongole,2008-08-08,2500.0,2400,2600
Ongole,2008-08-09,2500.0,2400,2600
Ongole,2008-08-10,2500.0,2400,2600
Ongole,2008-08-11,2550.0,2400,2600
Ongole,2008-08-12,2450.0,2400,2500
Ongole,2008-08-13,2450.0,2400,2500
Ongole,2008-08-14,2470.0,2400,2500
Ongole,2008-08-15,2470.0,2400,2500
Ongole,2008-08-16,2450.0,2400,2500
Ongole,2008-08-18,2170.0,2100,2200
Ongole,2008-08-19,2470.0,2450,2500
Ongole,2008-08-20,2470.0,2450,2500
Ongole,2008-08-22,2480.0,2450,2500
Ongole,2008-08-23,2480.0,2450,2500
Ongole,2008-08-24,2480.0,2450,2500
Ongole,2008-08-25,2480.0,2450,2500
Ongole,2008-08-26,2450.0,2400,2500
Ongole,2008-08-27,2470.0,2400,2500
Ongole,2008-08-28,2480.0,2450,2500
Ongole,2008-08-29,2500.0,2450,2550
Ongole,2008-08-30,2500.0,2450,2550
Ongole,2008-08-31,2500.0,2450,2550
Ongole,2008-09-01,2450.0,2400,2500
Ongole,2008-09-02,2150.0,2100,2200
Ongole,2008-09-03,2150.0,2100,2200
Ongole,2008-09-04,2150.0,2100,2200
Ongole,2008-09-05,2200.0,2150,2250
Ongole,2008-09-06,2200.0,2150,2250
Ongole,2008-09-22,2270.0,2200,2300
Ongole,2008-09-23,2270.0,2200,2300
Ongole,2008-09-25,2270.0,2200,2300
Ongole,2008-09-26,2270.0,2200,2300
Ongole,2008-09-29,2300.0,2200,2350
Ongole,2008-10-01,2250.0,2200,2300
Ongole,2008-10-04,2270.0,2200,2350
Ongole,2008-10-10,2270.0,2200,2300
Ongole,2008-10-13,2270.0,2200,2300
Ongole,2008-10-14,2350.0,2300,2400
Ongole,2008-10-15,2370.0,2300,2400
Ongole,2008-10-16,3170.0,3100,3200
Ongole,2008-10-21,2250.0,2200,2300
Ongole,2008-10-22,2250.0,2200,2300
Ongole,2008-10-24,2270.0,2200,2300
Ongole,2008-10-29,2300.0,2200,2350
Ongole,2008-10-31,2300.0,2200,2350
Ongole,2008-11-06,2170.0,2150,2200
Ongole,2008-11-07,2170.0,2150,2200
Ongole,2008-11-10,2200.0,2150,2250
Ongole,2008-11-13,2250.0,2200,2280
Ongole,2008-11-24,2170.0,2150,2200
Ongole,2008-11-25,2030.0,2000,2050
Ongole,2008-11-27,2180.0,2150,2200
Ongole,2008-11-28,2170.0,2150,2200
Ongole,2008-12-08,2470.0,2400,2500
Ongole,2008-12-12,2450.0,2400,2500
Ongole,2008-12-15,2480.0,2400,2500
Ongole,2008-12-16,2680.0,2650,2700
Ongole,2008-12-17,2680.0,2650,2700
Ongole,2008-12-18,2680.0,2650,2700
Ongole,2008-12-19,2670.0,2650,2700
Ongole,2008-12-20,2670.0,2650,2700
Ongole,2008-12-22,2670.0,2650,2700
Ongole,2008-12-23,2560.0,2500,2600
Ongole,2008-12-24,2560.0,2500,2600
Ongole,2008-12-26,2560.0,2500,2600
Ongole,2008-12-27,2560.0,2500,2600
Ongole,2008-12-29,2550.0,2500,2600
Ongole,2008-12-30,2570.0,2550,2600
Ongole,2008-12-31,2570.0,2550,2600
Ongole,2009-01-01,2570.0,2550,2600
Ongole,2009-01-02,2580.0,2500,2600
Ongole,2009-01-03,2580.0,2500,2600
Ongole,2009-01-06,2670.0,2650,2700
Ongole,2009-01-07,2670.0,2650,2700
Ongole,2009-01-09,2680.0,2650,2700
Ongole,2009-01-12,2680.0,2650,2700
Ongole,2009-01-15,2670.0,2650,2700
Ongole,2009-01-16,2670.0,2650,2700
Ongole,2009-01-17,2650.0,2600,2700
Ongole,2009-01-19,2650.0,2600,2700
Ongole,2009-01-20,2550.0,2500,2600
Ongole,2009-01-21,3370.0,3300,3400
Ongole,2009-01-23,2570.0,2550,2600
Ongole,2009-01-24,2570.0,2500,2600
Ongole,2009-01-27,2550.0,2500,2600
Ongole,2009-01-28,2570.0,2500,2600
Ongole,2009-01-31,2500.0,2400,2600
Ongole,2009-02-02,2550.0,2400,2600
Ongole,2009-02-05,2500.0,2400,2600
Ongole,2009-02-06,2500.0,2400,2600
Ongole,2009-02-07,2500.0,2400,2600
Ongole,2009-02-08,2500.0,2400,2600
Ongole,2009-02-09,2530.0,2400,2600
Ongole,2009-02-10,2780.0,2700,2800
Ongole,2009-02-11,2780.0,2700,2800
Ongole,2009-02-15,2780.0,2700,2800
Ongole,2009-02-16,2780.0,2700,2800
Ongole,2009-02-17,2750.0,2700,2800
Ongole,2009-02-20,2650.0,2600,2700
Ongole,2009-02-21,2670.0,2600,2700
Ongole,2009-02-22,2670.0,2600,2700
Ongole,2009-02-23,2670.0,2600,2700
Ongole,2009-02-24,2880.0,2850,2930
Ongole,2009-02-25,2900.0,2850,2930
Ongole,2009-02-26,2900.0,2850,2930
Ongole,2009-02-27,2900.0,2850,2930
Ongole,2009-02-28,2900.0,2850,2930
Ongole,2009-03-01,2900.0,2850,2930
Ongole,2009-03-02,2900.0,2850,2930
Ongole,2009-03-04,2870.0,2850,2900
Ongole,2009-03-05,2850.0,2850,2900
Ongole,2009-03-07,2810.0,2770,2900
Ongole,2009-03-08,2810.0,2770,2900
Ongole,2009-03-11,2880.0,2860,2900
Ongole,2009-03-12,2850.0,2830,2870
Ongole,2009-03-13,2840.0,2820,2870
Ongole,2009-03-14,2830.0,2810,2860
Ongole,2009-03-15,2830.0,2810,2860
Ongole,2009-03-16,2830.0,2800,2850
Ongole,2009-03-17,2660.0,2600,2700
Ongole,2009-03-18,2660.0,2600,2700
Ongole,2009-03-19,2660.0,2640,2700
Ongole,2009-03-20,2650.0,2630,2720
Ongole,2009-03-21,2690.0,2660,2740
Ongole,2009-03-22,2690.0,2660,2740
Ongole,2009-03-23,2670.0,2640,2710
Ongole,2009-03-24,2980.0,2950,3000
Ongole,2009-03-25,2980.0,2950,3000
Ongole,2009-03-26,2990.0,2960,3020
Ongole,2009-03-27,3000.0,2960,3020
Ongole,2009-03-28,3000.0,2970,3030
Ongole,2009-03-29,3000.0,2970,3030
Ongole,2009-03-30,2455.0,2430,2520
Ongole,2009-03-31,2960.0,2900,3000
Ongole,2009-04-01,2480.0,2440,2500
Ongole,2009-04-02,2960.0,2930,3030
Ongole,2009-04-03,2465.0,2440,2500
Ongole,2009-04-04,2980.0,2950,3040
Ongole,2009-04-05,2980.0,2950,3040
Ongole,2009-04-06,2460.0,2440,2500
Ongole,2009-04-07,2770.0,2750,2800
Ongole,2009-04-08,2770.0,2750,2800
Ongole,2009-04-09,2780.0,2760,2800
Ongole,2009-04-10,2780.0,2760,2800
Ongole,2009-04-11,2780.0,2760,2800
Ongole,2009-04-12,2780.0,2760,2800
Ongole,2009-04-13,2770.0,2750,2820
Ongole,2009-04-14,2570.0,2500,2600
Ongole,2009-04-15,2570.0,2500,2600
Ongole,2009-04-16,2560.0,2500,2600
Ongole,2009-04-17,2560.0,2500,2600
Ongole,2009-04-18,2570.0,2520,2600
Ongole,2009-04-19,2570.0,2520,2600
Ongole,2009-04-20,2560.0,2530,2600
Ongole,2009-04-21,3180.0,3150,3200
Ongole,2009-04-22,3180.0,3150,3200
Ongole,2009-04-23,3180.0,3150,3200
Ongole,2009-04-24,3170.0,3100,3200
Ongole,2009-04-25,3170.0,3100,3200
Ongole,2009-04-26,3160.0,3100,3200
Ongole,2009-04-27,3170.0,3100,3200
Ongole,2009-04-28,2940.0,2900,3000
Ongole,2009-04-29,2960.0,2900,3000
Ongole,2009-04-30,2980.0,2950,3000
Ongole,2009-05-01,2980.0,2950,3000
Ongole,2009-05-02,2980.0,2960,3000
Ongole,2009-05-03,2980.0,2960,3000
Ongole,2009-05-04,2980.0,2960,3000
Ongole,2009-05-05,3070.0,3000,3100
Ongole,2009-05-06,3070.0,3000,3100
Ongole,2009-05-07,3070.0,3000,3100
Ongole,2009-05-08,3060.0,3000,3100
Ongole,2009-05-09,3060.0,3000,3100
Ongole,2009-05-10,3060.0,3000,3100
Ongole,2009-05-11,3060.0,3000,3100
Ongole,2009-05-12,2570.0,2500,2600
Ongole,2009-05-13,2570.0,2500,2600
Ongole,2009-05-14,2540.0,2500,2600
Ongole,2009-05-15,2550.0,2500,2600
Ongole,2009-05-16,2550.0,2500,2600
Ongole,2009-05-17,2550.0,2500,2600
Ongole,2009-05-18,2550.0,2500,2600
Ongole,2009-05-19,2550.0,2500,2600
Ongole,2009-05-20,2550.0,2500,2600
Ongole,2009-05-21,3750.0,3700,3800
Ongole,2009-05-22,2750.0,2700,2800
Ongole,2009-05-23,2750.0,2700,2800
Ongole,2009-05-24,2750.0,2700,2800
Ongole,2009-05-25,2770.0,2700,2800
Ongole,2009-05-26,2570.0,2500,2600
Ongole,2009-05-27,2580.0,2500,2600
Ongole,2009-05-28,2580.0,2500,2600
Ongole,2009-05-29,2580.0,2500,2600
Ongole,2009-05-30,2570.0,2500,2600
Ongole,2009-05-31,2550.0,2500,2600
Ongole,2009-06-01,2570.0,2500,2600
Ongole,2009-06-02,2550.0,2500,2600
Ongole,2009-06-03,2550.0,2500,2600
Ongole,2009-06-04,2550.0,2500,2600
Ongole,2009-06-05,2550.0,2500,2600
Ongole,2009-06-06,2550.0,2500,2600
Ongole,2009-06-07,2550.0,2500,2600
Ongole,2009-06-08,2550.0,2500,2600
Ongole,2009-06-09,2350.0,2300,2400
Ongole,2009-06-10,2350.0,2300,2400
Ongole,2009-06-11,2350.0,2300,2400
Ongole,2009-06-12,2370.0,2300,2400
Ongole,2009-06-13,2370.0,2300,2400
Ongole,2009-06-14,2370.0,2300,2400
Ongole,2009-06-15,2360.0,2300,2400
Ongole,2009-06-16,2650.0,2600,2700
Ongole,2009-06-17,2670.0,2600,2700
Ongole,2009-06-18,2650.0,2600,2700
Ongole,2009-06-19,2650.0,2600,2700
Ongole,2009-06-20,2650.0,2600,2700
Ongole,2009-06-21,2650.0,2600,2700
Ongole,2009-06-22,2650.0,2600,2700
Ongole,2009-06-23,2650.0,2600,2700
Ongole,2009-06-24,2620.0,2600,2700
Ongole,2009-06-25,2650.0,2600,2700
Ongole,2009-06-26,2650.0,2600,2700
Ongole,2009-06-27,2650.0,2600,2700
Ongole,2009-06-28,2650.0,2600,2700
Ongole,2009-06-29,2670.0,2650,2700
Ongole,2009-06-30,2660.0,2650,2700
Ongole,2009-07-01,2670.0,2600,2700
Ongole,2009-07-02,2670.0,2650,2700
Ongole,2009-07-03,2670.0,2600,2700
Ongole,2009-07-04,2680.0,2650,2700
Ongole,2009-07-05,2680.0,2650,2700
Ongole,2009-07-06,2680.0,2650,2700
Ongole,2009-07-07,2660.0,2600,2700
Ongole,2009-07-08,2650.0,2600,2700
Ongole,2009-07-09,2670.0,2600,2700
Ongole,2009-07-10,2650.0,2600,2700
Ongole,2009-07-11,2650.0,2600,2700
Ongole,2009-07-12,2650.0,2600,2700
Ongole,2009-07-13,2650.0,2550,2700
Ongole,2009-07-14,2560.0,2500,2600
Ongole,2009-07-15,2540.0,2500,2600
Ongole,2009-07-16,2550.0,2500,2600
Ongole,2009-07-17,2550.0,2500,2600
Ongole,2009-07-18,2550.0,2500,2600
Ongole,2009-07-19,2570.0,2500,2600
Ongole,2009-07-20,2570.0,2500,2600
Ongole,2009-07-21,2670.0,2600,2700
Ongole,2009-07-22,2670.0,2600,2700
Ongole,2009-07-23,2670.0,2600,2700
Ongole,2009-07-24,2670.0,2600,2700
Ongole,2009-07-25,2670.0,2600,2700
Ongole,2009-07-26,2670.0,2600,2700
Ongole,2009-07-27,2670.0,2600,2700
Ongole,2009-07-28,2670.0,2600,2700
Ongole,2009-07-29,2670.0,2600,2700
Ongole,2009-07-30,2670.0,2650,2700
Ongole,2009-07-31,2670.0,2650,2700
Ongole,2009-08-01,2670.0,2650,2700
Ongole,2009-08-02,2670.0,2650,2700
Ongole,2009-08-03,2670.0,2650,2700
Ongole,2009-08-04,2650.0,2600,2700
Ongole,2009-08-05,2650.0,2600,2700
Ongole,2009-08-06,2670.0,2600,2700
Ongole,2009-08-07,2660.0,2600,2700
Ongole,2009-08-08,2650.0,2600,2700
Ongole,2009-08-09,2650.0,2600,2700
Ongole,2009-08-10,2650.0,2600,2700
Ongole,2009-08-11,2770.0,2700,2800
Ongole,2009-08-12,2780.0,2750,2800
Ongole,2009-08-13,2750.0,2700,2800
Ongole,2009-08-14,2750.0,2700,2800
Ongole,2009-08-15,2750.0,2700,2800
Ongole,2009-08-16,2750.0,2700,2800
Ongole,2009-08-17,2750.0,2700,2800
Ongole,2009-08-18,2750.0,2700,2800
Ongole,2009-08-19,2750.0,2700,2800
Ongole,2009-08-20,2750.0,2700,2800
Ongole,2009-08-21,1550.0,1500,1600
Ongole,2009-08-22,2750.0,2700,2800
Ongole,2009-08-25,2770.0,2750,2800
Ongole,2009-08-26,2770.0,2750,2800
Ongole,2009-08-27,2770.0,2700,2800
Ongole,2009-08-28,2750.0,2700,2800
Ongole,2009-08-29,2750.0,2700,2800
Ongole,2009-08-30,2750.0,2700,2800
Ongole,2009-08-31,2750.0,2700,2800
Ongole,2009-09-01,2750.0,2700,2800
Ongole,2009-09-02,2770.0,2700,2800
Ongole,2009-09-03,2750.0,2700,2800
Ongole,2009-09-04,2750.0,2700,2800
Ongole,2009-09-05,2770.0,2700,2800
Ongole,2009-09-06,2770.0,2700,2800
Ongole,2009-09-07,2770.0,2700,2800
Ongole,2009-09-08,2770.0,2700,2800
Ongole,2009-09-09,2750.0,2700,2800
Ongole,2009-09-10,2770.0,2700,2800
Ongole,2009-09-11,2750.0,2700,2800
Ongole,2009-09-12,2770.0,2700,2800
Ongole,2009-09-13,2770.0,2700,2800
Ongole,2009-09-14,2750.0,2700,2800
Ongole,2009-09-15,3270.0,3200,3300
Ongole,2009-09-17,3270.0,3200,3300
Ongole,2009-09-18,3270.0,3200,3300
Ongole,2009-09-19,3270.0,3200,3300
Ongole,2009-09-20,3270.0,3200,3300
Ongole,2009-09-21,3270.0,3200,3300
Ongole,2009-09-22,3070.0,3000,3100
Ongole,2009-09-23,3070.0,3000,3100
Ongole,2009-09-24,3060.0,3000,3100
Ongole,2009-09-25,3050.0,3000,3100
Ongole,2009-09-26,3050.0,3000,3100
Ongole,2009-09-27,3070.0,3000,3100
Ongole,2009-09-28,2550.0,2500,2600
Ongole,2009-09-29,3070.0,3000,3100
Ongole,2009-09-30,3050.0,3000,3100
Ongole,2009-10-01,3070.0,3000,3100
Ongole,2009-10-02,3060.0,3000,3100
Ongole,2009-10-03,3070.0,3000,3100
Ongole,2009-10-04,3070.0,3000,3100
Ongole,2009-10-05,3070.0,3000,3100
Ongole,2009-10-06,3070.0,3000,3100
Ongole,2009-10-07,3070.0,3000,3100
Ongole,2009-10-08,3050.0,3000,3100
Ongole,2009-10-09,3070.0,3000,3100
Ongole,2009-10-10,3070.0,3000,3100
Ongole,2009-10-11,3070.0,3000,3100
Ongole,2009-10-12,3060.0,3000,3100
Ongole,2009-10-13,3270.0,3200,3300
Ongole,2009-10-14,3250.0,3200,3300
Ongole,2009-10-15,3260.0,3200,3300
Ongole,2009-10-16,3270.0,3200,3300
Ongole,2009-10-17,3270.0,3200,3300
Ongole,2009-10-18,3270.0,3200,3300
Ongole,2009-10-19,3250.0,3150,3300
Ongole,2009-10-20,3150.0,3100,3200
Ongole,2009-10-21,3170.0,3100,3200
Ongole,2009-10-22,3150.0,3100,3200
Ongole,2009-10-23,3170.0,3100,3200
Ongole,2009-10-24,3150.0,3100,3200
Ongole,2009-10-25,3150.0,3100,3200
Ongole,2009-10-26,3150.0,3100,3200
Ongole,2009-10-27,3050.0,3000,3100
Ongole,2009-10-28,3070.0,3000,3100
Ongole,2009-10-29,3070.0,3000,3100
Ongole,2009-10-30,3060.0,3000,3100
Ongole,2009-10-31,3050.0,3000,3100
Ongole,2009-11-01,3050.0,3000,3100
Ongole,2009-11-02,3050.0,3000,3100
Ongole,2009-11-03,3120.0,3100,3150
Ongole,2009-11-04,3120.0,3100,3150
Ongole,2009-11-05,3130.0,3100,3150
Ongole,2009-11-06,3120.0,3100,3150
Ongole,2009-11-07,3120.0,3100,3150
Ongole,2009-11-08,3120.0,3100,3150
Ongole,2009-11-09,3120.0,3100,3150
Ongole,2009-11-10,3120.0,3100,3150
Ongole,2009-11-11,3120.0,3100,3150
Ongole,2009-11-12,3120.0,3100,3150
Ongole,2009-11-13,3120.0,3100,3150
Ongole,2009-11-14,3120.0,3100,3150
Ongole,2009-11-15,3120.0,3100,3150
Ongole,2009-11-16,3120.0,3100,3150
Ongole,2009-11-17,3170.0,3150,3200
Ongole,2009-11-18,3170.0,3150,3200
Ongole,2009-11-19,3150.0,3100,3200
Ongole,2009-11-20,3170.0,3150,3200
Ongole,2009-11-21,3170.0,3150,3200
Ongole,2009-11-22,3150.0,3150,3200
Ongole,2009-11-23,3150.0,3150,3200
Ongole,2009-11-24,3320.0,3300,3350
Ongole,2009-11-25,3320.0,3300,3350
Ongole,2009-11-26,3330.0,3300,3350
Ongole,2009-11-27,3330.0,3300,3350
Ongole,2009-11-28,3320.0,3300,3350
Ongole,2009-11-29,3320.0,3300,3350
Ongole,2009-11-30,3320.0,3300,3350
Ongole,2009-12-01,3150.0,3100,3200
Ongole,2009-12-02,3150.0,3100,3200
Ongole,2009-12-03,3150.0,3100,3200
Ongole,2009-12-04,3150.0,3100,3200
Ongole,2009-12-05,3150.0,3100,3200
Ongole,2009-12-06,3150.0,3100,3200
Ongole,2009-12-07,3170.0,3100,3200
Ongole,2009-12-08,3070.0,3000,3100
Ongole,2009-12-09,3050.0,3000,3100
Ongole,2009-12-10,3070.0,3000,3100
Ongole,2009-12-11,3070.0,3000,3100
Ongole,2009-12-12,3070.0,3000,3100
Ongole,2009-12-13,3070.0,3000,3100
Ongole,2009-12-14,3070.0,3000,3100
Ongole,2009-12-15,3070.0,3000,3100
Ongole,2009-12-16,3050.0,3000,3100
Ongole,2009-12-17,3050.0,3000,3100
Ongole,2009-12-18,3050.0,3000,3100
Ongole,2009-12-19,3050.0,3000,3100
Ongole,2009-12-20,3060.0,3000,3100
Ongole,2009-12-21,3050.0,3000,3100
Ongole,2009-12-22,3050.0,3000,3100
Ongole,2009-12-23,3050.0,3000,3100
Ongole,2009-12-24,3050.0,3000,3100
Ongole,2009-12-25,3070.0,3000,3100
Ongole,2009-12-26,3030.0,3000,3100
Ongole,2009-12-27,3050.0,3000,3100
Ongole,2009-12-28,3050.0,3000,3100
Ongole,2009-12-29,3060.0,3000,3100
Ongole,2009-12-30,3050.0,3000,3100
Ongole,2009-12-31,3070.0,3000,3100
Ongole,2010-01-01,3070.0,3000,3100
Ongole,2010-01-02,3050.0,3000,3100
Ongole,2010-01-03,3050.0,3000,3100
Ongole,2010-01-04,3050.0,3000,3100
Ongole,2010-01-05,3050.0,3000,3100
Ongole,2010-01-06,3050.0,3000,3100
Ongole,2010-01-07,3070.0,3000,3100
Ongole,2010-01-08,3050.0,3000,3100
Ongole,2010-01-09,3060.0,3000,3100
Ongole,2010-01-10,3060.0,3000,3100
Ongole,2010-01-11,3050.0,3000,3100
Ongole,2010-01-12,3150.0,3100,3200
Ongole,2010-01-13,3150.0,3100,3200
Ongole,2010-01-14,3150.0,3100,3200
Ongole,2010-01-15,3150.0,3100,3200
Ongole,2010-01-16,3150.0,3100,3200
Ongole,2010-01-17,3150.0,3100,3200
Ongole,2010-01-18,3170.0,3100,3200
Ongole,2010-01-19,3150.0,3100,3200
Ongole,2010-01-20,3170.0,3100,3200
Ongole,2010-01-21,3170.0,3100,3200
Ongole,2010-01-22,3150.0,3100,3200
Ongole,2010-01-23,3150.0,3100,3200
Ongole,2010-01-24,3150.0,3100,3200
Ongole,2010-01-25,3170.0,3100,3200
Ongole,2010-01-26,3170.0,3100,3200
Ongole,2010-01-27,3170.0,3100,3200
Ongole,2010-01-28,3150.0,3100,3200
Ongole,2010-01-30,3170.0,3100,3200
Ongole,2010-01-31,3150.0,3100,3200
Ongole,2010-02-01,3150.0,3100,3200
Ongole,2010-02-02,3170.0,3100,3200
Ongole,2010-02-03,2950.0,2900,3000
Ongole,2010-02-04,2940.0,2900,3000
Ongole,2010-02-05,2950.0,2900,3000
Ongole,2010-02-06,2970.0,2900,3000
Ongole,2010-02-10,2970.0,2900,3000
Ongole,2010-02-11,2950.0,2900,3000
Ongole,2010-02-15,2950.0,2900,3000
Ongole,2010-02-16,2950.0,2900,3000
Ongole,2010-02-17,2970.0,2900,3000
Ongole,2010-02-19,2970.0,2900,3000
Ongole,2010-02-22,2960.0,2900,3000
Ongole,2010-02-24,2900.0,2800,3000
Ongole,2010-02-26,2900.0,2800,3000
Ongole,2010-03-02,2850.0,2700,2900
Ongole,2010-03-03,2850.0,2700,2900
Ongole,2010-03-04,2850.0,2700,2900
Ongole,2010-03-05,2850.0,2700,2900
Ongole,2010-03-06,2850.0,2800,2900
Ongole,2010-03-08,2850.0,2700,2900
Ongole,2010-03-09,2850.0,2700,2900
Ongole,2010-03-10,2850.0,2700,2900
Ongole,2010-03-11,2850.0,2700,2900
Ongole,2010-03-12,2850.0,2700,2900
Ongole,2010-03-15,2850.0,2800,2900
Ongole,2010-03-17,2880.0,2850,2900
Ongole,2010-03-18,2880.0,2850,2900
Ongole,2010-03-19,2880.0,2850,2900
Ongole,2010-03-20,3650.0,3600,3700
Ongole,2010-03-22,2850.0,2800,2900
Ongole,2010-03-23,2850.0,2800,2900
Ongole,2010-03-25,2850.0,2800,2900
Ongole,2010-03-26,2850.0,2800,2900
Ongole,2010-03-27,2870.0,2800,2900
Ongole,2010-03-29,2870.0,2800,2900
Ongole,2010-03-30,2970.0,2900,3000
Ongole,2010-03-31,2970.0,2900,3000
Ongole,2010-04-01,2970.0,2900,3000
Ongole,2010-04-03,2970.0,2900,3000
Ongole,2010-04-06,2950.0,2900,3000
Ongole,2010-04-07,2950.0,2900,3000
Ongole,2010-04-09,2950.0,2900,3000
Ongole,2010-04-11,2950.0,2900,3000
Ongole,2010-04-12,2950.0,2900,3000
Ongole,2010-04-13,2850.0,2800,2900
Ongole,2010-04-15,2850.0,2800,2900
Ongole,2010-04-16,2870.0,2800,2900
Ongole,2010-04-17,2850.0,2800,2900
Ongole,2010-04-19,2850.0,2800,2900
Ongole,2010-04-20,2850.0,2800,2900
Ongole,2010-04-21,2870.0,2800,2900
Ongole,2010-04-22,2850.0,2800,2900
Ongole,2010-04-23,2870.0,2800,2900
Ongole,2010-04-24,2850.0,2820,2900
Ongole,2010-04-26,2850.0,2830,2900
Ongole,2010-04-27,2900.0,2850,3000
Ongole,2010-04-28,2900.0,2870,3000
Ongole,2010-04-29,2950.0,2900,3000
Ongole,2010-04-30,2950.0,2900,3000
Ongole,2010-05-01,2950.0,2900,3000
Ongole,2010-05-04,2950.0,2900,3000
Ongole,2010-05-05,2950.0,2900,3000
Ongole,2010-05-06,2950.0,2900,3000
Ongole,2010-05-07,2950.0,2900,3000
Ongole,2010-05-08,2950.0,2900,3000
Ongole,2010-05-09,2950.0,2900,3000
Ongole,2010-05-10,2950.0,2900,3000
Ongole,2010-05-11,2950.0,2900,3000
Ongole,2010-05-12,2960.0,2900,3000
Ongole,2010-05-13,2920.0,2900,3000
Ongole,2010-05-14,2950.0,2900,3000
Ongole,2010-05-15,2970.0,2900,3000
Ongole,2010-05-16,2970.0,2950,3000
Ongole,2010-05-17,2960.0,2900,3000
Ongole,2010-05-18,2950.0,2900,3000
Ongole,2010-05-19,2950.0,2900,3000
Ongole,2010-05-20,2950.0,2900,3000
Ongole,2010-05-25,2950.0,2900,3000
Ongole,2010-05-26,2950.0,2900,3000
Ongole,2010-05-27,2950.0,2900,3000
Ongole,2010-05-28,2950.0,2900,3000
Ongole,2010-05-29,2950.0,2900,3000
Ongole,2010-05-31,2950.0,2900,3000
Ongole,2010-06-02,2980.0,2950,3000
Ongole,2010-06-03,2950.0,2900,3000
Ongole,2010-06-08,2950.0,2900,3000
Ongole,2010-06-09,2980.0,2950,3000
Ongole,2010-06-10,2970.0,2950,3000
Ongole,2010-06-11,2950.0,2900,3000
Ongole,2010-06-15,2950.0,2900,3000
Ongole,2010-06-16,2950.0,2900,3000
Ongole,2010-06-17,2950.0,2900,3000
Ongole,2010-06-19,2370.0,2350,2400
Ongole,2010-06-21,2350.0,2300,2400
Ongole,2010-06-22,2750.0,2700,2800
Ongole,2010-06-23,2780.0,2700,2800
Ongole,2010-06-24,2780.0,2700,2800
Ongole,2010-06-25,2780.0,2700,2800
Ongole,2010-06-26,2780.0,2700,2800
Ongole,2010-06-28,2770.0,2750,2800
Ongole,2010-06-29,2970.0,2950,3000
Ongole,2010-06-30,2970.0,2950,3000
Ongole,2010-07-01,2980.0,2960,3000
Ongole,2010-07-02,2970.0,2950,3000
Ongole,2010-07-03,2950.0,2930,3000
Ongole,2010-07-05,2980.0,2960,3000
Ongole,2010-07-06,2980.0,2960,3000
Ongole,2010-07-07,2870.0,2800,2900
Ongole,2010-07-08,2850.0,2800,2900
Ongole,2010-07-09,2870.0,2850,2900
Ongole,2010-07-12,2850.0,2800,2900
Ongole,2010-07-13,2800.0,2750,2900
Ongole,2010-07-14,2800.0,2750,2900
Ongole,2010-07-15,2850.0,2800,2900
Ongole,2010-07-16,2870.0,2850,2900
Ongole,2010-07-17,2850.0,2800,2900
Ongole,2010-07-19,2870.0,2850,2900
Ongole,2010-07-20,2830.0,2800,2900
Ongole,2010-07-21,2900.0,2850,2950
Ongole,2010-07-22,2870.0,2850,2900
Ongole,2010-07-23,2850.0,2830,2900
Ongole,2010-07-24,2870.0,2850,2900
Ongole,2010-07-26,2870.0,2850,2900
Ongole,2010-07-27,2860.0,2800,2900
Ongole,2010-07-28,2470.0,2450,2500
Ongole,2010-07-29,2450.0,2400,2500
Ongole,2010-07-30,2500.0,2450,2550
Ongole,2010-07-31,2520.0,2500,2550
Ongole,2010-08-02,2520.0,2500,2550
Ongole,2010-08-03,2570.0,2550,2600
Ongole,2010-08-04,2560.0,2500,2600
Ongole,2010-08-05,2550.0,2500,2600
Ongole,2010-08-06,2570.0,2550,2600
Ongole,2010-08-07,2560.0,2500,2600
Ongole,2010-08-09,2560.0,2500,2600
Ongole,2010-08-10,2450.0,2400,2500
Ongole,2010-08-11,2450.0,2430,2500
Ongole,2010-08-12,2450.0,2420,2500
Ongole,2010-08-13,2450.0,2420,2500
Ongole,2010-08-14,2450.0,2400,2500
Ongole,2010-08-15,2450.0,2400,2500
Ongole,2010-08-16,2450.0,2400,2500
Ongole,2010-08-17,2650.0,2620,2700
Ongole,2010-08-18,2670.0,2650,2700
Ongole,2010-08-19,2650.0,2600,2700
Ongole,2010-08-20,2650.0,2600,2700
Ongole,2010-08-21,2670.0,2650,2700
Ongole,2010-08-22,2670.0,2650,2700
Ongole,2010-08-23,2670.0,2650,2700
Ongole,2010-08-24,2670.0,2650,2700
Ongole,2010-08-25,2670.0,2650,2700
Ongole,2010-08-26,2650.0,2630,2700
Ongole,2010-08-27,2650.0,2600,2700
Ongole,2010-08-28,2650.0,2600,2700
Ongole,2010-08-29,2650.0,2600,2700
Ongole,2010-08-30,2650.0,2600,2700
Ongole,2010-08-31,2670.0,2650,2700
Ongole,2010-09-01,2670.0,2650,2700
Ongole,2010-09-02,2670.0,2650,2700
Ongole,2010-09-03,2670.0,2650,2700
Ongole,2010-09-04,2670.0,2650,2700
Ongole,2010-09-05,2670.0,2650,2700
Ongole,2010-09-06,2670.0,2650,2700
Ongole,2010-09-07,2670.0,2600,2700
Ongole,2010-09-08,2650.0,2600,2700
Ongole,2010-09-09,2650.0,2600,2700
Ongole,2010-09-10,2650.0,2600,2700
Ongole,2010-09-11,2650.0,2600,2700
Ongole,2010-09-12,2650.0,2600,2700
Ongole,2010-09-13,2650.0,2600,2700
Ongole,2010-09-14,2650.0,2600,2700
Ongole,2010-09-15,2670.0,2600,2700
Ongole,2010-09-16,2670.0,2600,2700
Ongole,2010-09-17,2670.0,2600,2700
Ongole,2010-09-18,2670.0,2600,2700
Ongole,2010-09-19,2670.0,2600,2700
Ongole,2010-09-20,2670.0,2600,2700
Ongole,2010-09-21,2670.0,2600,2700
Ongole,2010-09-22,2730.0,2700,2750
Ongole,2010-09-23,2660.0,2600,2700
Ongole,2010-09-24,2670.0,2600,2700
Ongole,2010-09-25,2650.0,2600,2700
Ongole,2010-09-26,2680.0,2650,2700
Ongole,2010-09-27,2650.0,2600,2700
Ongole,2010-09-28,2550.0,2500,2600
Ongole,2010-09-29,2580.0,2550,2600
Ongole,2010-09-30,2650.0,2600,2700
Ongole,2010-10-01,2360.0,2300,2400
Ongole,2010-10-02,2360.0,2300,2400
Ongole,2010-10-03,2360.0,2300,2400
Ongole,2010-10-04,2360.0,2300,2400
Ongole,2010-10-05,2360.0,2300,2400
Ongole,2010-10-06,2360.0,2300,2400
Ongole,2010-10-07,2360.0,2300,2400
Ongole,2010-10-08,2360.0,2300,2400
Ongole,2010-10-09,2360.0,2300,2400
Ongole,2010-10-10,2360.0,2300,2400
Ongole,2010-10-11,2360.0,2300,2400
Ongole,2010-10-12,2570.0,2500,2600
Ongole,2010-10-13,2570.0,2500,2600
Ongole,2010-10-14,2570.0,2500,2600
Ongole,2010-10-15,2570.0,2500,2600
Ongole,2010-10-16,2570.0,2500,2600
Ongole,2010-10-17,2570.0,2500,2600
Ongole,2010-10-18,2570.0,2500,2600
Ongole,2010-10-19,2570.0,2500,2600
Ongole,2010-10-20,2570.0,2500,2600
Ongole,2010-10-21,2570.0,2500,2600
Ongole,2010-10-22,2570.0,2500,2600
Ongole,2010-10-23,2570.0,2500,2600
Ongole,2010-10-24,2570.0,2500,2600
Ongole,2010-10-25,2570.0,2500,2600
Ongole,2010-10-26,2570.0,2500,2600
Ongole,2010-10-27,2570.0,2500,2600
Ongole,2010-10-28,2570.0,2500,2600
Ongole,2010-10-29,2570.0,2500,2600
Ongole,2010-10-30,2570.0,2500,2600
Ongole,2010-10-31,2570.0,2500,2600
Ongole,2010-11-01,2570.0,2500,2600
Ongole,2010-11-02,2570.0,2500,2600
Ongole,2010-11-03,2570.0,2500,2600
Ongole,2010-11-04,2560.0,2500,2600
Ongole,2010-11-05,2570.0,2500,2600
Ongole,2010-11-06,2570.0,2500,2600
Ongole,2010-11-07,2570.0,2500,2600
Ongole,2010-11-08,2570.0,2500,2600
Ongole,2010-11-09,2550.0,2500,2600
Ongole,2010-11-10,2570.0,2500,2600
Ongole,2010-11-11,2350.0,2300,2400
Ongole,2010-11-12,2350.0,2300,2400
Ongole,2010-11-13,2350.0,2300,2400
Ongole,2010-11-14,2350.0,2300,2400
Ongole,2010-11-15,2350.0,2300,2400
Ongole,2010-11-16,2350.0,2300,2400
Ongole,2010-11-17,2350.0,2300,2400
Ongole,2010-11-18,2350.0,2300,2400
Ongole,2010-11-19,2350.0,2300,2400
Ongole,2010-11-20,2350.0,2300,2400
Ongole,2010-11-21,2350.0,2300,2400
Ongole,2010-11-22,2350.0,2300,2400
Ongole,2010-11-23,2350.0,2300,2400
Ongole,2010-11-24,2350.0,2300,2400
Ongole,2010-11-25,2370.0,2350,2400
Ongole,2010-11-26,2370.0,2350,2400
Ongole,2010-11-27,2350.0,2300,2400
Ongole,2010-11-28,2350.0,2300,2400
Ongole,2010-11-29,2370.0,2350,2400
Ongole,2010-11-30,2370.0,2350,2400
Ongole,2010-12-01,2370.0,2350,2400
Ongole,2010-12-02,2370.0,2350,2400
Ongole,2010-12-03,2350.0,2300,2400
Ongole,2010-12-04,2350.0,2300,2400
Ongole,2010-12-05,2350.0,2300,2400
Ongole,2010-12-06,2350.0,2300,2400
Ongole,2010-12-07,2350.0,2300,2400
Ongole,2010-12-08,2350.0,2300,2400
Ongole,2010-12-09,2350.0,2300,2400
Ongole,2010-12-10,2350.0,2300,2400
Ongole,2010-12-11,2350.0,2300,2400
Ongole,2010-12-12,2350.0,2300,2400
Ongole,2010-12-13,2370.0,2350,2400
Ongole,2010-12-14,2330.0,2300,2350
Ongole,2010-12-15,2330.0,2300,2350
Ongole,2010-12-17,2330.0,2300,2350
Ongole,2010-12-18,2330.0,2300,2350
Ongole,2010-12-19,2330.0,2300,2350
Ongole,2010-12-20,2330.0,2300,2350
Ongole,2010-12-21,2400.0,2300,2500
Ongole,2010-12-22,2400.0,2300,2500
Ongole,2010-12-23,2400.0,2300,2500
Ongole,2010-12-24,2250.0,2230,2300
Ongole,2010-12-25,2250.0,2230,2300
Ongole,2010-12-26,2250.0,2230,2300
Ongole,2010-12-27,2250.0,2230,2300
Ongole,2010-12-28,2450.0,2400,2500
Ongole,2010-12-29,2450.0,2400,2500
Ongole,2010-12-30,2400.0,2350,2500
Ongole,2010-12-31,2450.0,2400,2500
Ongole,2011-01-01,2400.0,2350,2500
Ongole,2011-01-02,2350.0,2350,2400
Ongole,2011-01-03,2370.0,2300,2400
Ongole,2011-01-04,2370.0,2300,2400
Ongole,2011-01-05,2370.0,2300,2400
Ongole,2011-01-06,2370.0,2300,2400
Ongole,2011-01-07,2320.0,2300,2350
Ongole,2011-01-08,2320.0,2300,2350
Ongole,2011-01-09,2320.0,2300,2350
Ongole,2011-01-10,2320.0,2300,2350
Ongole,2011-01-11,2370.0,2350,2400
Ongole,2011-01-12,2370.0,2350,2400
Ongole,2011-01-13,2370.0,2350,2400
Ongole,2011-01-14,2370.0,2350,2400
Ongole,2011-01-15,2370.0,2350,2400
Ongole,2011-01-16,2370.0,2350,2400
Ongole,2011-01-17,2370.0,2350,2400
Ongole,2011-01-18,2260.0,2200,2300
Ongole,2011-01-19,2260.0,2200,2300
Ongole,2011-01-20,2250.0,2200,2300
Ongole,2011-01-21,2430.0,2400,2450
Ongole,2011-01-22,2420.0,2400,2450
Ongole,2011-01-23,2420.0,2400,2450
Ongole,2011-01-24,2430.0,2400,2450
Ongole,2011-01-25,2270.0,2250,2300
Ongole,2011-01-26,2270.0,2250,2300
Ongole,2011-01-27,2250.0,2200,2300
Ongole,2011-01-28,2270.0,2250,2300
Ongole,2011-01-29,2270.0,2250,2300
Ongole,2011-01-30,2270.0,2250,2300
Ongole,2011-01-31,2270.0,2250,2300
Ongole,2011-02-01,2370.0,2350,2400
Ongole,2011-02-02,2350.0,2300,2400
Ongole,2011-02-03,2370.0,2300,2400
Ongole,2011-02-04,2350.0,2300,2400
Ongole,2011-02-05,2350.0,2300,2400
Ongole,2011-02-06,2350.0,2300,2400
Ongole,2011-02-07,2350.0,2300,2400
Ongole,2011-02-08,2250.0,2200,2300
Ongole,2011-02-09,2250.0,2200,2300
Ongole,2011-02-10,2270.0,2250,2300
Ongole,2011-02-11,2250.0,2200,2300
Ongole,2011-02-12,2250.0,2200,2300
Ongole,2011-02-13,2250.0,2200,2300
Ongole,2011-02-14,2250.0,2200,2300
Ongole,2011-02-15,2250.0,2200,2300
Ongole,2011-02-16,2250.0,2230,2300
Ongole,2011-02-17,2260.0,2240,2300
Ongole,2011-02-18,2250.0,2200,2300
Ongole,2011-02-19,2250.0,2200,2300
Ongole,2011-02-22,2250.0,2200,2300
Ongole,2011-02-23,2270.0,2250,2300
Ongole,2011-02-24,2250.0,2200,2300
Ongole,2011-02-25,2270.0,2250,2300
Ongole,2011-02-26,2250.0,2200,2300
Ongole,2011-02-27,2250.0,2200,2300
Ongole,2011-02-28,2250.0,2200,2300
Ongole,2011-03-01,2250.0,2200,2300
Ongole,2011-03-02,2250.0,2200,2300
Ongole,2011-03-03,2250.0,2200,2300
Ongole,2011-03-04,2250.0,2200,2300
Ongole,2011-03-05,2250.0,2200,2300
Ongole,2011-03-06,2250.0,2200,2300
Ongole,2011-03-07,2250.0,2200,2300
Ongole,2011-03-08,2250.0,2200,2300
Ongole,2011-03-09,2250.0,2200,2300
Ongole,2011-03-10,2250.0,2200,2300
Ongole,2011-03-11,2250.0,2200,2300
Ongole,2011-03-12,2250.0,2200,2300
Ongole,2011-03-13,2250.0,2200,2300
Ongole,2011-03-14,2250.0,2200,2300
Ongole,2011-03-15,2250.0,2200,2300
Ongole,2011-03-16,2250.0,2200,2300
Ongole,2011-03-17,2250.0,2200,2300
Ongole,2011-03-18,2250.0,2200,2300
Ongole,2011-03-19,2250.0,2200,2300
Ongole,2011-03-20,2250.0,2200,2300
Ongole,2011-03-21,2250.0,2200,2300
Ongole,2011-03-22,2250.0,2200,2300
Ongole,2011-03-23,2250.0,2200,2300
Ongole,2011-03-24,2250.0,2200,2300
Ongole,2011-03-25,2250.0,2200,2300
Ongole,2011-03-26,2260.0,2200,2300
Ongole,2011-03-27,2250.0,2200,2300
Ongole,2011-03-28,2250.0,2200,2300
Ongole,2011-03-29,2250.0,2200,2300
Ongole,2011-03-30,2250.0,2200,2300
Ongole,2011-03-31,2250.0,2200,2300
Ongole,2011-04-01,2250.0,2200,2300
Ongole,2011-04-02,2250.0,2200,2300
Ongole,2011-04-03,2150.0,2130,2200
Ongole,2011-04-04,2250.0,2200,2300
Ongole,2011-04-05,2250.0,2200,2300
Ongole,2011-04-06,2250.0,2200,2300
Ongole,2011-04-07,2250.0,2200,2300
Ongole,2011-04-08,2250.0,2200,2300
Ongole,2011-04-09,2250.0,2200,2300
Ongole,2011-04-10,2250.0,2200,2300
Ongole,2011-04-11,2250.0,2200,2300
Ongole,2011-04-12,2250.0,2200,2300
Ongole,2011-04-13,2250.0,2200,2300
Ongole,2011-04-14,2250.0,2200,2300
Ongole,2011-04-15,2250.0,2200,2300
Ongole,2011-04-16,2250.0,2200,2300
Ongole,2011-04-17,2250.0,2200,2300
Ongole,2011-04-18,2250.0,2200,2300
Ongole,2011-04-19,2250.0,2200,2300
Ongole,2011-04-20,2250.0,2200,2300
Ongole,2011-04-21,2250.0,2200,2300
Ongole,2011-04-22,2250.0,2200,2300
Ongole,2011-04-23,2250.0,2200,2300
Ongole,2011-04-24,2250.0,2200,2300
Ongole,2011-04-25,2250.0,2200,2300
Ongole,2011-04-26,2150.0,2130,2200
Ongole,2011-04-27,2150.0,2130,2200
Ongole,2011-04-28,2060.0,2050,2200
Ongole,2011-04-29,2160.0,2150,2200
Ongole,2011-04-30,2070.0,2050,2100
Ongole,2011-05-01,2170.0,2150,2200
Ongole,2011-05-02,2160.0,2150,2200
Ongole,2011-05-03,2150.0,2130,2200
Ongole,2011-05-04,2150.0,2130,2200
Ongole,2011-05-05,2150.0,2130,2200
Ongole,2011-05-06,2150.0,2130,2200
Ongole,2011-05-07,2150.0,2130,2200
Ongole,2011-05-08,2150.0,2130,2200
Ongole,2011-05-09,2150.0,2130,2200
Ongole,2011-05-10,2150.0,2130,2200
Ongole,2011-05-11,2150.0,2120,2200
Ongole,2011-05-12,2150.0,2130,2200
Ongole,2011-05-13,2150.0,2130,2200
Ongole,2011-05-14,2150.0,2130,2200
Ongole,2011-05-15,2150.0,2130,2200
Ongole,2011-05-16,2150.0,2100,2200
Ongole,2011-05-17,2150.0,2120,2200
Ongole,2011-05-18,2150.0,2120,2200
Ongole,2011-05-19,2150.0,2130,2200
Ongole,2011-05-20,2150.0,2120,2200
Ongole,2011-05-21,2150.0,2130,2200
Ongole,2011-05-22,2200.0,2150,2250
Ongole,2011-05-23,2200.0,2150,2250
Ongole,2011-05-24,2250.0,2200,2300
Ongole,2011-05-25,2250.0,2200,2300
Ongole,2011-05-26,2250.0,2200,2300
Ongole,2011-05-27,2250.0,2200,2300
Ongole,2011-05-28,2250.0,2200,2300
Ongole,2011-05-29,2250.0,2200,2300
Ongole,2011-05-30,2250.0,2200,2300
Ongole,2011-05-31,2250.0,2200,2300
Ongole,2011-06-01,2250.0,2200,2300
Ongole,2011-06-02,2250.0,2200,2300
Ongole,2011-06-03,2250.0,2200,2300
Ongole,2011-06-04,2250.0,2200,2300
Ongole,2011-06-05,2230.0,2200,2250
Ongole,2011-06-06,2230.0,2200,2250
Ongole,2011-06-07,2230.0,2200,2250
Ongole,2011-06-08,2230.0,2200,2250
Ongole,2011-06-09,2430.0,2400,2450
Ongole,2011-06-10,2450.0,2400,2500
Ongole,2011-06-11,2470.0,2450,2500
Ongole,2011-06-12,2430.0,2400,2500
Ongole,2011-06-13,2450.0,2400,2500
Ongole,2011-06-14,2430.0,2400,2500
Ongole,2011-06-15,2450.0,2400,2500
Ongole,2011-06-16,2450.0,2400,2500
Ongole,2011-06-17,2450.0,2430,2500
Ongole,2011-06-18,2450.0,2400,2500
Ongole,2011-06-19,2450.0,2400,2500
Ongole,2011-06-20,2450.0,2430,2500
Ongole,2011-06-21,2450.0,2430,2500
Ongole,2011-06-22,2430.0,2400,2500
Ongole,2011-06-23,2470.0,2450,2500
Ongole,2011-06-24,2450.0,2400,2500
Ongole,2011-06-25,2450.0,2430,2500
Ongole,2011-06-26,2350.0,2330,2400
Ongole,2011-06-27,2470.0,2450,2500
Ongole,2011-06-28,2470.0,2450,2500
Ongole,2011-06-29,2470.0,2450,2500
Ongole,2011-06-30,2430.0,2400,2500
Ongole,2011-07-01,2460.0,2400,2500
Ongole,2011-07-02,2460.0,2400,2500
Ongole,2011-07-03,2450.0,2400,2500
Ongole,2011-07-04,2450.0,2400,2500
Ongole,2011-07-05,2450.0,2400,2500
Ongole,2011-07-06,2550.0,2520,2600
Ongole,2011-07-07,2570.0,2550,2600
Ongole,2011-07-08,2550.0,2530,2600
Ongole,2011-07-09,2550.0,2520,2600
Ongole,2011-07-10,2570.0,2550,2600
Ongole,2011-07-11,2570.0,2550,2600
Ongole,2011-07-12,2370.0,2350,2400
Ongole,2011-07-13,2360.0,2350,2400
Ongole,2011-07-14,2370.0,2350,2400
Ongole,2011-07-15,2360.0,2350,2400
Ongole,2011-07-16,2960.0,2950,3000
Ongole,2011-07-17,2970.0,2950,3000
Ongole,2011-07-18,2950.0,2930,3000
Ongole,2011-07-19,2370.0,2350,2400
Ongole,2011-07-20,2370.0,2350,2400
Ongole,2011-07-21,2370.0,2350,2400
Ongole,2011-07-22,2350.0,2300,2400
Ongole,2011-07-23,2370.0,2350,2400
Ongole,2011-07-24,2350.0,2300,2400
Ongole,2011-07-25,2370.0,2350,2400
Ongole,2011-07-26,2370.0,2350,2400
Ongole,2011-07-27,2350.0,2330,2400
Ongole,2011-07-28,2370.0,2350,2400
Ongole,2011-07-29,2370.0,2350,2400
Ongole,2011-07-30,2350.0,2350,2400
Ongole,2011-07-31,2350.0,2350,2400
Ongole,2011-08-01,2370.0,2350,2400
Ongole,2011-08-02,2250.0,2230,2300
Ongole,2011-08-03,2270.0,2250,2300
Ongole,2011-08-04,2270.0,2250,2300
Ongole,2011-08-05,2270.0,2250,2300
Ongole,2011-08-06,2280.0,2250,2300
Ongole,2011-08-07,2280.0,2250,2300
Ongole,2011-08-08,2260.0,2240,2280
Ongole,2011-08-09,2270.0,2250,2300
Ongole,2011-08-10,2270.0,2250,2300
Ongole,2011-08-11,2250.0,2230,2300
Ongole,2011-08-12,2300.0,2270,2320
Ongole,2011-08-13,2300.0,2270,2320
Ongole,2011-08-14,2260.0,2250,2300
Ongole,2011-08-15,2270.0,2250,2300
Ongole,2011-08-16,2280.0,2260,2350
Ongole,2011-08-17,2320.0,2300,2400
Ongole,2011-08-18,2320.0,2300,2400
Ongole,2011-08-19,2350.0,2330,2400
Ongole,2011-08-20,2270.0,2250,2350
Ongole,2011-08-21,2270.0,2250,2350
Ongole,2011-08-22,2270.0,2250,2350
Ongole,2011-08-23,2350.0,2300,2400
Ongole,2011-08-24,2370.0,2350,2400
Ongole,2011-08-25,2370.0,2350,2400
Ongole,2011-08-26,2275.0,2250,2350
Ongole,2011-08-27,2320.0,2300,2350
Ongole,2011-08-28,2320.0,2300,2350
Ongole,2011-08-29,2330.0,2310,2340
Ongole,2011-08-30,2270.0,2250,2300
Ongole,2011-08-31,2270.0,2250,2300
Ongole,2011-09-01,2270.0,2250,2300
Ongole,2011-09-02,2250.0,2200,2300
Ongole,2011-09-03,2270.0,2250,2300
Ongole,2011-09-04,2270.0,2250,2300
Ongole,2011-09-05,2260.0,2240,2300
Ongole,2011-09-06,2080.0,2060,2100
Ongole,2011-09-07,2340.0,2320,2350
Ongole,2011-09-08,2310.0,2290,2320
Ongole,2011-09-09,2270.0,2200,2300
Ongole,2011-09-10,2270.0,2200,2300
Ongole,2011-09-11,2270.0,2200,2300
Ongole,2011-09-12,2280.0,2210,2310
Ongole,2011-09-13,2290.0,2220,2320
Ongole,2011-09-14,2280.0,2210,2310
Ongole,2011-09-15,2270.0,2200,2300
Ongole,2011-09-16,2330.0,2300,2350
Ongole,2011-09-17,2330.0,2300,2350
Ongole,2011-09-18,2330.0,2300,2350
Ongole,2011-09-19,2320.0,2300,2350
Ongole,2011-09-20,2320.0,2300,2350
Ongole,2011-09-21,2330.0,2310,2360
Ongole,2011-09-22,2330.0,2310,2360
Ongole,2011-09-23,2370.0,2350,2400
Ongole,2011-09-24,2350.0,2300,2400
Ongole,2011-09-25,2350.0,2300,2400
Ongole,2011-09-26,2340.0,2300,2400
Ongole,2011-09-27,2340.0,2300,2400
Ongole,2011-09-28,2290.0,2250,2350
Ongole,2011-09-29,2340.0,2300,2400
Ongole,2011-09-30,2370.0,2350,2400
Ongole,2011-10-01,2360.0,2340,2400
Ongole,2011-10-02,2060.0,2040,2100
Ongole,2011-10-03,2350.0,2330,2400
Ongole,2011-10-04,2350.0,2330,2400
Ongole,2011-10-05,2360.0,2340,2400
Ongole,2011-10-06,2060.0,2040,2100
Ongole,2011-10-07,2350.0,2330,2400
Ongole,2011-10-08,2350.0,2330,2400
Ongole,2011-10-09,2350.0,2330,2400
Ongole,2011-10-10,2360.0,2340,2400
Ongole,2011-10-11,2350.0,2330,2400
Ongole,2011-10-12,2370.0,2350,2400
Ongole,2011-10-13,2350.0,2300,2400
Ongole,2011-10-14,2200.0,2150,2250
Ongole,2011-10-15,2230.0,2200,2250
Ongole,2011-10-16,2230.0,2200,2250
Ongole,2011-10-17,2220.0,2200,2250
Ongole,2011-10-18,2220.0,2200,2250
Ongole,2011-10-19,2220.0,2200,2240
Ongole,2011-10-20,2230.0,2210,2250
Ongole,2011-10-21,2370.0,2350,2400
Ongole,2011-10-22,2370.0,2350,2400
Ongole,2011-10-23,2370.0,2350,2400
Ongole,2011-10-24,2360.0,2340,2400
Ongole,2011-10-25,2360.0,2340,2400
Ongole,2011-10-26,2360.0,2340,2400
Ongole,2011-10-27,2350.0,2330,2400
Ongole,2011-10-28,2340.0,2320,2400
Ongole,2011-10-29,2350.0,2320,2400
Ongole,2011-10-30,2350.0,2320,2400
Ongole,2011-10-31,2430.0,2400,2450
Ongole,2011-11-01,2430.0,2400,2460
Ongole,2011-11-02,2430.0,2400,2470
Ongole,2011-11-03,2420.0,2400,2460
Ongole,2011-11-04,2430.0,2420,2450
Ongole,2011-11-05,2300.0,2280,2400
Ongole,2011-11-06,2300.0,2280,2400
Ongole,2011-11-07,2300.0,2280,2400
Ongole,2011-11-08,2350.0,2330,2400
Ongole,2011-11-09,2370.0,2350,2400
Ongole,2011-11-10,2350.0,2300,2400
Ongole,2011-11-11,2370.0,2350,2400
Ongole,2011-11-12,2370.0,2350,2400
Ongole,2011-11-13,2370.0,2350,2400
Ongole,2011-11-14,2360.0,2340,2400
Ongole,2011-11-15,2350.0,2320,2400
Ongole,2011-11-16,2360.0,2330,2400
Ongole,2011-11-17,2350.0,2320,2400
Ongole,2011-11-18,2350.0,2300,2400
Ongole,2011-11-19,2350.0,2300,2400
Ongole,2011-11-20,2350.0,2300,2400
Ongole,2011-11-21,2350.0,2300,2400
Ongole,2011-11-22,2360.0,2300,2400
Ongole,2011-11-23,2350.0,2300,2400
Ongole,2011-11-24,2360.0,2300,2400
Ongole,2011-11-25,2360.0,2300,2400
Ongole,2011-11-26,2370.0,2320,2400
Ongole,2011-11-27,2360.0,2330,2400
Ongole,2011-11-28,2360.0,2330,2400
Ongole,2011-11-29,2350.0,2320,2400
Ongole,2011-11-30,2370.0,2300,2400
Ongole,2011-12-01,2350.0,2300,2400
Ongole,2011-12-02,2370.0,2320,2400
Ongole,2011-12-03,2370.0,2320,2400
Ongole,2011-12-04,2370.0,2320,2400
Ongole,2011-12-05,2360.0,2320,2400
Ongole,2011-12-06,2360.0,2320,2400
Ongole,2011-12-07,2350.0,2300,2400
Ongole,2011-12-08,2340.0,2300,2400
Ongole,2011-12-09,2250.0,2200,2300
Ongole,2011-12-10,2250.0,2200,2300
Ongole,2011-12-11,2250.0,2200,2300
Ongole,2011-12-12,2270.0,2240,2300
Ongole,2011-12-13,2260.0,2230,2300
Ongole,2011-12-14,2270.0,2240,2300
Ongole,2011-12-15,2270.0,2240,2300
Ongole,2011-12-16,2350.0,2300,2400
Ongole,2011-12-17,2360.0,2320,2400
Ongole,2011-12-18,2360.0,2320,2400
Ongole,2011-12-19,2350.0,2300,2400
Ongole,2011-12-20,2360.0,2320,2400
Ongole,2011-12-21,2350.0,2300,2400
Ongole,2011-12-22,2370.0,2350,2400
Ongole,2011-12-23,2050.0,2000,2400
Ongole,2011-12-24,2360.0,2320,2400
Ongole,2011-12-25,2360.0,2320,2400
Ongole,2011-12-26,2350.0,2300,2400
Ongole,2011-12-27,2360.0,2320,2400
Ongole,2011-12-28,2350.0,2300,2400
Ongole,2011-12-29,2370.0,2350,2400
Ongole,2011-12-30,2360.0,2350,2400
Ongole,2011-12-31,2350.0,2340,2400
Ongole,2012-01-01,2350.0,2340,2400
Ongole,2012-01-02,2350.0,2340,2400
Ongole,2012-01-03,2360.0,2350,2400
Ongole,2012-01-04,2350.0,2330,2400
Ongole,2012-01-05,2350.0,2320,2400
Ongole,2012-01-09,2270.0,2250,2300
Ongole,2012-01-10,2270.0,2250,2300
Ongole,2012-01-11,2260.0,2240,2300
Ongole,2012-01-12,2270.0,2250,2300
Ongole,2012-01-13,2250.0,2200,2300
Ongole,2012-01-14,2250.0,2200,2300
Ongole,2012-01-15,2250.0,2200,2300
Ongole,2012-01-16,2240.0,2200,2300
Ongole,2012-01-17,2250.0,2200,2300
Ongole,2012-01-19,2270.0,2250,2300
Ongole,2012-01-20,2250.0,2200,2300
Ongole,2012-01-21,2260.0,2200,2300
Ongole,2012-01-22,2260.0,2200,2300
Ongole,2012-01-23,2260.0,2200,2300
Ongole,2012-01-24,2250.0,2200,2300
Ongole,2012-01-25,2240.0,2220,2300
Ongole,2012-01-27,2350.0,2300,2400
Ongole,2012-01-28,2340.0,2320,2400
Ongole,2012-01-29,2340.0,2320,2400
Ongole,2012-01-31,2350.0,2340,2400
Ongole,2012-02-01,2340.0,2330,2400
Ongole,2012-02-02,2350.0,2340,2400
Ongole,2012-02-03,2340.0,2300,2350
Ongole,2012-02-04,2320.0,2300,2350
Ongole,2012-02-05,2320.0,2300,2350
Ongole,2012-02-06,2320.0,2300,2350
Ongole,2012-02-07,2320.0,2300,2350
Ongole,2012-02-08,2320.0,2300,2350
Ongole,2012-02-09,2330.0,2300,2350
Ongole,2012-02-10,2430.0,2400,2450
Ongole,2012-02-11,2430.0,2400,2450
Ongole,2012-02-13,2430.0,2400,2450
Ongole,2012-02-17,2550.0,2500,2600
Ongole,2012-02-18,2550.0,2500,2600
Ongole,2012-02-19,2550.0,2500,2600
Ongole,2012-02-20,2550.0,2500,2600
Ongole,2012-02-21,2540.0,2500,2600
Ongole,2012-02-22,2550.0,2520,2600
Ongole,2012-02-24,2550.0,2500,2600
Ongole,2012-02-25,2530.0,2500,2600
Ongole,2012-02-26,2530.0,2500,2600
Ongole,2012-02-27,2530.0,2500,2600
Ongole,2012-02-28,2550.0,2530,2600
Ongole,2012-02-29,2540.0,2520,2600
Ongole,2012-03-01,2550.0,2500,2600
Ongole,2012-03-02,2540.0,2500,2600
Ongole,2012-03-03,2540.0,2500,2600
Ongole,2012-03-04,2550.0,2500,2600
Ongole,2012-03-05,2570.0,2550,2600
Ongole,2012-03-07,2550.0,2530,2600
Ongole,2012-03-08,2540.0,2520,2600
Ongole,2012-03-09,2750.0,2700,2800
Ongole,2012-03-10,2750.0,2700,2800
Ongole,2012-03-12,2740.0,2700,2800
Ongole,2012-03-14,2740.0,2700,2800
Ongole,2012-03-15,2730.0,2720,2800
Ongole,2012-03-16,2750.0,2700,2800
Ongole,2012-03-17,2730.0,2700,2800
Ongole,2012-03-18,2730.0,2700,2800
Ongole,2012-03-19,2740.0,2720,2800
Ongole,2012-03-21,2740.0,2720,2800
Ongole,2012-03-22,2750.0,2740,2800
Ongole,2012-03-23,2750.0,2740,2800
Ongole,2012-03-24,2650.0,2600,2700
Ongole,2012-03-25,2650.0,2600,2700
Ongole,2012-03-26,2640.0,2600,2700
Ongole,2012-03-28,2650.0,2630,2700
Ongole,2012-03-29,2660.0,2620,2700
Ongole,2012-03-30,2770.0,2750,2850
Ongole,2012-03-31,2760.0,2740,2850
Ongole,2012-04-01,2760.0,2740,2850
Ongole,2012-04-02,2750.0,2730,2850
Ongole,2012-04-03,2740.0,2720,2850
Ongole,2012-04-04,2740.0,2720,2850
Ongole,2012-04-05,2740.0,2720,2850
Ongole,2012-04-07,2650.0,2600,2700
Ongole,2012-04-08,2650.0,2600,2700
Ongole,2012-04-09,2660.0,2620,2700
Ongole,2012-04-10,2650.0,2600,2700
Ongole,2012-04-11,2660.0,2630,2700
Ongole,2012-04-14,2800.0,2750,2850
Ongole,2012-04-15,2800.0,2750,2850
Ongole,2012-04-16,2820.0,2760,2850
Ongole,2012-04-17,2830.0,2800,2850
Ongole,2012-04-18,2840.0,2820,2850
Ongole,2012-04-19,2840.0,2830,2850
Ongole,2012-04-20,2950.0,2900,3000
Ongole,2012-04-22,2960.0,2930,3000
Ongole,2012-04-23,2950.0,2900,3000
Ongole,2012-04-24,2940.0,2920,3000
Ongole,2012-04-25,2960.0,2930,3000
Ongole,2012-04-26,2950.0,2920,3000
Ongole,2012-04-27,3050.0,3000,3100
Ongole,2012-04-30,3040.0,3020,3100
Ongole,2012-05-01,3050.0,3020,3100
Ongole,2012-05-02,3050.0,3020,3100
Ongole,2012-05-03,3040.0,3020,3100
Ongole,2012-05-04,2950.0,2900,3000
Ongole,2012-05-05,2940.0,2900,3000
Ongole,2012-05-07,2940.0,2900,3000
Ongole,2012-05-09,2950.0,2930,3000
Ongole,2012-05-10,2940.0,2920,3000
Ongole,2012-05-11,2650.0,2600,2700
Ongole,2012-05-12,2650.0,2600,2700
Ongole,2012-05-13,2650.0,2600,2700
Ongole,2012-05-14,2660.0,2630,2700
Ongole,2012-05-15,2680.0,2640,2700
Ongole,2012-05-17,2650.0,2640,2700
Ongole,2012-05-18,3050.0,3000,3100
Ongole,2012-05-20,3060.0,3020,3100
Ongole,2012-05-21,3040.0,3020,3100
Ongole,2012-05-22,3060.0,3040,3100
Ongole,2012-05-25,2660.0,2600,2700
Ongole,2012-05-26,2650.0,2640,2700
Ongole,2012-05-28,2660.0,2650,2700
Ongole,2012-05-30,2640.0,2600,2700
Ongole,2012-05-31,2670.0,2650,2700
Ongole,2012-06-01,2560.0,2500,2600
Ongole,2012-06-03,2550.0,2520,2600
Ongole,2012-06-04,2560.0,2540,2600
Ongole,2012-06-06,2530.0,2500,2600
Ongole,2012-06-07,2560.0,2540,2600
Ongole,2012-06-08,2650.0,2600,2700
Ongole,2012-06-10,2650.0,2600,2700
Ongole,2012-06-11,2650.0,2600,2700
Ongole,2012-06-13,2640.0,2600,2700
Ongole,2012-06-14,2650.0,2620,2700
Ongole,2012-06-15,2750.0,2700,2800
Ongole,2012-06-16,2740.0,2700,2800
Ongole,2012-06-17,2740.0,2700,2800
Ongole,2012-06-18,2750.0,2720,2800
Ongole,2012-06-19,2770.0,2740,2800
Ongole,2012-06-20,2780.0,2760,2800
Ongole,2012-06-21,2740.0,2720,2800
Ongole,2012-06-22,2950.0,2900,3000
Ongole,2012-06-23,2940.0,2920,3000
Ongole,2012-06-24,2940.0,2920,3000
Ongole,2012-06-25,2950.0,2930,3000
Ongole,2012-06-27,2960.0,2930,3000
Ongole,2012-06-28,2940.0,2900,3000
Ongole,2012-06-30,3050.0,3000,3100
Ongole,2012-07-01,3050.0,3000,3100
Ongole,2012-07-02,3040.0,3030,3100
Ongole,2012-07-03,3060.0,3040,3100
Ongole,2012-07-05,3040.0,3000,3100
Ongole,2012-07-07,3040.0,3020,3100
Ongole,2012-07-09,3050.0,3030,3100
Ongole,2012-07-10,3060.0,3040,3100
Ongole,2012-07-11,3050.0,3000,3100
Ongole,2012-07-12,3070.0,3000,3100
Ongole,2012-07-13,2850.0,2800,2900
Ongole,2012-07-14,2850.0,2800,2900
Ongole,2012-07-15,2850.0,2800,2900
Ongole,2012-07-16,2850.0,2820,2900
Ongole,2012-07-17,2860.0,2840,2900
Ongole,2012-07-18,2830.0,2800,2900
Ongole,2012-07-19,2840.0,2820,2900
Ongole,2012-07-21,2840.0,2820,2900
Ongole,2012-07-22,2840.0,2820,2900
Ongole,2012-07-23,2850.0,2800,2900
Ongole,2012-07-24,2860.0,2820,2900
Ongole,2012-07-26,2850.0,2830,2900
Ongole,2012-07-27,2950.0,2900,3000
Ongole,2012-07-28,2960.0,2940,3000
Ongole,2012-07-29,2960.0,2940,3000
Ongole,2012-07-31,2970.0,2930,3000
Ongole,2012-08-01,2960.0,2930,3000
Ongole,2012-08-02,2940.0,2920,3000
Ongole,2012-08-03,2950.0,2900,3000
Ongole,2012-08-04,2970.0,2930,3000
Ongole,2012-08-05,2970.0,2930,3000
Ongole,2012-08-06,2960.0,2950,3000
Ongole,2012-08-07,2970.0,2960,3000
Ongole,2012-08-08,2980.0,2950,3000
Ongole,2012-08-09,2950.0,2930,3000
Ongole,2012-08-11,2950.0,2930,3000
Ongole,2012-08-13,2970.0,2930,3000
Ongole,2012-08-14,2960.0,2920,3000
Ongole,2012-08-17,2950.0,2900,3000
Ongole,2012-08-18,2960.0,2930,3000
Ongole,2012-08-19,2960.0,2930,3000
Ongole,2012-08-21,2940.0,2920,3000
Ongole,2012-08-22,2950.0,2920,3000
Ongole,2012-08-23,2950.0,2930,3000
Ongole,2012-08-24,2940.0,2900,3000
Ongole,2012-08-26,2950.0,2920,3000
Ongole,2012-08-27,2950.0,2920,3000
Ongole,2012-08-28,2940.0,2920,3000
Ongole,2012-08-29,2940.0,2930,3000
Ongole,2012-08-30,2950.0,2920,3000
Ongole,2012-08-31,3150.0,3100,3200
Ongole,2012-09-01,3160.0,3140,3200
Ongole,2012-09-02,3160.0,3140,3200
Ongole,2012-09-03,3150.0,3120,3200
Ongole,2012-09-04,3160.0,3140,3200
Ongole,2012-09-05,3150.0,3120,3200
Ongole,2012-09-06,3160.0,3130,3200
Ongole,2012-09-08,2950.0,2900,3000
Ongole,2012-09-11,2970.0,2940,3000
Ongole,2012-09-12,2960.0,2930,3000
Ongole,2012-09-13,2940.0,2920,3000
Ongole,2012-09-14,3150.0,3100,3200
Ongole,2012-09-15,3170.0,3150,3200
Ongole,2012-09-16,3160.0,3140,3200
Ongole,2012-09-18,3140.0,3120,3200
Ongole,2012-09-19,3140.0,3120,3200
Ongole,2012-09-21,3150.0,3100,3200
Ongole,2012-09-22,3160.0,3140,3200
Ongole,2012-09-23,3160.0,3140,3200
Ongole,2012-09-26,3150.0,3130,3200
Ongole,2012-09-27,3160.0,3120,3200
Ongole,2012-09-28,3160.0,3100,3200
Ongole,2012-09-29,3140.0,3120,3200
Ongole,2012-10-01,3150.0,3130,3200
Ongole,2012-10-02,3150.0,3130,3200
Ongole,2012-10-03,3160.0,3140,3200
Ongole,2012-10-04,3150.0,3130,3200
Ongole,2012-10-06,3350.0,3300,3400
Ongole,2012-10-07,3350.0,3300,3400
Ongole,2012-10-08,3350.0,3320,3400
Ongole,2012-10-09,3360.0,3340,3400
Ongole,2012-10-10,3350.0,3330,3400
Ongole,2012-10-11,3360.0,3340,3400
Ongole,2012-10-12,3130.0,3100,3200
Ongole,2012-10-13,3130.0,3100,3200
Ongole,2012-10-14,3130.0,3100,3200
Ongole,2012-10-15,3140.0,3130,3200
Ongole,2012-10-16,3130.0,3100,3200
Ongole,2012-10-17,3140.0,3120,3200
Ongole,2012-10-18,3150.0,3130,3200
Ongole,2012-10-19,3250.0,3200,3300
Ongole,2012-10-20,3240.0,3220,3300
Ongole,2012-10-21,3240.0,3220,3300
Ongole,2012-10-22,3240.0,3220,3300
Ongole,2012-10-24,3260.0,3230,3300
Ongole,2012-10-26,3160.0,3100,3200
Ongole,2012-10-27,3160.0,3100,3200
Ongole,2012-10-29,3150.0,3110,3200
Ongole,2012-10-30,3160.0,3130,3200
Ongole,2012-10-31,3150.0,3140,3200
Ongole,2012-11-01,3120.0,3100,3200
Ongole,2012-11-02,3120.0,3100,3200
Ongole,2012-11-03,3130.0,3110,3200
Ongole,2012-11-05,3160.0,3130,3200
Ongole,2012-11-06,3140.0,3120,3200
Ongole,2012-11-07,3150.0,3140,3200
Ongole,2012-11-08,3160.0,3130,3200
Ongole,2012-11-09,3150.0,3100,3200
Ongole,2012-11-10,3150.0,3100,3200
Ongole,2012-11-11,3150.0,3100,3200
Ongole,2012-11-12,3160.0,3130,3200
Ongole,2012-11-13,3160.0,3130,3200
Ongole,2012-11-14,3140.0,3100,3200
Ongole,2012-11-15,3150.0,3120,3200
Ongole,2012-11-16,3160.0,3120,3200
Ongole,2012-11-17,3540.0,3500,3600
Ongole,2012-11-18,3540.0,3500,3600
Ongole,2012-11-22,3560.0,3530,3600
Ongole,2012-11-24,3250.0,3240,3300
Ongole,2012-11-25,3250.0,3240,3300
Ongole,2012-11-26,3260.0,3240,3300
Ongole,2012-11-27,3270.0,3240,3300
Ongole,2012-11-29,3240.0,3220,3300
Ongole,2012-11-30,3340.0,3300,3400
Ongole,2012-12-01,3370.0,3300,3400
Ongole,2012-12-02,3350.0,3300,3400
Ongole,2012-12-03,3370.0,3350,3400
Ongole,2012-12-04,3350.0,3320,3400
Ongole,2012-12-05,3360.0,3340,3400
Ongole,2012-12-07,3340.0,3300,3400
Ongole,2012-12-09,3340.0,3300,3400
Ongole,2012-12-10,3360.0,3340,3400
Ongole,2012-12-11,3350.0,3330,3400
Ongole,2012-12-12,3370.0,3350,3400
Ongole,2012-12-13,3360.0,3300,3400
Ongole,2012-12-15,3450.0,3400,3500
Ongole,2012-12-16,3450.0,3400,3500
Ongole,2012-12-18,3450.0,3430,3500
Ongole,2012-12-19,3460.0,3420,3500
Ongole,2012-12-20,3470.0,3450,3500
Ongole,2012-12-21,3550.0,3500,3600
Ongole,2012-12-22,3550.0,3450,3600
Ongole,2012-12-24,3560.0,3500,3600
Ongole,2012-12-25,3560.0,3500,3600
Ongole,2012-12-27,3550.0,3520,3600
Ongole,2012-12-29,3570.0,3550,3600
Ongole,2012-12-30,3570.0,3550,3600
Ongole,2012-12-31,3560.0,3530,3600
Ongole,2013-01-01,3560.0,3530,3600
Ongole,2013-01-02,3570.0,3550,3600
Ongole,2013-01-03,3550.0,3500,3600
Ongole,2013-01-04,3570.0,3550,3600
Ongole,2013-01-05,3560.0,3500,3600
Ongole,2013-01-06,3560.0,3500,3600
Ongole,2013-01-07,3550.0,3520,3600
Ongole,2013-01-08,3560.0,3500,3600
Ongole,2013-01-09,3570.0,3540,3600
Ongole,2013-01-10,3540.0,3520,3600
Ongole,2013-01-11,3540.0,3500,3600
Ongole,2013-01-12,3540.0,3500,3600
Ongole,2013-01-13,3540.0,3500,3600
Ongole,2013-01-14,3540.0,3500,3600
Ongole,2013-01-16,3570.0,3530,3600
Ongole,2013-01-17,3580.0,3550,3600
Ongole,2013-01-19,3550.0,3530,3600
Ongole,2013-01-20,3550.0,3500,3600
Ongole,2013-01-21,3570.0,3520,3600
Ongole,2013-01-22,3560.0,3530,3600
Ongole,2013-01-24,3570.0,3550,3600
Ongole,2013-01-25,3950.0,3930,4000
Ongole,2013-01-26,3970.0,3950,4000
Ongole,2013-01-27,3970.0,3950,4000
Ongole,2013-01-28,3950.0,3940,4000
Ongole,2013-01-29,3960.0,3930,4000
Ongole,2013-01-30,3970.0,3950,4000
Ongole,2013-01-31,3960.0,3920,4000
Ongole,2013-02-04,3950.0,3920,4000
Ongole,2013-02-05,3970.0,3950,4000
Ongole,2013-02-06,3960.0,3950,4000
Ongole,2013-02-07,3970.0,3950,4000
Ongole,2013-02-08,3950.0,3900,4000
Ongole,2013-02-09,3950.0,3900,4000
Ongole,2013-02-10,3950.0,3900,4000
Ongole,2013-02-11,3960.0,3900,4000
Ongole,2013-02-12,3940.0,3900,4000
Ongole,2013-02-13,3970.0,3950,4000
Ongole,2013-02-14,3960.0,3950,4000
Ongole,2013-02-15,3970.0,3900,4000
Ongole,2013-02-16,3960.0,3950,4000
Ongole,2013-02-17,3960.0,3950,4000
Ongole,2013-02-18,3970.0,3950,4000
Ongole,2013-02-21,3960.0,3950,4000
Ongole,2013-02-22,3840.0,3800,3900
Ongole,2013-02-23,3850.0,3800,3900
Ongole,2013-02-25,3860.0,3850,3900
Ongole,2013-02-26,3880.0,3850,3900
Ongole,2013-02-27,3860.0,3850,3900
Ongole,2013-02-28,3880.0,3850,3900
Ongole,2013-03-02,3850.0,3800,3900
Ongole,2013-03-03,3850.0,3800,3900
Ongole,2013-03-04,3860.0,3800,3900
Ongole,2013-03-06,3850.0,3810,3900
Ongole,2013-03-07,3860.0,3810,3900
Ongole,2013-03-08,3960.0,3900,4000
Ongole,2013-03-09,3960.0,3900,4000
Ongole,2013-03-10,3960.0,3900,4000
Ongole,2013-03-11,3950.0,3900,4000
Ongole,2013-03-13,3940.0,3900,4000
Ongole,2013-03-15,3850.0,3800,3900
Ongole,2013-03-16,3840.0,3800,3900
Ongole,2013-03-17,3840.0,3800,3900
Ongole,2013-03-18,3860.0,3800,3900
Ongole,2013-03-20,3840.0,3800,3900
Ongole,2013-03-21,3870.0,3850,3900
Ongole,2013-03-23,3950.0,3900,4000
Ongole,2013-03-24,3950.0,3900,4000
Ongole,2013-03-25,3920.0,3900,4000
Ongole,2013-03-26,3930.0,3900,4000
Ongole,2013-03-27,3930.0,3900,4000
Ongole,2013-03-29,3950.0,3900,4000
Ongole,2013-03-30,3900.0,3860,4000
Ongole,2013-03-31,3960.0,3900,4000
Ongole,2013-04-01,3930.0,3900,4000
Ongole,2013-04-02,3940.0,3920,4000
Ongole,2013-04-03,3930.0,3900,4000
Ongole,2013-04-05,3970.0,3950,4000
Ongole,2013-04-06,3960.0,3900,4000
Ongole,2013-04-07,3960.0,3900,4000
Ongole,2013-04-08,3980.0,3900,4000
Ongole,2013-04-09,3930.0,3900,4000
Ongole,2013-04-10,3950.0,3900,4000
Ongole,2013-04-11,3950.0,3900,4000
Ongole,2013-04-12,3920.0,3900,4000
Ongole,2013-04-13,3920.0,3900,4000
Ongole,2013-04-14,3920.0,3900,4000
Ongole,2013-04-15,3930.0,3900,4000
Ongole,2013-04-16,3940.0,3900,4000
Ongole,2013-04-19,3940.0,3900,4000
Ongole,2013-04-21,4030.0,4000,4100
Ongole,2013-04-22,4040.0,4000,4100
Ongole,2013-04-23,4050.0,4000,4100
Ongole,2013-04-24,4070.0,4000,4100
Ongole,2013-04-26,4040.0,4000,4100
Ongole,2013-04-27,4050.0,4000,4100
Ongole,2013-04-28,4050.0,4000,4100
Ongole,2013-05-02,4050.0,4030,4100
Ongole,2013-05-03,4550.0,4500,4600
Ongole,2013-05-04,4570.0,4500,4600
Ongole,2013-05-05,4570.0,4500,4600
Ongole,2013-05-06,4540.0,4500,4600
Ongole,2013-05-07,4550.0,4500,4600
Ongole,2013-05-08,4560.0,4500,4600
Ongole,2013-05-09,4530.0,4500,4600
Ongole,2013-05-11,4040.0,4000,4100
Ongole,2013-05-13,4350.0,4300,4400
Ongole,2013-05-15,4370.0,4350,4400
Ongole,2013-05-17,4550.0,4500,4600
Ongole,2013-05-19,4570.0,4550,4600
Ongole,2013-05-20,4560.0,4550,4600
Ongole,2013-05-21,4530.0,4500,4600
Ongole,2013-05-23,4550.0,4500,4600
Ongole,2013-05-24,4240.0,4200,4300
Ongole,2013-05-25,4260.0,4200,4300
Ongole,2013-05-27,4250.0,4200,4300
Ongole,2013-05-28,4260.0,4200,4300
Ongole,2013-05-29,4270.0,4200,4300
Ongole,2013-06-01,3930.0,3900,4000
Ongole,2013-06-02,3930.0,3900,4000
Ongole,2013-06-03,3940.0,3900,4000
Ongole,2013-06-04,3950.0,3900,4000
Ongole,2013-06-06,3950.0,3900,4000
Ongole,2013-06-07,4360.0,4300,4400
Ongole,2013-06-08,4360.0,4300,4400
Ongole,2013-06-09,4360.0,4300,4400
Ongole,2013-06-11,4320.0,4300,4400
Ongole,2013-06-12,4330.0,4300,4400
Ongole,2013-06-15,4260.0,4200,4300
Ongole,2013-06-16,4260.0,4200,4300
Ongole,2013-06-17,4250.0,4200,4300
Ongole,2013-06-18,4260.0,4200,4300
Ongole,2013-06-20,4250.0,4200,4300
Ongole,2013-06-22,4180.0,4150,4200
Ongole,2013-06-23,4180.0,4150,4200
Ongole,2013-06-24,4170.0,4150,4200
Ongole,2013-06-25,4160.0,4100,4200
Ongole,2013-06-28,4140.0,4100,4200
Ongole,2013-06-29,4150.0,4100,4200
Ongole,2013-06-30,4150.0,4100,4200
Ongole,2013-07-01,4120.0,4100,4200
Ongole,2013-07-02,4140.0,4100,4200
Ongole,2013-07-03,4140.0,4100,4200
Ongole,2013-07-05,4240.0,4200,4300
Ongole,2013-07-10,4240.0,4200,4300
Ongole,2013-07-11,4250.0,4200,4300
Ongole,2013-07-12,4240.0,4200,4300
Ongole,2013-07-14,4240.0,4200,4300
Ongole,2013-07-15,4220.0,4200,4300
Ongole,2013-07-16,4250.0,4200,4300
Ongole,2013-07-19,4250.0,4200,4300
Ongole,2013-07-20,4270.0,4250,4300
Ongole,2013-07-21,4270.0,4250,4300
Ongole,2013-07-23,4250.0,4220,4300
Ongole,2013-07-24,4270.0,4250,4300
Ongole,2013-07-25,4250.0,4200,4300
Ongole,2013-07-26,4230.0,4200,4300
Ongole,2013-07-27,4240.0,4200,4300
Ongole,2013-07-28,4240.0,4200,4300
Ongole,2013-07-29,4230.0,4200,4300
Ongole,2013-07-30,4220.0,4200,4300
Ongole,2013-07-31,4220.0,4200,4300
Ongole,2013-08-01,4240.0,4200,4300
Ongole,2013-08-02,4130.0,4100,4200
Ongole,2013-08-03,4140.0,4100,4200
Ongole,2013-08-09,4150.0,4100,4200
Ongole,2013-08-10,4150.0,4100,4200
Ongole,2013-08-11,4150.0,4100,4200
Ongole,2013-08-12,4130.0,4100,4200
Ongole,2013-08-13,4180.0,4100,4200
Ongole,2013-08-14,4140.0,4100,4200
Ongole,2013-08-15,4140.0,4100,4200
Ongole,2013-08-16,4150.0,4100,4200
Ongole,2013-08-17,4140.0,4100,4200
Ongole,2013-08-18,4140.0,4100,4200
Ongole,2013-08-19,4130.0,4100,4200
Ongole,2013-08-20,4170.0,4150,4200
Ongole,2013-08-22,4130.0,4100,4200
Ongole,2013-08-23,3940.0,3900,4000
Ongole,2013-08-24,3930.0,3900,4000
Ongole,2013-08-25,3930.0,3900,4000
Ongole,2013-08-26,3920.0,3900,4000
Ongole,2013-08-27,3930.0,3900,4000
Ongole,2013-08-30,3640.0,3600,3700
Ongole,2013-09-01,3870.0,3850,3900
Ongole,2013-09-02,3640.0,3600,3700
Ongole,2013-09-04,3640.0,3600,3700
Ongole,2013-09-05,3840.0,3800,3900
Ongole,2013-09-06,4070.0,4000,4100
Ongole,2013-09-07,4060.0,4000,4100
Ongole,2013-09-09,4060.0,4000,4100
Ongole,2013-09-11,4030.0,4000,4100
Ongole,2013-09-12,4040.0,4000,4100
Ongole,2013-09-13,3930.0,3900,4000
Ongole,2013-09-14,3930.0,3900,4000
Ongole,2013-09-15,3930.0,3900,4000
Ongole,2013-09-16,3950.0,3900,4000
Ongole,2013-09-17,3950.0,3900,4000
Ongole,2013-09-18,3940.0,3900,4000
Ongole,2013-09-19,3930.0,3900,4000
Ongole,2013-09-21,3920.0,3900,4000
Ongole,2013-09-22,3920.0,3900,4000
Ongole,2013-09-23,3970.0,3960,4000
Ongole,2013-09-24,3970.0,3960,4000
Ongole,2013-09-25,3950.0,3900,4000
Ongole,2013-09-26,3960.0,3900,4000
Ongole,2013-09-28,3970.0,3950,4000
Ongole,2013-09-29,3970.0,3950,4000
Ongole,2013-09-30,3980.0,3950,4000
Ongole,2013-10-01,3920.0,3900,4000
Ongole,2013-10-02,3930.0,3900,4000
Ongole,2013-10-03,3950.0,3900,4000
Ongole,2013-10-04,3920.0,3900,4000
Ongole,2013-10-05,3920.0,3900,4000
Ongole,2013-10-06,3920.0,3900,4000
Ongole,2013-10-07,3940.0,3900,4000
Ongole,2013-10-08,3960.0,3900,4000
Ongole,2013-10-09,3930.0,3900,4000
Ongole,2013-10-12,3970.0,3950,4000
Ongole,2013-10-13,3970.0,3950,4000
Ongole,2013-10-14,3950.0,3930,4000
Ongole,2013-10-16,3970.0,3950,4000
Ongole,2013-10-17,3960.0,3900,4000
Ongole,2013-10-18,3970.0,3900,4000
Ongole,2013-10-19,3980.0,3900,4000
Ongole,2013-10-22,3960.0,3950,4000
Ongole,2013-10-23,3960.0,3940,4000
Ongole,2013-10-24,3940.0,3900,4000
Ongole,2013-10-25,3740.0,3700,3800
Ongole,2013-10-26,3840.0,3800,3900
Ongole,2013-10-27,3840.0,3800,3900
Ongole,2013-10-29,3840.0,3800,3900
Ongole,2013-10-30,3820.0,3800,3900
Ongole,2013-10-31,3870.0,3800,3900
Ongole,2013-11-01,3720.0,3700,3800
Ongole,2013-11-02,3750.0,3700,3800
Ongole,2013-11-03,3750.0,3700,3800
Ongole,2013-11-05,3640.0,3600,3700
Ongole,2013-11-07,3760.0,3700,3800
Ongole,2013-11-08,3850.0,3800,3900
Ongole,2013-11-09,3850.0,3800,3900
Ongole,2013-11-10,3850.0,3800,3900
Ongole,2013-11-14,3860.0,3800,3900
Ongole,2013-11-16,3840.0,3800,3900
Ongole,2013-11-17,3840.0,3800,3900
Ongole,2013-11-19,3820.0,3800,3900
Ongole,2013-11-20,3840.0,3800,3900
Ongole,2013-11-21,3860.0,3800,3900
Ongole,2013-11-22,3840.0,3800,3900
Ongole,2013-11-23,3820.0,3800,3900
Ongole,2013-11-25,3850.0,3800,3900
Ongole,2013-12-01,3860.0,3840,3940
Ongole,2013-12-03,3900.0,3840,3940
Ongole,2013-12-04,3920.0,3900,3940
Ongole,2013-12-05,3900.0,3860,3940
Ongole,2013-12-06,3850.0,3800,3900
Ongole,2013-12-07,3840.0,3800,3900
Ongole,2013-12-09,3830.0,3800,3900
Ongole,2013-12-10,3840.0,3800,3900
Ongole,2013-12-11,3870.0,3850,3900
Ongole,2013-12-12,3830.0,3800,3900
Ongole,2013-12-13,3840.0,3800,3900
Ongole,2013-12-14,3840.0,3800,3900
Ongole,2013-12-15,3840.0,3800,3900
Ongole,2013-12-16,3860.0,3800,3900
Ongole,2013-12-17,3840.0,3800,3900
Ongole,2013-12-18,3850.0,3800,3900
Ongole,2013-12-19,3840.0,3800,3900
Ongole,2013-12-20,3930.0,3900,4000
Ongole,2013-12-21,3950.0,3900,4000
Ongole,2013-12-22,3950.0,3900,4000
Ongole,2013-12-23,3980.0,3900,4000
Ongole,2013-12-24,3960.0,3900,4000
Ongole,2013-12-25,3960.0,3900,4000
Ongole,2013-12-27,3920.0,3900,4000
Ongole,2013-12-28,3940.0,3900,4000
Ongole,2013-12-29,3940.0,3900,4000
Ongole,2013-12-30,3930.0,3900,4000
Ongole,2013-12-31,3940.0,3900,4000
Ongole,2014-01-01,3950.0,3900,4000
Ongole,2014-01-02,3980.0,3900,4000
Ongole,2014-01-03,3960.0,3900,4000
Ongole,2014-01-04,3930.0,3900,4000
Ongole,2014-01-06,3960.0,3900,4000
Ongole,2014-01-07,3940.0,3900,4000
Ongole,2014-01-08,3970.0,3940,4000
Ongole,2014-01-09,3930.0,3900,4000
Ongole,2014-01-10,3920.0,3900,4000
Ongole,2014-01-12,3920.0,3900,4000
Ongole,2014-01-14,3920.0,3900,4000
Ongole,2014-01-15,3960.0,3940,4000
Ongole,2014-01-21,3950.0,3900,4000
Ongole,2014-01-22,3940.0,3900,4000
Ongole,2014-01-23,3930.0,3900,4000
Ongole,2014-01-24,3950.0,3900,4000
Ongole,2014-01-25,3960.0,3900,4000
Ongole,2014-01-26,3960.0,3900,4000
Ongole,2014-01-27,3920.0,3900,4000
Ongole,2014-01-28,3930.0,3900,4000
Ongole,2014-01-29,4350.0,4300,4400
Ongole,2014-01-30,3930.0,3900,4000
Ongole,2014-01-31,4360.0,4300,4400
Ongole,2014-02-03,3930.0,3900,3940
Ongole,2014-02-04,3930.0,3900,3940
Ongole,2014-02-05,3930.0,3900,3940
Ongole,2014-02-07,3960.0,3900,4000
Ongole,2014-02-08,3960.0,3900,4000
Ongole,2014-02-09,3960.0,3900,4000
Ongole,2014-02-10,3940.0,3920,4000
Ongole,2014-02-11,3930.0,3900,4000
Ongole,2014-02-12,3940.0,3900,4000
Ongole,2014-02-13,3930.0,3900,4000
Ongole,2014-02-14,3920.0,3900,4000
Ongole,2014-02-15,3940.0,3900,4000
Ongole,2014-02-16,3940.0,3900,4000
Ongole,2014-02-17,3960.0,3900,4000
Ongole,2014-02-18,3970.0,3900,4000
Ongole,2014-02-19,3960.0,3900,4000
Ongole,2014-02-21,3920.0,3900,4000
Ongole,2014-02-22,3950.0,3900,4000
Ongole,2014-02-23,3950.0,3900,4000
Ongole,2014-02-24,3920.0,3900,4000
Ongole,2014-02-25,3940.0,3900,4000
Ongole,2014-02-27,3740.0,3730,3800
Ongole,2014-02-28,4050.0,4000,4100
Ongole,2014-03-01,4020.0,4000,4100
Ongole,2014-03-03,4070.0,4000,4100
Ongole,2014-03-05,4030.0,4000,4100
Ongole,2014-03-06,4040.0,4000,4100
Ongole,2014-03-07,4020.0,4000,4100
Ongole,2014-03-08,4020.0,4000,4100
Ongole,2014-03-09,4020.0,4000,4100
Ongole,2014-03-10,4030.0,4000,4100
Ongole,2014-03-11,4040.0,4000,4100
Ongole,2014-03-12,4020.0,4000,4100
Ongole,2014-03-13,4020.0,4000,4100
Ongole,2014-03-14,4100.0,4000,4200
Ongole,2014-03-15,4150.0,4000,4200
Ongole,2014-03-16,4150.0,4000,4200
Ongole,2014-03-18,3720.0,3700,3800
Ongole,2014-03-19,4120.0,4100,4200
Ongole,2014-03-20,4120.0,4100,4200
Ongole,2014-03-23,4020.0,4000,4100
Ongole,2014-03-25,4020.0,4000,4100
Ongole,2014-03-27,4040.0,4000,4100
Ongole,2014-03-28,4150.0,4100,4200
Ongole,2014-03-29,4130.0,4100,4200
Ongole,2014-03-30,4130.0,4100,4200
Ongole,2014-04-01,4150.0,4100,4200
Ongole,2014-04-02,4130.0,4100,4200
Ongole,2014-04-03,4140.0,4100,4200
Ongole,2014-04-04,3960.0,3900,4000
Ongole,2014-04-05,3960.0,3900,4000
Ongole,2014-04-06,3960.0,3900,4000
Ongole,2014-04-08,3940.0,3900,4000
Ongole,2014-04-09,3960.0,3900,4000
Ongole,2014-04-10,3920.0,3900,4000
Ongole,2014-04-11,3920.0,3900,4000
Ongole,2014-04-13,3920.0,3900,4000
Ongole,2014-04-14,3920.0,3900,4000
Ongole,2014-04-16,3930.0,3900,4000
Ongole,2014-04-17,3940.0,3900,4000
Ongole,2014-04-19,3920.0,3900,4000
Ongole,2014-04-20,3920.0,3900,4000
Ongole,2014-04-21,3960.0,3900,4000
Ongole,2014-04-22,3960.0,3900,4000
Ongole,2014-04-24,3960.0,3930,4000
Ongole,2014-04-27,3940.0,3900,4000
Ongole,2014-04-28,3950.0,3900,4000
Ongole,2014-04-29,3940.0,3900,4000
Ongole,2014-04-30,3940.0,3900,4000
Ongole,2014-05-01,3960.0,3900,4000
Ongole,2014-05-02,3920.0,3900,4000
Ongole,2014-05-05,3920.0,3900,4000
Ongole,2014-05-06,3920.0,3900,4000
Ongole,2014-05-07,3920.0,3900,4000
Ongole,2014-05-08,3930.0,3900,4000
Ongole,2014-05-09,4020.0,4000,4100
Ongole,2014-05-10,4020.0,4000,4100
Ongole,2014-05-11,4020.0,4000,4100
Ongole,2014-05-12,4070.0,4050,4100
Ongole,2014-05-13,4020.0,4000,4100
Ongole,2014-05-14,4030.0,4000,4100
Ongole,2014-05-16,4130.0,4100,4200
Ongole,2014-05-17,4130.0,4100,4200
Ongole,2014-05-18,4130.0,4100,4200
Ongole,2014-05-19,4160.0,4150,4200
Ongole,2014-05-20,4130.0,4100,4200
Ongole,2014-05-21,4130.0,4100,4200
Ongole,2014-05-22,4120.0,4100,4200
Ongole,2014-05-24,4130.0,4100,4200
Ongole,2014-05-28,4120.0,4100,4200
Ongole,2014-05-30,4150.0,4100,4200
Ongole,2014-06-06,4280.0,4260,4300
Ongole,2014-06-07,4240.0,4200,4300
Ongole,2014-06-08,4240.0,4200,4300
Ongole,2014-06-09,4240.0,4200,4300
Ongole,2014-06-10,4260.0,4200,4300
Ongole,2014-06-11,4250.0,4200,4300
Ongole,2014-06-12,4250.0,4200,4300
Ongole,2014-06-13,4230.0,4200,4300
Ongole,2014-06-14,4230.0,4200,4300
Ongole,2014-06-15,4230.0,4200,4300
Ongole,2014-06-16,4260.0,4240,4300
Ongole,2014-06-17,4240.0,4200,4300
Ongole,2014-06-18,4250.0,4200,4300
Ongole,2014-06-19,4240.0,4200,4300
Ongole,2014-06-21,4340.0,4300,4350
Ongole,2014-06-23,4300.0,4250,4350
Ongole,2014-06-26,4330.0,4310,4350
Ongole,2014-06-27,4130.0,4100,4200
Ongole,2014-06-28,4140.0,4100,4200
Ongole,2014-06-29,4140.0,4100,4200
Ongole,2014-06-30,4120.0,4100,4200
Ongole,2014-07-01,4130.0,4100,4200
Ongole,2014-07-02,4120.0,4100,4200
Ongole,2014-07-03,4130.0,4100,4200
Ongole,2014-07-04,4020.0,4000,4100
Ongole,2014-07-05,4050.0,4000,4100
Ongole,2014-07-06,4050.0,4000,4100
Ongole,2014-07-07,4060.0,4000,4100
Ongole,2014-07-08,4070.0,4050,4100
Ongole,2014-07-10,4030.0,4000,4100
Ongole,2014-07-12,4150.0,4100,4200
Ongole,2014-07-13,4150.0,4100,4200
Ongole,2014-07-15,4160.0,4100,4200
Ongole,2014-07-18,4150.0,4100,4200
Ongole,2014-07-20,4140.0,4100,4200
Ongole,2014-07-21,4130.0,4100,4200
Ongole,2014-07-22,4160.0,4150,4200
Ongole,2014-07-24,4180.0,4160,4200
Ongole,2014-07-26,4230.0,4220,4300
Ongole,2014-07-27,4230.0,4220,4300
Ongole,2014-07-28,4240.0,4200,4300
Ongole,2014-07-30,4240.0,4200,4300
Ongole,2014-07-31,4240.0,4200,4300
Ongole,2014-08-02,4070.0,4020,4100
Ongole,2014-08-03,4070.0,4020,4100
Ongole,2014-08-05,4020.0,4000,4100
Ongole,2014-08-06,4030.0,4000,4100
Ongole,2014-08-09,4120.0,4100,4200
Ongole,2014-08-10,4120.0,4100,4200
Ongole,2014-08-12,4150.0,4120,4200
Ongole,2014-08-13,4160.0,4100,4200
Ongole,2014-08-14,4160.0,4150,4200
Ongole,2014-08-15,4130.0,4100,4200
Ongole,2014-08-16,4160.0,4100,4200
Ongole,2014-08-17,4160.0,4100,4200
Ongole,2014-08-18,4180.0,4160,4200
Ongole,2014-08-19,4180.0,4160,4200
Ongole,2014-08-20,4130.0,4120,4200
Ongole,2014-08-22,4200.0,4150,4250
Ongole,2014-08-23,4230.0,4200,4250
Ongole,2014-08-24,4230.0,4200,4250
Ongole,2014-08-25,4210.0,4200,4250
Ongole,2014-08-26,4220.0,4200,4250
Ongole,2014-08-27,4200.0,4150,4250
Ongole,2014-08-28,3960.0,3900,4000
Ongole,2014-08-29,3960.0,3900,4000
Ongole,2014-09-01,3940.0,3900,4000
Ongole,2014-09-02,3950.0,3930,4000
Ongole,2014-09-05,3550.0,3500,3600
Ongole,2014-09-06,3560.0,3500,3600
Ongole,2014-09-08,3570.0,3500,3600
Ongole,2014-09-10,3540.0,3530,3600
Ongole,2014-09-11,3560.0,3540,3600
Ongole,2014-09-12,3740.0,3700,3800
Ongole,2014-09-13,3740.0,3700,3800
Ongole,2014-09-14,3740.0,3700,3800
Ongole,2014-09-16,3760.0,3700,3800
Ongole,2014-09-17,3760.0,3700,3800
Ongole,2014-09-18,3750.0,3700,3800
Ongole,2014-09-19,3520.0,3500,3600
Ongole,2014-09-20,3540.0,3500,3600
Ongole,2014-09-21,3540.0,3500,3600
Ongole,2014-09-23,3540.0,3530,3600
Ongole,2014-09-24,3540.0,3520,3600
Ongole,2014-09-25,3540.0,3420,3600
Ongole,2014-09-26,3520.0,3500,3600
Ongole,2014-09-27,3530.0,3520,3600
Ongole,2014-09-28,3530.0,3520,3600
Ongole,2014-09-29,3540.0,3520,3600
Ongole,2014-09-30,3540.0,3520,3600
Ongole,2014-10-02,3520.0,3500,3600
Ongole,2014-10-04,3570.0,3550,3600
Ongole,2014-10-05,3570.0,3550,3600
Ongole,2014-10-06,3570.0,3550,3600
Ongole,2014-10-08,3540.0,3520,3600
Ongole,2014-10-09,3570.0,3540,3600
Ongole,2014-10-10,3520.0,3500,3600
Ongole,2014-10-11,3520.0,3500,3600
Ongole,2014-10-12,3520.0,3500,3600
Ongole,2014-10-13,3530.0,3500,3600
Ongole,2014-10-14,3350.0,3300,3600
Ongole,2014-10-15,3360.0,3350,3600
Ongole,2014-10-16,3560.0,3540,3600
Ongole,2014-10-19,3660.0,3620,3700
Ongole,2014-10-20,3670.0,3650,3700
Ongole,2014-10-21,3670.0,3600,3700
Ongole,2014-10-23,3660.0,3600,3700
Ongole,2014-10-24,3740.0,3700,3800
Ongole,2014-10-26,3760.0,3700,3800
Ongole,2014-10-27,3740.0,3700,3800
Ongole,2014-10-29,3730.0,3700,3800
Ongole,2014-10-30,3730.0,3700,3800
Ongole,2014-10-31,3740.0,3700,3800
Ongole,2014-11-01,3740.0,3700,3800
Ongole,2014-11-02,3740.0,3700,3800
Ongole,2014-11-03,3750.0,3720,3800
Ongole,2014-11-04,3750.0,3720,3800
Ongole,2014-11-05,3740.0,3700,3800
Ongole,2014-11-06,3760.0,3700,3800
Ongole,2014-11-07,3720.0,3700,3750
Ongole,2014-11-08,3720.0,3700,3750
Ongole,2014-11-09,3720.0,3700,3750
Ongole,2014-11-10,3700.0,3650,3750
Ongole,2014-11-11,3720.0,3700,3750
Ongole,2014-11-12,3680.0,3650,3750
Ongole,2014-11-13,3680.0,3650,3750
Ongole,2014-11-15,3780.0,3760,3800
Ongole,2014-11-16,3780.0,3760,3800
Ongole,2014-11-17,3750.0,3700,3800
Ongole,2014-11-18,3770.0,3740,3800
Ongole,2014-11-19,3760.0,3750,3800
Ongole,2014-11-20,3760.0,3750,3800
Ongole,2014-11-21,3620.0,3600,3650
Ongole,2014-11-22,3640.0,3600,3650
Ongole,2014-11-23,3640.0,3600,3650
Ongole,2014-11-24,3630.0,3600,3650
Ongole,2014-11-25,3640.0,3600,3650
Ongole,2014-11-26,3620.0,3600,3650
Ongole,2014-11-29,3670.0,3600,3700
Ongole,2014-12-01,3670.0,3620,3700
Ongole,2014-12-02,3650.0,3600,3700
Ongole,2014-12-03,3650.0,3600,3700
Ongole,2014-12-05,3650.0,3600,3700
Ongole,2014-12-07,3640.0,3620,3700
Ongole,2014-12-08,3650.0,3630,3700
Ongole,2014-12-09,3070.0,3050,3100
Ongole,2014-12-11,3670.0,3600,3700
Ongole,2014-12-12,3440.0,3400,3500
Ongole,2014-12-13,3440.0,3400,3500
Ongole,2014-12-14,3440.0,3400,3500
Ongole,2014-12-16,3460.0,3450,3500
Ongole,2014-12-19,3550.0,3500,3600
Ongole,2014-12-20,3560.0,3520,3600
Ongole,2014-12-21,3560.0,3520,3600
Ongole,2014-12-22,3560.0,3530,3600
Ongole,2014-12-23,3570.0,3540,3600
Ongole,2014-12-28,3450.0,3400,3500
Ongole,2014-12-29,3460.0,3400,3500
Ongole,2014-12-31,3460.0,3430,3500
Ongole,2015-01-04,3470.0,3400,3500
Ongole,2015-01-06,3420.0,3400,3500
Ongole,2015-01-07,3420.0,3400,3500
Ongole,2015-01-09,3440.0,3400,3500
Ongole,2015-01-11,3440.0,3400,3500
Ongole,2015-01-12,3450.0,3400,3500
Ongole,2015-01-13,3470.0,3400,3500
Ongole,2015-01-14,3470.0,3400,3500
Ongole,2015-01-15,3470.0,3400,3500
Ongole,2015-01-16,3470.0,3400,3500
Ongole,2015-01-18,3460.0,3400,3500
Ongole,2015-01-19,3470.0,3400,3500
Ongole,2015-01-21,3450.0,3400,3500
Ongole,2015-01-23,3550.0,3500,3600
Ongole,2015-01-24,3550.0,3500,3600
Ongole,2015-01-25,3550.0,3500,3600
Ongole,2015-01-26,3550.0,3500,3600
Ongole,2015-01-27,3560.0,3500,3600
Ongole,2015-01-29,3520.0,3500,3600
Ongole,2015-01-30,3540.0,3500,3600
Ongole,2015-01-31,3550.0,3500,3600
Ongole,2015-02-01,3550.0,3500,3600
Ongole,2015-02-03,3570.0,3550,3600
Ongole,2015-02-04,3540.0,3500,3600
Ongole,2015-02-05,3500.0,3400,3600
Ongole,2015-02-06,3520.0,3500,3600
Ongole,2015-02-07,3570.0,3530,3600
Ongole,2015-02-09,3560.0,3500,3600
Ongole,2015-02-11,3560.0,3500,3600
Ongole,2015-02-12,3540.0,3500,3600
Ongole,2015-02-13,3540.0,3500,3600
Ongole,2015-02-14,3540.0,3500,3600
Ongole,2015-02-15,3540.0,3500,3600
Ongole,2015-02-17,3560.0,3500,3600
Ongole,2015-02-19,3580.0,3550,3600
Ongole,2015-02-20,3520.0,3500,3600
Ongole,2015-02-21,3560.0,3500,3600
Ongole,2015-02-23,3550.0,3500,3600
Ongole,2015-02-25,3540.0,3500,3600
Ongole,2015-02-26,3540.0,3500,3600
Ongole,2015-02-27,3540.0,3500,3600
Ongole,2015-02-28,3550.0,3500,3600
Ongole,2015-03-01,3550.0,3500,3600
Ongole,2015-03-02,3560.0,3500,3600
Ongole,2015-03-03,3560.0,3500,3600
Ongole,2015-03-04,3570.0,3520,3600
Ongole,2015-03-05,3550.0,3500,3600
Ongole,2015-03-06,3550.0,3500,3600
Ongole,2015-03-07,3450.0,3400,3500
Ongole,2015-03-09,3460.0,3400,3500
Ongole,2015-03-11,3460.0,3420,3500
Ongole,2015-03-12,3460.0,3420,3500
Ongole,2015-03-13,3520.0,3500,3550
Ongole,2015-03-14,3530.0,3500,3550
Ongole,2015-03-15,3530.0,3500,3550
Ongole,2015-03-16,3530.0,3500,3550
Ongole,2015-03-18,3530.0,3500,3550
Ongole,2015-03-20,3540.0,3500,3600
Ongole,2015-03-21,3540.0,3500,3600
Ongole,2015-03-22,3540.0,3500,3600
Ongole,2015-03-25,3560.0,3520,3600
Ongole,2015-03-27,3540.0,3500,3600
Ongole,2015-03-28,3540.0,3500,3600
Ongole,2015-03-29,3540.0,3500,3600
Ongole,2015-03-30,3540.0,3500,3600
Ongole,2015-03-31,3540.0,3500,3600
Ongole,2015-04-02,3540.0,3500,3600
Ongole,2015-04-03,3540.0,3500,3600
Ongole,2015-04-05,3550.0,3500,3600
Ongole,2015-04-06,3560.0,3500,3600
Ongole,2015-04-10,3550.0,3500,3600
Ongole,2015-04-11,3540.0,3500,3600
Ongole,2015-04-13,3550.0,3500,3600
Ongole,2015-04-14,3550.0,3500,3600
Ongole,2015-04-15,3530.0,3520,3600
Ongole,2015-04-16,3520.0,3500,3600
Ongole,2015-04-17,3560.0,3500,3600
Ongole,2015-04-19,3550.0,3500,3600
Ongole,2015-04-20,3570.0,3500,3600
Ongole,2015-04-21,3550.0,3500,3600
Ongole,2015-04-22,3570.0,3500,3600
Ongole,2015-04-23,3560.0,3500,3600
Ongole,2015-04-24,3550.0,3500,3600
Ongole,2015-04-25,3550.0,3500,3600
Ongole,2015-04-27,3570.0,3550,3600
Ongole,2015-04-30,2950.0,2900,3600
Ongole,2015-05-01,3560.0,3500,3600
Ongole,2015-05-02,3550.0,3500,3600
Ongole,2015-05-05,3540.0,3500,3600
Ongole,2015-05-06,3550.0,3500,3600
Ongole,2015-05-07,3570.0,3500,3600
Ongole,2015-05-08,3540.0,3500,3600
Ongole,2015-05-09,3540.0,3500,3600
Ongole,2015-05-10,3540.0,3500,3600
Ongole,2015-05-11,3550.0,3500,3600
Ongole,2015-05-12,3560.0,3540,3600
Ongole,2015-05-13,3520.0,3500,3600
Ongole,2015-05-14,3540.0,3520,3600
Ongole,2015-05-17,3550.0,3500,3600
Ongole,2015-05-19,3550.0,3500,3600
Ongole,2015-05-20,3550.0,3500,3600
Ongole,2015-05-23,3650.0,3600,3700
Ongole,2015-05-25,3650.0,3600,3700
Ongole,2015-05-26,3660.0,3620,3700
Ongole,2015-05-28,3670.0,3640,3700
Ongole,2015-05-29,3650.0,3600,3700
Ongole,2015-05-30,3640.0,3600,3700
Ongole,2015-06-01,3640.0,3600,3700
Ongole,2015-06-02,3640.0,3600,3700
Ongole,2015-06-03,3640.0,3620,3700
Ongole,2015-06-04,3670.0,3640,3700
Ongole,2015-06-05,3680.0,3650,3700
Ongole,2015-06-06,3680.0,3650,3700
Ongole,2015-06-07,3680.0,3650,3700
Ongole,2015-06-09,3650.0,3600,3700
Ongole,2015-06-10,3670.0,3640,3700
Ongole,2015-06-11,3650.0,3600,3700
Ongole,2015-06-12,3650.0,3600,3700
Ongole,2015-06-13,3650.0,3600,3700
Ongole,2015-06-14,3650.0,3600,3700
Ongole,2015-06-16,3680.0,3640,3700
Ongole,2015-06-17,3680.0,3640,3700
Ongole,2015-06-18,3650.0,3630,3700
Ongole,2015-06-19,3720.0,3700,3800
Ongole,2015-06-20,3730.0,3720,3800
Ongole,2015-06-21,3730.0,3720,3800
Ongole,2015-06-22,3760.0,3700,3800
Ongole,2015-06-24,3740.0,3700,3800
Ongole,2015-06-25,3740.0,3700,3800
Ongole,2015-06-28,3650.0,3600,3700
Ongole,2015-06-30,3680.0,3620,3700
Ongole,2015-07-01,3680.0,3620,3700
Ongole,2015-07-03,3240.0,3200,3300
Ongole,2015-07-04,3240.0,3220,3300
Ongole,2015-07-05,3240.0,3220,3300
Ongole,2015-07-06,3230.0,3220,3300
Ongole,2015-07-07,3250.0,3200,3300
Ongole,2015-07-08,3260.0,3200,3300
Ongole,2015-07-09,3250.0,3200,3300
Ongole,2015-07-11,3220.0,3200,3300
Ongole,2015-07-12,3220.0,3200,3300
Ongole,2015-07-13,3270.0,3200,3300
Ongole,2015-07-14,3240.0,3200,3300
Ongole,2015-07-15,3240.0,3200,3300
Ongole,2015-07-17,3180.0,3150,3200
Ongole,2015-07-18,3180.0,3150,3200
Ongole,2015-07-19,3180.0,3150,3200
Ongole,2015-07-21,3130.0,3100,3200
Ongole,2015-07-22,3160.0,3120,3200
Ongole,2015-07-23,3140.0,3120,3200
Ongole,2015-07-24,3230.0,3200,3250
Ongole,2015-07-25,3240.0,3200,3250
Ongole,2015-07-26,3240.0,3200,3250
Ongole,2015-07-27,3220.0,3200,3250
Ongole,2015-07-29,3230.0,3200,3250
Ongole,2015-07-30,3230.0,3200,3250
Ongole,2015-07-31,3420.0,3400,3500
Ongole,2015-08-01,3420.0,3400,3500
Ongole,2015-08-02,3420.0,3400,3500
Ongole,2015-08-03,3460.0,3400,3500
Ongole,2015-08-04,3460.0,3400,3500
Ongole,2015-08-06,3450.0,3400,3500
Ongole,2015-08-07,3440.0,3400,3500
Ongole,2015-08-08,3440.0,3400,3500
Ongole,2015-08-09,3440.0,3400,3500
Ongole,2015-08-10,3470.0,3450,3500
Ongole,2015-08-11,3480.0,3460,3500
Ongole,2015-08-12,3480.0,3460,3500
Ongole,2015-08-13,3370.0,3350,3400
Ongole,2015-08-14,3350.0,3300,3400
Ongole,2015-08-15,3350.0,3300,3400
Ongole,2015-08-16,3350.0,3300,3400
Ongole,2015-08-17,3320.0,3300,3400
Ongole,2015-08-18,3340.0,3300,3400
Ongole,2015-08-19,3350.0,3300,3400
Ongole,2015-08-20,3370.0,3350,3400
Ongole,2015-08-21,3520.0,3500,3600
Ongole,2015-08-23,3560.0,3500,3600
Ongole,2015-08-24,3540.0,3500,3600
Ongole,2015-08-25,3540.0,3500,3600
Ongole,2015-08-26,3530.0,3500,3600
Ongole,2015-08-27,3530.0,3500,3600
Ongole,2015-08-28,3440.0,3400,3500
Ongole,2015-08-29,3440.0,3400,3500
Ongole,2015-08-30,3440.0,3400,3500
Ongole,2015-08-31,3420.0,3400,3500
Ongole,2015-09-02,3460.0,3400,3500
Ongole,2015-09-03,3460.0,3400,3500
Ongole,2015-09-05,3760.0,3700,3800
Ongole,2015-09-06,3760.0,3700,3800
Ongole,2015-09-07,3750.0,3700,3800
Ongole,2015-09-08,3730.0,3720,3800
Ongole,2015-09-10,3760.0,3730,3800
Ongole,2015-09-11,3760.0,3700,3800
Ongole,2015-09-12,3760.0,3700,3800
Ongole,2015-09-13,3760.0,3700,3800
Ongole,2015-09-15,3740.0,3700,3800
Ongole,2015-09-16,3740.0,3700,3800
Ongole,2015-09-17,3740.0,3700,3800
Ongole,2015-09-18,3840.0,3800,3900
Ongole,2015-09-19,3860.0,3800,3900
Ongole,2015-09-21,3840.0,3800,3900
Ongole,2015-09-22,3830.0,3800,3900
Ongole,2015-09-23,3840.0,3800,3900
Ongole,2015-09-27,3860.0,3800,3900
Ongole,2015-09-28,3840.0,3800,3900
Ongole,2015-09-29,3860.0,3800,3900
Ongole,2015-09-30,3840.0,3800,3900
Ongole,2015-10-01,3840.0,3800,3900
Ongole,2015-10-02,3860.0,3820,3900
Ongole,2015-10-03,3860.0,3820,3900
Ongole,2015-10-05,3830.0,3800,3900
Ongole,2015-10-06,3870.0,3850,3900
Ongole,2015-10-07,3880.0,3860,3900
Ongole,2015-10-09,3740.0,3700,3800
Ongole,2015-10-10,3740.0,3700,3800
Ongole,2015-10-12,3740.0,3720,3800
Ongole,2015-10-13,3720.0,3700,3800
Ongole,2015-10-14,3740.0,3720,3800
Ongole,2015-10-15,3760.0,3740,3800
Ongole,2015-10-16,3760.0,3700,3800
Ongole,2015-10-17,3760.0,3700,3800
Ongole,2015-10-18,3760.0,3700,3800
Ongole,2015-10-19,3760.0,3700,3800
Ongole,2015-10-22,3750.0,3700,3800
Ongole,2015-10-23,3750.0,3700,3800
Ongole,2015-10-24,3750.0,3700,3800
Ongole,2015-10-25,3750.0,3700,3800
Ongole,2015-10-26,3740.0,3720,3800
Ongole,2015-10-27,3750.0,3740,3800
Ongole,2015-10-28,3780.0,3760,3800
Ongole,2015-10-29,3780.0,3760,3800
Ongole,2015-10-30,3750.0,3700,3800
Ongole,2015-10-31,3760.0,3700,3800
Ongole,2015-11-01,3760.0,3700,3800
Ongole,2015-11-03,3750.0,3700,3800
Ongole,2015-11-05,3740.0,3700,3800
Ongole,2015-11-06,3820.0,3800,3900
Ongole,2015-11-07,3850.0,3800,3900
Ongole,2015-11-08,3850.0,3800,3900
Ongole,2015-11-09,3860.0,3800,3900
Ongole,2015-11-11,3840.0,3800,3900
Ongole,2015-11-12,3840.0,3800,3900
Ongole,2015-11-13,3900.0,3600,4200
Ongole,2015-11-14,3900.0,3600,4200
Ongole,2015-11-15,3900.0,3600,4200
Ongole,2015-11-16,3920.0,3700,4200
Ongole,2015-11-19,3900.0,3700,4200
Ongole,2015-11-20,4000.0,3900,4200
Ongole,2015-11-21,4130.0,4100,4200
Ongole,2015-11-22,4130.0,4100,4200
Ongole,2015-11-23,4160.0,4150,4200
Ongole,2015-11-24,4130.0,4120,4200
Ongole,2015-11-25,4120.0,4100,4200
Ongole,2015-11-26,4120.0,4100,4200
Ongole,2015-11-29,4120.0,4000,4200
Ongole,2015-11-30,4130.0,4100,4200
Ongole,2015-12-01,4150.0,4100,4200
Ongole,2015-12-02,4130.0,4100,4200
Ongole,2015-12-03,4160.0,4120,4200
Ongole,2015-12-04,4030.0,4000,4100
Ongole,2015-12-05,4070.0,4050,4100
Ongole,2015-12-06,4070.0,4050,4100
Ongole,2015-12-08,4050.0,4030,4100
Ongole,2015-12-09,4020.0,4000,4100
Ongole,2015-12-10,4020.0,4000,4100
Ongole,2015-12-11,4020.0,4000,4100
Ongole,2015-12-12,4020.0,4000,4100
Ongole,2015-12-13,4020.0,4000,4100
Ongole,2015-12-14,4030.0,4000,4100
Ongole,2015-12-15,4050.0,4000,4100
Ongole,2015-12-16,4070.0,4000,4100
Ongole,2015-12-17,4070.0,4000,4100
Ongole,2015-12-18,4070.0,4000,4100
Ongole,2015-12-19,4060.0,4000,4100
Ongole,2015-12-20,4060.0,4000,4100
Ongole,2015-12-21,4020.0,4000,4100
Ongole,2015-12-22,4050.0,4000,4100
Ongole,2015-12-23,4060.0,4000,4100
Ongole,2015-12-24,4070.0,4000,4100
Ongole,2015-12-26,4070.0,4050,4100
Ongole,2015-12-28,4060.0,4020,4100
Ongole,2015-12-29,4030.0,4000,4100
Ongole,2015-12-30,4040.0,4000,4100
Ongole,2015-12-31,4040.0,4000,4100
Ongole,2016-01-01,4020.0,4000,4100
Ongole,2016-01-02,4030.0,4000,4100
Ongole,2016-01-03,4030.0,4000,4100
Ongole,2016-01-04,4020.0,4000,4100
Ongole,2016-01-05,4030.0,4000,4100
Ongole,2016-01-06,4020.0,4000,4100
Ongole,2016-01-07,4030.0,4000,4100
Ongole,2016-01-08,4030.0,4000,4100
Ongole,2016-01-09,4030.0,4000,4100
Ongole,2016-01-10,4030.0,4000,4100
Ongole,2016-01-11,4050.0,4000,4100
Ongole,2016-01-12,4060.0,4000,4100
Ongole,2016-01-13,4030.0,4000,4100
Ongole,2016-01-14,4030.0,4000,4100
Ongole,2016-01-15,4030.0,4000,4100
Ongole,2016-01-17,4030.0,4000,4100
Ongole,2016-01-18,4020.0,4000,4100
Ongole,2016-01-19,4030.0,4000,4100
Ongole,2016-01-20,4050.0,4000,4100
Ongole,2016-01-21,4020.0,4000,4100
Ongole,2016-01-23,4200.0,4000,4400
Ongole,2016-01-24,4200.0,4000,4400
Ongole,2016-01-25,4030.0,4000,4400
Ongole,2016-01-26,4030.0,4000,4400
Ongole,2016-01-27,4100.0,4000,4400
Ongole,2016-01-28,4200.0,4000,4400
Ongole,2016-01-30,4350.0,4300,4400
Ongole,2016-01-31,4350.0,4300,4400
Ongole,2016-02-01,4340.0,4300,4400
Ongole,2016-02-02,4360.0,4300,4400
Ongole,2016-02-03,4360.0,4300,4400
Ongole,2016-02-04,4340.0,4300,4400
Ongole,2016-02-06,4350.0,4300,4400
Ongole,2016-02-08,4360.0,4300,4400
Ongole,2016-02-09,4360.0,4300,4400
Ongole,2016-02-10,4360.0,4350,4400
Ongole,2016-02-11,4360.0,4350,4400
Ongole,2016-02-12,3960.0,3900,4000
Ongole,2016-02-13,3950.0,3900,4000
Ongole,2016-02-14,3950.0,3900,4000
Ongole,2016-02-15,3970.0,3950,4000
Ongole,2016-02-16,3950.0,3920,4000
Ongole,2016-02-17,3950.0,3920,4000
Ongole,2016-02-18,3960.0,3900,4000
Ongole,2016-02-20,3940.0,3900,4000
Ongole,2016-02-21,3940.0,3900,4000
Ongole,2016-02-23,3940.0,3900,4000
Ongole,2016-02-24,3940.0,3900,4000
Ongole,2016-02-25,3950.0,3900,4000
Ongole,2016-02-26,3950.0,3900,4000
Ongole,2016-02-27,3930.0,3900,4000
Ongole,2016-02-28,3930.0,3900,4000
Ongole,2016-03-01,3950.0,3900,4000
Ongole,2016-03-02,3950.0,3900,4000
Ongole,2016-03-03,3970.0,3920,4000
Ongole,2016-03-04,4050.0,4000,4100
Ongole,2016-03-05,4070.0,4000,4100
Ongole,2016-03-06,4070.0,4000,4100
Ongole,2016-03-07,4070.0,4000,4100
Ongole,2016-03-09,4030.0,4000,4100
Ongole,2016-03-10,4030.0,4000,4100
Ongole,2016-03-11,4050.0,4000,4100
Ongole,2016-03-12,4050.0,4000,4100
Ongole,2016-03-13,4060.0,4000,4100
Ongole,2016-03-15,4060.0,4000,4100
Ongole,2016-03-16,4040.0,4000,4100
Ongole,2016-03-17,4040.0,4000,4100
Ongole,2016-03-18,3940.0,3900,4000
Ongole,2016-03-20,3930.0,3900,4000
Ongole,2016-03-21,3940.0,3900,4000
Ongole,2016-03-22,3950.0,3900,4000
Ongole,2016-03-23,3950.0,3900,4000
Ongole,2016-03-24,3960.0,3900,4000
Ongole,2016-03-25,3960.0,3900,4000
Ongole,2016-03-26,3940.0,3900,4000
Ongole,2016-03-27,3940.0,3900,4000
Ongole,2016-03-29,3950.0,3900,4000
Ongole,2016-03-31,3960.0,3900,4000
Ongole,2016-04-01,3950.0,3900,4000
Ongole,2016-04-02,3960.0,3900,4000
Ongole,2016-04-03,3960.0,3900,4000
Ongole,2016-04-04,3950.0,3900,4000
Ongole,2016-04-05,3950.0,3900,4000
Ongole,2016-04-06,3950.0,3900,4000
Ongole,2016-04-08,3950.0,3900,4000
Ongole,2016-04-09,3950.0,3900,4000
Ongole,2016-04-10,3950.0,3900,4000
Ongole,2016-04-11,3930.0,3900,4000
Ongole,2016-04-12,3960.0,3900,4000
Ongole,2016-04-13,3960.0,3900,4000
Ongole,2016-04-14,3960.0,3900,4000
Ongole,2016-04-16,3930.0,3900,4000
Ongole,2016-04-17,3930.0,3900,4000
Ongole,2016-04-18,3930.0,3900,4000
Ongole,2016-04-20,3960.0,3900,4000
Ongole,2016-04-21,3960.0,3900,4000
Ongole,2016-04-22,3970.0,3900,4000
Ongole,2016-04-26,3940.0,3900,4000
Ongole,2016-04-27,3950.0,3900,4000
Ongole,2016-04-28,3950.0,3900,4000
Ongole,2016-04-29,3920.0,3900,4000
Ongole,2016-04-30,3930.0,3900,4000
Ongole,2016-05-01,3930.0,3900,4000
Ongole,2016-05-04,3930.0,3900,4000
Ongole,2016-05-05,3930.0,3900,4000
Ongole,2016-05-06,4130.0,4100,4200
Ongole,2016-05-07,4130.0,4100,4200
Ongole,2016-05-08,4130.0,4100,4200
Ongole,2016-05-09,4120.0,4100,4200
Ongole,2016-05-10,4130.0,4100,4200
Ongole,2016-05-11,4120.0,4100,4200
Ongole,2016-05-12,4150.0,4100,4200
Ongole,2016-05-14,4170.0,4150,4200
Ongole,2016-05-15,4180.0,4150,4200
Ongole,2016-05-16,4180.0,4150,4200
Ongole,2016-05-18,4140.0,4100,4200
Ongole,2016-05-19,4140.0,4100,4200
Ongole,2016-05-20,4150.0,4100,4200
Ongole,2016-05-21,4140.0,4100,4200
Ongole,2016-05-22,4140.0,4100,4200
Ongole,2016-05-23,4130.0,4100,4200
Ongole,2016-05-24,4140.0,4100,4200
Ongole,2016-05-25,4140.0,4100,4200
Ongole,2016-05-26,2640.0,2600,2650
Ongole,2016-05-27,4120.0,4100,4200
Ongole,2016-05-28,4130.0,4100,4200
Ongole,2016-05-29,4130.0,4100,4200
Ongole,2016-06-01,4150.0,4100,4200
Ongole,2016-06-03,4160.0,4100,4200
Ongole,2016-06-04,4140.0,4100,4200
Ongole,2016-06-05,4140.0,4100,4200
Ongole,2016-06-06,4130.0,4100,4200
Ongole,2016-06-07,4130.0,4100,4200
Ongole,2016-06-08,4150.0,4100,4200
Ongole,2016-06-11,4050.0,4000,4100
Ongole,2016-06-12,4050.0,4000,4100
Ongole,2016-06-13,4040.0,4000,4100
Ongole,2016-06-14,4040.0,4000,4100
Ongole,2016-06-15,4060.0,4000,4100
Ongole,2016-06-16,4060.0,4000,4100
Ongole,2016-06-17,4050.0,4000,4100
Ongole,2016-06-18,4060.0,4000,4100
Ongole,2016-06-19,4060.0,4000,4100
Ongole,2016-06-20,4050.0,4000,4100
Ongole,2016-06-22,4070.0,4000,4100
Ongole,2016-06-23,4070.0,4000,4100
Ongole,2016-06-25,4050.0,4000,4100
Ongole,2016-06-26,4050.0,4000,4100
Ongole,2016-06-27,4070.0,4000,4100
Ongole,2016-06-28,4030.0,4000,4100
Ongole,2016-06-29,4030.0,4000,4100
Ongole,2016-06-30,4070.0,4000,4100
Ongole,2016-07-01,4130.0,4100,4200
Ongole,2016-07-02,4140.0,4100,4200
Ongole,2016-07-04,4130.0,4100,4200
Ongole,2016-07-05,4160.0,4100,4200
Ongole,2016-07-06,4160.0,4100,4200
Ongole,2016-07-07,4160.0,4100,4200
Ongole,2016-07-08,4160.0,4100,4200
Ongole,2016-07-09,4160.0,4100,4200
Ongole,2016-07-10,4160.0,4100,4200
Ongole,2016-07-11,4140.0,4100,4200
Ongole,2016-07-12,4150.0,4100,4200
Ongole,2016-07-13,4140.0,4100,4200
Ongole,2016-07-14,4140.0,4100,4200
Ongole,2016-07-15,4150.0,4100,4200
Ongole,2016-07-17,4150.0,4100,4200
Ongole,2016-07-19,4130.0,4100,4200
Ongole,2016-07-20,4150.0,4100,4200
Ongole,2016-07-21,4150.0,4100,4200
Ongole,2016-07-22,4170.0,4150,4200
Ongole,2016-07-24,4180.0,4150,4200
Ongole,2016-07-25,4140.0,4100,4200
Ongole,2016-07-26,4140.0,4100,4200
Ongole,2016-07-27,4160.0,4150,4200
Ongole,2016-07-28,4160.0,4150,4200
Ongole,2016-07-29,4170.0,4150,4200
Ongole,2016-07-30,4180.0,4150,4200
Ongole,2016-07-31,4180.0,4150,4200
Ongole,2016-08-01,4170.0,4150,4200
Ongole,2016-08-02,4170.0,4150,4200
Ongole,2016-08-03,4170.0,4150,4200
Ongole,2016-08-04,4170.0,4150,4200
Ongole,2016-08-07,4150.0,4100,4200
Ongole,2016-08-08,4170.0,4150,4200
Ongole,2016-08-09,4170.0,4100,4200
Ongole,2016-08-11,4130.0,4100,4200
Ongole,2016-08-12,4000.0,3800,4200
Ongole,2016-08-13,4000.0,3800,4200
Ongole,2016-08-14,4000.0,3800,4200
Ongole,2016-08-15,4000.0,3800,4200
Ongole,2016-08-16,4050.0,3800,4200
Ongole,2016-08-17,4050.0,3800,4200
Ongole,2016-08-19,4100.0,3900,4200
Ongole,2016-08-20,4150.0,4100,4200
Ongole,2016-08-21,4150.0,4100,4200
Ongole,2016-08-22,4160.0,4100,4200
Ongole,2016-08-23,4130.0,4100,4200
Ongole,2016-08-24,4140.0,4100,4200
Ongole,2016-08-26,4130.0,4100,4200
Ongole,2016-08-27,4140.0,4100,4200
Ongole,2016-08-28,4140.0,4100,4200
Ongole,2016-08-29,4130.0,4100,4200
Ongole,2016-08-31,4170.0,4100,4200
Ongole,2016-09-01,4170.0,4100,4200
Ongole,2016-09-02,4150.0,4100,4200
Ongole,2016-09-03,4160.0,4100,4200
Ongole,2016-09-04,4160.0,4100,4200
Ongole,2016-09-05,4160.0,4100,4200
Ongole,2016-09-07,4140.0,4100,4200
Ongole,2016-09-08,4150.0,4100,4200
Ongole,2016-09-10,4120.0,4100,4200
Ongole,2016-09-11,4120.0,4100,4200
Ongole,2016-09-12,4140.0,4100,4200
Ongole,2016-09-15,4150.0,4100,4200
Ongole,2016-09-16,4150.0,4100,4200
Ongole,2016-09-17,4140.0,4100,4200
Ongole,2016-09-18,4140.0,4100,4200
Ongole,2016-09-20,4150.0,4100,4200
Ongole,2016-09-21,4170.0,4150,4200
Ongole,2016-09-23,4160.0,4100,4200
Ongole,2016-09-25,4130.0,4100,4200
Ongole,2016-09-26,4170.0,4150,4200
Ongole,2016-09-27,4180.0,4160,4200
Ongole,2016-09-28,4180.0,4160,4200
Ongole,2016-09-29,4180.0,4160,4200
Ongole,2016-09-30,4120.0,4100,4200
Ongole,2016-10-01,4130.0,4100,4200
Ongole,2016-10-02,4130.0,4100,4200
Ongole,2016-10-03,4150.0,4100,4200
Ongole,2016-10-04,4130.0,4100,4200
Ongole,2016-10-06,4120.0,4100,4200
Ongole,2016-10-07,4170.0,4150,4200
Ongole,2016-10-08,4170.0,4150,4200
Ongole,2016-10-09,4170.0,4150,4200
Ongole,2016-10-10,4140.0,4100,4200
Ongole,2016-10-11,4140.0,4100,4200
Ongole,2016-10-12,4140.0,4100,4200
Ongole,2016-10-14,4130.0,4100,4200
Ongole,2016-10-15,4140.0,4100,4200
Ongole,2016-10-16,4140.0,4100,4200
Ongole,2016-10-17,4170.0,4150,4200
Ongole,2016-10-18,4160.0,4150,4200
Ongole,2016-10-19,4180.0,4150,4200
Ongole,2016-10-21,4120.0,4100,4200
Ongole,2016-10-22,4170.0,4150,4200
Ongole,2016-10-23,4170.0,4150,4200
Ongole,2016-10-24,4150.0,4100,4200
Ongole,2016-10-26,4150.0,4100,4200
Ongole,2016-10-29,4120.0,4100,4200
Ongole,2016-10-30,4120.0,4100,4200
Ongole,2016-10-31,4150.0,4100,4200
Ongole,2016-11-01,4140.0,4100,4200
Ongole,2016-11-02,4150.0,4100,4200
Ongole,2016-11-05,4150.0,4100,4200
Ongole,2016-11-06,4150.0,4100,4200
Ongole,2016-11-08,4160.0,4100,4200
Ongole,2016-11-09,4140.0,4100,4200
Ongole,2016-11-10,4140.0,4100,4200
Ongole,2016-11-13,4120.0,4100,4200
Ongole,2016-11-14,4140.0,4100,4200
Ongole,2016-11-15,4170.0,4140,4200
Ongole,2016-11-16,4170.0,4140,4200
Ongole,2016-11-17,4170.0,4140,4200
Ongole,2016-11-18,4130.0,4100,4200
Ongole,2016-11-19,4120.0,4100,4200
Ongole,2016-11-20,4120.0,4100,4200
Ongole,2016-11-21,4120.0,4100,4200
Ongole,2016-11-22,4150.0,4100,4200
Ongole,2016-11-23,4150.0,4100,4200
Ongole,2016-11-24,4150.0,4100,4200
Ongole,2016-11-25,4140.0,4100,4200
Ongole,2016-11-27,4150.0,4100,4200
Ongole,2016-11-28,4140.0,4100,4200
Ongole,2016-11-29,4140.0,4100,4200
Ongole,2016-11-30,4170.0,4140,4200
Ongole,2016-12-01,4150.0,4100,4200
Ongole,2016-12-02,4140.0,4100,4200
Ongole,2016-12-05,4120.0,4100,4200
Ongole,2016-12-06,4120.0,4100,4200
Ongole,2016-12-07,4170.0,4120,4200
Ongole,2016-12-08,4170.0,4130,4200
Ongole,2016-12-09,4150.0,4100,4200
Ongole,2016-12-10,4150.0,4100,4200
Ongole,2016-12-11,4150.0,4100,4200
Ongole,2016-12-13,4160.0,4100,4200
Ongole,2016-12-14,4160.0,4100,4200
Ongole,2016-12-15,4180.0,4150,4200
Ongole,2016-12-16,4170.0,4150,4200
Ongole,2016-12-17,4150.0,4100,4200
Ongole,2016-12-18,4150.0,4100,4200
Ongole,2016-12-19,4160.0,4130,4200
Ongole,2016-12-21,4150.0,4100,4200
Ongole,2016-12-22,4150.0,4100,4200
Ongole,2016-12-23,4050.0,4000,4100
Ongole,2016-12-24,4070.0,4050,4100
Ongole,2016-12-25,4070.0,4050,4100
Ongole,2016-12-26,4070.0,4050,4100
Ongole,2016-12-30,4130.0,4100,4200
Ongole,2016-12-31,4130.0,4100,4200
Ongole,2017-01-01,4130.0,4100,4200
Ongole,2017-01-02,4160.0,4130,4200
Ongole,2017-01-03,4150.0,4100,4200
Ongole,2017-01-04,4160.0,4100,4200
Ongole,2017-01-06,4150.0,4100,4200
Ongole,2017-01-07,4160.0,4100,4200
Ongole,2017-01-08,4160.0,4100,4200
Ongole,2017-01-11,4170.0,4150,4200
Ongole,2017-01-12,4160.0,4140,4200
Ongole,2017-01-15,4150.0,4100,4200
Ongole,2017-01-16,4150.0,4100,4200
Ongole,2017-01-17,4150.0,4100,4200
Ongole,2017-01-18,4150.0,4100,4200
Ongole,2017-01-23,4240.0,4220,4300
Ongole,2017-01-24,4240.0,4220,4300
Ongole,2017-01-25,4240.0,4200,4300
Ongole,2017-01-26,4240.0,4200,4300
Ongole,2017-01-28,4220.0,4200,4300
Ongole,2017-01-29,4220.0,4200,4300
Ongole,2017-01-30,4260.0,4220,4300
Ongole,2017-01-31,4250.0,4200,4300
Ongole,2017-02-02,4220.0,4200,4300
Ongole,2017-02-03,4260.0,4200,4300
Ongole,2017-02-04,4260.0,4200,4300
Ongole,2017-02-05,4260.0,4200,4300
Ongole,2017-02-08,4250.0,4220,4300
Ongole,2017-02-09,4250.0,4220,4300
Ongole,2017-02-11,4270.0,4250,4300
Ongole,2017-02-12,4270.0,4250,4300
Ongole,2017-02-13,4250.0,4200,4300
Ongole,2017-02-14,4240.0,4200,4300
Ongole,2017-02-15,4240.0,4200,4300
Ongole,2017-02-17,4230.0,4200,4300
Ongole,2017-02-18,4230.0,4200,4300
Ongole,2017-02-21,4260.0,4200,4300
Ongole,2017-02-22,4240.0,4200,4300
Ongole,2017-02-23,4270.0,4250,4300
Ongole,2017-02-26,4260.0,4200,4300
Ongole,2017-02-27,4260.0,4200,4300
Ongole,2017-02-28,4270.0,4250,4300
Ongole,2017-03-01,4270.0,4200,4300
Ongole,2017-03-02,4270.0,4200,4300
Ongole,2017-03-03,4250.0,4200,4300
Ongole,2017-03-05,4260.0,4200,4300
Ongole,2017-03-06,4240.0,4200,4300
Ongole,2017-03-08,4240.0,4220,4300
Ongole,2017-03-10,4250.0,4200,4300
Ongole,2017-03-11,4250.0,4200,4300
Ongole,2017-03-13,4250.0,4200,4300
Ongole,2017-03-14,4260.0,4200,4300
Ongole,2017-03-16,4270.0,4200,4300
Ongole,2017-03-17,4550.0,4500,4600
Ongole,2017-03-18,4530.0,4500,4600
Ongole,2017-03-19,4530.0,4500,4600
Ongole,2017-03-20,4570.0,4500,4600
Ongole,2017-03-21,4540.0,4500,4600
Ongole,2017-03-23,4570.0,4500,4600
Ongole,2017-03-25,4480.0,4400,4500
Ongole,2017-03-26,4480.0,4400,4500
Ongole,2017-03-27,4430.0,4400,4500
Ongole,2017-03-28,4430.0,4400,4500
Ongole,2017-03-29,4430.0,4400,4500
Ongole,2017-03-30,4470.0,4430,4500
Ongole,2017-04-01,4480.0,4400,4500
Ongole,2017-04-02,4480.0,4400,4500
Ongole,2017-04-03,4470.0,4420,4500
Ongole,2017-04-04,4450.0,4400,4500
Ongole,2017-04-05,4450.0,4400,4500
Ongole,2017-04-06,4460.0,4450,4500
Ongole,2017-04-07,4470.0,4400,4500
Ongole,2017-04-08,4450.0,4400,4500
Ongole,2017-04-09,4450.0,4400,4500
Ongole,2017-04-10,4470.0,4400,4500
Ongole,2017-04-11,4520.0,4500,4550
Ongole,2017-04-13,4520.0,4500,4550
Ongole,2017-04-15,4520.0,4500,4550
Ongole,2017-04-16,4530.0,4500,4550
Ongole,2017-04-18,4530.0,4500,4550
Ongole,2017-04-20,4530.0,4500,4550
Ongole,2017-04-21,4430.0,4400,4500
Ongole,2017-04-22,4450.0,4400,4500
Ongole,2017-04-23,4450.0,4400,4500
Ongole,2017-04-24,4460.0,4400,4500
Ongole,2017-04-25,4470.0,4400,4500
Ongole,2017-04-26,4470.0,4400,4500
Ongole,2017-04-27,4450.0,4400,4500
Ongole,2017-04-30,4450.0,4400,4500
Ongole,2017-05-01,4450.0,4400,4500
Ongole,2017-05-02,4470.0,4400,4500
Ongole,2017-05-03,4450.0,4400,4500
Ongole,2017-05-05,4470.0,4450,4500
Ongole,2017-05-06,4450.0,4400,4500
Ongole,2017-05-07,4450.0,4400,4500
Ongole,2017-05-08,4470.0,4400,4500
Ongole,2017-05-09,4450.0,4400,4500
Ongole,2017-05-11,4450.0,4400,4500
Ongole,2017-05-12,4470.0,4450,4500
Ongole,2017-05-13,4450.0,4400,4500
Ongole,2017-05-14,4450.0,4400,4500
Ongole,2017-05-15,4450.0,4400,4500
Ongole,2017-05-17,4450.0,4400,4500
Ongole,2017-05-18,4470.0,4400,4500
Ongole,2017-05-19,4750.0,4700,4800
Ongole,2017-05-20,4770.0,4750,4800
Ongole,2017-05-21,4770.0,4750,4800
Ongole,2017-05-22,4750.0,4700,4800
Ongole,2017-05-23,4770.0,4750,4800
Ongole,2017-05-24,4750.0,4700,4800
Ongole,2017-05-25,4770.0,4750,4800
Ongole,2017-05-26,4750.0,4700,4800
Ongole,2017-05-27,4770.0,4750,4800
Ongole,2017-05-28,4750.0,4700,4800
Ongole,2017-05-29,4750.0,4700,4800
Ongole,2017-05-30,4770.0,4750,4800
Ongole,2017-05-31,4750.0,4700,4800
Ongole,2017-06-02,4670.0,4650,4700
Ongole,2017-06-04,4650.0,4600,4700
Ongole,2017-06-05,4670.0,4650,4700
Ongole,2017-06-06,4650.0,4600,4700
Ongole,2017-06-07,4670.0,4650,4700
Ongole,2017-06-09,4670.0,4650,4700
Ongole,2017-06-10,4650.0,4600,4700
Ongole,2017-06-12,4670.0,4650,4700
Ongole,2017-06-13,4670.0,4650,4700
Ongole,2017-06-14,4670.0,4650,4700
Ongole,2017-06-15,4650.0,4600,4700
Ongole,2017-06-16,4670.0,4650,4700
Ongole,2017-06-17,4670.0,4650,4700
Ongole,2017-06-18,4670.0,4650,4700
Ongole,2017-06-19,4650.0,4600,4700
Ongole,2017-06-20,4650.0,4600,4700
Ongole,2017-06-21,4670.0,4650,4700
Ongole,2017-06-23,3950.0,3900,4000
Ongole,2017-06-24,3970.0,3950,4000
Ongole,2017-06-26,3970.0,3950,4000
Ongole,2017-06-27,3980.0,3950,4000
Ongole,2017-06-28,3970.0,3950,4000
Ongole,2017-06-29,3950.0,3900,4000
Ongole,2017-06-30,3960.0,3900,4000
Ongole,2017-07-01,3970.0,3950,4000
Ongole,2017-07-02,3970.0,3950,4000
Ongole,2017-07-03,3950.0,3900,4000
Ongole,2017-07-04,3970.0,3950,4000
Ongole,2017-07-05,3970.0,3950,4000
Ongole,2017-07-06,3950.0,3900,4000
Ongole,2017-07-07,3970.0,3950,4000
Ongole,2017-07-09,3950.0,3900,4000
Ongole,2017-07-10,3950.0,3900,4000
Ongole,2017-07-12,3970.0,3950,4000
Ongole,2017-07-13,3950.0,3900,4000
Ongole,2017-07-14,3970.0,3930,4000
Ongole,2017-07-15,3950.0,3930,4000
Ongole,2017-07-16,3950.0,3930,4000
Ongole,2017-07-17,3970.0,3950,4000
Ongole,2017-07-18,3950.0,3900,4000
Ongole,2017-07-19,3970.0,3950,4000
Ongole,2017-07-20,3950.0,3900,4000
Ongole,2017-07-21,3970.0,3950,4000
Ongole,2017-07-22,3950.0,3900,4000
Ongole,2017-07-24,3970.0,3950,4000
Ongole,2017-07-25,3950.0,3900,4000
Ongole,2017-07-26,3970.0,3950,4000
Ongole,2017-07-27,3950.0,3900,4000
Ongole,2017-07-29,3970.0,3950,4000
Ongole,2017-07-30,3970.0,3950,4000
Ongole,2017-07-31,3970.0,3950,4000
Ongole,2017-08-01,3970.0,3950,4000
Ongole,2017-08-02,3950.0,3900,4000
Ongole,2017-08-03,3970.0,3950,4000
Ongole,2017-08-04,3950.0,3900,4000
Ongole,2017-08-06,3950.0,3900,4000
Ongole,2017-08-07,3970.0,3950,4000
Ongole,2017-08-08,3970.0,3950,4000
Ongole,2017-08-09,3970.0,3950,4000
Ongole,2017-08-10,3970.0,3950,4000
Ongole,2017-08-17,3970.0,3950,4000
Ongole,2017-08-19,3950.0,3900,4000
Ongole,2017-08-20,3950.0,3900,4000
Ongole,2017-08-21,3970.0,3950,4000
Ongole,2017-08-22,3970.0,3950,4000
Ongole,2017-08-23,3970.0,3950,4000
Ongole,2017-08-24,3970.0,3950,4000
Ongole,2017-08-25,3970.0,3950,4000
Ongole,2017-08-26,3970.0,3950,4000
Ongole,2017-08-27,3970.0,3950,4000
Ongole,2017-08-28,3970.0,3950,4000
Ongole,2017-08-29,3970.0,3950,4000
Ongole,2017-08-31,3970.0,3950,4000
Ongole,2017-09-01,3970.0,3950,4000
Ongole,2017-09-02,3970.0,3950,4000
Ongole,2017-09-03,3970.0,3950,4000
Ongole,2017-09-04,3950.0,3900,4000
Ongole,2017-09-05,3970.0,3950,4000
Ongole,2017-09-06,3970.0,3950,4000
Ongole,2017-09-07,3970.0,3950,4000
Ongole,2017-09-08,3970.0,3950,4000
Ongole,2017-09-09,3970.0,3950,4000
Ongole,2017-09-10,3970.0,3950,4000
Ongole,2017-09-11,3950.0,3900,4000
Ongole,2017-09-12,3970.0,3950,4000
Ongole,2017-09-13,3970.0,3950,4000
Ongole,2017-09-14,3970.0,3950,4000
Ongole,2017-09-15,3970.0,3950,4000
Ongole,2017-09-16,3970.0,3950,4000
Ongole,2017-09-18,3970.0,3950,4000
Ongole,2017-09-19,3970.0,3950,4000
Ongole,2017-09-21,3970.0,3950,4000
Ongole,2017-09-22,3970.0,3950,4000
Ongole,2017-09-23,3970.0,3950,4000
Ongole,2017-09-24,3970.0,3950,4000
Ongole,2017-09-25,3970.0,3950,4000
Ongole,2017-09-26,3950.0,3900,4000
Ongole,2017-09-27,3970.0,3950,4000
Ongole,2017-09-28,3970.0,3950,4000
Ongole,2017-09-29,4070.0,4050,4100
Ongole,2017-10-01,4070.0,4050,4100
Ongole,2017-10-02,4070.0,4050,4100
Ongole,2017-10-03,4070.0,4050,4100
Ongole,2017-10-04,4050.0,4000,4100
Ongole,2017-10-05,4050.0,4000,4100
Ongole,2017-10-08,4070.0,4050,4100
Ongole,2017-10-09,4070.0,4050,4100
Ongole,2017-10-10,4070.0,4050,4100
Ongole,2017-10-13,4070.0,4050,4100
Ongole,2017-10-14,4070.0,4050,4100
Ongole,2017-10-15,4070.0,4050,4100
Ongole,2017-10-16,4070.0,4050,4100
Ongole,2017-10-17,4070.0,4050,4100
Ongole,2017-10-19,4070.0,4050,4100
Ongole,2017-10-20,4070.0,4050,4100
Ongole,2017-10-21,4070.0,4050,4100
Ongole,2017-10-22,4070.0,4050,4100
Ongole,2017-10-24,4070.0,4050,4100
Ongole,2017-10-25,4070.0,4050,4100
Ongole,2017-10-26,4070.0,4050,4100
Ongole,2017-10-27,4070.0,4050,4100
Ongole,2017-10-28,4070.0,4050,4100
Ongole,2017-10-29,4070.0,4050,4100
Ongole,2017-10-30,4050.0,4000,4100
Ongole,2017-10-31,4070.0,4050,4100
Ongole,2017-11-01,4070.0,4050,4100
Ongole,2017-11-02,4050.0,4000,4100
Ongole,2017-11-03,4070.0,4050,4100
Ongole,2017-11-04,4070.0,4030,4100
Ongole,2017-11-06,4070.0,4030,4100
Ongole,2017-11-08,4060.0,4000,4100
Ongole,2017-11-10,4050.0,4000,4100
Ongole,2017-11-11,4050.0,4000,4100
Ongole,2017-11-12,4050.0,4000,4100
Ongole,2017-11-13,4050.0,4000,4100
Ongole,2017-11-14,4050.0,4000,4100
Ongole,2017-11-15,4070.0,4050,4100
Ongole,2017-11-16,4070.0,4050,4100
Ongole,2017-11-17,3960.0,3930,4000
Tadepalligudem,2005-04-04,1275.0,1000,1600
Tadepalligudem,2005-04-11,1216.6666666666667,1000,1600
Tadepalligudem,2005-04-12,1216.6666666666667,1000,1600
Tadepalligudem,2005-04-13,1216.6666666666667,1000,1600
Tadepalligudem,2005-04-16,1216.6666666666667,1000,1600
Tadepalligudem,2005-04-19,1216.6666666666667,1000,1600
Tadepalligudem,2005-04-20,1216.6666666666667,1000,1600
Tadepalligudem,2005-04-21,1216.6666666666667,1000,1600
Tadepalligudem,2005-04-23,1216.6666666666667,1000,1600
Tadepalligudem,2005-04-25,1216.6666666666667,1000,1600
Tadepalligudem,2005-04-26,1216.6666666666667,1000,1600
Tadepalligudem,2005-04-27,1216.6666666666667,1000,1600
Tadepalligudem,2005-04-28,1216.6666666666667,1000,1600
Tadepalligudem,2005-04-30,1216.6666666666667,1000,1600
Tadepalligudem,2005-05-02,1216.6666666666667,1000,1600
Tadepalligudem,2005-05-03,1216.6666666666667,1000,1600
Tadepalligudem,2005-05-04,1216.6666666666667,1000,1600
Tadepalligudem,2005-05-05,1216.6666666666667,1000,1600
Tadepalligudem,2005-05-07,1216.6666666666667,1000,1600
Tadepalligudem,2005-05-08,1216.6666666666667,1000,1600
Tadepalligudem,2005-05-09,1216.6666666666667,1000,1600
Tadepalligudem,2005-05-10,1216.6666666666667,1000,1600
Tadepalligudem,2005-05-11,1216.6666666666667,1000,1600
Tadepalligudem,2005-05-12,1216.6666666666667,1000,1600
Tadepalligudem,2005-05-16,1216.6666666666667,1000,1600
Tadepalligudem,2005-05-17,1216.6666666666667,1000,1600
Tadepalligudem,2005-05-18,1216.6666666666667,1000,1600
Tadepalligudem,2005-05-19,1216.6666666666667,1000,1600
Tadepalligudem,2005-05-21,1216.6666666666667,1000,1600
Tadepalligudem,2005-05-23,1216.6666666666667,1000,1600
Tadepalligudem,2005-05-24,1216.6666666666667,1000,1600
Tadepalligudem,2005-05-25,1216.6666666666667,1000,1600
Tadepalligudem,2005-05-26,1216.6666666666667,1000,1600
Tadepalligudem,2005-05-28,1216.6666666666667,1000,1600
Tadepalligudem,2005-05-31,1216.6666666666667,1000,1600
Tadepalligudem,2005-06-01,1216.6666666666667,1000,1600
Tadepalligudem,2005-06-02,1216.6666666666667,1000,1600
Tadepalligudem,2005-06-04,1216.6666666666667,1000,1600
Tadepalligudem,2005-06-06,1216.6666666666667,1000,1600
Tadepalligudem,2005-06-07,1216.6666666666667,1000,1600
Tadepalligudem,2005-06-09,1216.6666666666667,1000,1600
Tadepalligudem,2005-06-13,1216.6666666666667,1000,1600
Tadepalligudem,2005-06-14,1216.6666666666667,1000,1600
Tadepalligudem,2005-06-15,1216.6666666666667,1000,1600
Tadepalligudem,2005-06-16,1216.6666666666667,1000,1600
Tadepalligudem,2005-06-18,1216.6666666666667,1000,1600
Tadepalligudem,2005-06-20,1216.6666666666667,1000,1600
Tadepalligudem,2005-06-25,1216.6666666666667,1000,1600
Tadepalligudem,2005-06-27,1216.6666666666667,1000,1600
Tadepalligudem,2005-06-28,1250.0,1000,1700
Tadepalligudem,2005-06-29,1250.0,1000,1700
Tadepalligudem,2005-06-30,1250.0,1000,1700
Tadepalligudem,2005-07-02,1250.0,1000,1700
Tadepalligudem,2005-07-04,1250.0,1000,1700
Tadepalligudem,2005-07-05,1250.0,1000,1700
Tadepalligudem,2005-07-06,1250.0,1000,1700
Tadepalligudem,2005-07-07,1250.0,1000,1700
Tadepalligudem,2005-07-11,1250.0,1000,1700
Tadepalligudem,2005-07-12,1250.0,1000,1700
Tadepalligudem,2005-07-13,1250.0,1000,1700
Tadepalligudem,2005-07-14,1250.0,1000,1700
Tadepalligudem,2005-07-16,1250.0,1000,1700
Tadepalligudem,2005-07-18,1250.0,1000,1700
Tadepalligudem,2005-07-19,1250.0,1000,1700
Tadepalligudem,2005-07-20,1250.0,1000,1700
Tadepalligudem,2005-07-21,1250.0,1000,1700
Tadepalligudem,2005-07-22,1250.0,1000,1700
Tadepalligudem,2005-07-23,1250.0,1000,1700
Tadepalligudem,2005-07-24,1250.0,1000,1700
Tadepalligudem,2005-07-25,1250.0,1000,1700
Tadepalligudem,2005-07-26,1250.0,1000,1700
Tadepalligudem,2005-07-27,1250.0,1000,1700
Tadepalligudem,2005-07-28,1250.0,1000,1700
Tadepalligudem,2005-08-04,1325.0,1000,1700
Tadepalligudem,2005-08-05,1250.0,1000,1700
Tadepalligudem,2005-08-06,1250.0,1000,1700
Tadepalligudem,2005-08-07,1250.0,1000,1700
Tadepalligudem,2005-08-08,1250.0,1000,1700
Tadepalligudem,2005-08-09,1250.0,1000,1700
Tadepalligudem,2005-08-10,1250.0,1000,1700
Tadepalligudem,2005-08-11,1250.0,1000,1700
Tadepalligudem,2005-08-14,1250.0,1000,1700
Tadepalligudem,2005-08-16,1250.0,1000,1700
Tadepalligudem,2005-08-17,1250.0,1000,1700
Tadepalligudem,2005-08-18,1250.0,1000,1700
Tadepalligudem,2005-08-20,1250.0,1000,1700
Tadepalligudem,2005-08-21,1250.0,1000,1700
Tadepalligudem,2005-08-22,1250.0,1000,1700
Tadepalligudem,2005-08-23,1250.0,1000,1700
Tadepalligudem,2005-08-24,1250.0,1000,1700
Tadepalligudem,2005-08-25,1250.0,1000,1700
Tadepalligudem,2005-08-26,1250.0,1000,1700
Tadepalligudem,2005-08-27,1250.0,1000,1700
Tadepalligudem,2005-08-29,1250.0,1000,1700
Tadepalligudem,2005-08-30,1250.0,1000,1700
Tadepalligudem,2005-08-31,1250.0,1000,1700
Tadepalligudem,2005-09-01,1250.0,1000,1700
Tadepalligudem,2005-09-02,1250.0,1000,1700
Tadepalligudem,2005-09-05,1050.0,1000,1100
Tadepalligudem,2005-09-06,1250.0,1000,1700
Tadepalligudem,2005-09-07,1250.0,1000,1700
Tadepalligudem,2005-09-08,1250.0,1000,1700
Tadepalligudem,2005-09-13,1250.0,1000,1700
Tadepalligudem,2005-09-17,1187.5,1000,1700
Tadepalligudem,2005-09-18,1433.3333333333333,1000,1700
Tadepalligudem,2005-09-19,1250.0,1000,1700
Tadepalligudem,2005-09-21,1250.0,1000,1700
Tadepalligudem,2005-09-22,1250.0,1000,1700
Tadepalligudem,2005-09-25,1250.0,1000,1700
Tadepalligudem,2005-09-26,1250.0,1000,1700
Tadepalligudem,2005-09-29,1250.0,1000,1700
Tadepalligudem,2005-10-01,1250.0,1000,1700
Tadepalligudem,2005-10-03,1250.0,1000,1700
Tadepalligudem,2005-10-04,1250.0,1000,1700
Tadepalligudem,2005-10-05,1250.0,1000,1700
Tadepalligudem,2005-10-13,1250.0,1000,1700
Tadepalligudem,2005-10-17,1050.0,1000,1100
Tadepalligudem,2005-11-20,1250.0,1000,1700
Tadepalligudem,2005-11-21,1250.0,1000,1700
Tadepalligudem,2005-11-26,1250.0,1000,1700
Tadepalligudem,2005-12-03,1250.0,1000,1700
Tadepalligudem,2005-12-05,1250.0,1000,1700
Tadepalligudem,2005-12-06,1250.0,1000,1700
Tadepalligudem,2005-12-07,1250.0,1000,1700
Tadepalligudem,2005-12-08,1250.0,1000,1700
Tadepalligudem,2005-12-10,1250.0,1000,1700
Tadepalligudem,2005-12-11,1250.0,1000,1700
Tadepalligudem,2005-12-12,1250.0,1000,1700
Tadepalligudem,2005-12-14,1250.0,1000,1700
Tadepalligudem,2005-12-15,1250.0,1000,1700
Tadepalligudem,2005-12-17,1250.0,1000,1700
Tadepalligudem,2005-12-19,1250.0,1000,1700
Tadepalligudem,2005-12-20,1033.3333333333333,1000,1100
Tadepalligudem,2005-12-21,1250.0,1000,1700
Tadepalligudem,2005-12-22,1250.0,1000,1700
Tadepalligudem,2005-12-24,1250.0,1000,1700
Tadepalligudem,2005-12-25,1250.0,1000,1700
Tadepalligudem,2005-12-26,1250.0,1000,1700
Tadepalligudem,2005-12-27,1250.0,1000,1700
Tadepalligudem,2005-12-28,1250.0,1000,1700
Tadepalligudem,2005-12-29,1250.0,1000,1700
Tadepalligudem,2005-12-31,1250.0,1000,1700
Tadepalligudem,2006-01-01,1250.0,1000,1700
Tadepalligudem,2006-01-07,1250.0,1000,1700
Tadepalligudem,2006-01-08,1250.0,1000,1700
Tadepalligudem,2006-01-09,1250.0,1000,1700
Tadepalligudem,2006-01-10,1250.0,1000,1700
Tadepalligudem,2006-01-12,1250.0,1000,1700
Tadepalligudem,2006-01-17,1250.0,1000,1700
Tadepalligudem,2006-01-18,1250.0,1000,1700
Tadepalligudem,2006-01-19,1250.0,1000,1700
Tadepalligudem,2006-01-21,1250.0,1000,1700
Tadepalligudem,2006-01-23,1250.0,1000,1700
Tadepalligudem,2006-01-24,1250.0,1000,1700
Tadepalligudem,2006-01-25,1086.6666666666667,600,1700
Tadepalligudem,2006-01-29,1325.0,1000,1700
Tadepalligudem,2006-01-30,1325.0,1000,1700
Tadepalligudem,2006-01-31,1325.0,1000,1700
Tadepalligudem,2006-02-01,1325.0,1000,1700
Tadepalligudem,2006-02-06,1325.0,1000,1700
Tadepalligudem,2006-02-07,1325.0,1000,1700
Tadepalligudem,2006-02-08,1325.0,1000,1700
Tadepalligudem,2006-02-12,1325.0,1000,1700
Tadepalligudem,2006-02-14,1325.0,1000,1700
Tadepalligudem,2006-02-15,1325.0,1000,1700
Tadepalligudem,2006-02-16,1325.0,1000,1700
Tadepalligudem,2006-02-18,1325.0,1000,1700
Tadepalligudem,2006-02-20,1325.0,1000,1700
Tadepalligudem,2006-02-21,1325.0,1000,1700
Tadepalligudem,2006-02-22,1325.0,1000,1700
Tadepalligudem,2006-02-23,1325.0,1000,1700
Tadepalligudem,2006-02-25,1325.0,1000,1700
Tadepalligudem,2006-02-27,1325.0,1000,1700
Tadepalligudem,2006-03-01,1650.0,1600,1700
Tadepalligudem,2006-03-02,1325.0,1000,1700
Tadepalligudem,2006-03-06,1325.0,1000,1700
Tadepalligudem,2006-03-07,1325.0,1000,1700
Tadepalligudem,2006-03-08,1325.0,1000,1700
Tadepalligudem,2006-03-09,1325.0,1000,1700
Tadepalligudem,2006-03-10,1325.0,1000,1700
Tadepalligudem,2006-03-11,1325.0,1000,1700
Tadepalligudem,2006-03-12,1325.0,1000,1700
Tadepalligudem,2006-03-13,1325.0,1000,1700
Tadepalligudem,2006-03-14,1325.0,1000,1700
Tadepalligudem,2006-03-18,1325.0,1000,1700
Tadepalligudem,2006-03-21,1325.0,1000,1700
Tadepalligudem,2006-03-22,1325.0,1000,1700
Tadepalligudem,2006-03-23,1325.0,1000,1700
Tadepalligudem,2006-03-27,1325.0,1000,1700
Tadepalligudem,2006-03-28,1325.0,1000,1700
Tadepalligudem,2006-03-29,1325.0,1000,1700
Tadepalligudem,2006-04-01,1325.0,1000,1700
Tadepalligudem,2006-04-03,1325.0,1000,1700
Tadepalligudem,2006-05-20,1325.0,1000,1700
Tadepalligudem,2006-05-21,1325.0,1000,1700
Tadepalligudem,2006-05-22,1325.0,1000,1700
Tadepalligudem,2006-05-23,1000.0,1000,1000
Tadepalligudem,2006-05-27,1325.0,1000,1700
Tadepalligudem,2006-05-28,1325.0,1000,1700
Tadepalligudem,2006-05-30,1325.0,1000,1700
Tadepalligudem,2006-06-11,1325.0,1000,1700
Tadepalligudem,2006-06-12,1325.0,1000,1700
Tadepalligudem,2006-06-13,1325.0,1000,1700
Tadepalligudem,2006-06-14,1325.0,1000,1700
Tadepalligudem,2006-06-15,1325.0,1000,1700
Tadepalligudem,2006-06-16,1325.0,1000,1700
Tadepalligudem,2006-06-17,1325.0,1000,1700
Tadepalligudem,2006-06-18,1325.0,1000,1700
Tadepalligudem,2006-06-24,1325.0,1000,1700
Tadepalligudem,2006-06-25,1325.0,1000,1700
Tadepalligudem,2006-07-01,1000.0,1000,1000
Tadepalligudem,2006-07-09,1325.0,1000,1700
Tadepalligudem,2006-07-11,1325.0,1000,1700
Tadepalligudem,2006-07-12,1325.0,1000,1700
Tadepalligudem,2006-07-13,1250.0,1000,1700
Tadepalligudem,2006-07-15,1250.0,1000,1700
Tadepalligudem,2006-07-16,1250.0,1000,1700
Tadepalligudem,2006-07-17,1325.0,1000,1700
Tadepalligudem,2006-07-18,1250.0,1000,1700
Tadepalligudem,2006-07-19,1250.0,1000,1700
Tadepalligudem,2006-07-20,1250.0,1000,1700
Tadepalligudem,2006-07-21,1325.0,1000,1700
Tadepalligudem,2006-07-22,1250.0,1000,1700
Tadepalligudem,2006-07-23,1250.0,1000,1700
Tadepalligudem,2006-07-24,1250.0,1000,1700
Tadepalligudem,2006-07-25,1250.0,1000,1700
Tadepalligudem,2006-07-26,1250.0,1000,1700
Tadepalligudem,2006-07-27,1466.6666666666667,1100,1700
Tadepalligudem,2006-07-29,1250.0,1000,1700
Tadepalligudem,2006-07-30,1250.0,1000,1700
Tadepalligudem,2006-07-31,1250.0,1000,1700
Tadepalligudem,2006-08-01,1250.0,1000,1700
Tadepalligudem,2006-08-02,1375.0,1100,1700
Tadepalligudem,2006-08-04,1250.0,1000,1700
Tadepalligudem,2006-08-05,1375.0,1100,1700
Tadepalligudem,2006-08-06,1250.0,1000,1700
Tadepalligudem,2006-08-07,1650.0,1600,1700
Tadepalligudem,2006-08-08,1250.0,1000,1700
Tadepalligudem,2006-08-09,1375.0,1100,1700
Tadepalligudem,2006-08-10,1240.0,1000,1700
Tadepalligudem,2006-08-17,1250.0,1000,1700
Tadepalligudem,2006-08-19,1250.0,1000,1700
Tadepalligudem,2006-08-24,1250.0,1000,1700
Tadepalligudem,2006-08-26,1250.0,1000,1700
Tadepalligudem,2006-08-30,1635.0,1600,1700
Tadepalligudem,2006-08-31,1325.0,1000,1700
Tadepalligudem,2006-09-13,1233.3333333333333,980,1800
Tadepalligudem,2006-09-14,1230.0,980,1800
Tadepalligudem,2006-09-16,1233.3333333333333,980,1800
Tadepalligudem,2006-09-19,1216.6666666666667,980,1700
Tadepalligudem,2006-09-20,1230.0,980,1800
Tadepalligudem,2006-09-21,1233.3333333333333,980,1800
Tadepalligudem,2006-09-22,1233.3333333333333,980,1800
Tadepalligudem,2006-09-23,1355.0,1010,1800
Tadepalligudem,2006-09-26,1355.0,1010,1800
Tadepalligudem,2006-10-07,1230.0,980,1800
Tadepalligudem,2006-10-19,1233.3333333333333,980,1800
Tadepalligudem,2006-10-29,1233.3333333333333,980,1800
Tadepalligudem,2006-10-30,1355.0,1010,1800
Tadepalligudem,2006-10-31,1355.0,1010,1800
Tadepalligudem,2006-11-08,1355.0,1010,1800
Tadepalligudem,2006-11-18,1355.0,1010,1800
Tadepalligudem,2006-11-19,1355.0,1010,1800
Tadepalligudem,2006-11-20,1355.0,1010,1800
Tadepalligudem,2006-11-21,1355.0,1010,1800
Tadepalligudem,2006-11-25,1700.0,1600,1800
Tadepalligudem,2006-11-29,1355.0,1010,1800
Tadepalligudem,2006-12-02,1355.0,1010,1800
Tadepalligudem,2006-12-05,1700.0,1600,1800
Tadepalligudem,2006-12-06,1355.0,1010,1800
Tadepalligudem,2006-12-07,1700.0,1600,1800
Tadepalligudem,2006-12-13,1010.0,1010,1010
Tadepalligudem,2006-12-14,1700.0,1600,1800
Tadepalligudem,2006-12-18,1355.0,1010,1800
Tadepalligudem,2006-12-21,1355.0,1010,1800
Tadepalligudem,2006-12-24,1355.0,1010,1800
Tadepalligudem,2006-12-27,1355.0,1010,1800
Tadepalligudem,2007-02-17,1700.0,1600,1800
Tadepalligudem,2007-02-18,1850.0,1800,1900
Tadepalligudem,2007-03-06,1750.0,1700,1800
Tadepalligudem,2007-03-08,1700.0,1600,1800
Tadepalligudem,2007-03-11,1700.0,1600,1800
Tadepalligudem,2007-03-21,1875.0,1850,1900
Tadepalligudem,2007-03-23,1875.0,1850,1900
Tadepalligudem,2007-03-28,1700.0,1600,1800
Tadepalligudem,2007-03-29,1700.0,1600,1800
Tadepalligudem,2007-03-31,1895.0,1850,1900
Tadepalligudem,2007-04-07,1700.0,1600,1800
Tadepalligudem,2007-04-17,1700.0,1600,1800
Tadepalligudem,2007-04-19,1700.0,1600,1800
Tadepalligudem,2007-04-25,1700.0,1600,1800
Tadepalligudem,2007-04-26,1700.0,1600,1800
Tadepalligudem,2007-04-28,1700.0,1600,1800
Tadepalligudem,2007-05-02,1700.0,1600,1800
Tadepalligudem,2007-05-03,1700.0,1600,1800
Tadepalligudem,2007-05-04,1700.0,1600,1800
Tadepalligudem,2007-05-05,1700.0,1600,1800
Tadepalligudem,2007-05-07,1700.0,1600,1800
Tadepalligudem,2007-05-08,1700.0,1600,1800
Tadepalligudem,2007-05-10,1700.0,1600,1800
Tadepalligudem,2007-05-13,1700.0,1600,1800
Tadepalligudem,2007-05-15,1700.0,1600,1800
Tadepalligudem,2007-06-13,1750.0,1700,1800
Tadepalligudem,2007-06-14,1750.0,1700,1800
Tadepalligudem,2007-06-20,1700.0,1600,1800
Tadepalligudem,2007-06-27,1700.0,1600,1800
Tadepalligudem,2007-07-07,1750.0,1600,1800
Tadepalligudem,2007-07-12,1850.0,1800,1900
Tadepalligudem,2007-07-16,1700.0,1600,1800
Tadepalligudem,2007-07-17,1700.0,1600,1800
Tadepalligudem,2007-07-18,1700.0,1600,1800
Tadepalligudem,2007-07-20,1700.0,1600,1800
Tadepalligudem,2007-07-21,1700.0,1600,1800
Tadepalligudem,2007-07-24,1700.0,1600,1800
Tadepalligudem,2007-07-25,1700.0,1600,1800
Tadepalligudem,2007-07-26,1700.0,1600,1800
Tadepalligudem,2007-07-28,1750.0,1700,1800
Tadepalligudem,2007-07-30,1750.0,1700,1800
Tadepalligudem,2007-08-01,1700.0,1600,1800
Tadepalligudem,2007-08-07,1700.0,1600,1800
Tadepalligudem,2007-08-13,1700.0,1600,1800
Tadepalligudem,2007-08-15,1700.0,1600,1800
Tadepalligudem,2007-08-18,1700.0,1600,1800
Tadepalligudem,2007-08-20,1750.0,1600,1800
Tadepalligudem,2007-08-21,1700.0,1600,1800
Tadepalligudem,2007-08-22,1700.0,1600,1800
Tadepalligudem,2007-08-30,1700.0,1600,1800
Tadepalligudem,2007-08-31,1650.0,1600,1700
Tadepalligudem,2007-09-05,1700.0,1600,1800
Tadepalligudem,2007-09-06,1850.0,1800,1900
Tadepalligudem,2007-09-10,1700.0,1600,1800
Tadepalligudem,2007-09-13,1700.0,1600,1800
Tadepalligudem,2007-09-22,1625.0,1600,1650
Tadepalligudem,2007-09-25,1700.0,1600,1800
Tadepalligudem,2007-10-01,1850.0,1800,1900
Tadepalligudem,2007-10-02,1750.0,1700,1800
Tadepalligudem,2007-10-06,1700.0,1600,1800
Tadepalligudem,2007-10-09,1750.0,1600,1800
Tadepalligudem,2007-10-17,1700.0,1600,1800
Tadepalligudem,2007-10-20,1700.0,1600,1800
Tadepalligudem,2007-10-23,1700.0,1600,1800
Tadepalligudem,2007-10-25,1650.0,1600,1700
Tadepalligudem,2007-10-28,1850.0,1800,1900
Tadepalligudem,2007-10-29,1700.0,1600,1800
Tadepalligudem,2007-10-30,1700.0,1600,1800
Tadepalligudem,2007-10-31,1800.0,1600,1900
Tadepalligudem,2007-11-06,1700.0,1600,1800
Tadepalligudem,2007-11-07,1700.0,1600,1900
Tadepalligudem,2007-11-08,1700.0,1600,1800
Tadepalligudem,2007-11-13,1750.0,1700,1800
Tadepalligudem,2007-11-14,1850.0,1800,1900
Tadepalligudem,2007-11-15,1750.0,1700,1800
Tadepalligudem,2007-11-17,1750.0,1700,1800
Tadepalligudem,2007-11-18,1700.0,1600,1800
Tadepalligudem,2007-11-20,1700.0,1600,1800
Tadepalligudem,2007-11-21,1700.0,1600,1800
Tadepalligudem,2007-11-22,1700.0,1600,1800
Tadepalligudem,2007-11-27,1950.0,1900,2000
Tadepalligudem,2007-12-04,1850.0,1800,1900
Tadepalligudem,2007-12-11,1850.0,1800,1900
Tadepalligudem,2007-12-12,1750.0,1600,1800
Tadepalligudem,2007-12-14,1700.0,1600,1800
Tadepalligudem,2007-12-15,1850.0,1800,1900
Tadepalligudem,2007-12-17,1950.0,1900,2000
Tadepalligudem,2007-12-18,1850.0,1800,1900
Tadepalligudem,2007-12-19,1950.0,1900,2000
Tadepalligudem,2007-12-23,1700.0,1600,1800
Tadepalligudem,2007-12-26,1700.0,1600,1800
Tadepalligudem,2007-12-29,1700.0,1600,1800
Tadepalligudem,2008-01-01,1800.0,1700,1900
Tadepalligudem,2008-01-04,1800.0,1700,1900
Tadepalligudem,2008-01-05,1700.0,1600,1800
Tadepalligudem,2008-01-07,1800.0,1700,1800
Tadepalligudem,2008-01-08,1700.0,1600,1800
Tadepalligudem,2008-01-09,1800.0,1700,1900
Tadepalligudem,2008-01-11,1800.0,1700,1800
Tadepalligudem,2008-01-24,1800.0,1700,1900
Tadepalligudem,2008-01-27,1800.0,1700,1900
Tadepalligudem,2008-01-28,1900.0,1800,1900
Tadepalligudem,2008-01-29,1800.0,1800,1800
Tadepalligudem,2008-01-31,1800.0,1800,1800
Tadepalligudem,2008-02-02,1800.0,1800,1800
Tadepalligudem,2008-02-04,1700.0,1700,1900
Tadepalligudem,2008-02-05,1550.0,1300,1800
Tadepalligudem,2008-02-06,1800.0,1800,1800
Tadepalligudem,2008-02-07,1800.0,1800,1800
Tadepalligudem,2008-02-08,1900.0,1900,1900
Tadepalligudem,2008-02-13,1800.0,1700,1800
Tadepalligudem,2008-02-14,1700.0,1600,1800
Tadepalligudem,2008-02-16,1700.0,1600,1800
Tadepalligudem,2008-02-17,1700.0,1600,1800
Tadepalligudem,2008-02-20,1700.0,1600,1800
Tadepalligudem,2008-02-23,1800.0,1700,1800
Tadepalligudem,2008-02-25,1800.0,1800,1800
Tadepalligudem,2008-02-26,1800.0,1800,1800
Tadepalligudem,2008-03-10,1750.0,1700,1800
Tadepalligudem,2008-03-13,1600.0,1500,1600
Tadepalligudem,2008-03-14,1600.0,1600,1600
Tadepalligudem,2008-03-16,1600.0,1590,1600
Tadepalligudem,2008-04-01,1600.0,1600,1600
Tadepalligudem,2008-04-02,1600.0,1600,1600
Tadepalligudem,2008-04-04,1600.0,1600,1600
Tadepalligudem,2008-04-05,1700.0,1600,1800
Tadepalligudem,2008-04-06,1700.0,1600,1800
Tadepalligudem,2008-04-10,1800.0,1800,1800
Tadepalligudem,2008-04-12,1800.0,1800,1800
Tadepalligudem,2008-04-13,1700.0,1600,1800
Tadepalligudem,2008-04-15,1800.0,1800,1800
Tadepalligudem,2008-04-17,1800.0,1800,1800
Tadepalligudem,2008-04-24,1800.0,1800,1800
Tadepalligudem,2008-04-26,1800.0,1800,1800
Tadepalligudem,2008-04-27,1800.0,1800,1800
Tadepalligudem,2008-05-03,1800.0,1800,1800
Tadepalligudem,2008-05-07,1800.0,1800,1800
Tadepalligudem,2008-05-08,1800.0,1800,1800
Tadepalligudem,2008-05-10,1800.0,1800,1800
Tadepalligudem,2008-05-11,1800.0,1800,1800
Tadepalligudem,2008-05-13,1800.0,1800,1800
Tadepalligudem,2008-05-14,1700.0,1600,1800
Tadepalligudem,2008-05-15,1800.0,1800,1800
Tadepalligudem,2008-05-17,1800.0,1800,1800
Tadepalligudem,2008-05-18,1700.0,1600,1800
Tadepalligudem,2008-05-19,1700.0,1600,1800
Tadepalligudem,2008-05-20,1700.0,1700,1800
Tadepalligudem,2008-05-21,1700.0,1600,1800
Tadepalligudem,2008-05-23,1800.0,1800,1800
Tadepalligudem,2008-05-24,1700.0,1600,1800
Tadepalligudem,2008-05-25,1700.0,1600,1800
Tadepalligudem,2008-05-27,1700.0,1600,1800
Tadepalligudem,2008-05-28,1700.0,1600,1800
Tadepalligudem,2008-05-29,1800.0,1800,1800
Tadepalligudem,2008-05-30,1700.0,1600,1800
Tadepalligudem,2008-05-31,1800.0,1800,1800
Tadepalligudem,2008-06-01,1700.0,1600,1800
Tadepalligudem,2008-06-02,1700.0,1600,1800
Tadepalligudem,2008-06-03,1700.0,1600,1800
Tadepalligudem,2008-06-04,1800.0,1800,1800
Tadepalligudem,2008-06-13,1800.0,1800,1800
Tadepalligudem,2008-06-14,1800.0,1800,1800
Tadepalligudem,2008-06-15,1800.0,1800,1800
Tadepalligudem,2008-06-16,1700.0,1600,1800
Tadepalligudem,2008-06-17,1800.0,1800,1800
Tadepalligudem,2008-06-18,1700.0,1600,1800
Tadepalligudem,2008-06-19,1700.0,1600,1800
Tadepalligudem,2008-06-20,1800.0,1800,1800
Tadepalligudem,2008-06-21,1700.0,1600,1800
Tadepalligudem,2008-06-26,1800.0,1800,1800
Tadepalligudem,2008-06-28,1800.0,1800,1800
Tadepalligudem,2008-07-04,1800.0,1800,1800
Tadepalligudem,2008-07-05,1800.0,1800,1800
Tadepalligudem,2008-07-06,1700.0,1600,1800
Tadepalligudem,2008-07-07,1700.0,1600,1800
Tadepalligudem,2008-07-08,1700.0,1600,1800
Tadepalligudem,2008-07-09,1700.0,1600,1800
Tadepalligudem,2008-07-10,1800.0,1800,1800
Tadepalligudem,2008-07-13,1800.0,1800,1800
Tadepalligudem,2008-07-14,1700.0,1600,1800
Tadepalligudem,2008-07-15,1700.0,1600,1800
Tadepalligudem,2008-07-16,1700.0,1600,1800
Tadepalligudem,2008-07-19,1500.0,1400,1600
Tadepalligudem,2008-07-20,2400.0,2200,2500
Tadepalligudem,2008-07-21,1700.0,1600,1800
Tadepalligudem,2008-07-22,1700.0,1600,1800
Tadepalligudem,2008-07-24,2200.0,2100,2500
Tadepalligudem,2008-07-29,1800.0,1700,1900
Tadepalligudem,2008-08-02,2200.0,2200,2200
Tadepalligudem,2008-08-23,1800.0,1800,1800
Tadepalligudem,2008-08-24,1700.0,1600,1800
Tadepalligudem,2008-08-25,1800.0,1800,1800
Tadepalligudem,2008-08-26,1700.0,1600,1800
Tadepalligudem,2008-08-27,2000.0,2000,2100
Tadepalligudem,2008-08-30,1800.0,1800,1800
Tadepalligudem,2008-08-31,1800.0,1800,1800
Tadepalligudem,2008-09-02,2200.0,2100,2300
Tadepalligudem,2008-09-04,2200.0,2100,2300
Tadepalligudem,2008-09-05,2200.0,2100,2300
Tadepalligudem,2008-09-24,2300.0,2200,2400
Tadepalligudem,2008-09-25,2300.0,2200,2400
Tadepalligudem,2008-09-26,2300.0,2100,2400
Tadepalligudem,2008-09-29,2300.0,2200,2400
Tadepalligudem,2008-10-01,2300.0,2200,2400
Tadepalligudem,2008-10-13,2300.0,2200,2400
Tadepalligudem,2008-10-14,2300.0,2200,2400
Tadepalligudem,2008-10-15,2300.0,2200,2400
Tadepalligudem,2008-10-16,2300.0,2200,2400
Tadepalligudem,2008-10-21,2300.0,2200,2400
Tadepalligudem,2008-10-22,2300.0,2200,2400
Tadepalligudem,2008-10-29,2300.0,2200,2400
Tadepalligudem,2008-10-31,2300.0,2200,2400
Tadepalligudem,2008-11-06,2000.0,2000,2000
Tadepalligudem,2008-11-24,2300.0,2200,2400
Tadepalligudem,2008-12-10,2000.0,2000,2000
Tadepalligudem,2008-12-11,2000.0,2000,2000
Tadepalligudem,2008-12-15,2000.0,2000,2000
Tadepalligudem,2008-12-18,2000.0,2000,2000
Tadepalligudem,2008-12-20,2000.0,2000,2000
Tadepalligudem,2008-12-28,2000.0,2000,2000
Tadepalligudem,2008-12-29,2000.0,2000,2000
Tadepalligudem,2008-12-30,2000.0,2000,2000
Tadepalligudem,2008-12-31,2000.0,2000,2000
Tadepalligudem,2009-01-01,2000.0,2000,2000
Tadepalligudem,2009-01-03,2000.0,2000,2000
Tadepalligudem,2009-01-05,2000.0,2000,2000
Tadepalligudem,2009-01-07,2000.0,2000,2000
Tadepalligudem,2009-01-12,2000.0,2000,2000
Tadepalligudem,2009-01-20,2000.0,2000,2000
Tadepalligudem,2009-01-21,1900.0,1900,1900
Tadepalligudem,2009-01-22,2000.0,2000,2000
Tadepalligudem,2009-01-24,1900.0,1900,1900
Tadepalligudem,2009-01-25,2000.0,2000,2000
Tadepalligudem,2009-01-27,2000.0,2000,2000
Tadepalligudem,2009-01-28,1900.0,1900,1900
Tadepalligudem,2009-01-29,1900.0,1900,1900
Tadepalligudem,2009-01-30,1900.0,1900,1900
Tadepalligudem,2009-01-31,1900.0,1900,1900
Tadepalligudem,2009-02-01,1900.0,1900,1900
Tadepalligudem,2009-02-02,1900.0,1900,1900
Tadepalligudem,2009-02-03,1900.0,1900,1900
Tadepalligudem,2009-02-04,1900.0,1900,1900
Tadepalligudem,2009-02-05,1900.0,1900,1900
Tadepalligudem,2009-02-06,1900.0,1900,1900
Tadepalligudem,2009-02-07,1900.0,1900,1900
Tadepalligudem,2009-02-08,1900.0,1900,1900
Tadepalligudem,2009-02-09,1900.0,1900,1900
Tadepalligudem,2009-02-10,1900.0,1900,1900
Tadepalligudem,2009-02-12,1900.0,1900,1900
Tadepalligudem,2009-02-13,1900.0,1900,1900
Tadepalligudem,2009-02-14,1900.0,1900,1900
Tadepalligudem,2009-02-17,1900.0,1900,1900
Tadepalligudem,2009-02-28,1900.0,1900,1900
Tadepalligudem,2009-03-01,1900.0,1900,1900
Tadepalligudem,2009-03-04,1900.0,1900,1900
Tadepalligudem,2009-03-07,1390.0,1380,1400
Tadepalligudem,2009-03-08,1900.0,1900,1900
Tadepalligudem,2009-03-09,1900.0,1900,1900
Tadepalligudem,2009-03-10,1900.0,1900,1900
Tadepalligudem,2009-03-11,1900.0,1900,1900
Tadepalligudem,2009-03-13,1900.0,1900,1900
Tadepalligudem,2009-03-15,1900.0,1900,1900
Tadepalligudem,2009-03-16,1900.0,1900,1900
Tadepalligudem,2009-03-17,1350.0,1340,1373
Tadepalligudem,2009-03-18,1900.0,1900,1900
Tadepalligudem,2009-03-19,1900.0,1900,1900
Tadepalligudem,2009-03-20,1900.0,1900,1900
Tadepalligudem,2009-03-22,1900.0,1900,1900
Tadepalligudem,2009-03-23,1900.0,1900,1900
Tadepalligudem,2009-03-28,1900.0,1900,1900
Tadepalligudem,2009-03-31,1900.0,1900,1900
Tadepalligudem,2009-04-02,1900.0,1900,1900
Tadepalligudem,2009-04-04,1900.0,1900,1900
Tadepalligudem,2009-04-05,1900.0,1900,1900
Tadepalligudem,2009-04-06,1900.0,1900,1900
Tadepalligudem,2009-04-07,1900.0,1900,1900
Tadepalligudem,2009-04-08,1900.0,1900,1900
Tadepalligudem,2009-04-09,1900.0,1900,1900
Tadepalligudem,2009-04-11,1900.0,1900,1900
Tadepalligudem,2009-04-12,1900.0,1900,1900
Tadepalligudem,2009-04-13,1900.0,1900,1900
Tadepalligudem,2009-04-16,1900.0,1900,1900
Tadepalligudem,2009-04-17,1900.0,1900,1900
Tadepalligudem,2009-04-18,1900.0,1900,1900
Tadepalligudem,2009-04-19,1900.0,1900,1900
Tadepalligudem,2009-04-20,1900.0,1900,1900
Tadepalligudem,2009-04-21,1900.0,1900,1900
Tadepalligudem,2009-04-22,1900.0,1900,1900
Tadepalligudem,2009-04-23,1900.0,1900,1900
Tadepalligudem,2009-04-24,1900.0,1900,1900
Tadepalligudem,2009-04-25,1900.0,1900,1900
Tadepalligudem,2009-04-26,1900.0,1900,1900
Tadepalligudem,2009-04-27,1900.0,1900,1900
Tadepalligudem,2009-04-28,1900.0,1900,1900
Tadepalligudem,2009-04-30,1900.0,1900,1900
Tadepalligudem,2009-05-02,1900.0,1900,1900
Tadepalligudem,2009-05-03,1900.0,1900,1900
Tadepalligudem,2009-05-04,1900.0,1900,1900
Tadepalligudem,2009-05-05,1900.0,1900,1900
Tadepalligudem,2009-05-07,1900.0,1900,1900
Tadepalligudem,2009-05-10,1900.0,1900,1900
Tadepalligudem,2009-05-11,1900.0,1900,1900
Tadepalligudem,2009-05-12,1900.0,1900,1900
Tadepalligudem,2009-05-13,1900.0,1900,1900
Tadepalligudem,2009-05-14,1900.0,1900,1900
Tadepalligudem,2009-05-15,1900.0,1900,1900
Tadepalligudem,2009-05-16,1900.0,1900,1900
Tadepalligudem,2009-05-17,1900.0,1900,1900
Tadepalligudem,2009-05-19,1900.0,1900,1900
Tadepalligudem,2009-05-20,1900.0,1900,1900
Tadepalligudem,2009-05-21,1900.0,1900,1900
Tadepalligudem,2009-05-22,1900.0,1900,1900
Tadepalligudem,2009-05-23,1900.0,1900,1900
Tadepalligudem,2009-05-24,1900.0,1900,1900
Tadepalligudem,2009-05-25,1900.0,1900,1900
Tadepalligudem,2009-05-26,1900.0,1900,1900
Tadepalligudem,2009-05-27,1900.0,1900,1900
Tadepalligudem,2009-05-31,1900.0,1900,1900
Tadepalligudem,2009-06-01,1900.0,1900,1900
Tadepalligudem,2009-06-02,1900.0,1900,1900
Tadepalligudem,2009-06-03,1900.0,1900,1900
Tadepalligudem,2009-06-04,1900.0,1900,1900
Tadepalligudem,2009-06-05,1900.0,1900,1900
Tadepalligudem,2009-06-06,1900.0,1900,1900
Tadepalligudem,2009-06-08,1900.0,1900,1900
Tadepalligudem,2009-06-09,1900.0,1900,1900
Tadepalligudem,2009-06-10,1900.0,1900,1900
Tadepalligudem,2009-06-11,1900.0,1900,1900
Tadepalligudem,2009-06-12,1900.0,1900,1900
Tadepalligudem,2009-06-18,1900.0,1900,1900
Tadepalligudem,2009-06-19,1900.0,1900,1900
Tadepalligudem,2009-06-20,1900.0,1900,1900
Tadepalligudem,2009-06-21,1900.0,1900,1900
Tadepalligudem,2009-06-22,1900.0,1900,1900
Tadepalligudem,2009-06-23,1900.0,1900,1900
Tadepalligudem,2009-06-24,1900.0,1900,1900
Tadepalligudem,2009-06-25,1900.0,1900,1900
Tadepalligudem,2009-06-29,1900.0,1900,1900
Tadepalligudem,2009-06-30,1900.0,1900,1900
Tadepalligudem,2009-07-01,1900.0,1900,1900
Tadepalligudem,2009-07-02,1900.0,1900,1900
Tadepalligudem,2009-07-03,1900.0,1900,1900
Tadepalligudem,2009-07-04,1900.0,1900,1900
Tadepalligudem,2009-07-05,1900.0,1900,1900
Tadepalligudem,2009-07-06,1900.0,1900,1900
Tadepalligudem,2009-07-07,1900.0,1900,1900
Tadepalligudem,2009-07-09,1900.0,1900,1900
Tadepalligudem,2009-07-10,1900.0,1900,1900
Tadepalligudem,2009-07-11,1900.0,1900,1900
Tadepalligudem,2009-07-13,1900.0,1900,1900
Tadepalligudem,2009-07-14,1900.0,1900,1900
Tadepalligudem,2009-07-17,2400.0,2300,2500
Tadepalligudem,2009-07-18,2400.0,2300,2500
Tadepalligudem,2009-07-19,2400.0,2300,2500
Tadepalligudem,2009-07-20,2400.0,2300,2500
Tadepalligudem,2009-07-21,850.0,600,900
Tadepalligudem,2009-07-22,2400.0,2300,2500
Tadepalligudem,2009-07-24,2400.0,2300,2500
Tadepalligudem,2009-07-26,2400.0,2300,2500
Tadepalligudem,2009-07-27,2400.0,2300,2500
Tadepalligudem,2009-07-28,2500.0,2500,2500
Tadepalligudem,2009-07-29,2500.0,2500,2500
Tadepalligudem,2009-07-30,2500.0,2500,2500
Tadepalligudem,2009-08-01,2500.0,2500,2500
Tadepalligudem,2009-08-02,2500.0,2500,2500
Tadepalligudem,2009-08-03,2500.0,2500,2500
Tadepalligudem,2009-08-04,2500.0,2500,2500
Tadepalligudem,2009-08-07,2500.0,2500,2500
Tadepalligudem,2009-08-08,2500.0,2500,2500
Tadepalligudem,2009-08-09,2500.0,2500,2500
Tadepalligudem,2009-08-11,2500.0,2500,2500
Tadepalligudem,2009-08-13,2600.0,2600,2600
Tadepalligudem,2009-08-16,2600.0,2600,2600
Tadepalligudem,2009-08-28,2600.0,2600,2600
Tadepalligudem,2009-08-29,2600.0,2600,2600
Tadepalligudem,2009-09-02,2500.0,2500,2500
Tadepalligudem,2009-09-05,2600.0,2600,2600
Tadepalligudem,2009-09-06,2600.0,2600,2600
Tadepalligudem,2009-09-08,2600.0,2600,2600
Tadepalligudem,2009-09-12,2600.0,2600,2600
Tadepalligudem,2009-09-14,2600.0,2600,2600
Tadepalligudem,2009-09-15,2600.0,2600,2600
Tadepalligudem,2009-09-16,2600.0,2600,2600
Tadepalligudem,2009-09-17,2600.0,2600,2600
Tadepalligudem,2009-09-18,2600.0,2600,2600
Tadepalligudem,2009-09-21,2600.0,2600,2600
Tadepalligudem,2009-09-22,2600.0,2600,2600
Tadepalligudem,2009-09-23,2600.0,2600,2600
Tadepalligudem,2009-09-30,2600.0,2600,2600
Tadepalligudem,2009-10-01,2600.0,2600,2600
Tadepalligudem,2009-10-03,2600.0,2600,2600
Tadepalligudem,2009-10-04,2600.0,2600,2600
Tadepalligudem,2009-10-06,2600.0,2600,2600
Tadepalligudem,2009-10-08,2600.0,2600,2600
Tadepalligudem,2009-10-10,2600.0,2600,2600
Tadepalligudem,2009-10-11,2600.0,2600,2600
Tadepalligudem,2009-10-12,2600.0,2600,2600
Tadepalligudem,2009-10-15,2600.0,2600,2600
Tadepalligudem,2009-10-16,2600.0,2600,2600
Tadepalligudem,2009-10-17,2600.0,2600,2600
Tadepalligudem,2009-10-18,2600.0,2600,2600
Tadepalligudem,2009-10-19,2600.0,2600,2600
Tadepalligudem,2009-10-20,2600.0,2600,2600
Tadepalligudem,2009-10-21,2600.0,2600,2600
Tadepalligudem,2009-10-22,2600.0,2600,2600
Tadepalligudem,2009-10-23,2600.0,2600,2600
Tadepalligudem,2009-10-24,2600.0,2600,2600
Tadepalligudem,2009-10-25,2600.0,2600,2600
Tadepalligudem,2009-10-26,2600.0,2600,2600
Tadepalligudem,2009-10-27,2600.0,2600,2600
Tadepalligudem,2009-10-28,2600.0,2600,2600
Tadepalligudem,2009-10-29,2600.0,2600,2600
Tadepalligudem,2009-10-30,2600.0,2600,2600
Tadepalligudem,2009-10-31,2600.0,2600,2600
Tadepalligudem,2009-11-01,2600.0,2600,2600
Tadepalligudem,2009-11-02,2600.0,2600,2600
Tadepalligudem,2009-11-03,2600.0,2600,2600
Tadepalligudem,2009-11-04,2600.0,2600,2600
Tadepalligudem,2009-11-05,2600.0,2600,2600
Tadepalligudem,2009-11-06,2600.0,2600,2600
Tadepalligudem,2009-11-07,2600.0,2600,2600
Tadepalligudem,2009-11-08,2600.0,2600,2600
Tadepalligudem,2009-11-10,2600.0,2600,2600
Tadepalligudem,2009-11-11,2600.0,2600,2600
Tadepalligudem,2009-11-12,2600.0,2600,2600
Tadepalligudem,2009-11-13,2600.0,2600,2600
Tadepalligudem,2009-11-14,2600.0,2600,2600
Tadepalligudem,2009-11-17,2600.0,2600,2600
Tadepalligudem,2009-11-18,2700.0,2700,2700
Tadepalligudem,2009-11-19,2700.0,2700,2700
Tadepalligudem,2009-11-20,2700.0,2700,2700
Tadepalligudem,2009-11-21,2700.0,2700,2700
Tadepalligudem,2009-12-01,2700.0,2700,2700
Tadepalligudem,2009-12-02,2700.0,2700,2700
Tadepalligudem,2009-12-04,2700.0,2700,2700
Tadepalligudem,2009-12-05,2700.0,2700,2700
Tadepalligudem,2009-12-06,2700.0,2700,2700
Tadepalligudem,2009-12-07,2700.0,2700,2700
Tadepalligudem,2009-12-08,2700.0,2700,2700
Tadepalligudem,2009-12-10,2700.0,2700,2700
Tadepalligudem,2009-12-11,2700.0,2700,2700
Tadepalligudem,2009-12-16,2700.0,2700,2700
Tadepalligudem,2009-12-17,2700.0,2700,2700
Tadepalligudem,2010-01-02,2700.0,2700,2700
Tadepalligudem,2010-01-04,2700.0,2700,2700
Tadepalligudem,2010-01-05,2700.0,2700,2700
Tadepalligudem,2010-01-06,2700.0,2700,2700
Tadepalligudem,2010-01-07,2700.0,2700,2700
Tadepalligudem,2010-01-08,2700.0,2700,2700
Tadepalligudem,2010-01-09,2700.0,2700,2700
Tadepalligudem,2010-01-12,2700.0,2700,2700
Tadepalligudem,2010-01-13,2600.0,2500,2700
Tadepalligudem,2010-01-14,2500.0,2500,2500
Tadepalligudem,2010-01-15,2500.0,2500,2500
Tadepalligudem,2010-01-16,2500.0,2500,2500
Tadepalligudem,2010-01-18,2500.0,2500,2500
Tadepalligudem,2010-01-19,2500.0,2500,2500
Tadepalligudem,2010-01-23,2600.0,2600,2600
Tadepalligudem,2010-01-24,2500.0,2500,2500
Tadepalligudem,2010-01-25,2600.0,2600,2600
Tadepalligudem,2010-01-27,2600.0,2600,2600
Tadepalligudem,2010-01-28,2600.0,2600,2600
Tadepalligudem,2010-02-20,2800.0,2800,2800
Tadepalligudem,2010-03-27,2300.0,2300,2300
Tadepalligudem,2010-03-28,2300.0,2300,2300
Tadepalligudem,2010-03-30,2300.0,2300,2300
Tadepalligudem,2010-03-31,2300.0,2300,2300
Tadepalligudem,2010-04-01,2300.0,2300,2300
Tadepalligudem,2010-04-03,2300.0,2300,2300
Tadepalligudem,2010-04-04,2300.0,2300,2300
Tadepalligudem,2010-04-06,2300.0,2300,2300
Tadepalligudem,2010-04-07,2350.0,2350,2350
Tadepalligudem,2010-04-08,2300.0,2300,2300
Tadepalligudem,2010-04-11,2400.0,2400,2400
Tadepalligudem,2010-04-12,2400.0,2400,2400
Tadepalligudem,2010-04-17,2400.0,2400,2400
Tadepalligudem,2010-04-18,2400.0,2400,2400
Tadepalligudem,2010-04-19,2400.0,2400,2400
Tadepalligudem,2010-04-20,2400.0,2400,2400
Tadepalligudem,2010-04-21,2400.0,2400,2400
Tadepalligudem,2010-04-22,2400.0,2400,2400
Tadepalligudem,2010-04-24,2400.0,2400,2400
Tadepalligudem,2010-04-25,2400.0,2400,2400
Tadepalligudem,2010-04-28,2400.0,2400,2400
Tadepalligudem,2010-04-29,2400.0,2400,2400
Tadepalligudem,2010-05-01,2400.0,2400,2400
Tadepalligudem,2010-05-02,2400.0,2400,2400
Tadepalligudem,2010-05-03,2400.0,2400,2400
Tadepalligudem,2010-05-04,2400.0,2400,2400
Tadepalligudem,2010-05-05,2400.0,2400,2400
Tadepalligudem,2010-05-06,2400.0,2400,2400
Tadepalligudem,2010-05-07,2400.0,2400,2400
Tadepalligudem,2010-05-08,2400.0,2400,2400
Tadepalligudem,2010-05-09,2400.0,2400,2400
Tadepalligudem,2010-05-10,2400.0,2400,2400
Tadepalligudem,2010-05-11,2400.0,2400,2400
Tadepalligudem,2010-05-12,2400.0,2400,2400
Tadepalligudem,2010-05-13,2400.0,2400,2400
Tadepalligudem,2010-05-14,2400.0,2400,2400
Tadepalligudem,2010-05-15,2400.0,2400,2400
Tadepalligudem,2010-05-16,2400.0,2400,2400
Tadepalligudem,2010-05-17,2400.0,2400,2400
Tadepalligudem,2010-05-18,2400.0,2400,2400
Tadepalligudem,2010-05-19,2400.0,2400,2400
Tadepalligudem,2010-05-20,2400.0,2400,2400
Tadepalligudem,2010-05-21,2400.0,2400,2400
Tadepalligudem,2010-05-22,2400.0,2400,2400
Tadepalligudem,2010-05-23,2400.0,2400,2400
Tadepalligudem,2010-05-24,2400.0,2400,2400
Tadepalligudem,2010-05-26,2400.0,2400,2400
Tadepalligudem,2010-05-27,2400.0,2400,2400
Tadepalligudem,2010-06-01,2400.0,2400,2400
Tadepalligudem,2010-06-02,2400.0,2400,2400
Tadepalligudem,2010-06-03,2400.0,2400,2400
Tadepalligudem,2010-06-05,2400.0,2400,2400
Tadepalligudem,2010-06-06,2400.0,2400,2400
Tadepalligudem,2010-06-07,2400.0,2400,2400
Tadepalligudem,2010-06-08,2400.0,2400,2400
Tadepalligudem,2010-06-09,2500.0,2500,2500
Tadepalligudem,2010-06-11,2500.0,2500,2500
Tadepalligudem,2010-06-13,2500.0,2500,2500
Tadepalligudem,2010-06-14,2500.0,2500,2500
Tadepalligudem,2010-06-16,2500.0,2500,2500
Tadepalligudem,2010-06-17,2500.0,2500,2500
Tadepalligudem,2010-06-23,2500.0,2500,2500
Tadepalligudem,2010-06-24,2500.0,2500,2500
Tadepalligudem,2010-06-27,2500.0,2500,2500
Tadepalligudem,2010-06-30,2600.0,2600,2600
Tadepalligudem,2010-07-04,2600.0,2600,2600
Tadepalligudem,2010-07-05,2600.0,2600,2600
Tadepalligudem,2010-07-06,2600.0,2600,2600
Tadepalligudem,2010-07-07,2600.0,2600,2600
Tadepalligudem,2010-07-12,2600.0,2600,2600
Tadepalligudem,2010-07-13,2600.0,2600,2600
Tadepalligudem,2010-07-14,2600.0,2600,2600
Tadepalligudem,2010-07-15,2600.0,2600,2600
Tadepalligudem,2010-07-17,2600.0,2600,2600
Tadepalligudem,2010-07-18,2600.0,2600,2600
Tadepalligudem,2010-07-19,2600.0,2600,2600
Tadepalligudem,2010-07-20,2600.0,2600,2600
Tadepalligudem,2010-07-21,2600.0,2600,2600
Tadepalligudem,2010-07-22,2600.0,2600,2600
Tadepalligudem,2010-07-24,2600.0,2600,2600
Tadepalligudem,2010-07-25,2600.0,2600,2600
Tadepalligudem,2010-07-26,2600.0,2600,2600
Tadepalligudem,2010-07-27,2600.0,2600,2600
Tadepalligudem,2010-07-28,2600.0,2600,2600
Tadepalligudem,2010-07-29,2600.0,2600,2600
Tadepalligudem,2010-07-31,2600.0,2600,2600
Tadepalligudem,2010-08-01,2600.0,2600,2600
Tadepalligudem,2010-08-02,2600.0,2600,2600
Tadepalligudem,2010-08-03,2600.0,2600,2600
Tadepalligudem,2010-08-04,2600.0,2600,2600
Tadepalligudem,2010-08-05,2600.0,2600,2600
Tadepalligudem,2010-08-07,2600.0,2600,2600
Tadepalligudem,2010-08-08,2600.0,2600,2600
Tadepalligudem,2010-08-09,2600.0,2600,2600
Tadepalligudem,2010-08-10,2600.0,2600,2600
Tadepalligudem,2010-08-11,2600.0,2600,2600
Tadepalligudem,2010-08-12,2600.0,2600,2600
Tadepalligudem,2010-08-13,2600.0,2600,2600
Tadepalligudem,2010-08-14,2600.0,2600,2600
Tadepalligudem,2010-08-15,2600.0,2600,2600
Tadepalligudem,2010-08-16,2600.0,2600,2600
Tadepalligudem,2010-08-17,2600.0,2600,2600
Tadepalligudem,2010-08-18,2600.0,2600,2600
Tadepalligudem,2010-08-19,2600.0,2600,2600
Tadepalligudem,2010-08-20,2600.0,2600,2600
Tadepalligudem,2010-08-21,2600.0,2600,2600
Tadepalligudem,2010-08-22,2600.0,2600,2600
Tadepalligudem,2010-08-23,2600.0,2600,2600
Tadepalligudem,2010-08-24,2600.0,2600,2600
Tadepalligudem,2010-08-25,2600.0,2600,2600
Tadepalligudem,2010-08-26,2600.0,2600,2600
Tadepalligudem,2010-08-27,2600.0,2600,2600
Tadepalligudem,2010-08-28,2600.0,2600,2600
Tadepalligudem,2010-08-29,2600.0,2600,2600
Tadepalligudem,2010-08-30,2600.0,2600,2600
Tadepalligudem,2010-08-31,2600.0,2600,2600
Tadepalligudem,2010-09-01,2600.0,2600,2600
Tadepalligudem,2010-09-02,2600.0,2600,2600
Tadepalligudem,2010-09-03,2600.0,2600,2600
Tadepalligudem,2010-09-04,2600.0,2600,2600
Tadepalligudem,2010-09-05,2600.0,2600,2600
Tadepalligudem,2010-09-06,2600.0,2600,2600
Tadepalligudem,2010-09-07,2600.0,2600,2600
Tadepalligudem,2010-09-08,2600.0,2600,2600
Tadepalligudem,2010-09-09,2600.0,2600,2600
Tadepalligudem,2010-09-10,2600.0,2600,2600
Tadepalligudem,2010-09-11,2600.0,2600,2600
Tadepalligudem,2010-09-12,1110.0,1100,1120
Tadepalligudem,2010-09-13,2600.0,2600,2600
Tadepalligudem,2010-09-14,2600.0,2600,2600
Tadepalligudem,2010-09-15,2600.0,2600,2600
Tadepalligudem,2010-09-16,2600.0,2600,2600
Tadepalligudem,2010-09-17,2600.0,2600,2600
Tadepalligudem,2010-09-18,2600.0,2600,2600
Tadepalligudem,2010-09-19,2600.0,2600,2600
Tadepalligudem,2010-09-20,1090.0,1080,1106
Tadepalligudem,2010-09-21,2600.0,2600,2600
Tadepalligudem,2010-09-22,2600.0,2600,2600
Tadepalligudem,2010-09-23,2600.0,2600,2600
Tadepalligudem,2010-09-24,2600.0,2600,2600
Tadepalligudem,2010-09-25,2600.0,2600,2600
Tadepalligudem,2010-09-26,2600.0,2600,2600
Tadepalligudem,2010-09-27,2600.0,2600,2600
Tadepalligudem,2010-09-28,2600.0,2600,2600
Tadepalligudem,2010-09-29,2600.0,2600,2600
Tadepalligudem,2010-09-30,2600.0,2600,2600
Tadepalligudem,2010-10-01,2400.0,2400,2400
Tadepalligudem,2010-10-02,2400.0,2400,2400
Tadepalligudem,2010-10-03,2400.0,2400,2400
Tadepalligudem,2010-10-04,2400.0,2400,2400
Tadepalligudem,2010-10-05,2400.0,2400,2400
Tadepalligudem,2010-10-06,2400.0,2400,2400
Tadepalligudem,2010-10-07,2400.0,2400,2400
Tadepalligudem,2010-10-08,2400.0,2400,2400
Tadepalligudem,2010-10-09,2400.0,2400,2400
Tadepalligudem,2010-10-10,2400.0,2400,2400
Tadepalligudem,2010-10-11,2400.0,2400,2400
Tadepalligudem,2010-10-12,2400.0,2400,2400
Tadepalligudem,2010-10-13,2400.0,2400,2400
Tadepalligudem,2010-10-14,2400.0,2400,2400
Tadepalligudem,2010-10-15,2400.0,2400,2400
Tadepalligudem,2010-10-16,2400.0,2400,2400
Tadepalligudem,2010-10-17,2400.0,2400,2400
Tadepalligudem,2010-10-18,2400.0,2400,2400
Tadepalligudem,2010-10-19,2400.0,2400,2400
Tadepalligudem,2010-10-20,2400.0,2400,2400
Tadepalligudem,2010-10-21,2400.0,2400,2400
Tadepalligudem,2010-10-22,2400.0,2400,2400
Tadepalligudem,2010-10-23,2400.0,2400,2400
Tadepalligudem,2010-10-24,2400.0,2400,2400
Tadepalligudem,2010-10-25,2400.0,2400,2400
Tadepalligudem,2010-10-26,2400.0,2400,2400
Tadepalligudem,2010-10-27,2400.0,2400,2400
Tadepalligudem,2010-10-28,2400.0,2400,2400
Tadepalligudem,2010-10-29,2400.0,2400,2400
Tadepalligudem,2010-10-30,2400.0,2400,2400
Tadepalligudem,2010-10-31,2400.0,2400,2400
Tadepalligudem,2010-11-01,2400.0,2400,2400
Tadepalligudem,2010-11-02,2400.0,2400,2400
Tadepalligudem,2010-11-03,2400.0,2400,2400
Tadepalligudem,2010-11-04,2400.0,2400,2400
Tadepalligudem,2010-11-05,2400.0,2400,2400
Tadepalligudem,2010-11-06,2300.0,2300,2300
Tadepalligudem,2010-11-07,2300.0,2300,2300
Tadepalligudem,2010-11-08,2300.0,2300,2300
Tadepalligudem,2010-11-09,2300.0,2300,2300
Tadepalligudem,2010-11-10,2300.0,2300,2300
Tadepalligudem,2010-11-11,2300.0,2300,2300
Tadepalligudem,2010-11-12,2300.0,2300,2300
Tadepalligudem,2010-11-13,2300.0,2300,2300
Tadepalligudem,2010-11-14,2300.0,2300,2300
Tadepalligudem,2010-11-15,2300.0,2300,2300
Tadepalligudem,2010-11-16,2300.0,2300,2300
Tadepalligudem,2010-11-17,2300.0,2300,2300
Tadepalligudem,2010-11-19,2300.0,2300,2300
Tadepalligudem,2010-11-20,2300.0,2300,2300
Tadepalligudem,2010-11-21,2300.0,2300,2300
Tadepalligudem,2010-11-22,2300.0,2300,2300
Tadepalligudem,2010-11-23,2300.0,2300,2300
Tadepalligudem,2010-11-24,2300.0,2300,2300
Tadepalligudem,2010-11-25,2300.0,2300,2300
Tadepalligudem,2010-11-26,2300.0,2300,2300
Tadepalligudem,2010-11-27,2300.0,2300,2300
Tadepalligudem,2010-11-28,2300.0,2300,2300
Tadepalligudem,2010-11-29,2300.0,2300,2300
Tadepalligudem,2010-11-30,2300.0,2300,2300
Tadepalligudem,2010-12-01,2300.0,2300,2300
Tadepalligudem,2010-12-02,2300.0,2300,2300
Tadepalligudem,2010-12-03,2300.0,2300,2300
Tadepalligudem,2010-12-04,2300.0,2300,2300
Tadepalligudem,2010-12-05,2300.0,2300,2300
Tadepalligudem,2010-12-06,2300.0,2300,2300
Tadepalligudem,2010-12-07,2300.0,2300,2300
Tadepalligudem,2010-12-08,2300.0,2300,2300
Tadepalligudem,2010-12-09,2300.0,2300,2300
Tadepalligudem,2010-12-10,2300.0,2300,2300
Tadepalligudem,2010-12-11,2300.0,2300,2300
Tadepalligudem,2010-12-12,2300.0,2300,2300
Tadepalligudem,2010-12-13,2300.0,2300,2300
Tadepalligudem,2010-12-14,2300.0,2300,2300
Tadepalligudem,2010-12-15,2400.0,2400,2400
Tadepalligudem,2010-12-16,2400.0,2400,2400
Tadepalligudem,2010-12-17,2400.0,2400,2400
Tadepalligudem,2010-12-18,2400.0,2400,2400
Tadepalligudem,2010-12-19,2400.0,2400,2400
Tadepalligudem,2010-12-20,2400.0,2400,2400
Tadepalligudem,2010-12-21,2400.0,2400,2400
Tadepalligudem,2010-12-22,2400.0,2400,2400
Tadepalligudem,2010-12-23,2400.0,2400,2400
Tadepalligudem,2010-12-24,2400.0,2400,2400
Tadepalligudem,2010-12-25,2400.0,2400,2400
Tadepalligudem,2010-12-26,2400.0,2400,2400
Tadepalligudem,2010-12-27,2400.0,2400,2400
Tadepalligudem,2010-12-28,2400.0,2400,2400
Tadepalligudem,2010-12-29,2400.0,2400,2400
Tadepalligudem,2010-12-30,2400.0,2400,2400
Tadepalligudem,2010-12-31,2400.0,2400,2400
Tadepalligudem,2011-01-01,2400.0,2400,2400
Tadepalligudem,2011-01-02,2400.0,2400,2400
Tadepalligudem,2011-01-03,2400.0,2400,2400
Tadepalligudem,2011-01-04,2400.0,2400,2400
Tadepalligudem,2011-01-05,2400.0,2400,2400
Tadepalligudem,2011-01-06,2400.0,2400,2400
Tadepalligudem,2011-01-07,2400.0,2400,2400
Tadepalligudem,2011-01-08,2400.0,2400,2400
Tadepalligudem,2011-01-09,2400.0,2400,2400
Tadepalligudem,2011-01-10,2400.0,2400,2400
Tadepalligudem,2011-01-11,2400.0,2400,2400
Tadepalligudem,2011-01-12,2400.0,2400,2400
Tadepalligudem,2011-01-13,2400.0,2400,2400
Tadepalligudem,2011-01-14,2400.0,2400,2400
Tadepalligudem,2011-01-15,2400.0,2400,2400
Tadepalligudem,2011-01-16,2400.0,2400,2400
Tadepalligudem,2011-01-17,2400.0,2400,2400
Tadepalligudem,2011-01-18,2400.0,2400,2400
Tadepalligudem,2011-01-19,2400.0,2400,2400
Tadepalligudem,2011-01-20,2400.0,2400,2400
Tadepalligudem,2011-01-21,2400.0,2400,2400
Tadepalligudem,2011-01-22,2400.0,2400,2400
Tadepalligudem,2011-01-23,2400.0,2400,2400
Tadepalligudem,2011-01-24,2400.0,2400,2400
Tadepalligudem,2011-01-25,2400.0,2400,2400
Tadepalligudem,2011-01-26,2400.0,2400,2400
Tadepalligudem,2011-01-27,2400.0,2400,2400
Tadepalligudem,2011-01-28,2400.0,2400,2400
Tadepalligudem,2011-01-29,2400.0,2400,2400
Tadepalligudem,2011-01-30,2400.0,2400,2400
Tadepalligudem,2011-01-31,2400.0,2400,2400
Tadepalligudem,2011-02-01,2400.0,2400,2400
Tadepalligudem,2011-02-02,2400.0,2400,2400
Tadepalligudem,2011-02-03,2400.0,2400,2400
Tadepalligudem,2011-02-04,2400.0,2400,2400
Tadepalligudem,2011-02-05,2400.0,2400,2400
Tadepalligudem,2011-02-06,2400.0,2400,2400
Tadepalligudem,2011-02-07,2400.0,2400,2400
Tadepalligudem,2011-02-08,2400.0,2400,2400
Tadepalligudem,2011-02-09,2400.0,2400,2400
Tadepalligudem,2011-02-10,2400.0,2400,2400
Tadepalligudem,2011-02-11,2400.0,2400,2400
Tadepalligudem,2011-02-12,2400.0,2400,2400
Tadepalligudem,2011-02-13,2400.0,2400,2400
Tadepalligudem,2011-02-14,2400.0,2400,2400
Tadepalligudem,2011-02-15,2400.0,2400,2400
Tadepalligudem,2011-02-16,2400.0,2400,2400
Tadepalligudem,2011-02-17,2400.0,2400,2400
Tadepalligudem,2011-02-18,2400.0,2400,2400
Tadepalligudem,2011-02-19,1030.0,1020,1040
Tadepalligudem,2011-02-20,2400.0,2400,2400
Tadepalligudem,2011-02-21,2400.0,2400,2400
Tadepalligudem,2011-02-22,2400.0,2400,2400
Tadepalligudem,2011-02-23,2400.0,2400,2400
Tadepalligudem,2011-02-24,2400.0,2400,2400
Tadepalligudem,2011-02-25,2400.0,2400,2400
Tadepalligudem,2011-02-26,2400.0,2400,2400
Tadepalligudem,2011-02-27,2400.0,2400,2400
Tadepalligudem,2011-02-28,2400.0,2400,2400
Tadepalligudem,2011-03-01,2400.0,2400,2400
Tadepalligudem,2011-03-02,2400.0,2400,2400
Tadepalligudem,2011-03-03,2400.0,2400,2400
Tadepalligudem,2011-03-04,2400.0,2400,2400
Tadepalligudem,2011-03-05,2400.0,2400,2400
Tadepalligudem,2011-03-06,2400.0,2400,2400
Tadepalligudem,2011-03-07,2400.0,2400,2400
Tadepalligudem,2011-03-08,2400.0,2400,2400
Tadepalligudem,2011-03-09,2400.0,2400,2400
Tadepalligudem,2011-03-10,2400.0,2400,2400
Tadepalligudem,2011-03-11,2400.0,2400,2400
Tadepalligudem,2011-03-12,2400.0,2400,2400
Tadepalligudem,2011-03-13,2400.0,2400,2400
Tadepalligudem,2011-03-14,2400.0,2400,2400
Tadepalligudem,2011-03-15,2400.0,2400,2400
Tadepalligudem,2011-03-16,2400.0,2400,2400
Tadepalligudem,2011-03-17,2400.0,2400,2400
Tadepalligudem,2011-03-18,2400.0,2400,2400
Tadepalligudem,2011-03-19,2400.0,2400,2400
Tadepalligudem,2011-03-20,2400.0,2400,2400
Tadepalligudem,2011-03-21,2400.0,2400,2400
Tadepalligudem,2011-03-22,2400.0,2400,2400
Tadepalligudem,2011-03-23,2400.0,2400,2400
Tadepalligudem,2011-03-24,2400.0,2400,2400
Tadepalligudem,2011-03-25,2400.0,2400,2400
Tadepalligudem,2011-03-26,2400.0,2400,2400
Tadepalligudem,2011-03-27,2400.0,2400,2400
Tadepalligudem,2011-03-28,2400.0,2400,2400
Tadepalligudem,2011-03-29,2400.0,2400,2400
Tadepalligudem,2011-03-30,2400.0,2400,2400
Tadepalligudem,2011-03-31,2400.0,2400,2400
Tadepalligudem,2011-04-01,2400.0,2400,2400
Tadepalligudem,2011-04-02,2400.0,2400,2400
Tadepalligudem,2011-04-03,2400.0,2400,2400
Tadepalligudem,2011-04-04,2400.0,2400,2400
Tadepalligudem,2011-04-05,2400.0,2400,2400
Tadepalligudem,2011-04-06,2400.0,2400,2400
Tadepalligudem,2011-04-07,2400.0,2400,2400
Tadepalligudem,2011-04-08,2400.0,2400,2400
Tadepalligudem,2011-04-09,2400.0,2400,2400
Tadepalligudem,2011-04-10,2400.0,2400,2400
Tadepalligudem,2011-04-11,2400.0,2400,2400
Tadepalligudem,2011-04-12,2400.0,2400,2400
Tadepalligudem,2011-04-13,2400.0,2400,2400
Tadepalligudem,2011-04-14,2400.0,2400,2400
Tadepalligudem,2011-04-15,2400.0,2400,2400
Tadepalligudem,2011-04-16,2400.0,2400,2400
Tadepalligudem,2011-04-17,2400.0,2400,2400
Tadepalligudem,2011-04-18,2400.0,2400,2400
Tadepalligudem,2011-04-19,2400.0,2400,2400
Tadepalligudem,2011-04-20,2400.0,2400,2400
Tadepalligudem,2011-04-21,2400.0,2400,2400
Tadepalligudem,2011-04-22,2400.0,2400,2400
Tadepalligudem,2011-04-23,2400.0,2400,2400
Tadepalligudem,2011-04-24,2400.0,2400,2400
Tadepalligudem,2011-04-25,2400.0,2400,2400
Tadepalligudem,2011-04-26,2400.0,2400,2400
Tadepalligudem,2011-04-27,2400.0,2400,2400
Tadepalligudem,2011-04-28,2400.0,2400,2400
Tadepalligudem,2011-04-29,2400.0,2400,2400
Tadepalligudem,2011-04-30,2400.0,2400,2400
Tadepalligudem,2011-05-01,2400.0,2400,2400
Tadepalligudem,2011-05-02,2400.0,2400,2400
Tadepalligudem,2011-05-03,2400.0,2400,2400
Tadepalligudem,2011-05-04,2400.0,2400,2400
Tadepalligudem,2011-05-05,2400.0,2400,2400
Tadepalligudem,2011-05-06,2400.0,2400,2400
Tadepalligudem,2011-05-07,2400.0,2400,2400
Tadepalligudem,2011-05-08,2400.0,2400,2400
Tadepalligudem,2011-05-09,2400.0,2400,2400
Tadepalligudem,2011-05-10,2400.0,2400,2400
Tadepalligudem,2011-05-11,2400.0,2400,2400
Tadepalligudem,2011-05-12,2400.0,2400,2400
Tadepalligudem,2011-05-13,2400.0,2400,2400
Tadepalligudem,2011-05-14,2400.0,2400,2400
Tadepalligudem,2011-05-15,2400.0,2400,2400
Tadepalligudem,2011-05-16,2400.0,2400,2400
Tadepalligudem,2011-05-17,2400.0,2400,2400
Tadepalligudem,2011-05-18,2400.0,2400,2400
Tadepalligudem,2011-05-19,2400.0,2400,2400
Tadepalligudem,2011-05-20,2400.0,2400,2400
Tadepalligudem,2011-05-21,2400.0,2400,2400
Tadepalligudem,2011-05-22,2400.0,0,2400
Tadepalligudem,2011-05-23,2400.0,2400,2400
Tadepalligudem,2011-05-24,2400.0,2400,2400
Tadepalligudem,2011-05-25,2400.0,2400,2400
Tadepalligudem,2011-05-26,2400.0,2400,2400
Tadepalligudem,2011-05-27,2400.0,2400,2400
Tadepalligudem,2011-05-28,2400.0,2400,2400
Tadepalligudem,2011-05-29,2400.0,2400,2400
Tadepalligudem,2011-05-30,2400.0,2400,2400
Tadepalligudem,2011-05-31,2400.0,2400,2400
Tadepalligudem,2011-06-01,2400.0,2400,2400
Tadepalligudem,2011-06-02,2400.0,2400,2400
Tadepalligudem,2011-06-03,2400.0,2400,2400
Tadepalligudem,2011-06-04,2400.0,2400,2400
Tadepalligudem,2011-06-05,2400.0,2400,2400
Tadepalligudem,2011-06-06,2400.0,2400,2400
Tadepalligudem,2011-06-07,2400.0,2400,2400
Tadepalligudem,2011-06-08,2400.0,2400,2400
Tadepalligudem,2011-06-09,2500.0,2500,2500
Tadepalligudem,2011-06-10,2500.0,2500,2500
Tadepalligudem,2011-06-11,2500.0,2500,2500
Tadepalligudem,2011-06-12,2500.0,2500,2500
Tadepalligudem,2011-06-13,2500.0,2500,2500
Tadepalligudem,2011-06-14,2500.0,2500,2500
Tadepalligudem,2011-06-15,2500.0,2500,2500
Tadepalligudem,2011-06-16,2500.0,2500,2500
Tadepalligudem,2011-06-17,2500.0,2500,2500
Tadepalligudem,2011-06-18,2500.0,2500,2500
Tadepalligudem,2011-06-19,2500.0,2500,2500
Tadepalligudem,2011-06-20,2500.0,2500,2500
Tadepalligudem,2011-06-21,2500.0,2500,2500
Tadepalligudem,2011-06-22,2500.0,2500,2500
Tadepalligudem,2011-06-23,2500.0,2500,2500
Tadepalligudem,2011-06-24,2500.0,2500,2500
Tadepalligudem,2011-06-25,2500.0,2500,2500
Tadepalligudem,2011-06-26,2500.0,2500,2500
Tadepalligudem,2011-06-27,2500.0,2500,2500
Tadepalligudem,2011-06-28,2500.0,2500,2500
Tadepalligudem,2011-06-29,2500.0,2500,2500
Tadepalligudem,2011-06-30,2500.0,2500,2500
Tadepalligudem,2011-07-01,2500.0,2500,2500
Tadepalligudem,2011-07-02,2500.0,2500,2500
Tadepalligudem,2011-07-03,2500.0,2500,2500
Tadepalligudem,2011-07-04,2500.0,2500,2500
Tadepalligudem,2011-07-05,2500.0,2500,2500
Tadepalligudem,2011-07-06,2500.0,2500,2500
Tadepalligudem,2011-07-07,2500.0,2500,2500
Tadepalligudem,2011-07-08,2500.0,2500,2500
Tadepalligudem,2011-07-09,2500.0,2500,2500
Tadepalligudem,2011-07-10,2500.0,2500,2500
Tadepalligudem,2011-07-11,2500.0,2500,2500
Tadepalligudem,2011-07-12,2500.0,2500,2500
Tadepalligudem,2011-07-13,2500.0,2500,2500
Tadepalligudem,2011-07-14,2500.0,2500,2500
Tadepalligudem,2011-07-15,2500.0,2500,2500
Tadepalligudem,2011-07-16,2500.0,2500,2500
Tadepalligudem,2011-07-17,2500.0,2500,2500
Tadepalligudem,2011-07-18,2500.0,2500,2500
Tadepalligudem,2011-07-19,2500.0,2500,2500
Tadepalligudem,2011-07-20,2500.0,2500,2500
Tadepalligudem,2011-07-21,2500.0,2500,2500
Tadepalligudem,2011-07-22,2500.0,2500,2500
Tadepalligudem,2011-07-23,2500.0,2500,2500
Tadepalligudem,2011-07-24,2500.0,2500,2500
Tadepalligudem,2011-07-25,2500.0,2500,2500
Tadepalligudem,2011-07-26,2500.0,2500,2500
Tadepalligudem,2011-07-27,2500.0,2500,2500
Tadepalligudem,2011-07-28,2500.0,2500,2500
Tadepalligudem,2011-07-29,2500.0,2500,2500
Tadepalligudem,2011-07-30,2500.0,2500,2500
Tadepalligudem,2011-07-31,2500.0,2500,2500
Tadepalligudem,2011-08-01,2500.0,2500,2500
Tadepalligudem,2011-08-02,2500.0,2500,2500
Tadepalligudem,2011-08-03,2500.0,2500,2500
Tadepalligudem,2011-08-04,2500.0,2500,2500
Tadepalligudem,2011-08-05,2500.0,2500,2500
Tadepalligudem,2011-08-06,2500.0,2500,2500
Tadepalligudem,2011-08-07,2500.0,2500,2500
Tadepalligudem,2011-08-08,2500.0,2500,2500
Tadepalligudem,2011-08-09,2500.0,2500,2500
Tadepalligudem,2011-08-10,2500.0,2500,2500
Tadepalligudem,2011-08-11,2500.0,2500,2500
Tadepalligudem,2011-08-12,2500.0,2500,2500
Tadepalligudem,2011-08-13,2500.0,2500,2500
Tadepalligudem,2011-08-14,2500.0,2500,2500
Tadepalligudem,2011-08-15,2500.0,2500,2500
Tadepalligudem,2011-08-16,2500.0,2500,2500
Tadepalligudem,2011-08-17,2500.0,2500,2500
Tadepalligudem,2011-08-18,2500.0,2500,2500
Tadepalligudem,2011-08-19,2500.0,2500,2500
Tadepalligudem,2011-08-20,2500.0,2500,2500
Tadepalligudem,2011-08-21,2500.0,2500,2500
Tadepalligudem,2011-08-22,2500.0,2500,2500
Tadepalligudem,2011-08-23,2500.0,2500,2500
Tadepalligudem,2011-08-24,2500.0,2500,2500
Tadepalligudem,2011-08-25,2500.0,2500,2500
Tadepalligudem,2011-08-26,2500.0,2500,2500
Tadepalligudem,2011-08-27,2500.0,2500,2500
Tadepalligudem,2011-08-31,2500.0,2500,2500
Tadepalligudem,2011-09-01,2500.0,2500,2500
Tadepalligudem,2011-09-02,2500.0,2500,2500
Tadepalligudem,2011-09-03,2500.0,2500,2500
Tadepalligudem,2011-09-04,2500.0,2500,2500
Tadepalligudem,2011-09-05,2500.0,2500,2500
Tadepalligudem,2011-09-06,2500.0,2500,2500
Tadepalligudem,2011-09-07,2500.0,2500,2500
Tadepalligudem,2011-09-08,2500.0,2500,2500
Tadepalligudem,2011-09-09,2500.0,2500,2500
Tadepalligudem,2011-09-10,2500.0,2500,2500
Tadepalligudem,2011-09-11,2500.0,2500,2500
Tadepalligudem,2011-09-12,2500.0,2500,2500
Tadepalligudem,2011-09-13,2500.0,2500,2500
Tadepalligudem,2011-09-14,2700.0,2700,2700
Tadepalligudem,2011-09-15,2600.0,2600,2600
Tadepalligudem,2011-09-16,2600.0,2600,2600
Tadepalligudem,2011-09-17,2600.0,2600,2600
Tadepalligudem,2011-09-18,2600.0,2600,2600
Tadepalligudem,2011-09-19,2600.0,2600,2600
Tadepalligudem,2011-09-20,2600.0,2600,2600
Tadepalligudem,2011-09-21,2600.0,2600,2600
Tadepalligudem,2011-09-22,2600.0,2600,2600
Tadepalligudem,2011-09-23,2600.0,2600,2600
Tadepalligudem,2011-09-24,2600.0,2600,2600
Tadepalligudem,2011-09-25,2600.0,2600,2600
Tadepalligudem,2011-09-26,2600.0,2600,2600
Tadepalligudem,2011-09-27,2600.0,2600,2600
Tadepalligudem,2011-09-28,2600.0,2600,2600
Tadepalligudem,2011-09-29,2600.0,2600,2600
Tadepalligudem,2011-09-30,2600.0,2600,2600
Tadepalligudem,2011-10-01,2600.0,2600,2600
Tadepalligudem,2011-10-02,2600.0,2600,2600
Tadepalligudem,2011-10-03,2600.0,2600,2600
Tadepalligudem,2011-10-04,2600.0,2600,2600
Tadepalligudem,2011-10-05,2600.0,2600,2600
Tadepalligudem,2011-10-06,2600.0,2600,2600
Tadepalligudem,2011-10-07,2600.0,2600,2600
Tadepalligudem,2011-10-08,2600.0,2600,2600
Tadepalligudem,2011-10-09,2600.0,2600,2600
Tadepalligudem,2011-10-10,2600.0,2600,2600
Tadepalligudem,2011-10-11,2600.0,2600,2600
Tadepalligudem,2011-10-12,2600.0,2600,2600
Tadepalligudem,2011-10-13,2600.0,2600,2600
Tadepalligudem,2011-10-14,2600.0,2600,2600
Tadepalligudem,2011-10-15,2600.0,2600,2600
Tadepalligudem,2011-10-16,2600.0,2600,2600
Tadepalligudem,2011-10-17,2600.0,2600,2600
Tadepalligudem,2011-10-18,2600.0,2600,2600
Tadepalligudem,2011-10-19,2600.0,2600,2600
Tadepalligudem,2011-10-20,2600.0,2600,2600
Tadepalligudem,2011-10-21,2600.0,2600,2600
Tadepalligudem,2011-10-22,2600.0,2600,2600
Tadepalligudem,2011-10-23,2600.0,2600,2600
Tadepalligudem,2011-10-24,2600.0,2600,2600
Tadepalligudem,2011-10-25,2600.0,2600,2600
Tadepalligudem,2011-10-26,2600.0,2600,2600
Tadepalligudem,2011-10-27,2600.0,2600,2600
Tadepalligudem,2011-10-28,2600.0,2600,2600
Tadepalligudem,2011-10-29,2600.0,2600,2600
Tadepalligudem,2011-10-30,2600.0,2600,2600
Tadepalligudem,2011-10-31,2600.0,2600,2600
Tadepalligudem,2011-11-01,2600.0,2600,2600
Tadepalligudem,2011-11-02,2600.0,2600,2600
Tadepalligudem,2011-11-03,2600.0,2600,2600
Tadepalligudem,2011-11-04,2600.0,2600,2600
Tadepalligudem,2011-11-05,2600.0,2600,2600
Tadepalligudem,2011-11-06,2600.0,2600,2600
Tadepalligudem,2011-11-07,2600.0,2600,2600
Tadepalligudem,2011-11-08,2600.0,2600,2600
Tadepalligudem,2011-11-09,2600.0,2600,2600
Tadepalligudem,2011-11-10,2600.0,2600,2600
Tadepalligudem,2011-11-11,2600.0,2600,2600
Tadepalligudem,2011-11-12,2600.0,2600,2600
Tadepalligudem,2011-11-13,2600.0,2600,2600
Tadepalligudem,2011-11-14,2600.0,2600,2600
Tadepalligudem,2011-11-15,2600.0,2600,2600
Tadepalligudem,2011-11-16,2600.0,2600,2600
Tadepalligudem,2011-11-17,2600.0,2600,2600
Tadepalligudem,2011-11-18,2600.0,2600,2600
Tadepalligudem,2011-11-19,2600.0,2600,2600
Tadepalligudem,2011-11-20,2600.0,2600,2600
Tadepalligudem,2011-11-21,2600.0,2600,2600
Tadepalligudem,2011-11-25,2600.0,2600,2600
Tadepalligudem,2011-11-26,2600.0,2600,2600
Tadepalligudem,2011-11-27,2600.0,2600,2600
Tadepalligudem,2011-11-28,2600.0,2600,2600
Tadepalligudem,2011-11-29,2600.0,2600,2600
Tadepalligudem,2011-12-01,2600.0,2600,2600
Tadepalligudem,2011-12-02,2600.0,2600,2600
Tadepalligudem,2011-12-03,2600.0,2600,2600
Tadepalligudem,2011-12-04,2600.0,2600,2600
Tadepalligudem,2011-12-05,2600.0,2600,2600
Tadepalligudem,2011-12-06,2600.0,2600,2600
Tadepalligudem,2011-12-07,2600.0,2600,2600
Tadepalligudem,2011-12-08,2600.0,2600,2600
Tadepalligudem,2011-12-09,2600.0,2600,2600
Tadepalligudem,2011-12-10,2600.0,2600,2600
Tadepalligudem,2011-12-11,2600.0,2600,2600
Tadepalligudem,2011-12-12,2600.0,2600,2600
Tadepalligudem,2011-12-13,2600.0,2600,2600
Tadepalligudem,2011-12-14,2600.0,2600,2600
Tadepalligudem,2011-12-15,2600.0,2600,2600
Tadepalligudem,2011-12-16,2600.0,2600,2600
Tadepalligudem,2011-12-17,2600.0,2600,2600
Tadepalligudem,2011-12-18,2600.0,2600,2600
Tadepalligudem,2011-12-19,2600.0,2600,2600
Tadepalligudem,2011-12-20,2600.0,2600,2600
Tadepalligudem,2011-12-21,2600.0,2600,2600
Tadepalligudem,2011-12-22,2600.0,2600,2600
Tadepalligudem,2011-12-23,2600.0,2600,2600
Tadepalligudem,2011-12-24,2600.0,2600,2600
Tadepalligudem,2011-12-25,2600.0,2600,2600
Tadepalligudem,2011-12-26,2600.0,2600,2600
Tadepalligudem,2011-12-27,2600.0,2600,2600
Tadepalligudem,2011-12-28,2600.0,2600,2600
Tadepalligudem,2011-12-29,2600.0,2600,2600
Tadepalligudem,2011-12-30,2600.0,2600,2600
Tadepalligudem,2011-12-31,2600.0,2600,2600
Tadepalligudem,2012-01-01,2600.0,2600,2600
Tadepalligudem,2012-01-02,2600.0,2600,2600
Tadepalligudem,2012-01-03,2600.0,2600,2600
Tadepalligudem,2012-01-04,2600.0,2600,2600
Tadepalligudem,2012-01-05,2600.0,2600,2600
Tadepalligudem,2012-01-06,2600.0,2600,2600
Tadepalligudem,2012-01-07,2600.0,2600,2600
Tadepalligudem,2012-01-08,2600.0,2600,2600
Tadepalligudem,2012-01-09,2600.0,2600,2600
Tadepalligudem,2012-01-10,2600.0,2600,2600
Tadepalligudem,2012-01-11,2600.0,2600,2600
Tadepalligudem,2012-01-12,2600.0,2600,2600
Tadepalligudem,2012-01-13,2600.0,2600,2600
Tadepalligudem,2012-01-14,2600.0,2600,2600
Tadepalligudem,2012-01-15,2600.0,2600,2600
Tadepalligudem,2012-01-16,2600.0,2600,2600
Tadepalligudem,2012-01-17,2600.0,2600,2600
Tadepalligudem,2012-01-18,2500.0,2500,2500
Tadepalligudem,2012-01-19,2500.0,2500,2500
Tadepalligudem,2012-01-20,2500.0,2500,2500
Tadepalligudem,2012-01-21,2500.0,2500,2500
Tadepalligudem,2012-01-22,2500.0,2500,2500
Tadepalligudem,2012-01-23,2500.0,2500,2500
Tadepalligudem,2012-01-24,2500.0,2500,2500
Tadepalligudem,2012-01-25,2500.0,2500,2500
Tadepalligudem,2012-01-26,2500.0,2500,2500
Tadepalligudem,2012-01-27,2500.0,2500,2500
Tadepalligudem,2012-01-28,2500.0,2500,2500
Tadepalligudem,2012-01-29,2500.0,2500,2500
Tadepalligudem,2012-01-30,2500.0,2500,2500
Tadepalligudem,2012-01-31,2500.0,2500,2500
Tadepalligudem,2012-02-01,2500.0,2500,2500
Tadepalligudem,2012-02-02,2500.0,2500,2500
Tadepalligudem,2012-02-03,2500.0,2500,2500
Tadepalligudem,2012-02-04,2500.0,2500,2500
Tadepalligudem,2012-02-05,2500.0,2500,2500
Tadepalligudem,2012-02-06,2500.0,2500,2500
Tadepalligudem,2012-02-07,2500.0,2500,2500
Tadepalligudem,2012-02-08,2500.0,2500,2500
Tadepalligudem,2012-02-09,2500.0,2500,2500
Tadepalligudem,2012-02-10,2500.0,2500,2500
Tadepalligudem,2012-02-11,2500.0,2500,2500
Tadepalligudem,2012-02-12,2500.0,2500,2500
Tadepalligudem,2012-02-13,2500.0,2500,2500
Tadepalligudem,2012-02-14,2500.0,2500,2500
Tadepalligudem,2012-02-15,2500.0,2500,2500
Tadepalligudem,2012-02-16,2500.0,2500,2500
Tadepalligudem,2012-02-17,2500.0,2500,2500
Tadepalligudem,2012-02-18,2500.0,2500,2500
Tadepalligudem,2012-02-19,2500.0,2500,2500
Tadepalligudem,2012-02-20,2500.0,2500,2500
Tadepalligudem,2012-02-21,2500.0,2500,2500
Tadepalligudem,2012-02-22,2500.0,2500,2500
Tadepalligudem,2012-02-23,2500.0,2500,2500
Tadepalligudem,2012-02-24,2500.0,2500,2500
Tadepalligudem,2012-02-25,2500.0,2500,2500
Tadepalligudem,2012-02-26,2500.0,2500,2500
Tadepalligudem,2012-02-27,2500.0,2500,2500
Tadepalligudem,2012-02-28,2500.0,2500,2500
Tadepalligudem,2012-02-29,2500.0,2500,2500
Tadepalligudem,2012-03-01,2500.0,2500,2500
Tadepalligudem,2012-03-02,2500.0,2500,2500
Tadepalligudem,2012-03-03,2500.0,2500,2500
Tadepalligudem,2012-03-04,2500.0,2500,2500
Tadepalligudem,2012-03-05,2500.0,2500,2500
Tadepalligudem,2012-03-06,2500.0,2500,2500
Tadepalligudem,2012-03-07,2500.0,2500,2500
Tadepalligudem,2012-03-08,2500.0,2500,2500
Tadepalligudem,2012-03-09,2500.0,2500,2500
Tadepalligudem,2012-03-10,2500.0,2500,2500
Tadepalligudem,2012-03-11,2500.0,2500,2500
Tadepalligudem,2012-03-12,2500.0,2500,2500
Tadepalligudem,2012-03-13,2500.0,2500,2500
Tadepalligudem,2012-03-14,2500.0,2500,2500
Tadepalligudem,2012-03-15,2500.0,2500,2500
Tadepalligudem,2012-03-16,2500.0,2500,2500
Tadepalligudem,2012-03-17,2500.0,2500,2500
Tadepalligudem,2012-03-18,2500.0,2500,2500
Tadepalligudem,2012-03-19,2500.0,2500,2500
Tadepalligudem,2012-03-20,2500.0,2500,2500
Tadepalligudem,2012-03-21,2500.0,2500,2500
Tadepalligudem,2012-03-22,2500.0,2500,2500
Tadepalligudem,2012-03-23,2500.0,2500,2500
Tadepalligudem,2012-03-24,2600.0,2600,2600
Tadepalligudem,2012-03-25,2600.0,2600,2600
Tadepalligudem,2012-03-26,2600.0,2600,2600
Tadepalligudem,2012-03-27,2600.0,2600,2600
Tadepalligudem,2012-03-28,2600.0,2600,2600
Tadepalligudem,2012-03-29,2600.0,2600,2600
Tadepalligudem,2012-03-30,2600.0,2600,2600
Tadepalligudem,2012-03-31,2600.0,2600,2600
Tadepalligudem,2012-04-01,2600.0,2600,2600
Tadepalligudem,2012-04-02,2600.0,2600,2600
Tadepalligudem,2012-04-03,2600.0,2600,2600
Tadepalligudem,2012-04-05,2600.0,2600,2600
Tadepalligudem,2012-04-06,2600.0,2600,2600
Tadepalligudem,2012-04-08,2600.0,2600,2600
Tadepalligudem,2012-04-09,2600.0,2600,2600
Tadepalligudem,2012-04-10,2600.0,2600,2600
Tadepalligudem,2012-04-11,2600.0,2600,2600
Tadepalligudem,2012-04-12,2600.0,2600,2600
Tadepalligudem,2012-04-13,2600.0,2600,2600
Tadepalligudem,2012-04-14,2600.0,2600,2600
Tadepalligudem,2012-04-15,2600.0,2600,2600
Tadepalligudem,2012-04-16,2600.0,2600,2600
Tadepalligudem,2012-04-17,2600.0,2600,2600
Tadepalligudem,2012-04-18,2600.0,2600,2600
Tadepalligudem,2012-04-19,2600.0,2600,2600
Tadepalligudem,2012-04-21,2600.0,2600,2600
Tadepalligudem,2012-04-22,2600.0,2600,2600
Tadepalligudem,2012-04-23,2600.0,2600,2600
Tadepalligudem,2012-04-24,2600.0,2600,2600
Tadepalligudem,2012-04-25,2600.0,2600,2600
Tadepalligudem,2012-04-26,2600.0,2600,2600
Tadepalligudem,2012-04-27,2600.0,2600,2600
Tadepalligudem,2012-04-29,2600.0,2600,2600
Tadepalligudem,2012-04-30,2600.0,2600,2600
Tadepalligudem,2012-05-01,2600.0,2600,2600
Tadepalligudem,2012-05-02,2600.0,2600,2600
Tadepalligudem,2012-05-03,2600.0,2600,2600
Tadepalligudem,2012-05-04,2600.0,2600,2600
Tadepalligudem,2012-05-05,2600.0,2600,2600
Tadepalligudem,2012-05-06,2600.0,2600,2600
Tadepalligudem,2012-05-07,2600.0,2600,2600
Tadepalligudem,2012-05-08,2600.0,2600,2600
Tadepalligudem,2012-05-09,2600.0,2600,2600
Tadepalligudem,2012-05-10,2600.0,2600,2600
Tadepalligudem,2012-05-11,2600.0,2600,2600
Tadepalligudem,2012-05-12,2600.0,2600,2600
Tadepalligudem,2012-05-13,2600.0,2600,2600
Tadepalligudem,2012-05-14,2600.0,2600,2600
Tadepalligudem,2012-05-15,2600.0,2600,2600
Tadepalligudem,2012-05-16,2600.0,2600,2600
Tadepalligudem,2012-05-17,2700.0,2700,2700
Tadepalligudem,2012-05-18,2700.0,2700,2700
Tadepalligudem,2012-05-19,2700.0,2700,2700
Tadepalligudem,2012-05-20,2700.0,2700,2700
Tadepalligudem,2012-05-21,2700.0,2700,2700
Tadepalligudem,2012-05-22,2700.0,2700,2700
Tadepalligudem,2012-05-23,2700.0,2700,2700
Tadepalligudem,2012-05-24,2700.0,2700,2700
Tadepalligudem,2012-05-25,2700.0,2700,2700
Tadepalligudem,2012-05-26,2700.0,2700,2700
Tadepalligudem,2012-05-27,2700.0,2700,2700
Tadepalligudem,2012-05-28,2700.0,2700,2700
Tadepalligudem,2012-05-29,2700.0,2700,2700
Tadepalligudem,2012-06-01,2700.0,2700,2700
Tadepalligudem,2012-06-02,2700.0,2700,2700
Tadepalligudem,2012-06-03,2700.0,2700,2700
Tadepalligudem,2012-06-04,2700.0,2700,2700
Tadepalligudem,2012-06-05,2700.0,2700,2700
Tadepalligudem,2012-06-06,2700.0,2700,2700
Tadepalligudem,2012-06-07,2700.0,2700,2700
Tadepalligudem,2012-06-08,2700.0,2700,2700
Tadepalligudem,2012-06-09,2700.0,2700,2700
Tadepalligudem,2012-06-10,2700.0,2700,2700
Tadepalligudem,2012-06-11,2700.0,2700,2700
Tadepalligudem,2012-06-12,2700.0,2700,2700
Tadepalligudem,2012-06-13,2700.0,2700,2700
Tadepalligudem,2012-06-14,2700.0,2700,2700
Tadepalligudem,2012-06-15,2700.0,2700,2700
Tadepalligudem,2012-06-16,2700.0,2700,2700
Tadepalligudem,2012-06-17,2700.0,2700,2700
Tadepalligudem,2012-06-18,2800.0,2800,2800
Tadepalligudem,2012-06-19,2800.0,2800,2800
Tadepalligudem,2012-06-24,2900.0,2900,2900
Tadepalligudem,2012-06-25,2900.0,2900,2900
Tadepalligudem,2012-06-26,2900.0,2900,2900
Tadepalligudem,2012-06-27,2900.0,2900,2900
Tadepalligudem,2012-06-28,2900.0,2900,2900
Tadepalligudem,2012-06-29,2900.0,2900,2900
Tadepalligudem,2012-06-30,2900.0,2900,2900
Tadepalligudem,2012-07-01,2900.0,2900,2900
Tadepalligudem,2012-07-02,2900.0,2900,2900
Tadepalligudem,2012-07-03,2900.0,2900,2900
Tadepalligudem,2012-07-04,3000.0,3000,3000
Tadepalligudem,2012-07-05,3000.0,3000,3000
Tadepalligudem,2012-07-06,3000.0,3000,3000
Tadepalligudem,2012-07-07,3000.0,3000,3000
Tadepalligudem,2012-07-08,3000.0,3000,3000
Tadepalligudem,2012-07-09,3000.0,3000,3000
Tadepalligudem,2012-07-10,3000.0,3000,3000
Tadepalligudem,2012-07-11,3000.0,3000,3000
Tadepalligudem,2012-07-12,3000.0,3000,3000
Tadepalligudem,2012-07-13,3000.0,3000,3000
Tadepalligudem,2012-07-14,3000.0,3000,3000
Tadepalligudem,2012-07-15,3000.0,3000,3000
Tadepalligudem,2012-07-16,3000.0,3000,3000
Tadepalligudem,2012-07-17,3000.0,3000,3000
Tadepalligudem,2012-07-18,3100.0,3100,3100
Tadepalligudem,2012-07-19,3100.0,3100,3100
Tadepalligudem,2012-07-20,3100.0,3100,3100
Tadepalligudem,2012-07-21,3100.0,3100,3100
Tadepalligudem,2012-07-22,3100.0,3100,3100
Tadepalligudem,2012-07-23,3100.0,3100,3100
Tadepalligudem,2012-07-24,3100.0,3100,3100
Tadepalligudem,2012-07-25,3100.0,3100,3100
Tadepalligudem,2012-07-26,3100.0,3100,3100
Tadepalligudem,2012-07-27,3100.0,3100,3100
Tadepalligudem,2012-07-28,3100.0,3100,3100
Tadepalligudem,2012-07-29,3100.0,3100,3100
Tadepalligudem,2012-07-30,3100.0,3100,3100
Tadepalligudem,2012-08-01,3100.0,3100,3100
Tadepalligudem,2012-08-02,3100.0,3100,3100
Tadepalligudem,2012-08-03,3100.0,3100,3100
Tadepalligudem,2012-08-04,3100.0,3100,3100
Tadepalligudem,2012-08-05,3100.0,3100,3100
Tadepalligudem,2012-08-06,3100.0,3100,3100
Tadepalligudem,2012-08-07,3100.0,3100,3100
Tadepalligudem,2012-08-08,3100.0,3100,3100
Tadepalligudem,2012-08-09,3100.0,3100,3100
Tadepalligudem,2012-08-10,3100.0,3100,3100
Tadepalligudem,2012-08-11,3100.0,3100,3100
Tadepalligudem,2012-08-12,3100.0,3100,3100
Tadepalligudem,2012-08-13,3100.0,3100,3100
Tadepalligudem,2012-08-14,3100.0,3100,3100
Tadepalligudem,2012-08-15,3100.0,3100,3100
Tadepalligudem,2012-08-16,3100.0,3100,3100
Tadepalligudem,2012-08-17,3100.0,3100,3100
Tadepalligudem,2012-08-18,3100.0,3100,3100
Tadepalligudem,2012-08-19,3100.0,3100,3100
Tadepalligudem,2012-08-20,3100.0,3100,3100
Tadepalligudem,2012-08-21,3100.0,3100,3100
Tadepalligudem,2012-08-22,3100.0,3100,3100
Tadepalligudem,2012-08-23,3100.0,3100,3100
Tadepalligudem,2012-08-24,3100.0,3100,3100
Tadepalligudem,2012-08-25,3100.0,3100,3100
Tadepalligudem,2012-08-26,3100.0,3100,3100
Tadepalligudem,2012-08-27,3100.0,3100,3100
Tadepalligudem,2012-08-28,3100.0,3100,3100
Tadepalligudem,2012-08-29,3100.0,3100,3100
Tadepalligudem,2012-08-30,3100.0,3100,3100
Tadepalligudem,2012-09-01,3100.0,3100,3100
Tadepalligudem,2012-09-02,3100.0,3100,3100
Tadepalligudem,2012-09-03,3100.0,3100,3100
Tadepalligudem,2012-09-04,3100.0,3100,3100
Tadepalligudem,2012-09-05,3100.0,3100,3100
Tadepalligudem,2012-09-06,3300.0,3300,3300
Tadepalligudem,2012-09-07,3300.0,3300,3300
Tadepalligudem,2012-09-08,3300.0,3300,3300
Tadepalligudem,2012-09-09,3300.0,3300,3300
Tadepalligudem,2012-09-10,3300.0,3300,3300
Tadepalligudem,2012-09-11,3300.0,3300,3300
Tadepalligudem,2012-09-12,3300.0,3300,3300
Tadepalligudem,2012-09-13,3300.0,3300,3300
Tadepalligudem,2012-09-14,3300.0,3300,3300
Tadepalligudem,2012-09-15,3300.0,3300,3300
Tadepalligudem,2012-09-16,3300.0,3300,3300
Tadepalligudem,2012-09-17,3300.0,3300,3300
Tadepalligudem,2012-09-18,3300.0,3300,3300
Tadepalligudem,2012-09-19,3300.0,3300,3300
Tadepalligudem,2012-09-20,3300.0,3300,3300
Tadepalligudem,2012-09-21,3300.0,3300,3300
Tadepalligudem,2012-09-22,3300.0,3300,3300
Tadepalligudem,2012-09-23,3300.0,3300,3300
Tadepalligudem,2012-09-24,3300.0,3300,3300
Tadepalligudem,2012-09-25,3300.0,3300,3300
Tadepalligudem,2012-09-26,3300.0,3300,3300
Tadepalligudem,2012-09-27,3300.0,3300,3300
Tadepalligudem,2012-09-28,3300.0,3300,3300
Tadepalligudem,2012-09-29,3400.0,3400,3400
Tadepalligudem,2012-09-30,3400.0,3400,3400
Tadepalligudem,2012-10-01,3400.0,3400,3400
Tadepalligudem,2012-10-02,3400.0,3400,3400
Tadepalligudem,2012-10-03,3400.0,3400,3400
Tadepalligudem,2012-10-04,3400.0,3400,3400
Tadepalligudem,2012-10-05,3400.0,3400,3400
Tadepalligudem,2012-10-06,3400.0,3400,3400
Tadepalligudem,2012-10-07,3400.0,3400,3400
Tadepalligudem,2012-10-08,3400.0,3400,3400
Tadepalligudem,2012-10-09,3400.0,3400,3400
Tadepalligudem,2012-10-10,3400.0,3400,3400
Tadepalligudem,2012-10-11,3400.0,3400,3400
Tadepalligudem,2012-10-12,3400.0,3400,3400
Tadepalligudem,2012-10-13,3400.0,3400,3400
Tadepalligudem,2012-10-14,3400.0,3400,3400
Tadepalligudem,2012-10-16,3400.0,3400,3400
Tadepalligudem,2012-10-17,3400.0,3400,3400
Tadepalligudem,2012-10-18,3400.0,3400,3400
Tadepalligudem,2012-10-19,3400.0,3400,3400
Tadepalligudem,2012-10-20,3400.0,3400,3400
Tadepalligudem,2012-10-21,3400.0,3400,3400
Tadepalligudem,2012-10-22,3400.0,3400,3400
Tadepalligudem,2012-10-23,3400.0,3400,3400
Tadepalligudem,2012-10-24,3400.0,3400,3400
Tadepalligudem,2012-10-25,3400.0,3400,3400
Tadepalligudem,2012-10-26,3400.0,3400,3400
Tadepalligudem,2012-10-27,3400.0,3400,3400
Tadepalligudem,2012-10-28,3400.0,3400,3400
Tadepalligudem,2012-10-29,3400.0,3400,3400
Tadepalligudem,2012-10-30,3400.0,3400,3400
Tadepalligudem,2012-10-31,3400.0,3400,3400
Tadepalligudem,2012-11-01,3400.0,3400,3400
Tadepalligudem,2012-11-02,3400.0,3400,3400
Tadepalligudem,2012-11-03,3400.0,3400,3400
Tadepalligudem,2012-11-04,3400.0,3400,3400
Tadepalligudem,2012-11-05,3400.0,3400,3400
Tadepalligudem,2012-11-06,3400.0,3400,3400
Tadepalligudem,2012-11-07,3400.0,3400,3400
Tadepalligudem,2012-11-08,3400.0,3400,3400
Tadepalligudem,2012-11-09,3400.0,3400,3400
Tadepalligudem,2012-11-10,3400.0,3400,3400
Tadepalligudem,2012-11-11,3400.0,3400,3400
Tadepalligudem,2012-11-12,3400.0,3400,3400
Tadepalligudem,2012-11-13,3400.0,3400,3400
Tadepalligudem,2012-11-14,3400.0,3400,3400
Tadepalligudem,2012-11-17,3400.0,3400,3400
Tadepalligudem,2012-11-18,3400.0,3400,3400
Tadepalligudem,2012-11-19,3400.0,3400,3400
Tadepalligudem,2012-11-20,3400.0,3400,3400
Tadepalligudem,2012-11-21,3400.0,3400,3400
Tadepalligudem,2012-11-22,3400.0,3400,3400
Tadepalligudem,2012-11-23,3400.0,3400,3400
Tadepalligudem,2012-11-24,3400.0,3400,3400
Tadepalligudem,2012-11-25,3400.0,3400,3400
Tadepalligudem,2012-11-26,3400.0,3400,3400
Tadepalligudem,2012-12-01,3400.0,3400,3400
Tadepalligudem,2012-12-02,3400.0,3400,3400
Tadepalligudem,2012-12-03,3400.0,3400,3400
Tadepalligudem,2012-12-04,3400.0,3400,3400
Tadepalligudem,2012-12-05,3400.0,3400,3400
Tadepalligudem,2012-12-06,3400.0,3400,3400
Tadepalligudem,2012-12-07,3400.0,3400,3400
Tadepalligudem,2012-12-08,3400.0,3400,3400
Tadepalligudem,2012-12-09,3200.0,3200,3200
Tadepalligudem,2012-12-10,3200.0,320,3200
Tadepalligudem,2012-12-11,3200.0,3200,3200
Tadepalligudem,2012-12-12,3200.0,3200,3200
Tadepalligudem,2012-12-13,3200.0,3200,3200
Tadepalligudem,2012-12-14,3200.0,3200,3200
Tadepalligudem,2012-12-15,3200.0,3200,3200
Tadepalligudem,2012-12-16,3200.0,3200,3200
Tadepalligudem,2012-12-17,3200.0,3200,3200
Tadepalligudem,2012-12-18,3200.0,3200,3200
Tadepalligudem,2012-12-19,3200.0,3200,3200
Tadepalligudem,2012-12-20,3200.0,3200,3200
Tadepalligudem,2013-01-01,3200.0,3200,3200
Tadepalligudem,2013-01-02,3200.0,3200,3200
Tadepalligudem,2013-01-03,3200.0,3200,3200
Tadepalligudem,2013-01-04,3200.0,3200,3200
Tadepalligudem,2013-01-05,3200.0,3200,3200
Tadepalligudem,2013-01-06,3200.0,3200,3200
Tadepalligudem,2013-01-07,3200.0,3200,3200
Tadepalligudem,2013-01-08,3200.0,3200,3200
Tadepalligudem,2013-01-09,3200.0,3200,3200
Tadepalligudem,2013-01-10,3200.0,3200,3200
Tadepalligudem,2013-01-11,3200.0,3200,3200
Tadepalligudem,2013-01-12,3200.0,3200,3200
Tadepalligudem,2013-01-13,3200.0,3200,3200
Tadepalligudem,2013-01-14,3200.0,3200,3200
Tadepalligudem,2013-01-15,3200.0,3200,3200
Tadepalligudem,2013-01-16,3200.0,3200,3200
Tadepalligudem,2013-01-17,3200.0,3200,3200
Tadepalligudem,2013-01-18,3200.0,3200,3200
Tadepalligudem,2013-01-19,3200.0,3200,3200
Tadepalligudem,2013-01-20,3200.0,3200,3200
Tadepalligudem,2013-01-21,3200.0,3200,3200
Tadepalligudem,2013-01-22,3200.0,3200,3200
Tadepalligudem,2013-01-23,3200.0,3200,3200
Tadepalligudem,2013-01-24,3200.0,3200,3200
Tadepalligudem,2013-01-25,3200.0,3200,3200
Tadepalligudem,2013-01-26,3200.0,3200,3200
Tadepalligudem,2013-01-27,3200.0,3200,3200
Tadepalligudem,2013-01-28,3200.0,3200,3200
Tadepalligudem,2013-01-29,3200.0,3200,3200
Tadepalligudem,2013-02-01,3600.0,3600,3600
Tadepalligudem,2013-02-02,3600.0,3600,3600
Tadepalligudem,2013-02-03,3600.0,3600,3600
Tadepalligudem,2013-02-04,3600.0,3600,3600
Tadepalligudem,2013-02-05,3600.0,3600,3600
Tadepalligudem,2013-02-06,3600.0,3600,3600
Tadepalligudem,2013-02-07,3600.0,3600,3600
Tadepalligudem,2013-02-09,3600.0,3600,3600
Tadepalligudem,2013-02-10,3600.0,3600,3600
Tadepalligudem,2013-02-11,3600.0,3600,3600
Tadepalligudem,2013-02-12,3600.0,3600,3600
Tadepalligudem,2013-02-13,3600.0,3600,3600
Tadepalligudem,2013-02-14,3600.0,3600,3600
Tadepalligudem,2013-02-15,3600.0,3600,3600
Tadepalligudem,2013-02-16,3600.0,3600,3600
Tadepalligudem,2013-02-17,3600.0,3600,3600
Tadepalligudem,2013-02-18,3600.0,3600,3600
Tadepalligudem,2013-02-19,3600.0,3600,3600
Tadepalligudem,2013-02-20,3600.0,3600,3600
Tadepalligudem,2013-02-21,3600.0,3600,3600
Tadepalligudem,2013-02-22,3600.0,3600,3600
Tadepalligudem,2013-02-23,3600.0,3600,3600
Tadepalligudem,2013-02-24,3600.0,3600,3600
Tadepalligudem,2013-02-25,3600.0,3600,3600
Tadepalligudem,2013-02-26,3600.0,3600,3600
Tadepalligudem,2013-02-27,3600.0,3600,3600
Tadepalligudem,2013-02-28,3600.0,3600,3600
Tadepalligudem,2013-03-01,3600.0,3600,3600
Tadepalligudem,2013-03-02,3600.0,3600,3600
Tadepalligudem,2013-03-03,3600.0,3600,3600
Tadepalligudem,2013-03-04,3600.0,3600,3600
Tadepalligudem,2013-03-05,3600.0,3600,3600
Tadepalligudem,2013-03-06,3600.0,3600,3600
Tadepalligudem,2013-03-07,3600.0,3600,3600
Tadepalligudem,2013-03-08,3600.0,3600,3600
Tadepalligudem,2013-03-09,3600.0,3600,3600
Tadepalligudem,2013-03-10,3600.0,3600,3600
Tadepalligudem,2013-03-11,3600.0,3600,3600
Tadepalligudem,2013-03-12,3600.0,3600,3600
Tadepalligudem,2013-03-13,3500.0,3400,3600
Tadepalligudem,2013-03-14,3500.0,3400,3600
Tadepalligudem,2013-03-15,3500.0,3400,3600
Tadepalligudem,2013-03-16,3500.0,3400,3600
Tadepalligudem,2013-03-17,3500.0,3400,3600
Tadepalligudem,2013-03-19,3500.0,3400,3600
Tadepalligudem,2013-03-20,3500.0,3400,3600
Tadepalligudem,2013-03-21,3500.0,3400,3600
Tadepalligudem,2013-03-22,3500.0,3400,3600
Tadepalligudem,2013-03-23,3500.0,3400,3600
Tadepalligudem,2013-03-24,3500.0,3400,3600
Tadepalligudem,2013-03-25,3500.0,3400,3600
Tadepalligudem,2013-03-26,3500.0,3400,3600
Tadepalligudem,2013-03-27,3500.0,3400,3600
Tadepalligudem,2013-03-28,3500.0,3400,3600
Tadepalligudem,2013-03-29,3500.0,3400,3600
Tadepalligudem,2013-03-30,3500.0,3400,3600
Tadepalligudem,2013-04-01,3500.0,3400,3600
Tadepalligudem,2013-04-02,3500.0,3400,3600
Tadepalligudem,2013-04-03,3500.0,3400,3600
Tadepalligudem,2013-04-04,3500.0,3400,3600
Tadepalligudem,2013-04-06,3500.0,3400,3600
Tadepalligudem,2013-04-07,3500.0,3400,3600
Tadepalligudem,2013-04-08,3500.0,3400,3600
Tadepalligudem,2013-04-20,3500.0,3400,3600
Tadepalligudem,2013-04-21,3500.0,3400,3600
Tadepalligudem,2013-04-22,3500.0,3400,3600
Tadepalligudem,2013-04-23,3500.0,3400,3600
Tadepalligudem,2013-04-24,3500.0,3400,3600
Tadepalligudem,2013-04-25,3500.0,3400,3600
Tadepalligudem,2013-04-26,3500.0,3400,3600
Tadepalligudem,2013-04-27,3500.0,3400,3600
Tadepalligudem,2013-04-28,3500.0,3400,3600
Tadepalligudem,2013-04-29,3500.0,3400,3600
Tadepalligudem,2013-04-30,3500.0,3400,3600
Tadepalligudem,2013-05-01,3500.0,3400,3600
Tadepalligudem,2013-05-02,3500.0,3400,3600
Tadepalligudem,2013-05-03,3600.0,3400,3700
Tadepalligudem,2013-05-04,3600.0,3400,3700
Tadepalligudem,2013-05-05,3600.0,3400,3700
Tadepalligudem,2013-05-06,3600.0,3400,3700
Tadepalligudem,2013-05-07,3600.0,3400,3700
Tadepalligudem,2013-05-09,3800.0,3400,3900
Tadepalligudem,2013-05-10,3800.0,3400,3900
Tadepalligudem,2013-05-11,3800.0,3400,3900
Tadepalligudem,2013-05-12,3800.0,3400,3900
Tadepalligudem,2013-05-13,3900.0,3500,4000
Tadepalligudem,2013-05-14,3900.0,3500,4000
Tadepalligudem,2013-05-15,3900.0,3500,4000
Tadepalligudem,2013-05-16,3900.0,3500,4000
Tadepalligudem,2013-05-17,3900.0,3500,4000
Tadepalligudem,2013-05-18,3900.0,3500,4000
Tadepalligudem,2013-05-19,3900.0,3500,4000
Tadepalligudem,2013-05-20,3900.0,3500,4000
Tadepalligudem,2013-05-21,3900.0,3500,4000
Tadepalligudem,2013-05-22,4100.0,3800,4200
Tadepalligudem,2013-05-23,4100.0,3800,4200
Tadepalligudem,2013-05-24,4100.0,3800,4200
Tadepalligudem,2013-05-25,4100.0,3800,4200
Tadepalligudem,2013-05-28,4100.0,3800,4200
Tadepalligudem,2013-05-29,4100.0,3800,4200
Tadepalligudem,2013-05-30,4100.0,3800,4200
Tadepalligudem,2013-05-31,4100.0,3800,4200
Tadepalligudem,2013-06-01,4100.0,3800,4200
Tadepalligudem,2013-06-02,4100.0,3800,4200
Tadepalligudem,2013-06-03,4100.0,3800,4200
Tadepalligudem,2013-06-04,4100.0,3800,4200
Tadepalligudem,2013-06-05,4100.0,3800,4200
Tadepalligudem,2013-06-06,4100.0,3800,4200
Tadepalligudem,2013-06-07,4100.0,3800,4200
Tadepalligudem,2013-06-08,4100.0,3800,4200
Tadepalligudem,2013-06-09,4100.0,3800,4200
Tadepalligudem,2013-06-10,4100.0,3800,4200
Tadepalligudem,2013-06-11,4100.0,3800,4200
Tadepalligudem,2013-06-12,4100.0,3800,4200
Tadepalligudem,2013-06-13,4100.0,3800,4200
Tadepalligudem,2013-06-14,4100.0,3800,4200
Tadepalligudem,2013-06-15,4100.0,3800,4200
Tadepalligudem,2013-06-16,4100.0,3800,4200
Tadepalligudem,2013-06-17,4100.0,3800,4200
Tadepalligudem,2013-06-18,4100.0,3800,4200
Tadepalligudem,2013-06-19,4100.0,3800,4200
Tadepalligudem,2013-06-20,4100.0,3800,4200
Tadepalligudem,2013-06-21,4100.0,3800,4200
Tadepalligudem,2013-06-22,4100.0,3800,4200
Tadepalligudem,2013-06-23,4100.0,3800,4200
Tadepalligudem,2013-06-24,4100.0,3800,4200
Tadepalligudem,2013-06-25,4100.0,3800,4200
Tadepalligudem,2013-06-26,4100.0,3800,4200
Tadepalligudem,2013-06-27,4100.0,3800,4200
Tadepalligudem,2013-06-28,4100.0,3800,4200
Tadepalligudem,2013-06-29,4100.0,3800,4200
Tadepalligudem,2013-06-30,4100.0,3800,4200
Tadepalligudem,2013-07-01,4100.0,3800,4200
Tadepalligudem,2013-07-02,4100.0,3800,4200
Tadepalligudem,2013-07-03,4100.0,3800,4200
Tadepalligudem,2013-07-04,4100.0,3800,4200
Tadepalligudem,2013-07-05,4100.0,3800,4200
Tadepalligudem,2013-07-06,4100.0,3800,4200
Tadepalligudem,2013-07-07,4100.0,3800,4200
Tadepalligudem,2013-07-08,4100.0,3800,4200
Tadepalligudem,2013-07-09,4100.0,3800,4200
Tadepalligudem,2013-07-10,4100.0,3800,4200
Tadepalligudem,2013-07-11,4100.0,3800,4200
Tadepalligudem,2013-07-12,4100.0,3800,4200
Tadepalligudem,2013-07-13,4100.0,3800,4200
Tadepalligudem,2013-07-14,4100.0,3800,4200
Tadepalligudem,2013-07-15,4100.0,3800,4200
Tadepalligudem,2013-07-16,4100.0,3800,4200
Tadepalligudem,2013-07-17,4100.0,3800,4200
Tadepalligudem,2013-07-18,4100.0,3800,4200
Tadepalligudem,2013-07-19,4100.0,3800,4200
Tadepalligudem,2013-07-20,4100.0,3800,4200
Tadepalligudem,2013-07-21,4100.0,3800,4200
Tadepalligudem,2013-07-22,4100.0,3800,4200
Tadepalligudem,2013-07-23,4100.0,3800,4200
Tadepalligudem,2013-07-24,4100.0,3800,4200
Tadepalligudem,2013-07-25,4100.0,3800,4200
Tadepalligudem,2013-07-26,4100.0,3800,4200
Tadepalligudem,2013-07-27,4100.0,3800,4200
Tadepalligudem,2013-07-28,4100.0,3800,4200
Tadepalligudem,2013-07-29,4100.0,3800,4200
Tadepalligudem,2013-07-30,4100.0,3800,4200
Tadepalligudem,2013-07-31,4000.0,3600,4100
Tadepalligudem,2013-08-01,4000.0,3600,4100
Tadepalligudem,2013-08-02,4000.0,3600,4100
Tadepalligudem,2013-08-03,4000.0,3600,4100
Tadepalligudem,2013-08-04,4000.0,3600,4100
Tadepalligudem,2013-08-05,4000.0,3600,4100
Tadepalligudem,2013-08-06,4000.0,3600,4100
Tadepalligudem,2013-08-07,4000.0,3600,4100
Tadepalligudem,2013-08-08,4000.0,3600,4100
Tadepalligudem,2013-08-12,4000.0,3600,4100
Tadepalligudem,2013-09-19,3900.0,3500,4000
Tadepalligudem,2013-09-20,3900.0,3500,4000
Tadepalligudem,2013-09-21,3900.0,3500,4000
Tadepalligudem,2013-09-22,3900.0,3500,4000
Tadepalligudem,2013-10-01,3900.0,3500,4000
Tadepalligudem,2013-10-02,3900.0,3500,4000
Tadepalligudem,2013-10-03,3900.0,3500,4000
Tadepalligudem,2013-10-04,3900.0,3500,4000
Tadepalligudem,2013-10-05,3900.0,3500,4000
Tadepalligudem,2013-10-06,3900.0,3500,4000
Tadepalligudem,2013-10-08,3900.0,3500,4000
Tadepalligudem,2013-10-09,3900.0,3500,4000
Tadepalligudem,2013-10-10,3900.0,3500,4000
Tadepalligudem,2013-10-11,3900.0,3500,4000
Tadepalligudem,2013-10-12,3900.0,3500,4000
Tadepalligudem,2013-10-13,3900.0,3500,4000
Tadepalligudem,2013-10-14,3900.0,3500,4000
Tadepalligudem,2013-10-15,3900.0,3500,4000
Tadepalligudem,2013-10-16,3900.0,3500,4000
Tadepalligudem,2013-10-17,3900.0,3500,4000
Tadepalligudem,2013-10-18,3900.0,3500,4000
Tadepalligudem,2013-10-19,3900.0,3500,4000
Tadepalligudem,2013-10-20,3900.0,3500,4000
Tadepalligudem,2013-10-21,3900.0,3500,4000
Tadepalligudem,2013-10-22,3900.0,3500,4000
Tadepalligudem,2013-10-23,3900.0,3500,4000
Tadepalligudem,2013-10-24,3900.0,3500,4000
Tadepalligudem,2013-10-25,3900.0,3500,4000
Tadepalligudem,2013-10-26,3900.0,3500,4000
Tadepalligudem,2013-10-27,3900.0,3500,4000
Tadepalligudem,2013-10-28,3900.0,3500,4000
Tadepalligudem,2013-10-29,3900.0,3500,4000
Tadepalligudem,2013-10-30,3900.0,3500,4000
Tadepalligudem,2013-10-31,3900.0,3500,4000
Tadepalligudem,2013-11-01,3900.0,3500,4000
Tadepalligudem,2013-11-02,3900.0,3500,4000
Tadepalligudem,2013-11-03,3900.0,3500,4000
Tadepalligudem,2013-11-04,3900.0,3500,4000
Tadepalligudem,2013-11-05,3900.0,3500,4000
Tadepalligudem,2013-11-06,3900.0,3500,4000
Tadepalligudem,2013-11-07,3900.0,3500,4000
Tadepalligudem,2013-11-08,3900.0,3500,4000
Tadepalligudem,2013-11-09,3900.0,3500,4000
Tadepalligudem,2013-11-10,3900.0,3500,4000
Tadepalligudem,2013-11-11,3900.0,3500,4000
Tadepalligudem,2013-11-12,3900.0,3500,4000
Tadepalligudem,2013-11-13,3900.0,3500,4000
Tadepalligudem,2013-11-14,3900.0,3500,4000
Tadepalligudem,2013-11-15,3900.0,3500,4000
Tadepalligudem,2013-11-16,3900.0,3500,4000
Tadepalligudem,2013-11-17,3900.0,3500,4000
Tadepalligudem,2013-11-18,3900.0,3500,4000
Tadepalligudem,2013-11-20,3900.0,3500,4000
Tadepalligudem,2013-11-21,3900.0,3500,4000
Tadepalligudem,2013-11-25,3900.0,3500,4000
Tadepalligudem,2013-11-27,3900.0,3500,4000
Tadepalligudem,2013-11-29,3900.0,3500,4000
Tadepalligudem,2013-12-01,3900.0,3500,4000
Tadepalligudem,2013-12-02,3900.0,3500,4000
Tadepalligudem,2013-12-03,3900.0,3500,4000
Tadepalligudem,2013-12-04,3900.0,3500,4000
Tadepalligudem,2013-12-05,3900.0,3500,4000
Tadepalligudem,2013-12-06,3900.0,3500,4000
Tadepalligudem,2013-12-08,3900.0,3500,4000
Tadepalligudem,2013-12-09,3900.0,3500,4000
Tadepalligudem,2013-12-10,3900.0,3500,4000
Tadepalligudem,2013-12-11,3900.0,3500,4000
Tadepalligudem,2013-12-12,3900.0,3500,4000
Tadepalligudem,2013-12-22,3900.0,3500,4000
Tadepalligudem,2013-12-23,3900.0,3500,4000
Tadepalligudem,2013-12-25,3900.0,3500,4000
Tadepalligudem,2013-12-26,3900.0,3500,4000
Tadepalligudem,2013-12-27,3900.0,3500,4000
Tadepalligudem,2013-12-28,3900.0,3500,4000
Tadepalligudem,2013-12-29,3900.0,3500,4000
Tadepalligudem,2013-12-30,3900.0,3500,4000
Tadepalligudem,2014-01-01,3900.0,3500,4000
Tadepalligudem,2014-01-02,3900.0,3500,4000
Tadepalligudem,2014-01-03,3900.0,3500,4000
Tadepalligudem,2014-01-04,3900.0,3500,4000
Tadepalligudem,2014-01-05,3900.0,3500,4000
Tadepalligudem,2014-01-06,3900.0,3500,4000
Tadepalligudem,2014-01-07,3900.0,3500,4000
Tadepalligudem,2014-01-08,3900.0,3500,4000
Tadepalligudem,2014-01-09,3900.0,3500,4000
Tadepalligudem,2014-01-10,3900.0,3500,4000
Tadepalligudem,2014-01-11,3900.0,3500,4000
Tadepalligudem,2014-01-12,3900.0,3500,4000
Tadepalligudem,2014-01-13,3900.0,3500,4000
Tadepalligudem,2014-01-14,3900.0,3500,4000
Tadepalligudem,2014-01-15,3900.0,3500,4000
Tadepalligudem,2014-01-16,3900.0,3500,4000
Tadepalligudem,2014-01-17,3900.0,3500,4000
Tadepalligudem,2014-01-18,3900.0,3500,4000
Tadepalligudem,2014-01-19,3900.0,3500,4000
Tadepalligudem,2014-01-20,3900.0,3500,4000
Tadepalligudem,2014-01-21,3900.0,3500,4000
Tadepalligudem,2014-01-22,3900.0,3500,4000
Tadepalligudem,2014-01-23,3900.0,3500,4000
Tadepalligudem,2014-01-24,3900.0,3500,4000
Tadepalligudem,2014-01-25,3900.0,3500,4000
Tadepalligudem,2014-01-26,3900.0,3500,4000
Tadepalligudem,2014-01-27,3900.0,3500,4000
Tadepalligudem,2014-01-28,3900.0,3500,4000
Tadepalligudem,2014-01-29,3900.0,3500,4000
Tadepalligudem,2014-01-30,3900.0,3500,4000
Tadepalligudem,2014-01-31,3900.0,3500,4000
Tadepalligudem,2014-02-01,3900.0,3500,4000
Tadepalligudem,2014-02-02,3900.0,3500,4000
Tadepalligudem,2014-02-03,3900.0,3500,4000
Tadepalligudem,2014-02-04,3900.0,3500,4000
Tadepalligudem,2014-02-05,3900.0,3500,4000
Tadepalligudem,2014-02-07,3900.0,3500,4000
Tadepalligudem,2014-02-08,3900.0,3500,4000
Tadepalligudem,2014-02-09,3900.0,3500,4000
Tadepalligudem,2014-02-10,3900.0,3500,4000
Tadepalligudem,2014-02-11,3900.0,3500,4000
Tadepalligudem,2014-02-12,3900.0,3500,4000
Tadepalligudem,2014-02-14,3900.0,3500,4000
Tadepalligudem,2014-02-15,3900.0,3500,4000
Tadepalligudem,2014-02-22,3900.0,3500,4000
Tadepalligudem,2014-02-23,3900.0,3500,4000
Tadepalligudem,2014-02-24,3900.0,3500,4000
Tadepalligudem,2014-02-25,3900.0,3500,4000
Tadepalligudem,2014-02-26,3900.0,3500,4000
Tadepalligudem,2014-02-27,3900.0,3500,4000
Tadepalligudem,2014-02-28,3900.0,3500,4000
Tadepalligudem,2014-03-01,3900.0,3500,4000
Tadepalligudem,2014-03-02,3900.0,3500,4000
Tadepalligudem,2014-03-03,3900.0,3500,4000
Tadepalligudem,2014-03-04,3900.0,3500,4000
Tadepalligudem,2014-03-05,3900.0,3500,4000
Tadepalligudem,2014-03-06,3900.0,3500,4000
Tadepalligudem,2014-03-07,3900.0,3500,4000
Tadepalligudem,2014-03-08,3900.0,3500,4000
Tadepalligudem,2014-03-09,3900.0,3500,4000
Tadepalligudem,2014-03-10,3900.0,3500,4000
Tadepalligudem,2014-03-11,3900.0,3500,4000
Tadepalligudem,2014-03-12,3900.0,3500,4000
Tadepalligudem,2014-03-13,3900.0,3500,4000
Tadepalligudem,2014-03-14,3900.0,3500,4000
Tadepalligudem,2014-03-15,3900.0,3500,4000
Tadepalligudem,2014-03-16,3900.0,3500,4000
Tadepalligudem,2014-03-17,3900.0,3500,4000
Tadepalligudem,2014-03-18,3900.0,3500,4000
Tadepalligudem,2014-03-19,3900.0,3500,4000
Tadepalligudem,2014-03-20,3900.0,3500,4000
Tadepalligudem,2014-03-21,3900.0,3500,4000
Tadepalligudem,2014-03-22,3900.0,3500,4000
Tadepalligudem,2014-03-23,3900.0,3500,4000
Tadepalligudem,2014-03-24,3900.0,3500,4000
Tadepalligudem,2014-03-25,3900.0,3500,4000
Tadepalligudem,2014-03-26,3900.0,3500,4000
Tadepalligudem,2014-03-27,3900.0,3500,4000
Tadepalligudem,2014-03-28,3900.0,3500,4000
Tadepalligudem,2014-03-29,3900.0,3500,4000
Tadepalligudem,2014-03-30,3900.0,3500,4000
Tadepalligudem,2014-03-31,3900.0,3500,4000
Tadepalligudem,2014-04-01,3900.0,3500,4000
Tadepalligudem,2014-04-02,3900.0,3500,4000
Tadepalligudem,2014-04-03,3800.0,3700,3900
Tadepalligudem,2014-04-04,3800.0,3700,3900
Tadepalligudem,2014-04-05,3800.0,3700,3900
Tadepalligudem,2014-04-06,3800.0,3700,3900
Tadepalligudem,2014-04-07,3800.0,3700,3900
Tadepalligudem,2014-04-08,3800.0,3700,3900
Tadepalligudem,2014-04-09,3800.0,3700,3900
Tadepalligudem,2014-04-10,3800.0,3700,3900
Tadepalligudem,2014-04-11,3800.0,3700,3900
Tadepalligudem,2014-04-12,3800.0,3700,3900
Tadepalligudem,2014-04-13,3800.0,3700,3900
Tadepalligudem,2014-04-14,3800.0,3700,3900
Tadepalligudem,2014-04-15,3800.0,3700,3900
Tadepalligudem,2014-04-16,3800.0,3700,3900
Tadepalligudem,2014-04-17,3800.0,3700,3900
Tadepalligudem,2014-04-18,3800.0,3700,3900
Tadepalligudem,2014-04-19,3800.0,3700,3900
Tadepalligudem,2014-04-20,3800.0,3700,3900
Tadepalligudem,2014-04-21,3800.0,3700,3900
Tadepalligudem,2014-04-22,3800.0,3700,3900
Tadepalligudem,2014-04-23,3800.0,3700,3900
Tadepalligudem,2014-04-24,3800.0,3700,3900
Tadepalligudem,2014-04-25,3800.0,3700,3900
Tadepalligudem,2014-04-26,3800.0,3700,3900
Tadepalligudem,2014-04-27,3800.0,3700,3900
Tadepalligudem,2014-04-28,3800.0,3700,3900
Tadepalligudem,2014-04-29,3800.0,3700,3900
Tadepalligudem,2014-05-01,3800.0,3700,3900
Tadepalligudem,2014-05-02,3800.0,3700,3900
Tadepalligudem,2014-05-03,3800.0,3700,3900
Tadepalligudem,2014-05-04,3800.0,3700,3900
Tadepalligudem,2014-05-05,3800.0,3700,3900
Tadepalligudem,2014-05-06,3800.0,3700,3900
Tadepalligudem,2014-05-07,3800.0,3700,3900
Tadepalligudem,2014-05-08,3800.0,3700,3900
Tadepalligudem,2014-05-09,3800.0,3700,3900
Tadepalligudem,2014-05-10,3800.0,3700,3900
Tadepalligudem,2014-05-11,3800.0,3700,3900
Tadepalligudem,2014-05-12,3800.0,3700,3900
Tadepalligudem,2014-05-13,3800.0,3700,3900
Tadepalligudem,2014-05-14,3800.0,3700,3900
Tadepalligudem,2014-05-16,3900.0,3800,4000
Tadepalligudem,2014-05-17,3900.0,3800,4000
Tadepalligudem,2014-05-18,3900.0,3800,4000
Tadepalligudem,2014-05-19,3900.0,3800,4000
Tadepalligudem,2014-05-24,4000.0,3900,4100
Tadepalligudem,2014-05-25,4000.0,3900,4100
Tadepalligudem,2014-05-26,4000.0,3900,4100
Tadepalligudem,2014-05-27,4000.0,3900,4100
Tadepalligudem,2014-05-28,4000.0,3900,4100
Tadepalligudem,2014-05-29,4000.0,3900,4100
Tadepalligudem,2014-05-30,4000.0,3900,4100
Tadepalligudem,2014-05-31,4000.0,3900,4100
Tadepalligudem,2014-06-01,4000.0,3900,4100
Tadepalligudem,2014-06-02,4000.0,3900,4100
Tadepalligudem,2014-06-03,4000.0,3900,4100
Tadepalligudem,2014-06-04,4000.0,3900,4100
Tadepalligudem,2014-06-05,4000.0,3900,4100
Tadepalligudem,2014-06-06,4000.0,3900,4100
Tadepalligudem,2014-06-07,4000.0,3900,4100
Tadepalligudem,2014-06-08,4000.0,3900,4100
Tadepalligudem,2014-06-09,4000.0,3900,4100
Tadepalligudem,2014-06-10,4000.0,3900,4100
Tadepalligudem,2014-06-11,4000.0,3900,4100
Tadepalligudem,2014-06-12,4000.0,3900,4100
Tadepalligudem,2014-06-13,3900.0,3800,4050
Tadepalligudem,2014-06-14,3900.0,3800,4050
Tadepalligudem,2014-06-15,3900.0,3800,4050
Tadepalligudem,2014-06-16,3900.0,3800,4050
Tadepalligudem,2014-06-17,3900.0,3800,4050
Tadepalligudem,2014-06-18,3900.0,3800,4050
Tadepalligudem,2014-06-19,3900.0,3800,4050
Tadepalligudem,2014-06-20,3900.0,3800,4050
Tadepalligudem,2014-06-21,3900.0,3800,4050
Tadepalligudem,2014-06-22,3900.0,3800,4050
Tadepalligudem,2014-06-23,3900.0,3800,4050
Tadepalligudem,2014-06-24,3900.0,3800,4050
Tadepalligudem,2014-06-25,3900.0,3800,4050
Tadepalligudem,2014-06-26,3900.0,3800,4050
Tadepalligudem,2014-06-27,3900.0,3800,4050
Tadepalligudem,2014-06-28,3900.0,3800,4050
Tadepalligudem,2014-06-29,3900.0,3800,4050
Tadepalligudem,2014-06-30,3900.0,3800,4050
Tadepalligudem,2014-07-01,3900.0,3800,4050
Tadepalligudem,2014-07-02,4000.0,3900,4100
Tadepalligudem,2014-07-03,4000.0,3900,4100
Tadepalligudem,2014-07-04,4000.0,3900,4100
Tadepalligudem,2014-07-05,4000.0,3900,4100
Tadepalligudem,2014-07-06,4000.0,3900,4100
Tadepalligudem,2014-07-07,4000.0,3900,4100
Tadepalligudem,2014-07-08,4000.0,3900,4100
Tadepalligudem,2014-07-09,4000.0,3900,4100
Tadepalligudem,2014-07-10,4000.0,3900,4100
Tadepalligudem,2014-07-11,3900.0,3800,4000
Tadepalligudem,2014-07-12,3900.0,3800,4000
Tadepalligudem,2014-07-13,3900.0,3800,4000
Tadepalligudem,2014-07-14,3900.0,3800,4000
Tadepalligudem,2014-07-15,3800.0,3700,3950
Tadepalligudem,2014-07-16,3800.0,3700,3950
Tadepalligudem,2014-07-17,3800.0,3700,3950
Tadepalligudem,2014-07-18,3900.0,3800,4000
Tadepalligudem,2014-07-19,3900.0,3800,4000
Tadepalligudem,2014-07-20,3900.0,3800,4000
Tadepalligudem,2014-07-21,3900.0,3800,4000
Tadepalligudem,2014-07-22,3900.0,3800,4000
Tadepalligudem,2014-07-23,3900.0,3800,4000
Tadepalligudem,2014-07-24,3900.0,3800,4000
Tadepalligudem,2014-07-25,3900.0,3800,4000
Tadepalligudem,2014-07-26,3900.0,3800,4000
Tadepalligudem,2014-07-27,3900.0,3800,4000
Tadepalligudem,2014-07-28,3900.0,3800,4000
Tadepalligudem,2014-07-29,3900.0,3800,4000
Tadepalligudem,2014-07-30,3900.0,3800,4000
Tadepalligudem,2014-08-01,3900.0,3800,4000
Tadepalligudem,2014-08-02,3900.0,3800,4000
Tadepalligudem,2014-08-03,3900.0,3800,4000
Tadepalligudem,2014-08-04,3900.0,3800,4000
Tadepalligudem,2014-08-05,3900.0,3800,4000
Tadepalligudem,2014-08-06,3900.0,3800,4000
Tadepalligudem,2014-08-07,3900.0,3800,4000
Tadepalligudem,2014-08-08,3900.0,3800,4000
Tadepalligudem,2014-08-09,4000.0,3900,4100
Tadepalligudem,2014-08-10,4000.0,3900,4100
Tadepalligudem,2014-08-11,4000.0,3900,4100
Tadepalligudem,2014-08-12,4000.0,3900,4100
Tadepalligudem,2014-08-13,4000.0,3900,4100
Tadepalligudem,2014-08-14,4000.0,3900,4100
Tadepalligudem,2014-08-15,4000.0,3900,4100
Tadepalligudem,2014-08-16,4000.0,3900,4100
Tadepalligudem,2014-08-17,4000.0,3900,4100
Tadepalligudem,2014-08-18,4000.0,3900,4100
Tadepalligudem,2014-08-19,4000.0,3900,4100
Tadepalligudem,2014-08-20,4000.0,3900,4100
Tadepalligudem,2014-08-21,4000.0,3900,4100
Tadepalligudem,2014-08-22,4000.0,3900,4100
Tadepalligudem,2014-08-23,4000.0,3900,4100
Tadepalligudem,2014-08-24,4000.0,3900,4100
Tadepalligudem,2014-08-25,4000.0,3900,4100
Tadepalligudem,2014-08-27,4000.0,3900,4100
Tadepalligudem,2014-08-28,4000.0,3900,4100
Tadepalligudem,2014-08-29,4000.0,3900,4100
Tadepalligudem,2014-08-30,4000.0,3900,4100
Tadepalligudem,2014-08-31,4000.0,3900,4100
Tadepalligudem,2014-09-01,4000.0,3900,4100
Tadepalligudem,2014-09-02,4000.0,3900,4100
Tadepalligudem,2014-09-03,4000.0,3900,4100
Tadepalligudem,2014-09-04,4000.0,3900,4100
Tadepalligudem,2014-09-05,4000.0,3900,4100
Tadepalligudem,2014-09-06,4000.0,3900,4100
Tadepalligudem,2014-09-07,4000.0,3900,4100
Tadepalligudem,2014-09-08,4000.0,3900,4100
Tadepalligudem,2014-09-09,4000.0,3900,4100
Tadepalligudem,2014-09-10,4000.0,3900,4100
Tadepalligudem,2014-09-11,4000.0,3900,4100
Tadepalligudem,2014-09-12,4000.0,3900,4100
Tadepalligudem,2014-09-13,4000.0,3900,4100
Tadepalligudem,2014-09-14,4000.0,3900,4100
Tadepalligudem,2014-09-15,4000.0,3900,4100
Tadepalligudem,2014-09-16,4000.0,3900,4100
Tadepalligudem,2014-09-17,4000.0,3900,4100
Tadepalligudem,2014-09-18,4000.0,3900,4100
Tadepalligudem,2014-09-19,4000.0,3900,4100
Tadepalligudem,2014-09-20,4000.0,3900,4100
Tadepalligudem,2014-09-21,4000.0,3900,4100
Tadepalligudem,2014-09-22,4000.0,3900,4100
Tadepalligudem,2014-09-24,4000.0,3900,4100
Tadepalligudem,2014-09-25,4000.0,3900,4100
Tadepalligudem,2014-09-26,4000.0,3900,4100
Tadepalligudem,2014-09-27,4000.0,3900,4100
Tadepalligudem,2014-09-28,4000.0,3900,4100
Tadepalligudem,2014-10-01,4000.0,3900,4100
Tadepalligudem,2014-10-02,4000.0,3900,4100
Tadepalligudem,2014-10-03,4000.0,3900,4100
Tadepalligudem,2014-10-04,4000.0,3900,4100
Tadepalligudem,2014-10-05,4000.0,3900,4100
Tadepalligudem,2014-10-06,4000.0,3900,4100
Tadepalligudem,2014-10-07,4000.0,3900,4100
Tadepalligudem,2014-10-08,4000.0,3900,4100
Tadepalligudem,2014-10-09,4100.0,4000,4200
Tadepalligudem,2014-10-10,4100.0,4000,4200
Tadepalligudem,2014-10-11,4100.0,4000,4200
Tadepalligudem,2014-10-12,4100.0,4000,4200
Tadepalligudem,2014-10-13,4100.0,4000,4200
Tadepalligudem,2014-10-14,4100.0,4000,4200
Tadepalligudem,2014-10-15,4000.0,3900,4100
Tadepalligudem,2014-10-16,4000.0,3900,4100
Tadepalligudem,2014-10-17,3900.0,3800,4000
Tadepalligudem,2014-10-18,3900.0,3800,4000
Tadepalligudem,2014-10-19,3900.0,3800,4000
Tadepalligudem,2014-10-20,3900.0,3800,4000
Tadepalligudem,2014-10-21,3900.0,3800,4000
Tadepalligudem,2014-10-22,3900.0,3800,4000
Tadepalligudem,2014-10-23,3900.0,3800,4000
Tadepalligudem,2014-10-24,3900.0,3800,4000
Tadepalligudem,2014-10-25,4000.0,3900,4100
Tadepalligudem,2014-10-26,4000.0,3900,4100
Tadepalligudem,2014-10-27,4000.0,3900,4100
Tadepalligudem,2014-10-28,4000.0,3900,4100
Tadepalligudem,2014-10-29,4000.0,3900,4100
Tadepalligudem,2014-10-30,4000.0,3900,4100
Tadepalligudem,2014-11-01,4000.0,3900,4100
Tadepalligudem,2014-11-02,4000.0,3900,4100
Tadepalligudem,2014-11-03,4000.0,3900,4100
Tadepalligudem,2014-11-04,4000.0,3900,4100
Tadepalligudem,2014-11-05,4000.0,3900,4100
Tadepalligudem,2014-11-06,4000.0,3900,4100
Tadepalligudem,2014-11-07,4100.0,4000,4200
Tadepalligudem,2014-11-08,4100.0,4000,4200
Tadepalligudem,2014-11-09,4100.0,4000,4200
Tadepalligudem,2014-11-10,4100.0,4000,4200
Tadepalligudem,2014-11-11,4100.0,4000,4200
Tadepalligudem,2014-11-12,4100.0,4000,4200
Tadepalligudem,2014-11-13,4100.0,4000,4200
Tadepalligudem,2014-11-14,4100.0,4000,4200
Tadepalligudem,2014-11-15,4100.0,4000,4200
Tadepalligudem,2014-11-16,4100.0,4000,4200
Tadepalligudem,2014-11-17,4000.0,3900,4100
Tadepalligudem,2014-11-18,4000.0,3900,4100
Tadepalligudem,2014-11-19,4000.0,3900,4100
Tadepalligudem,2014-11-20,4000.0,3900,4100
Tadepalligudem,2014-11-21,4000.0,3900,4100
Tadepalligudem,2014-11-22,4000.0,3900,4100
Tadepalligudem,2014-11-23,4000.0,3900,4100
Tadepalligudem,2014-11-24,4000.0,3900,4100
Tadepalligudem,2014-11-25,4000.0,3900,4100
Tadepalligudem,2014-11-26,4000.0,3900,4100
Tadepalligudem,2014-11-27,4000.0,3900,4100
Tadepalligudem,2014-12-01,4000.0,3900,4100
Tadepalligudem,2014-12-02,4000.0,3900,4100
Tadepalligudem,2014-12-03,4000.0,3900,4100
Tadepalligudem,2014-12-04,4000.0,3900,4100
Tadepalligudem,2014-12-05,4000.0,3900,4100
Tadepalligudem,2014-12-06,4000.0,3900,4100
Tadepalligudem,2014-12-07,4100.0,4000,4200
Tadepalligudem,2014-12-08,4100.0,4000,4200
Tadepalligudem,2014-12-09,4100.0,4000,4200
Tadepalligudem,2014-12-10,4100.0,4000,4200
Tadepalligudem,2014-12-11,4100.0,4000,4200
Tadepalligudem,2014-12-12,4100.0,4000,4200
Tadepalligudem,2014-12-13,4100.0,4000,4200
Tadepalligudem,2014-12-14,4100.0,4000,4200
Tadepalligudem,2014-12-15,4100.0,4000,4200
Tadepalligudem,2014-12-16,4100.0,4000,4200
Tadepalligudem,2014-12-17,4100.0,4000,4200
Tadepalligudem,2014-12-18,4100.0,4000,4200
Tadepalligudem,2014-12-19,4100.0,4000,4200
Tadepalligudem,2014-12-20,4100.0,4000,4200
Tadepalligudem,2014-12-21,4100.0,4000,4200
Tadepalligudem,2014-12-22,4100.0,4000,4200
Tadepalligudem,2014-12-23,4100.0,4000,4200
Tadepalligudem,2014-12-27,4100.0,4000,4200
Tadepalligudem,2014-12-28,4100.0,4000,4200
Tadepalligudem,2014-12-29,4100.0,4000,4200
Tadepalligudem,2014-12-30,4100.0,4000,4200
Tadepalligudem,2014-12-31,4100.0,4000,4200
Tadepalligudem,2015-01-01,4100.0,4000,4200
Tadepalligudem,2015-01-02,4100.0,4000,4200
Tadepalligudem,2015-01-03,4100.0,4000,4200
Tadepalligudem,2015-01-04,4100.0,4000,4200
Tadepalligudem,2015-01-05,4100.0,4000,4200
Tadepalligudem,2015-01-06,4100.0,4000,4200
Tadepalligudem,2015-01-07,4100.0,4000,4200
Tadepalligudem,2015-01-08,4100.0,4000,4200
Tadepalligudem,2015-01-09,4100.0,4000,4200
Tadepalligudem,2015-01-10,4100.0,4000,4200
Tadepalligudem,2015-01-11,4100.0,4000,4200
Tadepalligudem,2015-01-12,4100.0,4000,4200
Tadepalligudem,2015-01-13,4100.0,4000,4200
Tadepalligudem,2015-01-14,4100.0,4000,4200
Tadepalligudem,2015-01-15,4100.0,4000,4200
Tadepalligudem,2015-01-16,4100.0,4000,4200
Tadepalligudem,2015-01-17,4200.0,4100,4300
Tadepalligudem,2015-01-18,4200.0,4100,4300
Tadepalligudem,2015-01-19,4200.0,4100,4300
Tadepalligudem,2015-01-20,4200.0,4100,4300
Tadepalligudem,2015-01-21,4200.0,4100,4300
Tadepalligudem,2015-01-22,4200.0,4100,4300
Tadepalligudem,2015-01-23,4200.0,4100,4300
Tadepalligudem,2015-01-24,4200.0,4100,4300
Tadepalligudem,2015-01-25,4000.0,3900,4100
Tadepalligudem,2015-01-26,4000.0,3900,4100
Tadepalligudem,2015-01-27,4000.0,3900,4100
Tadepalligudem,2015-01-28,4000.0,3900,4100
Tadepalligudem,2015-01-29,4000.0,3900,4100
Tadepalligudem,2015-01-30,4000.0,3900,4100
Tadepalligudem,2015-01-31,4000.0,3900,4100
Tadepalligudem,2015-02-01,3900.0,3800,4000
Tadepalligudem,2015-02-02,3900.0,3800,4000
Tadepalligudem,2015-02-03,3900.0,3800,4000
Tadepalligudem,2015-02-04,3700.0,3600,3800
Tadepalligudem,2015-02-05,3700.0,3600,3800
Tadepalligudem,2015-02-06,3700.0,3600,3800
Tadepalligudem,2015-02-07,3700.0,3600,3800
Tadepalligudem,2015-02-08,3700.0,3600,3800
Tadepalligudem,2015-02-09,3700.0,3600,3800
Tadepalligudem,2015-02-10,3700.0,3600,3800
Tadepalligudem,2015-02-11,3700.0,3600,3800
Tadepalligudem,2015-02-12,3700.0,3600,3800
Tadepalligudem,2015-02-13,3700.0,3600,3800
Tadepalligudem,2015-02-14,3700.0,3600,3800
Tadepalligudem,2015-02-15,3700.0,3600,3800
Tadepalligudem,2015-02-16,3700.0,3600,3800
Tadepalligudem,2015-02-17,3700.0,3600,3800
Tadepalligudem,2015-02-18,3700.0,3600,3800
Tadepalligudem,2015-02-19,3700.0,3600,3800
Tadepalligudem,2015-02-20,3500.0,3400,3600
Tadepalligudem,2015-02-21,3500.0,3400,3600
Tadepalligudem,2015-02-22,3500.0,3400,3600
Tadepalligudem,2015-02-23,3500.0,3400,3600
Tadepalligudem,2015-02-24,3500.0,3400,3600
Tadepalligudem,2015-02-25,3300.0,3200,3400
Tadepalligudem,2015-02-26,3300.0,3200,3400
Tadepalligudem,2015-02-27,3300.0,3200,3400
Tadepalligudem,2015-02-28,3300.0,3200,3400
Tadepalligudem,2015-03-01,3300.0,3200,3400
Tadepalligudem,2015-03-02,3300.0,3200,3400
Tadepalligudem,2015-03-03,3300.0,3200,3400
Tadepalligudem,2015-03-04,3300.0,3200,3400
Tadepalligudem,2015-03-05,3300.0,3200,3400
Tadepalligudem,2015-03-06,3300.0,3200,3400
Tadepalligudem,2015-03-07,3300.0,3200,3400
Tadepalligudem,2015-03-08,3300.0,3200,3400
Tadepalligudem,2015-03-09,3100.0,3000,3200
Tadepalligudem,2015-03-10,3100.0,3000,3200
Tadepalligudem,2015-03-11,3100.0,3000,3200
Tadepalligudem,2015-03-12,3100.0,3000,3200
Tadepalligudem,2015-03-13,3100.0,3000,3200
Tadepalligudem,2015-03-14,3100.0,3000,3200
Tadepalligudem,2015-03-16,3100.0,3000,3200
Tadepalligudem,2015-03-17,3100.0,3000,3200
Tadepalligudem,2015-03-18,3100.0,3000,3200
Tadepalligudem,2015-03-19,3100.0,3000,3200
Tadepalligudem,2015-04-01,3000.0,2900,3100
Tadepalligudem,2015-04-02,3000.0,2900,3100
Tadepalligudem,2015-04-03,3000.0,2900,3100
Tadepalligudem,2015-04-04,3000.0,2900,3100
Tadepalligudem,2015-04-05,3000.0,2900,3100
Tadepalligudem,2015-04-06,3000.0,2900,3100
Tadepalligudem,2015-04-07,3100.0,3000,3200
Tadepalligudem,2015-04-08,3100.0,3000,3200
Tadepalligudem,2015-04-09,3100.0,3000,3200
Tadepalligudem,2015-04-10,3300.0,3200,3400
Tadepalligudem,2015-04-11,3300.0,3200,3400
Tadepalligudem,2015-04-12,3300.0,3200,3400
Tadepalligudem,2015-04-13,3300.0,3200,3400
Tadepalligudem,2015-04-14,3300.0,3200,3400
Tadepalligudem,2015-04-15,3300.0,3200,3400
Tadepalligudem,2015-04-16,3300.0,3200,3400
Tadepalligudem,2015-04-17,3300.0,3200,3400
Tadepalligudem,2015-04-18,3300.0,3200,3400
Tadepalligudem,2015-04-19,3200.0,3100,3300
Tadepalligudem,2015-04-20,3200.0,3100,3300
Tadepalligudem,2015-04-21,3200.0,3100,3300
Tadepalligudem,2015-04-22,3200.0,3100,3300
Tadepalligudem,2015-04-23,3200.0,3100,3300
Tadepalligudem,2015-04-24,3200.0,3100,3300
Tadepalligudem,2015-04-25,3200.0,3100,3300
Tadepalligudem,2015-04-26,3200.0,3100,3300
Tadepalligudem,2015-04-27,3200.0,3100,3300
Tadepalligudem,2015-04-28,3200.0,3100,3300
Tadepalligudem,2015-04-29,3200.0,3100,3300
Tadepalligudem,2015-04-30,3200.0,3100,3300
Tadepalligudem,2015-05-01,3200.0,3100,3300
Tadepalligudem,2015-05-02,3200.0,3100,3300
Tadepalligudem,2015-05-03,3200.0,3100,3300
Tadepalligudem,2015-05-04,3200.0,3100,3300
Tadepalligudem,2015-05-05,3200.0,3100,3300
Tadepalligudem,2015-05-06,3300.0,3200,3400
Tadepalligudem,2015-05-07,3300.0,3200,3400
Tadepalligudem,2015-05-08,3300.0,3200,3400
Tadepalligudem,2015-05-09,3300.0,3200,3400
Tadepalligudem,2015-05-10,3300.0,3200,3400
Tadepalligudem,2015-05-11,3300.0,3200,3400
Tadepalligudem,2015-05-12,3300.0,3200,3400
Tadepalligudem,2015-05-13,3300.0,3200,3400
Tadepalligudem,2015-05-14,3300.0,3200,3400
Tadepalligudem,2015-05-15,3300.0,3200,3400
Tadepalligudem,2015-05-16,3300.0,3200,3400
Tadepalligudem,2015-05-17,3300.0,3200,3400
Tadepalligudem,2015-05-18,3300.0,3200,3400
Tadepalligudem,2015-05-19,3300.0,3200,3400
Tadepalligudem,2015-05-20,3300.0,3200,3400
Tadepalligudem,2015-05-21,3300.0,3200,3400
Tadepalligudem,2015-05-22,3400.0,3300,3500
Tadepalligudem,2015-05-23,3400.0,3300,3500
Tadepalligudem,2015-05-24,3400.0,3300,3500
Tadepalligudem,2015-05-25,3400.0,3300,3500
Tadepalligudem,2015-05-26,3400.0,3300,3500
Tadepalligudem,2015-05-27,3400.0,3300,3500
Tadepalligudem,2015-05-28,3400.0,3300,3500
Tadepalligudem,2015-05-29,3500.0,3400,3600
Tadepalligudem,2015-05-30,3500.0,3400,3600
Tadepalligudem,2015-06-01,3500.0,3400,3600
Tadepalligudem,2015-06-02,3500.0,3400,3600
Tadepalligudem,2015-06-03,3500.0,3400,3600
Tadepalligudem,2015-06-04,3500.0,3400,3600
Tadepalligudem,2015-06-05,3500.0,3400,3600
Tadepalligudem,2015-06-06,3500.0,3400,3600
Tadepalligudem,2015-06-07,3500.0,3400,3600
Tadepalligudem,2015-06-08,3500.0,3400,3600
Tadepalligudem,2015-06-09,3500.0,3400,3600
Tadepalligudem,2015-06-10,3500.0,3400,3600
Tadepalligudem,2015-06-11,3500.0,3400,3600
Tadepalligudem,2015-06-12,3500.0,3400,3600
Tadepalligudem,2015-06-13,3500.0,3400,3600
Tadepalligudem,2015-06-14,3500.0,3400,3600
Tadepalligudem,2015-06-15,3500.0,3400,3600
Tadepalligudem,2015-06-16,3500.0,3400,3600
Tadepalligudem,2015-06-17,3500.0,3400,3600
Tadepalligudem,2015-06-18,3500.0,3400,3600
Tadepalligudem,2015-06-19,3500.0,3400,3600
Tadepalligudem,2015-06-20,3500.0,3400,3600
Tadepalligudem,2015-06-21,3500.0,3400,3600
Tadepalligudem,2015-06-22,3500.0,3400,3600
Tadepalligudem,2015-06-23,3500.0,3400,3600
Tadepalligudem,2015-06-24,3500.0,3400,3600
Tadepalligudem,2015-06-25,3500.0,3400,3600
Tadepalligudem,2015-06-26,3500.0,3400,3600
Tadepalligudem,2015-06-27,3500.0,3400,3600
Tadepalligudem,2015-06-28,3400.0,3300,3500
Tadepalligudem,2015-06-29,3500.0,3400,3600
Tadepalligudem,2015-06-30,3500.0,3400,3600
Tadepalligudem,2015-07-01,3500.0,3400,3600
Tadepalligudem,2015-07-02,3500.0,3400,3600
Tadepalligudem,2015-07-03,3500.0,3400,3600
Tadepalligudem,2015-07-04,3500.0,3400,3600
Tadepalligudem,2015-07-05,3500.0,3400,3600
Tadepalligudem,2015-07-06,3400.0,3300,3500
Tadepalligudem,2015-07-07,3400.0,3300,3500
Tadepalligudem,2015-07-08,3400.0,3300,3500
Tadepalligudem,2015-07-09,3400.0,3300,3500
Tadepalligudem,2015-07-10,3600.0,3500,3700
Tadepalligudem,2015-07-11,3600.0,3500,3700
Tadepalligudem,2015-07-12,3600.0,3500,3700
Tadepalligudem,2015-07-13,3600.0,3500,3700
Tadepalligudem,2015-07-14,3600.0,3500,3700
Tadepalligudem,2015-07-15,3600.0,3500,3700
Tadepalligudem,2015-07-16,3600.0,3500,3700
Tadepalligudem,2015-07-17,3600.0,3500,3700
Tadepalligudem,2015-07-18,3600.0,3500,3700
Tadepalligudem,2015-07-19,3600.0,3500,3700
Tadepalligudem,2015-07-20,3600.0,3500,3700
Tadepalligudem,2015-07-21,3500.0,3400,3600
Tadepalligudem,2015-07-22,3500.0,3400,3600
Tadepalligudem,2015-07-23,3500.0,3400,3600
Tadepalligudem,2015-07-24,3500.0,3400,3600
Tadepalligudem,2015-07-25,3500.0,3400,3600
Tadepalligudem,2015-07-26,3500.0,3400,3600
Tadepalligudem,2015-07-27,3500.0,3400,3600
Tadepalligudem,2015-07-28,3500.0,3400,3600
Tadepalligudem,2015-08-01,3600.0,3500,3700
Tadepalligudem,2015-08-02,3600.0,3500,3700
Tadepalligudem,2015-08-03,3600.0,3500,3700
Tadepalligudem,2015-08-04,3600.0,3500,3700
Tadepalligudem,2015-08-05,3600.0,3500,3700
Tadepalligudem,2015-08-06,3600.0,3500,3700
Tadepalligudem,2015-08-07,3600.0,3500,3700
Tadepalligudem,2015-08-11,3600.0,3500,3700
Tadepalligudem,2015-08-12,3600.0,3500,3700
Tadepalligudem,2015-08-13,3600.0,3500,3700
Tadepalligudem,2015-08-14,3600.0,3500,3700
Tadepalligudem,2015-08-15,3600.0,3500,3700
Tadepalligudem,2015-08-16,3600.0,3500,3700
Tadepalligudem,2015-08-17,3600.0,3500,3700
Tadepalligudem,2015-08-18,3700.0,3600,3800
Tadepalligudem,2015-08-19,3700.0,3600,3800
Tadepalligudem,2015-08-20,3700.0,3600,3800
Tadepalligudem,2015-08-21,3700.0,3600,3800
Tadepalligudem,2015-08-22,3700.0,3600,3800
Tadepalligudem,2015-08-23,3700.0,3600,3800
Tadepalligudem,2015-08-24,3700.0,3600,3800
Tadepalligudem,2015-08-25,3700.0,3600,3800
Tadepalligudem,2015-08-26,3700.0,3600,3800
Tadepalligudem,2015-08-27,3700.0,3600,3800
Tadepalligudem,2015-08-29,3700.0,3600,3800
Tadepalligudem,2015-08-30,3700.0,3600,3800
Tadepalligudem,2015-08-31,3700.0,3600,3800
Tadepalligudem,2015-09-04,3700.0,3600,3800
Tadepalligudem,2015-09-05,3700.0,3600,3800
Tadepalligudem,2015-09-06,3700.0,3600,3800
Tadepalligudem,2015-09-07,3700.0,3600,3800
Tadepalligudem,2015-09-11,3700.0,3600,3800
Tadepalligudem,2015-09-12,3700.0,3600,3800
Tadepalligudem,2015-09-13,3700.0,3600,3800
Tadepalligudem,2015-09-14,3700.0,3600,3800
Tadepalligudem,2015-09-15,3700.0,3600,3800
Tadepalligudem,2015-09-18,3700.0,3600,3800
Tadepalligudem,2015-09-19,3700.0,3600,3800
Tadepalligudem,2015-09-20,3700.0,3600,3800
Tadepalligudem,2015-09-21,3700.0,3600,3800
Tadepalligudem,2015-09-23,3600.0,3500,3700
Tadepalligudem,2015-09-24,3600.0,3500,3700
Tadepalligudem,2015-09-25,3600.0,3500,3700
Tadepalligudem,2015-09-26,3600.0,3500,3700
Tadepalligudem,2015-09-27,3600.0,3500,3700
Tadepalligudem,2015-09-28,3600.0,3500,3700
Tadepalligudem,2015-09-29,3600.0,3500,3700
Tadepalligudem,2015-09-30,3600.0,3500,3700
Tadepalligudem,2015-10-01,3600.0,3500,3700
Tadepalligudem,2015-10-03,3600.0,3500,3700
Tadepalligudem,2015-10-04,3600.0,3500,3700
Tadepalligudem,2015-10-05,3600.0,3500,3700
Tadepalligudem,2015-10-10,3600.0,3500,3700
Tadepalligudem,2015-10-11,3600.0,3500,3700
Tadepalligudem,2015-10-15,3700.0,3600,3800
Tadepalligudem,2015-10-16,3700.0,3600,3800
Tadepalligudem,2015-10-17,3700.0,3600,3800
Tadepalligudem,2015-11-01,3700.0,3600,3800
Tadepalligudem,2015-11-02,3700.0,3600,3800
Tadepalligudem,2015-11-03,3700.0,3600,3800
Tadepalligudem,2015-11-04,3700.0,3600,3800
Tadepalligudem,2015-11-06,3700.0,3600,3800
Tadepalligudem,2015-11-07,3700.0,3600,3800
Tadepalligudem,2015-11-08,3700.0,3600,3800
Tadepalligudem,2015-11-09,3700.0,3600,3800
Tadepalligudem,2015-11-10,3700.0,3600,3800
Tadepalligudem,2015-11-11,3700.0,3600,3800
Tadepalligudem,2015-11-12,3700.0,3600,3800
Tadepalligudem,2015-11-17,3700.0,3600,3800
Tadepalligudem,2015-11-18,3700.0,3600,3800
Tadepalligudem,2015-11-19,3700.0,3600,3800
Tadepalligudem,2015-11-20,3700.0,3600,3800
Tadepalligudem,2015-11-21,3700.0,3600,3800
Tadepalligudem,2015-11-22,3700.0,3600,3800
Tadepalligudem,2015-11-23,3700.0,3600,3800
Tadepalligudem,2015-11-24,3700.0,3600,3800
Tadepalligudem,2015-11-25,3700.0,3600,3800
Tadepalligudem,2015-11-26,3700.0,3600,3800
Tadepalligudem,2015-11-27,3700.0,3600,3800
Tadepalligudem,2015-11-28,3700.0,3600,3800
Tadepalligudem,2015-11-29,3700.0,3600,3800
Tadepalligudem,2015-11-30,3700.0,3600,3800
Tadepalligudem,2015-12-01,3700.0,3600,3800
Tadepalligudem,2015-12-02,3700.0,3600,3800
Tadepalligudem,2015-12-03,3700.0,3600,3800
Tadepalligudem,2015-12-04,3700.0,3600,3800
Tadepalligudem,2015-12-05,3700.0,3600,3800
Tadepalligudem,2015-12-06,3700.0,3600,3800
Tadepalligudem,2015-12-07,3700.0,3600,3800
Tadepalligudem,2015-12-08,3700.0,3600,3800
Tadepalligudem,2015-12-09,3700.0,3600,3800
Tadepalligudem,2015-12-11,3700.0,3600,3800
Tadepalligudem,2015-12-12,3700.0,3600,3800
Tadepalligudem,2015-12-13,3700.0,3600,3800
Tadepalligudem,2015-12-14,3700.0,3600,3800
Tadepalligudem,2015-12-15,3700.0,3600,3800
Tadepalligudem,2015-12-16,3700.0,3600,3800
Tadepalligudem,2015-12-17,3700.0,3600,3800
Tadepalligudem,2015-12-18,3700.0,3600,3800
Tadepalligudem,2015-12-19,3700.0,3600,3800
Tadepalligudem,2015-12-20,3700.0,3600,3800
Tadepalligudem,2015-12-21,3700.0,3600,3800
Tadepalligudem,2015-12-22,3700.0,3600,3800
Tadepalligudem,2015-12-23,3700.0,3600,3800
Tadepalligudem,2015-12-24,3700.0,3600,3800
Tadepalligudem,2015-12-25,3700.0,3600,3800
Tadepalligudem,2015-12-26,3600.0,3500,3700
Tadepalligudem,2015-12-27,3600.0,3500,3700
Tadepalligudem,2015-12-28,3600.0,3500,3700
Tadepalligudem,2015-12-29,3600.0,3500,3700
Tadepalligudem,2015-12-30,3600.0,3500,3700
Tadepalligudem,2016-01-01,3600.0,3500,3700
Tadepalligudem,2016-01-02,3600.0,3500,3700
Tadepalligudem,2016-01-03,3500.0,3400,3600
Tadepalligudem,2016-01-04,3500.0,3400,3600
Tadepalligudem,2016-01-05,3500.0,3400,3600
Tadepalligudem,2016-01-06,3500.0,3400,3600
Tadepalligudem,2016-01-07,3500.0,3400,3600
Tadepalligudem,2016-01-08,3500.0,3400,3600
Tadepalligudem,2016-01-09,3500.0,3400,3600
Tadepalligudem,2016-01-11,3500.0,3400,3600
Tadepalligudem,2016-01-12,3500.0,3400,3600
Tadepalligudem,2016-01-13,3500.0,3400,3600
Tadepalligudem,2016-01-14,3500.0,3400,3600
Tadepalligudem,2016-01-15,3500.0,3400,3600
Tadepalligudem,2016-01-16,3500.0,3400,3600
Tadepalligudem,2016-01-17,3500.0,3400,3600
Tadepalligudem,2016-01-18,3500.0,3400,3600
Tadepalligudem,2016-01-19,3500.0,3400,3600
Tadepalligudem,2016-01-20,3500.0,3400,3600
Tadepalligudem,2016-01-21,3500.0,3400,3600
Tadepalligudem,2016-01-22,3500.0,3400,3600
Tadepalligudem,2016-01-23,3500.0,3400,3600
Tadepalligudem,2016-02-02,3500.0,3400,3600
Tadepalligudem,2016-02-03,3400.0,3300,3500
Tadepalligudem,2016-02-04,3400.0,3300,3500
Tadepalligudem,2016-02-05,3400.0,3300,3500
Tadepalligudem,2016-02-06,3400.0,3300,3500
Tadepalligudem,2016-02-07,3400.0,3300,3500
Tadepalligudem,2016-02-08,3400.0,3300,3500
Tadepalligudem,2016-02-09,3400.0,3300,3500
Tadepalligudem,2016-02-10,3400.0,3300,3500
Tadepalligudem,2016-02-11,3400.0,3300,3500
Tadepalligudem,2016-02-12,3400.0,3300,3500
Tadepalligudem,2016-02-13,3400.0,3300,3500
Tadepalligudem,2016-02-14,3400.0,3300,3500
Tadepalligudem,2016-02-15,3400.0,3300,3500
Tadepalligudem,2016-02-16,3400.0,3300,3500
Tadepalligudem,2016-02-17,3400.0,3300,3500
Tadepalligudem,2016-02-18,3400.0,3300,3500
Tadepalligudem,2016-02-20,3400.0,3300,3500
Tadepalligudem,2016-02-21,3400.0,3300,3500
Tadepalligudem,2016-02-22,3400.0,3300,3500
Tadepalligudem,2016-02-23,3400.0,3300,3500
Tadepalligudem,2016-02-24,3400.0,3300,3500
Tadepalligudem,2016-02-25,3400.0,3300,3500
Tadepalligudem,2016-02-26,3400.0,3300,3500
Tadepalligudem,2016-02-27,3400.0,3300,3500
Tadepalligudem,2016-02-28,3400.0,3300,3500
Tadepalligudem,2016-02-29,3400.0,3300,3500
Tadepalligudem,2016-03-08,3500.0,3400,3600
Tadepalligudem,2016-03-09,3500.0,3400,3600
Tadepalligudem,2016-03-10,3500.0,3400,3600
Tadepalligudem,2016-03-11,3500.0,3400,3600
Tadepalligudem,2016-03-12,3500.0,3400,3600
Tadepalligudem,2016-03-13,3500.0,3400,3600
Tadepalligudem,2016-03-14,3500.0,3400,3600
Tadepalligudem,2016-03-15,3500.0,3400,3600
Tadepalligudem,2016-03-16,3500.0,3400,3600
Tadepalligudem,2016-03-20,3500.0,3400,3600
Tadepalligudem,2016-03-21,3500.0,3400,3600
Tadepalligudem,2016-03-22,3500.0,3400,3600
Tadepalligudem,2016-03-23,3500.0,3400,3600
Tadepalligudem,2016-03-24,3500.0,3400,3600
Tadepalligudem,2016-03-26,3600.0,3500,3700
Tadepalligudem,2016-03-27,3600.0,3500,3700
Tadepalligudem,2016-03-28,3600.0,3500,3700
Tadepalligudem,2016-03-29,3600.0,3500,3700
Tadepalligudem,2016-04-01,3600.0,3500,3700
Tadepalligudem,2016-04-06,3600.0,3500,3700
Tadepalligudem,2016-04-07,3600.0,3500,3700
Tadepalligudem,2016-04-08,3600.0,3500,3700
Tadepalligudem,2016-04-09,3700.0,3600,3800
Tadepalligudem,2016-04-10,3700.0,3600,3800
Tadepalligudem,2016-04-11,3700.0,3600,3800
Tadepalligudem,2016-04-12,3700.0,3600,3800
Tadepalligudem,2016-04-20,3500.0,3400,3600
Tadepalligudem,2016-04-21,3500.0,3400,3600
Tadepalligudem,2016-04-22,3500.0,3400,3600
Tadepalligudem,2016-04-23,3500.0,3400,3600
Tadepalligudem,2016-04-24,3500.0,3400,3600
Tadepalligudem,2016-04-25,3600.0,3500,3700
Tadepalligudem,2016-04-26,3600.0,3500,3700
Tadepalligudem,2016-04-27,3600.0,3500,3700
Tadepalligudem,2016-04-28,3600.0,3500,3700
Tadepalligudem,2016-04-29,3600.0,3500,3700
Tadepalligudem,2016-04-30,3600.0,3500,3700
Tadepalligudem,2016-05-01,3500.0,3400,3600
Tadepalligudem,2016-05-02,3500.0,3400,3600
Tadepalligudem,2016-05-03,3500.0,3400,3600
Tadepalligudem,2016-05-04,3500.0,3400,3600
Tadepalligudem,2016-05-05,3500.0,3400,3600
Tadepalligudem,2016-05-06,3500.0,3400,3600
Tadepalligudem,2016-05-07,3500.0,3400,3600
Tadepalligudem,2016-05-08,3500.0,3400,3600
Tadepalligudem,2016-05-09,3500.0,3400,3600
Tadepalligudem,2016-05-10,3500.0,3400,3600
Tadepalligudem,2016-05-11,3600.0,3500,3700
Tadepalligudem,2016-05-12,3600.0,3500,3700
Tadepalligudem,2016-05-13,3600.0,3500,3700
Tadepalligudem,2016-05-14,3600.0,3500,3700
Tadepalligudem,2016-05-15,3600.0,3500,3700
Tadepalligudem,2016-05-16,3600.0,3500,3700
Tadepalligudem,2016-05-17,3600.0,3500,3700
Tadepalligudem,2016-06-01,3700.0,3600,3800
Tadepalligudem,2016-06-02,3700.0,3600,3800
Tadepalligudem,2016-06-03,3700.0,3600,3800
Tadepalligudem,2016-06-04,3700.0,3600,3800
Tadepalligudem,2016-06-05,3700.0,3600,3800
Tadepalligudem,2016-06-06,3700.0,3600,3800
Tadepalligudem,2016-06-08,3700.0,3600,3800
Tadepalligudem,2016-06-09,3700.0,3600,3800
Tadepalligudem,2016-06-10,3700.0,3600,3800
Tadepalligudem,2016-06-11,3800.0,3700,3900
Tadepalligudem,2016-06-12,3800.0,3700,3900
Tadepalligudem,2016-06-13,3800.0,3700,3900
Tadepalligudem,2016-06-14,3800.0,3700,3900
Tadepalligudem,2016-06-15,3800.0,3700,3900
Tadepalligudem,2016-06-17,3800.0,3700,3900
Tadepalligudem,2016-06-18,3800.0,3700,3900
Tadepalligudem,2016-06-19,3800.0,3700,3900
Tadepalligudem,2016-06-20,3800.0,3700,3900
Tadepalligudem,2016-06-22,3800.0,3700,3900
Tadepalligudem,2016-06-23,3800.0,3700,3900
Tadepalligudem,2016-06-24,3800.0,3700,3900
Tadepalligudem,2016-06-25,3800.0,3700,3900
Tadepalligudem,2016-06-26,3800.0,3700,3900
Tadepalligudem,2016-06-27,3800.0,3700,3900
Tadepalligudem,2016-06-28,3800.0,3700,3900
Tadepalligudem,2016-06-29,3800.0,3700,3900
Tadepalligudem,2016-07-01,3900.0,3800,4000
Tadepalligudem,2016-07-02,3900.0,3800,4000
Tadepalligudem,2016-07-03,3900.0,3800,4000
Tadepalligudem,2016-07-04,3900.0,3800,4000
Tadepalligudem,2016-07-05,3900.0,3800,4000
Tadepalligudem,2016-07-06,3900.0,3800,4000
Tadepalligudem,2016-07-07,3900.0,3800,4000
Tadepalligudem,2016-07-08,3800.0,3700,3900
Tadepalligudem,2016-07-09,3800.0,3700,3900
Tadepalligudem,2016-07-10,3800.0,3700,3900
Tadepalligudem,2016-07-11,3800.0,3700,3900
Tadepalligudem,2016-07-12,3800.0,3700,3900
Tadepalligudem,2016-07-13,3900.0,3800,4000
Tadepalligudem,2016-07-14,4000.0,3900,4100
Tadepalligudem,2016-07-15,4000.0,3900,4100
Tadepalligudem,2016-07-16,4000.0,3900,4100
Tadepalligudem,2016-07-19,3900.0,3800,4000
Tadepalligudem,2016-07-20,3900.0,3800,4000
Tadepalligudem,2016-07-21,4000.0,3900,4100
Tadepalligudem,2016-07-22,4000.0,3900,4100
Tadepalligudem,2016-07-23,4000.0,3900,4100
Tadepalligudem,2016-07-24,4000.0,3900,4100
Tadepalligudem,2016-07-25,3900.0,3800,4100
Tadepalligudem,2016-08-01,4000.0,3900,4100
Tadepalligudem,2016-08-02,4000.0,3900,4100
Tadepalligudem,2016-08-03,4000.0,3900,4100
Tadepalligudem,2016-08-04,4000.0,3900,4100
Tadepalligudem,2016-08-05,4000.0,3900,4100
Tadepalligudem,2016-08-06,4000.0,3900,4100
Tadepalligudem,2016-08-07,4000.0,3900,4100
Tadepalligudem,2016-08-08,4000.0,3900,4100
Tadepalligudem,2016-08-09,4000.0,3900,4100
Tadepalligudem,2016-08-10,4000.0,3900,4100
Tadepalligudem,2016-08-11,4000.0,3900,4100
Tadepalligudem,2016-08-12,3900.0,3800,4000
Tadepalligudem,2016-08-13,3900.0,3800,4000
Tadepalligudem,2016-08-14,3900.0,3800,4000
Tadepalligudem,2016-08-15,3900.0,3800,4000
Tadepalligudem,2016-08-16,3900.0,3800,4000
Tadepalligudem,2016-08-17,3900.0,3800,4000
Tadepalligudem,2016-08-22,4100.0,4000,4150
Tadepalligudem,2016-08-23,4100.0,4000,4200
Tadepalligudem,2016-08-24,4100.0,4000,4200
Tadepalligudem,2016-08-30,4000.0,3900,4100
Tadepalligudem,2016-08-31,4000.0,3900,4100
Tadepalligudem,2016-09-01,4000.0,3900,4100
Tadepalligudem,2016-09-02,4100.0,4000,4150
Tadepalligudem,2016-09-03,4100.0,4000,4150
Tadepalligudem,2016-09-04,4000.0,3900,4100
Tadepalligudem,2016-09-05,4000.0,3900,4100
Tadepalligudem,2016-09-06,4000.0,3900,4100
Tadepalligudem,2016-09-07,4000.0,3900,4100
Tadepalligudem,2016-09-09,4000.0,3900,4100
Tadepalligudem,2016-09-10,4000.0,3900,4100
Tadepalligudem,2016-09-11,4000.0,3900,4100
Tadepalligudem,2016-09-12,4000.0,3900,4100
Tadepalligudem,2016-09-13,4000.0,3900,4100
Tadepalligudem,2016-09-14,4000.0,3900,4100
Tadepalligudem,2016-09-15,4000.0,3900,4100
Tadepalligudem,2016-09-16,4000.0,3900,4100
Tadepalligudem,2016-09-17,4000.0,3900,4100
Tadepalligudem,2016-09-18,4000.0,3900,4100
Tadepalligudem,2016-09-19,4000.0,3900,4100
Tadepalligudem,2016-09-20,4000.0,3900,4100
Tadepalligudem,2016-09-21,4000.0,3900,4100
Tadepalligudem,2016-09-22,4300.0,4100,4500
Tadepalligudem,2016-09-23,4300.0,4100,4500
Tadepalligudem,2016-09-24,4300.0,4000,4500
Tadepalligudem,2016-09-25,4300.0,4000,4600
Tadepalligudem,2016-09-26,4300.0,4000,4600
Tadepalligudem,2016-09-27,4300.0,4000,4600
Tadepalligudem,2016-09-28,4300.0,4000,4600
Tadepalligudem,2016-09-29,4300.0,4000,4600
Tadepalligudem,2016-09-30,4300.0,4000,4600
Tadepalligudem,2016-10-01,4300.0,4000,4600
Tadepalligudem,2016-10-02,4300.0,4000,4600
Tadepalligudem,2016-10-03,4300.0,4000,4600
Tadepalligudem,2016-10-04,4300.0,4000,4600
Tadepalligudem,2016-10-06,4300.0,3900,4600
Tadepalligudem,2016-10-07,4300.0,3900,4600
Tadepalligudem,2016-10-08,4300.0,4000,4600
Tadepalligudem,2016-10-09,4300.0,4000,4600
Tadepalligudem,2016-10-10,4300.0,4000,4600
Tadepalligudem,2016-10-11,4300.0,4000,4600
Tadepalligudem,2016-10-12,4300.0,4000,4600
Tadepalligudem,2016-10-13,4300.0,4000,4600
Tadepalligudem,2016-10-14,4300.0,4000,4600
Tadepalligudem,2016-10-15,4300.0,4000,4600
Tadepalligudem,2016-10-16,4300.0,4000,4600
Tadepalligudem,2016-10-17,4300.0,4000,4600
Tadepalligudem,2016-10-18,4300.0,4000,4600
Tadepalligudem,2016-10-21,4300.0,3900,4700
Tadepalligudem,2016-10-22,4300.0,3900,4700
Tadepalligudem,2016-10-23,4300.0,3900,4700
Tadepalligudem,2016-10-24,4300.0,3900,4700
Tadepalligudem,2016-10-25,4300.0,3900,4700
Tadepalligudem,2016-10-26,4300.0,3900,4700
Tadepalligudem,2016-10-27,4300.0,3900,4700
Tadepalligudem,2016-10-28,4300.0,3900,4700
Tadepalligudem,2016-11-01,4300.0,3900,4700
Tadepalligudem,2016-11-02,4300.0,3900,4700
Tadepalligudem,2016-11-03,4300.0,3900,4700
Tadepalligudem,2016-11-04,4300.0,3900,4700
Tadepalligudem,2016-11-05,4300.0,3900,4700
Tadepalligudem,2016-11-06,4300.0,3900,4700
Tadepalligudem,2016-11-07,4300.0,3900,4700
Tadepalligudem,2016-11-08,4300.0,3900,4700
Tadepalligudem,2016-11-09,4300.0,3900,4700
Tadepalligudem,2016-11-11,4400.0,3900,4800
Tadepalligudem,2016-11-12,4400.0,3900,4800
Tadepalligudem,2016-11-13,4400.0,3900,4800
Tadepalligudem,2016-11-14,4300.0,3900,4700
Tadepalligudem,2016-11-15,4300.0,3900,4700
Tadepalligudem,2016-11-16,4300.0,3900,4700
Tadepalligudem,2016-11-17,4300.0,3900,4700
Tadepalligudem,2016-11-18,4300.0,3900,4700
Tadepalligudem,2016-11-19,4300.0,3900,4700
Tadepalligudem,2016-11-20,4300.0,3900,4600
Tadepalligudem,2016-11-21,4300.0,3900,4600
Tadepalligudem,2016-11-22,4300.0,3900,4600
Tadepalligudem,2016-11-23,4300.0,3900,4600
Tadepalligudem,2016-11-24,4300.0,3900,4600
Tadepalligudem,2016-11-25,4300.0,3900,4600
Tadepalligudem,2016-11-26,4300.0,3900,4600
Tadepalligudem,2016-11-27,4300.0,3900,4800
Tadepalligudem,2016-11-28,4300.0,3800,4800
Tadepalligudem,2016-11-29,4300.0,3800,4800
Tadepalligudem,2016-11-30,4300.0,3800,4800
Tadepalligudem,2016-12-01,4300.0,3800,4800
Tadepalligudem,2016-12-02,4300.0,3800,4800
Tadepalligudem,2016-12-03,4300.0,3800,4800
Tadepalligudem,2016-12-04,4300.0,3800,4800
Tadepalligudem,2016-12-05,4300.0,3800,4800
Tadepalligudem,2016-12-06,4300.0,3800,4800
Tadepalligudem,2016-12-07,4300.0,3800,4800
Tadepalligudem,2016-12-08,4300.0,3800,4800
Tadepalligudem,2016-12-09,4300.0,3800,4800
Tadepalligudem,2016-12-10,4300.0,3800,4800
Tadepalligudem,2016-12-11,4300.0,3800,4800
Tadepalligudem,2016-12-12,4300.0,3800,4800
Tadepalligudem,2016-12-13,4300.0,3800,4800
Tadepalligudem,2016-12-14,4300.0,3800,4800
Tadepalligudem,2016-12-15,4300.0,3800,4800
Tadepalligudem,2016-12-16,4300.0,3800,4800
Tadepalligudem,2016-12-17,4300.0,3800,4800
Tadepalligudem,2016-12-18,4300.0,3800,4800
Tadepalligudem,2016-12-19,4300.0,3800,4800
Tadepalligudem,2016-12-20,4300.0,3800,4800
Tadepalligudem,2016-12-21,4300.0,3800,4800
Tadepalligudem,2016-12-22,4300.0,3800,4800
Tadepalligudem,2016-12-23,4300.0,3800,4700
Tadepalligudem,2016-12-24,4300.0,3800,4700
Tadepalligudem,2016-12-25,4300.0,3800,4700
Tadepalligudem,2016-12-26,4300.0,3800,4700
Tadepalligudem,2016-12-27,4300.0,3800,4700
Tadepalligudem,2016-12-28,4300.0,3800,4700
Tadepalligudem,2016-12-30,4300.0,3800,4700
Tadepalligudem,2016-12-31,4300.0,3800,4700
Tadepalligudem,2017-01-01,4300.0,3800,4700
Tadepalligudem,2017-01-02,4300.0,3800,4700
Tadepalligudem,2017-01-03,4300.0,3800,4700
Tadepalligudem,2017-01-04,4300.0,3800,4700
Tadepalligudem,2017-01-05,4300.0,3800,4700
Tadepalligudem,2017-01-13,4300.0,3800,4800
Tadepalligudem,2017-01-14,4300.0,3800,4800
Tadepalligudem,2017-01-15,4300.0,3800,4800
Tadepalligudem,2017-01-16,4300.0,3800,4800
Tadepalligudem,2017-01-17,4300.0,3800,4800
Tadepalligudem,2017-01-24,4300.0,3800,4700
Tadepalligudem,2017-01-25,4300.0,3800,4700
Tadepalligudem,2017-01-26,4300.0,3800,4800
Tadepalligudem,2017-01-27,4300.0,3800,4800
Tadepalligudem,2017-01-28,4300.0,3800,4800
Tadepalligudem,2017-01-29,4300.0,3800,4800
Tadepalligudem,2017-01-30,4300.0,3800,4800
Tadepalligudem,2017-01-31,4300.0,3800,4800
Tadepalligudem,2017-02-01,4300.0,3800,4800
Tadepalligudem,2017-02-02,4300.0,3800,4800
Tadepalligudem,2017-02-03,4300.0,3800,4800
Tadepalligudem,2017-02-04,4300.0,3800,4800
Tadepalligudem,2017-02-05,4300.0,3800,4800
Tadepalligudem,2017-02-06,4300.0,3800,4800
Tadepalligudem,2017-02-07,4300.0,3800,4800
Tadepalligudem,2017-02-08,4300.0,3800,4800
Tadepalligudem,2017-02-09,4300.0,3800,4800
Tadepalligudem,2017-02-10,4300.0,3800,4800
Tadepalligudem,2017-02-11,4300.0,3800,4800
Tadepalligudem,2017-02-12,4300.0,3800,4800
Tadepalligudem,2017-02-13,4300.0,3800,4800
Tadepalligudem,2017-02-14,4300.0,3800,4700
Tadepalligudem,2017-02-15,4300.0,3800,4700
Tadepalligudem,2017-02-16,4300.0,3800,4700
Tadepalligudem,2017-02-19,4300.0,3800,4800
Tadepalligudem,2017-02-20,4300.0,3800,4800
Tadepalligudem,2017-02-21,4300.0,3800,4800
Tadepalligudem,2017-02-22,4300.0,3800,4800
Tadepalligudem,2017-02-23,4300.0,3800,4800
Tadepalligudem,2017-02-24,4300.0,3800,4800
Tadepalligudem,2017-02-25,4300.0,3800,4800
Tadepalligudem,2017-02-26,4300.0,3800,4800
Tadepalligudem,2017-02-27,4300.0,3800,4800
Tadepalligudem,2017-02-28,4300.0,3800,4800
Tadepalligudem,2017-03-01,4300.0,3800,4800
Tadepalligudem,2017-03-02,4300.0,3800,4800
Tadepalligudem,2017-03-03,4300.0,3800,4800
Tadepalligudem,2017-03-04,4300.0,3800,4800
Tadepalligudem,2017-03-05,4300.0,3800,4700
Tadepalligudem,2017-03-06,4300.0,3800,4700
Tadepalligudem,2017-03-07,4300.0,3800,4700
Tadepalligudem,2017-03-08,4300.0,3800,4700
Tadepalligudem,2017-03-09,4300.0,3800,4700
Tadepalligudem,2017-03-10,4300.0,3800,4700
Tadepalligudem,2017-03-11,4300.0,3800,4700
Tadepalligudem,2017-03-12,4300.0,3800,4700
Tadepalligudem,2017-03-13,4300.0,3800,4700
Tadepalligudem,2017-03-14,4300.0,3800,4700
Tadepalligudem,2017-03-15,4300.0,3800,4700
Tadepalligudem,2017-03-16,4300.0,3800,4800
Tadepalligudem,2017-03-17,4400.0,4000,4800
Tadepalligudem,2017-03-18,4400.0,4000,4800
Tadepalligudem,2017-03-19,4400.0,4000,4800
Tadepalligudem,2017-03-20,4400.0,4000,4800
Tadepalligudem,2017-03-21,4400.0,4000,4800
Tadepalligudem,2017-03-22,4400.0,4000,4800
Tadepalligudem,2017-03-23,4400.0,4000,4800
Tadepalligudem,2017-04-01,4300.0,3800,4800
Tadepalligudem,2017-04-03,4300.0,3800,4800
Tadepalligudem,2017-04-04,4300.0,3800,4800
Tadepalligudem,2017-04-05,4300.0,3800,4800
Tadepalligudem,2017-04-06,4300.0,3800,4700
Tadepalligudem,2017-04-07,4300.0,3800,4700
Tadepalligudem,2017-04-08,4300.0,3800,4700
Tadepalligudem,2017-04-09,4300.0,3800,4700
Tadepalligudem,2017-04-10,4300.0,3800,4700
Tadepalligudem,2017-04-11,4300.0,3800,4700
Tadepalligudem,2017-04-12,4300.0,3800,4700
Tadepalligudem,2017-04-13,4300.0,3800,4700
Tadepalligudem,2017-04-21,4400.0,3900,4800
Tadepalligudem,2017-04-22,4400.0,3900,4800
Tadepalligudem,2017-04-23,4400.0,3900,4800
Tadepalligudem,2017-04-24,4400.0,3900,4800
Tadepalligudem,2017-04-25,4400.0,3900,4800
Tadepalligudem,2017-04-26,4400.0,3900,4800
Tadepalligudem,2017-05-01,4300.0,3900,4800
Tadepalligudem,2017-05-02,4300.0,3900,4800
Tadepalligudem,2017-05-03,4300.0,3900,4800
Tadepalligudem,2017-05-04,4300.0,3900,4800
Tadepalligudem,2017-05-05,4300.0,3900,4800
Tadepalligudem,2017-05-06,4300.0,3900,4800
Tadepalligudem,2017-05-07,4300.0,3900,4800
Tadepalligudem,2017-05-08,4300.0,3900,4800
Tadepalligudem,2017-05-14,4300.0,3900,4700
Tadepalligudem,2017-05-15,4300.0,3900,4700
Tadepalligudem,2017-05-16,4300.0,3900,4700
Tadepalligudem,2017-05-17,4300.0,3900,4700
Tadepalligudem,2017-05-18,4300.0,3900,4700
Tadepalligudem,2017-05-19,4300.0,3900,4700
Tadepalligudem,2017-05-20,4300.0,3900,4700
Tadepalligudem,2017-05-21,4300.0,3900,4700
Tadepalligudem,2017-05-22,4300.0,3900,4700
Tadepalligudem,2017-05-23,4300.0,3900,4700
Tadepalligudem,2017-05-24,4300.0,3900,4700
Tadepalligudem,2017-05-28,4300.0,3900,4700
Tadepalligudem,2017-05-29,4300.0,3900,4700
Tadepalligudem,2017-05-30,4300.0,3900,4700
Tadepalligudem,2017-05-31,4300.0,3900,4700
Tadepalligudem,2017-06-01,4300.0,3900,4800
Tadepalligudem,2017-06-02,4300.0,3900,4800
Tadepalligudem,2017-06-03,4300.0,3900,4800
Tadepalligudem,2017-06-04,4300.0,3900,4800
Tadepalligudem,2017-06-05,4300.0,3900,4800
Tadepalligudem,2017-06-09,4300.0,3900,4700
Tadepalligudem,2017-06-10,4300.0,3900,4700
Tadepalligudem,2017-06-11,4300.0,3900,4700
Tadepalligudem,2017-06-12,4300.0,3900,4800
Tadepalligudem,2017-06-13,4300.0,3900,4800
Tadepalligudem,2017-06-14,4300.0,4000,4800
Tadepalligudem,2017-06-15,4300.0,4000,4800
Tadepalligudem,2017-06-16,4300.0,4000,4800
Tadepalligudem,2017-06-17,4300.0,4000,4800
Tadepalligudem,2017-06-23,4400.0,3900,4800
Tadepalligudem,2017-06-24,4400.0,3800,4800
Tadepalligudem,2017-06-25,4400.0,3900,4900
Tadepalligudem,2017-06-26,4400.0,3900,4900
Tadepalligudem,2017-06-27,4400.0,3900,4900
Tadepalligudem,2017-06-28,4400.0,3900,4900
Tadepalligudem,2017-07-01,4400.0,3800,4800
Tadepalligudem,2017-07-02,4400.0,4000,4900
Tadepalligudem,2017-07-03,4400.0,4000,4900
Tadepalligudem,2017-07-04,4400.0,4000,4900
Tadepalligudem,2017-07-05,4400.0,4000,4900
Tadepalligudem,2017-07-06,4400.0,3800,4800
Tadepalligudem,2017-07-07,4400.0,3800,4800
Tadepalligudem,2017-07-08,4400.0,3800,4800
Tadepalligudem,2017-07-09,4400.0,3800,4800
Tadepalligudem,2017-07-10,4400.0,3800,4800
Tadepalligudem,2017-07-12,4400.0,4000,4800
Tadepalligudem,2017-07-13,4400.0,4000,4800
Tadepalligudem,2017-07-14,4400.0,4000,4800
Tadepalligudem,2017-07-15,4400.0,4000,4800
Tadepalligudem,2017-07-16,4400.0,4000,4800
Tadepalligudem,2017-07-17,4400.0,4000,4800
Tadepalligudem,2017-07-18,4400.0,4000,4800
Tadepalligudem,2017-07-19,4400.0,4000,4800
Tadepalligudem,2017-07-21,4500.0,4000,4900
Tadepalligudem,2017-07-27,4500.0,4000,4900
Tadepalligudem,2017-07-28,4500.0,4000,4900
Tadepalligudem,2017-07-29,4500.0,4000,4900
Tadepalligudem,2017-07-30,4500.0,4000,4900
Tadepalligudem,2017-07-31,4500.0,4000,4900
Tadepalligudem,2017-08-01,4400.0,4000,4800
Tadepalligudem,2017-08-02,4400.0,4000,4800
Tadepalligudem,2017-08-03,4400.0,4000,4800
Tadepalligudem,2017-08-04,4400.0,4000,4800
Tadepalligudem,2017-08-05,4400.0,4000,4800
Tadepalligudem,2017-08-06,4400.0,4000,4800
Tadepalligudem,2017-08-07,4400.0,4000,4800
Tadepalligudem,2017-08-08,4400.0,4000,4800
Tadepalligudem,2017-08-09,4400.0,4000,4800
Tadepalligudem,2017-08-10,4400.0,4000,4800
Tadepalligudem,2017-08-11,4500.0,4000,4900
Tadepalligudem,2017-08-12,4500.0,4000,4900
Tadepalligudem,2017-08-13,4500.0,4000,4900
Tadepalligudem,2017-08-14,4500.0,4000,4900
Tadepalligudem,2017-08-15,4500.0,4000,4900
Tadepalligudem,2017-08-16,4500.0,4000,4900
Tadepalligudem,2017-08-17,4500.0,4000,4900
Tadepalligudem,2017-08-18,4500.0,4000,4900
Tadepalligudem,2017-08-19,4500.0,4000,4900
Tadepalligudem,2017-08-20,4500.0,4000,4900
Tadepalligudem,2017-08-21,4500.0,4000,4900
Tadepalligudem,2017-08-23,4500.0,4000,4900
Tadepalligudem,2017-08-25,4500.0,4000,4900
Tadepalligudem,2017-08-26,4500.0,4000,4900
Tadepalligudem,2017-08-27,4500.0,4000,4900
Tadepalligudem,2017-08-28,4500.0,4000,4900
Tadepalligudem,2017-08-29,4500.0,4000,4900
Tadepalligudem,2017-08-30,4400.0,4000,4800
Tadepalligudem,2017-08-31,4400.0,4000,4800
Tadepalligudem,2017-09-01,4400.0,4000,4800
Tadepalligudem,2017-09-03,4400.0,4000,4800
Tadepalligudem,2017-09-04,4400.0,4000,4800
Tadepalligudem,2017-09-05,4400.0,4000,4800
Tadepalligudem,2017-09-06,4400.0,4000,4800
Tadepalligudem,2017-09-07,4400.0,4000,4800
Tadepalligudem,2017-09-08,4400.0,4000,4800
Tadepalligudem,2017-09-09,4400.0,4000,4800
Tadepalligudem,2017-09-10,4400.0,4000,4800
Tadepalligudem,2017-09-11,4400.0,4000,4800
Tadepalligudem,2017-09-12,4400.0,4000,4800
Tadepalligudem,2017-09-13,4400.0,4000,4800
Tadepalligudem,2017-09-14,4400.0,4000,4900
Tadepalligudem,2017-09-15,4500.0,4000,4900
Tadepalligudem,2017-09-16,4500.0,4000,4900
Tadepalligudem,2017-09-17,4700.0,4200,5000
Tadepalligudem,2017-09-18,4700.0,4200,5000
Tadepalligudem,2017-09-19,4700.0,4200,5000
Tadepalligudem,2017-09-20,4500.0,4200,5000
Tadepalligudem,2017-09-21,4700.0,4200,5000
Tadepalligudem,2017-09-22,4700.0,4200,5000
Tadepalligudem,2017-09-24,4700.0,4200,5000
Tadepalligudem,2017-09-25,4700.0,4200,5000
Tadepalligudem,2017-09-26,4700.0,4200,5000
Tadepalligudem,2017-09-27,4700.0,4200,5000
Tadepalligudem,2017-09-28,4700.0,4200,5000
Tadepalligudem,2017-09-29,4700.0,4200,5000
Tadepalligudem,2017-10-01,4700.0,4200,5000
Tadepalligudem,2017-10-02,4700.0,4200,5000
Tadepalligudem,2017-10-03,4700.0,4200,5000
Tadepalligudem,2017-10-05,4700.0,4200,5000
Tadepalligudem,2017-10-06,4700.0,4200,5000
Tadepalligudem,2017-10-08,5000.0,4600,5200
Tadepalligudem,2017-10-09,5000.0,4600,5200
Tadepalligudem,2017-10-10,5000.0,4700,5200
Tadepalligudem,2017-10-11,5000.0,4700,5200
Tadepalligudem,2017-10-12,5000.0,4700,5200
Tadepalligudem,2017-10-13,5000.0,4700,5200
Tadepalligudem,2017-10-14,5000.0,4700,5200
Tadepalligudem,2017-10-15,5000.0,4700,5200
Tadepalligudem,2017-10-16,5000.0,4700,5200
Tadepalligudem,2017-10-17,4900.0,4600,5200
Tadepalligudem,2017-10-19,4900.0,4600,5200
Tadepalligudem,2017-10-20,4900.0,4600,5200
Tadepalligudem,2017-10-21,4900.0,4600,5200
Tadepalligudem,2017-10-22,4900.0,4600,5200
Tadepalligudem,2017-10-23,4900.0,4600,5200
Tadepalligudem,2017-10-24,4900.0,4600,5200
Tadepalligudem,2017-10-25,4900.0,4600,5200
Tadepalligudem,2017-10-26,4900.0,4600,5200
Tadepalligudem,2017-10-27,4900.0,4600,5200
Tadepalligudem,2017-10-28,4900.0,4600,5200
Tadepalligudem,2017-10-29,4900.0,4700,5200
Tadepalligudem,2017-10-30,4900.0,4700,5200
Tadepalligudem,2017-10-31,4900.0,4700,5200
Tadepalligudem,2017-11-01,4900.0,4700,5200
Tadepalligudem,2017-11-02,4900.0,4700,5200
Tadepalligudem,2017-11-03,4900.0,4700,5200
Tadepalligudem,2017-11-04,4900.0,4700,5200
Tadepalligudem,2017-11-05,4900.0,4700,5200
Tadepalligudem,2017-11-06,4900.0,4700,5200
Tadepalligudem,2017-11-07,4900.0,4700,5200
Tadepalligudem,2017-11-08,4900.0,4700,5200
Tadepalligudem,2017-11-09,4900.0,4700,5200
Tadepalligudem,2017-11-10,4900.0,4700,5200
Tadepalligudem,2017-11-11,4900.0,4700,5200
Tadepalligudem,2017-11-12,4900.0,4700,5200
Tadepalligudem,2017-11-13,4900.0,4700,5200
Tadepalligudem,2017-11-14,4900.0,4700,5200
Tadepalligudem,2017-11-15,4900.0,4700,5200
Tadepalligudem,2017-11-16,4900.0,4700,5200
Tadepalligudem,2017-11-17,4900.0,4700,5200
Tadepalligudem,2017-11-19,4900.0,4700,5200
Tadepalligudem,2017-11-20,4900.0,4700,5200
Tadepalligudem,2017-11-21,4900.0,4700,5200
Tadepalligudem,2017-11-23,4900.0,4700,5200
Tadepalligudem,2017-11-24,5000.0,4800,5200
Tadepalligudem,2017-11-25,5000.0,4800,5200
Tadepalligudem,2017-11-26,5000.0,4800,5200
Tadepalligudem,2017-11-27,5000.0,4800,5200
Tadepalligudem,2017-11-28,5000.0,4800,5200
Tadepalligudem,2017-11-29,5000.0,4800,5200
Tadepalligudem,2017-11-30,5000.0,4800,5200
Tadepalligudem,2017-12-01,5000.0,4800,5200
Tadepalligudem,2017-12-02,5000.0,4800,5200
Tadepalligudem,2017-12-03,5000.0,4800,5200
Tadepalligudem,2017-12-04,5000.0,4800,5200
Tadepalligudem,2017-12-05,5000.0,4800,5200
Tadepalligudem,2017-12-06,5000.0,4800,5200
Tadepalligudem,2017-12-07,5000.0,4800,5200
Tadepalligudem,2017-12-09,5000.0,4800,5200
Tadepalligudem,2017-12-10,5000.0,4800,5200
Tadepalligudem,2017-12-11,5000.0,4800,5200
Tadepalligudem,2017-12-12,5000.0,4800,5200
Tadepalligudem,2017-12-13,5000.0,4800,5200
Tadepalligudem,2017-12-14,5000.0,4800,5200
Tadepalligudem,2017-12-15,5000.0,4800,5200
Tadepalligudem,2017-12-16,5000.0,4800,5200
Tadepalligudem,2017-12-17,5000.0,4800,5200
Tadepalligudem,2017-12-18,5000.0,4800,5200
Tadepalligudem,2017-12-19,5000.0,4800,5200
Tadepalligudem,2017-12-20,5000.0,4800,5200
Tadepalligudem,2017-12-21,5000.0,4800,5200
Tadepalligudem,2017-12-23,5000.0,4800,5200
Tadepalligudem,2017-12-24,5000.0,4800,5200
Tadepalligudem,2017-12-26,5000.0,4800,5200
Tadepalligudem,2017-12-27,5000.0,4800,5200
Tadepalligudem,2017-12-28,5000.0,4800,5200
Tadepalligudem,2017-12-29,5000.0,4800,5200
Tadepalligudem,2017-12-30,5000.0,4800,5200
Tadepalligudem,2018-01-01,5000.0,4800,5200
Tadepalligudem,2018-01-02,5000.0,4800,5200
Tadepalligudem,2018-01-03,5000.0,4800,5200
Tadepalligudem,2018-01-04,5000.0,4800,5200
Tadepalligudem,2018-01-06,5000.0,4800,5200
Tadepalligudem,2018-01-07,5000.0,4800,5200
Tadepalligudem,2018-01-08,5000.0,4800,5200
Tadepalligudem,2018-01-09,5000.0,4800,5200
Tadepalligudem,2018-01-10,5000.0,4800,5200
Tadepalligudem,2018-01-11,5000.0,4800,5200
Tadepalligudem,2018-01-13,5000.0,4800,5200
Tadepalligudem,2018-01-14,5000.0,4800,5200
Tadepalligudem,2018-01-15,5000.0,4800,5200
Tadepalligudem,2018-01-16,5000.0,4800,5200
Tadepalligudem,2018-01-17,5000.0,4800,5200
Tadepalligudem,2018-01-18,5000.0,4800,5200
Tadepalligudem,2018-01-19,5000.0,4800,5200
Tadepalligudem,2018-01-20,5000.0,4800,5200
Tadepalligudem,2018-01-23,5000.0,4800,5200
Tadepalligudem,2018-01-24,5000.0,4800,5200
Tadepalligudem,2018-01-26,5000.0,4800,5200
Tadepalligudem,2018-01-27,5000.0,4800,5200
Tadepalligudem,2018-01-28,5000.0,4800,5200
Tadepalligudem,2018-01-29,5000.0,4800,5200
Tadepalligudem,2018-01-30,5000.0,4800,5200
Tadepalligudem,2018-02-01,5000.0,4800,5200
Tadepalligudem,2018-02-02,5000.0,4800,5200
Tadepalligudem,2018-02-03,5000.0,4800,5200
Tadepalligudem,2018-02-04,5000.0,4800,5200
Tadepalligudem,2018-02-05,5000.0,4800,5200
Tadepalligudem,2018-02-06,5000.0,4800,5200
Tadepalligudem,2018-02-07,5000.0,4800,5200
Tadepalligudem,2018-02-08,5000.0,4800,5200
Tadepalligudem,2018-02-09,5000.0,4800,5200
Tadepalligudem,2018-02-10,5000.0,4800,5200
Tadepalligudem,2018-02-11,5000.0,4800,5200
Tadepalligudem,2018-02-12,5000.0,4800,5200
Tadepalligudem,2018-02-13,5000.0,4800,5200
Tadepalligudem,2018-02-14,5000.0,4800,5200
Tadepalligudem,2018-02-15,5000.0,4800,5200
Tadepalligudem,2018-02-16,5000.0,4800,5200
Tadepalligudem,2018-02-19,5000.0,4800,5300
Tadepalligudem,2018-02-20,5000.0,4800,5300
Tadepalligudem,2018-02-21,5000.0,4800,5300
Tadepalligudem,2018-02-22,5000.0,4800,5300
Tadepalligudem,2018-02-25,5000.0,4800,5200
Tadepalligudem,2018-02-26,5000.0,4800,5200
Tadepalligudem,2018-02-27,5000.0,4800,5200
Tadepalligudem,2018-02-28,5000.0,4800,5200
Tadepalligudem,2018-03-01,5000.0,4800,5200
Tadepalligudem,2018-03-02,5000.0,4800,5200
Tadepalligudem,2018-03-03,5000.0,4800,5200
Tadepalligudem,2018-03-06,5000.0,4800,5300
Tadepalligudem,2018-03-07,5000.0,4800,5200
Tadepalligudem,2018-03-08,5000.0,4800,5300
Tadepalligudem,2018-03-09,5000.0,4800,5200
Tadepalligudem,2018-03-10,5000.0,4800,5200
Tadepalligudem,2018-03-11,5000.0,4800,5200
Tadepalligudem,2018-03-12,5000.0,4800,5200
Tadepalligudem,2018-03-13,5000.0,4800,5200
Tadepalligudem,2018-03-14,5000.0,4800,5200
Tadepalligudem,2018-03-15,5000.0,4800,5200
Tadepalligudem,2018-03-16,5000.0,4800,5200
Tadepalligudem,2018-03-18,5000.0,4800,5200
Tadepalligudem,2018-03-19,5000.0,4800,5200
Visakhapatnam,2005-07-20,1100.0,950,1500
Visakhapatnam,2005-07-21,2000.0,1800,2200
Visakhapatnam,2005-10-13,1650.0,1600,1700
Visakhapatnam,2005-10-14,1650.0,1600,1700
Visakhapatnam,2005-10-15,1650.0,1600,1700
Visakhapatnam,2005-10-18,1650.0,1600,1700
Visakhapatnam,2005-10-19,1700.0,1650,1750
Visakhapatnam,2005-10-20,1700.0,1650,1750
Visakhapatnam,2005-10-28,1725.0,1700,1750
Visakhapatnam,2005-10-31,1725.0,1700,1750
Visakhapatnam,2005-11-02,1725.0,1700,1750
Visakhapatnam,2005-11-05,1725.0,1700,1750
Visakhapatnam,2005-11-10,1750.0,1700,1850
Visakhapatnam,2005-11-11,1825.0,1800,1850
Visakhapatnam,2005-11-14,1825.0,1800,1850
Visakhapatnam,2005-11-15,1825.0,1800,1850
Visakhapatnam,2005-11-16,1825.0,1800,1850
Visakhapatnam,2005-11-17,1825.0,1800,1850
Visakhapatnam,2005-11-18,1825.0,1800,1850
Visakhapatnam,2005-11-20,1825.0,1800,1850
Visakhapatnam,2005-11-21,1825.0,1800,1850
Visakhapatnam,2005-11-22,1825.0,1800,1850
Visakhapatnam,2005-11-23,1825.0,1800,1850
Visakhapatnam,2005-11-25,1825.0,1800,1850
Visakhapatnam,2005-11-27,1825.0,1800,1850
Visakhapatnam,2005-11-28,1800.0,1750,1850
Visakhapatnam,2005-11-29,1825.0,1800,1850
Visakhapatnam,2005-11-30,1825.0,1800,1850
Visakhapatnam,2005-12-01,1825.0,1800,1850
Visakhapatnam,2005-12-05,1825.0,1800,1850
Visakhapatnam,2005-12-06,1825.0,1800,1850
Visakhapatnam,2005-12-09,1825.0,1800,1850
Visakhapatnam,2005-12-10,1825.0,1800,1850
Visakhapatnam,2005-12-11,1825.0,1800,1850
Visakhapatnam,2005-12-12,1825.0,1800,1850
Visakhapatnam,2005-12-13,1825.0,1800,1850
Visakhapatnam,2005-12-14,1800.0,1780,1800
Visakhapatnam,2005-12-15,1800.0,1780,1800
Visakhapatnam,2005-12-16,1800.0,1780,1800
Visakhapatnam,2005-12-17,1800.0,1780,1800
Visakhapatnam,2005-12-18,1800.0,1780,1800
Visakhapatnam,2005-12-19,1800.0,1780,1800
Visakhapatnam,2005-12-21,1800.0,1780,1800
Visakhapatnam,2005-12-22,1800.0,1780,1800
Visakhapatnam,2005-12-23,1800.0,1780,1800
Visakhapatnam,2005-12-28,1780.0,1260,1800
Visakhapatnam,2006-01-02,1810.0,1800,1820
Visakhapatnam,2006-01-21,1790.0,1780,1800
Visakhapatnam,2006-01-23,1790.0,1780,1800
Visakhapatnam,2006-01-24,1790.0,1780,1800
Visakhapatnam,2006-01-25,1790.0,1780,1800
Visakhapatnam,2006-01-27,1790.0,1780,1800
Visakhapatnam,2006-01-31,1790.0,1780,1800
Visakhapatnam,2006-02-02,1790.0,1780,1800
Visakhapatnam,2006-02-03,1790.0,1780,1800
Visakhapatnam,2006-02-04,1770.0,1760,1780
Visakhapatnam,2006-02-06,1770.0,1760,1780
Visakhapatnam,2006-02-07,1770.0,1760,1780
Visakhapatnam,2006-02-08,1770.0,1760,1780
Visakhapatnam,2006-02-10,1770.0,1760,1780
Visakhapatnam,2006-02-13,1770.0,1760,1780
Visakhapatnam,2006-02-20,1865.0,1850,1880
Visakhapatnam,2006-02-23,1865.0,1800,1880
Visakhapatnam,2006-03-01,1890.0,1880,1900
Visakhapatnam,2006-03-02,1890.0,1880,1900
Visakhapatnam,2006-03-03,1890.0,1880,1900
Visakhapatnam,2006-03-04,1890.0,1880,1900
Visakhapatnam,2006-03-06,1890.0,1880,1900
Visakhapatnam,2006-03-22,1700.0,1650,1750
Visakhapatnam,2006-03-23,1750.0,1700,1800
Visakhapatnam,2006-03-24,1750.0,1700,1800
Visakhapatnam,2006-03-25,1740.0,1700,1780
Visakhapatnam,2006-03-27,1740.0,1700,1780
Visakhapatnam,2006-03-28,1750.0,1700,1800
Visakhapatnam,2006-03-29,1750.0,1700,1800
Visakhapatnam,2006-03-31,1850.0,1800,1900
Visakhapatnam,2006-04-01,1850.0,1800,1900
Visakhapatnam,2006-04-03,1850.0,1800,1900
Visakhapatnam,2006-04-04,1850.0,1800,1900
Visakhapatnam,2006-04-06,1825.0,1800,1850
Visakhapatnam,2006-04-10,1900.0,1850,1950
Visakhapatnam,2006-04-13,1900.0,1850,1950
Visakhapatnam,2006-04-17,1825.0,1800,1850
Visakhapatnam,2006-04-19,1825.0,1800,1850
Visakhapatnam,2006-04-20,1825.0,1800,1850
Visakhapatnam,2006-04-21,1800.0,1750,1850
Visakhapatnam,2006-04-22,1850.0,1800,1900
Visakhapatnam,2006-04-26,1825.0,1800,1850
Visakhapatnam,2006-04-27,1850.0,1800,1900
Visakhapatnam,2006-04-29,1900.0,1850,1950
Visakhapatnam,2006-05-01,1900.0,1850,1950
Visakhapatnam,2006-05-02,1900.0,1850,1950
Visakhapatnam,2006-05-03,1900.0,1850,1950
Visakhapatnam,2006-05-04,1900.0,1850,1950
Visakhapatnam,2006-05-06,1900.0,1850,1950
Visakhapatnam,2006-05-08,1900.0,1850,1950
Visakhapatnam,2006-05-09,1900.0,1850,1950
Visakhapatnam,2006-05-10,1900.0,1850,1950
Visakhapatnam,2006-05-11,1900.0,1850,1950
Visakhapatnam,2006-05-12,1850.0,1800,1900
Visakhapatnam,2006-05-15,1850.0,1800,1900
Visakhapatnam,2006-05-16,1850.0,1800,1900
Visakhapatnam,2006-05-17,1850.0,1800,1900
Visakhapatnam,2006-05-18,1850.0,1800,1900
Visakhapatnam,2006-05-19,1850.0,1800,1900
Visakhapatnam,2006-05-23,1850.0,1800,1900
Visakhapatnam,2006-05-24,1850.0,1800,1900
Visakhapatnam,2006-05-26,1850.0,1800,1900
Visakhapatnam,2006-05-27,1850.0,1800,1900
Visakhapatnam,2006-05-29,1850.0,1800,1900
Visakhapatnam,2006-05-30,1850.0,1800,1900
Visakhapatnam,2006-05-31,1850.0,1800,1900
Visakhapatnam,2006-06-01,1900.0,1850,1950
Visakhapatnam,2006-06-02,1900.0,1850,1950
Visakhapatnam,2006-06-05,1850.0,1800,1900
Visakhapatnam,2006-06-08,1850.0,1800,1900
Visakhapatnam,2006-06-09,1850.0,1800,1900
Visakhapatnam,2006-06-12,1850.0,1800,1900
Visakhapatnam,2006-06-13,1850.0,1800,1900
Visakhapatnam,2006-06-14,1850.0,1800,1900
Visakhapatnam,2006-06-15,1850.0,1800,1900
Visakhapatnam,2006-06-16,1850.0,1800,1900
Visakhapatnam,2006-06-17,1850.0,1800,1900
Visakhapatnam,2006-06-20,1850.0,1800,1900
Visakhapatnam,2006-06-21,1850.0,1800,1900
Visakhapatnam,2006-06-23,1850.0,1800,1900
Visakhapatnam,2006-06-26,1825.0,1800,1850
Visakhapatnam,2006-06-29,1810.0,1800,1820
Visakhapatnam,2006-07-07,1790.0,1780,1800
Visakhapatnam,2006-07-10,1765.0,1750,1780
Visakhapatnam,2006-07-11,1760.0,1750,1770
Visakhapatnam,2006-07-12,1760.0,1750,1770
Visakhapatnam,2006-07-14,1760.0,1750,1770
Visakhapatnam,2006-07-17,1765.0,1750,1780
Visakhapatnam,2006-07-19,1765.0,1750,1780
Visakhapatnam,2006-07-20,1765.0,1750,1780
Visakhapatnam,2006-07-22,1155.0,1150,1160
Visakhapatnam,2006-07-24,1775.0,1750,1800
Visakhapatnam,2006-07-25,1725.0,1700,1750
Visakhapatnam,2006-07-27,1725.0,1700,1750
Visakhapatnam,2006-07-29,1725.0,1700,1750
Visakhapatnam,2006-07-31,1725.0,1700,1750
Visakhapatnam,2006-08-02,1750.0,1700,1800
Visakhapatnam,2006-08-04,1725.0,1700,1750
Visakhapatnam,2006-08-05,1725.0,1700,1750
Visakhapatnam,2006-08-07,1725.0,1700,1750
Visakhapatnam,2006-08-08,1710.0,1700,1720
Visakhapatnam,2006-08-10,1725.0,1700,1750
Visakhapatnam,2006-08-14,1725.0,1700,1750
Visakhapatnam,2006-08-17,1725.0,1700,1750
Visakhapatnam,2006-08-19,1710.0,1700,1720
Visakhapatnam,2006-08-21,1715.0,1700,1730
Visakhapatnam,2006-08-22,1715.0,1700,1730
Visakhapatnam,2006-08-23,1715.0,1700,1730
Visakhapatnam,2006-08-24,1720.0,1700,1740
Visakhapatnam,2006-08-25,1720.0,1700,1740
Visakhapatnam,2006-08-26,1720.0,1700,1740
Visakhapatnam,2006-08-28,1720.0,1700,1740
Visakhapatnam,2006-08-29,1725.0,1700,1750
Visakhapatnam,2006-08-30,1725.0,1700,1750
Visakhapatnam,2006-08-31,1725.0,1700,1750
Visakhapatnam,2006-09-02,1725.0,1700,1750
Visakhapatnam,2006-09-04,1725.0,1700,1750
Visakhapatnam,2006-09-05,1725.0,1700,1750
Visakhapatnam,2006-09-06,1725.0,1700,1750
Visakhapatnam,2006-09-11,1725.0,1700,1750
Visakhapatnam,2006-09-12,1750.0,1700,1800
Visakhapatnam,2006-09-13,1750.0,1700,1800
Visakhapatnam,2006-09-14,1750.0,1700,1800
Visakhapatnam,2006-09-15,1750.0,1700,1800
Visakhapatnam,2006-09-16,1800.0,1750,1850
Visakhapatnam,2006-09-19,1800.0,1750,1850
Visakhapatnam,2006-09-26,1800.0,1750,1850
Visakhapatnam,2006-10-04,1800.0,1750,1850
Visakhapatnam,2006-10-05,1800.0,1750,1850
Visakhapatnam,2006-10-06,1800.0,1750,1850
Visakhapatnam,2006-10-10,1575.0,1550,1600
Visakhapatnam,2006-10-12,1625.0,1600,1650
Visakhapatnam,2006-10-13,1650.0,1600,1700
Visakhapatnam,2006-10-16,1650.0,1600,1700
Visakhapatnam,2006-10-17,1675.0,1650,1700
Visakhapatnam,2006-10-18,1675.0,1650,1700
Visakhapatnam,2006-10-19,1650.0,1600,1700
Visakhapatnam,2006-10-20,1650.0,1600,1700
Visakhapatnam,2006-10-24,1675.0,1650,1700
Visakhapatnam,2006-10-27,1650.0,1600,1700
Visakhapatnam,2006-10-28,1650.0,1600,1700
Visakhapatnam,2006-10-30,1625.0,1600,1650
Visakhapatnam,2006-10-31,1625.0,1600,1650
Visakhapatnam,2006-11-03,1625.0,1600,1650
Visakhapatnam,2006-11-06,1625.0,1600,1650
Visakhapatnam,2006-11-07,1650.0,1600,1700
Visakhapatnam,2006-11-09,1675.0,1650,1700
Visakhapatnam,2006-11-10,1675.0,1650,1700
Visakhapatnam,2006-11-13,1675.0,1650,1700
Visakhapatnam,2006-11-15,1675.0,1650,1700
Visakhapatnam,2006-11-17,1650.0,1600,1700
Visakhapatnam,2006-11-18,1650.0,1600,1700
Visakhapatnam,2006-11-21,1625.0,1600,1650
Visakhapatnam,2006-11-22,1650.0,1600,1700
Visakhapatnam,2006-11-24,1610.0,1600,1620
Visakhapatnam,2006-11-25,1615.0,1600,1630
Visakhapatnam,2006-11-29,1620.0,1600,1640
Visakhapatnam,2006-11-30,1610.0,1600,1620
Visakhapatnam,2006-12-02,1630.0,1600,1660
Visakhapatnam,2006-12-05,1620.0,1600,1640
Visakhapatnam,2006-12-06,1575.0,1550,1600
Visakhapatnam,2006-12-08,1575.0,1550,1600
Visakhapatnam,2006-12-15,1550.0,1500,1600
Visakhapatnam,2006-12-18,1575.0,1550,1600
Visakhapatnam,2006-12-21,1575.0,1550,1600
Visakhapatnam,2006-12-23,1625.0,1600,1650
Visakhapatnam,2006-12-28,1625.0,1600,1650
Visakhapatnam,2007-01-03,1675.0,1650,1700
Visakhapatnam,2007-01-04,1675.0,1650,1700
Visakhapatnam,2007-01-05,1650.0,1600,1700
Visakhapatnam,2007-01-12,1650.0,1600,1700
Visakhapatnam,2007-01-22,1750.0,1700,1800
Visakhapatnam,2007-01-27,1775.0,1750,1800
Visakhapatnam,2007-02-02,1725.0,1700,1750
Visakhapatnam,2007-02-03,1725.0,1700,1750
Visakhapatnam,2007-02-05,1725.0,1700,1750
Visakhapatnam,2007-02-07,1675.0,1650,1700
Visakhapatnam,2007-02-08,1675.0,1650,1700
Visakhapatnam,2007-02-09,1725.0,1700,1750
Visakhapatnam,2007-02-13,1775.0,1750,1800
Visakhapatnam,2007-02-15,1725.0,1700,1750
Visakhapatnam,2007-02-17,1725.0,1700,1750
Visakhapatnam,2007-02-20,1775.0,1750,1800
Visakhapatnam,2007-02-21,1775.0,1750,1800
Visakhapatnam,2007-02-23,1825.0,1800,1850
Visakhapatnam,2007-02-24,1725.0,1700,1750
Visakhapatnam,2007-02-26,1775.0,1750,1800
Visakhapatnam,2007-02-27,1700.0,1650,1750
Visakhapatnam,2007-02-28,1700.0,1650,1750
Visakhapatnam,2007-03-02,1700.0,1650,1750
Visakhapatnam,2007-03-06,1700.0,1650,1750
Visakhapatnam,2007-03-09,1750.0,1700,1800
Visakhapatnam,2007-03-12,1750.0,1700,1800
Visakhapatnam,2007-03-13,1750.0,1700,1800
Visakhapatnam,2007-03-15,1750.0,1700,1800
Visakhapatnam,2007-03-17,1750.0,1700,1800
Visakhapatnam,2007-03-20,1750.0,1700,1800
Visakhapatnam,2007-03-23,1750.0,1700,1800
Visakhapatnam,2007-03-28,1800.0,1750,1850
Visakhapatnam,2007-03-31,1800.0,1750,1850
Visakhapatnam,2007-04-03,1700.0,1650,1750
Visakhapatnam,2007-04-04,1700.0,1650,1750
Visakhapatnam,2007-04-09,1700.0,1650,1750
Visakhapatnam,2007-04-11,1700.0,1650,1750
Visakhapatnam,2007-04-13,1700.0,1650,1750
Visakhapatnam,2007-04-17,1700.0,1650,1750
Visakhapatnam,2007-04-20,1750.0,1700,1800
Visakhapatnam,2007-04-21,1700.0,1650,1750
Visakhapatnam,2007-04-24,1700.0,1650,1750
Visakhapatnam,2007-04-27,1625.0,1600,1650
Visakhapatnam,2007-05-01,1625.0,1600,1650
Visakhapatnam,2007-05-04,1600.0,1500,1700
Visakhapatnam,2007-05-07,1600.0,1500,1700
Visakhapatnam,2007-05-11,1650.0,1550,1750
Visakhapatnam,2007-05-15,1700.0,1600,1800
Visakhapatnam,2007-05-19,1650.0,1600,1700
Visakhapatnam,2007-05-22,1650.0,1550,1750
Visakhapatnam,2007-05-29,1600.0,1500,1700
Visakhapatnam,2007-05-30,1750.0,1700,1800
Visakhapatnam,2007-06-04,1600.0,1550,1650
Visakhapatnam,2007-06-11,1600.0,1550,1650
Visakhapatnam,2007-06-12,1750.0,1700,1800
Visakhapatnam,2007-06-14,1550.0,1500,1600
Visakhapatnam,2007-06-15,1550.0,1500,1600
Visakhapatnam,2007-06-16,1450.0,1350,1500
Visakhapatnam,2007-06-18,1650.0,1600,1700
Visakhapatnam,2007-06-19,1750.0,1700,1800
Visakhapatnam,2007-06-20,1750.0,1700,1800
Visakhapatnam,2007-06-21,1650.0,1600,1700
Visakhapatnam,2007-06-22,1650.0,1600,1700
Visakhapatnam,2007-06-25,1650.0,1600,1700
Visakhapatnam,2007-06-26,1700.0,1650,1800
Visakhapatnam,2007-06-27,1750.0,1700,1850
Visakhapatnam,2007-06-29,1750.0,1650,1850
Visakhapatnam,2007-07-02,1750.0,1650,1800
Visakhapatnam,2007-07-04,1750.0,1650,1850
Visakhapatnam,2007-07-06,1750.0,1650,1800
Visakhapatnam,2007-07-07,1750.0,1700,1850
Visakhapatnam,2007-07-12,1850.0,1800,1900
Visakhapatnam,2007-07-13,1850.0,1800,1900
Visakhapatnam,2007-07-16,1800.0,1750,1850
Visakhapatnam,2007-07-17,1800.0,1750,1850
Visakhapatnam,2007-07-21,1750.0,1700,1850
Visakhapatnam,2007-07-23,1750.0,1700,1850
Visakhapatnam,2007-07-26,1750.0,1700,1800
Visakhapatnam,2007-07-27,1750.0,1700,1800
Visakhapatnam,2007-07-28,1700.0,1650,1800
Visakhapatnam,2007-07-30,1700.0,1650,1800
Visakhapatnam,2007-07-31,1700.0,1650,1800
Visakhapatnam,2007-08-01,1750.0,1700,1800
Visakhapatnam,2007-08-04,1750.0,1700,1800
Visakhapatnam,2007-08-06,1750.0,1700,1800
Visakhapatnam,2007-08-09,1700.0,1650,1800
Visakhapatnam,2007-08-10,1750.0,1700,1800
Visakhapatnam,2007-08-13,1700.0,1650,1800
Visakhapatnam,2007-08-14,1750.0,1650,1800
Visakhapatnam,2007-09-10,1550.0,1500,1600
Visakhapatnam,2007-09-11,1687.5,1600,1800
Visakhapatnam,2007-09-12,1650.0,1600,1700
Visakhapatnam,2007-09-13,1750.0,1700,1800
Visakhapatnam,2007-09-14,1750.0,1700,1800
Visakhapatnam,2007-09-17,1750.0,1700,1800
Visakhapatnam,2007-09-19,2800.0,2750,2900
Visakhapatnam,2007-09-20,1750.0,1700,1800
Visakhapatnam,2007-09-22,1750.0,1700,1800
Visakhapatnam,2007-09-25,1750.0,1700,1800
Visakhapatnam,2007-09-26,1750.0,1700,1800
Visakhapatnam,2007-09-27,1800.0,1700,1850
Visakhapatnam,2007-10-05,1700.0,1650,1750
Visakhapatnam,2007-10-06,1700.0,1650,1750
Visakhapatnam,2007-10-08,1750.0,1700,1800
Visakhapatnam,2007-10-09,1750.0,1700,1800
Visakhapatnam,2007-10-10,1700.0,1650,1800
Visakhapatnam,2007-10-11,1750.0,1700,1800
Visakhapatnam,2007-10-15,1750.0,1700,1800
Visakhapatnam,2007-10-16,1650.0,1600,1700
Visakhapatnam,2007-10-18,1700.0,1600,1750
Visakhapatnam,2007-10-23,1750.0,1700,1800
Visakhapatnam,2007-10-26,1750.0,1700,1800
Visakhapatnam,2007-10-27,1750.0,1700,1800
Visakhapatnam,2007-10-29,1750.0,1700,1800
Visakhapatnam,2007-10-30,1750.0,1700,1800
Visakhapatnam,2007-11-01,1750.0,1700,1800
Visakhapatnam,2007-11-02,1750.0,1700,1800
Visakhapatnam,2007-11-03,1750.0,1700,1800
Visakhapatnam,2007-11-05,1750.0,1700,1800
Visakhapatnam,2007-11-06,1750.0,1700,1800
Visakhapatnam,2007-11-07,1750.0,1700,1800
Visakhapatnam,2007-11-08,1750.0,1700,1800
Visakhapatnam,2007-11-12,1750.0,1700,1800
Visakhapatnam,2007-11-14,1750.0,1700,1800
Visakhapatnam,2007-11-15,1750.0,1700,1800
Visakhapatnam,2007-11-16,1750.0,1700,1800
Visakhapatnam,2007-11-17,1700.0,1650,1750
Visakhapatnam,2007-11-19,1700.0,1650,1750
Visakhapatnam,2007-11-20,1700.0,1650,1750
Visakhapatnam,2007-11-21,1750.0,1700,1800
Visakhapatnam,2007-11-22,1750.0,1700,1800
Visakhapatnam,2007-11-23,1750.0,1700,1800
Visakhapatnam,2007-11-24,1750.0,1700,1800
Visakhapatnam,2007-11-26,1750.0,1700,1800
Visakhapatnam,2007-11-27,1750.0,1700,1800
Visakhapatnam,2007-11-28,1750.0,1700,1800
Visakhapatnam,2007-11-29,1750.0,1700,1800
Visakhapatnam,2007-11-30,1700.0,1650,1800
Visakhapatnam,2007-12-01,1700.0,1650,1800
Visakhapatnam,2007-12-03,1750.0,1700,1800
Visakhapatnam,2007-12-05,1750.0,1700,1800
Visakhapatnam,2007-12-06,1750.0,1700,1800
Visakhapatnam,2007-12-07,1750.0,1700,1800
Visakhapatnam,2007-12-11,1800.0,1750,1850
Visakhapatnam,2007-12-12,1800.0,1750,1850
Visakhapatnam,2007-12-14,1800.0,1750,1850
Visakhapatnam,2007-12-20,1750.0,1700,1800
Visakhapatnam,2008-01-04,1750.0,1700,1800
Visakhapatnam,2008-01-07,1750.0,1700,1800
Visakhapatnam,2008-01-08,1650.0,1600,1700
Visakhapatnam,2008-01-09,1650.0,1600,1700
Visakhapatnam,2008-01-10,1650.0,1600,1700
Visakhapatnam,2008-01-11,1650.0,1600,1700
Visakhapatnam,2008-01-17,1650.0,1600,1700
Visakhapatnam,2008-01-18,1650.0,1600,1700
Visakhapatnam,2008-01-21,1800.0,1750,1950
Visakhapatnam,2008-01-22,1800.0,1750,1950
Visakhapatnam,2008-01-23,1800.0,1750,1950
Visakhapatnam,2008-01-24,1800.0,1750,1900
Visakhapatnam,2008-02-02,1950.0,1900,2000
Visakhapatnam,2008-02-04,1950.0,1900,2000
Visakhapatnam,2008-02-05,1950.0,1900,2000
Visakhapatnam,2008-02-06,1950.0,1900,2000
Visakhapatnam,2008-02-07,1950.0,1900,2000
Visakhapatnam,2008-02-08,1900.0,1850,2000
Visakhapatnam,2008-02-11,1900.0,1850,2000
Visakhapatnam,2008-02-12,1900.0,1850,2000
Visakhapatnam,2008-02-13,1950.0,1900,2000
Visakhapatnam,2008-02-14,1950.0,1900,2000
Visakhapatnam,2008-02-16,1950.0,1900,2000
Visakhapatnam,2008-02-18,1950.0,1900,2000
Visakhapatnam,2008-02-20,1950.0,1900,2000
Visakhapatnam,2008-02-23,1900.0,1850,2000
Visakhapatnam,2008-02-25,1900.0,1850,2000
Visakhapatnam,2008-02-26,1900.0,1850,2000
Visakhapatnam,2008-02-27,1900.0,1850,2000
Visakhapatnam,2008-02-28,1900.0,1850,2000
Visakhapatnam,2008-03-03,1950.0,1900,2000
Visakhapatnam,2008-03-04,1950.0,1900,2000
Visakhapatnam,2008-03-05,1950.0,1900,2000
Visakhapatnam,2008-03-07,1950.0,1900,2000
Visakhapatnam,2008-03-11,1950.0,1900,2000
Visakhapatnam,2008-03-13,1950.0,1900,2000
Visakhapatnam,2008-03-14,1950.0,1900,2000
Visakhapatnam,2008-03-15,1950.0,1900,2000
Visakhapatnam,2008-03-17,1950.0,1900,2000
Visakhapatnam,2008-03-18,1950.0,1900,2000
Visakhapatnam,2008-03-19,1950.0,1900,2000
Visakhapatnam,2008-03-24,1950.0,1900,2000
Visakhapatnam,2008-03-25,1950.0,1900,2000
Visakhapatnam,2008-03-26,1950.0,1900,2000
Visakhapatnam,2008-03-31,1950.0,1900,2000
Visakhapatnam,2008-04-04,1950.0,1900,2000
Visakhapatnam,2008-04-09,1950.0,1900,2000
Visakhapatnam,2008-04-10,1950.0,1900,2000
Visakhapatnam,2008-04-15,1950.0,1900,2000
Visakhapatnam,2008-04-17,1950.0,1900,2000
Visakhapatnam,2008-04-28,1500.0,1450,1600
Visakhapatnam,2008-04-29,2000.0,1950,2100
Visakhapatnam,2008-05-01,2000.0,1950,2100
Visakhapatnam,2008-05-02,2000.0,1950,2100
Visakhapatnam,2008-05-05,2000.0,1950,2100
Visakhapatnam,2008-05-06,2000.0,1950,2100
Visakhapatnam,2008-05-07,2000.0,1950,2100
Visakhapatnam,2008-05-08,2000.0,1950,2100
Visakhapatnam,2008-05-09,2000.0,1950,2100
Visakhapatnam,2008-05-12,2000.0,1950,2100
Visakhapatnam,2008-05-13,2000.0,1950,2100
Visakhapatnam,2008-05-15,2000.0,1950,2100
Visakhapatnam,2008-05-16,2000.0,1950,2100
Visakhapatnam,2008-05-17,2000.0,1950,2100
Visakhapatnam,2008-05-19,2000.0,1950,2100
Visakhapatnam,2008-05-21,2000.0,1950,2100
Visakhapatnam,2008-05-22,2000.0,1950,2100
Visakhapatnam,2008-05-23,2000.0,1950,2100
Visakhapatnam,2008-05-24,2000.0,1950,2100
Visakhapatnam,2008-05-27,2000.0,1950,2100
Visakhapatnam,2008-05-28,2000.0,1950,2100
Visakhapatnam,2008-05-29,2000.0,1950,2100
Visakhapatnam,2008-05-30,1950.0,1900,2000
Visakhapatnam,2008-06-02,1950.0,1900,2000
Visakhapatnam,2008-06-03,1950.0,1900,2000
Visakhapatnam,2008-06-04,1950.0,1900,2000
Visakhapatnam,2008-06-05,1950.0,1900,2000
Visakhapatnam,2008-06-06,1950.0,1900,2000
Visakhapatnam,2008-06-07,1950.0,1900,2000
Visakhapatnam,2008-06-10,1950.0,1900,2000
Visakhapatnam,2008-06-11,1950.0,1900,2000
Visakhapatnam,2008-06-12,1950.0,1900,2000
Visakhapatnam,2008-06-13,1950.0,1900,2000
Visakhapatnam,2008-06-16,1950.0,1900,2000
Visakhapatnam,2008-06-17,1950.0,1900,2000
Visakhapatnam,2008-06-19,1950.0,1900,2000
Visakhapatnam,2008-06-20,1950.0,1900,2000
Visakhapatnam,2008-06-21,1950.0,1900,2000
Visakhapatnam,2008-06-25,1950.0,1900,2000
Visakhapatnam,2008-06-27,1950.0,1900,2000
Visakhapatnam,2008-06-28,1950.0,1900,2000
Visakhapatnam,2008-07-01,1950.0,1900,2000
Visakhapatnam,2008-07-02,1950.0,1900,2000
Visakhapatnam,2008-07-03,1950.0,1900,2000
Visakhapatnam,2008-07-04,1950.0,1900,2000
Visakhapatnam,2008-07-07,1950.0,1900,2000
Visakhapatnam,2008-07-10,1950.0,1900,2000
Visakhapatnam,2008-07-11,1950.0,1900,2000
Visakhapatnam,2008-07-14,1950.0,1900,2000
Visakhapatnam,2008-08-01,2000.0,1900,2100
Visakhapatnam,2008-08-04,2100.0,1900,2100
Visakhapatnam,2008-08-06,2300.0,2200,2400
Visakhapatnam,2008-08-11,2300.0,2200,2400
Visakhapatnam,2008-08-12,2300.0,2200,2400
Visakhapatnam,2008-08-16,2300.0,2200,2400
Visakhapatnam,2008-08-18,2300.0,2200,2400
Visakhapatnam,2008-08-20,2300.0,2200,2400
Visakhapatnam,2008-08-23,2300.0,2200,2400
Visakhapatnam,2008-11-07,2100.0,2000,2200
Visakhapatnam,2008-12-22,2850.0,2800,2950
Visakhapatnam,2008-12-29,2800.0,2450,2900
Visakhapatnam,2008-12-31,2750.0,2450,2800
Visakhapatnam,2009-01-05,2700.0,2500,2900
Visakhapatnam,2009-01-16,2650.0,2500,2900
Visakhapatnam,2009-01-20,2700.0,2560,2900
Visakhapatnam,2009-01-22,2500.0,2400,2600
Visakhapatnam,2009-02-03,2400.0,2300,2500
Visakhapatnam,2009-02-05,2800.0,2650,2950
Visakhapatnam,2009-02-06,2750.0,2600,2900
Visakhapatnam,2009-02-07,2800.0,2700,2850
Visakhapatnam,2009-02-09,2900.0,2850,3150
Visakhapatnam,2009-02-10,2900.0,2800,3150
Visakhapatnam,2009-02-11,2850.0,2750,2900
Visakhapatnam,2009-02-12,2950.0,2850,3100
Visakhapatnam,2009-02-13,2850.0,2750,3000
Visakhapatnam,2009-02-16,2950.0,2800,3100
Visakhapatnam,2009-02-17,2800.0,2700,2900
Visakhapatnam,2009-02-18,1900.0,1700,1950
Visakhapatnam,2009-02-19,2850.0,2750,3000
Visakhapatnam,2009-02-20,2850.0,2750,2950
Visakhapatnam,2009-02-21,2900.0,2800,3100
Visakhapatnam,2009-03-02,2900.0,2800,3100
Visakhapatnam,2009-03-03,2800.0,2700,3000
Visakhapatnam,2009-03-04,2600.0,2550,2800
Visakhapatnam,2009-03-05,2550.0,2450,2800
Visakhapatnam,2009-03-06,2650.0,2550,2800
Visakhapatnam,2009-03-07,2600.0,2500,2800
Visakhapatnam,2009-03-09,2650.0,2450,2800
Visakhapatnam,2009-03-12,2650.0,2500,2800
Visakhapatnam,2009-03-13,2550.0,2450,2850
Visakhapatnam,2009-03-15,2550.0,2500,2800
Visakhapatnam,2009-03-16,2550.0,2500,2800
Visakhapatnam,2009-03-20,2800.0,2500,2850
Visakhapatnam,2009-03-21,2800.0,2500,2850
Visakhapatnam,2009-03-23,2800.0,2500,2850
Visakhapatnam,2009-03-24,2800.0,2500,2850
Visakhapatnam,2009-03-25,2600.0,2400,2850
Visakhapatnam,2009-03-26,2600.0,2400,2800
Visakhapatnam,2009-03-28,2500.0,2400,2750
Visakhapatnam,2009-04-01,3100.0,2900,3250
Visakhapatnam,2009-04-02,2950.0,2850,3000
Visakhapatnam,2009-04-03,3050.0,2950,3200
Visakhapatnam,2009-04-06,3100.0,3000,3250
Visakhapatnam,2009-04-07,2950.0,2850,3000
Visakhapatnam,2009-04-08,2900.0,2800,3000
Visakhapatnam,2009-04-09,2800.0,2700,3100
Visakhapatnam,2009-04-13,3050.0,2900,3200
Visakhapatnam,2009-04-14,3050.0,2850,3200
Visakhapatnam,2009-04-15,3050.0,2850,3200
Visakhapatnam,2009-04-16,3100.0,2800,3250
Visakhapatnam,2009-04-17,3000.0,2850,3100
Visakhapatnam,2009-04-18,3000.0,2850,3150
Visakhapatnam,2009-04-20,3000.0,2900,3200
Visakhapatnam,2009-04-21,2900.0,2750,3100
Visakhapatnam,2009-04-22,2950.0,2700,3100
Visakhapatnam,2009-04-23,3000.0,2800,3100
Visakhapatnam,2009-04-24,2850.0,2700,3000
Visakhapatnam,2009-04-25,2950.0,2850,3000
Visakhapatnam,2009-04-27,3000.0,2800,3100
Visakhapatnam,2009-04-28,1550.0,1350,1700
Visakhapatnam,2009-04-29,2800.0,2650,2900
Visakhapatnam,2009-04-30,2800.0,2700,2950
Visakhapatnam,2009-05-02,3000.0,2700,3100
Visakhapatnam,2009-05-04,3050.0,2800,3100
Visakhapatnam,2009-05-05,2950.0,2650,3000
Visakhapatnam,2009-05-06,2700.0,2550,2800
Visakhapatnam,2009-05-08,2900.0,2800,3000
Visakhapatnam,2009-05-11,2850.0,2800,2950
Visakhapatnam,2009-05-12,2750.0,2700,2950
Visakhapatnam,2009-05-15,3000.0,2800,3100
Visakhapatnam,2009-05-16,2700.0,2650,2900
Visakhapatnam,2009-05-18,3200.0,3000,3350
Visakhapatnam,2009-05-19,3100.0,3000,3200
Visakhapatnam,2009-05-20,2800.0,2750,2900
Visakhapatnam,2009-05-21,2750.0,2600,2900
Visakhapatnam,2009-05-22,2800.0,2600,2950
Visakhapatnam,2009-05-23,3200.0,2950,3250
Visakhapatnam,2009-05-24,3150.0,3000,3250
Visakhapatnam,2009-05-25,3150.0,3000,3250
Visakhapatnam,2009-05-26,3300.0,3250,3400
Visakhapatnam,2009-05-27,3200.0,3150,3300
Visakhapatnam,2009-05-28,2900.0,2800,3000
Visakhapatnam,2009-05-29,2950.0,2850,3150
Visakhapatnam,2009-05-30,3100.0,2900,3200
Visakhapatnam,2009-06-01,3200.0,3000,3300
Visakhapatnam,2009-06-02,3000.0,2900,3100
Visakhapatnam,2009-06-03,3200.0,3050,3350
Visakhapatnam,2009-06-04,3100.0,2900,3200
Visakhapatnam,2009-06-05,3150.0,3000,3200
Visakhapatnam,2009-06-06,3050.0,2950,3150
Visakhapatnam,2009-06-08,3000.0,2850,3150
Visakhapatnam,2009-06-09,3050.0,2900,3100
Visakhapatnam,2009-06-10,3050.0,2850,3200
Visakhapatnam,2009-06-11,2650.0,2600,2850
Visakhapatnam,2009-06-12,2900.0,2800,3000
Visakhapatnam,2009-06-15,3200.0,3000,3350
Visakhapatnam,2009-06-17,3000.0,2950,3050
Visakhapatnam,2009-06-18,3500.0,3300,3650
Visakhapatnam,2009-06-19,3200.0,2900,3300
Visakhapatnam,2009-06-20,3450.0,2850,3500
Visakhapatnam,2009-06-22,3300.0,2800,3400
Visakhapatnam,2009-06-23,3200.0,3100,3300
Visakhapatnam,2009-06-24,3300.0,3200,3400
Visakhapatnam,2009-06-25,3250.0,3150,3300
Visakhapatnam,2009-06-26,3200.0,3100,3350
Visakhapatnam,2009-07-01,3100.0,3000,3200
Visakhapatnam,2009-07-02,2900.0,2800,3000
Visakhapatnam,2009-07-03,2800.0,2750,2900
Visakhapatnam,2009-07-04,2850.0,2800,2900
Visakhapatnam,2009-07-05,2900.0,2800,3000
Visakhapatnam,2009-07-06,2900.0,2800,2950
Visakhapatnam,2009-07-07,2800.0,2750,2950
Visakhapatnam,2009-07-08,2900.0,2800,3000
Visakhapatnam,2009-07-09,2900.0,2800,3100
Visakhapatnam,2009-07-10,2850.0,2700,3000
Visakhapatnam,2009-07-11,2900.0,2800,3000
Visakhapatnam,2009-07-12,2900.0,2900,3000
Visakhapatnam,2009-07-13,3000.0,2900,3100
Visakhapatnam,2009-07-14,2900.0,2800,3000
Visakhapatnam,2009-07-15,2900.0,2800,3000
Visakhapatnam,2009-07-16,3000.0,2900,3100
Visakhapatnam,2009-07-17,2900.0,2800,3000
Visakhapatnam,2009-07-18,2900.0,2800,3050
Visakhapatnam,2009-07-19,2900.0,2800,3000
Visakhapatnam,2009-07-20,2900.0,2800,3000
Visakhapatnam,2009-07-21,2900.0,2800,3000
Visakhapatnam,2009-07-22,2900.0,2800,3050
Visakhapatnam,2009-07-23,2900.0,2800,3000
Visakhapatnam,2009-07-24,2900.0,2800,3000
Visakhapatnam,2009-07-25,3000.0,2900,3100
Visakhapatnam,2009-07-26,2900.0,2800,3000
Visakhapatnam,2009-07-27,2900.0,2800,3000
Visakhapatnam,2009-07-28,2900.0,2800,3000
Visakhapatnam,2009-07-30,3000.0,2900,3100
Visakhapatnam,2009-07-31,3000.0,2900,3100
Visakhapatnam,2009-08-01,3000.0,2900,3100
Visakhapatnam,2009-08-02,3000.0,2900,3100
Visakhapatnam,2009-08-03,3000.0,2900,3100
Visakhapatnam,2009-08-05,3000.0,2900,3100
Visakhapatnam,2009-08-06,3000.0,2900,3100
Visakhapatnam,2009-08-07,3000.0,2900,3100
Visakhapatnam,2009-08-08,3000.0,2900,3100
Visakhapatnam,2009-08-09,3000.0,2900,3100
Visakhapatnam,2009-08-10,3000.0,2900,3100
Visakhapatnam,2009-08-11,2900.0,2800,3000
Visakhapatnam,2009-08-12,2900.0,2800,3000
Visakhapatnam,2009-08-14,2900.0,2800,3000
Visakhapatnam,2009-08-15,2900.0,2800,3000
Visakhapatnam,2009-08-16,2900.0,2800,3000
Visakhapatnam,2009-08-17,2900.0,2800,3000
Visakhapatnam,2009-08-18,2900.0,2800,3000
Visakhapatnam,2009-08-19,3000.0,2900,3100
Visakhapatnam,2009-08-20,3000.0,2900,3100
Visakhapatnam,2009-08-21,3000.0,2900,3100
Visakhapatnam,2009-08-22,3000.0,2900,3100
Visakhapatnam,2009-08-25,3000.0,2900,3100
Visakhapatnam,2009-08-26,3000.0,2900,3100
Visakhapatnam,2009-08-27,3000.0,2900,3100
Visakhapatnam,2009-08-28,3000.0,2900,3100
Visakhapatnam,2009-08-29,3000.0,2900,3100
Visakhapatnam,2009-08-30,3000.0,2900,3100
Visakhapatnam,2009-08-31,3000.0,2900,3100
Visakhapatnam,2009-09-01,3000.0,2900,3100
Visakhapatnam,2009-09-02,3000.0,2900,3100
Visakhapatnam,2009-09-03,3000.0,2900,3100
Visakhapatnam,2009-09-04,3200.0,3100,3300
Visakhapatnam,2009-09-05,3200.0,3100,3300
Visakhapatnam,2009-09-06,3200.0,3100,3300
Visakhapatnam,2009-09-07,3200.0,3100,3300
Visakhapatnam,2009-09-08,3200.0,3100,3300
Visakhapatnam,2009-09-09,3200.0,3100,3300
Visakhapatnam,2009-09-10,3200.0,3100,3300
Visakhapatnam,2009-09-11,3200.0,3100,3300
Visakhapatnam,2009-09-12,3300.0,3200,3400
Visakhapatnam,2009-09-13,3300.0,3200,3400
Visakhapatnam,2009-09-14,3300.0,3200,3400
Visakhapatnam,2009-09-15,3300.0,3200,3400
Visakhapatnam,2009-09-16,3300.0,3200,3400
Visakhapatnam,2009-09-17,3300.0,3200,3400
Visakhapatnam,2009-09-18,3300.0,3200,3400
Visakhapatnam,2009-09-19,3300.0,3200,3400
Visakhapatnam,2009-09-20,3300.0,3200,3400
Visakhapatnam,2009-09-21,3300.0,3200,3400
Visakhapatnam,2009-09-22,3300.0,3200,3400
Visakhapatnam,2009-09-23,3300.0,3200,3400
Visakhapatnam,2009-09-24,3300.0,3300,3400
Visakhapatnam,2009-09-25,3300.0,3200,3400
Visakhapatnam,2009-09-26,3300.0,3200,3400
Visakhapatnam,2009-09-27,3300.0,3200,3400
Visakhapatnam,2009-09-29,3300.0,3200,3400
Visakhapatnam,2009-09-30,3300.0,3200,3400
Visakhapatnam,2009-10-01,3300.0,3200,3400
Visakhapatnam,2009-10-02,3300.0,3200,3400
Visakhapatnam,2009-10-03,3300.0,3200,3400
Visakhapatnam,2009-10-04,3300.0,3200,3400
Visakhapatnam,2009-10-05,3300.0,3200,3400
Visakhapatnam,2009-10-06,3300.0,3200,3400
Visakhapatnam,2009-10-07,3300.0,3200,3400
Visakhapatnam,2009-10-08,3300.0,3200,3400
Visakhapatnam,2009-10-09,3300.0,3200,3400
Visakhapatnam,2009-10-10,3400.0,3300,3500
Visakhapatnam,2009-10-11,3400.0,3300,3500
Visakhapatnam,2009-10-12,3400.0,3300,3500
Visakhapatnam,2009-10-13,3400.0,3300,3500
Visakhapatnam,2009-10-14,3400.0,3300,3500
Visakhapatnam,2009-10-15,3400.0,3300,3500
Visakhapatnam,2009-10-16,3400.0,3300,3500
Visakhapatnam,2009-10-17,3400.0,3300,3500
Visakhapatnam,2009-10-18,3400.0,3300,3500
Visakhapatnam,2009-10-19,3400.0,3300,3500
Visakhapatnam,2009-10-20,3400.0,3300,3500
Visakhapatnam,2009-10-21,3400.0,3300,3500
Visakhapatnam,2009-10-22,3400.0,3300,3500
Visakhapatnam,2009-10-23,3400.0,3300,3500
Visakhapatnam,2009-10-24,3400.0,3300,3500
Visakhapatnam,2009-10-25,3500.0,3400,3600
Visakhapatnam,2009-10-26,3500.0,3400,3600
Visakhapatnam,2009-10-27,3500.0,3400,3600
Visakhapatnam,2009-10-28,3500.0,3400,3600
Visakhapatnam,2009-10-29,3500.0,3400,3600
Visakhapatnam,2009-10-30,3500.0,3400,3600
Visakhapatnam,2009-10-31,3500.0,3400,3600
Visakhapatnam,2009-11-01,3500.0,3400,3600
Visakhapatnam,2009-11-02,3500.0,3400,3600
Visakhapatnam,2009-11-03,3400.0,3300,3500
Visakhapatnam,2009-11-04,3500.0,3400,3600
Visakhapatnam,2009-11-05,3400.0,3300,3500
Visakhapatnam,2009-11-06,3400.0,3300,3500
Visakhapatnam,2009-11-07,3400.0,3300,3500
Visakhapatnam,2009-11-08,3400.0,3300,3500
Visakhapatnam,2009-11-09,3400.0,3300,3500
Visakhapatnam,2009-11-10,3400.0,3300,3500
Visakhapatnam,2009-11-11,3400.0,3300,3500
Visakhapatnam,2009-11-13,3400.0,3300,3500
Visakhapatnam,2009-11-14,3400.0,3300,3500
Visakhapatnam,2009-11-15,3400.0,3300,3500
Visakhapatnam,2009-11-16,3400.0,3300,3500
Visakhapatnam,2009-11-17,3400.0,3300,3500
Visakhapatnam,2009-11-18,3400.0,3300,3500
Visakhapatnam,2009-11-19,3400.0,3300,3500
Visakhapatnam,2009-11-20,3400.0,3300,3500
Visakhapatnam,2009-11-21,3400.0,3300,3500
Visakhapatnam,2009-11-22,3400.0,3300,3500
Visakhapatnam,2009-11-23,3400.0,3300,3500
Visakhapatnam,2009-11-24,3400.0,3300,3500
Visakhapatnam,2009-11-25,3400.0,3300,3500
Visakhapatnam,2009-11-26,3400.0,3300,3500
Visakhapatnam,2009-11-27,1700.0,1600,1800
Visakhapatnam,2009-11-28,3400.0,3300,3500
Visakhapatnam,2009-11-29,3400.0,3300,3500
Visakhapatnam,2009-11-30,3400.0,3300,3500
Visakhapatnam,2009-12-01,3400.0,3300,3500
Visakhapatnam,2009-12-02,3400.0,3300,3500
Visakhapatnam,2009-12-03,3400.0,3300,3500
Visakhapatnam,2009-12-04,3400.0,3300,3500
Visakhapatnam,2009-12-05,3400.0,3300,3500
Visakhapatnam,2009-12-06,3400.0,3300,3500
Visakhapatnam,2009-12-08,3200.0,3100,3300
Visakhapatnam,2009-12-09,3200.0,3100,3300
Visakhapatnam,2009-12-10,3200.0,3100,3300
Visakhapatnam,2009-12-11,3200.0,3100,3300
Visakhapatnam,2009-12-12,3200.0,3100,3300
Visakhapatnam,2009-12-13,3200.0,3100,3300
Visakhapatnam,2009-12-14,3200.0,3100,3300
Visakhapatnam,2009-12-15,3200.0,3100,3300
Visakhapatnam,2009-12-16,3200.0,3100,3300
Visakhapatnam,2009-12-17,3200.0,3100,3300
Visakhapatnam,2009-12-18,3200.0,3100,3300
Visakhapatnam,2009-12-19,3200.0,3100,3300
Visakhapatnam,2009-12-20,3200.0,3100,3300
Visakhapatnam,2009-12-21,3200.0,3100,3300
Visakhapatnam,2009-12-25,3200.0,3100,3300
Visakhapatnam,2009-12-26,3200.0,3100,3300
Visakhapatnam,2009-12-27,3200.0,3100,3300
Visakhapatnam,2009-12-28,3200.0,3100,3300
Visakhapatnam,2009-12-29,3200.0,3100,3300
Visakhapatnam,2009-12-31,3200.0,3100,3300
Visakhapatnam,2010-01-01,3200.0,3100,3300
Visakhapatnam,2010-01-02,3200.0,3100,3300
Visakhapatnam,2010-01-03,3200.0,3100,3300
Visakhapatnam,2010-01-04,3200.0,3100,3300
Visakhapatnam,2010-01-05,3200.0,3100,3300
Visakhapatnam,2010-01-06,3200.0,3100,3300
Visakhapatnam,2010-01-08,3200.0,3100,3300
Visakhapatnam,2010-01-09,3200.0,3100,3300
Visakhapatnam,2010-01-10,3200.0,3100,3300
Visakhapatnam,2010-01-11,3200.0,3100,3300
Visakhapatnam,2010-01-12,3200.0,3100,3300
Visakhapatnam,2010-01-13,3200.0,3100,3300
Visakhapatnam,2010-01-14,3200.0,3100,3300
Visakhapatnam,2010-01-15,3200.0,3100,3300
Visakhapatnam,2010-01-16,3200.0,3100,3300
Visakhapatnam,2010-01-17,3200.0,3100,3300
Visakhapatnam,2010-01-18,3200.0,3100,3300
Visakhapatnam,2010-01-19,3200.0,3100,3300
Visakhapatnam,2010-01-20,3200.0,3100,3300
Visakhapatnam,2010-01-21,3200.0,3100,3300
Visakhapatnam,2010-01-22,3200.0,3100,3300
Visakhapatnam,2010-01-23,3100.0,3000,3200
Visakhapatnam,2010-01-24,3100.0,3000,3200
Visakhapatnam,2010-01-25,3100.0,3000,3200
Visakhapatnam,2010-01-26,3100.0,3000,3200
Visakhapatnam,2010-01-27,3100.0,3000,3200
Visakhapatnam,2010-01-28,3100.0,3000,3200
Visakhapatnam,2010-01-29,3100.0,3000,3200
Visakhapatnam,2010-01-30,3100.0,3000,3200
Visakhapatnam,2010-01-31,3100.0,3000,3200
Visakhapatnam,2010-02-01,2900.0,2800,3000
Visakhapatnam,2010-02-02,2900.0,2800,3000
Visakhapatnam,2010-02-03,2900.0,2800,3000
Visakhapatnam,2010-02-04,2900.0,2800,3000
Visakhapatnam,2010-02-05,2900.0,2800,3000
Visakhapatnam,2010-02-06,2900.0,2800,3000
Visakhapatnam,2010-02-08,3000.0,2900,3100
Visakhapatnam,2010-02-09,2900.0,2800,3000
Visakhapatnam,2010-02-10,2900.0,2800,3000
Visakhapatnam,2010-02-11,2900.0,2800,3000
Visakhapatnam,2010-02-15,2900.0,2800,3000
Visakhapatnam,2010-02-17,2900.0,2800,3000
Visakhapatnam,2010-02-19,2900.0,2800,3000
Visakhapatnam,2010-02-22,2900.0,2800,3000
Visakhapatnam,2010-02-23,2800.0,2700,2900
Visakhapatnam,2010-02-24,2800.0,2700,2900
Visakhapatnam,2010-02-25,2800.0,2700,2900
Visakhapatnam,2010-03-05,3000.0,2900,3100
Visakhapatnam,2010-03-08,3000.0,2900,3100
Visakhapatnam,2010-03-09,3000.0,2900,3100
Visakhapatnam,2010-03-10,3000.0,2900,3100
Visakhapatnam,2010-03-11,3000.0,2900,3100
Visakhapatnam,2010-03-12,3000.0,2900,3100
Visakhapatnam,2010-03-15,3250.0,3150,3350
Visakhapatnam,2010-03-23,2900.0,2800,3000
Visakhapatnam,2010-03-27,2900.0,2800,3000
Visakhapatnam,2010-03-31,2600.0,2550,2700
Visakhapatnam,2010-04-03,2600.0,2500,2700
Visakhapatnam,2010-04-06,2600.0,2500,2700
Visakhapatnam,2010-04-08,2600.0,2500,2700
Visakhapatnam,2010-04-09,2600.0,2500,2700
Visakhapatnam,2010-04-12,2900.0,2800,3000
Visakhapatnam,2010-04-13,2900.0,2800,3000
Visakhapatnam,2010-04-15,2900.0,2800,3000
Visakhapatnam,2010-04-16,2900.0,2800,3000
Visakhapatnam,2010-04-17,2900.0,2800,3000
Visakhapatnam,2010-04-19,2700.0,2600,2800
Visakhapatnam,2010-04-20,2700.0,2600,2800
Visakhapatnam,2010-04-22,2700.0,2600,2800
Visakhapatnam,2010-04-23,2700.0,2600,2800
Visakhapatnam,2010-04-24,2700.0,2600,2800
Visakhapatnam,2010-04-26,2700.0,2600,2800
Visakhapatnam,2010-04-27,2700.0,2600,2800
Visakhapatnam,2010-04-28,2900.0,2800,3000
Visakhapatnam,2010-04-29,2900.0,2800,3000
Visakhapatnam,2010-04-30,2900.0,2800,3000
Visakhapatnam,2010-05-01,2900.0,2800,3000
Visakhapatnam,2010-05-03,2900.0,2800,3000
Visakhapatnam,2010-05-04,2800.0,2700,2900
Visakhapatnam,2010-05-06,2800.0,2700,2900
Visakhapatnam,2010-05-07,2800.0,2700,2900
Visakhapatnam,2010-05-11,2800.0,2700,2900
Visakhapatnam,2010-05-12,2800.0,2700,2900
Visakhapatnam,2010-05-13,2800.0,2700,2900
Visakhapatnam,2010-05-14,2800.0,2700,2900
Visakhapatnam,2010-05-15,2900.0,2800,3000
Visakhapatnam,2010-05-16,2900.0,2800,3000
Visakhapatnam,2010-05-17,2900.0,2800,3000
Visakhapatnam,2010-05-18,2900.0,2800,3000
Visakhapatnam,2010-05-19,2900.0,2800,3000
Visakhapatnam,2010-05-20,2800.0,2700,2900
Visakhapatnam,2010-05-24,2900.0,2800,3000
Visakhapatnam,2010-05-31,3200.0,3150,3250
Visakhapatnam,2010-06-01,3200.0,3150,3250
Visakhapatnam,2010-06-02,3200.0,3150,3250
Visakhapatnam,2010-06-03,3200.0,3150,3250
Visakhapatnam,2010-06-04,3200.0,3150,3250
Visakhapatnam,2010-06-05,3200.0,3150,3250
Visakhapatnam,2010-06-07,3200.0,3100,3300
Visakhapatnam,2010-06-08,3200.0,3100,3300
Visakhapatnam,2010-06-09,3200.0,3100,3300
Visakhapatnam,2010-06-10,3100.0,3000,3200
Visakhapatnam,2010-06-11,3100.0,3000,3200
Visakhapatnam,2010-06-14,3100.0,3000,3200
Visakhapatnam,2010-06-15,3100.0,3000,3200
Visakhapatnam,2010-06-17,3100.0,3000,3200
Visakhapatnam,2010-06-18,3100.0,3000,3200
Visakhapatnam,2010-06-19,3100.0,3000,3200
Visakhapatnam,2010-06-21,3100.0,3000,3200
Visakhapatnam,2010-06-22,3100.0,3000,3200
Visakhapatnam,2010-06-23,3000.0,2900,3100
Visakhapatnam,2010-06-24,3000.0,2900,3100
Visakhapatnam,2010-06-25,3000.0,2900,3100
Visakhapatnam,2010-06-26,3000.0,2900,3100
Visakhapatnam,2010-06-29,3000.0,2900,3100
Visakhapatnam,2010-07-03,2800.0,2700,2900
Visakhapatnam,2010-07-06,2700.0,2600,2800
Visakhapatnam,2010-07-07,2700.0,2600,2800
Visakhapatnam,2010-07-08,2700.0,2600,2800
Visakhapatnam,2010-07-09,2700.0,2600,2800
Visakhapatnam,2010-07-12,2700.0,2600,2800
Visakhapatnam,2010-07-13,2700.0,2600,2800
Visakhapatnam,2010-07-14,2700.0,2600,2800
Visakhapatnam,2010-07-15,2700.0,2600,2800
Visakhapatnam,2010-07-16,2700.0,2600,2800
Visakhapatnam,2010-07-17,2700.0,2600,2800
Visakhapatnam,2010-07-20,2700.0,2600,2800
Visakhapatnam,2010-07-21,2700.0,2600,2800
Visakhapatnam,2010-07-24,2700.0,2600,2800
Visakhapatnam,2010-07-28,2700.0,2600,2800
Visakhapatnam,2010-07-29,2700.0,2600,2800
Visakhapatnam,2010-07-30,2700.0,2600,2800
Visakhapatnam,2010-07-31,2700.0,2600,2800
Visakhapatnam,2010-08-02,2700.0,2600,2800
Visakhapatnam,2010-08-03,2700.0,2600,2800
Visakhapatnam,2010-08-04,2700.0,2600,2800
Visakhapatnam,2010-08-05,2700.0,2600,2800
Visakhapatnam,2010-08-06,2700.0,2600,2800
Visakhapatnam,2010-08-07,2700.0,2600,2800
Visakhapatnam,2010-08-09,2700.0,2600,2800
Visakhapatnam,2010-08-10,2600.0,2500,2700
Visakhapatnam,2010-08-11,2600.0,2500,2700
Visakhapatnam,2010-08-12,2600.0,2500,2700
Visakhapatnam,2010-08-13,2600.0,2500,2700
Visakhapatnam,2010-08-14,2600.0,2500,2700
Visakhapatnam,2010-08-15,2600.0,2500,2700
Visakhapatnam,2010-08-16,2600.0,2500,2700
Visakhapatnam,2010-08-17,2600.0,2500,2700
Visakhapatnam,2010-08-18,2600.0,2500,2700
Visakhapatnam,2010-08-19,2700.0,2600,2800
Visakhapatnam,2010-08-20,2700.0,2600,2800
Visakhapatnam,2010-08-21,2700.0,2600,2800
Visakhapatnam,2010-08-23,2700.0,2600,2800
Visakhapatnam,2010-08-24,2700.0,2600,2800
Visakhapatnam,2010-08-25,2700.0,2600,2800
Visakhapatnam,2010-08-26,2700.0,2600,2800
Visakhapatnam,2010-08-27,2800.0,2700,2900
Visakhapatnam,2010-08-28,2800.0,2700,2900
Visakhapatnam,2010-08-29,2800.0,2700,2900
Visakhapatnam,2010-08-30,2800.0,2700,2900
Visakhapatnam,2010-08-31,2700.0,2600,2800
Visakhapatnam,2010-09-01,2700.0,2600,2800
Visakhapatnam,2010-09-02,2700.0,2600,2800
Visakhapatnam,2010-09-03,2700.0,2600,2800
Visakhapatnam,2010-09-04,2600.0,2500,2700
Visakhapatnam,2010-09-06,2600.0,2500,2700
Visakhapatnam,2010-09-07,2600.0,2500,2700
Visakhapatnam,2010-09-08,2600.0,2500,2700
Visakhapatnam,2010-09-09,2700.0,2600,2800
Visakhapatnam,2010-09-10,2700.0,2600,2800
Visakhapatnam,2010-09-11,2700.0,2600,2800
Visakhapatnam,2010-09-12,2700.0,2600,2800
Visakhapatnam,2010-09-13,2700.0,2600,2800
Visakhapatnam,2010-09-14,1900.0,1800,2000
Visakhapatnam,2010-09-15,2700.0,2600,2800
Visakhapatnam,2010-09-16,2700.0,2600,2800
Visakhapatnam,2010-09-17,2700.0,2600,2800
Visakhapatnam,2010-09-18,2700.0,2600,2800
Visakhapatnam,2010-09-20,2700.0,2600,2800
Visakhapatnam,2010-09-21,2700.0,2600,2800
Visakhapatnam,2010-09-22,2700.0,2600,2800
Visakhapatnam,2010-09-23,2750.0,2700,2800
Visakhapatnam,2010-09-24,2750.0,2700,2800
Visakhapatnam,2010-09-25,2750.0,2700,2800
Visakhapatnam,2010-09-26,2750.0,2700,2800
Visakhapatnam,2010-09-27,2750.0,2700,2800
Visakhapatnam,2010-09-28,2750.0,2700,2800
Visakhapatnam,2010-09-29,2750.0,2700,2800
Visakhapatnam,2010-09-30,2750.0,2700,2800
Visakhapatnam,2010-10-01,2750.0,2700,2800
Visakhapatnam,2010-10-02,2700.0,2600,2800
Visakhapatnam,2010-10-03,2700.0,2600,2800
Visakhapatnam,2010-10-04,2700.0,2600,2800
Visakhapatnam,2010-10-05,2600.0,2550,2650
Visakhapatnam,2010-10-07,2600.0,2550,2650
Visakhapatnam,2010-10-08,2600.0,2550,2650
Visakhapatnam,2010-10-09,2600.0,2550,2650
Visakhapatnam,2010-10-10,2600.0,2550,2650
Visakhapatnam,2010-10-11,2600.0,2550,2650
Visakhapatnam,2010-10-12,2600.0,2550,2650
Visakhapatnam,2010-10-13,2600.0,2550,2650
Visakhapatnam,2010-10-14,2650.0,2600,2700
Visakhapatnam,2010-10-15,2650.0,2600,2700
Visakhapatnam,2010-10-16,2650.0,2600,2700
Visakhapatnam,2010-10-17,2650.0,2600,2700
Visakhapatnam,2010-10-18,2650.0,2600,2700
Visakhapatnam,2010-10-19,2650.0,2600,2700
Visakhapatnam,2010-10-28,2500.0,2450,2550
Visakhapatnam,2010-10-29,2500.0,2450,2550
Visakhapatnam,2010-10-30,2500.0,2450,2550
Visakhapatnam,2010-10-31,2500.0,2450,2550
Visakhapatnam,2010-11-01,2500.0,2450,2550
Visakhapatnam,2010-11-02,2400.0,2350,2450
Visakhapatnam,2010-11-03,2400.0,2350,2450
Visakhapatnam,2010-11-04,2400.0,2350,2450
Visakhapatnam,2010-11-05,2400.0,2350,2450
Visakhapatnam,2010-11-06,2400.0,2350,2450
Visakhapatnam,2010-11-07,2300.0,2250,2350
Visakhapatnam,2010-11-08,2300.0,2250,2350
Visakhapatnam,2010-11-09,2300.0,2250,2350
Visakhapatnam,2010-11-10,2300.0,2250,2350
Visakhapatnam,2010-11-11,2300.0,2250,2350
Visakhapatnam,2010-11-12,2300.0,2250,2350
Visakhapatnam,2010-11-13,2300.0,2250,2350
Visakhapatnam,2010-11-14,2300.0,2250,2350
Visakhapatnam,2010-11-15,2300.0,2250,2350
Visakhapatnam,2010-11-16,2300.0,2250,2350
Visakhapatnam,2010-11-17,2300.0,2250,2350
Visakhapatnam,2010-11-18,2300.0,2250,2350
Visakhapatnam,2010-11-19,2300.0,2250,2350
Visakhapatnam,2010-11-20,2300.0,2250,2350
Visakhapatnam,2010-11-21,2300.0,2250,2350
Visakhapatnam,2010-11-22,2300.0,2250,2350
Visakhapatnam,2010-11-23,2250.0,2200,2300
Visakhapatnam,2010-11-24,2250.0,2200,2300
Visakhapatnam,2010-11-25,2250.0,2200,2300
Visakhapatnam,2010-11-26,2250.0,2200,2300
Visakhapatnam,2010-11-27,2250.0,2200,2300
Visakhapatnam,2010-11-28,2200.0,2150,2250
Visakhapatnam,2010-11-29,2200.0,2150,2250
Visakhapatnam,2010-11-30,2200.0,2150,2250
Visakhapatnam,2010-12-01,2250.0,2200,2300
Visakhapatnam,2010-12-02,2250.0,2200,2300
Visakhapatnam,2010-12-03,2250.0,2200,2300
Visakhapatnam,2010-12-04,2250.0,2200,2300
Visakhapatnam,2010-12-05,2250.0,2200,2300
Visakhapatnam,2010-12-06,2250.0,2200,2300
Visakhapatnam,2010-12-07,2250.0,2200,2300
Visakhapatnam,2010-12-08,2250.0,2200,2300
Visakhapatnam,2010-12-09,2200.0,2150,2250
Visakhapatnam,2010-12-10,2200.0,2150,2250
Visakhapatnam,2010-12-11,2250.0,2200,2300
Visakhapatnam,2010-12-12,2250.0,2200,2300
Visakhapatnam,2010-12-13,2250.0,2200,2300
Visakhapatnam,2010-12-14,2250.0,2200,2300
Visakhapatnam,2010-12-15,2250.0,2200,2300
Visakhapatnam,2010-12-16,2300.0,2250,2350
Visakhapatnam,2010-12-17,2300.0,2250,2350
Visakhapatnam,2010-12-18,2300.0,2250,2350
Visakhapatnam,2010-12-19,2300.0,2250,2350
Visakhapatnam,2010-12-20,2300.0,2250,2350
Visakhapatnam,2010-12-21,2300.0,2250,2350
Visakhapatnam,2010-12-22,2300.0,2250,2350
Visakhapatnam,2010-12-23,2300.0,2250,2350
Visakhapatnam,2010-12-24,2300.0,2250,2350
Visakhapatnam,2010-12-25,2300.0,2250,2350
Visakhapatnam,2010-12-26,2400.0,2350,2450
Visakhapatnam,2010-12-27,2400.0,2350,2450
Visakhapatnam,2010-12-28,2400.0,2350,2450
Visakhapatnam,2010-12-29,2400.0,2350,2450
Visakhapatnam,2010-12-30,2400.0,2350,2450
Visakhapatnam,2010-12-31,2400.0,2350,2450
Visakhapatnam,2011-01-01,2400.0,2350,2450
Visakhapatnam,2011-01-03,2400.0,2350,2450
Visakhapatnam,2011-01-04,2400.0,2350,2450
Visakhapatnam,2011-01-05,2400.0,2350,2450
Visakhapatnam,2011-01-06,2450.0,2400,2500
Visakhapatnam,2011-01-07,2450.0,2400,2500
Visakhapatnam,2011-01-08,2450.0,2400,2500
Visakhapatnam,2011-01-09,2450.0,2400,2500
Visakhapatnam,2011-01-10,2450.0,2400,2500
Visakhapatnam,2011-01-11,2450.0,2400,2500
Visakhapatnam,2011-01-12,2450.0,2400,2500
Visakhapatnam,2011-01-13,2450.0,2400,2500
Visakhapatnam,2011-01-14,2450.0,2400,2500
Visakhapatnam,2011-01-15,2450.0,2400,2500
Visakhapatnam,2011-01-16,2500.0,2450,2550
Visakhapatnam,2011-01-17,2500.0,2450,2550
Visakhapatnam,2011-01-18,2500.0,2450,2550
Visakhapatnam,2011-01-19,2500.0,2450,2550
Visakhapatnam,2011-01-20,2500.0,2450,2550
Visakhapatnam,2011-01-21,2500.0,2450,2550
Visakhapatnam,2011-01-22,2500.0,2450,2550
Visakhapatnam,2011-01-24,2500.0,2450,2550
Visakhapatnam,2011-01-25,2500.0,2450,2550
Visakhapatnam,2011-01-26,2550.0,2500,2600
Visakhapatnam,2011-01-27,2550.0,2500,2600
Visakhapatnam,2011-01-28,2550.0,2500,2600
Visakhapatnam,2011-01-29,2550.0,2500,2600
Visakhapatnam,2011-01-30,2550.0,2500,2600
Visakhapatnam,2011-01-31,2550.0,2500,2600
Visakhapatnam,2011-02-01,2550.0,2500,2600
Visakhapatnam,2011-02-02,2550.0,2500,2600
Visakhapatnam,2011-02-03,2550.0,2500,2600
Visakhapatnam,2011-02-04,2550.0,2500,2600
Visakhapatnam,2011-02-05,2550.0,2500,2600
Visakhapatnam,2011-02-06,2550.0,2500,2600
Visakhapatnam,2011-02-07,2550.0,2500,2600
Visakhapatnam,2011-02-08,2550.0,2500,2600
Visakhapatnam,2011-02-09,2550.0,2500,2600
Visakhapatnam,2011-02-10,2550.0,2500,2600
Visakhapatnam,2011-02-11,2550.0,2500,2600
Visakhapatnam,2011-02-12,2550.0,2500,2600
Visakhapatnam,2011-02-13,2550.0,2500,2600
Visakhapatnam,2011-02-14,2550.0,2500,2600
Visakhapatnam,2011-02-15,2600.0,2550,2650
Visakhapatnam,2011-02-16,2600.0,2550,2650
Visakhapatnam,2011-02-17,2600.0,2550,2650
Visakhapatnam,2011-02-18,2600.0,2550,2650
Visakhapatnam,2011-02-22,2650.0,2600,2700
Visakhapatnam,2011-02-23,2650.0,2600,2700
Visakhapatnam,2011-02-24,2650.0,2600,2700
Visakhapatnam,2011-02-25,2650.0,2600,2700
Visakhapatnam,2011-02-26,2650.0,2600,2700
Visakhapatnam,2011-02-27,2650.0,2600,2700
Visakhapatnam,2011-02-28,2650.0,2600,2700
Visakhapatnam,2011-03-01,2650.0,2600,2700
Visakhapatnam,2011-03-02,2650.0,2600,2700
Visakhapatnam,2011-03-03,2650.0,2600,2700
Visakhapatnam,2011-03-04,2650.0,2600,2700
Visakhapatnam,2011-03-05,2650.0,2600,2700
Visakhapatnam,2011-03-07,2650.0,2600,2700
Visakhapatnam,2011-03-08,2650.0,2600,2700
Visakhapatnam,2011-03-09,2700.0,2650,2750
Visakhapatnam,2011-03-10,2700.0,2650,2750
Visakhapatnam,2011-03-11,2700.0,2650,2750
Visakhapatnam,2011-03-12,2700.0,2650,2750
Visakhapatnam,2011-03-13,2700.0,2650,2750
Visakhapatnam,2011-03-14,2700.0,2650,2750
Visakhapatnam,2011-03-15,2750.0,2700,2800
Visakhapatnam,2011-03-16,2750.0,2700,2800
Visakhapatnam,2011-03-17,2750.0,2700,2800
Visakhapatnam,2011-03-18,2750.0,2700,2800
Visakhapatnam,2011-03-19,2750.0,2700,2800
Visakhapatnam,2011-03-20,2750.0,2700,2800
Visakhapatnam,2011-03-21,2750.0,2700,2800
Visakhapatnam,2011-03-22,2750.0,2700,2800
Visakhapatnam,2011-03-23,2750.0,2700,2800
Visakhapatnam,2011-03-24,2750.0,2700,2800
Visakhapatnam,2011-03-25,2750.0,2700,2800
Visakhapatnam,2011-03-26,2750.0,2700,2800
Visakhapatnam,2011-03-27,2750.0,2700,2800
Visakhapatnam,2011-03-28,2750.0,2700,2800
Visakhapatnam,2011-03-29,2650.0,2600,2700
Visakhapatnam,2011-03-30,2650.0,2600,2700
Visakhapatnam,2011-03-31,2650.0,2600,2700
Visakhapatnam,2011-04-01,2650.0,2600,2700
Visakhapatnam,2011-04-02,2650.0,2600,2700
Visakhapatnam,2011-04-03,2600.0,2550,2650
Visakhapatnam,2011-04-04,2600.0,2550,2650
Visakhapatnam,2011-04-05,2600.0,2550,2650
Visakhapatnam,2011-04-06,2600.0,2550,2650
Visakhapatnam,2011-04-07,2600.0,2550,2650
Visakhapatnam,2011-04-08,2600.0,2550,2650
Visakhapatnam,2011-04-09,2600.0,2550,2650
Visakhapatnam,2011-04-10,2600.0,2550,2650
Visakhapatnam,2011-04-11,2600.0,2550,2650
Visakhapatnam,2011-04-12,2600.0,2550,2650
Visakhapatnam,2011-04-13,2600.0,2550,2650
Visakhapatnam,2011-04-14,2600.0,2550,2650
Visakhapatnam,2011-04-15,2600.0,2550,2650
Visakhapatnam,2011-04-16,2600.0,2550,2650
Visakhapatnam,2011-04-17,2600.0,2550,2650
Visakhapatnam,2011-04-18,2600.0,2550,2650
Visakhapatnam,2011-04-19,2600.0,2550,2650
Visakhapatnam,2011-04-20,2600.0,2550,2650
Visakhapatnam,2011-04-21,2500.0,2450,2550
Visakhapatnam,2011-04-22,2500.0,2450,2550
Visakhapatnam,2011-04-23,2500.0,2450,2550
Visakhapatnam,2011-04-24,2500.0,2450,2550
Visakhapatnam,2011-04-25,2500.0,2450,2550
Visakhapatnam,2011-04-26,2500.0,2450,2550
Visakhapatnam,2011-04-27,2500.0,2450,2550
Visakhapatnam,2011-04-28,2500.0,2450,2550
Visakhapatnam,2011-04-29,2500.0,2450,2550
Visakhapatnam,2011-04-30,2450.0,2400,2500
Visakhapatnam,2011-05-01,2400.0,2350,2450
Visakhapatnam,2011-05-02,2400.0,2350,2450
Visakhapatnam,2011-05-03,2400.0,2350,2450
Visakhapatnam,2011-05-04,2400.0,2350,2450
Visakhapatnam,2011-05-05,2400.0,2350,2450
Visakhapatnam,2011-05-06,2400.0,2350,2450
Visakhapatnam,2011-05-07,2300.0,2250,2350
Visakhapatnam,2011-05-08,2300.0,2250,2350
Visakhapatnam,2011-05-09,2300.0,2250,2350
Visakhapatnam,2011-05-10,2300.0,2250,2350
Visakhapatnam,2011-05-11,2300.0,2250,2350
Visakhapatnam,2011-05-12,2300.0,2250,2350
Visakhapatnam,2011-05-13,2300.0,2250,2350
Visakhapatnam,2011-05-14,2300.0,2250,2350
Visakhapatnam,2011-05-15,2300.0,2250,2350
Visakhapatnam,2011-05-16,2300.0,2250,2350
Visakhapatnam,2011-05-17,2300.0,2250,2350
Visakhapatnam,2011-05-18,2300.0,2250,2350
Visakhapatnam,2011-05-19,2300.0,2250,2350
Visakhapatnam,2011-05-20,2300.0,2250,2350
Visakhapatnam,2011-05-21,2300.0,2250,2350
Visakhapatnam,2011-05-22,2300.0,2250,2350
Visakhapatnam,2011-05-23,2300.0,2250,2350
Visakhapatnam,2011-05-24,2300.0,2250,2350
Visakhapatnam,2011-05-25,2350.0,2300,2400
Visakhapatnam,2011-05-26,2350.0,2300,2400
Visakhapatnam,2011-05-27,2350.0,2300,2400
Visakhapatnam,2011-05-28,2350.0,2300,2400
Visakhapatnam,2011-05-29,2350.0,2300,2400
Visakhapatnam,2011-05-30,2350.0,2300,2400
Visakhapatnam,2011-05-31,2350.0,2300,2400
Visakhapatnam,2011-06-01,2350.0,2300,2400
Visakhapatnam,2011-06-02,2350.0,2300,2400
Visakhapatnam,2011-06-03,2350.0,2300,2400
Visakhapatnam,2011-06-04,2350.0,2300,2400
Visakhapatnam,2011-06-05,2350.0,2300,2400
Visakhapatnam,2011-06-06,2350.0,2300,2400
Visakhapatnam,2011-06-07,2350.0,2300,2400
Visakhapatnam,2011-06-08,2350.0,2300,2400
Visakhapatnam,2011-06-09,2350.0,2300,2400
Visakhapatnam,2011-06-10,2400.0,2350,2450
Visakhapatnam,2011-06-11,2400.0,2350,2450
Visakhapatnam,2011-06-12,2400.0,2350,2450
Visakhapatnam,2011-06-13,2400.0,2350,2450
Visakhapatnam,2011-06-14,2400.0,2350,2450
Visakhapatnam,2011-06-15,2400.0,2350,2450
Visakhapatnam,2011-06-16,2400.0,2350,2450
Visakhapatnam,2011-06-17,2400.0,2350,2450
Visakhapatnam,2011-06-18,2400.0,2350,2450
Visakhapatnam,2011-06-19,2400.0,2350,2450
Visakhapatnam,2011-06-20,2400.0,2350,2450
Visakhapatnam,2011-06-21,2400.0,2350,2450
Visakhapatnam,2011-06-22,2400.0,2350,2450
Visakhapatnam,2011-06-23,2400.0,2350,2450
Visakhapatnam,2011-06-24,2400.0,2350,2450
Visakhapatnam,2011-06-25,2400.0,2350,2450
Visakhapatnam,2011-06-26,2400.0,2350,2450
Visakhapatnam,2011-06-27,2400.0,2350,2450
Visakhapatnam,2011-06-28,2400.0,2350,2450
Visakhapatnam,2011-06-29,2400.0,2350,2450
Visakhapatnam,2011-06-30,2400.0,2350,2450
Visakhapatnam,2011-07-01,2400.0,2350,2450
Visakhapatnam,2011-07-02,2400.0,2350,2450
Visakhapatnam,2011-07-03,2400.0,2350,2450
Visakhapatnam,2011-07-04,2400.0,2350,2450
Visakhapatnam,2011-07-05,2400.0,2350,2450
Visakhapatnam,2011-07-06,2400.0,2350,2450
Visakhapatnam,2011-07-07,2400.0,2350,2450
Visakhapatnam,2011-07-08,2400.0,2350,2450
Visakhapatnam,2011-07-09,2400.0,2350,2450
Visakhapatnam,2011-07-10,2400.0,2350,2450
Visakhapatnam,2011-07-11,2400.0,2350,2450
Visakhapatnam,2011-07-12,2400.0,2350,2450
Visakhapatnam,2011-07-13,2400.0,2350,2450
Visakhapatnam,2011-07-14,2400.0,2350,2450
Visakhapatnam,2011-07-15,2450.0,2400,2500
Visakhapatnam,2011-07-16,2450.0,2400,2500
Visakhapatnam,2011-07-18,2450.0,2400,2500
Visakhapatnam,2011-07-19,2450.0,2400,2500
Visakhapatnam,2011-07-20,2450.0,2400,2500
Visakhapatnam,2011-07-21,2450.0,2400,2500
Visakhapatnam,2011-07-22,2450.0,2400,2500
Visakhapatnam,2011-07-23,2450.0,2400,2500
Visakhapatnam,2011-07-25,2450.0,2400,2500
Visakhapatnam,2011-07-26,2450.0,2400,2500
Visakhapatnam,2011-07-27,2450.0,2400,2500
Visakhapatnam,2011-07-28,2450.0,2400,2500
Visakhapatnam,2011-07-29,2450.0,2400,2500
Visakhapatnam,2011-07-30,2450.0,2400,2500
Visakhapatnam,2011-08-01,2450.0,2400,2500
Visakhapatnam,2011-08-02,2450.0,2400,2500
Visakhapatnam,2011-08-03,2500.0,2450,2550
Visakhapatnam,2011-08-04,2500.0,2450,2550
Visakhapatnam,2011-08-05,2500.0,2450,2550
Visakhapatnam,2011-08-06,2500.0,2450,2550
Visakhapatnam,2011-08-08,2500.0,2450,2550
Visakhapatnam,2011-08-09,2500.0,2450,2550
Visakhapatnam,2011-08-10,2450.0,2400,2550
Visakhapatnam,2011-08-11,2500.0,2450,2550
Visakhapatnam,2011-08-12,2450.0,2400,2550
Visakhapatnam,2011-08-13,2450.0,2400,2550
Visakhapatnam,2011-08-14,2450.0,2400,2550
Visakhapatnam,2011-08-15,2500.0,2450,2550
Visakhapatnam,2011-08-16,2500.0,2450,2550
Visakhapatnam,2011-08-17,2500.0,2450,2550
Visakhapatnam,2011-08-18,2500.0,2450,2550
Visakhapatnam,2011-08-19,2500.0,2450,2550
Visakhapatnam,2011-08-20,2500.0,2450,2550
Visakhapatnam,2011-08-21,2500.0,2450,2550
Visakhapatnam,2011-08-22,2500.0,2450,2550
Visakhapatnam,2011-08-23,2500.0,2450,2550
Visakhapatnam,2011-08-24,2500.0,2450,2550
Visakhapatnam,2011-08-25,2500.0,2450,2550
Visakhapatnam,2011-08-26,2500.0,2450,2550
Visakhapatnam,2011-08-27,2500.0,2450,2550
Visakhapatnam,2011-08-29,2500.0,2450,2550
Visakhapatnam,2011-08-30,2500.0,2450,2550
Visakhapatnam,2011-09-01,2500.0,2450,2550
Visakhapatnam,2011-09-02,2500.0,2450,2550
Visakhapatnam,2011-09-03,2500.0,2450,2550
Visakhapatnam,2011-09-04,2500.0,2450,2550
Visakhapatnam,2011-09-05,2500.0,2450,2550
Visakhapatnam,2011-09-06,2500.0,2450,2550
Visakhapatnam,2011-09-07,2500.0,2450,2550
Visakhapatnam,2011-09-08,2500.0,2450,2550
Visakhapatnam,2011-09-09,2500.0,2450,2550
Visakhapatnam,2011-09-10,2500.0,2450,2550
Visakhapatnam,2011-09-11,2500.0,2450,2550
Visakhapatnam,2011-09-12,2500.0,2450,2550
Visakhapatnam,2011-09-13,2500.0,2450,2550
Visakhapatnam,2011-09-14,2500.0,2450,2550
Visakhapatnam,2011-09-15,2500.0,2450,2550
Visakhapatnam,2011-09-16,2500.0,2450,2550
Visakhapatnam,2011-09-17,2600.0,2550,2650
Visakhapatnam,2011-09-18,2600.0,2550,2650
Visakhapatnam,2011-09-19,2600.0,2550,2650
Visakhapatnam,2011-09-20,2600.0,2550,2650
Visakhapatnam,2011-09-21,2600.0,2550,2650
Visakhapatnam,2011-09-22,2600.0,2550,2650
Visakhapatnam,2011-09-23,2600.0,2550,2650
Visakhapatnam,2011-09-24,2600.0,2550,2650
Visakhapatnam,2011-09-25,2700.0,2650,2750
Visakhapatnam,2011-09-26,2700.0,2650,2750
Visakhapatnam,2011-09-27,2700.0,2650,2750
Visakhapatnam,2011-09-28,2700.0,2650,2750
Visakhapatnam,2011-09-29,2700.0,2650,2750
Visakhapatnam,2011-09-30,2700.0,2650,2750
Visakhapatnam,2011-10-01,2700.0,2650,2750
Visakhapatnam,2011-10-02,2750.0,2700,2800
Visakhapatnam,2011-10-03,2750.0,2700,2800
Visakhapatnam,2011-10-04,2750.0,2700,2800
Visakhapatnam,2011-10-05,2750.0,2700,2800
Visakhapatnam,2011-10-07,2750.0,2700,2800
Visakhapatnam,2011-10-08,2750.0,2700,2800
Visakhapatnam,2011-10-09,2750.0,2700,2800
Visakhapatnam,2011-10-10,2750.0,2700,2800
Visakhapatnam,2011-10-11,2750.0,2700,2800
Visakhapatnam,2011-10-12,2750.0,2700,2800
Visakhapatnam,2011-10-13,2750.0,2700,2800
Visakhapatnam,2011-10-14,2750.0,2700,2800
Visakhapatnam,2011-10-15,2750.0,2700,2800
Visakhapatnam,2011-10-16,2850.0,2800,2900
Visakhapatnam,2011-10-17,2850.0,2800,2900
Visakhapatnam,2011-10-18,2850.0,2800,2900
Visakhapatnam,2011-10-19,2850.0,2800,2900
Visakhapatnam,2011-10-20,2850.0,2800,2900
Visakhapatnam,2011-10-21,2850.0,2800,2900
Visakhapatnam,2011-10-22,2850.0,2800,2900
Visakhapatnam,2011-10-23,2850.0,2800,2900
Visakhapatnam,2011-10-24,2850.0,2800,2900
Visakhapatnam,2011-10-25,2850.0,2800,2900
Visakhapatnam,2011-10-26,2850.0,2800,2900
Visakhapatnam,2011-10-27,2850.0,2800,2900
Visakhapatnam,2011-10-28,2850.0,2800,2900
Visakhapatnam,2011-10-29,2850.0,2800,2900
Visakhapatnam,2011-10-30,2850.0,2800,2900
Visakhapatnam,2011-10-31,2850.0,2800,2900
Visakhapatnam,2011-11-01,2850.0,2800,2900
Visakhapatnam,2011-11-02,2850.0,2800,2900
Visakhapatnam,2011-11-03,2850.0,2800,2900
Visakhapatnam,2011-11-04,2850.0,2800,2900
Visakhapatnam,2011-11-05,2850.0,2800,2900
Visakhapatnam,2011-11-06,2900.0,2850,2950
Visakhapatnam,2011-11-07,2850.0,2800,2900
Visakhapatnam,2011-11-08,2900.0,2850,2950
Visakhapatnam,2011-11-09,2900.0,2850,2950
Visakhapatnam,2011-11-10,2900.0,2850,2950
Visakhapatnam,2011-11-11,2900.0,2850,2950
Visakhapatnam,2011-11-12,2900.0,2850,2950
Visakhapatnam,2011-11-13,2900.0,2850,2950
Visakhapatnam,2011-11-14,2900.0,2850,2950
Visakhapatnam,2011-11-15,2900.0,2850,2950
Visakhapatnam,2011-11-16,3000.0,2900,3100
Visakhapatnam,2011-11-17,3000.0,2900,3100
Visakhapatnam,2011-11-18,3000.0,2900,3100
Visakhapatnam,2011-11-19,3000.0,2900,3100
Visakhapatnam,2011-11-20,3000.0,2900,3100
Visakhapatnam,2011-11-21,3000.0,2900,3100
Visakhapatnam,2011-11-22,3200.0,3100,3300
Visakhapatnam,2011-11-23,3200.0,3100,3300
Visakhapatnam,2011-11-24,3200.0,3100,3300
Visakhapatnam,2011-11-25,3200.0,3100,3300
Visakhapatnam,2011-11-26,3200.0,3100,3300
Visakhapatnam,2011-11-27,3200.0,3100,3300
Visakhapatnam,2011-11-28,3200.0,3100,3300
Visakhapatnam,2011-11-29,2900.0,2800,3000
Visakhapatnam,2011-11-30,2900.0,2800,3000
Visakhapatnam,2011-12-01,2900.0,2800,3000
Visakhapatnam,2011-12-02,2900.0,2800,3000
Visakhapatnam,2011-12-03,2900.0,2800,3000
Visakhapatnam,2011-12-04,2700.0,2600,2800
Visakhapatnam,2011-12-05,2700.0,2600,2800
Visakhapatnam,2011-12-06,2700.0,2600,2800
Visakhapatnam,2011-12-07,2700.0,2600,2800
Visakhapatnam,2011-12-08,2700.0,2600,2800
Visakhapatnam,2011-12-09,2700.0,2600,2800
Visakhapatnam,2011-12-10,2700.0,2600,2800
Visakhapatnam,2011-12-11,2700.0,2600,2800
Visakhapatnam,2011-12-12,2700.0,2600,2800
Visakhapatnam,2011-12-13,2700.0,2600,2800
Visakhapatnam,2011-12-14,2700.0,2600,2800
Visakhapatnam,2011-12-15,2700.0,2600,2800
Visakhapatnam,2011-12-16,2700.0,2600,2800
Visakhapatnam,2011-12-17,2700.0,2600,2800
Visakhapatnam,2011-12-18,2700.0,2600,2800
Visakhapatnam,2011-12-19,2700.0,2600,2800
Visakhapatnam,2011-12-20,2700.0,2600,2800
Visakhapatnam,2011-12-21,2700.0,2600,2800
Visakhapatnam,2011-12-22,2700.0,2600,2800
Visakhapatnam,2011-12-23,2600.0,2500,2700
Visakhapatnam,2011-12-24,2600.0,2500,2700
Visakhapatnam,2011-12-25,2600.0,2500,2700
Visakhapatnam,2011-12-26,2600.0,2500,2700
Visakhapatnam,2011-12-27,2600.0,2500,2700
Visakhapatnam,2011-12-28,2600.0,2500,2700
Visakhapatnam,2011-12-29,2600.0,2500,2700
Visakhapatnam,2011-12-30,2600.0,2500,2700
Visakhapatnam,2011-12-31,2600.0,2500,2700
Visakhapatnam,2012-01-01,2600.0,2500,2700
Visakhapatnam,2012-01-02,2600.0,2500,2700
Visakhapatnam,2012-01-03,2600.0,2500,2700
Visakhapatnam,2012-01-04,2600.0,2500,2700
Visakhapatnam,2012-01-05,2600.0,2500,2700
Visakhapatnam,2012-01-06,2500.0,2400,2600
Visakhapatnam,2012-01-07,2500.0,2400,2600
Visakhapatnam,2012-01-09,2600.0,2500,2700
Visakhapatnam,2012-01-10,2600.0,2500,2700
Visakhapatnam,2012-01-11,2600.0,2500,2700
Visakhapatnam,2012-01-12,2500.0,2400,2600
Visakhapatnam,2012-01-13,2500.0,2400,2600
Visakhapatnam,2012-01-14,2500.0,2400,2600
Visakhapatnam,2012-01-15,2500.0,2400,2600
Visakhapatnam,2012-01-16,2500.0,2400,2600
Visakhapatnam,2012-01-17,2500.0,2400,2600
Visakhapatnam,2012-01-18,2500.0,2400,2600
Visakhapatnam,2012-01-19,2500.0,2400,2600
Visakhapatnam,2012-01-20,2500.0,2400,2600
Visakhapatnam,2012-01-21,2500.0,2400,2600
Visakhapatnam,2012-01-23,2500.0,2400,2600
Visakhapatnam,2012-01-24,2500.0,2400,2600
Visakhapatnam,2012-01-25,2500.0,2400,2600
Visakhapatnam,2012-01-26,2500.0,2400,2600
Visakhapatnam,2012-01-27,2500.0,2400,2600
Visakhapatnam,2012-01-28,2500.0,2400,2600
Visakhapatnam,2012-01-29,2500.0,2400,2600
Visakhapatnam,2012-01-30,2500.0,2400,2600
Visakhapatnam,2012-01-31,2500.0,2400,2600
Visakhapatnam,2012-02-01,2500.0,2400,2600
Visakhapatnam,2012-02-02,2500.0,2400,2600
Visakhapatnam,2012-02-03,2500.0,2400,2600
Visakhapatnam,2012-02-04,2500.0,2400,2600
Visakhapatnam,2012-02-05,2500.0,2400,2600
Visakhapatnam,2012-02-06,2500.0,2400,2600
Visakhapatnam,2012-02-07,2500.0,2400,2600
Visakhapatnam,2012-02-08,2500.0,2400,2600
Visakhapatnam,2012-02-09,2500.0,2400,2600
Visakhapatnam,2012-02-10,2500.0,2400,2600
Visakhapatnam,2012-02-11,2600.0,2500,2700
Visakhapatnam,2012-02-12,2600.0,2500,2700
Visakhapatnam,2012-02-13,2600.0,2500,2700
Visakhapatnam,2012-02-14,2600.0,2500,2700
Visakhapatnam,2012-02-15,2400.0,2300,2500
Visakhapatnam,2012-02-16,2400.0,2300,2500
Visakhapatnam,2012-02-17,2400.0,2300,2500
Visakhapatnam,2012-02-18,2400.0,2300,2500
Visakhapatnam,2012-02-19,2500.0,2400,2600
Visakhapatnam,2012-02-20,2500.0,2400,2600
Visakhapatnam,2012-02-21,2500.0,2400,2600
Visakhapatnam,2012-02-22,2500.0,2400,2600
Visakhapatnam,2012-02-23,2500.0,2400,2600
Visakhapatnam,2012-02-24,2500.0,2400,2600
Visakhapatnam,2012-02-25,2500.0,2400,2600
Visakhapatnam,2012-02-26,2500.0,2400,2600
Visakhapatnam,2012-02-27,2500.0,2400,2600
Visakhapatnam,2012-02-28,2500.0,2400,2600
Visakhapatnam,2012-02-29,2500.0,2400,2600
Visakhapatnam,2012-03-01,2500.0,2400,2600
Visakhapatnam,2012-03-02,2500.0,2400,2600
Visakhapatnam,2012-03-03,2500.0,2400,2600
Visakhapatnam,2012-03-04,2500.0,2400,2600
Visakhapatnam,2012-03-06,2500.0,2400,2600
Visakhapatnam,2012-03-07,2500.0,2400,2600
Visakhapatnam,2012-03-10,2500.0,2400,2600
Visakhapatnam,2012-03-11,2500.0,2400,2600
Visakhapatnam,2012-03-12,2500.0,2400,2600
Visakhapatnam,2012-03-13,2500.0,2400,2600
Visakhapatnam,2012-03-14,2500.0,2400,2600
Visakhapatnam,2012-03-15,2500.0,2400,2600
Visakhapatnam,2012-03-16,2500.0,2400,2600
Visakhapatnam,2012-03-17,2500.0,2400,2600
Visakhapatnam,2012-03-19,2500.0,2400,2600
Visakhapatnam,2012-03-21,2700.0,2600,2800
Visakhapatnam,2012-03-22,2600.0,2500,2700
Visakhapatnam,2012-03-23,2500.0,2400,2600
Visakhapatnam,2012-03-24,2500.0,2400,2600
Visakhapatnam,2012-03-25,2500.0,2400,2600
Visakhapatnam,2012-03-27,2500.0,2400,2600
Visakhapatnam,2012-03-29,2500.0,2400,2600
Visakhapatnam,2012-03-30,2500.0,2400,2600
Visakhapatnam,2012-03-31,2500.0,2400,2600
Visakhapatnam,2012-04-01,2500.0,2400,2600
Visakhapatnam,2012-04-02,2500.0,2400,2600
Visakhapatnam,2012-04-03,2500.0,2400,2600
Visakhapatnam,2012-04-04,2500.0,2400,2600
Visakhapatnam,2012-04-06,2500.0,2400,2600
Visakhapatnam,2012-04-07,2500.0,2400,2600
Visakhapatnam,2012-04-08,2500.0,2400,2600
Visakhapatnam,2012-04-09,2500.0,2400,2600
Visakhapatnam,2012-04-10,2500.0,2400,2600
Visakhapatnam,2012-04-11,2500.0,2400,2600
Visakhapatnam,2012-04-12,2500.0,2400,2600
Visakhapatnam,2012-04-14,2500.0,2400,2600
Visakhapatnam,2012-04-15,2500.0,2400,2600
Visakhapatnam,2012-04-16,2500.0,2400,2600
Visakhapatnam,2012-04-17,2500.0,2400,2600
Visakhapatnam,2012-04-18,2500.0,2400,2600
Visakhapatnam,2012-04-19,2500.0,2400,2600
Visakhapatnam,2012-04-20,2500.0,2400,2600
Visakhapatnam,2012-04-21,2500.0,2400,2600
Visakhapatnam,2012-04-23,2500.0,2400,2600
Visakhapatnam,2012-04-24,2500.0,2400,2600
Visakhapatnam,2012-04-25,2500.0,2400,2600
Visakhapatnam,2012-04-26,2500.0,2400,2600
Visakhapatnam,2012-04-27,2500.0,2400,2600
Visakhapatnam,2012-04-28,2500.0,2400,2600
Visakhapatnam,2012-04-29,2500.0,2400,2600
Visakhapatnam,2012-04-30,2500.0,2400,2600
Visakhapatnam,2012-05-01,2500.0,2400,2600
Visakhapatnam,2012-05-02,2500.0,2400,2600
Visakhapatnam,2012-05-03,2500.0,2400,2600
Visakhapatnam,2012-05-04,2500.0,2400,2600
Visakhapatnam,2012-05-05,2500.0,2400,2600
Visakhapatnam,2012-05-06,2500.0,2400,2600
Visakhapatnam,2012-05-07,2500.0,2400,2600
Visakhapatnam,2012-05-08,2500.0,2400,2600
Visakhapatnam,2012-05-09,2500.0,2400,2600
Visakhapatnam,2012-05-10,2500.0,2400,2600
Visakhapatnam,2012-05-11,2500.0,2400,2600
Visakhapatnam,2012-05-12,2500.0,2400,2600
Visakhapatnam,2012-05-13,2500.0,2400,2600
Visakhapatnam,2012-05-14,2500.0,2400,2600
Visakhapatnam,2012-05-15,2700.0,2600,2800
Visakhapatnam,2012-05-16,2700.0,2600,2800
Visakhapatnam,2012-05-17,2700.0,2600,2800
Visakhapatnam,2012-05-18,2700.0,2600,2800
Visakhapatnam,2012-05-19,2700.0,2600,2800
Visakhapatnam,2012-05-20,2700.0,2600,2800
Visakhapatnam,2012-05-21,2700.0,2600,2800
Visakhapatnam,2012-05-22,2800.0,2700,2900
Visakhapatnam,2012-05-23,2800.0,2700,2900
Visakhapatnam,2012-05-24,2800.0,2700,2900
Visakhapatnam,2012-05-25,2800.0,2700,2900
Visakhapatnam,2012-05-26,2700.0,2600,2800
Visakhapatnam,2012-05-27,2700.0,2600,2800
Visakhapatnam,2012-05-28,2700.0,2600,2800
Visakhapatnam,2012-05-29,2800.0,2700,2900
Visakhapatnam,2012-05-30,2700.0,2600,2800
Visakhapatnam,2012-05-31,2800.0,2700,2900
Visakhapatnam,2012-06-01,2800.0,2700,2900
Visakhapatnam,2012-06-02,2800.0,2700,2900
Visakhapatnam,2012-06-03,2800.0,2700,2900
Visakhapatnam,2012-06-04,2800.0,2700,2900
Visakhapatnam,2012-06-05,2800.0,2700,2900
Visakhapatnam,2012-06-06,2800.0,2700,2900
Visakhapatnam,2012-06-07,2800.0,2700,2900
Visakhapatnam,2012-06-12,2800.0,2700,2900
Visakhapatnam,2012-06-13,2800.0,2700,2900
Visakhapatnam,2012-06-14,2800.0,2700,2900
Visakhapatnam,2012-06-15,2850.0,2800,2900
Visakhapatnam,2012-06-16,2800.0,2700,2900
Visakhapatnam,2012-06-17,2800.0,2700,2900
Visakhapatnam,2012-06-18,2800.0,2700,2900
Visakhapatnam,2012-06-19,2800.0,2700,2900
Visakhapatnam,2012-06-20,2800.0,2700,2900
Visakhapatnam,2012-06-21,2800.0,2700,2900
Visakhapatnam,2012-06-22,2800.0,2700,2900
Visakhapatnam,2012-06-23,2800.0,2700,2900
Visakhapatnam,2012-06-25,2800.0,2700,2900
Visakhapatnam,2012-06-26,2800.0,2700,2900
Visakhapatnam,2012-06-28,2800.0,2700,2900
Visakhapatnam,2012-06-29,2800.0,2700,2900
Visakhapatnam,2012-06-30,2800.0,2700,2900
Visakhapatnam,2012-07-01,2800.0,2700,2900
Visakhapatnam,2012-07-02,2800.0,2700,2900
Visakhapatnam,2012-07-03,2800.0,2700,2900
Visakhapatnam,2012-07-04,2800.0,2700,2900
Visakhapatnam,2012-07-05,2800.0,2700,2900
Visakhapatnam,2012-07-07,2800.0,2700,2900
Visakhapatnam,2012-07-08,2800.0,2700,2900
Visakhapatnam,2012-07-09,2800.0,2700,2900
Visakhapatnam,2012-07-10,2800.0,2700,2900
Visakhapatnam,2012-07-11,2800.0,2700,2900
Visakhapatnam,2012-07-12,2800.0,2700,2900
Visakhapatnam,2012-07-13,2800.0,2700,2900
Visakhapatnam,2012-07-14,3100.0,3000,3200
Visakhapatnam,2012-07-15,3100.0,3000,3200
Visakhapatnam,2012-07-16,3100.0,3000,3200
Visakhapatnam,2012-07-17,3100.0,3000,3200
Visakhapatnam,2012-07-18,3100.0,3000,3200
Visakhapatnam,2012-07-19,3100.0,3000,3200
Visakhapatnam,2012-07-20,3100.0,3000,3200
Visakhapatnam,2012-07-21,3100.0,3000,3200
Visakhapatnam,2012-07-22,3100.0,3000,3200
Visakhapatnam,2012-07-23,3100.0,3000,3200
Visakhapatnam,2012-07-24,3100.0,3000,3200
Visakhapatnam,2012-07-25,3100.0,3000,3200
Visakhapatnam,2012-07-26,3100.0,3000,3200
Visakhapatnam,2012-07-27,3100.0,3000,3200
Visakhapatnam,2012-07-28,3100.0,3000,3200
Visakhapatnam,2012-07-29,3100.0,3000,3200
Visakhapatnam,2012-07-30,3100.0,3000,3200
Visakhapatnam,2012-07-31,3100.0,3000,3200
Visakhapatnam,2012-08-01,3100.0,3000,3200
Visakhapatnam,2012-08-02,3100.0,3000,3200
Visakhapatnam,2012-08-03,3100.0,3000,3200
Visakhapatnam,2012-08-04,3100.0,3000,3200
Visakhapatnam,2012-08-06,3100.0,3000,3200
Visakhapatnam,2012-08-07,3100.0,3000,3200
Visakhapatnam,2012-08-08,3100.0,3000,3200
Visakhapatnam,2012-08-09,3100.0,3000,3200
Visakhapatnam,2012-08-10,3100.0,3000,3200
Visakhapatnam,2012-08-11,3100.0,3000,3200
Visakhapatnam,2012-08-12,3100.0,3000,3200
Visakhapatnam,2012-08-13,3100.0,3000,3200
Visakhapatnam,2012-08-14,3100.0,3000,3200
Visakhapatnam,2012-08-15,3100.0,3000,3200
Visakhapatnam,2012-08-16,3100.0,3000,3200
Visakhapatnam,2012-08-17,3100.0,3000,3200
Visakhapatnam,2012-08-18,3100.0,3000,3200
Visakhapatnam,2012-08-19,3100.0,3000,3200
Visakhapatnam,2012-08-20,3100.0,3000,3200
Visakhapatnam,2012-08-21,3100.0,3000,3200
Visakhapatnam,2012-08-22,3100.0,3000,3200
Visakhapatnam,2012-08-23,3100.0,3000,3200
Visakhapatnam,2012-08-24,3100.0,3000,3200
Visakhapatnam,2012-08-25,3100.0,3000,3200
Visakhapatnam,2012-08-26,3100.0,3000,3200
Visakhapatnam,2012-08-27,3100.0,3000,3200
Visakhapatnam,2012-08-28,3100.0,3000,3200
Visakhapatnam,2012-08-29,3100.0,3000,3200
Visakhapatnam,2012-08-30,3100.0,3000,3200
Visakhapatnam,2012-08-31,3100.0,3000,3200
Visakhapatnam,2012-09-01,3100.0,3000,3200
Visakhapatnam,2012-09-02,3100.0,3000,3200
Visakhapatnam,2012-09-03,3100.0,3000,3200
Visakhapatnam,2012-09-04,3100.0,3000,3200
Visakhapatnam,2012-09-05,3100.0,3000,3200
Visakhapatnam,2012-09-06,3100.0,3000,3200
Visakhapatnam,2012-09-07,3100.0,3000,3200
Visakhapatnam,2012-09-08,3100.0,3000,3200
Visakhapatnam,2012-09-09,3100.0,3000,3200
Visakhapatnam,2012-09-10,3100.0,3000,3200
Visakhapatnam,2012-09-11,3100.0,3000,3200
Visakhapatnam,2012-09-12,3100.0,3000,3200
Visakhapatnam,2012-09-13,3200.0,3100,3300
Visakhapatnam,2012-09-14,3100.0,3000,3200
Visakhapatnam,2012-09-15,3100.0,3000,3200
Visakhapatnam,2012-09-16,3100.0,3000,3200
Visakhapatnam,2012-09-17,3100.0,3000,3200
Visakhapatnam,2012-09-18,3100.0,3000,3200
Visakhapatnam,2012-09-19,3100.0,3000,3200
Visakhapatnam,2012-09-20,3100.0,3000,3200
Visakhapatnam,2012-09-21,3100.0,3000,3200
Visakhapatnam,2012-09-22,3100.0,3000,3200
Visakhapatnam,2012-09-23,3100.0,3000,3200
Visakhapatnam,2012-09-24,3100.0,3000,3200
Visakhapatnam,2012-09-25,3100.0,3000,3200
Visakhapatnam,2012-09-26,3100.0,3000,3200
Visakhapatnam,2012-09-27,3100.0,3000,3200
Visakhapatnam,2012-09-28,3100.0,3000,3200
Visakhapatnam,2012-09-29,3100.0,3000,3200
Visakhapatnam,2012-09-30,3100.0,3000,3200
Visakhapatnam,2012-10-01,3100.0,3000,3200
Visakhapatnam,2012-10-02,3100.0,3000,3200
Visakhapatnam,2012-10-03,3100.0,3000,3200
Visakhapatnam,2012-10-04,3100.0,3000,3200
Visakhapatnam,2012-10-05,3100.0,3000,3200
Visakhapatnam,2012-10-06,3100.0,3000,3200
Visakhapatnam,2012-10-07,3100.0,3000,3200
Visakhapatnam,2012-10-08,3100.0,3000,3200
Visakhapatnam,2012-10-09,3100.0,3000,3200
Visakhapatnam,2012-10-10,3100.0,3000,3200
Visakhapatnam,2012-10-11,3100.0,3000,3200
Visakhapatnam,2012-10-12,3100.0,3000,3200
Visakhapatnam,2012-10-13,3200.0,3100,3300
Visakhapatnam,2012-10-14,3200.0,3100,3300
Visakhapatnam,2012-10-15,3100.0,3000,3200
Visakhapatnam,2012-10-16,3100.0,3000,3200
Visakhapatnam,2012-10-17,3200.0,3100,3300
Visakhapatnam,2012-10-18,3200.0,3100,3300
Visakhapatnam,2012-10-19,3200.0,3100,3300
Visakhapatnam,2012-10-20,3200.0,3100,3300
Visakhapatnam,2012-10-21,3100.0,3000,3200
Visakhapatnam,2012-10-22,3200.0,3100,3300
Visakhapatnam,2012-10-23,3200.0,3100,3300
Visakhapatnam,2012-10-24,3200.0,3100,3300
Visakhapatnam,2012-10-25,3200.0,3100,3300
Visakhapatnam,2012-10-26,3200.0,3100,3300
Visakhapatnam,2012-10-27,3200.0,3100,3300
Visakhapatnam,2012-10-28,3200.0,3100,3300
Visakhapatnam,2012-10-29,3200.0,3100,3300
Visakhapatnam,2012-10-30,3200.0,3100,3300
Visakhapatnam,2012-10-31,3200.0,3100,3300
Visakhapatnam,2012-11-01,3200.0,3100,3300
Visakhapatnam,2012-11-02,3200.0,3100,3300
Visakhapatnam,2012-11-03,3200.0,3100,3300
Visakhapatnam,2012-11-04,3200.0,3100,3300
Visakhapatnam,2012-11-05,3200.0,3100,3300
Visakhapatnam,2012-11-06,3200.0,3100,3300
Visakhapatnam,2012-11-07,3200.0,3100,3300
Visakhapatnam,2012-11-08,3200.0,3100,3300
Visakhapatnam,2012-11-09,3200.0,3100,3300
Visakhapatnam,2012-11-10,3200.0,3100,3300
Visakhapatnam,2012-11-11,3200.0,3100,3300
Visakhapatnam,2012-11-12,3200.0,3100,3300
Visakhapatnam,2012-11-13,3200.0,3100,3300
Visakhapatnam,2012-11-14,3200.0,3100,3300
Visakhapatnam,2012-11-15,3200.0,3100,3300
Visakhapatnam,2012-11-16,3200.0,3100,3300
Visakhapatnam,2012-11-17,3200.0,3100,3300
Visakhapatnam,2012-11-18,3200.0,3100,3300
Visakhapatnam,2012-11-19,3200.0,3100,3300
Visakhapatnam,2012-11-20,3200.0,3100,3300
Visakhapatnam,2012-11-21,3200.0,3100,3300
Visakhapatnam,2012-11-22,3200.0,3100,3300
Visakhapatnam,2012-11-23,3200.0,3100,3300
Visakhapatnam,2012-11-24,3200.0,3100,3300
Visakhapatnam,2012-11-25,3200.0,3100,3300
Visakhapatnam,2012-11-26,3200.0,3100,3300
Visakhapatnam,2012-11-29,3200.0,3100,3300
Visakhapatnam,2012-11-30,3100.0,3000,3200
Visakhapatnam,2012-12-01,3200.0,3100,3300
Visakhapatnam,2012-12-02,3200.0,3100,3300
Visakhapatnam,2012-12-03,3200.0,3100,3300
Visakhapatnam,2012-12-04,3200.0,3100,3300
Visakhapatnam,2012-12-05,3200.0,3100,3300
Visakhapatnam,2012-12-06,3200.0,3100,3300
Visakhapatnam,2012-12-07,3200.0,3100,3300
Visakhapatnam,2012-12-08,3200.0,3100,3300
Visakhapatnam,2012-12-09,3200.0,3100,3300
Visakhapatnam,2012-12-10,3200.0,3100,3300
Visakhapatnam,2012-12-11,3200.0,3100,3300
Visakhapatnam,2012-12-12,3200.0,3100,3300
Visakhapatnam,2012-12-13,3200.0,3100,3300
Visakhapatnam,2012-12-14,3200.0,3100,3300
Visakhapatnam,2012-12-15,3200.0,3100,3300
Visakhapatnam,2012-12-16,3200.0,3100,3300
Visakhapatnam,2012-12-17,3200.0,3100,3300
Visakhapatnam,2012-12-18,3200.0,3100,3300
Visakhapatnam,2012-12-19,3200.0,3100,3300
Visakhapatnam,2012-12-20,3200.0,3100,3300
Visakhapatnam,2012-12-21,3200.0,3100,3300
Visakhapatnam,2012-12-22,3200.0,3100,3300
Visakhapatnam,2012-12-24,3200.0,3100,3300
Visakhapatnam,2012-12-25,3200.0,3100,3300
Visakhapatnam,2012-12-26,3200.0,3100,3300
Visakhapatnam,2012-12-27,3200.0,3100,3300
Visakhapatnam,2012-12-28,3200.0,3100,3300
Visakhapatnam,2012-12-29,3200.0,3100,3300
Visakhapatnam,2012-12-30,3200.0,3100,3300
Visakhapatnam,2012-12-31,3200.0,3100,3300
Visakhapatnam,2013-01-01,3200.0,3100,3300
Visakhapatnam,2013-01-02,3200.0,3100,3300
Visakhapatnam,2013-01-03,3200.0,3100,3300
Visakhapatnam,2013-01-04,3200.0,3100,3300
Visakhapatnam,2013-01-05,3200.0,3100,3300
Visakhapatnam,2013-01-06,3200.0,3100,3300
Visakhapatnam,2013-01-07,3200.0,3100,3300
Visakhapatnam,2013-01-08,3200.0,3100,3300
Visakhapatnam,2013-01-09,3200.0,3100,3300
Visakhapatnam,2013-01-10,3200.0,3100,3300
Visakhapatnam,2013-01-11,3200.0,3100,3300
Visakhapatnam,2013-01-12,3200.0,3100,3300
Visakhapatnam,2013-01-13,3200.0,3100,3300
Visakhapatnam,2013-01-14,3200.0,3100,3300
Visakhapatnam,2013-01-15,3200.0,3100,3300
Visakhapatnam,2013-01-16,3100.0,3000,3200
Visakhapatnam,2013-01-17,3200.0,3100,3300
Visakhapatnam,2013-01-18,3200.0,3100,3300
Visakhapatnam,2013-01-19,3200.0,3100,3300
Visakhapatnam,2013-01-20,3200.0,3100,3300
Visakhapatnam,2013-01-21,3200.0,3100,3300
Visakhapatnam,2013-01-22,3200.0,3100,3300
Visakhapatnam,2013-01-23,3200.0,3100,3300
Visakhapatnam,2013-01-24,3200.0,3100,3300
Visakhapatnam,2013-01-25,3200.0,3100,3300
Visakhapatnam,2013-01-26,3200.0,3100,3300
Visakhapatnam,2013-01-27,3100.0,3000,3200
Visakhapatnam,2013-01-28,3200.0,3100,3300
Visakhapatnam,2013-01-29,3200.0,3100,3300
Visakhapatnam,2013-01-30,3200.0,3100,3300
Visakhapatnam,2013-01-31,3400.0,3300,3500
Visakhapatnam,2013-02-01,3400.0,3300,3500
Visakhapatnam,2013-02-02,3400.0,3300,3500
Visakhapatnam,2013-02-03,3400.0,3300,3500
Visakhapatnam,2013-02-04,3400.0,3300,3500
Visakhapatnam,2013-02-05,3400.0,3300,3500
Visakhapatnam,2013-02-06,3500.0,3400,3600
Visakhapatnam,2013-02-07,3200.0,3100,3300
Visakhapatnam,2013-02-08,3200.0,3100,3300
Visakhapatnam,2013-02-09,3400.0,3300,3500
Visakhapatnam,2013-02-10,3400.0,3300,3500
Visakhapatnam,2013-02-11,3400.0,3300,3500
Visakhapatnam,2013-02-12,3400.0,3300,3500
Visakhapatnam,2013-02-13,3400.0,3300,3500
Visakhapatnam,2013-02-14,3400.0,3300,3500
Visakhapatnam,2013-02-15,3400.0,3300,3500
Visakhapatnam,2013-02-16,3400.0,3300,3500
Visakhapatnam,2013-02-17,3400.0,3300,3500
Visakhapatnam,2013-02-18,3400.0,3300,3500
Visakhapatnam,2013-02-19,3400.0,3300,3500
Visakhapatnam,2013-02-20,3400.0,3300,3500
Visakhapatnam,2013-02-21,3400.0,3300,3500
Visakhapatnam,2013-02-22,3500.0,3400,3600
Visakhapatnam,2013-02-23,3400.0,3300,3500
Visakhapatnam,2013-02-24,3200.0,3100,3300
Visakhapatnam,2013-02-25,3400.0,3300,3500
Visakhapatnam,2013-02-26,3400.0,3300,3500
Visakhapatnam,2013-02-27,3400.0,3300,3500
Visakhapatnam,2013-02-28,3400.0,3300,3500
Visakhapatnam,2013-03-01,3500.0,3400,3600
Visakhapatnam,2013-03-02,3400.0,3300,3500
Visakhapatnam,2013-03-03,3400.0,3300,3500
Visakhapatnam,2013-03-04,3400.0,3300,3500
Visakhapatnam,2013-03-05,3400.0,3300,3500
Visakhapatnam,2013-03-06,3400.0,3300,3500
Visakhapatnam,2013-03-07,3500.0,3400,3600
Visakhapatnam,2013-03-08,3400.0,3300,3500
Visakhapatnam,2013-03-09,3500.0,3400,3600
Visakhapatnam,2013-03-10,3500.0,3400,3600
Visakhapatnam,2013-03-11,3500.0,3400,3600
Visakhapatnam,2013-03-12,3500.0,3400,3600
Visakhapatnam,2013-03-13,3500.0,3400,3600
Visakhapatnam,2013-03-14,3500.0,3400,3600
Visakhapatnam,2013-03-15,3500.0,3400,3600
Visakhapatnam,2013-03-16,3500.0,3400,3600
Visakhapatnam,2013-03-17,3400.0,3300,3500
Visakhapatnam,2013-03-18,3500.0,3400,3600
Visakhapatnam,2013-03-19,3500.0,3400,3600
Visakhapatnam,2013-03-20,3400.0,3300,3600
Visakhapatnam,2013-03-21,3500.0,3400,3600
Visakhapatnam,2013-03-22,3500.0,3400,3600
Visakhapatnam,2013-03-23,3500.0,3400,3600
Visakhapatnam,2013-03-24,3500.0,3400,3600
Visakhapatnam,2013-03-25,3500.0,3400,3600
Visakhapatnam,2013-03-26,3400.0,3300,3500
Visakhapatnam,2013-03-27,3400.0,3300,3500
Visakhapatnam,2013-03-28,3500.0,3400,3600
Visakhapatnam,2013-03-29,3500.0,3400,3600
Visakhapatnam,2013-03-30,3500.0,3400,3600
Visakhapatnam,2013-03-31,3400.0,3300,3500
Visakhapatnam,2013-04-01,3500.0,3400,3600
Visakhapatnam,2013-04-02,3500.0,3400,3600
Visakhapatnam,2013-04-03,3500.0,3400,3600
Visakhapatnam,2013-04-04,3500.0,3400,3600
Visakhapatnam,2013-04-05,3500.0,3400,3600
Visakhapatnam,2013-04-06,3500.0,3400,3600
Visakhapatnam,2013-04-07,3500.0,3400,3600
Visakhapatnam,2013-04-08,3500.0,3400,3600
Visakhapatnam,2013-04-09,3500.0,3400,3600
Visakhapatnam,2013-04-10,3500.0,3400,3600
Visakhapatnam,2013-04-11,3500.0,3400,3600
Visakhapatnam,2013-04-12,3500.0,3400,3600
Visakhapatnam,2013-04-13,3500.0,3400,3600
Visakhapatnam,2013-04-14,3500.0,3400,3600
Visakhapatnam,2013-04-15,3500.0,3400,3600
Visakhapatnam,2013-04-16,3500.0,3400,3600
Visakhapatnam,2013-04-17,3500.0,3400,3600
Visakhapatnam,2013-04-21,3500.0,3400,3600
Visakhapatnam,2013-04-22,3500.0,3400,3600
Visakhapatnam,2013-04-23,3500.0,3400,3600
Visakhapatnam,2013-04-24,3500.0,3400,3600
Visakhapatnam,2013-04-26,3500.0,3400,3600
Visakhapatnam,2013-04-27,3500.0,3400,3600
Visakhapatnam,2013-04-28,3500.0,3400,3600
Visakhapatnam,2013-04-29,3500.0,3400,3600
Visakhapatnam,2013-04-30,3500.0,3400,3600
Visakhapatnam,2013-05-01,3500.0,3400,3600
Visakhapatnam,2013-05-02,3500.0,3400,3600
Visakhapatnam,2013-05-03,3500.0,3400,3600
Visakhapatnam,2013-05-04,3500.0,3400,3600
Visakhapatnam,2013-05-05,3500.0,3400,3600
Visakhapatnam,2013-05-06,3500.0,3400,3600
Visakhapatnam,2013-05-07,3500.0,3400,3600
Visakhapatnam,2013-05-08,3500.0,3400,3600
Visakhapatnam,2013-05-09,3500.0,3400,3600
Visakhapatnam,2013-05-10,3500.0,3400,3600
Visakhapatnam,2013-05-11,3200.0,3100,3300
Visakhapatnam,2013-05-12,3200.0,3100,3300
Visakhapatnam,2013-05-13,3200.0,3100,3300
Visakhapatnam,2013-05-14,3300.0,3200,3400
Visakhapatnam,2013-05-15,3500.0,3400,3600
Visakhapatnam,2013-05-16,3500.0,3400,3600
Visakhapatnam,2013-05-17,3500.0,3400,3600
Visakhapatnam,2013-05-18,3500.0,3400,3600
Visakhapatnam,2013-05-19,3500.0,3400,3600
Visakhapatnam,2013-05-20,3500.0,3400,3600
Visakhapatnam,2013-05-21,3500.0,3400,3600
Visakhapatnam,2013-05-22,3500.0,3400,3600
Visakhapatnam,2013-05-23,3500.0,3400,3600
Visakhapatnam,2013-05-24,3500.0,3400,3600
Visakhapatnam,2013-05-25,3500.0,3400,3600
Visakhapatnam,2013-05-26,3500.0,3400,3600
Visakhapatnam,2013-05-27,3500.0,3400,3600
Visakhapatnam,2013-05-28,3500.0,3400,3600
Visakhapatnam,2013-05-29,3500.0,3400,3600
Visakhapatnam,2013-05-30,3500.0,3400,3600
Visakhapatnam,2013-05-31,3500.0,3400,3600
Visakhapatnam,2013-06-01,3500.0,3400,3600
Visakhapatnam,2013-06-02,3500.0,3400,3600
Visakhapatnam,2013-06-03,3500.0,3400,3600
Visakhapatnam,2013-06-04,3500.0,3400,3600
Visakhapatnam,2013-06-05,3600.0,3500,3700
Visakhapatnam,2013-06-06,3500.0,3400,3600
Visakhapatnam,2013-06-07,3500.0,3400,3600
Visakhapatnam,2013-06-08,3500.0,3400,3600
Visakhapatnam,2013-06-09,3500.0,3400,3600
Visakhapatnam,2013-06-10,3500.0,3400,3600
Visakhapatnam,2013-06-11,3500.0,3400,3600
Visakhapatnam,2013-06-12,3500.0,3400,3600
Visakhapatnam,2013-06-13,3500.0,3400,3600
Visakhapatnam,2013-06-14,3600.0,3550,3650
Visakhapatnam,2013-06-15,3600.0,3550,3650
Visakhapatnam,2013-06-16,3550.0,3450,3650
Visakhapatnam,2013-06-17,3550.0,3450,3650
Visakhapatnam,2013-06-18,3500.0,3400,3600
Visakhapatnam,2013-06-19,3600.0,3500,3700
Visakhapatnam,2013-06-20,3500.0,3400,3600
Visakhapatnam,2013-06-21,3600.0,3500,3700
Visakhapatnam,2013-06-22,3600.0,3500,3700
Visakhapatnam,2013-06-23,3600.0,3500,3700
Visakhapatnam,2013-06-24,3600.0,3500,3700
Visakhapatnam,2013-06-25,3500.0,3400,3600
Visakhapatnam,2013-06-26,3600.0,3500,3700
Visakhapatnam,2013-06-27,3600.0,3500,3700
Visakhapatnam,2013-06-28,3600.0,3500,3700
Visakhapatnam,2013-06-29,3500.0,3400,3600
Visakhapatnam,2013-06-30,3500.0,3400,3600
Visakhapatnam,2013-07-01,3500.0,3400,3600
Visakhapatnam,2013-07-02,3600.0,3500,3700
Visakhapatnam,2013-07-03,3500.0,3400,3600
Visakhapatnam,2013-07-04,3600.0,3500,3700
Visakhapatnam,2013-07-05,3600.0,3500,3700
Visakhapatnam,2013-07-06,3500.0,3400,3600
Visakhapatnam,2013-07-07,3500.0,3400,3600
Visakhapatnam,2013-07-08,3500.0,3400,3600
Visakhapatnam,2013-07-09,3500.0,3400,3600
Visakhapatnam,2013-07-10,3600.0,3500,3700
Visakhapatnam,2013-07-11,3500.0,3400,3600
Visakhapatnam,2013-07-12,3500.0,3400,3600
Visakhapatnam,2013-07-13,3500.0,3400,3600
Visakhapatnam,2013-07-14,3500.0,3400,3600
Visakhapatnam,2013-07-15,3500.0,3400,3600
Visakhapatnam,2013-07-16,3500.0,3400,3600
Visakhapatnam,2013-07-17,3500.0,3400,3600
Visakhapatnam,2013-07-18,3500.0,3400,3600
Visakhapatnam,2013-07-19,3500.0,3400,3600
Visakhapatnam,2013-07-20,3500.0,3400,3600
Visakhapatnam,2013-07-21,3500.0,3400,3600
Visakhapatnam,2013-07-22,3500.0,3400,3600
Visakhapatnam,2013-07-23,3500.0,3400,3600
Visakhapatnam,2013-07-24,3500.0,3400,3600
Visakhapatnam,2013-07-25,3500.0,3400,3600
Visakhapatnam,2013-07-26,3500.0,3400,3600
Visakhapatnam,2013-07-27,3500.0,3400,3600
Visakhapatnam,2013-07-28,3500.0,3400,3600
Visakhapatnam,2013-07-29,3500.0,3400,3600
Visakhapatnam,2013-07-30,3500.0,3400,3600
Visakhapatnam,2013-07-31,3500.0,3400,3600
Visakhapatnam,2013-08-01,3500.0,3400,3600
Visakhapatnam,2013-08-02,3500.0,3400,3600
Visakhapatnam,2013-08-03,3500.0,3400,3600
Visakhapatnam,2013-08-04,3500.0,3400,3600
Visakhapatnam,2013-08-05,3500.0,3400,3600
Visakhapatnam,2013-08-06,3500.0,3400,3600
Visakhapatnam,2013-08-07,3500.0,3400,3600
Visakhapatnam,2013-08-08,3500.0,3400,3600
Visakhapatnam,2013-08-09,3500.0,3400,3600
Visakhapatnam,2013-08-10,3500.0,3400,3600
Visakhapatnam,2013-08-11,3500.0,3400,3600
Visakhapatnam,2013-08-12,3500.0,3400,3600
Visakhapatnam,2013-08-13,3500.0,3400,3600
Visakhapatnam,2013-08-14,3500.0,3400,3600
Visakhapatnam,2013-08-15,3500.0,3400,3600
Visakhapatnam,2013-08-16,3500.0,3400,3600
Visakhapatnam,2013-08-17,3500.0,3400,3600
Visakhapatnam,2013-08-18,3500.0,3400,3600
Visakhapatnam,2013-08-19,3500.0,3400,3600
Visakhapatnam,2013-08-20,3500.0,3400,3600
Visakhapatnam,2013-08-21,3500.0,3400,3600
Visakhapatnam,2013-08-22,3500.0,3400,3600
Visakhapatnam,2013-08-23,3500.0,3400,3600
Visakhapatnam,2013-08-24,3500.0,3400,3600
Visakhapatnam,2013-08-25,3500.0,3400,3600
Visakhapatnam,2013-08-26,3500.0,3400,3600
Visakhapatnam,2013-08-27,3500.0,3400,3600
Visakhapatnam,2013-08-28,3600.0,3500,3700
Visakhapatnam,2013-08-29,3500.0,3400,3600
Visakhapatnam,2013-08-30,3500.0,3400,3600
Visakhapatnam,2013-08-31,3500.0,3400,3600
Visakhapatnam,2013-09-01,3500.0,3400,3600
Visakhapatnam,2013-09-02,3500.0,3400,3600
Visakhapatnam,2013-09-03,3500.0,3400,3600
Visakhapatnam,2013-09-04,3500.0,3400,3600
Visakhapatnam,2013-09-05,3600.0,3500,3700
Visakhapatnam,2013-09-06,3500.0,3400,3600
Visakhapatnam,2013-09-07,3500.0,3400,3600
Visakhapatnam,2013-09-08,3550.0,3450,3650
Visakhapatnam,2013-09-09,3450.0,3350,3650
Visakhapatnam,2013-09-10,3550.0,3450,3650
Visakhapatnam,2013-09-11,3550.0,3450,3650
Visakhapatnam,2013-09-12,3550.0,3450,3650
Visakhapatnam,2013-09-13,3550.0,3450,3650
Visakhapatnam,2013-09-14,3550.0,3450,3650
Visakhapatnam,2013-09-15,3550.0,3450,3650
Visakhapatnam,2013-09-16,3550.0,3450,3650
Visakhapatnam,2013-09-18,3550.0,3450,3650
Visakhapatnam,2013-09-19,3550.0,3450,3650
Visakhapatnam,2013-09-20,3550.0,3450,3650
Visakhapatnam,2013-09-21,3500.0,3400,3600
Visakhapatnam,2013-09-22,3500.0,3400,3600
Visakhapatnam,2013-09-23,3500.0,3400,3600
Visakhapatnam,2013-10-14,3500.0,3400,3600
Visakhapatnam,2013-10-15,3500.0,3400,3600
Visakhapatnam,2013-10-16,3500.0,3400,3600
Visakhapatnam,2013-10-18,3500.0,3400,3600
Visakhapatnam,2013-10-19,3500.0,3400,3600
Visakhapatnam,2013-10-20,3500.0,3400,3600
Visakhapatnam,2013-10-21,3500.0,3400,3600
Visakhapatnam,2013-10-22,3500.0,3400,3600
Visakhapatnam,2013-10-24,3500.0,3400,3600
Visakhapatnam,2013-10-25,3500.0,3400,3600
Visakhapatnam,2013-10-26,3400.0,3300,3500
Visakhapatnam,2013-10-27,3500.0,3400,3600
Visakhapatnam,2013-10-28,3500.0,3400,3600
Visakhapatnam,2013-10-29,3500.0,3400,3600
Visakhapatnam,2013-10-30,3500.0,3400,3600
Visakhapatnam,2013-10-31,3500.0,3400,3600
Visakhapatnam,2013-11-01,3500.0,3400,3600
Visakhapatnam,2013-11-02,3500.0,3400,3600
Visakhapatnam,2013-11-03,3500.0,3400,3600
Visakhapatnam,2013-11-04,3500.0,3400,3600
Visakhapatnam,2013-11-05,3500.0,3400,3600
Visakhapatnam,2013-11-06,3500.0,3400,3600
Visakhapatnam,2013-11-07,3500.0,3400,3600
Visakhapatnam,2013-11-08,3500.0,3400,3600
Visakhapatnam,2013-11-09,3500.0,3400,3600
Visakhapatnam,2013-11-10,3500.0,3400,3600
Visakhapatnam,2013-11-11,3500.0,3400,3600
Visakhapatnam,2013-11-12,3500.0,3400,3600
Visakhapatnam,2013-11-13,3500.0,3400,3600
Visakhapatnam,2013-11-14,3500.0,3400,3600
Visakhapatnam,2013-11-15,3500.0,3400,3600
Visakhapatnam,2013-11-16,3500.0,3400,3600
Visakhapatnam,2013-11-17,3500.0,3400,3600
Visakhapatnam,2013-11-18,3500.0,3400,3600
Visakhapatnam,2013-11-19,3500.0,3400,3600
Visakhapatnam,2013-11-20,3500.0,3400,3600
Visakhapatnam,2013-11-21,3500.0,3400,3600
Visakhapatnam,2013-11-22,3500.0,3400,3600
Visakhapatnam,2013-11-23,3500.0,3400,3600
Visakhapatnam,2013-11-24,3500.0,3400,3600
Visakhapatnam,2013-11-25,3500.0,3400,3600
Visakhapatnam,2013-11-26,3500.0,3400,3600
Visakhapatnam,2013-11-27,3500.0,3400,3600
Visakhapatnam,2013-11-28,3500.0,3400,3600
Visakhapatnam,2013-12-01,3500.0,3400,3600
Visakhapatnam,2013-12-02,3500.0,3400,3600
Visakhapatnam,2013-12-03,3500.0,3400,3600
Visakhapatnam,2013-12-04,3500.0,3400,3600
Visakhapatnam,2013-12-05,3500.0,3400,3600
Visakhapatnam,2013-12-06,3500.0,3400,3600
Visakhapatnam,2013-12-07,3400.0,3300,3500
Visakhapatnam,2013-12-08,3500.0,3400,3600
Visakhapatnam,2013-12-09,3500.0,3400,3600
Visakhapatnam,2013-12-10,3500.0,3400,3600
Visakhapatnam,2013-12-11,3500.0,3400,3600
Visakhapatnam,2013-12-12,3500.0,3400,3600
Visakhapatnam,2013-12-13,3500.0,3400,3600
Visakhapatnam,2013-12-14,3500.0,3400,3600
Visakhapatnam,2013-12-15,3500.0,3400,3600
Visakhapatnam,2013-12-16,3500.0,3400,3600
Visakhapatnam,2013-12-17,3500.0,3400,3600
Visakhapatnam,2013-12-18,3500.0,3400,3600
Visakhapatnam,2013-12-19,3500.0,3400,3600
Visakhapatnam,2013-12-20,3400.0,3300,3500
Visakhapatnam,2013-12-21,3500.0,3400,3600
Visakhapatnam,2013-12-22,3500.0,3400,3600
Visakhapatnam,2013-12-23,3500.0,3400,3600
Visakhapatnam,2013-12-24,3500.0,3400,3600
Visakhapatnam,2013-12-25,3500.0,3400,3600
Visakhapatnam,2013-12-26,3500.0,3400,3600
Visakhapatnam,2013-12-27,3500.0,3400,3600
Visakhapatnam,2013-12-28,3500.0,3400,3600
Visakhapatnam,2013-12-29,3500.0,3400,3600
Visakhapatnam,2013-12-30,3500.0,3400,3600
Visakhapatnam,2013-12-31,3500.0,3400,3600
Visakhapatnam,2014-01-01,3500.0,3400,3600
Visakhapatnam,2014-01-02,3500.0,3400,3600
Visakhapatnam,2014-01-03,3500.0,3400,3600
Visakhapatnam,2014-01-04,3400.0,3300,3500
Visakhapatnam,2014-01-05,3400.0,3300,3500
Visakhapatnam,2014-01-06,3400.0,3300,3500
Visakhapatnam,2014-01-07,3400.0,3300,3500
Visakhapatnam,2014-01-08,3400.0,3300,3500
Visakhapatnam,2014-01-09,3400.0,3300,3500
Visakhapatnam,2014-01-10,3400.0,3300,3500
Visakhapatnam,2014-01-11,3400.0,3300,3500
Visakhapatnam,2014-01-12,3400.0,3300,3500
Visakhapatnam,2014-01-13,3400.0,3300,3500
Visakhapatnam,2014-01-14,3400.0,3300,3500
Visakhapatnam,2014-01-15,3400.0,3300,3500
Visakhapatnam,2014-01-16,3400.0,3300,3500
Visakhapatnam,2014-01-17,3400.0,3300,3500
Visakhapatnam,2014-01-18,3400.0,3300,3500
Visakhapatnam,2014-01-19,3400.0,3300,3500
Visakhapatnam,2014-01-20,3400.0,3300,3500
Visakhapatnam,2014-01-21,3400.0,3300,3500
Visakhapatnam,2014-01-22,3400.0,3300,3500
Visakhapatnam,2014-01-23,3400.0,3300,3500
Visakhapatnam,2014-01-24,3400.0,3300,3500
Visakhapatnam,2014-01-25,3400.0,3300,3500
Visakhapatnam,2014-01-26,3400.0,3300,3500
Visakhapatnam,2014-01-27,3400.0,3300,3500
Visakhapatnam,2014-01-28,3400.0,3300,3500
Visakhapatnam,2014-01-29,3400.0,3300,3500
Visakhapatnam,2014-01-30,3400.0,3300,3500
Visakhapatnam,2014-01-31,3400.0,3300,3500
Visakhapatnam,2014-02-01,3400.0,3300,3500
Visakhapatnam,2014-02-02,3400.0,3300,3500
Visakhapatnam,2014-02-03,3400.0,3300,3500
Visakhapatnam,2014-02-04,3400.0,3300,3500
Visakhapatnam,2014-02-05,3400.0,3300,3500
Visakhapatnam,2014-02-06,3400.0,3300,3500
Visakhapatnam,2014-02-07,3400.0,3300,3500
Visakhapatnam,2014-02-08,3400.0,3300,3500
Visakhapatnam,2014-02-09,3400.0,3300,3500
Visakhapatnam,2014-02-10,3400.0,3300,3500
Visakhapatnam,2014-02-11,3400.0,3300,3500
Visakhapatnam,2014-02-12,3400.0,3300,3500
Visakhapatnam,2014-02-13,3400.0,3300,3500
Visakhapatnam,2014-02-14,3400.0,3300,3500
Visakhapatnam,2014-02-15,3400.0,3300,3500
Visakhapatnam,2014-02-16,3400.0,3300,3500
Visakhapatnam,2014-02-17,3400.0,3300,3500
Visakhapatnam,2014-02-18,3400.0,3300,3500
Visakhapatnam,2014-02-19,3400.0,3300,3500
Visakhapatnam,2014-02-20,3400.0,3300,3500
Visakhapatnam,2014-02-21,3300.0,3200,3400
Visakhapatnam,2014-02-22,3400.0,3300,3500
Visakhapatnam,2014-02-23,3400.0,3300,3500
Visakhapatnam,2014-02-24,3400.0,3300,3500
Visakhapatnam,2014-02-25,3500.0,3400,3500
Visakhapatnam,2014-02-26,3400.0,3300,3500
Visakhapatnam,2014-02-27,3400.0,3300,3500
Visakhapatnam,2014-02-28,3400.0,3300,3500
Visakhapatnam,2014-03-01,3400.0,3300,3500
Visakhapatnam,2014-03-02,3400.0,3300,3500
Visakhapatnam,2014-03-03,3400.0,3300,3500
Visakhapatnam,2014-03-04,3400.0,3300,3500
Visakhapatnam,2014-03-05,3400.0,3300,3500
Visakhapatnam,2014-03-06,3400.0,3300,3500
Visakhapatnam,2014-03-07,3400.0,3300,3500
Visakhapatnam,2014-03-08,3400.0,3300,3500
Visakhapatnam,2014-03-09,3400.0,3300,3500
Visakhapatnam,2014-03-10,3400.0,3300,3500
Visakhapatnam,2014-03-11,3400.0,3300,3500
Visakhapatnam,2014-03-12,3400.0,3300,3500
Visakhapatnam,2014-03-13,3400.0,3300,3500
Visakhapatnam,2014-03-14,3400.0,3300,3500
Visakhapatnam,2014-03-15,3400.0,3300,3500
Visakhapatnam,2014-03-16,3400.0,3300,3500
Visakhapatnam,2014-03-17,3400.0,3300,3500
Visakhapatnam,2014-03-18,3400.0,3300,3500
Visakhapatnam,2014-03-19,3400.0,3300,3500
Visakhapatnam,2014-03-20,3400.0,3300,3500
Visakhapatnam,2014-03-21,3400.0,3300,3500
Visakhapatnam,2014-03-22,3400.0,3300,3500
Visakhapatnam,2014-03-23,3400.0,3300,3500
Visakhapatnam,2014-03-24,3400.0,3300,3500
Visakhapatnam,2014-03-25,3400.0,3300,3500
Visakhapatnam,2014-03-26,3500.0,3400,3600
Visakhapatnam,2014-03-27,3500.0,3400,3600
Visakhapatnam,2014-03-28,3400.0,3300,3500
Visakhapatnam,2014-03-29,3500.0,3400,3600
Visakhapatnam,2014-03-30,3400.0,3300,3500
Visakhapatnam,2014-03-31,3500.0,3400,3600
Visakhapatnam,2014-04-01,3400.0,3300,3500
Visakhapatnam,2014-04-02,3400.0,3300,3500
Visakhapatnam,2014-04-03,3400.0,3300,3500
Visakhapatnam,2014-04-04,3400.0,3300,3500
Visakhapatnam,2014-04-05,3400.0,3300,3500
Visakhapatnam,2014-04-06,3500.0,3400,3600
Visakhapatnam,2014-04-07,3400.0,3300,3500
Visakhapatnam,2014-04-08,3500.0,3400,3600
Visakhapatnam,2014-04-09,3500.0,3400,3600
Visakhapatnam,2014-04-10,3500.0,3400,3600
Visakhapatnam,2014-04-11,3200.0,3100,3300
Visakhapatnam,2014-04-12,3500.0,3400,3600
Visakhapatnam,2014-04-13,3500.0,3400,3600
Visakhapatnam,2014-04-14,3500.0,3400,3600
Visakhapatnam,2014-04-15,3500.0,3400,3600
Visakhapatnam,2014-04-16,3400.0,3300,3500
Visakhapatnam,2014-04-17,3500.0,3400,3600
Visakhapatnam,2014-04-18,3500.0,3400,3600
Visakhapatnam,2014-04-19,3200.0,3100,3300
Visakhapatnam,2014-04-20,3500.0,3400,3600
Visakhapatnam,2014-04-21,3500.0,3400,3600
Visakhapatnam,2014-04-22,3500.0,3400,3600
Visakhapatnam,2014-04-23,3500.0,3400,3600
Visakhapatnam,2014-04-24,3400.0,3300,3500
Visakhapatnam,2014-04-25,3500.0,3400,3600
Visakhapatnam,2014-04-27,3500.0,3400,3600
Visakhapatnam,2014-04-28,3500.0,3400,3600
Visakhapatnam,2014-04-29,3500.0,3400,3600
Visakhapatnam,2014-04-30,3500.0,3400,3600
Visakhapatnam,2014-05-01,3500.0,3400,3600
Visakhapatnam,2014-05-02,3500.0,3400,3600
Visakhapatnam,2014-05-03,3500.0,3400,3600
Visakhapatnam,2014-05-04,3500.0,3400,3600
Visakhapatnam,2014-05-05,3500.0,3400,3600
Visakhapatnam,2014-05-06,3500.0,3400,3600
Visakhapatnam,2014-05-07,3500.0,3400,3600
Visakhapatnam,2014-05-08,3500.0,3400,3600
Visakhapatnam,2014-05-09,3500.0,3400,3600
Visakhapatnam,2014-05-10,3500.0,3400,3600
Visakhapatnam,2014-05-11,3500.0,3400,3600
Visakhapatnam,2014-05-12,3500.0,3400,3600
Visakhapatnam,2014-05-13,3500.0,3400,3600
Visakhapatnam,2014-05-14,3500.0,3400,3600
Visakhapatnam,2014-05-15,3500.0,3400,3600
Visakhapatnam,2014-05-16,3500.0,3400,3600
Visakhapatnam,2014-05-17,3500.0,3400,3600
Visakhapatnam,2014-05-18,3500.0,3400,3600
Visakhapatnam,2014-05-19,3500.0,3400,3600
Visakhapatnam,2014-05-20,3500.0,3400,3600
Visakhapatnam,2014-05-21,3500.0,3400,3600
Visakhapatnam,2014-05-22,3400.0,3300,3500
Visakhapatnam,2014-05-23,3500.0,3400,3600
Visakhapatnam,2014-05-24,3500.0,3400,3600
Visakhapatnam,2014-05-25,3500.0,3400,3600
Visakhapatnam,2014-05-26,3500.0,3400,3600
Visakhapatnam,2014-05-27,3500.0,3400,3600
Visakhapatnam,2014-05-28,3500.0,3400,3600
Visakhapatnam,2014-05-29,3500.0,3400,3600
Visakhapatnam,2014-06-05,3500.0,3400,3600
Visakhapatnam,2014-06-06,3500.0,3400,3600
Visakhapatnam,2014-06-07,3500.0,3400,3600
Visakhapatnam,2014-06-08,3500.0,3400,3600
Visakhapatnam,2014-06-09,3500.0,3400,3600
Visakhapatnam,2014-06-10,3500.0,3400,3600
Visakhapatnam,2014-06-11,3500.0,3400,3600
Visakhapatnam,2014-06-12,3500.0,3400,3600
Visakhapatnam,2014-06-13,3400.0,3300,3500
Visakhapatnam,2014-06-14,3400.0,3300,3500
Visakhapatnam,2014-06-15,3500.0,3400,3600
Visakhapatnam,2014-06-16,3500.0,3400,3600
Visakhapatnam,2014-06-17,3500.0,3400,3600
Visakhapatnam,2014-06-18,3500.0,3400,3600
Visakhapatnam,2014-06-19,3400.0,3300,3500
Visakhapatnam,2014-06-20,3400.0,3300,3500
Visakhapatnam,2014-06-21,3400.0,3300,3500
Visakhapatnam,2014-06-22,3400.0,3300,3500
Visakhapatnam,2014-06-23,3400.0,3300,3500
Visakhapatnam,2014-06-25,3500.0,3400,3600
Visakhapatnam,2014-06-26,3500.0,3400,3600
Visakhapatnam,2014-06-27,3500.0,3400,3600
Visakhapatnam,2014-06-29,3500.0,3400,3600
Visakhapatnam,2014-06-30,3500.0,3400,3600
Visakhapatnam,2014-07-01,3500.0,3400,3600
Visakhapatnam,2014-07-02,3500.0,3400,3600
Visakhapatnam,2014-07-03,3500.0,3400,3600
Visakhapatnam,2014-07-04,3500.0,3400,3600
Visakhapatnam,2014-07-05,3500.0,3400,3600
Visakhapatnam,2014-07-06,3500.0,3400,3600
Visakhapatnam,2014-07-07,3500.0,3400,3600
Visakhapatnam,2014-07-08,3500.0,3400,3600
Visakhapatnam,2014-07-09,3500.0,3400,3600
Visakhapatnam,2014-07-10,3500.0,3400,3600
Visakhapatnam,2014-07-11,3500.0,3400,3600
Visakhapatnam,2014-07-12,3500.0,3400,3600
Visakhapatnam,2014-07-13,3500.0,3400,3600
Visakhapatnam,2014-07-14,3500.0,3400,3600
Visakhapatnam,2014-07-15,3500.0,3400,3600
Visakhapatnam,2014-07-16,3500.0,3400,3600
Visakhapatnam,2014-07-17,3500.0,3400,3600
Visakhapatnam,2014-07-18,3500.0,3400,3600
Visakhapatnam,2014-07-19,3500.0,3400,3600
Visakhapatnam,2014-07-20,3500.0,3400,3600
Visakhapatnam,2014-07-21,3500.0,3400,3600
Visakhapatnam,2014-07-22,3500.0,3400,3600
Visakhapatnam,2014-07-23,3400.0,3300,3500
Visakhapatnam,2014-07-24,3500.0,3400,3600
Visakhapatnam,2014-07-25,3400.0,3300,3500
Visakhapatnam,2014-07-26,3500.0,3400,3600
Visakhapatnam,2014-07-27,3400.0,3300,3500
Visakhapatnam,2014-07-28,3400.0,3300,3500
Visakhapatnam,2014-07-29,3400.0,3300,3500
Visakhapatnam,2014-07-30,3400.0,3300,3500
Visakhapatnam,2014-07-31,3400.0,3300,3500
Visakhapatnam,2014-08-01,3500.0,3400,3600
Visakhapatnam,2014-08-02,3400.0,3300,3500
Visakhapatnam,2014-08-03,3400.0,3300,3500
Visakhapatnam,2014-08-04,3400.0,3300,3500
Visakhapatnam,2014-08-05,3500.0,3400,3600
Visakhapatnam,2014-08-06,3500.0,3400,3600
Visakhapatnam,2014-08-07,3600.0,3500,3700
Visakhapatnam,2014-08-08,3600.0,3500,3700
Visakhapatnam,2014-08-09,3600.0,3500,3700
Visakhapatnam,2014-08-10,3600.0,3500,3700
Visakhapatnam,2014-08-11,3600.0,3500,3700
Visakhapatnam,2014-08-12,3600.0,3500,3700
Visakhapatnam,2014-08-13,3600.0,3500,3700
Visakhapatnam,2014-08-14,3600.0,3500,3700
Visakhapatnam,2014-08-15,3600.0,3500,3700
Visakhapatnam,2014-08-16,3600.0,3500,3700
Visakhapatnam,2014-08-17,3600.0,3500,3700
Visakhapatnam,2014-08-18,3600.0,3500,3700
Visakhapatnam,2014-08-19,3600.0,3500,3700
Visakhapatnam,2014-08-20,3600.0,3500,3700
Visakhapatnam,2014-08-21,3600.0,3500,3700
Visakhapatnam,2014-08-22,3600.0,3500,3700
Visakhapatnam,2014-08-23,3600.0,3500,3700
Visakhapatnam,2014-08-24,3600.0,3500,3700
Visakhapatnam,2014-08-25,3600.0,3500,3700
Visakhapatnam,2014-08-26,3600.0,3500,3700
Visakhapatnam,2014-08-27,3600.0,3500,3700
Visakhapatnam,2014-08-30,3600.0,3500,3700
Visakhapatnam,2014-09-01,3600.0,3500,3700
Visakhapatnam,2014-09-02,3600.0,3500,3700
Visakhapatnam,2014-09-03,3500.0,3400,3600
Visakhapatnam,2014-09-04,3500.0,3400,3600
Visakhapatnam,2014-09-05,3500.0,3400,3600
Visakhapatnam,2014-09-06,3500.0,3400,3600
Visakhapatnam,2014-09-07,3500.0,3400,3600
Visakhapatnam,2014-09-08,3500.0,3400,3600
Visakhapatnam,2014-09-09,3500.0,3400,3600
Visakhapatnam,2014-09-10,3500.0,3400,3600
Visakhapatnam,2014-09-11,3500.0,3400,3600
Visakhapatnam,2014-09-12,3600.0,3500,3700
Visakhapatnam,2014-09-13,3500.0,3400,3600
Visakhapatnam,2014-09-14,3500.0,3400,3600
Visakhapatnam,2014-09-15,3500.0,3400,3600
Visakhapatnam,2014-09-16,3500.0,3400,3600
Visakhapatnam,2014-09-17,3500.0,3400,3600
Visakhapatnam,2014-09-18,3600.0,3500,3700
Visakhapatnam,2014-09-19,3600.0,3500,3700
Visakhapatnam,2014-09-20,3600.0,3500,3700
Visakhapatnam,2014-09-21,3600.0,3500,3700
Visakhapatnam,2014-09-22,3600.0,3500,3700
Visakhapatnam,2014-09-23,3600.0,3500,3700
Visakhapatnam,2014-09-24,3600.0,3500,3700
Visakhapatnam,2014-09-25,3600.0,3500,3700
Visakhapatnam,2014-09-26,3600.0,3500,3700
Visakhapatnam,2014-09-27,3600.0,3500,3700
Visakhapatnam,2014-09-28,3600.0,3500,3700
Visakhapatnam,2014-09-29,3600.0,3500,3700
Visakhapatnam,2014-09-30,3600.0,3500,3700
Visakhapatnam,2014-10-01,3600.0,3500,3700
Visakhapatnam,2014-10-02,3600.0,3500,3700
Visakhapatnam,2014-10-03,3600.0,3500,3700
Visakhapatnam,2014-10-04,3600.0,3500,3700
Visakhapatnam,2014-10-05,3600.0,3500,3700
Visakhapatnam,2014-10-06,3600.0,3500,3700
Visakhapatnam,2014-10-07,3600.0,3500,3700
Visakhapatnam,2014-10-08,3600.0,3500,3700
Visakhapatnam,2014-10-09,3600.0,3500,3700
Visakhapatnam,2014-10-10,3600.0,3500,3700
Visakhapatnam,2014-10-11,3600.0,3500,3700
Visakhapatnam,2014-10-12,3600.0,3500,3700
Visakhapatnam,2014-10-13,3600.0,3500,3700
Visakhapatnam,2014-10-14,3600.0,3500,3700
Visakhapatnam,2014-10-15,3600.0,3500,3700
Visakhapatnam,2014-10-16,3600.0,3500,3700
Visakhapatnam,2014-10-17,3600.0,3500,3700
Visakhapatnam,2014-10-18,3600.0,3500,3700
Visakhapatnam,2014-10-19,3600.0,3500,3700
Visakhapatnam,2014-10-20,3600.0,3500,3700
Visakhapatnam,2014-10-21,3600.0,3500,3700
Visakhapatnam,2014-10-22,3600.0,3500,3700
Visakhapatnam,2014-10-24,3600.0,3500,3700
Visakhapatnam,2014-10-25,3600.0,3500,3700
Visakhapatnam,2014-10-26,3600.0,3500,3700
Visakhapatnam,2014-10-27,3600.0,3500,3700
Visakhapatnam,2014-10-28,3600.0,3500,3700
Visakhapatnam,2014-10-29,3600.0,3500,3700
Visakhapatnam,2014-10-30,3600.0,3500,3700
Visakhapatnam,2014-10-31,3600.0,3500,3700
Visakhapatnam,2014-11-01,3600.0,3500,3700
Visakhapatnam,2014-11-02,3600.0,3500,3700
Visakhapatnam,2014-11-03,3600.0,3500,3700
Visakhapatnam,2014-11-04,3600.0,3500,3700
Visakhapatnam,2014-11-05,3600.0,3500,3700
Visakhapatnam,2014-11-06,3600.0,3500,3700
Visakhapatnam,2014-11-07,3600.0,3500,3700
Visakhapatnam,2014-11-08,3600.0,3500,3700
Visakhapatnam,2014-11-09,3600.0,3500,3700
Visakhapatnam,2014-11-10,3600.0,3500,3700
Visakhapatnam,2014-11-11,3600.0,3500,3700
Visakhapatnam,2014-11-12,3600.0,3500,3700
Visakhapatnam,2014-11-13,3600.0,3500,3700
Visakhapatnam,2014-11-14,3600.0,3500,3700
Visakhapatnam,2014-11-15,3600.0,3500,3700
Visakhapatnam,2014-11-16,3600.0,3500,3700
Visakhapatnam,2014-11-17,3600.0,3500,3700
Visakhapatnam,2014-11-18,3600.0,3500,3700
Visakhapatnam,2014-11-19,3600.0,3500,3700
Visakhapatnam,2014-11-20,3500.0,3400,3600
Visakhapatnam,2014-11-21,3500.0,3400,3600
Visakhapatnam,2014-11-22,3500.0,3400,3600
Visakhapatnam,2014-11-23,3500.0,3400,3600
Visakhapatnam,2014-11-24,3500.0,3400,3600
Visakhapatnam,2014-11-25,3500.0,3400,3600
Visakhapatnam,2014-11-26,3500.0,3400,3600
Visakhapatnam,2014-11-27,3500.0,3400,3600
Visakhapatnam,2014-11-28,3500.0,3400,3600
Visakhapatnam,2014-11-30,3500.0,3400,3600
Visakhapatnam,2014-12-01,3500.0,3400,3600
Visakhapatnam,2014-12-02,3500.0,3400,3600
Visakhapatnam,2014-12-03,3500.0,3400,3600
Visakhapatnam,2014-12-04,3500.0,3400,3600
Visakhapatnam,2014-12-05,3500.0,3400,3600
Visakhapatnam,2014-12-06,3500.0,3400,3600
Visakhapatnam,2014-12-07,3500.0,3400,3600
Visakhapatnam,2014-12-08,3500.0,3400,3600
Visakhapatnam,2014-12-09,3500.0,3400,3600
Visakhapatnam,2014-12-10,3500.0,3400,3600
Visakhapatnam,2014-12-11,3500.0,3400,3600
Visakhapatnam,2014-12-12,3500.0,3400,3600
Visakhapatnam,2014-12-13,3500.0,3400,3600
Visakhapatnam,2014-12-14,3500.0,3400,3600
Visakhapatnam,2014-12-15,3500.0,3400,3600
Visakhapatnam,2014-12-16,3500.0,3400,3600
Visakhapatnam,2014-12-17,3500.0,3400,3600
Visakhapatnam,2014-12-18,3500.0,3400,3600
Visakhapatnam,2014-12-19,3500.0,3400,3600
Visakhapatnam,2014-12-20,3500.0,3400,3600
Visakhapatnam,2014-12-21,3500.0,3400,3600
Visakhapatnam,2014-12-22,3500.0,3400,3600
Visakhapatnam,2014-12-23,3500.0,3400,3600
Visakhapatnam,2014-12-24,3500.0,3400,3600
Visakhapatnam,2014-12-25,3500.0,3400,3600
Visakhapatnam,2014-12-26,3500.0,3400,3600
Visakhapatnam,2014-12-28,3500.0,3400,3600
Visakhapatnam,2014-12-29,3500.0,3400,3600
Visakhapatnam,2014-12-30,3400.0,3300,3500
Visakhapatnam,2014-12-31,3400.0,3300,3500
Visakhapatnam,2015-01-01,3400.0,3300,3500
Visakhapatnam,2015-01-05,3400.0,3300,3500
Visakhapatnam,2015-01-06,3400.0,3300,3500
Visakhapatnam,2015-01-07,3400.0,3300,3500
Visakhapatnam,2015-01-08,3400.0,3300,3500
Visakhapatnam,2015-01-09,3400.0,3300,3500
Visakhapatnam,2015-01-10,3400.0,3300,3500
Visakhapatnam,2015-01-11,3400.0,3300,3500
Visakhapatnam,2015-01-12,3400.0,3300,3500
Visakhapatnam,2015-01-13,3400.0,3300,3500
Visakhapatnam,2015-01-14,3500.0,3400,3600
Visakhapatnam,2015-01-15,3400.0,3300,3500
Visakhapatnam,2015-01-16,3400.0,3300,3500
Visakhapatnam,2015-01-17,3400.0,3300,3500
Visakhapatnam,2015-01-18,3400.0,3300,3500
Visakhapatnam,2015-01-19,3400.0,3300,3500
Visakhapatnam,2015-01-20,3400.0,3300,3500
Visakhapatnam,2015-01-21,3400.0,3300,3500
Visakhapatnam,2015-01-22,3400.0,3300,3500
Visakhapatnam,2015-01-23,3500.0,3400,3600
Visakhapatnam,2015-01-24,3400.0,3300,3500
Visakhapatnam,2015-01-25,3400.0,3300,3500
Visakhapatnam,2015-01-27,3400.0,3300,3500
Visakhapatnam,2015-01-28,3400.0,3300,3500
Visakhapatnam,2015-01-29,3400.0,3300,3500
Visakhapatnam,2015-01-30,3400.0,3300,3500
Visakhapatnam,2015-01-31,3400.0,3300,3500
Visakhapatnam,2015-02-01,3400.0,3300,3500
Visakhapatnam,2015-02-02,3400.0,3300,3500
Visakhapatnam,2015-02-03,3400.0,3300,3500
Visakhapatnam,2015-02-04,3400.0,3300,3500
Visakhapatnam,2015-02-05,3400.0,3300,3500
Visakhapatnam,2015-02-06,3400.0,3300,3500
Visakhapatnam,2015-02-07,3400.0,3300,3500
Visakhapatnam,2015-02-08,3400.0,3300,3500
Visakhapatnam,2015-02-09,3400.0,3300,3500
Visakhapatnam,2015-02-10,3400.0,3300,3500
Visakhapatnam,2015-02-11,3400.0,3300,3500
Visakhapatnam,2015-02-12,3400.0,3300,3500
Visakhapatnam,2015-02-13,3400.0,3300,3500
Visakhapatnam,2015-02-14,3400.0,3300,3500
Visakhapatnam,2015-02-15,3400.0,3300,3500
Visakhapatnam,2015-02-16,3400.0,3300,3500
Visakhapatnam,2015-02-17,3400.0,3300,3500
Visakhapatnam,2015-02-18,3400.0,3300,3500
Visakhapatnam,2015-02-19,3400.0,3300,3500
Visakhapatnam,2015-02-21,3400.0,3300,3500
Visakhapatnam,2015-02-22,3400.0,3300,3500
Visakhapatnam,2015-02-23,3400.0,3300,3500
Visakhapatnam,2015-02-24,3500.0,3400,3600
Visakhapatnam,2015-02-25,3500.0,3400,3600
Visakhapatnam,2015-02-27,3500.0,3400,3600
Visakhapatnam,2015-02-28,3500.0,3400,3600
Visakhapatnam,2015-03-01,3500.0,3400,3600
Visakhapatnam,2015-03-02,2200.0,2100,2300
Visakhapatnam,2015-03-03,2200.0,2100,2300
Visakhapatnam,2015-03-04,3500.0,3400,3600
Visakhapatnam,2015-03-05,3500.0,3400,3600
Visakhapatnam,2015-03-06,3500.0,3400,3600
Visakhapatnam,2015-03-07,3500.0,3400,3600
Visakhapatnam,2015-03-08,3500.0,3400,3600
Visakhapatnam,2015-03-09,3500.0,3400,3600
Visakhapatnam,2015-03-10,3500.0,3400,3600
Visakhapatnam,2015-03-11,3500.0,3400,3600
Visakhapatnam,2015-03-12,3400.0,3300,3500
Visakhapatnam,2015-03-13,3500.0,3400,3600
Visakhapatnam,2015-03-14,3600.0,3500,3700
Visakhapatnam,2015-03-15,3500.0,3400,3600
Visakhapatnam,2015-03-16,3500.0,3400,3600
Visakhapatnam,2015-03-17,3600.0,3500,3700
Visakhapatnam,2015-03-18,3600.0,3500,3700
Visakhapatnam,2015-03-19,3500.0,3400,3600
Visakhapatnam,2015-03-20,3500.0,3400,3600
Visakhapatnam,2015-03-21,3500.0,3400,3600
Visakhapatnam,2015-03-22,3500.0,3400,3600
Visakhapatnam,2015-03-23,3500.0,3400,3600
Visakhapatnam,2015-03-24,3500.0,3400,3600
Visakhapatnam,2015-03-25,3500.0,3400,3600
Visakhapatnam,2015-03-26,3500.0,3400,3600
Visakhapatnam,2015-03-27,3500.0,3400,3600
Visakhapatnam,2015-03-28,3600.0,3500,3700
Visakhapatnam,2015-03-29,3600.0,3500,3700
Visakhapatnam,2015-03-30,3600.0,3500,3700
Visakhapatnam,2015-03-31,3600.0,3500,3700
Visakhapatnam,2015-04-01,3600.0,3500,3700
Visakhapatnam,2015-04-02,3600.0,3500,3700
Visakhapatnam,2015-04-03,3600.0,3500,3700
Visakhapatnam,2015-04-04,3600.0,3500,3700
Visakhapatnam,2015-04-05,3600.0,3500,3700
Visakhapatnam,2015-04-06,3600.0,3500,3700
Visakhapatnam,2015-04-07,3600.0,3500,3700
Visakhapatnam,2015-04-08,3600.0,3500,3700
Visakhapatnam,2015-04-09,3600.0,3500,3700
Visakhapatnam,2015-04-10,3600.0,3500,3700
Visakhapatnam,2015-04-11,3600.0,3500,3700
Visakhapatnam,2015-04-12,3600.0,3500,3700
Visakhapatnam,2015-04-14,3600.0,3500,3700
Visakhapatnam,2015-04-15,3600.0,3500,3700
Visakhapatnam,2015-04-16,3600.0,3500,3700
Visakhapatnam,2015-04-17,3600.0,3500,3700
Visakhapatnam,2015-04-18,3600.0,3500,3700
Visakhapatnam,2015-04-19,3600.0,3500,3700
Visakhapatnam,2015-04-20,3600.0,3500,3700
Visakhapatnam,2015-04-21,3600.0,3500,3700
Visakhapatnam,2015-04-22,3600.0,3500,3700
Visakhapatnam,2015-04-23,3600.0,3500,3700
Visakhapatnam,2015-04-24,3600.0,3500,3700
Visakhapatnam,2015-04-25,3600.0,3500,3700
Visakhapatnam,2015-04-28,3600.0,3500,3700
Visakhapatnam,2015-04-29,3600.0,3500,3700
Visakhapatnam,2015-05-05,3600.0,3500,3700
Visakhapatnam,2015-05-06,3600.0,3500,3700
Visakhapatnam,2015-05-07,3600.0,3500,3700
Visakhapatnam,2015-05-08,3600.0,3500,3700
Visakhapatnam,2015-05-09,3600.0,3500,3700
Visakhapatnam,2015-05-10,3600.0,3500,3700
Visakhapatnam,2015-05-11,3600.0,3500,3700
Visakhapatnam,2015-05-12,3600.0,3500,3700
Visakhapatnam,2015-05-13,3600.0,3500,3700
Visakhapatnam,2015-05-14,3600.0,3500,3700
Visakhapatnam,2015-05-15,3600.0,3500,3700
Visakhapatnam,2015-05-16,3600.0,3500,3700
Visakhapatnam,2015-05-17,3600.0,3500,3700
Visakhapatnam,2015-05-18,3600.0,3500,3700
Visakhapatnam,2015-05-19,3600.0,3500,3700
Visakhapatnam,2015-05-20,3600.0,3500,3700
Visakhapatnam,2015-05-21,3600.0,3500,3700
Visakhapatnam,2015-05-22,3600.0,3500,3700
Visakhapatnam,2015-05-23,3600.0,3500,3700
Visakhapatnam,2015-05-24,3600.0,3500,3700
Visakhapatnam,2015-05-25,3600.0,3500,3700
Visakhapatnam,2015-05-26,3600.0,3500,3700
Visakhapatnam,2015-05-27,3600.0,3500,3700
Visakhapatnam,2015-05-28,3600.0,3500,3700
Visakhapatnam,2015-05-29,3600.0,3500,3700
Visakhapatnam,2015-05-30,3600.0,3500,3700
Visakhapatnam,2015-05-31,3600.0,3500,3700
Visakhapatnam,2015-06-01,3600.0,3500,3700
Visakhapatnam,2015-06-02,3600.0,3500,3700
Visakhapatnam,2015-06-03,3600.0,3500,3700
Visakhapatnam,2015-06-04,3600.0,3500,3700
Visakhapatnam,2015-06-05,3600.0,3500,3700
Visakhapatnam,2015-06-06,3600.0,3500,3700
Visakhapatnam,2015-06-07,3500.0,3400,3600
Visakhapatnam,2015-06-08,3500.0,3400,3600
Visakhapatnam,2015-06-09,3500.0,3400,3600
Visakhapatnam,2015-06-10,3500.0,3400,3600
Visakhapatnam,2015-06-11,3500.0,3400,3600
Visakhapatnam,2015-06-12,3500.0,3400,3600
Visakhapatnam,2015-06-13,3500.0,3400,3600
Visakhapatnam,2015-06-14,3500.0,3400,3600
Visakhapatnam,2015-06-15,3500.0,3400,3600
Visakhapatnam,2015-06-16,3500.0,3400,3600
Visakhapatnam,2015-06-17,3500.0,3400,3600
Visakhapatnam,2015-06-18,3500.0,3400,3600
Visakhapatnam,2015-06-19,3500.0,3400,3600
Visakhapatnam,2015-06-20,3500.0,3400,3600
Visakhapatnam,2015-06-21,3500.0,3400,3600
Visakhapatnam,2015-06-22,3500.0,3400,3600
Visakhapatnam,2015-06-23,3500.0,3400,3600
Visakhapatnam,2015-06-24,3500.0,3400,3600
Visakhapatnam,2015-06-25,3500.0,3400,3600
Visakhapatnam,2015-06-26,3500.0,3400,3600
Visakhapatnam,2015-06-27,3500.0,3400,3600
Visakhapatnam,2015-06-28,3500.0,3400,3600
Visakhapatnam,2015-06-29,3500.0,3400,3600
Visakhapatnam,2015-06-30,3500.0,3400,3600
Visakhapatnam,2015-07-01,3500.0,3400,3600
Visakhapatnam,2015-07-02,3500.0,3400,3600
Visakhapatnam,2015-07-03,3400.0,3300,3500
Visakhapatnam,2015-07-04,3500.0,3400,3600
Visakhapatnam,2015-07-05,3500.0,3400,3600
Visakhapatnam,2015-07-06,3500.0,3400,3600
Visakhapatnam,2015-07-07,3500.0,3400,3600
Visakhapatnam,2015-07-08,3500.0,3400,3600
Visakhapatnam,2015-07-09,3500.0,3400,3600
Visakhapatnam,2015-07-10,3500.0,3400,3600
Visakhapatnam,2015-07-11,3500.0,3400,3600
Visakhapatnam,2015-07-12,3500.0,3400,3600
Visakhapatnam,2015-07-13,3500.0,3400,3600
Visakhapatnam,2015-07-14,3500.0,3400,3600
Visakhapatnam,2015-07-15,3400.0,3300,3500
Visakhapatnam,2015-07-16,3500.0,3400,3600
Visakhapatnam,2015-07-17,3400.0,3300,3500
Visakhapatnam,2015-07-18,3400.0,3300,3500
Visakhapatnam,2015-07-19,3400.0,3300,3500
Visakhapatnam,2015-07-20,3400.0,3300,3500
Visakhapatnam,2015-07-21,3400.0,3300,3500
Visakhapatnam,2015-07-22,3400.0,3300,3500
Visakhapatnam,2015-07-23,3500.0,3400,3600
Visakhapatnam,2015-07-24,3500.0,3400,3600
Visakhapatnam,2015-07-25,3500.0,3400,3600
Visakhapatnam,2015-07-26,3500.0,3400,3600
Visakhapatnam,2015-07-27,3500.0,3400,3600
Visakhapatnam,2015-07-28,3500.0,3400,3600
Visakhapatnam,2015-07-29,3500.0,3400,3600
Visakhapatnam,2015-07-30,3500.0,3400,3600
Visakhapatnam,2015-07-31,3500.0,3400,3600
Visakhapatnam,2015-08-01,3500.0,3400,3600
Visakhapatnam,2015-08-02,3500.0,3400,3600
Visakhapatnam,2015-08-03,3500.0,3400,3600
Visakhapatnam,2015-08-04,3500.0,3400,3600
Visakhapatnam,2015-08-05,3500.0,3400,3600
Visakhapatnam,2015-08-06,3500.0,3400,3600
Visakhapatnam,2015-08-07,3500.0,3400,3600
Visakhapatnam,2015-08-08,3500.0,3400,3600
Visakhapatnam,2015-08-09,3500.0,3400,3600
Visakhapatnam,2015-08-10,3600.0,3500,3700
Visakhapatnam,2015-08-11,3500.0,3400,36000
Visakhapatnam,2015-08-12,3500.0,3400,3600
Visakhapatnam,2015-08-13,3600.0,3500,3700
Visakhapatnam,2015-08-14,3600.0,3500,3700
Visakhapatnam,2015-08-15,3600.0,3500,3700
Visakhapatnam,2015-08-16,3600.0,3500,3700
Visakhapatnam,2015-08-17,3600.0,3500,3700
Visakhapatnam,2015-08-18,3600.0,3500,3700
Visakhapatnam,2015-08-19,3600.0,3500,3700
Visakhapatnam,2015-08-20,3600.0,3500,3700
Visakhapatnam,2015-08-21,3600.0,3500,3700
Visakhapatnam,2015-08-22,3600.0,3500,3700
Visakhapatnam,2015-08-23,3600.0,3500,3700
Visakhapatnam,2015-08-24,3600.0,3500,3700
Visakhapatnam,2015-08-25,3600.0,3500,3700
Visakhapatnam,2015-08-26,3600.0,3500,3700
Visakhapatnam,2015-08-27,3600.0,3500,3700
Visakhapatnam,2015-08-28,3600.0,3500,3700
Visakhapatnam,2015-08-29,3600.0,3500,3700
Visakhapatnam,2015-08-30,3600.0,3500,3700
Visakhapatnam,2015-08-31,3600.0,3500,3700
Visakhapatnam,2015-09-01,3600.0,3500,3700
Visakhapatnam,2015-09-02,3600.0,3500,3700
Visakhapatnam,2015-09-03,3600.0,3500,3700
Visakhapatnam,2015-09-04,3600.0,3500,3700
Visakhapatnam,2015-09-05,3600.0,3500,3700
Visakhapatnam,2015-09-06,3600.0,3500,3700
Visakhapatnam,2015-09-07,3600.0,3500,3700
Visakhapatnam,2015-09-08,3600.0,3500,3700
Visakhapatnam,2015-09-09,3600.0,3500,3700
Visakhapatnam,2015-09-10,3600.0,3500,3700
Visakhapatnam,2015-09-11,3700.0,3500,3800
Visakhapatnam,2015-09-12,3700.0,3500,3800
Visakhapatnam,2015-09-13,3700.0,3500,3800
Visakhapatnam,2015-09-14,3700.0,3500,3800
Visakhapatnam,2015-09-15,3700.0,3500,3800
Visakhapatnam,2015-09-16,3700.0,3500,3800
Visakhapatnam,2015-09-17,3700.0,3500,3800
Visakhapatnam,2015-09-18,3700.0,3500,3800
Visakhapatnam,2015-09-19,3700.0,3500,3800
Visakhapatnam,2015-09-20,3700.0,3500,3800
Visakhapatnam,2015-09-21,3700.0,3500,3800
Visakhapatnam,2015-09-22,3700.0,3500,3800
Visakhapatnam,2015-09-23,3700.0,3500,3800
Visakhapatnam,2015-09-24,3700.0,3500,3800
Visakhapatnam,2015-09-25,3700.0,3500,3800
Visakhapatnam,2015-09-26,3700.0,3500,3800
Visakhapatnam,2015-09-27,3700.0,3500,3800
Visakhapatnam,2015-09-28,3700.0,3500,3800
Visakhapatnam,2015-09-29,3700.0,3500,3800
Visakhapatnam,2015-09-30,3700.0,3500,3800
Visakhapatnam,2015-10-01,3700.0,3500,3800
Visakhapatnam,2015-10-02,3700.0,3500,3800
Visakhapatnam,2015-10-03,3700.0,3500,3800
Visakhapatnam,2015-10-04,3700.0,3500,3800
Visakhapatnam,2015-10-05,3700.0,3500,3800
Visakhapatnam,2015-10-06,3700.0,3500,3800
Visakhapatnam,2015-10-07,3700.0,3500,3800
Visakhapatnam,2015-10-08,3700.0,3500,3800
Visakhapatnam,2015-10-09,3700.0,3500,3800
Visakhapatnam,2015-10-10,3700.0,3500,3800
Visakhapatnam,2015-10-11,3700.0,3500,3800
Visakhapatnam,2015-10-12,3700.0,3500,3800
Visakhapatnam,2015-10-13,3700.0,3500,3800
Visakhapatnam,2015-10-14,3700.0,3500,3800
Visakhapatnam,2015-10-15,3700.0,3500,3800
Visakhapatnam,2015-10-16,3700.0,3600,3800
Visakhapatnam,2015-10-17,3700.0,3600,3800
Visakhapatnam,2015-10-18,3700.0,3600,3800
Visakhapatnam,2015-10-19,3700.0,3600,3800
Visakhapatnam,2015-10-20,3700.0,3600,3800
Visakhapatnam,2015-10-21,3700.0,3600,3800
Visakhapatnam,2015-10-22,3700.0,3600,3800
Visakhapatnam,2015-10-23,3700.0,3600,3800
Visakhapatnam,2015-10-24,3700.0,3600,3800
Visakhapatnam,2015-10-25,3700.0,3600,3800
Visakhapatnam,2015-10-26,3700.0,3600,3800
Visakhapatnam,2015-10-27,3700.0,3600,3800
Visakhapatnam,2015-10-28,3600.0,3500,3700
Visakhapatnam,2015-10-29,3700.0,3600,3800
Visakhapatnam,2015-10-30,3700.0,3600,3800
Visakhapatnam,2015-10-31,3700.0,3600,3800
Visakhapatnam,2015-11-01,3700.0,3600,3800
Visakhapatnam,2015-11-02,3700.0,3600,3800
Visakhapatnam,2015-11-03,3700.0,3600,3800
Visakhapatnam,2015-11-04,3700.0,3600,3800
Visakhapatnam,2015-11-05,3700.0,3600,3800
Visakhapatnam,2015-11-06,3700.0,3600,3800
Visakhapatnam,2015-11-07,3600.0,3500,3800
Visakhapatnam,2015-11-08,3700.0,3600,3800
Visakhapatnam,2015-11-09,3700.0,3600,3800
Visakhapatnam,2015-11-10,3700.0,3600,3800
Visakhapatnam,2015-11-11,3700.0,3600,3800
Visakhapatnam,2015-11-12,4917.5,3600,6200
Visakhapatnam,2015-11-13,3700.0,3600,3800
Visakhapatnam,2015-11-14,3700.0,3600,3800
Visakhapatnam,2015-11-15,3700.0,3600,3800
Visakhapatnam,2015-11-16,4350.0,3600,5100
Visakhapatnam,2015-11-17,3700.0,3600,3800
Visakhapatnam,2015-11-18,3700.0,3600,3800
Visakhapatnam,2015-11-19,3894.0,3600,4150
Visakhapatnam,2015-11-20,3700.0,3600,3800
Visakhapatnam,2015-11-21,3700.0,3600,3800
Visakhapatnam,2015-11-22,2700.0,2600,2800
Visakhapatnam,2015-11-23,3700.0,3600,3800
Visakhapatnam,2015-11-24,3850.0,3600,4100
Visakhapatnam,2015-11-25,3700.0,3600,3800
Visakhapatnam,2015-11-26,3700.0,3600,3800
Visakhapatnam,2015-11-27,2965.0,2400,3800
Visakhapatnam,2015-12-01,3150.0,3100,3300
Visakhapatnam,2015-12-04,5564.0,5400,5800
Visakhapatnam,2015-12-05,3222.0,3100,3300
Visakhapatnam,2015-12-11,7472.0,7300,7600
Visakhapatnam,2015-12-15,3700.0,3600,3889
Visakhapatnam,2015-12-17,6300.0,6200,6406
Visakhapatnam,2015-12-18,5324.5,3800,6700
Visakhapatnam,2015-12-19,3600.0,3500,3700
Visakhapatnam,2015-12-23,3600.0,3500,3700
Visakhapatnam,2015-12-25,3700.0,3600,3800
Visakhapatnam,2015-12-26,5594.0,5400,5650
Visakhapatnam,2015-12-27,3700.0,3600,3800
Visakhapatnam,2015-12-28,9250.0,9000,9500
Visakhapatnam,2015-12-29,3913.5,3500,4300
Visakhapatnam,2015-12-30,3095.0,3000,3200
Visakhapatnam,2016-01-01,3700.0,3600,3800
Visakhapatnam,2016-01-02,3700.0,3600,3800
Visakhapatnam,2016-01-03,3700.0,3600,3800
Visakhapatnam,2016-01-04,3700.0,3600,3800
Visakhapatnam,2016-01-05,6025.0,5900,6100
Visakhapatnam,2016-01-06,8300.0,8200,8400
Visakhapatnam,2016-01-07,3700.0,3600,3800
Visakhapatnam,2016-01-08,3800.0,3700,3900
Visakhapatnam,2016-01-09,3328.5,2700,3900
Visakhapatnam,2016-01-10,3800.0,3700,3900
Visakhapatnam,2016-01-11,3800.0,3700,3900
Visakhapatnam,2016-01-12,3800.0,3700,3900
Visakhapatnam,2016-01-13,3800.0,3700,3900
Visakhapatnam,2016-01-14,4606.5,3700,5600
Visakhapatnam,2016-01-15,3800.0,3700,3900
Visakhapatnam,2016-01-16,3800.0,3700,3900
Visakhapatnam,2016-01-17,3800.0,3700,3900
Visakhapatnam,2016-01-18,3800.0,3700,3900
Visakhapatnam,2016-01-19,3800.0,3700,3900
Visakhapatnam,2016-01-20,3800.0,3700,3900
Visakhapatnam,2016-02-01,6780.0,6500,6850
Visakhapatnam,2016-02-02,3000.0,2900,3200
Visakhapatnam,2016-02-03,7256.0,7200,7300
Visakhapatnam,2016-02-05,3000.0,2950,3100
Visakhapatnam,2016-02-06,3000.0,2950,3100
Visakhapatnam,2016-02-09,6247.0,6000,6300
Visakhapatnam,2016-02-10,6247.0,6000,6300
Visakhapatnam,2016-02-13,8129.0,7800,8500
Visakhapatnam,2016-02-16,6379.0,6200,6500
Visakhapatnam,2016-02-17,5000.0,4900,5100
Visakhapatnam,2016-02-19,8300.0,8100,8300
Visakhapatnam,2016-02-23,3946.0,3800,4200
Visakhapatnam,2016-02-29,7719.0,7500,7800
Visakhapatnam,2016-03-07,6978.0,6500,7200
Visakhapatnam,2016-03-10,3500.0,3400,3600
Visakhapatnam,2016-03-14,5854.0,5700,5900
Visakhapatnam,2016-03-16,8034.0,7800,8100
Visakhapatnam,2016-03-18,6980.0,6800,7200
Visakhapatnam,2016-03-21,3500.0,3400,3600
Visakhapatnam,2016-03-28,7051.0,6900,7200
Visakhapatnam,2016-03-30,7051.0,6900,7200
Visakhapatnam,2016-03-31,3300.0,3200,3500
Visakhapatnam,2016-04-01,3500.0,3400,3600
Visakhapatnam,2016-04-02,4640.0,4500,4800
Visakhapatnam,2016-04-04,4782.0,4500,4800
Visakhapatnam,2016-04-06,3500.0,3400,3600
Visakhapatnam,2016-04-08,6097.0,6000,6500
Visakhapatnam,2016-04-12,5726.0,5700,5750
Visakhapatnam,2016-04-18,2800.0,2700,2900
Visakhapatnam,2016-04-20,8121.0,7500,8200
Visakhapatnam,2016-04-26,5319.0,5300,5500
Visakhapatnam,2016-04-28,6112.0,600,6500
Visakhapatnam,2016-05-04,5600.0,5500,5700
Visakhapatnam,2016-05-06,5800.0,5700,6000
Visakhapatnam,2016-05-11,3000.0,2900,3000
Visakhapatnam,2016-05-12,3000.0,2900,3100
Visakhapatnam,2016-05-14,3100.0,3000,3200
Visakhapatnam,2016-05-15,3100.0,3000,3200
Visakhapatnam,2016-05-17,3200.0,3100,3300
Visakhapatnam,2016-05-18,3200.0,3100,3300
Visakhapatnam,2016-05-20,3200.0,3100,3300
Visakhapatnam,2016-05-21,3200.0,3100,3300
Visakhapatnam,2016-05-22,3200.0,3100,3300
Visakhapatnam,2016-05-29,3200.0,3100,3300
Visakhapatnam,2016-05-30,3200.0,3100,3300
Visakhapatnam,2016-05-31,3200.0,3100,3300
Visakhapatnam,2016-06-01,3200.0,3100,3300
Visakhapatnam,2016-06-02,6713.0,6600,6800
Visakhapatnam,2016-06-03,4994.0,3100,6800
Visakhapatnam,2016-06-05,3200.0,3100,3300
Visakhapatnam,2016-06-06,3200.0,3100,3300
Visakhapatnam,2016-06-07,3200.0,3100,3300
Visakhapatnam,2016-06-08,3000.0,2900,3100
Visakhapatnam,2016-06-09,4479.0,3100,5800
Visakhapatnam,2016-06-10,3200.0,3100,3300
Visakhapatnam,2016-06-11,3200.0,3100,3300
Visakhapatnam,2016-06-12,3200.0,3100,3300
Visakhapatnam,2016-06-13,3100.0,3000,3200
Visakhapatnam,2016-06-14,3200.0,3100,3300
Visakhapatnam,2016-06-15,5600.0,3100,8100
Visakhapatnam,2016-06-16,3100.0,3000,3200
Visakhapatnam,2016-06-17,4708.5,3000,6400
Visakhapatnam,2016-06-18,3100.0,3000,3200
Visakhapatnam,2016-06-19,3200.0,3100,3300
Visakhapatnam,2016-06-22,3200.0,3100,3300
Visakhapatnam,2016-06-23,3200.0,3100,3300
Visakhapatnam,2016-06-24,3200.0,3100,3300
Visakhapatnam,2016-06-25,3200.0,3100,3300
Visakhapatnam,2016-06-26,3200.0,3100,3300
Visakhapatnam,2016-06-27,3200.0,3100,3300
Visakhapatnam,2016-06-28,3200.0,3100,3300
Visakhapatnam,2016-06-29,8179.0,7800,8300
Visakhapatnam,2016-06-30,3200.0,3100,3300
Visakhapatnam,2016-07-03,3200.0,3100,3300
Visakhapatnam,2016-07-04,3200.0,3100,3300
Visakhapatnam,2016-07-05,3200.0,3100,3300
Visakhapatnam,2016-07-06,3200.0,3100,3300
Visakhapatnam,2016-07-07,3200.0,3100,3300
Visakhapatnam,2016-07-08,3200.0,3100,3300
Visakhapatnam,2016-07-09,3200.0,3100,3300
Visakhapatnam,2016-07-10,3200.0,3100,3300
Visakhapatnam,2016-07-11,4962.5,3100,6800
Visakhapatnam,2016-07-13,3200.0,3100,3300
Visakhapatnam,2016-07-14,3200.0,3100,3300
Visakhapatnam,2016-07-16,3200.0,3100,3300
Visakhapatnam,2016-07-17,3200.0,3100,3300
Visakhapatnam,2016-07-18,3200.0,3100,3300
Visakhapatnam,2016-07-19,3200.0,3100,3300
Visakhapatnam,2016-07-20,3200.0,3100,3300
Visakhapatnam,2016-07-21,3200.0,3100,3300
Visakhapatnam,2016-07-22,3200.0,3100,3300
Visakhapatnam,2016-07-23,6620.0,6500,6700
Visakhapatnam,2016-07-24,3200.0,3100,3300
Visakhapatnam,2016-07-26,4665.0,3100,6500
Visakhapatnam,2016-07-27,3200.0,3100,3300
Visakhapatnam,2016-07-28,3200.0,3100,3300
Visakhapatnam,2016-07-29,3300.0,3100,3400
Visakhapatnam,2016-07-30,3200.0,3100,3300
Visakhapatnam,2016-08-01,3200.0,3100,3300
Visakhapatnam,2016-08-02,3200.0,3100,3300
Visakhapatnam,2016-08-03,3200.0,3100,3300
Visakhapatnam,2016-08-04,4693.0,3100,6300
Visakhapatnam,2016-08-06,3200.0,3100,3300
Visakhapatnam,2016-08-07,3200.0,3100,3300
Visakhapatnam,2016-08-08,3200.0,3100,3300
Visakhapatnam,2016-08-09,4524.0,3100,5900
Visakhapatnam,2016-08-10,4680.5,3100,6300
Visakhapatnam,2016-08-11,3200.0,3100,3300
Visakhapatnam,2016-08-12,3200.0,3100,3300
Visakhapatnam,2016-08-13,3200.0,3100,3300
Visakhapatnam,2016-08-14,3200.0,3100,3300
Visakhapatnam,2016-08-15,3200.0,3100,3300
Visakhapatnam,2016-08-16,3200.0,3100,3300
Visakhapatnam,2016-08-18,3200.0,3100,3300
Visakhapatnam,2016-08-19,3200.0,3100,3300
Visakhapatnam,2016-08-20,3200.0,3100,3300
Visakhapatnam,2016-08-21,3200.0,3100,3300
Visakhapatnam,2016-08-22,3200.0,3100,3300
Visakhapatnam,2016-08-23,4700.0,3100,6300
Visakhapatnam,2016-08-24,3200.0,3100,3300
Visakhapatnam,2016-08-25,3200.0,3100,3300
Visakhapatnam,2016-08-27,3200.0,3100,3300
Visakhapatnam,2016-08-28,3200.0,3100,3300
Visakhapatnam,2016-08-29,3200.0,3100,3300
Visakhapatnam,2016-08-30,3200.0,3100,3300
Visakhapatnam,2016-08-31,3200.0,3100,3300
Visakhapatnam,2016-09-02,3200.0,3100,3300
Visakhapatnam,2016-09-04,3200.0,3100,3300
Visakhapatnam,2016-09-05,3200.0,3100,3300
Visakhapatnam,2016-09-06,4916.0,3100,6700
Visakhapatnam,2016-09-07,4921.0,3100,6700
Visakhapatnam,2016-09-08,5188.5,3100,7300
Visakhapatnam,2016-09-09,6618.0,6500,6700
Visakhapatnam,2016-09-11,3200.0,3100,3300
Visakhapatnam,2016-09-12,3200.0,3100,3300
Visakhapatnam,2016-09-13,3200.0,3100,3300
Visakhapatnam,2016-09-14,3200.0,3100,3300
Visakhapatnam,2016-09-15,3200.0,3100,3300
Visakhapatnam,2016-09-16,3200.0,3100,3300
Visakhapatnam,2016-09-17,3200.0,3100,3300
Visakhapatnam,2016-09-18,3200.0,3100,3300
Visakhapatnam,2016-09-19,3200.0,3100,3300
Visakhapatnam,2016-09-20,3200.0,3100,3300
Visakhapatnam,2016-09-21,3200.0,3100,3300
Visakhapatnam,2016-09-22,3200.0,3100,3300
Visakhapatnam,2016-09-23,3200.0,3100,3300
Visakhapatnam,2016-09-24,3200.0,3100,3300
Visakhapatnam,2016-09-25,3200.0,3100,3300
Visakhapatnam,2016-09-26,3200.0,3100,3300
Visakhapatnam,2016-09-27,3200.0,3100,3300
Visakhapatnam,2016-09-28,3200.0,3100,3300
Visakhapatnam,2016-09-29,3200.0,3100,3300
Visakhapatnam,2016-09-30,3200.0,3100,3300
Visakhapatnam,2016-10-01,4850.0,3100,6700
Visakhapatnam,2016-10-02,3200.0,3100,3300
Visakhapatnam,2016-10-03,5000.0,3100,6900
Visakhapatnam,2016-10-04,3200.0,3100,3300
Visakhapatnam,2016-10-05,3200.0,3100,3300
Visakhapatnam,2016-10-06,3200.0,3100,3300
Visakhapatnam,2016-10-07,3200.0,3100,3300
Visakhapatnam,2016-10-08,4850.0,3100,6800
Visakhapatnam,2016-10-09,3200.0,3100,3300
Visakhapatnam,2016-10-10,5010.5,3100,6900
Visakhapatnam,2016-10-11,3200.0,3100,3300
Visakhapatnam,2016-10-12,3200.0,3100,3300
Visakhapatnam,2016-10-13,3200.0,3100,3300
Visakhapatnam,2016-10-14,3200.0,3100,3300
Visakhapatnam,2016-10-15,6801.0,6700,6900
Visakhapatnam,2016-10-16,3200.0,3100,3300
Visakhapatnam,2016-10-17,3200.0,3100,3300
Visakhapatnam,2016-10-19,3200.0,3100,3300
Visakhapatnam,2016-10-20,3200.0,3100,3300
Visakhapatnam,2016-10-21,3200.0,3100,3300
Visakhapatnam,2016-10-22,3200.0,3100,3300
Visakhapatnam,2016-10-23,3200.0,3100,3300
Visakhapatnam,2016-10-24,3200.0,3100,3300
Visakhapatnam,2016-10-25,3200.0,3100,3300
Visakhapatnam,2016-10-26,3200.0,3100,3300
Visakhapatnam,2016-10-27,3200.0,3100,3300
Visakhapatnam,2016-10-28,3200.0,3100,3300
Visakhapatnam,2016-10-29,3200.0,3100,3300
Visakhapatnam,2016-10-31,3200.0,3100,3300
Visakhapatnam,2016-11-01,3200.0,3100,3300
Visakhapatnam,2016-11-02,3200.0,3100,3300
Visakhapatnam,2016-11-03,3200.0,3100,3300
Visakhapatnam,2016-11-04,3200.0,3100,3300
Visakhapatnam,2016-11-05,3200.0,3100,3300
Visakhapatnam,2016-11-06,3200.0,3100,3300
Visakhapatnam,2016-11-07,3200.0,3100,3300
Visakhapatnam,2016-11-08,3600.0,3100,4100
Visakhapatnam,2016-11-09,3200.0,3100,3300
Visakhapatnam,2016-11-10,3200.0,3100,3300
Visakhapatnam,2016-11-11,3200.0,3100,3300
Visakhapatnam,2016-11-12,4791.5,3100,6500
Visakhapatnam,2016-11-13,3200.0,3100,3300
Visakhapatnam,2016-11-14,3200.0,3100,3300
Visakhapatnam,2016-11-15,3200.0,3100,3300
Visakhapatnam,2016-11-16,4921.5,3100,6800
Visakhapatnam,2016-11-17,3200.0,3100,3300
Visakhapatnam,2016-11-18,2857.0,2700,2900
Visakhapatnam,2016-11-19,6394.0,6200,6500
Visakhapatnam,2016-11-20,3200.0,3100,3300
Visakhapatnam,2016-11-21,3000.0,2900,3100
Visakhapatnam,2016-11-24,3200.0,3100,3300
Visakhapatnam,2016-11-25,3200.0,3100,3300
Visakhapatnam,2016-11-26,3200.0,3100,3300
Visakhapatnam,2016-11-27,3200.0,3100,3300
Visakhapatnam,2016-11-28,3200.0,3100,3300
Visakhapatnam,2016-11-29,3200.0,3100,3300
Visakhapatnam,2016-11-30,3200.0,3100,3300
Visakhapatnam,2016-12-01,3200.0,3100,3300
Visakhapatnam,2016-12-02,3200.0,3100,3300
Visakhapatnam,2016-12-03,3200.0,3100,3300
Visakhapatnam,2016-12-04,3200.0,3100,3300
Visakhapatnam,2016-12-05,4673.5,3100,6300
Visakhapatnam,2016-12-06,3200.0,3100,3300
Visakhapatnam,2016-12-07,3200.0,3100,3300
Visakhapatnam,2016-12-08,4958.0,3100,6800
Visakhapatnam,2016-12-10,3200.0,3100,3300
Visakhapatnam,2016-12-11,3200.0,3100,3300
Visakhapatnam,2016-12-12,3200.0,3100,3300
Visakhapatnam,2016-12-13,3200.0,3100,3300
Visakhapatnam,2016-12-14,3200.0,3100,3300
Visakhapatnam,2016-12-15,3200.0,3100,3300
Visakhapatnam,2016-12-16,3200.0,3100,3300
Visakhapatnam,2016-12-17,3200.0,3100,3300
Visakhapatnam,2016-12-18,3200.0,3100,3300
Visakhapatnam,2016-12-19,3200.0,3100,3300
Visakhapatnam,2016-12-20,3200.0,3100,3300
Visakhapatnam,2016-12-21,4773.0,3100,6400
Visakhapatnam,2016-12-22,3200.0,3100,3300
Visakhapatnam,2016-12-23,3200.0,3100,3300
Visakhapatnam,2016-12-24,3100.0,3000,3200
Visakhapatnam,2016-12-25,3100.0,3000,3200
Visakhapatnam,2016-12-26,3100.0,3000,3200
Visakhapatnam,2016-12-27,3100.0,3000,3200
Visakhapatnam,2016-12-28,3100.0,3000,3200
Visakhapatnam,2016-12-29,4585.0,3000,6100
Visakhapatnam,2016-12-30,3100.0,3000,3200
Visakhapatnam,2016-12-31,3000.0,2900,3200
Visakhapatnam,2017-01-01,3100.0,3000,3200
Visakhapatnam,2017-01-02,3100.0,3000,3200
Visakhapatnam,2017-01-04,5056.0,5000,5200
Visakhapatnam,2017-01-05,3100.0,3000,3200
Visakhapatnam,2017-01-06,3100.0,3000,3200
Visakhapatnam,2017-01-07,5454.0,5300,5600
Visakhapatnam,2017-01-08,3200.0,3100,3300
Visakhapatnam,2017-01-09,3200.0,3100,3300
Visakhapatnam,2017-01-10,3200.0,3100,3300
Visakhapatnam,2017-01-11,3100.0,3000,3200
Visakhapatnam,2017-01-12,3200.0,3100,3300
Visakhapatnam,2017-01-13,3100.0,3000,3200
Visakhapatnam,2017-01-14,3100.0,3000,3200
Visakhapatnam,2017-01-15,3100.0,3000,3200
Visakhapatnam,2017-01-16,3100.0,3000,3200
Visakhapatnam,2017-01-17,3100.0,3000,3200
Visakhapatnam,2017-01-18,3100.0,3000,3200
Visakhapatnam,2017-01-19,3100.0,3000,3200
Visakhapatnam,2017-01-24,3100.0,3000,3200
Visakhapatnam,2017-01-25,3100.0,3000,3200
Visakhapatnam,2017-01-26,3100.0,3000,3200
Visakhapatnam,2017-01-27,3100.0,3000,3200
Visakhapatnam,2017-01-29,3100.0,3000,3200
Visakhapatnam,2017-01-30,3100.0,3000,3200
Visakhapatnam,2017-01-31,3100.0,3000,3200
Visakhapatnam,2017-02-01,3100.0,3000,3200
Visakhapatnam,2017-02-02,3100.0,3000,3200
Visakhapatnam,2017-02-03,3100.0,3000,3200
Visakhapatnam,2017-02-04,3100.0,3000,3200
Visakhapatnam,2017-02-05,3100.0,3000,3200
Visakhapatnam,2017-02-08,3500.0,3400,3600
Visakhapatnam,2017-02-11,3100.0,3000,3200
Visakhapatnam,2017-02-12,3100.0,3000,3200
Visakhapatnam,2017-02-14,6361.5,3000,9700
Visakhapatnam,2017-02-15,3100.0,3000,3200
Visakhapatnam,2017-02-16,3100.0,3000,3200
Visakhapatnam,2017-02-17,3100.0,3000,3200
Visakhapatnam,2017-02-18,3100.0,3000,3200
Visakhapatnam,2017-02-20,3500.0,3400,3600
Visakhapatnam,2017-02-21,3400.0,3300,3500
Visakhapatnam,2017-02-23,3200.0,3100,3300
Visakhapatnam,2017-02-26,3100.0,3000,3200
Visakhapatnam,2017-02-27,3100.0,3000,3200
Visakhapatnam,2017-03-01,3100.0,3000,3200
Visakhapatnam,2017-03-02,3100.0,3000,3200
Visakhapatnam,2017-03-03,4750.0,3000,6500
Visakhapatnam,2017-03-04,3100.0,3000,3200
Visakhapatnam,2017-03-05,3200.0,3100,3300
Visakhapatnam,2017-03-06,3400.0,3300,3500
Visakhapatnam,2017-03-07,4750.0,3000,6500
Visakhapatnam,2017-03-08,4800.0,3100,6500
Visakhapatnam,2017-03-09,3100.0,3000,3200
Visakhapatnam,2017-03-10,4750.0,3000,6500
Visakhapatnam,2017-03-11,3100.0,3000,3200
Visakhapatnam,2017-03-12,3100.0,3000,3200
Visakhapatnam,2017-03-13,3100.0,3000,3200
Visakhapatnam,2017-03-14,3100.0,3000,3200
Visakhapatnam,2017-03-15,3100.0,3000,3200
Visakhapatnam,2017-03-16,4750.0,3000,6500
Visakhapatnam,2017-03-17,4900.0,3300,6500
Visakhapatnam,2017-03-18,3100.0,3000,3200
Visakhapatnam,2017-03-19,3200.0,3100,3300
Visakhapatnam,2017-03-20,3200.0,3100,3300
Visakhapatnam,2017-03-21,3400.0,3300,3500
Visakhapatnam,2017-03-22,3100.0,3000,3200
Visakhapatnam,2017-03-23,4900.0,3300,6500
Visakhapatnam,2017-03-25,3400.0,3300,3500
Visakhapatnam,2017-03-26,3100.0,3000,3200
Visakhapatnam,2017-03-27,3200.0,3100,3300
Visakhapatnam,2017-03-29,3200.0,3100,3300
Visakhapatnam,2017-04-01,3200.0,3100,3300
Visakhapatnam,2017-04-02,3200.0,3100,3300
Visakhapatnam,2017-04-03,3200.0,3100,3300
Visakhapatnam,2017-04-04,3100.0,3000,3200
Visakhapatnam,2017-04-05,3200.0,3100,3300
Visakhapatnam,2017-04-06,3200.0,3100,3300
Visakhapatnam,2017-04-07,3200.0,3100,3300
Visakhapatnam,2017-04-08,2800.0,2700,2900
Visakhapatnam,2017-04-09,3200.0,3100,3300
Visakhapatnam,2017-04-10,3100.0,3000,3200
Visakhapatnam,2017-04-11,3100.0,3000,3200
Visakhapatnam,2017-04-12,3200.0,3100,3300
Visakhapatnam,2017-04-13,3200.0,3100,3300
Visakhapatnam,2017-04-14,4603.5,3100,6500
Visakhapatnam,2017-04-15,3200.0,3100,3300
Visakhapatnam,2017-04-16,3200.0,3100,3300
Visakhapatnam,2017-04-18,3200.0,3100,3300
Visakhapatnam,2017-04-19,3100.0,3000,3200
Visakhapatnam,2017-04-20,6193.0,6000,6500
Visakhapatnam,2017-04-23,3200.0,3100,3300
Visakhapatnam,2017-04-24,3200.0,3100,3300
Visakhapatnam,2017-04-27,3200.0,3100,3300
Visakhapatnam,2017-04-28,3200.0,3100,3300
Visakhapatnam,2017-05-01,3200.0,3100,3300
Visakhapatnam,2017-05-02,3200.0,3100,3300
Visakhapatnam,2017-05-04,3100.0,3000,3200
Visakhapatnam,2017-05-05,3200.0,3100,3300
Visakhapatnam,2017-05-06,3200.0,3100,3300
Visakhapatnam,2017-05-07,3200.0,3100,3300
Visakhapatnam,2017-05-10,3200.0,3100,3300
Visakhapatnam,2017-05-11,3200.0,3100,3300
Visakhapatnam,2017-05-12,3100.0,3000,3200
Visakhapatnam,2017-05-13,3200.0,3100,3300
Visakhapatnam,2017-05-14,3100.0,3000,3200
Visakhapatnam,2017-05-15,3200.0,3100,3300
Visakhapatnam,2017-05-16,3200.0,3100,3300
Visakhapatnam,2017-05-17,3200.0,3100,3300
Visakhapatnam,2017-05-18,3200.0,3100,3300
Visakhapatnam,2017-05-19,3200.0,3100,3300
Visakhapatnam,2017-05-20,3100.0,3000,3200
Visakhapatnam,2017-05-21,3200.0,3100,3300
Visakhapatnam,2017-05-22,3200.0,3100,3300
Visakhapatnam,2017-05-23,3100.0,3000,3200
Visakhapatnam,2017-05-24,3200.0,3100,3300
Visakhapatnam,2017-05-25,3200.0,3100,3300
Visakhapatnam,2017-05-26,3200.0,3100,3300
Visakhapatnam,2017-05-27,3200.0,3100,3300
Visakhapatnam,2017-05-28,3200.0,3100,3300
Visakhapatnam,2017-05-29,3100.0,3000,3200
Visakhapatnam,2017-05-30,3200.0,3100,3300
Visakhapatnam,2017-06-01,3200.0,3100,3300
Visakhapatnam,2017-06-02,4850.0,3100,6900
Visakhapatnam,2017-06-03,5248.0,3100,7500
Visakhapatnam,2017-06-04,3200.0,3100,3300
Visakhapatnam,2017-06-05,3200.0,3100,3300
Visakhapatnam,2017-06-06,3200.0,3100,3300
Visakhapatnam,2017-06-07,3200.0,3100,3300
Visakhapatnam,2017-06-08,5348.0,3100,7900
Visakhapatnam,2017-06-09,5448.5,3100,7900
Visakhapatnam,2017-06-10,4605.5,3100,6500
Visakhapatnam,2017-06-11,3200.0,3100,3300
Visakhapatnam,2017-06-12,3200.0,3100,3300
Visakhapatnam,2017-06-13,3200.0,3100,3300
Visakhapatnam,2017-06-14,3614.0,3100,4200
Visakhapatnam,2017-06-16,4509.0,4300,4600
Visakhapatnam,2017-06-17,3200.0,3100,3300
Visakhapatnam,2017-06-18,3200.0,3100,3300
Visakhapatnam,2017-06-19,3200.0,3100,3300
Visakhapatnam,2017-06-21,3200.0,3100,3300
Visakhapatnam,2017-06-22,3200.0,3100,3300
Visakhapatnam,2017-06-23,3200.0,3100,3300
Visakhapatnam,2017-06-25,3200.0,3100,3300
Visakhapatnam,2017-06-26,3200.0,3100,3300
Visakhapatnam,2017-06-27,3200.0,3100,3300
Visakhapatnam,2017-06-29,3200.0,3100,3300
Visakhapatnam,2017-06-30,3200.0,3100,3300
Visakhapatnam,2017-07-01,3200.0,3100,3300
Visakhapatnam,2017-07-02,3200.0,3100,3300
Visakhapatnam,2017-07-03,3200.0,3100,3300
Visakhapatnam,2017-07-04,3200.0,3100,3300
Visakhapatnam,2017-07-05,3200.0,3100,3300
Visakhapatnam,2017-07-06,3200.0,3100,3300
Visakhapatnam,2017-07-07,3200.0,3100,3300
Visakhapatnam,2017-07-08,3200.0,3100,3300
Visakhapatnam,2017-07-09,3200.0,3100,3300
Visakhapatnam,2017-07-10,3200.0,3100,3300
Visakhapatnam,2017-07-11,3200.0,3100,3300
Visakhapatnam,2017-07-12,3200.0,3100,3300
Visakhapatnam,2017-07-13,3200.0,3100,3300
Visakhapatnam,2017-07-14,3200.0,3100,3300
Visakhapatnam,2017-07-15,3200.0,3100,3300
Visakhapatnam,2017-07-16,3200.0,3100,3300
Visakhapatnam,2017-07-17,3200.0,3100,3300
Visakhapatnam,2017-07-18,3200.0,3100,3300
Visakhapatnam,2017-07-19,3200.0,3100,3300
Visakhapatnam,2017-07-20,3200.0,3100,3300
Visakhapatnam,2017-07-21,3200.0,3100,3300
Visakhapatnam,2017-07-22,3200.0,3100,3300
Visakhapatnam,2017-07-23,3200.0,3100,3300
Visakhapatnam,2017-07-24,3200.0,3100,3300
Visakhapatnam,2017-07-25,3200.0,3100,3300
Visakhapatnam,2017-07-26,3200.0,3100,3300
Visakhapatnam,2017-07-27,3200.0,3100,3300
Visakhapatnam,2017-07-28,3200.0,3100,3300
Visakhapatnam,2017-07-29,3200.0,3100,3300
Visakhapatnam,2017-07-31,3200.0,3100,3300
Visakhapatnam,2017-08-01,3200.0,3100,3300
Visakhapatnam,2017-08-02,3200.0,3100,3300
Visakhapatnam,2017-08-03,3200.0,3100,3300
Visakhapatnam,2017-08-04,3200.0,3100,3300
Visakhapatnam,2017-08-05,3200.0,3100,3300
Visakhapatnam,2017-08-06,3200.0,3100,3300
Visakhapatnam,2017-08-07,3200.0,3100,3300
Visakhapatnam,2017-08-08,3200.0,3100,3300
Visakhapatnam,2017-08-09,3200.0,3100,3300
Visakhapatnam,2017-08-10,3200.0,3100,3300
Visakhapatnam,2017-08-11,3200.0,3100,3300
Visakhapatnam,2017-08-15,3200.0,3100,3300
Visakhapatnam,2017-08-16,3200.0,3100,3300
Visakhapatnam,2017-08-17,3200.0,3100,3300
Visakhapatnam,2017-08-18,3200.0,3100,3300
Visakhapatnam,2017-08-19,3200.0,3100,3300
Visakhapatnam,2017-08-20,3200.0,3100,3300
Visakhapatnam,2017-08-21,3200.0,3100,3300
Visakhapatnam,2017-08-22,3200.0,3100,3300
Visakhapatnam,2017-08-23,3200.0,3100,3300
Visakhapatnam,2017-08-24,3200.0,3100,3300
Visakhapatnam,2017-08-25,3200.0,3100,3300
Visakhapatnam,2017-08-26,3200.0,3100,3300
Visakhapatnam,2017-08-27,3200.0,3100,3300
Visakhapatnam,2017-08-28,3200.0,3100,3300
Visakhapatnam,2017-08-29,3200.0,3100,3300
Visakhapatnam,2017-08-31,3200.0,3100,3300
Visakhapatnam,2017-09-01,3200.0,3100,3300
Visakhapatnam,2017-09-02,3200.0,3100,3300
Visakhapatnam,2017-09-03,3200.0,3100,3300
Visakhapatnam,2017-09-04,3200.0,3100,3300
Visakhapatnam,2017-09-05,3200.0,3100,3300
Visakhapatnam,2017-09-06,3200.0,3100,3300
Visakhapatnam,2017-09-07,3200.0,3100,3300
Visakhapatnam,2017-09-08,3200.0,3100,3300
Visakhapatnam,2017-09-09,3200.0,3100,3300
Visakhapatnam,2017-09-10,3200.0,3100,3300
Visakhapatnam,2017-09-11,3200.0,3100,3300
Visakhapatnam,2017-09-12,3200.0,3100,3300
Visakhapatnam,2017-09-13,3200.0,3100,3300
Visakhapatnam,2017-09-14,3200.0,3100,3300
Visakhapatnam,2017-09-15,6033.333333333333,3100,7800
Visakhapatnam,2017-09-16,3200.0,3100,3300
Visakhapatnam,2017-09-17,3200.0,3100,3300
Visakhapatnam,2017-09-18,3200.0,3100,3300
Visakhapatnam,2017-09-19,3200.0,3100,3300
Visakhapatnam,2017-09-20,3200.0,3100,3300
Visakhapatnam,2017-09-21,3100.0,3000,3200
Visakhapatnam,2017-09-22,3200.0,3100,3300
Visakhapatnam,2017-09-23,3200.0,3100,3300
Visakhapatnam,2017-09-24,3200.0,3100,3300
Visakhapatnam,2017-09-25,3200.0,3100,3300
Visakhapatnam,2017-09-26,3200.0,3100,3300
Visakhapatnam,2017-09-27,3200.0,3100,3300
Visakhapatnam,2017-09-28,3200.0,3100,3300
Visakhapatnam,2017-09-29,3200.0,3100,3300
Visakhapatnam,2017-10-01,3200.0,3100,3300
Visakhapatnam,2017-10-02,3200.0,3100,3300
Visakhapatnam,2017-10-03,3200.0,3100,3300
Visakhapatnam,2017-10-04,3200.0,3100,3300
Visakhapatnam,2017-10-05,3200.0,3100,3300
Visakhapatnam,2017-10-06,3200.0,3100,3300
Visakhapatnam,2017-10-07,3200.0,3100,3300
Visakhapatnam,2017-10-08,3200.0,3100,3300
Visakhapatnam,2017-10-09,5350.0,3100,7800
Visakhapatnam,2017-10-10,3200.0,3100,3300
Visakhapatnam,2017-10-11,3200.0,3100,3300
Visakhapatnam,2017-10-12,3200.0,3100,3300
Visakhapatnam,2017-10-13,3200.0,3100,3300
Visakhapatnam,2017-10-14,3200.0,3100,3300
Visakhapatnam,2017-10-15,3200.0,3100,3300
Visakhapatnam,2017-10-16,3200.0,3100,3300
Visakhapatnam,2017-10-17,3200.0,3100,3300
Visakhapatnam,2017-10-18,3200.0,3100,3300
Visakhapatnam,2017-10-19,3200.0,3100,3300
Visakhapatnam,2017-10-20,5350.0,3100,7700
Visakhapatnam,2017-10-21,3200.0,3100,3300
Visakhapatnam,2017-10-22,3200.0,3100,3300
Visakhapatnam,2017-10-23,3200.0,3100,3300
Visakhapatnam,2017-10-24,3200.0,3100,3300
Visakhapatnam,2017-10-25,3200.0,3100,3300
Visakhapatnam,2017-10-26,3200.0,3100,3300
Visakhapatnam,2017-10-27,3200.0,3100,3300
Visakhapatnam,2017-10-28,3200.0,3100,3300
Visakhapatnam,2017-10-29,3200.0,3100,3300
Visakhapatnam,2017-10-30,3200.0,3100,3300
Visakhapatnam,2017-10-31,3200.0,3100,3300
Visakhapatnam,2017-11-01,5350.0,3100,7600
Visakhapatnam,2017-11-02,3200.0,3100,3300
Visakhapatnam,2017-11-03,3200.0,3100,3300
Visakhapatnam,2017-11-04,3200.0,3100,3300
Visakhapatnam,2017-11-05,3200.0,3100,3300
Visakhapatnam,2017-11-06,3200.0,3100,3300
Visakhapatnam,2017-11-07,3200.0,3100,3300
Visakhapatnam,2017-11-08,5350.0,3100,7600
Visakhapatnam,2017-11-09,3200.0,3100,3300
Visakhapatnam,2017-11-11,3200.0,3100,3300
Visakhapatnam,2017-11-12,3200.0,3100,3300
Visakhapatnam,2017-11-13,3200.0,3100,3300
Visakhapatnam,2017-11-14,3200.0,3100,3300
Visakhapatnam,2017-11-15,3200.0,3100,3300
Visakhapatnam,2017-11-17,5350.0,3100,7800
Visakhapatnam,2017-11-18,5350.0,3100,7800
Visakhapatnam,2017-11-19,3200.0,3100,3300
Visakhapatnam,2017-11-20,3200.0,3100,3300
Visakhapatnam,2017-11-21,3200.0,3100,3300
Visakhapatnam,2017-11-25,3200.0,3100,3300
Visakhapatnam,2017-11-26,3200.0,3100,3300
Visakhapatnam,2017-11-27,3200.0,3100,3300
Visakhapatnam,2017-11-28,3200.0,3100,3300
Visakhapatnam,2017-11-29,3200.0,3100,3300
Visakhapatnam,2017-11-30,3200.0,3100,3300
Visakhapatnam,2017-12-01,3200.0,3100,3300
Visakhapatnam,2017-12-02,3200.0,3100,3300
Visakhapatnam,2017-12-03,3200.0,3100,3300
Visakhapatnam,2017-12-04,3200.0,3100,3300
Visakhapatnam,2017-12-05,3200.0,3100,3300
Visakhapatnam,2017-12-07,3200.0,3100,3300
Visakhapatnam,2017-12-08,3200.0,3100,3300
Visakhapatnam,2017-12-09,3200.0,3100,3300
Visakhapatnam,2017-12-10,3200.0,3100,3300
Visakhapatnam,2017-12-11,3200.0,3100,3300
Visakhapatnam,2017-12-12,3200.0,3100,3300
Visakhapatnam,2017-12-13,3200.0,3100,3300
Visakhapatnam,2017-12-14,3200.0,3100,3300
Visakhapatnam,2017-12-15,3200.0,3100,3300
Visakhapatnam,2017-12-16,3200.0,3100,3300
Visakhapatnam,2017-12-17,3200.0,3100,3300
Visakhapatnam,2017-12-18,3200.0,3100,3300
Visakhapatnam,2017-12-19,3200.0,3100,3300
Visakhapatnam,2017-12-22,3200.0,3100,3300
