date,state,District,Market,commodity,variety,grade,min_price,max_price,modal_price,weighted_avg_modal_price,arrival_qty_mt,arrival_lag_1,arrival_7d_mean,arrival_change_pct,rainfall,temp_max,temp_min,humidity,temp_avg,day_of_week,month,week_of_year,rainfall_7d,rainfall_anomaly_7d,heavy_rain_flag,dry_spell_flag,is_likely_non_trading_day,is_procurement_active,msp_value,msp_announced,msp_changed,procurement_started,procurement_ended,target_modal_price,target_return,ret_1,ret_3,ret_7,rolling_mean_7,rolling_mean_14,rolling_std_7,rolling_std_14,ratio_ma7,ratio_ma14,is_harvest_season,mkt_Jaggampet,mkt_Kovvur,mkt_Kuchinapudi,mkt_Mylavaram,mkt_Nandigama,mkt_Polavaram,mkt_Rampachodvaram,mkt_Rapur,mkt_Tiruvuru,dist_Alluri Sitharama Raju,dist_Bapatla,dist_East Godavari,dist_Eluru,dist_Kakinada,dist_Krishna,dist_NTR,dist_Nellore,dist_Polavaram,dist_SPSR Nellore
2025-11-04,Andhra Pradesh,Krishna,Tiruvuru,Paddy(Common),Sona,FAQ,2400.0,2700.0,2550.0,2550.0,1270.69,1522.2,1076.44,1.4135853364622317,5.5,32.0,24.1,86.0,28.05,1,11,45,0.4,-14.5,0,0,0,1,2320.0,0,0,0,0,2600.0,0.0196078430603614,-0.05204460947195312,,,2635.0,,77.78174593052023,0.0,0.967741931811226,,1,False,False,False,False,False,False,False,False,True,False,False,False,False,False,True,False,False,False,False
2025-11-05,Andhra Pradesh,Krishna,Tiruvuru,Paddy(Common),Sona,FAQ,2400.0,2800.0,2600.0,2600.0,1094.97,1270.69,1141.1899999999998,-0.16522795953225589,27.9,31.2,24.2,89.0,27.7,2,11,45,5.9,-9.0,0,0,0,1,2320.0,0,0,0,0,2600.0,0.0,0.0196078430603614,0.007751937954449852,,2606.6666666666665,2606.6666666666665,73.71114795831988,73.71114795831988,0.9974424514164612,0.9974424514164612,1,False,False,False,False,False,False,False,False,True,False,False,False,False,False,True,False,False,False,False
2025-11-06,Andhra Pradesh,Krishna,Tiruvuru,Paddy(Common),Sona,FAQ,2400.0,2800.0,2600.0,2600.0,685.53,1094.97,1129.635,-0.13828707237799942,0.4,31.5,23.8,84.0,27.65,3,11,45,33.8,18.9,0,0,0,1,2320.0,0,0,0,0,2400.0,-0.07692307662721894,0.0,-0.033457248946255576,,2605.0,2605.0,60.27713773341704,60.27713773341704,0.9980806103720513,0.9980806103720513,1,False,False,False,False,False,False,False,False,True,False,False,False,False,False,True,False,False,False,False
2025-11-07,Andhra Pradesh,Krishna,Tiruvuru,Paddy(Common),Sona,Grade Range-1,2400.0,2400.0,2400.0,2400.0,654.62,685.53,1040.8139999999999,-0.37392805282336505,0.2,31.7,22.6,77.0,27.15,4,11,45,34.199999999999996,19.299999999999997,0,0,0,1,2320.0,0,0,0,0,2400.0,0.0,-0.07692307662721894,-0.058823529181084196,,2604.0,2604.0,52.24940191045249,52.24940191045249,0.9216589826357181,0.9216589826357181,1,False,False,False,False,False,False,False,False,True,False,False,False,False,False,True,False,False,False,False
2025-11-10,Andhra Pradesh,Krishna,Tiruvuru,Paddy(Common),Sona,Local,2400.0,2400.0,2400.0,2400.0,311.47,654.62,976.4483333333333,-0.045089201056117134,0.3,31.2,22.1,74.0,26.65,0,11,46,34.4,-0.14999999999999858,0,0,0,1,2320.0,0,0,0,0,2400.0,0.0,0.0,-0.07692307662721894,,2570.0,2570.0,95.49869109050655,95.49869109050655,0.933852136444155,0.933852136444155,1,False,False,False,False,False,False,False,False,True,False,False,False,False,False,True,False,False,False,False
2025-11-11,Andhra Pradesh,Krishna,Tiruvuru,Paddy(Common),Sona,Local,2400.0,2400.0,2400.0,2400.0,2422.2,311.47,881.4514285714286,-0.5241972442027436,0.1,31.5,22.7,77.0,27.1,1,11,46,34.699999999999996,0.14999999999999858,0,0,0,1,2320.0,0,0,0,0,2350.0,-0.020833333246527776,0.0,-0.07692307662721894,-0.06976744159004868,2545.714285714286,2545.714285714286,108.29852920779408,108.29852920779408,0.9427609390576168,0.9427609390576168,1,False,False,False,False,False,False,False,False,True,False,False,False,False,False,True,False,False,False,False
2025-11-12,Andhra Pradesh,East Godavari,Jaggampet,Paddy(Common),Common,FAQ,2369.0,2379.0,2379.0,2377.0,5055.54,311.47,703.22,-0.7155447181201311,0.1,32.4,23.1,77.0,27.75,2,11,46,28.2,0.0,0,0,0,1,2320.0,0,0,0,0,2377.0,0.0,0.0,,,2387.0,,14.142135623730951,0.0,0.9958106368001229,,1,True,False,False,False,False,False,False,False,False,False,False,True,False,False,False,False,False,False,False
2025-11-12,Andhra Pradesh,Krishna,Tiruvuru,Paddy(Common),Sona,Local,2350.0,2350.0,2350.0,2350.0,5055.54,2422.2,1137.3828571428571,6.776671910617393,0.1,32.4,23.1,77.0,27.75,2,11,46,34.599999999999994,0.04999999999999716,0,0,0,1,2320.0,0,0,0,0,2500.0,0.06382978696242643,-0.020833333246527776,-0.020833333246527776,-0.1263940515747433,2520.0,2527.5,119.58260743101398,112.72596354497422,0.9325396788391281,0.929772498794174,1,False,False,False,False,False,False,False,False,True,False,False,False,False,False,True,False,False,False,False
2025-11-13,Andhra Pradesh,East Godavari,Jaggampet,Paddy(Common),Common,FAQ,2369.0,2379.0,2379.0,2377.0,1285.7,5055.54,2153.9933333333333,15.23122612129579,0.0,31.5,21.9,65.0,26.7,3,11,46,28.299999999999997,0.09999999999999787,0,0,0,1,2320.0,0,0,0,0,2377.0,0.0,0.0,-0.008343763002320554,,2383.6666666666665,2383.6666666666665,11.547005383792483,11.547005383792483,0.9972031841817793,0.9972031841817793,1,True,False,False,False,False,False,False,False,False,False,False,True,False,False,False,False,False,False,False
2025-11-14,Andhra Pradesh,East Godavari,Jaggampet,Paddy(Common),Common,FAQ,2369.0,2379.0,2379.0,2377.0,4569.2,1285.7,1936.92,-0.745684931777812,0.0,30.5,19.5,60.0,25.0,4,11,46,28.299999999999997,0.09999999999999787,0,0,0,1,2320.0,0,0,0,0,2377.0,0.0,0.0,0.0,,2382.0,2382.0,9.999999999999963,9.999999999999963,0.9979009194042782,0.9979009194042782,1,True,False,False,False,False,False,False,False,False,False,False,True,False,False,False,False,False,False,False
2025-11-14,Andhra Pradesh,Alluri Sitharama Raju,Rampachodvaram,Paddy(Common),1001,Grade Range-2,2370.0,2370.0,2370.0,2370.0,4569.2,1285.7,3170.62,-0.745684931777812,0.0,30.5,19.5,60.0,25.0,4,11,46,0.1,0.03333333333333334,0,0,0,1,2320.0,0,0,0,0,2370.0,0.0,0.0,,,2365.0,,7.0710678118654755,0.0,1.0021141606675934,,1,False,False,False,False,False,False,True,False,False,True,False,False,False,False,False,False,False,False,False
2025-11-14,Andhra Pradesh,Krishna,Tiruvuru,Paddy(Common),Sona,Local,2500.0,2500.0,2500.0,2500.0,4569.2,5055.54,1642.1457142857143,1.0871686896210058,0.0,30.5,19.5,60.0,25.0,4,11,46,34.5,-0.04999999999999716,0,0,0,1,2320.0,0,0,0,0,2450.0,-0.019999999919999997,0.06382978696242643,0.04166666649305555,-0.0196078430603614,2471.4285714285716,2507.777777777778,107.45984853711191,120.91089464744046,1.0115606895485982,0.9968985339069176,1,False,False,False,False,False,False,False,False,True,False,False,False,False,False,True,False,False,False,False
2025-11-16,Andhra Pradesh,East Godavari,Jaggampet,Paddy(Common),Common,FAQ,2369.0,2379.0,2379.0,2377.0,190.6,4569.2,2463.376,2.5538617095745506,0.0,30.7,19.5,61.0,25.1,6,11,46,28.299999999999997,0.09999999999999787,0,0,1,1,2320.0,0,0,0,0,2377.0,0.0,0.0,0.0,,2381.0,2381.0,8.944271909999127,8.944271909999127,0.9983200294064677,0.9983200294064677,1,True,False,False,False,False,False,False,False,False,False,False,True,False,False,False,False,False,False,False
2025-11-17,Andhra Pradesh,Alluri Sitharama Raju,Rampachodvaram,Paddy(Common),1001,Grade Range-2,2370.0,2370.0,2370.0,2370.0,188.9,4569.2,3636.813333333333,2.5538617095745506,0.0,30.6,19.7,57.0,25.15,0,11,47,0.1,0.0,0,0,0,1,2320.0,0,0,0,0,2370.0,0.0,0.0,0.0042372881176386094,,2366.6666666666665,2366.6666666666665,5.77350269189629,5.77350269189629,1.001408446472922,1.001408446472922,1,False,False,False,False,False,False,True,False,False,True,False,False,False,False,False,False,False,False,False
2025-11-18,Andhra Pradesh,East Godavari,Jaggampet,Paddy(Common),Common,FAQ,2369.0,2379.0,2379.0,2377.0,565.8,190.6,2084.58,-0.9582859143832618,0.0,31.4,19.7,59.0,25.549999999999997,1,11,47,28.299999999999997,16.639999999999997,0,0,0,1,2320.0,0,0,0,0,2377.0,0.0,0.0,0.0,,2380.3333333333335,2380.3333333333335,8.16496580927724,8.16496580927724,0.998599631710126,0.998599631710126,1,True,False,False,False,False,False,False,False,False,False,False,True,False,False,False,False,False,False,False
2025-11-18,Andhra Pradesh,Alluri Sitharama Raju,Rampachodvaram,Paddy(Common),1001,Grade Range-2,2370.0,2370.0,2370.0,2370.0,565.8,188.9,2774.835,-0.9586579707607459,0.0,31.4,19.7,59.0,25.549999999999997,1,11,47,0.1,0.0,0,0,0,1,2320.0,0,0,0,0,2370.0,0.0,0.0,0.0,,2367.5,2367.5,5.000000000000038,5.000000000000038,1.0010559619807562,1.0010559619807562,1,False,False,False,False,False,False,True,False,False,True,False,False,False,False,False,False,False,False,False
2025-11-19,Andhra Pradesh,East Godavari,Jaggampet,Paddy(Common),Common,FAQ,2369.0,2379.0,2379.0,2377.0,5200.91,565.8,1867.6114285714286,1.968520461699895,0.0,30.7,19.2,64.0,24.95,2,11,47,28.299999999999997,16.639999999999997,0,0,0,1,2320.0,0,0,0,0,2377.0,0.0,0.0,0.0,-0.008343763002320554,2379.8571428571427,2379.8571428571427,7.559289460184541,7.559289460184541,0.9987994435490749,0.9987994435490749,1,True,False,False,False,False,False,False,False,False,False,False,True,False,False,False,False,False,False,False
2025-11-19,Andhra Pradesh,Alluri Sitharama Raju,Rampachodvaram,Paddy(Common),1001,Grade Range-2,2370.0,2370.0,2370.0,2370.0,5200.91,565.8,2333.028,1.9952355743779773,0.0,30.7,19.2,64.0,24.95,2,11,47,0.1,0.0,0,0,0,1,2320.0,0,0,0,0,2370.0,0.0,0.0,0.0,,2368.0,2368.0,4.472135954999612,4.472135954999612,1.000844590368055,1.000844590368055,1,False,False,False,False,False,False,True,False,False,True,False,False,False,False,False,False,False,False,False
2025-11-20,Andhra Pradesh,East Godavari,Jaggampet,Paddy(Common),Common,FAQ,2369.0,2379.0,2379.0,2377.0,2143.87,5200.91,2454.174285714286,8.192135030045954,0.0,30.8,19.2,72.0,25.0,3,11,47,0.4,-11.26,0,0,0,1,2320.0,0,0,0,0,2377.0,0.0,0.0,0.0,0.0,2377.0,2379.5,0.0,7.071067811865478,0.9999999957930163,0.9989493549109083,1,True,False,False,False,False,False,False,False,False,False,False,True,False,False,False,False,False,False,False
2025-11-21,Andhra Pradesh,East Godavari,Jaggampet,Paddy(Common),Common,FAQ,2369.0,2379.0,2379.0,2377.0,4941.31,2143.87,2715.945714285714,-0.5877894445395133,1.2,32.1,23.9,73.0,28.0,4,11,47,0.1,-11.56,0,0,0,1,2320.0,0,0,0,0,2377.0,0.0,0.0,0.0,0.0,2377.0,2379.222222222222,0.0,6.666666666666668,0.9999999957930163,0.999065983752116,1,True,False,False,False,False,False,False,False,False,False,False,True,False,False,False,False,False,False,False
2025-11-21,Andhra Pradesh,Krishna,Tiruvuru,Paddy(Common),Sona,Local,2450.0,2450.0,2450.0,2450.0,4941.31,4569.2,2113.3614285714284,-0.0961994168773267,1.2,32.1,23.9,73.0,28.0,4,11,47,29.0,13.35,0,0,0,1,2320.0,0,0,0,0,2450.0,0.0,-0.019999999919999997,0.020833333246527776,-0.0576923074704142,2464.285714285714,2507.0,102.93317295817747,114.02241495035575,0.9942028945162781,0.9772636578489682,1,False,False,False,False,False,False,False,False,True,False,False,False,False,False,True,False,False,False,False
2025-11-22,Andhra Pradesh,East Godavari,Jaggampet,Paddy(Common),Common,FAQ,2369.0,2379.0,2379.0,2377.0,6250.1,4941.31,2699.6271428571426,1.304855238423972,0.0,33.8,23.7,72.0,28.75,5,11,47,1.2,-10.46,0,0,0,1,2320.0,0,0,0,0,2377.0,0.0,0.0,0.0,0.0,2377.0,2379.0,0.0,6.324555320336759,0.9999999957930163,0.9991593064348073,1,True,False,False,False,False,False,False,False,False,False,False,True,False,False,False,False,False,False,False
2025-11-22,Andhra Pradesh,Alluri Sitharama Raju,Rampachodvaram,Paddy(Common),1001,Grade Range-2,2370.0,2370.0,2370.0,2370.0,6250.1,5200.91,2811.008333333333,8.192135030045954,0.0,33.8,23.7,72.0,28.75,5,11,47,0.1,0.0,0,0,0,1,2320.0,0,0,0,0,2370.0,0.0,0.0,0.0,,2368.3333333333335,2368.3333333333335,4.082482904638651,4.082482904638651,1.000703725542419,1.000703725542419,1,False,False,False,False,False,False,True,False,False,True,False,False,False,False,False,False,False,False,False
2025-11-22,Andhra Pradesh,Krishna,Tiruvuru,Paddy(Common),Sona,Local,2450.0,2450.0,2450.0,2450.0,6250.1,4941.31,2662.8385714285714,0.08143876389740012,0.0,33.8,23.7,72.0,28.75,5,11,47,2.3,-13.350000000000001,0,0,0,1,2320.0,0,0,0,0,2450.0,0.0,0.0,0.04255319130828429,-0.0576923074704142,2442.8571428571427,2501.818181818182,83.80817098475242,109.52791259018696,1.0029239725026504,0.9792877867833699,1,False,False,False,False,False,False,False,False,True,False,False,False,False,False,True,False,False,False,False
2025-11-24,Andhra Pradesh,East Godavari,Jaggampet,Paddy(Common),Common,FAQ,2369.0,2379.0,2379.0,2377.0,3551.01,6250.1,3408.827142857143,0.26486700895106763,0.0,32.5,23.4,71.0,27.95,0,11,48,1.2,0.0,0,0,0,1,2320.0,0,0,0,0,2377.0,0.0,0.0,0.0,0.0,2377.0,2378.818181818182,0.0,6.030226891555276,0.9999999957930163,0.9992356743258329,1,True,False,False,False,False,False,False,False,False,False,False,True,False,False,False,False,False,False,False
2025-11-24,Andhra Pradesh,Alluri Sitharama Raju,Rampachodvaram,Paddy(Common),1001,Grade Range-2,2370.0,2370.0,2370.0,2370.0,3551.01,6250.1,3302.307142857143,0.2017320045915043,0.0,32.5,23.4,71.0,27.95,0,11,48,0.1,0.07500000000000001,0,0,0,1,2320.0,0,0,0,0,2370.0,0.0,0.0,0.0,0.0042372881176386094,2368.5714285714284,2368.5714285714284,3.779644730092274,3.779644730092274,1.0006031320843052,1.0006031320843052,1,False,False,False,False,False,False,True,False,False,True,False,False,False,False,False,False,False,False,False
2025-11-25,Andhra Pradesh,East Godavari,Jaggampet,Paddy(Common),Common,FAQ,2369.0,2379.0,2379.0,2377.0,6323.6,3551.01,3263.371428571429,-0.4318474904401529,0.0,32.1,22.5,67.0,27.3,1,11,48,1.2,0.0,0,0,0,1,2320.0,0,0,0,0,2377.0,0.0,0.0,0.0,0.0,2377.0,2378.6666666666665,0.0,5.773502691896267,0.9999999957930163,0.9992993231531698,1,True,False,False,False,False,False,False,False,False,False,False,True,False,False,False,False,False,False,False
2025-11-26,Andhra Pradesh,Krishna,Tiruvuru,Paddy(Common),Sona,Local,2450.0,2450.0,2450.0,2450.0,3420.4,6250.1,3457.777142857143,0.26486700895106763,0.0,31.5,21.2,67.0,26.35,2,11,48,1.9000000000000001,0.2333333333333334,0,0,0,1,2320.0,0,0,0,0,2450.0,0.0,0.0,-0.019999999919999997,0.020833333246527776,2421.4285714285716,2497.5,48.79500364742633,105.49666086917375,1.0117994058509758,0.9809809770531291,1,False,False,False,False,False,False,False,False,True,False,False,False,False,False,True,False,False,False,False
2025-11-27,Andhra Pradesh,East Godavari,Jaggampet,Paddy(Common),Common,FAQ,2369.0,2379.0,2379.0,2377.0,128.8,6323.6,4139.514285714286,0.7807891276003165,0.0,30.6,20.4,65.0,25.5,3,11,48,1.2,0.0,0,0,0,1,2320.0,0,0,0,0,2377.0,0.0,0.0,0.0,0.0,2377.0,2378.5384615384614,0.0,5.547001962252308,0.9999999957930163,0.9993531861868661,1,True,False,False,False,False,False,False,False,False,False,False,True,False,False,False,False,False,False,False
2025-11-27,Andhra Pradesh,Alluri Sitharama Raju,Rampachodvaram,Paddy(Common),1001,Grade Range-2,2370.0,2370.0,2370.0,2370.0,128.8,3551.01,3087.3742857142856,-0.4318474904401529,0.0,30.6,20.4,65.0,25.5,3,11,48,0.0,-0.025,0,0,0,1,2320.0,0,0,0,0,2370.0,0.0,0.0,0.0,0.0,2370.0,2368.75,0.0,3.5355339059327178,0.9999999957805906,1.0005277002616244,1,False,False,False,False,False,False,True,False,False,True,False,False,False,False,False,False,False,False,False
2025-11-27,Andhra Pradesh,Krishna,Tiruvuru,Paddy(Common),Sona,Local,2450.0,2450.0,2450.0,2450.0,128.8,3420.4,3852.888571428571,-0.45274475608390263,0.0,30.6,20.4,65.0,25.5,3,11,48,1.7,0.033333333333333215,0,0,0,1,2320.0,0,0,0,0,2500.0,0.020408163182007496,0.0,0.0,0.020833333246527776,2428.5714285714284,2493.846153846154,48.7950036474264,101.86089055982687,1.0088235252577855,0.9824182563937577,1,False,False,False,False,False,False,False,False,True,False,False,False,False,False,True,False,False,False,False
2025-11-28,Andhra Pradesh,East Godavari,Jaggampet,Paddy(Common),Common,FAQ,2369.0,2379.0,2379.0,2377.0,2826.8,128.8,4077.0857142857144,-0.9796318552723132,0.0,30.3,19.6,62.0,24.950000000000003,4,11,48,1.2,0.0,0,0,0,1,2320.0,0,0,0,0,2377.0,0.0,0.0,0.0,0.0,2377.0,2378.4285714285716,0.0,5.345224838248509,0.9999999957930163,0.9993993591231931,1,True,False,False,False,False,False,False,False,False,False,False,True,False,False,False,False,False,False,False
2025-11-28,Andhra Pradesh,Alluri Sitharama Raju,Rampachodvaram,Paddy(Common),1001,Grade Range-2,2370.0,2370.0,2370.0,2370.0,2826.8,128.8,2922.102857142857,-0.9637286293195457,0.0,30.3,19.6,62.0,24.950000000000003,4,11,48,0.0,-0.025,0,0,0,1,2320.0,0,0,0,0,2370.0,0.0,0.0,0.0,0.0,2370.0,2368.8888888888887,0.0,3.3333333333332993,0.9999999957805906,1.0004690389286017,1,False,False,False,False,False,False,True,False,False,True,False,False,False,False,False,False,False,False,False
2025-11-29,Andhra Pradesh,East Godavari,Jaggampet,Paddy(Common),Common,FAQ,2369.0,2379.0,2379.0,2377.0,2789.7,2826.8,3737.9271428571433,20.9472049689441,0.0,31.5,20.9,68.0,26.2,5,11,48,1.2,0.0,0,0,0,1,2320.0,0,0,0,0,2377.0,0.0,0.0,0.0,0.0,2377.0,2377.0,0.0,0.0,0.9999999957930163,0.9999999957930163,1,True,False,False,False,False,False,False,False,False,False,False,True,False,False,False,False,False,False,False
2025-11-29,Andhra Pradesh,Alluri Sitharama Raju,Rampachodvaram,Paddy(Common),1001,Grade Range-2,2370.0,2370.0,2370.0,2370.0,2789.7,2826.8,2673.1885714285713,20.9472049689441,0.0,31.5,20.9,68.0,26.2,5,11,48,0.0,-0.025,0,0,0,1,2320.0,0,0,0,0,2370.0,0.0,0.0,0.0,0.0,2370.0,2369.0,0.0,3.162277660168343,0.9999999957805906,1.0004221148145962,1,False,False,False,False,False,False,True,False,False,True,False,False,False,False,False,False,False,False,False
2025-11-29,Andhra Pradesh,Krishna,Tiruvuru,Paddy(Common),Sona,Local,2500.0,2500.0,2500.0,2500.0,2789.7,128.8,3826.7928571428574,-0.9623435855455502,0.0,31.5,20.9,68.0,26.2,5,11,48,1.4,-0.26666666666666683,0,0,0,1,2320.0,0,0,0,0,2450.0,-0.019999999919999997,0.020408163182007496,0.020408163182007496,0.04166666649305555,2435.714285714286,2490.714285714286,47.55948656056694,98.56386338225164,1.0263929576629027,1.0037281290357918,1,False,False,False,False,False,False,False,False,True,False,False,False,False,False,True,False,False,False,False
2025-11-30,Andhra Pradesh,East Godavari,Jaggampet,Paddy(Common),Common,FAQ,2369.0,2379.0,2379.0,2377.0,17.8,2789.7,3830.188571428572,-0.013124380925428225,17.9,28.9,23.0,81.0,25.95,6,11,48,1.2,0.0,0,0,1,1,2320.0,0,0,0,0,2377.0,0.0,0.0,0.0,0.0,2377.0,2377.0,0.0,0.0,0.9999999957930163,0.9999999957930163,1,True,False,False,False,False,False,False,False,False,False,False,True,False,False,False,False,False,False,False
2025-12-01,Andhra Pradesh,East Godavari,Jaggampet,Paddy(Common),Common,FAQ,2369.0,2379.0,2379.0,2377.0,2930.5,17.8,3126.8300000000004,-0.9936193855970176,8.3,25.7,22.3,81.0,24.0,0,12,49,17.9,-4.149999999999999,0,0,0,1,2320.0,0,0,0,0,2377.0,0.0,0.0,0.0,0.0,2377.0,2377.0,0.0,0.0,0.9999999957930163,0.9999999957930163,1,True,False,False,False,False,False,False,False,False,False,False,True,False,False,False,False,False,False,False
2025-12-01,Andhra Pradesh,Alluri Sitharama Raju,Rampachodvaram,Paddy(Common),1001,Grade Range-2,2370.0,2370.0,2370.0,2370.0,2930.5,2789.7,3044.7314285714283,-0.013124380925428225,8.3,25.7,22.3,81.0,24.0,0,12,49,0.0,-16.54,0,0,0,1,2320.0,0,0,0,0,2370.0,0.0,0.0,0.0,0.0,2370.0,2369.090909090909,0.0,3.015113445777603,0.9999999957805906,1.0003837256315344,1,False,False,False,False,False,False,True,False,False,True,False,False,False,False,False,False,False,False,False
2025-12-02,Andhra Pradesh,Alluri Sitharama Raju,Rampachodvaram,Paddy(Common),1001,Grade Range-2,2370.0,2370.0,2370.0,2370.0,3215.8,2930.5,3382.5457142857144,0.05047137685055758,16.5,26.2,21.7,83.0,23.95,1,12,49,8.3,-8.239999999999998,0,0,0,1,2320.0,0,0,0,0,2370.0,0.0,0.0,0.0,0.0,2370.0,2369.1666666666665,0.0,2.886751345948101,0.9999999957805906,1.0003517368961587,1,False,False,False,False,False,False,True,False,False,True,False,False,False,False,False,False,False,False,False
2025-12-02,Andhra Pradesh,Krishna,Tiruvuru,Paddy(Common),Sona,Local,2450.0,2450.0,2450.0,2450.0,3215.8,2789.7,3879.292857142857,20.659161490683225,16.5,26.2,21.7,83.0,23.95,1,12,49,1.3,0.0,0,0,0,1,2320.0,0,0,0,0,2450.0,0.0,-0.019999999919999997,0.0,0.04255319130828429,2450.0,2485.0,50.000000000000156,95.25270034532839,0.9999999959183673,0.9859154889902796,1,False,False,False,False,False,False,False,False,True,False,False,False,False,False,True,False,False,False,False
2025-12-04,Andhra Pradesh,Alluri Sitharama Raju,Rampachodvaram,Paddy(Common),1001,Grade Range-2,2370.0,2370.0,2370.0,2370.0,2700.5,3215.8,3098.9585714285713,0.09735540010237176,0.0,30.4,22.5,73.0,26.45,3,12,49,24.8,8.260000000000002,0,0,0,1,2320.0,0,0,0,0,2370.0,0.0,0.0,0.0,0.0,2370.0,2369.230769230769,0.0,2.773500981126123,0.9999999957805906,1.0003246711025258,1,False,False,False,False,False,False,True,False,False,True,False,False,False,False,False,False,False,False,False
2025-12-05,Andhra Pradesh,Alluri Sitharama Raju,Rampachodvaram,Paddy(Common),1001,Grade Range-2,2370.0,2370.0,2370.0,2370.0,929.0,2700.5,2591.8728571428574,-0.16024006468063934,0.0,29.5,21.2,71.0,25.35,4,12,49,24.8,8.260000000000002,0,0,0,1,2320.0,0,0,0,0,2370.0,0.0,0.0,0.0,0.0,2370.0,2369.285714285714,0.0,2.6726124191242246,0.9999999957805906,1.0003014730165147,1,False,False,False,False,False,False,True,False,False,True,False,False,False,False,False,False,False,False,False
2025-12-06,Andhra Pradesh,East Godavari,Jaggampet,Paddy(Common),Common,FAQ,2369.0,2379.0,2379.0,2377.0,4035.6,2930.5,2652.601428571429,163.63483146067415,0.0,29.6,19.9,69.0,24.75,5,12,49,26.2,4.150000000000002,0,0,0,1,2320.0,0,0,0,0,2377.0,0.0,0.0,0.0,0.0,2377.0,2377.0,0.0,0.0,0.9999999957930163,0.9999999957930163,1,True,False,False,False,False,False,False,False,False,False,False,True,False,False,False,False,False,False,False
2025-12-06,Andhra Pradesh,Alluri Sitharama Raju,Rampachodvaram,Paddy(Common),1001,Grade Range-2,2370.0,2370.0,2370.0,2370.0,4035.6,929.0,2217.3,-0.655989631549713,0.0,29.6,19.9,69.0,24.75,5,12,49,24.8,8.260000000000002,0,0,0,1,2320.0,0,0,0,0,2370.0,0.0,0.0,0.0,0.0,2370.0,2370.0,0.0,0.0,0.9999999957805906,0.9999999957805906,1,False,False,False,False,False,False,True,False,False,True,False,False,False,False,False,False,False,False,False
2025-12-08,Andhra Pradesh,Krishna,Tiruvuru,Paddy(Common),Sona,Local,2450.0,2450.0,2450.0,2450.0,3779.0,3215.8,3616.4728571428573,0.15274043803993265,0.0,30.0,18.1,69.0,24.05,0,12,50,17.7,0.3999999999999986,0,0,0,1,2320.0,0,0,0,0,2500.0,0.020408163182007496,0.0,0.0,-0.019999999919999997,2464.285714285714,2467.8571428571427,24.39750182371426,74.95419846901083,0.9942028945162781,0.9927641059627503,1,False,False,False,False,False,False,False,False,True,False,False,False,False,False,True,False,False,False,False
2025-12-09,Andhra Pradesh,Krishna,Tiruvuru,Paddy(Common),Sona,Local,2500.0,2500.0,2500.0,2500.0,420.0,3779.0,3503.587142857143,0.17513526960631864,0.0,30.6,18.0,65.0,24.3,1,12,50,17.7,0.3999999999999986,0,0,0,1,2320.0,0,0,0,0,2500.0,0.0,0.020408163182007496,0.0,0.020408163182007496,2457.1428571428573,2460.714285714286,18.898223650462114,71.19467198239848,1.0174418563243643,1.015965162779822,1,False,False,False,False,False,False,False,False,True,False,False,False,False,False,True,False,False,False,False
2025-12-10,Andhra Pradesh,Alluri Sitharama Raju,Rampachodvaram,Paddy(Common),1001,Grade Range-2,2370.0,2370.0,2370.0,2370.0,2573.6,4035.6,2775.414285714286,3.3440258342303553,0.0,30.5,17.6,65.0,24.05,2,12,50,24.8,0.0,0,0,0,1,2320.0,0,0,0,0,2370.0,0.0,0.0,0.0,0.0,2370.0,2370.0,0.0,0.0,0.9999999957805906,0.9999999957805906,1,False,False,False,False,False,False,True,False,False,True,False,False,False,False,False,False,False,False,False
2025-12-11,Andhra Pradesh,Alluri Sitharama Raju,Rampachodvaram,Paddy(Common),1001,Grade Range-2,2370.0,2370.0,2370.0,2370.0,5516.5,2573.6,2739.242857142857,-0.36227574586182976,0.0,30.5,17.4,65.0,23.95,3,12,50,24.8,0.0,0,0,0,1,2320.0,0,0,0,0,2370.0,0.0,0.0,0.0,0.0,2370.0,2370.0,0.0,0.0,0.9999999957805906,0.9999999957805906,1,False,False,False,False,False,False,True,False,False,True,False,False,False,False,False,False,False,False,False
2025-12-16,Andhra Pradesh,East Godavari,Jaggampet,Paddy(Common),Common,FAQ,2369.0,2379.0,2379.0,2377.0,716.9,4035.6,2721.8285714285716,0.3771028834669852,0.0,31.0,18.7,69.0,24.85,1,12,51,26.2,0.0,0,0,0,1,2320.0,0,0,0,0,2377.0,0.0,0.0,0.0,0.0,2377.0,2377.0,0.0,0.0,0.9999999957930163,0.9999999957930163,1,True,False,False,False,False,False,False,False,False,False,False,True,False,False,False,False,False,False,False
2025-12-16,Andhra Pradesh,Alluri Sitharama Raju,Rampachodvaram,Paddy(Common),1001,Grade Range-2,2370.0,2370.0,2370.0,2370.0,716.9,5516.5,3128.785714285714,1.1434954926950578,0.0,31.0,18.7,69.0,24.85,1,12,51,24.8,16.54,0,0,0,1,2320.0,0,0,0,0,2370.0,0.0,0.0,0.0,0.0,2370.0,2370.0,0.0,0.0,0.9999999957805906,0.9999999957805906,1,False,False,False,False,False,False,True,False,False,True,False,False,False,False,False,False,False,False,False
2025-12-17,Andhra Pradesh,Alluri Sitharama Raju,Rampachodvaram,Paddy(Common),1001,Grade Range-2,2370.0,2370.0,2370.0,2370.0,157.5,716.9,2812.557142857143,-0.8700444122178917,0.0,31.3,18.1,74.0,24.700000000000003,2,12,51,16.5,8.24,0,0,0,1,2320.0,0,0,0,0,2370.0,0.0,0.0,0.0,0.0,2370.0,2370.0,0.0,0.0,0.9999999957805906,0.9999999957805906,1,False,False,False,False,False,False,True,False,False,True,False,False,False,False,False,False,False,False,False
2025-12-18,Andhra Pradesh,Alluri Sitharama Raju,Rampachodvaram,Paddy(Common),1001,Grade Range-2,2370.0,2370.0,2370.0,2370.0,3.0,157.5,2375.657142857143,-0.7803040870414284,0.0,31.0,17.7,72.0,24.35,3,12,51,0.0,-8.26,0,0,1,1,2320.0,0,0,0,0,2370.0,0.0,0.0,0.0,0.0,2370.0,2370.0,0.0,0.0,0.9999999957805906,0.9999999957805906,1,False,False,False,False,False,False,True,False,False,True,False,False,False,False,False,False,False,False,False
2025-12-19,Andhra Pradesh,Alluri Sitharama Raju,Rampachodvaram,Paddy(Common),1001,Grade Range-2,2370.0,2370.0,2370.0,2370.0,3.0,3.0,1990.3,-0.9809523809523809,0.0,29.4,18.1,70.0,23.75,4,12,51,0.0,-8.26,0,0,1,1,2320.0,0,0,0,0,2370.0,0.0,0.0,0.0,0.0,2370.0,2370.0,0.0,0.0,0.9999999957805906,0.9999999957805906,1,False,False,False,False,False,False,True,False,False,True,False,False,False,False,False,False,False,False,False
2025-12-20,Andhra Pradesh,Alluri Sitharama Raju,Rampachodvaram,Paddy(Common),1001,Grade Range-2,2370.0,2370.0,2370.0,2370.0,2.5,3.0,1858.0142857142857,0.0,0.0,30.0,18.4,69.0,24.2,5,12,51,0.0,-8.26,0,0,1,1,2320.0,0,0,0,0,2370.0,0.0,0.0,0.0,0.0,2370.0,2370.0,0.0,0.0,0.9999999957805906,0.9999999957805906,1,False,False,False,False,False,False,True,False,False,True,False,False,False,False,False,False,False,False,False
2025-12-22,Andhra Pradesh,Alluri Sitharama Raju,Rampachodvaram,Paddy(Common),1001,Grade Range-2,2370.0,2370.0,2370.0,2370.0,3.0,2.5,1281.857142857143,-0.16666666666666663,0.0,30.4,18.9,67.0,24.65,0,12,52,0.0,0.0,0,0,1,1,2320.0,0,0,0,0,2370.0,0.0,0.0,0.0,0.0,2370.0,2370.0,0.0,0.0,0.9999999957805906,0.9999999957805906,1,False,False,False,False,False,False,True,False,False,True,False,False,False,False,False,False,False,False,False
2025-12-23,Andhra Pradesh,Alluri Sitharama Raju,Rampachodvaram,Paddy(Common),1001,Grade Range-2,2370.0,2370.0,2370.0,2370.0,9.0,3.0,914.6285714285714,0.19999999999999996,0.0,29.8,18.2,68.0,24.0,1,12,52,0.0,0.0,0,0,1,1,2320.0,0,0,0,0,2370.0,0.0,0.0,0.0,0.0,2370.0,2370.0,0.0,0.0,0.9999999957805906,0.9999999957805906,1,False,False,False,False,False,False,True,False,False,True,False,False,False,False,False,False,False,False,False
2025-12-24,Andhra Pradesh,Alluri Sitharama Raju,Rampachodvaram,Paddy(Common),1001,Grade Range-2,2370.0,2370.0,2370.0,2370.0,3.5,9.0,127.84285714285714,2.0,0.0,30.1,18.4,67.0,24.25,2,12,52,0.0,0.0,0,0,1,1,2320.0,0,0,0,0,2370.0,0.0,0.0,0.0,0.0,2370.0,2370.0,0.0,0.0,0.9999999957805906,0.9999999957805906,1,False,False,False,False,False,False,True,False,False,True,False,False,False,False,False,False,False,False,False
2025-12-26,Andhra Pradesh,Alluri Sitharama Raju,Rampachodvaram,Paddy(Common),1001,Grade Range-2,2370.0,2370.0,2370.0,2370.0,505.0,3.5,25.928571428571427,-0.6111111111111112,0.0,29.5,18.0,70.0,23.75,4,12,52,0.0,0.0,0,0,0,1,2320.0,0,0,0,0,2370.0,0.0,0.0,0.0,0.0,2370.0,2370.0,0.0,0.0,0.9999999957805906,0.9999999957805906,1,False,False,False,False,False,False,True,False,False,True,False,False,False,False,False,False,False,False,False
2025-12-29,Andhra Pradesh,Alluri Sitharama Raju,Rampachodvaram,Paddy(Common),1001,Grade Range-2,2370.0,2370.0,2370.0,2370.0,253.0,505.0,75.57142857142857,143.28571428571428,0.0,28.9,18.8,72.0,23.85,0,12,1,0.0,0.0,0,0,0,1,2320.0,0,0,0,0,2370.0,0.0,0.0,0.0,0.0,2370.0,2370.0,0.0,0.0,0.9999999957805906,0.9999999957805906,1,False,False,False,False,False,False,True,False,False,True,False,False,False,False,False,False,False,False,False
2025-12-30,Andhra Pradesh,East Godavari,Jaggampet,Paddy(Common),Common,FAQ,2369.0,2379.0,2379.0,2377.0,25.4,716.9,1920.8714285714286,-0.822356031321241,0.0,29.9,18.7,74.0,24.299999999999997,1,12,1,26.2,0.0,0,0,0,1,2320.0,0,0,0,0,2377.0,0.0,0.0,0.0,0.0,2377.0,2377.0,0.0,0.0,0.9999999957930163,0.9999999957930163,1,True,False,False,False,False,False,False,False,False,False,False,True,False,False,False,False,False,False,False
2025-12-31,Andhra Pradesh,East Godavari,Jaggampet,Paddy(Common),Common,FAQ,2369.0,2379.0,2379.0,2377.0,494.5,25.4,1906.1000000000004,-0.9645696749895383,0.0,29.2,19.8,78.0,24.5,2,12,1,26.2,0.0,0,0,0,1,2320.0,0,0,0,0,2377.0,0.0,0.0,0.0,0.0,2377.0,2377.0,0.0,0.0,0.9999999957930163,0.9999999957930163,1,True,False,False,False,False,False,False,False,False,False,False,True,False,False,False,False,False,False,False
2025-12-31,Andhra Pradesh,Alluri Sitharama Raju,Rampachodvaram,Paddy(Common),1001,Grade Range-2,2370.0,2370.0,2370.0,2370.0,494.5,253.0,111.28571428571429,-0.499009900990099,0.0,29.2,19.8,78.0,24.5,2,12,1,0.0,0.0,0,0,0,1,2320.0,0,0,0,0,2370.0,0.0,0.0,0.0,0.0,2370.0,2370.0,0.0,0.0,0.9999999957805906,0.9999999957805906,1,False,False,False,False,False,False,True,False,False,True,False,False,False,False,False,False,False,False,False
2026-01-02,Andhra Pradesh,East Godavari,Jaggampet,Paddy(Common),Common,FAQ,2369.0,2379.0,2379.0,2377.0,20.0,494.5,1572.9142857142858,18.468503937007874,0.0,30.3,20.2,75.0,25.25,4,1,1,26.2,0.0,0,0,0,1,2320.0,0,0,0,0,2377.0,0.0,0.0,0.0,0.0,2377.0,2377.0,0.0,0.0,0.9999999957930163,0.9999999957930163,0,True,False,False,False,False,False,False,False,False,False,False,True,False,False,False,False,False,False,False
2026-01-02,Andhra Pradesh,Alluri Sitharama Raju,Rampachodvaram,Paddy(Common),1001,Grade Range-2,2370.0,2370.0,2370.0,2370.0,20.0,494.5,181.5,0.9545454545454546,0.0,30.3,20.2,75.0,25.25,4,1,1,0.0,0.0,0,0,0,1,2320.0,0,0,0,0,2370.0,0.0,0.0,0.0,0.0,2370.0,2370.0,0.0,0.0,0.9999999957805906,0.9999999957805906,0,False,False,False,False,False,False,True,False,False,True,False,False,False,False,False,False,False,False,False
2026-01-03,Andhra Pradesh,East Godavari,Jaggampet,Paddy(Common),Common,FAQ,2369.0,2379.0,2379.0,2377.0,521.1,20.0,1177.2428571428572,-0.9595551061678463,0.0,29.7,20.4,74.0,25.049999999999997,5,1,1,26.2,0.0,0,0,0,1,2320.0,0,0,0,0,2377.0,0.0,0.0,0.0,0.0,2377.0,2377.0,0.0,0.0,0.9999999957930163,0.9999999957930163,0,True,False,False,False,False,False,False,False,False,False,False,True,False,False,False,False,False,False,False
2026-01-03,Andhra Pradesh,Alluri Sitharama Raju,Rampachodvaram,Paddy(Common),1001,Grade Range-2,2370.0,2370.0,2370.0,2370.0,521.1,20.0,184.0,-0.9595551061678463,0.0,29.7,20.4,74.0,25.049999999999997,5,1,1,0.0,0.0,0,0,0,1,2320.0,0,0,0,0,2370.0,0.0,0.0,0.0,0.0,2370.0,2370.0,0.0,0.0,0.9999999957805906,0.9999999957805906,0,False,False,False,False,False,False,True,False,False,True,False,False,False,False,False,False,False,False,False
2026-01-05,Andhra Pradesh,Alluri Sitharama Raju,Rampachodvaram,Paddy(Common),1001,Grade Range-2,2370.0,2370.0,2370.0,2370.0,2.0,521.1,258.0142857142857,25.055,0.0,29.3,19.6,73.0,24.450000000000003,0,1,2,0.0,0.0,0,0,1,1,2320.0,0,0,0,0,2370.0,0.0,0.0,0.0,0.0,2370.0,2370.0,0.0,0.0,0.9999999957805906,0.9999999957805906,0,False,False,False,False,False,False,True,False,False,True,False,False,False,False,False,False,False,False,False
2026-01-06,Andhra Pradesh,Alluri Sitharama Raju,Rampachodvaram,Paddy(Common),1001,Grade Range-2,2370.0,2370.0,2370.0,2370.0,3.0,2.0,257.0142857142857,-0.9961619650738822,0.0,29.4,19.3,70.0,24.35,1,1,2,0.0,0.0,0,0,1,1,2320.0,0,0,0,0,2370.0,0.0,0.0,0.0,0.0,2370.0,2370.0,0.0,0.0,0.9999999957805906,0.9999999957805906,0,False,False,False,False,False,False,True,False,False,True,False,False,False,False,False,False,False,False,False
2026-01-07,Andhra Pradesh,Alluri Sitharama Raju,Rampachodvaram,Paddy(Common),1001,Grade Range-2,2370.0,2370.0,2370.0,2370.0,3.0,3.0,256.9428571428571,0.5,0.0,29.3,18.1,67.0,23.700000000000003,2,1,2,0.0,0.0,0,0,1,1,2320.0,0,0,0,0,2370.0,0.0,0.0,0.0,0.0,2370.0,2370.0,0.0,0.0,0.9999999957805906,0.9999999957805906,0,False,False,False,False,False,False,True,False,False,True,False,False,False,False,False,False,False,False,False
2026-01-08,Andhra Pradesh,Alluri Sitharama Raju,Rampachodvaram,Paddy(Common),1001,Grade Range-2,2370.0,2370.0,2370.0,2370.0,4.5,3.0,185.22857142857143,0.0,0.0,28.8,17.4,60.0,23.1,3,1,2,0.0,0.0,0,0,1,1,2320.0,0,0,0,0,2370.0,0.0,0.0,0.0,0.0,2370.0,2370.0,0.0,0.0,0.9999999957805906,0.9999999957805906,0,False,False,False,False,False,False,True,False,False,True,False,False,False,False,False,False,False,False,False
2026-01-12,Andhra Pradesh,Alluri Sitharama Raju,Rampachodvaram,Paddy(Common),1001,Grade Range-2,2370.0,2370.0,2370.0,2370.0,3.0,4.5,149.72857142857143,0.5,0.0,29.1,20.6,55.0,24.85,0,1,3,0.0,0.0,0,0,1,1,2320.0,0,0,0,0,2370.0,0.0,0.0,0.0,0.0,2370.0,2370.0,0.0,0.0,0.9999999957805906,0.9999999957805906,0,False,False,False,False,False,False,True,False,False,True,False,False,False,False,False,False,False,False,False
2026-01-19,Andhra Pradesh,Alluri Sitharama Raju,Rampachodvaram,Paddy(Common),1001,Grade Range-2,2370.0,2370.0,2370.0,2370.0,3.0,3.0,79.51428571428572,-0.33333333333333337,0.0,30.7,18.4,76.0,24.549999999999997,0,1,4,0.0,0.0,0,0,1,1,2320.0,0,0,0,0,2370.0,0.0,0.0,0.0,0.0,2370.0,2370.0,0.0,0.0,0.9999999957805906,0.9999999957805906,0,False,False,False,False,False,False,True,False,False,True,False,False,False,False,False,False,False,False,False
2026-01-24,Andhra Pradesh,Alluri Sitharama Raju,Rampachodvaram,Paddy(Common),1001,Grade Range-2,2370.0,2370.0,2370.0,2370.0,2.5,3.0,77.08571428571429,0.0,0.0,29.7,20.8,68.0,25.25,5,1,4,0.0,0.0,0,0,1,1,2320.0,0,0,0,0,2370.0,0.0,0.0,0.0,0.0,2370.0,2370.0,0.0,0.0,0.9999999957805906,0.9999999957805906,0,False,False,False,False,False,False,True,False,False,True,False,False,False,False,False,False,False,False,False
2026-01-27,Andhra Pradesh,Alluri Sitharama Raju,Rampachodvaram,Paddy(Common),1001,Grade Range-2,2370.0,2370.0,2370.0,2370.0,833.0,2.5,3.0,-0.16666666666666663,0.0,31.2,19.0,68.0,25.1,1,1,5,0.0,0.0,0,0,0,1,2320.0,0,0,0,0,2370.0,0.0,0.0,0.0,0.0,2370.0,2370.0,0.0,0.0,0.9999999957805906,0.9999999957805906,0,False,False,False,False,False,False,True,False,False,True,False,False,False,False,False,False,False,False,False
2026-01-29,Andhra Pradesh,Alluri Sitharama Raju,Rampachodvaram,Paddy(Common),1001,Grade Range-2,2370.0,2370.0,2370.0,2370.0,1873.0,833.0,121.71428571428571,332.2,0.1,30.8,19.9,73.0,25.35,3,1,5,0.0,0.0,0,0,0,1,2320.0,0,0,0,0,2370.0,0.0,0.0,0.0,0.0,2370.0,2370.0,0.0,0.0,0.9999999957805906,0.9999999957805906,0,False,False,False,False,False,False,True,False,False,True,False,False,False,False,False,False,False,False,False
2026-02-04,Andhra Pradesh,Alluri Sitharama Raju,Rampachodvaram,Paddy(Common),1001,Grade Range-2,2370.0,2370.0,2370.0,2370.0,302.5,1873.0,388.85714285714283,1.248499399759904,0.0,30.5,21.2,66.0,25.85,2,2,6,0.1,0.0,0,0,0,0,2320.0,0,0,0,0,2370.0,0.0,0.0,0.0,0.0,2370.0,2370.0,0.0,0.0,0.9999999957805906,0.9999999957805906,0,False,False,False,False,False,False,True,False,False,True,False,False,False,False,False,False,False,False,False
2026-02-07,Andhra Pradesh,Alluri Sitharama Raju,Rampachodvaram,Paddy(Common),1001,Grade Range-2,2370.0,2370.0,2370.0,2370.0,3.5,302.5,431.64285714285717,-0.8384943940202882,0.0,32.0,17.7,67.0,24.85,5,2,6,0.1,0.0,0,0,1,0,2320.0,0,0,0,0,2370.0,0.0,0.0,0.0,0.0,2370.0,2370.0,0.0,0.0,0.9999999957805906,0.9999999957805906,0,False,False,False,False,False,False,True,False,False,True,False,False,False,False,False,False,False,False,False
2026-02-09,Andhra Pradesh,Nellore,Rapur,Paddy(Common),Common,Local,2380.0,2470.0,2440.0,2434.0,73.22,12.5,161.985,-0.9598677240183645,0.0,31.0,19.3,72.0,25.15,0,2,7,0.3,0.0,0,0,0,0,2320.0,0,0,0,0,2426.0,-0.0032867707342367674,0.0,,,2442.0,,11.313708498984761,0.0,0.9967239926424079,,0,False,False,False,False,False,False,False,True,False,False,False,False,False,False,False,False,True,False,False
2026-02-10,Andhra Pradesh,Nellore,Rapur,Paddy(Common),Common,Local,2380.0,2460.0,2430.0,2426.0,55.0,73.22,132.39666666666668,4.8576,0.0,31.4,19.3,72.0,25.35,1,2,7,0.3,0.0,0,0,0,0,2320.0,0,0,0,0,2416.0,-0.004122011524641337,-0.0032867707342367674,-0.009795918327363599,,2439.3333333333335,2439.3333333333335,9.237604307034045,9.237604307034045,0.9945340216130061,0.9945340216130061,0,False,False,False,False,False,False,False,True,False,False,False,False,False,False,False,False,True,False,False
2026-02-16,Andhra Pradesh,Nellore,Rapur,Paddy(Common),Common,Local,2380.0,2440.0,2420.0,2416.0,17.0,55.0,113.04750000000001,-0.24883911499590272,0.0,33.5,20.3,70.0,26.9,0,2,8,0.3,0.0,0,0,0,0,2320.0,0,0,0,0,2413.0,-0.0012417218491650585,-0.004122011524641337,-0.007395234152032726,,2436.0,2436.0,10.066445913694379,10.066445913694379,0.9917898153046394,0.9917898153046394,0,False,False,False,False,False,False,False,True,False,False,False,False,False,False,False,False,True,False,False
2026-02-20,Andhra Pradesh,Nellore,Rapur,Paddy(Common),Common,Local,2375.0,2430.0,2420.0,2413.0,20.9,17.0,93.83800000000001,-0.6909090909090909,0.0,34.8,20.7,56.0,27.75,4,2,8,0.3,0.0,0,0,0,0,2320.0,0,0,0,0,2393.0,-0.008288437595157738,-0.0012417218491650585,-0.008627773177371515,,2432.0,2432.0,12.489995996796823,12.489995996796823,0.9921874959202815,0.9921874959202815,0,False,False,False,False,False,False,False,True,False,False,False,False,False,False,False,False,True,False,False
2026-02-23,Andhra Pradesh,Nellore,Rapur,Paddy(Common),Common,Local,2375.0,2420.0,2390.0,2393.0,20.9,20.9,81.68166666666667,0.2294117647058822,3.6,33.1,23.4,72.0,28.25,0,2,9,0.3,-2.6,0,0,0,0,2320.0,0,0,0,0,2392.0,-0.0004178854976268888,-0.008288437595157738,-0.013602638031316413,,2428.8333333333335,2428.8333333333335,13.600245095830727,13.600245095830727,0.9852466850260891,0.9852466850260891,0,False,False,False,False,False,False,False,True,False,False,False,False,False,False,False,False,True,False,False
2026-02-24,Andhra Pradesh,Nellore,Rapur,Paddy(Common),Common,Local,2380.0,2410.0,2390.0,2392.0,110.0,20.9,72.99857142857142,0.0,0.1,30.0,22.6,72.0,26.3,1,2,9,3.9,1.0,0,0,0,0,2320.0,0,0,0,0,2395.0,0.0012541805967634589,-0.0004178854976268888,-0.009933774793320468,-0.023673469291128693,2423.714285714286,2423.714285714286,18.373117007503943,18.373117007503943,0.9869150024116438,0.9869150024116438,0,False,False,False,False,False,False,False,True,False,False,False,False,False,False,False,False,True,False,False
2026-02-27,Andhra Pradesh,Nellore,Rapur,Paddy(Common),Common,Local,2375.0,2415.0,2395.0,2395.0,116.56,110.0,44.21714285714285,4.2631578947368425,0.0,33.7,22.8,74.0,28.25,4,2,9,3.7,0.8000000000000003,0,0,0,0,2320.0,0,0,0,0,2392.0,-0.0012526095981101894,0.0012541805967634589,-0.007459593835641964,-0.016023007329404242,2415.4285714285716,2419.75,17.60546451964234,20.37330185736791,0.9915424610002381,0.9897716665367426,0,False,False,False,False,False,False,False,True,False,False,False,False,False,False,False,False,True,False,False
2026-02-28,Andhra Pradesh,Nellore,Rapur,Paddy(Common),Common,Local,2380.0,2410.0,2390.0,2392.0,45.9,116.56,59.082857142857144,0.05963636363636371,0.1,33.0,22.4,76.0,27.7,5,2,9,3.7,0.8000000000000003,0,0,0,0,2320.0,0,0,0,0,2391.0,-0.000418060198921153,-0.0012526095981101894,-0.0004178854976268888,-0.01725554635474303,2409.8571428571427,2417.0,16.90590204069366,20.766559657295232,0.9925899537920863,0.9896565949952146,0,False,False,False,False,False,False,False,True,False,False,False,False,False,False,False,False,True,False,False
2026-03-02,Andhra Pradesh,Nellore,Rapur,Paddy(Common),Common,Local,2375.0,2410.0,2390.0,2391.0,25.0,45.9,55.18000000000001,-0.6062113932738504,0.0,34.6,22.1,69.0,28.35,0,3,10,3.8000000000000003,0.0,0,0,0,0,2320.0,0,0,0,0,2402.0,0.0046005855098260745,-0.000418060198921153,-0.000418060198921153,-0.01442704033624468,2403.8571428571427,2414.5,14.13539966925353,21.11476576553325,0.9946514488841979,0.9902671319516788,0,False,False,False,False,False,False,False,True,False,False,False,False,False,False,False,False,True,False,False
2026-03-12,Andhra Pradesh,Nellore,Rapur,Paddy(Common),Common,Local,2380.0,2430.0,2400.0,2402.0,984.5,25.0,50.894285714285715,-0.4553376906318083,0.0,36.8,22.3,69.0,29.549999999999997,3,3,11,3.8000000000000003,0.0,0,0,0,0,2320.0,0,0,0,0,2403.0,0.0004163197318221493,0.0046005855098260745,0.0029227557289237755,-0.0057947019627702726,2398.8571428571427,2412.3636363636365,10.792413561210603,21.247459741214882,1.0013101435152627,0.9957039452243203,0,False,False,False,False,False,False,False,True,False,False,False,False,False,False,False,False,True,False,False
2026-03-13,Andhra Pradesh,Nellore,Rapur,Paddy(Common),Common,Local,2385.0,2430.0,2400.0,2403.0,929.7,984.5,189.10857142857142,38.38,0.0,34.0,23.6,76.0,28.8,4,3,11,3.8000000000000003,0.0,0,0,0,0,2320.0,0,0,0,0,2422.0,0.007906783154778264,0.0004163197318221493,0.004598662188132683,-0.004144218797578869,2396.8571428571427,2411.5,8.02970674907895,20.47836996354051,1.002562875779032,0.996475218758137,0,False,False,False,False,False,False,False,True,False,False,False,False,False,False,False,False,True,False,False
2026-03-16,Andhra Pradesh,Nellore,Rapur,Paddy(Common),Common,Local,2370.0,2450.0,2430.0,2422.0,2293.5,929.7,318.93714285714293,-0.0556627729812087,0.0,32.9,22.6,72.0,27.75,0,3,12,3.8000000000000003,1.0000000000000004,0,0,0,0,2320.0,0,0,0,0,2428.0,0.0024772914844042463,0.007906783154778264,0.012965286436782573,0.012118679431179776,2395.4285714285716,2410.846153846154,4.995235825503695,19.747768455558735,1.0110925530309827,1.0046265233846574,0,False,False,False,False,False,False,False,True,False,False,False,False,False,False,False,False,True,False,False
2026-03-17,Andhra Pradesh,Nellore,Rapur,Paddy(Common),Common,Local,2390.0,2460.0,2430.0,2428.0,1625.1,2293.5,643.5942857142857,1.4669248144562763,0.0,32.8,22.8,71.0,27.799999999999997,1,3,12,0.2,-2.5999999999999996,0,0,0,0,2320.0,0,0,0,0,2434.0,0.0024711696768073737,0.0024772914844042463,0.010824313027375881,0.015050167161161507,2399.5714285714284,2411.6428571428573,11.028102630056548,19.205796972857936,1.0118473494773284,1.006782568464012,0,False,False,False,False,False,False,False,True,False,False,False,False,False,False,False,False,True,False,False
2026-03-18,Andhra Pradesh,East Godavari,Jaggampet,Paddy(Common),Common,FAQ,2369.0,2379.0,2379.0,2377.0,2644.3,521.1,1249.142857142857,25.055,7.0,30.2,21.4,83.0,25.799999999999997,2,3,12,8.3,-0.1750000000000007,0,0,0,0,2320.0,0,0,0,0,2371.0,-0.0025241901450391664,0.0,0.0,0.0,2377.0,2377.0,0.0,0.0,0.9999999957930163,0.9999999957930163,0,True,False,False,False,False,False,False,False,False,False,False,True,False,False,False,False,False,False,False
2026-03-18,Andhra Pradesh,Nellore,Rapur,Paddy(Common),Common,Local,2390.0,2460.0,2440.0,2434.0,2644.3,1625.1,860.0371428571428,-0.2914323086984958,7.0,30.2,21.4,83.0,25.799999999999997,2,3,12,0.1,-2.6999999999999997,0,0,0,0,2320.0,0,0,0,0,2444.0,0.004108463417795959,0.0024711696768073737,0.012900540936743482,0.016283924775432463,2404.714285714286,2410.0714285714284,14.693698033673092,16.541157459799816,1.0121784547702433,1.0099285693550872,0,False,False,False,False,False,False,False,True,False,False,False,False,False,False,False,False,True,False,False
2026-03-19,Andhra Pradesh,East Godavari,Jaggampet,Paddy(Common),Common,FAQ,2369.0,2379.0,2369.0,2371.0,1522.5,2644.3,1208.257142857143,4.074457877566686,1.3,32.2,22.0,79.0,27.1,3,3,12,7.0,-1.4750000000000014,0,0,0,0,2320.0,0,0,0,0,2371.0,0.0,-0.0025241901450391664,-0.0025241901450391664,-0.0025241901450391664,2377.0,2377.0,0.0,0.0,0.9974758056479772,0.9974758056479772,0,True,False,False,False,False,False,False,False,False,False,False,True,False,False,False,False,False,False,False
2026-03-20,Andhra Pradesh,East Godavari,Jaggampet,Paddy(Common),Common,FAQ,2369.0,2379.0,2369.0,2371.0,3142.7,1522.5,849.2428571428572,-0.42423325643837695,2.0,32.1,20.4,76.0,26.25,4,3,12,8.3,-0.1750000000000007,0,0,0,0,2320.0,0,0,0,0,2371.0,0.0,0.0,-0.0025241901450391664,-0.0025241901450391664,2376.1428571428573,2376.5714285714284,2.267786838055956,1.6035674514746612,0.9978356237691038,0.9976556822652141,0,True,False,False,False,False,False,False,False,False,False,False,True,False,False,False,False,False,False,False
2026-03-20,Andhra Pradesh,Nellore,Rapur,Paddy(Common),Common,Local,2390.0,2480.0,2450.0,2444.0,3142.7,2644.3,1221.142857142857,0.6271614054519723,2.0,32.1,20.4,76.0,26.25,4,3,12,7.1,4.3,0,0,0,0,2320.0,0,0,0,0,2450.0,0.0024549918066489695,0.004108463417795959,0.009083402109482237,0.021739130343899956,2410.285714285714,2410.0714285714284,17.518697494527448,16.541157459799813,1.0139876676754898,1.0140778239539168,0,False,False,False,False,False,False,False,True,False,False,False,False,False,False,False,False,True,False,False
2026-03-22,Andhra Pradesh,East Godavari,Jaggampet,Paddy(Common),Common,FAQ,2369.0,2379.0,2369.0,2371.0,1423.0,3142.7,1195.7857142857142,1.0641707717569786,1.1,32.6,23.4,79.0,28.0,6,3,12,10.3,1.8249999999999993,0,0,1,0,2320.0,0,0,0,0,2371.0,0.0,0.0,-0.0025241901450391664,-0.0025241901450391664,2375.285714285714,2376.1428571428573,2.927700218846055,2.1788191176077367,0.9981957015773321,0.9978356237691038,0,True,False,False,False,False,False,False,False,False,False,False,True,False,False,False,False,False,False,False
2026-03-23,Andhra Pradesh,East Godavari,Jaggampet,Paddy(Common),Common,FAQ,2369.0,2379.0,2369.0,2371.0,4277.5,1423.0,1395.4428571428575,-0.5472046329589206,0.3,33.5,23.3,77.0,28.4,0,3,13,11.4,3.4000000000000004,0,0,0,0,2320.0,0,0,0,0,2371.0,0.0,0.0,0.0,-0.0025241901450391664,2374.4285714285716,2375.714285714286,3.207134902949518,2.5548918817579103,0.9985560393538941,0.9980156301947627,0,True,False,False,False,False,False,False,False,False,False,False,True,False,False,False,False,False,False,False
2026-03-23,Andhra Pradesh,Nellore,Rapur,Paddy(Common),Common,Local,2390.0,2480.0,2460.0,2450.0,4277.5,3142.7,1663.542857142857,0.1884808834095979,0.3,33.5,23.3,77.0,28.4,0,3,13,9.0,-0.22500000000000142,0,0,0,0,2320.0,0,0,0,0,2442.0,-0.0032653061091211994,0.0024549918066489695,0.009060955481627036,0.024675867734521673,2417.714285714286,2410.785714285714,19.396857870234733,17.820379739667025,1.0133538128731523,1.0162661804901405,0,False,False,False,False,False,False,False,True,False,False,False,False,False,False,False,False,True,False,False
2026-03-24,Andhra Pradesh,East Godavari,Jaggampet,Paddy(Common),Common,FAQ,2369.0,2379.0,2369.0,2371.0,3683.7,4277.5,1935.8714285714289,2.00597329585383,0.0,33.4,23.4,76.0,28.4,1,3,13,11.7,3.6999999999999993,0,0,0,0,2320.0,0,0,0,0,2371.0,0.0,0.0,0.0,-0.0025241901450391664,2373.5714285714284,2375.285714285714,3.207134902949518,2.812843385630899,0.9989166373804295,0.9981957015773321,0,True,False,False,False,False,False,False,False,False,False,False,True,False,False,False,False,False,False,False
2026-03-24,Andhra Pradesh,Nellore,Rapur,Paddy(Common),Common,Local,2390.0,2470.0,2450.0,2442.0,3683.7,4277.5,2271.042857142857,0.36109078181181786,0.0,33.4,23.4,76.0,28.4,1,3,13,9.3,0.07499999999999929,0,0,0,0,2320.0,0,0,0,0,2450.0,0.003276003262588029,-0.0032653061091211994,0.0032867707342367674,0.016652789272885972,2426.1428571428573,2412.5,18.658586686639396,20.36871658658483,1.0065359435637096,1.0122279750788477,0,False,False,False,False,False,False,False,True,False,False,False,False,False,False,False,False,True,False,False
2026-03-25,Andhra Pradesh,East Godavari,Jaggampet,Paddy(Common),Common,FAQ,2369.0,2379.0,2369.0,2371.0,3612.7,3683.7,2459.257142857143,-0.13881940385739333,0.0,34.9,23.4,73.0,29.15,2,3,13,11.7,3.6999999999999993,0,0,0,0,2320.0,0,0,0,0,2371.0,0.0,0.0,0.0,-0.0025241901450391664,2372.714285714286,2374.8571428571427,2.927700218846055,2.983470948592959,0.9992774959389833,0.9983758379519786,0,True,False,False,False,False,False,False,False,False,False,False,True,False,False,False,False,False,False,False
2026-03-26,Andhra Pradesh,East Godavari,Jaggampet,Paddy(Common),Common,FAQ,2369.0,2379.0,2369.0,2371.0,3482.9,3612.7,2900.914285714286,-0.0192740994109184,0.0,36.2,23.8,74.0,30.0,3,3,13,11.7,3.6999999999999993,0,0,0,0,2320.0,0,0,0,0,2371.0,0.0,0.0,0.0,-0.0025241901450391664,2371.8571428571427,2374.4285714285716,2.267786838055956,3.08131554607845,0.9996386153120097,0.9985560393538941,0,True,False,False,False,False,False,False,False,False,False,False,True,False,False,False,False,False,False,False
2026-03-26,Andhra Pradesh,Nellore,Rapur,Paddy(Common),Common,Local,2390.0,2480.0,2460.0,2450.0,3482.9,3683.7,2656.6428571428573,-0.13881940385739333,0.0,36.2,23.8,74.0,30.0,3,3,13,9.3,0.07499999999999929,0,0,0,0,2320.0,0,0,0,0,2452.0,0.0008163265272802999,0.003276003262588029,0.0024549918066489695,0.01955888464603044,2431.8571428571427,2414.3571428571427,15.962754267653647,21.84422874972543,1.0074604904821574,1.0147628726349278,0,False,False,False,False,False,False,False,True,False,False,False,False,False,False,False,False,True,False,False
2026-03-27,Andhra Pradesh,East Godavari,Jaggampet,Paddy(Common),Common,FAQ,2369.0,2379.0,2369.0,2371.0,3430.2,3482.9,3020.714285714286,-0.03592880670966303,0.0,36.3,23.7,73.0,30.0,4,3,13,4.7,-3.3,0,0,0,0,2320.0,0,0,0,0,2371.0,0.0,0.0,0.0,0.0,2371.0,2374.0,0.0,3.113247129976545,0.9999999957823702,0.9987363058182969,0,True,False,False,False,False,False,False,False,False,False,False,True,False,False,False,False,False,False,False
2026-03-28,Andhra Pradesh,East Godavari,Jaggampet,Paddy(Common),Common,FAQ,2369.0,2379.0,2369.0,2371.0,4756.1,3430.2,3293.2428571428572,-0.015131068936805603,0.0,37.0,24.3,70.0,30.65,5,3,13,3.4000000000000004,-4.6,0,0,0,0,2320.0,0,0,0,0,2377.0,0.0025305778045947793,0.0,0.0,0.0,2371.0,2373.5714285714284,0.0,3.0813155460785815,0.9999999957823702,0.9989166373804295,0,True,False,False,False,False,False,False,False,False,False,False,True,False,False,False,False,False,False,False
2026-03-28,Andhra Pradesh,Nellore,Rapur,Paddy(Common),Common,Local,2390.0,2490.0,2460.0,2452.0,4756.1,3482.9,3021.3857142857146,-0.05451041072834373,0.0,37.0,24.3,70.0,30.65,5,3,13,9.3,0.07499999999999929,0,0,0,0,2320.0,0,0,0,0,2440.0,-0.004893964090970782,0.0008163265272802999,0.0008163265272802999,0.012386457422021232,2438.5714285714284,2417.0,10.875923606097755,23.816607005003313,1.005506732842093,1.0144807570770344,0,False,False,False,False,False,False,False,True,False,False,False,False,False,False,False,False,True,False,False
2026-03-29,Andhra Pradesh,East Godavari,Jaggampet,Paddy(Common),Common,FAQ,2369.0,2379.0,2379.0,2377.0,3260.5,4756.1,3523.7285714285713,0.3865372281499624,0.6,36.2,25.1,74.0,30.650000000000002,6,3,13,1.4000000000000004,-6.6,0,0,1,0,2320.0,0,0,0,0,2377.0,0.0,0.0025305778045947793,0.0025305778045947793,0.0025305778045947793,2371.0,2373.1428571428573,0.0,2.9834709485932303,1.002530573586965,1.0016253268652917,0,True,False,False,False,False,False,False,False,False,False,False,True,False,False,False,False,False,False,False
2026-03-30,Andhra Pradesh,East Godavari,Jaggampet,Paddy(Common),Common,FAQ,2369.0,2379.0,2379.0,2377.0,3028.7,3260.5,3786.2285714285713,-0.3144593259182945,0.0,35.2,25.5,74.0,30.35,0,3,14,0.9000000000000001,0.18000000000000005,0,0,0,0,2320.0,0,0,0,0,2377.0,0.0,0.0,0.0025305778045947793,0.0025305778045947793,2371.8571428571427,2373.1428571428573,2.267786838055956,2.9834709485932303,1.0021682786152033,1.0016253268652917,0,True,False,False,False,False,False,False,False,False,False,False,True,False,False,False,False,False,False,False
2026-03-30,Andhra Pradesh,Nellore,Rapur,Paddy(Common),Common,Local,2380.0,2470.0,2450.0,2440.0,3028.7,4756.1,3373.1857142857143,0.3655574377673778,0.0,35.2,25.5,74.0,30.35,0,3,14,9.3,5.000000000000001,0,0,0,0,2320.0,0,0,0,0,2450.0,0.0040983606389411445,-0.004893964090970782,-0.0008190008156470072,0.004942339353614747,2442.8571428571427,2421.214285714286,9.00793301167415,24.454600232420077,0.9988304052679458,1.0077587945515463,0,False,False,False,False,False,False,False,True,False,False,False,False,False,False,False,False,True,False,False
2026-03-31,Andhra Pradesh,East Godavari,Jaggampet,Paddy(Common),Common,FAQ,2369.0,2379.0,2379.0,2377.0,639.8,3028.7,3607.828571428571,-0.07109339058426623,0.1,36.0,23.4,69.0,29.7,1,3,14,0.6000000000000001,-0.12,0,0,0,0,2320.0,0,0,0,0,2377.0,0.0,0.0,0.0025305778045947793,0.0025305778045947793,2372.714285714286,2373.1428571428573,2.927700218846055,2.9834709485932303,1.0018062454015029,1.0016253268652917,0,True,False,False,False,False,False,False,False,False,False,False,True,False,False,False,False,False,False,False
2026-03-31,Andhra Pradesh,Nellore,Rapur,Paddy(Common),Common,Local,2390.0,2480.0,2460.0,2450.0,639.8,3028.7,3573.7000000000003,-0.36319673682218634,0.1,36.0,23.4,69.0,29.7,1,3,14,9.3,5.000000000000001,0,0,0,0,2320.0,0,0,0,0,2446.0,-0.0016326530545605997,0.0040983606389411445,0.0,0.006573541468473535,2444.5714285714284,2424.6428571428573,6.502746672419529,23.385094341538316,1.0022206597618368,1.0104580898080973,0,False,False,False,False,False,False,False,True,False,False,False,False,False,False,False,False,True,False,False
2026-04-01,Andhra Pradesh,East Godavari,Jaggampet,Paddy(Common),Common,FAQ,2369.0,2379.0,2379.0,2377.0,2473.4,639.8,3172.9857142857145,-0.7887542509987784,0.0,35.3,24.7,69.0,30.0,2,4,14,0.7000000000000001,-0.020000000000000018,0,0,0,1,2320.0,0,0,1,0,2377.0,0.0,0.0,0.0,0.0025305778045947793,2373.5714285714284,2373.1428571428573,3.207134902949518,2.9834709485932303,1.0014444736622863,1.0016253268652917,1,True,False,False,False,False,False,False,False,False,False,False,True,False,False,False,False,False,False,False
2026-04-01,Andhra Pradesh,Nellore,Rapur,Paddy(Common),Common,Local,2390.0,2490.0,2450.0,2446.0,2473.4,639.8,3287.342857142857,-0.7887542509987784,0.0,35.3,24.7,69.0,30.0,2,4,14,2.4,-1.9,0,0,0,1,2320.0,0,0,1,0,2452.0,0.0024529844544031705,-0.0016326530545605997,-0.002446982045485391,0.0008183306022163232,2446.8571428571427,2428.5714285714284,4.740906081767171,22.629845118999423,0.9996496923181061,1.007176466441038,1,False,False,False,False,False,False,False,True,False,False,False,False,False,False,False,False,True,False,False
2026-04-02,Andhra Pradesh,East Godavari,Jaggampet,Paddy(Common),Common,FAQ,2369.0,2379.0,2379.0,2377.0,2253.2,2473.4,3010.2285714285713,2.865895592372617,0.0,35.8,23.5,70.0,29.65,3,4,14,0.7000000000000002,-0.019999999999999907,0,0,0,1,2320.0,0,0,0,0,2377.0,0.0,0.0,0.0,0.0025305778045947793,2374.4285714285716,2373.1428571428573,3.207134902949518,2.9834709485932303,1.001082963114385,1.0016253268652917,1,True,False,False,False,False,False,False,False,False,False,False,True,False,False,False,False,False,False,False
2026-04-02,Andhra Pradesh,Nellore,Rapur,Paddy(Common),Common,Local,2390.0,2490.0,2460.0,2452.0,2253.2,2473.4,3191.7285714285713,2.865895592372617,0.0,35.8,23.5,70.0,29.65,3,4,14,0.4,-3.9,0,0,0,1,2320.0,0,0,0,0,2452.0,0.0,0.0024529844544031705,0.004918032766729374,0.0008163265272802999,2447.1428571428573,2432.4285714285716,4.598136268403014,20.410081542498595,1.0019848178552866,1.008046040373335,1,False,False,False,False,False,False,False,True,False,False,False,False,False,False,False,False,True,False,False
2026-04-03,Andhra Pradesh,Kakinada,Jaggampet,Paddy(Common),Common,FAQ,2369.0,2379.0,2379.0,2377.0,2504.2,2253.2,2363.3,-0.08902724993935485,0.0,36.6,24.6,72.0,30.6,4,4,14,0.0,0.0,0,0,0,1,2320.0,0,0,0,0,2377.0,0.0,0.0,,,2377.0,,0.0,0.0,0.9999999957930163,,1,True,False,False,False,False,False,False,False,False,False,False,False,False,True,False,False,False,False,False
2026-04-04,Andhra Pradesh,Nellore,Rapur,Paddy(Common),Common,Local,2390.0,2490.0,2460.0,2452.0,2108.6,2253.2,2902.542857142857,-0.08902724993935485,0.0,36.5,24.9,70.0,30.7,5,4,14,0.1,-4.2,0,0,0,1,2320.0,0,0,0,0,2428.0,-0.009787928181941564,0.0,0.0008163265272802999,0.004095004078235036,2447.4285714285716,2436.785714285714,4.859943170346058,17.133765904375792,1.001867845544551,1.0062435837351869,1,False,False,False,False,False,False,False,True,False,False,False,False,False,False,False,False,True,False,False
2026-04-04,Andhra Pradesh,SPSR Nellore,Rapur,Paddy(Common),Common,Local,2390.0,2490.0,2460.0,2452.0,2108.6,2253.2,2363.3,-0.08902724993935485,0.0,36.5,24.9,70.0,30.7,5,4,14,0.0,0.0,0,0,0,1,2320.0,0,0,0,0,2428.0,-0.009787928181941564,0.0,,,2449.0,,4.242640687119285,0.0,1.0012249857034503,,1,False,False,False,False,False,False,False,True,False,False,False,False,False,False,False,False,False,False,True
2026-04-05,Andhra Pradesh,East Godavari,Jaggampet,Paddy(Common),Common,FAQ,2369.0,2379.0,2379.0,2377.0,2272.6,2253.2,2834.5571428571425,-0.08902724993935485,0.1,36.5,26.1,71.0,31.3,6,4,14,0.7000000000000002,-0.019999999999999907,0,0,1,1,2320.0,0,0,0,0,2377.0,0.0,0.0,0.0,0.0025305778045947793,2375.285714285714,2373.1428571428573,2.927700218846055,2.9834709485932303,1.0007217134750392,1.0016253268652917,1,True,False,False,False,False,False,False,False,False,False,False,True,False,False,False,False,False,False,False
2026-04-05,Andhra Pradesh,Kakinada,Jaggampet,Paddy(Common),Common,FAQ,2369.0,2379.0,2379.0,2377.0,2272.6,2504.2,2410.2666666666664,0.11139712409018276,0.1,36.5,26.1,71.0,31.3,6,4,14,0.0,0.0,0,0,1,1,2320.0,0,0,0,0,2377.0,0.0,0.0,0.0,,2377.0,2377.0,0.0,0.0,0.9999999957930163,0.9999999957930163,1,True,False,False,False,False,False,False,False,False,False,False,False,False,True,False,False,False,False,False
2026-04-06,Andhra Pradesh,East Godavari,Jaggampet,Paddy(Common),Common,FAQ,2369.0,2379.0,2379.0,2377.0,2317.1,2272.6,2669.1857142857148,0.008609976921711393,1.2,35.3,26.5,71.0,30.9,0,4,15,0.8000000000000003,-3.44,0,0,0,1,2320.0,0,0,0,0,2377.0,0.0,0.0,0.0,0.0025305778045947793,2376.1428571428573,2373.5714285714284,2.267786838055956,3.0813155460785815,1.0003607244618977,1.0014444736622863,1,True,False,False,False,False,False,False,False,False,False,False,True,False,False,False,False,False,False,False
2026-04-06,Andhra Pradesh,Nellore,Rapur,Paddy(Common),Common,Local,2390.0,2460.0,2430.0,2428.0,2317.1,2108.6,2677.5285714285715,-0.06417539499378655,1.2,35.3,26.5,71.0,30.9,0,4,15,0.1,-2.8000000000000003,0,0,0,1,2320.0,0,0,0,0,2428.0,0.0,-0.009787928181941564,-0.007358953363209512,-0.008979591800083299,2448.8571428571427,2440.3571428571427,4.450789122107175,14.302270625846946,0.9914829034299496,0.9949363342809575,1,False,False,False,False,False,False,False,True,False,False,False,False,False,False,False,False,True,False,False
2026-04-06,Andhra Pradesh,SPSR Nellore,Rapur,Paddy(Common),Common,Local,2390.0,2460.0,2430.0,2428.0,2317.1,2108.6,2278.4,-0.06417539499378655,1.2,35.3,26.5,71.0,30.9,0,4,15,0.0,-3.8600000000000003,0,0,0,1,2320.0,0,0,0,0,2428.0,0.0,-0.009787928181941564,-0.007358953363209512,,2450.0,2450.0,3.4641016151377544,3.4641016151377544,0.991020404118284,0.991020404118284,1,False,False,False,False,False,False,False,True,False,False,False,False,False,False,False,False,False,False,True
2026-04-07,Andhra Pradesh,East Godavari,Jaggampet,Paddy(Common),Common,FAQ,2369.0,2379.0,2379.0,2377.0,2684.6,2317.1,2320.7571428571428,0.019581096541406273,0.9,35.7,26.2,74.0,30.950000000000003,1,4,15,2.0,-2.24,0,0,0,1,2320.0,0,0,0,0,2377.0,0.0,0.0,0.0,0.0,2377.0,2374.0,0.0,3.113247129976545,0.9999999957930163,1.0012636857571031,1,True,False,False,False,False,False,False,False,False,False,False,True,False,False,False,False,False,False,False
2026-04-07,Andhra Pradesh,Kakinada,Jaggampet,Paddy(Common),Common,FAQ,2369.0,2379.0,2379.0,2377.0,2684.6,2272.6,2375.85,-0.09248462582860795,0.9,35.7,26.2,74.0,30.950000000000003,1,4,15,0.1,-4.840000000000001,0,0,0,1,2320.0,0,0,0,0,2377.0,0.0,0.0,0.0,,2377.0,2377.0,0.0,0.0,0.9999999957930163,0.9999999957930163,1,True,False,False,False,False,False,False,False,False,False,False,False,False,True,False,False,False,False,False
2026-04-07,Andhra Pradesh,Nellore,Rapur,Paddy(Common),Common,Local,2390.0,2460.0,2430.0,2428.0,2684.6,2317.1,2510.9857142857145,0.09888077397325246,0.9,35.7,26.2,74.0,30.950000000000003,1,4,15,1.3,-1.6000000000000003,0,0,0,1,2320.0,0,0,0,0,2452.0,0.009884678707229495,0.0,-0.009787928181941564,-0.009787928181941564,2445.714285714286,2442.1428571428573,8.976158898514257,10.272121665775941,0.9927570052866243,0.9942088289210517,1,False,False,False,False,False,False,False,True,False,False,False,False,False,False,False,False,True,False,False
2026-04-07,Andhra Pradesh,SPSR Nellore,Rapur,Paddy(Common),Common,Local,2390.0,2460.0,2430.0,2428.0,2684.6,2317.1,2288.075,0.09888077397325246,0.9,35.7,26.2,74.0,30.950000000000003,1,4,15,1.2,-2.66,0,0,0,1,2320.0,0,0,0,0,2438.0,0.004118616128012289,0.0,-0.009787928181941564,,2444.5,2444.5,11.357816691600547,11.357816691600547,0.9932501493424006,0.9932501493424006,1,False,False,False,False,False,False,False,True,False,False,False,False,False,False,False,False,False,False,True
2026-04-08,Andhra Pradesh,Kakinada,Jaggampet,Paddy(Common),Common,FAQ,2369.0,2379.0,2379.0,2377.0,2162.1,2684.6,2437.6,0.18129015224852596,3.0,35.9,26.0,74.0,30.95,2,4,15,1.0,-3.9400000000000004,0,0,0,1,2320.0,0,0,0,0,2377.0,0.0,0.0,0.0,,2377.0,2377.0,0.0,0.0,0.9999999957930163,0.9999999957930163,1,True,False,False,False,False,False,False,False,False,False,False,False,False,True,False,False,False,False,False
2026-04-08,Andhra Pradesh,SPSR Nellore,Rapur,Paddy(Common),Common,Local,2390.0,2480.0,2440.0,2438.0,2162.1,2684.6,2367.38,0.15860342669716454,3.0,35.9,26.0,74.0,30.95,2,4,15,2.1,-1.7600000000000002,0,0,0,1,2320.0,0,0,0,0,2452.0,0.005742411789407663,0.004118616128012289,-0.0057096247727992456,,2441.2,2441.2,12.296340919151488,12.296340919151488,0.9986891651700427,0.9986891651700427,1,False,False,False,False,False,False,False,True,False,False,False,False,False,False,False,False,False,False,True
2026-04-09,Andhra Pradesh,East Godavari,Jaggampet,Paddy(Common),Common,FAQ,2369.0,2379.0,2379.0,2377.0,2173.8,2684.6,2238.485714285714,0.15860342669716454,5.8,35.7,26.5,75.0,31.1,3,4,15,2.3000000000000003,-1.94,0,0,0,1,2320.0,0,0,0,0,2377.0,0.0,0.0,0.0,0.0,2377.0,2374.4285714285716,0.0,3.08131554607845,0.9999999957930163,1.001082963114385,1,True,False,False,False,False,False,False,False,False,False,False,True,False,False,False,False,False,False,False
2026-04-09,Andhra Pradesh,Kakinada,Jaggampet,Paddy(Common),Common,FAQ,2369.0,2379.0,2379.0,2377.0,2173.8,2162.1,2391.683333333333,-0.19462862251359603,5.8,35.7,26.5,75.0,31.1,3,4,15,4.0,-0.9400000000000004,0,0,0,1,2320.0,0,0,0,0,2377.0,0.0,0.0,0.0,,2377.0,2377.0,0.0,0.0,0.9999999957930163,0.9999999957930163,1,True,False,False,False,False,False,False,False,False,False,False,False,False,True,False,False,False,False,False
2026-04-09,Andhra Pradesh,Nellore,Rapur,Paddy(Common),Common,Local,2390.0,2490.0,2460.0,2452.0,2173.8,2684.6,2215.057142857143,0.15860342669716454,5.8,35.7,26.5,75.0,31.1,3,4,15,2.2,-0.7000000000000002,0,0,0,1,2320.0,0,0,0,0,2438.0,-0.0057096247727992456,0.009884678707229495,0.0,0.004918032766729374,2442.285714285714,2442.5714285714284,10.609968358641897,9.460153566117505,1.0039775344947106,1.0038600964867115,1,False,False,False,False,False,False,False,True,False,False,False,False,False,False,False,False,True,False,False
2026-04-09,Andhra Pradesh,SPSR Nellore,Rapur,Paddy(Common),Common,Local,2390.0,2490.0,2460.0,2452.0,2173.8,2162.1,2333.1666666666665,-0.19462862251359603,5.8,35.7,26.5,75.0,31.1,3,4,15,5.1,1.2399999999999993,0,0,0,1,2320.0,0,0,0,0,2438.0,-0.0057096247727992456,0.005742411789407663,0.009884678707229495,,2440.6666666666665,2440.6666666666665,11.075498483890732,11.075498483890732,1.004643535900122,1.004643535900122,1,False,False,False,False,False,False,False,True,False,False,False,False,False,False,False,False,False,False,True
2026-04-10,Andhra Pradesh,East Godavari,Jaggampet,Paddy(Common),Common,FAQ,2369.0,2379.0,2379.0,2377.0,1816.6,2173.8,2116.3571428571427,-0.19027043134917665,0.0,37.2,27.0,73.0,32.1,4,4,15,8.1,3.8599999999999994,0,0,0,1,2320.0,0,0,0,0,2377.0,0.0,0.0,0.0,0.0,2377.0,2374.8571428571427,0.0,2.983470948592959,0.9999999957930163,1.0009023056987993,1,True,False,False,False,False,False,False,False,False,False,False,True,False,False,False,False,False,False,False
2026-04-10,Andhra Pradesh,Kakinada,Jaggampet,Paddy(Common),Common,FAQ,2369.0,2379.0,2379.0,2377.0,1816.6,2173.8,2360.557142857143,0.005411405577910422,0.0,37.2,27.0,73.0,32.1,4,4,15,9.8,4.86,0,0,0,1,2320.0,0,0,0,0,2377.0,0.0,0.0,0.0,0.0,2377.0,2377.0,0.0,0.0,0.9999999957930163,0.9999999957930163,1,True,False,False,False,False,False,False,False,False,False,False,False,False,True,False,False,False,False,False
2026-04-10,Andhra Pradesh,Nellore,Rapur,Paddy(Common),Common,Local,2390.0,2480.0,2440.0,2438.0,1816.6,2173.8,2092.9285714285716,-0.19027043134917665,0.0,37.2,27.0,73.0,32.1,4,4,15,8.0,5.1,0,0,0,1,2320.0,0,0,0,0,2432.0,-0.0024610336240318553,-0.0057096247727992456,0.004118616128012289,-0.004897959163681799,2444.0,2444.285714285714,11.135528725657789,8.765567000210849,0.9975450041016979,0.997428400361193,1,False,False,False,False,False,False,False,True,False,False,False,False,False,False,False,False,True,False,False
2026-04-10,Andhra Pradesh,SPSR Nellore,Rapur,Paddy(Common),Common,Local,2390.0,2480.0,2440.0,2438.0,1816.6,2173.8,2310.4,0.005411405577910422,0.0,37.2,27.0,73.0,32.1,4,4,15,10.9,7.04,0,0,0,1,2320.0,0,0,0,0,2430.0,-0.003281378165375807,-0.0057096247727992456,0.004118616128012289,-0.0032706459392042274,2442.285714285714,2442.285714285714,10.980502200328921,10.980502200328921,0.9982451994690474,0.9982451994690474,1,False,False,False,False,False,False,False,True,False,False,False,False,False,False,False,False,False,False,True
2026-04-12,Andhra Pradesh,East Godavari,Jaggampet,Paddy(Common),Common,FAQ,2369.0,2379.0,2379.0,2377.0,1070.9,1816.6,2284.4714285714285,-0.1643205446683229,0.0,36.0,26.0,73.0,31.0,6,4,15,8.0,3.76,0,0,1,1,2320.0,0,0,0,0,2377.0,0.0,0.0,0.0,0.0,2377.0,2375.285714285714,0.0,2.812843385630899,0.9999999957930163,1.0007217134750392,1,True,False,False,False,False,False,False,False,False,False,False,True,False,False,False,False,False,False,False
2026-04-12,Andhra Pradesh,Kakinada,Jaggampet,Paddy(Common),Common,FAQ,2369.0,2379.0,2379.0,2377.0,1070.9,1816.6,2266.7285714285713,-0.1643205446683229,0.0,36.0,26.0,73.0,31.0,6,4,15,9.8,4.86,0,0,1,1,2320.0,0,0,0,0,2377.0,0.0,0.0,0.0,0.0,2377.0,2377.0,0.0,0.0,0.9999999957930163,0.9999999957930163,1,True,False,False,False,False,False,False,False,False,False,False,False,False,True,False,False,False,False,False
2026-04-13,Andhra Pradesh,East Godavari,Jaggampet,Paddy(Common),Common,FAQ,2369.0,2379.0,2379.0,2377.0,1727.5,1070.9,2084.1142857142854,-0.4104921281514917,0.0,36.4,25.3,73.0,30.85,0,4,16,8.0,2.799999999999999,0,0,0,1,2320.0,0,0,0,0,2377.0,0.0,0.0,0.0,0.0,2377.0,2375.714285714286,0.0,2.554891881757958,0.9999999957930163,1.0005411864078242,1,True,False,False,False,False,False,False,False,False,False,False,True,False,False,False,False,False,False,False
2026-04-13,Andhra Pradesh,Kakinada,Jaggampet,Paddy(Common),Common,FAQ,2369.0,2379.0,2379.0,2377.0,1727.5,1070.9,2097.828571428571,-0.4104921281514917,0.0,36.4,25.3,73.0,30.85,0,4,16,9.8,3.5285714285714294,0,0,0,1,2320.0,0,0,0,0,2377.0,0.0,0.0,0.0,0.0,2377.0,2377.0,0.0,0.0,0.9999999957930163,0.9999999957930163,1,True,False,False,False,False,False,False,False,False,False,False,False,False,True,False,False,False,False,False
2026-04-13,Andhra Pradesh,Nellore,Rapur,Paddy(Common),Common,Local,2390.0,2480.0,2430.0,2432.0,1727.5,1816.6,2261.042857142857,-0.1643205446683229,0.0,36.4,25.3,73.0,30.85,0,4,16,7.9,0.0,0,0,0,1,2320.0,0,0,0,0,2430.0,-0.0008223684176711824,-0.0024610336240318553,0.0016474464512049156,-0.005723630393607398,2442.285714285714,2444.5714285714284,10.980502200326798,8.464534933968451,0.995788484458049,0.9948574059350153,1,False,False,False,False,False,False,False,True,False,False,False,False,False,False,False,False,True,False,False
2026-04-14,Andhra Pradesh,East Godavari,Jaggampet,Paddy(Common),Common,FAQ,2369.0,2379.0,2379.0,2377.0,541.2,1727.5,2009.0142857142855,0.6131291437108972,0.0,37.1,25.6,70.0,31.35,1,4,16,8.0,2.799999999999999,0,0,0,1,2320.0,0,0,0,0,2377.0,0.0,0.0,0.0,0.0,2377.0,2376.1428571428573,0.0,2.178819117607937,0.9999999957930163,1.0003607244618977,1,True,False,False,False,False,False,False,False,False,False,False,True,False,False,False,False,False,False,False
2026-04-14,Andhra Pradesh,Kakinada,Jaggampet,Paddy(Common),Common,FAQ,2369.0,2379.0,2379.0,2377.0,541.2,1727.5,1986.8714285714286,0.6131291437108972,0.0,37.1,25.6,70.0,31.35,1,4,16,9.8,3.5285714285714294,0,0,0,1,2320.0,0,0,0,0,2377.0,0.0,0.0,0.0,0.0,2377.0,2377.0,0.0,0.0,0.9999999957930163,0.9999999957930163,1,True,False,False,False,False,False,False,False,False,False,False,False,False,True,False,False,False,False,False
2026-04-15,Andhra Pradesh,East Godavari,Jaggampet,Paddy(Common),Common,FAQ,2369.0,2379.0,2379.0,2377.0,986.9,541.2,1761.6714285714286,-0.6867149059334298,0.0,36.5,25.8,74.0,31.15,2,4,16,7.9,2.6999999999999993,0,0,0,1,2320.0,0,0,0,0,2377.0,0.0,0.0,0.0,0.0,2377.0,2376.5714285714284,0.0,1.603567451475252,0.9999999957930163,1.0001803276020302,1,True,False,False,False,False,False,False,False,False,False,False,True,False,False,False,False,False,False,False
2026-04-15,Andhra Pradesh,Kakinada,Jaggampet,Paddy(Common),Common,FAQ,2369.0,2379.0,2379.0,2377.0,986.9,541.2,1739.5285714285715,-0.6867149059334298,0.0,36.5,25.8,74.0,31.15,2,4,16,9.7,3.428571428571428,0,0,0,1,2320.0,0,0,0,0,2377.0,0.0,0.0,0.0,0.0,2377.0,2377.0,0.0,0.0,0.9999999957930163,0.9999999957930163,1,True,False,False,False,False,False,False,False,False,False,False,False,False,True,False,False,False,False,False
2026-04-15,Andhra Pradesh,Nellore,Rapur,Paddy(Common),Common,Local,2390.0,2470.0,2430.0,2430.0,986.9,1727.5,2154.485714285714,-0.04904767147418254,0.0,36.5,25.8,74.0,31.15,2,4,16,7.9,0.0,0,0,0,1,2320.0,0,0,0,0,2420.0,-0.004115226320513471,-0.0008223684176711824,-0.008972267500113101,-0.008972267500113101,2440.285714285714,2443.714285714286,11.455919659200337,9.109830458852183,0.9957850328003188,0.994387929989059,1,False,False,False,False,False,False,False,True,False,False,False,False,False,False,False,False,True,False,False
2026-04-15,Andhra Pradesh,SPSR Nellore,Rapur,Paddy(Common),Common,Local,2390.0,2470.0,2430.0,2430.0,986.9,1816.6,2216.5714285714284,-0.1643205446683229,0.0,36.5,25.8,74.0,31.15,2,4,16,10.9,0.0,0,0,0,1,2320.0,0,0,0,0,2420.0,-0.004115226320513471,-0.003281378165375807,-0.003281378165375807,-0.008972267500113101,2441.1428571428573,2441.75,10.945753688509674,10.27827111643086,0.9954353891806835,0.9951878734711257,1,False,False,False,False,False,False,False,True,False,False,False,False,False,False,False,False,False,False,True
2026-04-16,Andhra Pradesh,East Godavari,Jaggampet,Paddy(Common),Common,FAQ,2369.0,2379.0,2379.0,2377.0,583.8,986.9,1571.642857142857,0.8235402808573538,0.0,35.8,25.5,75.0,30.65,3,4,16,6.700000000000001,1.5,0,0,0,1,2320.0,0,0,0,0,2377.0,0.0,0.0,0.0,0.0,2377.0,2377.0,0.0,0.0,0.9999999957930163,0.9999999957930163,1,True,False,False,False,False,False,False,False,False,False,False,True,False,False,False,False,False,False,False
2026-04-16,Andhra Pradesh,Kakinada,Jaggampet,Paddy(Common),Common,FAQ,2369.0,2379.0,2379.0,2377.0,583.8,986.9,1497.0,0.8235402808573538,0.0,35.8,25.5,75.0,30.65,3,4,16,8.8,2.5285714285714294,0,0,0,1,2320.0,0,0,0,0,2377.0,0.0,0.0,0.0,0.0,2377.0,2377.0,0.0,0.0,0.9999999957930163,0.9999999957930163,1,True,False,False,False,False,False,False,False,False,False,False,False,False,True,False,False,False,False,False
2026-04-17,Andhra Pradesh,East Godavari,Jaggampet,Paddy(Common),Common,FAQ,2369.0,2379.0,2379.0,2377.0,554.3,583.8,1271.5285714285712,-0.4084507042253521,0.0,36.9,26.1,73.0,31.5,4,4,16,5.800000000000001,0.5999999999999996,0,0,0,1,2320.0,0,0,0,0,2377.0,0.0,0.0,0.0,0.0,2377.0,2377.0,0.0,0.0,0.9999999957930163,0.9999999957930163,1,True,False,False,False,False,False,False,False,False,False,False,True,False,False,False,False,False,False,False
2026-04-17,Andhra Pradesh,Kakinada,Jaggampet,Paddy(Common),Common,FAQ,2369.0,2379.0,2379.0,2377.0,554.3,583.8,1271.5285714285715,-0.4084507042253521,0.0,36.9,26.1,73.0,31.5,4,4,16,5.8,-0.47142857142857153,0,0,0,1,2320.0,0,0,0,0,2377.0,0.0,0.0,0.0,0.0,2377.0,2377.0,0.0,0.0,0.9999999957930163,0.9999999957930163,1,True,False,False,False,False,False,False,False,False,False,False,False,False,True,False,False,False,False,False
2026-04-17,Andhra Pradesh,Nellore,Rapur,Paddy(Common),Common,Local,2380.0,2460.0,2420.0,2420.0,554.3,986.9,1973.5857142857144,-0.428712011577424,0.0,36.9,26.1,73.0,31.5,4,4,16,7.9,0.0,0,0,0,1,2320.0,0,0,0,0,2420.0,0.0,-0.004115226320513471,-0.007383100872095566,-0.01305057090925542,2437.1428571428573,2442.285714285714,10.699354675687445,9.603113048371272,0.9929659982703621,0.9908750544360521,1,False,False,False,False,False,False,False,True,False,False,False,False,False,False,False,False,True,False,False
2026-04-17,Andhra Pradesh,SPSR Nellore,Rapur,Paddy(Common),Common,Local,2380.0,2460.0,2420.0,2420.0,554.3,986.9,2035.6714285714284,-0.45673235715072114,0.0,36.9,26.1,73.0,31.5,4,4,16,10.9,0.0,0,0,0,1,2320.0,0,0,0,0,2418.0,-0.0008264462775766682,-0.004115226320513471,-0.01305057090925542,-0.01305057090925542,2438.0,2440.4444444444443,10.45625809423861,10.38160766826494,0.9926168950261817,0.9916226511907649,1,False,False,False,False,False,False,False,True,False,False,False,False,False,False,False,False,False,False,True
2026-04-18,Andhra Pradesh,East Godavari,Jaggampet,Paddy(Common),Common,FAQ,2369.0,2379.0,2379.0,2377.0,676.8,554.3,1040.1714285714286,-0.050531003768413796,0.0,36.6,26.8,72.0,31.700000000000003,5,4,16,0.0,-5.200000000000001,0,0,0,1,2320.0,0,0,0,0,2377.0,0.0,0.0,0.0,0.0,2377.0,2377.0,0.0,0.0,0.9999999957930163,0.9999999957930163,1,True,False,False,False,False,False,False,False,False,False,False,True,False,False,False,False,False,False,False
2026-04-18,Andhra Pradesh,Kakinada,Jaggampet,Paddy(Common),Common,FAQ,2369.0,2379.0,2379.0,2377.0,676.8,554.3,1040.1714285714286,-0.050531003768413796,0.0,36.6,26.8,72.0,31.700000000000003,5,4,16,0.0,-6.271428571428571,0,0,0,1,2320.0,0,0,0,0,2377.0,0.0,0.0,0.0,0.0,2377.0,2377.0,0.0,0.0,0.9999999957930163,0.9999999957930163,1,True,False,False,False,False,False,False,False,False,False,False,False,False,True,False,False,False,False,False
2026-04-18,Andhra Pradesh,Nellore,Rapur,Paddy(Common),Common,Local,2380.0,2460.0,2420.0,2420.0,676.8,554.3,1751.5428571428572,-0.4383422839193434,0.0,36.6,26.8,72.0,31.700000000000003,5,4,16,7.9,0.0,0,0,0,1,2320.0,0,0,0,0,2418.0,-0.0008264462775766682,0.0,-0.004934210506027095,-0.003294892902409831,2432.5714285714284,2440.714285714286,10.113640011671878,11.303019143496964,0.9948320372540379,0.9915130190573068,1,False,False,False,False,False,False,False,True,False,False,False,False,False,False,False,False,True,False,False
2026-04-19,Andhra Pradesh,East Godavari,Jaggampet,Paddy(Common),Common,FAQ,2369.0,2379.0,2379.0,2377.0,369.5,676.8,877.342857142857,0.22099945877683558,0.0,36.9,26.7,71.0,31.799999999999997,6,4,16,0.0,-5.200000000000001,0,0,1,1,2320.0,0,0,0,0,2377.0,0.0,0.0,0.0,0.0,2377.0,2377.0,0.0,0.0,0.9999999957930163,0.9999999957930163,1,True,False,False,False,False,False,False,False,False,False,False,True,False,False,False,False,False,False,False
2026-04-19,Andhra Pradesh,Kakinada,Jaggampet,Paddy(Common),Common,FAQ,2369.0,2379.0,2379.0,2377.0,369.5,676.8,877.3428571428573,0.22099945877683558,0.0,36.9,26.7,71.0,31.799999999999997,6,4,16,0.0,-6.271428571428571,0,0,1,1,2320.0,0,0,0,0,2377.0,0.0,0.0,0.0,0.0,2377.0,2377.0,0.0,0.0,0.9999999957930163,0.9999999957930163,1,True,False,False,False,False,False,False,False,False,False,False,False,False,True,False,False,False,False,False
2026-04-20,Andhra Pradesh,East Godavari,Jaggampet,Paddy(Common),Common,FAQ,2369.0,2379.0,2379.0,2377.0,682.7,369.5,777.1428571428571,-0.4540484633569739,0.1,36.9,25.9,73.0,31.4,0,4,17,0.0,-0.22500000000000064,0,0,0,1,2320.0,0,0,0,0,2377.0,0.0,0.0,0.0,0.0,2377.0,2377.0,0.0,0.0,0.9999999957930163,0.9999999957930163,1,True,False,False,False,False,False,False,False,False,False,False,True,False,False,False,False,False,False,False
2026-04-20,Andhra Pradesh,Kakinada,Jaggampet,Paddy(Common),Common,FAQ,2369.0,2379.0,2379.0,2377.0,682.7,369.5,777.1428571428571,-0.4540484633569739,0.1,36.9,25.9,73.0,31.4,0,4,17,0.0,-0.39999999999999997,0,0,0,1,2320.0,0,0,0,0,2377.0,0.0,0.0,0.0,0.0,2377.0,2377.0,0.0,0.0,0.9999999957930163,0.9999999957930163,1,True,False,False,False,False,False,False,False,False,False,False,False,False,True,False,False,False,False,False
2026-04-20,Andhra Pradesh,Nellore,Rapur,Paddy(Common),Common,Local,2380.0,2480.0,2410.0,2418.0,682.7,676.8,1517.2142857142858,0.22099945877683558,0.1,36.9,25.9,73.0,31.4,0,4,17,6.7,4.216666666666667,0,0,0,1,2320.0,0,0,0,0,2410.0,-0.003308519423868819,-0.0008264462775766682,-0.0049382715846161655,-0.004118616128012289,2431.4285714285716,2438.5714285714284,11.118410300894082,12.214205384994479,0.9944770816913397,0.9915641435612483,1,False,False,False,False,False,False,False,True,False,False,False,False,False,False,False,False,True,False,False
2026-04-20,Andhra Pradesh,SPSR Nellore,Rapur,Paddy(Common),Common,Local,2380.0,2480.0,2410.0,2418.0,682.7,554.3,1813.6285714285714,-0.4383422839193434,0.1,36.9,25.9,73.0,31.4,0,4,17,10.9,1.8249999999999993,0,0,0,1,2320.0,0,0,0,0,2410.0,-0.003308519423868819,-0.0008264462775766682,-0.008203445413439517,-0.004118616128012289,2433.4285714285716,2438.4,10.30949631581032,11.730302638892129,0.9936597352614662,0.9916338542009765,1,False,False,False,False,False,False,False,True,False,False,False,False,False,False,False,False,False,False,True
2026-04-21,Andhra Pradesh,Kakinada,Jaggampet,Paddy(Common),Common,FAQ,2369.0,2379.0,2379.0,2377.0,311.5,682.7,627.8857142857142,0.8476319350473613,0.4,36.8,26.5,69.0,31.65,1,4,17,0.1,-0.29999999999999993,0,0,0,1,2320.0,0,0,0,0,2377.0,0.0,0.0,0.0,0.0,2377.0,2377.0,0.0,0.0,0.9999999957930163,0.9999999957930163,1,True,False,False,False,False,False,False,False,False,False,False,False,False,True,False,False,False,False,False
2026-04-21,Andhra Pradesh,Nellore,Rapur,Paddy(Common),Common,Local,2380.0,2440.0,2410.0,2410.0,311.5,682.7,1231.2285714285715,0.008717494089834688,0.4,36.8,26.5,69.0,31.65,1,4,17,5.8999999999999995,3.416666666666666,0,0,0,1,2320.0,0,0,0,0,2406.0,-0.0016597510304574646,-0.003308519423868819,-0.004132231387883341,-0.017128874318397738,2430.0,2436.1428571428573,12.22020185321495,12.708913545873832,0.9917695432437467,0.9892687463057048,1,False,False,False,False,False,False,False,True,False,False,False,False,False,False,False,False,True,False,False
2026-04-21,Andhra Pradesh,SPSR Nellore,Rapur,Paddy(Common),Common,Local,2380.0,2440.0,2410.0,2410.0,311.5,682.7,1580.142857142857,0.23164351434241404,0.4,36.8,26.5,69.0,31.65,1,4,17,9.8,0.7249999999999996,0,0,0,1,2320.0,0,0,0,0,2408.0,-0.0008298755152287323,-0.003308519423868819,-0.008230452641026943,-0.00741350903042212,2432.0,2436.5454545454545,11.775681155103412,12.715059074684909,0.9909539432937748,0.9891052865904939,1,False,False,False,False,False,False,False,True,False,False,False,False,False,False,False,False,False,False,True
2026-04-22,Andhra Pradesh,Kakinada,Jaggampet,Paddy(Common),Common,FAQ,2369.0,2379.0,2379.0,2377.0,468.0,311.5,595.0714285714286,-0.543723451003369,0.0,37.1,26.6,71.0,31.85,2,4,17,0.5,0.10000000000000003,0,0,0,1,2320.0,0,0,0,0,2377.0,0.0,0.0,0.0,0.0,2377.0,2377.0,0.0,0.0,0.9999999957930163,0.9999999957930163,1,True,False,False,False,False,False,False,False,False,False,False,False,False,True,False,False,False,False,False
2026-04-22,Andhra Pradesh,Nellore,Rapur,Paddy(Common),Common,Local,2380.0,2420.0,2410.0,2406.0,468.0,311.5,965.1857142857143,-0.543723451003369,0.0,37.1,26.6,71.0,31.85,2,4,17,0.5,-1.9833333333333334,0,0,0,1,2320.0,0,0,0,0,2408.0,0.0008312551918900448,-0.0016597510304574646,-0.005785123943036677,-0.013125512661503228,2424.0,2434.0,9.660917830793137,14.422205101856227,0.9925742533309643,0.9884962983217078,1,False,False,False,False,False,False,False,True,False,False,False,False,False,False,False,False,True,False,False
2026-04-23,Andhra Pradesh,Kakinada,Jaggampet,Paddy(Common),Common,FAQ,2369.0,2379.0,2379.0,2377.0,341.7,468.0,520.9428571428572,0.5024077046548956,0.0,37.8,26.8,72.0,32.3,3,4,17,0.5,0.10000000000000003,0,0,0,1,2320.0,0,0,0,0,2377.0,0.0,0.0,0.0,0.0,2377.0,2377.0,0.0,0.0,0.9999999957930163,0.9999999957930163,1,True,False,False,False,False,False,False,False,False,False,False,False,False,True,False,False,False,False,False
2026-04-23,Andhra Pradesh,Nellore,Rapur,Paddy(Common),Common,Local,2380.0,2430.0,2410.0,2408.0,341.7,468.0,772.5285714285714,0.5024077046548956,0.0,37.8,26.8,72.0,32.3,3,4,17,0.5,-1.9833333333333334,0,0,0,1,2320.0,0,0,0,0,2400.0,-0.003322259122415867,0.0008312551918900448,-0.004135649279836024,-0.00986842101205419,2419.4285714285716,2430.8571428571427,9.501879513324347,15.426536292312106,0.9952763303218384,0.9905970810212861,1,False,False,False,False,False,False,False,True,False,False,False,False,False,False,False,False,True,False,False
2026-04-23,Andhra Pradesh,SPSR Nellore,Rapur,Paddy(Common),Common,Local,2380.0,2430.0,2410.0,2408.0,341.7,311.5,1241.1285714285714,-0.543723451003369,0.0,37.8,26.8,72.0,32.3,3,4,17,9.3,0.22499999999999964,0,0,0,1,2320.0,0,0,0,0,2408.0,0.0,-0.0008298755152287323,-0.004958677665460009,-0.012305168120159277,2429.4285714285716,2434.3333333333335,14.455185261779576,14.342139648496307,0.9911795795964616,0.9891825236648669,1,False,False,False,False,False,False,False,True,False,False,False,False,False,False,False,False,False,False,True
2026-04-24,Andhra Pradesh,East Godavari,Jaggampet,Paddy(Common),Common,FAQ,2369.0,2379.0,2379.0,2377.0,241.6,682.7,627.8857142857142,0.8476319350473613,0.3,37.6,26.3,74.0,31.950000000000003,4,4,17,0.1000000000000009,-0.12499999999999975,0,0,0,1,2320.0,0,0,0,0,2377.0,0.0,0.0,0.0,0.0,2377.0,2377.0,0.0,0.0,0.9999999957930163,0.9999999957930163,1,True,False,False,False,False,False,False,False,False,False,False,True,False,False,False,False,False,False,False
2026-04-24,Andhra Pradesh,Kakinada,Jaggampet,Paddy(Common),Common,FAQ,2369.0,2379.0,2379.0,2377.0,241.6,341.7,486.35714285714283,-0.2698717948717949,0.3,37.6,26.3,74.0,31.950000000000003,4,4,17,0.5,0.10000000000000003,0,0,0,1,2320.0,0,0,0,0,2377.0,0.0,0.0,0.0,0.0,2377.0,2377.0,0.0,0.0,0.9999999957930163,0.9999999957930163,1,True,False,False,False,False,False,False,False,False,False,False,False,False,True,False,False,False,False,False
2026-04-24,Andhra Pradesh,Nellore,Rapur,Paddy(Common),Common,Local,2370.0,2430.0,2400.0,2400.0,241.6,341.7,574.5571428571428,-0.2698717948717949,0.3,37.6,26.3,74.0,31.950000000000003,4,4,17,0.5,-1.9833333333333334,0,0,0,1,2320.0,0,0,0,0,2408.0,0.0033333333194444444,-0.003322259122415867,-0.0041493775761436615,-0.012345678961540416,2416.0,2428.1428571428573,8.485281374240316,15.893187427114862,0.9933774793320468,0.9884097152915995,1,False,False,False,False,False,False,False,True,False,False,False,False,False,False,False,False,True,False,False
2026-04-25,Andhra Pradesh,East Godavari,Jaggampet,Paddy(Common),Common,FAQ,2369.0,2379.0,2379.0,2377.0,230.1,241.6,585.0857142857143,-0.6461110297348762,0.0,37.4,26.0,73.0,31.7,5,4,17,0.4000000000000009,0.17500000000000027,0,0,0,1,2320.0,0,0,0,0,2377.0,0.0,0.0,0.0,0.0,2377.0,2377.0,0.0,0.0,0.9999999957930163,0.9999999957930163,1,True,False,False,False,False,False,False,False,False,False,False,True,False,False,False,False,False,False,False
2026-04-25,Andhra Pradesh,Kakinada,Jaggampet,Paddy(Common),Common,FAQ,2369.0,2379.0,2379.0,2377.0,230.1,241.6,441.6857142857143,-0.29294702955809193,0.0,37.4,26.0,73.0,31.7,5,4,17,0.8,0.4000000000000001,0,0,0,1,2320.0,0,0,0,0,2377.0,0.0,0.0,0.0,0.0,2377.0,2377.0,0.0,0.0,0.9999999957930163,0.9999999957930163,1,True,False,False,False,False,False,False,False,False,False,False,False,False,True,False,False,False,False,False
2026-04-25,Andhra Pradesh,Nellore,Rapur,Paddy(Common),Common,Local,2380.0,2430.0,2410.0,2408.0,230.1,241.6,468.0857142857143,-0.29294702955809193,0.0,37.4,26.0,73.0,31.7,5,4,17,0.8,-1.6833333333333333,0,0,0,1,2320.0,0,0,0,0,2416.0,0.003322259122415867,0.0033333333194444444,0.0008312551918900448,-0.004958677665460009,2411.714285714286,2424.4285714285716,7.782764841074944,15.964934101934467,0.9984598939762946,0.9932237305093593,1,False,False,False,False,False,False,False,True,False,False,False,False,False,False,False,False,True,False,False
2026-04-25,Andhra Pradesh,SPSR Nellore,Rapur,Paddy(Common),Common,Local,2380.0,2430.0,2410.0,2408.0,230.1,341.7,981.0714285714286,0.09695024077046543,0.0,37.4,26.0,73.0,31.7,5,4,17,6.300000000000001,-2.7750000000000004,0,0,0,1,2320.0,0,0,0,0,2404.0,-0.0016611295612079335,0.0,-0.004135649279836024,-0.017944535000226202,2425.1428571428573,2432.3076923076924,15.868507296198624,15.55305230163637,0.9929311928896568,0.9900063210404546,1,False,False,False,False,False,False,False,True,False,False,False,False,False,False,False,False,False,False,True
2026-04-26,Andhra Pradesh,East Godavari,Jaggampet,Paddy(Common),Common,FAQ,2369.0,2379.0,2379.0,2377.0,208.6,230.1,476.9714285714286,-0.04759933774834435,0.0,36.9,26.3,73.0,31.6,6,4,17,0.40000000000000085,0.1750000000000002,0,0,1,1,2320.0,0,0,0,0,2377.0,0.0,0.0,0.0,0.0,2377.0,2377.0,0.0,0.0,0.9999999957930163,0.9999999957930163,1,True,False,False,False,False,False,False,False,False,False,False,True,False,False,False,False,False,False,False
2026-04-27,Andhra Pradesh,East Godavari,Jaggampet,Paddy(Common),Common,FAQ,2369.0,2379.0,2379.0,2377.0,386.7,208.6,423.37142857142857,-0.09343763581051712,0.0,37.2,26.1,73.0,31.650000000000002,0,4,18,0.40000000000000085,-11.642857142857142,0,0,0,1,2320.0,0,0,0,0,2377.0,0.0,0.0,0.0,0.0,2377.0,2377.0,0.0,0.0,0.9999999957930163,0.9999999957930163,1,True,False,False,False,False,False,False,False,False,False,False,True,False,False,False,False,False,False,False
2026-04-27,Andhra Pradesh,Kakinada,Jaggampet,Paddy(Common),Common,FAQ,2369.0,2379.0,2379.0,2377.0,386.7,230.1,377.87142857142857,-0.04759933774834435,0.0,37.2,26.1,73.0,31.650000000000002,0,4,18,0.8,-8.083333333333332,0,0,0,1,2320.0,0,0,0,0,2377.0,0.0,0.0,0.0,0.0,2377.0,2377.0,0.0,0.0,0.9999999957930163,0.9999999957930163,1,True,False,False,False,False,False,False,False,False,False,False,False,False,True,False,False,False,False,False
2026-04-27,Andhra Pradesh,SPSR Nellore,Rapur,Paddy(Common),Paddy,Local,2370.0,2420.0,2410.0,2404.0,386.7,230.1,703.4,-0.3266022827041264,0.0,37.2,26.1,73.0,31.650000000000002,0,4,18,0.5,-0.033333333333333326,0,0,0,1,2320.0,0,0,0,0,2416.0,0.004991680511681861,-0.0016611295612079335,-0.0024896265456861967,-0.01394585720284718,2418.8571428571427,2430.5714285714284,11.596386957849111,16.294002132518145,0.9938577799686957,0.9890678224265459,1,False,False,False,False,False,False,False,True,False,False,False,False,False,False,False,False,False,False,True
2026-04-28,Andhra Pradesh,East Godavari,Jaggampet,Paddy(Common),Common,FAQ,2369.0,2379.0,2379.0,2377.0,140.4,386.7,399.42857142857144,0.8537871524448706,0.3,35.9,27.0,71.0,31.45,1,4,18,0.40000000000000085,-11.642857142857142,0,0,0,1,2320.0,0,0,0,0,2377.0,0.0,0.0,0.0,0.0,2377.0,2377.0,0.0,0.0,0.9999999957930163,0.9999999957930163,1,True,False,False,False,False,False,False,False,False,False,False,True,False,False,False,False,False,False,False
2026-04-28,Andhra Pradesh,Kakinada,Jaggampet,Paddy(Common),Common,FAQ,2369.0,2379.0,2379.0,2377.0,140.4,386.7,380.32857142857137,0.680573663624511,0.3,35.9,27.0,71.0,31.45,1,4,18,0.8,-8.083333333333332,0,0,0,1,2320.0,0,0,0,0,2377.0,0.0,0.0,0.0,0.0,2377.0,2377.0,0.0,0.0,0.9999999957930163,0.9999999957930163,1,True,False,False,False,False,False,False,False,False,False,False,False,False,True,False,False,False,False,False
2026-04-29,Andhra Pradesh,East Godavari,Jaggampet,Paddy(Common),Common,FAQ,2369.0,2379.0,2379.0,2377.0,219.0,140.4,322.8,-0.6369278510473235,0.1,36.8,27.7,70.0,32.25,2,4,18,0.7000000000000008,-11.342857142857142,0,0,0,1,2320.0,0,0,0,0,2377.0,0.0,0.0,0.0,0.0,2377.0,2377.0,0.0,0.0,0.9999999957930163,0.9999999957930163,1,True,False,False,False,False,False,False,False,False,False,False,True,False,False,False,False,False,False,False
2026-04-29,Andhra Pradesh,Kakinada,Jaggampet,Paddy(Common),Common,FAQ,2369.0,2379.0,2379.0,2377.0,219.0,140.4,302.85714285714283,-0.6369278510473235,0.1,36.8,27.7,70.0,32.25,2,4,18,1.0,-7.883333333333333,0,0,0,1,2320.0,0,0,0,0,2377.0,0.0,0.0,0.0,0.0,2377.0,2377.0,0.0,0.0,0.9999999957930163,0.9999999957930163,1,True,False,False,False,False,False,False,False,False,False,False,False,False,True,False,False,False,False,False
2026-04-29,Andhra Pradesh,Nellore,Rapur,Paddy(Common),Common,Local,2380.0,2440.0,2420.0,2416.0,219.0,230.1,421.7714285714286,-0.04759933774834435,0.1,36.8,27.7,70.0,32.25,2,4,18,0.8,-0.050000000000000044,0,0,0,1,2320.0,0,0,0,0,2412.0,-0.001655629132220078,0.003322259122415867,0.003322259122415867,-0.0016528925551533365,2410.0,2421.285714285714,6.928203230279058,14.371063722893176,1.0024896223963085,0.9978169762318019,1,False,False,False,False,False,False,False,True,False,False,False,False,False,False,False,False,True,False,False
2026-04-29,Andhra Pradesh,SPSR Nellore,Rapur,Paddy(Common),Common,Local,2380.0,2440.0,2420.0,2416.0,219.0,386.7,499.12857142857143,0.680573663624511,0.1,36.8,27.7,70.0,32.25,2,4,18,0.5,-0.033333333333333326,0,0,0,1,2320.0,0,0,0,0,2412.0,-0.001655629132220078,0.004991680511681861,0.003322259122415867,-0.005761316848718861,2414.0,2427.5714285714284,9.09212113132286,17.082218761103526,1.000828496268316,0.9952333272720336,1,False,False,False,False,False,False,False,True,False,False,False,False,False,False,False,False,False,False,True
2026-04-30,Andhra Pradesh,East Godavari,Jaggampet,Paddy(Common),Common,FAQ,2369.0,2379.0,2379.0,2377.0,138.5,219.0,301.3,0.5598290598290598,16.9,36.6,26.7,77.0,31.65,3,4,18,0.8000000000000008,-11.242857142857142,0,0,0,1,2320.0,0,0,0,0,2377.0,0.0,0.0,0.0,0.0,2377.0,2377.0,0.0,0.0,0.9999999957930163,0.9999999957930163,1,True,False,False,False,False,False,False,False,False,False,False,True,False,False,False,False,False,False,False
2026-04-30,Andhra Pradesh,Kakinada,Jaggampet,Paddy(Common),Common,FAQ,2369.0,2379.0,2379.0,2377.0,138.5,219.0,289.64285714285717,0.5598290598290598,16.9,36.6,26.7,77.0,31.65,3,4,18,0.7,-8.183333333333334,0,0,0,1,2320.0,0,0,0,0,2377.0,0.0,0.0,0.0,0.0,2377.0,2377.0,0.0,0.0,0.9999999957930163,0.9999999957930163,1,True,False,False,False,False,False,False,False,False,False,False,False,False,True,False,False,False,False,False
2026-04-30,Andhra Pradesh,Nellore,Rapur,Paddy(Common),Common,Local,2370.0,2430.0,2420.0,2412.0,138.5,219.0,356.37142857142857,-0.04823989569752274,16.9,36.6,26.7,77.0,31.65,3,4,18,0.9,0.04999999999999993,0,0,0,1,2320.0,0,0,0,0,2392.0,-0.008291873929138167,-0.001655629132220078,0.004999999979166666,-0.0024813895679016143,2409.4285714285716,2420.4285714285716,6.078847008473871,14.297467692481915,1.0010672317043336,0.9965177318210326,1,False,False,False,False,False,False,False,True,False,False,False,False,False,False,False,False,True,False,False
2026-04-30,Andhra Pradesh,SPSR Nellore,Rapur,Paddy(Common),Common,Local,2370.0,2430.0,2420.0,2412.0,138.5,219.0,389.42857142857144,-0.4336695112490302,16.9,36.6,26.7,77.0,31.65,3,4,18,0.6,0.06666666666666665,0,0,0,1,2320.0,0,0,0,0,2392.0,-0.008291873929138167,-0.001655629132220078,0.0016611295612079335,-0.003305785110306673,2412.0,2425.0,5.999999999998443,15.782171050806735,0.999999995854063,0.9946391711561271,1,False,False,False,False,False,False,False,True,False,False,False,False,False,False,False,False,False,False,True
2026-05-01,Andhra Pradesh,East Godavari,Jaggampet,Paddy(Common),Common,FAQ,2369.0,2379.0,2379.0,2377.0,37.5,138.5,223.55714285714288,-0.36757990867579904,14.8,38.3,27.2,72.0,32.75,4,5,18,17.599999999999998,5.557142857142855,0,0,0,1,2320.0,0,0,0,0,2377.0,0.0,0.0,0.0,0.0,2377.0,2377.0,0.0,0.0,0.9999999957930163,0.9999999957930163,1,True,False,False,False,False,False,False,False,False,False,False,True,False,False,False,False,False,False,False
2026-05-01,Andhra Pradesh,Kakinada,Jaggampet,Paddy(Common),Common,FAQ,2369.0,2379.0,2379.0,2377.0,37.5,138.5,242.57142857142858,-0.36757990867579904,14.8,38.3,27.2,72.0,32.75,4,5,18,17.599999999999998,8.716666666666665,0,0,0,1,2320.0,0,0,0,0,2377.0,0.0,0.0,0.0,0.0,2377.0,2377.0,0.0,0.0,0.9999999957930163,0.9999999957930163,1,True,False,False,False,False,False,False,False,False,False,False,False,False,True,False,False,False,False,False
2026-05-02,Andhra Pradesh,East Godavari,Jaggampet,Paddy(Common),Common,FAQ,2369.0,2379.0,2379.0,2377.0,100.2,37.5,194.4,-0.7292418772563176,0.2,36.4,28.0,74.0,32.2,5,5,18,32.099999999999994,20.05714285714285,0,0,0,1,2320.0,0,0,0,0,2377.0,0.0,0.0,0.0,0.0,2377.0,2377.0,0.0,0.0,0.9999999957930163,0.9999999957930163,1,True,False,False,False,False,False,False,False,False,False,False,True,False,False,False,False,False,False,False
2026-05-03,Andhra Pradesh,East Godavari,Jaggampet,Paddy(Common),Common,FAQ,2369.0,2379.0,2379.0,2377.0,97.9,100.2,175.84285714285716,1.6720000000000002,1.9,36.2,28.0,73.0,32.1,6,5,18,32.3,20.257142857142853,0,0,1,1,2320.0,0,0,0,0,2377.0,0.0,0.0,0.0,0.0,2377.0,2377.0,0.0,0.0,0.9999999957930163,0.9999999957930163,1,True,False,False,False,False,False,False,False,False,False,False,True,False,False,False,False,False,False,False
2026-05-03,Andhra Pradesh,Kakinada,Jaggampet,Paddy(Common),Common,FAQ,2369.0,2379.0,2379.0,2377.0,97.9,37.5,199.1142857142857,-0.7292418772563176,1.9,36.2,28.0,73.0,32.1,6,5,18,32.4,23.516666666666666,0,0,1,1,2320.0,0,0,0,0,2377.0,0.0,0.0,0.0,0.0,2377.0,2377.0,0.0,0.0,0.9999999957930163,0.9999999957930163,1,True,False,False,False,False,False,False,False,False,False,False,False,False,True,False,False,False,False,False
2026-05-04,Andhra Pradesh,East Godavari,Jaggampet,Paddy(Common),Common,FAQ,2369.0,2379.0,2379.0,2377.0,37.5,97.9,160.02857142857144,-0.022954091816367206,2.4,34.9,26.1,74.0,30.5,0,5,19,34.199999999999996,-1.6666666666666714,0,0,0,1,2320.0,0,0,0,0,2377.0,0.0,0.0,0.0,0.0,2377.0,2377.0,0.0,0.0,0.9999999957930163,0.9999999957930163,1,True,False,False,False,False,False,False,False,False,False,False,True,False,False,False,False,False,False,False
2026-05-04,Andhra Pradesh,Kakinada,Jaggampet,Paddy(Common),Common,FAQ,2369.0,2379.0,2379.0,2377.0,37.5,97.9,178.58571428571426,1.610666666666667,2.4,34.9,26.1,74.0,30.5,0,5,19,34.0,-1.8999999999999986,0,0,0,1,2320.0,0,0,0,0,2377.0,0.0,0.0,0.0,0.0,2377.0,2377.0,0.0,0.0,0.9999999957930163,0.9999999957930163,1,True,False,False,False,False,False,False,False,False,False,False,False,False,True,False,False,False,False,False
2026-05-05,Andhra Pradesh,Kakinada,Jaggampet,Paddy(Common),Common,FAQ,2369.0,2379.0,2379.0,2377.0,228.6,37.5,151.07142857142858,-0.616956077630235,0.1,36.4,27.3,67.0,31.85,1,5,19,36.4,0.5,0,0,0,1,2320.0,0,0,0,0,2377.0,0.0,0.0,0.0,0.0,2377.0,2377.0,0.0,0.0,0.9999999957930163,0.9999999957930163,1,True,False,False,False,False,False,False,False,False,False,False,False,False,True,False,False,False,False,False
2026-05-06,Andhra Pradesh,East Godavari,Jaggampet,Paddy(Common),Common,FAQ,2369.0,2379.0,2379.0,2377.0,67.2,37.5,110.14285714285714,-0.616956077630235,0.5,35.3,27.2,73.0,31.25,2,5,19,36.599999999999994,0.7333333333333272,0,0,0,1,2320.0,0,0,0,0,2377.0,0.0,0.0,0.0,0.0,2377.0,2377.0,0.0,0.0,0.9999999957930163,0.9999999957930163,1,True,False,False,False,False,False,False,False,False,False,False,True,False,False,False,False,False,False,False
2026-05-06,Andhra Pradesh,Kakinada,Jaggampet,Paddy(Common),Common,FAQ,2369.0,2379.0,2379.0,2377.0,67.2,228.6,128.4857142857143,5.096,0.5,35.3,27.2,73.0,31.25,2,5,19,36.5,0.6000000000000014,0,0,0,1,2320.0,0,0,0,0,2377.0,0.0,0.0,0.0,0.0,2377.0,2377.0,0.0,0.0,0.9999999957930163,0.9999999957930163,1,True,False,False,False,False,False,False,False,False,False,False,False,False,True,False,False,False,False,False
2026-05-07,Andhra Pradesh,Kakinada,Jaggampet,Paddy(Common),Common,FAQ,2369.0,2379.0,2379.0,2377.0,75.04,67.2,118.02857142857142,-0.7060367454068242,0.5,34.1,26.6,71.0,30.35,3,5,19,36.699999999999996,0.7999999999999972,0,0,0,1,2320.0,0,0,0,0,2371.2,-0.002440050473537937,0.0,0.0,0.0,2377.0,2377.0,0.0,0.0,0.9999999957930163,0.9999999957930163,1,True,False,False,False,False,False,False,False,False,False,False,False,False,True,False,False,False,False,False
2026-05-11,Andhra Pradesh,Nellore,Rapur,Paddy(Common),Common,Local,2370.0,2420.0,2390.0,2392.0,51.0,138.5,278.62857142857143,-0.36757990867579904,0.0,36.5,25.9,65.0,31.2,0,5,20,17.7,-0.9666666666666686,0,0,0,1,2320.0,0,0,0,0,2392.0,0.0,-0.008291873929138167,-0.006644518244831734,-0.00746887963705859,2408.5714285714284,2419.285714285714,4.995235825507606,14.285164824597318,0.9931198060783875,0.9887215784345726,1,False,False,False,False,False,False,False,True,False,False,False,False,False,False,False,False,True,False,False
2026-05-11,Andhra Pradesh,SPSR Nellore,Rapur,Paddy(Common),Common,Local,2370.0,2420.0,2390.0,2392.0,51.0,138.5,330.02857142857147,-0.36757990867579904,0.0,36.5,25.9,65.0,31.2,0,5,20,17.5,-1.0333333333333314,0,0,0,1,2320.0,0,0,0,0,2392.0,0.0,-0.008291873929138167,-0.004991680511681861,-0.010752688127573663,2410.8571428571427,2422.1428571428573,4.879500364740738,14.043104756740622,0.9921782371739466,0.9875552893465719,1,False,False,False,False,False,False,False,True,False,False,False,False,False,False,False,False,False,False,True
2026-05-14,Andhra Pradesh,Nellore,Rapur,Paddy(Common),Common,Local,2370.0,2420.0,2390.0,2392.0,124.4,51.0,241.41428571428574,-0.631768953068592,3.7,38.1,27.9,68.0,33.0,3,5,20,17.3,-1.3666666666666671,0,0,0,1,2320.0,0,0,0,0,2392.0,0.0,0.0,-0.009933774793320468,-0.005818786343230314,2406.0,2415.0,7.916228058029333,12.618667490299211,0.9941812095004936,0.9904761863748397,1,False,False,False,False,False,False,False,True,False,False,False,False,False,False,False,False,True,False,False
2026-05-14,Andhra Pradesh,SPSR Nellore,Rapur,Paddy(Common),Common,Local,2370.0,2420.0,2390.0,2392.0,124.4,51.0,239.78571428571428,-0.631768953068592,3.7,38.1,27.9,68.0,33.0,3,5,20,17.4,-1.1333333333333329,0,0,0,1,2320.0,0,0,0,0,2392.0,0.0,0.0,-0.009933774793320468,-0.00746887963705859,2407.1428571428573,2419.5714285714284,7.646972634720885,16.041840896251934,0.9937091946848875,0.9886048255770008,1,False,False,False,False,False,False,False,True,False,False,False,False,False,False,False,False,False,False,True
2026-05-15,Andhra Pradesh,Nellore,Rapur,Paddy(Common),Common,Local,2370.0,2420.0,2390.0,2392.0,25.0,124.4,192.32857142857145,1.43921568627451,0.0,37.3,27.1,69.0,32.2,4,5,20,21.0,2.333333333333332,0,0,0,1,2320.0,0,0,0,0,2388.0,-0.001672240795684612,0.0,-0.008291873929138167,-0.006644518244831734,2404.0,2411.714285714286,9.5219045713943,12.14925494029781,0.9950083153285842,0.9918256089664853,1,False,False,False,False,False,False,False,True,False,False,False,False,False,False,False,False,True,False,False
2026-05-15,Andhra Pradesh,SPSR Nellore,Rapur,Paddy(Common),Common,Local,2370.0,2420.0,2390.0,2392.0,25.0,124.4,213.05714285714285,1.43921568627451,0.0,37.3,27.1,69.0,32.2,4,5,20,20.7,2.166666666666668,0,0,0,1,2320.0,0,0,0,0,2388.0,-0.001672240795684612,0.0,-0.008291873929138167,-0.006644518244831734,2404.5714285714284,2417.0,9.360504666898379,17.413522596843283,0.994771858980868,0.9896565949952146,1,False,False,False,False,False,False,False,True,False,False,False,False,False,False,False,False,False,False,True
2026-05-20,Andhra Pradesh,Nellore,Rapur,Paddy(Common),Common,Local,2370.0,2400.0,2390.0,2388.0,82.0,25.0,147.08571428571432,-0.7990353697749196,0.5,40.8,29.8,59.0,35.3,2,5,21,21.0,-0.10000000000000142,0,0,0,1,2320.0,0,0,0,0,2390.0,0.0008375209345162439,-0.001672240795684612,-0.001672240795684612,-0.004999999979166666,2401.714285714286,2408.8571428571427,10.291003930853606,11.70704681185194,0.9942897888650792,0.9913414737638534,1,False,False,False,False,False,False,False,True,False,False,False,False,False,False,False,False,True,False,False
2026-05-20,Andhra Pradesh,SPSR Nellore,Rapur,Paddy(Common),Common,Local,2370.0,2400.0,2390.0,2388.0,82.0,25.0,167.81428571428572,-0.7990353697749196,0.5,40.8,29.8,59.0,35.3,2,5,21,20.7,-0.33333333333333215,0,0,0,1,2320.0,0,0,0,0,2390.0,0.0008375209345162439,-0.001672240795684612,-0.001672240795684612,-0.008305647806039668,2402.285714285714,2413.714285714286,10.291003930848555,17.48594411972782,0.9940532784500636,0.9893465868102354,1,False,False,False,False,False,False,False,True,False,False,False,False,False,False,False,False,False,False,True
2026-05-21,Andhra Pradesh,Nellore,Rapur,Paddy(Common),Common,Local,2370.0,2410.0,2390.0,2390.0,288.0,82.0,124.28571428571429,2.28,0.0,40.8,31.0,57.0,35.9,3,5,21,21.2,0.09999999999999787,0,0,0,1,2320.0,0,0,0,0,2382.0,-0.003347280320722676,0.0008375209345162439,-0.000836120397842306,-0.007475083025435701,2400.0,2405.8571428571427,11.547005383796412,11.244534691995987,0.9958333291840277,0.9934089383327221,1,False,False,False,False,False,False,False,True,False,False,False,False,False,False,False,False,True,False,False
2026-05-21,Andhra Pradesh,SPSR Nellore,Rapur,Paddy(Common),Common,Local,2370.0,2410.0,2390.0,2390.0,288.0,82.0,146.65714285714287,2.28,0.0,40.8,31.0,57.0,35.9,3,5,21,21.2,0.16666666666666785,0,0,0,1,2320.0,0,0,0,0,2390.0,0.0,0.0008375209345162439,-0.000836120397842306,-0.005823627263628838,2399.4285714285716,2409.1428571428573,11.178210096091316,14.878260562399115,0.9960704888232355,0.992054075578523,1,False,False,False,False,False,False,False,True,False,False,False,False,False,False,False,False,False,False,True
2026-05-22,Andhra Pradesh,SPSR Nellore,Rapur,Paddy(Common),Common,Local,2370.0,2410.0,2390.0,2390.0,42.0,288.0,132.55714285714285,2.5121951219512195,0.4,39.4,31.5,56.0,35.45,4,5,21,21.2,0.16666666666666785,0,0,0,1,2320.0,0,0,0,0,2384.0,-0.0025104602405420073,0.0,-0.000836120397842306,-0.010761589359430506,2397.4285714285716,2405.714285714286,11.472534489772627,13.14667885190665,0.9969014378630019,0.9934679293620691,1,False,False,False,False,False,False,False,True,False,False,False,False,False,False,False,False,False,False,True
2026-05-25,Andhra Pradesh,Nellore,Rapur,Paddy(Common),Common,Local,2370.0,2400.0,2380.0,2382.0,571.4,288.0,132.55714285714285,2.5121951219512195,0.0,39.8,28.5,64.0,34.15,0,5,22,21.2,0.05000000000000071,0,0,0,1,2320.0,0,0,0,0,2384.0,0.0008396305590275795,-0.003347280320722676,-0.0041806019892115295,-0.014072847623870663,2397.4285714285716,2403.714285714286,11.472534489778127,11.200470947709519,0.9935645292843809,0.9909663574606177,1,False,False,False,False,False,False,False,True,False,False,False,False,False,False,False,False,True,False,False
2026-05-26,Andhra Pradesh,SPSR Nellore,Rapur,Paddy(Common),Common,Local,2370.0,2410.0,2380.0,2384.0,42.0,42.0,107.27142857142857,-0.8541666666666666,1.8,39.7,29.6,62.0,34.650000000000006,1,5,22,21.5,7.550000000000001,0,0,0,1,2320.0,0,0,0,0,2385.0,0.0004194630854888293,-0.0025104602405420073,-0.0016750418690324878,-0.011608623500793435,2393.714285714286,2402.8571428571427,8.19988385515719,11.733300033252972,0.9959417480475099,0.992152195633136,1,False,False,False,False,False,False,False,True,False,False,False,False,False,False,False,False,False,False,True
2026-05-27,Andhra Pradesh,SPSR Nellore,Rapur,Paddy(Common),Common,Local,2370.0,2400.0,2385.0,2385.0,475.4,42.0,93.48571428571428,0.0,0.1,36.4,27.1,62.0,31.75,2,5,22,6.4,-7.549999999999999,0,0,0,1,2320.0,0,0,0,0,2370.0,-0.006289308149730364,0.0004194630854888293,-0.0020920502004516724,-0.002926421392448071,2389.714285714286,2400.285714285714,2.9277002188401453,11.631711107859719,0.998027255508016,0.9936317063710142,1,False,False,False,False,False,False,False,True,False,False,False,False,False,False,False,False,False,False,True
2026-05-30,Andhra Pradesh,NTR,Mylavaram,Paddy(Common),1001,FAQ,2369.0,2369.0,2369.0,2369.0,196.2,20.0,247.7,-0.9579301640723601,0.0,35.5,28.6,68.0,32.05,5,5,22,0.1,0.03333333333333334,0,0,0,1,2320.0,0,0,0,0,2369.0,0.0,0.0,,,2369.0,,0.0,0.0,0.9999999957788096,,1,False,False,False,True,False,False,False,False,False,False,False,False,False,False,False,True,False,False,False
2026-05-30,Andhra Pradesh,Eluru,Polavaram,Paddy(Common),1001,Local,2369.0,2369.0,2369.0,2369.0,196.2,20.0,35.0,-0.6,0.0,35.5,28.6,68.0,32.05,5,5,22,5.2,1.2999999999999998,0,0,0,1,2320.0,0,0,0,0,2369.0,0.0,0.0,,,2369.0,,0.0,0.0,0.9999999957788096,,1,False,False,False,False,False,True,False,False,False,False,False,False,True,False,False,False,False,False,False
2026-05-31,Andhra Pradesh,Eluru,Polavaram,Paddy(Common),1001,Local,2369.0,2369.0,2369.0,2369.0,3.1,196.2,88.73333333333333,8.809999999999999,0.2,36.8,28.3,70.0,32.55,6,5,22,5.2,1.2999999999999998,0,0,1,1,2320.0,0,0,0,0,2369.0,0.0,0.0,0.0,,2369.0,2369.0,0.0,0.0,0.9999999957788096,0.9999999957788096,1,False,False,False,False,False,True,False,False,False,False,False,False,True,False,False,False,False,False,False
2026-06-01,Andhra Pradesh,NTR,Mylavaram,Paddy(Common),1001,FAQ,2369.0,2369.0,2369.0,2369.0,28.8,196.2,230.5333333333333,8.809999999999999,0.0,35.2,26.4,74.0,30.8,0,6,23,0.1,-1.7400000000000002,0,1,0,1,2320.0,1,0,0,0,2369.0,0.0,0.0,0.0,,2369.0,2369.0,0.0,0.0,0.9999999957788096,0.9999999957788096,0,False,False,False,True,False,False,False,False,False,False,False,False,False,False,False,True,False,False,False
2026-06-01,Andhra Pradesh,NTR,Nandigama,Paddy(Common),B P T,Grade Range-1,1800.0,1800.0,1800.0,1800.0,28.8,3.1,99.64999999999999,-0.9841997961264016,0.0,35.2,26.4,74.0,30.8,0,6,23,0.2,-1.7400000000000002,0,1,0,1,2320.0,1,0,0,0,1800.0,0.0,0.0,,,1800.0,,0.0,0.0,0.9999999944444445,,0,False,False,False,False,True,False,False,False,False,False,False,False,False,False,False,True,False,False,False
2026-06-01,Andhra Pradesh,Eluru,Polavaram,Paddy(Common),1001,Local,2369.0,2369.0,2369.0,2369.0,28.8,3.1,67.325,-0.9841997961264016,0.0,35.2,26.4,74.0,30.8,0,6,23,5.4,-1.0,0,0,0,1,2320.0,1,0,0,0,2369.0,0.0,0.0,0.0,,2369.0,2369.0,0.0,0.0,0.9999999957788096,0.9999999957788096,0,False,False,False,False,False,True,False,False,False,False,False,False,True,False,False,False,False,False,False
2026-06-02,Andhra Pradesh,East Godavari,Kovvur,Paddy(Common),MTU-1010,Grade Range-2,2400.0,2400.0,2400.0,2400.0,47.3,28.8,112.5,-0.8532110091743119,2.0,35.8,27.8,77.0,31.799999999999997,1,6,23,0.0,-2.25,0,1,0,1,2320.0,1,0,0,0,2400.0,0.0,0.0,,,2400.0,,0.0,0.0,0.9999999958333333,,0,False,True,False,False,False,False,False,False,False,False,False,True,False,False,False,False,False,False,False
2026-06-02,Andhra Pradesh,NTR,Mylavaram,Paddy(Common),1001,FAQ,2369.0,2369.0,2369.0,2369.0,47.3,28.8,180.1,-0.8532110091743119,2.0,35.8,27.8,77.0,31.799999999999997,1,6,23,0.1,-1.7400000000000002,0,1,0,1,2320.0,1,0,0,0,2369.0,0.0,0.0,0.0,,2369.0,2369.0,0.0,0.0,0.9999999957788096,0.9999999957788096,0,False,False,False,True,False,False,False,False,False,False,False,False,False,False,False,True,False,False,False
2026-06-02,Andhra Pradesh,NTR,Nandigama,Paddy(Common),B P T,Grade Range-1,1800.0,1800.0,1800.0,1800.0,47.3,28.8,76.03333333333333,8.290322580645162,2.0,35.8,27.8,77.0,31.799999999999997,1,6,23,0.2,-1.7400000000000002,0,1,0,1,2320.0,1,0,0,0,1820.0,0.011111111049382717,0.0,0.0,,1800.0,1800.0,0.0,0.0,0.9999999944444445,0.9999999944444445,0,False,False,False,False,True,False,False,False,False,False,False,False,False,False,False,True,False,False,False
2026-06-02,Andhra Pradesh,Eluru,Polavaram,Paddy(Common),1001,Local,2369.0,2369.0,2369.0,2369.0,47.3,28.8,59.61999999999999,8.290322580645162,2.0,35.8,27.8,77.0,31.799999999999997,1,6,23,5.4,-1.0,0,0,0,1,2320.0,1,0,0,0,2369.0,0.0,0.0,0.0,,2369.0,2369.0,0.0,0.0,0.9999999957788096,0.9999999957788096,0,False,False,False,False,False,True,False,False,False,False,False,False,True,False,False,False,False,False,False
2026-06-02,Andhra Pradesh,NTR,Tiruvuru,Paddy(Common),Sona,FAQ,2400.0,2400.0,2400.0,2400.0,47.3,28.8,24.4,0.43999999999999995,2.0,35.8,27.8,77.0,31.799999999999997,1,6,23,0.0,-1.7399999999999998,0,1,0,1,2320.0,1,0,0,0,2400.0,0.0,-0.020408163182007496,,,2350.0,,141.4213562373095,0.0,1.0212765913988229,,0,False,False,False,False,False,False,False,False,True,False,False,False,False,False,False,True,False,False,False
2026-06-03,Andhra Pradesh,East Godavari,Kovvur,Paddy(Common),MTU-1010,Grade Range-2,2400.0,2400.0,2400.0,2400.0,28.3,47.3,90.76666666666665,0.6423611111111109,0.0,37.1,27.1,72.0,32.1,2,6,23,2.0,-0.25,0,0,0,1,2320.0,1,0,0,0,2400.0,0.0,0.0,0.0,,2400.0,2400.0,0.0,0.0,0.9999999958333333,0.9999999958333333,0,False,True,False,False,False,False,False,False,False,False,False,True,False,False,False,False,False,False,False
2026-06-03,Andhra Pradesh,Bapatla,Kuchinapudi,Paddy(Common),B P T,Local,2400.0,2500.0,2450.0,2450.0,28.3,47.3,38.05,0.6423611111111109,0.0,37.1,27.1,72.0,32.1,2,6,23,2.0,-0.25,0,0,0,1,2320.0,1,0,0,0,2450.0,0.0,0.0,,,2450.0,,0.0,0.0,0.9999999959183673,,0,False,False,True,False,False,False,False,False,False,False,True,False,False,False,False,False,False,False,False
2026-06-03,Andhra Pradesh,NTR,Mylavaram,Paddy(Common),1001,FAQ,2369.0,2369.0,2369.0,2369.0,28.3,47.3,153.54,0.6423611111111109,0.0,37.1,27.1,72.0,32.1,2,6,23,2.1,0.2599999999999998,0,0,0,1,2320.0,1,0,0,0,2369.0,0.0,0.0,0.0,,2369.0,2369.0,0.0,0.0,0.9999999957788096,0.9999999957788096,0,False,False,False,True,False,False,False,False,False,False,False,False,False,False,False,True,False,False,False
2026-06-03,Andhra Pradesh,NTR,Nandigama,Paddy(Common),B P T,Grade Range-1,1820.0,1820.0,1820.0,1820.0,28.3,47.3,68.85,0.6423611111111109,0.0,37.1,27.1,72.0,32.1,2,6,23,2.2,0.26,0,0,0,1,2320.0,1,0,0,0,1820.0,0.0,0.011111111049382717,0.011111111049382717,,1800.0,1800.0,0.0,0.0,1.011111105493827,1.011111105493827,0,False,False,False,False,True,False,False,False,False,False,False,False,False,False,False,True,False,False,False
2026-06-03,Andhra Pradesh,Eluru,Polavaram,Paddy(Common),1001,Local,2369.0,2369.0,2369.0,2369.0,28.3,47.3,57.56666666666666,0.6423611111111109,0.0,37.1,27.1,72.0,32.1,2,6,23,7.4,1.0,0,0,0,1,2320.0,1,0,0,0,2380.0,0.004643309393654245,0.0,0.0,,2369.0,2369.0,0.0,0.0,0.9999999957788096,0.9999999957788096,0,False,False,False,False,False,True,False,False,False,False,False,False,True,False,False,False,False,False,False
2026-06-03,Andhra Pradesh,NTR,Tiruvuru,Paddy(Common),Sona,Local,2400.0,2400.0,2400.0,2400.0,28.3,47.3,32.03333333333333,0.6423611111111109,0.0,37.1,27.1,72.0,32.1,2,6,23,2.0,0.26000000000000023,0,0,0,1,2320.0,1,0,0,0,2400.0,0.0,0.0,0.06666666637037036,,2366.6666666666665,2366.6666666666665,104.08329997330665,104.08329997330665,1.0140845027573895,1.0140845027573895,0,False,False,False,False,False,False,False,False,True,False,False,False,False,False,False,True,False,False,False
2026-06-04,Andhra Pradesh,East Godavari,Kovvur,Paddy(Common),MTU-1010,Grade Range-2,2400.0,2400.0,2400.0,2400.0,44.2,28.3,75.14999999999999,-0.40169133192389006,2.7,37.2,29.2,64.0,33.2,3,6,23,2.0,-0.25,0,0,0,1,2320.0,1,0,0,0,2400.0,0.0,0.0,0.0,,2400.0,2400.0,0.0,0.0,0.9999999958333333,0.9999999958333333,0,False,True,False,False,False,False,False,False,False,False,False,True,False,False,False,False,False,False,False
2026-06-04,Andhra Pradesh,Bapatla,Kuchinapudi,Paddy(Common),B P T,Local,2400.0,2500.0,2450.0,2450.0,44.2,28.3,34.8,-0.40169133192389006,2.7,37.2,29.2,64.0,33.2,3,6,23,2.0,-0.25,0,0,0,1,2320.0,1,0,0,0,2450.0,0.0,0.0,0.0,,2450.0,2450.0,0.0,0.0,0.9999999959183673,0.9999999959183673,0,False,False,True,False,False,False,False,False,False,False,True,False,False,False,False,False,False,False,False
2026-06-04,Andhra Pradesh,NTR,Mylavaram,Paddy(Common),1001,FAQ,2369.0,2369.0,2369.0,2369.0,44.2,28.3,132.66666666666666,-0.40169133192389006,2.7,37.2,29.2,64.0,33.2,3,6,23,2.1,0.2599999999999998,0,0,0,1,2320.0,1,0,0,0,2369.0,0.0,0.0,0.0,,2369.0,2369.0,0.0,0.0,0.9999999957788096,0.9999999957788096,0,False,False,False,True,False,False,False,False,False,False,False,False,False,False,False,True,False,False,False
2026-06-04,Andhra Pradesh,NTR,Nandigama,Paddy(Common),B P T,Grade Range-1,1820.0,1820.0,1820.0,1820.0,44.2,28.3,60.739999999999995,-0.40169133192389006,2.7,37.2,29.2,64.0,33.2,3,6,23,2.2,0.26,0,0,0,1,2320.0,1,0,0,0,1810.0,-0.0054945054643159045,0.0,0.011111111049382717,,1804.0,1804.0,8.94427190999916,8.94427190999916,1.0088691740084856,1.0088691740084856,0,False,False,False,False,True,False,False,False,False,False,False,False,False,False,False,True,False,False,False
2026-06-04,Andhra Pradesh,NTR,Tiruvuru,Paddy(Common),Sona,Local,2400.0,2400.0,2400.0,2400.0,44.2,28.3,31.099999999999998,-0.40169133192389006,2.7,37.2,29.2,64.0,33.2,3,6,23,2.0,0.26000000000000023,0,0,0,1,2320.0,1,0,0,0,2400.0,0.0,0.0,-0.020408163182007496,,2375.0,2375.0,86.60254037844389,86.60254037844389,1.010526311534626,1.010526311534626,0,False,False,False,False,False,False,False,False,True,False,False,False,False,False,False,True,False,False,False
2026-06-05,Andhra Pradesh,East Godavari,Kovvur,Paddy(Common),MTU-1010,Grade Range-2,2400.0,2400.0,2400.0,2400.0,340.8,44.2,68.96,0.5618374558303887,0.1,36.9,28.3,63.0,32.6,4,6,23,4.7,2.45,0,0,0,1,2320.0,1,0,0,0,2400.0,0.0,0.0,0.0,,2400.0,2400.0,0.0,0.0,0.9999999958333333,0.9999999958333333,0,False,True,False,False,False,False,False,False,False,False,False,True,False,False,False,False,False,False,False
2026-06-05,Andhra Pradesh,Bapatla,Kuchinapudi,Paddy(Common),B P T,Local,2400.0,2500.0,2450.0,2450.0,340.8,44.2,37.15,0.5618374558303887,0.1,36.9,28.3,63.0,32.6,4,6,23,4.7,2.45,0,0,0,1,2320.0,1,0,0,0,2450.0,0.0,0.0,0.0,,2450.0,2450.0,0.0,0.0,0.9999999959183673,0.9999999959183673,0,False,False,True,False,False,False,False,False,False,False,True,False,False,False,False,False,False,False,False
2026-06-05,Andhra Pradesh,NTR,Mylavaram,Paddy(Common),1001,FAQ,2369.0,2369.0,2369.0,2369.0,340.8,44.2,120.02857142857142,0.5618374558303887,0.1,36.9,28.3,63.0,32.6,4,6,23,4.800000000000001,2.9600000000000004,0,0,0,1,2320.0,1,0,0,0,2369.0,0.0,0.0,0.0,0.0,2369.0,2369.0,0.0,0.0,0.9999999957788096,0.9999999957788096,0,False,False,False,True,False,False,False,False,False,False,False,False,False,False,False,True,False,False,False
2026-06-06,Andhra Pradesh,East Godavari,Kovvur,Paddy(Common),MTU-1010,Grade Range-2,2400.0,2400.0,2400.0,2400.0,163.7,340.8,114.26666666666667,6.710407239819005,1.2,37.4,28.5,66.0,32.95,5,6,23,4.8,2.55,0,0,0,1,2320.0,1,0,0,0,2400.0,0.0,0.0,0.0,,2400.0,2400.0,0.0,0.0,0.9999999958333333,0.9999999958333333,0,False,True,False,False,False,False,False,False,False,False,False,True,False,False,False,False,False,False,False
2026-06-06,Andhra Pradesh,Bapatla,Kuchinapudi,Paddy(Common),B P T,Local,2400.0,2500.0,2450.0,2450.0,163.7,340.8,97.88,6.710407239819005,1.2,37.4,28.5,66.0,32.95,5,6,23,4.8,2.55,0,0,0,1,2320.0,1,0,0,0,2450.0,0.0,0.0,0.0,,2450.0,2450.0,0.0,0.0,0.9999999959183673,0.9999999959183673,0,False,False,True,False,False,False,False,False,False,False,True,False,False,False,False,False,False,False,False
2026-06-06,Andhra Pradesh,Eluru,Polavaram,Paddy(Common),1001,Local,2380.0,2380.0,2380.0,2380.0,163.7,28.3,53.385714285714286,-0.40169133192389006,1.2,37.4,28.5,66.0,32.95,5,6,23,7.4,1.0,0,0,0,1,2320.0,1,0,0,0,2380.0,0.0,0.004643309393654245,0.004643309393654245,0.004643309393654245,2369.0,2369.0,0.0,0.0,1.0046433051724637,1.0046433051724637,0,False,False,False,False,False,True,False,False,False,False,False,False,True,False,False,False,False,False,False
2026-06-06,Andhra Pradesh,NTR,Tiruvuru,Paddy(Common),Sona,Local,2400.0,2400.0,2400.0,2400.0,163.7,44.2,33.72,0.5618374558303887,1.2,37.4,28.5,66.0,32.95,5,6,23,4.7,2.9600000000000004,0,0,0,1,2320.0,1,0,0,0,2450.0,0.020833333246527776,0.0,0.0,,2380.0,2380.0,75.82875444051552,75.82875444051552,1.0084033571075488,1.0084033571075488,0,False,False,False,False,False,False,False,False,True,False,False,False,False,False,False,True,False,False,False
2026-06-07,Andhra Pradesh,NTR,Nandigama,Paddy(Common),B P T,Grade Range-1,1810.0,1810.0,1810.0,1810.0,1.1,44.2,57.98333333333333,0.5618374558303887,2.0,37.8,29.4,67.0,33.599999999999994,6,6,23,4.9,2.96,0,0,1,1,2320.0,1,0,0,0,1820.0,0.0055248618479289404,-0.0054945054643159045,0.005555555524691358,,1806.6666666666667,1806.6666666666667,10.327955589886434,10.327955589886434,1.0018450129049168,1.0018450129049168,0,False,False,False,False,True,False,False,False,False,False,False,False,False,False,False,True,False,False,False
2026-06-08,Andhra Pradesh,Bapatla,Kuchinapudi,Paddy(Common),B P T,Local,2400.0,2500.0,2450.0,2450.0,407.6,163.7,108.85000000000001,-0.5196596244131456,5.0,35.4,26.7,66.0,31.049999999999997,0,6,24,6.0,-4.0,0,0,0,1,2320.0,1,0,0,0,2450.0,0.0,0.0,0.0,,2450.0,2450.0,0.0,0.0,0.9999999959183673,0.9999999959183673,0,False,False,True,False,False,False,False,False,False,False,True,False,False,False,False,False,False,False,False
2026-06-08,Andhra Pradesh,NTR,Mylavaram,Paddy(Common),1001,FAQ,2369.0,2369.0,2369.0,2369.0,407.6,340.8,100.8,6.710407239819005,5.0,35.4,26.7,66.0,31.049999999999997,0,6,24,4.800000000000001,-5.619999999999999,0,0,0,1,2320.0,1,0,0,0,2369.0,0.0,0.0,0.0,0.0,2369.0,2369.0,0.0,0.0,0.9999999957788096,0.9999999957788096,0,False,False,False,True,False,False,False,False,False,False,False,False,False,False,False,True,False,False,False
2026-06-08,Andhra Pradesh,NTR,Nandigama,Paddy(Common),B P T,Grade Range-1,1820.0,1820.0,1820.0,1820.0,407.6,1.1,49.857142857142854,-0.9751131221719457,5.0,35.4,26.7,66.0,31.049999999999997,0,6,24,6.9,-7.5,0,0,0,1,2320.0,1,0,0,0,1810.0,-0.0054945054643159045,0.0055248618479289404,0.0,0.011111111049382717,1807.142857142857,1807.142857142857,9.511897312113406,9.511897312113406,1.0071146189329627,1.0071146189329627,0,False,False,False,False,True,False,False,False,False,False,False,False,False,False,False,True,False,False,False
2026-06-08,Andhra Pradesh,Eluru,Polavaram,Paddy(Common),1001,Local,2380.0,2380.0,2380.0,2380.0,407.6,163.7,69.62857142857142,4.784452296819787,5.0,35.4,26.7,66.0,31.049999999999997,0,6,24,3.4,-5.9399999999999995,0,0,0,1,2320.0,1,0,0,0,2389.0,0.003781512589153308,0.0,0.004643309393654245,0.004643309393654245,2370.5714285714284,2370.375,4.157609203101528,3.8890872965260113,1.0039773369724951,1.0040605347083877,0,False,False,False,False,False,True,False,False,False,False,False,False,True,False,False,False,False,False,False
2026-06-08,Andhra Pradesh,NTR,Tiruvuru,Paddy(Common),Sona,Local,2450.0,2450.0,2450.0,2450.0,407.6,163.7,55.383333333333326,2.703619909502262,5.0,35.4,26.7,66.0,31.049999999999997,0,6,24,5.9,-5.619999999999999,0,0,0,1,2320.0,1,0,0,0,2400.0,-0.020408163182007496,0.020833333246527776,0.020833333246527776,,2383.3333333333335,2383.3333333333335,68.31300510639734,68.31300510639734,1.0279720236588585,1.0279720236588585,0,False,False,False,False,False,False,False,False,True,False,False,False,False,False,False,True,False,False,False
2026-06-09,Andhra Pradesh,East Godavari,Kovvur,Paddy(Common),MTU-1010,Grade Range-2,2400.0,2400.0,2400.0,2400.0,445.1,163.7,121.32857142857142,-0.5196596244131456,1.1,36.2,28.1,60.0,32.150000000000006,1,6,24,6.0,-2.0250000000000004,0,0,0,1,2320.0,1,0,0,0,2400.0,0.0,0.0,0.0,0.0,2400.0,2400.0,0.0,0.0,0.9999999958333333,0.9999999958333333,0,False,True,False,False,False,False,False,False,False,False,False,True,False,False,False,False,False,False,False
2026-06-09,Andhra Pradesh,Bapatla,Kuchinapudi,Paddy(Common),B P T,Local,2400.0,2500.0,2450.0,2450.0,445.1,407.6,151.52857142857144,1.4899205864386076,1.1,36.2,28.1,60.0,32.150000000000006,1,6,24,11.0,1.0,0,0,0,1,2320.0,1,0,0,0,2450.0,0.0,0.0,0.0,0.0,2450.0,2450.0,0.0,0.0,0.9999999959183673,0.9999999959183673,0,False,False,True,False,False,False,False,False,False,False,True,False,False,False,False,False,False,False,False
2026-06-09,Andhra Pradesh,NTR,Mylavaram,Paddy(Common),1001,FAQ,2369.0,2369.0,2369.0,2369.0,445.1,407.6,156.17142857142858,0.1960093896713615,1.1,36.2,28.1,60.0,32.150000000000006,1,6,24,9.8,-0.6199999999999992,0,0,0,1,2320.0,1,0,0,0,2369.0,0.0,0.0,0.0,0.0,2369.0,2369.0,0.0,0.0,0.9999999957788096,0.9999999957788096,0,False,False,False,True,False,False,False,False,False,False,False,False,False,False,False,True,False,False,False
2026-06-09,Andhra Pradesh,Eluru,Polavaram,Paddy(Common),1001,Local,2389.0,2389.0,2389.0,2389.0,445.1,407.6,125.0,1.4899205864386076,1.1,36.2,28.1,60.0,32.150000000000006,1,6,24,8.4,-0.9399999999999995,0,0,0,1,2320.0,1,0,0,0,2389.0,0.0,0.003781512589153308,0.00844238071573499,0.00844238071573499,2372.1428571428573,2371.4444444444443,5.36745040121704,4.850544070285095,1.0071062890395999,1.007402891314892,0,False,False,False,False,False,True,False,False,False,False,False,False,True,False,False,False,False,False,False
2026-06-09,Andhra Pradesh,NTR,Tiruvuru,Paddy(Common),Sona,Local,2400.0,2400.0,2400.0,2400.0,445.1,407.6,105.7,1.4899205864386076,1.1,36.2,28.1,60.0,32.150000000000006,1,6,24,10.9,-0.6199999999999992,0,0,0,1,2320.0,1,0,0,0,2400.0,0.0,-0.020408163182007496,0.0,0.06666666637037036,2392.8571428571427,2392.8571428571427,67.25927091345491,67.25927091345491,1.0029850704352863,1.0029850704352863,0,False,False,False,False,False,False,False,False,True,False,False,False,False,False,False,True,False,False,False
2026-06-10,Andhra Pradesh,East Godavari,Kovvur,Paddy(Common),MTU-1010,Grade Range-2,2400.0,2400.0,2400.0,2400.0,451.7,445.1,156.8857142857143,1.7189981673793526,3.0,38.3,27.7,64.0,33.0,2,6,24,7.1000000000000005,-0.9249999999999998,0,0,0,1,2320.0,1,0,0,0,2400.0,0.0,0.0,0.0,0.0,2400.0,2400.0,0.0,0.0,0.9999999958333333,0.9999999958333333,0,False,True,False,False,False,False,False,False,False,False,False,True,False,False,False,False,False,False,False
2026-06-10,Andhra Pradesh,NTR,Mylavaram,Paddy(Common),1001,FAQ,2369.0,2369.0,2369.0,2369.0,451.7,445.1,191.72857142857143,0.09200196270853778,3.0,38.3,27.7,64.0,33.0,2,6,24,10.9,0.4800000000000004,0,0,0,1,2320.0,1,0,0,0,2369.0,0.0,0.0,0.0,0.0,2369.0,2369.0,0.0,0.0,0.9999999957788096,0.9999999957788096,0,False,False,False,True,False,False,False,False,False,False,False,False,False,False,False,True,False,False,False
2026-06-10,Andhra Pradesh,Eluru,Polavaram,Paddy(Common),1001,Local,2389.0,2389.0,2389.0,2389.0,451.7,445.1,160.55714285714288,0.09200196270853778,3.0,38.3,27.7,64.0,33.0,2,6,24,9.5,0.16000000000000014,0,0,0,1,2320.0,1,0,0,0,2389.0,0.0,0.0,0.003781512589153308,0.00844238071573499,2375.0,2373.2,8.062257748298657,7.192588778272673,1.0058947326067589,1.0066576731558332,0,False,False,False,False,False,True,False,False,False,False,False,False,True,False,False,False,False,False,False
2026-06-10,Andhra Pradesh,NTR,Tiruvuru,Paddy(Common),Sona,Local,2400.0,2400.0,2400.0,2400.0,451.7,445.1,166.42857142857142,0.09200196270853778,3.0,38.3,27.7,64.0,33.0,2,6,24,12.0,0.4800000000000004,0,0,0,1,2320.0,1,0,0,0,2450.0,0.020833333246527776,0.0,0.0,-0.020408163182007496,2414.285714285714,2393.75,24.397501823713014,62.32117273791122,0.9940828361191835,1.002610961868988,0,False,False,False,False,False,False,False,False,True,False,False,False,False,False,False,True,False,False,False
2026-06-11,Andhra Pradesh,East Godavari,Kovvur,Paddy(Common),MTU-1010,Grade Range-2,2400.0,2400.0,2400.0,2400.0,311.5,451.7,217.29999999999998,0.014828128510447014,0.8,34.6,27.1,72.0,30.85,3,6,24,10.100000000000001,2.075000000000001,0,0,0,1,2320.0,1,0,0,0,2400.0,0.0,0.0,0.0,0.0,2400.0,2400.0,0.0,0.0,0.9999999958333333,0.9999999958333333,0,False,True,False,False,False,False,False,False,False,False,False,True,False,False,False,False,False,False,False
2026-06-11,Andhra Pradesh,Bapatla,Kuchinapudi,Paddy(Common),B P T,Local,2400.0,2500.0,2450.0,2450.0,311.5,445.1,211.0,0.09200196270853778,0.8,34.6,27.1,72.0,30.85,3,6,24,12.1,2.0999999999999996,0,0,0,1,2320.0,1,0,0,0,2450.0,0.0,0.0,0.0,0.0,2450.0,2450.0,0.0,0.0,0.9999999959183673,0.9999999959183673,0,False,False,True,False,False,False,False,False,False,False,True,False,False,False,False,False,False,False,False
2026-06-11,Andhra Pradesh,NTR,Mylavaram,Paddy(Common),1001,FAQ,2369.0,2369.0,2369.0,2369.0,311.5,451.7,252.14285714285714,0.014828128510447014,0.8,34.6,27.1,72.0,30.85,3,6,24,13.9,3.4800000000000004,0,0,0,1,2320.0,1,0,0,0,2369.0,0.0,0.0,0.0,0.0,2369.0,2369.0,0.0,0.0,0.9999999957788096,0.9999999957788096,0,False,False,False,True,False,False,False,False,False,False,False,False,False,False,False,True,False,False,False
2026-06-11,Andhra Pradesh,Eluru,Polavaram,Paddy(Common),1001,Local,2389.0,2389.0,2389.0,2389.0,311.5,451.7,224.64285714285714,0.014828128510447014,0.8,34.6,27.1,72.0,30.85,3,6,24,12.3,2.960000000000001,0,0,0,1,2320.0,1,0,0,0,2389.0,0.0,0.0,0.003781512589153308,0.00844238071573499,2377.8571428571427,2374.6363636363635,9.063269671749778,8.321931593959812,1.004686087694321,1.0060487687812347,0,False,False,False,False,False,True,False,False,False,False,False,False,True,False,False,False,False,False,False
2026-06-11,Andhra Pradesh,NTR,Tiruvuru,Paddy(Common),Sona,Local,2450.0,2450.0,2450.0,2450.0,311.5,451.7,226.84285714285716,0.014828128510447014,0.8,34.6,27.1,72.0,30.85,3,6,24,15.0,3.4800000000000004,0,0,0,1,2320.0,1,0,0,0,2450.0,0.0,0.020833333246527776,0.0,0.020833333246527776,2407.1428571428573,2394.4444444444443,18.898223650461166,58.333333333333314,1.017804150074404,1.023201851875259,0,False,False,False,False,False,False,False,False,True,False,False,False,False,False,False,True,False,False,False
2026-06-12,Andhra Pradesh,East Godavari,Kovvur,Paddy(Common),MTU-1010,Grade Range-2,2400.0,2400.0,2400.0,2400.0,483.5,311.5,255.04285714285717,-0.3103829975647554,12.7,34.9,25.7,70.0,30.299999999999997,4,6,24,8.9,0.875,0,0,0,1,2320.0,1,0,0,0,2400.0,0.0,0.0,0.0,0.0,2400.0,2400.0,0.0,0.0,0.9999999958333333,0.9999999958333333,0,False,True,False,False,False,False,False,False,False,False,False,True,False,False,False,False,False,False,False
2026-06-12,Andhra Pradesh,Bapatla,Kuchinapudi,Paddy(Common),B P T,Local,2400.0,2500.0,2450.0,2450.0,483.5,311.5,248.7428571428572,-0.30015726802965625,12.7,34.9,25.7,70.0,30.299999999999997,4,6,24,10.9,0.9000000000000004,0,0,0,1,2320.0,1,0,0,0,2450.0,0.0,0.0,0.0,0.0,2450.0,2450.0,0.0,0.0,0.9999999959183673,0.9999999959183673,0,False,False,True,False,False,False,False,False,False,False,True,False,False,False,False,False,False,False,False
2026-06-12,Andhra Pradesh,NTR,Mylavaram,Paddy(Common),1001,FAQ,2369.0,2369.0,2369.0,2369.0,483.5,311.5,289.8857142857143,-0.3103829975647554,12.7,34.9,25.7,70.0,30.299999999999997,4,6,24,12.700000000000001,2.280000000000001,0,0,0,1,2320.0,1,0,0,0,2369.0,0.0,0.0,0.0,0.0,2369.0,2369.0,0.0,0.0,0.9999999957788096,0.9999999957788096,0,False,False,False,True,False,False,False,False,False,False,False,False,False,False,False,True,False,False,False
2026-06-12,Andhra Pradesh,NTR,Nandigama,Paddy(Common),B P T,Grade Range-1,1810.0,1810.0,1810.0,1810.0,483.5,407.6,80.05714285714286,369.54545454545456,12.7,34.9,25.7,70.0,30.299999999999997,4,6,24,11.9,-2.5,0,0,0,1,2320.0,1,0,0,0,1850.0,0.022099447391715762,-0.0054945054643159045,-0.0054945054643159045,0.005555555524691358,1810.0,1808.75,10.000000000000002,9.910312089651141,0.9999999944751382,1.0006910794709547,0,False,False,False,False,True,False,False,False,False,False,False,False,False,False,False,True,False,False,False
2026-06-12,Andhra Pradesh,Eluru,Polavaram,Paddy(Common),1001,Local,2389.0,2389.0,2389.0,2389.0,483.5,311.5,265.0285714285714,-0.3103829975647554,12.7,34.9,25.7,70.0,30.299999999999997,4,6,24,13.100000000000001,3.7600000000000016,0,0,0,1,2320.0,1,0,0,0,2389.0,0.0,0.0,0.0,0.00844238071573499,2380.714285714286,2375.8333333333335,8.957571949925898,8.952737857857597,1.0034803438197644,1.005541910885127,0,False,False,False,False,False,True,False,False,False,False,False,False,True,False,False,False,False,False,False
2026-06-12,Andhra Pradesh,NTR,Tiruvuru,Paddy(Common),Sona,Local,2450.0,2450.0,2450.0,2450.0,483.5,311.5,264.5857142857143,-0.3103829975647554,12.7,34.9,25.7,70.0,30.299999999999997,4,6,24,13.8,2.280000000000001,0,0,0,1,2320.0,1,0,0,0,2450.0,0.0,0.0,0.020833333246527776,0.020833333246527776,2414.285714285714,2400.0,24.397501823713018,57.73502691896256,1.0147928952049998,1.020833329079861,0,False,False,False,False,False,False,False,False,True,False,False,False,False,False,False,True,False,False,False
2026-06-14,Andhra Pradesh,NTR,Nandigama,Paddy(Common),B P T,Grade Range-1,1850.0,1850.0,1850.0,1850.0,34.3,483.5,148.68571428571428,0.18621197252208033,0.1,34.3,27.6,68.0,30.95,6,6,24,24.4,9.999999999999998,0,0,1,1,2320.0,1,0,0,0,1820.0,-0.016216216128560994,0.022099447391715762,0.022099447391715762,0.02777777762345679,1811.4285714285713,1808.888888888889,8.997354108424371,9.279607271383364,1.021293369756267,1.0227272670733751,0,False,False,False,False,True,False,False,False,False,False,False,False,False,False,False,True,False,False,False
2026-06-15,Andhra Pradesh,Bapatla,Kuchinapudi,Paddy(Common),B P T,Local,2400.0,2500.0,2450.0,2450.0,757.2,483.5,313.7714285714286,0.552166934189406,0.4,36.8,28.1,66.0,32.45,0,6,25,23.6,1.2333333333333378,0,0,0,1,2320.0,1,0,0,0,2450.0,0.0,0.0,0.0,0.0,2450.0,2450.0,0.0,0.0,0.9999999959183673,0.9999999959183673,0,False,False,True,False,False,False,False,False,False,False,True,False,False,False,False,False,False,False,False
2026-06-15,Andhra Pradesh,NTR,Mylavaram,Paddy(Common),1001,FAQ,2369.0,2369.0,2369.0,2369.0,757.2,483.5,354.9142857142857,0.552166934189406,0.4,36.8,28.1,66.0,32.45,0,6,25,25.4,2.474999999999998,0,0,0,1,2320.0,1,0,0,0,2369.0,0.0,0.0,0.0,0.0,2369.0,2369.0,0.0,0.0,0.9999999957788096,0.9999999957788096,0,False,False,False,True,False,False,False,False,False,False,False,False,False,False,False,True,False,False,False
2026-06-15,Andhra Pradesh,NTR,Nandigama,Paddy(Common),B P T,Grade Range-1,1820.0,1820.0,1820.0,1820.0,757.2,34.3,149.47142857142856,-0.9290589451913134,0.4,36.8,28.1,66.0,32.45,0,6,25,24.5,2.7714285714285722,0,0,0,1,2320.0,1,0,0,0,1830.0,0.0054945054643159045,-0.016216216128560994,0.0,0.011111111049382717,1818.5714285714287,1813.0,15.7359158493888,15.670212364724204,1.000785540451297,1.003860998323988,0,False,False,False,False,True,False,False,False,False,False,False,False,False,False,False,True,False,False,False
2026-06-15,Andhra Pradesh,Eluru,Polavaram,Paddy(Common),1001,Local,2389.0,2389.0,2389.0,2389.0,757.2,483.5,327.34285714285716,0.552166934189406,0.4,36.8,28.1,66.0,32.45,0,6,25,23.8,0.8500000000000014,0,0,0,1,2320.0,1,0,0,0,2389.0,0.0,0.0,0.0,0.00844238071573499,2383.5714285714284,2376.846153846154,7.699721701835822,9.317064575696282,1.0022774905508285,1.0051134298629487,0,False,False,False,False,False,True,False,False,False,False,False,False,True,False,False,False,False,False,False
2026-06-15,Andhra Pradesh,NTR,Tiruvuru,Paddy(Common),Sona,Local,2450.0,2450.0,2450.0,2450.0,757.2,483.5,329.6142857142857,0.552166934189406,0.4,36.8,28.1,66.0,32.45,0,6,25,26.5,2.6750000000000007,0,0,0,1,2320.0,1,0,0,0,2450.0,0.0,0.0,0.020833333246527776,0.020833333246527776,2421.4285714285716,2404.5454545454545,26.72612419124208,56.809090181701784,1.0117994058509758,1.0189035874450134,0,False,False,False,False,False,False,False,False,True,False,False,False,False,False,False,True,False,False,False
2026-06-16,Andhra Pradesh,East Godavari,Kovvur,Paddy(Common),MTU-1010,Grade Range-2,2400.0,2400.0,2400.0,2400.0,508.1,483.5,320.07142857142856,0.552166934189406,1.0,36.4,27.0,73.0,31.7,1,6,25,21.6,0.7750000000000021,0,0,0,1,2320.0,1,0,0,0,2400.0,0.0,0.0,0.0,0.0,2400.0,2400.0,0.0,0.0,0.9999999958333333,0.9999999958333333,0,False,True,False,False,False,False,False,False,False,False,False,True,False,False,False,False,False,False,False
2026-06-16,Andhra Pradesh,Bapatla,Kuchinapudi,Paddy(Common),B P T,Local,2400.0,2500.0,2450.0,2450.0,508.1,757.2,415.62857142857143,0.5660806618407446,1.0,36.4,27.0,73.0,31.7,1,6,25,21.3,-1.0666666666666629,0,0,0,1,2320.0,1,0,0,0,2450.0,0.0,0.0,0.0,0.0,2450.0,2450.0,0.0,0.0,0.9999999959183673,0.9999999959183673,0,False,False,True,False,False,False,False,False,False,False,True,False,False,False,False,False,False,False,False
2026-06-16,Andhra Pradesh,NTR,Mylavaram,Paddy(Common),1001,FAQ,2369.0,2369.0,2369.0,2369.0,508.1,757.2,456.77142857142854,0.5660806618407446,1.0,36.4,27.0,73.0,31.7,1,6,25,23.1,0.1750000000000007,0,0,0,1,2320.0,1,0,0,0,2369.0,0.0,0.0,0.0,0.0,2369.0,2369.0,0.0,0.0,0.9999999957788096,0.9999999957788096,0,False,False,False,True,False,False,False,False,False,False,False,False,False,False,False,True,False,False,False
2026-06-16,Andhra Pradesh,NTR,Nandigama,Paddy(Common),B P T,Grade Range-1,1830.0,1830.0,1830.0,1830.0,508.1,757.2,250.8857142857143,21.07580174927114,1.0,36.4,27.0,73.0,31.7,1,6,25,22.9,1.1714285714285708,0,0,0,1,2320.0,1,0,0,0,1820.0,-0.005464480844456389,0.0054945054643159045,0.011049723695857881,0.0054945054643159045,1821.4285714285713,1813.6363636363637,13.45185418269089,15.015143870590958,1.004705876836909,1.0090225508274446,0,False,False,False,False,True,False,False,False,False,False,False,False,False,False,False,True,False,False,False
2026-06-16,Andhra Pradesh,Eluru,Polavaram,Paddy(Common),1001,Local,2389.0,2389.0,2389.0,2389.0,508.1,757.2,431.4714285714286,0.5660806618407446,1.0,36.4,27.0,73.0,31.7,1,6,25,24.2,1.25,0,0,0,1,2320.0,1,0,0,0,2390.0,0.0004185851803324186,0.0,0.0,0.003781512589153308,2386.4285714285716,2377.714285714286,4.391550328269752,9.522673924970944,1.0010775175052122,1.0047464509533615,0,False,False,False,False,False,True,False,False,False,False,False,False,True,False,False,False,False,False,False
2026-06-16,Andhra Pradesh,NTR,Tiruvuru,Paddy(Common),Sona,Local,2450.0,2450.0,2450.0,2450.0,508.1,757.2,431.4714285714286,0.5660806618407446,1.0,36.4,27.0,73.0,31.7,1,6,25,24.2,0.375,0,0,0,1,2320.0,1,0,0,0,2450.0,0.0,0.0,0.0,0.020833333246527776,2428.5714285714284,2408.3333333333335,26.72612419124208,55.73204290227126,1.0088235252577855,1.0173010338381963,0,False,False,False,False,False,False,False,False,True,False,False,False,False,False,False,True,False,False,False
2026-06-17,Andhra Pradesh,East Godavari,Kovvur,Paddy(Common),MTU-1010,Grade Range-2,2400.0,2400.0,2400.0,2400.0,77.2,508.1,386.3428571428571,0.05087900723888317,1.6,37.6,26.3,77.0,31.950000000000003,2,6,25,19.9,-0.9250000000000007,0,0,0,1,2320.0,1,0,0,0,2400.0,0.0,0.0,0.0,0.0,2400.0,2400.0,0.0,0.0,0.9999999958333333,0.9999999958333333,0,False,True,False,False,False,False,False,False,False,False,False,True,False,False,False,False,False,False,False
2026-06-17,Andhra Pradesh,NTR,Nandigama,Paddy(Common),B P T,Grade Range-1,1820.0,1820.0,1820.0,1820.0,77.2,508.1,319.42857142857144,-0.3289751716851559,1.6,37.6,26.3,77.0,31.950000000000003,2,6,25,23.9,2.171428571428571,0,0,0,1,2320.0,1,0,0,0,1850.0,0.016483516392947713,-0.005464480844456389,-0.016216216128560994,0.0,1822.857142857143,1815.0,13.801311186846986,15.07556722888817,0.998432596403583,1.0027548154118193,0,False,False,False,False,True,False,False,False,False,False,False,False,False,False,False,True,False,False,False
2026-06-17,Andhra Pradesh,Eluru,Polavaram,Paddy(Common),1001,Local,2390.0,2390.0,2390.0,2390.0,77.2,508.1,480.6714285714285,-0.3289751716851559,1.6,37.6,26.3,77.0,31.950000000000003,2,6,25,24.0,1.0500000000000007,0,0,0,1,2320.0,1,0,0,0,2390.0,0.0,0.0004185851803324186,0.0004185851803324186,0.004201680654614787,2387.714285714286,2379.1428571428573,3.401680257085138,9.61454941427652,1.0009572771289332,1.0045634640134835,0,False,False,False,False,False,True,False,False,False,False,False,False,True,False,False,False,False,False,False
2026-06-17,Andhra Pradesh,NTR,Tiruvuru,Paddy(Common),Sona,Local,2450.0,2450.0,2450.0,2450.0,77.2,508.1,480.6714285714285,-0.3289751716851559,1.6,37.6,26.3,77.0,31.950000000000003,2,6,25,24.0,0.1750000000000007,0,0,0,1,2320.0,1,0,0,0,2450.0,0.0,0.0,0.0,0.0,2435.714285714286,2411.5384615384614,24.397501823713014,54.59642140991685,1.0058650985096447,1.0159489591045179,0,False,False,False,False,False,False,False,False,True,False,False,False,False,False,False,True,False,False,False
2026-06-18,Andhra Pradesh,East Godavari,Kovvur,Paddy(Common),MTU-1010,Grade Range-2,2400.0,2400.0,2400.0,2400.0,251.6,77.2,348.6857142857143,-0.8480614052351899,0.2,33.6,26.1,78.0,29.85,3,6,25,21.4,0.5749999999999993,0,0,0,1,2320.0,1,0,0,0,2400.0,0.0,0.0,0.0,0.0,2400.0,2400.0,0.0,0.0,0.9999999958333333,0.9999999958333333,0,False,True,False,False,False,False,False,False,False,False,False,True,False,False,False,False,False,False,False
2026-06-18,Andhra Pradesh,NTR,Mylavaram,Paddy(Common),1001,FAQ,2369.0,2369.0,2369.0,2369.0,251.6,508.1,480.67142857142863,-0.3289751716851559,0.2,33.6,26.1,78.0,29.85,3,6,25,24.0,1.0749999999999993,0,0,0,1,2320.0,1,0,0,0,2369.0,0.0,0.0,0.0,0.0,2369.0,2369.0,0.0,0.0,0.9999999957788096,0.9999999957788096,0,False,False,False,True,False,False,False,False,False,False,False,False,False,False,False,True,False,False,False
2026-06-18,Andhra Pradesh,NTR,Nandigama,Paddy(Common),B P T,Grade Range-1,1850.0,1850.0,1850.0,1850.0,251.6,77.2,324.1428571428572,-0.8480614052351899,0.2,33.6,26.1,78.0,29.85,3,6,25,22.799999999999997,1.0714285714285694,0,0,0,1,2320.0,1,0,0,0,1970.0,0.06486486451424398,0.016483516392947713,0.016483516392947713,0.022099447391715762,1822.857142857143,1815.3846153846155,13.801311186846986,14.500221041639673,1.0148902765640815,1.0190677909966603,0,False,False,False,False,True,False,False,False,False,False,False,False,False,False,False,True,False,False,False
2026-06-18,Andhra Pradesh,Eluru,Polavaram,Paddy(Common),1001,Local,2390.0,2390.0,2390.0,2390.0,251.6,77.2,433.4714285714286,-0.8480614052351899,0.2,33.6,26.1,78.0,29.85,3,6,25,20.6,-2.349999999999998,0,0,0,1,2320.0,1,0,0,0,2390.0,0.0,0.0,0.0004185851803324186,0.0004185851803324186,2389.1428571428573,2380.6428571428573,0.3779644730316144,9.548315540991323,1.0003587616583882,1.0039305067493691,0,False,False,False,False,False,True,False,False,False,False,False,False,True,False,False,False,False,False,False
2026-06-19,Andhra Pradesh,East Godavari,Kovvur,Paddy(Common),MTU-1010,Grade Range-2,2400.0,2400.0,2400.0,2400.0,429.0,251.6,361.24285714285713,2.259067357512953,8.7,34.7,26.4,75.0,30.55,4,6,25,20.4,-0.4250000000000007,0,0,0,1,2320.0,1,0,0,0,2400.0,0.0,0.0,0.0,0.0,2400.0,2400.0,0.0,0.0,0.9999999958333333,0.9999999958333333,0,False,True,False,False,False,False,False,False,False,False,False,True,False,False,False,False,False,False,False
2026-06-19,Andhra Pradesh,Bapatla,Kuchinapudi,Paddy(Common),B P T,Local,2400.0,2500.0,2450.0,2450.0,429.0,508.1,439.5285714285714,-0.3289751716851559,8.7,34.7,26.4,75.0,30.55,4,6,25,22.2,-0.1666666666666643,0,0,0,1,2320.0,1,0,0,0,2450.0,0.0,0.0,0.0,0.0,2450.0,2450.0,0.0,0.0,0.9999999959183673,0.9999999959183673,0,False,False,True,False,False,False,False,False,False,False,True,False,False,False,False,False,False,False,False
2026-06-19,Andhra Pradesh,NTR,Nandigama,Paddy(Common),B P T,Grade Range-1,1970.0,1970.0,1970.0,1970.0,429.0,251.6,359.92857142857144,2.259067357512953,8.7,34.7,26.4,75.0,30.55,4,6,25,20.999999999999996,-0.7285714285714313,0,0,0,1,2320.0,1,0,0,0,1920.0,-0.025380710531062382,0.06486486451424398,0.07650273182238944,0.08241758196473856,1828.5714285714287,1817.857142857143,15.73591584938876,16.72334684416756,1.0773437441082763,1.0836935107380317,0,False,False,False,False,True,False,False,False,False,False,False,False,False,False,False,True,False,False,False
2026-06-19,Andhra Pradesh,Eluru,Polavaram,Paddy(Common),1001,Local,2390.0,2390.0,2390.0,2390.0,429.0,251.6,405.8285714285715,2.259067357512953,8.7,34.7,26.4,75.0,30.55,4,6,25,19.7,-3.25,0,0,0,1,2320.0,1,0,0,0,2390.0,0.0,0.0,0.0004185851803324186,0.0004185851803324186,2389.285714285714,2382.1428571428573,0.4879500364917907,9.222523789882779,1.0002989494755798,1.0032983466128405,0,False,False,False,False,False,True,False,False,False,False,False,False,True,False,False,False,False,False,False
2026-06-19,Andhra Pradesh,NTR,Tiruvuru,Paddy(Common),Sona,Local,2450.0,2450.0,2450.0,2450.0,429.0,77.2,433.4714285714286,-0.8480614052351899,8.7,34.7,26.4,75.0,30.55,4,6,25,20.6,-3.224999999999998,0,0,0,1,2320.0,1,0,0,0,2450.0,0.0,0.0,0.0,0.020833333246527776,2435.714285714286,2414.285714285714,24.397501823713014,53.452248382484825,1.0058650985096447,1.0147928952049998,0,False,False,False,False,False,False,False,False,True,False,False,False,False,False,False,True,False,False,False
2026-06-20,Andhra Pradesh,NTR,Mylavaram,Paddy(Common),1001,FAQ,2369.0,2369.0,2369.0,2369.0,179.6,251.6,458.3857142857143,-0.504821885455619,0.3,35.5,27.1,74.0,31.3,5,6,25,19.2,-3.7250000000000014,0,0,0,1,2320.0,1,0,0,0,2369.0,0.0,0.0,0.0,0.0,2369.0,2369.0,0.0,0.0,0.9999999957788096,0.9999999957788096,0,False,False,False,True,False,False,False,False,False,False,False,False,False,False,False,True,False,False,False
2026-06-20,Andhra Pradesh,NTR,Nandigama,Paddy(Common),B P T,Grade Range-1,1920.0,1920.0,1920.0,1920.0,179.6,429.0,362.9857142857143,0.7050874403815581,0.3,35.5,27.1,74.0,31.3,5,6,25,24.7,2.9714285714285715,0,0,0,1,2320.0,1,0,0,0,1860.0,-0.031249999837239584,-0.025380710531062382,0.05494505464315904,0.06077348032721834,1850.0,1830.0,55.07570547286099,43.32347027793452,1.0378378322279036,1.0491803221356266,0,False,False,False,False,True,False,False,False,False,False,False,False,False,False,False,True,False,False,False
2026-06-20,Andhra Pradesh,Eluru,Polavaram,Paddy(Common),1001,Local,2390.0,2390.0,2390.0,2390.0,179.6,429.0,402.5857142857143,0.7050874403815581,0.3,35.5,27.1,74.0,31.3,5,6,25,25.4,2.4499999999999993,0,0,0,1,2320.0,1,0,0,0,2390.0,0.0,0.0,0.0,0.0004185851803324186,2389.4285714285716,2383.6428571428573,0.5345224838410553,8.607752702849787,1.000239144444772,1.0026669820990266,0,False,False,False,False,False,True,False,False,False,False,False,False,True,False,False,False,False,False,False
2026-06-21,Andhra Pradesh,NTR,Nandigama,Paddy(Common),B P T,Grade Range-1,1860.0,1860.0,1860.0,1860.0,33.7,179.6,319.57142857142856,-0.5813519813519814,0.9,31.8,27.4,81.0,29.6,6,6,25,12.3,-9.428571428571427,0,0,1,1,2320.0,1,0,0,0,1830.0,-0.01612903217134929,-0.031249999837239584,0.005405405376186998,0.005405405376186998,1865.7142857142858,1838.5714285714287,57.404164441598574,48.49379704300694,0.9969372075202446,1.0116550061526146,0,False,False,False,False,True,False,False,False,False,False,False,False,False,False,False,True,False,False,False
2026-06-22,Andhra Pradesh,East Godavari,Kovvur,Paddy(Common),MTU-1010,Grade Range-2,2400.0,2400.0,2400.0,2400.0,172.0,429.0,358.9428571428571,0.7050874403815581,13.5,32.8,27.4,82.0,30.099999999999998,0,6,26,28.0,-3.5,0,0,0,1,2320.0,1,0,0,0,2400.0,0.0,0.0,0.0,0.0,2400.0,2400.0,0.0,0.0,0.9999999958333333,0.9999999958333333,0,False,True,False,False,False,False,False,False,False,False,False,True,False,False,False,False,False,False,False
2026-06-22,Andhra Pradesh,NTR,Mylavaram,Paddy(Common),1001,FAQ,2369.0,2369.0,2369.0,2369.0,172.0,179.6,420.45714285714286,-0.28616852146263916,13.5,32.8,27.4,82.0,30.099999999999998,0,6,26,18.4,-3.620000000000001,0,0,0,1,2320.0,1,0,0,0,2369.0,0.0,0.0,0.0,0.0,2369.0,2369.0,0.0,0.0,0.9999999957788096,0.9999999957788096,0,False,False,False,True,False,False,False,False,False,False,False,False,False,False,False,True,False,False,False
2026-06-22,Andhra Pradesh,NTR,Nandigama,Paddy(Common),B P T,Grade Range-1,1830.0,1830.0,1830.0,1830.0,172.0,33.7,319.4857142857143,-0.8123608017817372,13.5,32.8,27.4,82.0,30.099999999999998,0,6,26,13.1,-10.871428571428572,0,0,0,1,2320.0,1,0,0,0,1820.0,-0.005464480844456389,-0.01612903217134929,-0.07106598948697468,0.0054945054643159045,1867.142857142857,1842.857142857143,57.071383872680464,47.463114654932305,0.9801071102825174,0.9930232504254553,0,False,False,False,False,True,False,False,False,False,False,False,False,False,False,False,True,False,False,False
2026-06-22,Andhra Pradesh,Eluru,Polavaram,Paddy(Common),1001,Local,2390.0,2390.0,2390.0,2390.0,172.0,179.6,383.74285714285713,-0.5813519813519814,13.5,32.8,27.4,82.0,30.099999999999998,0,6,26,24.9,-0.5400000000000027,0,0,0,1,2320.0,1,0,0,0,2390.0,0.0,0.0,0.0,0.0004185851803324186,2389.5714285714284,2385.1428571428573,0.5345224838412832,7.634508123365103,1.0001793465646827,1.0020364117068428,0,False,False,False,False,False,True,False,False,False,False,False,False,True,False,False,False,False,False,False
2026-06-22,Andhra Pradesh,NTR,Tiruvuru,Paddy(Common),Sona,Local,2450.0,2450.0,2450.0,2450.0,172.0,429.0,431.17142857142863,4.55699481865285,13.5,32.8,27.4,82.0,30.099999999999998,0,6,26,28.2,-4.975000000000005,0,0,0,1,2320.0,1,0,0,0,2450.0,0.0,0.0,0.0,0.020833333246527776,2442.8571428571427,2428.5714285714284,18.898223650461166,25.677629550654498,1.0029239725026504,1.0088235252577855,0,False,False,False,False,False,False,False,False,True,False,False,False,False,False,False,True,False,False,False
2026-06-23,Andhra Pradesh,East Godavari,Kovvur,Paddy(Common),MTU-1010,Grade Range-2,2400.0,2400.0,2400.0,2400.0,190.7,172.0,318.9857142857143,-0.5990675990675991,1.3,32.4,25.2,81.0,28.799999999999997,1,6,26,38.5,7.0,0,0,0,1,2320.0,1,0,0,0,2400.0,0.0,0.0,0.0,0.0,2400.0,2400.0,0.0,0.0,0.9999999958333333,0.9999999958333333,0,False,True,False,False,False,False,False,False,False,False,False,True,False,False,False,False,False,False,False
2026-06-23,Andhra Pradesh,Bapatla,Kuchinapudi,Paddy(Common),B P T,Local,2400.0,2500.0,2450.0,2450.0,190.7,429.0,477.42857142857144,-0.15567801613855548,1.3,32.4,25.2,81.0,28.799999999999997,1,6,26,29.7,3.4250000000000007,0,0,0,1,2320.0,1,0,0,0,2450.0,0.0,0.0,0.0,0.0,2450.0,2450.0,0.0,0.0,0.9999999959183673,0.9999999959183673,0,False,False,True,False,False,False,False,False,False,False,True,False,False,False,False,False,False,False,False
2026-06-23,Andhra Pradesh,NTR,Mylavaram,Paddy(Common),1001,FAQ,2369.0,2369.0,2369.0,2369.0,190.7,172.0,380.5,-0.04231625835189301,1.3,32.4,25.2,81.0,28.799999999999997,1,6,26,28.9,6.879999999999999,0,0,0,1,2320.0,1,0,0,0,2369.0,0.0,0.0,0.0,0.0,2369.0,2369.0,0.0,0.0,0.9999999957788096,0.9999999957788096,0,False,False,False,True,False,False,False,False,False,False,False,False,False,False,False,True,False,False,False
2026-06-23,Andhra Pradesh,NTR,Nandigama,Paddy(Common),B P T,Grade Range-1,1820.0,1820.0,1820.0,1820.0,190.7,172.0,235.8857142857143,4.103857566765578,1.3,32.4,25.2,81.0,28.799999999999997,1,6,26,26.2,2.2285714285714278,0,0,0,1,2320.0,1,0,0,0,1870.0,0.02747252732157952,-0.005464480844456389,-0.05208333306206597,-0.005464480844456389,1868.5714285714287,1845.0,55.805785670355974,46.0351036626482,0.9740061109953801,0.9864498591520333,0,False,False,False,False,True,False,False,False,False,False,False,False,False,False,False,True,False,False,False
2026-06-23,Andhra Pradesh,Eluru,Polavaram,Paddy(Common),1001,Local,2390.0,2390.0,2390.0,2390.0,190.7,172.0,339.24285714285713,-0.04231625835189301,1.3,32.4,25.2,81.0,28.799999999999997,1,6,26,25.7,0.259999999999998,0,0,0,1,2320.0,1,0,0,0,2390.0,0.0,0.0,0.0,0.0004185851803324186,2389.714285714286,2386.6428571428573,0.4879500364924471,6.134481895961846,1.0001195558340286,1.0014066339389778,0,False,False,False,False,False,True,False,False,False,False,False,False,True,False,False,False,False,False,False
2026-06-23,Andhra Pradesh,NTR,Tiruvuru,Paddy(Common),Sona,Local,2450.0,2450.0,2450.0,2450.0,190.7,172.0,391.2142857142858,-0.5990675990675991,1.3,32.4,25.2,81.0,28.799999999999997,1,6,26,38.7,5.524999999999999,0,0,0,1,2320.0,1,0,0,0,2450.0,0.0,0.0,0.0,0.0,2450.0,2428.5714285714284,0.0,25.677629550654498,0.9999999959183673,1.0088235252577855,0,False,False,False,False,False,False,False,False,True,False,False,False,False,False,False,True,False,False,False
2026-06-24,Andhra Pradesh,East Godavari,Kovvur,Paddy(Common),MTU-1010,Grade Range-2,2400.0,2400.0,2400.0,2400.0,188.7,190.7,301.72857142857146,0.10872093023255802,0.1,33.6,28.4,69.0,31.0,2,6,26,39.0,7.5,0,0,0,1,2320.0,1,0,0,0,2400.0,0.0,0.0,0.0,0.0,2400.0,2400.0,0.0,0.0,0.9999999958333333,0.9999999958333333,0,False,True,False,False,False,False,False,False,False,False,False,True,False,False,False,False,False,False,False
2026-06-24,Andhra Pradesh,Bapatla,Kuchinapudi,Paddy(Common),B P T,Local,2400.0,2500.0,2450.0,2450.0,188.7,190.7,446.4428571428572,-0.5554778554778554,0.1,33.6,28.4,69.0,31.0,2,6,26,26.0,-0.2749999999999986,0,0,0,1,2320.0,1,0,0,0,2450.0,0.0,0.0,0.0,0.0,2450.0,2450.0,0.0,0.0,0.9999999959183673,0.9999999959183673,0,False,False,True,False,False,False,False,False,False,False,True,False,False,False,False,False,False,False,False
2026-06-24,Andhra Pradesh,NTR,Mylavaram,Paddy(Common),1001,FAQ,2369.0,2369.0,2369.0,2369.0,188.7,190.7,363.24285714285713,0.10872093023255802,0.1,33.6,28.4,69.0,31.0,2,6,26,29.4,7.379999999999999,0,0,0,1,2320.0,1,0,0,0,2369.0,0.0,0.0,0.0,0.0,2369.0,2369.0,0.0,0.0,0.9999999957788096,0.9999999957788096,0,False,False,False,True,False,False,False,False,False,False,False,False,False,False,False,True,False,False,False
2026-06-24,Andhra Pradesh,NTR,Nandigama,Paddy(Common),B P T,Grade Range-1,1870.0,1870.0,1870.0,1870.0,188.7,190.7,190.54285714285714,0.10872093023255802,0.1,33.6,28.4,69.0,31.0,2,6,26,26.5,2.5285714285714285,0,0,0,1,2320.0,1,0,0,0,1870.0,0.0,0.02747252732157952,0.0053763440571164296,0.02747252732157952,1867.142857142857,1845.0,57.07138387268044,46.0351036626482,1.001530216518201,1.0135501300078584,0,False,False,False,False,True,False,False,False,False,False,False,False,False,False,False,True,False,False,False
2026-06-24,Andhra Pradesh,Eluru,Polavaram,Paddy(Common),1001,Local,2390.0,2390.0,2390.0,2390.0,188.7,190.7,258.31428571428575,0.10872093023255802,0.1,33.6,28.4,69.0,31.0,2,6,26,26.6,1.1600000000000001,0,0,0,1,2320.0,1,0,0,0,2390.0,0.0,0.0,0.0,0.0004185851803324186,2389.8571428571427,2388.1428571428573,0.37796447303283426,3.483083135942375,1.0000597722515283,1.0007776473018821,0,False,False,False,False,False,True,False,False,False,False,False,False,True,False,False,False,False,False,False
2026-06-24,Andhra Pradesh,NTR,Tiruvuru,Paddy(Common),Sona,Local,2450.0,2450.0,2450.0,2450.0,188.7,190.7,373.9571428571429,0.10872093023255802,0.1,33.6,28.4,69.0,31.0,2,6,26,39.2,6.024999999999999,0,0,0,1,2320.0,1,0,0,0,2450.0,0.0,0.0,0.0,0.0,2450.0,2432.1428571428573,0.0,24.862257904942023,0.9999999959183673,1.007342139764232,0,False,False,False,False,False,False,False,False,True,False,False,False,False,False,False,True,False,False,False
2026-06-25,Andhra Pradesh,East Godavari,Kovvur,Paddy(Common),MTU-1010,Grade Range-2,2400.0,2400.0,2400.0,2400.0,212.1,188.7,259.61428571428576,-0.010487676979548999,0.2,33.7,27.3,65.0,30.5,3,6,26,26.4,-5.100000000000001,0,0,0,1,2320.0,1,0,0,0,2400.0,0.0,0.0,0.0,0.0,2400.0,2400.0,0.0,0.0,0.9999999958333333,0.9999999958333333,0,False,True,False,False,False,False,False,False,False,False,False,True,False,False,False,False,False,False,False
2026-06-25,Andhra Pradesh,Bapatla,Kuchinapudi,Paddy(Common),B P T,Local,2400.0,2500.0,2450.0,2450.0,212.1,188.7,409.8142857142857,-0.010487676979548999,0.2,33.7,27.3,65.0,30.5,3,6,26,24.999999999999996,-1.2750000000000021,0,0,0,1,2320.0,1,0,0,0,2450.0,0.0,0.0,0.0,0.0,2450.0,2450.0,0.0,0.0,0.9999999959183673,0.9999999959183673,0,False,False,True,False,False,False,False,False,False,False,True,False,False,False,False,False,False,False,False
2026-06-25,Andhra Pradesh,NTR,Mylavaram,Paddy(Common),1001,FAQ,2369.0,2369.0,2369.0,2369.0,212.1,188.7,321.12857142857143,-0.010487676979548999,0.2,33.7,27.3,65.0,30.5,3,6,26,16.8,-5.219999999999999,0,0,0,1,2320.0,1,0,0,0,2369.0,0.0,0.0,0.0,0.0,2369.0,2369.0,0.0,0.0,0.9999999957788096,0.9999999957788096,0,False,False,False,True,False,False,False,False,False,False,False,False,False,False,False,True,False,False,False
2026-06-25,Andhra Pradesh,NTR,Nandigama,Paddy(Common),B P T,Grade Range-1,1870.0,1870.0,1870.0,1870.0,212.1,188.7,206.4714285714286,-0.010487676979548999,0.2,33.7,27.3,65.0,30.5,3,6,26,24.999999999999996,1.028571428571425,0,0,0,1,2320.0,1,0,0,0,1920.0,0.026737967771454717,0.0,0.021857923377825557,0.010810810752373995,1874.2857142857142,1848.5714285714287,53.18431562567503,45.88566775687701,0.9977134093109803,1.0115919574334282,0,False,False,False,False,True,False,False,False,False,False,False,False,False,False,False,True,False,False,False
2026-06-25,Andhra Pradesh,Eluru,Polavaram,Paddy(Common),1001,Local,2390.0,2390.0,2390.0,2390.0,212.1,188.7,212.68571428571428,-0.010487676979548999,0.2,33.7,27.3,65.0,30.5,3,6,26,25.7,0.259999999999998,0,0,0,1,2320.0,1,0,0,0,2390.0,0.0,0.0,0.0,0.0,2390.0,2388.8571428571427,0.0,2.5975474485121253,0.9999999958158995,1.00047840748514,0,False,False,False,False,False,True,False,False,False,False,False,False,True,False,False,False,False,False,False
2026-06-25,Andhra Pradesh,SPSR Nellore,Rapur,Paddy(Common),Common,Local,2350.0,2390.0,2370.0,2370.0,212.1,475.4,154.1142857142857,10.319047619047618,0.2,33.7,27.3,65.0,30.5,3,6,26,6.5,0.0,0,0,0,1,2320.0,1,0,0,0,2369.0,-0.0004219409264897007,-0.006289308149730364,-0.00836820080180669,-0.009197324376265366,2388.714285714286,2397.9285714285716,3.199702367105813,11.09722269977288,0.9921655361849417,0.9883530386831065,0,False,False,False,False,False,False,False,True,False,False,False,False,False,False,False,False,False,False,True
2026-06-25,Andhra Pradesh,NTR,Tiruvuru,Paddy(Common),Sona,Local,2450.0,2450.0,2450.0,2450.0,212.1,188.7,331.84285714285716,-0.010487676979548999,0.2,33.7,27.3,65.0,30.5,3,6,26,26.599999999999998,-6.575000000000006,0,0,0,1,2320.0,1,0,0,0,2400.0,-0.020408163182007496,0.0,0.0,0.0,2450.0,2435.714285714286,0.0,23.440361546924407,0.9999999959183673,1.0058650985096447,0,False,False,False,False,False,False,False,False,True,False,False,False,False,False,False,True,False,False,False
2026-06-26,Andhra Pradesh,East Godavari,Kovvur,Paddy(Common),MTU-1010,Grade Range-2,2400.0,2400.0,2400.0,2400.0,26.3,212.1,217.32857142857142,0.12400635930047699,1.8,32.9,28.1,74.0,30.5,4,6,26,25.599999999999998,-5.900000000000002,0,0,0,1,2320.0,1,0,0,0,2400.0,0.0,0.0,0.0,0.0,2400.0,2400.0,0.0,0.0,0.9999999958333333,0.9999999958333333,0,False,True,False,False,False,False,False,False,False,False,False,True,False,False,False,False,False,False,False
2026-06-26,Andhra Pradesh,NTR,Nandigama,Paddy(Common),B P T,Grade Range-1,1920.0,1920.0,1920.0,1920.0,26.3,212.1,200.82857142857142,0.12400635930047699,1.8,32.9,28.1,74.0,30.5,4,6,26,25.0,1.0285714285714285,0,0,0,1,2320.0,1,0,0,0,1930.0,0.005208333306206597,0.026737967771454717,0.05494505464315904,-0.025380710531062382,1877.142857142857,1852.857142857143,52.190128605029486,44.795015421287715,1.0228310447794389,1.036237465494478,0,False,False,False,False,True,False,False,False,False,False,False,False,False,False,False,True,False,False,False
2026-06-27,Andhra Pradesh,Bapatla,Kuchinapudi,Paddy(Common),B P T,Local,2400.0,2500.0,2450.0,2450.0,103.1,212.1,395.6142857142857,0.12400635930047699,16.1,32.5,25.9,83.0,29.2,5,6,26,24.400000000000002,-1.8749999999999964,0,0,0,1,2320.0,1,0,0,0,2450.0,0.0,0.0,0.0,0.0,2450.0,2450.0,0.0,0.0,0.9999999959183673,0.9999999959183673,0,False,False,True,False,False,False,False,False,False,False,True,False,False,False,False,False,False,False,False
2026-06-27,Andhra Pradesh,NTR,Mylavaram,Paddy(Common),1001,FAQ,2369.0,2369.0,2369.0,2369.0,103.1,212.1,243.25714285714284,0.12400635930047699,16.1,32.5,25.9,83.0,29.2,5,6,26,16.6,-5.419999999999998,0,0,0,1,2320.0,1,0,0,0,2369.0,0.0,0.0,0.0,0.0,2369.0,2369.0,0.0,0.0,0.9999999957788096,0.9999999957788096,0,False,False,False,True,False,False,False,False,False,False,False,False,False,False,False,True,False,False,False
2026-06-27,Andhra Pradesh,NTR,Nandigama,Paddy(Common),B P T,Grade Range-1,1930.0,1930.0,1930.0,1930.0,103.1,26.3,143.29999999999998,-0.876001885902876,16.1,32.5,25.9,83.0,29.2,5,6,26,18.099999999999998,-5.871428571428574,0,0,0,1,2320.0,1,0,0,0,1860.0,-0.036269429863888966,0.005208333306206597,0.032085561325745665,0.005208333306206597,1870.0,1860.0,39.15780041490236,47.067872433164176,1.032085555978152,1.037634403023471,0,False,False,False,False,True,False,False,False,False,False,False,False,False,False,False,True,False,False,False
2026-06-27,Andhra Pradesh,Eluru,Polavaram,Paddy(Common),1001,Local,2390.0,2390.0,2390.0,2390.0,103.1,212.1,231.95714285714286,0.12400635930047699,16.1,32.5,25.9,83.0,29.2,5,6,26,24.3,-1.1400000000000006,0,0,0,1,2320.0,1,0,0,0,2389.0,-0.0004184100400903345,0.0,0.0,0.0,2390.0,2389.5714285714284,0.0,0.5135525910325694,0.9999999958158995,1.0001793465646827,0,False,False,False,False,False,True,False,False,False,False,False,False,True,False,False,False,False,False,False
2026-06-28,Andhra Pradesh,NTR,Nandigama,Paddy(Common),B P T,Grade Range-1,1860.0,1860.0,1860.0,1860.0,16.9,103.1,132.37142857142857,2.9201520912547525,1.2,33.3,27.7,80.0,30.5,6,6,26,33.9,9.928571428571427,0,0,1,1,2320.0,1,0,0,0,1910.0,0.02688172028558215,-0.036269429863888966,-0.005347593554290943,0.0,1871.4285714285713,1868.5714285714287,41.40393356054117,48.17550332771963,0.9938931244601131,0.9954128387095643,0,False,False,False,False,True,False,False,False,False,False,False,False,False,False,False,True,False,False,False
2026-06-29,Andhra Pradesh,East Godavari,Kovvur,Paddy(Common),MTU-1010,Grade Range-2,2400.0,2400.0,2400.0,2400.0,152.93,26.3,210.05714285714285,-0.876001885902876,1.7,33.1,25.4,79.0,29.25,0,6,27,25.8,6.166666666666664,0,0,0,1,2320.0,1,0,0,0,2400.0,0.0,0.0,0.0,0.0,2400.0,2400.0,0.0,0.0,0.9999999958333333,0.9999999958333333,0,False,True,False,False,False,False,False,False,False,False,False,True,False,False,False,False,False,False,False
2026-06-29,Andhra Pradesh,Bapatla,Kuchinapudi,Paddy(Common),B P T,Local,2400.0,2500.0,2450.0,2450.0,152.93,103.1,341.2714285714286,-0.5139085337105139,1.7,33.1,25.4,79.0,29.25,0,6,27,27.800000000000004,-0.8399999999999999,0,0,0,1,2320.0,1,0,0,0,2450.0,0.0,0.0,0.0,0.0,2450.0,2450.0,0.0,0.0,0.9999999959183673,0.9999999959183673,0,False,False,True,False,False,False,False,False,False,False,True,False,False,False,False,False,False,False,False
2026-06-29,Andhra Pradesh,NTR,Mylavaram,Paddy(Common),1001,FAQ,2369.0,2369.0,2369.0,2369.0,152.93,103.1,185.39999999999995,-0.5139085337105139,1.7,33.1,25.4,79.0,29.25,0,6,27,31.700000000000003,-1.1799999999999997,0,0,0,1,2320.0,1,0,0,0,2369.0,0.0,0.0,0.0,0.0,2369.0,2369.0,0.0,0.0,0.9999999957788096,0.9999999957788096,0,False,False,False,True,False,False,False,False,False,False,False,False,False,False,False,True,False,False,False
2026-06-29,Andhra Pradesh,NTR,Nandigama,Paddy(Common),B P T,Grade Range-1,1910.0,1910.0,1910.0,1910.0,152.93,16.9,129.97142857142856,-0.8360814742967992,1.7,33.1,25.4,79.0,29.25,0,6,27,34.2,6.714285714285715,0,0,0,1,2320.0,1,0,0,0,1910.0,0.0,0.02688172028558215,-0.005208333306206597,0.043715846755651114,1871.4285714285713,1869.2857142857142,41.40393356054117,47.952586473000125,1.020610681569256,1.0217806594172987,0,False,False,False,False,True,False,False,False,False,False,False,False,False,False,False,True,False,False,False
2026-06-29,Andhra Pradesh,Eluru,Polavaram,Paddy(Common),1001,Local,2389.0,2389.0,2389.0,2389.0,152.93,103.1,210.7428571428571,-0.5139085337105139,1.7,33.1,25.4,79.0,29.25,0,6,27,40.2,7.299999999999997,1,0,0,1,2320.0,1,0,0,0,2390.0,0.0004185851803324186,-0.0004184100400903345,-0.0004184100400903345,-0.0004184100400903345,2390.0,2389.6428571428573,0.0,0.49724515811906395,0.9995815857758091,0.9997309777324065,0,False,False,False,False,False,True,False,False,False,False,False,False,True,False,False,False,False,False,False
2026-06-29,Andhra Pradesh,NTR,Tiruvuru,Paddy(Common),Sona,Local,2400.0,2400.0,2400.0,2400.0,152.93,212.1,253.97142857142856,0.12400635930047699,1.7,33.1,25.4,79.0,29.25,0,6,27,26.400000000000002,3.9666666666666686,0,0,0,1,2320.0,1,0,0,0,2450.0,0.020833333246527776,-0.020408163182007496,-0.020408163182007496,-0.020408163182007496,2450.0,2439.285714285714,0.0,21.29076568131559,0.9795918327363597,0.983894578689744,0,False,False,False,False,False,False,False,False,True,False,False,False,False,False,False,True,False,False,False
2026-06-30,Andhra Pradesh,East Godavari,Kovvur,Paddy(Common),MTU-1010,Grade Range-2,2400.0,2400.0,2400.0,2400.0,85.3,152.93,195.96142857142857,4.814828897338403,1.1,33.1,26.4,75.0,29.75,1,6,27,27.3,7.666666666666664,0,0,0,1,2320.0,1,0,0,0,2400.0,0.0,0.0,0.0,0.0,2400.0,2400.0,0.0,0.0,0.9999999958333333,0.9999999958333333,0,False,True,False,False,False,False,False,False,False,False,False,True,False,False,False,False,False,False,False
2026-06-30,Andhra Pradesh,Bapatla,Kuchinapudi,Paddy(Common),B P T,Local,2400.0,2500.0,2450.0,2450.0,85.3,152.93,254.94714285714286,0.4833171677982542,1.1,33.1,26.4,75.0,29.75,1,6,27,29.100000000000005,0.46000000000000085,0,0,0,1,2320.0,1,0,0,0,2450.0,0.0,0.0,0.0,0.0,2450.0,2450.0,0.0,0.0,0.9999999959183673,0.9999999959183673,0,False,False,True,False,False,False,False,False,False,False,True,False,False,False,False,False,False,False,False
2026-06-30,Andhra Pradesh,NTR,Nandigama,Paddy(Common),B P T,Grade Range-1,1910.0,1910.0,1910.0,1910.0,85.3,152.93,127.24714285714286,8.049112426035505,1.1,33.1,26.4,75.0,29.75,1,6,27,22.4,-5.085714285714289,0,0,0,1,2320.0,1,0,0,0,1910.0,0.0,0.0,-0.010362694246825418,0.04945054917884314,1882.857142857143,1875.7142857142858,39.03600291794125,46.85727686928043,1.014415776099461,1.0182787455232665,0,False,False,False,False,True,False,False,False,False,False,False,False,False,False,False,True,False,False,False
2026-06-30,Andhra Pradesh,Eluru,Polavaram,Paddy(Common),1001,Local,2390.0,2390.0,2390.0,2390.0,85.3,152.93,171.3042857142857,0.4833171677982542,1.1,33.1,26.4,75.0,29.75,1,6,27,33.2,0.29999999999999716,0,0,0,1,2320.0,1,0,0,0,2390.0,0.0,0.0004185851803324186,0.0,0.0,2389.8571428571427,2389.6428571428573,0.37796447303283426,0.49724515811906395,1.0000597722515283,1.0001494503057562,0,False,False,False,False,False,True,False,False,False,False,False,False,True,False,False,False,False,False,False
2026-06-30,Andhra Pradesh,NTR,Tiruvuru,Paddy(Common),Sona,Local,2450.0,2450.0,2450.0,2450.0,85.3,152.93,203.2328571428571,-0.27897218293257897,1.1,33.1,26.4,75.0,29.75,1,6,27,27.1,4.666666666666668,0,0,0,1,2320.0,1,0,0,0,2400.0,-0.020408163182007496,0.020833333246527776,0.0,0.0,2442.8571428571427,2439.285714285714,18.898223650461166,21.29076568131559,1.0029239725026504,1.004392382412447,0,False,False,False,False,False,False,False,False,True,False,False,False,False,False,False,True,False,False,False
2026-07-01,Andhra Pradesh,East Godavari,Kovvur,Paddy(Common),MTU-1010,Grade Range-2,2400.0,2400.0,2400.0,2400.0,18365.6,85.3,146.86142857142858,-0.44222847054207814,7.0,32.5,25.9,77.0,29.2,2,7,27,19.700000000000003,0.06666666666666643,0,0,0,0,2320.0,0,0,0,0,2400.0,0.0,0.0,0.0,0.0,2400.0,2400.0,0.0,0.0,0.9999999958333333,0.9999999958333333,0,False,True,False,False,False,False,False,False,False,False,False,True,False,False,False,False,False,False,False
2026-07-01,Andhra Pradesh,Bapatla,Kuchinapudi,Paddy(Common),B P T,Local,2400.0,2500.0,2450.0,2450.0,18365.6,85.3,194.5471428571429,-0.44222847054207814,7.0,32.5,25.9,77.0,29.2,2,7,27,29.200000000000006,0.5600000000000023,0,0,0,0,2320.0,0,0,0,0,2450.0,0.0,0.0,0.0,0.0,2450.0,2450.0,0.0,0.0,0.9999999959183673,0.9999999959183673,0,False,False,True,False,False,False,False,False,False,False,True,False,False,False,False,False,False,False,False
2026-07-01,Andhra Pradesh,NTR,Mylavaram,Paddy(Common),1001,FAQ,2369.0,2369.0,2369.0,2369.0,18365.6,152.93,171.3042857142857,0.4833171677982542,7.0,32.5,25.9,77.0,29.2,2,7,27,33.2,0.3200000000000003,0,0,0,0,2320.0,0,0,0,0,2369.0,0.0,0.0,0.0,0.0,2369.0,2369.0,0.0,0.0,0.9999999957788096,0.9999999957788096,0,False,False,False,True,False,False,False,False,False,False,False,False,False,False,False,True,False,False,False
2026-07-01,Andhra Pradesh,NTR,Nandigama,Paddy(Common),B P T,Grade Range-1,1910.0,1910.0,1910.0,1910.0,18365.6,85.3,112.18999999999998,-0.44222847054207814,7.0,32.5,25.9,77.0,29.2,2,7,27,22.2,-5.285714285714288,0,0,0,0,2320.0,0,0,0,0,1930.0,0.010471204133658617,0.0,0.02688172028558215,0.021390374217163773,1895.7142857142858,1881.4285714285713,28.199966227605437,45.71771965124572,1.007535789711567,1.0151860234576293,0,False,False,False,False,True,False,False,False,False,False,False,False,False,False,False,True,False,False,False
2026-07-01,Andhra Pradesh,Eluru,Polavaram,Paddy(Common),1001,Local,2390.0,2390.0,2390.0,2390.0,18365.6,85.3,157.83285714285714,-0.44222847054207814,7.0,32.5,25.9,77.0,29.2,2,7,27,34.00000000000001,1.1000000000000014,0,0,0,0,2320.0,0,0,0,0,2390.0,0.0,0.0,0.0,0.0,2389.8571428571427,2389.714285714286,0.37796447303283426,0.4688072309600753,1.0000597722515283,1.0001195558340286,0,False,False,False,False,False,True,False,False,False,False,False,False,True,False,False,False,False,False,False
2026-07-01,Andhra Pradesh,SPSR Nellore,Rapur,Paddy(Common),Common,Local,2330.0,2390.0,2375.0,2369.0,18365.6,212.1,166.64285714285714,-0.5538493899873791,7.0,32.5,25.9,77.0,29.2,2,7,27,3.0,0.0,0,0,0,0,2320.0,0,0,0,0,2376.0,0.0029548332505072465,-0.0004219409264897007,-0.006291946282332439,-0.00961538457518652,2385.5714285714284,2395.0714285714284,7.435436388382169,12.772953912402238,0.9930534720933144,0.989114546584473,0,False,False,False,False,False,False,False,True,False,False,False,False,False,False,False,False,False,False,True
2026-07-01,Andhra Pradesh,NTR,Tiruvuru,Paddy(Common),Sona,Local,2400.0,2400.0,2400.0,2400.0,18365.6,85.3,204.39000000000001,-0.44222847054207814,7.0,32.5,25.9,77.0,29.2,2,7,27,26.599999999999998,4.166666666666664,0,0,0,0,2320.0,0,0,0,0,2100.0,-0.12499999947916667,-0.020408163182007496,-0.020408163182007496,-0.020408163182007496,2442.8571428571427,2439.285714285714,18.898223650461166,21.29076568131559,0.9824561363291269,0.983894578689744,0,False,False,False,False,False,False,False,False,True,False,False,False,False,False,False,True,False,False,False
2026-07-02,Andhra Pradesh,East Godavari,Kovvur,Paddy(Common),MTU-1010,Grade Range-2,2400.0,2400.0,2400.0,2400.0,91.6,18365.6,2745.9471428571424,214.30597889800703,3.4,32.4,26.4,71.0,29.4,3,7,27,13.2,-6.433333333333337,0,0,0,0,2320.0,0,0,0,0,2400.0,0.0,0.0,0.0,0.0,2400.0,2400.0,0.0,0.0,0.9999999958333333,0.9999999958333333,0,False,True,False,False,False,False,False,False,False,False,False,True,False,False,False,False,False,False,False
2026-07-02,Andhra Pradesh,Bapatla,Kuchinapudi,Paddy(Common),B P T,Local,2400.0,2500.0,2450.0,2450.0,91.6,18365.6,2756.9185714285713,214.30597889800703,3.4,32.4,26.4,71.0,29.4,3,7,27,27.500000000000007,-1.139999999999997,0,0,0,0,2320.0,0,0,0,0,2450.0,0.0,0.0,0.0,0.0,2450.0,2450.0,0.0,0.0,0.9999999959183673,0.9999999959183673,0,False,False,True,False,False,False,False,False,False,False,True,False,False,False,False,False,False,False,False
2026-07-02,Andhra Pradesh,NTR,Mylavaram,Paddy(Common),1001,FAQ,2369.0,2369.0,2369.0,2369.0,91.6,18365.6,2769.3042857142855,119.09154515137644,3.4,32.4,26.4,71.0,29.4,3,7,27,39.900000000000006,7.020000000000003,0,0,0,0,2320.0,0,0,0,0,2369.0,0.0,0.0,0.0,0.0,2369.0,2369.0,0.0,0.0,0.9999999957788096,0.9999999957788096,0,False,False,False,True,False,False,False,False,False,False,False,False,False,False,False,True,False,False,False
2026-07-02,Andhra Pradesh,NTR,Nandigama,Paddy(Common),B P T,Grade Range-1,1930.0,1930.0,1930.0,1930.0,91.6,18365.6,2708.89,214.30597889800703,3.4,32.4,26.4,71.0,29.4,3,7,27,29.1,1.6142857142857139,0,0,0,0,2320.0,0,0,0,0,1870.0,-0.031088082740476256,0.010471204133658617,0.010471204133658617,0.032085561325745665,1901.4285714285713,1887.857142857143,26.09506430251462,42.639557550845666,1.0150262906798018,1.0223231122540584,0,False,False,False,False,True,False,False,False,False,False,False,False,False,False,False,True,False,False,False
2026-07-02,Andhra Pradesh,Eluru,Polavaram,Paddy(Common),1001,Local,2390.0,2390.0,2390.0,2390.0,91.6,18365.6,2756.9185714285713,214.30597889800703,3.4,32.4,26.4,71.0,29.4,3,7,27,27.500000000000004,-5.400000000000002,0,0,0,0,2320.0,0,0,0,0,2390.0,0.0,0.0,0.0004185851803324186,0.0,2389.8571428571427,2389.785714285714,0.37796447303283426,0.42581531365020986,1.0000597722515283,1.0000896631493392,0,False,False,False,False,False,True,False,False,False,False,False,False,True,False,False,False,False,False,False
2026-07-02,Andhra Pradesh,NTR,Tiruvuru,Paddy(Common),Sona,Local,2100.0,2100.0,2100.0,2100.0,91.6,18365.6,2766.7614285714285,214.30597889800703,3.4,32.4,26.4,71.0,29.4,3,7,27,24.9,2.466666666666665,0,0,0,0,2320.0,0,0,0,0,2450.0,0.16666666587301587,-0.12499999947916667,-0.12499999947916667,-0.14285714227405247,2435.714285714286,2439.285714285714,24.397501823713018,21.29076568131559,0.8621700844368383,0.860907756353526,0,False,False,False,False,False,False,False,False,True,False,False,False,False,False,False,True,False,False,False
2026-07-03,Andhra Pradesh,East Godavari,Kovvur,Paddy(Common),MTU-1010,Grade Range-2,2400.0,2400.0,2400.0,2400.0,313.5,91.6,2731.7899999999995,-0.9950124145140916,1.3,31.1,26.5,82.0,28.8,4,7,27,15.299999999999999,-4.3333333333333375,0,0,0,0,2320.0,0,0,0,0,2400.0,0.0,0.0,0.0,0.0,2400.0,2400.0,0.0,0.0,0.9999999958333333,0.9999999958333333,0,False,True,False,False,False,False,False,False,False,False,False,True,False,False,False,False,False,False,False
2026-07-03,Andhra Pradesh,Bapatla,Kuchinapudi,Paddy(Common),B P T,Local,2400.0,2500.0,2450.0,2450.0,313.5,91.6,2742.7614285714285,-0.9950124145140916,1.3,31.1,26.5,82.0,28.8,4,7,27,29.600000000000005,0.9600000000000009,0,0,0,0,2320.0,0,0,0,0,2450.0,0.0,0.0,0.0,0.0,2450.0,2450.0,0.0,0.0,0.9999999959183673,0.9999999959183673,0,False,False,True,False,False,False,False,False,False,False,True,False,False,False,False,False,False,False,False
2026-07-03,Andhra Pradesh,NTR,Mylavaram,Paddy(Common),1001,FAQ,2369.0,2369.0,2369.0,2369.0,313.5,91.6,2757.818571428571,-0.9950124145140916,1.3,31.1,26.5,82.0,28.8,4,7,27,29.800000000000004,-3.0799999999999983,0,0,0,0,2320.0,0,0,0,0,2369.0,0.0,0.0,0.0,0.0,2369.0,2369.0,0.0,0.0,0.9999999957788096,0.9999999957788096,0,False,False,False,True,False,False,False,False,False,False,False,False,False,False,False,True,False,False,False
2026-07-03,Andhra Pradesh,NTR,Nandigama,Paddy(Common),B P T,Grade Range-1,1870.0,1870.0,1870.0,1870.0,313.5,91.6,2691.675714285714,-0.9950124145140916,1.3,31.1,26.5,82.0,28.8,4,7,27,32.3,4.81428571428571,0,0,0,0,2320.0,0,0,0,0,1890.0,0.010695187108581887,-0.031088082740476256,-0.020942408267317233,-0.026041666531032986,1910.0,1893.5714285714287,23.804761428476052,42.53634515729665,0.9790575864970807,0.9875518620046299,0,False,False,False,False,True,False,False,False,False,False,False,False,False,False,False,True,False,False,False
2026-07-03,Andhra Pradesh,NTR,Tiruvuru,Paddy(Common),Sona,Local,2450.0,2450.0,2450.0,2450.0,313.5,91.6,2755.275714285714,-0.9950124145140916,1.3,31.1,26.5,82.0,28.8,4,7,27,14.8,-7.633333333333333,0,0,0,0,2320.0,0,0,0,0,2450.0,0.0,0.16666666587301587,0.0,0.0,2385.714285714286,2417.8571428571427,128.17398889233093,93.24727848604986,1.0269461034798666,1.0132939396791387,0,False,False,False,False,False,False,False,False,True,False,False,False,False,False,False,True,False,False,False
2026-07-04,Andhra Pradesh,East Godavari,Kovvur,Paddy(Common),MTU-1010,Grade Range-2,2400.0,2400.0,2400.0,2400.0,114.1,313.5,2749.6185714285707,2.4224890829694323,4.7,30.6,25.3,82.0,27.950000000000003,5,7,27,16.5,-3.1333333333333364,0,0,0,0,2320.0,0,0,0,0,2400.0,0.0,0.0,0.0,0.0,2400.0,2400.0,0.0,0.0,0.9999999958333333,0.9999999958333333,0,False,True,False,False,False,False,False,False,False,False,False,True,False,False,False,False,False,False,False
2026-07-04,Andhra Pradesh,NTR,Mylavaram,Paddy(Common),1001,FAQ,2369.0,2369.0,2369.0,2369.0,114.1,313.5,2775.361428571428,2.4224890829694323,4.7,30.6,25.3,82.0,27.950000000000003,5,7,27,29.8,-3.080000000000002,0,0,0,0,2320.0,0,0,0,0,2369.0,0.0,0.0,0.0,0.0,2369.0,2369.0,0.0,0.0,0.9999999957788096,0.9999999957788096,0,False,False,False,True,False,False,False,False,False,False,False,False,False,False,False,True,False,False,False
2026-07-04,Andhra Pradesh,NTR,Nandigama,Paddy(Common),B P T,Grade Range-1,1890.0,1890.0,1890.0,1890.0,114.1,313.5,2732.704285714285,2.4224890829694323,4.7,30.6,25.3,82.0,27.950000000000003,5,7,27,31.8,4.314285714285713,0,0,0,0,2320.0,0,0,0,0,1960.0,0.03703703684107388,0.010695187108581887,-0.010471204133658617,-0.020725388493650836,1902.857142857143,1886.4285714285713,27.516228977511577,36.712425659471315,0.9932432380234965,1.0018932169532355,0,False,False,False,False,True,False,False,False,False,False,False,False,False,False,False,True,False,False,False
2026-07-04,Andhra Pradesh,Eluru,Polavaram,Paddy(Common),1001,Local,2390.0,2390.0,2390.0,2390.0,114.1,91.6,2742.7614285714285,-0.9950124145140916,4.7,30.6,25.3,82.0,27.950000000000003,5,7,27,29.6,-3.3000000000000043,0,0,0,0,2320.0,0,0,0,0,2390.0,0.0,0.0,0.0,0.0,2389.8571428571427,2389.8571428571427,0.37796447303283426,0.3631365196294001,1.0000597722515283,1.0000597722515283,0,False,False,False,False,False,True,False,False,False,False,False,False,True,False,False,False,False,False,False
2026-07-04,Andhra Pradesh,NTR,Tiruvuru,Paddy(Common),Sona,Local,2450.0,2450.0,2450.0,2450.0,114.1,313.5,2772.818571428571,2.4224890829694323,4.7,30.6,25.3,82.0,27.950000000000003,5,7,27,14.799999999999999,-7.633333333333335,0,0,0,0,2320.0,0,0,0,0,2450.0,0.0,0.0,0.020833333246527776,0.0,2385.714285714286,2417.8571428571427,128.17398889233093,93.24727848604986,1.0269461034798666,1.0132939396791387,0,False,False,False,False,False,False,False,False,True,False,False,False,False,False,False,True,False,False,False
2026-07-05,Andhra Pradesh,NTR,Nandigama,Paddy(Common),B P T,Grade Range-1,1960.0,1960.0,1960.0,1960.0,26.3,114.1,2734.2757142857145,-0.6360446570972886,0.8,29.5,25.9,76.0,27.7,6,7,27,20.4,-7.085714285714289,0,0,1,0,2320.0,0,0,0,0,1970.0,0.00510204079029571,0.03703703684107388,0.015544041370238128,0.0537634405711643,1897.142857142857,1884.2857142857142,24.976179127510903,35.45621041711686,1.0331325246747534,1.040181950506995,0,False,False,False,False,True,False,False,False,False,False,False,False,False,False,False,True,False,False,False
2026-07-06,Andhra Pradesh,East Godavari,Kovvur,Paddy(Common),MTU-1010,Grade Range-2,2400.0,2400.0,2400.0,2400.0,250.3,114.1,2735.618571428571,-0.6360446570972886,0.1,34.1,28.2,61.0,31.15,0,7,28,21.0,2.0,0,0,0,0,2320.0,0,0,0,0,2400.0,0.0,0.0,0.0,0.0,2400.0,2400.0,0.0,0.0,0.9999999958333333,0.9999999958333333,0,False,True,False,False,False,False,False,False,False,False,False,True,False,False,False,False,False,False,False
2026-07-06,Andhra Pradesh,Bapatla,Kuchinapudi,Paddy(Common),B P T,Local,2400.0,2500.0,2450.0,2450.0,250.3,313.5,2760.5899999999997,2.4224890829694323,0.1,34.1,28.2,61.0,31.15,0,7,28,30.800000000000004,9.2,0,0,0,0,2320.0,0,0,0,0,2450.0,0.0,0.0,0.0,0.0,2450.0,2450.0,0.0,0.0,0.9999999959183673,0.9999999959183673,0,False,False,True,False,False,False,False,False,False,False,True,False,False,False,False,False,False,False,False
2026-07-06,Andhra Pradesh,NTR,Mylavaram,Paddy(Common),1001,FAQ,2369.0,2369.0,2369.0,2369.0,250.3,114.1,2764.704285714285,-0.6360446570972886,0.1,34.1,28.2,61.0,31.15,0,7,28,34.400000000000006,6.550000000000004,0,0,0,0,2320.0,0,0,0,0,2369.0,0.0,0.0,0.0,0.0,2369.0,2369.0,0.0,0.0,0.9999999957788096,0.9999999957788096,0,False,False,False,True,False,False,False,False,False,False,False,False,False,False,False,True,False,False,False
2026-07-06,Andhra Pradesh,NTR,Nandigama,Paddy(Common),B P T,Grade Range-1,1970.0,1970.0,1970.0,1970.0,250.3,26.3,2735.618571428571,-0.7695004382120947,0.1,34.1,28.2,61.0,31.15,0,7,28,20.0,1.4833333333333343,0,0,0,0,2320.0,0,0,0,0,1930.0,-0.020304568424849907,0.00510204079029571,0.053475935542909435,0.03141361240097585,1911.4285714285713,1891.4285714285713,28.5356919363402,39.972518031795445,1.0306427449816897,1.041540779991854,0,False,False,False,False,True,False,False,False,False,False,False,False,False,False,False,True,False,False,False
2026-07-06,Andhra Pradesh,Eluru,Polavaram,Paddy(Common),1001,Local,2390.0,2390.0,2390.0,2390.0,250.3,114.1,2732.1042857142857,0.24563318777292587,0.1,34.1,28.2,61.0,31.15,0,7,28,34.2,6.800000000000001,0,0,0,0,2320.0,0,0,0,0,2390.0,0.0,0.0,0.0,0.0,2389.8571428571427,2389.9285714285716,0.37796447303283426,0.2672612419508185,1.0000597722515283,1.0000298831404348,0,False,False,False,False,False,True,False,False,False,False,False,False,True,False,False,False,False,False,False
2026-07-06,Andhra Pradesh,NTR,Tiruvuru,Paddy(Common),Sona,Local,2450.0,2450.0,2450.0,2450.0,250.3,114.1,2762.161428571428,-0.6360446570972886,0.1,34.1,28.2,61.0,31.15,0,7,28,19.4,0.759999999999998,0,0,0,0,2320.0,0,0,0,0,2450.0,0.0,0.0,0.16666666587301587,0.0,2385.714285714286,2417.8571428571427,128.17398889233093,93.24727848604986,1.0269461034798666,1.0132939396791387,0,False,False,False,False,False,False,False,False,True,False,False,False,False,False,False,True,False,False,False
2026-07-07,Andhra Pradesh,East Godavari,Kovvur,Paddy(Common),MTU-1010,Grade Range-2,2400.0,2400.0,2400.0,2400.0,188.7,250.3,2767.618571428571,1.1936897458369855,1.3,34.8,28.9,64.0,31.849999999999998,1,7,28,19.3,0.3000000000000007,0,0,0,0,2320.0,0,0,0,0,2400.0,0.0,0.0,0.0,0.0,2400.0,2400.0,0.0,0.0,0.9999999958333333,0.9999999958333333,0,False,True,False,False,False,False,False,False,False,False,False,True,False,False,False,False,False,False,False
2026-07-07,Andhra Pradesh,Bapatla,Kuchinapudi,Paddy(Common),B P T,Local,2400.0,2500.0,2450.0,2450.0,188.7,250.3,2766.047142857143,-0.20159489633173844,1.3,34.8,28.9,64.0,31.849999999999998,1,7,28,30.700000000000006,9.100000000000001,0,0,0,0,2320.0,0,0,0,0,2450.0,0.0,0.0,0.0,0.0,2450.0,2450.0,0.0,0.0,0.9999999959183673,0.9999999959183673,0,False,False,True,False,False,False,False,False,False,False,True,False,False,False,False,False,False,False,False
2026-07-07,Andhra Pradesh,NTR,Mylavaram,Paddy(Common),1001,FAQ,2369.0,2369.0,2369.0,2369.0,188.7,250.3,2770.161428571428,1.1936897458369855,1.3,34.8,28.9,64.0,31.849999999999998,1,7,28,34.300000000000004,6.450000000000003,0,0,0,0,2320.0,0,0,0,0,2369.0,0.0,0.0,0.0,0.0,2369.0,2369.0,0.0,0.0,0.9999999957788096,0.9999999957788096,0,False,False,False,True,False,False,False,False,False,False,False,False,False,False,False,True,False,False,False
2026-07-07,Andhra Pradesh,NTR,Nandigama,Paddy(Common),B P T,Grade Range-1,1930.0,1930.0,1930.0,1930.0,188.7,250.3,2749.528571428571,8.517110266159696,1.3,34.8,28.9,64.0,31.849999999999998,1,7,28,18.400000000000002,-0.11666666666666359,0,0,0,0,2320.0,0,0,0,0,1960.0,0.015544041370238128,-0.020304568424849907,0.021164021052042216,0.010471204133658617,1920.0,1901.4285714285713,36.05551275463993,40.92340741831375,1.0052083280978732,1.0150262906798018,0,False,False,False,False,True,False,False,False,False,False,False,False,False,False,False,True,False,False,False
2026-07-07,Andhra Pradesh,NTR,Tiruvuru,Paddy(Common),Sona,Local,2450.0,2450.0,2450.0,2450.0,188.7,250.3,2767.618571428571,1.1936897458369855,1.3,34.8,28.9,64.0,31.849999999999998,1,7,28,19.3,0.6600000000000001,0,0,0,0,2320.0,0,0,0,0,2450.0,0.0,0.0,0.0,0.020833333246527776,2385.714285714286,2417.8571428571427,128.17398889233093,93.24727848604986,1.0269461034798666,1.0132939396791387,0,False,False,False,False,False,False,False,False,True,False,False,False,False,False,False,True,False,False,False
2026-07-08,Andhra Pradesh,East Godavari,Kovvur,Paddy(Common),MTU-1010,Grade Range-2,2400.0,2400.0,2400.0,2400.0,295.6,188.7,2772.7285714285713,-0.24610467439073125,0.8,34.4,28.4,66.0,31.4,2,7,28,18.900000000000002,-0.09999999999999787,0,0,0,0,2320.0,0,0,0,0,2400.0,0.0,0.0,0.0,0.0,2400.0,2400.0,0.0,0.0,0.9999999958333333,0.9999999958333333,0,False,True,False,False,False,False,False,False,False,False,False,True,False,False,False,False,False,False,False
2026-07-08,Andhra Pradesh,Bapatla,Kuchinapudi,Paddy(Common),B P T,Local,2400.0,2500.0,2450.0,2450.0,295.6,188.7,2778.2757142857145,-0.24610467439073125,0.8,34.4,28.4,66.0,31.4,2,7,28,15.900000000000004,-5.700000000000001,0,0,0,0,2320.0,0,0,0,0,2450.0,0.0,0.0,0.0,0.0,2450.0,2450.0,0.0,0.0,0.9999999959183673,0.9999999959183673,0,False,False,True,False,False,False,False,False,False,False,True,False,False,False,False,False,False,False,False
2026-07-08,Andhra Pradesh,Eluru,Polavaram,Paddy(Common),1001,Local,2390.0,2390.0,2390.0,2390.0,295.6,250.3,2737.5614285714287,1.1936897458369855,0.8,34.4,28.4,66.0,31.4,2,7,28,34.1,6.699999999999999,0,0,0,0,2320.0,0,0,0,0,2390.0,0.0,0.0,0.0,0.0,2389.8571428571427,2389.9285714285716,0.37796447303283426,0.2672612419508185,1.0000597722515283,1.0000298831404348,0,False,False,False,False,False,True,False,False,False,False,False,False,True,False,False,False,False,False,False
2026-07-08,Andhra Pradesh,NTR,Tiruvuru,Paddy(Common),Sona,Local,2450.0,2450.0,2450.0,2450.0,295.6,188.7,2772.7285714285713,-0.24610467439073125,0.8,34.4,28.4,66.0,31.4,2,7,28,18.900000000000002,0.26000000000000156,0,0,0,0,2320.0,0,0,0,0,2450.0,0.0,0.0,0.0,0.0,2392.8571428571427,2417.8571428571427,130.4753215125737,93.24727848604986,1.0238805927360215,1.0132939396791387,0,False,False,False,False,False,False,False,False,True,False,False,False,False,False,False,True,False,False,False
2026-07-09,Andhra Pradesh,East Godavari,Kovvur,Paddy(Common),MTU-1010,Grade Range-2,2400.0,2400.0,2400.0,2400.0,134.6,295.6,2802.7714285714283,0.5665076841547432,5.4,33.0,27.2,78.0,30.1,3,7,28,18.6,-0.3999999999999986,0,0,0,0,2320.0,0,0,0,0,2400.0,0.0,0.0,0.0,0.0,2400.0,2400.0,0.0,0.0,0.9999999958333333,0.9999999958333333,0,False,True,False,False,False,False,False,False,False,False,False,True,False,False,False,False,False,False,False
2026-07-09,Andhra Pradesh,Bapatla,Kuchinapudi,Paddy(Common),B P T,Local,2400.0,2500.0,2450.0,2450.0,134.6,295.6,2798.6571428571433,0.5665076841547432,5.4,33.0,27.2,78.0,30.1,3,7,28,15.000000000000004,-6.600000000000001,0,0,0,0,2320.0,0,0,0,0,2450.0,0.0,0.0,0.0,0.0,2450.0,2450.0,0.0,0.0,0.9999999959183673,0.9999999959183673,0,False,False,True,False,False,False,False,False,False,False,True,False,False,False,False,False,False,False,False
2026-07-09,Andhra Pradesh,NTR,Mylavaram,Paddy(Common),1001,FAQ,2369.0,2369.0,2369.0,2369.0,134.6,188.7,2782.39,-0.24610467439073125,5.4,33.0,27.2,78.0,30.1,3,7,28,19.5,-8.350000000000001,0,0,0,0,2320.0,0,0,0,0,2369.0,0.0,0.0,0.0,0.0,2369.0,2369.0,0.0,0.0,0.9999999957788096,0.9999999957788096,0,False,False,False,True,False,False,False,False,False,False,False,False,False,False,False,True,False,False,False
2026-07-09,Andhra Pradesh,NTR,Nandigama,Paddy(Common),B P T,Grade Range-1,1960.0,1960.0,1960.0,1960.0,134.6,188.7,2764.2999999999997,-0.24610467439073125,5.4,33.0,27.2,78.0,30.1,3,7,28,18.6,0.0833333333333357,0,0,0,0,2320.0,0,0,0,0,1910.0,-0.02551020395147855,0.015544041370238128,0.0,0.026178010334146542,1922.857142857143,1909.2857142857142,35.92319850008061,34.07328881967571,1.0193164880124699,1.026561910074124,0,False,False,False,False,True,False,False,False,False,False,False,False,False,False,False,True,False,False,False
2026-07-09,Andhra Pradesh,Eluru,Polavaram,Paddy(Common),1001,Local,2390.0,2390.0,2390.0,2390.0,134.6,295.6,2765.0614285714287,0.18098282061526172,5.4,33.0,27.2,78.0,30.1,3,7,28,18.8,-8.600000000000001,0,0,0,0,2320.0,0,0,0,0,2390.0,0.0,0.0,0.0,0.0004185851803324186,2389.8571428571427,2389.9285714285716,0.37796447303283426,0.2672612419508185,1.0000597722515283,1.0000298831404348,0,False,False,False,False,False,True,False,False,False,False,False,False,True,False,False,False,False,False,False
2026-07-09,Andhra Pradesh,NTR,Tiruvuru,Paddy(Common),Sona,Local,2450.0,2450.0,2450.0,2450.0,134.6,295.6,2802.7714285714283,0.5665076841547432,5.4,33.0,27.2,78.0,30.1,3,7,28,18.6,-0.03999999999999915,0,0,0,0,2320.0,0,0,0,0,2459.0,0.003673469372761349,0.0,0.0,0.020833333246527776,2392.8571428571427,2417.8571428571427,130.4753215125737,93.24727848604986,1.0238805927360215,1.0132939396791387,0,False,False,False,False,False,False,False,False,True,False,False,False,False,False,False,True,False,False,False
2026-07-10,Andhra Pradesh,East Godavari,Kovvur,Paddy(Common),MTU-1010,Grade Range-2,2400.0,2400.0,2400.0,2400.0,135.0,134.6,198.34285714285716,-0.5446549391069013,5.6,34.3,26.9,73.0,30.599999999999998,4,7,28,17.0,-2.0,0,0,0,0,2320.0,0,0,0,0,2400.0,0.0,0.0,0.0,0.0,2400.0,2400.0,0.0,0.0,0.9999999958333333,0.9999999958333333,0,False,True,False,False,False,False,False,False,False,False,False,True,False,False,False,False,False,False,False
2026-07-10,Andhra Pradesh,Bapatla,Kuchinapudi,Paddy(Common),B P T,Local,2400.0,2500.0,2450.0,2450.0,135.0,134.6,2805.7,-0.5446549391069013,5.6,34.3,26.9,73.0,30.599999999999998,4,7,28,19.300000000000004,-2.3000000000000007,0,0,0,0,2320.0,0,0,0,0,2450.0,0.0,0.0,0.0,0.0,2450.0,2450.0,0.0,0.0,0.9999999959183673,0.9999999959183673,0,False,False,True,False,False,False,False,False,False,False,True,False,False,False,False,False,False,False,False
2026-07-10,Andhra Pradesh,NTR,Mylavaram,Paddy(Common),1001,FAQ,2369.0,2369.0,2369.0,2369.0,135.0,134.6,2779.7714285714283,-0.28669846316905134,5.6,34.3,26.9,73.0,30.599999999999998,4,7,28,23.200000000000003,-4.649999999999999,0,0,0,0,2320.0,0,0,0,0,2369.0,0.0,0.0,0.0,0.0,2369.0,2369.0,0.0,0.0,0.9999999957788096,0.9999999957788096,0,False,False,False,True,False,False,False,False,False,False,False,False,False,False,False,True,False,False,False
2026-07-10,Andhra Pradesh,NTR,Nandigama,Paddy(Common),B P T,Grade Range-1,1910.0,1910.0,1910.0,1910.0,135.0,134.6,159.87142857142857,-0.28669846316905134,5.6,34.3,26.9,73.0,30.599999999999998,4,7,28,17.0,-1.5166666666666657,0,0,0,0,2320.0,0,0,0,0,1970.0,0.03141361240097585,-0.02551020395147855,-0.03045685263727486,-0.010362694246825418,1930.0,1915.7142857142858,37.859388972001916,34.577512860303116,0.9896373005718274,0.9970171461751528,0,False,False,False,False,True,False,False,False,False,False,False,False,False,False,False,True,False,False,False
2026-07-10,Andhra Pradesh,NTR,Tiruvuru,Paddy(Common),Sona,Local,2459.0,2459.0,2459.0,2459.0,135.0,134.6,198.34285714285716,-0.5446549391069013,5.6,34.3,26.9,73.0,30.599999999999998,4,7,28,17.0,-1.6400000000000006,0,0,0,0,2320.0,0,0,0,0,2450.0,-0.003660024385278469,0.003673469372761349,0.003673469372761349,0.17095238013832198,2400.0,2417.8571428571427,132.28756555322934,93.24727848604986,1.024583329064236,1.0170162439473478,0,False,False,False,False,False,False,False,False,True,False,False,False,False,False,False,True,False,False,False
2026-07-11,Andhra Pradesh,East Godavari,Kovvur,Paddy(Common),MTU-1010,Grade Range-2,2400.0,2400.0,2400.0,2400.0,3.1,135.0,204.54285714285717,0.002971768202080227,0.0,34.9,28.6,66.0,31.75,5,7,28,19.200000000000003,0.20000000000000284,0,0,1,0,2320.0,0,0,0,0,2400.0,0.0,0.0,0.0,0.0,2400.0,2400.0,0.0,0.0,0.9999999958333333,0.9999999958333333,0,False,True,False,False,False,False,False,False,False,False,False,True,False,False,False,False,False,False,False
2026-07-11,Andhra Pradesh,NTR,Nandigama,Paddy(Common),B P T,Grade Range-1,1970.0,1970.0,1970.0,1970.0,3.1,135.0,166.07142857142858,0.002971768202080227,0.0,34.9,28.6,66.0,31.75,5,7,28,19.2,0.6833333333333336,0,0,1,0,2320.0,0,0,0,0,1970.0,0.0,0.03141361240097585,0.020725388493650836,0.053475935542909435,1927.142857142857,1918.5714285714287,38.60668582611302,32.07134902949146,1.0222386900254479,1.0268056536205215,0,False,False,False,False,True,False,False,False,False,False,False,False,False,False,False,True,False,False,False
2026-07-11,Andhra Pradesh,Eluru,Polavaram,Paddy(Common),1001,Local,2390.0,2390.0,2390.0,2390.0,3.1,134.6,2762.4428571428575,-0.5446549391069013,0.0,34.9,28.6,66.0,31.75,5,7,28,22.5,-4.900000000000002,0,0,1,0,2320.0,0,0,0,0,2390.0,0.0,0.0,0.0,0.0,2390.0,2389.9285714285716,0.0,0.2672612419508185,0.9999999958158995,1.0000298831404348,0,False,False,False,False,False,True,False,False,False,False,False,False,True,False,False,False,False,False,False
2026-07-12,Andhra Pradesh,Bapatla,Kuchinapudi,Paddy(Common),B P T,Local,2400.0,2500.0,2450.0,2450.0,18.9,135.0,201.32857142857142,0.002971768202080227,0.1,34.9,28.0,65.0,31.45,6,7,28,17.900000000000002,-3.700000000000003,0,0,1,0,2320.0,0,0,0,0,2450.0,0.0,0.0,0.0,0.0,2450.0,2450.0,0.0,0.0,0.9999999959183673,0.9999999959183673,0,False,False,True,False,False,False,False,False,False,False,True,False,False,False,False,False,False,False,False
2026-07-12,Andhra Pradesh,NTR,Nandigama,Paddy(Common),B P T,Grade Range-1,1970.0,1970.0,1970.0,1970.0,18.9,3.1,121.72857142857143,-0.977037037037037,0.1,34.9,28.0,65.0,31.45,6,7,28,17.9,-0.6166666666666671,0,0,1,0,2320.0,0,0,0,0,1970.0,0.0,0.0,0.00510204079029571,0.04232804210408443,1941.4285714285713,1922.142857142857,31.847852585154463,34.90174591810422,1.0147166982317757,1.0248978021744448,0,False,False,False,False,True,False,False,False,False,False,False,False,False,False,False,True,False,False,False
2026-07-13,Andhra Pradesh,East Godavari,Kovvur,Paddy(Common),MTU-1010,Grade Range-2,2400.0,2400.0,2400.0,2400.0,231.5,3.1,160.20000000000002,-0.977037037037037,0.0,34.5,28.1,66.0,31.3,0,7,29,17.9,3.1666666666666643,0,0,0,0,2320.0,0,0,0,0,2400.0,0.0,0.0,0.0,0.0,2400.0,2400.0,0.0,0.0,0.9999999958333333,0.9999999958333333,0,False,True,False,False,False,False,False,False,False,False,False,True,False,False,False,False,False,False,False
2026-07-13,Andhra Pradesh,Bapatla,Kuchinapudi,Paddy(Common),B P T,Local,2400.0,2500.0,2450.0,2450.0,231.5,18.9,190.94285714285715,-0.86,0.0,34.5,28.1,66.0,31.3,0,7,29,14.600000000000005,0.9000000000000004,0,0,0,0,2320.0,0,0,0,0,2450.0,0.0,0.0,0.0,0.0,2450.0,2450.0,0.0,0.0,0.9999999959183673,0.9999999959183673,0,False,False,True,False,False,False,False,False,False,False,True,False,False,False,False,False,False,False,False
2026-07-13,Andhra Pradesh,NTR,Mylavaram,Paddy(Common),1001,FAQ,2369.0,2369.0,2369.0,2369.0,231.5,135.0,175.4,0.002971768202080227,0.0,34.5,28.1,66.0,31.3,0,7,29,21.8,4.640000000000001,0,0,0,0,2320.0,0,0,0,0,2369.0,0.0,0.0,0.0,0.0,2369.0,2369.0,0.0,0.0,0.9999999957788096,0.9999999957788096,0,False,False,False,True,False,False,False,False,False,False,False,False,False,False,False,True,False,False,False
2026-07-13,Andhra Pradesh,Eluru,Polavaram,Paddy(Common),1001,Local,2390.0,2390.0,2390.0,2390.0,231.5,3.1,2750.7,-0.9769687964338781,0.0,34.5,28.1,66.0,31.3,0,7,29,21.4,9.459999999999997,0,0,0,0,2320.0,0,0,0,0,2445.0,0.0230125522049684,0.0,0.0,0.0,2390.0,2389.9285714285716,0.0,0.2672612419508185,0.9999999958158995,1.0000298831404348,0,False,False,False,False,False,True,False,False,False,False,False,False,True,False,False,False,False,False,False
2026-07-13,Andhra Pradesh,NTR,Tiruvuru,Paddy(Common),Sona,Local,2450.0,2450.0,2450.0,2450.0,231.5,135.0,204.54285714285717,0.002971768202080227,0.0,34.5,28.1,66.0,31.3,0,7,29,19.2,3.3999999999999986,0,0,0,0,2320.0,0,0,0,0,2450.0,0.0,-0.003660024385278469,0.0,0.0,2451.285714285714,2418.5,3.401680257075573,93.51655550674514,0.9994754898325494,1.0130245978374008,0,False,False,False,False,False,False,False,False,True,False,False,False,False,False,False,True,False,False,False
2026-07-14,Andhra Pradesh,East Godavari,Kovvur,Paddy(Common),MTU-1010,Grade Range-2,2400.0,2400.0,2400.0,2400.0,73.8,231.5,176.97142857142856,73.6774193548387,0.0,35.2,28.9,65.0,32.05,1,7,29,13.200000000000001,-1.5333333333333332,0,0,0,0,2320.0,0,0,0,0,2441.0,0.017083333262152778,0.0,0.0,0.0,2400.0,2400.0,0.0,0.0,0.9999999958333333,0.9999999958333333,0,False,True,False,False,False,False,False,False,False,False,False,True,False,False,False,False,False,False,False
2026-07-14,Andhra Pradesh,Bapatla,Kuchinapudi,Paddy(Common),B P T,Local,2400.0,2500.0,2450.0,2450.0,73.8,231.5,179.22857142857143,11.24867724867725,0.0,35.2,28.9,65.0,32.05,1,7,29,13.300000000000004,-0.40000000000000036,0,0,0,0,2320.0,0,0,0,0,2650.0,0.08163265272802998,0.0,0.0,0.0,2450.0,2450.0,0.0,0.0,0.9999999959183673,0.9999999959183673,0,False,False,True,False,False,False,False,False,False,False,True,False,False,False,False,False,False,False,False
2026-07-14,Andhra Pradesh,NTR,Mylavaram,Paddy(Common),1001,FAQ,2369.0,2369.0,2369.0,2369.0,73.8,231.5,195.3857142857143,0.7148148148148148,0.0,35.2,28.9,65.0,32.05,1,7,29,18.4,1.2399999999999984,0,0,0,0,2320.0,0,0,0,0,2369.0,0.0,0.0,0.0,0.0,2369.0,2369.0,0.0,0.0,0.9999999957788096,0.9999999957788096,0,False,False,False,True,False,False,False,False,False,False,False,False,False,False,False,True,False,False,False
2026-07-14,Andhra Pradesh,Eluru,Polavaram,Paddy(Common),1001,Local,2445.0,2445.0,2445.0,2445.0,73.8,231.5,160.1142857142857,73.6774193548387,0.0,35.2,28.9,65.0,32.05,1,7,29,14.4,2.459999999999999,0,0,0,0,2320.0,0,0,0,0,2445.0,0.0,0.0230125522049684,0.0230125522049684,0.0230125522049684,2390.0,2389.9285714285716,0.0,0.2672612419508185,1.0230125480208678,1.0230431231290222,0,False,False,False,False,False,True,False,False,False,False,False,False,True,False,False,False,False,False,False
2026-07-14,Andhra Pradesh,NTR,Tiruvuru,Paddy(Common),Sona,Local,2450.0,2450.0,2450.0,2450.0,73.8,231.5,192.82857142857145,0.7148148148148148,0.0,35.2,28.9,65.0,32.05,1,7,29,17.9,2.099999999999998,0,0,0,0,2320.0,0,0,0,0,2500.0,0.020408163182007496,0.0,0.0,0.0,2451.285714285714,2418.5,3.401680257075573,93.51655550674514,0.9994754898325494,1.0130245978374008,0,False,False,False,False,False,False,False,False,True,False,False,False,False,False,False,True,False,False,False
2026-07-15,Andhra Pradesh,East Godavari,Kovvur,Paddy(Common),MTU-1010,Grade Range-2,2441.0,2441.0,2441.0,2441.0,514.4,73.8,151.75714285714284,-0.6812095032397408,0.0,35.7,28.9,56.0,32.3,2,7,29,13.1,-1.6333333333333346,0,0,0,0,2320.0,0,0,0,0,2441.0,0.0,0.017083333262152778,0.017083333262152778,0.017083333262152778,2400.0,2400.0,0.0,0.0,1.017083329095486,1.017083329095486,0,False,True,False,False,False,False,False,False,False,False,False,True,False,False,False,False,False,False,False
2026-07-15,Andhra Pradesh,Bapatla,Kuchinapudi,Paddy(Common),B P T,Local,2600.0,2700.0,2650.0,2650.0,514.4,73.8,154.01428571428573,-0.6812095032397408,0.0,35.7,28.9,56.0,32.3,2,7,29,13.200000000000005,-0.5,0,0,0,0,2320.0,0,0,0,0,2900.0,0.09433962228551085,0.08163265272802998,0.08163265272802998,0.08163265272802998,2450.0,2450.0,0.0,0.0,1.0816326486463972,1.0816326486463972,0,False,False,True,False,False,False,False,False,False,False,True,False,False,False,False,False,False,False,False
2026-07-15,Andhra Pradesh,NTR,Mylavaram,Paddy(Common),1001,FAQ,2369.0,2369.0,2369.0,2369.0,514.4,73.8,161.1428571428571,-0.6812095032397408,0.0,35.7,28.9,56.0,32.3,2,7,29,17.1,-0.05999999999999872,0,0,0,0,2320.0,0,0,0,0,2369.0,0.0,0.0,0.0,0.0,2369.0,2369.0,0.0,0.0,0.9999999957788096,0.9999999957788096,0,False,False,False,True,False,False,False,False,False,False,False,False,False,False,False,True,False,False,False
2026-07-15,Andhra Pradesh,Eluru,Polavaram,Paddy(Common),1001,Local,2445.0,2445.0,2445.0,2445.0,514.4,73.8,157.57142857142858,-0.6812095032397408,0.0,35.7,28.9,56.0,32.3,2,7,29,11.000000000000002,-0.9399999999999995,0,0,0,0,2320.0,0,0,0,0,2445.0,0.0,0.0,0.0230125522049684,0.0230125522049684,2397.8571428571427,2393.8571428571427,20.78804601550797,14.722338562445803,1.0196604068289408,1.0213642017368565,0,False,False,False,False,False,True,False,False,False,False,False,False,True,False,False,False,False,False,False
2026-07-15,Andhra Pradesh,NTR,Tiruvuru,Paddy(Common),Sona,Local,2500.0,2500.0,2500.0,2500.0,514.4,73.8,187.07142857142858,-0.6812095032397408,0.0,35.7,28.9,56.0,32.3,2,7,29,13.2,-2.6000000000000014,0,0,0,0,2320.0,0,0,0,0,2500.0,0.0,0.020408163182007496,0.016673444421824137,0.020408163182007496,2451.285714285714,2418.5,3.401680257075573,93.51655550674514,1.019872948808724,1.0336985692218374,0,False,False,False,False,False,False,False,False,True,False,False,False,False,False,False,True,False,False,False
2026-07-16,Andhra Pradesh,NTR,Nandigama,Paddy(Common),B P T,Grade Range-1,1970.0,1970.0,1970.0,1970.0,110.9,18.9,108.12857142857142,5.096774193548386,0.4,34.4,28.3,62.0,31.35,3,7,29,13.3,-6.349999999999998,0,0,0,0,2320.0,0,0,0,0,1990.0,0.010152284212424954,0.0,0.03141361240097585,0.00510204079029571,1952.857142857143,1925.0,23.60387377408383,37.15870329773725,1.0087783415790428,1.0233766180603812,0,False,False,False,False,True,False,False,False,False,False,False,False,False,False,False,True,False,False,False
2026-07-16,Andhra Pradesh,Eluru,Polavaram,Paddy(Common),1001,Local,2445.0,2445.0,2445.0,2445.0,110.9,514.4,214.75714285714284,5.970189701897019,0.4,34.4,28.3,62.0,31.35,3,7,29,6.300000000000001,-5.640000000000001,0,0,0,0,2320.0,0,0,0,0,2445.0,0.0,0.0,0.0230125522049684,0.0230125522049684,2405.714285714286,2397.785714285714,26.83725200608505,20.004532453455447,1.0163301620461334,1.019690781889341,0,False,False,False,False,False,True,False,False,False,False,False,False,True,False,False,False,False,False,False
2026-07-17,Andhra Pradesh,NTR,Mylavaram,Paddy(Common),1001,Local,2369.0,2369.0,2369.0,2369.0,96.4,514.4,218.32857142857142,5.970189701897019,3.8,33.1,26.1,73.0,29.6,4,7,29,12.399999999999999,-4.760000000000002,0,0,0,0,2320.0,0,0,0,0,2369.0,0.0,0.0,0.0,0.0,2369.0,2369.0,0.0,0.0,0.9999999957788096,0.9999999957788096,0,False,False,False,True,False,False,False,False,False,False,False,False,False,False,False,True,False,False,False
2026-07-17,Andhra Pradesh,NTR,Nandigama,Paddy(Common),B P T,Grade Range-1,1990.0,1990.0,1990.0,1990.0,96.4,110.9,120.21428571428571,4.867724867724869,3.8,33.1,26.1,73.0,29.6,4,7,29,12.899999999999999,-6.75,0,0,0,0,2320.0,0,0,0,0,1990.0,0.0,0.010152284212424954,0.010152284212424954,0.010152284212424954,1954.2857142857142,1932.857142857143,24.39750182371389,33.83866050917185,1.018274848590699,1.0295639266763137,0,False,False,False,False,True,False,False,False,False,False,False,False,False,False,False,True,False,False,False
2026-07-17,Andhra Pradesh,Eluru,Polavaram,Paddy(Common),1001,Local,2445.0,2445.0,2445.0,2445.0,96.4,110.9,194.84285714285716,-0.7844090202177294,3.8,33.1,26.1,73.0,29.6,4,7,29,6.600000000000001,-5.34,0,0,0,0,2320.0,0,0,0,0,2445.0,0.0,0.0,0.0,0.0230125522049684,2413.5714285714284,2401.714285714286,29.398736610366974,23.460043187804825,1.0130215998276701,1.0180228365892456,0,False,False,False,False,False,True,False,False,False,False,False,False,True,False,False,False,False,False,False
2026-07-17,Andhra Pradesh,NTR,Tiruvuru,Paddy(Common),Sona,Local,2500.0,2500.0,2500.0,2500.0,96.4,514.4,224.79999999999998,5.970189701897019,3.8,33.1,26.1,73.0,29.6,4,7,29,13.100000000000001,-2.6999999999999993,0,0,0,0,2320.0,0,0,0,0,2500.0,0.0,0.0,0.020408163182007496,0.020408163182007496,2458.4285714285716,2422.0714285714284,18.63560340546188,95.74040565364898,1.0169097523863277,1.0321743447313572,0,False,False,False,False,False,False,False,False,True,False,False,False,False,False,False,True,False,False,False
2026-07-18,Andhra Pradesh,NTR,Mylavaram,Paddy(Common),1001,FAQ,2369.0,2369.0,2369.0,2369.0,54.4,96.4,196.34285714285716,-0.812597200622084,20.5,29.5,25.5,88.0,27.5,5,7,29,16.1,-1.0599999999999987,0,0,0,0,2320.0,0,0,0,0,2369.0,0.0,0.0,0.0,0.0,2369.0,2369.0,0.0,0.0,0.9999999957788096,0.9999999957788096,0,False,False,False,True,False,False,False,False,False,False,False,False,False,False,False,True,False,False,False
2026-07-18,Andhra Pradesh,NTR,Nandigama,Paddy(Common),B P T,Grade Range-1,1990.0,1990.0,1990.0,1990.0,54.4,96.4,98.22857142857141,-0.13074842200180337,20.5,29.5,25.5,88.0,27.5,5,7,29,16.6,-3.049999999999997,0,0,0,0,2320.0,0,0,0,0,1970.0,-0.010050251205777632,0.0,0.010152284212424954,0.031088082740476256,1957.142857142857,1938.5714285714287,27.516228977512302,36.34390073835177,1.0167883159726145,1.026529103031906,0,False,False,False,False,True,False,False,False,False,False,False,False,False,False,False,True,False,False,False
2026-07-18,Andhra Pradesh,NTR,Tiruvuru,Paddy(Common),Sona,Local,2500.0,2500.0,2500.0,2500.0,54.4,96.4,211.6142857142857,-0.812597200622084,20.5,29.5,25.5,88.0,27.5,5,7,29,15.6,-0.20000000000000107,0,0,0,0,2320.0,0,0,0,0,2550.0,0.019999999919999997,0.0,0.020408163182007496,0.020408163182007496,2465.5714285714284,2429.214285714286,23.747681591101173,97.67778943777611,1.0139637249564017,1.029139341230865,0,False,False,False,False,False,False,False,False,True,False,False,False,False,False,False,True,False,False,False
2026-07-19,Andhra Pradesh,NTR,Nandigama,Paddy(Common),B P T,Grade Range-1,1970.0,1970.0,1970.0,1970.0,17.8,54.4,79.04285714285716,-0.43568464730290457,2.1,33.6,25.8,77.0,29.700000000000003,6,7,29,35.8,16.15,0,0,1,0,2320.0,0,0,0,0,1965.0,-0.0025380710531062384,-0.010050251205777632,0.0,0.00510204079029571,1965.7142857142858,1944.2857142857142,26.99206232527388,37.767361919700924,1.002180227459839,1.0132255642229397,0,False,False,False,False,True,False,False,False,False,False,False,False,False,False,False,True,False,False,False
2026-07-20,Andhra Pradesh,East Godavari,Kovvur,Paddy(Common),MTU-1010,Grade Range-2,2441.0,2441.0,2441.0,2441.0,64.0,514.4,198.28571428571428,5.970189701897019,2.6,33.5,26.2,77.0,29.85,0,7,30,11.8,-2.4000000000000004,0,0,0,0,2320.0,0,0,0,0,2441.0,0.0,0.0,0.017083333262152778,0.017083333262152778,2405.8571428571427,2402.9285714285716,15.49654339337836,10.957710918409381,1.0146072043808263,1.0158437578485142,0,False,True,False,False,False,False,False,False,False,False,False,True,False,False,False,False,False,False,False
2026-07-20,Andhra Pradesh,Bapatla,Kuchinapudi,Paddy(Common),B P T,Local,2800.0,3000.0,2900.0,2900.0,64.0,514.4,200.54285714285714,5.970189701897019,2.6,33.5,26.2,77.0,29.85,0,7,30,11.900000000000004,1.4399999999999995,0,0,0,0,2320.0,0,0,0,0,2800.0,-0.03448275850178359,0.09433962228551085,0.18367346863806747,0.18367346863806747,2478.5714285714284,2464.285714285714,75.59289460184547,53.45224838248489,1.1700288137232266,1.1768115894274311,0,False,False,True,False,False,False,False,False,False,False,True,False,False,False,False,False,False,False,False
2026-07-20,Andhra Pradesh,NTR,Mylavaram,Paddy(Common),1001,FAQ,2369.0,2369.0,2369.0,2369.0,64.0,54.4,177.15714285714284,-0.43568464730290457,2.6,33.5,26.2,77.0,29.85,0,7,30,35.300000000000004,-1.414285714285711,0,0,0,0,2320.0,0,0,0,0,2369.0,0.0,0.0,0.0,0.0,2369.0,2369.0,0.0,0.0,0.9999999957788096,0.9999999957788096,0,False,False,False,True,False,False,False,False,False,False,False,False,False,False,False,True,False,False,False
2026-07-20,Andhra Pradesh,NTR,Nandigama,Paddy(Common),B P T,Grade Range-1,1960.0,1970.0,1965.0,1965.0,64.0,17.8,62.357142857142854,-0.6727941176470589,2.6,33.5,26.2,77.0,29.85,0,7,30,32.5,-3.9499999999999957,0,0,0,0,2320.0,0,0,0,0,1930.0,-0.01781170474396079,-0.0025380710531062384,-0.012562814007222041,0.028795811367561198,1967.142857142857,1948.5714285714287,26.90370836538277,36.97340891820794,0.9989106703032864,1.0084310798687555,0,False,False,False,False,True,False,False,False,False,False,False,False,False,False,False,True,False,False,False
2026-07-20,Andhra Pradesh,Eluru,Polavaram,Paddy(Common),1001,Local,2445.0,2445.0,2445.0,2445.0,64.0,96.4,166.3857142857143,-0.13074842200180337,2.6,33.5,26.2,77.0,29.85,0,7,30,9.6,-4.933333333333334,0,0,0,0,2320.0,0,0,0,0,2445.0,0.0,0.0,0.0,0.0230125522049684,2421.4285714285716,2405.6428571428573,29.398736610366843,25.832618446921387,1.009734509104341,1.0163603390156937,0,False,False,False,False,False,True,False,False,False,False,False,False,True,False,False,False,False,False,False
2026-07-20,Andhra Pradesh,NTR,Tiruvuru,Paddy(Common),Sona,Local,2550.0,2550.0,2550.0,2550.0,64.0,54.4,177.15714285714284,-0.43568464730290457,2.6,33.5,26.2,77.0,29.85,0,7,30,35.3,2.9199999999999946,0,0,0,0,2320.0,0,0,0,0,2500.0,-0.0196078430603614,0.019999999919999997,0.019999999919999997,0.04081632636401499,2472.714285714286,2432.785714285714,25.721030861366533,99.3952317161747,1.0312554120868982,1.0481810931987037,0,False,False,False,False,False,False,False,False,True,False,False,False,False,False,False,True,False,False,False
2026-07-21,Andhra Pradesh,Bapatla,Kuchinapudi,Paddy(Common),B P T,Local,2700.0,2900.0,2800.0,2800.0,194.6,64.0,167.45714285714283,-0.8755832037325039,3.5,31.9,25.2,76.0,28.549999999999997,1,7,30,13.700000000000005,3.24,0,0,0,0,2320.0,0,0,0,0,3300.0,0.17857142793367345,-0.03448275850178359,0.14285714227405247,0.14285714227405247,2542.8571428571427,2496.4285714285716,174.2330131092925,127.79834733836583,1.1011235911753567,1.1216022844914357,0,False,False,True,False,False,False,False,False,False,False,True,False,False,False,False,False,False,False,False
2026-07-21,Andhra Pradesh,NTR,Mylavaram,Paddy(Common),1001,FAQ,2369.0,2369.0,2369.0,2369.0,194.6,64.0,167.07142857142858,0.17647058823529416,3.5,31.9,25.2,76.0,28.549999999999997,1,7,30,32.5,-4.214285714285715,0,0,0,0,2320.0,0,0,0,0,2369.0,0.0,0.0,0.0,0.0,2369.0,2369.0,0.0,0.0,0.9999999957788096,0.9999999957788096,0,False,False,False,True,False,False,False,False,False,False,False,False,False,False,False,True,False,False,False
2026-07-21,Andhra Pradesh,NTR,Nandigama,Paddy(Common),B P T,Grade Range-1,1930.0,1930.0,1930.0,1930.0,194.6,64.0,52.214285714285715,2.595505617977528,3.5,31.9,25.2,76.0,28.549999999999997,1,7,30,29.5,-6.949999999999996,0,0,0,0,2320.0,0,0,0,0,1960.0,0.015544041370238128,-0.01781170474396079,-0.030150753617332895,-0.020304568424849907,1975.0,1951.0714285714287,10.408329997333173,36.80398031508303,0.9772151849254928,0.9892000681498074,0,False,False,False,False,True,False,False,False,False,False,False,False,False,False,False,True,False,False,False
2026-07-21,Andhra Pradesh,Eluru,Polavaram,Paddy(Common),1001,Local,2445.0,2445.0,2445.0,2445.0,194.6,64.0,156.29999999999998,-0.3360995850622407,3.5,31.9,25.2,76.0,28.549999999999997,1,7,30,6.8,-7.733333333333333,0,0,0,0,2320.0,0,0,0,0,2445.0,0.0,0.0,0.0,0.0230125522049684,2429.285714285714,2409.6428571428573,26.83725200608461,27.34848369543755,1.0064686815376178,1.0146731838727063,0,False,False,False,False,False,True,False,False,False,False,False,False,True,False,False,False,False,False,False
2026-07-21,Andhra Pradesh,NTR,Tiruvuru,Paddy(Common),Sona,Local,2500.0,2500.0,2500.0,2500.0,194.6,64.0,167.07142857142858,0.17647058823529416,3.5,31.9,25.2,76.0,28.549999999999997,1,7,30,32.5,0.11999999999999744,0,0,0,0,2320.0,0,0,0,0,2450.0,-0.019999999919999997,-0.0196078430603614,0.0,0.016673444421824137,2487.0,2443.5,36.51027252705656,103.5855276496746,1.0052271773010566,1.0231225658967769,0,False,False,False,False,False,False,False,False,True,False,False,False,False,False,False,True,False,False,False
2026-07-22,Andhra Pradesh,Kakinada,Jaggampet,Paddy(Common),Common,FAQ,2369.0,2380.0,2369.0,2371.2,904.93,75.04,97.46285714285715,0.1166666666666667,9.0,31.7,26.0,82.0,28.85,2,7,30,37.099999999999994,15.439999999999994,0,0,0,0,2320.0,0,0,0,0,2371.2,0.0,-0.002440050473537937,-0.002440050473537937,-0.002440050473537937,2377.0,2377.0,0.0,0.0,0.9975599453194784,0.9975599453194784,0,True,False,False,False,False,False,False,False,False,False,False,False,False,True,False,False,False,False,False
2026-07-22,Andhra Pradesh,East Godavari,Kovvur,Paddy(Common),MTU-1010,Grade Range-2,2441.0,2441.0,2441.0,2441.0,904.93,64.0,165.20000000000002,-0.8755832037325039,9.0,31.7,26.0,82.0,28.85,2,7,30,13.6,-0.6000000000000014,0,0,0,0,2320.0,0,0,0,0,2441.0,0.0,0.0,0.017083333262152778,0.017083333262152778,2411.714285714286,2405.8571428571427,20.00595149544507,14.888597303652496,1.0121431068090263,1.0146072043808263,0,False,True,False,False,False,False,False,False,False,False,False,True,False,False,False,False,False,False,False
2026-07-22,Andhra Pradesh,NTR,Mylavaram,Paddy(Common),1001,FAQ,2369.0,2369.0,2369.0,2369.0,904.93,194.6,175.58571428571432,2.040625,9.0,31.7,26.0,82.0,28.85,2,7,30,30.400000000000006,-6.31428571428571,0,0,0,0,2320.0,0,0,0,0,2369.0,0.0,0.0,0.0,0.0,2369.0,2369.0,0.0,0.0,0.9999999957788096,0.9999999957788096,0,False,False,False,True,False,False,False,False,False,False,False,False,False,False,False,True,False,False,False
2026-07-22,Andhra Pradesh,NTR,Nandigama,Paddy(Common),B P T,Grade Range-1,1960.0,1960.0,1960.0,1960.0,904.93,194.6,79.57142857142857,2.040625,9.0,31.7,26.0,82.0,28.85,2,7,30,33.0,-3.4499999999999957,0,0,0,0,2320.0,0,0,0,0,2250.0,0.1479591829185756,0.015544041370238128,-0.005076142106212477,-0.005076142106212477,1969.2857142857142,1955.357142857143,20.08908730060861,29.382378661780074,0.9952847247247059,1.002374424097446,0,False,False,False,False,True,False,False,False,False,False,False,False,False,False,False,True,False,False,False
2026-07-22,Andhra Pradesh,Eluru,Polavaram,Paddy(Common),1001,Local,2445.0,2445.0,2445.0,2445.0,904.93,194.6,183.65714285714287,2.040625,9.0,31.7,26.0,82.0,28.85,2,7,30,10.3,-4.2333333333333325,0,0,0,0,2320.0,0,0,0,0,2445.0,0.0,0.0,0.0,0.0230125522049684,2437.1428571428573,2413.5714285714284,20.788046015507035,28.245392505721323,1.0032239114756345,1.0130215998276701,0,False,False,False,False,False,True,False,False,False,False,False,False,True,False,False,False,False,False,False
2026-07-23,Andhra Pradesh,Kakinada,Jaggampet,Paddy(Common),Common,FAQ,2369.0,2380.0,2369.0,2371.2,692.45,904.93,206.95285714285714,11.059301705756928,0.7,33.3,26.4,70.0,29.849999999999998,3,7,30,29.200000000000003,7.540000000000003,0,0,0,0,2320.0,0,0,0,0,2371.2,0.0,0.0,-0.002440050473537937,-0.002440050473537937,2376.171428571429,2376.585714285714,2.192193943453544,1.5501152030921288,0.9979077946604652,0.9977338396714753,0,True,False,False,False,False,False,False,False,False,False,False,False,False,True,False,False,False,False,False
2026-07-23,Andhra Pradesh,East Godavari,Kovvur,Paddy(Common),MTU-1010,Grade Range-2,2441.0,2441.0,2441.0,2441.0,692.45,904.93,275.2471428571429,13.13953125,0.7,33.3,26.4,70.0,29.849999999999998,3,7,30,17.2,2.9999999999999982,0,0,0,0,2320.0,0,0,0,0,2441.0,0.0,0.0,0.0,0.017083333262152778,2417.5714285714284,2408.785714285714,21.91542183681909,17.45842785867908,1.009690948964228,1.0133736576854873,0,False,True,False,False,False,False,False,False,False,False,False,True,False,False,False,False,False,False,False
2026-07-23,Andhra Pradesh,Bapatla,Kuchinapudi,Paddy(Common),B P T,Local,3200.0,3400.0,3300.0,3300.0,692.45,194.6,176.0285714285714,2.040625,0.7,33.3,26.4,70.0,29.849999999999998,3,7,30,11.800000000000004,1.3399999999999999,0,0,0,0,2320.0,0,0,0,0,3400.0,0.030303030211202935,0.17857142793367345,0.2452830179423282,0.34693877409412743,2592.8571428571427,2521.4285714285716,192.41572057347494,150.2744741545204,1.2727272678186827,1.308781864497749,0,False,False,True,False,False,False,False,False,False,False,True,False,False,False,False,False,False,False,False
2026-07-23,Andhra Pradesh,NTR,Mylavaram,Paddy(Common),1001,FAQ,2369.0,2369.0,2369.0,2369.0,692.45,904.93,271.79,3.650205549845838,0.7,33.3,26.4,70.0,29.849999999999998,3,7,30,39.400000000000006,2.6857142857142904,0,0,0,0,2320.0,0,0,0,0,2369.0,0.0,0.0,0.0,0.0,2369.0,2369.0,0.0,0.0,0.9999999957788096,0.9999999957788096,0,False,False,False,True,False,False,False,False,False,False,False,False,False,False,False,True,False,False,False
2026-07-23,Andhra Pradesh,NTR,Nandigama,Paddy(Common),B P T,Grade Range-1,2250.0,2250.0,2250.0,2250.0,692.45,904.93,206.14714285714285,3.650205549845838,0.7,33.3,26.4,70.0,29.849999999999998,3,7,30,41.9,5.450000000000003,1,0,0,0,2320.0,0,0,0,0,2300.0,0.02222222212345679,0.1479591829185756,0.14503816720082358,0.14213197897394936,1967.857142857143,1960.357142857143,20.383233072214882,22.571619835051205,1.1433756747705048,1.147750039690836,0,False,False,False,False,True,False,False,False,False,False,False,False,False,False,False,True,False,False,False
2026-07-23,Andhra Pradesh,Eluru,Polavaram,Paddy(Common),1001,Local,2445.0,2445.0,2445.0,2445.0,692.45,904.93,279.8614285714286,3.650205549845838,0.7,33.3,26.4,70.0,29.849999999999998,3,7,30,19.3,4.7666666666666675,0,0,0,0,2320.0,0,0,0,0,2445.0,0.0,0.0,0.0,0.0,2445.0,2417.5,0.0,28.538098691453598,0.9999999959100204,1.0113753836137522,0,False,False,False,False,False,True,False,False,False,False,False,False,True,False,False,False,False,False,False
2026-07-24,Andhra Pradesh,Kakinada,Jaggampet,Paddy(Common),Common,FAQ,2369.0,2380.0,2369.0,2371.2,452.33,692.45,300.51714285714286,-0.23480269192092196,1.2,32.9,27.8,70.0,30.35,4,7,30,15.1,-6.5600000000000005,0,0,0,0,2320.0,0,0,0,0,2371.2,0.0,0.0,-0.002440050473537937,-0.002440050473537937,2375.342857142857,2376.171428571429,2.830110211550674,2.1061918136875524,0.9982558866763346,0.9979077946604652,0,True,False,False,False,False,False,False,False,False,False,False,False,False,True,False,False,False,False,False
2026-07-24,Andhra Pradesh,Bapatla,Kuchinapudi,Paddy(Common),B P T,Local,3300.0,3500.0,3400.0,3400.0,452.33,692.45,255.66428571428574,2.5583247687564237,1.2,32.9,27.8,70.0,30.35,4,7,30,6.900000000000004,-3.5600000000000005,0,0,0,0,2320.0,0,0,0,0,3100.0,-0.08823529385813149,0.030303030211202935,0.17241379250891795,0.38775510045814243,2714.285714285714,2582.1428571428573,315.85108003916156,254.6544739424406,1.25263157433241,1.3167358178604973,0,False,False,True,False,False,False,False,False,False,False,True,False,False,False,False,False,False,False,False
2026-07-24,Andhra Pradesh,NTR,Mylavaram,Paddy(Common),1001,FAQ,2369.0,2369.0,2369.0,2369.0,452.33,692.45,360.16857142857145,-0.23480269192092196,1.2,32.9,27.8,70.0,30.35,4,7,30,40.1,3.385714285714286,1,0,0,0,2320.0,0,0,0,0,2369.0,0.0,0.0,0.0,0.0,2369.0,2369.0,0.0,0.0,0.9999999957788096,0.9999999957788096,0,False,False,False,True,False,False,False,False,False,False,False,False,False,False,False,True,False,False,False
2026-07-24,Andhra Pradesh,NTR,Nandigama,Paddy(Common),B P T,Grade Range-1,2300.0,2300.0,2300.0,2300.0,452.33,692.45,289.2257142857143,-0.23480269192092196,1.2,32.9,27.8,70.0,30.35,4,7,30,42.2,5.750000000000007,1,0,0,0,2320.0,0,0,0,0,2350.0,0.02173913034026465,0.02222222212345679,0.19170984356627024,0.1557788936895533,2007.857142857143,1981.0714285714287,108.69901651108106,80.62683680504199,1.1454998164222705,1.1609879155385503,0,False,False,False,False,True,False,False,False,False,False,False,False,False,False,False,True,False,False,False
2026-07-24,Andhra Pradesh,Eluru,Polavaram,Paddy(Common),1001,Local,2445.0,2445.0,2445.0,2445.0,452.33,692.45,368.24000000000007,-0.23480269192092196,1.2,32.9,27.8,70.0,30.35,4,7,30,20.0,5.466666666666667,0,0,0,0,2320.0,0,0,0,0,2445.0,0.0,0.0,0.0,0.0,2445.0,2421.4285714285716,0.0,28.245392505721586,0.9999999959100204,1.009734509104341,0,False,False,False,False,False,True,False,False,False,False,False,False,True,False,False,False,False,False,False
2026-07-24,Andhra Pradesh,NTR,Tiruvuru,Paddy(Common),Sona,Local,2450.0,2450.0,2450.0,2450.0,452.33,194.6,175.58571428571426,2.040625,1.2,32.9,27.8,70.0,30.35,4,7,30,30.400000000000002,-1.9800000000000004,0,0,0,0,2320.0,0,0,0,0,2500.0,0.020408163182007496,-0.019999999919999997,-0.019999999919999997,0.0,2492.8571428571427,2472.0714285714284,34.50327796711687,31.938557083427504,0.9828080189801397,0.9910716825464464,0,False,False,False,False,False,False,False,False,True,False,False,False,False,False,False,True,False,False,False
2026-07-25,Andhra Pradesh,Kakinada,Jaggampet,Paddy(Common),Common,FAQ,2369.0,2380.0,2369.0,2371.2,1220.76,452.33,351.15,-0.3467687197631598,0.5,33.8,28.1,64.0,30.95,5,7,30,14.4,-7.26,0,0,0,0,2320.0,0,0,0,0,2371.2,0.0,0.0,0.0,-0.002440050473537937,2374.5142857142855,2375.7571428571428,3.100230406183931,2.4697288190328366,0.9986042216211257,0.9980818103181706,0,True,False,False,False,False,False,False,False,False,False,False,False,False,True,False,False,False,False,False
2026-07-25,Andhra Pradesh,Bapatla,Kuchinapudi,Paddy(Common),B P T,Local,3000.0,3200.0,3100.0,3100.0,1220.76,452.33,317.5828571428571,-0.3467687197631598,0.5,33.8,28.1,64.0,30.95,5,7,30,8.000000000000004,-2.460000000000001,0,0,0,0,2320.0,0,0,0,0,3100.0,0.0,-0.08823529385813149,0.10714285676020407,0.26530612136609744,2850.0,2650.0,380.7886552931957,331.6624790355402,1.087719294429055,1.1698113163403345,0,False,False,True,False,False,False,False,False,False,False,True,False,False,False,False,False,False,False,False
2026-07-25,Andhra Pradesh,NTR,Mylavaram,Paddy(Common),1001,FAQ,2369.0,2369.0,2369.0,2369.0,1220.76,452.33,351.3014285714286,-0.3467687197631598,0.5,33.8,28.1,64.0,30.95,5,7,30,41.300000000000004,4.585714285714289,1,0,0,0,2320.0,0,0,0,0,2369.0,0.0,0.0,0.0,0.0,2369.0,2369.0,0.0,0.0,0.9999999957788096,0.9999999957788096,0,False,False,False,True,False,False,False,False,False,False,False,False,False,False,False,True,False,False,False
2026-07-25,Andhra Pradesh,Eluru,Polavaram,Paddy(Common),1001,Local,2445.0,2445.0,2445.0,2445.0,1220.76,452.33,359.3728571428572,-0.3467687197631598,0.5,33.8,28.1,64.0,30.95,5,7,30,21.2,6.666666666666666,0,0,0,0,2320.0,0,0,0,0,2445.0,0.0,0.0,0.0,0.0,2445.0,2425.3571428571427,0.0,27.34848369543808,0.9999999959100204,1.008098950342104,0,False,False,False,False,False,True,False,False,False,False,False,False,True,False,False,False,False,False,False
2026-07-25,Andhra Pradesh,NTR,Tiruvuru,Paddy(Common),Sona,Local,2500.0,2500.0,2500.0,2500.0,1220.76,452.33,207.13285714285712,1.3244090441932168,0.5,33.8,28.1,64.0,30.95,5,7,30,31.6,-0.7800000000000011,0,0,0,0,2320.0,0,0,0,0,2500.0,0.0,0.020408163182007496,-0.0196078430603614,0.020408163182007496,2492.8571428571427,2472.0714285714284,34.50327796711687,31.938557083427504,1.0028653254899385,1.011297635251476,0,False,False,False,False,False,False,False,False,True,False,False,False,False,False,False,True,False,False,False
2026-07-26,Andhra Pradesh,Kakinada,Jaggampet,Paddy(Common),Common,FAQ,2369.0,2380.0,2369.0,2371.2,183.35,1220.76,520.1871428571428,1.698826078305662,13.4,33.0,25.0,73.0,29.0,6,7,30,12.5,-9.16,0,0,1,0,2320.0,0,0,0,0,2371.2,0.0,0.0,0.0,-0.002440050473537937,2373.6857142857143,2375.342857142857,3.1002304061837997,2.7190819394435244,0.9989527997492327,0.9982558866763346,0,True,False,False,False,False,False,False,False,False,False,False,False,False,True,False,False,False,False,False
2026-07-26,Andhra Pradesh,NTR,Mylavaram,Paddy(Common),1001,FAQ,2369.0,2369.0,2369.0,2369.0,183.35,1220.76,511.9242857142857,1.698826078305662,13.4,33.0,25.0,73.0,29.0,6,7,30,38.0,1.2857142857142847,0,0,1,0,2320.0,0,0,0,0,2369.0,0.0,0.0,0.0,0.0,2369.0,2369.0,0.0,0.0,0.9999999957788096,0.9999999957788096,0,False,False,False,True,False,False,False,False,False,False,False,False,False,False,False,True,False,False,False
2026-07-26,Andhra Pradesh,NTR,Nandigama,Paddy(Common),B P T,Grade Range-1,2350.0,2350.0,2350.0,2350.0,183.35,452.33,340.0728571428572,-0.3467687197631598,13.4,33.0,25.0,73.0,29.0,6,7,30,39.6,3.1500000000000057,0,0,1,0,2320.0,0,0,0,0,2250.0,-0.04255319130828429,0.02173913034026465,0.19897959082153271,0.18090452170399737,2052.1428571428573,2004.642857142857,153.94417664793184,117.12032415285745,1.1451444427316315,1.1722786330262245,0,False,False,False,False,True,False,False,False,False,False,False,False,False,False,False,True,False,False,False
2026-07-26,Andhra Pradesh,NTR,Tiruvuru,Paddy(Common),Sona,Local,2500.0,2500.0,2500.0,2500.0,183.35,1220.76,370.98428571428576,1.698826078305662,13.4,33.0,25.0,73.0,29.0,6,7,30,32.1,-0.28000000000000114,0,0,1,0,2320.0,0,0,0,0,2500.0,0.0,0.0,0.0,0.0,2500.0,2475.6428571428573,28.867513459480307,32.0758887228797,0.9999999959999999,1.0098387102519568,0,False,False,False,False,False,False,False,False,True,False,False,False,False,False,False,True,False,False,False
2026-07-27,Andhra Pradesh,Kakinada,Jaggampet,Paddy(Common),Common,FAQ,2369.0,2380.0,2369.0,2371.2,162.91,183.35,513.7228571428572,-0.8498066778072676,6.2,31.8,25.4,77.0,28.6,0,7,31,25.8,-3.2749999999999986,0,0,0,0,2320.0,0,0,0,0,2371.2,0.0,0.0,0.0,-0.002440050473537937,2372.8571428571427,2374.9285714285716,2.8301102115502412,2.884021916973646,0.9993016213154055,0.9984300237667235,0,True,False,False,False,False,False,False,False,False,False,False,False,False,True,False,False,False,False,False
2026-07-27,Andhra Pradesh,East Godavari,Kovvur,Paddy(Common),MTU-1010,Grade Range-2,2441.0,2441.0,2441.0,2441.0,162.91,692.45,354.8828571428571,-0.23480269192092196,6.2,31.8,25.4,77.0,28.6,0,7,31,12.299999999999999,-15.124999999999998,0,0,0,0,2320.0,0,0,0,0,2441.0,0.0,0.0,0.0,0.017083333262152778,2423.4285714285716,2411.714285714286,21.915421836819316,19.22109646847826,1.0072506442756692,1.0121431068090263,0,False,True,False,False,False,False,False,False,False,False,False,True,False,False,False,False,False,False,False
2026-07-27,Andhra Pradesh,Bapatla,Kuchinapudi,Paddy(Common),B P T,Local,3000.0,3200.0,3100.0,3100.0,162.91,1220.76,458.9057142857143,1.698826078305662,6.2,31.8,25.4,77.0,28.6,0,7,31,8.500000000000004,-25.16666666666666,0,0,0,0,2320.0,0,0,0,0,3200.0,0.032258064412070755,0.0,-0.06060606042240587,0.26530612136609744,2942.8571428571427,2696.4285714285716,344.5148417564568,346.66781135342177,1.0533980546729191,1.1496688699085127,0,False,False,True,False,False,False,False,False,False,False,True,False,False,False,False,False,False,False,False
2026-07-27,Andhra Pradesh,NTR,Mylavaram,Paddy(Common),1001,FAQ,2369.0,2369.0,2369.0,2369.0,162.91,183.35,530.3457142857143,-0.8498066778072676,6.2,31.8,25.4,77.0,28.6,0,7,31,30.900000000000006,-18.316666666666663,0,0,0,0,2320.0,0,0,0,0,2369.0,0.0,0.0,0.0,0.0,2369.0,2369.0,0.0,0.0,0.9999999957788096,0.9999999957788096,0,False,False,False,True,False,False,False,False,False,False,False,False,False,False,False,True,False,False,False
2026-07-27,Andhra Pradesh,NTR,Nandigama,Paddy(Common),B P T,Grade Range-1,2250.0,2250.0,2250.0,2250.0,162.91,183.35,358.4942857142857,-0.5946543452788893,6.2,31.8,25.4,77.0,28.6,0,7,31,32.5,-12.799999999999997,0,0,0,0,2320.0,0,0,0,0,2350.0,0.04444444424691358,-0.04255319130828429,0.0,0.14213197897394936,2103.5714285714284,2034.642857142857,186.42948366863152,146.60864028628566,1.0696095025553367,1.1058451762394832,0,False,False,False,False,True,False,False,False,False,False,False,False,False,False,False,True,False,False,False
2026-07-27,Andhra Pradesh,Eluru,Polavaram,Paddy(Common),1001,Local,2445.0,2445.0,2445.0,2445.0,162.91,1220.76,517.9242857142857,1.698826078305662,6.2,31.8,25.4,77.0,28.6,0,7,31,21.3,-17.98333333333333,0,0,0,0,2320.0,0,0,0,0,2445.0,0.0,0.0,0.0,0.0,2445.0,2429.285714285714,0.0,25.784397701618943,0.9999999959100204,1.0064686815376178,0,False,False,False,False,False,True,False,False,False,False,False,False,True,False,False,False,False,False,False
2026-07-28,Andhra Pradesh,East Godavari,Kovvur,Paddy(Common),MTU-1010,Grade Range-2,2441.0,2441.0,2441.0,2441.0,483.11,162.91,377.71285714285716,-0.7647339158061954,20.9,31.6,25.2,83.0,28.4,1,7,31,18.5,-8.924999999999997,0,0,0,0,2320.0,0,0,0,0,2441.0,0.0,0.0,0.0,0.017083333262152778,2429.285714285714,2414.6428571428573,20.005951495445725,20.387051482052655,1.004822107007495,1.0109155408511112,0,False,True,False,False,False,False,False,False,False,False,False,True,False,False,False,False,False,False,False
2026-07-28,Andhra Pradesh,Bapatla,Kuchinapudi,Paddy(Common),B P T,Local,3100.0,3300.0,3200.0,3200.0,483.11,162.91,471.63571428571424,-0.8665503456862937,20.9,31.6,25.2,83.0,28.4,1,7,31,14.700000000000005,-18.96666666666666,0,0,0,0,2320.0,0,0,0,0,3300.0,0.03124999990234375,0.032258064412070755,-0.05882352923875432,0.20754716902812387,3035.714285714286,2742.8571428571427,268.8157450037204,354.56210417116773,1.054117643586436,1.1666666624131945,0,False,False,True,False,False,False,False,False,False,False,True,False,False,False,False,False,False,False,False
2026-07-28,Andhra Pradesh,NTR,Mylavaram,Paddy(Common),1001,FAQ,2369.0,2369.0,2369.0,2369.0,483.11,162.91,544.4757142857143,-0.11148077447504767,20.9,31.6,25.2,83.0,28.4,1,7,31,34.5,-14.716666666666669,0,0,0,0,2320.0,0,0,0,0,2369.0,0.0,0.0,0.0,0.0,2369.0,2369.0,0.0,0.0,0.9999999957788096,0.9999999957788096,0,False,False,False,True,False,False,False,False,False,False,False,False,False,False,False,True,False,False,False
2026-07-28,Andhra Pradesh,NTR,Nandigama,Paddy(Common),B P T,Grade Range-1,2350.0,2350.0,2350.0,2350.0,483.11,162.91,379.22428571428566,-0.11148077447504767,20.9,31.6,25.2,83.0,28.4,1,7,31,36.6,-8.699999999999996,0,0,0,0,2320.0,0,0,0,0,2360.0,0.004255319130828429,0.04444444424691358,0.02173913034026465,0.1959287521835687,2143.5714285714284,2055.3571428571427,183.0007806384605,155.47030740149899,1.0963012278079916,1.1433535999975846,0,False,False,False,False,True,False,False,False,False,False,False,False,False,False,False,True,False,False,False
2026-07-28,Andhra Pradesh,Eluru,Polavaram,Paddy(Common),1001,Local,2445.0,2445.0,2445.0,2445.0,483.11,162.91,527.4257142857142,-0.8665503456862937,20.9,31.6,25.2,83.0,28.4,1,7,31,23.700000000000003,-15.583333333333329,0,0,0,0,2320.0,0,0,0,0,2445.0,0.0,0.0,0.0,0.0,2445.0,2433.214285714286,0.0,23.419842249449545,0.9999999959100204,1.0048436770680136,0,False,False,False,False,False,True,False,False,False,False,False,False,True,False,False,False,False,False,False
2026-07-28,Andhra Pradesh,NTR,Tiruvuru,Paddy(Common),Sona,Local,2500.0,2500.0,2500.0,2500.0,483.11,183.35,323.6914285714286,-0.8498066778072676,20.9,31.6,25.2,83.0,28.4,1,7,31,45.5,-10.020000000000003,1,0,0,0,2320.0,0,0,0,0,2700.0,0.07999999967999999,0.0,0.020408163182007496,0.0,2500.0,2479.214285714286,28.867513459480307,31.783349708318,0.9999999959999999,1.0083839885570383,0,False,False,False,False,False,False,False,False,True,False,False,False,False,False,False,True,False,False,False
2026-07-29,Andhra Pradesh,Bapatla,Kuchinapudi,Paddy(Common),B P T,Local,3200.0,3400.0,3300.0,3300.0,210.51,483.11,467.16571428571433,1.9655024246516484,15.3,29.3,24.8,85.0,27.05,2,7,31,35.6,1.9333333333333371,0,0,0,0,2320.0,0,0,0,0,3300.0,0.0,0.03124999990234375,0.06451612882414151,0.13793103400713436,3114.285714285714,2796.4285714285716,211.57009420498292,363.4579045111672,1.0596330241204444,1.1800766241325484,0,False,False,True,False,False,False,False,False,False,False,True,False,False,False,False,False,False,False,False
2026-07-29,Andhra Pradesh,NTR,Mylavaram,Paddy(Common),1001,FAQ,2369.0,2369.0,2369.0,2369.0,210.51,483.11,585.6914285714286,1.9655024246516484,15.3,29.3,24.8,85.0,27.05,2,7,31,51.900000000000006,2.683333333333337,1,0,0,0,2320.0,0,0,0,0,2369.0,0.0,0.0,0.0,0.0,2369.0,2369.0,0.0,0.0,0.9999999957788096,0.9999999957788096,0,False,False,False,True,False,False,False,False,False,False,False,False,False,False,False,True,False,False,False
2026-07-29,Andhra Pradesh,Eluru,Polavaram,Paddy(Common),1001,Local,2445.0,2445.0,2445.0,2445.0,210.51,483.11,587.2985714285714,1.9655024246516484,15.3,29.3,24.8,85.0,27.05,2,7,31,42.0,2.7166666666666686,1,0,0,0,2320.0,0,0,0,0,2445.0,0.0,0.0,0.0,0.0,2445.0,2437.1428571428573,0.0,19.97250857807286,0.9999999959100204,1.0032239114756345,0,False,False,False,False,False,True,False,False,False,False,False,False,True,False,False,False,False,False,False
2026-07-29,Andhra Pradesh,NTR,Tiruvuru,Paddy(Common),Sona,Local,2700.0,2700.0,2700.0,2700.0,210.51,483.11,378.9357142857143,1.6349059176438505,15.3,29.3,24.8,85.0,27.05,2,7,31,62.6,7.079999999999998,1,0,0,0,2320.0,0,0,0,0,2550.0,-0.055555555349794235,0.07999999967999999,0.07999999967999999,0.07999999967999999,2500.0,2482.785714285714,28.867513459480307,31.048791804632074,1.07999999568,1.0874881281898692,0,False,False,False,False,False,False,False,False,True,False,False,False,False,False,False,True,False,False,False
2026-07-30,Andhra Pradesh,Kakinada,Jaggampet,Paddy(Common),Common,FAQ,2369.0,2380.0,2369.0,2371.2,194.76,162.91,527.3957142857143,-0.11148077447504767,0.1,30.8,26.4,77.0,28.6,3,7,31,31.5,2.4250000000000007,0,0,0,0,2320.0,0,0,0,0,2371.2,0.0,0.0,0.0,-0.002440050473537937,2372.028571428571,2374.5142857142855,2.1921939434526294,2.9786050278763865,0.9996506865747493,0.9986042216211257,0,True,False,False,False,False,False,False,False,False,False,False,False,False,True,False,False,False,False,False
2026-07-30,Andhra Pradesh,East Godavari,Kovvur,Paddy(Common),MTU-1010,Grade Range-2,2441.0,2441.0,2441.0,2441.0,194.76,483.11,413.65714285714284,1.9655024246516484,0.1,30.8,26.4,77.0,28.6,3,7,31,39.4,11.975000000000001,0,0,0,0,2320.0,0,0,0,0,2441.0,0.0,0.0,0.0,0.017083333262152778,2435.1428571428573,2417.5714285714284,15.49654339337958,21.055656231536815,1.002405252248717,1.009690948964228,0,False,True,False,False,False,False,False,False,False,False,False,True,False,False,False,False,False,False,False
2026-07-30,Andhra Pradesh,Bapatla,Kuchinapudi,Paddy(Common),B P T,Local,3200.0,3400.0,3300.0,3300.0,194.76,210.51,488.0957142857143,-0.5642607273705782,0.1,30.8,26.4,77.0,28.6,3,7,31,48.3,14.633333333333333,1,0,0,0,2320.0,0,0,0,0,3400.0,0.030303030211202935,0.0,0.06451612882414151,0.17857142793367345,3171.4285714285716,2857.1428571428573,197.60470401187254,372.03036624258766,1.0405405372595569,1.1549999959575,0,False,False,True,False,False,False,False,False,False,False,True,False,False,False,False,False,False,False,False
2026-07-30,Andhra Pradesh,NTR,Mylavaram,Paddy(Common),1001,FAQ,2369.0,2369.0,2369.0,2369.0,194.76,210.51,486.48857142857145,-0.5642607273705782,0.1,30.8,26.4,77.0,28.6,3,7,31,58.2,8.983333333333334,1,0,0,0,2320.0,0,0,0,0,2369.0,0.0,0.0,0.0,0.0,2369.0,2369.0,0.0,0.0,0.9999999957788096,0.9999999957788096,0,False,False,False,True,False,False,False,False,False,False,False,False,False,False,False,True,False,False,False
2026-07-30,Andhra Pradesh,Eluru,Polavaram,Paddy(Common),1001,Local,2445.0,2445.0,2445.0,2445.0,194.76,210.51,589.5714285714286,-0.5642607273705782,0.1,30.8,26.4,77.0,28.6,3,7,31,53.8,14.516666666666666,1,0,0,0,2320.0,0,0,0,0,2445.0,0.0,0.0,0.0,0.0,2445.0,2441.0714285714284,0.0,14.699368305186772,0.9999999959100204,1.0016093594667064,0,False,False,False,False,False,True,False,False,False,False,False,False,True,False,False,False,False,False,False
2026-07-30,Andhra Pradesh,Polavaram,Rampachodvaram,Paddy(Common),1001,Grade Range-2,2369.0,2389.0,2379.0,2379.0,194.76,210.51,186.70999999999998,0.292185869498496,0.1,30.8,26.4,77.0,28.6,3,7,31,21.5,9.175,0,0,0,0,2320.0,0,0,0,0,2379.0,0.0,0.0,,,2379.0,,0.0,0.0,0.9999999957965531,,0,False,False,False,False,False,False,True,False,False,False,False,False,False,False,False,False,False,True,False
2026-07-30,Andhra Pradesh,NTR,Tiruvuru,Paddy(Common),Sona,Local,2550.0,2550.0,2550.0,2550.0,194.76,210.51,401.2371428571429,-0.5642607273705782,0.1,30.8,26.4,77.0,28.6,3,7,31,57.39999999999999,1.8799999999999883,1,0,0,0,2320.0,0,0,0,0,2550.0,0.0,-0.055555555349794235,0.019999999919999997,0.0,2528.5714285714284,2500.6428571428573,80.91735937126838,64.55481527991596,1.008474572282869,1.019737777635371,0,False,False,False,False,False,False,False,False,True,False,False,False,False,False,False,True,False,False,False
2026-07-31,Andhra Pradesh,Kakinada,Jaggampet,Paddy(Common),Common,FAQ,2369.0,2380.0,2369.0,2371.2,159.73,194.76,544.4985714285715,0.19550672150267023,5.8,32.2,25.7,79.0,28.950000000000003,4,7,31,31.1,2.025000000000002,0,0,0,0,2320.0,0,0,0,0,2371.2,0.0,0.0,0.0,0.0,2371.2,2374.1,0.0,3.0094722256446214,0.999999995782726,0.9987784802713512,0,True,False,False,False,False,False,False,False,False,False,False,False,False,True,False,False,False,False,False
2026-07-31,Andhra Pradesh,East Godavari,Kovvur,Paddy(Common),MTU-1010,Grade Range-2,2441.0,2441.0,2441.0,2441.0,159.73,194.76,430.9371428571429,-0.596861998302664,5.8,32.2,25.7,79.0,28.950000000000003,4,7,31,39.5,12.075000000000003,0,0,0,0,2320.0,0,0,0,0,2441.0,0.0,0.0,0.0,0.0,2441.0,2420.5,0.0,21.27385538817348,0.9999999959033182,1.0084693203533595,0,False,True,False,False,False,False,False,False,False,False,False,True,False,False,False,False,False,False,False
2026-07-31,Andhra Pradesh,Bapatla,Kuchinapudi,Paddy(Common),B P T,Local,3300.0,3500.0,3400.0,3400.0,159.73,194.76,488.11857142857144,-0.07481829841812737,5.8,32.2,25.7,79.0,28.950000000000003,4,7,31,44.9,11.233333333333334,1,0,0,0,2320.0,0,0,0,0,3100.0,-0.08823529385813149,0.030303030211202935,0.0624999998046875,0.030303030211202935,3242.8571428571427,2917.8571428571427,113.38934190277179,369.82695686223116,1.0484581465466047,1.1652386740971012,0,False,False,True,False,False,False,False,False,False,False,True,False,False,False,False,False,False,False,False
2026-07-31,Andhra Pradesh,NTR,Mylavaram,Paddy(Common),1001,FAQ,2369.0,2369.0,2369.0,2369.0,159.73,194.76,415.39,-0.07481829841812737,5.8,32.2,25.7,79.0,28.950000000000003,4,7,31,57.60000000000001,8.38333333333334,1,0,0,0,2320.0,0,0,0,0,2369.0,0.0,0.0,0.0,0.0,2369.0,2369.0,0.0,0.0,0.9999999957788096,0.9999999957788096,0,False,False,False,True,False,False,False,False,False,False,False,False,False,False,False,True,False,False,False
2026-07-31,Andhra Pradesh,NTR,Nandigama,Paddy(Common),B P T,Grade Range-1,2360.0,2360.0,2360.0,2360.0,159.73,483.11,439.09714285714284,1.9655024246516484,5.8,32.2,25.7,79.0,28.950000000000003,4,7,31,54.9,9.600000000000001,1,0,0,0,2320.0,0,0,0,0,2340.0,-0.008474576235277219,0.004255319130828429,0.004255319130828429,0.2227979263067465,2198.5714285714284,2086.785714285714,178.17861557330428,167.80949756353954,1.0734242966121053,1.1309258888129514,0,False,False,False,False,True,False,False,False,False,False,False,False,False,False,False,True,False,False,False
2026-07-31,Andhra Pradesh,Eluru,Polavaram,Paddy(Common),1001,Local,2445.0,2445.0,2445.0,2445.0,159.73,194.76,488.11857142857144,-0.07481829841812737,5.8,32.2,25.7,79.0,28.950000000000003,4,7,31,44.9,5.616666666666667,1,0,0,0,2320.0,0,0,0,0,2445.0,0.0,0.0,0.0,0.0,2445.0,2445.0,0.0,0.0,0.9999999959100204,0.9999999959100204,0,False,False,False,False,False,True,False,False,False,False,False,False,True,False,False,False,False,False,False
2026-07-31,Andhra Pradesh,Polavaram,Rampachodvaram,Paddy(Common),1001,Grade Range-2,2369.0,2389.0,2379.0,2379.0,159.73,194.76,189.39333333333332,-0.07481829841812737,5.8,32.2,25.7,79.0,28.950000000000003,4,7,31,21.6,9.275000000000002,0,0,0,0,2320.0,0,0,0,0,2379.0,0.0,0.0,0.0,,2379.0,2379.0,0.0,0.0,0.9999999957965531,0.9999999957965531,0,False,False,False,False,False,False,True,False,False,False,False,False,False,False,False,False,False,True,False
2026-07-31,Andhra Pradesh,NTR,Tiruvuru,Paddy(Common),Sona,Local,2550.0,2550.0,2550.0,2550.0,159.73,194.76,419.9171428571429,-0.07481829841812737,5.8,32.2,25.7,79.0,28.950000000000003,4,7,31,54.9,-0.6200000000000045,1,0,0,0,2320.0,0,0,0,0,2600.0,0.0196078430603614,0.0,0.019999999919999997,0.019999999919999997,2528.5714285714284,2507.785714285714,80.91735937126838,64.05067533593142,1.008474572282869,1.0168332865545398,0,False,False,False,False,False,False,False,False,True,False,False,False,False,False,False,True,False,False,False
2026-08-01,Andhra Pradesh,Kakinada,Jaggampet,Paddy(Common),Common,FAQ,2369.0,2380.0,2369.0,2371.2,142.01,159.73,438.0414285714286,-0.17986239474224686,28.8,30.8,25.3,86.0,28.05,5,8,31,27.9,-1.1750000000000007,0,0,0,0,2320.0,0,0,0,0,2371.2,0.0,0.0,0.0,0.0,2371.2,2373.6857142857143,0.0,2.9786050278766494,0.999999995782726,0.9989527997492327,0,True,False,False,False,False,False,False,False,False,False,False,False,False,True,False,False,False,False,False
2026-08-01,Andhra Pradesh,Bapatla,Kuchinapudi,Paddy(Common),B P T,Local,3000.0,3200.0,3100.0,3100.0,142.01,159.73,412.0157142857143,-0.17986239474224686,28.8,30.8,25.3,86.0,28.05,5,8,31,50.00000000000001,16.333333333333343,1,0,0,0,2320.0,0,0,0,0,3300.0,0.06451612882414151,-0.08823529385813149,-0.06060606042240587,-0.08823529385813149,3257.1428571428573,2985.714285714286,127.24180205607368,364.4957377763744,0.9517543830428592,1.038277508484238,0,False,False,True,False,False,False,False,False,False,False,True,False,False,False,False,False,False,False,False
2026-08-01,Andhra Pradesh,Eluru,Polavaram,Paddy(Common),1001,Local,2445.0,2445.0,2445.0,2445.0,142.01,159.73,412.0157142857143,-0.17986239474224686,28.8,30.8,25.3,86.0,28.05,5,8,31,50.0,10.716666666666669,1,0,0,0,2320.0,0,0,0,0,2445.0,0.0,0.0,0.0,0.0,2445.0,2445.0,0.0,0.0,0.9999999959100204,0.9999999959100204,0,False,False,False,False,False,True,False,False,False,False,False,False,True,False,False,False,False,False,False
2026-08-01,Andhra Pradesh,NTR,Tiruvuru,Paddy(Common),Sona,Local,2600.0,2600.0,2600.0,2600.0,142.01,159.73,414.93571428571425,-0.17986239474224686,28.8,30.8,25.3,86.0,28.05,5,8,31,57.2,1.6799999999999997,1,0,0,0,2320.0,0,0,0,0,2600.0,0.0,0.0196078430603614,-0.037037036899862825,0.061224489546022484,2535.714285714286,2514.285714285714,80.17837257372702,63.33236937766408,1.0253521086324142,1.0340909049780476,0,False,False,False,False,False,False,False,False,True,False,False,False,False,False,False,True,False,False,False
2026-08-02,Andhra Pradesh,NTR,Mylavaram,Paddy(Common),1001,FAQ,2369.0,2369.0,2369.0,2369.0,296.43,159.73,373.59,-0.17986239474224686,8.9,33.5,25.3,78.0,29.4,6,8,31,62.2,12.983333333333334,1,0,1,0,2320.0,0,0,0,0,2369.0,0.0,0.0,0.0,0.0,2369.0,2369.0,0.0,0.0,0.9999999957788096,0.9999999957788096,0,False,False,False,True,False,False,False,False,False,False,False,False,False,False,False,True,False,False,False
2026-08-02,Andhra Pradesh,NTR,Nandigama,Paddy(Common),B P T,Grade Range-1,2340.0,2340.0,2340.0,2340.0,296.43,159.73,434.11571428571426,-0.6693713646995508,8.9,33.5,25.3,78.0,29.4,6,8,31,57.199999999999996,11.899999999999999,1,0,1,0,2320.0,0,0,0,0,2340.0,0.0,-0.008474576235277219,0.03999999982222222,0.193877550031237,2260.0,2114.6428571428573,140.23789311975227,178.93342429426218,1.0353982255070875,1.106569830943429,0,False,False,False,False,True,False,False,False,False,False,False,False,False,False,False,True,False,False,False
2026-08-03,Andhra Pradesh,Kakinada,Jaggampet,Paddy(Common),Common,FAQ,2369.0,2380.0,2369.0,2371.2,133.31,142.01,359.40714285714284,-0.11093720653602956,4.6,32.6,27.1,78.0,29.85,0,8,32,56.0,-4.0,1,0,0,0,2320.0,0,0,0,0,2371.2,0.0,0.0,0.0,0.0,2371.2,2373.2714285714283,0.0,2.8840219169741887,0.999999995782726,0.9991271800866253,0,True,False,False,False,False,False,False,False,False,False,False,False,False,True,False,False,False,False,False
2026-08-03,Andhra Pradesh,East Godavari,Kovvur,Paddy(Common),MTU-1010,Grade Range-2,2441.0,2441.0,2441.0,2441.0,133.31,159.73,380.27,-0.17986239474224686,4.6,32.6,27.1,78.0,29.85,0,8,32,45.3,-1.0,1,0,0,0,2320.0,0,0,0,0,2441.0,0.0,0.0,0.0,0.0,2441.0,2423.4285714285716,0.0,21.055656231536815,0.9999999959033182,1.0072506442756692,0,False,True,False,False,False,False,False,False,False,False,False,True,False,False,False,False,False,False,False
2026-08-03,Andhra Pradesh,Bapatla,Kuchinapudi,Paddy(Common),B P T,Local,3200.0,3400.0,3300.0,3300.0,133.31,142.01,367.6842857142857,-0.11093720653602956,4.6,32.6,27.1,78.0,29.85,0,8,32,77.6,-2.566666666666677,1,0,0,0,2320.0,0,0,0,0,3100.0,-0.06060606042240587,0.06451612882414151,0.0,0.06451612882414151,3214.285714285714,3032.1428571428573,121.4985792587944,330.8538736576714,1.0266666634725925,1.0883392190255006,0,False,False,True,False,False,False,False,False,False,False,True,False,False,False,False,False,False,False,False
2026-08-03,Andhra Pradesh,NTR,Mylavaram,Paddy(Common),1001,FAQ,2369.0,2369.0,2369.0,2369.0,133.31,296.43,241.54285714285714,0.8558191948913794,4.6,32.6,27.1,78.0,29.85,0,8,32,70.60000000000001,11.600000000000001,1,0,0,0,2320.0,0,0,0,0,2369.0,0.0,0.0,0.0,0.0,2369.0,2369.0,0.0,0.0,0.9999999957788096,0.9999999957788096,0,False,False,False,True,False,False,False,False,False,False,False,False,False,False,False,True,False,False,False
2026-08-03,Andhra Pradesh,NTR,Nandigama,Paddy(Common),B P T,Grade Range-1,2340.0,2340.0,2340.0,2340.0,133.31,296.43,347.1871428571429,0.8558191948913794,4.6,32.6,27.1,78.0,29.85,0,8,32,57.10000000000001,-1.9499999999999957,1,0,0,0,2320.0,0,0,0,0,2330.0,-0.004273504255241435,0.0,-0.004255319130828429,0.03999999982222222,2314.285714285714,2141.0714285714284,47.9086432205979,183.1999598109274,1.0111111067421124,1.0929107538613008,0,False,False,False,False,True,False,False,False,False,False,False,False,False,False,False,True,False,False,False
2026-08-03,Andhra Pradesh,Eluru,Polavaram,Paddy(Common),1001,Local,2445.0,2445.0,2445.0,2445.0,133.31,142.01,367.68428571428564,-0.11093720653602956,4.6,32.6,27.1,78.0,29.85,0,8,32,77.6,1.9249999999999972,1,0,0,0,2320.0,0,0,0,0,2445.0,0.0,0.0,0.0,0.0,2445.0,2445.0,0.0,0.0,0.9999999959100204,0.9999999959100204,0,False,False,False,False,False,True,False,False,False,False,False,False,True,False,False,False,False,False,False
2026-08-03,Andhra Pradesh,Polavaram,Rampachodvaram,Paddy(Common),1001,Grade Range-2,2369.0,2389.0,2379.0,2379.0,133.31,159.73,181.9775,-0.17986239474224686,4.6,32.6,27.1,78.0,29.85,0,8,32,27.4,-6.774999999999999,0,0,0,0,2320.0,0,0,0,0,2459.0,0.03362757446982945,0.0,0.0,,2379.0,2379.0,0.0,0.0,0.9999999957965531,0.9999999957965531,0,False,False,False,False,False,False,True,False,False,False,False,False,False,False,False,False,False,True,False
2026-08-03,Andhra Pradesh,NTR,Tiruvuru,Paddy(Common),Sona,Local,2600.0,2600.0,2600.0,2600.0,133.31,142.01,370.6042857142857,-0.11093720653602956,4.6,32.6,27.1,78.0,29.85,0,8,32,84.8,5.525000000000006,1,0,0,0,2320.0,0,0,0,0,2700.0,0.03846153831360947,0.0,0.0196078430603614,0.039999999839999995,2557.1428571428573,2525.0,73.19250547113978,64.30097498961612,1.0167597725601571,1.029702966218998,0,False,False,False,False,False,False,False,False,True,False,False,False,False,False,False,True,False,False,False
2026-08-04,Andhra Pradesh,Kakinada,Jaggampet,Paddy(Common),Common,FAQ,2369.0,2380.0,2369.0,2371.2,0.0,133.31,313.8328571428572,-0.061263291317512736,5.7,32.5,25.8,80.0,29.15,1,8,32,59.4,-0.6000000000000014,1,0,1,0,2320.0,0,0,0,0,2371.2,0.0,0.0,0.0,0.0,2371.2,2372.8571428571427,0.0,2.7190819394443877,0.999999995782726,0.9993016213154055,0,True,False,False,False,False,False,False,False,False,False,False,False,False,True,False,False,False,False,False
2026-08-04,Andhra Pradesh,Bapatla,Kuchinapudi,Paddy(Common),B P T,Local,3000.0,3200.0,3100.0,3100.0,0.0,133.31,212.3342857142857,-0.061263291317512736,5.7,32.5,25.8,80.0,29.15,1,8,32,81.7,1.5333333333333314,1,0,1,0,2320.0,0,0,0,0,3100.0,0.0,-0.06060606042240587,-0.08823529385813149,0.0,3242.8571428571427,3092.8571428571427,113.38934190277179,291.4533495176469,0.955947133616022,1.0023094655814475,0,False,False,True,False,False,False,False,False,False,False,True,False,False,False,False,False,False,False,False
2026-08-04,Andhra Pradesh,NTR,Mylavaram,Paddy(Common),1001,FAQ,2369.0,2369.0,2369.0,2369.0,0.0,133.31,234.3942857142857,-0.550281685389468,5.7,32.5,25.8,80.0,29.15,1,8,32,61.800000000000004,2.799999999999997,1,0,1,0,2320.0,0,0,0,0,2369.0,0.0,0.0,0.0,0.0,2369.0,2369.0,0.0,0.0,0.9999999957788096,0.9999999957788096,0,False,False,False,True,False,False,False,False,False,False,False,False,False,False,False,True,False,False,False
2026-08-04,Andhra Pradesh,Eluru,Polavaram,Paddy(Common),1001,Local,2445.0,2445.0,2445.0,2445.0,0.0,133.31,212.3342857142857,-0.061263291317512736,5.7,32.5,25.8,80.0,29.15,1,8,32,81.7,6.025000000000006,1,0,1,0,2320.0,0,0,0,0,2445.0,0.0,0.0,0.0,0.0,2445.0,2445.0,0.0,0.0,0.9999999959100204,0.9999999959100204,0,False,False,False,False,False,True,False,False,False,False,False,False,True,False,False,False,False,False,False
2026-08-04,Andhra Pradesh,Polavaram,Rampachodvaram,Paddy(Common),1001,FAQ,2369.0,2489.0,2479.0,2459.0,0.0,133.31,172.244,-0.16540411945157452,5.7,32.5,25.8,80.0,29.15,1,8,32,32.0,-2.174999999999997,0,0,1,0,2320.0,0,0,0,0,2379.0,-0.03253355009136417,0.03362757446982945,0.03362757446982945,,2379.0,2379.0,0.0,0.0,1.0336275702663826,1.0336275702663826,0,False,False,False,False,False,False,True,False,False,False,False,False,False,False,False,False,False,True,False
2026-08-04,Andhra Pradesh,NTR,Tiruvuru,Paddy(Common),Sona,Local,2700.0,2700.0,2700.0,2700.0,0.0,133.31,215.25428571428574,-0.061263291317512736,5.7,32.5,25.8,80.0,29.15,1,8,32,88.89999999999999,9.625,1,0,1,0,2320.0,0,0,0,0,2700.0,0.0,0.03846153831360947,0.058823529181084196,0.07999999967999999,2571.4285714285716,2535.714285714286,69.86381310057702,63.33236937766375,1.0499999959166666,1.0647887281951993,0,False,False,False,False,False,False,False,False,True,False,False,False,False,False,False,True,False,False,False
2026-08-05,Andhra Pradesh,NTR,Mylavaram,Paddy(Common),1001,FAQ,2369.0,2369.0,2369.0,2369.0,0.0,0.0,211.12142857142857,-1.0,1.9,32.9,26.6,79.0,29.75,2,8,32,61.300000000000004,2.299999999999997,1,0,1,0,2320.0,0,0,0,0,2369.0,0.0,0.0,0.0,0.0,2369.0,2369.0,0.0,0.0,0.9999999957788096,0.9999999957788096,0,False,False,False,True,False,False,False,False,False,False,False,False,False,False,False,True,False,False,False
2026-08-05,Andhra Pradesh,Eluru,Polavaram,Paddy(Common),1001,Local,2445.0,2445.0,2445.0,2445.0,0.0,0.0,189.06142857142854,-1.0,1.9,32.9,26.6,79.0,29.75,2,8,32,81.2,5.525000000000006,1,0,1,0,2320.0,0,0,0,0,2445.0,0.0,0.0,0.0,0.0,2445.0,2445.0,0.0,0.0,0.9999999959100204,0.9999999959100204,0,False,False,False,False,False,True,False,False,False,False,False,False,True,False,False,False,False,False,False
2026-08-05,Andhra Pradesh,Polavaram,Rampachodvaram,Paddy(Common),1001,Grade Range-2,2369.0,2389.0,2379.0,2379.0,0.0,0.0,143.53666666666666,-1.0,1.9,32.9,26.6,79.0,29.75,2,8,32,37.7,3.5250000000000057,0,0,1,0,2320.0,0,0,0,0,2399.0,0.008406893617457362,-0.03253355009136417,0.0,,2392.3333333333335,2392.3333333333335,32.65986323710901,32.65986323710901,0.9944266365009335,0.9944266365009335,0,False,False,False,False,False,False,True,False,False,False,False,False,False,False,False,False,False,True,False
2026-08-05,Andhra Pradesh,NTR,Tiruvuru,Paddy(Common),Sona,Local,2700.0,2700.0,2700.0,2700.0,0.0,0.0,189.06142857142862,-1.0,1.9,32.9,26.6,79.0,29.75,2,8,32,81.19999999999999,1.9249999999999972,1,0,1,0,2320.0,0,0,0,0,2700.0,0.0,0.0,0.03846153831360947,0.07999999967999999,2600.0,2550.0,76.37626158259732,75.95545253127369,1.0384615344674555,1.0588235252595155,0,False,False,False,False,False,False,False,False,True,False,False,False,False,False,False,True,False,False,False
