date,state,District,Market,commodity,variety,grade,min_price,max_price,modal_price,weighted_avg_modal_price,day_of_week,month,week_of_year,arrival_qty_mt,arrival_lag_1,arrival_7d_mean,arrival_change_pct,is_likely_non_trading_day,rainfall,temp_max,temp_min,humidity,temp_avg,rainfall_7d,rainfall_anomaly_7d,heavy_rain_flag,dry_spell_flag,is_procurement_active,msp_value,msp_announced,msp_changed,procurement_started,procurement_ended,spread,log_spread,target_modal_price,target_min_price,target_max_price,target_spread,target_log_spread,target_return,target_min_return,target_max_return,lag_1,lag_3,lag_7,lag_14,min_price_lag_1,min_price_rolling_mean_7,max_price_lag_1,max_price_rolling_mean_7,spread_lag_1,spread_rolling_mean_7,spread_rolling_std_7,log_spread_lag_1,ret_1,ret_3,ret_7,ret_14,rolling_mean_7,rolling_mean_14,rolling_mean_30,rolling_std_7,rolling_std_14,rolling_std_30,ratio_ma7,ratio_ma14,ratio_ma30,seasonal_ma_7,seasonal_ma_30,seasonal_trend,is_harvest_season,is_monsoon_season,mkt_Jaggampet,mkt_Kovvur,mkt_Kuchinapudi,mkt_Mylavaram,mkt_Nandigama,mkt_Polavaram,mkt_Rampachodvaram,mkt_Rapur,mkt_Tiruvuru,dist_Alluri Sitharama Raju,dist_Bapatla,dist_East Godavari,dist_Eluru,dist_Kakinada,dist_Krishna,dist_NTR,dist_Nellore,dist_SPSR Nellore
2025-11-15,Andhra Pradesh,Krishna,Tiruvuru,Paddy(Common),,,2500.0,2500.0,2500.0,2500.0,5,11,46,403.3,4569.2,1949.1585714285716,2.553861709574551,0,0.0,30.9,19.3,63.0,25.1,0.5,-13.814285714285713,0,0,1,2320.0,0,0,0,0,0.0,0.0,2500.0,2500.0,2500.0,0.0,0.0,0.0,0.0,0.0,2500.0,2350.0,2400.0,2580.0,2500.0,2400.0,2500.0,2400.0,0.0,0.0,0.0,0.0,0.0,0.06382978696242643,0.04166666649305555,-0.031007751817799408,2400.0,2485.714285714286,2485.714285714286,49.99999999999947,112.16157889500208,112.16157889500208,1.0416666623263888,1.0057471223906724,1.0057471223906724,2400.0,2485.714285714286,0.0,1,0,False,False,False,False,False,False,False,False,True,False,False,False,False,False,True,False,False,False
2025-11-16,Andhra Pradesh,Krishna,Tiruvuru,Paddy(Common),,,2500.0,2500.0,2500.0,2500.0,6,11,46,190.6,403.3,2006.7728571428572,-0.9117350958592314,1,0.0,30.7,19.5,61.0,25.1,0.5,-13.814285714285713,0,0,1,2320.0,0,0,0,0,0.0,0.0,2500.0,2500.0,2500.0,0.0,0.0,0.0,0.0,0.0,2500.0,2350.0,2400.0,2580.0,2500.0,2414.285714285714,2500.0,2414.285714285714,0.0,0.0,0.0,0.0,0.0,0.06382978696242643,0.04166666649305555,-0.031007751817799408,2414.285714285714,2480.0,2486.6666666666665,62.678317052800566,108.98129691338357,108.1445241112008,1.035502954290816,1.008064512064256,1.0053619262518958,2414.285714285714,2486.6666666666665,-6.666666666666515,1,0,False,False,False,False,False,False,False,False,True,False,False,False,False,False,True,False,False,False
2025-11-17,Andhra Pradesh,Krishna,Tiruvuru,Paddy(Common),,,2500.0,2500.0,2500.0,2500.0,0,11,47,188.9,190.6,2034.0014285714285,-0.5273989585916192,0,0.0,30.6,19.7,57.0,25.15,0.5,0.042857142857142816,0,0,1,2320.0,0,0,0,0,0.0,0.0,2500.0,2500.0,2500.0,0.0,0.0,0.0,0.0,0.0,2500.0,2500.0,2400.0,2690.0,2500.0,2428.5714285714284,2500.0,2428.5714285714284,0.0,0.0,0.0,0.0,0.0,0.0,0.04166666649305555,-0.07063196999765066,2428.5714285714284,2474.285714285714,2487.5,69.86381310057705,105.37218182849156,104.53069724567354,1.029411760467128,1.010392605616196,1.0050251215878385,2428.5714285714284,2487.5,-13.21428571428578,1,0,False,False,False,False,False,False,False,False,True,False,False,False,False,False,True,False,False,False
2025-11-18,Andhra Pradesh,Krishna,Tiruvuru,Paddy(Common),,,2500.0,2500.0,2500.0,2500.0,1,11,47,565.8,188.9,2016.4914285714287,-0.008919202518362979,0,0.0,31.4,19.7,59.0,25.549999999999997,0.2,-0.2571428571428572,0,0,1,2320.0,0,0,0,0,0.0,0.0,2500.0,2500.0,2500.0,0.0,0.0,0.0,0.0,0.0,2500.0,2500.0,2400.0,2550.0,2500.0,2442.8571428571427,2500.0,2442.8571428571427,0.0,0.0,0.0,0.0,0.0,0.0,0.04166666649305555,-0.0196078430603614,2442.8571428571427,2460.714285714286,2488.235294117647,73.19250547114,85.8858173761745,101.25680804998044,1.023391808676174,1.015965162779822,1.0047281283497924,2442.8571428571427,2488.235294117647,-27.521008403361066,1,0,False,False,False,False,False,False,False,False,True,False,False,False,False,False,True,False,False,False
2025-11-19,Andhra Pradesh,East Godavari,Jaggampet,Paddy(Common),Common,FAQ,2369.0,2379.0,2379.0,2377.0,2,11,47,5200.91,565.8,1751.2914285714285,1.9952355743779773,0,0.0,30.7,19.2,64.0,24.95,0.1,-0.3571428571428572,0,0,1,2320.0,0,0,0,0,10.0,2.3978952727983707,2377.0,2369.0,2379.0,10.0,2.3978952727983707,0.0,0.0,0.0,2377.0,2377.0,2377.0,2397.0,2369.0,2369.0,2379.0,2379.0,10.0,10.0,0.0,2.3978952727983707,0.0,0.0,0.0,-0.008343763002320554,2377.0,2384.1428571428573,2384.1428571428573,0.0,9.94490316197689,9.94490316197689,0.9999999957930163,0.9970040104385953,0.9970040104385953,2377.0,2384.1428571428573,0.0,1,0,True,False,False,False,False,False,False,False,False,False,False,True,False,False,False,False,False,False
2025-11-19,Andhra Pradesh,Krishna,Tiruvuru,Paddy(Common),,,2500.0,2500.0,2500.0,2500.0,2,11,47,5200.91,565.8,1751.2914285714285,1.9952355743779773,0,0.0,30.7,19.2,64.0,24.95,0.1,-0.3571428571428572,0,0,1,2320.0,0,0,0,0,0.0,0.0,2500.0,2500.0,2500.0,0.0,0.0,0.0,0.0,0.0,2500.0,2500.0,2350.0,2600.0,2500.0,2457.1428571428573,2500.0,2457.1428571428573,0.0,0.0,0.0,0.0,0.0,0.0,0.06382978696242643,-0.03846153831360947,2457.1428571428573,2457.1428571428573,2488.8888888888887,73.19250547114017,82.87419301647428,98.27266323789785,1.0174418563243643,1.0174418563243643,1.0044642816784917,2457.1428571428573,2488.8888888888887,-31.74603174603135,1,0,False,False,False,False,False,False,False,False,True,False,False,False,False,False,True,False,False,False
2025-11-20,Andhra Pradesh,East Godavari,Jaggampet,Paddy(Common),Common,FAQ,2369.0,2379.0,2379.0,2377.0,3,11,47,2143.87,5200.91,1772.0585714285714,8.192135030045954,0,0.0,30.8,19.2,72.0,25.0,0.0,-0.4571428571428572,0,0,1,2320.0,0,0,0,0,10.0,2.3978952727983707,2377.0,2369.0,2379.0,10.0,2.3978952727983707,0.0,0.0,0.0,2377.0,2377.0,2377.0,2397.0,2369.0,2369.0,2379.0,2379.0,10.0,10.0,0.0,2.3978952727983707,0.0,0.0,0.0,-0.008343763002320554,2377.0,2382.714285714286,2383.6666666666665,0.0,9.376144618769802,9.759000729485276,0.9999999957930163,0.9976017704999025,0.9972031841817793,2377.0,2383.6666666666665,-0.9523809523807358,1,0,True,False,False,False,False,False,False,False,False,False,False,True,False,False,False,False,False,False
2025-11-20,Andhra Pradesh,Krishna,Tiruvuru,Paddy(Common),,,2500.0,2500.0,2500.0,2500.0,3,11,47,2143.87,5200.91,1772.0585714285714,8.192135030045954,0,0.0,30.8,19.2,72.0,25.0,0.0,-0.4571428571428572,0,0,1,2320.0,0,0,0,0,0.0,0.0,2450.0,2450.0,2450.0,0.0,0.0,-0.019999999919999997,-0.019999999919999997,-0.019999999919999997,2500.0,2500.0,2350.0,2600.0,2500.0,2478.5714285714284,2500.0,2478.5714285714284,0.0,0.0,0.0,0.0,0.0,0.0,0.06382978696242643,-0.03846153831360947,2478.5714285714284,2450.0,2489.4736842105262,56.69467095138463,73.37993857053402,95.53787406111232,1.008645529071747,1.0204081591003749,1.0042283257758269,2478.5714285714284,2489.4736842105262,-39.473684210526244,1,0,False,False,False,False,False,False,False,False,True,False,False,False,False,False,True,False,False,False
2025-11-21,Andhra Pradesh,East Godavari,Jaggampet,Paddy(Common),Common,FAQ,2369.0,2379.0,2379.0,2377.0,4,11,47,4941.3099999999995,2143.87,1894.6542857142854,-0.5877894445395133,0,1.2,32.1,23.9,73.0,28.0,0.0,-0.4571428571428572,0,0,1,2320.0,0,0,0,0,10.0,2.3978952727983707,2377.0,2369.0,2379.0,10.0,2.3978952727983707,0.0,0.0,0.0,2377.0,2377.0,2377.0,2397.0,2369.0,2369.0,2379.0,2379.0,10.0,10.0,0.0,2.3978952727983707,0.0,0.0,0.0,-0.008343763002320554,2377.0,2381.285714285714,2383.25,0.0,8.516306272526219,9.574271077563326,0.9999999957930163,0.9982002477728708,0.9973775264979438,2377.0,2383.25,-1.9642857142857792,1,0,True,False,False,False,False,False,False,False,False,False,False,True,False,False,False,False,False,False
2025-11-21,Andhra Pradesh,Krishna,Tiruvuru,Paddy(Common),Sona,Local,2450.0,2450.0,2450.0,2450.0,4,11,47,4941.3099999999995,2143.87,1894.6542857142854,-0.5877894445395133,0,1.2,32.1,23.9,73.0,28.0,0.0,-0.4571428571428572,0,0,1,2320.0,0,0,0,0,0.0,0.0,2450.0,2450.0,2450.0,0.0,0.0,0.0,0.0,0.0,2500.0,2500.0,2500.0,2400.0,2500.0,2500.0,2500.0,2500.0,0.0,0.0,0.0,0.0,-0.019999999919999997,-0.019999999919999997,-0.019999999919999997,0.020833333246527776,2500.0,2442.8571428571427,2490.0,0.0,61.57279262148782,93.01952256890682,0.97999999608,1.0029239725026504,0.9839357390203383,2500.0,2490.0,-47.14285714285734,1,0,False,False,False,False,False,False,False,False,True,False,False,False,False,False,True,False,False,False
2025-11-22,Andhra Pradesh,East Godavari,Jaggampet,Paddy(Common),Common,FAQ,2369.0,2379.0,2379.0,2377.0,5,11,47,6250.1,4941.3099999999995,1947.812857142857,1.3048552384239716,0,0.0,33.8,23.7,72.0,28.75,1.2,0.7428571428571428,0,0,1,2320.0,0,0,0,0,10.0,2.3978952727983707,2377.0,2369.0,2379.0,10.0,2.3978952727983707,0.0,0.0,0.0,2377.0,2377.0,2377.0,2397.0,2369.0,2369.0,2379.0,2379.0,10.0,10.0,0.0,2.3978952727983707,0.0,0.0,0.0,-0.008343763002320554,2377.0,2379.8571428571427,2382.8823529411766,0.0,7.262730392025293,9.393364366277192,0.9999999957930163,0.9987994435490749,0.9975314085862316,2377.0,2382.8823529411766,-3.0252100840339153,1,0,True,False,False,False,False,False,False,False,False,False,False,True,False,False,False,False,False,False
2025-11-22,Andhra Pradesh,Krishna,Tiruvuru,Paddy(Common),Sona,Local,2450.0,2450.0,2450.0,2450.0,5,11,47,6250.1,4941.3099999999995,1947.812857142857,1.3048552384239716,0,0.0,33.8,23.7,72.0,28.75,1.2,0.7428571428571428,0,0,1,2320.0,0,0,0,0,0.0,0.0,2450.0,2450.0,2450.0,0.0,0.0,0.0,0.0,0.0,2450.0,2500.0,2500.0,2400.0,2450.0,2492.8571428571427,2450.0,2492.8571428571427,0.0,0.0,0.0,0.0,0.0,-0.019999999919999997,-0.019999999919999997,0.020833333246527776,2492.8571428571427,2446.4285714285716,2488.095238095238,18.89822365046358,60.33332321453748,91.08342591377685,0.9828080189801397,1.0014598499210399,0.9846889912577093,2492.8571428571427,2488.095238095238,-41.666666666666515,1,0,False,False,False,False,False,False,False,False,True,False,False,False,False,False,True,False,False,False
2025-11-23,Andhra Pradesh,East Godavari,Jaggampet,Paddy(Common),,,2369.0,2379.0,2379.0,2377.0,6,11,47,210.3,6250.1,2783.0699999999997,0.26486700895106785,1,0.2,33.0,23.5,72.0,28.25,1.2,0.7428571428571428,0,0,1,2320.0,0,0,0,0,10.0,2.3978952727983707,2377.0,2369.0,2379.0,10.0,2.3978952727983707,0.0,0.0,0.0,2377.0,2377.0,2377.0,2397.0,2369.0,2369.0,2379.0,2379.0,10.0,10.0,0.0,2.3978952727983707,0.0,0.0,0.0,-0.008343763002320554,2377.0,2378.4285714285716,2382.5555555555557,0.0,5.345224838247866,9.217771979249491,0.9999999957930163,0.9993993591231931,0.9976682325332209,2377.0,2382.5555555555557,-4.126984126984098,1,0,True,False,False,False,False,False,False,False,False,False,False,True,False,False,False,False,False,False
2025-11-23,Andhra Pradesh,Krishna,Tiruvuru,Paddy(Common),,,2450.0,2450.0,2450.0,2450.0,6,11,47,210.3,6250.1,2783.0699999999997,0.26486700895106785,1,0.2,33.0,23.5,72.0,28.25,1.2,0.7428571428571428,0,0,1,2320.0,0,0,0,0,0.0,0.0,2450.0,2450.0,2450.0,0.0,0.0,0.0,0.0,0.0,2450.0,2500.0,2500.0,2400.0,2450.0,2485.714285714286,2450.0,2485.714285714286,0.0,0.0,0.0,0.0,0.0,-0.019999999919999997,-0.019999999919999997,0.020833333246527776,2485.714285714286,2450.0,2486.3636363636365,24.397501823714887,58.83484054145487,89.2586106048014,0.9856321799428589,0.9999999959183673,0.9853747675176882,2485.714285714286,2486.3636363636365,-36.36363636363649,1,0,False,False,False,False,False,False,False,False,True,False,False,False,False,False,True,False,False,False
2025-11-24,Andhra Pradesh,East Godavari,Jaggampet,Paddy(Common),Common,FAQ,2369.0,2379.0,2379.0,2377.0,0,11,48,3551.01,210.3,2785.8842857142854,-0.9663525383593863,0,0.0,32.5,23.4,71.0,27.95,1.4,0.34285714285714275,0,0,1,2320.0,0,0,0,0,10.0,2.3978952727983707,2377.0,2369.0,2379.0,10.0,2.3978952727983707,0.0,0.0,0.0,2377.0,2377.0,2377.0,2377.0,2369.0,2369.0,2379.0,2379.0,10.0,10.0,0.0,2.3978952727983707,0.0,0.0,0.0,0.0,2377.0,2377.0,2382.2631578947367,0.0,0.0,9.048278567177245,0.9999999957930163,0.9999999957930163,0.9977906857791081,2377.0,2382.2631578947367,-5.263157894736651,1,0,True,False,False,False,False,False,False,False,False,False,False,True,False,False,False,False,False,False
2025-11-24,Andhra Pradesh,Nellore,Rapur,Paddy(Common),,,2370.0,2500.0,2460.0,2450.0,0,11,48,3551.01,210.3,2785.8842857142854,-0.9663525383593863,0,0.0,32.5,23.4,71.0,27.95,1.4,0.34285714285714275,0,0,1,2320.0,0,0,0,0,130.0,4.875197323201151,2450.0,2370.0,2500.0,130.0,4.875197323201151,0.0,0.0,0.0,2450.0,2450.0,2450.0,2450.0,2370.0,2370.0,2500.0,2500.0,130.0,130.0,0.0,4.875197323201151,0.0,0.0,0.0,0.0,2450.0,2450.0,2450.0,0.0,0.0,0.0,0.9999999959183673,0.9999999959183673,0.9999999959183673,2450.0,2450.0,0.0,1,0,False,False,False,False,False,False,False,True,False,False,False,False,False,False,False,False,True,False
2025-11-24,Andhra Pradesh,Krishna,Tiruvuru,Paddy(Common),,,2450.0,2450.0,2450.0,2450.0,0,11,48,3551.01,210.3,2785.8842857142854,-0.9663525383593863,0,0.0,32.5,23.4,71.0,27.95,1.4,0.34285714285714275,0,0,1,2320.0,0,0,0,0,0.0,0.0,2450.0,2450.0,2450.0,0.0,0.0,0.0,0.0,0.0,2450.0,2450.0,2500.0,2400.0,2450.0,2478.5714285714284,2450.0,2478.5714285714284,0.0,0.0,0.0,0.0,0.0,0.0,-0.019999999919999997,0.020833333246527776,2478.5714285714284,2453.5714285714284,2484.782608695652,26.726124191243784,57.05694090550657,87.53542478839853,0.9884726184903122,0.9985443918545498,0.9860017458131163,2478.5714285714284,2484.782608695652,-31.211180124223574,1,0,False,False,False,False,False,False,False,False,True,False,False,False,False,False,True,False,False,False
2025-11-25,Andhra Pradesh,East Godavari,Jaggampet,Paddy(Common),Common,FAQ,2369.0,2379.0,2379.0,2377.0,1,11,48,6323.6,3551.01,3266.1857142857143,15.885449358059915,0,0.0,32.1,22.5,67.0,27.3,1.4,0.34285714285714275,0,0,1,2320.0,0,0,0,0,10.0,2.3978952727983707,2377.0,2369.0,2379.0,10.0,2.3978952727983707,0.0,0.0,0.0,2377.0,2377.0,2377.0,2377.0,2369.0,2369.0,2379.0,2379.0,10.0,10.0,0.0,2.3978952727983707,0.0,0.0,0.0,0.0,2377.0,2377.0,2382.0,0.0,0.0,8.885233166386362,0.9999999957930163,0.9999999957930163,0.9979009194042782,2377.0,2382.0,-5.0,1,0,True,False,False,False,False,False,False,False,False,False,False,True,False,False,False,False,False,False
2025-11-25,Andhra Pradesh,Nellore,Rapur,Paddy(Common),,,2370.0,2500.0,2460.0,2450.0,1,11,48,6323.6,3551.01,3266.1857142857143,15.885449358059915,0,0.0,32.1,22.5,67.0,27.3,1.4,0.34285714285714275,0,0,1,2320.0,0,0,0,0,130.0,4.875197323201151,2450.0,2370.0,2500.0,130.0,4.875197323201151,0.0,0.0,0.0,2450.0,2450.0,2450.0,2450.0,2370.0,2370.0,2500.0,2500.0,130.0,130.0,0.0,4.875197323201151,0.0,0.0,0.0,0.0,2450.0,2450.0,2450.0,0.0,0.0,0.0,0.9999999959183673,0.9999999959183673,0.9999999959183673,2450.0,2450.0,0.0,1,0,False,False,False,False,False,False,False,True,False,False,False,False,False,False,False,False,True,False
2025-11-25,Andhra Pradesh,Krishna,Tiruvuru,Paddy(Common),,,2450.0,2450.0,2450.0,2450.0,1,11,48,6323.6,3551.01,3266.1857142857143,15.885449358059915,0,0.0,32.1,22.5,67.0,27.3,1.4,0.34285714285714275,0,0,1,2320.0,0,0,0,0,0.0,0.0,2450.0,2450.0,2450.0,0.0,0.0,0.0,0.0,0.0,2450.0,2450.0,2500.0,2400.0,2450.0,2471.4285714285716,2450.0,2471.4285714285716,0.0,0.0,0.0,0.0,0.0,0.0,-0.019999999919999997,0.020833333246527776,2471.4285714285716,2457.1428571428573,2483.3333333333335,26.726124191243784,54.97252060782723,85.90523933339303,0.9913294757576263,0.9970930191978771,0.9865771772352595,2471.4285714285716,2483.3333333333335,-26.190476190476147,1,0,False,False,False,False,False,False,False,False,True,False,False,False,False,False,True,False,False,False
2025-11-26,Andhra Pradesh,East Godavari,Jaggampet,Paddy(Common),,,2369.0,2379.0,2379.0,2377.0,2,11,48,3420.4,6323.6,4088.7285714285717,0.7807891276003165,0,0.0,31.5,21.2,67.0,26.35,1.4,0.34285714285714275,0,0,1,2320.0,0,0,0,0,10.0,2.3978952727983707,2377.0,2369.0,2379.0,10.0,2.3978952727983707,0.0,0.0,0.0,2377.0,2377.0,2377.0,2377.0,2369.0,2369.0,2379.0,2379.0,10.0,10.0,0.0,2.3978952727983707,0.0,0.0,0.0,0.0,2377.0,2377.0,2381.7619047619046,0.0,0.0,8.728715609439682,0.9999999957930163,0.9999999957930163,0.9980006755787004,2377.0,2381.7619047619046,-4.761904761904589,1,0,True,False,False,False,False,False,False,False,False,False,False,True,False,False,False,False,False,False
2025-11-26,Andhra Pradesh,Alluri Sitharama Raju,Rampachodvaram,Paddy(Common),,,2370.0,2370.0,2370.0,2370.0,2,11,48,3420.4,6323.6,4088.7285714285717,0.7807891276003165,0,0.0,31.5,21.2,67.0,26.35,1.4,0.34285714285714275,0,0,1,2320.0,0,0,0,0,0.0,0.0,2370.0,2370.0,2370.0,0.0,0.0,0.0,0.0,0.0,2370.0,2370.0,2370.0,2360.0,2370.0,2370.0,2370.0,2370.0,0.0,0.0,0.0,0.0,0.0,0.0,0.0,0.0042372881176386094,2370.0,2369.285714285714,2369.285714285714,0.0,2.6726124191242246,2.6726124191242246,0.9999999957805906,1.0003014730165147,1.0003014730165147,2370.0,2369.285714285714,0.0,1,0,False,False,False,False,False,False,True,False,False,True,False,False,False,False,False,False,False,False
2025-11-26,Andhra Pradesh,Nellore,Rapur,Paddy(Common),,,2370.0,2500.0,2460.0,2450.0,2,11,48,3420.4,6323.6,4088.7285714285717,0.7807891276003165,0,0.0,31.5,21.2,67.0,26.35,1.4,0.34285714285714275,0,0,1,2320.0,0,0,0,0,130.0,4.875197323201151,2450.0,2370.0,2500.0,130.0,4.875197323201151,0.0,0.0,0.0,2450.0,2450.0,2450.0,2450.0,2370.0,2370.0,2500.0,2500.0,130.0,130.0,0.0,4.875197323201151,0.0,0.0,0.0,0.0,2450.0,2450.0,2450.0,0.0,0.0,0.0,0.9999999959183673,0.9999999959183673,0.9999999959183673,2450.0,2450.0,0.0,1,0,False,False,False,False,False,False,False,True,False,False,False,False,False,False,False,False,True,False
2025-11-26,Andhra Pradesh,Krishna,Tiruvuru,Paddy(Common),Sona,Local,2450.0,2450.0,2450.0,2450.0,2,11,48,3420.4,6323.6,4088.7285714285717,0.7807891276003165,0,0.0,31.5,21.2,67.0,26.35,1.4,0.34285714285714275,0,0,1,2320.0,0,0,0,0,0.0,0.0,2450.0,2450.0,2450.0,0.0,0.0,0.0,0.0,0.0,2450.0,2450.0,2500.0,2350.0,2450.0,2464.285714285714,2450.0,2464.285714285714,0.0,0.0,0.0,0.0,0.0,0.0,-0.019999999919999997,0.04255319130828429,2464.285714285714,2460.714285714286,2482.0,24.397501823714883,52.5451140543912,84.36033823229177,0.9942028945162781,0.9956458595242257,0.987107167658714,2464.285714285714,2482.0,-21.28571428571422,1,0,False,False,False,False,False,False,False,False,True,False,False,False,False,False,True,False,False,False
2025-11-27,Andhra Pradesh,East Godavari,Jaggampet,Paddy(Common),Common,FAQ,2369.0,2379.0,2379.0,2377.0,3,11,48,128.8,3420.4,3834.37,-0.45910557277500164,0,0.0,30.6,20.4,65.0,25.5,1.4,0.34285714285714275,0,0,1,2320.0,0,0,0,0,10.0,2.3978952727983707,2377.0,2369.0,2379.0,10.0,2.3978952727983707,0.0,0.0,0.0,2377.0,2377.0,2377.0,2377.0,2369.0,2369.0,2379.0,2379.0,10.0,10.0,0.0,2.3978952727983707,0.0,0.0,0.0,0.0,2377.0,2377.0,2381.5454545454545,0.0,0.0,8.578640544577768,0.9999999957930163,0.9999999957930163,0.9980913803187368,2377.0,2381.5454545454545,-4.545454545454504,1,0,True,False,False,False,False,False,False,False,False,False,False,True,False,False,False,False,False,False
2025-11-27,Andhra Pradesh,Alluri Sitharama Raju,Rampachodvaram,Paddy(Common),1001,Grade Range-2,2370.0,2370.0,2370.0,2370.0,3,11,48,128.8,3420.4,3834.37,-0.45910557277500164,0,0.0,30.6,20.4,65.0,25.5,1.4,0.34285714285714275,0,0,1,2320.0,0,0,0,0,0.0,0.0,2370.0,2370.0,2370.0,0.0,0.0,0.0,0.0,0.0,2370.0,2370.0,2370.0,2370.0,2370.0,2370.0,2370.0,2370.0,0.0,0.0,0.0,0.0,0.0,0.0,0.0,0.0,2370.0,2370.0,2369.3333333333335,0.0,0.0,2.5819888974715917,0.9999999957805906,0.9999999957805906,1.0002813688789474,2370.0,2369.3333333333335,0.6666666666665151,1,0,False,False,False,False,False,False,True,False,False,True,False,False,False,False,False,False,False,False
2025-11-27,Andhra Pradesh,Nellore,Rapur,Paddy(Common),,,2370.0,2500.0,2460.0,2450.0,3,11,48,128.8,3420.4,3834.37,-0.45910557277500164,0,0.0,30.6,20.4,65.0,25.5,1.4,0.34285714285714275,0,0,1,2320.0,0,0,0,0,130.0,4.875197323201151,2450.0,2370.0,2500.0,130.0,4.875197323201151,0.0,0.0,0.0,2450.0,2450.0,2450.0,2450.0,2370.0,2370.0,2500.0,2500.0,130.0,130.0,0.0,4.875197323201151,0.0,0.0,0.0,0.0,2450.0,2450.0,2450.0,0.0,0.0,0.0,0.9999999959183673,0.9999999959183673,0.9999999959183673,2450.0,2450.0,0.0,1,0,False,False,False,False,False,False,False,True,False,False,False,False,False,False,False,False,True,False
2025-11-27,Andhra Pradesh,Krishna,Tiruvuru,Paddy(Common),Sona,Local,2450.0,2450.0,2450.0,2450.0,3,11,48,128.8,3420.4,3834.37,-0.45910557277500164,0,0.0,30.6,20.4,65.0,25.5,1.4,0.34285714285714275,0,0,1,2320.0,0,0,0,0,0.0,0.0,2450.0,2450.0,2450.0,0.0,0.0,0.0,0.0,0.0,2450.0,2450.0,2500.0,2350.0,2450.0,2457.1428571428573,2450.0,2457.1428571428573,0.0,0.0,0.0,0.0,0.0,0.0,-0.019999999919999997,0.04255319130828429,2457.1428571428573,2467.8571428571427,2480.769230769231,18.89822365046358,42.094869307054374,82.89381530237715,0.9970930191978771,0.9927641059627503,0.9875968952437953,2457.1428571428573,2480.769230769231,-12.912087912088282,1,0,False,False,False,False,False,False,False,False,True,False,False,False,False,False,True,False,False,False
2025-11-28,Andhra Pradesh,East Godavari,Jaggampet,Paddy(Common),Common,FAQ,2369.0,2379.0,2379.0,2377.0,4,11,48,2826.7999999999997,128.8,3546.502857142857,-0.9623435855455502,0,0.0,30.3,19.6,62.0,24.950000000000003,1.4,0.34285714285714275,0,0,1,2320.0,0,0,0,0,10.0,2.3978952727983707,2377.0,2369.0,2379.0,10.0,2.3978952727983707,0.0,0.0,0.0,2377.0,2377.0,2377.0,2377.0,2369.0,2369.0,2379.0,2379.0,10.0,10.0,0.0,2.3978952727983707,0.0,0.0,0.0,0.0,2377.0,2377.0,2381.3478260869565,0.0,0.0,8.434823356733006,0.9999999957930163,0.9999999957930163,0.9981742120907036,2377.0,2381.3478260869565,-4.347826086956502,1,0,True,False,False,False,False,False,False,False,False,False,False,True,False,False,False,False,False,False
2025-11-28,Andhra Pradesh,Alluri Sitharama Raju,Rampachodvaram,Paddy(Common),1001,Grade Range-2,2370.0,2370.0,2370.0,2370.0,4,11,48,2826.7999999999997,128.8,3546.502857142857,-0.9623435855455502,0,0.0,30.3,19.6,62.0,24.950000000000003,1.4,0.34285714285714275,0,0,1,2320.0,0,0,0,0,0.0,0.0,2370.0,2370.0,2370.0,0.0,0.0,0.0,0.0,0.0,2370.0,2370.0,2370.0,2370.0,2370.0,2370.0,2370.0,2370.0,0.0,0.0,0.0,0.0,0.0,0.0,0.0,0.0,2370.0,2370.0,2369.375,0.0,0.0,2.49999999999998,0.9999999957805906,0.9999999957805906,1.0002637784214665,2370.0,2369.375,0.625,1,0,False,False,False,False,False,False,True,False,False,True,False,False,False,False,False,False,False,False
2025-11-28,Andhra Pradesh,Nellore,Rapur,Paddy(Common),,,2370.0,2500.0,2460.0,2450.0,4,11,48,2826.7999999999997,128.8,3546.502857142857,-0.9623435855455502,0,0.0,30.3,19.6,62.0,24.950000000000003,1.4,0.34285714285714275,0,0,1,2320.0,0,0,0,0,130.0,4.875197323201151,2450.0,2370.0,2500.0,130.0,4.875197323201151,0.0,0.0,0.0,2450.0,2450.0,2450.0,2450.0,2370.0,2370.0,2500.0,2500.0,130.0,130.0,0.0,4.875197323201151,0.0,0.0,0.0,0.0,2450.0,2450.0,2450.0,0.0,0.0,0.0,0.9999999959183673,0.9999999959183673,0.9999999959183673,2450.0,2450.0,0.0,1,0,False,False,False,False,False,False,False,True,False,False,False,False,False,False,False,False,True,False
2025-11-28,Andhra Pradesh,Krishna,Tiruvuru,Paddy(Common),,,2450.0,2450.0,2450.0,2450.0,4,11,48,2826.7999999999997,128.8,3546.502857142857,-0.9623435855455502,0,0.0,30.3,19.6,62.0,24.950000000000003,1.4,0.34285714285714275,0,0,1,2320.0,0,0,0,0,0.0,0.0,2500.0,2500.0,2500.0,0.0,0.0,0.020408163182007496,0.020408163182007496,0.020408163182007496,2450.0,2450.0,2450.0,2500.0,2450.0,2450.0,2450.0,2450.0,0.0,0.0,0.0,0.0,0.0,0.0,0.0,-0.019999999919999997,2450.0,2475.0,2479.6296296296296,0.0,25.94372608313782,81.49948001162487,0.9999999959183673,0.989898985899398,0.9880507801826182,2450.0,2479.6296296296296,-4.629629629629562,1,0,False,False,False,False,False,False,False,False,True,False,False,False,False,False,True,False,False,False
2025-11-29,Andhra Pradesh,East Godavari,Jaggampet,Paddy(Common),Common,FAQ,2369.0,2379.0,2379.0,2377.0,5,11,48,2789.7,2826.7999999999997,3244.4300000000003,20.947204968944096,0,0.0,31.5,20.9,68.0,26.2,0.2,-0.8571428571428572,0,0,1,2320.0,0,0,0,0,10.0,2.3978952727983707,2377.0,2369.0,2379.0,10.0,2.3978952727983707,0.0,0.0,0.0,2377.0,2377.0,2377.0,2377.0,2369.0,2369.0,2379.0,2379.0,10.0,10.0,0.0,2.3978952727983707,0.0,0.0,0.0,0.0,2377.0,2377.0,2381.1666666666665,0.0,0.0,8.297022339981083,0.9999999957930163,0.9999999957930163,0.9982501532935529,2377.0,2381.1666666666665,-4.166666666666515,1,0,True,False,False,False,False,False,False,False,False,False,False,True,False,False,False,False,False,False
2025-11-29,Andhra Pradesh,Alluri Sitharama Raju,Rampachodvaram,Paddy(Common),1001,Grade Range-2,2370.0,2370.0,2370.0,2370.0,5,11,48,2789.7,2826.7999999999997,3244.4300000000003,20.947204968944096,0,0.0,31.5,20.9,68.0,26.2,0.2,-0.8571428571428572,0,0,1,2320.0,0,0,0,0,0.0,0.0,2370.0,2370.0,2370.0,0.0,0.0,0.0,0.0,0.0,2370.0,2370.0,2370.0,2370.0,2370.0,2370.0,2370.0,2370.0,0.0,0.0,0.0,0.0,0.0,0.0,0.0,0.0,2370.0,2370.0,2369.4117647058824,0.0,0.0,2.42535625036331,0.9999999957805906,0.9999999957805906,1.0002482579433414,2370.0,2369.4117647058824,0.5882352941175668,1,0,False,False,False,False,False,False,True,False,False,True,False,False,False,False,False,False,False,False
2025-11-29,Andhra Pradesh,Nellore,Rapur,Paddy(Common),,,2370.0,2500.0,2460.0,2450.0,5,11,48,2789.7,2826.7999999999997,3244.4300000000003,20.947204968944096,0,0.0,31.5,20.9,68.0,26.2,0.2,-0.8571428571428572,0,0,1,2320.0,0,0,0,0,130.0,4.875197323201151,2450.0,2370.0,2500.0,130.0,4.875197323201151,0.0,0.0,0.0,2450.0,2450.0,2450.0,2450.0,2370.0,2370.0,2500.0,2500.0,130.0,130.0,0.0,4.875197323201151,0.0,0.0,0.0,0.0,2450.0,2450.0,2450.0,0.0,0.0,0.0,0.9999999959183673,0.9999999959183673,0.9999999959183673,2450.0,2450.0,0.0,1,0,False,False,False,False,False,False,False,True,False,False,False,False,False,False,False,False,True,False
2025-11-29,Andhra Pradesh,Krishna,Tiruvuru,Paddy(Common),Sona,Local,2500.0,2500.0,2500.0,2500.0,5,11,48,2789.7,2826.7999999999997,3244.4300000000003,20.947204968944096,0,0.0,31.5,20.9,68.0,26.2,0.2,-0.8571428571428572,0,0,1,2320.0,0,0,0,0,0.0,0.0,2500.0,2500.0,2500.0,0.0,0.0,0.0,0.0,0.0,2450.0,2450.0,2450.0,2500.0,2450.0,2450.0,2450.0,2450.0,0.0,0.0,0.0,0.0,0.020408163182007496,0.020408163182007496,0.020408163182007496,0.0,2450.0,2471.4285714285716,2478.5714285714284,0.0,25.677629550654018,80.17177325912922,1.0204081591003749,1.0115606895485982,1.008645529071747,2450.0,2478.5714285714284,-7.142857142856883,1,0,False,False,False,False,False,False,False,False,True,False,False,False,False,False,True,False,False,False
2025-11-30,Andhra Pradesh,East Godavari,Jaggampet,Paddy(Common),Common,FAQ,2369.0,2379.0,2379.0,2377.0,6,11,48,17.8,2789.7,2750.087142857143,-0.013124380925428003,1,17.9,28.9,23.0,81.0,25.95,0.2,-0.8571428571428572,0,0,1,2320.0,0,0,0,0,10.0,2.3978952727983707,2377.0,2369.0,2379.0,10.0,2.3978952727983707,0.0,0.0,0.0,2377.0,2377.0,2377.0,2377.0,2369.0,2369.0,2379.0,2379.0,10.0,10.0,0.0,2.3978952727983707,0.0,0.0,0.0,0.0,2377.0,2377.0,2381.0,0.0,0.0,8.164965809277282,0.9999999957930163,0.9999999957930163,0.9983200294064677,2377.0,2381.0,-4.0,1,0,True,False,False,False,False,False,False,False,False,False,False,True,False,False,False,False,False,False
2025-11-30,Andhra Pradesh,Alluri Sitharama Raju,Rampachodvaram,Paddy(Common),,,2370.0,2370.0,2370.0,2370.0,6,11,48,17.8,2789.7,2750.087142857143,-0.013124380925428003,1,17.9,28.9,23.0,81.0,25.95,0.2,-0.8571428571428572,0,0,1,2320.0,0,0,0,0,0.0,0.0,2370.0,2370.0,2370.0,0.0,0.0,0.0,0.0,0.0,2370.0,2370.0,2370.0,2370.0,2370.0,2370.0,2370.0,2370.0,0.0,0.0,0.0,0.0,0.0,0.0,0.0,0.0,2370.0,2370.0,2369.4444444444443,0.0,0.0,2.3570226039551394,0.9999999957805906,0.9999999957805906,1.0002344623671229,2370.0,2369.4444444444443,0.5555555555556566,1,0,False,False,False,False,False,False,True,False,False,True,False,False,False,False,False,False,False,False
2025-11-30,Andhra Pradesh,Nellore,Rapur,Paddy(Common),,,2370.0,2500.0,2460.0,2450.0,6,11,48,17.8,2789.7,2750.087142857143,-0.013124380925428003,1,17.9,28.9,23.0,81.0,25.95,0.2,-0.8571428571428572,0,0,1,2320.0,0,0,0,0,130.0,4.875197323201151,2450.0,2370.0,2500.0,130.0,4.875197323201151,0.0,0.0,0.0,2450.0,2450.0,2450.0,2450.0,2370.0,2370.0,2500.0,2500.0,130.0,130.0,0.0,4.875197323201151,0.0,0.0,0.0,0.0,2450.0,2450.0,2450.0,0.0,0.0,0.0,0.9999999959183673,0.9999999959183673,0.9999999959183673,2450.0,2450.0,0.0,1,0,False,False,False,False,False,False,False,True,False,False,False,False,False,False,False,False,True,False
2025-11-30,Andhra Pradesh,Krishna,Tiruvuru,Paddy(Common),,,2500.0,2500.0,2500.0,2500.0,6,11,48,17.8,2789.7,2750.087142857143,-0.013124380925428003,1,17.9,28.9,23.0,81.0,25.95,0.2,-0.8571428571428572,0,0,1,2320.0,0,0,0,0,0.0,0.0,2500.0,2500.0,2500.0,0.0,0.0,0.0,0.0,0.0,2500.0,2450.0,2450.0,2500.0,2500.0,2457.1428571428573,2500.0,2457.1428571428573,0.0,0.0,0.0,0.0,0.0,0.020408163182007496,0.020408163182007496,0.0,2457.1428571428573,2471.4285714285716,2479.310344827586,18.89822365046358,25.677629550654018,78.8276163755335,1.0174418563243643,1.0115606895485982,1.00834491943783,2457.1428571428573,2479.310344827586,-7.881773399014492,1,0,False,False,False,False,False,False,False,False,True,False,False,False,False,False,True,False,False,False
2025-12-01,Andhra Pradesh,East Godavari,Jaggampet,Paddy(Common),Common,FAQ,2369.0,2379.0,2379.0,2377.0,0,12,49,2930.5,17.8,2722.587142857143,-0.9936193855970176,0,8.3,25.7,22.3,81.0,24.0,17.9,-21.41428571428571,0,0,1,2320.0,0,0,0,0,10.0,2.3978952727983707,2377.0,2369.0,2379.0,10.0,2.3978952727983707,0.0,0.0,0.0,2377.0,2377.0,2377.0,2377.0,2369.0,2369.0,2379.0,2379.0,10.0,10.0,0.0,2.3978952727983707,0.0,0.0,0.0,0.0,2377.0,2377.0,2380.846153846154,0.0,0.0,8.038369524685034,0.9999999957930163,0.9999999957930163,0.9983845391169917,2377.0,2380.846153846154,-3.846153846153811,1,0,True,False,False,False,False,False,False,False,False,False,False,True,False,False,False,False,False,False
2025-12-01,Andhra Pradesh,Alluri Sitharama Raju,Rampachodvaram,Paddy(Common),1001,Grade Range-2,2370.0,2370.0,2370.0,2370.0,0,12,49,2930.5,17.8,2722.587142857143,-0.9936193855970176,0,8.3,25.7,22.3,81.0,24.0,17.9,-21.41428571428571,0,0,1,2320.0,0,0,0,0,0.0,0.0,2370.0,2370.0,2370.0,0.0,0.0,0.0,0.0,0.0,2370.0,2370.0,2370.0,2370.0,2370.0,2370.0,2370.0,2370.0,0.0,0.0,0.0,0.0,0.0,0.0,0.0,0.0,2370.0,2370.0,2369.4736842105262,0.0,0.0,2.2941573387056002,0.9999999957805906,0.9999999957805906,1.0002221192793823,2370.0,2369.4736842105262,0.526315789473756,1,0,False,False,False,False,False,False,True,False,False,True,False,False,False,False,False,False,False,False
2025-12-01,Andhra Pradesh,Nellore,Rapur,Paddy(Common),,,2370.0,2500.0,2460.0,2450.0,0,12,49,2930.5,17.8,2722.587142857143,-0.9936193855970176,0,8.3,25.7,22.3,81.0,24.0,17.9,-21.41428571428571,0,0,1,2320.0,0,0,0,0,130.0,4.875197323201151,2450.0,2370.0,2500.0,130.0,4.875197323201151,0.0,0.0,0.0,2450.0,2450.0,2450.0,2450.0,2370.0,2370.0,2500.0,2500.0,130.0,130.0,0.0,4.875197323201151,0.0,0.0,0.0,0.0,2450.0,2450.0,2450.0,0.0,0.0,0.0,0.9999999959183673,0.9999999959183673,0.9999999959183673,2450.0,2450.0,0.0,1,0,False,False,False,False,False,False,False,True,False,False,False,False,False,False,False,False,True,False
2025-12-01,Andhra Pradesh,Krishna,Tiruvuru,Paddy(Common),,,2500.0,2500.0,2500.0,2500.0,0,12,49,2930.5,17.8,2722.587142857143,-0.9936193855970176,0,8.3,25.7,22.3,81.0,24.0,17.9,-21.41428571428571,0,0,1,2320.0,0,0,0,0,0.0,0.0,2450.0,2450.0,2450.0,0.0,0.0,-0.019999999919999997,-0.019999999919999997,-0.019999999919999997,2500.0,2450.0,2450.0,2500.0,2500.0,2464.285714285714,2500.0,2464.285714285714,0.0,0.0,0.0,0.0,0.0,0.020408163182007496,0.020408163182007496,0.0,2464.285714285714,2471.4285714285716,2480.0,24.397501823714887,25.677629550654018,77.54864991376881,1.0144927495064062,1.0115606895485982,1.008064512064256,2464.285714285714,2480.0,-8.571428571428442,1,0,False,False,False,False,False,False,False,False,True,False,False,False,False,False,True,False,False,False
2025-12-02,Andhra Pradesh,East Godavari,Jaggampet,Paddy(Common),,,2369.0,2379.0,2379.0,2377.0,1,12,49,3215.8,2930.5,2633.942857142857,163.63483146067415,0,16.5,26.2,21.7,83.0,23.95,26.2,-13.11428571428571,0,0,1,2320.0,0,0,0,0,10.0,2.3978952727983707,2377.0,2369.0,2379.0,10.0,2.3978952727983707,0.0,0.0,0.0,2377.0,2377.0,2377.0,2377.0,2369.0,2369.0,2379.0,2379.0,10.0,10.0,0.0,2.3978952727983707,0.0,0.0,0.0,0.0,2377.0,2377.0,2380.703703703704,0.0,0.0,7.9169478132714275,0.9999999957930163,0.9999999957930163,0.9984442777644337,2377.0,2380.703703703704,-3.7037037037039227,1,0,True,False,False,False,False,False,False,False,False,False,False,True,False,False,False,False,False,False
2025-12-02,Andhra Pradesh,Alluri Sitharama Raju,Rampachodvaram,Paddy(Common),1001,Grade Range-2,2370.0,2370.0,2370.0,2370.0,1,12,49,3215.8,2930.5,2633.942857142857,163.63483146067415,0,16.5,26.2,21.7,83.0,23.95,26.2,-13.11428571428571,0,0,1,2320.0,0,0,0,0,0.0,0.0,2370.0,2370.0,2370.0,0.0,0.0,0.0,0.0,0.0,2370.0,2370.0,2370.0,2370.0,2370.0,2370.0,2370.0,2370.0,0.0,0.0,0.0,0.0,0.0,0.0,0.0,0.0,2370.0,2370.0,2369.5,0.0,0.0,2.2360679774997734,0.9999999957805906,0.9999999957805906,1.0002110107608735,2370.0,2369.5,0.5,1,0,False,False,False,False,False,False,True,False,False,True,False,False,False,False,False,False,False,False
2025-12-02,Andhra Pradesh,Nellore,Rapur,Paddy(Common),,,2370.0,2500.0,2460.0,2450.0,1,12,49,3215.8,2930.5,2633.942857142857,163.63483146067415,0,16.5,26.2,21.7,83.0,23.95,26.2,-13.11428571428571,0,0,1,2320.0,0,0,0,0,130.0,4.875197323201151,2450.0,2370.0,2500.0,130.0,4.875197323201151,0.0,0.0,0.0,2450.0,2450.0,2450.0,2450.0,2370.0,2370.0,2500.0,2500.0,130.0,130.0,0.0,4.875197323201151,0.0,0.0,0.0,0.0,2450.0,2450.0,2450.0,0.0,0.0,0.0,0.9999999959183673,0.9999999959183673,0.9999999959183673,2450.0,2450.0,0.0,1,0,False,False,False,False,False,False,False,True,False,False,False,False,False,False,False,False,True,False
2025-12-02,Andhra Pradesh,Krishna,Tiruvuru,Paddy(Common),Sona,Local,2450.0,2450.0,2450.0,2450.0,1,12,49,3215.8,2930.5,2633.942857142857,163.63483146067415,0,16.5,26.2,21.7,83.0,23.95,26.2,-13.11428571428571,0,0,1,2320.0,0,0,0,0,0.0,0.0,2450.0,2450.0,2450.0,0.0,0.0,0.0,0.0,0.0,2500.0,2500.0,2450.0,2500.0,2500.0,2471.4285714285716,2500.0,2471.4285714285716,0.0,0.0,0.0,0.0,-0.019999999919999997,-0.019999999919999997,0.0,-0.019999999919999997,2471.4285714285716,2471.4285714285716,2477.3333333333335,26.726124191243784,25.677629550654018,75.33526597053054,0.9913294757576263,0.9913294757576263,0.9889666267937298,2471.4285714285716,2477.3333333333335,-5.904761904761926,1,0,False,False,False,False,False,False,False,False,True,False,False,False,False,False,True,False,False,False
2025-12-03,Andhra Pradesh,East Godavari,Jaggampet,Paddy(Common),,,2369.0,2379.0,2379.0,2377.0,2,12,49,2905.5,3215.8,2189.9714285714285,0.09735540010237176,0,4.4,28.1,22.0,83.0,25.05,42.7,3.3857142857142932,1,0,1,2320.0,0,0,0,0,10.0,2.3978952727983707,2377.0,2369.0,2379.0,10.0,2.3978952727983707,0.0,0.0,0.0,2377.0,2377.0,2377.0,2377.0,2369.0,2369.0,2379.0,2379.0,10.0,10.0,0.0,2.3978952727983707,0.0,0.0,0.0,0.0,2377.0,2377.0,2380.5714285714284,0.0,0.0,7.8004205557496356,0.9999999957930163,0.9999999957930163,0.9984997557672237,2377.0,2380.5714285714284,-3.5714285714284415,1,0,True,False,False,False,False,False,False,False,False,False,False,True,False,False,False,False,False,False
2025-12-03,Andhra Pradesh,Alluri Sitharama Raju,Rampachodvaram,Paddy(Common),,,2370.0,2370.0,2370.0,2370.0,2,12,49,2905.5,3215.8,2189.9714285714285,0.09735540010237176,0,4.4,28.1,22.0,83.0,25.05,42.7,3.3857142857142932,1,0,1,2320.0,0,0,0,0,0.0,0.0,2370.0,2370.0,2370.0,0.0,0.0,0.0,0.0,0.0,2370.0,2370.0,2370.0,2370.0,2370.0,2370.0,2370.0,2370.0,0.0,0.0,0.0,0.0,0.0,0.0,0.0,0.0,2370.0,2370.0,2369.5238095238096,0.0,0.0,2.182178902359907,0.9999999957805906,0.9999999957805906,1.0002009604091195,2370.0,2369.5238095238096,0.4761904761903679,1,0,False,False,False,False,False,False,True,False,False,True,False,False,False,False,False,False,False,False
2025-12-03,Andhra Pradesh,Nellore,Rapur,Paddy(Common),,,2370.0,2500.0,2460.0,2450.0,2,12,49,2905.5,3215.8,2189.9714285714285,0.09735540010237176,0,4.4,28.1,22.0,83.0,25.05,42.7,3.3857142857142932,1,0,1,2320.0,0,0,0,0,130.0,4.875197323201151,2450.0,2370.0,2500.0,130.0,4.875197323201151,0.0,0.0,0.0,2450.0,2450.0,2450.0,2450.0,2370.0,2370.0,2500.0,2500.0,130.0,130.0,0.0,4.875197323201151,0.0,0.0,0.0,0.0,2450.0,2450.0,2450.0,0.0,0.0,0.0,0.9999999959183673,0.9999999959183673,0.9999999959183673,2450.0,2450.0,0.0,1,0,False,False,False,False,False,False,False,True,False,False,False,False,False,False,False,False,True,False
2025-12-03,Andhra Pradesh,Krishna,Tiruvuru,Paddy(Common),,,2450.0,2450.0,2450.0,2450.0,2,12,49,2905.5,3215.8,2189.9714285714285,0.09735540010237176,0,4.4,28.1,22.0,83.0,25.05,42.7,3.3857142857142932,1,0,1,2320.0,0,0,0,0,0.0,0.0,2450.0,2450.0,2450.0,0.0,0.0,0.0,0.0,0.0,2450.0,2500.0,2450.0,2500.0,2450.0,2471.4285714285716,2450.0,2471.4285714285716,0.0,0.0,0.0,0.0,0.0,-0.019999999919999997,0.0,-0.019999999919999997,2471.4285714285716,2467.8571428571427,2473.0,26.726124191243784,24.862257904941533,72.92651000883679,0.9913294757576263,0.9927641059627503,0.9906995511900543,2471.4285714285716,2473.0,-5.142857142857338,1,0,False,False,False,False,False,False,False,False,True,False,False,False,False,False,True,False,False,False
2025-12-04,Andhra Pradesh,East Godavari,Jaggampet,Paddy(Common),,,2369.0,2379.0,2379.0,2377.0,3,12,49,2700.5,2905.5,2116.4142857142856,-0.09649231917407808,0,0.0,30.4,22.5,73.0,26.45,47.1,7.785714285714292,1,0,1,2320.0,0,0,0,0,10.0,2.3978952727983707,2377.0,2369.0,2379.0,10.0,2.3978952727983707,0.0,0.0,0.0,2377.0,2377.0,2377.0,2377.0,2369.0,2369.0,2379.0,2379.0,10.0,10.0,0.0,2.3978952727983707,0.0,0.0,0.0,0.0,2377.0,2377.0,2380.448275862069,0.0,0.0,7.688517444384939,0.9999999957930163,0.9999999957930163,0.9985514132432328,2377.0,2380.448275862069,-3.44827586206884,1,0,True,False,False,False,False,False,False,False,False,False,False,True,False,False,False,False,False,False
2025-12-04,Andhra Pradesh,Alluri Sitharama Raju,Rampachodvaram,Paddy(Common),1001,Grade Range-2,2370.0,2370.0,2370.0,2370.0,3,12,49,2700.5,2905.5,2116.4142857142856,-0.09649231917407808,0,0.0,30.4,22.5,73.0,26.45,47.1,7.785714285714292,1,0,1,2320.0,0,0,0,0,0.0,0.0,2370.0,2370.0,2370.0,0.0,0.0,0.0,0.0,0.0,2370.0,2370.0,2370.0,2370.0,2370.0,2370.0,2370.0,2370.0,0.0,0.0,0.0,0.0,0.0,0.0,0.0,0.0,2370.0,2370.0,2369.5454545454545,0.0,0.0,2.132007163556088,0.9999999957805906,0.9999999957805906,1.0001918239009744,2370.0,2369.5454545454545,0.4545454545454959,1,0,False,False,False,False,False,False,True,False,False,True,False,False,False,False,False,False,False,False
2025-12-04,Andhra Pradesh,Nellore,Rapur,Paddy(Common),,,2370.0,2500.0,2460.0,2450.0,3,12,49,2700.5,2905.5,2116.4142857142856,-0.09649231917407808,0,0.0,30.4,22.5,73.0,26.45,47.1,7.785714285714292,1,0,1,2320.0,0,0,0,0,130.0,4.875197323201151,2450.0,2370.0,2500.0,130.0,4.875197323201151,0.0,0.0,0.0,2450.0,2450.0,2450.0,2450.0,2370.0,2370.0,2500.0,2500.0,130.0,130.0,0.0,4.875197323201151,0.0,0.0,0.0,0.0,2450.0,2450.0,2450.0,0.0,0.0,0.0,0.9999999959183673,0.9999999959183673,0.9999999959183673,2450.0,2450.0,0.0,1,0,False,False,False,False,False,False,False,True,False,False,False,False,False,False,False,False,True,False
2025-12-04,Andhra Pradesh,Krishna,Tiruvuru,Paddy(Common),,,2450.0,2450.0,2450.0,2450.0,3,12,49,2700.5,2905.5,2116.4142857142856,-0.09649231917407808,0,0.0,30.4,22.5,73.0,26.45,47.1,7.785714285714292,1,0,1,2320.0,0,0,0,0,0.0,0.0,2450.0,2450.0,2450.0,0.0,0.0,0.0,0.0,0.0,2450.0,2500.0,2450.0,2500.0,2450.0,2471.4285714285716,2450.0,2471.4285714285716,0.0,0.0,0.0,0.0,0.0,-0.019999999919999997,0.0,-0.019999999919999997,2471.4285714285716,2464.285714285714,2465.0,26.726124191243784,23.440361546923885,60.38668499046744,0.9913294757576263,0.9942028945162781,0.9939148032701224,2471.4285714285716,2465.0,-0.7142857142857792,1,0,False,False,False,False,False,False,False,False,True,False,False,False,False,False,True,False,False,False
2025-12-05,Andhra Pradesh,East Godavari,Jaggampet,Paddy(Common),,,2369.0,2379.0,2379.0,2377.0,4,12,49,929.0,2700.5,2483.7999999999997,-0.0705558423679229,0,0.0,29.5,21.2,71.0,25.35,47.1,7.785714285714292,1,0,1,2320.0,0,0,0,0,10.0,2.3978952727983707,2377.0,2369.0,2379.0,10.0,2.3978952727983707,0.0,0.0,0.0,2377.0,2377.0,2377.0,2377.0,2369.0,2369.0,2379.0,2379.0,10.0,10.0,0.0,2.3978952727983707,0.0,0.0,0.0,0.0,2377.0,2377.0,2380.3333333333335,0.0,0.0,7.580980435789081,0.9999999957930163,0.9999999957930163,0.998599631710126,2377.0,2380.3333333333335,-3.333333333333485,1,0,True,False,False,False,False,False,False,False,False,False,False,True,False,False,False,False,False,False
2025-12-05,Andhra Pradesh,Alluri Sitharama Raju,Rampachodvaram,Paddy(Common),1001,Grade Range-2,2370.0,2370.0,2370.0,2370.0,4,12,49,929.0,2700.5,2483.7999999999997,-0.0705558423679229,0,0.0,29.5,21.2,71.0,25.35,47.1,7.785714285714292,1,0,1,2320.0,0,0,0,0,0.0,0.0,2370.0,2370.0,2370.0,0.0,0.0,0.0,0.0,0.0,2370.0,2370.0,2370.0,2370.0,2370.0,2370.0,2370.0,2370.0,0.0,0.0,0.0,0.0,0.0,0.0,0.0,0.0,2370.0,2370.0,2369.5652173913045,0.0,0.0,2.085144140570731,0.9999999957805906,0.9999999957805906,1.0001834820175741,2370.0,2369.5652173913045,0.4347826086955138,1,0,False,False,False,False,False,False,True,False,False,True,False,False,False,False,False,False,False,False
2025-12-05,Andhra Pradesh,Nellore,Rapur,Paddy(Common),,,2370.0,2500.0,2460.0,2450.0,4,12,49,929.0,2700.5,2483.7999999999997,-0.0705558423679229,0,0.0,29.5,21.2,71.0,25.35,47.1,7.785714285714292,1,0,1,2320.0,0,0,0,0,130.0,4.875197323201151,2450.0,2370.0,2500.0,130.0,4.875197323201151,0.0,0.0,0.0,2450.0,2450.0,2450.0,2450.0,2370.0,2370.0,2500.0,2500.0,130.0,130.0,0.0,4.875197323201151,0.0,0.0,0.0,0.0,2450.0,2450.0,2450.0,0.0,0.0,0.0,0.9999999959183673,0.9999999959183673,0.9999999959183673,2450.0,2450.0,0.0,1,0,False,False,False,False,False,False,False,True,False,False,False,False,False,False,False,False,True,False
2025-12-05,Andhra Pradesh,Krishna,Tiruvuru,Paddy(Common),,,2450.0,2450.0,2450.0,2450.0,4,12,49,929.0,2700.5,2483.7999999999997,-0.0705558423679229,0,0.0,29.5,21.2,71.0,25.35,47.1,7.785714285714292,1,0,1,2320.0,0,0,0,0,0.0,0.0,2450.0,2450.0,2450.0,0.0,0.0,0.0,0.0,0.0,2450.0,2450.0,2450.0,2450.0,2450.0,2471.4285714285716,2450.0,2471.4285714285716,0.0,0.0,0.0,0.0,0.0,0.0,0.0,0.0,2471.4285714285716,2460.714285714286,2461.6666666666665,26.726124191243784,21.290765681315015,58.25528440338745,0.9913294757576263,0.9956458595242257,0.9952606594640732,2471.4285714285716,2461.6666666666665,-0.9523809523807358,1,0,False,False,False,False,False,False,False,False,True,False,False,False,False,False,True,False,False,False
2025-12-06,Andhra Pradesh,East Godavari,Jaggampet,Paddy(Common),Common,FAQ,2369.0,2379.0,2379.0,2377.0,5,12,49,4035.6,929.0,2212.6857142857143,-0.655989631549713,0,0.0,29.6,19.9,69.0,24.75,47.1,7.785714285714292,1,0,1,2320.0,0,0,0,0,10.0,2.3978952727983707,2377.0,2369.0,2379.0,10.0,2.3978952727983707,0.0,0.0,0.0,2377.0,2377.0,2377.0,2377.0,2369.0,2369.0,2379.0,2379.0,10.0,10.0,0.0,2.3978952727983707,0.0,0.0,0.0,0.0,2377.0,2377.0,2379.6666666666665,0.0,0.0,6.914918072835276,0.9999999957930163,0.9999999957930163,0.9988793906756714,2377.0,2379.6666666666665,-2.666666666666515,1,0,True,False,False,False,False,False,False,False,False,False,False,True,False,False,False,False,False,False
2025-12-06,Andhra Pradesh,Alluri Sitharama Raju,Rampachodvaram,Paddy(Common),1001,Grade Range-2,2370.0,2370.0,2370.0,2370.0,5,12,49,4035.6,929.0,2212.6857142857143,-0.655989631549713,0,0.0,29.6,19.9,69.0,24.75,47.1,7.785714285714292,1,0,1,2320.0,0,0,0,0,0.0,0.0,2370.0,2370.0,2370.0,0.0,0.0,0.0,0.0,0.0,2370.0,2370.0,2370.0,2370.0,2370.0,2370.0,2370.0,2370.0,0.0,0.0,0.0,0.0,0.0,0.0,0.0,0.0,2370.0,2370.0,2369.5833333333335,0.0,0.0,2.0412414523192974,0.9999999957805906,0.9999999957805906,1.00017583541336,2370.0,2369.5833333333335,0.4166666666665151,1,0,False,False,False,False,False,False,True,False,False,True,False,False,False,False,False,False,False,False
2025-12-06,Andhra Pradesh,Nellore,Rapur,Paddy(Common),,,2370.0,2500.0,2460.0,2450.0,5,12,49,4035.6,929.0,2212.6857142857143,-0.655989631549713,0,0.0,29.6,19.9,69.0,24.75,47.1,7.785714285714292,1,0,1,2320.0,0,0,0,0,130.0,4.875197323201151,2450.0,2370.0,2500.0,130.0,4.875197323201151,0.0,0.0,0.0,2450.0,2450.0,2450.0,2450.0,2370.0,2370.0,2500.0,2500.0,130.0,130.0,0.0,4.875197323201151,0.0,0.0,0.0,0.0,2450.0,2450.0,2450.0,0.0,0.0,0.0,0.9999999959183673,0.9999999959183673,0.9999999959183673,2450.0,2450.0,0.0,1,0,False,False,False,False,False,False,False,True,False,False,False,False,False,False,False,False,True,False
2025-12-06,Andhra Pradesh,Krishna,Tiruvuru,Paddy(Common),,,2450.0,2450.0,2450.0,2450.0,5,12,49,4035.6,929.0,2212.6857142857143,-0.655989631549713,0,0.0,29.6,19.9,69.0,24.75,47.1,7.785714285714292,1,0,1,2320.0,0,0,0,0,0.0,0.0,2450.0,2450.0,2450.0,0.0,0.0,0.0,0.0,0.0,2450.0,2450.0,2500.0,2450.0,2450.0,2471.4285714285716,2450.0,2471.4285714285716,0.0,0.0,0.0,0.0,0.0,0.0,-0.019999999919999997,0.0,2471.4285714285716,2460.714285714286,2456.6666666666665,26.726124191243784,21.290765681315015,52.08304597621897,0.9913294757576263,0.9956458595242257,0.9972862917342484,2471.4285714285716,2456.6666666666665,4.047619047619264,1,0,False,False,False,False,False,False,False,False,True,False,False,False,False,False,True,False,False,False
2025-12-07,Andhra Pradesh,East Godavari,Jaggampet,Paddy(Common),,,2369.0,2379.0,2379.0,2377.0,6,12,49,0.0,4035.6,2390.6714285714284,3.3440258342303553,1,0.0,29.4,19.3,72.0,24.35,47.1,7.785714285714292,1,0,1,2320.0,0,0,0,0,10.0,2.3978952727983707,2377.0,2369.0,2379.0,10.0,2.3978952727983707,0.0,0.0,0.0,2377.0,2377.0,2377.0,2377.0,2369.0,2369.0,2379.0,2379.0,10.0,10.0,0.0,2.3978952727983707,0.0,0.0,0.0,0.0,2377.0,2377.0,2379.0,0.0,0.0,6.1025715325874135,0.9999999957930163,0.9999999957930163,0.9991593064348073,2377.0,2379.0,-2.0,1,0,True,False,False,False,False,False,False,False,False,False,False,True,False,False,False,False,False,False
2025-12-07,Andhra Pradesh,Alluri Sitharama Raju,Rampachodvaram,Paddy(Common),,,2370.0,2370.0,2370.0,2370.0,6,12,49,0.0,4035.6,2390.6714285714284,3.3440258342303553,1,0.0,29.4,19.3,72.0,24.35,47.1,7.785714285714292,1,0,1,2320.0,0,0,0,0,0.0,0.0,2370.0,2370.0,2370.0,0.0,0.0,0.0,0.0,0.0,2370.0,2370.0,2370.0,2370.0,2370.0,2370.0,2370.0,2370.0,0.0,0.0,0.0,0.0,0.0,0.0,0.0,0.0,2370.0,2370.0,2369.6,0.0,0.0,1.9999999999999805,0.9999999957805906,0.9999999957805906,1.000168800640746,2370.0,2369.6,0.40000000000009095,1,0,False,False,False,False,False,False,True,False,False,True,False,False,False,False,False,False,False,False
2025-12-07,Andhra Pradesh,Nellore,Rapur,Paddy(Common),,,2370.0,2500.0,2460.0,2450.0,6,12,49,0.0,4035.6,2390.6714285714284,3.3440258342303553,1,0.0,29.4,19.3,72.0,24.35,47.1,7.785714285714292,1,0,1,2320.0,0,0,0,0,130.0,4.875197323201151,2450.0,2370.0,2500.0,130.0,4.875197323201151,0.0,0.0,0.0,2450.0,2450.0,2450.0,2450.0,2370.0,2370.0,2500.0,2500.0,130.0,130.0,0.0,4.875197323201151,0.0,0.0,0.0,0.0,2450.0,2450.0,2450.0,0.0,0.0,0.0,0.9999999959183673,0.9999999959183673,0.9999999959183673,2450.0,2450.0,0.0,1,0,False,False,False,False,False,False,False,True,False,False,False,False,False,False,False,False,True,False
2025-12-07,Andhra Pradesh,Krishna,Tiruvuru,Paddy(Common),,,2450.0,2450.0,2450.0,2450.0,6,12,49,0.0,4035.6,2390.6714285714284,3.3440258342303553,1,0.0,29.4,19.3,72.0,24.35,47.1,7.785714285714292,1,0,1,2320.0,0,0,0,0,0.0,0.0,2450.0,2450.0,2450.0,0.0,0.0,0.0,0.0,0.0,2450.0,2450.0,2500.0,2450.0,2450.0,2464.285714285714,2450.0,2464.285714285714,0.0,0.0,0.0,0.0,0.0,0.0,-0.019999999919999997,0.0,2464.285714285714,2460.714285714286,2451.6666666666665,24.397501823714883,21.290765681315015,44.49589933321145,0.9942028945162781,0.9956458595242257,0.9993201862706178,2464.285714285714,2451.6666666666665,9.047619047619264,1,0,False,False,False,False,False,False,False,False,True,False,False,False,False,False,True,False,False,False
2025-12-08,Andhra Pradesh,East Godavari,Jaggampet,Paddy(Common),,,2369.0,2379.0,2379.0,2377.0,0,12,50,3779.0,0.0,2388.128571428571,-1.0,0,0.0,30.0,18.1,69.0,24.05,29.200000000000003,21.414285714285718,0,0,1,2320.0,0,0,0,0,10.0,2.3978952727983707,2377.0,2369.0,2379.0,10.0,2.3978952727983707,0.0,0.0,0.0,2377.0,2377.0,2377.0,2377.0,2369.0,2369.0,2379.0,2379.0,10.0,10.0,0.0,2.3978952727983707,0.0,0.0,0.0,0.0,2377.0,2377.0,2378.3333333333335,0.0,0.0,5.0741626340494435,0.9999999957930163,0.9999999957930163,0.9994393791193857,2377.0,2378.3333333333335,-1.333333333333485,1,0,True,False,False,False,False,False,False,False,False,False,False,True,False,False,False,False,False,False
2025-12-08,Andhra Pradesh,Alluri Sitharama Raju,Rampachodvaram,Paddy(Common),,,2370.0,2370.0,2370.0,2370.0,0,12,50,3779.0,0.0,2388.128571428571,-1.0,0,0.0,30.0,18.1,69.0,24.05,29.200000000000003,21.414285714285718,0,0,1,2320.0,0,0,0,0,0.0,0.0,2370.0,2370.0,2370.0,0.0,0.0,0.0,0.0,0.0,2370.0,2370.0,2370.0,2370.0,2370.0,2370.0,2370.0,2370.0,0.0,0.0,0.0,0.0,0.0,0.0,0.0,0.0,2370.0,2370.0,2369.6153846153848,0.0,0.0,1.9611613513818194,0.9999999957805906,0.9999999957805906,1.0001623070923193,2370.0,2369.6153846153848,0.3846153846152447,1,0,False,False,False,False,False,False,True,False,False,True,False,False,False,False,False,False,False,False
2025-12-08,Andhra Pradesh,Nellore,Rapur,Paddy(Common),,,2370.0,2500.0,2460.0,2450.0,0,12,50,3779.0,0.0,2388.128571428571,-1.0,0,0.0,30.0,18.1,69.0,24.05,29.200000000000003,21.414285714285718,0,0,1,2320.0,0,0,0,0,130.0,4.875197323201151,2450.0,2370.0,2500.0,130.0,4.875197323201151,0.0,0.0,0.0,2450.0,2450.0,2450.0,2450.0,2370.0,2370.0,2500.0,2500.0,130.0,130.0,0.0,4.875197323201151,0.0,0.0,0.0,0.0,2450.0,2450.0,2450.0,0.0,0.0,0.0,0.9999999959183673,0.9999999959183673,0.9999999959183673,2450.0,2450.0,0.0,1,0,False,False,False,False,False,False,False,True,False,False,False,False,False,False,False,False,True,False
2025-12-08,Andhra Pradesh,Krishna,Tiruvuru,Paddy(Common),Sona,Local,2450.0,2450.0,2450.0,2450.0,0,12,50,3779.0,0.0,2388.128571428571,-1.0,0,0.0,30.0,18.1,69.0,24.05,29.200000000000003,11.033333333333335,0,0,1,2320.0,0,0,0,0,0.0,0.0,2500.0,2500.0,2500.0,0.0,0.0,0.020408163182007496,0.020408163182007496,0.020408163182007496,2450.0,2450.0,2500.0,2450.0,2450.0,2457.1428571428573,2450.0,2457.1428571428573,0.0,0.0,0.0,0.0,0.0,0.0,-0.019999999919999997,0.0,2457.1428571428573,2460.714285714286,2453.3333333333335,18.89822365046358,21.290765681315015,43.41724854553072,0.9970930191978771,0.9956458595242257,0.9986413002772772,2457.1428571428573,2453.3333333333335,7.380952380952294,1,0,False,False,False,False,False,False,False,False,True,False,False,False,False,False,True,False,False,False
2025-12-09,Andhra Pradesh,East Godavari,Jaggampet,Paddy(Common),,,2369.0,2379.0,2379.0,2377.0,1,12,50,420.0,3779.0,2509.3428571428567,0.0,0,0.0,30.6,18.0,65.0,24.3,20.9,13.114285714285714,0,0,1,2320.0,0,0,0,0,10.0,2.3978952727983707,2377.0,2369.0,2379.0,10.0,2.3978952727983707,0.0,0.0,0.0,2377.0,2377.0,2377.0,2377.0,2369.0,2369.0,2379.0,2379.0,10.0,10.0,0.0,2.3978952727983707,0.0,0.0,0.0,0.0,2377.0,2377.0,2377.6666666666665,0.0,0.0,3.6514837167014065,0.9999999957930163,0.9999999957930163,0.9997196088614063,2377.0,2377.6666666666665,-0.6666666666665151,1,0,True,False,False,False,False,False,False,False,False,False,False,True,False,False,False,False,False,False
2025-12-09,Andhra Pradesh,Alluri Sitharama Raju,Rampachodvaram,Paddy(Common),,,2370.0,2370.0,2370.0,2370.0,1,12,50,420.0,3779.0,2509.3428571428567,0.0,0,0.0,30.6,18.0,65.0,24.3,20.9,13.114285714285714,0,0,1,2320.0,0,0,0,0,0.0,0.0,2370.0,2370.0,2370.0,0.0,0.0,0.0,0.0,0.0,2370.0,2370.0,2370.0,2370.0,2370.0,2370.0,2370.0,2370.0,0.0,0.0,0.0,0.0,0.0,0.0,0.0,0.0,2370.0,2370.0,2369.6296296296296,0.0,0.0,1.9245008972987319,0.9999999957805906,0.9999999957805906,1.00015629462266,2370.0,2369.6296296296296,0.37037037037043774,1,0,False,False,False,False,False,False,True,False,False,True,False,False,False,False,False,False,False,False
2025-12-09,Andhra Pradesh,Nellore,Rapur,Paddy(Common),,,2370.0,2500.0,2460.0,2450.0,1,12,50,420.0,3779.0,2509.3428571428567,0.0,0,0.0,30.6,18.0,65.0,24.3,20.9,13.114285714285714,0,0,1,2320.0,0,0,0,0,130.0,4.875197323201151,2450.0,2370.0,2500.0,130.0,4.875197323201151,0.0,0.0,0.0,2450.0,2450.0,2450.0,2450.0,2370.0,2370.0,2500.0,2500.0,130.0,130.0,0.0,4.875197323201151,0.0,0.0,0.0,0.0,2450.0,2450.0,2450.0,0.0,0.0,0.0,0.9999999959183673,0.9999999959183673,0.9999999959183673,2450.0,2450.0,0.0,1,0,False,False,False,False,False,False,False,True,False,False,False,False,False,False,False,False,True,False
2025-12-09,Andhra Pradesh,Krishna,Tiruvuru,Paddy(Common),Sona,Local,2500.0,2500.0,2500.0,2500.0,1,12,50,420.0,3779.0,2509.3428571428567,0.0,0,0.0,30.6,18.0,65.0,24.3,20.9,2.7333333333333307,0,0,1,2320.0,0,0,0,0,0.0,0.0,2500.0,2500.0,2500.0,0.0,0.0,0.0,0.0,0.0,2450.0,2450.0,2450.0,2450.0,2450.0,2450.0,2450.0,2450.0,0.0,0.0,0.0,0.0,0.020408163182007496,0.020408163182007496,0.020408163182007496,0.020408163182007496,2450.0,2460.714285714286,2455.0,0.0,21.290765681315015,42.243138598128695,1.0204081591003749,1.015965162779822,1.0183299347522201,2450.0,2455.0,5.714285714285779,1,0,False,False,False,False,False,False,False,False,True,False,False,False,False,False,True,False,False,False
2025-12-10,Andhra Pradesh,East Godavari,Jaggampet,Paddy(Common),,,2369.0,2379.0,2379.0,2377.0,2,12,50,2573.6,420.0,2109.942857142857,-0.8888594866366764,0,0.0,30.5,17.6,65.0,24.05,4.4,-3.3857142857142852,0,0,1,2320.0,0,0,0,0,10.0,2.3978952727983707,2377.0,2369.0,2379.0,10.0,2.3978952727983707,0.0,0.0,0.0,2377.0,2377.0,2377.0,2377.0,2369.0,2369.0,2379.0,2379.0,10.0,10.0,0.0,2.3978952727983707,0.0,0.0,0.0,0.0,2377.0,2377.0,2377.0,0.0,0.0,0.0,0.9999999957930163,0.9999999957930163,0.9999999957930163,2377.0,2377.0,0.0,1,0,True,False,False,False,False,False,False,False,False,False,False,True,False,False,False,False,False,False
2025-12-10,Andhra Pradesh,Alluri Sitharama Raju,Rampachodvaram,Paddy(Common),1001,Grade Range-2,2370.0,2370.0,2370.0,2370.0,2,12,50,2573.6,420.0,2109.942857142857,-0.8888594866366764,0,0.0,30.5,17.6,65.0,24.05,4.4,-3.3857142857142852,0,0,1,2320.0,0,0,0,0,0.0,0.0,2370.0,2370.0,2370.0,0.0,0.0,0.0,0.0,0.0,2370.0,2370.0,2370.0,2370.0,2370.0,2370.0,2370.0,2370.0,0.0,0.0,0.0,0.0,0.0,0.0,0.0,0.0,2370.0,2370.0,2369.6428571428573,0.0,0.0,1.889822365046117,0.9999999957805906,0.9999999957805906,1.000150711679846,2370.0,2369.6428571428573,0.35714285714266225,1,0,False,False,False,False,False,False,True,False,False,True,False,False,False,False,False,False,False,False
2025-12-10,Andhra Pradesh,Nellore,Rapur,Paddy(Common),,,2370.0,2500.0,2460.0,2450.0,2,12,50,2573.6,420.0,2109.942857142857,-0.8888594866366764,0,0.0,30.5,17.6,65.0,24.05,4.4,-3.3857142857142852,0,0,1,2320.0,0,0,0,0,130.0,4.875197323201151,2450.0,2370.0,2500.0,130.0,4.875197323201151,0.0,0.0,0.0,2450.0,2450.0,2450.0,2450.0,2370.0,2370.0,2500.0,2500.0,130.0,130.0,0.0,4.875197323201151,0.0,0.0,0.0,0.0,2450.0,2450.0,2450.0,0.0,0.0,0.0,0.9999999959183673,0.9999999959183673,0.9999999959183673,2450.0,2450.0,0.0,1,0,False,False,False,False,False,False,False,True,False,False,False,False,False,False,False,False,True,False
2025-12-11,Andhra Pradesh,East Godavari,Jaggampet,Paddy(Common),,,2369.0,2379.0,2379.0,2377.0,3,12,50,5516.5,2573.6,2062.528571428571,5.1276190476190475,0,0.0,30.5,17.4,65.0,23.95,0.0,-7.785714285714286,0,0,1,2320.0,0,0,0,0,10.0,2.3978952727983707,2377.0,2369.0,2379.0,10.0,2.3978952727983707,0.0,0.0,0.0,2377.0,2377.0,2377.0,2377.0,2369.0,2369.0,2379.0,2379.0,10.0,10.0,0.0,2.3978952727983707,0.0,0.0,0.0,0.0,2377.0,2377.0,2377.0,0.0,0.0,0.0,0.9999999957930163,0.9999999957930163,0.9999999957930163,2377.0,2377.0,0.0,1,0,True,False,False,False,False,False,False,False,False,False,False,True,False,False,False,False,False,False
2025-12-11,Andhra Pradesh,Alluri Sitharama Raju,Rampachodvaram,Paddy(Common),1001,Grade Range-2,2370.0,2370.0,2370.0,2370.0,3,12,50,5516.5,2573.6,2062.528571428571,5.1276190476190475,0,0.0,30.5,17.4,65.0,23.95,0.0,-7.785714285714286,0,0,1,2320.0,0,0,0,0,0.0,0.0,2370.0,2370.0,2370.0,0.0,0.0,0.0,0.0,0.0,2370.0,2370.0,2370.0,2370.0,2370.0,2370.0,2370.0,2370.0,0.0,0.0,0.0,0.0,0.0,0.0,0.0,0.0,2370.0,2370.0,2369.655172413793,0.0,0.0,1.856953381770501,0.9999999957805906,0.9999999957805906,1.0001455138236002,2370.0,2369.655172413793,0.34482758620697496,1,0,False,False,False,False,False,False,True,False,False,True,False,False,False,False,False,False,False,False
2025-12-11,Andhra Pradesh,Nellore,Rapur,Paddy(Common),,,2370.0,2500.0,2460.0,2450.0,3,12,50,5516.5,2573.6,2062.528571428571,5.1276190476190475,0,0.0,30.5,17.4,65.0,23.95,0.0,-7.785714285714286,0,0,1,2320.0,0,0,0,0,130.0,4.875197323201151,2450.0,2370.0,2500.0,130.0,4.875197323201151,0.0,0.0,0.0,2450.0,2450.0,2450.0,2450.0,2370.0,2370.0,2500.0,2500.0,130.0,130.0,0.0,4.875197323201151,0.0,0.0,0.0,0.0,2450.0,2450.0,2450.0,0.0,0.0,0.0,0.9999999959183673,0.9999999959183673,0.9999999959183673,2450.0,2450.0,0.0,1,0,False,False,False,False,False,False,False,True,False,False,False,False,False,False,False,False,True,False
2025-12-12,Andhra Pradesh,East Godavari,Jaggampet,Paddy(Common),,,2369.0,2379.0,2379.0,2377.0,4,12,50,3275.4,5516.5,2464.8142857142852,1.1434954926950578,0,0.0,30.4,17.1,61.0,23.75,0.0,-7.785714285714286,0,0,1,2320.0,0,0,0,0,10.0,2.3978952727983707,2377.0,2369.0,2379.0,10.0,2.3978952727983707,0.0,0.0,0.0,2377.0,2377.0,2377.0,2377.0,2369.0,2369.0,2379.0,2379.0,10.0,10.0,0.0,2.3978952727983707,0.0,0.0,0.0,0.0,2377.0,2377.0,2377.0,0.0,0.0,0.0,0.9999999957930163,0.9999999957930163,0.9999999957930163,2377.0,2377.0,0.0,1,0,True,False,False,False,False,False,False,False,False,False,False,True,False,False,False,False,False,False
2025-12-12,Andhra Pradesh,Alluri Sitharama Raju,Rampachodvaram,Paddy(Common),,,2370.0,2370.0,2370.0,2370.0,4,12,50,3275.4,5516.5,2464.8142857142852,1.1434954926950578,0,0.0,30.4,17.1,61.0,23.75,0.0,-7.785714285714286,0,0,1,2320.0,0,0,0,0,0.0,0.0,2370.0,2370.0,2370.0,0.0,0.0,0.0,0.0,0.0,2370.0,2370.0,2370.0,2370.0,2370.0,2370.0,2370.0,2370.0,0.0,0.0,0.0,0.0,0.0,0.0,0.0,0.0,2370.0,2370.0,2369.6666666666665,0.0,0.0,1.8257418583505372,0.9999999957805906,0.9999999957805906,1.0001406625398481,2370.0,2369.6666666666665,0.3333333333334849,1,0,False,False,False,False,False,False,True,False,False,True,False,False,False,False,False,False,False,False
2025-12-12,Andhra Pradesh,Nellore,Rapur,Paddy(Common),,,2370.0,2500.0,2460.0,2450.0,4,12,50,3275.4,5516.5,2464.8142857142852,1.1434954926950578,0,0.0,30.4,17.1,61.0,23.75,0.0,-7.785714285714286,0,0,1,2320.0,0,0,0,0,130.0,4.875197323201151,2450.0,2370.0,2500.0,130.0,4.875197323201151,0.0,0.0,0.0,2450.0,2450.0,2450.0,2450.0,2370.0,2370.0,2500.0,2500.0,130.0,130.0,0.0,4.875197323201151,0.0,0.0,0.0,0.0,2450.0,2450.0,2450.0,0.0,0.0,0.0,0.9999999959183673,0.9999999959183673,0.9999999959183673,2450.0,2450.0,0.0,1,0,False,False,False,False,False,False,False,True,False,False,False,False,False,False,False,False,True,False
2025-12-13,Andhra Pradesh,East Godavari,Jaggampet,Paddy(Common),,,2369.0,2379.0,2379.0,2377.0,5,12,50,0.0,3275.4,2800.0142857142855,-0.4062539653765974,1,0.0,30.7,16.8,63.0,23.75,0.0,-7.785714285714286,0,0,1,2320.0,0,0,0,0,10.0,2.3978952727983707,2377.0,2369.0,2379.0,10.0,2.3978952727983707,0.0,0.0,0.0,2377.0,2377.0,2377.0,2377.0,2369.0,2369.0,2379.0,2379.0,10.0,10.0,0.0,2.3978952727983707,0.0,0.0,0.0,0.0,2377.0,2377.0,2377.0,0.0,0.0,0.0,0.9999999957930163,0.9999999957930163,0.9999999957930163,2377.0,2377.0,0.0,1,0,True,False,False,False,False,False,False,False,False,False,False,True,False,False,False,False,False,False
2025-12-13,Andhra Pradesh,Alluri Sitharama Raju,Rampachodvaram,Paddy(Common),,,2370.0,2370.0,2370.0,2370.0,5,12,50,0.0,3275.4,2800.0142857142855,-0.4062539653765974,1,0.0,30.7,16.8,63.0,23.75,0.0,-7.785714285714286,0,0,1,2320.0,0,0,0,0,0.0,0.0,2370.0,2370.0,2370.0,0.0,0.0,0.0,0.0,0.0,2370.0,2370.0,2370.0,2370.0,2370.0,2370.0,2370.0,2370.0,0.0,0.0,0.0,0.0,0.0,0.0,0.0,0.0,2370.0,2370.0,2370.0,0.0,0.0,0.0,0.9999999957805906,0.9999999957805906,0.9999999957805906,2370.0,2370.0,0.0,1,0,False,False,False,False,False,False,True,False,False,True,False,False,False,False,False,False,False,False
2025-12-13,Andhra Pradesh,Nellore,Rapur,Paddy(Common),,,2370.0,2500.0,2460.0,2450.0,5,12,50,0.0,3275.4,2800.0142857142855,-0.4062539653765974,1,0.0,30.7,16.8,63.0,23.75,0.0,-7.785714285714286,0,0,1,2320.0,0,0,0,0,130.0,4.875197323201151,2450.0,2370.0,2500.0,130.0,4.875197323201151,0.0,0.0,0.0,2450.0,2450.0,2450.0,2450.0,2370.0,2370.0,2500.0,2500.0,130.0,130.0,0.0,4.875197323201151,0.0,0.0,0.0,0.0,2450.0,2450.0,2450.0,0.0,0.0,0.0,0.9999999959183673,0.9999999959183673,0.9999999959183673,2450.0,2450.0,0.0,1,0,False,False,False,False,False,False,False,True,False,False,False,False,False,False,False,False,True,False
2025-12-14,Andhra Pradesh,East Godavari,Jaggampet,Paddy(Common),,,2369.0,2379.0,2379.0,2377.0,6,12,50,0.0,0.0,2223.5,-1.0,1,0.0,30.7,18.2,67.0,24.45,0.0,-7.785714285714286,0,0,1,2320.0,0,0,0,0,10.0,2.3978952727983707,2377.0,2369.0,2379.0,10.0,2.3978952727983707,0.0,0.0,0.0,2377.0,2377.0,2377.0,2377.0,2369.0,2369.0,2379.0,2379.0,10.0,10.0,0.0,2.3978952727983707,0.0,0.0,0.0,0.0,2377.0,2377.0,2377.0,0.0,0.0,0.0,0.9999999957930163,0.9999999957930163,0.9999999957930163,2377.0,2377.0,0.0,1,0,True,False,False,False,False,False,False,False,False,False,False,True,False,False,False,False,False,False
2025-12-14,Andhra Pradesh,Alluri Sitharama Raju,Rampachodvaram,Paddy(Common),,,2370.0,2370.0,2370.0,2370.0,6,12,50,0.0,0.0,2223.5,-1.0,1,0.0,30.7,18.2,67.0,24.45,0.0,-7.785714285714286,0,0,1,2320.0,0,0,0,0,0.0,0.0,2370.0,2370.0,2370.0,0.0,0.0,0.0,0.0,0.0,2370.0,2370.0,2370.0,2370.0,2370.0,2370.0,2370.0,2370.0,0.0,0.0,0.0,0.0,0.0,0.0,0.0,0.0,2370.0,2370.0,2370.0,0.0,0.0,0.0,0.9999999957805906,0.9999999957805906,0.9999999957805906,2370.0,2370.0,0.0,1,0,False,False,False,False,False,False,True,False,False,True,False,False,False,False,False,False,False,False
2025-12-14,Andhra Pradesh,Nellore,Rapur,Paddy(Common),,,2370.0,2500.0,2460.0,2450.0,6,12,50,0.0,0.0,2223.5,-1.0,1,0.0,30.7,18.2,67.0,24.45,0.0,-7.785714285714286,0,0,1,2320.0,0,0,0,0,130.0,4.875197323201151,2434.0,2370.0,2480.0,110.0,4.709530201312334,-0.006530612218242399,0.0,-0.007999999968,2450.0,2450.0,2450.0,2450.0,2370.0,2370.0,2500.0,2500.0,130.0,130.0,0.0,4.875197323201151,0.0,0.0,0.0,0.0,2450.0,2450.0,2450.0,0.0,0.0,0.0,0.9999999959183673,0.9999999959183673,0.9999999959183673,2450.0,2450.0,0.0,1,0,False,False,False,False,False,False,False,True,False,False,False,False,False,False,False,False,True,False
2025-12-15,Andhra Pradesh,East Godavari,Jaggampet,Paddy(Common),,,2369.0,2379.0,2379.0,2377.0,0,12,51,12.5,0.0,2223.5,0.0,0,0.0,30.6,18.6,68.0,24.6,0.0,0.0,0,0,1,2320.0,0,0,0,0,10.0,2.3978952727983707,2377.0,2369.0,2379.0,10.0,2.3978952727983707,0.0,0.0,0.0,2377.0,2377.0,2377.0,2377.0,2369.0,2369.0,2379.0,2379.0,10.0,10.0,0.0,2.3978952727983707,0.0,0.0,0.0,0.0,2377.0,2377.0,2377.0,0.0,0.0,0.0,0.9999999957930163,0.9999999957930163,0.9999999957930163,2377.0,2377.0,0.0,1,0,True,False,False,False,False,False,False,False,False,False,False,True,False,False,False,False,False,False
2025-12-15,Andhra Pradesh,Alluri Sitharama Raju,Rampachodvaram,Paddy(Common),,,2370.0,2370.0,2370.0,2370.0,0,12,51,12.5,0.0,2223.5,0.0,0,0.0,30.6,18.6,68.0,24.6,0.0,0.0,0,0,1,2320.0,0,0,0,0,0.0,0.0,2370.0,2370.0,2370.0,0.0,0.0,0.0,0.0,0.0,2370.0,2370.0,2370.0,2370.0,2370.0,2370.0,2370.0,2370.0,0.0,0.0,0.0,0.0,0.0,0.0,0.0,0.0,2370.0,2370.0,2370.0,0.0,0.0,0.0,0.9999999957805906,0.9999999957805906,0.9999999957805906,2370.0,2370.0,0.0,1,0,False,False,False,False,False,False,True,False,False,True,False,False,False,False,False,False,False,False
2025-12-15,Andhra Pradesh,Nellore,Rapur,Paddy(Common),Common,Non-FAQ,2370.0,2480.0,2440.0,2434.0,0,12,51,12.5,0.0,2223.5,0.0,0,0.0,30.6,18.6,68.0,24.6,0.0,0.0,0,0,1,2320.0,0,0,0,0,110.0,4.709530201312334,2434.0,2370.0,2480.0,110.0,4.709530201312334,0.0,0.0,0.0,2450.0,2450.0,2450.0,2450.0,2370.0,2370.0,2500.0,2500.0,130.0,130.0,0.0,4.875197323201151,-0.006530612218242399,-0.006530612218242399,-0.006530612218242399,-0.006530612218242399,2450.0,2450.0,2450.0,0.0,0.0,0.0,0.9934693837001248,0.9934693837001248,0.9934693837001248,2450.0,2450.0,0.0,1,0,False,False,False,False,False,False,False,True,False,False,False,False,False,False,False,False,True,False
2025-12-16,Andhra Pradesh,East Godavari,Jaggampet,Paddy(Common),Common,FAQ,2369.0,2379.0,2379.0,2377.0,1,12,51,716.9,12.5,1685.4285714285713,0.0,0,0.0,31.0,18.7,69.0,24.85,0.0,0.0,0,0,1,2320.0,0,0,0,0,10.0,2.3978952727983707,2377.0,2369.0,2379.0,10.0,2.3978952727983707,0.0,0.0,0.0,2377.0,2377.0,2377.0,2377.0,2369.0,2369.0,2379.0,2379.0,10.0,10.0,0.0,2.3978952727983707,0.0,0.0,0.0,0.0,2377.0,2377.0,2377.0,0.0,0.0,0.0,0.9999999957930163,0.9999999957930163,0.9999999957930163,2377.0,2377.0,0.0,1,0,True,False,False,False,False,False,False,False,False,False,False,True,False,False,False,False,False,False
2025-12-16,Andhra Pradesh,Alluri Sitharama Raju,Rampachodvaram,Paddy(Common),1001,Grade Range-2,2370.0,2370.0,2370.0,2370.0,1,12,51,716.9,12.5,1685.4285714285713,0.0,0,0.0,31.0,18.7,69.0,24.85,0.0,0.0,0,0,1,2320.0,0,0,0,0,0.0,0.0,2370.0,2370.0,2370.0,0.0,0.0,0.0,0.0,0.0,2370.0,2370.0,2370.0,2370.0,2370.0,2370.0,2370.0,2370.0,0.0,0.0,0.0,0.0,0.0,0.0,0.0,0.0,2370.0,2370.0,2370.0,0.0,0.0,0.0,0.9999999957805906,0.9999999957805906,0.9999999957805906,2370.0,2370.0,0.0,1,0,False,False,False,False,False,False,True,False,False,True,False,False,False,False,False,False,False,False
2025-12-16,Andhra Pradesh,Nellore,Rapur,Paddy(Common),,,2370.0,2480.0,2440.0,2434.0,1,12,51,716.9,12.5,1685.4285714285713,0.0,0,0.0,31.0,18.7,69.0,24.85,0.0,0.0,0,0,1,2320.0,0,0,0,0,110.0,4.709530201312334,2434.0,2370.0,2480.0,110.0,4.709530201312334,0.0,0.0,0.0,2434.0,2450.0,2450.0,2450.0,2370.0,2370.0,2480.0,2497.1428571428573,110.0,127.14285714285714,7.5592894601845435,4.709530201312334,0.0,-0.006530612218242399,-0.006530612218242399,-0.006530612218242399,2447.714285714286,2448.8571428571427,2449.4666666666667,6.04743156814765,4.276179870598762,2.921186973360889,0.9943971011084511,0.9939330259260698,0.993685696231755,2447.714285714286,2449.4666666666667,-0.6095238095240347,1,0,False,False,False,False,False,False,False,True,False,False,False,False,False,False,False,False,True,False
2025-12-17,Andhra Pradesh,East Godavari,Jaggampet,Paddy(Common),,,2369.0,2379.0,2379.0,2377.0,2,12,51,157.5,716.9,1727.8428571428572,56.352,0,0.0,31.3,18.1,74.0,24.700000000000003,0.0,0.0,0,0,1,2320.0,0,0,0,0,10.0,2.3978952727983707,2377.0,2369.0,2379.0,10.0,2.3978952727983707,0.0,0.0,0.0,2377.0,2377.0,2377.0,2377.0,2369.0,2369.0,2379.0,2379.0,10.0,10.0,0.0,2.3978952727983707,0.0,0.0,0.0,0.0,2377.0,2377.0,2377.0,0.0,0.0,0.0,0.9999999957930163,0.9999999957930163,0.9999999957930163,2377.0,2377.0,0.0,1,0,True,False,False,False,False,False,False,False,False,False,False,True,False,False,False,False,False,False
2025-12-17,Andhra Pradesh,Alluri Sitharama Raju,Rampachodvaram,Paddy(Common),1001,Grade Range-2,2370.0,2370.0,2370.0,2370.0,2,12,51,157.5,716.9,1727.8428571428572,56.352,0,0.0,31.3,18.1,74.0,24.700000000000003,0.0,0.0,0,0,1,2320.0,0,0,0,0,0.0,0.0,2370.0,2370.0,2370.0,0.0,0.0,0.0,0.0,0.0,2370.0,2370.0,2370.0,2370.0,2370.0,2370.0,2370.0,2370.0,0.0,0.0,0.0,0.0,0.0,0.0,0.0,0.0,2370.0,2370.0,2370.0,0.0,0.0,0.0,0.9999999957805906,0.9999999957805906,0.9999999957805906,2370.0,2370.0,0.0,1,0,False,False,False,False,False,False,True,False,False,True,False,False,False,False,False,False,False,False
2025-12-17,Andhra Pradesh,Nellore,Rapur,Paddy(Common),,,2370.0,2480.0,2440.0,2434.0,2,12,51,157.5,716.9,1727.8428571428572,56.352,0,0.0,31.3,18.1,74.0,24.700000000000003,0.0,0.0,0,0,1,2320.0,0,0,0,0,110.0,4.709530201312334,2434.0,2370.0,2480.0,110.0,4.709530201312334,0.0,0.0,0.0,2434.0,2450.0,2450.0,2450.0,2370.0,2370.0,2480.0,2494.285714285714,110.0,124.28571428571429,9.759000729485328,4.709530201312334,0.0,-0.006530612218242399,-0.006530612218242399,-0.006530612218242399,2445.4285714285716,2447.714285714286,2448.9333333333334,7.80720058358832,5.810184313620415,4.059330107239397,0.9953265527706004,0.9943971011084511,0.9939021029812893,2445.4285714285716,2448.9333333333334,-1.2190476190476147,1,0,False,False,False,False,False,False,False,True,False,False,False,False,False,False,False,False,True,False
2025-12-18,Andhra Pradesh,East Godavari,Jaggampet,Paddy(Common),,,2369.0,2379.0,2379.0,2377.0,3,12,51,3.0,157.5,1382.685714285714,-0.7803040870414284,1,0.0,31.0,17.7,72.0,24.35,0.0,0.0,0,0,1,2320.0,0,0,0,0,10.0,2.3978952727983707,2377.0,2369.0,2379.0,10.0,2.3978952727983707,0.0,0.0,0.0,2377.0,2377.0,2377.0,2377.0,2369.0,2369.0,2379.0,2379.0,10.0,10.0,0.0,2.3978952727983707,0.0,0.0,0.0,0.0,2377.0,2377.0,2377.0,0.0,0.0,0.0,0.9999999957930163,0.9999999957930163,0.9999999957930163,2377.0,2377.0,0.0,1,0,True,False,False,False,False,False,False,False,False,False,False,True,False,False,False,False,False,False
2025-12-18,Andhra Pradesh,Alluri Sitharama Raju,Rampachodvaram,Paddy(Common),1001,Grade Range-2,2370.0,2370.0,2370.0,2370.0,3,12,51,3.0,157.5,1382.685714285714,-0.7803040870414284,1,0.0,31.0,17.7,72.0,24.35,0.0,0.0,0,0,1,2320.0,0,0,0,0,0.0,0.0,2370.0,2370.0,2370.0,0.0,0.0,0.0,0.0,0.0,2370.0,2370.0,2370.0,2370.0,2370.0,2370.0,2370.0,2370.0,0.0,0.0,0.0,0.0,0.0,0.0,0.0,0.0,2370.0,2370.0,2370.0,0.0,0.0,0.0,0.9999999957805906,0.9999999957805906,0.9999999957805906,2370.0,2370.0,0.0,1,0,False,False,False,False,False,False,True,False,False,True,False,False,False,False,False,False,False,False
2025-12-18,Andhra Pradesh,Nellore,Rapur,Paddy(Common),,,2370.0,2480.0,2440.0,2434.0,3,12,51,3.0,157.5,1382.685714285714,-0.7803040870414284,1,0.0,31.0,17.7,72.0,24.35,0.0,0.0,0,0,1,2320.0,0,0,0,0,110.0,4.709530201312334,2434.0,2370.0,2480.0,110.0,4.709530201312334,0.0,0.0,0.0,2434.0,2434.0,2450.0,2450.0,2370.0,2370.0,2480.0,2491.4285714285716,110.0,121.42857142857143,10.69044967649697,4.709530201312334,0.0,0.0,-0.006530612218242399,-0.006530612218242399,2443.1428571428573,2446.5714285714284,2448.4,8.552359741197698,6.813045018020949,4.882057226069849,0.9962577435540846,0.9948616098540048,0.9941186040102981,2443.1428571428573,2448.4,-1.8285714285716494,1,0,False,False,False,False,False,False,False,True,False,False,False,False,False,False,False,False,True,False
2025-12-19,Andhra Pradesh,East Godavari,Jaggampet,Paddy(Common),,,2369.0,2379.0,2379.0,2377.0,4,12,51,3.0,3.0,595.0428571428571,-0.9809523809523809,1,0.0,29.4,18.1,70.0,23.75,0.0,0.0,0,0,1,2320.0,0,0,0,0,10.0,2.3978952727983707,2377.0,2369.0,2379.0,10.0,2.3978952727983707,0.0,0.0,0.0,2377.0,2377.0,2377.0,2377.0,2369.0,2369.0,2379.0,2379.0,10.0,10.0,0.0,2.3978952727983707,0.0,0.0,0.0,0.0,2377.0,2377.0,2377.0,0.0,0.0,0.0,0.9999999957930163,0.9999999957930163,0.9999999957930163,2377.0,2377.0,0.0,1,0,True,False,False,False,False,False,False,False,False,False,False,True,False,False,False,False,False,False
2025-12-19,Andhra Pradesh,Alluri Sitharama Raju,Rampachodvaram,Paddy(Common),1001,Grade Range-2,2370.0,2370.0,2370.0,2370.0,4,12,51,3.0,3.0,595.0428571428571,-0.9809523809523809,1,0.0,29.4,18.1,70.0,23.75,0.0,0.0,0,0,1,2320.0,0,0,0,0,0.0,0.0,2370.0,2370.0,2370.0,0.0,0.0,0.0,0.0,0.0,2370.0,2370.0,2370.0,2370.0,2370.0,2370.0,2370.0,2370.0,0.0,0.0,0.0,0.0,0.0,0.0,0.0,0.0,2370.0,2370.0,2370.0,0.0,0.0,0.0,0.9999999957805906,0.9999999957805906,0.9999999957805906,2370.0,2370.0,0.0,1,0,False,False,False,False,False,False,True,False,False,True,False,False,False,False,False,False,False,False
2025-12-19,Andhra Pradesh,Nellore,Rapur,Paddy(Common),,,2370.0,2480.0,2440.0,2434.0,4,12,51,3.0,3.0,595.0428571428571,-0.9809523809523809,1,0.0,29.4,18.1,70.0,23.75,0.0,0.0,0,0,1,2320.0,0,0,0,0,110.0,4.709530201312334,2434.0,2370.0,2480.0,110.0,4.709530201312334,0.0,0.0,0.0,2434.0,2434.0,2450.0,2450.0,2370.0,2370.0,2480.0,2488.5714285714284,110.0,118.57142857142857,10.69044967649697,4.709530201312334,0.0,0.0,-0.006530612218242399,-0.006530612218242399,2440.8571428571427,2445.4285714285716,2447.866666666667,8.552359741197698,7.500915695015646,5.531934458268189,0.9971906783446478,0.9953265527706004,0.9943351993804052,2440.8571428571427,2447.866666666667,-2.4380952380952294,1,0,False,False,False,False,False,False,False,True,False,False,False,False,False,False,False,False,True,False
2025-12-20,Andhra Pradesh,East Godavari,Jaggampet,Paddy(Common),,,2369.0,2379.0,2379.0,2377.0,5,12,51,2.5,3.0,127.55714285714272,0.0,1,0.0,30.0,18.4,69.0,24.2,0.0,0.0,0,0,1,2320.0,0,0,0,0,10.0,2.3978952727983707,2377.0,2369.0,2379.0,10.0,2.3978952727983707,0.0,0.0,0.0,2377.0,2377.0,2377.0,2377.0,2369.0,2369.0,2379.0,2379.0,10.0,10.0,0.0,2.3978952727983707,0.0,0.0,0.0,0.0,2377.0,2377.0,2377.0,0.0,0.0,0.0,0.9999999957930163,0.9999999957930163,0.9999999957930163,2377.0,2377.0,0.0,1,0,True,False,False,False,False,False,False,False,False,False,False,True,False,False,False,False,False,False
2025-12-20,Andhra Pradesh,Alluri Sitharama Raju,Rampachodvaram,Paddy(Common),1001,Grade Range-2,2370.0,2370.0,2370.0,2370.0,5,12,51,2.5,3.0,127.55714285714272,0.0,1,0.0,30.0,18.4,69.0,24.2,0.0,0.0,0,0,1,2320.0,0,0,0,0,0.0,0.0,2370.0,2370.0,2370.0,0.0,0.0,0.0,0.0,0.0,2370.0,2370.0,2370.0,2370.0,2370.0,2370.0,2370.0,2370.0,0.0,0.0,0.0,0.0,0.0,0.0,0.0,0.0,2370.0,2370.0,2370.0,0.0,0.0,0.0,0.9999999957805906,0.9999999957805906,0.9999999957805906,2370.0,2370.0,0.0,1,0,False,False,False,False,False,False,True,False,False,True,False,False,False,False,False,False,False,False
2025-12-20,Andhra Pradesh,Nellore,Rapur,Paddy(Common),,,2370.0,2480.0,2440.0,2434.0,5,12,51,2.5,3.0,127.55714285714272,0.0,1,0.0,30.0,18.4,69.0,24.2,0.0,0.0,0,0,1,2320.0,0,0,0,0,110.0,4.709530201312334,2434.0,2370.0,2480.0,110.0,4.709530201312334,0.0,0.0,0.0,2434.0,2434.0,2450.0,2450.0,2370.0,2370.0,2480.0,2485.714285714286,110.0,115.71428571428571,9.759000729485324,4.709530201312334,0.0,0.0,-0.006530612218242399,-0.006530612218242399,2438.5714285714284,2444.285714285714,2447.3333333333335,7.807200583588319,7.955922529581192,6.064784348631252,0.9981253620463517,0.9957919304672451,0.9945518891532883,2438.5714285714284,2447.3333333333335,-3.047619047619264,1,0,False,False,False,False,False,False,False,True,False,False,False,False,False,False,False,False,True,False
2025-12-21,Andhra Pradesh,East Godavari,Jaggampet,Paddy(Common),,,2369.0,2379.0,2379.0,2377.0,6,12,51,0.0,2.5,127.91428571428558,-0.16666666666666663,1,0.0,30.5,18.0,64.0,24.25,0.0,0.0,0,0,1,2320.0,0,0,0,0,10.0,2.3978952727983707,2377.0,2369.0,2379.0,10.0,2.3978952727983707,0.0,0.0,0.0,2377.0,2377.0,2377.0,2377.0,2369.0,2369.0,2379.0,2379.0,10.0,10.0,0.0,2.3978952727983707,0.0,0.0,0.0,0.0,2377.0,2377.0,2377.0,0.0,0.0,0.0,0.9999999957930163,0.9999999957930163,0.9999999957930163,2377.0,2377.0,0.0,1,0,True,False,False,False,False,False,False,False,False,False,False,True,False,False,False,False,False,False
2025-12-21,Andhra Pradesh,Alluri Sitharama Raju,Rampachodvaram,Paddy(Common),,,2370.0,2370.0,2370.0,2370.0,6,12,51,0.0,2.5,127.91428571428558,-0.16666666666666663,1,0.0,30.5,18.0,64.0,24.25,0.0,0.0,0,0,1,2320.0,0,0,0,0,0.0,0.0,2370.0,2370.0,2370.0,0.0,0.0,0.0,0.0,0.0,2370.0,2370.0,2370.0,2370.0,2370.0,2370.0,2370.0,2370.0,0.0,0.0,0.0,0.0,0.0,0.0,0.0,0.0,2370.0,2370.0,2370.0,0.0,0.0,0.0,0.9999999957805906,0.9999999957805906,0.9999999957805906,2370.0,2370.0,0.0,1,0,False,False,False,False,False,False,True,False,False,True,False,False,False,False,False,False,False,False
2025-12-21,Andhra Pradesh,Nellore,Rapur,Paddy(Common),,,2370.0,2480.0,2440.0,2434.0,6,12,51,0.0,2.5,127.91428571428558,-0.16666666666666663,1,0.0,30.5,18.0,64.0,24.25,0.0,0.0,0,0,1,2320.0,0,0,0,0,110.0,4.709530201312334,2434.0,2370.0,2480.0,110.0,4.709530201312334,0.0,0.0,0.0,2434.0,2434.0,2450.0,2450.0,2370.0,2370.0,2480.0,2482.8571428571427,110.0,112.85714285714286,7.559289460184532,4.709530201312334,0.0,0.0,-0.006530612218242399,-0.006530612218242399,2436.285714285714,2443.1428571428573,2446.8,6.047431568147649,8.21684145620912,6.509409634759821,0.9990617995816625,0.9962577435540846,0.9947686733906788,2436.285714285714,2446.8,-3.657142857142844,1,0,False,False,False,False,False,False,False,True,False,False,False,False,False,False,False,False,True,False
2025-12-22,Andhra Pradesh,East Godavari,Jaggampet,Paddy(Common),,,2369.0,2379.0,2379.0,2377.0,0,12,52,3.0,0.0,127.91428571428558,-1.0,1,0.0,30.4,18.9,67.0,24.65,0.0,0.0,0,0,1,2320.0,0,0,0,0,10.0,2.3978952727983707,2377.0,2369.0,2379.0,10.0,2.3978952727983707,0.0,0.0,0.0,2377.0,2377.0,2377.0,2377.0,2369.0,2369.0,2379.0,2379.0,10.0,10.0,0.0,2.3978952727983707,0.0,0.0,0.0,0.0,2377.0,2377.0,2377.0,0.0,0.0,0.0,0.9999999957930163,0.9999999957930163,0.9999999957930163,2377.0,2377.0,0.0,1,0,True,False,False,False,False,False,False,False,False,False,False,True,False,False,False,False,False,False
2025-12-22,Andhra Pradesh,Alluri Sitharama Raju,Rampachodvaram,Paddy(Common),1001,Grade Range-2,2370.0,2370.0,2370.0,2370.0,0,12,52,3.0,0.0,127.91428571428558,-1.0,1,0.0,30.4,18.9,67.0,24.65,0.0,0.0,0,0,1,2320.0,0,0,0,0,0.0,0.0,2370.0,2370.0,2370.0,0.0,0.0,0.0,0.0,0.0,2370.0,2370.0,2370.0,2370.0,2370.0,2370.0,2370.0,2370.0,0.0,0.0,0.0,0.0,0.0,0.0,0.0,0.0,2370.0,2370.0,2370.0,0.0,0.0,0.0,0.9999999957805906,0.9999999957805906,0.9999999957805906,2370.0,2370.0,0.0,1,0,False,False,False,False,False,False,True,False,False,True,False,False,False,False,False,False,False,False
2025-12-22,Andhra Pradesh,Nellore,Rapur,Paddy(Common),,,2370.0,2480.0,2440.0,2434.0,0,12,52,3.0,0.0,127.91428571428558,-1.0,1,0.0,30.4,18.9,67.0,24.65,0.0,0.0,0,0,1,2320.0,0,0,0,0,110.0,4.709530201312334,2434.0,2370.0,2480.0,110.0,4.709530201312334,0.0,0.0,0.0,2434.0,2434.0,2434.0,2450.0,2370.0,2370.0,2480.0,2480.0,110.0,110.0,0.0,4.709530201312334,0.0,0.0,0.0,-0.006530612218242399,2434.0,2442.0,2446.266666666667,0.0,8.301992346603882,6.882929074433275,0.9999999958915365,0.9967239926424079,0.994985552154362,2434.0,2446.266666666667,-4.266666666666879,1,0,False,False,False,False,False,False,False,True,False,False,False,False,False,False,False,False,True,False
2025-12-23,Andhra Pradesh,East Godavari,Jaggampet,Paddy(Common),,,2369.0,2379.0,2379.0,2377.0,1,12,52,9.0,3.0,126.55714285714272,0.0,1,0.0,29.8,18.2,68.0,24.0,0.0,0.0,0,0,1,2320.0,0,0,0,0,10.0,2.3978952727983707,2377.0,2369.0,2379.0,10.0,2.3978952727983707,0.0,0.0,0.0,2377.0,2377.0,2377.0,2377.0,2369.0,2369.0,2379.0,2379.0,10.0,10.0,0.0,2.3978952727983707,0.0,0.0,0.0,0.0,2377.0,2377.0,2377.0,0.0,0.0,0.0,0.9999999957930163,0.9999999957930163,0.9999999957930163,2377.0,2377.0,0.0,1,0,True,False,False,False,False,False,False,False,False,False,False,True,False,False,False,False,False,False
2025-12-23,Andhra Pradesh,Alluri Sitharama Raju,Rampachodvaram,Paddy(Common),1001,Grade Range-2,2370.0,2370.0,2370.0,2370.0,1,12,52,9.0,3.0,126.55714285714272,0.0,1,0.0,29.8,18.2,68.0,24.0,0.0,0.0,0,0,1,2320.0,0,0,0,0,0.0,0.0,2370.0,2370.0,2370.0,0.0,0.0,0.0,0.0,0.0,2370.0,2370.0,2370.0,2370.0,2370.0,2370.0,2370.0,2370.0,0.0,0.0,0.0,0.0,0.0,0.0,0.0,0.0,2370.0,2370.0,2370.0,0.0,0.0,0.0,0.9999999957805906,0.9999999957805906,0.9999999957805906,2370.0,2370.0,0.0,1,0,False,False,False,False,False,False,True,False,False,True,False,False,False,False,False,False,False,False
2025-12-23,Andhra Pradesh,Nellore,Rapur,Paddy(Common),,,2370.0,2480.0,2440.0,2434.0,1,12,52,9.0,3.0,126.55714285714272,0.0,1,0.0,29.8,18.2,68.0,24.0,0.0,0.0,0,0,1,2320.0,0,0,0,0,110.0,4.709530201312334,2434.0,2370.0,2480.0,110.0,4.709530201312334,0.0,0.0,0.0,2434.0,2434.0,2434.0,2450.0,2370.0,2370.0,2480.0,2480.0,110.0,110.0,0.0,4.709530201312334,0.0,0.0,0.0,-0.006530612218242399,2434.0,2440.8571428571427,2445.733333333333,0.0,8.21684145620899,7.196423121740919,0.9999999958915365,0.9971906783446478,0.9952025255061773,2434.0,2445.733333333333,-4.876190476190459,1,0,False,False,False,False,False,False,False,True,False,False,False,False,False,False,False,False,True,False
2025-12-24,Andhra Pradesh,East Godavari,Jaggampet,Paddy(Common),,,2369.0,2379.0,2379.0,2377.0,2,12,52,3.5,9.0,25.4285714285713,2.0,1,0.0,30.1,18.4,67.0,24.25,0.0,0.0,0,0,1,2320.0,0,0,0,0,10.0,2.3978952727983707,2377.0,2369.0,2379.0,10.0,2.3978952727983707,0.0,0.0,0.0,2377.0,2377.0,2377.0,2377.0,2369.0,2369.0,2379.0,2379.0,10.0,10.0,0.0,2.3978952727983707,0.0,0.0,0.0,0.0,2377.0,2377.0,2377.0,0.0,0.0,0.0,0.9999999957930163,0.9999999957930163,0.9999999957930163,2377.0,2377.0,0.0,1,0,True,False,False,False,False,False,False,False,False,False,False,True,False,False,False,False,False,False
2025-12-24,Andhra Pradesh,Alluri Sitharama Raju,Rampachodvaram,Paddy(Common),1001,Grade Range-2,2370.0,2370.0,2370.0,2370.0,2,12,52,3.5,9.0,25.4285714285713,2.0,1,0.0,30.1,18.4,67.0,24.25,0.0,0.0,0,0,1,2320.0,0,0,0,0,0.0,0.0,2370.0,2370.0,2370.0,0.0,0.0,0.0,0.0,0.0,2370.0,2370.0,2370.0,2370.0,2370.0,2370.0,2370.0,2370.0,0.0,0.0,0.0,0.0,0.0,0.0,0.0,0.0,2370.0,2370.0,2370.0,0.0,0.0,0.0,0.9999999957805906,0.9999999957805906,0.9999999957805906,2370.0,2370.0,0.0,1,0,False,False,False,False,False,False,True,False,False,True,False,False,False,False,False,False,False,False
2025-12-24,Andhra Pradesh,Nellore,Rapur,Paddy(Common),,,2370.0,2480.0,2440.0,2434.0,2,12,52,3.5,9.0,25.4285714285713,2.0,1,0.0,30.1,18.4,67.0,24.25,0.0,0.0,0,0,1,2320.0,0,0,0,0,110.0,4.709530201312334,2434.0,2370.0,2480.0,110.0,4.709530201312334,0.0,0.0,0.0,2434.0,2434.0,2434.0,2450.0,2370.0,2370.0,2480.0,2480.0,110.0,110.0,0.0,4.709530201312334,0.0,0.0,0.0,-0.006530612218242399,2434.0,2439.714285714286,2445.2,0.0,7.955922529580876,7.457465595190467,0.9999999958915365,0.9976578012743853,0.9954195935080173,2434.0,2445.2,-5.485714285714039,1,0,False,False,False,False,False,False,False,True,False,False,False,False,False,False,False,False,True,False
2025-12-25,Andhra Pradesh,East Godavari,Jaggampet,Paddy(Common),,,2369.0,2379.0,2379.0,2377.0,3,12,52,0.0,3.5,3.4285714285712987,-0.6111111111111112,1,0.0,29.7,18.2,69.0,23.95,0.0,0.0,0,0,1,2320.0,0,0,0,0,10.0,2.3978952727983707,2377.0,2369.0,2379.0,10.0,2.3978952727983707,0.0,0.0,0.0,2377.0,2377.0,2377.0,2377.0,2369.0,2369.0,2379.0,2379.0,10.0,10.0,0.0,2.3978952727983707,0.0,0.0,0.0,0.0,2377.0,2377.0,2377.0,0.0,0.0,0.0,0.9999999957930163,0.9999999957930163,0.9999999957930163,2377.0,2377.0,0.0,1,0,True,False,False,False,False,False,False,False,False,False,False,True,False,False,False,False,False,False
2025-12-25,Andhra Pradesh,Alluri Sitharama Raju,Rampachodvaram,Paddy(Common),,,2370.0,2370.0,2370.0,2370.0,3,12,52,0.0,3.5,3.4285714285712987,-0.6111111111111112,1,0.0,29.7,18.2,69.0,23.95,0.0,0.0,0,0,1,2320.0,0,0,0,0,0.0,0.0,2370.0,2370.0,2370.0,0.0,0.0,0.0,0.0,0.0,2370.0,2370.0,2370.0,2370.0,2370.0,2370.0,2370.0,2370.0,0.0,0.0,0.0,0.0,0.0,0.0,0.0,0.0,2370.0,2370.0,2370.0,0.0,0.0,0.0,0.9999999957805906,0.9999999957805906,0.9999999957805906,2370.0,2370.0,0.0,1,0,False,False,False,False,False,False,True,False,False,True,False,False,False,False,False,False,False,False
2025-12-25,Andhra Pradesh,Nellore,Rapur,Paddy(Common),,,2370.0,2480.0,2440.0,2434.0,3,12,52,0.0,3.5,3.4285714285712987,-0.6111111111111112,1,0.0,29.7,18.2,69.0,23.95,0.0,0.0,0,0,1,2320.0,0,0,0,0,110.0,4.709530201312334,2434.0,2370.0,2480.0,110.0,4.709530201312334,0.0,0.0,0.0,2434.0,2434.0,2434.0,2450.0,2370.0,2370.0,2480.0,2480.0,110.0,110.0,0.0,4.709530201312334,0.0,0.0,0.0,-0.006530612218242399,2434.0,2438.5714285714284,2444.6666666666665,0.0,7.500915695015095,7.671412823766245,0.9999999958915365,0.9981253620463517,0.9956367562218295,2434.0,2444.6666666666665,-6.095238095238074,1,0,False,False,False,False,False,False,False,True,False,False,False,False,False,False,False,False,True,False
2025-12-26,Andhra Pradesh,East Godavari,Jaggampet,Paddy(Common),,,2369.0,2379.0,2379.0,2377.0,4,12,52,505.0,0.0,2.99999999999987,-1.0,0,0.0,29.5,18.0,70.0,23.75,0.0,0.0,0,0,1,2320.0,0,0,0,0,10.0,2.3978952727983707,2377.0,2369.0,2379.0,10.0,2.3978952727983707,0.0,0.0,0.0,2377.0,2377.0,2377.0,2377.0,2369.0,2369.0,2379.0,2379.0,10.0,10.0,0.0,2.3978952727983707,0.0,0.0,0.0,0.0,2377.0,2377.0,2377.0,0.0,0.0,0.0,0.9999999957930163,0.9999999957930163,0.9999999957930163,2377.0,2377.0,0.0,1,0,True,False,False,False,False,False,False,False,False,False,False,True,False,False,False,False,False,False
2025-12-26,Andhra Pradesh,Alluri Sitharama Raju,Rampachodvaram,Paddy(Common),1001,Grade Range-2,2370.0,2370.0,2370.0,2370.0,4,12,52,505.0,0.0,2.99999999999987,-1.0,0,0.0,29.5,18.0,70.0,23.75,0.0,0.0,0,0,1,2320.0,0,0,0,0,0.0,0.0,2370.0,2370.0,2370.0,0.0,0.0,0.0,0.0,0.0,2370.0,2370.0,2370.0,2370.0,2370.0,2370.0,2370.0,2370.0,0.0,0.0,0.0,0.0,0.0,0.0,0.0,0.0,2370.0,2370.0,2370.0,0.0,0.0,0.0,0.9999999957805906,0.9999999957805906,0.9999999957805906,2370.0,2370.0,0.0,1,0,False,False,False,False,False,False,True,False,False,True,False,False,False,False,False,False,False,False
2025-12-26,Andhra Pradesh,Nellore,Rapur,Paddy(Common),,,2370.0,2480.0,2440.0,2434.0,4,12,52,505.0,0.0,2.99999999999987,-1.0,0,0.0,29.5,18.0,70.0,23.75,0.0,0.0,0,0,1,2320.0,0,0,0,0,110.0,4.709530201312334,2434.0,2370.0,2480.0,110.0,4.709530201312334,0.0,0.0,0.0,2434.0,2434.0,2434.0,2450.0,2370.0,2370.0,2480.0,2480.0,110.0,110.0,0.0,4.709530201312334,0.0,0.0,0.0,-0.006530612218242399,2434.0,2437.4285714285716,2444.133333333333,0.0,6.813045018020114,7.842120285657076,0.9999999958915365,0.9985933612764308,0.9958540137096148,2434.0,2444.133333333333,-6.704761904761654,1,0,False,False,False,False,False,False,False,True,False,False,False,False,False,False,False,False,True,False
2025-12-27,Andhra Pradesh,East Godavari,Jaggampet,Paddy(Common),,,2369.0,2379.0,2379.0,2377.0,5,12,52,377.5,505.0,74.71428571428558,0.0,0,0.0,29.3,18.7,71.0,24.0,0.0,0.0,0,0,1,2320.0,0,0,0,0,10.0,2.3978952727983707,2377.0,2369.0,2379.0,10.0,2.3978952727983707,0.0,0.0,0.0,2377.0,2377.0,2377.0,2377.0,2369.0,2369.0,2379.0,2379.0,10.0,10.0,0.0,2.3978952727983707,0.0,0.0,0.0,0.0,2377.0,2377.0,2377.0,0.0,0.0,0.0,0.9999999957930163,0.9999999957930163,0.9999999957930163,2377.0,2377.0,0.0,1,0,True,False,False,False,False,False,False,False,False,False,False,True,False,False,False,False,False,False
2025-12-27,Andhra Pradesh,Alluri Sitharama Raju,Rampachodvaram,Paddy(Common),,,2370.0,2370.0,2370.0,2370.0,5,12,52,377.5,505.0,74.71428571428558,0.0,0,0.0,29.3,18.7,71.0,24.0,0.0,0.0,0,0,1,2320.0,0,0,0,0,0.0,0.0,2370.0,2370.0,2370.0,0.0,0.0,0.0,0.0,0.0,2370.0,2370.0,2370.0,2370.0,2370.0,2370.0,2370.0,2370.0,0.0,0.0,0.0,0.0,0.0,0.0,0.0,0.0,2370.0,2370.0,2370.0,0.0,0.0,0.0,0.9999999957805906,0.9999999957805906,0.9999999957805906,2370.0,2370.0,0.0,1,0,False,False,False,False,False,False,True,False,False,True,False,False,False,False,False,False,False,False
2025-12-27,Andhra Pradesh,Nellore,Rapur,Paddy(Common),,,2370.0,2480.0,2440.0,2434.0,5,12,52,377.5,505.0,74.71428571428558,0.0,0,0.0,29.3,18.7,71.0,24.0,0.0,0.0,0,0,1,2320.0,0,0,0,0,110.0,4.709530201312334,2434.0,2370.0,2480.0,110.0,4.709530201312334,0.0,0.0,0.0,2434.0,2434.0,2434.0,2450.0,2370.0,2370.0,2480.0,2480.0,110.0,110.0,0.0,4.709530201312334,0.0,0.0,0.0,-0.006530612218242399,2434.0,2436.285714285714,2443.6,0.0,5.81018431361925,7.9723660659591316,0.9999999958915365,0.9990617995816625,0.9960713660334286,2434.0,2443.6,-7.314285714285688,1,0,False,False,False,False,False,False,False,True,False,False,False,False,False,False,False,False,True,False
2025-12-28,Andhra Pradesh,East Godavari,Jaggampet,Paddy(Common),,,2369.0,2379.0,2379.0,2377.0,6,12,52,0.0,377.5,128.28571428571416,-0.2524752475247525,1,0.0,29.0,19.1,73.0,24.05,0.0,0.0,0,0,1,2320.0,0,0,0,0,10.0,2.3978952727983707,2377.0,2369.0,2379.0,10.0,2.3978952727983707,0.0,0.0,0.0,2377.0,2377.0,2377.0,2377.0,2369.0,2369.0,2379.0,2379.0,10.0,10.0,0.0,2.3978952727983707,0.0,0.0,0.0,0.0,2377.0,2377.0,2377.0,0.0,0.0,0.0,0.9999999957930163,0.9999999957930163,0.9999999957930163,2377.0,2377.0,0.0,1,0,True,False,False,False,False,False,False,False,False,False,False,True,False,False,False,False,False,False
2025-12-28,Andhra Pradesh,Alluri Sitharama Raju,Rampachodvaram,Paddy(Common),,,2370.0,2370.0,2370.0,2370.0,6,12,52,0.0,377.5,128.28571428571416,-0.2524752475247525,1,0.0,29.0,19.1,73.0,24.05,0.0,0.0,0,0,1,2320.0,0,0,0,0,0.0,0.0,2370.0,2370.0,2370.0,0.0,0.0,0.0,0.0,0.0,2370.0,2370.0,2370.0,2370.0,2370.0,2370.0,2370.0,2370.0,0.0,0.0,0.0,0.0,0.0,0.0,0.0,0.0,2370.0,2370.0,2370.0,0.0,0.0,0.0,0.9999999957805906,0.9999999957805906,0.9999999957805906,2370.0,2370.0,0.0,1,0,False,False,False,False,False,False,True,False,False,True,False,False,False,False,False,False,False,False
2025-12-28,Andhra Pradesh,Nellore,Rapur,Paddy(Common),,,2370.0,2480.0,2440.0,2434.0,6,12,52,0.0,377.5,128.28571428571416,-0.2524752475247525,1,0.0,29.0,19.1,73.0,24.05,0.0,0.0,0,0,1,2320.0,0,0,0,0,110.0,4.709530201312334,2434.0,2370.0,2480.0,110.0,4.709530201312334,0.0,0.0,0.0,2434.0,2434.0,2434.0,2450.0,2370.0,2370.0,2480.0,2480.0,110.0,110.0,0.0,4.709530201312334,0.0,0.0,0.0,-0.006530612218242399,2434.0,2435.1428571428573,2443.0666666666666,0.0,4.276179870596927,8.064110927899781,0.9999999958915365,0.9995306775802446,0.9962888132553805,2434.0,2443.0666666666666,-7.923809523809268,1,0,False,False,False,False,False,False,False,True,False,False,False,False,False,False,False,False,True,False
2025-12-29,Andhra Pradesh,East Godavari,Jaggampet,Paddy(Common),,,2369.0,2379.0,2379.0,2377.0,0,12,1,253.0,0.0,128.28571428571416,-1.0,0,0.0,28.9,18.8,72.0,23.85,0.0,0.0,0,0,1,2320.0,0,0,0,0,10.0,2.3978952727983707,2377.0,2369.0,2379.0,10.0,2.3978952727983707,0.0,0.0,0.0,2377.0,2377.0,2377.0,2377.0,2369.0,2369.0,2379.0,2379.0,10.0,10.0,0.0,2.3978952727983707,0.0,0.0,0.0,0.0,2377.0,2377.0,2377.0,0.0,0.0,0.0,0.9999999957930163,0.9999999957930163,0.9999999957930163,2377.0,2377.0,0.0,1,0,True,False,False,False,False,False,False,False,False,False,False,True,False,False,False,False,False,False
2025-12-29,Andhra Pradesh,Alluri Sitharama Raju,Rampachodvaram,Paddy(Common),1001,Grade Range-2,2370.0,2370.0,2370.0,2370.0,0,12,1,253.0,0.0,128.28571428571416,-1.0,0,0.0,28.9,18.8,72.0,23.85,0.0,0.0,0,0,1,2320.0,0,0,0,0,0.0,0.0,2370.0,2370.0,2370.0,0.0,0.0,0.0,0.0,0.0,2370.0,2370.0,2370.0,2370.0,2370.0,2370.0,2370.0,2370.0,0.0,0.0,0.0,0.0,0.0,0.0,0.0,0.0,2370.0,2370.0,2370.0,0.0,0.0,0.0,0.9999999957805906,0.9999999957805906,0.9999999957805906,2370.0,2370.0,0.0,1,0,False,False,False,False,False,False,True,False,False,True,False,False,False,False,False,False,False,False
2025-12-29,Andhra Pradesh,Nellore,Rapur,Paddy(Common),,,2370.0,2480.0,2440.0,2434.0,0,12,1,253.0,0.0,128.28571428571416,-1.0,0,0.0,28.9,18.8,72.0,23.85,0.0,0.0,0,0,1,2320.0,0,0,0,0,110.0,4.709530201312334,2434.0,2370.0,2480.0,110.0,4.709530201312334,0.0,0.0,0.0,2434.0,2434.0,2434.0,2434.0,2370.0,2370.0,2480.0,2480.0,110.0,110.0,0.0,4.709530201312334,0.0,0.0,0.0,0.0,2434.0,2434.0,2442.5333333333333,0.0,0.0,8.118660214478865,0.9999999958915365,0.9999999958915365,0.9965063554376342,2434.0,2442.5333333333333,-8.533333333333303,1,0,False,False,False,False,False,False,False,True,False,False,False,False,False,False,False,False,True,False
2025-12-30,Andhra Pradesh,East Godavari,Jaggampet,Paddy(Common),Common,FAQ,2369.0,2379.0,2379.0,2377.0,1,12,1,25.4,253.0,163.99999999999986,0.0,0,0.0,29.9,18.7,74.0,24.299999999999997,0.0,0.0,0,0,1,2320.0,0,0,0,0,10.0,2.3978952727983707,2377.0,2369.0,2379.0,10.0,2.3978952727983707,0.0,0.0,0.0,2377.0,2377.0,2377.0,2377.0,2369.0,2369.0,2379.0,2379.0,10.0,10.0,0.0,2.3978952727983707,0.0,0.0,0.0,0.0,2377.0,2377.0,2377.0,0.0,0.0,0.0,0.9999999957930163,0.9999999957930163,0.9999999957930163,2377.0,2377.0,0.0,1,0,True,False,False,False,False,False,False,False,False,False,False,True,False,False,False,False,False,False
2025-12-30,Andhra Pradesh,Alluri Sitharama Raju,Rampachodvaram,Paddy(Common),,,2370.0,2370.0,2370.0,2370.0,1,12,1,25.4,253.0,163.99999999999986,0.0,0,0.0,29.9,18.7,74.0,24.299999999999997,0.0,0.0,0,0,1,2320.0,0,0,0,0,0.0,0.0,2370.0,2370.0,2370.0,0.0,0.0,0.0,0.0,0.0,2370.0,2370.0,2370.0,2370.0,2370.0,2370.0,2370.0,2370.0,0.0,0.0,0.0,0.0,0.0,0.0,0.0,0.0,2370.0,2370.0,2370.0,0.0,0.0,0.0,0.9999999957805906,0.9999999957805906,0.9999999957805906,2370.0,2370.0,0.0,1,0,False,False,False,False,False,False,True,False,False,True,False,False,False,False,False,False,False,False
2025-12-30,Andhra Pradesh,Nellore,Rapur,Paddy(Common),,,2370.0,2480.0,2440.0,2434.0,1,12,1,25.4,253.0,163.99999999999986,0.0,0,0.0,29.9,18.7,74.0,24.299999999999997,0.0,0.0,0,0,1,2320.0,0,0,0,0,110.0,4.709530201312334,2434.0,2370.0,2480.0,110.0,4.709530201312334,0.0,0.0,0.0,2434.0,2434.0,2434.0,2434.0,2370.0,2370.0,2480.0,2480.0,110.0,110.0,0.0,4.709530201312334,0.0,0.0,0.0,0.0,2434.0,2434.0,2442.0,0.0,0.0,8.136762043449762,0.9999999958915365,0.9999999958915365,0.9967239926424079,2434.0,2442.0,-8.0,1,0,False,False,False,False,False,False,False,True,False,False,False,False,False,False,False,False,True,False
2025-12-31,Andhra Pradesh,East Godavari,Jaggampet,Paddy(Common),Common,FAQ,2369.0,2379.0,2379.0,2377.0,2,12,1,494.5,25.4,166.342857142857,-0.899604743083004,0,0.0,29.2,19.8,78.0,24.5,0.0,0.0,0,0,1,2320.0,0,0,0,0,10.0,2.3978952727983707,2377.0,2369.0,2379.0,10.0,2.3978952727983707,0.0,0.0,0.0,2377.0,2377.0,2377.0,2377.0,2369.0,2369.0,2379.0,2379.0,10.0,10.0,0.0,2.3978952727983707,0.0,0.0,0.0,0.0,2377.0,2377.0,2377.0,0.0,0.0,0.0,0.9999999957930163,0.9999999957930163,0.9999999957930163,2377.0,2377.0,0.0,1,0,True,False,False,False,False,False,False,False,False,False,False,True,False,False,False,False,False,False
2025-12-31,Andhra Pradesh,Alluri Sitharama Raju,Rampachodvaram,Paddy(Common),1001,Grade Range-2,2370.0,2370.0,2370.0,2370.0,2,12,1,494.5,25.4,166.342857142857,-0.899604743083004,0,0.0,29.2,19.8,78.0,24.5,0.0,0.0,0,0,1,2320.0,0,0,0,0,0.0,0.0,2370.0,2370.0,2370.0,0.0,0.0,0.0,0.0,0.0,2370.0,2370.0,2370.0,2370.0,2370.0,2370.0,2370.0,2370.0,0.0,0.0,0.0,0.0,0.0,0.0,0.0,0.0,2370.0,2370.0,2370.0,0.0,0.0,0.0,0.9999999957805906,0.9999999957805906,0.9999999957805906,2370.0,2370.0,0.0,1,0,False,False,False,False,False,False,True,False,False,True,False,False,False,False,False,False,False,False
2025-12-31,Andhra Pradesh,Nellore,Rapur,Paddy(Common),,,2370.0,2480.0,2440.0,2434.0,2,12,1,494.5,25.4,166.342857142857,-0.899604743083004,0,0.0,29.2,19.8,78.0,24.5,0.0,0.0,0,0,1,2320.0,0,0,0,0,110.0,4.709530201312334,2434.0,2370.0,2480.0,110.0,4.709530201312334,0.0,0.0,0.0,2434.0,2434.0,2434.0,2434.0,2370.0,2370.0,2480.0,2480.0,110.0,110.0,0.0,4.709530201312334,0.0,0.0,0.0,0.0,2434.0,2434.0,2441.4666666666667,0.0,0.0,8.118660214478805,0.9999999958915365,0.9999999958915365,0.9969417249319736,2434.0,2441.4666666666667,-7.466666666666697,1,0,False,False,False,False,False,False,False,True,False,False,False,False,False,False,False,False,True,False
2026-01-01,Andhra Pradesh,East Godavari,Jaggampet,Paddy(Common),,,2369.0,2379.0,2379.0,2377.0,3,1,1,105.0,494.5,236.48571428571418,18.468503937007874,0,0.0,30.1,20.2,74.0,25.15,0.0,0.0,0,0,1,2320.0,0,0,0,0,10.0,2.3978952727983707,2377.0,2369.0,2379.0,10.0,2.3978952727983707,0.0,0.0,0.0,2377.0,2377.0,2377.0,2377.0,2369.0,2369.0,2379.0,2379.0,10.0,10.0,0.0,2.3978952727983707,0.0,0.0,0.0,0.0,2377.0,2377.0,2377.0,0.0,0.0,0.0,0.9999999957930163,0.9999999957930163,0.9999999957930163,2377.0,2377.0,0.0,0,0,True,False,False,False,False,False,False,False,False,False,False,True,False,False,False,False,False,False
2026-01-01,Andhra Pradesh,Alluri Sitharama Raju,Rampachodvaram,Paddy(Common),,,2370.0,2370.0,2370.0,2370.0,3,1,1,105.0,494.5,236.48571428571418,18.468503937007874,0,0.0,30.1,20.2,74.0,25.15,0.0,0.0,0,0,1,2320.0,0,0,0,0,0.0,0.0,2370.0,2370.0,2370.0,0.0,0.0,0.0,0.0,0.0,2370.0,2370.0,2370.0,2370.0,2370.0,2370.0,2370.0,2370.0,0.0,0.0,0.0,0.0,0.0,0.0,0.0,0.0,2370.0,2370.0,2370.0,0.0,0.0,0.0,0.9999999957805906,0.9999999957805906,0.9999999957805906,2370.0,2370.0,0.0,0,0,False,False,False,False,False,False,True,False,False,True,False,False,False,False,False,False,False,False
2026-01-01,Andhra Pradesh,Nellore,Rapur,Paddy(Common),,,2370.0,2480.0,2440.0,2434.0,3,1,1,105.0,494.5,236.48571428571418,18.468503937007874,0,0.0,30.1,20.2,74.0,25.15,0.0,0.0,0,0,1,2320.0,0,0,0,0,110.0,4.709530201312334,2434.0,2370.0,2480.0,110.0,4.709530201312334,0.0,0.0,0.0,2434.0,2434.0,2434.0,2434.0,2370.0,2370.0,2480.0,2480.0,110.0,110.0,0.0,4.709530201312334,0.0,0.0,0.0,0.0,2434.0,2434.0,2440.9333333333334,0.0,0.0,8.064110927899657,0.9999999958915365,0.9999999958915365,0.9971595523686585,2434.0,2440.9333333333334,-6.933333333333394,0,0,False,False,False,False,False,False,False,True,False,False,False,False,False,False,False,False,True,False
2026-01-02,Andhra Pradesh,East Godavari,Jaggampet,Paddy(Common),Common,FAQ,2369.0,2379.0,2379.0,2377.0,4,1,1,20.0,105.0,251.48571428571418,-0.7876643073811931,0,0.0,30.3,20.2,75.0,25.25,0.0,0.0,0,0,1,2320.0,0,0,0,0,10.0,2.3978952727983707,2377.0,2369.0,2379.0,10.0,2.3978952727983707,0.0,0.0,0.0,2377.0,2377.0,2377.0,2377.0,2369.0,2369.0,2379.0,2379.0,10.0,10.0,0.0,2.3978952727983707,0.0,0.0,0.0,0.0,2377.0,2377.0,2377.0,0.0,0.0,0.0,0.9999999957930163,0.9999999957930163,0.9999999957930163,2377.0,2377.0,0.0,0,0,True,False,False,False,False,False,False,False,False,False,False,True,False,False,False,False,False,False
2026-01-02,Andhra Pradesh,Alluri Sitharama Raju,Rampachodvaram,Paddy(Common),1001,Grade Range-2,2370.0,2370.0,2370.0,2370.0,4,1,1,20.0,105.0,251.48571428571418,-0.7876643073811931,0,0.0,30.3,20.2,75.0,25.25,0.0,0.0,0,0,1,2320.0,0,0,0,0,0.0,0.0,2370.0,2370.0,2370.0,0.0,0.0,0.0,0.0,0.0,2370.0,2370.0,2370.0,2370.0,2370.0,2370.0,2370.0,2370.0,0.0,0.0,0.0,0.0,0.0,0.0,0.0,0.0,2370.0,2370.0,2370.0,0.0,0.0,0.0,0.9999999957805906,0.9999999957805906,0.9999999957805906,2370.0,2370.0,0.0,0,0,False,False,False,False,False,False,True,False,False,True,False,False,False,False,False,False,False,False
2026-01-02,Andhra Pradesh,Nellore,Rapur,Paddy(Common),,,2370.0,2480.0,2440.0,2434.0,4,1,1,20.0,105.0,251.48571428571418,-0.7876643073811931,0,0.0,30.3,20.2,75.0,25.25,0.0,0.0,0,0,1,2320.0,0,0,0,0,110.0,4.709530201312334,2434.0,2370.0,2480.0,110.0,4.709530201312334,0.0,0.0,0.0,2434.0,2434.0,2434.0,2434.0,2370.0,2370.0,2480.0,2480.0,110.0,110.0,0.0,4.709530201312334,0.0,0.0,0.0,0.0,2434.0,2434.0,2440.4,0.0,0.0,7.972366065958945,0.9999999958915365,0.9999999958915365,0.9973774750148439,2434.0,2440.4,-6.400000000000091,0,0,False,False,False,False,False,False,False,True,False,False,False,False,False,False,False,False,True,False
2026-01-03,Andhra Pradesh,East Godavari,Jaggampet,Paddy(Common),Common,FAQ,2369.0,2379.0,2379.0,2377.0,5,1,1,521.1,20.0,182.19999999999987,-0.8095238095238095,0,0.0,29.7,20.4,74.0,25.049999999999997,0.0,0.0,0,0,1,2320.0,0,0,0,0,10.0,2.3978952727983707,2377.0,2369.0,2379.0,10.0,2.3978952727983707,0.0,0.0,0.0,2377.0,2377.0,2377.0,2377.0,2369.0,2369.0,2379.0,2379.0,10.0,10.0,0.0,2.3978952727983707,0.0,0.0,0.0,0.0,2377.0,2377.0,2377.0,0.0,0.0,0.0,0.9999999957930163,0.9999999957930163,0.9999999957930163,2377.0,2377.0,0.0,0,0,True,False,False,False,False,False,False,False,False,False,False,True,False,False,False,False,False,False
2026-01-03,Andhra Pradesh,Alluri Sitharama Raju,Rampachodvaram,Paddy(Common),1001,Grade Range-2,2370.0,2370.0,2370.0,2370.0,5,1,1,521.1,20.0,182.19999999999987,-0.8095238095238095,0,0.0,29.7,20.4,74.0,25.049999999999997,0.0,0.0,0,0,1,2320.0,0,0,0,0,0.0,0.0,2370.0,2370.0,2370.0,0.0,0.0,0.0,0.0,0.0,2370.0,2370.0,2370.0,2370.0,2370.0,2370.0,2370.0,2370.0,0.0,0.0,0.0,0.0,0.0,0.0,0.0,0.0,2370.0,2370.0,2370.0,0.0,0.0,0.0,0.9999999957805906,0.9999999957805906,0.9999999957805906,2370.0,2370.0,0.0,0,0,False,False,False,False,False,False,True,False,False,True,False,False,False,False,False,False,False,False
2026-01-03,Andhra Pradesh,Nellore,Rapur,Paddy(Common),,,2370.0,2480.0,2440.0,2434.0,5,1,1,521.1,20.0,182.19999999999987,-0.8095238095238095,0,0.0,29.7,20.4,74.0,25.049999999999997,0.0,0.0,0,0,1,2320.0,0,0,0,0,110.0,4.709530201312334,2434.0,2370.0,2480.0,110.0,4.709530201312334,0.0,0.0,0.0,2434.0,2434.0,2434.0,2434.0,2370.0,2370.0,2480.0,2480.0,110.0,110.0,0.0,4.709530201312334,0.0,0.0,0.0,0.0,2434.0,2434.0,2439.866666666667,0.0,0.0,7.842120285656824,0.9999999958915365,0.9999999958915365,0.9975954929329655,2434.0,2439.866666666667,-5.866666666666788,0,0,False,False,False,False,False,False,False,True,False,False,False,False,False,False,False,False,True,False
2026-01-04,Andhra Pradesh,East Godavari,Jaggampet,Paddy(Common),,,2369.0,2379.0,2379.0,2377.0,6,1,1,0.0,521.1,202.71428571428558,25.055,1,0.1,29.4,19.9,75.0,24.65,0.0,0.0,0,0,1,2320.0,0,0,0,0,10.0,2.3978952727983707,2377.0,2369.0,2379.0,10.0,2.3978952727983707,0.0,0.0,0.0,2377.0,2377.0,2377.0,2377.0,2369.0,2369.0,2379.0,2379.0,10.0,10.0,0.0,2.3978952727983707,0.0,0.0,0.0,0.0,2377.0,2377.0,2377.0,0.0,0.0,0.0,0.9999999957930163,0.9999999957930163,0.9999999957930163,2377.0,2377.0,0.0,0,0,True,False,False,False,False,False,False,False,False,False,False,True,False,False,False,False,False,False
2026-01-04,Andhra Pradesh,Alluri Sitharama Raju,Rampachodvaram,Paddy(Common),,,2370.0,2370.0,2370.0,2370.0,6,1,1,0.0,521.1,202.71428571428558,25.055,1,0.1,29.4,19.9,75.0,24.65,0.0,0.0,0,0,1,2320.0,0,0,0,0,0.0,0.0,2370.0,2370.0,2370.0,0.0,0.0,0.0,0.0,0.0,2370.0,2370.0,2370.0,2370.0,2370.0,2370.0,2370.0,2370.0,0.0,0.0,0.0,0.0,0.0,0.0,0.0,0.0,2370.0,2370.0,2370.0,0.0,0.0,0.0,0.9999999957805906,0.9999999957805906,0.9999999957805906,2370.0,2370.0,0.0,0,0,False,False,False,False,False,False,True,False,False,True,False,False,False,False,False,False,False,False
2026-01-04,Andhra Pradesh,Nellore,Rapur,Paddy(Common),,,2370.0,2480.0,2440.0,2434.0,6,1,1,0.0,521.1,202.71428571428558,25.055,1,0.1,29.4,19.9,75.0,24.65,0.0,0.0,0,0,1,2320.0,0,0,0,0,110.0,4.709530201312334,2434.0,2370.0,2480.0,110.0,4.709530201312334,0.0,0.0,0.0,2434.0,2434.0,2434.0,2434.0,2370.0,2370.0,2480.0,2480.0,110.0,110.0,0.0,4.709530201312334,0.0,0.0,0.0,0.0,2434.0,2434.0,2439.3333333333335,0.0,0.0,7.671412823765922,0.9999999958915365,0.9999999958915365,0.997813606185514,2434.0,2439.3333333333335,-5.333333333333485,0,0,False,False,False,False,False,False,False,True,False,False,False,False,False,False,False,False,True,False
2026-01-05,Andhra Pradesh,East Godavari,Jaggampet,Paddy(Common),,,2369.0,2379.0,2379.0,2377.0,0,1,2,2.0,0.0,202.71428571428558,-1.0,1,0.0,29.3,19.6,73.0,24.450000000000003,0.1,0.0,0,0,1,2320.0,0,0,0,0,10.0,2.3978952727983707,2377.0,2369.0,2379.0,10.0,2.3978952727983707,0.0,0.0,0.0,2377.0,2377.0,2377.0,2377.0,2369.0,2369.0,2379.0,2379.0,10.0,10.0,0.0,2.3978952727983707,0.0,0.0,0.0,0.0,2377.0,2377.0,2377.0,0.0,0.0,0.0,0.9999999957930163,0.9999999957930163,0.9999999957930163,2377.0,2377.0,0.0,0,0,True,False,False,False,False,False,False,False,False,False,False,True,False,False,False,False,False,False
2026-01-05,Andhra Pradesh,Alluri Sitharama Raju,Rampachodvaram,Paddy(Common),1001,Grade Range-2,2370.0,2370.0,2370.0,2370.0,0,1,2,2.0,0.0,202.71428571428558,-1.0,1,0.0,29.3,19.6,73.0,24.450000000000003,0.1,0.0,0,0,1,2320.0,0,0,0,0,0.0,0.0,2370.0,2370.0,2370.0,0.0,0.0,0.0,0.0,0.0,2370.0,2370.0,2370.0,2370.0,2370.0,2370.0,2370.0,2370.0,0.0,0.0,0.0,0.0,0.0,0.0,0.0,0.0,2370.0,2370.0,2370.0,0.0,0.0,0.0,0.9999999957805906,0.9999999957805906,0.9999999957805906,2370.0,2370.0,0.0,0,0,False,False,False,False,False,False,True,False,False,True,False,False,False,False,False,False,False,False
2026-01-05,Andhra Pradesh,Nellore,Rapur,Paddy(Common),,,2370.0,2480.0,2440.0,2434.0,0,1,2,2.0,0.0,202.71428571428558,-1.0,1,0.0,29.3,19.6,73.0,24.450000000000003,0.1,0.0,0,0,1,2320.0,0,0,0,0,110.0,4.709530201312334,2434.0,2370.0,2480.0,110.0,4.709530201312334,0.0,0.0,0.0,2434.0,2434.0,2434.0,2434.0,2370.0,2370.0,2480.0,2480.0,110.0,110.0,0.0,4.709530201312334,0.0,0.0,0.0,0.0,2434.0,2434.0,2438.8,0.0,0.0,7.457465595190069,0.9999999958915365,0.9999999958915365,0.9980318148350342,2434.0,2438.8,-4.800000000000182,0,0,False,False,False,False,False,False,False,True,False,False,False,False,False,False,False,False,True,False
2026-01-06,Andhra Pradesh,East Godavari,Jaggampet,Paddy(Common),,,2369.0,2379.0,2379.0,2377.0,1,1,2,3.0,2.0,166.85714285714272,0.0,1,0.0,29.4,19.3,70.0,24.35,0.1,0.0,0,0,1,2320.0,0,0,0,0,10.0,2.3978952727983707,2377.0,2369.0,2379.0,10.0,2.3978952727983707,0.0,0.0,0.0,2377.0,2377.0,2377.0,2377.0,2369.0,2369.0,2379.0,2379.0,10.0,10.0,0.0,2.3978952727983707,0.0,0.0,0.0,0.0,2377.0,2377.0,2377.0,0.0,0.0,0.0,0.9999999957930163,0.9999999957930163,0.9999999957930163,2377.0,2377.0,0.0,0,0,True,False,False,False,False,False,False,False,False,False,False,True,False,False,False,False,False,False
2026-01-06,Andhra Pradesh,Alluri Sitharama Raju,Rampachodvaram,Paddy(Common),1001,Grade Range-2,2370.0,2370.0,2370.0,2370.0,1,1,2,3.0,2.0,166.85714285714272,0.0,1,0.0,29.4,19.3,70.0,24.35,0.1,0.0,0,0,1,2320.0,0,0,0,0,0.0,0.0,2370.0,2370.0,2370.0,0.0,0.0,0.0,0.0,0.0,2370.0,2370.0,2370.0,2370.0,2370.0,2370.0,2370.0,2370.0,0.0,0.0,0.0,0.0,0.0,0.0,0.0,0.0,2370.0,2370.0,2370.0,0.0,0.0,0.0,0.9999999957805906,0.9999999957805906,0.9999999957805906,2370.0,2370.0,0.0,0,0,False,False,False,False,False,False,True,False,False,True,False,False,False,False,False,False,False,False
2026-01-06,Andhra Pradesh,Nellore,Rapur,Paddy(Common),,,2370.0,2480.0,2440.0,2434.0,1,1,2,3.0,2.0,166.85714285714272,0.0,1,0.0,29.4,19.3,70.0,24.35,0.1,0.0,0,0,1,2320.0,0,0,0,0,110.0,4.709530201312334,2434.0,2370.0,2480.0,110.0,4.709530201312334,0.0,0.0,0.0,2434.0,2434.0,2434.0,2434.0,2370.0,2370.0,2480.0,2480.0,110.0,110.0,0.0,4.709530201312334,0.0,0.0,0.0,0.0,2434.0,2434.0,2438.266666666667,0.0,0.0,7.196423121740438,0.9999999958915365,0.9999999958915365,0.9982501189441263,2434.0,2438.266666666667,-4.266666666666879,0,0,False,False,False,False,False,False,False,True,False,False,False,False,False,False,False,False,True,False
2026-01-07,Andhra Pradesh,East Godavari,Jaggampet,Paddy(Common),,,2369.0,2379.0,2379.0,2377.0,2,1,2,3.0,3.0,163.6571428571427,0.5,1,0.0,29.3,18.1,67.0,23.700000000000003,0.1,0.0,0,0,1,2320.0,0,0,0,0,10.0,2.3978952727983707,2377.0,2369.0,2379.0,10.0,2.3978952727983707,0.0,0.0,0.0,2377.0,2377.0,2377.0,2377.0,2369.0,2369.0,2379.0,2379.0,10.0,10.0,0.0,2.3978952727983707,0.0,0.0,0.0,0.0,2377.0,2377.0,2377.0,0.0,0.0,0.0,0.9999999957930163,0.9999999957930163,0.9999999957930163,2377.0,2377.0,0.0,0,0,True,False,False,False,False,False,False,False,False,False,False,True,False,False,False,False,False,False
2026-01-07,Andhra Pradesh,Alluri Sitharama Raju,Rampachodvaram,Paddy(Common),1001,Grade Range-2,2370.0,2370.0,2370.0,2370.0,2,1,2,3.0,3.0,163.6571428571427,0.5,1,0.0,29.3,18.1,67.0,23.700000000000003,0.1,0.0,0,0,1,2320.0,0,0,0,0,0.0,0.0,2370.0,2370.0,2370.0,0.0,0.0,0.0,0.0,0.0,2370.0,2370.0,2370.0,2370.0,2370.0,2370.0,2370.0,2370.0,0.0,0.0,0.0,0.0,0.0,0.0,0.0,0.0,2370.0,2370.0,2370.0,0.0,0.0,0.0,0.9999999957805906,0.9999999957805906,0.9999999957805906,2370.0,2370.0,0.0,0,0,False,False,False,False,False,False,True,False,False,True,False,False,False,False,False,False,False,False
2026-01-07,Andhra Pradesh,Nellore,Rapur,Paddy(Common),,,2370.0,2480.0,2440.0,2434.0,2,1,2,3.0,3.0,163.6571428571427,0.5,1,0.0,29.3,18.1,67.0,23.700000000000003,0.1,0.0,0,0,1,2320.0,0,0,0,0,110.0,4.709530201312334,2434.0,2370.0,2480.0,110.0,4.709530201312334,0.0,0.0,0.0,2434.0,2434.0,2434.0,2434.0,2370.0,2370.0,2480.0,2480.0,110.0,110.0,0.0,4.709530201312334,0.0,0.0,0.0,0.0,2434.0,2434.0,2437.733333333333,0.0,0.0,6.8829290744326785,0.9999999958915365,0.9999999958915365,0.998468518575445,2434.0,2437.733333333333,-3.733333333333121,0,0,False,False,False,False,False,False,False,True,False,False,False,False,False,False,False,False,True,False
2026-01-08,Andhra Pradesh,East Godavari,Jaggampet,Paddy(Common),,,2369.0,2379.0,2379.0,2377.0,3,1,2,4.5,3.0,93.44285714285702,0.0,1,0.0,28.8,17.4,60.0,23.1,0.1,0.0,0,0,1,2320.0,0,0,0,0,10.0,2.3978952727983707,2377.0,2369.0,2379.0,10.0,2.3978952727983707,0.0,0.0,0.0,2377.0,2377.0,2377.0,2377.0,2369.0,2369.0,2379.0,2379.0,10.0,10.0,0.0,2.3978952727983707,0.0,0.0,0.0,0.0,2377.0,2377.0,2377.0,0.0,0.0,0.0,0.9999999957930163,0.9999999957930163,0.9999999957930163,2377.0,2377.0,0.0,0,0,True,False,False,False,False,False,False,False,False,False,False,True,False,False,False,False,False,False
2026-01-08,Andhra Pradesh,Alluri Sitharama Raju,Rampachodvaram,Paddy(Common),1001,Grade Range-2,2370.0,2370.0,2370.0,2370.0,3,1,2,4.5,3.0,93.44285714285702,0.0,1,0.0,28.8,17.4,60.0,23.1,0.1,0.0,0,0,1,2320.0,0,0,0,0,0.0,0.0,2370.0,2370.0,2370.0,0.0,0.0,0.0,0.0,0.0,2370.0,2370.0,2370.0,2370.0,2370.0,2370.0,2370.0,2370.0,0.0,0.0,0.0,0.0,0.0,0.0,0.0,0.0,2370.0,2370.0,2370.0,0.0,0.0,0.0,0.9999999957805906,0.9999999957805906,0.9999999957805906,2370.0,2370.0,0.0,0,0,False,False,False,False,False,False,True,False,False,True,False,False,False,False,False,False,False,False
2026-01-08,Andhra Pradesh,Nellore,Rapur,Paddy(Common),,,2370.0,2480.0,2440.0,2434.0,3,1,2,4.5,3.0,93.44285714285702,0.0,1,0.0,28.8,17.4,60.0,23.1,0.1,0.0,0,0,1,2320.0,0,0,0,0,110.0,4.709530201312334,2434.0,2370.0,2480.0,110.0,4.709530201312334,0.0,0.0,0.0,2434.0,2434.0,2434.0,2434.0,2370.0,2370.0,2480.0,2480.0,110.0,110.0,0.0,4.709530201312334,0.0,0.0,0.0,0.0,2434.0,2434.0,2437.2,0.0,0.0,6.509409634759076,0.9999999958915365,0.9999999958915365,0.9986870137916994,2434.0,2437.2,-3.199999999999818,0,0,False,False,False,False,False,False,False,True,False,False,False,False,False,False,False,False,True,False
2026-01-09,Andhra Pradesh,East Godavari,Jaggampet,Paddy(Common),,,2369.0,2379.0,2379.0,2377.0,4,1,2,3.5,4.5,79.08571428571416,0.5,1,0.0,27.4,16.7,58.0,22.049999999999997,0.1,0.0,0,0,1,2320.0,0,0,0,0,10.0,2.3978952727983707,2377.0,2369.0,2379.0,10.0,2.3978952727983707,0.0,0.0,0.0,2377.0,2377.0,2377.0,2377.0,2369.0,2369.0,2379.0,2379.0,10.0,10.0,0.0,2.3978952727983707,0.0,0.0,0.0,0.0,2377.0,2377.0,2377.0,0.0,0.0,0.0,0.9999999957930163,0.9999999957930163,0.9999999957930163,2377.0,2377.0,0.0,0,0,True,False,False,False,False,False,False,False,False,False,False,True,False,False,False,False,False,False
2026-01-09,Andhra Pradesh,Alluri Sitharama Raju,Rampachodvaram,Paddy(Common),,,2370.0,2370.0,2370.0,2370.0,4,1,2,3.5,4.5,79.08571428571416,0.5,1,0.0,27.4,16.7,58.0,22.049999999999997,0.1,0.0,0,0,1,2320.0,0,0,0,0,0.0,0.0,2370.0,2370.0,2370.0,0.0,0.0,0.0,0.0,0.0,2370.0,2370.0,2370.0,2370.0,2370.0,2370.0,2370.0,2370.0,0.0,0.0,0.0,0.0,0.0,0.0,0.0,0.0,2370.0,2370.0,2370.0,0.0,0.0,0.0,0.9999999957805906,0.9999999957805906,0.9999999957805906,2370.0,2370.0,0.0,0,0,False,False,False,False,False,False,True,False,False,True,False,False,False,False,False,False,False,False
2026-01-09,Andhra Pradesh,Nellore,Rapur,Paddy(Common),,,2370.0,2480.0,2440.0,2434.0,4,1,2,3.5,4.5,79.08571428571416,0.5,1,0.0,27.4,16.7,58.0,22.049999999999997,0.1,0.0,0,0,1,2320.0,0,0,0,0,110.0,4.709530201312334,2434.0,2370.0,2480.0,110.0,4.709530201312334,0.0,0.0,0.0,2434.0,2434.0,2434.0,2434.0,2370.0,2370.0,2480.0,2480.0,110.0,110.0,0.0,4.709530201312334,0.0,0.0,0.0,0.0,2434.0,2434.0,2436.6666666666665,0.0,0.0,6.0647843486303294,0.9999999958915365,0.9999999958915365,0.9989056046556541,2434.0,2436.6666666666665,-2.666666666666515,0,0,False,False,False,False,False,False,False,True,False,False,False,False,False,False,False,False,True,False
2026-01-10,Andhra Pradesh,East Godavari,Jaggampet,Paddy(Common),,,2369.0,2379.0,2379.0,2377.0,5,1,2,0.0,3.5,76.7285714285713,-0.2222222222222222,1,0.0,28.0,20.0,50.0,24.0,0.1,0.0,0,0,1,2320.0,0,0,0,0,10.0,2.3978952727983707,2377.0,2369.0,2379.0,10.0,2.3978952727983707,0.0,0.0,0.0,2377.0,2377.0,2377.0,2377.0,2369.0,2369.0,2379.0,2379.0,10.0,10.0,0.0,2.3978952727983707,0.0,0.0,0.0,0.0,2377.0,2377.0,2377.0,0.0,0.0,0.0,0.9999999957930163,0.9999999957930163,0.9999999957930163,2377.0,2377.0,0.0,0,0,True,False,False,False,False,False,False,False,False,False,False,True,False,False,False,False,False,False
2026-01-10,Andhra Pradesh,Alluri Sitharama Raju,Rampachodvaram,Paddy(Common),,,2370.0,2370.0,2370.0,2370.0,5,1,2,0.0,3.5,76.7285714285713,-0.2222222222222222,1,0.0,28.0,20.0,50.0,24.0,0.1,0.0,0,0,1,2320.0,0,0,0,0,0.0,0.0,2370.0,2370.0,2370.0,0.0,0.0,0.0,0.0,0.0,2370.0,2370.0,2370.0,2370.0,2370.0,2370.0,2370.0,2370.0,0.0,0.0,0.0,0.0,0.0,0.0,0.0,0.0,2370.0,2370.0,2370.0,0.0,0.0,0.0,0.9999999957805906,0.9999999957805906,0.9999999957805906,2370.0,2370.0,0.0,0,0,False,False,False,False,False,False,True,False,False,True,False,False,False,False,False,False,False,False
2026-01-10,Andhra Pradesh,Nellore,Rapur,Paddy(Common),,,2370.0,2480.0,2440.0,2434.0,5,1,2,0.0,3.5,76.7285714285713,-0.2222222222222222,1,0.0,28.0,20.0,50.0,24.0,0.1,0.0,0,0,1,2320.0,0,0,0,0,110.0,4.709530201312334,2434.0,2370.0,2480.0,110.0,4.709530201312334,0.0,0.0,0.0,2434.0,2434.0,2434.0,2434.0,2370.0,2370.0,2480.0,2480.0,110.0,110.0,0.0,4.709530201312334,0.0,0.0,0.0,0.0,2434.0,2434.0,2436.133333333333,0.0,0.0,5.531934458267019,0.9999999958915365,0.9999999958915365,0.9991242912301285,2434.0,2436.133333333333,-2.133333333333212,0,0,False,False,False,False,False,False,False,True,False,False,False,False,False,False,False,False,True,False
2026-01-11,Andhra Pradesh,East Godavari,Jaggampet,Paddy(Common),,,2369.0,2379.0,2379.0,2377.0,6,1,2,154.0,0.0,2.285714285714156,-1.0,1,0.4,27.2,17.9,54.0,22.549999999999997,0.1,0.0,0,0,1,2320.0,0,0,0,0,10.0,2.3978952727983707,2377.0,2369.0,2379.0,10.0,2.3978952727983707,0.0,0.0,0.0,2377.0,2377.0,2377.0,2377.0,2369.0,2369.0,2379.0,2379.0,10.0,10.0,0.0,2.3978952727983707,0.0,0.0,0.0,0.0,2377.0,2377.0,2377.0,0.0,0.0,0.0,0.9999999957930163,0.9999999957930163,0.9999999957930163,2377.0,2377.0,0.0,0,0,True,False,False,False,False,False,False,False,False,False,False,True,False,False,False,False,False,False
2026-01-11,Andhra Pradesh,Alluri Sitharama Raju,Rampachodvaram,Paddy(Common),,,2370.0,2370.0,2370.0,2370.0,6,1,2,154.0,0.0,2.285714285714156,-1.0,1,0.4,27.2,17.9,54.0,22.549999999999997,0.1,0.0,0,0,1,2320.0,0,0,0,0,0.0,0.0,2370.0,2370.0,2370.0,0.0,0.0,0.0,0.0,0.0,2370.0,2370.0,2370.0,2370.0,2370.0,2370.0,2370.0,2370.0,0.0,0.0,0.0,0.0,0.0,0.0,0.0,0.0,2370.0,2370.0,2370.0,0.0,0.0,0.0,0.9999999957805906,0.9999999957805906,0.9999999957805906,2370.0,2370.0,0.0,0,0,False,False,False,False,False,False,True,False,False,True,False,False,False,False,False,False,False,False
2026-01-11,Andhra Pradesh,Nellore,Rapur,Paddy(Common),,,2370.0,2480.0,2440.0,2434.0,6,1,2,154.0,0.0,2.285714285714156,-1.0,1,0.4,27.2,17.9,54.0,22.549999999999997,0.1,0.0,0,0,1,2320.0,0,0,0,0,110.0,4.709530201312334,2434.0,2370.0,2480.0,110.0,4.709530201312334,0.0,0.0,0.0,2434.0,2434.0,2434.0,2434.0,2370.0,2370.0,2480.0,2480.0,110.0,110.0,0.0,4.709530201312334,0.0,0.0,0.0,0.0,2434.0,2434.0,2435.6,0.0,0.0,4.882057226068321,0.9999999958915365,0.9999999958915365,0.9993430735779969,2434.0,2435.6,-1.599999999999909,0,0,False,False,False,False,False,False,False,True,False,False,False,False,False,False,False,False,True,False
2026-01-12,Andhra Pradesh,East Godavari,Jaggampet,Paddy(Common),,,2369.0,2379.0,2379.0,2377.0,0,1,3,3.0,154.0,24.285714285714157,0.0,1,0.0,29.1,20.6,55.0,24.85,0.4,-0.04285714285714287,0,0,1,2320.0,0,0,0,0,10.0,2.3978952727983707,2377.0,2369.0,2379.0,10.0,2.3978952727983707,0.0,0.0,0.0,2377.0,2377.0,2377.0,2377.0,2369.0,2369.0,2379.0,2379.0,10.0,10.0,0.0,2.3978952727983707,0.0,0.0,0.0,0.0,2377.0,2377.0,2377.0,0.0,0.0,0.0,0.9999999957930163,0.9999999957930163,0.9999999957930163,2377.0,2377.0,0.0,0,0,True,False,False,False,False,False,False,False,False,False,False,True,False,False,False,False,False,False
2026-01-12,Andhra Pradesh,Alluri Sitharama Raju,Rampachodvaram,Paddy(Common),1001,Grade Range-2,2370.0,2370.0,2370.0,2370.0,0,1,3,3.0,154.0,24.285714285714157,0.0,1,0.0,29.1,20.6,55.0,24.85,0.4,-0.04285714285714287,0,0,1,2320.0,0,0,0,0,0.0,0.0,2370.0,2370.0,2370.0,0.0,0.0,0.0,0.0,0.0,2370.0,2370.0,2370.0,2370.0,2370.0,2370.0,2370.0,2370.0,0.0,0.0,0.0,0.0,0.0,0.0,0.0,0.0,2370.0,2370.0,2370.0,0.0,0.0,0.0,0.9999999957805906,0.9999999957805906,0.9999999957805906,2370.0,2370.0,0.0,0,0,False,False,False,False,False,False,True,False,False,True,False,False,False,False,False,False,False,False
2026-01-12,Andhra Pradesh,Nellore,Rapur,Paddy(Common),,,2370.0,2480.0,2440.0,2434.0,0,1,3,3.0,154.0,24.285714285714157,0.0,1,0.0,29.1,20.6,55.0,24.85,0.4,-0.04285714285714287,0,0,1,2320.0,0,0,0,0,110.0,4.709530201312334,2434.0,2370.0,2480.0,110.0,4.709530201312334,0.0,0.0,0.0,2434.0,2434.0,2434.0,2434.0,2370.0,2370.0,2480.0,2480.0,110.0,110.0,0.0,4.709530201312334,0.0,0.0,0.0,0.0,2434.0,2434.0,2435.0666666666666,0.0,0.0,4.059330107237315,0.9999999958915365,0.9999999958915365,0.9995619517621888,2434.0,2435.0666666666666,-1.066666666666606,0,0,False,False,False,False,False,False,False,True,False,False,False,False,False,False,False,False,True,False
2026-01-13,Andhra Pradesh,East Godavari,Jaggampet,Paddy(Common),,,2369.0,2379.0,2379.0,2377.0,1,1,3,2.5,3.0,24.4285714285713,-0.9805194805194806,1,0.0,31.1,20.2,58.0,25.65,0.4,-0.04285714285714287,0,0,1,2320.0,0,0,0,0,10.0,2.3978952727983707,2377.0,2369.0,2379.0,10.0,2.3978952727983707,0.0,0.0,0.0,2377.0,2377.0,2377.0,2377.0,2369.0,2369.0,2379.0,2379.0,10.0,10.0,0.0,2.3978952727983707,0.0,0.0,0.0,0.0,2377.0,2377.0,2377.0,0.0,0.0,0.0,0.9999999957930163,0.9999999957930163,0.9999999957930163,2377.0,2377.0,0.0,0,0,True,False,False,False,False,False,False,False,False,False,False,True,False,False,False,False,False,False
2026-01-13,Andhra Pradesh,Alluri Sitharama Raju,Rampachodvaram,Paddy(Common),,,2370.0,2370.0,2370.0,2370.0,1,1,3,2.5,3.0,24.4285714285713,-0.9805194805194806,1,0.0,31.1,20.2,58.0,25.65,0.4,-0.04285714285714287,0,0,1,2320.0,0,0,0,0,0.0,0.0,2370.0,2370.0,2370.0,0.0,0.0,0.0,0.0,0.0,2370.0,2370.0,2370.0,2370.0,2370.0,2370.0,2370.0,2370.0,0.0,0.0,0.0,0.0,0.0,0.0,0.0,0.0,2370.0,2370.0,2370.0,0.0,0.0,0.0,0.9999999957805906,0.9999999957805906,0.9999999957805906,2370.0,2370.0,0.0,0,0,False,False,False,False,False,False,True,False,False,True,False,False,False,False,False,False,False,False
2026-01-13,Andhra Pradesh,Nellore,Rapur,Paddy(Common),,,2370.0,2480.0,2440.0,2434.0,1,1,3,2.5,3.0,24.4285714285713,-0.9805194805194806,1,0.0,31.1,20.2,58.0,25.65,0.4,-0.04285714285714287,0,0,1,2320.0,0,0,0,0,110.0,4.709530201312334,2434.0,2370.0,2480.0,110.0,4.709530201312334,0.0,0.0,0.0,2434.0,2434.0,2434.0,2434.0,2370.0,2370.0,2480.0,2480.0,110.0,110.0,0.0,4.709530201312334,0.0,0.0,0.0,0.0,2434.0,2434.0,2434.5333333333333,0.0,0.0,2.921186973357616,0.9999999958915365,0.9999999958915365,0.9997809258456887,2434.0,2434.5333333333333,-0.533333333333303,0,0,False,False,False,False,False,False,False,True,False,False,False,False,False,False,False,False,True,False
2026-01-14,Andhra Pradesh,East Godavari,Jaggampet,Paddy(Common),,,2369.0,2379.0,2379.0,2377.0,2,1,3,0.0,2.5,24.357142857142726,-0.16666666666666663,1,0.0,31.3,18.9,70.0,25.1,0.4,-0.04285714285714287,0,0,1,2320.0,0,0,0,0,10.0,2.3978952727983707,2377.0,2369.0,2379.0,10.0,2.3978952727983707,0.0,0.0,0.0,2377.0,2377.0,2377.0,2377.0,2369.0,2369.0,2379.0,2379.0,10.0,10.0,0.0,2.3978952727983707,0.0,0.0,0.0,0.0,2377.0,2377.0,2377.0,0.0,0.0,0.0,0.9999999957930163,0.9999999957930163,0.9999999957930163,2377.0,2377.0,0.0,0,0,True,False,False,False,False,False,False,False,False,False,False,True,False,False,False,False,False,False
2026-01-14,Andhra Pradesh,Alluri Sitharama Raju,Rampachodvaram,Paddy(Common),,,2370.0,2370.0,2370.0,2370.0,2,1,3,0.0,2.5,24.357142857142726,-0.16666666666666663,1,0.0,31.3,18.9,70.0,25.1,0.4,-0.04285714285714287,0,0,1,2320.0,0,0,0,0,0.0,0.0,2370.0,2370.0,2370.0,0.0,0.0,0.0,0.0,0.0,2370.0,2370.0,2370.0,2370.0,2370.0,2370.0,2370.0,2370.0,0.0,0.0,0.0,0.0,0.0,0.0,0.0,0.0,2370.0,2370.0,2370.0,0.0,0.0,0.0,0.9999999957805906,0.9999999957805906,0.9999999957805906,2370.0,2370.0,0.0,0,0,False,False,False,False,False,False,True,False,False,True,False,False,False,False,False,False,False,False
2026-01-14,Andhra Pradesh,Nellore,Rapur,Paddy(Common),,,2370.0,2480.0,2440.0,2434.0,2,1,3,0.0,2.5,24.357142857142726,-0.16666666666666663,1,0.0,31.3,18.9,70.0,25.1,0.4,-0.04285714285714287,0,0,1,2320.0,0,0,0,0,110.0,4.709530201312334,2434.0,2370.0,2480.0,110.0,4.709530201312334,0.0,0.0,0.0,2434.0,2434.0,2434.0,2434.0,2370.0,2370.0,2480.0,2480.0,110.0,110.0,0.0,4.709530201312334,0.0,0.0,0.0,0.0,2434.0,2434.0,2434.0,0.0,0.0,0.0,0.9999999958915365,0.9999999958915365,0.9999999958915365,2434.0,2434.0,0.0,0,0,False,False,False,False,False,False,False,True,False,False,False,False,False,False,False,False,True,False
2026-01-15,Andhra Pradesh,East Godavari,Jaggampet,Paddy(Common),,,2369.0,2379.0,2379.0,2377.0,3,1,3,0.0,0.0,23.9285714285713,-1.0,1,0.1,31.3,20.1,76.0,25.700000000000003,0.4,-0.04285714285714287,0,0,1,2320.0,0,0,0,0,10.0,2.3978952727983707,2377.0,2369.0,2379.0,10.0,2.3978952727983707,0.0,0.0,0.0,2377.0,2377.0,2377.0,2377.0,2369.0,2369.0,2379.0,2379.0,10.0,10.0,0.0,2.3978952727983707,0.0,0.0,0.0,0.0,2377.0,2377.0,2377.0,0.0,0.0,0.0,0.9999999957930163,0.9999999957930163,0.9999999957930163,2377.0,2377.0,0.0,0,0,True,False,False,False,False,False,False,False,False,False,False,True,False,False,False,False,False,False
2026-01-15,Andhra Pradesh,Alluri Sitharama Raju,Rampachodvaram,Paddy(Common),,,2370.0,2370.0,2370.0,2370.0,3,1,3,0.0,0.0,23.9285714285713,-1.0,1,0.1,31.3,20.1,76.0,25.700000000000003,0.4,-0.04285714285714287,0,0,1,2320.0,0,0,0,0,0.0,0.0,2370.0,2370.0,2370.0,0.0,0.0,0.0,0.0,0.0,2370.0,2370.0,2370.0,2370.0,2370.0,2370.0,2370.0,2370.0,0.0,0.0,0.0,0.0,0.0,0.0,0.0,0.0,2370.0,2370.0,2370.0,0.0,0.0,0.0,0.9999999957805906,0.9999999957805906,0.9999999957805906,2370.0,2370.0,0.0,0,0,False,False,False,False,False,False,True,False,False,True,False,False,False,False,False,False,False,False
2026-01-15,Andhra Pradesh,Nellore,Rapur,Paddy(Common),,,2370.0,2480.0,2440.0,2434.0,3,1,3,0.0,0.0,23.9285714285713,-1.0,1,0.1,31.3,20.1,76.0,25.700000000000003,0.4,-0.04285714285714287,0,0,1,2320.0,0,0,0,0,110.0,4.709530201312334,2434.0,2370.0,2480.0,110.0,4.709530201312334,0.0,0.0,0.0,2434.0,2434.0,2434.0,2434.0,2370.0,2370.0,2480.0,2480.0,110.0,110.0,0.0,4.709530201312334,0.0,0.0,0.0,0.0,2434.0,2434.0,2434.0,0.0,0.0,0.0,0.9999999958915365,0.9999999958915365,0.9999999958915365,2434.0,2434.0,0.0,0,0,False,False,False,False,False,False,False,True,False,False,False,False,False,False,False,False,True,False
2026-01-16,Andhra Pradesh,East Godavari,Jaggampet,Paddy(Common),,,2369.0,2379.0,2379.0,2377.0,4,1,3,0.0,0.0,23.285714285714157,0.0,1,0.0,30.9,20.2,74.0,25.549999999999997,0.5,0.057142857142857106,0,0,1,2320.0,0,0,0,0,10.0,2.3978952727983707,2377.0,2369.0,2379.0,10.0,2.3978952727983707,0.0,0.0,0.0,2377.0,2377.0,2377.0,2377.0,2369.0,2369.0,2379.0,2379.0,10.0,10.0,0.0,2.3978952727983707,0.0,0.0,0.0,0.0,2377.0,2377.0,2377.0,0.0,0.0,0.0,0.9999999957930163,0.9999999957930163,0.9999999957930163,2377.0,2377.0,0.0,0,0,True,False,False,False,False,False,False,False,False,False,False,True,False,False,False,False,False,False
2026-01-16,Andhra Pradesh,Alluri Sitharama Raju,Rampachodvaram,Paddy(Common),,,2370.0,2370.0,2370.0,2370.0,4,1,3,0.0,0.0,23.285714285714157,0.0,1,0.0,30.9,20.2,74.0,25.549999999999997,0.5,0.057142857142857106,0,0,1,2320.0,0,0,0,0,0.0,0.0,2370.0,2370.0,2370.0,0.0,0.0,0.0,0.0,0.0,2370.0,2370.0,2370.0,2370.0,2370.0,2370.0,2370.0,2370.0,0.0,0.0,0.0,0.0,0.0,0.0,0.0,0.0,2370.0,2370.0,2370.0,0.0,0.0,0.0,0.9999999957805906,0.9999999957805906,0.9999999957805906,2370.0,2370.0,0.0,0,0,False,False,False,False,False,False,True,False,False,True,False,False,False,False,False,False,False,False
2026-01-16,Andhra Pradesh,Nellore,Rapur,Paddy(Common),,,2370.0,2480.0,2440.0,2434.0,4,1,3,0.0,0.0,23.285714285714157,0.0,1,0.0,30.9,20.2,74.0,25.549999999999997,0.5,0.057142857142857106,0,0,1,2320.0,0,0,0,0,110.0,4.709530201312334,2434.0,2370.0,2480.0,110.0,4.709530201312334,0.0,0.0,0.0,2434.0,2434.0,2434.0,2434.0,2370.0,2370.0,2480.0,2480.0,110.0,110.0,0.0,4.709530201312334,0.0,0.0,0.0,0.0,2434.0,2434.0,2434.0,0.0,0.0,0.0,0.9999999958915365,0.9999999958915365,0.9999999958915365,2434.0,2434.0,0.0,0,0,False,False,False,False,False,False,False,True,False,False,False,False,False,False,False,False,True,False
2026-01-17,Andhra Pradesh,East Godavari,Jaggampet,Paddy(Common),,,2369.0,2379.0,2379.0,2377.0,5,1,3,0.0,0.0,22.785714285714157,0.0,1,0.0,30.4,18.3,77.0,24.35,0.5,0.057142857142857106,0,0,1,2320.0,0,0,0,0,10.0,2.3978952727983707,2377.0,2369.0,2379.0,10.0,2.3978952727983707,0.0,0.0,0.0,2377.0,2377.0,2377.0,2377.0,2369.0,2369.0,2379.0,2379.0,10.0,10.0,0.0,2.3978952727983707,0.0,0.0,0.0,0.0,2377.0,2377.0,2377.0,0.0,0.0,0.0,0.9999999957930163,0.9999999957930163,0.9999999957930163,2377.0,2377.0,0.0,0,0,True,False,False,False,False,False,False,False,False,False,False,True,False,False,False,False,False,False
2026-01-17,Andhra Pradesh,Alluri Sitharama Raju,Rampachodvaram,Paddy(Common),,,2370.0,2370.0,2370.0,2370.0,5,1,3,0.0,0.0,22.785714285714157,0.0,1,0.0,30.4,18.3,77.0,24.35,0.5,0.057142857142857106,0,0,1,2320.0,0,0,0,0,0.0,0.0,2370.0,2370.0,2370.0,0.0,0.0,0.0,0.0,0.0,2370.0,2370.0,2370.0,2370.0,2370.0,2370.0,2370.0,2370.0,0.0,0.0,0.0,0.0,0.0,0.0,0.0,0.0,2370.0,2370.0,2370.0,0.0,0.0,0.0,0.9999999957805906,0.9999999957805906,0.9999999957805906,2370.0,2370.0,0.0,0,0,False,False,False,False,False,False,True,False,False,True,False,False,False,False,False,False,False,False
2026-01-17,Andhra Pradesh,Nellore,Rapur,Paddy(Common),,,2370.0,2480.0,2440.0,2434.0,5,1,3,0.0,0.0,22.785714285714157,0.0,1,0.0,30.4,18.3,77.0,24.35,0.5,0.057142857142857106,0,0,1,2320.0,0,0,0,0,110.0,4.709530201312334,2434.0,2370.0,2480.0,110.0,4.709530201312334,0.0,0.0,0.0,2434.0,2434.0,2434.0,2434.0,2370.0,2370.0,2480.0,2480.0,110.0,110.0,0.0,4.709530201312334,0.0,0.0,0.0,0.0,2434.0,2434.0,2434.0,0.0,0.0,0.0,0.9999999958915365,0.9999999958915365,0.9999999958915365,2434.0,2434.0,0.0,0,0,False,False,False,False,False,False,False,True,False,False,False,False,False,False,False,False,True,False
2026-01-18,Andhra Pradesh,East Godavari,Jaggampet,Paddy(Common),,,2369.0,2379.0,2379.0,2377.0,6,1,3,0.0,0.0,22.785714285714157,0.0,1,0.0,30.4,17.8,78.0,24.1,0.5,0.057142857142857106,0,0,1,2320.0,0,0,0,0,10.0,2.3978952727983707,2377.0,2369.0,2379.0,10.0,2.3978952727983707,0.0,0.0,0.0,2377.0,2377.0,2377.0,2377.0,2369.0,2369.0,2379.0,2379.0,10.0,10.0,0.0,2.3978952727983707,0.0,0.0,0.0,0.0,2377.0,2377.0,2377.0,0.0,0.0,0.0,0.9999999957930163,0.9999999957930163,0.9999999957930163,2377.0,2377.0,0.0,0,0,True,False,False,False,False,False,False,False,False,False,False,True,False,False,False,False,False,False
2026-01-18,Andhra Pradesh,Alluri Sitharama Raju,Rampachodvaram,Paddy(Common),,,2370.0,2370.0,2370.0,2370.0,6,1,3,0.0,0.0,22.785714285714157,0.0,1,0.0,30.4,17.8,78.0,24.1,0.5,0.057142857142857106,0,0,1,2320.0,0,0,0,0,0.0,0.0,2370.0,2370.0,2370.0,0.0,0.0,0.0,0.0,0.0,2370.0,2370.0,2370.0,2370.0,2370.0,2370.0,2370.0,2370.0,0.0,0.0,0.0,0.0,0.0,0.0,0.0,0.0,2370.0,2370.0,2370.0,0.0,0.0,0.0,0.9999999957805906,0.9999999957805906,0.9999999957805906,2370.0,2370.0,0.0,0,0,False,False,False,False,False,False,True,False,False,True,False,False,False,False,False,False,False,False
2026-01-18,Andhra Pradesh,Nellore,Rapur,Paddy(Common),,,2370.0,2480.0,2440.0,2434.0,6,1,3,0.0,0.0,22.785714285714157,0.0,1,0.0,30.4,17.8,78.0,24.1,0.5,0.057142857142857106,0,0,1,2320.0,0,0,0,0,110.0,4.709530201312334,2434.0,2370.0,2480.0,110.0,4.709530201312334,0.0,0.0,0.0,2434.0,2434.0,2434.0,2434.0,2370.0,2370.0,2480.0,2480.0,110.0,110.0,0.0,4.709530201312334,0.0,0.0,0.0,0.0,2434.0,2434.0,2434.0,0.0,0.0,0.0,0.9999999958915365,0.9999999958915365,0.9999999958915365,2434.0,2434.0,0.0,0,0,False,False,False,False,False,False,False,True,False,False,False,False,False,False,False,False,True,False
2026-01-19,Andhra Pradesh,East Godavari,Jaggampet,Paddy(Common),,,2369.0,2379.0,2379.0,2377.0,0,1,4,3.0,0.0,0.7857142857141558,0.0,1,0.0,30.7,18.4,76.0,24.549999999999997,0.1,0.04285714285714286,0,0,1,2320.0,0,0,0,0,10.0,2.3978952727983707,2377.0,2369.0,2379.0,10.0,2.3978952727983707,0.0,0.0,0.0,2377.0,2377.0,2377.0,2377.0,2369.0,2369.0,2379.0,2379.0,10.0,10.0,0.0,2.3978952727983707,0.0,0.0,0.0,0.0,2377.0,2377.0,2377.0,0.0,0.0,0.0,0.9999999957930163,0.9999999957930163,0.9999999957930163,2377.0,2377.0,0.0,0,0,True,False,False,False,False,False,False,False,False,False,False,True,False,False,False,False,False,False
2026-01-19,Andhra Pradesh,Alluri Sitharama Raju,Rampachodvaram,Paddy(Common),1001,Grade Range-2,2370.0,2370.0,2370.0,2370.0,0,1,4,3.0,0.0,0.7857142857141558,0.0,1,0.0,30.7,18.4,76.0,24.549999999999997,0.1,0.04285714285714286,0,0,1,2320.0,0,0,0,0,0.0,0.0,2370.0,2370.0,2370.0,0.0,0.0,0.0,0.0,0.0,2370.0,2370.0,2370.0,2370.0,2370.0,2370.0,2370.0,2370.0,0.0,0.0,0.0,0.0,0.0,0.0,0.0,0.0,2370.0,2370.0,2370.0,0.0,0.0,0.0,0.9999999957805906,0.9999999957805906,0.9999999957805906,2370.0,2370.0,0.0,0,0,False,False,False,False,False,False,True,False,False,True,False,False,False,False,False,False,False,False
2026-01-19,Andhra Pradesh,Nellore,Rapur,Paddy(Common),,,2370.0,2480.0,2440.0,2434.0,0,1,4,3.0,0.0,0.7857142857141558,0.0,1,0.0,30.7,18.4,76.0,24.549999999999997,0.1,0.04285714285714286,0,0,1,2320.0,0,0,0,0,110.0,4.709530201312334,2434.0,2370.0,2480.0,110.0,4.709530201312334,0.0,0.0,0.0,2434.0,2434.0,2434.0,2434.0,2370.0,2370.0,2480.0,2480.0,110.0,110.0,0.0,4.709530201312334,0.0,0.0,0.0,0.0,2434.0,2434.0,2434.0,0.0,0.0,0.0,0.9999999958915365,0.9999999958915365,0.9999999958915365,2434.0,2434.0,0.0,0,0,False,False,False,False,False,False,False,True,False,False,False,False,False,False,False,False,True,False
2026-01-20,Andhra Pradesh,East Godavari,Jaggampet,Paddy(Common),,,2369.0,2379.0,2379.0,2377.0,1,1,4,5.5,3.0,0.7857142857141558,0.0,1,0.0,30.5,18.4,71.0,24.45,0.1,0.04285714285714286,0,0,1,2320.0,0,0,0,0,10.0,2.3978952727983707,2377.0,2369.0,2379.0,10.0,2.3978952727983707,0.0,0.0,0.0,2377.0,2377.0,2377.0,2377.0,2369.0,2369.0,2379.0,2379.0,10.0,10.0,0.0,2.3978952727983707,0.0,0.0,0.0,0.0,2377.0,2377.0,2377.0,0.0,0.0,0.0,0.9999999957930163,0.9999999957930163,0.9999999957930163,2377.0,2377.0,0.0,0,0,True,False,False,False,False,False,False,False,False,False,False,True,False,False,False,False,False,False
2026-01-20,Andhra Pradesh,Alluri Sitharama Raju,Rampachodvaram,Paddy(Common),,,2370.0,2370.0,2370.0,2370.0,1,1,4,5.5,3.0,0.7857142857141558,0.0,1,0.0,30.5,18.4,71.0,24.45,0.1,0.04285714285714286,0,0,1,2320.0,0,0,0,0,0.0,0.0,2370.0,2370.0,2370.0,0.0,0.0,0.0,0.0,0.0,2370.0,2370.0,2370.0,2370.0,2370.0,2370.0,2370.0,2370.0,0.0,0.0,0.0,0.0,0.0,0.0,0.0,0.0,2370.0,2370.0,2370.0,0.0,0.0,0.0,0.9999999957805906,0.9999999957805906,0.9999999957805906,2370.0,2370.0,0.0,0,0,False,False,False,False,False,False,True,False,False,True,False,False,False,False,False,False,False,False
2026-01-20,Andhra Pradesh,Nellore,Rapur,Paddy(Common),,,2370.0,2480.0,2440.0,2434.0,1,1,4,5.5,3.0,0.7857142857141558,0.0,1,0.0,30.5,18.4,71.0,24.45,0.1,0.04285714285714286,0,0,1,2320.0,0,0,0,0,110.0,4.709530201312334,2434.0,2370.0,2480.0,110.0,4.709530201312334,0.0,0.0,0.0,2434.0,2434.0,2434.0,2434.0,2370.0,2370.0,2480.0,2480.0,110.0,110.0,0.0,4.709530201312334,0.0,0.0,0.0,0.0,2434.0,2434.0,2434.0,0.0,0.0,0.0,0.9999999958915365,0.9999999958915365,0.9999999958915365,2434.0,2434.0,0.0,0,0,False,False,False,False,False,False,False,True,False,False,False,False,False,False,False,False,True,False
2026-01-21,Andhra Pradesh,East Godavari,Jaggampet,Paddy(Common),,,2369.0,2379.0,2379.0,2377.0,2,1,4,0.0,5.5,1.2142857142855843,0.8333333333333333,1,0.0,30.2,18.7,63.0,24.45,0.1,0.04285714285714286,0,0,1,2320.0,0,0,0,0,10.0,2.3978952727983707,2377.0,2369.0,2379.0,10.0,2.3978952727983707,0.0,0.0,0.0,2377.0,2377.0,2377.0,2377.0,2369.0,2369.0,2379.0,2379.0,10.0,10.0,0.0,2.3978952727983707,0.0,0.0,0.0,0.0,2377.0,2377.0,2377.0,0.0,0.0,0.0,0.9999999957930163,0.9999999957930163,0.9999999957930163,2377.0,2377.0,0.0,0,0,True,False,False,False,False,False,False,False,False,False,False,True,False,False,False,False,False,False
2026-01-21,Andhra Pradesh,Alluri Sitharama Raju,Rampachodvaram,Paddy(Common),,,2370.0,2370.0,2370.0,2370.0,2,1,4,0.0,5.5,1.2142857142855843,0.8333333333333333,1,0.0,30.2,18.7,63.0,24.45,0.1,0.04285714285714286,0,0,1,2320.0,0,0,0,0,0.0,0.0,2370.0,2370.0,2370.0,0.0,0.0,0.0,0.0,0.0,2370.0,2370.0,2370.0,2370.0,2370.0,2370.0,2370.0,2370.0,0.0,0.0,0.0,0.0,0.0,0.0,0.0,0.0,2370.0,2370.0,2370.0,0.0,0.0,0.0,0.9999999957805906,0.9999999957805906,0.9999999957805906,2370.0,2370.0,0.0,0,0,False,False,False,False,False,False,True,False,False,True,False,False,False,False,False,False,False,False
2026-01-21,Andhra Pradesh,Nellore,Rapur,Paddy(Common),,,2370.0,2480.0,2440.0,2434.0,2,1,4,0.0,5.5,1.2142857142855843,0.8333333333333333,1,0.0,30.2,18.7,63.0,24.45,0.1,0.04285714285714286,0,0,1,2320.0,0,0,0,0,110.0,4.709530201312334,2434.0,2370.0,2480.0,110.0,4.709530201312334,0.0,0.0,0.0,2434.0,2434.0,2434.0,2434.0,2370.0,2370.0,2480.0,2480.0,110.0,110.0,0.0,4.709530201312334,0.0,0.0,0.0,0.0,2434.0,2434.0,2434.0,0.0,0.0,0.0,0.9999999958915365,0.9999999958915365,0.9999999958915365,2434.0,2434.0,0.0,0,0,False,False,False,False,False,False,False,True,False,False,False,False,False,False,False,False,True,False
2026-01-22,Andhra Pradesh,East Godavari,Jaggampet,Paddy(Common),,,2369.0,2379.0,2379.0,2377.0,3,1,4,158.9,0.0,1.2142857142855843,-1.0,0,0.0,29.8,17.9,66.0,23.85,0.1,0.04285714285714286,0,0,1,2320.0,0,0,0,0,10.0,2.3978952727983707,2377.0,2369.0,2379.0,10.0,2.3978952727983707,0.0,0.0,0.0,2377.0,2377.0,2377.0,2377.0,2369.0,2369.0,2379.0,2379.0,10.0,10.0,0.0,2.3978952727983707,0.0,0.0,0.0,0.0,2377.0,2377.0,2377.0,0.0,0.0,0.0,0.9999999957930163,0.9999999957930163,0.9999999957930163,2377.0,2377.0,0.0,0,0,True,False,False,False,False,False,False,False,False,False,False,True,False,False,False,False,False,False
2026-01-22,Andhra Pradesh,Alluri Sitharama Raju,Rampachodvaram,Paddy(Common),,,2370.0,2370.0,2370.0,2370.0,3,1,4,158.9,0.0,1.2142857142855843,-1.0,0,0.0,29.8,17.9,66.0,23.85,0.1,0.04285714285714286,0,0,1,2320.0,0,0,0,0,0.0,0.0,2370.0,2370.0,2370.0,0.0,0.0,0.0,0.0,0.0,2370.0,2370.0,2370.0,2370.0,2370.0,2370.0,2370.0,2370.0,0.0,0.0,0.0,0.0,0.0,0.0,0.0,0.0,2370.0,2370.0,2370.0,0.0,0.0,0.0,0.9999999957805906,0.9999999957805906,0.9999999957805906,2370.0,2370.0,0.0,0,0,False,False,False,False,False,False,True,False,False,True,False,False,False,False,False,False,False,False
2026-01-22,Andhra Pradesh,Nellore,Rapur,Paddy(Common),,,2370.0,2480.0,2440.0,2434.0,3,1,4,158.9,0.0,1.2142857142855843,-1.0,0,0.0,29.8,17.9,66.0,23.85,0.1,0.04285714285714286,0,0,1,2320.0,0,0,0,0,110.0,4.709530201312334,2434.0,2370.0,2480.0,110.0,4.709530201312334,0.0,0.0,0.0,2434.0,2434.0,2434.0,2434.0,2370.0,2370.0,2480.0,2480.0,110.0,110.0,0.0,4.709530201312334,0.0,0.0,0.0,0.0,2434.0,2434.0,2434.0,0.0,0.0,0.0,0.9999999958915365,0.9999999958915365,0.9999999958915365,2434.0,2434.0,0.0,0,0,False,False,False,False,False,False,False,True,False,False,False,False,False,False,False,False,True,False
2026-01-23,Andhra Pradesh,East Godavari,Jaggampet,Paddy(Common),,,2369.0,2379.0,2379.0,2377.0,4,1,4,245.6,158.9,23.914285714285587,0.0,0,0.0,29.5,18.7,71.0,24.1,0.0,-0.05714285714285715,0,0,1,2320.0,0,0,0,0,10.0,2.3978952727983707,2377.0,2369.0,2379.0,10.0,2.3978952727983707,0.0,0.0,0.0,2377.0,2377.0,2377.0,2377.0,2369.0,2369.0,2379.0,2379.0,10.0,10.0,0.0,2.3978952727983707,0.0,0.0,0.0,0.0,2377.0,2377.0,2377.0,0.0,0.0,0.0,0.9999999957930163,0.9999999957930163,0.9999999957930163,2377.0,2377.0,0.0,0,0,True,False,False,False,False,False,False,False,False,False,False,True,False,False,False,False,False,False
2026-01-23,Andhra Pradesh,Alluri Sitharama Raju,Rampachodvaram,Paddy(Common),,,2370.0,2370.0,2370.0,2370.0,4,1,4,245.6,158.9,23.914285714285587,0.0,0,0.0,29.5,18.7,71.0,24.1,0.0,-0.05714285714285715,0,0,1,2320.0,0,0,0,0,0.0,0.0,2370.0,2370.0,2370.0,0.0,0.0,0.0,0.0,0.0,2370.0,2370.0,2370.0,2370.0,2370.0,2370.0,2370.0,2370.0,0.0,0.0,0.0,0.0,0.0,0.0,0.0,0.0,2370.0,2370.0,2370.0,0.0,0.0,0.0,0.9999999957805906,0.9999999957805906,0.9999999957805906,2370.0,2370.0,0.0,0,0,False,False,False,False,False,False,True,False,False,True,False,False,False,False,False,False,False,False
2026-01-23,Andhra Pradesh,Nellore,Rapur,Paddy(Common),,,2370.0,2480.0,2440.0,2434.0,4,1,4,245.6,158.9,23.914285714285587,0.0,0,0.0,29.5,18.7,71.0,24.1,0.0,-0.05714285714285715,0,0,1,2320.0,0,0,0,0,110.0,4.709530201312334,2434.0,2370.0,2480.0,110.0,4.709530201312334,0.0,0.0,0.0,2434.0,2434.0,2434.0,2434.0,2370.0,2370.0,2480.0,2480.0,110.0,110.0,0.0,4.709530201312334,0.0,0.0,0.0,0.0,2434.0,2434.0,2434.0,0.0,0.0,0.0,0.9999999958915365,0.9999999958915365,0.9999999958915365,2434.0,2434.0,0.0,0,0,False,False,False,False,False,False,False,True,False,False,False,False,False,False,False,False,True,False
2026-01-24,Andhra Pradesh,East Godavari,Jaggampet,Paddy(Common),,,2369.0,2379.0,2379.0,2377.0,5,1,4,2.5,245.6,58.99999999999987,0.5456261799874134,1,0.0,29.7,20.8,68.0,25.25,0.0,-0.05714285714285715,0,0,1,2320.0,0,0,0,0,10.0,2.3978952727983707,2377.0,2369.0,2379.0,10.0,2.3978952727983707,0.0,0.0,0.0,2377.0,2377.0,2377.0,2377.0,2369.0,2369.0,2379.0,2379.0,10.0,10.0,0.0,2.3978952727983707,0.0,0.0,0.0,0.0,2377.0,2377.0,2377.0,0.0,0.0,0.0,0.9999999957930163,0.9999999957930163,0.9999999957930163,2377.0,2377.0,0.0,0,0,True,False,False,False,False,False,False,False,False,False,False,True,False,False,False,False,False,False
2026-01-24,Andhra Pradesh,Alluri Sitharama Raju,Rampachodvaram,Paddy(Common),1001,Grade Range-2,2370.0,2370.0,2370.0,2370.0,5,1,4,2.5,245.6,58.99999999999987,0.5456261799874134,1,0.0,29.7,20.8,68.0,25.25,0.0,-0.05714285714285715,0,0,1,2320.0,0,0,0,0,0.0,0.0,2370.0,2370.0,2370.0,0.0,0.0,0.0,0.0,0.0,2370.0,2370.0,2370.0,2370.0,2370.0,2370.0,2370.0,2370.0,0.0,0.0,0.0,0.0,0.0,0.0,0.0,0.0,2370.0,2370.0,2370.0,0.0,0.0,0.0,0.9999999957805906,0.9999999957805906,0.9999999957805906,2370.0,2370.0,0.0,0,0,False,False,False,False,False,False,True,False,False,True,False,False,False,False,False,False,False,False
2026-01-24,Andhra Pradesh,Nellore,Rapur,Paddy(Common),,,2370.0,2480.0,2440.0,2434.0,5,1,4,2.5,245.6,58.99999999999987,0.5456261799874134,1,0.0,29.7,20.8,68.0,25.25,0.0,-0.05714285714285715,0,0,1,2320.0,0,0,0,0,110.0,4.709530201312334,2434.0,2370.0,2480.0,110.0,4.709530201312334,0.0,0.0,0.0,2434.0,2434.0,2434.0,2434.0,2370.0,2370.0,2480.0,2480.0,110.0,110.0,0.0,4.709530201312334,0.0,0.0,0.0,0.0,2434.0,2434.0,2434.0,0.0,0.0,0.0,0.9999999958915365,0.9999999958915365,0.9999999958915365,2434.0,2434.0,0.0,0,0,False,False,False,False,False,False,False,True,False,False,False,False,False,False,False,False,True,False
2026-01-25,Andhra Pradesh,East Godavari,Jaggampet,Paddy(Common),,,2369.0,2379.0,2379.0,2377.0,6,1,4,0.0,2.5,59.357142857142726,-0.9898208469055375,1,0.0,31.3,21.4,65.0,26.35,0.0,-0.05714285714285715,0,0,1,2320.0,0,0,0,0,10.0,2.3978952727983707,2377.0,2369.0,2379.0,10.0,2.3978952727983707,0.0,0.0,0.0,2377.0,2377.0,2377.0,2377.0,2369.0,2369.0,2379.0,2379.0,10.0,10.0,0.0,2.3978952727983707,0.0,0.0,0.0,0.0,2377.0,2377.0,2377.0,0.0,0.0,0.0,0.9999999957930163,0.9999999957930163,0.9999999957930163,2377.0,2377.0,0.0,0,0,True,False,False,False,False,False,False,False,False,False,False,True,False,False,False,False,False,False
2026-01-25,Andhra Pradesh,Alluri Sitharama Raju,Rampachodvaram,Paddy(Common),,,2370.0,2370.0,2370.0,2370.0,6,1,4,0.0,2.5,59.357142857142726,-0.9898208469055375,1,0.0,31.3,21.4,65.0,26.35,0.0,-0.05714285714285715,0,0,1,2320.0,0,0,0,0,0.0,0.0,2370.0,2370.0,2370.0,0.0,0.0,0.0,0.0,0.0,2370.0,2370.0,2370.0,2370.0,2370.0,2370.0,2370.0,2370.0,0.0,0.0,0.0,0.0,0.0,0.0,0.0,0.0,2370.0,2370.0,2370.0,0.0,0.0,0.0,0.9999999957805906,0.9999999957805906,0.9999999957805906,2370.0,2370.0,0.0,0,0,False,False,False,False,False,False,True,False,False,True,False,False,False,False,False,False,False,False
2026-01-25,Andhra Pradesh,Nellore,Rapur,Paddy(Common),,,2370.0,2480.0,2440.0,2434.0,6,1,4,0.0,2.5,59.357142857142726,-0.9898208469055375,1,0.0,31.3,21.4,65.0,26.35,0.0,-0.05714285714285715,0,0,1,2320.0,0,0,0,0,110.0,4.709530201312334,2434.0,2370.0,2480.0,110.0,4.709530201312334,0.0,0.0,0.0,2434.0,2434.0,2434.0,2434.0,2370.0,2370.0,2480.0,2480.0,110.0,110.0,0.0,4.709530201312334,0.0,0.0,0.0,0.0,2434.0,2434.0,2434.0,0.0,0.0,0.0,0.9999999958915365,0.9999999958915365,0.9999999958915365,2434.0,2434.0,0.0,0,0,False,False,False,False,False,False,False,True,False,False,False,False,False,False,False,False,True,False
2026-01-26,Andhra Pradesh,East Godavari,Jaggampet,Paddy(Common),,,2369.0,2379.0,2379.0,2377.0,0,1,5,0.0,0.0,59.357142857142726,-1.0,1,0.0,31.1,20.3,65.0,25.700000000000003,0.0,-0.1,0,0,1,2320.0,0,0,0,0,10.0,2.3978952727983707,2377.0,2369.0,2379.0,10.0,2.3978952727983707,0.0,0.0,0.0,2377.0,2377.0,2377.0,2377.0,2369.0,2369.0,2379.0,2379.0,10.0,10.0,0.0,2.3978952727983707,0.0,0.0,0.0,0.0,2377.0,2377.0,2377.0,0.0,0.0,0.0,0.9999999957930163,0.9999999957930163,0.9999999957930163,2377.0,2377.0,0.0,0,0,True,False,False,False,False,False,False,False,False,False,False,True,False,False,False,False,False,False
2026-01-26,Andhra Pradesh,Alluri Sitharama Raju,Rampachodvaram,Paddy(Common),,,2370.0,2370.0,2370.0,2370.0,0,1,5,0.0,0.0,59.357142857142726,-1.0,1,0.0,31.1,20.3,65.0,25.700000000000003,0.0,-0.1,0,0,1,2320.0,0,0,0,0,0.0,0.0,2370.0,2370.0,2370.0,0.0,0.0,0.0,0.0,0.0,2370.0,2370.0,2370.0,2370.0,2370.0,2370.0,2370.0,2370.0,0.0,0.0,0.0,0.0,0.0,0.0,0.0,0.0,2370.0,2370.0,2370.0,0.0,0.0,0.0,0.9999999957805906,0.9999999957805906,0.9999999957805906,2370.0,2370.0,0.0,0,0,False,False,False,False,False,False,True,False,False,True,False,False,False,False,False,False,False,False
2026-01-26,Andhra Pradesh,Nellore,Rapur,Paddy(Common),,,2370.0,2480.0,2440.0,2434.0,0,1,5,0.0,0.0,59.357142857142726,-1.0,1,0.0,31.1,20.3,65.0,25.700000000000003,0.0,-0.1,0,0,1,2320.0,0,0,0,0,110.0,4.709530201312334,2434.0,2370.0,2480.0,110.0,4.709530201312334,0.0,0.0,0.0,2434.0,2434.0,2434.0,2434.0,2370.0,2370.0,2480.0,2480.0,110.0,110.0,0.0,4.709530201312334,0.0,0.0,0.0,0.0,2434.0,2434.0,2434.0,0.0,0.0,0.0,0.9999999958915365,0.9999999958915365,0.9999999958915365,2434.0,2434.0,0.0,0,0,False,False,False,False,False,False,False,True,False,False,False,False,False,False,False,False,True,False
2026-01-27,Andhra Pradesh,East Godavari,Jaggampet,Paddy(Common),,,2369.0,2379.0,2379.0,2377.0,1,1,5,833.0,0.0,58.928571428571296,0.0,0,0.0,31.2,19.0,68.0,25.1,0.0,-0.1,0,0,1,2320.0,0,0,0,0,10.0,2.3978952727983707,2377.0,2369.0,2379.0,10.0,2.3978952727983707,0.0,0.0,0.0,2377.0,2377.0,2377.0,2377.0,2369.0,2369.0,2379.0,2379.0,10.0,10.0,0.0,2.3978952727983707,0.0,0.0,0.0,0.0,2377.0,2377.0,2377.0,0.0,0.0,0.0,0.9999999957930163,0.9999999957930163,0.9999999957930163,2377.0,2377.0,0.0,0,0,True,False,False,False,False,False,False,False,False,False,False,True,False,False,False,False,False,False
2026-01-27,Andhra Pradesh,Alluri Sitharama Raju,Rampachodvaram,Paddy(Common),1001,Grade Range-2,2370.0,2370.0,2370.0,2370.0,1,1,5,833.0,0.0,58.928571428571296,0.0,0,0.0,31.2,19.0,68.0,25.1,0.0,-0.1,0,0,1,2320.0,0,0,0,0,0.0,0.0,2370.0,2370.0,2370.0,0.0,0.0,0.0,0.0,0.0,2370.0,2370.0,2370.0,2370.0,2370.0,2370.0,2370.0,2370.0,0.0,0.0,0.0,0.0,0.0,0.0,0.0,0.0,2370.0,2370.0,2370.0,0.0,0.0,0.0,0.9999999957805906,0.9999999957805906,0.9999999957805906,2370.0,2370.0,0.0,0,0,False,False,False,False,False,False,True,False,False,True,False,False,False,False,False,False,False,False
2026-01-27,Andhra Pradesh,Nellore,Rapur,Paddy(Common),,,2370.0,2480.0,2440.0,2434.0,1,1,5,833.0,0.0,58.928571428571296,0.0,0,0.0,31.2,19.0,68.0,25.1,0.0,-0.1,0,0,1,2320.0,0,0,0,0,110.0,4.709530201312334,2434.0,2370.0,2480.0,110.0,4.709530201312334,0.0,0.0,0.0,2434.0,2434.0,2434.0,2434.0,2370.0,2370.0,2480.0,2480.0,110.0,110.0,0.0,4.709530201312334,0.0,0.0,0.0,0.0,2434.0,2434.0,2434.0,0.0,0.0,0.0,0.9999999958915365,0.9999999958915365,0.9999999958915365,2434.0,2434.0,0.0,0,0,False,False,False,False,False,False,False,True,False,False,False,False,False,False,False,False,True,False
2026-01-28,Andhra Pradesh,East Godavari,Jaggampet,Paddy(Common),,,2369.0,2379.0,2379.0,2377.0,2,1,5,1995.4,833.0,177.14285714285703,0.0,0,0.1,30.8,18.9,74.0,24.85,0.0,-0.1,0,0,1,2320.0,0,0,0,0,10.0,2.3978952727983707,2377.0,2369.0,2379.0,10.0,2.3978952727983707,0.0,0.0,0.0,2377.0,2377.0,2377.0,2377.0,2369.0,2369.0,2379.0,2379.0,10.0,10.0,0.0,2.3978952727983707,0.0,0.0,0.0,0.0,2377.0,2377.0,2377.0,0.0,0.0,0.0,0.9999999957930163,0.9999999957930163,0.9999999957930163,2377.0,2377.0,0.0,0,0,True,False,False,False,False,False,False,False,False,False,False,True,False,False,False,False,False,False
2026-01-28,Andhra Pradesh,Alluri Sitharama Raju,Rampachodvaram,Paddy(Common),,,2370.0,2370.0,2370.0,2370.0,2,1,5,1995.4,833.0,177.14285714285703,0.0,0,0.1,30.8,18.9,74.0,24.85,0.0,-0.1,0,0,1,2320.0,0,0,0,0,0.0,0.0,2370.0,2370.0,2370.0,0.0,0.0,0.0,0.0,0.0,2370.0,2370.0,2370.0,2370.0,2370.0,2370.0,2370.0,2370.0,0.0,0.0,0.0,0.0,0.0,0.0,0.0,0.0,2370.0,2370.0,2370.0,0.0,0.0,0.0,0.9999999957805906,0.9999999957805906,0.9999999957805906,2370.0,2370.0,0.0,0,0,False,False,False,False,False,False,True,False,False,True,False,False,False,False,False,False,False,False
2026-01-28,Andhra Pradesh,Nellore,Rapur,Paddy(Common),,,2370.0,2480.0,2440.0,2434.0,2,1,5,1995.4,833.0,177.14285714285703,0.0,0,0.1,30.8,18.9,74.0,24.85,0.0,-0.1,0,0,1,2320.0,0,0,0,0,110.0,4.709530201312334,2434.0,2370.0,2480.0,110.0,4.709530201312334,0.0,0.0,0.0,2434.0,2434.0,2434.0,2434.0,2370.0,2370.0,2480.0,2480.0,110.0,110.0,0.0,4.709530201312334,0.0,0.0,0.0,0.0,2434.0,2434.0,2434.0,0.0,0.0,0.0,0.9999999958915365,0.9999999958915365,0.9999999958915365,2434.0,2434.0,0.0,0,0,False,False,False,False,False,False,False,True,False,False,False,False,False,False,False,False,True,False
2026-01-29,Andhra Pradesh,East Godavari,Jaggampet,Paddy(Common),,,2369.0,2379.0,2379.0,2377.0,3,1,5,1873.0,1995.4,462.1999999999999,1.3954381752701082,0,0.1,30.8,19.9,73.0,25.35,0.1,0.0,0,0,1,2320.0,0,0,0,0,10.0,2.3978952727983707,2377.0,2369.0,2379.0,10.0,2.3978952727983707,0.0,0.0,0.0,2377.0,2377.0,2377.0,2377.0,2369.0,2369.0,2379.0,2379.0,10.0,10.0,0.0,2.3978952727983707,0.0,0.0,0.0,0.0,2377.0,2377.0,2377.0,0.0,0.0,0.0,0.9999999957930163,0.9999999957930163,0.9999999957930163,2377.0,2377.0,0.0,0,0,True,False,False,False,False,False,False,False,False,False,False,True,False,False,False,False,False,False
2026-01-29,Andhra Pradesh,Alluri Sitharama Raju,Rampachodvaram,Paddy(Common),1001,Grade Range-2,2370.0,2370.0,2370.0,2370.0,3,1,5,1873.0,1995.4,462.1999999999999,1.3954381752701082,0,0.1,30.8,19.9,73.0,25.35,0.1,0.0,0,0,1,2320.0,0,0,0,0,0.0,0.0,2370.0,2370.0,2370.0,0.0,0.0,0.0,0.0,0.0,2370.0,2370.0,2370.0,2370.0,2370.0,2370.0,2370.0,2370.0,0.0,0.0,0.0,0.0,0.0,0.0,0.0,0.0,2370.0,2370.0,2370.0,0.0,0.0,0.0,0.9999999957805906,0.9999999957805906,0.9999999957805906,2370.0,2370.0,0.0,0,0,False,False,False,False,False,False,True,False,False,True,False,False,False,False,False,False,False,False
2026-01-29,Andhra Pradesh,Nellore,Rapur,Paddy(Common),,,2370.0,2480.0,2440.0,2434.0,3,1,5,1873.0,1995.4,462.1999999999999,1.3954381752701082,0,0.1,30.8,19.9,73.0,25.35,0.1,0.0,0,0,1,2320.0,0,0,0,0,110.0,4.709530201312334,2434.0,2370.0,2480.0,110.0,4.709530201312334,0.0,0.0,0.0,2434.0,2434.0,2434.0,2434.0,2370.0,2370.0,2480.0,2480.0,110.0,110.0,0.0,4.709530201312334,0.0,0.0,0.0,0.0,2434.0,2434.0,2434.0,0.0,0.0,0.0,0.9999999958915365,0.9999999958915365,0.9999999958915365,2434.0,2434.0,0.0,0,0,False,False,False,False,False,False,False,True,False,False,False,False,False,False,False,False,True,False
2026-01-30,Andhra Pradesh,East Godavari,Jaggampet,Paddy(Common),,,2369.0,2379.0,2379.0,2377.0,4,1,5,840.0,1873.0,707.0714285714284,-0.06134108449433706,0,0.0,31.1,19.8,68.0,25.450000000000003,0.2,0.1,0,0,1,2320.0,0,0,0,0,10.0,2.3978952727983707,2377.0,2369.0,2379.0,10.0,2.3978952727983707,0.0,0.0,0.0,2377.0,2377.0,2377.0,2377.0,2369.0,2369.0,2379.0,2379.0,10.0,10.0,0.0,2.3978952727983707,0.0,0.0,0.0,0.0,2377.0,2377.0,2377.0,0.0,0.0,0.0,0.9999999957930163,0.9999999957930163,0.9999999957930163,2377.0,2377.0,0.0,0,0,True,False,False,False,False,False,False,False,False,False,False,True,False,False,False,False,False,False
2026-01-30,Andhra Pradesh,Alluri Sitharama Raju,Rampachodvaram,Paddy(Common),,,2370.0,2370.0,2370.0,2370.0,4,1,5,840.0,1873.0,707.0714285714284,-0.06134108449433706,0,0.0,31.1,19.8,68.0,25.450000000000003,0.2,0.1,0,0,1,2320.0,0,0,0,0,0.0,0.0,2370.0,2370.0,2370.0,0.0,0.0,0.0,0.0,0.0,2370.0,2370.0,2370.0,2370.0,2370.0,2370.0,2370.0,2370.0,0.0,0.0,0.0,0.0,0.0,0.0,0.0,0.0,2370.0,2370.0,2370.0,0.0,0.0,0.0,0.9999999957805906,0.9999999957805906,0.9999999957805906,2370.0,2370.0,0.0,0,0,False,False,False,False,False,False,True,False,False,True,False,False,False,False,False,False,False,False
2026-01-30,Andhra Pradesh,Nellore,Rapur,Paddy(Common),,,2370.0,2480.0,2440.0,2434.0,4,1,5,840.0,1873.0,707.0714285714284,-0.06134108449433706,0,0.0,31.1,19.8,68.0,25.450000000000003,0.2,0.1,0,0,1,2320.0,0,0,0,0,110.0,4.709530201312334,2434.0,2370.0,2480.0,110.0,4.709530201312334,0.0,0.0,0.0,2434.0,2434.0,2434.0,2434.0,2370.0,2370.0,2480.0,2480.0,110.0,110.0,0.0,4.709530201312334,0.0,0.0,0.0,0.0,2434.0,2434.0,2434.0,0.0,0.0,0.0,0.9999999958915365,0.9999999958915365,0.9999999958915365,2434.0,2434.0,0.0,0,0,False,False,False,False,False,False,False,True,False,False,False,False,False,False,False,False,True,False
2026-01-31,Andhra Pradesh,East Godavari,Jaggampet,Paddy(Common),,,2369.0,2379.0,2379.0,2377.0,5,1,5,384.59,840.0,791.9857142857143,-0.5515216230646023,0,0.0,30.3,20.0,71.0,25.15,0.2,0.1,0,0,1,2320.0,0,0,0,1,10.0,2.3978952727983707,2377.0,2369.0,2379.0,10.0,2.3978952727983707,0.0,0.0,0.0,2377.0,2377.0,2377.0,2377.0,2369.0,2369.0,2379.0,2379.0,10.0,10.0,0.0,2.3978952727983707,0.0,0.0,0.0,0.0,2377.0,2377.0,2377.0,0.0,0.0,0.0,0.9999999957930163,0.9999999957930163,0.9999999957930163,2377.0,2377.0,0.0,0,0,True,False,False,False,False,False,False,False,False,False,False,True,False,False,False,False,False,False
2026-01-31,Andhra Pradesh,Alluri Sitharama Raju,Rampachodvaram,Paddy(Common),,,2370.0,2370.0,2370.0,2370.0,5,1,5,384.59,840.0,791.9857142857143,-0.5515216230646023,0,0.0,30.3,20.0,71.0,25.15,0.2,0.1,0,0,1,2320.0,0,0,0,1,0.0,0.0,2370.0,2370.0,2370.0,0.0,0.0,0.0,0.0,0.0,2370.0,2370.0,2370.0,2370.0,2370.0,2370.0,2370.0,2370.0,0.0,0.0,0.0,0.0,0.0,0.0,0.0,0.0,2370.0,2370.0,2370.0,0.0,0.0,0.0,0.9999999957805906,0.9999999957805906,0.9999999957805906,2370.0,2370.0,0.0,0,0,False,False,False,False,False,False,True,False,False,True,False,False,False,False,False,False,False,False
2026-01-31,Andhra Pradesh,Nellore,Rapur,Paddy(Common),,,2370.0,2480.0,2440.0,2434.0,5,1,5,384.59,840.0,791.9857142857143,-0.5515216230646023,0,0.0,30.3,20.0,71.0,25.15,0.2,0.1,0,0,1,2320.0,0,0,0,1,110.0,4.709530201312334,2434.0,2370.0,2480.0,110.0,4.709530201312334,0.0,0.0,0.0,2434.0,2434.0,2434.0,2434.0,2370.0,2370.0,2480.0,2480.0,110.0,110.0,0.0,4.709530201312334,0.0,0.0,0.0,0.0,2434.0,2434.0,2434.0,0.0,0.0,0.0,0.9999999958915365,0.9999999958915365,0.9999999958915365,2434.0,2434.0,0.0,0,0,False,False,False,False,False,False,False,True,False,False,False,False,False,False,False,False,True,False
2026-02-01,Andhra Pradesh,East Godavari,Jaggampet,Paddy(Common),,,2369.0,2379.0,2379.0,2377.0,6,2,5,0.0,384.59,846.5699999999999,-0.542154761904762,1,0.0,30.8,20.3,73.0,25.55,0.2,0.1,0,0,0,2320.0,0,0,0,0,10.0,2.3978952727983707,2377.0,2369.0,2379.0,10.0,2.3978952727983707,0.0,0.0,0.0,2377.0,2377.0,2377.0,2377.0,2369.0,2369.0,2379.0,2379.0,10.0,10.0,0.0,2.3978952727983707,0.0,0.0,0.0,0.0,2377.0,2377.0,2377.0,0.0,0.0,0.0,0.9999999957930163,0.9999999957930163,0.9999999957930163,2377.0,2377.0,0.0,0,0,True,False,False,False,False,False,False,False,False,False,False,True,False,False,False,False,False,False
2026-02-01,Andhra Pradesh,Alluri Sitharama Raju,Rampachodvaram,Paddy(Common),,,2370.0,2370.0,2370.0,2370.0,6,2,5,0.0,384.59,846.5699999999999,-0.542154761904762,1,0.0,30.8,20.3,73.0,25.55,0.2,0.1,0,0,0,2320.0,0,0,0,0,0.0,0.0,2370.0,2370.0,2370.0,0.0,0.0,0.0,0.0,0.0,2370.0,2370.0,2370.0,2370.0,2370.0,2370.0,2370.0,2370.0,0.0,0.0,0.0,0.0,0.0,0.0,0.0,0.0,2370.0,2370.0,2370.0,0.0,0.0,0.0,0.9999999957805906,0.9999999957805906,0.9999999957805906,2370.0,2370.0,0.0,0,0,False,False,False,False,False,False,True,False,False,True,False,False,False,False,False,False,False,False
2026-02-01,Andhra Pradesh,Nellore,Rapur,Paddy(Common),,,2370.0,2480.0,2440.0,2434.0,6,2,5,0.0,384.59,846.5699999999999,-0.542154761904762,1,0.0,30.8,20.3,73.0,25.55,0.2,0.1,0,0,0,2320.0,0,0,0,0,110.0,4.709530201312334,2434.0,2370.0,2480.0,110.0,4.709530201312334,0.0,0.0,0.0,2434.0,2434.0,2434.0,2434.0,2370.0,2370.0,2480.0,2480.0,110.0,110.0,0.0,4.709530201312334,0.0,0.0,0.0,0.0,2434.0,2434.0,2434.0,0.0,0.0,0.0,0.9999999958915365,0.9999999958915365,0.9999999958915365,2434.0,2434.0,0.0,0,0,False,False,False,False,False,False,False,True,False,False,False,False,False,False,False,False,True,False
2026-02-02,Andhra Pradesh,East Godavari,Jaggampet,Paddy(Common),,,2369.0,2379.0,2379.0,2377.0,0,2,6,100.0,0.0,846.5699999999999,-1.0,0,0.0,31.4,20.8,70.0,26.1,0.2,0.1,0,0,0,2320.0,0,0,0,0,10.0,2.3978952727983707,2377.0,2369.0,2379.0,10.0,2.3978952727983707,0.0,0.0,0.0,2377.0,2377.0,2377.0,2377.0,2369.0,2369.0,2379.0,2379.0,10.0,10.0,0.0,2.3978952727983707,0.0,0.0,0.0,0.0,2377.0,2377.0,2377.0,0.0,0.0,0.0,0.9999999957930163,0.9999999957930163,0.9999999957930163,2377.0,2377.0,0.0,0,0,True,False,False,False,False,False,False,False,False,False,False,True,False,False,False,False,False,False
2026-02-02,Andhra Pradesh,Alluri Sitharama Raju,Rampachodvaram,Paddy(Common),,,2370.0,2370.0,2370.0,2370.0,0,2,6,100.0,0.0,846.5699999999999,-1.0,0,0.0,31.4,20.8,70.0,26.1,0.2,0.1,0,0,0,2320.0,0,0,0,0,0.0,0.0,2370.0,2370.0,2370.0,0.0,0.0,0.0,0.0,0.0,2370.0,2370.0,2370.0,2370.0,2370.0,2370.0,2370.0,2370.0,0.0,0.0,0.0,0.0,0.0,0.0,0.0,0.0,2370.0,2370.0,2370.0,0.0,0.0,0.0,0.9999999957805906,0.9999999957805906,0.9999999957805906,2370.0,2370.0,0.0,0,0,False,False,False,False,False,False,True,False,False,True,False,False,False,False,False,False,False,False
2026-02-02,Andhra Pradesh,Nellore,Rapur,Paddy(Common),,,2370.0,2480.0,2440.0,2434.0,0,2,6,100.0,0.0,846.5699999999999,-1.0,0,0.0,31.4,20.8,70.0,26.1,0.2,0.1,0,0,0,2320.0,0,0,0,0,110.0,4.709530201312334,2434.0,2370.0,2480.0,110.0,4.709530201312334,0.0,0.0,0.0,2434.0,2434.0,2434.0,2434.0,2370.0,2370.0,2480.0,2480.0,110.0,110.0,0.0,4.709530201312334,0.0,0.0,0.0,0.0,2434.0,2434.0,2434.0,0.0,0.0,0.0,0.9999999958915365,0.9999999958915365,0.9999999958915365,2434.0,2434.0,0.0,0,0,False,False,False,False,False,False,False,True,False,False,False,False,False,False,False,False,True,False
2026-02-03,Andhra Pradesh,East Godavari,Jaggampet,Paddy(Common),,,2369.0,2379.0,2379.0,2377.0,1,2,6,0.0,100.0,860.8557142857143,0.0,1,0.0,30.6,20.1,70.0,25.35,0.2,0.1,0,0,0,2320.0,0,0,0,0,10.0,2.3978952727983707,2377.0,2369.0,2379.0,10.0,2.3978952727983707,0.0,0.0,0.0,2377.0,2377.0,2377.0,2377.0,2369.0,2369.0,2379.0,2379.0,10.0,10.0,0.0,2.3978952727983707,0.0,0.0,0.0,0.0,2377.0,2377.0,2377.0,0.0,0.0,0.0,0.9999999957930163,0.9999999957930163,0.9999999957930163,2377.0,2377.0,0.0,0,0,True,False,False,False,False,False,False,False,False,False,False,True,False,False,False,False,False,False
2026-02-03,Andhra Pradesh,Alluri Sitharama Raju,Rampachodvaram,Paddy(Common),,,2370.0,2370.0,2370.0,2370.0,1,2,6,0.0,100.0,860.8557142857143,0.0,1,0.0,30.6,20.1,70.0,25.35,0.2,0.1,0,0,0,2320.0,0,0,0,0,0.0,0.0,2370.0,2370.0,2370.0,0.0,0.0,0.0,0.0,0.0,2370.0,2370.0,2370.0,2370.0,2370.0,2370.0,2370.0,2370.0,0.0,0.0,0.0,0.0,0.0,0.0,0.0,0.0,2370.0,2370.0,2370.0,0.0,0.0,0.0,0.9999999957805906,0.9999999957805906,0.9999999957805906,2370.0,2370.0,0.0,0,0,False,False,False,False,False,False,True,False,False,True,False,False,False,False,False,False,False,False
2026-02-03,Andhra Pradesh,Nellore,Rapur,Paddy(Common),,,2370.0,2480.0,2440.0,2434.0,1,2,6,0.0,100.0,860.8557142857143,0.0,1,0.0,30.6,20.1,70.0,25.35,0.2,0.1,0,0,0,2320.0,0,0,0,0,110.0,4.709530201312334,2434.0,2370.0,2480.0,110.0,4.709530201312334,0.0,0.0,0.0,2434.0,2434.0,2434.0,2434.0,2370.0,2370.0,2480.0,2480.0,110.0,110.0,0.0,4.709530201312334,0.0,0.0,0.0,0.0,2434.0,2434.0,2434.0,0.0,0.0,0.0,0.9999999958915365,0.9999999958915365,0.9999999958915365,2434.0,2434.0,0.0,0,0,False,False,False,False,False,False,False,True,False,False,False,False,False,False,False,False,True,False
2026-02-04,Andhra Pradesh,East Godavari,Jaggampet,Paddy(Common),,,2369.0,2379.0,2379.0,2377.0,2,2,6,302.5,0.0,741.8557142857143,-1.0,0,0.0,30.5,21.2,66.0,25.85,0.2,0.1,0,0,0,2320.0,0,0,0,0,10.0,2.3978952727983707,2377.0,2369.0,2379.0,10.0,2.3978952727983707,0.0,0.0,0.0,2377.0,2377.0,2377.0,2377.0,2369.0,2369.0,2379.0,2379.0,10.0,10.0,0.0,2.3978952727983707,0.0,0.0,0.0,0.0,2377.0,2377.0,2377.0,0.0,0.0,0.0,0.9999999957930163,0.9999999957930163,0.9999999957930163,2377.0,2377.0,0.0,0,0,True,False,False,False,False,False,False,False,False,False,False,True,False,False,False,False,False,False
2026-02-04,Andhra Pradesh,Alluri Sitharama Raju,Rampachodvaram,Paddy(Common),1001,Grade Range-2,2370.0,2370.0,2370.0,2370.0,2,2,6,302.5,0.0,741.8557142857143,-1.0,0,0.0,30.5,21.2,66.0,25.85,0.2,0.1,0,0,0,2320.0,0,0,0,0,0.0,0.0,2370.0,2370.0,2370.0,0.0,0.0,0.0,0.0,0.0,2370.0,2370.0,2370.0,2370.0,2370.0,2370.0,2370.0,2370.0,0.0,0.0,0.0,0.0,0.0,0.0,0.0,0.0,2370.0,2370.0,2370.0,0.0,0.0,0.0,0.9999999957805906,0.9999999957805906,0.9999999957805906,2370.0,2370.0,0.0,0,0,False,False,False,False,False,False,True,False,False,True,False,False,False,False,False,False,False,False
2026-02-04,Andhra Pradesh,Nellore,Rapur,Paddy(Common),,,2370.0,2480.0,2440.0,2434.0,2,2,6,302.5,0.0,741.8557142857143,-1.0,0,0.0,30.5,21.2,66.0,25.85,0.2,0.1,0,0,0,2320.0,0,0,0,0,110.0,4.709530201312334,2434.0,2370.0,2480.0,110.0,4.709530201312334,0.0,0.0,0.0,2434.0,2434.0,2434.0,2434.0,2370.0,2370.0,2480.0,2480.0,110.0,110.0,0.0,4.709530201312334,0.0,0.0,0.0,0.0,2434.0,2434.0,2434.0,0.0,0.0,0.0,0.9999999958915365,0.9999999958915365,0.9999999958915365,2434.0,2434.0,0.0,0,0,False,False,False,False,False,False,False,True,False,False,False,False,False,False,False,False,True,False
2026-02-05,Andhra Pradesh,East Godavari,Jaggampet,Paddy(Common),,,2369.0,2379.0,2379.0,2377.0,3,2,6,0.0,302.5,500.01285714285706,0.0,1,0.0,31.5,19.6,60.0,25.55,0.1,0.0,0,0,0,2320.0,0,0,0,0,10.0,2.3978952727983707,2377.0,2369.0,2379.0,10.0,2.3978952727983707,0.0,0.0,0.0,2377.0,2377.0,2377.0,2377.0,2369.0,2369.0,2379.0,2379.0,10.0,10.0,0.0,2.3978952727983707,0.0,0.0,0.0,0.0,2377.0,2377.0,2377.0,0.0,0.0,0.0,0.9999999957930163,0.9999999957930163,0.9999999957930163,2377.0,2377.0,0.0,0,0,True,False,False,False,False,False,False,False,False,False,False,True,False,False,False,False,False,False
2026-02-05,Andhra Pradesh,Alluri Sitharama Raju,Rampachodvaram,Paddy(Common),,,2370.0,2370.0,2370.0,2370.0,3,2,6,0.0,302.5,500.01285714285706,0.0,1,0.0,31.5,19.6,60.0,25.55,0.1,0.0,0,0,0,2320.0,0,0,0,0,0.0,0.0,2370.0,2370.0,2370.0,0.0,0.0,0.0,0.0,0.0,2370.0,2370.0,2370.0,2370.0,2370.0,2370.0,2370.0,2370.0,0.0,0.0,0.0,0.0,0.0,0.0,0.0,0.0,2370.0,2370.0,2370.0,0.0,0.0,0.0,0.9999999957805906,0.9999999957805906,0.9999999957805906,2370.0,2370.0,0.0,0,0,False,False,False,False,False,False,True,False,False,True,False,False,False,False,False,False,False,False
2026-02-05,Andhra Pradesh,Nellore,Rapur,Paddy(Common),,,2370.0,2480.0,2440.0,2434.0,3,2,6,0.0,302.5,500.01285714285706,0.0,1,0.0,31.5,19.6,60.0,25.55,0.1,0.0,0,0,0,2320.0,0,0,0,0,110.0,4.709530201312334,2434.0,2370.0,2480.0,110.0,4.709530201312334,0.0,0.0,0.0,2434.0,2434.0,2434.0,2434.0,2370.0,2370.0,2480.0,2480.0,110.0,110.0,0.0,4.709530201312334,0.0,0.0,0.0,0.0,2434.0,2434.0,2434.0,0.0,0.0,0.0,0.9999999958915365,0.9999999958915365,0.9999999958915365,2434.0,2434.0,0.0,0,0,False,False,False,False,False,False,False,True,False,False,False,False,False,False,False,False,True,False
2026-02-06,Andhra Pradesh,East Godavari,Jaggampet,Paddy(Common),,,2369.0,2379.0,2379.0,2377.0,4,2,6,0.0,0.0,232.44142857142842,-1.0,1,0.0,32.0,19.0,63.0,25.5,0.0,-0.1,0,0,0,2320.0,0,0,0,0,10.0,2.3978952727983707,2377.0,2369.0,2379.0,10.0,2.3978952727983707,0.0,0.0,0.0,2377.0,2377.0,2377.0,2377.0,2369.0,2369.0,2379.0,2379.0,10.0,10.0,0.0,2.3978952727983707,0.0,0.0,0.0,0.0,2377.0,2377.0,2377.0,0.0,0.0,0.0,0.9999999957930163,0.9999999957930163,0.9999999957930163,2377.0,2377.0,0.0,0,0,True,False,False,False,False,False,False,False,False,False,False,True,False,False,False,False,False,False
2026-02-06,Andhra Pradesh,Alluri Sitharama Raju,Rampachodvaram,Paddy(Common),,,2370.0,2370.0,2370.0,2370.0,4,2,6,0.0,0.0,232.44142857142842,-1.0,1,0.0,32.0,19.0,63.0,25.5,0.0,-0.1,0,0,0,2320.0,0,0,0,0,0.0,0.0,2370.0,2370.0,2370.0,0.0,0.0,0.0,0.0,0.0,2370.0,2370.0,2370.0,2370.0,2370.0,2370.0,2370.0,2370.0,0.0,0.0,0.0,0.0,0.0,0.0,0.0,0.0,2370.0,2370.0,2370.0,0.0,0.0,0.0,0.9999999957805906,0.9999999957805906,0.9999999957805906,2370.0,2370.0,0.0,0,0,False,False,False,False,False,False,True,False,False,True,False,False,False,False,False,False,False,False
2026-02-06,Andhra Pradesh,Nellore,Rapur,Paddy(Common),,,2370.0,2480.0,2440.0,2434.0,4,2,6,0.0,0.0,232.44142857142842,-1.0,1,0.0,32.0,19.0,63.0,25.5,0.0,-0.1,0,0,0,2320.0,0,0,0,0,110.0,4.709530201312334,2434.0,2370.0,2480.0,110.0,4.709530201312334,0.0,0.0,0.0,2434.0,2434.0,2434.0,2434.0,2370.0,2370.0,2480.0,2480.0,110.0,110.0,0.0,4.709530201312334,0.0,0.0,0.0,0.0,2434.0,2434.0,2434.0,0.0,0.0,0.0,0.9999999958915365,0.9999999958915365,0.9999999958915365,2434.0,2434.0,0.0,0,0,False,False,False,False,False,False,False,True,False,False,False,False,False,False,False,False,True,False
2026-02-07,Andhra Pradesh,East Godavari,Jaggampet,Paddy(Common),,,2369.0,2379.0,2379.0,2377.0,5,2,6,3.5,0.0,112.44142857142843,0.0,1,0.0,32.0,17.7,67.0,24.85,0.0,-0.1,0,0,0,2320.0,0,0,0,0,10.0,2.3978952727983707,2377.0,2369.0,2379.0,10.0,2.3978952727983707,0.0,0.0,0.0,2377.0,2377.0,2377.0,2377.0,2369.0,2369.0,2379.0,2379.0,10.0,10.0,0.0,2.3978952727983707,0.0,0.0,0.0,0.0,2377.0,2377.0,2377.0,0.0,0.0,0.0,0.9999999957930163,0.9999999957930163,0.9999999957930163,2377.0,2377.0,0.0,0,0,True,False,False,False,False,False,False,False,False,False,False,True,False,False,False,False,False,False
2026-02-07,Andhra Pradesh,Alluri Sitharama Raju,Rampachodvaram,Paddy(Common),1001,Grade Range-2,2370.0,2370.0,2370.0,2370.0,5,2,6,3.5,0.0,112.44142857142843,0.0,1,0.0,32.0,17.7,67.0,24.85,0.0,-0.1,0,0,0,2320.0,0,0,0,0,0.0,0.0,2370.0,2370.0,2370.0,0.0,0.0,0.0,0.0,0.0,2370.0,2370.0,2370.0,2370.0,2370.0,2370.0,2370.0,2370.0,0.0,0.0,0.0,0.0,0.0,0.0,0.0,0.0,2370.0,2370.0,2370.0,0.0,0.0,0.0,0.9999999957805906,0.9999999957805906,0.9999999957805906,2370.0,2370.0,0.0,0,0,False,False,False,False,False,False,True,False,False,True,False,False,False,False,False,False,False,False
2026-02-07,Andhra Pradesh,Nellore,Rapur,Paddy(Common),,,2370.0,2480.0,2440.0,2434.0,5,2,6,3.5,0.0,112.44142857142843,0.0,1,0.0,32.0,17.7,67.0,24.85,0.0,-0.1,0,0,0,2320.0,0,0,0,0,110.0,4.709530201312334,2434.0,2370.0,2480.0,110.0,4.709530201312334,0.0,0.0,0.0,2434.0,2434.0,2434.0,2434.0,2370.0,2370.0,2480.0,2480.0,110.0,110.0,0.0,4.709530201312334,0.0,0.0,0.0,0.0,2434.0,2434.0,2434.0,0.0,0.0,0.0,0.9999999958915365,0.9999999958915365,0.9999999958915365,2434.0,2434.0,0.0,0,0,False,False,False,False,False,False,False,True,False,False,False,False,False,False,False,False,True,False
2026-02-08,Andhra Pradesh,East Godavari,Jaggampet,Paddy(Common),,,2369.0,2379.0,2379.0,2377.0,6,2,6,0.0,3.5,57.99999999999987,0.0,1,0.0,32.2,18.6,67.0,25.400000000000002,0.0,-0.1,0,0,0,2320.0,0,0,0,0,10.0,2.3978952727983707,2377.0,2369.0,2379.0,10.0,2.3978952727983707,0.0,0.0,0.0,2377.0,2377.0,2377.0,2377.0,2369.0,2369.0,2379.0,2379.0,10.0,10.0,0.0,2.3978952727983707,0.0,0.0,0.0,0.0,2377.0,2377.0,2377.0,0.0,0.0,0.0,0.9999999957930163,0.9999999957930163,0.9999999957930163,2377.0,2377.0,0.0,0,0,True,False,False,False,False,False,False,False,False,False,False,True,False,False,False,False,False,False
2026-02-08,Andhra Pradesh,Alluri Sitharama Raju,Rampachodvaram,Paddy(Common),,,2370.0,2370.0,2370.0,2370.0,6,2,6,0.0,3.5,57.99999999999987,0.0,1,0.0,32.2,18.6,67.0,25.400000000000002,0.0,-0.1,0,0,0,2320.0,0,0,0,0,0.0,0.0,2370.0,2370.0,2370.0,0.0,0.0,0.0,0.0,0.0,2370.0,2370.0,2370.0,2370.0,2370.0,2370.0,2370.0,2370.0,0.0,0.0,0.0,0.0,0.0,0.0,0.0,0.0,2370.0,2370.0,2370.0,0.0,0.0,0.0,0.9999999957805906,0.9999999957805906,0.9999999957805906,2370.0,2370.0,0.0,0,0,False,False,False,False,False,False,True,False,False,True,False,False,False,False,False,False,False,False
2026-02-08,Andhra Pradesh,Nellore,Rapur,Paddy(Common),,,2370.0,2480.0,2440.0,2434.0,6,2,6,0.0,3.5,57.99999999999987,0.0,1,0.0,32.2,18.6,67.0,25.400000000000002,0.0,-0.1,0,0,0,2320.0,0,0,0,0,110.0,4.709530201312334,2434.0,2380.0,2470.0,90.0,4.51085950651685,0.0,0.004219409264897007,-0.004032258048257024,2434.0,2434.0,2434.0,2434.0,2370.0,2370.0,2480.0,2480.0,110.0,110.0,0.0,4.709530201312334,0.0,0.0,0.0,0.0,2434.0,2434.0,2434.0,0.0,0.0,0.0,0.9999999958915365,0.9999999958915365,0.9999999958915365,2434.0,2434.0,0.0,0,0,False,False,False,False,False,False,False,True,False,False,False,False,False,False,False,False,True,False
2026-02-09,Andhra Pradesh,East Godavari,Jaggampet,Paddy(Common),,,2369.0,2379.0,2379.0,2377.0,0,2,7,73.22,0.0,57.99999999999987,-1.0,0,0.0,31.0,19.3,72.0,25.15,0.0,0.0,0,0,0,2320.0,0,0,0,0,10.0,2.3978952727983707,2377.0,2369.0,2379.0,10.0,2.3978952727983707,0.0,0.0,0.0,2377.0,2377.0,2377.0,2377.0,2369.0,2369.0,2379.0,2379.0,10.0,10.0,0.0,2.3978952727983707,0.0,0.0,0.0,0.0,2377.0,2377.0,2377.0,0.0,0.0,0.0,0.9999999957930163,0.9999999957930163,0.9999999957930163,2377.0,2377.0,0.0,0,0,True,False,False,False,False,False,False,False,False,False,False,True,False,False,False,False,False,False
2026-02-09,Andhra Pradesh,Nellore,Rapur,Paddy(Common),Common,Local,2380.0,2470.0,2440.0,2434.0,0,2,7,73.22,0.0,57.99999999999987,-1.0,0,0.0,31.0,19.3,72.0,25.15,0.0,0.0,0,0,0,2320.0,0,0,0,0,90.0,4.51085950651685,2426.0,2380.0,2460.0,80.0,4.394449154672439,-0.0032867707342367674,0.0,-0.004048582979560392,2434.0,2434.0,2434.0,2434.0,2370.0,2370.0,2480.0,2480.0,110.0,110.0,0.0,4.709530201312334,0.0,0.0,0.0,0.0,2434.0,2434.0,2434.0,0.0,0.0,0.0,0.9999999958915365,0.9999999958915365,0.9999999958915365,2434.0,2434.0,0.0,0,0,False,False,False,False,False,False,False,True,False,False,False,False,False,False,False,False,True,False
2026-02-10,Andhra Pradesh,East Godavari,Jaggampet,Paddy(Common),,,2369.0,2379.0,2379.0,2377.0,1,2,7,55.0,73.22,54.17428571428559,0.0,0,0.0,31.4,19.3,72.0,25.35,0.0,0.0,0,0,0,2320.0,0,0,0,0,10.0,2.3978952727983707,2377.0,2369.0,2379.0,10.0,2.3978952727983707,0.0,0.0,0.0,2377.0,2377.0,2377.0,2377.0,2369.0,2369.0,2379.0,2379.0,10.0,10.0,0.0,2.3978952727983707,0.0,0.0,0.0,0.0,2377.0,2377.0,2377.0,0.0,0.0,0.0,0.9999999957930163,0.9999999957930163,0.9999999957930163,2377.0,2377.0,0.0,0,0,True,False,False,False,False,False,False,False,False,False,False,True,False,False,False,False,False,False
2026-02-10,Andhra Pradesh,Nellore,Rapur,Paddy(Common),Common,Local,2380.0,2460.0,2430.0,2426.0,1,2,7,55.0,73.22,54.17428571428559,0.0,0,0.0,31.4,19.3,72.0,25.35,0.0,0.0,0,0,0,2320.0,0,0,0,0,80.0,4.394449154672439,2426.0,2380.0,2460.0,80.0,4.394449154672439,0.0,0.0,0.0,2434.0,2434.0,2434.0,2434.0,2380.0,2371.4285714285716,2470.0,2478.5714285714284,90.0,107.14285714285714,7.55928946018452,4.51085950651685,-0.0032867707342367674,-0.0032867707342367674,-0.0032867707342367674,-0.0032867707342367674,2434.0,2434.0,2434.0,0.0,0.0,0.0,0.9967132251572998,0.9967132251572998,0.9967132251572998,2434.0,2434.0,0.0,0,0,False,False,False,False,False,False,False,True,False,False,False,False,False,False,False,False,True,False
2026-02-11,Andhra Pradesh,East Godavari,Jaggampet,Paddy(Common),,,2369.0,2379.0,2379.0,2377.0,2,2,7,0.0,55.0,62.03142857142844,-0.24883911499590272,1,0.0,31.8,19.3,66.0,25.55,0.0,0.0,0,0,0,2320.0,0,0,0,0,10.0,2.3978952727983707,2377.0,2369.0,2379.0,10.0,2.3978952727983707,0.0,0.0,0.0,2377.0,2377.0,2377.0,2377.0,2369.0,2369.0,2379.0,2379.0,10.0,10.0,0.0,2.3978952727983707,0.0,0.0,0.0,0.0,2377.0,2377.0,2377.0,0.0,0.0,0.0,0.9999999957930163,0.9999999957930163,0.9999999957930163,2377.0,2377.0,0.0,0,0,True,False,False,False,False,False,False,False,False,False,False,True,False,False,False,False,False,False
2026-02-11,Andhra Pradesh,Nellore,Rapur,Paddy(Common),,,2380.0,2460.0,2430.0,2426.0,2,2,7,0.0,55.0,62.03142857142844,-0.24883911499590272,1,0.0,31.8,19.3,66.0,25.55,0.0,0.0,0,0,0,2320.0,0,0,0,0,80.0,4.394449154672439,2426.0,2380.0,2460.0,80.0,4.394449154672439,0.0,0.0,0.0,2426.0,2434.0,2434.0,2434.0,2380.0,2372.8571428571427,2460.0,2475.714285714286,80.0,102.85714285714286,12.53566341056015,4.394449154672439,0.0,-0.0032867707342367674,-0.0032867707342367674,-0.0032867707342367674,2432.8571428571427,2433.4285714285716,2433.733333333333,3.023715784073774,2.1380899352949863,1.460593486672653,0.9971814404108807,0.9969472778098913,0.9968224360509679,2432.8571428571427,2433.733333333333,-0.3047619047615626,0,0,False,False,False,False,False,False,False,True,False,False,False,False,False,False,False,False,True,False
2026-02-12,Andhra Pradesh,East Godavari,Jaggampet,Paddy(Common),,,2369.0,2379.0,2379.0,2377.0,3,2,7,0.0,0.0,18.817142857142727,-1.0,1,0.0,32.6,18.9,62.0,25.75,0.0,0.0,0,0,0,2320.0,0,0,0,0,10.0,2.3978952727983707,2377.0,2369.0,2379.0,10.0,2.3978952727983707,0.0,0.0,0.0,2377.0,2377.0,2377.0,2377.0,2369.0,2369.0,2379.0,2379.0,10.0,10.0,0.0,2.3978952727983707,0.0,0.0,0.0,0.0,2377.0,2377.0,2377.0,0.0,0.0,0.0,0.9999999957930163,0.9999999957930163,0.9999999957930163,2377.0,2377.0,0.0,0,0,True,False,False,False,False,False,False,False,False,False,False,True,False,False,False,False,False,False
2026-02-12,Andhra Pradesh,Nellore,Rapur,Paddy(Common),,,2380.0,2460.0,2430.0,2426.0,3,2,7,0.0,0.0,18.817142857142727,-1.0,1,0.0,32.6,18.9,62.0,25.75,0.0,0.0,0,0,0,2320.0,0,0,0,0,80.0,4.394449154672439,2426.0,2380.0,2460.0,80.0,4.394449154672439,0.0,0.0,0.0,2426.0,2434.0,2434.0,2434.0,2380.0,2374.285714285714,2460.0,2472.8571428571427,80.0,98.57142857142857,14.638501094227973,4.394449154672439,0.0,-0.0032867707342367674,-0.0032867707342367674,-0.0032867707342367674,2431.714285714286,2432.8571428571427,2433.4666666666667,3.9036002917940804,2.905092156806789,2.029665053613848,0.9976500957680937,0.9971814404108807,0.9969316708799585,2431.714285714286,2433.4666666666667,-0.6095238095240347,0,0,False,False,False,False,False,False,False,True,False,False,False,False,False,False,False,False,True,False
2026-02-13,Andhra Pradesh,East Godavari,Jaggampet,Paddy(Common),,,2369.0,2379.0,2379.0,2377.0,4,2,7,3.5,0.0,18.817142857142727,0.0,1,0.0,32.2,18.2,64.0,25.200000000000003,0.0,0.0,0,0,0,2320.0,0,0,0,0,10.0,2.3978952727983707,2377.0,2369.0,2379.0,10.0,2.3978952727983707,0.0,0.0,0.0,2377.0,2377.0,2377.0,2377.0,2369.0,2369.0,2379.0,2379.0,10.0,10.0,0.0,2.3978952727983707,0.0,0.0,0.0,0.0,2377.0,2377.0,2377.0,0.0,0.0,0.0,0.9999999957930163,0.9999999957930163,0.9999999957930163,2377.0,2377.0,0.0,0,0,True,False,False,False,False,False,False,False,False,False,False,True,False,False,False,False,False,False
2026-02-13,Andhra Pradesh,Nellore,Rapur,Paddy(Common),,,2380.0,2460.0,2430.0,2426.0,4,2,7,3.5,0.0,18.817142857142727,0.0,1,0.0,32.2,18.2,64.0,25.200000000000003,0.0,0.0,0,0,0,2320.0,0,0,0,0,80.0,4.394449154672439,2426.0,2380.0,2460.0,80.0,4.394449154672439,0.0,0.0,0.0,2426.0,2426.0,2434.0,2434.0,2380.0,2375.714285714286,2460.0,2470.0,80.0,94.28571428571429,15.118578920369059,4.394449154672439,0.0,0.0,-0.0032867707342367674,-0.0032867707342367674,2430.5714285714284,2432.285714285714,2433.2,4.276179870598799,3.4065225090074183,2.4410286130298333,0.9981191918497505,0.9974157130377599,0.9970409296521415,2430.5714285714284,2433.2,-0.9142857142855974,0,0,False,False,False,False,False,False,False,True,False,False,False,False,False,False,False,False,True,False
2026-02-14,Andhra Pradesh,East Godavari,Jaggampet,Paddy(Common),,,2369.0,2379.0,2379.0,2377.0,5,2,7,0.0,3.5,19.317142857142727,0.0,1,0.0,32.5,18.7,71.0,25.6,0.0,0.0,0,0,0,2320.0,0,0,0,0,10.0,2.3978952727983707,2377.0,2369.0,2379.0,10.0,2.3978952727983707,0.0,0.0,0.0,2377.0,2377.0,2377.0,2377.0,2369.0,2369.0,2379.0,2379.0,10.0,10.0,0.0,2.3978952727983707,0.0,0.0,0.0,0.0,2377.0,2377.0,2377.0,0.0,0.0,0.0,0.9999999957930163,0.9999999957930163,0.9999999957930163,2377.0,2377.0,0.0,0,0,True,False,False,False,False,False,False,False,False,False,False,True,False,False,False,False,False,False
2026-02-14,Andhra Pradesh,Nellore,Rapur,Paddy(Common),,,2380.0,2460.0,2430.0,2426.0,5,2,7,0.0,3.5,19.317142857142727,0.0,1,0.0,32.5,18.7,71.0,25.6,0.0,0.0,0,0,0,2320.0,0,0,0,0,80.0,4.394449154672439,2426.0,2380.0,2460.0,80.0,4.394449154672439,0.0,0.0,0.0,2426.0,2426.0,2434.0,2434.0,2380.0,2377.1428571428573,2460.0,2467.1428571428573,80.0,90.0,14.142135623730912,4.394449154672439,0.0,0.0,-0.0032867707342367674,-0.0032867707342367674,2429.4285714285716,2431.714285714286,2432.9333333333334,4.276179870598932,3.750457847504971,2.7659672291294113,0.9985887292778306,0.9976500957680937,0.9971502123753895,2429.4285714285716,2432.9333333333334,-1.2190476190476147,0,0,False,False,False,False,False,False,False,True,False,False,False,False,False,False,False,False,True,False
2026-02-15,Andhra Pradesh,East Godavari,Jaggampet,Paddy(Common),,,2369.0,2379.0,2379.0,2377.0,6,2,7,0.0,0.0,18.817142857142727,-1.0,1,0.0,33.4,19.8,72.0,26.6,0.0,0.0,0,0,0,2320.0,0,0,0,0,10.0,2.3978952727983707,2377.0,2369.0,2379.0,10.0,2.3978952727983707,0.0,0.0,0.0,2377.0,2377.0,2377.0,2377.0,2369.0,2369.0,2379.0,2379.0,10.0,10.0,0.0,2.3978952727983707,0.0,0.0,0.0,0.0,2377.0,2377.0,2377.0,0.0,0.0,0.0,0.9999999957930163,0.9999999957930163,0.9999999957930163,2377.0,2377.0,0.0,0,0,True,False,False,False,False,False,False,False,False,False,False,True,False,False,False,False,False,False
2026-02-15,Andhra Pradesh,Nellore,Rapur,Paddy(Common),,,2380.0,2460.0,2430.0,2426.0,6,2,7,0.0,0.0,18.817142857142727,-1.0,1,0.0,33.4,19.8,72.0,26.6,0.0,0.0,0,0,0,2320.0,0,0,0,0,80.0,4.394449154672439,2416.0,2380.0,2440.0,60.0,4.110873864173311,-0.004122011524641337,0.0,-0.008130081267763897,2426.0,2426.0,2434.0,2434.0,2380.0,2378.5714285714284,2460.0,2464.285714285714,80.0,85.71428571428571,11.338934190276763,4.394449154672439,0.0,0.0,-0.0032867707342367674,-0.0032867707342367674,2428.285714285714,2431.1428571428573,2432.6666666666665,3.9036002917945134,3.9779612647877984,3.0323921743112106,0.9990587086754847,0.9978845886795202,0.9972595190575794,2428.285714285714,2432.6666666666665,-1.5238095238091773,0,0,False,False,False,False,False,False,False,True,False,False,False,False,False,False,False,False,True,False
2026-02-16,Andhra Pradesh,East Godavari,Jaggampet,Paddy(Common),,,2369.0,2379.0,2379.0,2377.0,0,2,8,17.0,0.0,18.817142857142727,0.0,0,0.0,33.5,20.3,70.0,26.9,0.0,-0.014285714285714287,0,0,0,2320.0,0,0,0,0,10.0,2.3978952727983707,2377.0,2369.0,2379.0,10.0,2.3978952727983707,0.0,0.0,0.0,2377.0,2377.0,2377.0,2377.0,2369.0,2369.0,2379.0,2379.0,10.0,10.0,0.0,2.3978952727983707,0.0,0.0,0.0,0.0,2377.0,2377.0,2377.0,0.0,0.0,0.0,0.9999999957930163,0.9999999957930163,0.9999999957930163,2377.0,2377.0,0.0,0,0,True,False,False,False,False,False,False,False,False,False,False,True,False,False,False,False,False,False
2026-02-16,Andhra Pradesh,Nellore,Rapur,Paddy(Common),Common,Local,2380.0,2440.0,2420.0,2416.0,0,2,8,17.0,0.0,18.817142857142727,0.0,0,0.0,33.5,20.3,70.0,26.9,0.0,-0.014285714285714287,0,0,0,2320.0,0,0,0,0,60.0,4.110873864173311,2416.0,2380.0,2440.0,60.0,4.110873864173311,0.0,0.0,0.0,2426.0,2426.0,2434.0,2434.0,2380.0,2380.0,2460.0,2461.4285714285716,80.0,81.42857142857143,3.779644730092102,4.394449154672439,-0.004122011524641337,-0.004122011524641337,-0.007395234152032726,-0.007395234152032726,2427.1428571428573,2430.5714285714284,2432.4,3.0237157840747053,4.10842072810172,3.254704817375647,0.9954090600542297,0.9940049330210212,0.9932576837968355,2427.1428571428573,2432.4,-1.8285714285716494,0,0,False,False,False,False,False,False,False,True,False,False,False,False,False,False,False,False,True,False
2026-02-17,Andhra Pradesh,East Godavari,Jaggampet,Paddy(Common),,,2369.0,2379.0,2379.0,2377.0,1,2,8,6.65,17.0,10.785714285714155,0.0,1,0.0,33.2,19.9,70.0,26.55,0.0,-0.014285714285714287,0,0,0,2320.0,0,0,0,0,10.0,2.3978952727983707,2377.0,2369.0,2379.0,10.0,2.3978952727983707,0.0,0.0,0.0,2377.0,2377.0,2377.0,2377.0,2369.0,2369.0,2379.0,2379.0,10.0,10.0,0.0,2.3978952727983707,0.0,0.0,0.0,0.0,2377.0,2377.0,2377.0,0.0,0.0,0.0,0.9999999957930163,0.9999999957930163,0.9999999957930163,2377.0,2377.0,0.0,0,0,True,False,False,False,False,False,False,False,False,False,False,True,False,False,False,False,False,False
2026-02-17,Andhra Pradesh,Nellore,Rapur,Paddy(Common),,,2380.0,2440.0,2420.0,2416.0,1,2,8,6.65,17.0,10.785714285714155,0.0,1,0.0,33.2,19.9,70.0,26.55,0.0,-0.014285714285714287,0,0,0,2320.0,0,0,0,0,60.0,4.110873864173311,2416.0,2380.0,2440.0,60.0,4.110873864173311,0.0,0.0,0.0,2416.0,2426.0,2426.0,2434.0,2380.0,2380.0,2440.0,2457.1428571428573,60.0,77.14285714285714,7.55928946018445,4.110873864173311,0.0,-0.004122011524641337,-0.004122011524641337,-0.007395234152032726,2424.5714285714284,2429.285714285714,2431.8,3.7796447300939136,5.52516719452398,4.405325930245621,0.9964647613862518,0.9945310161942269,0.9935027510753237,2424.5714285714284,2431.8,-2.514285714285961,0,0,False,False,False,False,False,False,False,True,False,False,False,False,False,False,False,False,True,False
2026-02-18,Andhra Pradesh,East Godavari,Jaggampet,Paddy(Common),,,2369.0,2379.0,2379.0,2377.0,2,2,8,0.0,6.65,3.8785714285712984,-0.6088235294117648,1,0.0,33.0,20.1,67.0,26.55,0.0,-0.014285714285714287,0,0,0,2320.0,0,0,0,0,10.0,2.3978952727983707,2377.0,2369.0,2379.0,10.0,2.3978952727983707,0.0,0.0,0.0,2377.0,2377.0,2377.0,2377.0,2369.0,2369.0,2379.0,2379.0,10.0,10.0,0.0,2.3978952727983707,0.0,0.0,0.0,0.0,2377.0,2377.0,2377.0,0.0,0.0,0.0,0.9999999957930163,0.9999999957930163,0.9999999957930163,2377.0,2377.0,0.0,0,0,True,False,False,False,False,False,False,False,False,False,False,True,False,False,False,False,False,False
2026-02-18,Andhra Pradesh,Nellore,Rapur,Paddy(Common),,,2380.0,2440.0,2420.0,2416.0,2,2,8,0.0,6.65,3.8785714285712984,-0.6088235294117648,1,0.0,33.0,20.1,67.0,26.55,0.0,-0.014285714285714287,0,0,0,2320.0,0,0,0,0,60.0,4.110873864173311,2416.0,2380.0,2440.0,60.0,4.110873864173311,0.0,0.0,0.0,2416.0,2426.0,2426.0,2434.0,2380.0,2380.0,2440.0,2454.285714285714,60.0,74.28571428571429,9.759000729485251,4.110873864173311,0.0,-0.004122011524641337,-0.004122011524641337,-0.007395234152032726,2423.1428571428573,2428.0,2431.2,4.879500364744352,6.37302005452298,5.241742274180742,0.997052230291613,0.995057656527769,0.9937479393149559,2423.1428571428573,2431.2,-3.199999999999818,0,0,False,False,False,False,False,False,False,True,False,False,False,False,False,False,False,False,True,False
2026-02-19,Andhra Pradesh,East Godavari,Jaggampet,Paddy(Common),,,2369.0,2379.0,2379.0,2377.0,3,2,8,0.0,0.0,3.8785714285712984,-1.0,1,0.0,33.7,20.1,66.0,26.900000000000002,0.0,-0.014285714285714287,0,0,0,2320.0,0,0,0,0,10.0,2.3978952727983707,2377.0,2369.0,2379.0,10.0,2.3978952727983707,0.0,0.0,0.0,2377.0,2377.0,2377.0,2377.0,2369.0,2369.0,2379.0,2379.0,10.0,10.0,0.0,2.3978952727983707,0.0,0.0,0.0,0.0,2377.0,2377.0,2377.0,0.0,0.0,0.0,0.9999999957930163,0.9999999957930163,0.9999999957930163,2377.0,2377.0,0.0,0,0,True,False,False,False,False,False,False,False,False,False,False,True,False,False,False,False,False,False
2026-02-19,Andhra Pradesh,Nellore,Rapur,Paddy(Common),,,2380.0,2440.0,2420.0,2416.0,3,2,8,0.0,0.0,3.8785714285712984,-1.0,1,0.0,33.7,20.1,66.0,26.900000000000002,0.0,-0.014285714285714287,0,0,0,2320.0,0,0,0,0,60.0,4.110873864173311,2413.0,2375.0,2430.0,55.0,4.02535169073515,-0.0012417218491650585,-0.0021008403273073935,-0.0040983606389411445,2416.0,2416.0,2426.0,2434.0,2380.0,2380.0,2440.0,2451.4285714285716,60.0,71.42857142857143,10.690449676496899,4.110873864173311,0.0,0.0,-0.004122011524641337,-0.007395234152032726,2421.714285714286,2426.714285714286,2430.6,5.345224838250347,6.866065623253312,5.899152481498132,0.9976403922938397,0.9955848549072266,0.9939932486053104,2421.714285714286,2430.6,-3.88571428571413,0,0,False,False,False,False,False,False,False,True,False,False,False,False,False,False,False,False,True,False
2026-02-20,Andhra Pradesh,East Godavari,Jaggampet,Paddy(Common),,,2369.0,2379.0,2379.0,2377.0,4,2,8,20.9,0.0,3.8785714285712984,0.0,0,0.0,34.8,20.7,56.0,27.75,0.0,-0.014285714285714287,0,0,0,2320.0,0,0,0,0,10.0,2.3978952727983707,2377.0,2369.0,2379.0,10.0,2.3978952727983707,0.0,0.0,0.0,2377.0,2377.0,2377.0,2377.0,2369.0,2369.0,2379.0,2379.0,10.0,10.0,0.0,2.3978952727983707,0.0,0.0,0.0,0.0,2377.0,2377.0,2377.0,0.0,0.0,0.0,0.9999999957930163,0.9999999957930163,0.9999999957930163,2377.0,2377.0,0.0,0,0,True,False,False,False,False,False,False,False,False,False,False,True,False,False,False,False,False,False
2026-02-20,Andhra Pradesh,Nellore,Rapur,Paddy(Common),Common,Local,2375.0,2430.0,2420.0,2413.0,4,2,8,20.9,0.0,3.8785714285712984,0.0,0,0.0,34.8,20.7,56.0,27.75,0.0,-0.014285714285714287,0,0,0,2320.0,0,0,0,0,55.0,4.02535169073515,2413.0,2375.0,2430.0,55.0,4.02535169073515,0.0,0.0,0.0,2416.0,2416.0,2426.0,2434.0,2380.0,2380.0,2440.0,2448.5714285714284,60.0,68.57142857142857,10.690449676496893,4.110873864173311,-0.0012417218491650585,-0.0012417218491650585,-0.0053586149820337384,-0.008627773177371515,2420.285714285714,2425.4285714285716,2430.0,5.34522483825061,7.078833951283955,6.432675209023885,0.996989725546613,0.9948757174201142,0.9930041111399007,2420.285714285714,2430.0,-4.5714285714284415,0,0,False,False,False,False,False,False,False,True,False,False,False,False,False,False,False,False,True,False
2026-02-21,Andhra Pradesh,East Godavari,Jaggampet,Paddy(Common),,,2369.0,2379.0,2379.0,2377.0,5,2,8,0.0,20.9,6.364285714285584,0.0,1,0.1,35.3,21.5,58.0,28.4,0.0,-0.014285714285714287,0,0,0,2320.0,0,0,0,0,10.0,2.3978952727983707,2377.0,2369.0,2379.0,10.0,2.3978952727983707,0.0,0.0,0.0,2377.0,2377.0,2377.0,2377.0,2369.0,2369.0,2379.0,2379.0,10.0,10.0,0.0,2.3978952727983707,0.0,0.0,0.0,0.0,2377.0,2377.0,2377.0,0.0,0.0,0.0,0.9999999957930163,0.9999999957930163,0.9999999957930163,2377.0,2377.0,0.0,0,0,True,False,False,False,False,False,False,False,False,False,False,True,False,False,False,False,False,False
2026-02-21,Andhra Pradesh,Nellore,Rapur,Paddy(Common),,,2375.0,2430.0,2420.0,2413.0,5,2,8,0.0,20.9,6.364285714285584,0.0,1,0.1,35.3,21.5,58.0,28.4,0.0,-0.014285714285714287,0,0,0,2320.0,0,0,0,0,55.0,4.02535169073515,2413.0,2375.0,2430.0,55.0,4.02535169073515,0.0,0.0,0.0,2413.0,2416.0,2426.0,2434.0,2375.0,2379.285714285714,2430.0,2444.285714285714,55.0,65.0,10.408329997330572,4.02535169073515,0.0,-0.0012417218491650585,-0.0053586149820337384,-0.008627773177371515,2418.4285714285716,2423.9285714285716,2429.3,5.2870011303580835,7.3428592807937525,7.091276817083894,0.9977553269630294,0.9954913764735879,0.9932902441308595,2418.4285714285716,2429.3,-5.371428571428623,0,0,False,False,False,False,False,False,False,True,False,False,False,False,False,False,False,False,True,False
2026-02-22,Andhra Pradesh,East Godavari,Jaggampet,Paddy(Common),,,2369.0,2379.0,2379.0,2377.0,6,2,8,0.0,0.0,6.364285714285584,-1.0,1,0.2,35.6,22.1,68.0,28.85,0.1,0.08571428571428572,0,0,0,2320.0,0,0,0,0,10.0,2.3978952727983707,2377.0,2369.0,2379.0,10.0,2.3978952727983707,0.0,0.0,0.0,2377.0,2377.0,2377.0,2377.0,2369.0,2369.0,2379.0,2379.0,10.0,10.0,0.0,2.3978952727983707,0.0,0.0,0.0,0.0,2377.0,2377.0,2377.0,0.0,0.0,0.0,0.9999999957930163,0.9999999957930163,0.9999999957930163,2377.0,2377.0,0.0,0,0,True,False,False,False,False,False,False,False,False,False,False,True,False,False,False,False,False,False
2026-02-22,Andhra Pradesh,Nellore,Rapur,Paddy(Common),,,2375.0,2430.0,2420.0,2413.0,6,2,8,0.0,0.0,6.364285714285584,-1.0,1,0.2,35.6,22.1,68.0,28.85,0.1,0.08571428571428572,0,0,0,2320.0,0,0,0,0,55.0,4.02535169073515,2393.0,2375.0,2420.0,45.0,3.828641396489095,-0.008288437595157738,0.0,-0.004115226320513471,2413.0,2416.0,2426.0,2434.0,2375.0,2378.5714285714284,2430.0,2440.0,55.0,61.42857142857143,8.52168103246335,4.02535169073515,0.0,-0.0012417218491650585,-0.0053586149820337384,-0.008627773177371515,2416.5714285714284,2422.4285714285716,2428.6,4.3915503282719675,7.271803138085726,7.627536322088811,0.9985221051137061,0.996107797975612,0.9935765420671311,2416.5714285714284,2428.6,-6.1714285714283506,0,0,False,False,False,False,False,False,False,True,False,False,False,False,False,False,False,False,True,False
2026-02-23,Andhra Pradesh,East Godavari,Jaggampet,Paddy(Common),,,2369.0,2379.0,2379.0,2377.0,0,2,9,20.9,0.0,6.364285714285584,0.0,0,3.6,33.1,23.4,72.0,28.25,0.30000000000000004,-3.1571428571428566,0,0,0,2320.0,0,0,0,0,10.0,2.3978952727983707,2377.0,2369.0,2379.0,10.0,2.3978952727983707,0.0,0.0,0.0,2377.0,2377.0,2377.0,2377.0,2369.0,2369.0,2379.0,2379.0,10.0,10.0,0.0,2.3978952727983707,0.0,0.0,0.0,0.0,2377.0,2377.0,2377.0,0.0,0.0,0.0,0.9999999957930163,0.9999999957930163,0.9999999957930163,2377.0,2377.0,0.0,0,0,True,False,False,False,False,False,False,False,False,False,False,True,False,False,False,False,False,False
2026-02-23,Andhra Pradesh,Nellore,Rapur,Paddy(Common),Common,Local,2375.0,2420.0,2390.0,2393.0,0,2,9,20.9,0.0,6.364285714285584,0.0,0,3.6,33.1,23.4,72.0,28.25,0.30000000000000004,-3.1571428571428566,0,0,0,2320.0,0,0,0,0,45.0,3.828641396489095,2392.0,2380.0,2410.0,30.0,3.4339872044851463,-0.0004178854976268888,0.0021052631490304707,-0.004132231387883341,2413.0,2413.0,2416.0,2434.0,2375.0,2377.8571428571427,2430.0,2435.714285714286,55.0,57.857142857142854,2.672612419123853,4.02535169073515,-0.008288437595157738,-0.008288437595157738,-0.009519867510265448,-0.016844700012963433,2414.714285714286,2420.9285714285716,2427.9,1.6035674514859146,6.855253860686257,8.065892429831182,0.9910075093551128,0.9884636904852058,0.9856254335614092,2414.714285714286,2427.9,-6.9714285714285325,0,0,False,False,False,False,False,False,False,True,False,False,False,False,False,False,False,False,True,False
2026-02-24,Andhra Pradesh,East Godavari,Jaggampet,Paddy(Common),,,2369.0,2379.0,2379.0,2377.0,1,2,9,110.0,20.9,6.921428571428441,0.0,0,0.1,30.0,22.6,72.0,26.3,3.9000000000000004,0.4428571428571435,0,0,0,2320.0,0,0,0,0,10.0,2.3978952727983707,2377.0,2369.0,2379.0,10.0,2.3978952727983707,0.0,0.0,0.0,2377.0,2377.0,2377.0,2377.0,2369.0,2369.0,2379.0,2379.0,10.0,10.0,0.0,2.3978952727983707,0.0,0.0,0.0,0.0,2377.0,2377.0,2377.0,0.0,0.0,0.0,0.9999999957930163,0.9999999957930163,0.9999999957930163,2377.0,2377.0,0.0,0,0,True,False,False,False,False,False,False,False,False,False,False,True,False,False,False,False,False,False
2026-02-24,Andhra Pradesh,Nellore,Rapur,Paddy(Common),Common,Local,2380.0,2410.0,2390.0,2392.0,1,2,9,110.0,20.9,6.921428571428441,0.0,0,0.1,30.0,22.6,72.0,26.3,3.9000000000000004,0.4428571428571435,0,0,0,2320.0,0,0,0,0,30.0,3.4339872044851463,2392.0,2380.0,2410.0,30.0,3.4339872044851463,0.0,0.0,0.0,2393.0,2413.0,2416.0,2426.0,2375.0,2377.1428571428573,2420.0,2432.8571428571427,45.0,55.714285714285715,5.345224838248287,3.828641396489095,-0.0004178854976268888,-0.008702859474915624,-0.009933774793320468,-0.014014839183780546,2411.4285714285716,2418.0,2426.5333333333333,8.263517065133712,9.198662110074832,10.190371836241576,0.991943123848577,0.9892473077367769,0.9857684447534131,2411.4285714285716,2426.5333333333333,-8.533333333333303,0,0,False,False,False,False,False,False,False,True,False,False,False,False,False,False,False,False,True,False
2026-02-25,Andhra Pradesh,East Godavari,Jaggampet,Paddy(Common),,,2369.0,2379.0,2379.0,2377.0,2,2,9,25.0,110.0,21.68571428571416,4.2631578947368425,0,0.0,33.2,21.5,69.0,27.35,4.0,0.5428571428571431,0,0,0,2320.0,0,0,0,0,10.0,2.3978952727983707,2377.0,2369.0,2379.0,10.0,2.3978952727983707,0.0,0.0,0.0,2377.0,2377.0,2377.0,2377.0,2369.0,2369.0,2379.0,2379.0,10.0,10.0,0.0,2.3978952727983707,0.0,0.0,0.0,0.0,2377.0,2377.0,2377.0,0.0,0.0,0.0,0.9999999957930163,0.9999999957930163,0.9999999957930163,2377.0,2377.0,0.0,0,0,True,False,False,False,False,False,False,False,False,False,False,True,False,False,False,False,False,False
2026-02-25,Andhra Pradesh,Nellore,Rapur,Paddy(Common),,,2380.0,2410.0,2390.0,2392.0,2,2,9,25.0,110.0,21.68571428571416,4.2631578947368425,0,0.0,33.2,21.5,69.0,27.35,4.0,0.5428571428571431,0,0,0,2320.0,0,0,0,0,30.0,3.4339872044851463,2392.0,2380.0,2410.0,30.0,3.4339872044851463,0.0,0.0,0.0,2392.0,2413.0,2416.0,2426.0,2380.0,2377.1428571428573,2410.0,2428.5714285714284,30.0,51.42857142857143,10.690449676496868,3.4339872044851463,0.0,-0.008702859474915624,-0.009933774793320468,-0.014014839183780546,2408.0,2415.5714285714284,2425.133333333333,10.67707825203348,11.195564270754552,11.875019661203217,0.9933554776023443,0.990241878921466,0.9863375168938991,2408.0,2425.133333333333,-9.56190476190477,0,0,False,False,False,False,False,False,False,True,False,False,False,False,False,False,False,False,True,False
2026-02-26,Andhra Pradesh,East Godavari,Jaggampet,Paddy(Common),,,2369.0,2379.0,2379.0,2377.0,3,2,9,0.0,25.0,25.25714285714273,-0.7727272727272727,1,0.0,33.4,21.8,71.0,27.6,4.0,0.5428571428571431,0,0,0,2320.0,0,0,0,0,10.0,2.3978952727983707,2377.0,2369.0,2379.0,10.0,2.3978952727983707,0.0,0.0,0.0,2377.0,2377.0,2377.0,2377.0,2369.0,2369.0,2379.0,2379.0,10.0,10.0,0.0,2.3978952727983707,0.0,0.0,0.0,0.0,2377.0,2377.0,2377.0,0.0,0.0,0.0,0.9999999957930163,0.9999999957930163,0.9999999957930163,2377.0,2377.0,0.0,0,0,True,False,False,False,False,False,False,False,False,False,False,True,False,False,False,False,False,False
2026-02-26,Andhra Pradesh,Nellore,Rapur,Paddy(Common),,,2380.0,2410.0,2390.0,2392.0,3,2,9,0.0,25.0,25.25714285714273,-0.7727272727272727,1,0.0,33.4,21.8,71.0,27.6,4.0,0.5428571428571431,0,0,0,2320.0,0,0,0,0,30.0,3.4339872044851463,2395.0,2375.0,2415.0,40.0,3.713572066704308,0.0012541805967634589,-0.0021008403273073935,0.0020746887880718308,2392.0,2393.0,2416.0,2426.0,2380.0,2377.1428571428573,2410.0,2424.285714285714,30.0,47.142857142857146,12.535663410560078,3.4339872044851463,0.0,-0.0004178854976268888,-0.009933774793320468,-0.014014839183780546,2404.5714285714284,2413.1428571428573,2423.733333333333,11.50155269021375,12.383966947733997,13.19595897740166,0.994771858980868,0.9912384519662151,0.9869072464507622,2404.5714285714284,2423.733333333333,-10.590476190475783,0,0,False,False,False,False,False,False,False,True,False,False,False,False,False,False,False,False,True,False
2026-02-27,Andhra Pradesh,East Godavari,Jaggampet,Paddy(Common),,,2369.0,2379.0,2379.0,2377.0,4,2,9,116.56,0.0,25.25714285714273,-1.0,0,0.0,33.7,22.8,74.0,28.25,4.0,0.5428571428571431,0,0,0,2320.0,0,0,0,0,10.0,2.3978952727983707,2377.0,2369.0,2379.0,10.0,2.3978952727983707,0.0,0.0,0.0,2377.0,2377.0,2377.0,2377.0,2369.0,2369.0,2379.0,2379.0,10.0,10.0,0.0,2.3978952727983707,0.0,0.0,0.0,0.0,2377.0,2377.0,2377.0,0.0,0.0,0.0,0.9999999957930163,0.9999999957930163,0.9999999957930163,2377.0,2377.0,0.0,0,0,True,False,False,False,False,False,False,False,False,False,False,True,False,False,False,False,False,False
2026-02-27,Andhra Pradesh,Nellore,Rapur,Paddy(Common),Common,Local,2375.0,2415.0,2395.0,2395.0,4,2,9,116.56,0.0,25.25714285714273,-1.0,0,0.0,33.7,22.8,74.0,28.25,4.0,0.5428571428571431,0,0,0,2320.0,0,0,0,0,40.0,3.713572066704308,2392.0,2380.0,2410.0,30.0,3.4339872044851463,-0.0012526095981101894,0.0021052631490304707,-0.0020703933661681433,2392.0,2392.0,2413.0,2426.0,2380.0,2377.1428571428573,2410.0,2420.0,30.0,42.857142857142854,12.535663410560073,3.4339872044851463,0.0012541805967634589,0.0012541805967634589,-0.007459593835641964,-0.012778235726388145,2401.1428571428573,2410.714285714286,2422.3333333333335,11.09697513482427,12.987737242539321,14.254662475792927,0.9974416902771941,0.9934814773603731,0.9887161098580591,2401.1428571428573,2422.3333333333335,-11.619047619047706,0,0,False,False,False,False,False,False,False,True,False,False,False,False,False,False,False,False,True,False
2026-02-28,Andhra Pradesh,East Godavari,Jaggampet,Paddy(Common),,,2369.0,2379.0,2379.0,2377.0,5,2,9,45.9,116.56,38.92285714285701,0.0,0,0.1,33.0,22.4,76.0,27.7,4.0,0.5428571428571431,0,0,0,2320.0,0,0,0,0,10.0,2.3978952727983707,2377.0,2369.0,2379.0,10.0,2.3978952727983707,0.0,0.0,0.0,2377.0,2377.0,2377.0,2377.0,2369.0,2369.0,2379.0,2379.0,10.0,10.0,0.0,2.3978952727983707,0.0,0.0,0.0,0.0,2377.0,2377.0,2377.0,0.0,0.0,0.0,0.9999999957930163,0.9999999957930163,0.9999999957930163,2377.0,2377.0,0.0,0,0,True,False,False,False,False,False,False,False,False,False,False,True,False,False,False,False,False,False
2026-02-28,Andhra Pradesh,Nellore,Rapur,Paddy(Common),Common,Local,2380.0,2410.0,2390.0,2392.0,5,2,9,45.9,116.56,38.92285714285701,0.0,0,0.1,33.0,22.4,76.0,27.7,4.0,0.5428571428571431,0,0,0,2320.0,0,0,0,0,30.0,3.4339872044851463,2392.0,2380.0,2410.0,30.0,3.4339872044851463,0.0,0.0,0.0,2395.0,2392.0,2413.0,2426.0,2375.0,2377.1428571428573,2415.0,2417.8571428571427,40.0,40.714285714285715,11.338934190276703,3.713572066704308,-0.0012526095981101894,0.0,-0.008702859474915624,-0.014014839183780546,2398.5714285714284,2408.5,2421.0333333333333,9.913915184515485,12.822756213973449,14.916973283945552,0.9972602698148767,0.9931492589032623,0.9880078713441592,2398.5714285714284,2421.0333333333333,-12.533333333333303,0,0,False,False,False,False,False,False,False,True,False,False,False,False,False,False,False,False,True,False
2026-03-01,Andhra Pradesh,East Godavari,Jaggampet,Paddy(Common),,,2369.0,2379.0,2379.0,2377.0,6,3,9,0.0,45.9,45.47999999999987,-0.6062113932738504,1,0.0,32.9,21.8,75.0,27.35,4.0,0.5428571428571431,0,0,0,2320.0,0,0,0,0,10.0,2.3978952727983707,2377.0,2369.0,2379.0,10.0,2.3978952727983707,0.0,0.0,0.0,2377.0,2377.0,2377.0,2377.0,2369.0,2369.0,2379.0,2379.0,10.0,10.0,0.0,2.3978952727983707,0.0,0.0,0.0,0.0,2377.0,2377.0,2377.0,0.0,0.0,0.0,0.9999999957930163,0.9999999957930163,0.9999999957930163,2377.0,2377.0,0.0,0,0,True,False,False,False,False,False,False,False,False,False,False,True,False,False,False,False,False,False
2026-03-01,Andhra Pradesh,Nellore,Rapur,Paddy(Common),,,2380.0,2410.0,2390.0,2392.0,6,3,9,0.0,45.9,45.47999999999987,-0.6062113932738504,1,0.0,32.9,21.8,75.0,27.35,4.0,0.5428571428571431,0,0,0,2320.0,0,0,0,0,30.0,3.4339872044851463,2391.0,2375.0,2410.0,35.0,3.58351893845611,-0.000418060198921153,-0.0021008403273073935,0.0,2392.0,2392.0,2413.0,2426.0,2380.0,2377.8571428571427,2410.0,2415.0,30.0,37.142857142857146,9.940297973879911,3.4339872044851463,0.0,0.0,-0.008702859474915624,-0.014014839183780546,2395.5714285714284,2406.0714285714284,2419.633333333333,7.764387566689901,12.468201311975811,15.61273426611378,0.9985091496275484,0.9941516954376952,0.988579532758767,2395.5714285714284,2419.633333333333,-13.56190476190477,0,0,False,False,False,False,False,False,False,True,False,False,False,False,False,False,False,False,True,False
2026-03-02,Andhra Pradesh,East Godavari,Jaggampet,Paddy(Common),,,2369.0,2379.0,2379.0,2377.0,0,3,10,25.0,0.0,45.47999999999987,-1.0,0,0.0,34.6,22.1,69.0,28.35,3.8000000000000003,3.1714285714285717,0,0,0,2320.0,0,0,0,0,10.0,2.3978952727983707,2377.0,2369.0,2379.0,10.0,2.3978952727983707,0.0,0.0,0.0,2377.0,2377.0,2377.0,2377.0,2369.0,2369.0,2379.0,2379.0,10.0,10.0,0.0,2.3978952727983707,0.0,0.0,0.0,0.0,2377.0,2377.0,2377.0,0.0,0.0,0.0,0.9999999957930163,0.9999999957930163,0.9999999957930163,2377.0,2377.0,0.0,0,0,True,False,False,False,False,False,False,False,False,False,False,True,False,False,False,False,False,False
2026-03-02,Andhra Pradesh,Nellore,Rapur,Paddy(Common),Common,Local,2375.0,2410.0,2390.0,2391.0,0,3,10,25.0,0.0,45.47999999999987,-1.0,0,0.0,34.6,22.1,69.0,28.35,3.8000000000000003,3.1714285714285717,0,0,0,2320.0,0,0,0,0,35.0,3.58351893845611,2391.0,2375.0,2410.0,35.0,3.58351893845611,0.0,0.0,0.0,2392.0,2395.0,2393.0,2416.0,2380.0,2378.5714285714284,2410.0,2412.1428571428573,30.0,33.57142857142857,6.267831705279857,3.4339872044851463,-0.000418060198921153,-0.001670146130813586,-0.0008357709952537776,-0.010347682076375488,2392.5714285714284,2403.6428571428573,2418.233333333333,1.1338934190525949,11.56657746637355,16.153751210193494,0.9993432009819665,0.9947401224550942,0.9887383310595683,2392.5714285714284,2418.233333333333,-14.590476190475783,0,0,False,False,False,False,False,False,False,True,False,False,False,False,False,False,False,False,True,False
2026-03-03,Andhra Pradesh,East Godavari,Jaggampet,Paddy(Common),,,2369.0,2379.0,2379.0,2377.0,1,3,10,0.0,25.0,46.06571428571416,0.0,1,0.0,35.5,21.7,65.0,28.6,0.2,-0.42857142857142866,0,0,0,2320.0,0,0,0,0,10.0,2.3978952727983707,2377.0,2369.0,2379.0,10.0,2.3978952727983707,0.0,0.0,0.0,2377.0,2377.0,2377.0,2377.0,2369.0,2369.0,2379.0,2379.0,10.0,10.0,0.0,2.3978952727983707,0.0,0.0,0.0,0.0,2377.0,2377.0,2377.0,0.0,0.0,0.0,0.9999999957930163,0.9999999957930163,0.9999999957930163,2377.0,2377.0,0.0,0,0,True,False,False,False,False,False,False,False,False,False,False,True,False,False,False,False,False,False
2026-03-03,Andhra Pradesh,Nellore,Rapur,Paddy(Common),,,2375.0,2410.0,2390.0,2391.0,1,3,10,0.0,25.0,46.06571428571416,0.0,1,0.0,35.5,21.7,65.0,28.6,0.2,-0.42857142857142866,0,0,0,2320.0,0,0,0,0,35.0,3.58351893845611,2391.0,2375.0,2410.0,35.0,3.58351893845611,0.0,0.0,0.0,2391.0,2392.0,2392.0,2416.0,2375.0,2378.5714285714284,2410.0,2410.714285714286,35.0,32.142857142857146,3.9339789623468397,3.58351893845611,0.0,-0.000418060198921153,-0.000418060198921153,-0.010347682076375488,2392.285714285714,2401.8571428571427,2416.8,1.2535663410786537,11.44120181191643,16.607850241830615,0.999462554045003,0.9954796841917815,0.9893247228180869,2392.285714285714,2416.8,-14.94285714285752,0,0,False,False,False,False,False,False,False,True,False,False,False,False,False,False,False,False,True,False
2026-03-04,Andhra Pradesh,East Godavari,Jaggampet,Paddy(Common),,,2369.0,2379.0,2379.0,2377.0,2,3,10,0.0,0.0,30.351428571428443,-1.0,1,0.0,35.1,21.4,71.0,28.25,0.1,-0.5285714285714287,0,0,0,2320.0,0,0,0,0,10.0,2.3978952727983707,2377.0,2369.0,2379.0,10.0,2.3978952727983707,0.0,0.0,0.0,2377.0,2377.0,2377.0,2377.0,2369.0,2369.0,2379.0,2379.0,10.0,10.0,0.0,2.3978952727983707,0.0,0.0,0.0,0.0,2377.0,2377.0,2377.0,0.0,0.0,0.0,0.9999999957930163,0.9999999957930163,0.9999999957930163,2377.0,2377.0,0.0,0,0,True,False,False,False,False,False,False,False,False,False,False,True,False,False,False,False,False,False
2026-03-04,Andhra Pradesh,Nellore,Rapur,Paddy(Common),,,2375.0,2410.0,2390.0,2391.0,2,3,10,0.0,0.0,30.351428571428443,-1.0,1,0.0,35.1,21.4,71.0,28.25,0.1,-0.5285714285714287,0,0,0,2320.0,0,0,0,0,35.0,3.58351893845611,2391.0,2375.0,2410.0,35.0,3.58351893845611,0.0,0.0,0.0,2391.0,2392.0,2392.0,2416.0,2375.0,2377.8571428571427,2410.0,2410.714285714286,35.0,32.857142857142854,3.9339789623468446,3.58351893845611,0.0,-0.000418060198921153,-0.000418060198921153,-0.010347682076375488,2392.1428571428573,2400.0714285714284,2415.366666666667,1.345185418290271,11.006741191117682,16.92474893275155,0.9995222412680466,0.9962203464340095,0.9899118105329273,2392.1428571428573,2415.366666666667,-15.295238095238346,0,0,False,False,False,False,False,False,False,True,False,False,False,False,False,False,False,False,True,False
2026-03-05,Andhra Pradesh,East Godavari,Jaggampet,Paddy(Common),,,2369.0,2379.0,2379.0,2377.0,3,3,10,0.0,0.0,26.779999999999866,0.0,1,0.0,36.1,21.5,67.0,28.8,0.1,-0.5285714285714287,0,0,0,2320.0,0,0,0,0,10.0,2.3978952727983707,2377.0,2369.0,2379.0,10.0,2.3978952727983707,0.0,0.0,0.0,2377.0,2377.0,2377.0,2377.0,2369.0,2369.0,2379.0,2379.0,10.0,10.0,0.0,2.3978952727983707,0.0,0.0,0.0,0.0,2377.0,2377.0,2377.0,0.0,0.0,0.0,0.9999999957930163,0.9999999957930163,0.9999999957930163,2377.0,2377.0,0.0,0,0,True,False,False,False,False,False,False,False,False,False,False,True,False,False,False,False,False,False
2026-03-05,Andhra Pradesh,Nellore,Rapur,Paddy(Common),,,2375.0,2410.0,2390.0,2391.0,3,3,10,0.0,0.0,26.779999999999866,0.0,1,0.0,36.1,21.5,67.0,28.8,0.1,-0.5285714285714287,0,0,0,2320.0,0,0,0,0,35.0,3.58351893845611,2391.0,2375.0,2410.0,35.0,3.58351893845611,0.0,0.0,0.0,2391.0,2391.0,2392.0,2416.0,2375.0,2377.1428571428573,2410.0,2410.714285714286,35.0,33.57142857142857,3.779644730091891,3.58351893845611,0.0,0.0,-0.000418060198921153,-0.010347682076375488,2392.0,2398.285714285714,2413.9333333333334,1.4142135623932972,10.223867787063867,17.112071426499842,0.9995819356204768,0.9969621116400197,0.9904995954438138,2392.0,2413.9333333333334,-15.647619047619173,0,0,False,False,False,False,False,False,False,True,False,False,False,False,False,False,False,False,True,False
2026-03-06,Andhra Pradesh,East Godavari,Jaggampet,Paddy(Common),,,2369.0,2379.0,2379.0,2377.0,4,3,10,0.0,0.0,26.779999999999866,0.0,1,0.0,36.6,20.7,68.0,28.65,0.1,-0.5285714285714287,0,0,0,2320.0,0,0,0,0,10.0,2.3978952727983707,2377.0,2369.0,2379.0,10.0,2.3978952727983707,0.0,0.0,0.0,2377.0,2377.0,2377.0,2377.0,2369.0,2369.0,2379.0,2379.0,10.0,10.0,0.0,2.3978952727983707,0.0,0.0,0.0,0.0,2377.0,2377.0,2377.0,0.0,0.0,0.0,0.9999999957930163,0.9999999957930163,0.9999999957930163,2377.0,2377.0,0.0,0,0,True,False,False,False,False,False,False,False,False,False,False,True,False,False,False,False,False,False
2026-03-06,Andhra Pradesh,Nellore,Rapur,Paddy(Common),,,2375.0,2410.0,2390.0,2391.0,4,3,10,0.0,0.0,26.779999999999866,0.0,1,0.0,36.6,20.7,68.0,28.65,0.1,-0.5285714285714287,0,0,0,2320.0,0,0,0,0,35.0,3.58351893845611,2391.0,2375.0,2410.0,35.0,3.58351893845611,0.0,0.0,0.0,2391.0,2391.0,2395.0,2413.0,2375.0,2376.4285714285716,2410.0,2410.714285714286,35.0,34.285714285714285,3.450327796711359,3.58351893845611,0.0,0.0,-0.001670146130813586,-0.009117281354673512,2391.8571428571427,2396.5,2412.5,1.4638501094423537,9.00213649853998,17.17405822343531,0.9996416371035708,0.9977049822753807,0.9910880787934172,2391.8571428571427,2412.5,-16.0,0,0,False,False,False,False,False,False,False,True,False,False,False,False,False,False,False,False,True,False
2026-03-07,Andhra Pradesh,East Godavari,Jaggampet,Paddy(Common),,,2369.0,2379.0,2379.0,2377.0,5,3,10,19.0,0.0,10.1285714285713,0.0,0,0.0,34.4,22.4,76.0,28.4,0.1,-0.5285714285714287,0,0,0,2320.0,0,0,0,0,10.0,2.3978952727983707,2377.0,2369.0,2379.0,10.0,2.3978952727983707,0.0,0.0,0.0,2377.0,2377.0,2377.0,2377.0,2369.0,2369.0,2379.0,2379.0,10.0,10.0,0.0,2.3978952727983707,0.0,0.0,0.0,0.0,2377.0,2377.0,2377.0,0.0,0.0,0.0,0.9999999957930163,0.9999999957930163,0.9999999957930163,2377.0,2377.0,0.0,0,0,True,False,False,False,False,False,False,False,False,False,False,True,False,False,False,False,False,False
2026-03-07,Andhra Pradesh,Nellore,Rapur,Paddy(Common),,,2375.0,2410.0,2390.0,2391.0,5,3,10,19.0,0.0,10.1285714285713,0.0,0,0.0,34.4,22.4,76.0,28.4,0.1,-0.5285714285714287,0,0,0,2320.0,0,0,0,0,35.0,3.58351893845611,2391.0,2375.0,2410.0,35.0,3.58351893845611,0.0,0.0,0.0,2391.0,2391.0,2392.0,2413.0,2375.0,2376.4285714285716,2410.0,2410.0,35.0,33.57142857142857,2.4397501823707426,3.58351893845611,0.0,0.0,-0.000418060198921153,-0.009117281354673512,2391.285714285714,2394.9285714285716,2411.0666666666666,0.4879500365331768,7.730700890838791,17.11207142649936,0.9998805143681441,0.9983596248092591,0.9916772618273629,2391.285714285714,2411.0666666666666,-16.138095238095048,0,0,False,False,False,False,False,False,False,True,False,False,False,False,False,False,False,False,True,False
2026-03-08,Andhra Pradesh,East Godavari,Jaggampet,Paddy(Common),,,2369.0,2379.0,2379.0,2377.0,6,3,10,0.0,19.0,6.285714285714156,0.0,1,0.1,32.6,23.0,73.0,27.8,0.0,-0.6285714285714287,0,0,0,2320.0,0,0,0,0,10.0,2.3978952727983707,2377.0,2369.0,2379.0,10.0,2.3978952727983707,0.0,0.0,0.0,2377.0,2377.0,2377.0,2377.0,2369.0,2369.0,2379.0,2379.0,10.0,10.0,0.0,2.3978952727983707,0.0,0.0,0.0,0.0,2377.0,2377.0,2377.0,0.0,0.0,0.0,0.9999999957930163,0.9999999957930163,0.9999999957930163,2377.0,2377.0,0.0,0,0,True,False,False,False,False,False,False,False,False,False,False,True,False,False,False,False,False,False
2026-03-08,Andhra Pradesh,Nellore,Rapur,Paddy(Common),,,2375.0,2410.0,2390.0,2391.0,6,3,10,0.0,19.0,6.285714285714156,0.0,1,0.1,32.6,23.0,73.0,27.8,0.0,-0.6285714285714287,0,0,0,2320.0,0,0,0,0,35.0,3.58351893845611,2391.0,2375.0,2410.0,35.0,3.58351893845611,0.0,0.0,0.0,2391.0,2391.0,2392.0,2413.0,2375.0,2375.714285714286,2410.0,2410.0,35.0,34.285714285714285,1.8898223650453836,3.58351893845611,0.0,0.0,-0.000418060198921153,-0.009117281354673512,2391.1428571428573,2393.3571428571427,2409.633333333333,0.37796447308522985,5.759368860405159,16.9247489327506,0.9999402515237292,0.9990151269925055,0.9922671457942406,2391.1428571428573,2409.633333333333,-16.27619047619055,0,0,False,False,False,False,False,False,False,True,False,False,False,False,False,False,False,False,True,False
2026-03-09,Andhra Pradesh,East Godavari,Jaggampet,Paddy(Common),,,2369.0,2379.0,2379.0,2377.0,0,3,11,89.0,0.0,6.285714285714156,-1.0,0,1.0,31.1,23.2,75.0,27.15,0.1,-0.8571428571428573,0,0,0,2320.0,0,0,0,0,10.0,2.3978952727983707,2377.0,2369.0,2379.0,10.0,2.3978952727983707,0.0,0.0,0.0,2377.0,2377.0,2377.0,2377.0,2369.0,2369.0,2379.0,2379.0,10.0,10.0,0.0,2.3978952727983707,0.0,0.0,0.0,0.0,2377.0,2377.0,2377.0,0.0,0.0,0.0,0.9999999957930163,0.9999999957930163,0.9999999957930163,2377.0,2377.0,0.0,0,0,True,False,False,False,False,False,False,False,False,False,False,True,False,False,False,False,False,False
2026-03-09,Andhra Pradesh,Nellore,Rapur,Paddy(Common),,,2375.0,2410.0,2390.0,2391.0,0,3,11,89.0,0.0,6.285714285714156,-1.0,0,1.0,31.1,23.2,75.0,27.15,0.1,-0.8571428571428573,0,0,0,2320.0,0,0,0,0,35.0,3.58351893845611,2391.0,2375.0,2410.0,35.0,3.58351893845611,0.0,0.0,0.0,2391.0,2391.0,2391.0,2393.0,2375.0,2375.0,2410.0,2410.0,35.0,35.0,0.0,3.58351893845611,0.0,0.0,0.0,-0.0008357709952537776,2391.0,2391.785714285714,2408.2,0.0,1.1217137594373745,16.607850241829208,0.9999999958176494,0.9996714905195159,0.9928577319456119,2391.0,2408.2,-16.414285714285597,0,0,False,False,False,False,False,False,False,True,False,False,False,False,False,False,False,False,True,False
2026-03-10,Andhra Pradesh,East Godavari,Jaggampet,Paddy(Common),,,2369.0,2379.0,2379.0,2377.0,1,3,11,558.63,89.0,15.4285714285713,0.0,0,0.0,33.8,21.5,68.0,27.65,1.1,0.1428571428571428,0,0,0,2320.0,0,0,0,0,10.0,2.3978952727983707,2377.0,2369.0,2379.0,10.0,2.3978952727983707,0.0,0.0,0.0,2377.0,2377.0,2377.0,2377.0,2369.0,2369.0,2379.0,2379.0,10.0,10.0,0.0,2.3978952727983707,0.0,0.0,0.0,0.0,2377.0,2377.0,2377.0,0.0,0.0,0.0,0.9999999957930163,0.9999999957930163,0.9999999957930163,2377.0,2377.0,0.0,0,0,True,False,False,False,False,False,False,False,False,False,False,True,False,False,False,False,False,False
2026-03-10,Andhra Pradesh,Nellore,Rapur,Paddy(Common),,,2375.0,2410.0,2390.0,2391.0,1,3,11,558.63,89.0,15.4285714285713,0.0,0,0.0,33.8,21.5,68.0,27.65,1.1,0.1428571428571428,0,0,0,2320.0,0,0,0,0,35.0,3.58351893845611,2391.0,2375.0,2410.0,35.0,3.58351893845611,0.0,0.0,0.0,2391.0,2391.0,2391.0,2392.0,2375.0,2375.0,2410.0,2410.0,35.0,35.0,0.0,3.58351893845611,0.0,0.0,0.0,-0.000418060198921153,2391.0,2391.6428571428573,2406.766666666667,0.0,1.0818177620091538,16.153751210191594,0.9999999958176494,0.9997312027010012,0.9934490215360204,2391.0,2406.766666666667,-15.123809523809541,0,0,False,False,False,False,False,False,False,True,False,False,False,False,False,False,False,False,True,False
2026-03-11,Andhra Pradesh,East Godavari,Jaggampet,Paddy(Common),,,2369.0,2379.0,2379.0,2377.0,2,3,11,5523.9,558.63,95.23285714285701,5.276741573033708,0,0.0,34.9,20.0,67.0,27.45,1.1,0.1428571428571428,0,0,0,2320.0,0,0,0,0,10.0,2.3978952727983707,2377.0,2369.0,2379.0,10.0,2.3978952727983707,0.0,0.0,0.0,2377.0,2377.0,2377.0,2377.0,2369.0,2369.0,2379.0,2379.0,10.0,10.0,0.0,2.3978952727983707,0.0,0.0,0.0,0.0,2377.0,2377.0,2377.0,0.0,0.0,0.0,0.9999999957930163,0.9999999957930163,0.9999999957930163,2377.0,2377.0,0.0,0,0,True,False,False,False,False,False,False,False,False,False,False,True,False,False,False,False,False,False
2026-03-11,Andhra Pradesh,Nellore,Rapur,Paddy(Common),,,2375.0,2410.0,2390.0,2391.0,2,3,11,5523.9,558.63,95.23285714285701,5.276741573033708,0,0.0,34.9,20.0,67.0,27.45,1.1,0.1428571428571428,0,0,0,2320.0,0,0,0,0,35.0,3.58351893845611,2402.0,2380.0,2430.0,50.0,3.9318256327243257,0.0046005855098260745,0.0021052631490304707,0.008298755152287323,2391.0,2391.0,2391.0,2392.0,2375.0,2375.0,2410.0,2410.0,35.0,35.0,0.0,3.58351893845611,0.0,0.0,0.0,-0.000418060198921153,2391.0,2391.5714285714284,2405.3333333333335,0.0,1.0894095587435297,15.55043703417568,0.9999999958176494,0.9997610614668613,0.9940410158230001,2391.0,2405.3333333333335,-13.761904761905043,0,0,False,False,False,False,False,False,False,True,False,False,False,False,False,False,False,False,True,False
2026-03-12,Andhra Pradesh,East Godavari,Jaggampet,Paddy(Common),,,2369.0,2379.0,2379.0,2377.0,3,3,11,984.5,5523.9,884.3614285714284,8.888298157993663,0,0.0,36.8,22.3,69.0,29.549999999999997,1.1,0.1428571428571428,0,0,0,2320.0,0,0,0,0,10.0,2.3978952727983707,2377.0,2369.0,2379.0,10.0,2.3978952727983707,0.0,0.0,0.0,2377.0,2377.0,2377.0,2377.0,2369.0,2369.0,2379.0,2379.0,10.0,10.0,0.0,2.3978952727983707,0.0,0.0,0.0,0.0,2377.0,2377.0,2377.0,0.0,0.0,0.0,0.9999999957930163,0.9999999957930163,0.9999999957930163,2377.0,2377.0,0.0,0,0,True,False,False,False,False,False,False,False,False,False,False,True,False,False,False,False,False,False
2026-03-12,Andhra Pradesh,Nellore,Rapur,Paddy(Common),Common,Local,2380.0,2430.0,2400.0,2402.0,3,3,11,984.5,5523.9,884.3614285714284,8.888298157993663,0,0.0,36.8,22.3,69.0,29.549999999999997,1.1,0.1428571428571428,0,0,0,2320.0,0,0,0,0,50.0,3.9318256327243257,2403.0,2385.0,2430.0,45.0,3.828641396489095,0.0004163197318221493,0.0021008403273073935,0.0,2391.0,2391.0,2391.0,2392.0,2375.0,2375.0,2410.0,2410.0,35.0,35.0,0.0,3.58351893845611,0.0046005855098260745,0.0046005855098260745,0.0046005855098260745,0.0041806019892115295,2391.0,2391.5,2403.9,0.0,1.091928428138064,14.77964583588912,1.0046005813274754,1.004390545664267,0.9992096135479445,2391.0,2403.9,-12.400000000000091,0,0,False,False,False,False,False,False,False,True,False,False,False,False,False,False,False,False,True,False
2026-03-13,Andhra Pradesh,East Godavari,Jaggampet,Paddy(Common),,,2369.0,2379.0,2379.0,2377.0,4,3,11,929.7,984.5,1025.0042857142855,-0.8217744709353898,0,0.0,34.0,23.6,76.0,28.8,1.1,0.1428571428571428,0,0,0,2320.0,0,0,0,0,10.0,2.3978952727983707,2377.0,2369.0,2379.0,10.0,2.3978952727983707,0.0,0.0,0.0,2377.0,2377.0,2377.0,2377.0,2369.0,2369.0,2379.0,2379.0,10.0,10.0,0.0,2.3978952727983707,0.0,0.0,0.0,0.0,2377.0,2377.0,2377.0,0.0,0.0,0.0,0.9999999957930163,0.9999999957930163,0.9999999957930163,2377.0,2377.0,0.0,0,0,True,False,False,False,False,False,False,False,False,False,False,True,False,False,False,False,False,False
2026-03-13,Andhra Pradesh,Nellore,Rapur,Paddy(Common),Common,Local,2385.0,2430.0,2400.0,2403.0,4,3,11,929.7,984.5,1025.0042857142855,-0.8217744709353898,0,0.0,34.0,23.6,76.0,28.8,1.1,0.1428571428571428,0,0,0,2320.0,0,0,0,0,45.0,3.828641396489095,2403.0,2385.0,2430.0,45.0,3.828641396489095,0.0,0.0,0.0,2402.0,2391.0,2391.0,2395.0,2380.0,2375.714285714286,2430.0,2412.8571428571427,50.0,37.142857142857146,5.669467095138172,3.9318256327243257,0.0004163197318221493,0.0050188205561739,0.0050188205561739,0.003340292261627172,2392.5714285714284,2392.214285714286,2403.1,4.157609203108611,3.0173491021533905,14.17951412035979,1.0043587252027042,1.004508669773037,0.9999583829222322,2392.5714285714284,2403.1,-10.88571428571413,0,0,False,False,False,False,False,False,False,True,False,False,False,False,False,False,False,False,True,False
2026-03-14,Andhra Pradesh,East Godavari,Jaggampet,Paddy(Common),,,2369.0,2379.0,2379.0,2377.0,5,3,11,0.0,929.7,1157.8185714285712,-0.0556627729812087,1,0.0,33.4,22.9,76.0,28.15,1.1,0.1428571428571428,0,0,0,2320.0,0,0,0,0,10.0,2.3978952727983707,2377.0,2369.0,2379.0,10.0,2.3978952727983707,0.0,0.0,0.0,2377.0,2377.0,2377.0,2377.0,2369.0,2369.0,2379.0,2379.0,10.0,10.0,0.0,2.3978952727983707,0.0,0.0,0.0,0.0,2377.0,2377.0,2377.0,0.0,0.0,0.0,0.9999999957930163,0.9999999957930163,0.9999999957930163,2377.0,2377.0,0.0,0,0,True,False,False,False,False,False,False,False,False,False,False,True,False,False,False,False,False,False
2026-03-14,Andhra Pradesh,Nellore,Rapur,Paddy(Common),,,2385.0,2430.0,2400.0,2403.0,5,3,11,0.0,929.7,1157.8185714285712,-0.0556627729812087,1,0.0,33.4,22.9,76.0,28.15,1.1,0.1428571428571428,0,0,0,2320.0,0,0,0,0,45.0,3.828641396489095,2403.0,2385.0,2430.0,45.0,3.828641396489095,0.0,0.0,0.0,2403.0,2391.0,2391.0,2392.0,2385.0,2377.1428571428573,2430.0,2415.714285714286,45.0,38.57142857142857,6.26783170527988,3.828641396489095,0.0,0.0050188205561739,0.0050188205561739,0.004598662188132683,2394.285714285714,2392.785714285714,2402.3333333333335,5.618845839804654,4.135746075893389,13.504362853973417,1.0036396139466126,1.0042687799457408,1.0002775038145795,2394.285714285714,2402.3333333333335,-9.547619047619264,0,0,False,False,False,False,False,False,False,True,False,False,False,False,False,False,False,False,True,False
2026-03-15,Andhra Pradesh,East Godavari,Jaggampet,Paddy(Common),,,2369.0,2379.0,2379.0,2377.0,6,3,11,1189.1,0.0,1155.1042857142854,-1.0,1,0.0,33.4,22.6,75.0,28.0,1.1,0.1428571428571428,0,0,0,2320.0,0,0,0,0,10.0,2.3978952727983707,2377.0,2369.0,2379.0,10.0,2.3978952727983707,0.0,0.0,0.0,2377.0,2377.0,2377.0,2377.0,2369.0,2369.0,2379.0,2379.0,10.0,10.0,0.0,2.3978952727983707,0.0,0.0,0.0,0.0,2377.0,2377.0,2377.0,0.0,0.0,0.0,0.9999999957930163,0.9999999957930163,0.9999999957930163,2377.0,2377.0,0.0,0,0,True,False,False,False,False,False,False,False,False,False,False,True,False,False,False,False,False,False
2026-03-15,Andhra Pradesh,Nellore,Rapur,Paddy(Common),,,2385.0,2430.0,2400.0,2403.0,6,3,11,1189.1,0.0,1155.1042857142854,-1.0,1,0.0,33.4,22.6,75.0,28.0,1.1,0.1428571428571428,0,0,0,2320.0,0,0,0,0,45.0,3.828641396489095,2422.0,2370.0,2450.0,80.0,4.394449154672439,0.007906783154778264,-0.006289308149730364,0.008230452641026943,2403.0,2402.0,2391.0,2392.0,2385.0,2378.5714285714284,2430.0,2418.5714285714284,45.0,40.0,6.454972243678832,3.828641396489095,0.0,0.0004163197318221493,0.0050188205561739,0.004598662188132683,2396.0,2393.5714285714284,2401.5666666666666,6.244997998403502,4.941415021778351,12.746015830056415,1.002921531707339,1.0039391184556408,1.000596828456715,2396.0,2401.5666666666666,-7.9952380952381645,0,0,False,False,False,False,False,False,False,True,False,False,False,False,False,False,False,False,True,False
2026-03-16,Andhra Pradesh,East Godavari,Jaggampet,Paddy(Common),,,2369.0,2379.0,2379.0,2377.0,0,3,12,2293.5,1189.1,1324.975714285714,0.0,0,0.0,32.9,22.6,72.0,27.75,1.0,-4.3999999999999995,0,0,0,2320.0,0,0,0,0,10.0,2.3978952727983707,2377.0,2369.0,2379.0,10.0,2.3978952727983707,0.0,0.0,0.0,2377.0,2377.0,2377.0,2377.0,2369.0,2369.0,2379.0,2379.0,10.0,10.0,0.0,2.3978952727983707,0.0,0.0,0.0,0.0,2377.0,2377.0,2377.0,0.0,0.0,0.0,0.9999999957930163,0.9999999957930163,0.9999999957930163,2377.0,2377.0,0.0,0,0,True,False,False,False,False,False,False,False,False,False,False,True,False,False,False,False,False,False
2026-03-16,Andhra Pradesh,Nellore,Rapur,Paddy(Common),Common,Local,2370.0,2450.0,2430.0,2422.0,0,3,12,2293.5,1189.1,1324.975714285714,0.0,0,0.0,32.9,22.6,72.0,27.75,1.0,-4.3999999999999995,0,0,0,2320.0,0,0,0,0,80.0,4.394449154672439,2428.0,2390.0,2460.0,70.0,4.2626798770413155,0.0024772914844042463,0.008438818529794013,0.004081632636401499,2403.0,2403.0,2391.0,2391.0,2385.0,2380.0,2430.0,2421.4285714285716,45.0,41.42857142857143,6.267831705279891,3.828641396489095,0.007906783154778264,0.007906783154778264,0.012965286436782573,0.012965286436782573,2397.714285714286,2394.3571428571427,2400.8,6.290582530377745,5.513719153255419,11.888563034879244,1.0101286897813984,1.0115449974160586,1.0088303856679839,2397.714285714286,2400.8,-6.44285714285752,0,0,False,False,False,False,False,False,False,True,False,False,False,False,False,False,False,False,True,False
2026-03-17,Andhra Pradesh,East Godavari,Jaggampet,Paddy(Common),,,2369.0,2379.0,2379.0,2377.0,1,3,12,1625.1,2293.5,1639.9042857142854,0.9287696577243294,0,0.0,32.8,22.8,71.0,27.799999999999997,0.0,-5.3999999999999995,0,0,0,2320.0,0,0,0,0,10.0,2.3978952727983707,2377.0,2369.0,2379.0,10.0,2.3978952727983707,0.0,0.0,0.0,2377.0,2377.0,2377.0,2377.0,2369.0,2369.0,2379.0,2379.0,10.0,10.0,0.0,2.3978952727983707,0.0,0.0,0.0,0.0,2377.0,2377.0,2377.0,0.0,0.0,0.0,0.9999999957930163,0.9999999957930163,0.9999999957930163,2377.0,2377.0,0.0,0,0,True,False,False,False,False,False,False,False,False,False,False,True,False,False,False,False,False,False
2026-03-17,Andhra Pradesh,Nellore,Rapur,Paddy(Common),Common,Local,2390.0,2460.0,2430.0,2428.0,1,3,12,1625.1,2293.5,1639.9042857142854,0.9287696577243294,0,0.0,32.8,22.8,71.0,27.799999999999997,0.0,-5.3999999999999995,0,0,0,2320.0,0,0,0,0,70.0,4.2626798770413155,2434.0,2390.0,2460.0,70.0,4.2626798770413155,0.0024711696768073737,0.0,0.0,2422.0,2403.0,2391.0,2391.0,2370.0,2379.285714285714,2450.0,2427.1428571428573,80.0,47.857142857142854,15.23623500550103,4.394449154672439,0.0024772914844042463,0.010403662045760874,0.015474696714869523,0.015474696714869523,2402.1428571428573,2396.5714285714284,2400.6666666666665,10.367072415887641,9.11224270050195,11.61548708533993,1.010764194424413,1.0131139681140928,1.0113857219742333,2402.1428571428573,2400.6666666666665,-4.095238095238074,0,0,False,False,False,False,False,False,False,True,False,False,False,False,False,False,False,False,True,False
2026-03-18,Andhra Pradesh,East Godavari,Jaggampet,Paddy(Common),Common,FAQ,2369.0,2379.0,2379.0,2377.0,2,3,12,2644.3,1625.1,1792.2571428571428,-0.2914323086984958,0,7.0,30.2,21.4,83.0,25.799999999999997,0.0,-5.3999999999999995,0,0,0,2320.0,0,0,0,0,10.0,2.3978952727983707,2371.0,2369.0,2379.0,10.0,2.3978952727983707,-0.0025241901450391664,0.0,0.0,2377.0,2377.0,2377.0,2377.0,2369.0,2369.0,2379.0,2379.0,10.0,10.0,0.0,2.3978952727983707,0.0,0.0,0.0,0.0,2377.0,2377.0,2377.0,0.0,0.0,0.0,0.9999999957930163,0.9999999957930163,0.9999999957930163,2377.0,2377.0,0.0,0,0,True,False,False,False,False,False,False,False,False,False,False,True,False,False,False,False,False,False
2026-03-18,Andhra Pradesh,Nellore,Rapur,Paddy(Common),Common,Local,2390.0,2460.0,2440.0,2434.0,2,3,12,2644.3,1625.1,1792.2571428571428,-0.2914323086984958,0,7.0,30.2,21.4,83.0,25.799999999999997,0.0,-5.3999999999999995,0,0,0,2320.0,0,0,0,0,70.0,4.2626798770413155,2434.0,2390.0,2460.0,70.0,4.2626798770413155,0.0,0.0,0.0,2428.0,2403.0,2391.0,2391.0,2390.0,2381.4285714285716,2460.0,2434.285714285714,70.0,52.857142857142854,16.0356745147454,4.2626798770413155,0.0024711696768073737,0.012900540936743482,0.017984106992956474,0.017984106992956474,2407.4285714285716,2399.214285714286,2400.733333333333,12.869306415620068,12.210831077542975,11.770604336082119,1.0110372614067997,1.0144987900196543,1.013856872842228,2407.4285714285716,2400.733333333333,-1.5190476190473419,0,0,False,False,False,False,False,False,False,True,False,False,False,False,False,False,False,False,True,False
2026-03-19,Andhra Pradesh,East Godavari,Jaggampet,Paddy(Common),Common,FAQ,2369.0,2379.0,2369.0,2371.0,3,3,12,1522.5,2644.3,1380.8857142857141,0.6271614054519723,0,1.3,32.2,22.0,79.0,27.1,7.0,1.6000000000000005,0,0,0,2320.0,0,0,0,0,10.0,2.3978952727983707,2371.0,2369.0,2379.0,10.0,2.3978952727983707,0.0,0.0,0.0,2377.0,2377.0,2377.0,2377.0,2369.0,2369.0,2379.0,2379.0,10.0,10.0,0.0,2.3978952727983707,-0.0025241901450391664,-0.0025241901450391664,-0.0025241901450391664,-0.0025241901450391664,2377.0,2377.0,2377.0,0.0,0.0,0.0,0.9974758056479772,0.9974758056479772,0.9974758056479772,2377.0,2377.0,0.0,0,0,True,False,False,False,False,False,False,False,False,False,False,True,False,False,False,False,False,False
2026-03-19,Andhra Pradesh,Nellore,Rapur,Paddy(Common),,,2390.0,2460.0,2440.0,2434.0,3,3,12,1522.5,2644.3,1380.8857142857141,0.6271614054519723,0,1.3,32.2,22.0,79.0,27.1,7.0,1.6000000000000005,0,0,0,2320.0,0,0,0,0,70.0,4.2626798770413155,2444.0,2390.0,2480.0,90.0,4.51085950651685,0.004108463417795959,0.0,0.008130081267763897,2434.0,2422.0,2402.0,2391.0,2390.0,2383.5714285714284,2460.0,2441.4285714285716,70.0,57.857142857142854,14.960264830861853,4.2626798770413155,0.0,0.0049545829688084925,0.013322231418308777,0.017984106992956474,2413.5714285714284,2402.285714285714,2401.3333333333335,13.938641048746236,15.061047932832244,12.97300468567436,1.0084640384378525,1.0132017084369576,1.0136035493603404,2413.5714285714284,2401.3333333333335,0.9523809523807358,0,0,False,False,False,False,False,False,False,True,False,False,False,False,False,False,False,False,True,False
2026-03-20,Andhra Pradesh,East Godavari,Jaggampet,Paddy(Common),Common,FAQ,2369.0,2379.0,2369.0,2371.0,4,3,12,3142.7,1522.5,1457.742857142857,-0.42423325643837695,0,2.0,32.1,20.4,76.0,26.25,8.3,2.9000000000000012,0,0,0,2320.0,0,0,0,0,10.0,2.3978952727983707,2371.0,2369.0,2379.0,10.0,2.3978952727983707,0.0,0.0,0.0,2371.0,2377.0,2377.0,2377.0,2369.0,2369.0,2379.0,2379.0,10.0,10.0,0.0,2.3978952727983707,0.0,-0.0025241901450391664,-0.0025241901450391664,-0.0025241901450391664,2376.1428571428573,2376.5714285714284,2376.8,2.267786838052833,1.6035674514719704,1.0954451150116657,0.9978356237691038,0.9976556822652141,0.9975597399968034,2376.1428571428573,2376.8,-0.2285714285717404,0,0,True,False,False,False,False,False,False,False,False,False,False,True,False,False,False,False,False,False
2026-03-20,Andhra Pradesh,Nellore,Rapur,Paddy(Common),Common,Local,2390.0,2480.0,2450.0,2444.0,4,3,12,3142.7,1522.5,1457.742857142857,-0.42423325643837695,0,2.0,32.1,20.4,76.0,26.25,8.3,2.9000000000000012,0,0,0,2320.0,0,0,0,0,90.0,4.51085950651685,2444.0,2390.0,2480.0,90.0,4.51085950651685,0.0,0.0,0.0,2434.0,2428.0,2403.0,2391.0,2390.0,2385.0,2460.0,2445.714285714286,70.0,60.714285714285715,15.118578920369036,4.2626798770413155,0.004108463417795959,0.006589785804819662,0.01706200575504783,0.022166457456434724,2418.1428571428573,2405.3571428571427,2401.9333333333334,14.735767952263096,16.859633826010924,14.046556415230592,1.0106929715396402,1.0160653261395949,1.0175136653077506,2418.1428571428573,2401.9333333333334,3.4238095238092683,0,0,False,False,False,False,False,False,False,True,False,False,False,False,False,False,False,False,True,False
2026-03-21,Andhra Pradesh,East Godavari,Jaggampet,Paddy(Common),,,2369.0,2379.0,2369.0,2371.0,5,3,12,1078.4,3142.7,1773.8857142857141,1.0641707717569786,0,0.9,33.5,21.6,76.0,27.55,10.3,4.900000000000001,0,0,0,2320.0,0,0,0,0,10.0,2.3978952727983707,2371.0,2369.0,2379.0,10.0,2.3978952727983707,0.0,0.0,0.0,2371.0,2377.0,2377.0,2377.0,2369.0,2369.0,2379.0,2379.0,10.0,10.0,0.0,2.3978952727983707,0.0,-0.0025241901450391664,-0.0025241901450391664,-0.0025241901450391664,2375.285714285714,2376.1428571428573,2376.6,2.927700218843636,2.1788191176056633,1.5222487902158461,0.9981957015773321,0.9978356237691038,0.997643688472424,2375.285714285714,2376.6,-0.4571428571425713,0,0,True,False,False,False,False,False,False,False,False,False,False,True,False,False,False,False,False,False
2026-03-21,Andhra Pradesh,Nellore,Rapur,Paddy(Common),,,2390.0,2480.0,2450.0,2444.0,5,3,12,1078.4,3142.7,1773.8857142857141,1.0641707717569786,0,0.9,33.5,21.6,76.0,27.55,10.3,4.900000000000001,0,0,0,2320.0,0,0,0,0,90.0,4.51085950651685,2444.0,2390.0,2480.0,90.0,4.51085950651685,0.0,0.0,0.0,2444.0,2434.0,2403.0,2391.0,2390.0,2385.714285714286,2480.0,2452.8571428571427,90.0,67.14285714285714,16.79710859472117,4.51085950651685,0.0,0.004108463417795959,0.01706200575504783,0.022166457456434724,2424.0,2409.1428571428573,2402.866666666667,15.821925715077407,19.17874281135527,15.83042320503144,1.0082508209230576,1.0144686864911758,1.0171184376281728,2424.0,2402.866666666667,6.27619047619055,0,0,False,False,False,False,False,False,False,True,False,False,False,False,False,False,False,False,True,False
2026-03-22,Andhra Pradesh,East Godavari,Jaggampet,Paddy(Common),Common,FAQ,2369.0,2379.0,2369.0,2371.0,6,3,12,1423.0,1078.4,1927.9428571428568,-0.6568555700512297,1,1.1,32.6,23.4,79.0,28.0,11.2,5.8,0,0,0,2320.0,0,0,0,0,10.0,2.3978952727983707,2371.0,2369.0,2379.0,10.0,2.3978952727983707,0.0,0.0,0.0,2371.0,2371.0,2377.0,2377.0,2369.0,2369.0,2379.0,2379.0,10.0,10.0,0.0,2.3978952727983707,0.0,0.0,-0.0025241901450391664,-0.0025241901450391664,2374.4285714285716,2375.714285714286,2376.4,3.20713490294731,2.5548918817560975,1.8307714597771794,0.9985560393538941,0.9980156301947627,0.9977276510784057,2374.4285714285716,2376.4,-0.6857142857143117,0,0,True,False,False,False,False,False,False,False,False,False,False,True,False,False,False,False,False,False
2026-03-22,Andhra Pradesh,Nellore,Rapur,Paddy(Common),,,2390.0,2480.0,2450.0,2444.0,6,3,12,1423.0,1078.4,1927.9428571428568,-0.6568555700512297,1,1.1,32.6,23.4,79.0,28.0,11.2,5.8,0,0,0,2320.0,0,0,0,0,90.0,4.51085950651685,2450.0,2390.0,2480.0,90.0,4.51085950651685,0.0024549918066489695,0.0,0.0,2444.0,2434.0,2403.0,2391.0,2390.0,2386.4285714285716,2480.0,2460.0,90.0,73.57142857142857,15.468862734076904,4.51085950651685,0.0,0.004108463417795959,0.01706200575504783,0.022166457456434724,2429.8571428571427,2412.9285714285716,2403.8,14.264508069901671,20.506900473570358,17.38092493867818,1.0058204438586964,1.0128770568721237,1.0167235168619537,2429.8571428571427,2403.8,9.128571428571377,0,0,False,False,False,False,False,False,False,True,False,False,False,False,False,False,False,False,True,False
2026-03-23,Andhra Pradesh,East Godavari,Jaggampet,Paddy(Common),Common,FAQ,2369.0,2379.0,2369.0,2371.0,0,3,13,4277.5,1423.0,1961.357142857143,0.3195474777448071,0,0.3,33.5,23.3,77.0,28.4,12.3,5.000000000000001,0,0,0,2320.0,0,0,0,0,10.0,2.3978952727983707,2371.0,2369.0,2379.0,10.0,2.3978952727983707,0.0,0.0,0.0,2371.0,2371.0,2377.0,2377.0,2369.0,2369.0,2379.0,2379.0,10.0,10.0,0.0,2.3978952727983707,0.0,0.0,-0.0025241901450391664,-0.0025241901450391664,2373.5714285714284,2375.285714285714,2376.2,3.20713490294731,2.8128433856292525,2.074475421851554,0.9989166373804295,0.9981957015773321,0.9978116278183166,2373.5714285714284,2376.2,-0.9142857142855974,0,0,True,False,False,False,False,False,False,False,False,False,False,True,False,False,False,False,False,False
2026-03-23,Andhra Pradesh,Nellore,Rapur,Paddy(Common),Common,Local,2390.0,2480.0,2460.0,2450.0,0,3,13,4277.5,1423.0,1961.357142857143,0.3195474777448071,0,0.3,33.5,23.3,77.0,28.4,12.3,5.000000000000001,0,0,0,2320.0,0,0,0,0,90.0,4.51085950651685,2442.0,2390.0,2470.0,80.0,4.394449154672439,-0.0032653061091211994,0.0,-0.004032258048257024,2444.0,2444.0,2422.0,2391.0,2390.0,2387.1428571428573,2480.0,2467.1428571428573,90.0,80.0,9.999999999999957,4.51085950651685,0.0024549918066489695,0.0024549918066489695,0.011560693593886484,0.024675867734521673,2435.714285714286,2416.714285714286,2404.8333333333335,8.750510189213623,21.032679961754674,18.809541476988333,1.0058650985096447,1.0137731234282603,1.0187816161115186,2435.714285714286,2404.8333333333335,11.880952380952294,0,0,False,False,False,False,False,False,False,True,False,False,False,False,False,False,False,False,True,False
2026-03-24,Andhra Pradesh,East Godavari,Jaggampet,Paddy(Common),Common,FAQ,2369.0,2379.0,2369.0,2371.0,1,3,13,3683.7,4277.5,2244.785714285714,2.00597329585383,0,0.0,33.4,23.4,76.0,28.4,12.6,5.3,0,0,0,2320.0,0,0,0,0,10.0,2.3978952727983707,2371.0,2369.0,2379.0,10.0,2.3978952727983707,0.0,0.0,0.0,2371.0,2371.0,2377.0,2377.0,2369.0,2369.0,2379.0,2379.0,10.0,10.0,0.0,2.3978952727983707,0.0,0.0,-0.0025241901450391664,-0.0025241901450391664,2372.714285714286,2374.8571428571427,2376.0,2.927700218843636,2.9834709485914073,2.27429413073771,0.9992774959389833,0.9983758379519786,0.9978956186957254,2372.714285714286,2376.0,-1.1428571428573377,0,0,True,False,False,False,False,False,False,False,False,False,False,True,False,False,False,False,False,False
2026-03-24,Andhra Pradesh,Nellore,Rapur,Paddy(Common),Common,Local,2390.0,2470.0,2450.0,2442.0,1,3,13,3683.7,4277.5,2244.785714285714,2.00597329585383,0,0.0,33.4,23.4,76.0,28.4,12.6,5.3,0,0,0,2320.0,0,0,0,0,80.0,4.394449154672439,2442.0,2390.0,2470.0,80.0,4.394449154672439,0.0,0.0,0.0,2450.0,2444.0,2428.0,2391.0,2390.0,2390.0,2480.0,2471.4285714285716,90.0,81.42857142857143,10.690449676496938,4.51085950651685,-0.0032653061091211994,-0.0008183306022163232,0.005766062579217204,0.021329987363739072,2439.714285714286,2420.9285714285716,2406.0666666666666,7.7827648410789765,21.391818298356036,20.5005186365529,1.000936873751869,1.008703857987828,1.0149344669795746,2439.714285714286,2406.0666666666666,14.861904761904952,0,0,False,False,False,False,False,False,False,True,False,False,False,False,False,False,False,False,True,False
2026-03-25,Andhra Pradesh,East Godavari,Jaggampet,Paddy(Common),Common,FAQ,2369.0,2379.0,2369.0,2371.0,2,3,13,3612.7000000000003,3683.7,2538.871428571428,-0.13881940385739333,0,0.0,34.9,23.4,73.0,29.15,12.6,5.3,0,0,0,2320.0,0,0,0,0,10.0,2.3978952727983707,2371.0,2369.0,2379.0,10.0,2.3978952727983707,0.0,0.0,0.0,2371.0,2371.0,2377.0,2377.0,2369.0,2369.0,2379.0,2379.0,10.0,10.0,0.0,2.3978952727983707,0.0,0.0,-0.0025241901450391664,-0.0025241901450391664,2371.8571428571427,2374.4285714285716,2375.8,2.267786838052833,3.0813155460769472,2.4410286130359395,0.9996386153120097,0.9985560393538941,0.9979796237142029,2371.8571428571427,2375.8,-1.3714285714286234,0,0,True,False,False,False,False,False,False,False,False,False,False,True,False,False,False,False,False,False
2026-03-25,Andhra Pradesh,Nellore,Rapur,Paddy(Common),,,2390.0,2470.0,2450.0,2442.0,2,3,13,3612.7000000000003,3683.7,2538.871428571428,-0.13881940385739333,0,0.0,34.9,23.4,73.0,29.15,12.6,5.3,0,0,0,2320.0,0,0,0,0,80.0,4.394449154672439,2450.0,2390.0,2480.0,90.0,4.51085950651685,0.003276003262588029,0.0,0.004048582979560392,2442.0,2444.0,2434.0,2391.0,2390.0,2390.0,2470.0,2472.8571428571427,80.0,82.85714285714286,9.51189731211338,4.394449154672439,0.0,-0.0008183306022163232,0.0032867707342367674,0.021329987363739072,2441.714285714286,2424.5714285714284,2407.0333333333333,5.8227795686313355,20.213149892370467,21.498168860804324,1.0001170097116667,1.0071883060038191,1.0145268684222892,2441.714285714286,2407.0333333333333,17.53809523809514,0,0,False,False,False,False,False,False,False,True,False,False,False,False,False,False,False,False,True,False
2026-03-26,Andhra Pradesh,East Godavari,Jaggampet,Paddy(Common),Common,FAQ,2369.0,2379.0,2369.0,2371.0,3,3,13,3482.9,3612.7000000000003,2677.214285714286,-0.01927409941091829,0,0.0,36.2,23.8,74.0,30.0,5.6000000000000005,-1.6999999999999993,0,0,0,2320.0,0,0,0,0,10.0,2.3978952727983707,2371.0,2369.0,2379.0,10.0,2.3978952727983707,0.0,0.0,0.0,2371.0,2371.0,2371.0,2377.0,2369.0,2369.0,2379.0,2379.0,10.0,10.0,0.0,2.3978952727983707,0.0,0.0,0.0,-0.0025241901450391664,2371.0,2374.0,2375.6,0.0,3.1132471299750577,2.581098402913516,0.9999999957823702,0.9987363058182969,0.9980636428773209,2371.0,2375.6,-1.599999999999909,0,0,True,False,False,False,False,False,False,False,False,False,False,True,False,False,False,False,False,False
2026-03-26,Andhra Pradesh,Nellore,Rapur,Paddy(Common),Common,Local,2390.0,2480.0,2460.0,2450.0,3,3,13,3482.9,3612.7000000000003,2677.214285714286,-0.01927409941091829,0,0.0,36.2,23.8,74.0,30.0,5.6000000000000005,-1.6999999999999993,0,0,0,2320.0,0,0,0,0,90.0,4.51085950651685,2450.0,2390.0,2480.0,90.0,4.51085950651685,0.0,0.0,0.0,2442.0,2450.0,2434.0,2402.0,2390.0,2390.0,2470.0,2474.285714285714,80.0,84.28571428571429,7.867957924694386,4.394449154672439,0.003276003262588029,0.0,0.006573541468473535,0.019983347127463167,2442.8571428571427,2428.214285714286,2408.6666666666665,4.740906081784385,18.192046323890466,22.243686951475677,1.0029239725026504,1.0089719034782743,1.0171602504131183,2442.8571428571427,2408.6666666666665,19.547619047619264,0,0,False,False,False,False,False,False,False,True,False,False,False,False,False,False,False,False,True,False
2026-03-27,Andhra Pradesh,East Godavari,Jaggampet,Paddy(Common),Common,FAQ,2369.0,2379.0,2369.0,2371.0,4,3,13,3430.2,3482.9,2957.2714285714283,-0.03592880670966314,0,0.0,36.3,23.7,73.0,30.0,4.300000000000001,-2.999999999999999,0,0,0,2320.0,0,0,0,0,10.0,2.3978952727983707,2371.0,2369.0,2379.0,10.0,2.3978952727983707,0.0,0.0,0.0,2371.0,2371.0,2371.0,2377.0,2369.0,2369.0,2379.0,2379.0,10.0,10.0,0.0,2.3978952727983707,0.0,0.0,0.0,-0.0025241901450391664,2371.0,2373.5714285714284,2375.4,0.0,3.0813155460770782,2.698658670653943,0.9999999957823702,0.9989166373804295,0.9981476761886515,2371.0,2375.4,-1.8285714285716494,0,0,True,False,False,False,False,False,False,False,False,False,False,True,False,False,False,False,False,False
2026-03-27,Andhra Pradesh,Nellore,Rapur,Paddy(Common),,,2390.0,2480.0,2460.0,2450.0,4,3,13,3430.2,3482.9,2957.2714285714283,-0.03592880670966314,0,0.0,36.3,23.7,73.0,30.0,4.300000000000001,-2.999999999999999,0,0,0,2320.0,0,0,0,0,90.0,4.51085950651685,2452.0,2390.0,2490.0,100.0,4.61512051684126,0.0008163265272802999,0.0,0.004032258048257024,2450.0,2442.0,2444.0,2403.0,2390.0,2390.0,2480.0,2477.1428571428573,90.0,87.14285714285714,4.879500364742598,4.51085950651685,0.0,0.003276003262588029,0.0024549918066489695,0.01955888464603044,2445.1428571428573,2431.6428571428573,2410.6,3.4364987719530435,17.376408157027367,23.243241509348984,1.0019864413333108,1.0075492717722614,1.0163444743369099,2445.1428571428573,2410.6,21.04285714285743,0,0,False,False,False,False,False,False,False,True,False,False,False,False,False,False,False,False,True,False
2026-03-28,Andhra Pradesh,East Godavari,Jaggampet,Paddy(Common),Common,FAQ,2369.0,2379.0,2369.0,2371.0,5,3,13,4756.1,3430.2,2998.3428571428567,-0.015131068936805603,0,0.0,37.0,24.3,70.0,30.65,2.3000000000000003,-5.0,0,0,0,2320.0,0,0,0,0,10.0,2.3978952727983707,2377.0,2369.0,2379.0,10.0,2.3978952727983707,0.0025305778045947793,0.0,0.0,2371.0,2371.0,2371.0,2377.0,2369.0,2369.0,2379.0,2379.0,10.0,10.0,0.0,2.3978952727983707,0.0,0.0,0.0,-0.0025241901450391664,2371.0,2373.1428571428573,2375.2,0.0,2.9834709485916786,2.7965495981975743,0.9999999957823702,0.9990970340755602,0.9982317236517694,2371.0,2375.2,-2.0571428571424804,0,0,True,False,False,False,False,False,False,False,False,False,False,True,False,False,False,False,False,False
2026-03-28,Andhra Pradesh,Nellore,Rapur,Paddy(Common),Common,Local,2390.0,2490.0,2460.0,2452.0,5,3,13,4756.1,3430.2,2998.3428571428567,-0.015131068936805603,0,0.0,37.0,24.3,70.0,30.65,2.3000000000000003,-5.0,0,0,0,2320.0,0,0,0,0,100.0,4.61512051684126,2452.0,2390.0,2490.0,100.0,4.61512051684126,0.0,0.0,0.0,2450.0,2442.0,2444.0,2403.0,2390.0,2390.0,2480.0,2477.1428571428573,90.0,87.14285714285714,4.879500364742598,4.51085950651685,0.0008163265272802999,0.004095004078235036,0.0032733224088652927,0.02039117760969131,2446.0,2435.0,2412.5333333333333,3.829708431039928,15.893878841096344,24.041248078984264,1.0024529803660958,1.006981515371739,1.0163590098249737,2446.0,2412.5333333333333,22.466666666666697,0,0,False,False,False,False,False,False,False,True,False,False,False,False,False,False,False,False,True,False
2026-03-29,Andhra Pradesh,East Godavari,Jaggampet,Paddy(Common),Common,FAQ,2369.0,2379.0,2379.0,2377.0,6,3,13,3260.5,4756.1,3523.7285714285713,0.3865372281499624,1,0.6,36.2,25.1,74.0,30.650000000000002,1.4000000000000006,-5.8999999999999995,0,0,0,2320.0,0,0,0,0,10.0,2.3978952727983707,2377.0,2369.0,2379.0,10.0,2.3978952727983707,0.0,0.0,0.0,2371.0,2371.0,2371.0,2377.0,2369.0,2369.0,2379.0,2379.0,10.0,10.0,0.0,2.3978952727983707,0.0025305778045947793,0.0025305778045947793,0.0025305778045947793,0.0,2371.0,2372.714285714286,2375.0,0.0,2.8128433856296846,2.876779808913548,1.002530573586965,1.0018062454015029,1.0008421010490858,2371.0,2375.0,-2.2857142857142208,0,0,True,False,False,False,False,False,False,False,False,False,False,True,False,False,False,False,False,False
2026-03-29,Andhra Pradesh,Nellore,Rapur,Paddy(Common),,,2390.0,2490.0,2460.0,2452.0,6,3,13,3260.5,4756.1,3523.7285714285713,0.3865372281499624,1,0.6,36.2,25.1,74.0,30.650000000000002,1.4000000000000006,-5.8999999999999995,0,0,0,2320.0,0,0,0,0,100.0,4.61512051684126,2440.0,2380.0,2470.0,90.0,4.51085950651685,-0.004893964090970782,-0.004184100400903345,-0.00803212848179868,2452.0,2450.0,2444.0,2403.0,2390.0,2390.0,2490.0,2478.5714285714284,100.0,88.57142857142857,6.900655593423495,4.61512051684126,0.0,0.0008163265272802999,0.0032733224088652927,0.02039117760969131,2447.1428571428573,2438.5,2414.5333333333333,4.298393941497555,13.52348384791071,24.759161778095255,1.0019848178552866,1.0055361861573253,1.0155171419645599,2447.1428571428573,2414.5333333333333,23.966666666666697,0,0,False,False,False,False,False,False,False,True,False,False,False,False,False,False,False,False,True,False
2026-03-30,Andhra Pradesh,East Godavari,Jaggampet,Paddy(Common),Common,FAQ,2369.0,2379.0,2379.0,2377.0,0,3,14,3028.7,3260.5,3786.2285714285713,-0.3144593259182945,0,0.0,35.2,25.5,74.0,30.35,0.9000000000000004,0.18571428571428572,0,0,0,2320.0,0,0,0,0,10.0,2.3978952727983707,2377.0,2369.0,2379.0,10.0,2.3978952727983707,0.0,0.0,0.0,2377.0,2371.0,2371.0,2377.0,2369.0,2369.0,2379.0,2379.0,10.0,10.0,0.0,2.3978952727983707,0.0,0.0025305778045947793,0.0025305778045947793,0.0,2371.8571428571427,2372.714285714286,2375.0,2.267786838052833,2.812843385629684,2.876779808913548,1.0021682786152033,1.0018062454015029,1.0008421010490858,2371.8571428571427,2375.0,-2.2857142857142208,0,0,True,False,False,False,False,False,False,False,False,False,False,True,False,False,False,False,False,False
2026-03-30,Andhra Pradesh,Nellore,Rapur,Paddy(Common),Common,Local,2380.0,2470.0,2450.0,2440.0,0,3,14,3028.7,3260.5,3786.2285714285713,-0.3144593259182945,0,0.0,35.2,25.5,74.0,30.35,0.9000000000000004,0.18571428571428572,0,0,0,2320.0,0,0,0,0,90.0,4.51085950651685,2450.0,2390.0,2480.0,90.0,4.51085950651685,0.0040983606389411445,0.004201680654614787,0.004048582979560392,2452.0,2450.0,2450.0,2422.0,2390.0,2390.0,2490.0,2480.0,100.0,90.0,8.16496580927722,4.61512051684126,-0.004893964090970782,-0.004081632636401499,-0.004081632636401499,0.007431874453212739,2448.285714285714,2442.0,2416.4333333333334,4.386125310363125,9.315000309679956,25.387593132420967,0.9966157037132045,0.9991809950893489,1.009752661595936,2448.285714285714,2416.4333333333334,25.566666666666606,0,0,False,False,False,False,False,False,False,True,False,False,False,False,False,False,False,False,True,False
2026-03-31,Andhra Pradesh,East Godavari,Jaggampet,Paddy(Common),Common,FAQ,2369.0,2379.0,2379.0,2377.0,1,3,14,639.8,3028.7,3607.828571428571,-0.07109339058426623,0,0.1,36.0,23.4,69.0,29.7,0.6000000000000003,-0.11428571428571432,0,0,0,2320.0,0,0,0,0,10.0,2.3978952727983707,2377.0,2369.0,2379.0,10.0,2.3978952727983707,0.0,0.0,0.0,2377.0,2371.0,2371.0,2377.0,2369.0,2369.0,2379.0,2379.0,10.0,10.0,0.0,2.3978952727983707,0.0,0.0025305778045947793,0.0025305778045947793,0.0,2372.714285714286,2372.714285714286,2375.0,2.927700218843636,2.812843385629684,2.876779808913548,1.0018062454015029,1.0018062454015029,1.0008421010490858,2372.714285714286,2375.0,-2.2857142857142208,0,0,True,False,False,False,False,False,False,False,False,False,False,True,False,False,False,False,False,False
2026-03-31,Andhra Pradesh,Nellore,Rapur,Paddy(Common),Common,Local,2390.0,2480.0,2460.0,2450.0,1,3,14,639.8,3028.7,3607.828571428571,-0.07109339058426623,0,0.1,36.0,23.4,69.0,29.7,0.6000000000000003,-0.11428571428571432,0,0,0,2320.0,0,0,0,0,90.0,4.51085950651685,2446.0,2390.0,2490.0,100.0,4.61512051684126,-0.0016326530545605997,0.0,0.004032258048257024,2440.0,2452.0,2442.0,2428.0,2380.0,2388.5714285714284,2470.0,2478.5714285714284,90.0,90.0,8.16496580927722,4.51085950651685,0.0040983606389411445,-0.0008156606818284638,0.003276003262588029,0.009060955481627036,2446.8571428571427,2443.285714285714,2418.0333333333333,5.273473599975287,7.384271970044633,25.30705685054397,1.001284442428193,1.0027480517925298,1.0132201058164896,2446.8571428571427,2418.0333333333333,25.252380952380918,0,0,False,False,False,False,False,False,False,True,False,False,False,False,False,False,False,False,True,False
2026-04-01,Andhra Pradesh,East Godavari,Jaggampet,Paddy(Common),Common,FAQ,2369.0,2379.0,2379.0,2377.0,2,4,14,2473.4,639.8,3172.985714285714,-0.7887542509987784,0,0.0,35.3,24.7,69.0,30.0,0.7000000000000003,-0.014285714285714346,0,0,1,2320.0,0,0,1,0,10.0,2.3978952727983707,2377.0,2369.0,2379.0,10.0,2.3978952727983707,0.0,0.0,0.0,2377.0,2377.0,2371.0,2377.0,2369.0,2369.0,2379.0,2379.0,10.0,10.0,0.0,2.3978952727983707,0.0,0.0,0.0025305778045947793,0.0,2373.5714285714284,2372.714285714286,2375.0,3.20713490294731,2.812843385629684,2.876779808913548,1.0014444736622863,1.0018062454015029,1.0008421010490858,2373.5714285714284,2375.0,-2.2857142857142208,1,0,True,False,False,False,False,False,False,False,False,False,False,True,False,False,False,False,False,False
2026-04-01,Andhra Pradesh,Nellore,Rapur,Paddy(Common),Common,Local,2390.0,2490.0,2450.0,2446.0,2,4,14,2473.4,639.8,3172.985714285714,-0.7887542509987784,0,0.0,35.3,24.7,69.0,30.0,0.7000000000000003,-0.014285714285714346,0,0,1,2320.0,0,0,1,0,100.0,4.61512051684126,2452.0,2390.0,2490.0,100.0,4.61512051684126,0.0024529844544031705,0.0,0.0,2450.0,2452.0,2442.0,2434.0,2390.0,2388.5714285714284,2480.0,2480.0,90.0,91.42857142857143,6.900655593423495,4.51085950651685,-0.0016326530545605997,-0.002446982045485391,0.0016380016312940145,0.0049301561013551515,2448.0,2444.8571428571427,2419.9666666666667,4.898979485577875,6.112498455031404,25.46462500090413,0.9991830024543177,1.0004674494546733,1.0107577197588489,2448.0,2419.9666666666667,24.890476190475965,1,0,False,False,False,False,False,False,False,True,False,False,False,False,False,False,False,False,True,False
2026-04-02,Andhra Pradesh,East Godavari,Jaggampet,Paddy(Common),Common,FAQ,2369.0,2379.0,2379.0,2377.0,3,4,14,2253.2,2473.4,3010.2285714285713,2.865895592372617,0,0.0,35.8,23.5,70.0,29.65,0.7000000000000004,-0.014285714285714235,0,0,1,2320.0,0,0,0,0,10.0,2.3978952727983707,2377.0,2369.0,2379.0,10.0,2.3978952727983707,0.0,0.0,0.0,2377.0,2377.0,2371.0,2371.0,2369.0,2369.0,2379.0,2379.0,10.0,10.0,0.0,2.3978952727983707,0.0,0.0,0.0025305778045947793,0.0025305778045947793,2374.4285714285716,2372.714285714286,2375.0,3.20713490294731,2.812843385629684,2.876779808913548,1.001082963114385,1.0018062454015029,1.0008421010490858,2374.4285714285716,2375.0,-2.2857142857142208,1,0,True,False,False,False,False,False,False,False,False,False,False,True,False,False,False,False,False,False
2026-04-02,Andhra Pradesh,Nellore,Rapur,Paddy(Common),Common,Local,2390.0,2490.0,2460.0,2452.0,3,4,14,2253.2,2473.4,3010.2285714285713,2.865895592372617,0,0.0,35.8,23.5,70.0,29.65,0.7000000000000004,-0.014285714285714235,0,0,1,2320.0,0,0,0,0,100.0,4.61512051684126,2452.0,2390.0,2490.0,100.0,4.61512051684126,0.0,0.0,0.0,2446.0,2440.0,2450.0,2434.0,2390.0,2388.5714285714284,2490.0,2482.8571428571427,100.0,94.28571428571429,5.3452248382484235,4.61512051684126,0.0024529844544031705,0.004918032766729374,0.0008163265272802999,0.007395234152032726,2448.5714285714284,2445.714285714286,2421.8,4.27617987061198,5.253988542481324,25.286496328112,1.0014002292824962,1.0025700893586502,1.0124700594084148,2448.5714285714284,2421.8,23.914285714285597,1,0,False,False,False,False,False,False,False,True,False,False,False,False,False,False,False,False,True,False
2026-04-03,Andhra Pradesh,East Godavari,Jaggampet,Paddy(Common),,,2369.0,2379.0,2379.0,2377.0,4,4,14,2504.2,2253.2,2834.5571428571425,-0.08902724993935485,0,0.0,36.6,24.6,72.0,30.6,0.7000000000000004,-0.014285714285714235,0,0,1,2320.0,0,0,0,0,10.0,2.3978952727983707,2377.0,2369.0,2379.0,10.0,2.3978952727983707,0.0,0.0,0.0,2377.0,2377.0,2371.0,2371.0,2369.0,2369.0,2379.0,2379.0,10.0,10.0,0.0,2.3978952727983707,0.0,0.0,0.0025305778045947793,0.0025305778045947793,2375.285714285714,2373.1428571428573,2375.0,2.927700218843636,2.983470948591678,2.876779808913548,1.0007217134750392,1.0016253268652917,1.0008421010490858,2375.285714285714,2375.0,-1.8571428571426623,1,0,True,False,False,False,False,False,False,False,False,False,False,True,False,False,False,False,False,False
2026-04-03,Andhra Pradesh,Nellore,Rapur,Paddy(Common),,,2390.0,2490.0,2460.0,2452.0,4,4,14,2504.2,2253.2,2834.5571428571425,-0.08902724993935485,0,0.0,36.6,24.6,72.0,30.6,0.7000000000000004,-0.014285714285714235,0,0,1,2320.0,0,0,0,0,100.0,4.61512051684126,2452.0,2390.0,2490.0,100.0,4.61512051684126,0.0,0.0,0.0,2452.0,2450.0,2450.0,2444.0,2390.0,2388.5714285714284,2490.0,2484.285714285714,100.0,95.71428571428571,5.3452248382484235,4.61512051684126,0.0,0.0008163265272802999,0.0008163265272802999,0.0032733224088652927,2448.8571428571427,2447.0,2423.8333333333335,4.450789122126186,4.278748918531044,25.176731640382965,1.0012833934144303,1.0020433142540117,1.0116207068213405,2448.8571428571427,2423.8333333333335,23.166666666666515,1,0,False,False,False,False,False,False,False,True,False,False,False,False,False,False,False,False,True,False
2026-04-04,Andhra Pradesh,East Godavari,Jaggampet,Paddy(Common),,,2369.0,2379.0,2379.0,2377.0,5,4,14,2108.6,2504.2,2702.2714285714287,0.11139712409018276,0,0.0,36.5,24.9,70.0,30.7,0.7000000000000004,-0.014285714285714235,0,0,1,2320.0,0,0,0,0,10.0,2.3978952727983707,2377.0,2369.0,2379.0,10.0,2.3978952727983707,0.0,0.0,0.0,2377.0,2377.0,2371.0,2371.0,2369.0,2369.0,2379.0,2379.0,10.0,10.0,0.0,2.3978952727983707,0.0,0.0,0.0025305778045947793,0.0025305778045947793,2376.1428571428573,2373.5714285714284,2375.0,2.267786838052833,3.0813155460770782,2.876779808913548,1.0003607244618977,1.0014444736622863,1.0008421010490858,2376.1428571428573,2375.0,-1.4285714285715585,1,0,True,False,False,False,False,False,False,False,False,False,False,True,False,False,False,False,False,False
2026-04-04,Andhra Pradesh,Nellore,Rapur,Paddy(Common),Common,Local,2390.0,2490.0,2460.0,2452.0,5,4,14,2108.6,2504.2,2702.2714285714287,0.11139712409018276,0,0.0,36.5,24.9,70.0,30.7,0.7000000000000004,-0.014285714285714235,0,0,1,2320.0,0,0,0,0,100.0,4.61512051684126,2452.0,2390.0,2490.0,100.0,4.61512051684126,0.0,0.0,0.0,2452.0,2446.0,2452.0,2444.0,2390.0,2388.5714285714284,2490.0,2485.714285714286,100.0,97.14285714285714,4.879500364742597,4.61512051684126,0.0,0.0024529844544031705,0.0,0.0032733224088652927,2449.1428571428573,2447.5714285714284,2425.866666666667,4.598136268421181,4.380275469300462,24.895274905965458,1.0011665848062492,1.001809369630149,1.0107727780692557,2449.1428571428573,2425.866666666667,21.704761904761654,1,0,False,False,False,False,False,False,False,True,False,False,False,False,False,False,False,False,True,False
2026-04-05,Andhra Pradesh,East Godavari,Jaggampet,Paddy(Common),Common,FAQ,2369.0,2379.0,2379.0,2377.0,6,4,14,2272.6,2108.6,2324.0571428571425,-0.1579746026675185,1,0.1,36.5,26.1,71.0,31.3,0.7000000000000004,-0.014285714285714235,0,0,1,2320.0,0,0,0,0,10.0,2.3978952727983707,2377.0,2369.0,2379.0,10.0,2.3978952727983707,0.0,0.0,0.0,2377.0,2377.0,2377.0,2371.0,2369.0,2369.0,2379.0,2379.0,10.0,10.0,0.0,2.3978952727983707,0.0,0.0,0.0,0.0025305778045947793,2377.0,2374.0,2375.0,0.0,3.1132471299750573,2.876779808913548,0.9999999957930163,1.0012636857571031,1.0008421010490858,2377.0,2375.0,-1.0,1,0,True,False,False,False,False,False,False,False,False,False,False,True,False,False,False,False,False,False
2026-04-05,Andhra Pradesh,Nellore,Rapur,Paddy(Common),,,2390.0,2490.0,2460.0,2452.0,6,4,14,2272.6,2108.6,2324.0571428571425,-0.1579746026675185,1,0.1,36.5,26.1,71.0,31.3,0.7000000000000004,-0.014285714285714235,0,0,1,2320.0,0,0,0,0,100.0,4.61512051684126,2428.0,2390.0,2460.0,70.0,4.2626798770413155,-0.009787928181941564,0.0,-0.01204819272269802,2452.0,2452.0,2452.0,2444.0,2390.0,2388.5714285714284,2490.0,2485.714285714286,100.0,97.14285714285714,4.879500364742597,4.61512051684126,0.0,0.0,0.0,0.0032733224088652927,2449.1428571428573,2448.1428571428573,2427.9,4.598136268421181,4.400299690110179,24.436194184177314,1.0011665848062492,1.0015755342177575,1.009926269574833,2449.1428571428573,2427.9,20.242857142857247,1,0,False,False,False,False,False,False,False,True,False,False,False,False,False,False,False,False,True,False
2026-04-06,Andhra Pradesh,East Godavari,Jaggampet,Paddy(Common),Common,FAQ,2369.0,2379.0,2379.0,2377.0,0,4,15,2317.1,2272.6,2182.928571428571,0.07777672389263013,0,1.2,35.3,26.5,71.0,30.9,0.20000000000000034,-5.814285714285714,0,0,1,2320.0,0,0,0,0,10.0,2.3978952727983707,2377.0,2369.0,2379.0,10.0,2.3978952727983707,0.0,0.0,0.0,2377.0,2377.0,2377.0,2371.0,2369.0,2369.0,2379.0,2379.0,10.0,10.0,0.0,2.3978952727983707,0.0,0.0,0.0,0.0025305778045947793,2377.0,2374.4285714285716,2375.0,0.0,3.081315546076947,2.876779808913548,0.9999999957930163,1.001082963114385,1.0008421010490858,2377.0,2375.0,-0.5714285714284415,1,0,True,False,False,False,False,False,False,False,False,False,False,True,False,False,False,False,False,False
2026-04-06,Andhra Pradesh,Nellore,Rapur,Paddy(Common),Common,Local,2390.0,2460.0,2430.0,2428.0,0,4,15,2317.1,2272.6,2182.928571428571,0.07777672389263013,0,1.2,35.3,26.5,71.0,30.9,0.20000000000000034,-5.814285714285714,0,0,1,2320.0,0,0,0,0,70.0,4.2626798770413155,2428.0,2390.0,2460.0,70.0,4.2626798770413155,0.0,0.0,0.0,2452.0,2452.0,2440.0,2450.0,2390.0,2388.5714285714284,2490.0,2485.714285714286,100.0,97.14285714285714,4.879500364742597,4.61512051684126,-0.009787928181941564,-0.009787928181941564,-0.004918032766729374,-0.008979591800083299,2449.1428571428573,2448.714285714286,2429.9333333333334,4.598136268421181,4.339949865530161,23.78920841014983,0.9913672381360412,0.9915407461987134,0.9992043636346496,2449.1428571428573,2429.9333333333334,18.780952380952385,1,0,False,False,False,False,False,False,False,True,False,False,False,False,False,False,False,False,True,False
2026-04-07,Andhra Pradesh,East Godavari,Jaggampet,Paddy(Common),Common,FAQ,2369.0,2379.0,2379.0,2377.0,1,4,15,2684.6,2317.1,2081.2714285714283,0.019581096541406273,0,0.9,35.7,26.2,74.0,30.950000000000003,1.4000000000000004,-4.614285714285714,0,0,1,2320.0,0,0,0,0,10.0,2.3978952727983707,2377.0,2369.0,2379.0,10.0,2.3978952727983707,0.0,0.0,0.0,2377.0,2377.0,2377.0,2371.0,2369.0,2369.0,2379.0,2379.0,10.0,10.0,0.0,2.3978952727983707,0.0,0.0,0.0,0.0025305778045947793,2377.0,2374.8571428571427,2375.0,0.0,2.983470948591407,2.876779808913548,0.9999999957930163,1.0009023056987993,1.0008421010490858,2377.0,2375.0,-0.14285714285733775,1,0,True,False,False,False,False,False,False,False,False,False,False,True,False,False,False,False,False,False
2026-04-07,Andhra Pradesh,Nellore,Rapur,Paddy(Common),Common,Local,2390.0,2460.0,2430.0,2428.0,1,4,15,2684.6,2317.1,2081.2714285714283,0.019581096541406273,0,0.9,35.7,26.2,74.0,30.950000000000003,1.4000000000000004,-4.614285714285714,0,0,1,2320.0,0,0,0,0,70.0,4.2626798770413155,2428.0,2390.0,2460.0,70.0,4.2626798770413155,0.0,0.0,0.0,2428.0,2452.0,2450.0,2442.0,2390.0,2390.0,2460.0,2484.285714285714,70.0,94.28571428571429,11.338934190276785,4.2626798770413155,0.0,-0.009787928181941564,-0.008979591800083299,-0.00573300570952905,2447.4285714285716,2447.1428571428573,2431.1666666666665,8.847921466978919,7.003923547204395,22.632115316030465,0.9920616349845718,0.992177462378726,0.9986974662424181,2447.4285714285716,2431.1666666666665,15.976190476190823,1,0,False,False,False,False,False,False,False,True,False,False,False,False,False,False,False,False,True,False
2026-04-08,Andhra Pradesh,East Godavari,Jaggampet,Paddy(Common),,,2369.0,2379.0,2379.0,2377.0,2,4,15,2162.1000000000004,2684.6,2373.3857142857137,0.15860342669716454,0,3.0,35.9,26.0,74.0,30.95,2.2,-3.814285714285714,0,0,1,2320.0,0,0,0,0,10.0,2.3978952727983707,2377.0,2369.0,2379.0,10.0,2.3978952727983707,0.0,0.0,0.0,2377.0,2377.0,2377.0,2371.0,2369.0,2369.0,2379.0,2379.0,10.0,10.0,0.0,2.3978952727983707,0.0,0.0,0.0,0.0025305778045947793,2377.0,2375.285714285714,2375.0,0.0,2.8128433856292525,2.876779808913548,0.9999999957930163,1.0007217134750392,1.0008421010490858,2377.0,2375.0,0.28571428571422075,1,0,True,False,False,False,False,False,False,False,False,False,False,True,False,False,False,False,False,False
2026-04-08,Andhra Pradesh,Nellore,Rapur,Paddy(Common),,,2390.0,2460.0,2430.0,2428.0,2,4,15,2162.1000000000004,2684.6,2373.3857142857137,0.15860342669716454,0,3.0,35.9,26.0,74.0,30.95,2.2,-3.814285714285714,0,0,1,2320.0,0,0,0,0,70.0,4.2626798770413155,2452.0,2390.0,2490.0,100.0,4.61512051684126,0.009884678707229495,0.0,0.012195121901645845,2428.0,2452.0,2446.0,2442.0,2390.0,2390.0,2460.0,2481.4285714285716,70.0,91.42857142857143,14.63850109422797,4.2626798770413155,0.0,-0.009787928181941564,-0.007358953363209512,-0.00573300570952905,2444.285714285714,2446.1428571428573,2432.4,11.338934190281618,8.60998653494881,21.33897195597473,0.9933372256263234,0.9925830713379187,0.9981910828885417,2444.285714285714,2432.4,13.742857142857247,1,0,False,False,False,False,False,False,False,True,False,False,False,False,False,False,False,False,True,False
2026-04-09,Andhra Pradesh,East Godavari,Jaggampet,Paddy(Common),Common,FAQ,2369.0,2379.0,2379.0,2377.0,3,4,15,2173.8,2162.1000000000004,2328.9142857142856,-0.19462862251359592,0,5.8,35.7,26.5,75.0,31.1,5.2,-0.8142857142857141,0,0,1,2320.0,0,0,0,0,10.0,2.3978952727983707,2377.0,2369.0,2379.0,10.0,2.3978952727983707,0.0,0.0,0.0,2377.0,2377.0,2377.0,2371.0,2369.0,2369.0,2379.0,2379.0,10.0,10.0,0.0,2.3978952727983707,0.0,0.0,0.0,0.0025305778045947793,2377.0,2375.714285714286,2375.0,0.0,2.5548918817561455,2.876779808913548,0.9999999957930163,1.0005411864078242,1.0008421010490858,2377.0,2375.0,0.7142857142857792,1,0,True,False,False,False,False,False,False,False,False,False,False,True,False,False,False,False,False,False
2026-04-09,Andhra Pradesh,Nellore,Rapur,Paddy(Common),Common,Local,2390.0,2490.0,2460.0,2452.0,3,4,15,2173.8,2162.1000000000004,2328.9142857142856,-0.19462862251359592,0,5.8,35.7,26.5,75.0,31.1,5.2,-0.8142857142857141,0,0,1,2320.0,0,0,0,0,100.0,4.61512051684126,2438.0,2390.0,2480.0,90.0,4.51085950651685,-0.0057096247727992456,0.0,-0.00401606424089934,2428.0,2428.0,2452.0,2450.0,2390.0,2390.0,2460.0,2477.1428571428573,70.0,87.14285714285714,16.03567451474543,4.2626798770413155,0.009884678707229495,0.009884678707229495,0.0,0.0008163265272802999,2441.714285714286,2445.1428571428573,2433.633333333333,12.82853961180052,9.851646819444426,19.883251196946386,1.0042124929619192,1.0028043894486849,1.0075470106115123,2441.714285714286,2433.633333333333,11.509523809524126,1,0,False,False,False,False,False,False,False,True,False,False,False,False,False,False,False,False,True,False
2026-04-10,Andhra Pradesh,East Godavari,Jaggampet,Paddy(Common),Common,FAQ,2369.0,2379.0,2379.0,2377.0,4,4,15,1816.6000000000001,2173.8,2317.5714285714284,0.0054114055779102,0,0.0,37.2,27.0,73.0,32.1,11.0,4.985714285714286,0,0,1,2320.0,0,0,0,0,10.0,2.3978952727983707,2377.0,2369.0,2379.0,10.0,2.3978952727983707,0.0,0.0,0.0,2377.0,2377.0,2377.0,2371.0,2369.0,2369.0,2379.0,2379.0,10.0,10.0,0.0,2.3978952727983707,0.0,0.0,0.0,0.0025305778045947793,2377.0,2376.1428571428573,2375.0,0.0,2.178819117605812,2.876779808913548,0.9999999957930163,1.0003607244618977,1.0008421010490858,2377.0,2375.0,1.1428571428573377,1,0,True,False,False,False,False,False,False,False,False,False,False,True,False,False,False,False,False,False
2026-04-10,Andhra Pradesh,Nellore,Rapur,Paddy(Common),Common,Local,2390.0,2480.0,2440.0,2438.0,4,4,15,1816.6000000000001,2173.8,2317.5714285714284,0.0054114055779102,0,0.0,37.2,27.0,73.0,32.1,11.0,4.985714285714286,0,0,1,2320.0,0,0,0,0,90.0,4.51085950651685,2438.0,2390.0,2480.0,90.0,4.51085950651685,0.0,0.0,0.0,2452.0,2428.0,2452.0,2450.0,2390.0,2390.0,2490.0,2477.1428571428573,100.0,87.14285714285714,16.03567451474543,4.61512051684126,-0.0057096247727992456,0.004118616128012289,-0.0057096247727992456,-0.004897959163681799,2441.714285714286,2445.285714285714,2435.6666666666665,12.82853961180052,9.941587641583737,18.439712267432636,0.9984788164115657,0.9970205018524604,1.0009579813837772,2441.714285714286,2435.6666666666665,9.619047619047706,1,0,False,False,False,False,False,False,False,True,False,False,False,False,False,False,False,False,True,False
2026-04-11,Andhra Pradesh,East Godavari,Jaggampet,Paddy(Common),,,2369.0,2379.0,2379.0,2377.0,5,4,15,0.0,1816.6000000000001,2219.3428571428567,-0.1643205446683228,1,0.1,36.9,27.1,71.0,32.0,11.0,4.985714285714286,0,0,1,2320.0,0,0,0,0,10.0,2.3978952727983707,2377.0,2369.0,2379.0,10.0,2.3978952727983707,0.0,0.0,0.0,2377.0,2377.0,2377.0,2371.0,2369.0,2369.0,2379.0,2379.0,10.0,10.0,0.0,2.3978952727983707,0.0,0.0,0.0,0.0025305778045947793,2377.0,2376.5714285714284,2375.0,0.0,1.6035674514723643,2.876779808913548,0.9999999957930163,1.0001803276020302,1.0008421010490858,2377.0,2375.0,1.5714285714284415,1,0,True,False,False,False,False,False,False,False,False,False,False,True,False,False,False,False,False,False
2026-04-11,Andhra Pradesh,Nellore,Rapur,Paddy(Common),,,2390.0,2480.0,2440.0,2438.0,5,4,15,0.0,1816.6000000000001,2219.3428571428567,-0.1643205446683228,1,0.1,36.9,27.1,71.0,32.0,11.0,4.985714285714286,0,0,1,2320.0,0,0,0,0,90.0,4.51085950651685,2438.0,2390.0,2480.0,90.0,4.51085950651685,0.0,0.0,0.0,2438.0,2428.0,2452.0,2452.0,2390.0,2390.0,2480.0,2475.714285714286,90.0,85.71428571428571,15.118578920369053,4.51085950651685,0.0,0.004118616128012289,-0.0057096247727992456,-0.0057096247727992456,2439.714285714286,2444.4285714285716,2437.233333333333,12.023785950004816,10.020857369392175,16.397399569555027,0.9992973375131271,0.9973701087127631,1.0003145602241015,2439.714285714286,2437.233333333333,7.195238095238437,1,0,False,False,False,False,False,False,False,True,False,False,False,False,False,False,False,False,True,False
2026-04-12,Andhra Pradesh,East Godavari,Jaggampet,Paddy(Common),Common,FAQ,2369.0,2379.0,2379.0,2377.0,6,4,15,1070.8999999999999,0.0,1918.1142857142856,-1.0,1,0.0,36.0,26.0,73.0,31.0,11.1,5.085714285714285,0,0,1,2320.0,0,0,0,0,10.0,2.3978952727983707,2377.0,2369.0,2379.0,10.0,2.3978952727983707,0.0,0.0,0.0,2377.0,2377.0,2377.0,2377.0,2369.0,2369.0,2379.0,2379.0,10.0,10.0,0.0,2.3978952727983707,0.0,0.0,0.0,0.0,2377.0,2377.0,2375.0,0.0,0.0,2.876779808913548,0.9999999957930163,0.9999999957930163,1.0008421010490858,2377.0,2375.0,2.0,1,0,True,False,False,False,False,False,False,False,False,False,False,True,False,False,False,False,False,False
2026-04-12,Andhra Pradesh,Nellore,Rapur,Paddy(Common),,,2390.0,2480.0,2440.0,2438.0,6,4,15,1070.8999999999999,0.0,1918.1142857142856,-1.0,1,0.0,36.0,26.0,73.0,31.0,11.1,5.085714285714285,0,0,1,2320.0,0,0,0,0,90.0,4.51085950651685,2432.0,2390.0,2480.0,90.0,4.51085950651685,-0.0024610336240318553,0.0,0.0,2438.0,2452.0,2452.0,2452.0,2390.0,2390.0,2480.0,2474.285714285714,90.0,84.28571428571429,13.972762620115397,4.51085950651685,0.0,-0.0057096247727992456,-0.0057096247727992456,-0.0057096247727992456,2437.714285714286,2443.4285714285716,2438.4333333333334,10.734900802438641,9.905043670272317,14.986622387138564,1.000117201710724,0.9977782933907575,0.9998222861680766,2437.714285714286,2438.4333333333334,4.9952380952381645,1,0,False,False,False,False,False,False,False,True,False,False,False,False,False,False,False,False,True,False
2026-04-13,Andhra Pradesh,East Godavari,Jaggampet,Paddy(Common),Common,FAQ,2369.0,2379.0,2379.0,2377.0,0,4,16,1727.5,1070.8999999999999,1746.4428571428568,0.0,0,0.0,36.4,25.3,73.0,30.85,11.0,5.885714285714285,0,0,1,2320.0,0,0,0,0,10.0,2.3978952727983707,2377.0,2369.0,2379.0,10.0,2.3978952727983707,0.0,0.0,0.0,2377.0,2377.0,2377.0,2377.0,2369.0,2369.0,2379.0,2379.0,10.0,10.0,0.0,2.3978952727983707,0.0,0.0,0.0,0.0,2377.0,2377.0,2375.0,0.0,0.0,2.876779808913548,0.9999999957930163,0.9999999957930163,1.0008421010490858,2377.0,2375.0,2.0,1,0,True,False,False,False,False,False,False,False,False,False,False,True,False,False,False,False,False,False
2026-04-13,Andhra Pradesh,Nellore,Rapur,Paddy(Common),Common,Local,2390.0,2480.0,2430.0,2432.0,0,4,16,1727.5,1070.8999999999999,1746.4428571428568,0.0,0,0.0,36.4,25.3,73.0,30.85,11.0,5.885714285714285,0,0,1,2320.0,0,0,0,0,90.0,4.51085950651685,2432.0,2390.0,2480.0,90.0,4.51085950651685,0.0,0.0,0.0,2438.0,2438.0,2428.0,2440.0,2390.0,2390.0,2480.0,2472.8571428571427,90.0,82.85714285714286,12.535663410560126,4.51085950651685,-0.0024610336240318553,-0.0024610336240318553,0.0016474464512049156,-0.0032786885111529157,2435.714285714286,2442.4285714285716,2439.6,8.750510189213516,9.677207843611479,13.41280911203304,0.9984750692144717,0.9957302409954308,0.9968847311162291,2435.714285714286,2439.6,2.8285714285716494,1,0,False,False,False,False,False,False,False,True,False,False,False,False,False,False,False,False,True,False
2026-04-14,Andhra Pradesh,East Godavari,Jaggampet,Paddy(Common),Common,FAQ,2369.0,2379.0,2379.0,2377.0,1,4,16,541.2,1727.5,1662.2142857142858,0.6131291437108977,0,0.0,37.1,25.6,70.0,31.35,9.8,4.685714285714286,0,0,1,2320.0,0,0,0,0,10.0,2.3978952727983707,2377.0,2369.0,2379.0,10.0,2.3978952727983707,0.0,0.0,0.0,2377.0,2377.0,2377.0,2377.0,2369.0,2369.0,2379.0,2379.0,10.0,10.0,0.0,2.3978952727983707,0.0,0.0,0.0,0.0,2377.0,2377.0,2375.0,0.0,0.0,2.876779808913548,0.9999999957930163,0.9999999957930163,1.0008421010490858,2377.0,2375.0,2.0,1,0,True,False,False,False,False,False,False,False,False,False,False,True,False,False,False,False,False,False
2026-04-14,Andhra Pradesh,Nellore,Rapur,Paddy(Common),,,2390.0,2480.0,2430.0,2432.0,1,4,16,541.2,1727.5,1662.2142857142858,0.6131291437108977,0,0.0,37.1,25.6,70.0,31.35,9.8,4.685714285714286,0,0,1,2320.0,0,0,0,0,90.0,4.51085950651685,2430.0,2390.0,2470.0,80.0,4.394449154672439,-0.0008223684176711824,0.0,-0.004032258048257024,2432.0,2438.0,2428.0,2450.0,2390.0,2390.0,2480.0,2475.714285714286,90.0,85.71428571428571,11.33893419027677,4.51085950651685,0.0,-0.0024610336240318553,0.0016474464512049156,-0.007346938745522698,2436.285714285714,2441.8571428571427,2440.5666666666666,8.280786712114375,10.060258009061716,11.60761739588162,0.9982408778071501,0.9959632557352467,0.9964898821455813,2436.285714285714,2440.5666666666666,1.2904761904760562,1,0,False,False,False,False,False,False,False,True,False,False,False,False,False,False,False,False,True,False
2026-04-15,Andhra Pradesh,East Godavari,Jaggampet,Paddy(Common),Common,FAQ,2369.0,2379.0,2379.0,2377.0,2,4,16,986.9,541.2,1356.0142857142857,-0.6867149059334298,0,0.0,36.5,25.8,74.0,31.15,8.9,3.7857142857142856,0,0,1,2320.0,0,0,0,0,10.0,2.3978952727983707,2377.0,2369.0,2379.0,10.0,2.3978952727983707,0.0,0.0,0.0,2377.0,2377.0,2377.0,2377.0,2369.0,2369.0,2379.0,2379.0,10.0,10.0,0.0,2.3978952727983707,0.0,0.0,0.0,0.0,2377.0,2377.0,2375.0,0.0,0.0,2.876779808913548,0.9999999957930163,0.9999999957930163,1.0008421010490858,2377.0,2375.0,2.0,1,0,True,False,False,False,False,False,False,False,False,False,False,True,False,False,False,False,False,False
2026-04-15,Andhra Pradesh,Kakinada,Jaggampet,Paddy(Common),Common,FAQ,2369.0,2379.0,2379.0,2377.0,2,4,16,986.9,541.2,1356.0142857142857,-0.6867149059334298,0,0.0,36.5,25.8,74.0,31.15,8.9,3.7857142857142865,0,0,1,2320.0,0,0,0,0,10.0,2.3978952727983707,2377.0,2369.0,2379.0,10.0,2.3978952727983707,0.0,0.0,0.0,2377.0,2377.0,2377.0,2377.0,2369.0,2369.0,2379.0,2379.0,10.0,10.0,0.0,2.3978952727983707,0.0,0.0,0.0,0.0,2377.0,2377.0,2377.0,0.0,0.0,0.0,0.9999999957930163,0.9999999957930163,0.9999999957930163,2377.0,2377.0,0.0,1,0,True,False,False,False,False,False,False,False,False,False,False,False,False,True,False,False,False,False
2026-04-15,Andhra Pradesh,Nellore,Rapur,Paddy(Common),Common,Local,2390.0,2470.0,2430.0,2430.0,2,4,16,986.9,541.2,1356.0142857142857,-0.6867149059334298,0,0.0,36.5,25.8,74.0,31.15,8.9,3.7857142857142856,0,0,1,2320.0,0,0,0,0,80.0,4.394449154672439,2430.0,2390.0,2470.0,80.0,4.394449154672439,0.0,0.0,0.0,2432.0,2438.0,2428.0,2446.0,2390.0,2390.0,2480.0,2478.5714285714284,90.0,88.57142857142857,8.997354108424322,4.51085950651685,-0.0008223684176711824,-0.003281378165375807,0.0008237232256024578,-0.006541291878408455,2436.8571428571427,2440.5714285714284,2441.5333333333333,7.733661733592038,10.089707518173471,9.361451896430236,0.997186066959607,0.9956684576389141,0.995276188480151,2436.8571428571427,2441.5333333333333,-0.9619047619048615,1,0,False,False,False,False,False,False,False,True,False,False,False,False,False,False,False,False,True,False
2026-04-15,Andhra Pradesh,SPSR Nellore,Rapur,Paddy(Common),Common,Local,2390.0,2470.0,2430.0,2430.0,2,4,16,986.9,541.2,1356.0142857142857,-0.6867149059334298,0,0.0,36.5,25.8,74.0,31.15,8.9,3.7857142857142865,0,0,1,2320.0,0,0,0,0,80.0,4.394449154672439,2430.0,2390.0,2470.0,80.0,4.394449154672439,0.0,0.0,0.0,2438.0,2438.0,2438.0,2446.0,2390.0,2390.0,2480.0,2481.4285714285716,90.0,91.42857142857143,3.779644730092274,4.51085950651685,-0.003281378165375807,-0.003281378165375807,-0.003281378165375807,-0.006541291878408455,2440.0,2442.1428571428573,2442.1428571428573,5.291502622129244,8.786853316676588,8.786853316676588,0.9959016352626981,0.995027781827906,0.995027781827906,2440.0,2442.1428571428573,0.0,1,0,False,False,False,False,False,False,False,True,False,False,False,False,False,False,False,False,False,True
2026-04-16,Andhra Pradesh,East Godavari,Jaggampet,Paddy(Common),Common,FAQ,2369.0,2379.0,2379.0,2377.0,3,4,16,583.8,986.9,1188.1285714285714,0.8235402808573538,0,0.0,35.8,25.5,75.0,30.65,5.9,0.7857142857142856,0,0,1,2320.0,0,0,0,0,10.0,2.3978952727983707,2377.0,2369.0,2379.0,10.0,2.3978952727983707,0.0,0.0,0.0,2377.0,2377.0,2377.0,2377.0,2369.0,2369.0,2379.0,2379.0,10.0,10.0,0.0,2.3978952727983707,0.0,0.0,0.0,0.0,2377.0,2377.0,2375.0,0.0,0.0,2.876779808913548,0.9999999957930163,0.9999999957930163,1.0008421010490858,2377.0,2375.0,2.0,1,0,True,False,False,False,False,False,False,False,False,False,False,True,False,False,False,False,False,False
2026-04-16,Andhra Pradesh,Kakinada,Jaggampet,Paddy(Common),Common,FAQ,2369.0,2379.0,2379.0,2377.0,3,4,16,583.8,986.9,1188.1285714285716,0.8235402808573538,0,0.0,35.8,25.5,75.0,30.65,5.8999999999999995,0.7857142857142856,0,0,1,2320.0,0,0,0,0,10.0,2.3978952727983707,2377.0,2369.0,2379.0,10.0,2.3978952727983707,0.0,0.0,0.0,2377.0,2377.0,2377.0,2377.0,2369.0,2369.0,2379.0,2379.0,10.0,10.0,0.0,2.3978952727983707,0.0,0.0,0.0,0.0,2377.0,2377.0,2377.0,0.0,0.0,0.0,0.9999999957930163,0.9999999957930163,0.9999999957930163,2377.0,2377.0,0.0,1,0,True,False,False,False,False,False,False,False,False,False,False,False,False,True,False,False,False,False
2026-04-16,Andhra Pradesh,Nellore,Rapur,Paddy(Common),,,2390.0,2470.0,2430.0,2430.0,3,4,16,583.8,986.9,1188.1285714285714,0.8235402808573538,0,0.0,35.8,25.5,75.0,30.65,5.9,0.7857142857142856,0,0,1,2320.0,0,0,0,0,80.0,4.394449154672439,2420.0,2380.0,2460.0,80.0,4.394449154672439,-0.004115226320513471,-0.004184100400903345,-0.004048582979560392,2430.0,2432.0,2452.0,2452.0,2390.0,2390.0,2470.0,2480.0,80.0,90.0,5.773502691896181,4.394449154672439,0.0,-0.0008223684176711824,-0.008972267500113101,-0.008972267500113101,2437.1428571428573,2439.4285714285716,2441.8,7.3807987695298145,10.33079255068815,8.887806447502038,0.997069163552471,0.9961349221287511,0.9951674953101501,2437.1428571428573,2441.8,-2.3714285714286234,1,0,False,False,False,False,False,False,False,True,False,False,False,False,False,False,False,False,True,False
2026-04-16,Andhra Pradesh,SPSR Nellore,Rapur,Paddy(Common),,,2390.0,2470.0,2430.0,2430.0,3,4,16,583.8,986.9,1188.1285714285716,0.8235402808573538,0,0.0,35.8,25.5,75.0,30.65,5.8999999999999995,0.7857142857142856,0,0,1,2320.0,0,0,0,0,80.0,4.394449154672439,2420.0,2380.0,2460.0,80.0,4.394449154672439,-0.004115226320513471,-0.004184100400903345,-0.004048582979560392,2430.0,2438.0,2452.0,2452.0,2390.0,2390.0,2470.0,2480.0,80.0,90.0,5.7735026918962555,4.394449154672439,0.0,-0.003281378165375807,-0.008972267500113101,-0.008972267500113101,2438.8571428571427,2441.0,2441.3333333333335,6.517376042257565,9.273618495495601,9.029053633898087,0.99636831831386,0.9954936460651632,0.9953577239403696,2438.8571428571427,2441.3333333333335,-0.3333333333334849,1,0,False,False,False,False,False,False,False,True,False,False,False,False,False,False,False,False,False,True
2026-04-17,Andhra Pradesh,East Godavari,Jaggampet,Paddy(Common),Common,FAQ,2369.0,2379.0,2379.0,2377.0,4,4,16,554.3,583.8,960.9857142857142,-0.4084507042253521,0,0.0,36.9,26.1,73.0,31.5,0.1,-5.014285714285715,0,0,1,2320.0,0,0,0,0,10.0,2.3978952727983707,2377.0,2369.0,2379.0,10.0,2.3978952727983707,0.0,0.0,0.0,2377.0,2377.0,2377.0,2377.0,2369.0,2369.0,2379.0,2379.0,10.0,10.0,0.0,2.3978952727983707,0.0,0.0,0.0,0.0,2377.0,2377.0,2375.0,0.0,0.0,2.876779808913548,0.9999999957930163,0.9999999957930163,1.0008421010490858,2377.0,2375.0,2.0,1,0,True,False,False,False,False,False,False,False,False,False,False,True,False,False,False,False,False,False
2026-04-17,Andhra Pradesh,Kakinada,Jaggampet,Paddy(Common),Common,FAQ,2369.0,2379.0,2379.0,2377.0,4,4,16,554.3,583.8,960.9857142857143,-0.4084507042253521,0,0.0,36.9,26.1,73.0,31.5,0.1,-5.014285714285714,0,0,1,2320.0,0,0,0,0,10.0,2.3978952727983707,2377.0,2369.0,2379.0,10.0,2.3978952727983707,0.0,0.0,0.0,2377.0,2377.0,2377.0,2377.0,2369.0,2369.0,2379.0,2379.0,10.0,10.0,0.0,2.3978952727983707,0.0,0.0,0.0,0.0,2377.0,2377.0,2377.0,0.0,0.0,0.0,0.9999999957930163,0.9999999957930163,0.9999999957930163,2377.0,2377.0,0.0,1,0,True,False,False,False,False,False,False,False,False,False,False,False,False,True,False,False,False,False
2026-04-17,Andhra Pradesh,Nellore,Rapur,Paddy(Common),Common,Local,2380.0,2460.0,2420.0,2420.0,4,4,16,554.3,583.8,960.9857142857142,-0.4084507042253521,0,0.0,36.9,26.1,73.0,31.5,0.1,-5.014285714285715,0,0,1,2320.0,0,0,0,0,80.0,4.394449154672439,2420.0,2380.0,2460.0,80.0,4.394449154672439,0.0,0.0,0.0,2430.0,2432.0,2438.0,2452.0,2390.0,2390.0,2470.0,2477.1428571428573,80.0,87.14285714285714,4.879500364742564,4.394449154672439,-0.004115226320513471,-0.004934210506027095,-0.007383100872095566,-0.01305057090925542,2434.0,2437.8571428571427,2441.866666666667,3.82970843103815,9.93716522693056,8.787661151053234,0.9942481471066221,0.9926750618524902,0.9910450980491218,2434.0,2441.866666666667,-4.009523809524126,1,0,False,False,False,False,False,False,False,True,False,False,False,False,False,False,False,False,True,False
2026-04-17,Andhra Pradesh,SPSR Nellore,Rapur,Paddy(Common),Common,Local,2380.0,2460.0,2420.0,2420.0,4,4,16,554.3,583.8,960.9857142857143,-0.4084507042253521,0,0.0,36.9,26.1,73.0,31.5,0.1,-5.014285714285714,0,0,1,2320.0,0,0,0,0,80.0,4.394449154672439,2420.0,2380.0,2460.0,80.0,4.394449154672439,0.0,0.0,0.0,2430.0,2438.0,2438.0,2452.0,2390.0,2390.0,2470.0,2477.1428571428573,80.0,87.14285714285714,4.879500364742651,4.394449154672439,-0.004115226320513471,-0.007383100872095566,-0.007383100872095566,-0.01305057090925542,2435.714285714286,2439.4285714285716,2440.625,3.9036002917950543,9.129110544880923,9.171513869948893,0.9935483830176898,0.9920356014615546,0.9915492917119618,2435.714285714286,2440.625,-1.1964285714284415,1,0,False,False,False,False,False,False,False,True,False,False,False,False,False,False,False,False,False,True
2026-04-18,Andhra Pradesh,East Godavari,Jaggampet,Paddy(Common),Common,FAQ,2369.0,2379.0,2379.0,2377.0,5,4,16,676.8,554.3,780.6571428571426,-0.050531003768413796,0,0.0,36.6,26.8,72.0,31.700000000000003,0.1,-5.014285714285715,0,0,1,2320.0,0,0,0,0,10.0,2.3978952727983707,2377.0,2369.0,2379.0,10.0,2.3978952727983707,0.0,0.0,0.0,2377.0,2377.0,2377.0,2377.0,2369.0,2369.0,2379.0,2379.0,10.0,10.0,0.0,2.3978952727983707,0.0,0.0,0.0,0.0,2377.0,2377.0,2375.0,0.0,0.0,2.876779808913548,0.9999999957930163,0.9999999957930163,1.0008421010490858,2377.0,2375.0,2.0,1,0,True,False,False,False,False,False,False,False,False,False,False,True,False,False,False,False,False,False
2026-04-18,Andhra Pradesh,Kakinada,Jaggampet,Paddy(Common),Common,FAQ,2369.0,2379.0,2379.0,2377.0,5,4,16,676.8,554.3,780.657142857143,-0.050531003768413796,0,0.0,36.6,26.8,72.0,31.700000000000003,0.1,-5.014285714285714,0,0,1,2320.0,0,0,0,0,10.0,2.3978952727983707,2377.0,2369.0,2379.0,10.0,2.3978952727983707,0.0,0.0,0.0,2377.0,2377.0,2377.0,2377.0,2369.0,2369.0,2379.0,2379.0,10.0,10.0,0.0,2.3978952727983707,0.0,0.0,0.0,0.0,2377.0,2377.0,2377.0,0.0,0.0,0.0,0.9999999957930163,0.9999999957930163,0.9999999957930163,2377.0,2377.0,0.0,1,0,True,False,False,False,False,False,False,False,False,False,False,False,False,True,False,False,False,False
2026-04-18,Andhra Pradesh,Nellore,Rapur,Paddy(Common),Common,Local,2380.0,2460.0,2420.0,2420.0,5,4,16,676.8,554.3,780.6571428571426,-0.050531003768413796,0,0.0,36.6,26.8,72.0,31.700000000000003,0.1,-5.014285714285715,0,0,1,2320.0,0,0,0,0,80.0,4.394449154672439,2420.0,2380.0,2460.0,80.0,4.394449154672439,0.0,0.0,0.0,2420.0,2430.0,2438.0,2452.0,2380.0,2388.5714285714284,2460.0,2474.285714285714,80.0,85.71428571428571,5.345224838248388,4.394449154672439,0.0,-0.004115226320513471,-0.007383100872095566,-0.01305057090925542,2431.4285714285716,2435.5714285714284,2441.4,6.078847008477604,10.112553399798653,9.557809588912749,0.9952996433800836,0.9936066590678359,0.991234533500309,2431.4285714285716,2441.4,-5.8285714285716494,1,0,False,False,False,False,False,False,False,True,False,False,False,False,False,False,False,False,True,False
2026-04-18,Andhra Pradesh,SPSR Nellore,Rapur,Paddy(Common),,,2380.0,2460.0,2420.0,2420.0,5,4,16,676.8,554.3,780.657142857143,-0.050531003768413796,0,0.0,36.6,26.8,72.0,31.700000000000003,0.1,-5.014285714285714,0,0,1,2320.0,0,0,0,0,80.0,4.394449154672439,2420.0,2380.0,2460.0,80.0,4.394449154672439,0.0,0.0,0.0,2420.0,2430.0,2438.0,2452.0,2380.0,2388.5714285714284,2460.0,2474.285714285714,80.0,85.71428571428571,5.345224838248469,4.394449154672439,0.0,-0.004115226320513471,-0.007383100872095566,-0.01305057090925542,2433.1428571428573,2437.1428571428573,2439.4117647058824,6.914443130833781,9.725914177772793,10.192269273384303,0.9945983989183953,0.9929659982703621,0.9920424362515742,2433.1428571428573,2439.4117647058824,-2.2689075630250954,1,0,False,False,False,False,False,False,False,True,False,False,False,False,False,False,False,False,False,True
2026-04-19,Andhra Pradesh,East Godavari,Jaggampet,Paddy(Common),Common,FAQ,2369.0,2379.0,2379.0,2377.0,6,4,16,369.5,676.8,877.3428571428569,0.22099945877683558,1,0.0,36.9,26.7,71.0,31.799999999999997,0.0,-5.114285714285715,0,0,1,2320.0,0,0,0,0,10.0,2.3978952727983707,2377.0,2369.0,2379.0,10.0,2.3978952727983707,0.0,0.0,0.0,2377.0,2377.0,2377.0,2377.0,2369.0,2369.0,2379.0,2379.0,10.0,10.0,0.0,2.3978952727983707,0.0,0.0,0.0,0.0,2377.0,2377.0,2375.2,0.0,0.0,2.7965495981975743,0.9999999957930163,0.9999999957930163,1.0007578267061392,2377.0,2375.2,1.800000000000182,1,0,True,False,False,False,False,False,False,False,False,False,False,True,False,False,False,False,False,False
2026-04-19,Andhra Pradesh,Kakinada,Jaggampet,Paddy(Common),Common,FAQ,2369.0,2379.0,2379.0,2377.0,6,4,16,369.5,676.8,877.342857142857,0.22099945877683558,1,0.0,36.9,26.7,71.0,31.799999999999997,0.0,-5.114285714285714,0,0,1,2320.0,0,0,0,0,10.0,2.3978952727983707,2377.0,2369.0,2379.0,10.0,2.3978952727983707,0.0,0.0,0.0,2377.0,2377.0,2377.0,2377.0,2369.0,2369.0,2379.0,2379.0,10.0,10.0,0.0,2.3978952727983707,0.0,0.0,0.0,0.0,2377.0,2377.0,2377.0,0.0,0.0,0.0,0.9999999957930163,0.9999999957930163,0.9999999957930163,2377.0,2377.0,0.0,1,0,True,False,False,False,False,False,False,False,False,False,False,False,False,True,False,False,False,False
2026-04-19,Andhra Pradesh,Nellore,Rapur,Paddy(Common),,,2380.0,2460.0,2420.0,2420.0,6,4,16,369.5,676.8,877.3428571428569,0.22099945877683558,1,0.0,36.9,26.7,71.0,31.799999999999997,0.0,-5.114285714285715,0,0,1,2320.0,0,0,0,0,80.0,4.394449154672439,2418.0,2380.0,2480.0,100.0,4.61512051684126,-0.0008264462775766682,0.0,0.008130081267763897,2420.0,2430.0,2438.0,2452.0,2380.0,2387.1428571428573,2460.0,2471.4285714285716,80.0,84.28571428571429,5.345224838248381,4.394449154672439,0.0,-0.004115226320513471,-0.007383100872095566,-0.01305057090925542,2428.8571428571427,2433.285714285714,2440.9333333333334,6.618876325300122,9.722523979270653,10.24840890370066,0.9963533660895932,0.9945400064804907,0.9914240413854369,2428.8571428571427,2440.9333333333334,-7.647619047619173,1,0,False,False,False,False,False,False,False,True,False,False,False,False,False,False,False,False,True,False
2026-04-19,Andhra Pradesh,SPSR Nellore,Rapur,Paddy(Common),,,2380.0,2460.0,2420.0,2420.0,6,4,16,369.5,676.8,877.342857142857,0.22099945877683558,1,0.0,36.9,26.7,71.0,31.799999999999997,0.0,-5.114285714285714,0,0,1,2320.0,0,0,0,0,80.0,4.394449154672439,2418.0,2380.0,2480.0,100.0,4.61512051684126,-0.0008264462775766682,0.0,0.008130081267763897,2420.0,2430.0,2438.0,2452.0,2380.0,2387.1428571428573,2460.0,2471.4285714285716,80.0,84.28571428571429,5.345224838248461,4.394449154672439,0.0,-0.004115226320513471,-0.007383100872095566,-0.01305057090925542,2430.5714285714284,2434.8571428571427,2438.3333333333335,8.059303999254182,9.725914177772681,10.895222914329835,0.995650636552513,0.9938981418931665,0.9924811989371924,2430.5714285714284,2438.3333333333335,-3.4761904761908227,1,0,False,False,False,False,False,False,False,True,False,False,False,False,False,False,False,False,False,True
2026-04-20,Andhra Pradesh,East Godavari,Jaggampet,Paddy(Common),Common,FAQ,2369.0,2379.0,2379.0,2377.0,0,4,17,682.7,369.5,777.142857142857,-0.4540484633569739,0,0.1,36.9,25.9,73.0,31.4,0.0,-0.4571428571428572,0,0,1,2320.0,0,0,0,0,10.0,2.3978952727983707,2377.0,2369.0,2379.0,10.0,2.3978952727983707,0.0,0.0,0.0,2377.0,2377.0,2377.0,2377.0,2369.0,2369.0,2379.0,2379.0,10.0,10.0,0.0,2.3978952727983707,0.0,0.0,0.0,0.0,2377.0,2377.0,2375.4,0.0,0.0,2.698658670653943,0.9999999957930163,0.9999999957930163,1.0006735665543758,2377.0,2375.4,1.599999999999909,1,0,True,False,False,False,False,False,False,False,False,False,False,True,False,False,False,False,False,False
2026-04-20,Andhra Pradesh,Kakinada,Jaggampet,Paddy(Common),Common,FAQ,2369.0,2379.0,2379.0,2377.0,0,4,17,682.7,369.5,777.1428571428571,-0.4540484633569739,0,0.1,36.9,25.9,73.0,31.4,0.0,-0.4571428571428572,0,0,1,2320.0,0,0,0,0,10.0,2.3978952727983707,2377.0,2369.0,2379.0,10.0,2.3978952727983707,0.0,0.0,0.0,2377.0,2377.0,2377.0,2377.0,2369.0,2369.0,2379.0,2379.0,10.0,10.0,0.0,2.3978952727983707,0.0,0.0,0.0,0.0,2377.0,2377.0,2377.0,0.0,0.0,0.0,0.9999999957930163,0.9999999957930163,0.9999999957930163,2377.0,2377.0,0.0,1,0,True,False,False,False,False,False,False,False,False,False,False,False,False,True,False,False,False,False
2026-04-20,Andhra Pradesh,Nellore,Rapur,Paddy(Common),Common,Local,2380.0,2480.0,2410.0,2418.0,0,4,17,682.7,369.5,777.142857142857,-0.4540484633569739,0,0.1,36.9,25.9,73.0,31.4,0.0,-0.4571428571428572,0,0,1,2320.0,0,0,0,0,100.0,4.61512051684126,2410.0,2380.0,2440.0,60.0,4.110873864173311,-0.003308519423868819,0.0,-0.016129032193028095,2420.0,2420.0,2432.0,2428.0,2380.0,2385.714285714286,2460.0,2468.5714285714284,80.0,82.85714285714286,4.879500364742543,4.394449154672439,-0.0008264462775766682,-0.0008264462775766682,-0.005756578923698277,-0.004118616128012289,2426.285714285714,2431.0,2440.133333333333,5.936168397054507,8.691286529533993,10.91576946387578,0.9965850170889688,0.9946524023255762,0.9909294533457347,2426.285714285714,2440.133333333333,-9.133333333333212,1,0,False,False,False,False,False,False,False,True,False,False,False,False,False,False,False,False,True,False
2026-04-20,Andhra Pradesh,SPSR Nellore,Rapur,Paddy(Common),Common,Local,2380.0,2480.0,2410.0,2418.0,0,4,17,682.7,369.5,777.1428571428571,-0.4540484633569739,0,0.1,36.9,25.9,73.0,31.4,0.0,-0.4571428571428572,0,0,1,2320.0,0,0,0,0,100.0,4.61512051684126,2410.0,2380.0,2440.0,60.0,4.110873864173311,-0.003308519423868819,0.0,-0.016129032193028095,2420.0,2420.0,2438.0,2428.0,2380.0,2385.714285714286,2460.0,2468.5714285714284,80.0,82.85714285714286,4.879500364742631,4.394449154672439,-0.0008264462775766682,-0.0008264462775766682,-0.008203445413439517,-0.004118616128012289,2428.0,2432.5714285714284,2437.3684210526317,8.164965809278254,9.129110544880568,11.393031624227131,0.9958813797533715,0.9940098620166379,0.9920535480783809,2428.0,2437.3684210526317,-4.796992481203233,1,0,False,False,False,False,False,False,False,True,False,False,False,False,False,False,False,False,False,True
2026-04-21,Andhra Pradesh,East Godavari,Jaggampet,Paddy(Common),,,2369.0,2379.0,2379.0,2377.0,1,4,17,311.5,682.7,627.8857142857141,0.8476319350473613,0,0.4,36.8,26.5,69.0,31.65,0.1,-0.3571428571428572,0,0,1,2320.0,0,0,0,0,10.0,2.3978952727983707,2377.0,2369.0,2379.0,10.0,2.3978952727983707,0.0,0.0,0.0,2377.0,2377.0,2377.0,2377.0,2369.0,2369.0,2379.0,2379.0,10.0,10.0,0.0,2.3978952727983707,0.0,0.0,0.0,0.0,2377.0,2377.0,2375.6,0.0,0.0,2.581098402913516,0.9999999957930163,0.9999999957930163,1.0005893205902117,2377.0,2375.6,1.400000000000091,1,0,True,False,False,False,False,False,False,False,False,False,False,True,False,False,False,False,False,False
2026-04-21,Andhra Pradesh,Kakinada,Jaggampet,Paddy(Common),Common,FAQ,2369.0,2379.0,2379.0,2377.0,1,4,17,311.5,682.7,627.8857142857142,0.8476319350473613,0,0.4,36.8,26.5,69.0,31.65,0.1,-0.3571428571428572,0,0,1,2320.0,0,0,0,0,10.0,2.3978952727983707,2377.0,2369.0,2379.0,10.0,2.3978952727983707,0.0,0.0,0.0,2377.0,2377.0,2377.0,2377.0,2369.0,2369.0,2379.0,2379.0,10.0,10.0,0.0,2.3978952727983707,0.0,0.0,0.0,0.0,2377.0,2377.0,2377.0,0.0,0.0,0.0,0.9999999957930163,0.9999999957930163,0.9999999957930163,2377.0,2377.0,0.0,1,0,True,False,False,False,False,False,False,False,False,False,False,False,False,True,False,False,False,False
2026-04-21,Andhra Pradesh,Nellore,Rapur,Paddy(Common),Common,Local,2380.0,2440.0,2410.0,2410.0,1,4,17,311.5,682.7,627.8857142857141,0.8476319350473613,0,0.4,36.8,26.5,69.0,31.65,0.1,-0.3571428571428572,0,0,1,2320.0,0,0,0,0,60.0,4.110873864173311,2406.0,2380.0,2420.0,40.0,3.713572066704308,-0.0016597510304574646,0.0,-0.008196721277882289,2418.0,2420.0,2432.0,2428.0,2380.0,2384.285714285714,2480.0,2468.5714285714284,100.0,84.28571428571429,7.867957924694357,4.61512051684126,-0.003308519423868819,-0.004132231387883341,-0.009046052594383007,-0.00741350903042212,2424.285714285714,2430.285714285714,2439.266666666667,6.0474315681552975,9.343270481833134,11.608360047331434,0.9941072439842364,0.9916529467778211,0.988001854431652,2424.285714285714,2439.266666666667,-8.980952380952658,1,0,False,False,False,False,False,False,False,True,False,False,False,False,False,False,False,False,True,False
2026-04-21,Andhra Pradesh,SPSR Nellore,Rapur,Paddy(Common),Common,Local,2380.0,2440.0,2410.0,2410.0,1,4,17,311.5,682.7,627.8857142857142,0.8476319350473613,0,0.4,36.8,26.5,69.0,31.65,0.1,-0.3571428571428572,0,0,1,2320.0,0,0,0,0,60.0,4.110873864173311,2410.0,2380.0,2440.0,60.0,4.110873864173311,0.0,0.0,0.0,2418.0,2420.0,2438.0,2428.0,2380.0,2384.285714285714,2480.0,2468.5714285714284,100.0,84.28571428571429,7.867957924694411,4.61512051684126,-0.003308519423868819,-0.004132231387883341,-0.011484823578815325,-0.00741350903042212,2425.1428571428573,2431.8571428571427,2436.4,7.559289460185851,9.87504346909282,11.904886214889641,0.9937558865714589,0.9910121559436732,0.9891643367707915,2425.1428571428573,2436.4,-4.542857142857429,1,0,False,False,False,False,False,False,False,True,False,False,False,False,False,False,False,False,False,True
2026-04-22,Andhra Pradesh,East Godavari,Jaggampet,Paddy(Common),,,2369.0,2379.0,2379.0,2377.0,2,4,17,468.0,311.5,595.0714285714284,-0.543723451003369,0,0.0,37.1,26.6,71.0,31.85,0.5,0.042857142857142816,0,0,1,2320.0,0,0,0,0,10.0,2.3978952727983707,2377.0,2369.0,2379.0,10.0,2.3978952727983707,0.0,0.0,0.0,2377.0,2377.0,2377.0,2377.0,2369.0,2369.0,2379.0,2379.0,10.0,10.0,0.0,2.3978952727983707,0.0,0.0,0.0,0.0,2377.0,2377.0,2375.8,0.0,0.0,2.441028613035917,0.9999999957930163,0.9999999957930163,1.0005050888100635,2377.0,2375.8,1.199999999999818,1,0,True,False,False,False,False,False,False,False,False,False,False,True,False,False,False,False,False,False
2026-04-22,Andhra Pradesh,Kakinada,Jaggampet,Paddy(Common),Common,FAQ,2369.0,2379.0,2379.0,2377.0,2,4,17,468.0,311.5,595.0714285714286,-0.543723451003369,0,0.0,37.1,26.6,71.0,31.85,0.5,0.042857142857142816,0,0,1,2320.0,0,0,0,0,10.0,2.3978952727983707,2377.0,2369.0,2379.0,10.0,2.3978952727983707,0.0,0.0,0.0,2377.0,2377.0,2377.0,2377.0,2369.0,2369.0,2379.0,2379.0,10.0,10.0,0.0,2.3978952727983707,0.0,0.0,0.0,0.0,2377.0,2377.0,2377.0,0.0,0.0,0.0,0.9999999957930163,0.9999999957930163,0.9999999957930163,2377.0,2377.0,0.0,1,0,True,False,False,False,False,False,False,False,False,False,False,False,False,True,False,False,False,False
2026-04-22,Andhra Pradesh,Nellore,Rapur,Paddy(Common),Common,Local,2380.0,2420.0,2410.0,2406.0,2,4,17,468.0,311.5,595.0714285714284,-0.543723451003369,0,0.0,37.1,26.6,71.0,31.85,0.5,0.042857142857142816,0,0,1,2320.0,0,0,0,0,40.0,3.713572066704308,2408.0,2380.0,2430.0,50.0,3.9318256327243257,0.0008312551918900448,0.0,0.004132231387883341,2410.0,2420.0,2430.0,2428.0,2380.0,2382.8571428571427,2440.0,2462.8571428571427,60.0,80.0,11.547005383792463,4.110873864173311,-0.0016597510304574646,-0.005785123943036677,-0.009876543169232331,-0.009060955481627036,2421.1428571428573,2429.0,2438.133333333333,7.010196655083946,10.805981249715847,12.73532511352179,0.9937455705946311,0.990531078672165,0.9868205143819567,2421.1428571428573,2438.133333333333,-9.133333333333212,1,0,False,False,False,False,False,False,False,True,False,False,False,False,False,False,False,False,True,False
2026-04-22,Andhra Pradesh,SPSR Nellore,Rapur,Paddy(Common),,,2380.0,2440.0,2410.0,2410.0,2,4,17,468.0,311.5,595.0714285714286,-0.543723451003369,0,0.0,37.1,26.6,71.0,31.85,0.5,0.042857142857142816,0,0,1,2320.0,0,0,0,0,60.0,4.110873864173311,2408.0,2380.0,2430.0,50.0,3.9318256327243257,-0.0008298755152287323,0.0,-0.0040983606389411445,2410.0,2420.0,2430.0,2438.0,2380.0,2382.8571428571427,2440.0,2462.8571428571427,60.0,80.0,11.5470053837925,4.110873864173311,0.0,-0.004132231387883341,-0.008230452641026943,-0.011484823578815325,2421.1428571428573,2430.5714285714284,2435.1428571428573,7.010196655079197,11.460395252374408,12.954866708251636,0.9953976829314467,0.9915363777237836,0.9896749930026251,2421.1428571428573,2435.1428571428573,-4.571428571428896,1,0,False,False,False,False,False,False,False,True,False,False,False,False,False,False,False,False,False,True
2026-04-23,Andhra Pradesh,East Godavari,Jaggampet,Paddy(Common),,,2369.0,2379.0,2379.0,2377.0,3,4,17,341.7,468.0,520.942857142857,0.5024077046548956,0,0.0,37.8,26.8,72.0,32.3,0.5,0.042857142857142816,0,0,1,2320.0,0,0,0,0,10.0,2.3978952727983707,2377.0,2369.0,2379.0,10.0,2.3978952727983707,0.0,0.0,0.0,2377.0,2377.0,2377.0,2377.0,2369.0,2369.0,2379.0,2379.0,10.0,10.0,0.0,2.3978952727983707,0.0,0.0,0.0,0.0,2377.0,2377.0,2376.0,0.0,0.0,2.2742941307376445,0.9999999957930163,0.9999999957930163,1.0004208712103497,2377.0,2376.0,1.0,1,0,True,False,False,False,False,False,False,False,False,False,False,True,False,False,False,False,False,False
2026-04-23,Andhra Pradesh,Kakinada,Jaggampet,Paddy(Common),Common,FAQ,2369.0,2379.0,2379.0,2377.0,3,4,17,341.7,468.0,520.9428571428572,0.5024077046548956,0,0.0,37.8,26.8,72.0,32.3,0.5,0.042857142857142816,0,0,1,2320.0,0,0,0,0,10.0,2.3978952727983707,2377.0,2369.0,2379.0,10.0,2.3978952727983707,0.0,0.0,0.0,2377.0,2377.0,2377.0,2377.0,2369.0,2369.0,2379.0,2379.0,10.0,10.0,0.0,2.3978952727983707,0.0,0.0,0.0,0.0,2377.0,2377.0,2377.0,0.0,0.0,0.0,0.9999999957930163,0.9999999957930163,0.9999999957930163,2377.0,2377.0,0.0,1,0,True,False,False,False,False,False,False,False,False,False,False,False,False,True,False,False,False,False
2026-04-23,Andhra Pradesh,Nellore,Rapur,Paddy(Common),Common,Local,2380.0,2430.0,2410.0,2408.0,3,4,17,341.7,468.0,520.942857142857,0.5024077046548956,0,0.0,37.8,26.8,72.0,32.3,0.5,0.042857142857142816,0,0,1,2320.0,0,0,0,0,50.0,3.9318256327243257,2400.0,2370.0,2430.0,60.0,4.110873864173311,-0.003322259122415867,-0.004201680654614787,0.0,2406.0,2418.0,2430.0,2452.0,2380.0,2381.4285714285716,2420.0,2455.714285714286,40.0,74.28571428571429,19.023794624226806,3.713572066704308,0.0008312551918900448,-0.004135649279836024,-0.009053497905129637,-0.017944535000226202,2417.714285714286,2427.4285714285716,2436.6666666666665,7.782764841078207,12.438861472226506,13.80987486105976,0.9959820332238983,0.9919962294350436,0.9882352900619619,2417.714285714286,2436.6666666666665,-9.238095238094957,1,0,False,False,False,False,False,False,False,True,False,False,False,False,False,False,False,False,True,False
2026-04-23,Andhra Pradesh,SPSR Nellore,Rapur,Paddy(Common),Common,Local,2380.0,2430.0,2410.0,2408.0,3,4,17,341.7,468.0,520.9428571428572,0.5024077046548956,0,0.0,37.8,26.8,72.0,32.3,0.5,0.042857142857142816,0,0,1,2320.0,0,0,0,0,50.0,3.9318256327243257,2408.0,2380.0,2430.0,50.0,3.9318256327243257,0.0,0.0,0.0,2410.0,2418.0,2430.0,2452.0,2380.0,2381.4285714285716,2440.0,2458.5714285714284,60.0,77.14285714285714,13.801311186847073,4.110873864173311,-0.0008298755152287323,-0.004135649279836024,-0.009053497905129637,-0.017944535000226202,2418.285714285714,2428.5714285714284,2434.0,6.872997543876056,12.463573297439295,13.732131246511704,0.995746687753883,0.9915294076819378,0.989317991005267,2418.285714285714,2434.0,-5.4285714285715585,1,0,False,False,False,False,False,False,False,True,False,False,False,False,False,False,False,False,False,True
2026-04-24,Andhra Pradesh,East Godavari,Jaggampet,Paddy(Common),Common,FAQ,2369.0,2379.0,2379.0,2377.0,4,4,17,241.6,341.7,486.3571428571427,-0.2698717948717949,0,0.3,37.6,26.3,74.0,31.950000000000003,0.5,0.042857142857142816,0,0,1,2320.0,0,0,0,0,10.0,2.3978952727983707,2377.0,2369.0,2379.0,10.0,2.3978952727983707,0.0,0.0,0.0,2377.0,2377.0,2377.0,2377.0,2369.0,2369.0,2379.0,2379.0,10.0,10.0,0.0,2.3978952727983707,0.0,0.0,0.0,0.0,2377.0,2377.0,2376.2,0.0,0.0,2.0744754218514383,0.9999999957930163,0.9999999957930163,1.0003366677874899,2377.0,2376.2,0.8000000000001819,1,0,True,False,False,False,False,False,False,False,False,False,False,True,False,False,False,False,False,False
2026-04-24,Andhra Pradesh,Kakinada,Jaggampet,Paddy(Common),Common,FAQ,2369.0,2379.0,2379.0,2377.0,4,4,17,241.6,341.7,486.35714285714283,-0.2698717948717949,0,0.3,37.6,26.3,74.0,31.950000000000003,0.5,0.042857142857142816,0,0,1,2320.0,0,0,0,0,10.0,2.3978952727983707,2377.0,2369.0,2379.0,10.0,2.3978952727983707,0.0,0.0,0.0,2377.0,2377.0,2377.0,2377.0,2369.0,2369.0,2379.0,2379.0,10.0,10.0,0.0,2.3978952727983707,0.0,0.0,0.0,0.0,2377.0,2377.0,2377.0,0.0,0.0,0.0,0.9999999957930163,0.9999999957930163,0.9999999957930163,2377.0,2377.0,0.0,1,0,True,False,False,False,False,False,False,False,False,False,False,False,False,True,False,False,False,False
2026-04-24,Andhra Pradesh,Nellore,Rapur,Paddy(Common),Common,Local,2370.0,2430.0,2400.0,2400.0,4,4,17,241.6,341.7,486.3571428571427,-0.2698717948717949,0,0.3,37.6,26.3,74.0,31.950000000000003,0.5,0.042857142857142816,0,0,1,2320.0,0,0,0,0,60.0,4.110873864173311,2408.0,2380.0,2430.0,50.0,3.9318256327243257,0.0033333333194444444,0.004219409264897007,0.0,2408.0,2410.0,2420.0,2438.0,2380.0,2380.0,2430.0,2450.0,50.0,70.0,20.816659994661304,3.9318256327243257,-0.003322259122415867,-0.0041493775761436615,-0.008264462775766682,-0.015586546285535083,2414.5714285714284,2424.285714285714,2435.5333333333333,6.294366339763175,11.255279591429911,14.722100050095564,0.9939652071010788,0.9899823176606504,0.9854104467793072,2414.5714285714284,2435.5333333333333,-11.247619047619082,1,0,False,False,False,False,False,False,False,True,False,False,False,False,False,False,False,False,True,False
2026-04-24,Andhra Pradesh,SPSR Nellore,Rapur,Paddy(Common),,,2380.0,2430.0,2410.0,2408.0,4,4,17,241.6,341.7,486.35714285714283,-0.2698717948717949,0,0.3,37.6,26.3,74.0,31.950000000000003,0.5,0.042857142857142816,0,0,1,2320.0,0,0,0,0,50.0,3.9318256327243257,2408.0,2380.0,2430.0,50.0,3.9318256327243257,0.0,0.0,0.0,2408.0,2410.0,2420.0,2438.0,2380.0,2380.0,2430.0,2452.8571428571427,50.0,72.85714285714286,17.04336206492692,3.9318256327243257,0.0,-0.0008298755152287323,-0.004958677665460009,-0.012305168120159277,2415.1428571428573,2425.4285714285716,2432.8695652173915,5.520524474742262,11.620368627239928,14.47035950997141,0.9970424660006522,0.9928142260868772,0.9897776783964387,2415.1428571428573,2432.8695652173915,-7.440993788819924,1,0,False,False,False,False,False,False,False,True,False,False,False,False,False,False,False,False,False,True
2026-04-25,Andhra Pradesh,East Godavari,Jaggampet,Paddy(Common),Common,FAQ,2369.0,2379.0,2379.0,2377.0,5,4,17,230.1,241.6,441.6857142857142,-0.29294702955809193,0,0.0,37.4,26.0,73.0,31.7,0.8,0.34285714285714286,0,0,1,2320.0,0,0,0,0,10.0,2.3978952727983707,2377.0,2369.0,2379.0,10.0,2.3978952727983707,0.0,0.0,0.0,2377.0,2377.0,2377.0,2377.0,2369.0,2369.0,2379.0,2379.0,10.0,10.0,0.0,2.3978952727983707,0.0,0.0,0.0,0.0,2377.0,2377.0,2376.4,0.0,0.0,1.8307714597769973,0.9999999957930163,0.9999999957930163,1.0002524785379039,2377.0,2376.4,0.599999999999909,1,0,True,False,False,False,False,False,False,False,False,False,False,True,False,False,False,False,False,False
2026-04-25,Andhra Pradesh,Kakinada,Jaggampet,Paddy(Common),Common,FAQ,2369.0,2379.0,2379.0,2377.0,5,4,17,230.1,241.6,441.6857142857143,-0.29294702955809193,0,0.0,37.4,26.0,73.0,31.7,0.8,0.34285714285714286,0,0,1,2320.0,0,0,0,0,10.0,2.3978952727983707,2377.0,2369.0,2379.0,10.0,2.3978952727983707,0.0,0.0,0.0,2377.0,2377.0,2377.0,2377.0,2369.0,2369.0,2379.0,2379.0,10.0,10.0,0.0,2.3978952727983707,0.0,0.0,0.0,0.0,2377.0,2377.0,2377.0,0.0,0.0,0.0,0.9999999957930163,0.9999999957930163,0.9999999957930163,2377.0,2377.0,0.0,1,0,True,False,False,False,False,False,False,False,False,False,False,False,False,True,False,False,False,False
2026-04-25,Andhra Pradesh,Nellore,Rapur,Paddy(Common),Common,Local,2380.0,2430.0,2410.0,2408.0,5,4,17,230.1,241.6,441.6857142857142,-0.29294702955809193,0,0.0,37.4,26.0,73.0,31.7,0.8,0.34285714285714286,0,0,1,2320.0,0,0,0,0,50.0,3.9318256327243257,2408.0,2380.0,2430.0,50.0,3.9318256327243257,0.0,0.0,0.0,2400.0,2406.0,2420.0,2438.0,2370.0,2378.5714285714284,2430.0,2445.714285714286,60.0,67.14285714285714,20.586634591635487,4.110873864173311,0.0033333333194444444,0.0008312551918900448,-0.004958677665460009,-0.012305168120159277,2411.714285714286,2421.5714285714284,2434.133333333333,7.782764841078393,12.233084306431897,16.02526740501577,0.9984598939762946,0.994395606772008,0.9892637996168501,2411.714285714286,2434.133333333333,-12.56190476190477,1,0,False,False,False,False,False,False,False,True,False,False,False,False,False,False,False,False,True,False
2026-04-25,Andhra Pradesh,SPSR Nellore,Rapur,Paddy(Common),Common,Local,2380.0,2430.0,2410.0,2408.0,5,4,17,230.1,241.6,441.6857142857143,-0.29294702955809193,0,0.0,37.4,26.0,73.0,31.7,0.8,0.34285714285714286,0,0,1,2320.0,0,0,0,0,50.0,3.9318256327243257,2408.0,2380.0,2430.0,50.0,3.9318256327243257,0.0,0.0,0.0,2408.0,2410.0,2420.0,2438.0,2380.0,2380.0,2430.0,2448.5714285714284,50.0,68.57142857142857,18.644544714716076,3.9318256327243257,0.0,-0.0008298755152287323,-0.004958677665460009,-0.012305168120159277,2413.4285714285716,2423.285714285714,2431.8333333333335,5.6230816834802155,11.886828984076159,15.035224342007217,0.9977506765808838,0.9936921494099834,0.9901994339379091,2413.4285714285716,2431.8333333333335,-8.547619047619264,1,0,False,False,False,False,False,False,False,True,False,False,False,False,False,False,False,False,False,True
2026-04-26,Andhra Pradesh,East Godavari,Jaggampet,Paddy(Common),Common,FAQ,2369.0,2379.0,2379.0,2377.0,6,4,17,208.6,230.1,377.87142857142845,-0.04759933774834435,1,0.0,36.9,26.3,73.0,31.6,0.8,0.34285714285714286,0,0,1,2320.0,0,0,0,0,10.0,2.3978952727983707,2377.0,2369.0,2379.0,10.0,2.3978952727983707,0.0,0.0,0.0,2377.0,2377.0,2377.0,2377.0,2369.0,2369.0,2379.0,2379.0,10.0,10.0,0.0,2.3978952727983707,0.0,0.0,0.0,0.0,2377.0,2377.0,2376.6,0.0,0.0,1.5222487902155344,0.9999999957930163,0.9999999957930163,1.0001683034580142,2377.0,2376.6,0.40000000000009095,1,0,True,False,False,False,False,False,False,False,False,False,False,True,False,False,False,False,False,False
2026-04-26,Andhra Pradesh,Kakinada,Jaggampet,Paddy(Common),,,2369.0,2379.0,2379.0,2377.0,6,4,17,208.6,230.1,377.87142857142857,-0.04759933774834435,1,0.0,36.9,26.3,73.0,31.6,0.8,0.34285714285714286,0,0,1,2320.0,0,0,0,0,10.0,2.3978952727983707,2377.0,2369.0,2379.0,10.0,2.3978952727983707,0.0,0.0,0.0,2377.0,2377.0,2377.0,2377.0,2369.0,2369.0,2379.0,2379.0,10.0,10.0,0.0,2.3978952727983707,0.0,0.0,0.0,0.0,2377.0,2377.0,2377.0,0.0,0.0,0.0,0.9999999957930163,0.9999999957930163,0.9999999957930163,2377.0,2377.0,0.0,1,0,True,False,False,False,False,False,False,False,False,False,False,False,False,True,False,False,False,False
2026-04-26,Andhra Pradesh,Nellore,Rapur,Paddy(Common),,,2380.0,2430.0,2410.0,2408.0,6,4,17,208.6,230.1,377.87142857142845,-0.04759933774834435,1,0.0,36.9,26.3,73.0,31.6,0.8,0.34285714285714286,0,0,1,2320.0,0,0,0,0,50.0,3.9318256327243257,2408.0,2380.0,2430.0,50.0,3.9318256327243257,0.0,0.0,0.0,2408.0,2408.0,2420.0,2438.0,2380.0,2378.5714285714284,2430.0,2441.4285714285716,50.0,62.857142857142854,20.586634591635487,3.9318256327243257,0.0,0.0,-0.004958677665460009,-0.012305168120159277,2410.0,2419.4285714285716,2432.733333333333,6.928203230282565,11.752016427396267,16.421040609918773,0.9991701203353937,0.9952763303218384,0.9898331054650471,2410.0,2432.733333333333,-13.304761904761563,1,0,False,False,False,False,False,False,False,True,False,False,False,False,False,False,False,False,True,False
2026-04-26,Andhra Pradesh,SPSR Nellore,Rapur,Paddy(Common),,,2380.0,2430.0,2410.0,2408.0,6,4,17,208.6,230.1,377.87142857142857,-0.04759933774834435,1,0.0,36.9,26.3,73.0,31.6,0.8,0.34285714285714286,0,0,1,2320.0,0,0,0,0,50.0,3.9318256327243257,2404.0,2370.0,2420.0,50.0,3.9318256327243257,-0.0016611295612079335,-0.004201680654614787,-0.004115226320513471,2408.0,2408.0,2420.0,2438.0,2380.0,2380.0,2430.0,2444.285714285714,50.0,64.28571428571429,19.023794624226824,3.9318256327243257,0.0,0.0,-0.004958677665460009,-0.012305168120159277,2411.714285714286,2421.1428571428573,2430.88,5.089672082247589,11.733300033251325,15.471263684650754,0.9984598939762946,0.9945716267630389,0.9905877666088503,2411.714285714286,2430.88,-9.737142857142771,1,0,False,False,False,False,False,False,False,True,False,False,False,False,False,False,False,False,False,True
2026-04-27,Andhra Pradesh,East Godavari,Jaggampet,Paddy(Common),Common,FAQ,2369.0,2379.0,2379.0,2377.0,0,4,18,386.7,208.6,354.88571428571413,-0.09343763581051712,0,0.0,37.2,26.1,73.0,31.650000000000002,0.8,-11.314285714285711,0,0,1,2320.0,0,0,0,0,10.0,2.3978952727983707,2377.0,2369.0,2379.0,10.0,2.3978952727983707,0.0,0.0,0.0,2377.0,2377.0,2377.0,2377.0,2369.0,2369.0,2379.0,2379.0,10.0,10.0,0.0,2.3978952727983707,0.0,0.0,0.0,0.0,2377.0,2377.0,2376.8,0.0,0.0,1.0954451150110636,0.9999999957930163,0.9999999957930163,1.0000841425442435,2377.0,2376.8,0.1999999999998181,1,0,True,False,False,False,False,False,False,False,False,False,False,True,False,False,False,False,False,False
2026-04-27,Andhra Pradesh,Kakinada,Jaggampet,Paddy(Common),Common,FAQ,2369.0,2379.0,2379.0,2377.0,0,4,18,386.7,208.6,354.88571428571424,-0.09343763581051712,0,0.0,37.2,26.1,73.0,31.650000000000002,0.8,-11.314285714285711,0,0,1,2320.0,0,0,0,0,10.0,2.3978952727983707,2377.0,2369.0,2379.0,10.0,2.3978952727983707,0.0,0.0,0.0,2377.0,2377.0,2377.0,2377.0,2369.0,2369.0,2379.0,2379.0,10.0,10.0,0.0,2.3978952727983707,0.0,0.0,0.0,0.0,2377.0,2377.0,2377.0,0.0,0.0,0.0,0.9999999957930163,0.9999999957930163,0.9999999957930163,2377.0,2377.0,0.0,1,0,True,False,False,False,False,False,False,False,False,False,False,False,False,True,False,False,False,False
2026-04-27,Andhra Pradesh,Nellore,Rapur,Paddy(Common),,,2380.0,2430.0,2410.0,2408.0,0,4,18,386.7,208.6,354.88571428571413,-0.09343763581051712,0,0.0,37.2,26.1,73.0,31.650000000000002,0.8,-11.314285714285711,0,0,1,2320.0,0,0,0,0,50.0,3.9318256327243257,2408.0,2380.0,2430.0,50.0,3.9318256327243257,0.0,0.0,0.0,2408.0,2400.0,2418.0,2432.0,2380.0,2378.5714285714284,2430.0,2437.1428571428573,50.0,58.57142857142857,19.51800145897064,3.9318256327243257,0.0,0.0033333333194444444,-0.004135649279836024,-0.00986842101205419,2408.285714285714,2417.285714285714,2431.3333333333335,5.345224838257657,10.801912732530504,16.686425069772984,0.9998813578128072,0.9961586153459545,0.9904030669437767,2408.285714285714,2431.3333333333335,-14.047619047619264,1,0,False,False,False,False,False,False,False,True,False,False,False,False,False,False,False,False,True,False
2026-04-27,Andhra Pradesh,SPSR Nellore,Rapur,Paddy(Common),Paddy,Local,2370.0,2420.0,2410.0,2404.0,0,4,18,386.7,208.6,354.88571428571424,-0.09343763581051712,0,0.0,37.2,26.1,73.0,31.650000000000002,0.8,-11.314285714285711,0,0,1,2320.0,0,0,0,0,50.0,3.9318256327243257,2404.0,2370.0,2420.0,50.0,3.9318256327243257,0.0,0.0,0.0,2408.0,2408.0,2418.0,2438.0,2380.0,2380.0,2430.0,2440.0,50.0,60.0,18.257418583505522,3.9318256327243257,-0.0016611295612079335,-0.0016611295612079335,-0.005789908991770434,-0.01394585720284718,2410.0,2419.0,2430.0,3.651483716708507,11.14243448057058,15.808858276295375,0.9975103693049362,0.9937990864249727,0.9893004074514385,2410.0,2430.0,-11.0,1,0,False,False,False,False,False,False,False,True,False,False,False,False,False,False,False,False,False,True
2026-04-28,Andhra Pradesh,East Godavari,Jaggampet,Paddy(Common),Common,FAQ,2369.0,2379.0,2379.0,2377.0,1,4,18,140.4,386.7,312.59999999999985,0.8537871524448706,0,0.3,35.9,27.0,71.0,31.45,0.7,-11.414285714285713,0,0,1,2320.0,0,0,0,0,10.0,2.3978952727983707,2377.0,2369.0,2379.0,10.0,2.3978952727983707,0.0,0.0,0.0,2377.0,2377.0,2377.0,2377.0,2369.0,2369.0,2379.0,2379.0,10.0,10.0,0.0,2.3978952727983707,0.0,0.0,0.0,0.0,2377.0,2377.0,2377.0,0.0,0.0,0.0,0.9999999957930163,0.9999999957930163,0.9999999957930163,2377.0,2377.0,0.0,1,0,True,False,False,False,False,False,False,False,False,False,False,True,False,False,False,False,False,False
2026-04-28,Andhra Pradesh,Kakinada,Jaggampet,Paddy(Common),Common,FAQ,2369.0,2379.0,2379.0,2377.0,1,4,18,140.4,386.7,312.59999999999997,0.8537871524448706,0,0.3,35.9,27.0,71.0,31.45,0.7,-11.414285714285713,0,0,1,2320.0,0,0,0,0,10.0,2.3978952727983707,2377.0,2369.0,2379.0,10.0,2.3978952727983707,0.0,0.0,0.0,2377.0,2377.0,2377.0,2377.0,2369.0,2369.0,2379.0,2379.0,10.0,10.0,0.0,2.3978952727983707,0.0,0.0,0.0,0.0,2377.0,2377.0,2377.0,0.0,0.0,0.0,0.9999999957930163,0.9999999957930163,0.9999999957930163,2377.0,2377.0,0.0,1,0,True,False,False,False,False,False,False,False,False,False,False,False,False,True,False,False,False,False
2026-04-28,Andhra Pradesh,Nellore,Rapur,Paddy(Common),,,2380.0,2430.0,2410.0,2408.0,1,4,18,140.4,386.7,312.59999999999985,0.8537871524448706,0,0.3,35.9,27.0,71.0,31.45,0.7,-11.414285714285713,0,0,1,2320.0,0,0,0,0,50.0,3.9318256327243257,2416.0,2380.0,2440.0,60.0,4.110873864173311,0.003322259122415867,0.0,0.004115226320513471,2408.0,2408.0,2410.0,2432.0,2380.0,2378.5714285714284,2430.0,2430.0,50.0,51.42857142857143,6.900655593423495,3.9318256327243257,0.0,0.0,-0.0008298755152287323,-0.00986842101205419,2406.8571428571427,2415.5714285714284,2429.866666666667,3.236694374865846,10.173224930884956,16.740892188420418,1.0004748296513986,0.9968655704192684,0.9910008738847087,2406.8571428571427,2429.866666666667,-14.295238095238346,1,0,False,False,False,False,False,False,False,True,False,False,False,False,False,False,False,False,True,False
2026-04-28,Andhra Pradesh,SPSR Nellore,Rapur,Paddy(Common),,,2370.0,2420.0,2410.0,2404.0,1,4,18,140.4,386.7,312.59999999999997,0.8537871524448706,0,0.3,35.9,27.0,71.0,31.45,0.7,-11.414285714285713,0,0,1,2320.0,0,0,0,0,50.0,3.9318256327243257,2416.0,2380.0,2440.0,60.0,4.110873864173311,0.004991680511681861,0.004219409264897007,0.008264462775766682,2404.0,2408.0,2410.0,2438.0,2370.0,2378.5714285714284,2420.0,2431.4285714285716,50.0,52.857142857142854,4.8795003647425945,3.9318256327243257,0.0,-0.0016611295612079335,-0.0024896265456861967,-0.01394585720284718,2408.0,2416.5714285714284,2429.037037037037,2.000000000015139,10.360533738211386,16.28940543251108,0.9983388662859681,0.9947978204282426,0.9896926038787356,2408.0,2429.037037037037,-12.465608465608511,1,0,False,False,False,False,False,False,False,True,False,False,False,False,False,False,False,False,False,True
2026-04-29,Andhra Pradesh,East Godavari,Jaggampet,Paddy(Common),Common,FAQ,2369.0,2379.0,2379.0,2377.0,2,4,18,219.0,140.4,288.15714285714273,-0.6369278510473235,0,0.1,36.8,27.7,70.0,32.25,0.6,-11.514285714285712,0,0,1,2320.0,0,0,0,0,10.0,2.3978952727983707,2377.0,2369.0,2379.0,10.0,2.3978952727983707,0.0,0.0,0.0,2377.0,2377.0,2377.0,2377.0,2369.0,2369.0,2379.0,2379.0,10.0,10.0,0.0,2.3978952727983707,0.0,0.0,0.0,0.0,2377.0,2377.0,2377.0,0.0,0.0,0.0,0.9999999957930163,0.9999999957930163,0.9999999957930163,2377.0,2377.0,0.0,1,0,True,False,False,False,False,False,False,False,False,False,False,True,False,False,False,False,False,False
2026-04-29,Andhra Pradesh,Kakinada,Jaggampet,Paddy(Common),Common,FAQ,2369.0,2379.0,2379.0,2377.0,2,4,18,219.0,140.4,288.1571428571429,-0.6369278510473235,0,0.1,36.8,27.7,70.0,32.25,0.6,-11.514285714285712,0,0,1,2320.0,0,0,0,0,10.0,2.3978952727983707,2377.0,2369.0,2379.0,10.0,2.3978952727983707,0.0,0.0,0.0,2377.0,2377.0,2377.0,2377.0,2369.0,2369.0,2379.0,2379.0,10.0,10.0,0.0,2.3978952727983707,0.0,0.0,0.0,0.0,2377.0,2377.0,2377.0,0.0,0.0,0.0,0.9999999957930163,0.9999999957930163,0.9999999957930163,2377.0,2377.0,0.0,1,0,True,False,False,False,False,False,False,False,False,False,False,False,False,True,False,False,False,False
2026-04-29,Andhra Pradesh,Nellore,Rapur,Paddy(Common),Common,Local,2380.0,2440.0,2420.0,2416.0,2,4,18,219.0,140.4,288.15714285714273,-0.6369278510473235,0,0.1,36.8,27.7,70.0,32.25,0.6,-11.514285714285712,0,0,1,2320.0,0,0,0,0,60.0,4.110873864173311,2412.0,2370.0,2430.0,60.0,4.110873864173311,-0.001655629132220078,-0.004201680654614787,-0.0040983606389411445,2408.0,2408.0,2406.0,2430.0,2380.0,2378.5714285714284,2430.0,2428.5714285714284,50.0,50.0,5.773502691896204,3.9318256327243257,0.003322259122415867,0.003322259122415867,0.004156275959450224,-0.005761316848718861,2406.5714285714284,2413.8571428571427,2428.4,2.992052966188686,9.163952312069473,16.662160310321095,1.0039178398270066,1.0008877274035544,0.9948937531094804,2406.5714285714284,2428.4,-14.542857142857429,1,0,False,False,False,False,False,False,False,True,False,False,False,False,False,False,False,False,True,False
2026-04-29,Andhra Pradesh,SPSR Nellore,Rapur,Paddy(Common),Common,Local,2380.0,2440.0,2420.0,2416.0,2,4,18,219.0,140.4,288.1571428571429,-0.6369278510473235,0,0.1,36.8,27.7,70.0,32.25,0.6,-11.514285714285712,0,0,1,2320.0,0,0,0,0,60.0,4.110873864173311,2412.0,2370.0,2430.0,60.0,4.110873864173311,-0.001655629132220078,-0.004201680654614787,-0.0040983606389411445,2404.0,2408.0,2410.0,2430.0,2370.0,2377.1428571428573,2420.0,2428.5714285714284,50.0,51.42857142857143,3.779644730092178,3.9318256327243257,0.004991680511681861,0.003322259122415867,0.0024896265456861967,-0.005761316848718861,2407.1428571428573,2414.1428571428573,2428.1428571428573,2.267786838069357,8.821801166662466,16.670475755201263,1.0036795210529632,1.000769272143094,0.9949991133935435,2407.1428571428573,2428.1428571428573,-14.0,1,0,False,False,False,False,False,False,False,True,False,False,False,False,False,False,False,False,False,True
2026-04-30,Andhra Pradesh,East Godavari,Jaggampet,Paddy(Common),Common,FAQ,2369.0,2379.0,2379.0,2377.0,3,4,18,138.5,219.0,252.58571428571415,0.5598290598290598,0,16.9,36.6,26.7,77.0,31.65,0.7,-11.414285714285713,0,0,1,2320.0,0,0,0,0,10.0,2.3978952727983707,2377.0,2369.0,2379.0,10.0,2.3978952727983707,0.0,0.0,0.0,2377.0,2377.0,2377.0,2377.0,2369.0,2369.0,2379.0,2379.0,10.0,10.0,0.0,2.3978952727983707,0.0,0.0,0.0,0.0,2377.0,2377.0,2377.0,0.0,0.0,0.0,0.9999999957930163,0.9999999957930163,0.9999999957930163,2377.0,2377.0,0.0,1,0,True,False,False,False,False,False,False,False,False,False,False,True,False,False,False,False,False,False
2026-04-30,Andhra Pradesh,Kakinada,Jaggampet,Paddy(Common),Common,FAQ,2369.0,2379.0,2379.0,2377.0,3,4,18,138.5,219.0,252.58571428571426,0.5598290598290598,0,16.9,36.6,26.7,77.0,31.65,0.7,-11.414285714285713,0,0,1,2320.0,0,0,0,0,10.0,2.3978952727983707,2377.0,2369.0,2379.0,10.0,2.3978952727983707,0.0,0.0,0.0,2377.0,2377.0,2377.0,2377.0,2369.0,2369.0,2379.0,2379.0,10.0,10.0,0.0,2.3978952727983707,0.0,0.0,0.0,0.0,2377.0,2377.0,2377.0,0.0,0.0,0.0,0.9999999957930163,0.9999999957930163,0.9999999957930163,2377.0,2377.0,0.0,1,0,True,False,False,False,False,False,False,False,False,False,False,False,False,True,False,False,False,False
2026-04-30,Andhra Pradesh,Nellore,Rapur,Paddy(Common),Common,Local,2370.0,2430.0,2420.0,2412.0,3,4,18,138.5,219.0,252.58571428571415,0.5598290598290598,0,16.9,36.6,26.7,77.0,31.65,0.7,-11.414285714285713,0,0,1,2320.0,0,0,0,0,60.0,4.110873864173311,2412.0,2370.0,2430.0,60.0,4.110873864173311,0.0,0.0,0.0,2416.0,2408.0,2408.0,2430.0,2380.0,2378.5714285714284,2440.0,2431.4285714285716,60.0,52.857142857142854,4.879500364742592,4.110873864173311,-0.001655629132220078,0.0016611295612079335,0.0016611295612079335,-0.007407407376924249,2408.0,2412.8571428571427,2427.6,4.618802153527593,7.950395663653824,16.662160310321006,1.001661125408384,0.999644756070152,0.9935738960554708,2408.0,2427.6,-14.742857142857247,1,0,False,False,False,False,False,False,False,True,False,False,False,False,False,False,False,False,True,False
2026-04-30,Andhra Pradesh,SPSR Nellore,Rapur,Paddy(Common),Common,Local,2370.0,2430.0,2420.0,2412.0,3,4,18,138.5,219.0,252.58571428571426,0.5598290598290598,0,16.9,36.6,26.7,77.0,31.65,0.7,-11.414285714285713,0,0,1,2320.0,0,0,0,0,60.0,4.110873864173311,2412.0,2370.0,2430.0,60.0,4.110873864173311,0.0,0.0,0.0,2416.0,2404.0,2408.0,2430.0,2380.0,2377.1428571428573,2440.0,2428.5714285714284,60.0,51.42857142857143,3.779644730092178,4.110873864173311,-0.001655629132220078,0.0033277870077879075,0.0016611295612079335,-0.007407407376924249,2408.0,2413.1428571428573,2427.7241379310344,4.0000000000075975,7.594098344785817,16.524649448894767,1.001661125408384,0.9995263988890095,0.9935230911862721,2408.0,2427.7241379310344,-14.581280788177082,1,0,False,False,False,False,False,False,False,True,False,False,False,False,False,False,False,False,False,True
2026-05-01,Andhra Pradesh,East Godavari,Jaggampet,Paddy(Common),Common,FAQ,2369.0,2379.0,2379.0,2377.0,4,5,18,37.5,138.5,223.55714285714274,-0.36757990867579904,0,14.8,38.3,27.2,72.0,32.75,17.599999999999998,5.485714285714286,0,0,1,2320.0,0,0,0,0,10.0,2.3978952727983707,2377.0,2369.0,2379.0,10.0,2.3978952727983707,0.0,0.0,0.0,2377.0,2377.0,2377.0,2377.0,2369.0,2369.0,2379.0,2379.0,10.0,10.0,0.0,2.3978952727983707,0.0,0.0,0.0,0.0,2377.0,2377.0,2377.0,0.0,0.0,0.0,0.9999999957930163,0.9999999957930163,0.9999999957930163,2377.0,2377.0,0.0,1,0,True,False,False,False,False,False,False,False,False,False,False,True,False,False,False,False,False,False
2026-05-01,Andhra Pradesh,Kakinada,Jaggampet,Paddy(Common),Common,FAQ,2369.0,2379.0,2379.0,2377.0,4,5,18,37.5,138.5,223.55714285714288,-0.36757990867579904,0,14.8,38.3,27.2,72.0,32.75,17.599999999999998,5.485714285714286,0,0,1,2320.0,0,0,0,0,10.0,2.3978952727983707,2377.0,2369.0,2379.0,10.0,2.3978952727983707,0.0,0.0,0.0,2377.0,2377.0,2377.0,2377.0,2369.0,2369.0,2379.0,2379.0,10.0,10.0,0.0,2.3978952727983707,0.0,0.0,0.0,0.0,2377.0,2377.0,2377.0,0.0,0.0,0.0,0.9999999957930163,0.9999999957930163,0.9999999957930163,2377.0,2377.0,0.0,1,0,True,False,False,False,False,False,False,False,False,False,False,False,False,True,False,False,False,False
2026-05-01,Andhra Pradesh,Nellore,Rapur,Paddy(Common),,,2370.0,2430.0,2420.0,2412.0,4,5,18,37.5,138.5,223.55714285714274,-0.36757990867579904,0,14.8,38.3,27.2,72.0,32.75,17.599999999999998,5.485714285714286,0,0,1,2320.0,0,0,0,0,60.0,4.110873864173311,2412.0,2370.0,2430.0,60.0,4.110873864173311,0.0,0.0,0.0,2412.0,2408.0,2400.0,2420.0,2370.0,2377.1428571428573,2430.0,2431.4285714285716,60.0,54.285714285714285,5.345224838248414,4.110873864173311,0.0,0.0016611295612079335,0.004999999979166666,-0.003305785110306673,2408.5714285714284,2411.5714285714284,2426.3333333333335,4.859943170361717,6.235312412298657,16.341893135873292,1.0014234833867353,1.0001777104429572,0.9940925910395962,2408.5714285714284,2426.3333333333335,-14.761904761905043,1,0,False,False,False,False,False,False,False,True,False,False,False,False,False,False,False,False,True,False
2026-05-01,Andhra Pradesh,SPSR Nellore,Rapur,Paddy(Common),,,2370.0,2430.0,2420.0,2412.0,4,5,18,37.5,138.5,223.55714285714288,-0.36757990867579904,0,14.8,38.3,27.2,72.0,32.75,17.599999999999998,5.485714285714286,0,0,1,2320.0,0,0,0,0,60.0,4.110873864173311,2412.0,2370.0,2430.0,60.0,4.110873864173311,0.0,0.0,0.0,2412.0,2404.0,2408.0,2420.0,2370.0,2375.714285714286,2430.0,2428.5714285714284,60.0,52.857142857142854,4.879500364742595,4.110873864173311,0.0,0.0033277870077879075,0.0016611295612079335,-0.003305785110306673,2408.5714285714284,2411.8571428571427,2427.2,4.276179870605644,5.842248551013019,16.489076844153665,1.0014234833867353,1.0000592270328648,0.9937376359849306,2408.5714285714284,2427.2,-15.342857142857156,1,0,False,False,False,False,False,False,False,True,False,False,False,False,False,False,False,False,False,True
2026-05-02,Andhra Pradesh,East Godavari,Jaggampet,Paddy(Common),Common,FAQ,2369.0,2379.0,2379.0,2377.0,5,5,18,100.2,37.5,194.39999999999986,-0.7292418772563176,0,0.2,36.4,28.0,74.0,32.2,32.099999999999994,19.98571428571428,0,0,1,2320.0,0,0,0,0,10.0,2.3978952727983707,2377.0,2369.0,2379.0,10.0,2.3978952727983707,0.0,0.0,0.0,2377.0,2377.0,2377.0,2377.0,2369.0,2369.0,2379.0,2379.0,10.0,10.0,0.0,2.3978952727983707,0.0,0.0,0.0,0.0,2377.0,2377.0,2377.0,0.0,0.0,0.0,0.9999999957930163,0.9999999957930163,0.9999999957930163,2377.0,2377.0,0.0,1,0,True,False,False,False,False,False,False,False,False,False,False,True,False,False,False,False,False,False
2026-05-02,Andhra Pradesh,Kakinada,Jaggampet,Paddy(Common),,,2369.0,2379.0,2379.0,2377.0,5,5,18,100.2,37.5,194.4,-0.7292418772563176,0,0.2,36.4,28.0,74.0,32.2,32.099999999999994,19.98571428571428,0,0,1,2320.0,0,0,0,0,10.0,2.3978952727983707,2377.0,2369.0,2379.0,10.0,2.3978952727983707,0.0,0.0,0.0,2377.0,2377.0,2377.0,2377.0,2369.0,2369.0,2379.0,2379.0,10.0,10.0,0.0,2.3978952727983707,0.0,0.0,0.0,0.0,2377.0,2377.0,2377.0,0.0,0.0,0.0,0.9999999957930163,0.9999999957930163,0.9999999957930163,2377.0,2377.0,0.0,1,0,True,False,False,False,False,False,False,False,False,False,False,False,False,True,False,False,False,False
2026-05-02,Andhra Pradesh,Nellore,Rapur,Paddy(Common),,,2370.0,2430.0,2420.0,2412.0,5,5,18,100.2,37.5,194.39999999999986,-0.7292418772563176,0,0.2,36.4,28.0,74.0,32.2,32.099999999999994,19.98571428571428,0,0,1,2320.0,0,0,0,0,60.0,4.110873864173311,2412.0,2370.0,2430.0,60.0,4.110873864173311,0.0,0.0,0.0,2412.0,2416.0,2408.0,2420.0,2370.0,2377.1428571428573,2430.0,2431.4285714285716,60.0,54.285714285714285,5.345224838248414,4.110873864173311,0.0,-0.001655629132220078,0.0016611295612079335,-0.003305785110306673,2410.285714285714,2411.0,2425.2,3.1471831698933608,5.751254043838081,16.108254469957167,1.0007112334015063,1.0004147615080266,0.994557145824851,2410.285714285714,2425.2,-14.199999999999818,1,0,False,False,False,False,False,False,False,True,False,False,False,False,False,False,False,False,True,False
2026-05-02,Andhra Pradesh,SPSR Nellore,Rapur,Paddy(Common),,,2370.0,2430.0,2420.0,2412.0,5,5,18,100.2,37.5,194.4,-0.7292418772563176,0,0.2,36.4,28.0,74.0,32.2,32.099999999999994,19.98571428571428,0,0,1,2320.0,0,0,0,0,60.0,4.110873864173311,2412.0,2370.0,2430.0,60.0,4.110873864173311,0.0,0.0,0.0,2412.0,2416.0,2408.0,2420.0,2370.0,2374.285714285714,2430.0,2428.5714285714284,60.0,54.285714285714285,5.345224838248426,4.110873864173311,0.0,-0.001655629132220078,0.0016611295612079335,-0.003305785110306673,2409.1428571428573,2411.285714285714,2426.0666666666666,4.450789122119796,5.3554942518186825,16.31993351349957,1.0011859540984926,1.0002962219313505,0.9942018590000198,2409.1428571428573,2426.0666666666666,-14.780952380952385,1,0,False,False,False,False,False,False,False,True,False,False,False,False,False,False,False,False,False,True
2026-05-03,Andhra Pradesh,East Godavari,Jaggampet,Paddy(Common),Common,FAQ,2369.0,2379.0,2379.0,2377.0,6,5,18,97.9,100.2,175.84285714285699,1.6720000000000002,1,1.9,36.2,28.0,73.0,32.1,32.3,20.185714285714283,0,0,1,2320.0,0,0,0,0,10.0,2.3978952727983707,2377.0,2369.0,2379.0,10.0,2.3978952727983707,0.0,0.0,0.0,2377.0,2377.0,2377.0,2377.0,2369.0,2369.0,2379.0,2379.0,10.0,10.0,0.0,2.3978952727983707,0.0,0.0,0.0,0.0,2377.0,2377.0,2377.0,0.0,0.0,0.0,0.9999999957930163,0.9999999957930163,0.9999999957930163,2377.0,2377.0,0.0,1,0,True,False,False,False,False,False,False,False,False,False,False,True,False,False,False,False,False,False
2026-05-03,Andhra Pradesh,Kakinada,Jaggampet,Paddy(Common),Common,FAQ,2369.0,2379.0,2379.0,2377.0,6,5,18,97.9,100.2,175.84285714285713,1.6720000000000002,1,1.9,36.2,28.0,73.0,32.1,32.3,20.185714285714283,0,0,1,2320.0,0,0,0,0,10.0,2.3978952727983707,2377.0,2369.0,2379.0,10.0,2.3978952727983707,0.0,0.0,0.0,2377.0,2377.0,2377.0,2377.0,2369.0,2369.0,2379.0,2379.0,10.0,10.0,0.0,2.3978952727983707,0.0,0.0,0.0,0.0,2377.0,2377.0,2377.0,0.0,0.0,0.0,0.9999999957930163,0.9999999957930163,0.9999999957930163,2377.0,2377.0,0.0,1,0,True,False,False,False,False,False,False,False,False,False,False,False,False,True,False,False,False,False
2026-05-03,Andhra Pradesh,Nellore,Rapur,Paddy(Common),,,2370.0,2430.0,2420.0,2412.0,6,5,18,97.9,100.2,175.84285714285699,1.6720000000000002,1,1.9,36.2,28.0,73.0,32.1,32.3,20.185714285714283,0,0,1,2320.0,0,0,0,0,60.0,4.110873864173311,2412.0,2370.0,2430.0,60.0,4.110873864173311,0.0,0.0,0.0,2412.0,2412.0,2408.0,2420.0,2370.0,2375.714285714286,2430.0,2431.4285714285716,60.0,55.714285714285715,5.345224838248408,4.110873864173311,0.0,0.0,0.0016611295612079335,-0.003305785110306673,2410.8571428571427,2410.4285714285716,2423.866666666667,3.023715784090069,5.1547481578895225,15.455683773921576,1.0004740418325917,1.0006519249661805,0.995104237051938,2410.8571428571427,2423.866666666667,-13.43809523809523,1,0,False,False,False,False,False,False,False,True,False,False,False,False,False,False,False,False,True,False
2026-05-03,Andhra Pradesh,SPSR Nellore,Rapur,Paddy(Common),,,2370.0,2430.0,2420.0,2412.0,6,5,18,97.9,100.2,175.84285714285713,1.6720000000000002,1,1.9,36.2,28.0,73.0,32.1,32.3,20.185714285714283,0,0,1,2320.0,0,0,0,0,60.0,4.110873864173311,2412.0,2370.0,2430.0,60.0,4.110873864173311,0.0,0.0,0.0,2412.0,2412.0,2408.0,2420.0,2370.0,2372.8571428571427,2430.0,2428.5714285714284,60.0,55.714285714285715,5.345224838248429,4.110873864173311,0.0,0.0,0.0016611295612079335,-0.003305785110306673,2409.714285714286,2410.714285714286,2424.733333333333,4.535573676116616,4.74631146548723,15.752248516745775,1.0009485374634575,1.0005333291829728,0.9947485593134012,2409.714285714286,2424.733333333333,-14.019047619047342,1,0,False,False,False,False,False,False,False,True,False,False,False,False,False,False,False,False,False,True
2026-05-04,Andhra Pradesh,East Godavari,Jaggampet,Paddy(Common),Common,FAQ,2369.0,2379.0,2379.0,2377.0,0,5,19,37.5,97.9,160.0285714285713,-0.022954091816367206,0,2.4,34.9,26.1,74.0,30.5,34.199999999999996,-1.8000000000000043,0,0,1,2320.0,0,0,0,0,10.0,2.3978952727983707,2377.0,2369.0,2379.0,10.0,2.3978952727983707,0.0,0.0,0.0,2377.0,2377.0,2377.0,2377.0,2369.0,2369.0,2379.0,2379.0,10.0,10.0,0.0,2.3978952727983707,0.0,0.0,0.0,0.0,2377.0,2377.0,2377.0,0.0,0.0,0.0,0.9999999957930163,0.9999999957930163,0.9999999957930163,2377.0,2377.0,0.0,1,0,True,False,False,False,False,False,False,False,False,False,False,True,False,False,False,False,False,False
2026-05-04,Andhra Pradesh,Kakinada,Jaggampet,Paddy(Common),Common,FAQ,2369.0,2379.0,2379.0,2377.0,0,5,19,37.5,97.9,160.02857142857144,-0.022954091816367206,0,2.4,34.9,26.1,74.0,30.5,34.199999999999996,8.74285714285714,0,0,1,2320.0,0,0,0,0,10.0,2.3978952727983707,2377.0,2369.0,2379.0,10.0,2.3978952727983707,0.0,0.0,0.0,2377.0,2377.0,2377.0,2377.0,2369.0,2369.0,2379.0,2379.0,10.0,10.0,0.0,2.3978952727983707,0.0,0.0,0.0,0.0,2377.0,2377.0,2377.0,0.0,0.0,0.0,0.9999999957930163,0.9999999957930163,0.9999999957930163,2377.0,2377.0,0.0,1,0,True,False,False,False,False,False,False,False,False,False,False,False,False,True,False,False,False,False
2026-05-04,Andhra Pradesh,Nellore,Rapur,Paddy(Common),,,2370.0,2430.0,2420.0,2412.0,0,5,19,37.5,97.9,160.0285714285713,-0.022954091816367206,0,2.4,34.9,26.1,74.0,30.5,34.199999999999996,8.74285714285714,0,0,1,2320.0,0,0,0,0,60.0,4.110873864173311,2412.0,2370.0,2430.0,60.0,4.110873864173311,0.0,0.0,0.0,2412.0,2412.0,2408.0,2418.0,2370.0,2374.285714285714,2430.0,2431.4285714285716,60.0,57.142857142857146,4.879500364742573,4.110873864173311,0.0,0.0,0.0016611295612079335,-0.0024813895679016143,2411.4285714285716,2409.8571428571427,2422.5333333333333,2.7602622373872765,4.40029969007452,14.649310524747927,1.0002369626767422,1.0008892008973713,0.995651930503941,2411.4285714285716,2422.5333333333333,-12.67619047619064,1,0,False,False,False,False,False,False,False,True,False,False,False,False,False,False,False,False,True,False
2026-05-04,Andhra Pradesh,SPSR Nellore,Rapur,Paddy(Common),,,2370.0,2430.0,2420.0,2412.0,0,5,19,37.5,97.9,160.02857142857144,-0.022954091816367206,0,2.4,34.9,26.1,74.0,30.5,34.199999999999996,8.74285714285714,0,0,1,2320.0,0,0,0,0,60.0,4.110873864173311,2412.0,2370.0,2430.0,60.0,4.110873864173311,0.0,0.0,0.0,2412.0,2412.0,2404.0,2418.0,2370.0,2371.4285714285716,2430.0,2428.5714285714284,60.0,57.142857142857146,4.879500364742603,4.110873864173311,0.0,0.0,0.0033277870077879075,-0.0024813895679016143,2410.285714285714,2410.1428571428573,2423.4,4.53557367611634,3.9585767227971065,15.041551644097506,1.0007112334015063,1.0007705488676462,0.9952958612061736,2410.285714285714,2423.4,-13.257142857142753,1,0,False,False,False,False,False,False,False,True,False,False,False,False,False,False,False,False,False,True
2026-05-05,Andhra Pradesh,East Godavari,Jaggampet,Paddy(Common),,,2369.0,2379.0,2379.0,2377.0,1,5,19,228.6,37.5,110.14285714285701,-0.616956077630235,0,0.1,36.4,27.3,67.0,31.85,36.599999999999994,0.5999999999999943,0,0,1,2320.0,0,0,0,0,10.0,2.3978952727983707,2377.0,2369.0,2379.0,10.0,2.3978952727983707,0.0,0.0,0.0,2377.0,2377.0,2377.0,2377.0,2369.0,2369.0,2379.0,2379.0,10.0,10.0,0.0,2.3978952727983707,0.0,0.0,0.0,0.0,2377.0,2377.0,2377.0,0.0,0.0,0.0,0.9999999957930163,0.9999999957930163,0.9999999957930163,2377.0,2377.0,0.0,1,0,True,False,False,False,False,False,False,False,False,False,False,True,False,False,False,False,False,False
2026-05-05,Andhra Pradesh,Kakinada,Jaggampet,Paddy(Common),Common,FAQ,2369.0,2379.0,2379.0,2377.0,1,5,19,228.6,37.5,110.14285714285714,-0.616956077630235,0,0.1,36.4,27.3,67.0,31.85,36.599999999999994,11.142857142857139,0,0,1,2320.0,0,0,0,0,10.0,2.3978952727983707,2377.0,2369.0,2379.0,10.0,2.3978952727983707,0.0,0.0,0.0,2377.0,2377.0,2377.0,2377.0,2369.0,2369.0,2379.0,2379.0,10.0,10.0,0.0,2.3978952727983707,0.0,0.0,0.0,0.0,2377.0,2377.0,2377.0,0.0,0.0,0.0,0.9999999957930163,0.9999999957930163,0.9999999957930163,2377.0,2377.0,0.0,1,0,True,False,False,False,False,False,False,False,False,False,False,False,False,True,False,False,False,False
2026-05-05,Andhra Pradesh,Nellore,Rapur,Paddy(Common),,,2370.0,2430.0,2420.0,2412.0,1,5,19,228.6,37.5,110.14285714285701,-0.616956077630235,0,0.1,36.4,27.3,67.0,31.85,36.599999999999994,11.142857142857139,0,0,1,2320.0,0,0,0,0,60.0,4.110873864173311,2412.0,2370.0,2430.0,60.0,4.110873864173311,0.0,0.0,0.0,2412.0,2412.0,2408.0,2410.0,2370.0,2372.8571428571427,2430.0,2431.4285714285716,60.0,58.57142857142857,3.7796447300921443,4.110873864173311,0.0,0.0,0.0016611295612079335,0.0008298755152287323,2412.0,2409.4285714285716,2421.2,2.3094010767799524,3.7970491723721205,13.661927970165053,0.999999995854063,1.0010672317043336,0.9962002271757796,2412.0,2421.2,-11.77142857142826,1,0,False,False,False,False,False,False,False,True,False,False,False,False,False,False,False,False,True,False
2026-05-05,Andhra Pradesh,SPSR Nellore,Rapur,Paddy(Common),,,2370.0,2430.0,2420.0,2412.0,1,5,19,228.6,37.5,110.14285714285714,-0.616956077630235,0,0.1,36.4,27.3,67.0,31.85,36.599999999999994,11.142857142857139,0,0,1,2320.0,0,0,0,0,60.0,4.110873864173311,2412.0,2370.0,2430.0,60.0,4.110873864173311,0.0,0.0,0.0,2412.0,2412.0,2404.0,2410.0,2370.0,2371.4285714285716,2430.0,2430.0,60.0,58.57142857142857,3.779644730092196,4.110873864173311,0.0,0.0,0.0033277870077879075,0.0008298755152287323,2411.4285714285716,2409.714285714286,2422.0666666666666,3.598941643376189,3.3149677206499693,14.166335357856155,1.0002369626767422,1.0009485374634575,0.9958437656718349,2411.4285714285716,2422.0666666666666,-12.352380952380827,1,0,False,False,False,False,False,False,False,True,False,False,False,False,False,False,False,False,False,True
2026-05-06,Andhra Pradesh,East Godavari,Jaggampet,Paddy(Common),Common,FAQ,2369.0,2379.0,2379.0,2377.0,2,5,19,67.2,228.6,122.74285714285702,5.096,0,0.5,35.3,27.2,73.0,31.25,36.4,0.3999999999999986,0,0,1,2320.0,0,0,0,0,10.0,2.3978952727983707,2377.0,2369.0,2379.0,10.0,2.3978952727983707,0.0,0.0,0.0,2377.0,2377.0,2377.0,2377.0,2369.0,2369.0,2379.0,2379.0,10.0,10.0,0.0,2.3978952727983707,0.0,0.0,0.0,0.0,2377.0,2377.0,2377.0,0.0,0.0,0.0,0.9999999957930163,0.9999999957930163,0.9999999957930163,2377.0,2377.0,0.0,1,0,True,False,False,False,False,False,False,False,False,False,False,True,False,False,False,False,False,False
2026-05-06,Andhra Pradesh,Kakinada,Jaggampet,Paddy(Common),Common,FAQ,2369.0,2379.0,2379.0,2377.0,2,5,19,67.2,228.6,122.74285714285715,5.096,0,0.5,35.3,27.2,73.0,31.25,36.4,10.942857142857143,0,0,1,2320.0,0,0,0,0,10.0,2.3978952727983707,2377.0,2369.0,2379.0,10.0,2.3978952727983707,0.0,0.0,0.0,2377.0,2377.0,2377.0,2377.0,2369.0,2369.0,2379.0,2379.0,10.0,10.0,0.0,2.3978952727983707,0.0,0.0,0.0,0.0,2377.0,2377.0,2377.0,0.0,0.0,0.0,0.9999999957930163,0.9999999957930163,0.9999999957930163,2377.0,2377.0,0.0,1,0,True,False,False,False,False,False,False,False,False,False,False,False,False,True,False,False,False,False
2026-05-06,Andhra Pradesh,Nellore,Rapur,Paddy(Common),,,2370.0,2430.0,2420.0,2412.0,2,5,19,67.2,228.6,122.74285714285702,5.096,0,0.5,35.3,27.2,73.0,31.25,36.4,10.942857142857143,0,0,1,2320.0,0,0,0,0,60.0,4.110873864173311,2412.0,2370.0,2430.0,60.0,4.110873864173311,0.0,0.0,0.0,2412.0,2412.0,2416.0,2406.0,2370.0,2371.4285714285716,2430.0,2431.4285714285716,60.0,60.0,0.0,4.110873864173311,0.0,0.0,-0.001655629132220078,0.0024937655756701346,2412.5714285714284,2409.5714285714284,2419.866666666667,1.5118578920698835,3.857346351956395,12.450545849637486,0.9997631412847335,1.0010078810653613,0.9967491280645663,2412.5714285714284,2419.866666666667,-10.295238095238346,1,0,False,False,False,False,False,False,False,True,False,False,False,False,False,False,False,False,True,False
2026-05-06,Andhra Pradesh,SPSR Nellore,Rapur,Paddy(Common),,,2370.0,2430.0,2420.0,2412.0,2,5,19,67.2,228.6,122.74285714285715,5.096,0,0.5,35.3,27.2,73.0,31.25,36.4,10.942857142857143,0,0,1,2320.0,0,0,0,0,60.0,4.110873864173311,2412.0,2370.0,2430.0,60.0,4.110873864173311,0.0,0.0,0.0,2412.0,2412.0,2416.0,2410.0,2370.0,2371.4285714285716,2430.0,2431.4285714285716,60.0,60.0,0.0,4.110873864173311,0.0,0.0,-0.001655629132220078,0.0008298755152287323,2412.5714285714284,2409.8571428571427,2420.733333333333,1.5118578920509405,3.370851133256715,13.093650299320574,0.9997631412847335,1.0008892008973713,0.9963922737060714,2412.5714285714284,2420.733333333333,-10.876190476190459,1,0,False,False,False,False,False,False,False,True,False,False,False,False,False,False,False,False,False,True
2026-05-07,Andhra Pradesh,Kakinada,Jaggampet,Paddy(Common),Common,FAQ,2369.0,2379.0,2379.0,2377.0,3,5,19,75.03999999999999,67.2,101.05714285714286,-0.7060367454068242,0,0.5,34.1,26.6,71.0,30.35,36.8,11.342857142857142,0,0,1,2320.0,0,0,0,0,10.0,2.3978952727983707,2377.0,2369.0,2379.0,10.0,2.3978952727983707,0.0,0.0,0.0,2377.0,2377.0,2377.0,2377.0,2369.0,2369.0,2379.0,2379.0,10.0,10.0,0.0,2.3978952727983707,0.0,0.0,0.0,0.0,2377.0,2377.0,2377.0,0.0,0.0,0.0,0.9999999957930163,0.9999999957930163,0.9999999957930163,2377.0,2377.0,0.0,1,0,True,False,False,False,False,False,False,False,False,False,False,False,False,True,False,False,False,False
2026-05-07,Andhra Pradesh,Nellore,Rapur,Paddy(Common),,,2370.0,2430.0,2420.0,2412.0,3,5,19,75.03999999999999,67.2,101.05714285714274,-0.7060367454068242,0,0.5,34.1,26.6,71.0,30.35,36.8,11.342857142857142,0,0,1,2320.0,0,0,0,0,60.0,4.110873864173311,2412.0,2370.0,2430.0,60.0,4.110873864173311,0.0,0.0,0.0,2412.0,2412.0,2412.0,2408.0,2370.0,2370.0,2430.0,2430.0,60.0,60.0,0.0,4.110873864173311,0.0,0.0,0.0,0.0016611295612079335,2412.0,2410.0,2419.3333333333335,0.0,3.7621597724817244,12.432807914689965,0.999999995854063,1.000829871365851,0.9969688578245981,2412.0,2419.3333333333335,-9.333333333333485,1,0,False,False,False,False,False,False,False,True,False,False,False,False,False,False,False,False,True,False
2026-05-07,Andhra Pradesh,SPSR Nellore,Rapur,Paddy(Common),,,2370.0,2430.0,2420.0,2412.0,3,5,19,75.03999999999999,67.2,101.05714285714286,-0.7060367454068242,0,0.5,34.1,26.6,71.0,30.35,36.8,11.342857142857142,0,0,1,2320.0,0,0,0,0,60.0,4.110873864173311,2412.0,2370.0,2430.0,60.0,4.110873864173311,0.0,0.0,0.0,2412.0,2412.0,2412.0,2408.0,2370.0,2370.0,2430.0,2430.0,60.0,60.0,0.0,4.110873864173311,0.0,0.0,0.0,0.0016611295612079335,2412.0,2410.0,2420.2,0.0,3.419401657051853,13.113299382292473,0.999999995854063,1.000829871365851,0.9966118461424186,2412.0,2420.2,-10.199999999999818,1,0,False,False,False,False,False,False,False,True,False,False,False,False,False,False,False,False,False,True
2026-05-08,Andhra Pradesh,Kakinada,Jaggampet,Paddy(Common),,,2369.0,2379.0,2379.0,2377.0,4,5,19,0.0,75.03999999999999,91.99142857142859,0.11666666666666647,1,0.8,35.6,26.4,71.0,31.0,20.400000000000002,-5.057142857142853,0,0,1,2320.0,0,0,0,0,10.0,2.3978952727983707,2377.0,2369.0,2379.0,10.0,2.3978952727983707,0.0,0.0,0.0,2377.0,2377.0,2377.0,2377.0,2369.0,2369.0,2379.0,2379.0,10.0,10.0,0.0,2.3978952727983707,0.0,0.0,0.0,0.0,2377.0,2377.0,2377.0,0.0,0.0,0.0,0.9999999957930163,0.9999999957930163,0.9999999957930163,2377.0,2377.0,0.0,1,0,True,False,False,False,False,False,False,False,False,False,False,False,False,True,False,False,False,False
2026-05-08,Andhra Pradesh,Nellore,Rapur,Paddy(Common),,,2370.0,2430.0,2420.0,2412.0,4,5,19,0.0,75.03999999999999,91.99142857142844,0.11666666666666647,1,0.8,35.6,26.4,71.0,31.0,20.400000000000002,-5.057142857142853,0,0,1,2320.0,0,0,0,0,60.0,4.110873864173311,2412.0,2370.0,2430.0,60.0,4.110873864173311,0.0,0.0,0.0,2412.0,2412.0,2412.0,2400.0,2370.0,2370.0,2430.0,2430.0,60.0,60.0,0.0,4.110873864173311,0.0,0.0,0.0,0.004999999979166666,2412.0,2410.285714285714,2418.8,0.0,3.7504578474860826,12.391320655446838,0.999999995854063,1.0007112334015063,0.9971886844832615,2412.0,2418.8,-8.514285714285961,1,0,False,False,False,False,False,False,False,True,False,False,False,False,False,False,False,False,True,False
2026-05-08,Andhra Pradesh,SPSR Nellore,Rapur,Paddy(Common),,,2370.0,2430.0,2420.0,2412.0,4,5,19,0.0,75.03999999999999,91.99142857142859,0.11666666666666647,1,0.8,35.6,26.4,71.0,31.0,20.400000000000002,-5.057142857142853,0,0,1,2320.0,0,0,0,0,60.0,4.110873864173311,2412.0,2370.0,2430.0,60.0,4.110873864173311,0.0,0.0,0.0,2412.0,2412.0,2412.0,2408.0,2370.0,2370.0,2430.0,2430.0,60.0,60.0,0.0,4.110873864173311,0.0,0.0,0.0,0.0016611295612079335,2412.0,2410.285714285714,2419.6666666666665,0.0,3.4065225090020887,13.110494173418495,0.999999995854063,1.0007112334015063,0.9968315153733371,2412.0,2419.6666666666665,-9.380952380952294,1,0,False,False,False,False,False,False,False,True,False,False,False,False,False,False,False,False,False,True
2026-05-09,Andhra Pradesh,Kakinada,Jaggampet,Paddy(Common),,,2369.0,2379.0,2379.0,2377.0,5,5,19,0.0,0.0,86.63428571428572,-1.0,1,1.2,35.9,25.5,68.0,30.7,6.4,-19.057142857142857,0,0,1,2320.0,0,0,0,0,10.0,2.3978952727983707,2377.0,2369.0,2379.0,10.0,2.3978952727983707,0.0,0.0,0.0,2377.0,2377.0,2377.0,2377.0,2369.0,2369.0,2379.0,2379.0,10.0,10.0,0.0,2.3978952727983707,0.0,0.0,0.0,0.0,2377.0,2377.0,2377.0,0.0,0.0,0.0,0.9999999957930163,0.9999999957930163,0.9999999957930163,2377.0,2377.0,0.0,1,0,True,False,False,False,False,False,False,False,False,False,False,False,False,True,False,False,False,False
2026-05-09,Andhra Pradesh,Nellore,Rapur,Paddy(Common),,,2370.0,2430.0,2420.0,2412.0,5,5,19,0.0,0.0,86.6342857142856,-1.0,1,1.2,35.9,25.5,68.0,30.7,6.4,-19.057142857142857,0,0,1,2320.0,0,0,0,0,60.0,4.110873864173311,2412.0,2370.0,2430.0,60.0,4.110873864173311,0.0,0.0,0.0,2412.0,2412.0,2412.0,2408.0,2370.0,2370.0,2430.0,2430.0,60.0,60.0,0.0,4.110873864173311,0.0,0.0,0.0,0.0016611295612079335,2412.0,2411.1428571428573,2418.266666666667,0.0,2.315736894053367,12.325844262422876,0.999999995854063,1.000355488208029,0.9974086081046674,2412.0,2418.266666666667,-7.123809523809541,1,0,False,False,False,False,False,False,False,True,False,False,False,False,False,False,False,False,True,False
2026-05-09,Andhra Pradesh,SPSR Nellore,Rapur,Paddy(Common),,,2370.0,2430.0,2420.0,2412.0,5,5,19,0.0,0.0,86.63428571428572,-1.0,1,1.2,35.9,25.5,68.0,30.7,6.4,-19.057142857142857,0,0,1,2320.0,0,0,0,0,60.0,4.110873864173311,2412.0,2370.0,2430.0,60.0,4.110873864173311,0.0,0.0,0.0,2412.0,2412.0,2412.0,2408.0,2370.0,2370.0,2430.0,2430.0,60.0,60.0,0.0,4.110873864173311,0.0,0.0,0.0,0.0016611295612079335,2412.0,2410.5714285714284,2418.8,0.0,3.367589544555951,12.71002862255553,0.999999995854063,1.0005926235604192,0.9971886844832615,2412.0,2418.8,-8.22857142857174,1,0,False,False,False,False,False,False,False,True,False,False,False,False,False,False,False,False,False,True
2026-05-10,Andhra Pradesh,Kakinada,Jaggampet,Paddy(Common),,,2369.0,2379.0,2379.0,2377.0,6,5,19,0.0,0.0,72.32000000000001,0.0,1,0.4,36.0,26.2,66.0,31.1,7.4,-18.057142857142857,0,0,1,2320.0,0,0,0,0,10.0,2.3978952727983707,2377.0,2369.0,2379.0,10.0,2.3978952727983707,0.0,0.0,0.0,2377.0,2377.0,2377.0,2377.0,2369.0,2369.0,2379.0,2379.0,10.0,10.0,0.0,2.3978952727983707,0.0,0.0,0.0,0.0,2377.0,2377.0,2377.0,0.0,0.0,0.0,0.9999999957930163,0.9999999957930163,0.9999999957930163,2377.0,2377.0,0.0,1,0,True,False,False,False,False,False,False,False,False,False,False,False,False,True,False,False,False,False
2026-05-10,Andhra Pradesh,Nellore,Rapur,Paddy(Common),,,2370.0,2430.0,2420.0,2412.0,6,5,19,0.0,0.0,72.31999999999987,0.0,1,0.4,36.0,26.2,66.0,31.1,7.4,-18.057142857142857,0,0,1,2320.0,0,0,0,0,60.0,4.110873864173311,2392.0,2370.0,2420.0,50.0,3.9318256327243257,-0.008291873929138167,0.0,-0.004115226320513471,2412.0,2412.0,2412.0,2408.0,2370.0,2370.0,2430.0,2430.0,60.0,60.0,0.0,4.110873864173311,0.0,0.0,0.0,0.0016611295612079335,2412.0,2411.4285714285716,2416.9333333333334,0.0,2.1380899352630816,10.59255865456792,0.999999995854063,1.0002369626767422,0.9979588417914208,2412.0,2416.9333333333334,-5.5047619047618355,1,0,False,False,False,False,False,False,False,True,False,False,False,False,False,False,False,False,True,False
2026-05-10,Andhra Pradesh,SPSR Nellore,Rapur,Paddy(Common),,,2370.0,2430.0,2420.0,2412.0,6,5,19,0.0,0.0,72.32000000000001,0.0,1,0.4,36.0,26.2,66.0,31.1,7.4,-18.057142857142857,0,0,1,2320.0,0,0,0,0,60.0,4.110873864173311,2392.0,2370.0,2420.0,50.0,3.9318256327243257,-0.008291873929138167,0.0,-0.004115226320513471,2412.0,2412.0,2412.0,2408.0,2370.0,2370.0,2430.0,2430.0,60.0,60.0,0.0,4.110873864173311,0.0,0.0,0.0,0.0016611295612079335,2412.0,2410.8571428571427,2417.4666666666667,0.0,3.3016812234137705,11.103691008982503,0.999999995854063,1.0004740418325917,0.9977386754823009,2412.0,2417.4666666666667,-6.609523809524035,1,0,False,False,False,False,False,False,False,True,False,False,False,False,False,False,False,False,False,True
2026-05-11,Andhra Pradesh,Kakinada,Jaggampet,Paddy(Common),,,2369.0,2379.0,2379.0,2377.0,0,5,20,51.0,0.0,58.33428571428572,0.0,0,0.0,36.5,25.9,65.0,31.2,5.9,1.2714285714285722,0,0,1,2320.0,0,0,0,0,10.0,2.3978952727983707,2377.0,2369.0,2379.0,10.0,2.3978952727983707,0.0,0.0,0.0,2377.0,2377.0,2377.0,2377.0,2369.0,2369.0,2379.0,2379.0,10.0,10.0,0.0,2.3978952727983707,0.0,0.0,0.0,0.0,2377.0,2377.0,2377.0,0.0,0.0,0.0,0.9999999957930163,0.9999999957930163,0.9999999957930163,2377.0,2377.0,0.0,1,0,True,False,False,False,False,False,False,False,False,False,False,False,False,True,False,False,False,False
2026-05-11,Andhra Pradesh,Nellore,Rapur,Paddy(Common),Common,Local,2370.0,2420.0,2390.0,2392.0,0,5,20,51.0,0.0,58.33428571428559,0.0,0,0.0,36.5,25.9,65.0,31.2,5.9,1.2714285714285722,0,0,1,2320.0,0,0,0,0,50.0,3.9318256327243257,2392.0,2370.0,2420.0,50.0,3.9318256327243257,0.0,0.0,0.0,2412.0,2412.0,2412.0,2408.0,2370.0,2370.0,2430.0,2430.0,60.0,60.0,0.0,4.110873864173311,-0.008291873929138167,-0.008291873929138167,-0.008291873929138167,-0.006644518244831734,2412.0,2411.714285714286,2416.0666666666666,0.0,1.8985245861569613,9.846873592166855,0.9917081219249247,0.9918256089664853,0.9900389021134671,2412.0,2416.0666666666666,-4.352380952380827,1,0,False,False,False,False,False,False,False,True,False,False,False,False,False,False,False,False,True,False
2026-05-11,Andhra Pradesh,SPSR Nellore,Rapur,Paddy(Common),Common,Local,2370.0,2420.0,2390.0,2392.0,0,5,20,51.0,0.0,58.33428571428572,0.0,0,0.0,36.5,25.9,65.0,31.2,5.9,1.2714285714285722,0,0,1,2320.0,0,0,0,0,50.0,3.9318256327243257,2392.0,2370.0,2420.0,50.0,3.9318256327243257,0.0,0.0,0.0,2412.0,2412.0,2412.0,2404.0,2370.0,2370.0,2430.0,2430.0,60.0,60.0,0.0,4.110873864173311,-0.008291873929138167,-0.008291873929138167,-0.008291873929138167,-0.004991680511681861,2412.0,2411.1428571428573,2416.6,0.0,3.207134902940531,10.440636788610757,0.9917081219249247,0.9920606665810967,0.9898204047429429,2412.0,2416.6,-5.457142857142571,1,0,False,False,False,False,False,False,False,True,False,False,False,False,False,False,False,False,False,True
2026-05-12,Andhra Pradesh,Kakinada,Jaggampet,Paddy(Common),,,2369.0,2379.0,2379.0,2377.0,1,5,20,0.0,51.0,60.26285714285715,0.0,1,0.0,36.6,27.1,64.0,31.85,3.5,-1.1285714285714281,0,0,1,2320.0,0,0,0,0,10.0,2.3978952727983707,2377.0,2369.0,2379.0,10.0,2.3978952727983707,0.0,0.0,0.0,2377.0,2377.0,2377.0,2377.0,2369.0,2369.0,2379.0,2379.0,10.0,10.0,0.0,2.3978952727983707,0.0,0.0,0.0,0.0,2377.0,2377.0,2377.0,0.0,0.0,0.0,0.9999999957930163,0.9999999957930163,0.9999999957930163,2377.0,2377.0,0.0,1,0,True,False,False,False,False,False,False,False,False,False,False,False,False,True,False,False,False,False
2026-05-12,Andhra Pradesh,Nellore,Rapur,Paddy(Common),,,2370.0,2420.0,2390.0,2392.0,1,5,20,0.0,51.0,60.262857142857015,0.0,1,0.0,36.6,27.1,64.0,31.85,3.5,-1.1285714285714281,0,0,1,2320.0,0,0,0,0,50.0,3.9318256327243257,2392.0,2370.0,2420.0,50.0,3.9318256327243257,0.0,0.0,0.0,2392.0,2412.0,2412.0,2408.0,2370.0,2370.0,2420.0,2428.5714285714284,50.0,58.57142857142857,3.779644730092147,3.9318256327243257,0.0,-0.008291873929138167,-0.008291873929138167,-0.006644518244831734,2409.1428571428573,2410.5714285714284,2414.5333333333333,7.55928946019075,5.570724103095192,9.8950817923874,0.9928842463530657,0.9922958356370327,0.9906676197305168,2409.1428571428573,2414.5333333333333,-3.9619047619048615,1,0,False,False,False,False,False,False,False,True,False,False,False,False,False,False,False,False,True,False
2026-05-12,Andhra Pradesh,SPSR Nellore,Rapur,Paddy(Common),,,2370.0,2420.0,2390.0,2392.0,1,5,20,0.0,51.0,60.26285714285715,0.0,1,0.0,36.6,27.1,64.0,31.85,3.5,-1.1285714285714281,0,0,1,2320.0,0,0,0,0,50.0,3.9318256327243257,2392.0,2370.0,2420.0,50.0,3.9318256327243257,0.0,0.0,0.0,2392.0,2412.0,2412.0,2404.0,2370.0,2370.0,2420.0,2428.5714285714284,50.0,58.57142857142857,3.779644730092196,3.9318256327243257,0.0,-0.008291873929138167,-0.008291873929138167,-0.004991680511681861,2409.1428571428573,2410.285714285714,2415.0666666666666,7.559289460188145,5.810184313615475,10.566483554740852,0.9928842463530657,0.9924134619802665,0.990448844791936,2409.1428571428573,2415.0666666666666,-4.780952380952385,1,0,False,False,False,False,False,False,False,True,False,False,False,False,False,False,False,False,False,True
2026-05-13,Andhra Pradesh,Kakinada,Jaggampet,Paddy(Common),,,2369.0,2379.0,2379.0,2377.0,2,5,20,0.0,0.0,27.60571428571429,-1.0,1,0.0,36.7,27.2,65.0,31.950000000000003,3.4,-1.2285714285714282,0,0,1,2320.0,0,0,0,0,10.0,2.3978952727983707,2377.0,2369.0,2379.0,10.0,2.3978952727983707,0.0,0.0,0.0,2377.0,2377.0,2377.0,2377.0,2369.0,2369.0,2379.0,2379.0,10.0,10.0,0.0,2.3978952727983707,0.0,0.0,0.0,0.0,2377.0,2377.0,2377.0,0.0,0.0,0.0,0.9999999957930163,0.9999999957930163,0.9999999957930163,2377.0,2377.0,0.0,1,0,True,False,False,False,False,False,False,False,False,False,False,False,False,True,False,False,False,False
2026-05-13,Andhra Pradesh,Nellore,Rapur,Paddy(Common),,,2370.0,2420.0,2390.0,2392.0,2,5,20,0.0,0.0,27.605714285714157,-1.0,1,0.0,36.7,27.2,65.0,31.950000000000003,3.4,-1.2285714285714282,0,0,1,2320.0,0,0,0,0,50.0,3.9318256327243257,2392.0,2370.0,2420.0,50.0,3.9318256327243257,0.0,0.0,0.0,2392.0,2412.0,2412.0,2416.0,2370.0,2370.0,2420.0,2427.1428571428573,50.0,57.142857142857146,4.879500364742578,3.9318256327243257,0.0,-0.008291873929138167,-0.008291873929138167,-0.009933774793320468,2406.285714285714,2409.4285714285716,2413.0,9.759000729489957,7.459782278872667,9.695359714825875,0.9940631637625016,0.9927665083900357,0.9912971363808655,2406.285714285714,2413.0,-3.5714285714284415,1,0,False,False,False,False,False,False,False,True,False,False,False,False,False,False,False,False,True,False
2026-05-13,Andhra Pradesh,SPSR Nellore,Rapur,Paddy(Common),,,2370.0,2420.0,2390.0,2392.0,2,5,20,0.0,0.0,27.60571428571429,-1.0,1,0.0,36.7,27.2,65.0,31.950000000000003,3.4,-1.2285714285714282,0,0,1,2320.0,0,0,0,0,50.0,3.9318256327243257,2392.0,2370.0,2420.0,50.0,3.9318256327243257,0.0,0.0,0.0,2392.0,2412.0,2412.0,2416.0,2370.0,2370.0,2420.0,2427.1428571428573,50.0,57.142857142857146,4.879500364742603,3.9318256327243257,0.0,-0.008291873929138167,-0.008291873929138167,-0.009933774793320468,2406.285714285714,2409.4285714285716,2413.5333333333333,9.759000729488594,7.459782278879814,10.460874010207448,0.9940631637625016,0.9927665083900357,0.9910780833449793,2406.285714285714,2413.5333333333333,-4.1047619047617445,1,0,False,False,False,False,False,False,False,True,False,False,False,False,False,False,False,False,False,True
2026-05-14,Andhra Pradesh,Kakinada,Jaggampet,Paddy(Common),,,2369.0,2379.0,2379.0,2377.0,3,5,20,124.4,0.0,18.005714285714284,0.0,0,3.7,38.1,27.9,68.0,33.0,2.9,-1.7285714285714282,0,0,1,2320.0,0,0,0,0,10.0,2.3978952727983707,2377.0,2369.0,2379.0,10.0,2.3978952727983707,0.0,0.0,0.0,2377.0,2377.0,2377.0,2377.0,2369.0,2369.0,2379.0,2379.0,10.0,10.0,0.0,2.3978952727983707,0.0,0.0,0.0,0.0,2377.0,2377.0,2377.0,0.0,0.0,0.0,0.9999999957930163,0.9999999957930163,0.9999999957930163,2377.0,2377.0,0.0,1,0,True,False,False,False,False,False,False,False,False,False,False,False,False,True,False,False,False,False
2026-05-14,Andhra Pradesh,Nellore,Rapur,Paddy(Common),Common,Local,2370.0,2420.0,2390.0,2392.0,3,5,20,124.4,0.0,18.005714285714156,0.0,0,3.7,38.1,27.9,68.0,33.0,2.9,-1.7285714285714282,0,0,1,2320.0,0,0,0,0,50.0,3.9318256327243257,2392.0,2370.0,2420.0,50.0,3.9318256327243257,0.0,0.0,0.0,2392.0,2392.0,2412.0,2412.0,2370.0,2370.0,2420.0,2425.714285714286,50.0,55.714285714285715,5.345224838248414,3.9318256327243257,0.0,0.0,-0.008291873929138167,-0.008291873929138167,2403.4285714285716,2407.714285714286,2411.6666666666665,10.690449676500986,8.5163062725158,9.742665971372912,0.9952448841139357,0.993473355313686,0.9918451928465299,2403.4285714285716,2411.6666666666665,-3.952380952380736,1,0,False,False,False,False,False,False,False,True,False,False,False,False,False,False,False,False,True,False
2026-05-14,Andhra Pradesh,SPSR Nellore,Rapur,Paddy(Common),Common,Local,2370.0,2420.0,2390.0,2392.0,3,5,20,124.4,0.0,18.005714285714284,0.0,0,3.7,38.1,27.9,68.0,33.0,2.9,-1.7285714285714282,0,0,1,2320.0,0,0,0,0,50.0,3.9318256327243257,2392.0,2370.0,2420.0,50.0,3.9318256327243257,0.0,0.0,0.0,2392.0,2392.0,2412.0,2412.0,2370.0,2370.0,2420.0,2425.714285714286,50.0,55.714285714285715,5.345224838248429,3.9318256327243257,0.0,0.0,-0.008291873929138167,-0.008291873929138167,2403.4285714285716,2407.714285714286,2412.0,10.690449676500378,8.51630627252225,10.116562043805526,0.9952448841139357,0.993473355313686,0.9917081219249247,2403.4285714285716,2412.0,-4.285714285714221,1,0,False,False,False,False,False,False,False,True,False,False,False,False,False,False,False,False,False,True
2026-05-15,Andhra Pradesh,Kakinada,Jaggampet,Paddy(Common),,,2369.0,2379.0,2379.0,2377.0,4,5,20,25.0,124.4,25.057142857142857,0.0,0,0.0,37.3,27.1,69.0,32.2,6.1,1.4714285714285715,0,0,1,2320.0,0,0,0,0,10.0,2.3978952727983707,2377.0,2369.0,2379.0,10.0,2.3978952727983707,0.0,0.0,0.0,2377.0,2377.0,2377.0,2377.0,2369.0,2369.0,2379.0,2379.0,10.0,10.0,0.0,2.3978952727983707,0.0,0.0,0.0,0.0,2377.0,2377.0,2377.0,0.0,0.0,0.0,0.9999999957930163,0.9999999957930163,0.9999999957930163,2377.0,2377.0,0.0,1,0,True,False,False,False,False,False,False,False,False,False,False,False,False,True,False,False,False,False
2026-05-15,Andhra Pradesh,Nellore,Rapur,Paddy(Common),Common,Local,2370.0,2420.0,2390.0,2392.0,4,5,20,25.0,124.4,25.05714285714273,0.0,0,0.0,37.3,27.1,69.0,32.2,6.1,1.4714285714285715,0,0,1,2320.0,0,0,0,0,50.0,3.9318256327243257,2392.0,2370.0,2420.0,50.0,3.9318256327243257,0.0,0.0,0.0,2392.0,2392.0,2412.0,2412.0,2370.0,2370.0,2420.0,2424.285714285714,50.0,54.285714285714285,5.345224838248422,3.9318256327243257,0.0,0.0,-0.008291873929138167,-0.008291873929138167,2400.5714285714284,2406.285714285714,2410.3333333333335,10.690449676500759,9.376144618759762,9.600047892593398,0.9964294174154927,0.9940631637625016,0.9923938556531854,2400.5714285714284,2410.3333333333335,-4.047619047619264,1,0,False,False,False,False,False,False,False,True,False,False,False,False,False,False,False,False,True,False
2026-05-15,Andhra Pradesh,SPSR Nellore,Rapur,Paddy(Common),Common,Local,2370.0,2420.0,2390.0,2392.0,4,5,20,25.0,124.4,25.057142857142857,0.0,0,0.0,37.3,27.1,69.0,32.2,6.1,1.4714285714285715,0,0,1,2320.0,0,0,0,0,50.0,3.9318256327243257,2392.0,2370.0,2420.0,50.0,3.9318256327243257,0.0,0.0,0.0,2392.0,2392.0,2412.0,2412.0,2370.0,2370.0,2420.0,2424.285714285714,50.0,54.285714285714285,5.345224838248426,3.9318256327243257,0.0,0.0,-0.008291873929138167,-0.008291873929138167,2400.5714285714284,2406.285714285714,2410.4666666666667,10.69044967650087,9.376144618765764,9.507649672700778,0.9964294174154927,0.9940631637625016,0.9923389620584991,2400.5714285714284,2410.4666666666667,-4.180952380952476,1,0,False,False,False,False,False,False,False,True,False,False,False,False,False,False,False,False,False,True
2026-05-16,Andhra Pradesh,Kakinada,Jaggampet,Paddy(Common),,,2369.0,2379.0,2379.0,2377.0,5,5,20,0.0,25.0,28.62857142857143,-0.7990353697749196,1,1.2,37.4,28.3,68.0,32.85,5.300000000000001,0.6714285714285726,0,0,1,2320.0,0,0,0,0,10.0,2.3978952727983707,2377.0,2369.0,2379.0,10.0,2.3978952727983707,0.0,0.0,0.0,2377.0,2377.0,2377.0,2377.0,2369.0,2369.0,2379.0,2379.0,10.0,10.0,0.0,2.3978952727983707,0.0,0.0,0.0,0.0,2377.0,2377.0,2377.0,0.0,0.0,0.0,0.9999999957930163,0.9999999957930163,0.9999999957930163,2377.0,2377.0,0.0,1,0,True,False,False,False,False,False,False,False,False,False,False,False,False,True,False,False,False,False
2026-05-16,Andhra Pradesh,Nellore,Rapur,Paddy(Common),,,2370.0,2420.0,2390.0,2392.0,5,5,20,0.0,25.0,28.6285714285713,-0.7990353697749196,1,1.2,37.4,28.3,68.0,32.85,5.300000000000001,0.6714285714285726,0,0,1,2320.0,0,0,0,0,50.0,3.9318256327243257,2392.0,2370.0,2420.0,50.0,3.9318256327243257,0.0,0.0,0.0,2392.0,2392.0,2412.0,2412.0,2370.0,2370.0,2420.0,2422.8571428571427,50.0,52.857142857142854,4.8795003647426025,3.9318256327243257,0.0,0.0,-0.008291873929138167,-0.008291873929138167,2397.714285714286,2404.8571428571427,2409.0666666666666,9.759000729489298,9.944903161966849,9.420935356341053,0.9976167737229995,0.994653672946076,0.9929156478598254,2397.714285714286,2409.0666666666666,-4.209523809523944,1,0,False,False,False,False,False,False,False,True,False,False,False,False,False,False,False,False,True,False
2026-05-16,Andhra Pradesh,SPSR Nellore,Rapur,Paddy(Common),,,2370.0,2420.0,2390.0,2392.0,5,5,20,0.0,25.0,28.62857142857143,-0.7990353697749196,1,1.2,37.4,28.3,68.0,32.85,5.300000000000001,0.6714285714285726,0,0,1,2320.0,0,0,0,0,50.0,3.9318256327243257,2392.0,2370.0,2420.0,50.0,3.9318256327243257,0.0,0.0,0.0,2392.0,2392.0,2412.0,2412.0,2370.0,2370.0,2420.0,2422.8571428571427,50.0,52.857142857142854,4.879500364742595,3.9318256327243257,0.0,0.0,-0.008291873929138167,-0.008291873929138167,2397.714285714286,2404.8571428571427,2409.2,9.759000729490207,9.944903161972702,9.345476501197618,0.9976167737229995,0.994653672946076,0.9928606965263959,2397.714285714286,2409.2,-4.342857142857156,1,0,False,False,False,False,False,False,False,True,False,False,False,False,False,False,False,False,False,True
2026-05-17,Andhra Pradesh,Kakinada,Jaggampet,Paddy(Common),,,2369.0,2379.0,2379.0,2377.0,6,5,20,0.0,0.0,28.62857142857143,-1.0,1,0.6,37.2,28.0,68.0,32.6,5.3,0.6714285714285717,0,0,1,2320.0,0,0,0,0,10.0,2.3978952727983707,2377.0,2369.0,2379.0,10.0,2.3978952727983707,0.0,0.0,0.0,2377.0,2377.0,2377.0,2377.0,2369.0,2369.0,2379.0,2379.0,10.0,10.0,0.0,2.3978952727983707,0.0,0.0,0.0,0.0,2377.0,2377.0,2377.0,0.0,0.0,0.0,0.9999999957930163,0.9999999957930163,0.9999999957930163,2377.0,2377.0,0.0,1,0,True,False,False,False,False,False,False,False,False,False,False,False,False,True,False,False,False,False
2026-05-17,Andhra Pradesh,Nellore,Rapur,Paddy(Common),,,2370.0,2420.0,2390.0,2392.0,6,5,20,0.0,0.0,28.6285714285713,-1.0,1,0.6,37.2,28.0,68.0,32.6,5.3,0.6714285714285717,0,0,1,2320.0,0,0,0,0,50.0,3.9318256327243257,2392.0,2370.0,2420.0,50.0,3.9318256327243257,0.0,0.0,0.0,2392.0,2392.0,2412.0,2412.0,2370.0,2370.0,2420.0,2421.4285714285716,50.0,51.42857142857143,3.7796447300922025,3.9318256327243257,0.0,0.0,-0.008291873929138167,-0.008291873929138167,2394.8571428571427,2403.4285714285716,2407.8,7.55928946018953,10.271051820251635,9.056908203506428,0.9988069631402716,0.9952448841139357,0.9934379890628872,2394.8571428571427,2407.8,-4.371428571428623,1,0,False,False,False,False,False,False,False,True,False,False,False,False,False,False,False,False,True,False
2026-05-17,Andhra Pradesh,SPSR Nellore,Rapur,Paddy(Common),,,2370.0,2420.0,2390.0,2392.0,6,5,20,0.0,0.0,28.62857142857143,-1.0,1,0.6,37.2,28.0,68.0,32.6,5.3,0.6714285714285717,0,0,1,2320.0,0,0,0,0,50.0,3.9318256327243257,2392.0,2370.0,2420.0,50.0,3.9318256327243257,0.0,0.0,0.0,2392.0,2392.0,2412.0,2412.0,2370.0,2370.0,2420.0,2421.4285714285716,50.0,51.42857142857143,3.779644730092178,3.9318256327243257,0.0,0.0,-0.008291873929138167,-0.008291873929138167,2394.8571428571427,2403.4285714285716,2407.9333333333334,7.559289460191722,10.271051820257497,8.9978286014005,0.9988069631402716,0.9952448841139357,0.9933829798995695,2394.8571428571427,2407.9333333333334,-4.5047619047618355,1,0,False,False,False,False,False,False,False,True,False,False,False,False,False,False,False,False,False,True
2026-05-18,Andhra Pradesh,Kakinada,Jaggampet,Paddy(Common),,,2369.0,2379.0,2379.0,2377.0,0,5,21,0.0,0.0,28.62857142857143,0.0,1,0.1,37.0,29.0,67.0,33.0,5.5,1.2714285714285714,0,0,1,2320.0,0,0,0,0,10.0,2.3978952727983707,2377.0,2369.0,2379.0,10.0,2.3978952727983707,0.0,0.0,0.0,2377.0,2377.0,2377.0,2377.0,2369.0,2369.0,2379.0,2379.0,10.0,10.0,0.0,2.3978952727983707,0.0,0.0,0.0,0.0,2377.0,2377.0,2377.0,0.0,0.0,0.0,0.9999999957930163,0.9999999957930163,0.9999999957930163,2377.0,2377.0,0.0,1,0,True,False,False,False,False,False,False,False,False,False,False,False,False,True,False,False,False,False
2026-05-18,Andhra Pradesh,Nellore,Rapur,Paddy(Common),,,2370.0,2420.0,2390.0,2392.0,0,5,21,0.0,0.0,28.6285714285713,0.0,1,0.1,37.0,29.0,67.0,33.0,5.5,1.2714285714285714,0,0,1,2320.0,0,0,0,0,50.0,3.9318256327243257,2392.0,2370.0,2420.0,50.0,3.9318256327243257,0.0,0.0,0.0,2392.0,2392.0,2392.0,2412.0,2370.0,2370.0,2420.0,2420.0,50.0,50.0,0.0,3.9318256327243257,0.0,0.0,0.0,-0.008291873929138167,2392.0,2402.0,2406.866666666667,0.0,10.377490433244711,9.197950796259814,0.9999999958193979,0.9958367985185811,0.9938232238574776,2392.0,2406.866666666667,-4.866666666666788,1,0,False,False,False,False,False,False,False,True,False,False,False,False,False,False,False,False,True,False
2026-05-18,Andhra Pradesh,SPSR Nellore,Rapur,Paddy(Common),,,2370.0,2420.0,2390.0,2392.0,0,5,21,0.0,0.0,28.62857142857143,0.0,1,0.1,37.0,29.0,67.0,33.0,5.5,1.2714285714285714,0,0,1,2320.0,0,0,0,0,50.0,3.9318256327243257,2392.0,2370.0,2420.0,50.0,3.9318256327243257,0.0,0.0,0.0,2392.0,2392.0,2392.0,2412.0,2370.0,2370.0,2420.0,2420.0,50.0,50.0,0.0,3.9318256327243257,0.0,0.0,0.0,-0.008291873929138167,2392.0,2402.0,2407.0,0.0,10.377490433250758,9.153857298878117,0.9999999958193979,0.9958367985185811,0.9937681720242285,2392.0,2407.0,-5.0,1,0,False,False,False,False,False,False,False,True,False,False,False,False,False,False,False,False,False,True
2026-05-19,Andhra Pradesh,Kakinada,Jaggampet,Paddy(Common),,,2369.0,2379.0,2379.0,2377.0,1,5,21,49.0,0.0,21.342857142857145,0.0,0,0.0,39.4,29.2,65.0,34.3,5.6,1.371428571428571,0,0,1,2320.0,0,0,0,0,10.0,2.3978952727983707,2377.0,2369.0,2379.0,10.0,2.3978952727983707,0.0,0.0,0.0,2377.0,2377.0,2377.0,2377.0,2369.0,2369.0,2379.0,2379.0,10.0,10.0,0.0,2.3978952727983707,0.0,0.0,0.0,0.0,2377.0,2377.0,2377.0,0.0,0.0,0.0,0.9999999957930163,0.9999999957930163,0.9999999957930163,2377.0,2377.0,0.0,1,0,True,False,False,False,False,False,False,False,False,False,False,False,False,True,False,False,False,False
2026-05-19,Andhra Pradesh,Nellore,Rapur,Paddy(Common),,,2370.0,2420.0,2390.0,2392.0,1,5,21,49.0,0.0,21.342857142857014,0.0,0,0.0,39.4,29.2,65.0,34.3,5.6,1.371428571428571,0,0,1,2320.0,0,0,0,0,50.0,3.9318256327243257,2388.0,2370.0,2400.0,30.0,3.4339872044851463,-0.001672240795684612,0.0,-0.008264462775766682,2392.0,2392.0,2392.0,2412.0,2370.0,2370.0,2420.0,2420.0,50.0,50.0,0.0,3.9318256327243257,0.0,0.0,0.0,-0.008291873929138167,2392.0,2400.5714285714284,2405.9333333333334,0.0,10.271051820250552,9.239843756445058,0.9999999958193979,0.9964294174154927,0.9942087575402112,2392.0,2405.9333333333334,-5.3619047619049525,1,0,False,False,False,False,False,False,False,True,False,False,False,False,False,False,False,False,True,False
2026-05-19,Andhra Pradesh,SPSR Nellore,Rapur,Paddy(Common),,,2370.0,2420.0,2390.0,2392.0,1,5,21,49.0,0.0,21.342857142857145,0.0,0,0.0,39.4,29.2,65.0,34.3,5.6,1.371428571428571,0,0,1,2320.0,0,0,0,0,50.0,3.9318256327243257,2388.0,2370.0,2400.0,30.0,3.4339872044851463,-0.001672240795684612,0.0,-0.008264462775766682,2392.0,2392.0,2392.0,2412.0,2370.0,2370.0,2420.0,2420.0,50.0,50.0,0.0,3.9318256327243257,0.0,0.0,0.0,-0.008291873929138167,2392.0,2400.5714285714284,2406.0666666666666,0.0,10.271051820256925,9.209939658091859,0.9999999958193979,0.9964294174154927,0.9941536629873639,2392.0,2406.0666666666666,-5.4952380952381645,1,0,False,False,False,False,False,False,False,True,False,False,False,False,False,False,False,False,False,True
2026-05-20,Andhra Pradesh,Kakinada,Jaggampet,Paddy(Common),,,2369.0,2379.0,2379.0,2377.0,2,5,21,82.0,49.0,28.342857142857145,0.0,0,0.5,40.8,29.8,59.0,35.3,5.6,1.371428571428571,0,0,1,2320.0,0,0,0,0,10.0,2.3978952727983707,2377.0,2369.0,2379.0,10.0,2.3978952727983707,0.0,0.0,0.0,2377.0,2377.0,2377.0,2377.0,2369.0,2369.0,2379.0,2379.0,10.0,10.0,0.0,2.3978952727983707,0.0,0.0,0.0,0.0,2377.0,2377.0,2377.0,0.0,0.0,0.0,0.9999999957930163,0.9999999957930163,0.9999999957930163,2377.0,2377.0,0.0,1,0,True,False,False,False,False,False,False,False,False,False,False,False,False,True,False,False,False,False
2026-05-20,Andhra Pradesh,Nellore,Rapur,Paddy(Common),Common,Local,2370.0,2400.0,2390.0,2388.0,2,5,21,82.0,49.0,28.342857142857014,0.0,0,0.5,40.8,29.8,59.0,35.3,5.6,1.371428571428571,0,0,1,2320.0,0,0,0,0,30.0,3.4339872044851463,2390.0,2370.0,2410.0,40.0,3.713572066704308,0.0008375209345162439,0.0,0.004166666649305555,2392.0,2392.0,2392.0,2412.0,2370.0,2370.0,2420.0,2420.0,50.0,50.0,0.0,3.9318256327243257,-0.001672240795684612,-0.001672240795684612,-0.001672240795684612,-0.0099502487149658,2392.0,2399.1428571428573,2405.0,0.0,9.944903161964614,9.183944010393459,0.9983277550237133,0.9953554799526684,0.99293138880278,2392.0,2405.0,-5.857142857142662,1,0,False,False,False,False,False,False,False,True,False,False,False,False,False,False,False,False,True,False
2026-05-20,Andhra Pradesh,SPSR Nellore,Rapur,Paddy(Common),Common,Local,2370.0,2400.0,2390.0,2388.0,2,5,21,82.0,49.0,28.342857142857145,0.0,0,0.5,40.8,29.8,59.0,35.3,5.6,1.371428571428571,0,0,1,2320.0,0,0,0,0,30.0,3.4339872044851463,2390.0,2370.0,2410.0,40.0,3.713572066704308,0.0008375209345162439,0.0,0.004166666649305555,2392.0,2392.0,2392.0,2412.0,2370.0,2370.0,2420.0,2420.0,50.0,50.0,0.0,3.9318256327243257,-0.001672240795684612,-0.001672240795684612,-0.001672240795684612,-0.0099502487149658,2392.0,2399.1428571428573,2405.133333333333,0.0,9.944903161971512,9.16791005151053,0.9983277550237133,0.9953554799526684,0.99287634368347,2392.0,2405.133333333333,-5.990476190475874,1,0,False,False,False,False,False,False,False,True,False,False,False,False,False,False,False,False,False,True
2026-05-21,Andhra Pradesh,Kakinada,Jaggampet,Paddy(Common),,,2369.0,2379.0,2379.0,2377.0,3,5,21,288.0,82.0,40.05714285714286,0.6734693877551021,0,0.0,40.8,31.0,57.0,35.9,6.1,1.871428571428571,0,0,1,2320.0,0,0,0,0,10.0,2.3978952727983707,2377.0,2369.0,2379.0,10.0,2.3978952727983707,0.0,0.0,0.0,2377.0,2377.0,2377.0,2377.0,2369.0,2369.0,2379.0,2379.0,10.0,10.0,0.0,2.3978952727983707,0.0,0.0,0.0,0.0,2377.0,2377.0,2377.0,0.0,0.0,0.0,0.9999999957930163,0.9999999957930163,0.9999999957930163,2377.0,2377.0,0.0,1,0,True,False,False,False,False,False,False,False,False,False,False,False,False,True,False,False,False,False
2026-05-21,Andhra Pradesh,Nellore,Rapur,Paddy(Common),Common,Local,2370.0,2410.0,2390.0,2390.0,3,5,21,288.0,82.0,40.05714285714272,0.6734693877551021,0,0.0,40.8,31.0,57.0,35.9,6.1,1.871428571428571,0,0,1,2320.0,0,0,0,0,40.0,3.713572066704308,2390.0,2370.0,2410.0,40.0,3.713572066704308,0.0,0.0,0.0,2388.0,2392.0,2392.0,2412.0,2370.0,2370.0,2400.0,2417.1428571428573,30.0,47.142857142857146,7.559289460184529,3.4339872044851463,0.0008375209345162439,-0.000836120397842306,-0.000836120397842306,-0.009121061322051984,2391.4285714285716,2397.4285714285716,2404.0,1.511857892061646,9.621404708833802,9.351378286750055,0.9994026242557834,0.9969014378630019,0.9941763685766373,2391.4285714285716,2404.0,-6.5714285714284415,1,0,False,False,False,False,False,False,False,True,False,False,False,False,False,False,False,False,True,False
2026-05-21,Andhra Pradesh,SPSR Nellore,Rapur,Paddy(Common),Common,Local,2370.0,2410.0,2390.0,2390.0,3,5,21,288.0,82.0,40.05714285714286,0.6734693877551021,0,0.0,40.8,31.0,57.0,35.9,6.1,1.871428571428571,0,0,1,2320.0,0,0,0,0,40.0,3.713572066704308,2390.0,2370.0,2410.0,40.0,3.713572066704308,0.0,0.0,0.0,2388.0,2392.0,2392.0,2412.0,2370.0,2370.0,2400.0,2417.1428571428573,30.0,47.142857142857146,7.559289460184494,3.4339872044851463,0.0008375209345162439,-0.000836120397842306,-0.000836120397842306,-0.009121061322051984,2391.4285714285716,2397.4285714285716,2404.133333333333,1.5118578920780925,9.621404708841352,9.350394914516345,0.9994026242557834,0.9969014378630019,0.994121231514664,2391.4285714285716,2404.133333333333,-6.704761904761654,1,0,False,False,False,False,False,False,False,True,False,False,False,False,False,False,False,False,False,True
2026-05-22,Andhra Pradesh,Kakinada,Jaggampet,Paddy(Common),,,2369.0,2379.0,2379.0,2377.0,4,5,21,42.0,288.0,63.42857142857143,2.5121951219512195,0,0.4,39.4,31.5,56.0,35.45,2.4,-1.8285714285714287,0,0,1,2320.0,0,0,0,0,10.0,2.3978952727983707,2377.0,2369.0,2379.0,10.0,2.3978952727983707,0.0,0.0,0.0,2377.0,2377.0,2377.0,2377.0,2369.0,2369.0,2379.0,2379.0,10.0,10.0,0.0,2.3978952727983707,0.0,0.0,0.0,0.0,2377.0,2377.0,2377.0,0.0,0.0,0.0,0.9999999957930163,0.9999999957930163,0.9999999957930163,2377.0,2377.0,0.0,1,0,True,False,False,False,False,False,False,False,False,False,False,False,False,True,False,False,False,False
2026-05-22,Andhra Pradesh,Nellore,Rapur,Paddy(Common),,,2370.0,2410.0,2390.0,2390.0,4,5,21,42.0,288.0,63.428571428571296,2.5121951219512195,0,0.4,39.4,31.5,56.0,35.45,2.4,-1.8285714285714287,0,0,1,2320.0,0,0,0,0,40.0,3.713572066704308,2390.0,2370.0,2410.0,40.0,3.713572066704308,0.0,0.0,0.0,2390.0,2392.0,2392.0,2412.0,2370.0,2370.0,2410.0,2415.714285714286,40.0,45.714285714285715,7.867957924694424,3.713572066704308,0.0,-0.000836120397842306,-0.000836120397842306,-0.009121061322051984,2391.1428571428573,2395.8571428571427,2403.3333333333335,1.573591584962685,8.821801166649735,9.617990805062448,0.999522041464539,0.9975552996345555,0.9944521456541519,2391.1428571428573,2403.3333333333335,-7.476190476190823,1,0,False,False,False,False,False,False,False,True,False,False,False,False,False,False,False,False,True,False
2026-05-22,Andhra Pradesh,SPSR Nellore,Rapur,Paddy(Common),Common,Local,2370.0,2410.0,2390.0,2390.0,4,5,21,42.0,288.0,63.42857142857143,2.5121951219512195,0,0.4,39.4,31.5,56.0,35.45,2.4,-1.8285714285714287,0,0,1,2320.0,0,0,0,0,40.0,3.713572066704308,2390.0,2370.0,2410.0,40.0,3.713572066704308,0.0,0.0,0.0,2390.0,2392.0,2392.0,2412.0,2370.0,2370.0,2410.0,2415.714285714286,40.0,45.714285714285715,7.867957924694383,3.713572066704308,0.0,-0.000836120397842306,-0.000836120397842306,-0.009121061322051984,2391.1428571428573,2395.8571428571427,2403.4666666666667,1.5735915849788855,8.821801166658442,9.626591523886152,0.999522041464539,0.9975552996345555,0.9943969779995687,2391.1428571428573,2403.4666666666667,-7.609523809524035,1,0,False,False,False,False,False,False,False,True,False,False,False,False,False,False,False,False,False,True
2026-05-23,Andhra Pradesh,Kakinada,Jaggampet,Paddy(Common),,,2369.0,2379.0,2379.0,2377.0,5,5,21,0.0,42.0,65.85714285714286,-0.8541666666666666,1,0.0,38.6,30.9,55.0,34.75,2.8,-1.4285714285714288,0,0,1,2320.0,0,0,0,0,10.0,2.3978952727983707,2377.0,2369.0,2379.0,10.0,2.3978952727983707,0.0,0.0,0.0,2377.0,2377.0,2377.0,2377.0,2369.0,2369.0,2379.0,2379.0,10.0,10.0,0.0,2.3978952727983707,0.0,0.0,0.0,0.0,2377.0,2377.0,2377.0,0.0,0.0,0.0,0.9999999957930163,0.9999999957930163,0.9999999957930163,2377.0,2377.0,0.0,1,0,True,False,False,False,False,False,False,False,False,False,False,False,False,True,False,False,False,False
2026-05-23,Andhra Pradesh,Nellore,Rapur,Paddy(Common),,,2370.0,2410.0,2390.0,2390.0,5,5,21,0.0,42.0,65.85714285714273,-0.8541666666666666,1,0.0,38.6,30.9,55.0,34.75,2.8,-1.4285714285714288,0,0,1,2320.0,0,0,0,0,40.0,3.713572066704308,2390.0,2370.0,2410.0,40.0,3.713572066704308,0.0,0.0,0.0,2390.0,2388.0,2392.0,2412.0,2370.0,2370.0,2410.0,2414.285714285714,40.0,44.285714285714285,7.86795792469443,3.713572066704308,0.0,0.0008375209345162439,-0.000836120397842306,-0.009121061322051984,2390.8571428571427,2394.285714285714,2402.8,1.573591584962685,7.599884325300906,9.90437033455258,0.9996414872146926,0.9982100196972135,0.994672877498448,2390.8571428571427,2402.8,-8.514285714285961,1,0,False,False,False,False,False,False,False,True,False,False,False,False,False,False,False,False,True,False
2026-05-23,Andhra Pradesh,SPSR Nellore,Rapur,Paddy(Common),,,2370.0,2410.0,2390.0,2390.0,5,5,21,0.0,42.0,65.85714285714286,-0.8541666666666666,1,0.0,38.6,30.9,55.0,34.75,2.8,-1.4285714285714288,0,0,1,2320.0,0,0,0,0,40.0,3.713572066704308,2390.0,2370.0,2410.0,40.0,3.713572066704308,0.0,0.0,0.0,2390.0,2388.0,2392.0,2412.0,2370.0,2370.0,2410.0,2414.285714285714,40.0,44.285714285714285,7.867957924694383,3.713572066704308,0.0,0.0008375209345162439,-0.000836120397842306,-0.009121061322051984,2390.8571428571427,2394.285714285714,2402.8,1.5735915849793087,7.5998843253116,9.848507676202269,0.9996414872146926,0.9982100196972135,0.994672877498448,2390.8571428571427,2402.8,-8.514285714285961,1,0,False,False,False,False,False,False,False,True,False,False,False,False,False,False,False,False,False,True
2026-05-24,Andhra Pradesh,Kakinada,Jaggampet,Paddy(Common),,,2369.0,2379.0,2379.0,2377.0,6,5,21,0.0,0.0,65.85714285714286,-1.0,1,0.0,40.6,30.1,57.0,35.35,1.6,-2.6285714285714286,0,0,1,2320.0,0,0,0,0,10.0,2.3978952727983707,2377.0,2369.0,2379.0,10.0,2.3978952727983707,0.0,0.0,0.0,2377.0,2377.0,2377.0,2377.0,2369.0,2369.0,2379.0,2379.0,10.0,10.0,0.0,2.3978952727983707,0.0,0.0,0.0,0.0,2377.0,2377.0,2377.0,0.0,0.0,0.0,0.9999999957930163,0.9999999957930163,0.9999999957930163,2377.0,2377.0,0.0,1,0,True,False,False,False,False,False,False,False,False,False,False,False,False,True,False,False,False,False
2026-05-24,Andhra Pradesh,Nellore,Rapur,Paddy(Common),,,2370.0,2410.0,2390.0,2390.0,6,5,21,0.0,0.0,65.85714285714273,-1.0,1,0.0,40.6,30.1,57.0,35.35,1.6,-2.6285714285714286,0,0,1,2320.0,0,0,0,0,40.0,3.713572066704308,2382.0,2370.0,2400.0,30.0,3.4339872044851463,-0.003347280320722676,0.0,-0.0041493775761436615,2390.0,2390.0,2392.0,2412.0,2370.0,2370.0,2410.0,2412.8571428571427,40.0,42.857142857142854,7.559289460184549,3.713572066704308,0.0,0.0,-0.000836120397842306,-0.009121061322051984,2390.5714285714284,2392.714285714286,2402.2,1.511857892061646,5.689782629707851,10.121332882094636,0.9997609615164773,0.9988655997420387,0.9949213179796798,2390.5714285714284,2402.2,-9.485714285714039,1,0,False,False,False,False,False,False,False,True,False,False,False,False,False,False,False,False,True,False
2026-05-24,Andhra Pradesh,SPSR Nellore,Rapur,Paddy(Common),,,2370.0,2410.0,2390.0,2390.0,6,5,21,0.0,0.0,65.85714285714286,-1.0,1,0.0,40.6,30.1,57.0,35.35,1.6,-2.6285714285714286,0,0,1,2320.0,0,0,0,0,40.0,3.713572066704308,2390.0,2370.0,2410.0,40.0,3.713572066704308,0.0,0.0,0.0,2390.0,2390.0,2392.0,2412.0,2370.0,2370.0,2410.0,2412.8571428571427,40.0,42.857142857142854,7.559289460184494,3.713572066704308,0.0,0.0,-0.000836120397842306,-0.009121061322051984,2390.5714285714284,2392.714285714286,2402.2,1.511857892079457,5.689782629722919,10.06667427874869,0.9997609615164773,0.9988655997420387,0.9949213179796798,2390.5714285714284,2402.2,-9.485714285714039,1,0,False,False,False,False,False,False,False,True,False,False,False,False,False,False,False,False,False,True
2026-05-25,Andhra Pradesh,Kakinada,Jaggampet,Paddy(Common),,,2369.0,2379.0,2379.0,2377.0,0,5,22,571.4,0.0,65.85714285714286,0.0,0,0.0,39.8,28.5,64.0,34.15,0.9999999999999999,-3.0857142857142863,0,0,1,2320.0,0,0,0,0,10.0,2.3978952727983707,2377.0,2369.0,2379.0,10.0,2.3978952727983707,0.0,0.0,0.0,2377.0,2377.0,2377.0,2377.0,2369.0,2369.0,2379.0,2379.0,10.0,10.0,0.0,2.3978952727983707,0.0,0.0,0.0,0.0,2377.0,2377.0,2377.0,0.0,0.0,0.0,0.9999999957930163,0.9999999957930163,0.9999999957930163,2377.0,2377.0,0.0,1,0,True,False,False,False,False,False,False,False,False,False,False,False,False,True,False,False,False,False
2026-05-25,Andhra Pradesh,Nellore,Rapur,Paddy(Common),Common,Local,2370.0,2400.0,2380.0,2382.0,0,5,22,571.4,0.0,65.85714285714273,0.0,0,0.0,39.8,28.5,64.0,34.15,0.9999999999999999,0.04999999999999993,0,0,1,2320.0,0,0,0,0,30.0,3.4339872044851463,2384.0,2370.0,2410.0,40.0,3.713572066704308,0.0008396305590275795,0.0,0.004166666649305555,2390.0,2390.0,2392.0,2392.0,2370.0,2370.0,2410.0,2411.4285714285716,40.0,41.42857142857143,6.900655593423553,3.713572066704308,-0.003347280320722676,-0.003347280320722676,-0.0041806019892115295,-0.0041806019892115295,2390.285714285714,2391.1428571428573,2401.866666666667,1.3801311187117609,1.2924123451959848,10.358182949862037,0.9965335841646336,0.9961763609910176,0.9917286513611829,2390.285714285714,2401.866666666667,-10.72380952380945,1,0,False,False,False,False,False,False,False,True,False,False,False,False,False,False,False,False,True,False
2026-05-25,Andhra Pradesh,SPSR Nellore,Rapur,Paddy(Common),,,2370.0,2410.0,2390.0,2390.0,0,5,22,571.4,0.0,65.85714285714286,0.0,0,0.0,39.8,28.5,64.0,34.15,0.9999999999999999,-3.0857142857142863,0,0,1,2320.0,0,0,0,0,40.0,3.713572066704308,2384.0,2370.0,2410.0,40.0,3.713572066704308,-0.0025104602405420073,0.0,0.0,2390.0,2390.0,2392.0,2392.0,2370.0,2370.0,2410.0,2411.4285714285716,40.0,41.42857142857143,6.900655593423485,3.713572066704308,0.0,0.0,-0.000836120397842306,-0.000836120397842306,2390.285714285714,2391.1428571428573,2401.6,1.3801311187318286,1.2924123452657446,10.243921662840814,0.9998804643801319,0.999522041464539,0.9951698825983932,2390.285714285714,2401.6,-10.457142857142571,1,0,False,False,False,False,False,False,False,True,False,False,False,False,False,False,False,False,False,True
2026-05-26,Andhra Pradesh,Kakinada,Jaggampet,Paddy(Common),,,2369.0,2379.0,2379.0,2377.0,1,5,22,42.0,571.4,147.4857142857143,0.0,0,1.8,39.7,29.6,62.0,34.650000000000006,0.9,-3.1857142857142864,0,0,1,2320.0,0,0,0,0,10.0,2.3978952727983707,2377.0,2369.0,2379.0,10.0,2.3978952727983707,0.0,0.0,0.0,2377.0,2377.0,2377.0,2377.0,2369.0,2369.0,2379.0,2379.0,10.0,10.0,0.0,2.3978952727983707,0.0,0.0,0.0,0.0,2377.0,2377.0,2377.0,0.0,0.0,0.0,0.9999999957930163,0.9999999957930163,0.9999999957930163,2377.0,2377.0,0.0,1,0,True,False,False,False,False,False,False,False,False,False,False,False,False,True,False,False,False,False
2026-05-26,Andhra Pradesh,SPSR Nellore,Rapur,Paddy(Common),Common,Local,2370.0,2410.0,2380.0,2384.0,1,5,22,42.0,571.4,147.4857142857143,0.0,0,1.8,39.7,29.6,62.0,34.650000000000006,0.9,-3.1857142857142864,0,0,1,2320.0,0,0,0,0,40.0,3.713572066704308,2385.0,2370.0,2400.0,30.0,3.4339872044851463,0.0004194630854888293,0.0,-0.0041493775761436615,2390.0,2390.0,2392.0,2392.0,2370.0,2370.0,2410.0,2410.0,40.0,40.0,5.773502691896188,3.713572066704308,-0.0025104602405420073,-0.0025104602405420073,-0.003344481591369224,-0.003344481591369224,2390.0,2391.0,2401.0,1.1547005384362272,1.3008872711241626,10.382345758459945,0.9974895355753575,0.9970723504932146,0.9929196126908804,2390.0,2401.0,-10.0,1,0,False,False,False,False,False,False,False,True,False,False,False,False,False,False,False,False,False,True
2026-05-27,Andhra Pradesh,Kakinada,Jaggampet,Paddy(Common),,,2369.0,2379.0,2379.0,2377.0,2,5,22,475.4,42.0,146.4857142857143,-0.9264963248162408,0,0.1,36.4,27.1,62.0,31.75,2.7,-1.3857142857142861,0,0,1,2320.0,0,0,0,0,10.0,2.3978952727983707,2377.0,2369.0,2379.0,10.0,2.3978952727983707,0.0,0.0,0.0,2377.0,2377.0,2377.0,2377.0,2369.0,2369.0,2379.0,2379.0,10.0,10.0,0.0,2.3978952727983707,0.0,0.0,0.0,0.0,2377.0,2377.0,2377.0,0.0,0.0,0.0,0.9999999957930163,0.9999999957930163,0.9999999957930163,2377.0,2377.0,0.0,1,0,True,False,False,False,False,False,False,False,False,False,False,False,False,True,False,False,False,False
2026-05-27,Andhra Pradesh,SPSR Nellore,Rapur,Paddy(Common),Common,Local,2370.0,2400.0,2385.0,2385.0,2,5,22,475.4,42.0,146.4857142857143,-0.9264963248162408,0,0.1,36.4,27.1,62.0,31.75,2.7,-1.3857142857142861,0,0,1,2320.0,0,0,0,0,30.0,3.4339872044851463,2385.0,2370.0,2400.0,30.0,3.4339872044851463,0.0,0.0,0.0,2384.0,2390.0,2388.0,2392.0,2370.0,2370.0,2410.0,2408.5714285714284,40.0,38.57142857142857,3.779644730092163,3.713572066704308,0.0004194630854888293,-0.0020920502004516724,-0.0012562814017743659,-0.002926421392448071,2388.8571428571427,2390.4285714285716,2400.2,2.267786838085651,2.243427518960726,10.742760192411366,0.9983853564234556,0.9977290342532101,0.9936671902605316,2388.8571428571427,2400.2,-9.77142857142826,1,0,False,False,False,False,False,False,False,True,False,False,False,False,False,False,False,False,False,True
2026-05-28,Andhra Pradesh,Kakinada,Jaggampet,Paddy(Common),,,2369.0,2379.0,2379.0,2377.0,3,5,22,50.0,475.4,202.68571428571428,10.319047619047618,0,5.2,38.3,29.3,62.0,33.8,2.3,-1.7857142857142865,0,0,1,2320.0,0,0,0,0,10.0,2.3978952727983707,2377.0,2369.0,2379.0,10.0,2.3978952727983707,0.0,0.0,0.0,2377.0,2377.0,2377.0,2377.0,2369.0,2369.0,2379.0,2379.0,10.0,10.0,0.0,2.3978952727983707,0.0,0.0,0.0,0.0,2377.0,2377.0,2377.0,0.0,0.0,0.0,0.9999999957930163,0.9999999957930163,0.9999999957930163,2377.0,2377.0,0.0,1,0,True,False,False,False,False,False,False,False,False,False,False,False,False,True,False,False,False,False
2026-05-28,Andhra Pradesh,SPSR Nellore,Rapur,Paddy(Common),,,2370.0,2400.0,2385.0,2385.0,3,5,22,50.0,475.4,202.68571428571428,10.319047619047618,0,5.2,38.3,29.3,62.0,33.8,2.3,-1.7857142857142865,0,0,1,2320.0,0,0,0,0,30.0,3.4339872044851463,2385.0,2370.0,2400.0,30.0,3.4339872044851463,0.0,0.0,0.0,2385.0,2390.0,2390.0,2392.0,2370.0,2370.0,2400.0,2408.5714285714284,30.0,38.57142857142857,3.779644730092163,3.4339872044851463,0.0,-0.0020920502004516724,-0.0020920502004516724,-0.002926421392448071,2388.4285714285716,2389.9285714285716,2399.5666666666666,2.699206232553116,2.615465415661389,11.066206194543973,0.9985645032657744,0.9979377704141997,0.9939294553436198,2388.4285714285716,2399.5666666666666,-9.638095238095048,1,0,False,False,False,False,False,False,False,True,False,False,False,False,False,False,False,False,False,True
2026-05-29,Andhra Pradesh,Kakinada,Jaggampet,Paddy(Common),,,2369.0,2379.0,2379.0,2377.0,4,5,22,20.0,50.0,168.68571428571428,-0.8948254101809003,0,0.0,37.4,27.1,64.0,32.25,7.5,3.4142857142857137,0,0,1,2320.0,0,0,0,0,10.0,2.3978952727983707,2377.0,2369.0,2379.0,10.0,2.3978952727983707,0.0,0.0,0.0,2377.0,2377.0,2377.0,2377.0,2369.0,2369.0,2379.0,2379.0,10.0,10.0,0.0,2.3978952727983707,0.0,0.0,0.0,0.0,2377.0,2377.0,2377.0,0.0,0.0,0.0,0.9999999957930163,0.9999999957930163,0.9999999957930163,2377.0,2377.0,0.0,1,0,True,False,False,False,False,False,False,False,False,False,False,False,False,True,False,False,False,False
2026-05-29,Andhra Pradesh,SPSR Nellore,Rapur,Paddy(Common),,,2370.0,2400.0,2385.0,2385.0,4,5,22,20.0,50.0,168.68571428571428,-0.8948254101809003,0,0.0,37.4,27.1,64.0,32.25,7.5,3.4142857142857137,0,0,1,2320.0,0,0,0,0,30.0,3.4339872044851463,2385.0,2370.0,2400.0,30.0,3.4339872044851463,0.0,0.0,0.0,2385.0,2384.0,2390.0,2392.0,2370.0,2370.0,2400.0,2407.1428571428573,30.0,37.142857142857146,4.87950036474258,3.4339872044851463,0.0,0.0004194630854888293,-0.0020920502004516724,-0.002926421392448071,2387.714285714286,2389.4285714285716,2398.9333333333334,2.870208222104738,2.8477868792713124,11.343943647215346,0.9988632242479103,0.9981465939333813,0.9941918589059364,2387.714285714286,2398.9333333333334,-9.504761904761835,1,0,False,False,False,False,False,False,False,True,False,False,False,False,False,False,False,False,False,True
2026-05-30,Andhra Pradesh,Kakinada,Jaggampet,Paddy(Common),,,2369.0,2379.0,2379.0,2377.0,5,5,22,196.2,20.0,165.54285714285714,-0.6,0,0.0,35.5,28.6,68.0,32.05,7.1,3.0142857142857133,0,0,1,2320.0,0,0,0,0,10.0,2.3978952727983707,2377.0,2369.0,2379.0,10.0,2.3978952727983707,0.0,0.0,0.0,2377.0,2377.0,2377.0,2377.0,2369.0,2369.0,2379.0,2379.0,10.0,10.0,0.0,2.3978952727983707,0.0,0.0,0.0,0.0,2377.0,2377.0,2377.0,0.0,0.0,0.0,0.9999999957930163,0.9999999957930163,0.9999999957930163,2377.0,2377.0,0.0,1,0,True,False,False,False,False,False,False,False,False,False,False,False,False,True,False,False,False,False
2026-05-30,Andhra Pradesh,SPSR Nellore,Rapur,Paddy(Common),,,2370.0,2400.0,2385.0,2385.0,5,5,22,196.2,20.0,165.54285714285714,-0.6,0,0.0,35.5,28.6,68.0,32.05,7.1,3.0142857142857133,0,0,1,2320.0,0,0,0,0,30.0,3.4339872044851463,2385.0,2370.0,2400.0,30.0,3.4339872044851463,0.0,0.0,0.0,2385.0,2385.0,2390.0,2392.0,2370.0,2370.0,2400.0,2405.714285714286,30.0,35.714285714285715,5.345224838248409,3.4339872044851463,0.0,0.0,-0.0020920502004516724,-0.002926421392448071,2387.0,2388.9285714285716,2397.9,2.8284271247719746,2.9733246275032204,11.145897652620485,0.9991621240085373,0.998355504865607,0.9946202886082809,2387.0,2397.9,-8.971428571428532,1,0,False,False,False,False,False,False,False,True,False,False,False,False,False,False,False,False,False,True
2026-05-31,Andhra Pradesh,Kakinada,Jaggampet,Paddy(Common),,,2369.0,2379.0,2379.0,2377.0,6,5,22,3.1,196.2,193.57142857142858,8.809999999999999,1,0.2,36.8,28.3,70.0,32.55,7.1,3.0142857142857133,0,0,1,2320.0,0,0,0,0,10.0,2.3978952727983707,2377.0,2369.0,2379.0,10.0,2.3978952727983707,0.0,0.0,0.0,2377.0,2377.0,2377.0,2377.0,2369.0,2369.0,2379.0,2379.0,10.0,10.0,0.0,2.3978952727983707,0.0,0.0,0.0,0.0,2377.0,2377.0,2377.0,0.0,0.0,0.0,0.9999999957930163,0.9999999957930163,0.9999999957930163,2377.0,2377.0,0.0,1,0,True,False,False,False,False,False,False,False,False,False,False,False,False,True,False,False,False,False
2026-05-31,Andhra Pradesh,SPSR Nellore,Rapur,Paddy(Common),,,2370.0,2400.0,2385.0,2385.0,6,5,22,3.1,196.2,193.57142857142858,8.809999999999999,1,0.2,36.8,28.3,70.0,32.55,7.1,3.0142857142857133,0,0,1,2320.0,0,0,0,0,30.0,3.4339872044851463,2385.0,2370.0,2400.0,30.0,3.4339872044851463,0.0,0.0,0.0,2385.0,2385.0,2390.0,2392.0,2370.0,2370.0,2400.0,2404.285714285714,30.0,34.285714285714285,5.345224838248409,3.4339872044851463,0.0,0.0,-0.0020920502004516724,-0.002926421392448071,2386.285714285714,2388.4285714285716,2397.0,2.563479777875819,3.005489483066444,11.057841655083376,0.9994612027081965,0.9985645032657744,0.9949937380267261,2386.285714285714,2397.0,-8.571428571428442,1,0,False,False,False,False,False,False,False,True,False,False,False,False,False,False,False,False,False,True
2026-06-01,Andhra Pradesh,Kakinada,Jaggampet,Paddy(Common),,,2369.0,2379.0,2379.0,2377.0,0,6,23,28.8,3.1,194.0142857142857,-0.9841997961264016,0,0.0,35.2,26.4,74.0,30.8,7.3,0.7857142857142856,0,0,1,2320.0,1,0,0,0,10.0,2.3978952727983707,2377.0,2369.0,2379.0,10.0,2.3978952727983707,0.0,0.0,0.0,2377.0,2377.0,2377.0,2377.0,2369.0,2369.0,2379.0,2379.0,10.0,10.0,0.0,2.3978952727983707,0.0,0.0,0.0,0.0,2377.0,2377.0,2377.0,0.0,0.0,0.0,0.9999999957930163,0.9999999957930163,0.9999999957930163,2377.0,2377.0,0.0,0,1,True,False,False,False,False,False,False,False,False,False,False,False,False,True,False,False,False,False
2026-06-01,Andhra Pradesh,SPSR Nellore,Rapur,Paddy(Common),,,2370.0,2400.0,2385.0,2385.0,0,6,23,28.8,3.1,194.0142857142857,-0.9841997961264016,0,0.0,35.2,26.4,74.0,30.8,7.3,0.7857142857142856,0,0,1,2320.0,1,0,0,0,30.0,3.4339872044851463,2385.0,2370.0,2400.0,30.0,3.4339872044851463,0.0,0.0,0.0,2385.0,2385.0,2390.0,2392.0,2370.0,2370.0,2400.0,2402.8571428571427,30.0,32.857142857142854,4.8795003647425785,3.4339872044851463,0.0,0.0,-0.0020920502004516724,-0.002926421392448071,2385.5714285714284,2387.9285714285716,2396.1,1.9880595948145803,2.947340018841965,10.892420648604132,0.9997604605076212,0.9987735891888275,0.9953674679881162,2385.5714285714284,2396.1,-8.17142857142835,0,1,False,False,False,False,False,False,False,True,False,False,False,False,False,False,False,False,False,True
2026-06-02,Andhra Pradesh,Kakinada,Jaggampet,Paddy(Common),,,2369.0,2379.0,2379.0,2377.0,1,6,23,47.3,28.8,116.5,8.290322580645162,0,2.0,35.8,27.8,77.0,31.799999999999997,7.3,0.7857142857142856,0,0,1,2320.0,1,0,0,0,10.0,2.3978952727983707,2377.0,2369.0,2379.0,10.0,2.3978952727983707,0.0,0.0,0.0,2377.0,2377.0,2377.0,2377.0,2369.0,2369.0,2379.0,2379.0,10.0,10.0,0.0,2.3978952727983707,0.0,0.0,0.0,0.0,2377.0,2377.0,2377.0,0.0,0.0,0.0,0.9999999957930163,0.9999999957930163,0.9999999957930163,2377.0,2377.0,0.0,0,1,True,False,False,False,False,False,False,False,False,False,False,False,False,True,False,False,False,False
2026-06-02,Andhra Pradesh,SPSR Nellore,Rapur,Paddy(Common),,,2370.0,2400.0,2385.0,2385.0,1,6,23,47.3,28.8,116.5,8.290322580645162,0,2.0,35.8,27.8,77.0,31.799999999999997,7.3,0.7857142857142856,0,0,1,2320.0,1,0,0,0,30.0,3.4339872044851463,2385.0,2370.0,2400.0,30.0,3.4339872044851463,0.0,0.0,0.0,2385.0,2385.0,2384.0,2392.0,2370.0,2370.0,2400.0,2401.4285714285716,30.0,31.428571428571427,3.7796447300921585,3.4339872044851463,0.0,0.0,0.0004194630854888293,-0.002926421392448071,2384.8571428571427,2387.4285714285716,2395.2,0.3779644732167622,2.7932414507253434,10.64602888566494,1.0000598975677373,0.9989827626897562,0.9957414788086946,2384.8571428571427,2395.2,-7.77142857142826,0,1,False,False,False,False,False,False,False,True,False,False,False,False,False,False,False,False,False,True
2026-06-03,Andhra Pradesh,Kakinada,Jaggampet,Paddy(Common),,,2369.0,2379.0,2379.0,2377.0,2,6,23,28.3,47.3,117.25714285714285,0.6423611111111109,0,0.0,37.1,27.1,72.0,32.1,7.5,0.9857142857142858,0,0,1,2320.0,1,0,0,0,10.0,2.3978952727983707,2377.0,2369.0,2379.0,10.0,2.3978952727983707,0.0,0.0,0.0,2377.0,2377.0,2377.0,2377.0,2369.0,2369.0,2379.0,2379.0,10.0,10.0,0.0,2.3978952727983707,0.0,0.0,0.0,0.0,2377.0,2377.0,2377.0,0.0,0.0,0.0,0.9999999957930163,0.9999999957930163,0.9999999957930163,2377.0,2377.0,0.0,0,1,True,False,False,False,False,False,False,False,False,False,False,False,False,True,False,False,False,False
2026-06-03,Andhra Pradesh,SPSR Nellore,Rapur,Paddy(Common),,,2370.0,2400.0,2385.0,2385.0,2,6,23,28.3,47.3,117.25714285714285,0.6423611111111109,0,0.0,37.1,27.1,72.0,32.1,7.5,0.9857142857142858,0,0,1,2320.0,1,0,0,0,30.0,3.4339872044851463,2385.0,2370.0,2400.0,30.0,3.4339872044851463,0.0,0.0,0.0,2385.0,2385.0,2385.0,2388.0,2370.0,2370.0,2400.0,2400.0,30.0,30.0,0.0,3.4339872044851463,0.0,0.0,0.0,-0.0012562814017743659,2385.0,2386.9285714285716,2394.3,0.0,2.525692158393689,10.312864413620558,0.9999999958071278,0.9991920238235962,0.9961157708051798,2385.0,2394.3,-7.371428571428623,0,1,False,False,False,False,False,False,False,True,False,False,False,False,False,False,False,False,False,True
2026-06-04,Andhra Pradesh,Kakinada,Jaggampet,Paddy(Common),,,2369.0,2379.0,2379.0,2377.0,3,6,23,44.2,28.3,53.385714285714286,-0.40169133192389006,0,2.7,37.2,29.2,64.0,33.2,7.4,0.8857142857142861,0,0,1,2320.0,1,0,0,0,10.0,2.3978952727983707,2377.0,2369.0,2379.0,10.0,2.3978952727983707,0.0,0.0,0.0,2377.0,2377.0,2377.0,2377.0,2369.0,2369.0,2379.0,2379.0,10.0,10.0,0.0,2.3978952727983707,0.0,0.0,0.0,0.0,2377.0,2377.0,2377.0,0.0,0.0,0.0,0.9999999957930163,0.9999999957930163,0.9999999957930163,2377.0,2377.0,0.0,0,1,True,False,False,False,False,False,False,False,False,False,False,False,False,True,False,False,False,False
2026-06-04,Andhra Pradesh,SPSR Nellore,Rapur,Paddy(Common),,,2370.0,2400.0,2385.0,2385.0,3,6,23,44.2,28.3,53.385714285714286,-0.40169133192389006,0,2.7,37.2,29.2,64.0,33.2,7.4,0.8857142857142861,0,0,1,2320.0,1,0,0,0,30.0,3.4339872044851463,2385.0,2370.0,2400.0,30.0,3.4339872044851463,0.0,0.0,0.0,2385.0,2385.0,2385.0,2390.0,2370.0,2370.0,2400.0,2400.0,30.0,30.0,0.0,3.4339872044851463,0.0,0.0,0.0,-0.0020920502004516724,2385.0,2386.714285714286,2393.4,0.0,2.5548918817285053,9.884156601555075,0.9999999958071278,0.9992817340067204,0.9964903442947673,2385.0,2393.4,-6.685714285714312,0,1,False,False,False,False,False,False,False,True,False,False,False,False,False,False,False,False,False,True
2026-06-05,Andhra Pradesh,Kakinada,Jaggampet,Paddy(Common),,,2369.0,2379.0,2379.0,2377.0,4,6,23,340.8,44.2,52.55714285714286,0.5618374558303887,0,0.1,36.9,28.3,63.0,32.6,4.9,-1.6142857142857139,0,0,1,2320.0,1,0,0,0,10.0,2.3978952727983707,2377.0,2369.0,2379.0,10.0,2.3978952727983707,0.0,0.0,0.0,2377.0,2377.0,2377.0,2377.0,2369.0,2369.0,2379.0,2379.0,10.0,10.0,0.0,2.3978952727983707,0.0,0.0,0.0,0.0,2377.0,2377.0,2377.0,0.0,0.0,0.0,0.9999999957930163,0.9999999957930163,0.9999999957930163,2377.0,2377.0,0.0,0,1,True,False,False,False,False,False,False,False,False,False,False,False,False,True,False,False,False,False
2026-06-05,Andhra Pradesh,SPSR Nellore,Rapur,Paddy(Common),,,2370.0,2400.0,2385.0,2385.0,4,6,23,340.8,44.2,52.55714285714286,0.5618374558303887,0,0.1,36.9,28.3,63.0,32.6,4.9,-1.6142857142857139,0,0,1,2320.0,1,0,0,0,30.0,3.4339872044851463,2385.0,2370.0,2400.0,30.0,3.4339872044851463,0.0,0.0,0.0,2385.0,2385.0,2385.0,2390.0,2370.0,2370.0,2400.0,2400.0,30.0,30.0,0.0,3.4339872044851463,0.0,0.0,0.0,-0.0020920502004516724,2385.0,2386.3571428571427,2392.5,0.0,2.405351177180313,9.346767835216761,0.9999999958071278,0.9994312867813948,0.9968651995951296,2385.0,2392.5,-6.142857142857338,0,1,False,False,False,False,False,False,False,True,False,False,False,False,False,False,False,False,False,True
2026-06-06,Andhra Pradesh,Kakinada,Jaggampet,Paddy(Common),,,2369.0,2379.0,2379.0,2377.0,5,6,23,163.7,340.8,98.38571428571429,6.710407239819005,0,1.2,37.4,28.5,66.0,32.95,5.0,-1.5142857142857142,0,0,1,2320.0,1,0,0,0,10.0,2.3978952727983707,2377.0,2369.0,2379.0,10.0,2.3978952727983707,0.0,0.0,0.0,2377.0,2377.0,2377.0,2377.0,2369.0,2369.0,2379.0,2379.0,10.0,10.0,0.0,2.3978952727983707,0.0,0.0,0.0,0.0,2377.0,2377.0,2377.0,0.0,0.0,0.0,0.9999999957930163,0.9999999957930163,0.9999999957930163,2377.0,2377.0,0.0,0,1,True,False,False,False,False,False,False,False,False,False,False,False,False,True,False,False,False,False
2026-06-06,Andhra Pradesh,SPSR Nellore,Rapur,Paddy(Common),,,2370.0,2400.0,2385.0,2385.0,5,6,23,163.7,340.8,98.38571428571429,6.710407239819005,0,1.2,37.4,28.5,66.0,32.95,5.0,-1.5142857142857142,0,0,1,2320.0,1,0,0,0,30.0,3.4339872044851463,2385.0,2370.0,2400.0,30.0,3.4339872044851463,0.0,0.0,0.0,2385.0,2385.0,2385.0,2390.0,2370.0,2370.0,2400.0,2400.0,30.0,30.0,0.0,3.4339872044851463,0.0,0.0,0.0,-0.0020920502004516724,2385.0,2386.0,2391.6,0.0,2.183856856361711,8.680537088098582,0.9999999958071278,0.999580884326987,0.9972403370244174,2385.0,2391.6,-5.599999999999909,0,1,False,False,False,False,False,False,False,True,False,False,False,False,False,False,False,False,False,True
2026-06-07,Andhra Pradesh,Kakinada,Jaggampet,Paddy(Common),,,2369.0,2379.0,2379.0,2377.0,6,6,23,1.1,163.7,93.74285714285715,-0.5196596244131456,1,2.0,37.8,29.4,67.0,33.599999999999994,6.2,-0.31428571428571406,0,0,1,2320.0,1,0,0,0,10.0,2.3978952727983707,2377.0,2369.0,2379.0,10.0,2.3978952727983707,0.0,0.0,0.0,2377.0,2377.0,2377.0,2377.0,2369.0,2369.0,2379.0,2379.0,10.0,10.0,0.0,2.3978952727983707,0.0,0.0,0.0,0.0,2377.0,2377.0,2377.0,0.0,0.0,0.0,0.9999999957930163,0.9999999957930163,0.9999999957930163,2377.0,2377.0,0.0,0,1,True,False,False,False,False,False,False,False,False,False,False,False,False,True,False,False,False,False
2026-06-07,Andhra Pradesh,SPSR Nellore,Rapur,Paddy(Common),,,2370.0,2400.0,2385.0,2385.0,6,6,23,1.1,163.7,93.74285714285715,-0.5196596244131456,1,2.0,37.8,29.4,67.0,33.599999999999994,6.2,-0.31428571428571406,0,0,1,2320.0,1,0,0,0,30.0,3.4339872044851463,2385.0,2370.0,2400.0,30.0,3.4339872044851463,0.0,0.0,0.0,2385.0,2385.0,2385.0,2390.0,2370.0,2370.0,2400.0,2400.0,30.0,30.0,0.0,3.4339872044851463,0.0,0.0,0.0,-0.0020920502004516724,2385.0,2385.6428571428573,2390.7,0.0,1.8649455696797794,7.852739473667907,0.9999999958071278,0.9997305266636043,0.99761575690126,2385.0,2390.7,-5.05714285714248,0,1,False,False,False,False,False,False,False,True,False,False,False,False,False,False,False,False,False,True
2026-06-08,Andhra Pradesh,Kakinada,Jaggampet,Paddy(Common),,,2369.0,2379.0,2379.0,2377.0,0,6,24,407.6,1.1,93.45714285714284,-0.9932803909590715,0,5.0,35.4,26.7,66.0,31.049999999999997,8.0,-8.428571428571427,0,0,1,2320.0,1,0,0,0,10.0,2.3978952727983707,2377.0,2369.0,2379.0,10.0,2.3978952727983707,0.0,0.0,0.0,2377.0,2377.0,2377.0,2377.0,2369.0,2369.0,2379.0,2379.0,10.0,10.0,0.0,2.3978952727983707,0.0,0.0,0.0,0.0,2377.0,2377.0,2377.0,0.0,0.0,0.0,0.9999999957930163,0.9999999957930163,0.9999999957930163,2377.0,2377.0,0.0,0,1,True,False,False,False,False,False,False,False,False,False,False,False,False,True,False,False,False,False
2026-06-08,Andhra Pradesh,SPSR Nellore,Rapur,Paddy(Common),,,2370.0,2400.0,2385.0,2385.0,0,6,24,407.6,1.1,93.45714285714284,-0.9932803909590715,0,5.0,35.4,26.7,66.0,31.049999999999997,8.0,-8.428571428571427,0,0,1,2320.0,1,0,0,0,30.0,3.4339872044851463,2385.0,2370.0,2400.0,30.0,3.4339872044851463,0.0,0.0,0.0,2385.0,2385.0,2385.0,2390.0,2370.0,2370.0,2400.0,2400.0,30.0,30.0,0.0,3.4339872044851463,0.0,0.0,0.0,-0.0020920502004516724,2385.0,2385.285714285714,2389.8,0.0,1.3827826698123074,6.804663715113603,0.9999999958071278,0.9998802138113664,0.9979914595447673,2385.0,2389.8,-4.514285714285961,0,1,False,False,False,False,False,False,False,True,False,False,False,False,False,False,False,False,False,True
2026-06-09,Andhra Pradesh,Kakinada,Jaggampet,Paddy(Common),,,2369.0,2379.0,2379.0,2377.0,1,6,24,445.1,407.6,147.57142857142858,369.54545454545456,0,1.1,36.2,28.1,60.0,32.150000000000006,13.0,-3.428571428571427,0,0,1,2320.0,1,0,0,0,10.0,2.3978952727983707,2377.0,2369.0,2379.0,10.0,2.3978952727983707,0.0,0.0,0.0,2377.0,2377.0,2377.0,2377.0,2369.0,2369.0,2379.0,2379.0,10.0,10.0,0.0,2.3978952727983707,0.0,0.0,0.0,0.0,2377.0,2377.0,2377.0,0.0,0.0,0.0,0.9999999957930163,0.9999999957930163,0.9999999957930163,2377.0,2377.0,0.0,0,1,True,False,False,False,False,False,False,False,False,False,False,False,False,True,False,False,False,False
2026-06-09,Andhra Pradesh,SPSR Nellore,Rapur,Paddy(Common),,,2370.0,2400.0,2385.0,2385.0,1,6,24,445.1,407.6,147.57142857142858,369.54545454545456,0,1.1,36.2,28.1,60.0,32.150000000000006,13.0,-3.428571428571427,0,0,1,2320.0,1,0,0,0,30.0,3.4339872044851463,2385.0,2370.0,2400.0,30.0,3.4339872044851463,0.0,0.0,0.0,2385.0,2385.0,2385.0,2384.0,2370.0,2370.0,2400.0,2400.0,30.0,30.0,0.0,3.4339872044851463,0.0,0.0,0.0,0.0004194630854888293,2385.0,2384.9285714285716,2388.9,0.0,0.2672612416209822,5.40976129245086,0.9999999958071278,1.000029945790404,0.9983674452745303,2385.0,2388.9,-3.9714285714285325,0,1,False,False,False,False,False,False,False,True,False,False,False,False,False,False,False,False,False,True
2026-06-10,Andhra Pradesh,Kakinada,Jaggampet,Paddy(Common),,,2369.0,2379.0,2379.0,2377.0,2,6,24,451.7,445.1,204.4,0.09200196270853778,0,3.0,38.3,27.7,64.0,33.0,12.1,-4.328571428571427,0,0,1,2320.0,1,0,0,0,10.0,2.3978952727983707,2377.0,2369.0,2379.0,10.0,2.3978952727983707,0.0,0.0,0.0,2377.0,2377.0,2377.0,2377.0,2369.0,2369.0,2379.0,2379.0,10.0,10.0,0.0,2.3978952727983707,0.0,0.0,0.0,0.0,2377.0,2377.0,2377.0,0.0,0.0,0.0,0.9999999957930163,0.9999999957930163,0.9999999957930163,2377.0,2377.0,0.0,0,1,True,False,False,False,False,False,False,False,False,False,False,False,False,True,False,False,False,False
2026-06-10,Andhra Pradesh,NTR,Mylavaram,Paddy(Common),1001,FAQ,2369.0,2369.0,2369.0,2369.0,2,6,24,451.7,445.1,204.4,0.09200196270853778,0,3.0,38.3,27.7,64.0,33.0,12.1,-4.328571428571427,0,0,1,2320.0,1,0,0,0,0.0,0.0,2369.0,2369.0,2369.0,0.0,0.0,0.0,0.0,0.0,2369.0,2369.0,2369.0,2369.0,2369.0,2369.0,2369.0,2369.0,0.0,0.0,0.0,0.0,0.0,0.0,0.0,0.0,2369.0,2369.0,2369.0,0.0,0.0,0.0,0.9999999957788096,0.9999999957788096,0.9999999957788096,2369.0,2369.0,0.0,0,1,False,False,False,True,False,False,False,False,False,False,False,False,False,False,False,True,False,False
2026-06-10,Andhra Pradesh,SPSR Nellore,Rapur,Paddy(Common),,,2370.0,2400.0,2385.0,2385.0,2,6,24,451.7,445.1,204.4,0.09200196270853778,0,3.0,38.3,27.7,64.0,33.0,12.1,-4.328571428571427,0,0,1,2320.0,1,0,0,0,30.0,3.4339872044851463,2385.0,2370.0,2400.0,30.0,3.4339872044851463,0.0,0.0,0.0,2385.0,2385.0,2385.0,2385.0,2370.0,2370.0,2400.0,2400.0,30.0,30.0,0.0,3.4339872044851463,0.0,0.0,0.0,0.0,2385.0,2385.0,2388.0,0.0,0.0,3.248341752009786,0.9999999958071278,0.9999999958071278,0.9987437144106209,2385.0,2388.0,-3.0,0,1,False,False,False,False,False,False,False,True,False,False,False,False,False,False,False,False,False,True
2026-06-11,Andhra Pradesh,Kakinada,Jaggampet,Paddy(Common),,,2369.0,2379.0,2379.0,2377.0,3,6,24,311.5,451.7,264.8857142857143,0.014828128510447014,0,0.8,34.6,27.1,72.0,30.85,15.1,-1.3285714285714274,0,0,1,2320.0,1,0,0,0,10.0,2.3978952727983707,2377.0,2369.0,2379.0,10.0,2.3978952727983707,0.0,0.0,0.0,2377.0,2377.0,2377.0,2377.0,2369.0,2369.0,2379.0,2379.0,10.0,10.0,0.0,2.3978952727983707,0.0,0.0,0.0,0.0,2377.0,2377.0,2377.0,0.0,0.0,0.0,0.9999999957930163,0.9999999957930163,0.9999999957930163,2377.0,2377.0,0.0,0,1,True,False,False,False,False,False,False,False,False,False,False,False,False,True,False,False,False,False
2026-06-11,Andhra Pradesh,NTR,Mylavaram,Paddy(Common),1001,FAQ,2369.0,2369.0,2369.0,2369.0,3,6,24,311.5,451.7,264.8857142857143,0.014828128510447014,0,0.8,34.6,27.1,72.0,30.85,15.1,-1.3285714285714274,0,0,1,2320.0,1,0,0,0,0.0,0.0,2369.0,2369.0,2369.0,0.0,0.0,0.0,0.0,0.0,2369.0,2369.0,2369.0,2369.0,2369.0,2369.0,2369.0,2369.0,0.0,0.0,0.0,0.0,0.0,0.0,0.0,0.0,2369.0,2369.0,2369.0,0.0,0.0,0.0,0.9999999957788096,0.9999999957788096,0.9999999957788096,2369.0,2369.0,0.0,0,1,False,False,False,True,False,False,False,False,False,False,False,False,False,False,False,True,False,False
2026-06-11,Andhra Pradesh,Eluru,Polavaram,Paddy(Common),1001,Local,2389.0,2389.0,2389.0,2389.0,3,6,24,311.5,451.7,264.8857142857143,0.014828128510447014,0,0.8,34.6,27.1,72.0,30.85,15.1,-1.3285714285714274,0,0,1,2320.0,1,0,0,0,0.0,0.0,2389.0,2389.0,2389.0,0.0,0.0,0.0,0.0,0.0,2389.0,2380.0,2369.0,2369.0,2389.0,2379.4285714285716,2389.0,2379.4285714285716,0.0,0.0,0.0,0.0,0.0,0.003781512589153308,0.00844238071573499,0.00844238071573499,2379.4285714285716,2374.214285714286,2374.214285714286,8.182443458551017,7.757661933941168,7.757661933941168,1.004022570228051,1.0062276199382691,1.0062276199382691,2379.4285714285716,2374.214285714286,0.0,0,1,False,False,False,False,False,True,False,False,False,False,False,False,True,False,False,False,False,False
2026-06-11,Andhra Pradesh,SPSR Nellore,Rapur,Paddy(Common),,,2370.0,2400.0,2385.0,2385.0,3,6,24,311.5,451.7,264.8857142857143,0.014828128510447014,0,0.8,34.6,27.1,72.0,30.85,15.1,-1.3285714285714274,0,0,1,2320.0,1,0,0,0,30.0,3.4339872044851463,2385.0,2370.0,2400.0,30.0,3.4339872044851463,0.0,0.0,0.0,2385.0,2385.0,2385.0,2385.0,2370.0,2370.0,2400.0,2400.0,30.0,30.0,0.0,3.4339872044851463,0.0,0.0,0.0,0.0,2385.0,2385.0,2387.766666666667,0.0,0.0,3.2021903423164146,0.9999999958071278,0.9999999958071278,0.9988413119700081,2385.0,2387.766666666667,-2.766666666666879,0,1,False,False,False,False,False,False,False,True,False,False,False,False,False,False,False,False,False,True
2026-06-12,Andhra Pradesh,Kakinada,Jaggampet,Paddy(Common),,,2369.0,2379.0,2379.0,2377.0,4,6,24,483.5,311.5,303.07142857142856,-0.3103829975647554,0,12.7,34.9,25.7,70.0,30.299999999999997,13.2,-3.2285714285714278,0,0,1,2320.0,1,0,0,0,10.0,2.3978952727983707,2377.0,2369.0,2379.0,10.0,2.3978952727983707,0.0,0.0,0.0,2377.0,2377.0,2377.0,2377.0,2369.0,2369.0,2379.0,2379.0,10.0,10.0,0.0,2.3978952727983707,0.0,0.0,0.0,0.0,2377.0,2377.0,2377.0,0.0,0.0,0.0,0.9999999957930163,0.9999999957930163,0.9999999957930163,2377.0,2377.0,0.0,0,1,True,False,False,False,False,False,False,False,False,False,False,False,False,True,False,False,False,False
2026-06-12,Andhra Pradesh,NTR,Mylavaram,Paddy(Common),1001,FAQ,2369.0,2369.0,2369.0,2369.0,4,6,24,483.5,311.5,303.07142857142856,-0.3103829975647554,0,12.7,34.9,25.7,70.0,30.299999999999997,13.2,-3.2285714285714278,0,0,1,2320.0,1,0,0,0,0.0,0.0,2369.0,2369.0,2369.0,0.0,0.0,0.0,0.0,0.0,2369.0,2369.0,2369.0,2369.0,2369.0,2369.0,2369.0,2369.0,0.0,0.0,0.0,0.0,0.0,0.0,0.0,0.0,2369.0,2369.0,2369.0,0.0,0.0,0.0,0.9999999957788096,0.9999999957788096,0.9999999957788096,2369.0,2369.0,0.0,0,1,False,False,False,True,False,False,False,False,False,False,False,False,False,False,False,True,False,False
2026-06-12,Andhra Pradesh,Eluru,Polavaram,Paddy(Common),1001,Local,2389.0,2389.0,2389.0,2389.0,4,6,24,483.5,311.5,303.07142857142856,-0.3103829975647554,0,12.7,34.9,25.7,70.0,30.299999999999997,13.2,-3.2285714285714278,0,0,1,2320.0,1,0,0,0,0.0,0.0,2389.0,2389.0,2389.0,0.0,0.0,0.0,0.0,0.0,2389.0,2389.0,2369.0,2369.0,2389.0,2382.285714285714,2389.0,2382.285714285714,0.0,0.0,0.0,0.0,0.0,0.0,0.00844238071573499,0.00844238071573499,2382.285714285714,2375.6428571428573,2375.2,7.387247699342092,8.526945010306637,8.393875318179589,1.0028184174743768,1.005622534027266,1.0058100328148787,2382.285714285714,2375.2,0.44285714285751965,0,1,False,False,False,False,False,True,False,False,False,False,False,False,True,False,False,False,False,False
2026-06-12,Andhra Pradesh,SPSR Nellore,Rapur,Paddy(Common),,,2370.0,2400.0,2385.0,2385.0,4,6,24,483.5,311.5,303.07142857142856,-0.3103829975647554,0,12.7,34.9,25.7,70.0,30.299999999999997,13.2,-3.2285714285714278,0,0,1,2320.0,1,0,0,0,30.0,3.4339872044851463,2385.0,2370.0,2400.0,30.0,3.4339872044851463,0.0,0.0,0.0,2385.0,2385.0,2385.0,2385.0,2370.0,2370.0,2400.0,2400.0,30.0,30.0,0.0,3.4339872044851463,0.0,0.0,0.0,0.0,2385.0,2385.0,2387.5333333333333,0.0,0.0,3.137463650919028,0.9999999958071278,0.9999999958071278,0.99893892860579,2385.0,2387.5333333333333,-2.533333333333303,0,1,False,False,False,False,False,False,False,True,False,False,False,False,False,False,False,False,False,True
2026-06-12,Andhra Pradesh,NTR,Tiruvuru,Paddy(Common),Sona,Local,2450.0,2450.0,2450.0,2450.0,4,6,24,483.5,311.5,303.07142857142856,-0.3103829975647554,0,12.7,34.9,25.7,70.0,30.299999999999997,13.2,-3.2285714285714278,0,0,1,2320.0,1,0,0,0,0.0,0.0,2450.0,2450.0,2450.0,0.0,0.0,0.0,0.0,0.0,2450.0,2400.0,2400.0,2250.0,2450.0,2414.285714285714,2450.0,2414.285714285714,0.0,0.0,0.0,0.0,0.0,0.020833333246527776,0.020833333246527776,0.08888888849382716,2414.285714285714,2378.5714285714284,2378.5714285714284,24.39750182371362,72.62730392025628,72.62730392025628,1.0147928952049998,1.0300300256995734,1.0300300256995734,2414.285714285714,2378.5714285714284,0.0,0,1,False,False,False,False,False,False,False,False,True,False,False,False,False,False,False,True,False,False
2026-06-13,Andhra Pradesh,Kakinada,Jaggampet,Paddy(Common),,,2369.0,2379.0,2379.0,2377.0,5,6,24,48.4,483.5,323.45714285714286,0.552166934189406,0,3.2,32.1,26.0,76.0,29.05,25.799999999999997,9.37142857142857,0,0,1,2320.0,1,0,0,0,10.0,2.3978952727983707,2377.0,2369.0,2379.0,10.0,2.3978952727983707,0.0,0.0,0.0,2377.0,2377.0,2377.0,2377.0,2369.0,2369.0,2379.0,2379.0,10.0,10.0,0.0,2.3978952727983707,0.0,0.0,0.0,0.0,2377.0,2377.0,2377.0,0.0,0.0,0.0,0.9999999957930163,0.9999999957930163,0.9999999957930163,2377.0,2377.0,0.0,0,1,True,False,False,False,False,False,False,False,False,False,False,False,False,True,False,False,False,False
2026-06-13,Andhra Pradesh,East Godavari,Kovvur,Paddy(Common),,,2400.0,2400.0,2400.0,2400.0,5,6,24,48.4,483.5,323.45714285714286,0.552166934189406,0,3.2,32.1,26.0,76.0,29.05,25.799999999999997,9.37142857142857,0,0,1,2320.0,1,0,0,0,0.0,0.0,2400.0,2400.0,2400.0,0.0,0.0,0.0,0.0,0.0,2400.0,2400.0,2400.0,2400.0,2400.0,2400.0,2400.0,2400.0,0.0,0.0,0.0,0.0,0.0,0.0,0.0,0.0,2400.0,2400.0,2400.0,0.0,0.0,0.0,0.9999999958333333,0.9999999958333333,0.9999999958333333,2400.0,2400.0,0.0,0,1,False,True,False,False,False,False,False,False,False,False,False,True,False,False,False,False,False,False
2026-06-13,Andhra Pradesh,NTR,Mylavaram,Paddy(Common),,,2369.0,2369.0,2369.0,2369.0,5,6,24,48.4,483.5,323.45714285714286,0.552166934189406,0,3.2,32.1,26.0,76.0,29.05,25.799999999999997,9.37142857142857,0,0,1,2320.0,1,0,0,0,0.0,0.0,2369.0,2369.0,2369.0,0.0,0.0,0.0,0.0,0.0,2369.0,2369.0,2369.0,2369.0,2369.0,2369.0,2369.0,2369.0,0.0,0.0,0.0,0.0,0.0,0.0,0.0,0.0,2369.0,2369.0,2369.0,0.0,0.0,0.0,0.9999999957788096,0.9999999957788096,0.9999999957788096,2369.0,2369.0,0.0,0,1,False,False,False,True,False,False,False,False,False,False,False,False,False,False,False,True,False,False
2026-06-13,Andhra Pradesh,NTR,Nandigama,Paddy(Common),,,1810.0,1810.0,1810.0,1810.0,5,6,24,48.4,483.5,323.45714285714286,0.552166934189406,0,3.2,32.1,26.0,76.0,29.05,25.799999999999997,9.37142857142857,0,0,1,2320.0,1,0,0,0,0.0,0.0,1850.0,1850.0,1850.0,0.0,0.0,0.022099447391715762,0.022099447391715762,0.022099447391715762,1810.0,1820.0,1820.0,1800.0,1810.0,1817.142857142857,1810.0,1817.142857142857,0.0,0.0,0.0,0.0,0.0,-0.0054945054643159045,-0.0054945054643159045,0.005555555524691358,1817.142857142857,1812.857142857143,1812.857142857143,4.879500364742615,9.13873533463374,9.13873533463374,0.9960691769084243,0.9984239503633037,0.9984239503633037,1817.142857142857,1812.857142857143,0.0,0,1,False,False,False,False,True,False,False,False,False,False,False,False,False,False,False,True,False,False
2026-06-13,Andhra Pradesh,Eluru,Polavaram,Paddy(Common),,,2389.0,2389.0,2389.0,2389.0,5,6,24,48.4,483.5,323.45714285714286,0.552166934189406,0,3.2,32.1,26.0,76.0,29.05,25.799999999999997,9.37142857142857,0,0,1,2320.0,1,0,0,0,0.0,0.0,2389.0,2389.0,2389.0,0.0,0.0,0.0,0.0,0.0,2389.0,2389.0,2380.0,2369.0,2389.0,2385.1428571428573,2389.0,2385.1428571428573,0.0,0.0,0.0,0.0,0.0,0.0,0.003781512589153308,0.00844238071573499,2385.1428571428573,2377.0714285714284,2376.0625,4.810702354424605,8.991143383389161,8.812632977720204,1.0016171496098945,1.0050181754048335,1.0054449282986244,2385.1428571428573,2376.0625,1.0089285714284415,0,1,False,False,False,False,False,True,False,False,False,False,False,False,True,False,False,False,False,False
2026-06-13,Andhra Pradesh,SPSR Nellore,Rapur,Paddy(Common),,,2370.0,2400.0,2385.0,2385.0,5,6,24,48.4,483.5,323.45714285714286,0.552166934189406,0,3.2,32.1,26.0,76.0,29.05,25.799999999999997,9.37142857142857,0,0,1,2320.0,1,0,0,0,30.0,3.4339872044851463,2385.0,2370.0,2400.0,30.0,3.4339872044851463,0.0,0.0,0.0,2385.0,2385.0,2385.0,2385.0,2370.0,2370.0,2400.0,2400.0,30.0,30.0,0.0,3.4339872044851463,0.0,0.0,0.0,0.0,2385.0,2385.0,2387.3,0.0,0.0,3.0529804544233086,0.9999999958071278,0.9999999958071278,0.9990365643235597,2385.0,2387.3,-2.300000000000182,0,1,False,False,False,False,False,False,False,True,False,False,False,False,False,False,False,False,False,True
2026-06-13,Andhra Pradesh,NTR,Tiruvuru,Paddy(Common),,,2450.0,2450.0,2450.0,2450.0,5,6,24,48.4,483.5,323.45714285714286,0.552166934189406,0,3.2,32.1,26.0,76.0,29.05,25.799999999999997,9.37142857142857,0,0,1,2320.0,1,0,0,0,0.0,0.0,2450.0,2450.0,2450.0,0.0,0.0,0.0,0.0,0.0,2450.0,2400.0,2400.0,2250.0,2450.0,2421.4285714285716,2450.0,2421.4285714285716,0.0,0.0,0.0,0.0,0.0,0.020833333246527776,0.020833333246527776,0.08888888849382716,2421.4285714285716,2392.8571428571427,2383.3333333333335,26.72612419124276,64.62061726588645,72.3746864455746,1.0117994058509758,1.0238805927360215,1.0279720236588585,2421.4285714285716,2383.3333333333335,9.523809523809177,0,1,False,False,False,False,False,False,False,False,True,False,False,False,False,False,False,True,False,False
2026-06-14,Andhra Pradesh,Kakinada,Jaggampet,Paddy(Common),,,2369.0,2379.0,2379.0,2377.0,6,6,24,34.300000000000004,48.4,306.9857142857143,-0.8998965873836609,1,0.1,34.3,27.6,68.0,30.95,27.8,11.371428571428574,0,0,1,2320.0,1,0,0,0,10.0,2.3978952727983707,2377.0,2369.0,2379.0,10.0,2.3978952727983707,0.0,0.0,0.0,2377.0,2377.0,2377.0,2377.0,2369.0,2369.0,2379.0,2379.0,10.0,10.0,0.0,2.3978952727983707,0.0,0.0,0.0,0.0,2377.0,2377.0,2377.0,0.0,0.0,0.0,0.9999999957930163,0.9999999957930163,0.9999999957930163,2377.0,2377.0,0.0,0,1,True,False,False,False,False,False,False,False,False,False,False,False,False,True,False,False,False,False
2026-06-14,Andhra Pradesh,East Godavari,Kovvur,Paddy(Common),,,2400.0,2400.0,2400.0,2400.0,6,6,24,34.300000000000004,48.4,306.9857142857143,-0.8998965873836609,1,0.1,34.3,27.6,68.0,30.95,27.8,11.371428571428574,0,0,1,2320.0,1,0,0,0,0.0,0.0,2400.0,2400.0,2400.0,0.0,0.0,0.0,0.0,0.0,2400.0,2400.0,2400.0,2400.0,2400.0,2400.0,2400.0,2400.0,0.0,0.0,0.0,0.0,0.0,0.0,0.0,0.0,2400.0,2400.0,2400.0,0.0,0.0,0.0,0.9999999958333333,0.9999999958333333,0.9999999958333333,2400.0,2400.0,0.0,0,1,False,True,False,False,False,False,False,False,False,False,False,True,False,False,False,False,False,False
2026-06-14,Andhra Pradesh,NTR,Mylavaram,Paddy(Common),,,2369.0,2369.0,2369.0,2369.0,6,6,24,34.300000000000004,48.4,306.9857142857143,-0.8998965873836609,1,0.1,34.3,27.6,68.0,30.95,27.8,11.371428571428574,0,0,1,2320.0,1,0,0,0,0.0,0.0,2369.0,2369.0,2369.0,0.0,0.0,0.0,0.0,0.0,2369.0,2369.0,2369.0,2369.0,2369.0,2369.0,2369.0,2369.0,0.0,0.0,0.0,0.0,0.0,0.0,0.0,0.0,2369.0,2369.0,2369.0,0.0,0.0,0.0,0.9999999957788096,0.9999999957788096,0.9999999957788096,2369.0,2369.0,0.0,0,1,False,False,False,True,False,False,False,False,False,False,False,False,False,False,False,True,False,False
2026-06-14,Andhra Pradesh,NTR,Nandigama,Paddy(Common),B P T,Grade Range-1,1850.0,1850.0,1850.0,1850.0,6,6,24,34.300000000000004,48.4,306.9857142857143,-0.8998965873836609,1,0.1,34.3,27.6,68.0,30.95,27.8,11.371428571428574,0,0,1,2320.0,1,0,0,0,0.0,0.0,1820.0,1820.0,1820.0,0.0,0.0,-0.016216216128560994,-0.016216216128560994,-0.016216216128560994,1810.0,1820.0,1810.0,1800.0,1810.0,1815.7142857142858,1810.0,1815.7142857142858,0.0,0.0,0.0,0.0,0.022099447391715762,0.016483516392947713,0.022099447391715762,0.02777777762345679,1815.7142857142858,1813.5714285714287,1812.6666666666667,5.345224838248522,8.418973861410937,8.837151016885356,1.0188827638613853,1.0200866426619877,1.0205958016517334,1815.7142857142858,1812.6666666666667,0.9047619047619264,0,1,False,False,False,False,True,False,False,False,False,False,False,False,False,False,False,True,False,False
2026-06-14,Andhra Pradesh,Eluru,Polavaram,Paddy(Common),,,2389.0,2389.0,2389.0,2389.0,6,6,24,34.300000000000004,48.4,306.9857142857143,-0.8998965873836609,1,0.1,34.3,27.6,68.0,30.95,27.8,11.371428571428574,0,0,1,2320.0,1,0,0,0,0.0,0.0,2389.0,2389.0,2389.0,0.0,0.0,0.0,0.0,0.0,2389.0,2389.0,2380.0,2369.0,2389.0,2386.4285714285716,2389.0,2386.4285714285716,0.0,0.0,0.0,0.0,0.0,0.0,0.003781512589153308,0.00844238071573499,2386.4285714285716,2378.5,2376.823529411765,4.391550328269572,9.196571267430487,9.091447176588957,1.0010775175052122,1.0044145427605022,1.0051229973055755,2386.4285714285716,2376.823529411765,1.6764705882351336,0,1,False,False,False,False,False,True,False,False,False,False,False,False,True,False,False,False,False,False
2026-06-14,Andhra Pradesh,SPSR Nellore,Rapur,Paddy(Common),,,2370.0,2400.0,2385.0,2385.0,6,6,24,34.300000000000004,48.4,306.9857142857143,-0.8998965873836609,1,0.1,34.3,27.6,68.0,30.95,27.8,11.371428571428574,0,0,1,2320.0,1,0,0,0,30.0,3.4339872044851463,2385.0,2370.0,2400.0,30.0,3.4339872044851463,0.0,0.0,0.0,2385.0,2385.0,2385.0,2385.0,2370.0,2370.0,2400.0,2400.0,30.0,30.0,0.0,3.4339872044851463,0.0,0.0,0.0,0.0,2385.0,2385.0,2387.0666666666666,0.0,0.0,2.947042156329344,0.9999999958071278,0.9999999958071278,0.9991342191289132,2385.0,2387.0666666666666,-2.066666666666606,0,1,False,False,False,False,False,False,False,True,False,False,False,False,False,False,False,False,False,True
2026-06-14,Andhra Pradesh,NTR,Tiruvuru,Paddy(Common),,,2450.0,2450.0,2450.0,2450.0,6,6,24,34.300000000000004,48.4,306.9857142857143,-0.8998965873836609,1,0.1,34.3,27.6,68.0,30.95,27.8,11.371428571428574,0,0,1,2320.0,1,0,0,0,0.0,0.0,2450.0,2450.0,2450.0,0.0,0.0,0.0,0.0,0.0,2450.0,2450.0,2400.0,2250.0,2450.0,2428.5714285714284,2450.0,2428.5714285714284,0.0,0.0,0.0,0.0,0.0,0.0,0.020833333246527776,0.08888888849382716,2428.5714285714284,2407.1428571428573,2387.5,26.72612419124289,51.35525910130965,71.87952884282612,1.0088235252577855,1.017804150074404,1.0261780061730763,2428.5714285714284,2387.5,19.642857142857338,0,1,False,False,False,False,False,False,False,False,True,False,False,False,False,False,False,True,False,False
2026-06-15,Andhra Pradesh,Kakinada,Jaggampet,Paddy(Common),,,2369.0,2379.0,2379.0,2377.0,0,6,25,757.2,34.300000000000004,311.7285714285714,-0.29132231404958664,0,0.4,36.8,28.1,66.0,32.45,25.9,6.628571428571426,0,0,1,2320.0,1,0,0,0,10.0,2.3978952727983707,2377.0,2369.0,2379.0,10.0,2.3978952727983707,0.0,0.0,0.0,2377.0,2377.0,2377.0,2377.0,2369.0,2369.0,2379.0,2379.0,10.0,10.0,0.0,2.3978952727983707,0.0,0.0,0.0,0.0,2377.0,2377.0,2377.0,0.0,0.0,0.0,0.9999999957930163,0.9999999957930163,0.9999999957930163,2377.0,2377.0,0.0,0,1,True,False,False,False,False,False,False,False,False,False,False,False,False,True,False,False,False,False
2026-06-15,Andhra Pradesh,East Godavari,Kovvur,Paddy(Common),,,2400.0,2400.0,2400.0,2400.0,0,6,25,757.2,34.300000000000004,311.7285714285714,-0.29132231404958664,0,0.4,36.8,28.1,66.0,32.45,25.9,6.628571428571426,0,0,1,2320.0,1,0,0,0,0.0,0.0,2400.0,2400.0,2400.0,0.0,0.0,0.0,0.0,0.0,2400.0,2400.0,2400.0,2400.0,2400.0,2400.0,2400.0,2400.0,0.0,0.0,0.0,0.0,0.0,0.0,0.0,0.0,2400.0,2400.0,2400.0,0.0,0.0,0.0,0.9999999958333333,0.9999999958333333,0.9999999958333333,2400.0,2400.0,0.0,0,1,False,True,False,False,False,False,False,False,False,False,False,True,False,False,False,False,False,False
2026-06-15,Andhra Pradesh,Bapatla,Kuchinapudi,Paddy(Common),B P T,Local,2400.0,2500.0,2450.0,2450.0,0,6,25,757.2,34.300000000000004,311.7285714285714,-0.29132231404958664,0,0.4,36.8,28.1,66.0,32.45,25.9,6.628571428571426,0,0,1,2320.0,1,0,0,0,100.0,4.61512051684126,2450.0,2400.0,2500.0,100.0,4.61512051684126,0.0,0.0,0.0,2450.0,2450.0,2450.0,2450.0,2400.0,2400.0,2500.0,2500.0,100.0,100.0,0.0,4.61512051684126,0.0,0.0,0.0,0.0,2450.0,2450.0,2450.0,0.0,0.0,0.0,0.9999999959183673,0.9999999959183673,0.9999999959183673,2450.0,2450.0,0.0,0,1,False,False,True,False,False,False,False,False,False,False,True,False,False,False,False,False,False,False
2026-06-15,Andhra Pradesh,NTR,Mylavaram,Paddy(Common),1001,FAQ,2369.0,2369.0,2369.0,2369.0,0,6,25,757.2,34.300000000000004,311.7285714285714,-0.29132231404958664,0,0.4,36.8,28.1,66.0,32.45,25.9,6.628571428571426,0,0,1,2320.0,1,0,0,0,0.0,0.0,2369.0,2369.0,2369.0,0.0,0.0,0.0,0.0,0.0,2369.0,2369.0,2369.0,2369.0,2369.0,2369.0,2369.0,2369.0,0.0,0.0,0.0,0.0,0.0,0.0,0.0,0.0,2369.0,2369.0,2369.0,0.0,0.0,0.0,0.9999999957788096,0.9999999957788096,0.9999999957788096,2369.0,2369.0,0.0,0,1,False,False,False,True,False,False,False,False,False,False,False,False,False,False,False,True,False,False
2026-06-15,Andhra Pradesh,NTR,Nandigama,Paddy(Common),B P T,Grade Range-1,1820.0,1820.0,1820.0,1820.0,0,6,25,757.2,34.300000000000004,311.7285714285714,-0.29132231404958664,0,0.4,36.8,28.1,66.0,32.45,25.9,6.628571428571426,0,0,1,2320.0,1,0,0,0,0.0,0.0,1830.0,1830.0,1830.0,0.0,0.0,0.0054945054643159045,0.0054945054643159045,0.0054945054643159045,1850.0,1810.0,1820.0,1800.0,1850.0,1821.4285714285713,1850.0,1821.4285714285713,0.0,0.0,0.0,0.0,-0.016216216128560994,0.0055248618479289404,0.0,0.011111111049382717,1821.4285714285713,1817.142857142857,1815.0,13.45185418269085,12.043875831929906,12.649110640673502,0.9992156807886199,1.0015723215322279,1.0027548154118193,1821.4285714285713,1815.0,2.1428571428571104,0,1,False,False,False,False,True,False,False,False,False,False,False,False,False,False,False,True,False,False
2026-06-15,Andhra Pradesh,Eluru,Polavaram,Paddy(Common),1001,Local,2389.0,2389.0,2389.0,2389.0,0,6,25,757.2,34.300000000000004,311.7285714285714,-0.29132231404958664,0,0.4,36.8,28.1,66.0,32.45,25.9,6.628571428571426,0,0,1,2320.0,1,0,0,0,0.0,0.0,2389.0,2389.0,2389.0,0.0,0.0,0.0,0.0,0.0,2389.0,2389.0,2380.0,2369.0,2389.0,2387.714285714286,2389.0,2387.714285714286,0.0,0.0,0.0,0.0,0.0,0.0,0.003781512589153308,0.00844238071573499,2387.714285714286,2379.9285714285716,2377.5,3.401680257084719,9.160654038745768,9.275204136012702,1.0005384665527286,1.0038116347869495,1.0048370094433774,2387.714285714286,2377.5,2.4285714285715585,0,1,False,False,False,False,False,True,False,False,False,False,False,False,True,False,False,False,False,False
2026-06-15,Andhra Pradesh,SPSR Nellore,Rapur,Paddy(Common),,,2370.0,2400.0,2385.0,2385.0,0,6,25,757.2,34.300000000000004,311.7285714285714,-0.29132231404958664,0,0.4,36.8,28.1,66.0,32.45,25.9,6.628571428571426,0,0,1,2320.0,1,0,0,0,30.0,3.4339872044851463,2385.0,2370.0,2400.0,30.0,3.4339872044851463,0.0,0.0,0.0,2385.0,2385.0,2385.0,2385.0,2370.0,2370.0,2400.0,2400.0,30.0,30.0,0.0,3.4339872044851463,0.0,0.0,0.0,0.0,2385.0,2385.0,2386.8333333333335,0.0,0.0,2.817229420745287,0.9999999958071278,0.9999999958071278,0.9992318930274481,2385.0,2386.8333333333335,-1.833333333333485,0,1,False,False,False,False,False,False,False,True,False,False,False,False,False,False,False,False,False,True
2026-06-15,Andhra Pradesh,NTR,Tiruvuru,Paddy(Common),Sona,Local,2450.0,2450.0,2450.0,2450.0,0,6,25,757.2,34.300000000000004,311.7285714285714,-0.29132231404958664,0,0.4,36.8,28.1,66.0,32.45,25.9,6.628571428571426,0,0,1,2320.0,1,0,0,0,0.0,0.0,2450.0,2450.0,2450.0,0.0,0.0,0.0,0.0,0.0,2450.0,2450.0,2450.0,2450.0,2450.0,2435.714285714286,2450.0,2435.714285714286,0.0,0.0,0.0,0.0,0.0,0.0,0.0,0.0,2435.714285714286,2421.4285714285716,2391.176470588235,24.39750182371405,25.677629550655105,71.22871199007261,1.0058650985096447,1.0117994058509758,1.024600241717539,2435.714285714286,2391.176470588235,30.252100840336425,0,1,False,False,False,False,False,False,False,False,True,False,False,False,False,False,False,True,False,False
2026-06-16,Andhra Pradesh,Kakinada,Jaggampet,Paddy(Common),,,2369.0,2379.0,2379.0,2377.0,1,6,25,508.09999999999997,757.2,361.6714285714285,21.075801749271136,0,1.0,36.4,27.0,73.0,31.7,21.3,2.0285714285714285,0,0,1,2320.0,1,0,0,0,10.0,2.3978952727983707,2377.0,2369.0,2379.0,10.0,2.3978952727983707,0.0,0.0,0.0,2377.0,2377.0,2377.0,2377.0,2369.0,2369.0,2379.0,2379.0,10.0,10.0,0.0,2.3978952727983707,0.0,0.0,0.0,0.0,2377.0,2377.0,2377.0,0.0,0.0,0.0,0.9999999957930163,0.9999999957930163,0.9999999957930163,2377.0,2377.0,0.0,0,1,True,False,False,False,False,False,False,False,False,False,False,False,False,True,False,False,False,False
2026-06-16,Andhra Pradesh,East Godavari,Kovvur,Paddy(Common),MTU-1010,Grade Range-2,2400.0,2400.0,2400.0,2400.0,1,6,25,508.09999999999997,757.2,361.6714285714285,21.075801749271136,0,1.0,36.4,27.0,73.0,31.7,21.3,2.0285714285714285,0,0,1,2320.0,1,0,0,0,0.0,0.0,2400.0,2400.0,2400.0,0.0,0.0,0.0,0.0,0.0,2400.0,2400.0,2400.0,2400.0,2400.0,2400.0,2400.0,2400.0,0.0,0.0,0.0,0.0,0.0,0.0,0.0,0.0,2400.0,2400.0,2400.0,0.0,0.0,0.0,0.9999999958333333,0.9999999958333333,0.9999999958333333,2400.0,2400.0,0.0,0,1,False,True,False,False,False,False,False,False,False,False,False,True,False,False,False,False,False,False
2026-06-16,Andhra Pradesh,Bapatla,Kuchinapudi,Paddy(Common),B P T,Local,2400.0,2500.0,2450.0,2450.0,1,6,25,508.09999999999997,757.2,361.6714285714285,21.075801749271136,0,1.0,36.4,27.0,73.0,31.7,21.3,2.0285714285714285,0,0,1,2320.0,1,0,0,0,100.0,4.61512051684126,2450.0,2400.0,2500.0,100.0,4.61512051684126,0.0,0.0,0.0,2450.0,2450.0,2450.0,2450.0,2400.0,2400.0,2500.0,2500.0,100.0,100.0,0.0,4.61512051684126,0.0,0.0,0.0,0.0,2450.0,2450.0,2450.0,0.0,0.0,0.0,0.9999999959183673,0.9999999959183673,0.9999999959183673,2450.0,2450.0,0.0,0,1,False,False,True,False,False,False,False,False,False,False,True,False,False,False,False,False,False,False
2026-06-16,Andhra Pradesh,NTR,Mylavaram,Paddy(Common),1001,FAQ,2369.0,2369.0,2369.0,2369.0,1,6,25,508.09999999999997,757.2,361.6714285714285,21.075801749271136,0,1.0,36.4,27.0,73.0,31.7,21.3,2.0285714285714285,0,0,1,2320.0,1,0,0,0,0.0,0.0,2369.0,2369.0,2369.0,0.0,0.0,0.0,0.0,0.0,2369.0,2369.0,2369.0,2369.0,2369.0,2369.0,2369.0,2369.0,0.0,0.0,0.0,0.0,0.0,0.0,0.0,0.0,2369.0,2369.0,2369.0,0.0,0.0,0.0,0.9999999957788096,0.9999999957788096,0.9999999957788096,2369.0,2369.0,0.0,0,1,False,False,False,True,False,False,False,False,False,False,False,False,False,False,False,True,False,False
2026-06-16,Andhra Pradesh,NTR,Nandigama,Paddy(Common),B P T,Grade Range-1,1830.0,1830.0,1830.0,1830.0,1,6,25,508.09999999999997,757.2,361.6714285714285,21.075801749271136,0,1.0,36.4,27.0,73.0,31.7,21.3,2.0285714285714285,0,0,1,2320.0,1,0,0,0,0.0,0.0,1820.0,1820.0,1820.0,0.0,0.0,-0.005464480844456389,-0.005464480844456389,-0.005464480844456389,1820.0,1810.0,1820.0,1800.0,1820.0,1821.4285714285713,1820.0,1821.4285714285713,0.0,0.0,0.0,0.0,0.0054945054643159045,0.011049723695857881,0.0054945054643159045,0.016666666574074073,1821.4285714285713,1818.5714285714287,1815.2941176470588,13.45185418269085,10.994504121565527,12.307338795828032,1.004705876836909,1.0062843621021285,1.0081010961964618,1821.4285714285713,1815.2941176470588,3.2773109243698855,0,1,False,False,False,False,True,False,False,False,False,False,False,False,False,False,False,True,False,False
2026-06-16,Andhra Pradesh,Eluru,Polavaram,Paddy(Common),1001,Local,2389.0,2389.0,2389.0,2389.0,1,6,25,508.09999999999997,757.2,361.6714285714285,21.075801749271136,0,1.0,36.4,27.0,73.0,31.7,21.3,2.0285714285714285,0,0,1,2320.0,1,0,0,0,0.0,0.0,2390.0,2390.0,2390.0,0.0,0.0,0.0004185851803324186,0.0004185851803324186,0.0004185851803324186,2389.0,2389.0,2389.0,2369.0,2389.0,2389.0,2389.0,2389.0,0.0,0.0,0.0,0.0,0.0,0.0,0.0,0.00844238071573499,2389.0,2381.3571428571427,2378.1052631578946,0.0,8.880463803352068,9.392045906818746,0.9999999958141481,1.0032094501799897,1.0045812634810898,2389.0,2378.1052631578946,3.251879699248093,0,1,False,False,False,False,False,True,False,False,False,False,False,False,True,False,False,False,False,False
2026-06-16,Andhra Pradesh,SPSR Nellore,Rapur,Paddy(Common),,,2370.0,2400.0,2385.0,2385.0,1,6,25,508.09999999999997,757.2,361.6714285714285,21.075801749271136,0,1.0,36.4,27.0,73.0,31.7,21.3,2.0285714285714285,0,0,1,2320.0,1,0,0,0,30.0,3.4339872044851463,2385.0,2370.0,2400.0,30.0,3.4339872044851463,0.0,0.0,0.0,2385.0,2385.0,2385.0,2385.0,2370.0,2370.0,2400.0,2400.0,30.0,30.0,0.0,3.4339872044851463,0.0,0.0,0.0,0.0,2385.0,2385.0,2386.6,0.0,0.0,2.6600492606119714,0.9999999958071278,0.9999999958071278,0.999329586024765,2385.0,2386.6,-1.599999999999909,0,1,False,False,False,False,False,False,False,True,False,False,False,False,False,False,False,False,False,True
2026-06-16,Andhra Pradesh,NTR,Tiruvuru,Paddy(Common),Sona,Local,2450.0,2450.0,2450.0,2450.0,1,6,25,508.09999999999997,757.2,361.6714285714285,21.075801749271136,0,1.0,36.4,27.0,73.0,31.7,21.3,2.0285714285714285,0,0,1,2320.0,1,0,0,0,0.0,0.0,2450.0,2450.0,2450.0,0.0,0.0,0.0,0.0,0.0,2450.0,2450.0,2400.0,2400.0,2450.0,2435.714285714286,2450.0,2435.714285714286,0.0,0.0,0.0,0.0,0.0,0.0,0.020833333246527776,0.020833333246527776,2435.714285714286,2421.4285714285716,2394.4444444444443,24.39750182371405,25.677629550655105,70.47921864945666,1.0058650985096447,1.0117994058509758,1.023201851875259,2435.714285714286,2394.4444444444443,26.984126984127215,0,1,False,False,False,False,False,False,False,False,True,False,False,False,False,False,False,True,False,False
2026-06-17,Andhra Pradesh,Kakinada,Jaggampet,Paddy(Common),,,2369.0,2379.0,2379.0,2377.0,2,6,25,77.2,508.09999999999997,370.67142857142863,-0.3289751716851559,0,1.6,37.6,26.3,77.0,31.950000000000003,21.2,1.928571428571427,0,0,1,2320.0,1,0,0,0,10.0,2.3978952727983707,2377.0,2369.0,2379.0,10.0,2.3978952727983707,0.0,0.0,0.0,2377.0,2377.0,2377.0,2377.0,2369.0,2369.0,2379.0,2379.0,10.0,10.0,0.0,2.3978952727983707,0.0,0.0,0.0,0.0,2377.0,2377.0,2377.0,0.0,0.0,0.0,0.9999999957930163,0.9999999957930163,0.9999999957930163,2377.0,2377.0,0.0,0,1,True,False,False,False,False,False,False,False,False,False,False,False,False,True,False,False,False,False
2026-06-17,Andhra Pradesh,East Godavari,Kovvur,Paddy(Common),MTU-1010,Grade Range-2,2400.0,2400.0,2400.0,2400.0,2,6,25,77.2,508.09999999999997,370.67142857142863,-0.3289751716851559,0,1.6,37.6,26.3,77.0,31.950000000000003,21.2,1.928571428571427,0,0,1,2320.0,1,0,0,0,0.0,0.0,2400.0,2400.0,2400.0,0.0,0.0,0.0,0.0,0.0,2400.0,2400.0,2400.0,2400.0,2400.0,2400.0,2400.0,2400.0,0.0,0.0,0.0,0.0,0.0,0.0,0.0,0.0,2400.0,2400.0,2400.0,0.0,0.0,0.0,0.9999999958333333,0.9999999958333333,0.9999999958333333,2400.0,2400.0,0.0,0,1,False,True,False,False,False,False,False,False,False,False,False,True,False,False,False,False,False,False
2026-06-17,Andhra Pradesh,Bapatla,Kuchinapudi,Paddy(Common),,,2400.0,2500.0,2450.0,2450.0,2,6,25,77.2,508.09999999999997,370.67142857142863,-0.3289751716851559,0,1.6,37.6,26.3,77.0,31.950000000000003,21.2,1.928571428571427,0,0,1,2320.0,1,0,0,0,100.0,4.61512051684126,2450.0,2400.0,2500.0,100.0,4.61512051684126,0.0,0.0,0.0,2450.0,2450.0,2450.0,2450.0,2400.0,2400.0,2500.0,2500.0,100.0,100.0,0.0,4.61512051684126,0.0,0.0,0.0,0.0,2450.0,2450.0,2450.0,0.0,0.0,0.0,0.9999999959183673,0.9999999959183673,0.9999999959183673,2450.0,2450.0,0.0,0,1,False,False,True,False,False,False,False,False,False,False,True,False,False,False,False,False,False,False
2026-06-17,Andhra Pradesh,NTR,Mylavaram,Paddy(Common),,,2369.0,2369.0,2369.0,2369.0,2,6,25,77.2,508.09999999999997,370.67142857142863,-0.3289751716851559,0,1.6,37.6,26.3,77.0,31.950000000000003,21.2,1.928571428571427,0,0,1,2320.0,1,0,0,0,0.0,0.0,2369.0,2369.0,2369.0,0.0,0.0,0.0,0.0,0.0,2369.0,2369.0,2369.0,2369.0,2369.0,2369.0,2369.0,2369.0,0.0,0.0,0.0,0.0,0.0,0.0,0.0,0.0,2369.0,2369.0,2369.0,0.0,0.0,0.0,0.9999999957788096,0.9999999957788096,0.9999999957788096,2369.0,2369.0,0.0,0,1,False,False,False,True,False,False,False,False,False,False,False,False,False,False,False,True,False,False
2026-06-17,Andhra Pradesh,NTR,Nandigama,Paddy(Common),B P T,Grade Range-1,1820.0,1820.0,1820.0,1820.0,2,6,25,77.2,508.09999999999997,370.67142857142863,-0.3289751716851559,0,1.6,37.6,26.3,77.0,31.950000000000003,21.2,1.928571428571427,0,0,1,2320.0,1,0,0,0,0.0,0.0,1850.0,1850.0,1850.0,0.0,0.0,0.016483516392947713,0.016483516392947713,0.016483516392947713,1830.0,1850.0,1820.0,1820.0,1830.0,1822.857142857143,1830.0,1822.857142857143,0.0,0.0,0.0,0.0,-0.005464480844456389,-0.016216216128560994,0.0,0.0,1822.857142857143,1820.7142857142858,1816.111111111111,13.801311186846918,9.97248963150881,12.432826042324109,0.998432596403583,0.9996076837997224,1.0021413221050646,1822.857142857143,1816.111111111111,4.603174603174693,0,1,False,False,False,False,True,False,False,False,False,False,False,False,False,False,False,True,False,False
2026-06-17,Andhra Pradesh,Eluru,Polavaram,Paddy(Common),1001,Local,2390.0,2390.0,2390.0,2390.0,2,6,25,77.2,508.09999999999997,370.67142857142863,-0.3289751716851559,0,1.6,37.6,26.3,77.0,31.950000000000003,21.2,1.928571428571427,0,0,1,2320.0,1,0,0,0,0.0,0.0,2390.0,2390.0,2390.0,0.0,0.0,0.0,0.0,0.0,2389.0,2389.0,2389.0,2369.0,2389.0,2389.0,2389.0,2389.0,0.0,0.0,0.0,0.0,0.0004185851803324186,0.0004185851803324186,0.0004185851803324186,0.008864499751521739,2389.0,2382.785714285714,2378.65,0.0,8.331391715199759,9.460583046459076,1.0004185809944806,1.0030276644856297,1.0047716099267583,2389.0,2378.65,4.13571428571413,0,1,False,False,False,False,False,True,False,False,False,False,False,False,True,False,False,False,False,False
2026-06-17,Andhra Pradesh,SPSR Nellore,Rapur,Paddy(Common),,,2370.0,2400.0,2385.0,2385.0,2,6,25,77.2,508.09999999999997,370.67142857142863,-0.3289751716851559,0,1.6,37.6,26.3,77.0,31.950000000000003,21.2,1.928571428571427,0,0,1,2320.0,1,0,0,0,30.0,3.4339872044851463,2385.0,2370.0,2400.0,30.0,3.4339872044851463,0.0,0.0,0.0,2385.0,2385.0,2385.0,2385.0,2370.0,2370.0,2400.0,2400.0,30.0,30.0,0.0,3.4339872044851463,0.0,0.0,0.0,0.0,2385.0,2385.0,2386.366666666667,0.0,0.0,2.470283151885776,0.9999999958071278,0.9999999958071278,0.9994272981264656,2385.0,2386.366666666667,-1.366666666666788,0,1,False,False,False,False,False,False,False,True,False,False,False,False,False,False,False,False,False,True
2026-06-17,Andhra Pradesh,NTR,Tiruvuru,Paddy(Common),Sona,Local,2450.0,2450.0,2450.0,2450.0,2,6,25,77.2,508.09999999999997,370.67142857142863,-0.3289751716851559,0,1.6,37.6,26.3,77.0,31.950000000000003,21.2,1.928571428571427,0,0,1,2320.0,1,0,0,0,0.0,0.0,2450.0,2450.0,2450.0,0.0,0.0,0.0,0.0,0.0,2450.0,2450.0,2400.0,2400.0,2450.0,2442.8571428571427,2450.0,2442.8571428571427,0.0,0.0,0.0,0.0,0.0,0.0,0.020833333246527776,0.020833333246527776,2442.8571428571427,2425.0,2397.3684210526317,18.89822365046269,25.943726083138895,69.6692268479467,1.0029239725026504,1.0103092741842916,1.0219538925538694,2442.8571428571427,2397.3684210526317,27.631578947368325,0,1,False,False,False,False,False,False,False,False,True,False,False,False,False,False,False,True,False,False
2026-06-18,Andhra Pradesh,Kakinada,Jaggampet,Paddy(Common),,,2369.0,2379.0,2379.0,2377.0,3,6,25,251.60000000000002,77.2,317.1714285714285,-0.8480614052351899,0,0.2,33.6,26.1,78.0,29.85,19.799999999999997,0.5285714285714249,0,0,1,2320.0,1,0,0,0,10.0,2.3978952727983707,2377.0,2369.0,2379.0,10.0,2.3978952727983707,0.0,0.0,0.0,2377.0,2377.0,2377.0,2377.0,2369.0,2369.0,2379.0,2379.0,10.0,10.0,0.0,2.3978952727983707,0.0,0.0,0.0,0.0,2377.0,2377.0,2377.0,0.0,0.0,0.0,0.9999999957930163,0.9999999957930163,0.9999999957930163,2377.0,2377.0,0.0,0,1,True,False,False,False,False,False,False,False,False,False,False,False,False,True,False,False,False,False
2026-06-18,Andhra Pradesh,East Godavari,Kovvur,Paddy(Common),MTU-1010,Grade Range-2,2400.0,2400.0,2400.0,2400.0,3,6,25,251.60000000000002,77.2,317.1714285714285,-0.8480614052351899,0,0.2,33.6,26.1,78.0,29.85,19.799999999999997,0.5285714285714249,0,0,1,2320.0,1,0,0,0,0.0,0.0,2400.0,2400.0,2400.0,0.0,0.0,0.0,0.0,0.0,2400.0,2400.0,2400.0,2400.0,2400.0,2400.0,2400.0,2400.0,0.0,0.0,0.0,0.0,0.0,0.0,0.0,0.0,2400.0,2400.0,2400.0,0.0,0.0,0.0,0.9999999958333333,0.9999999958333333,0.9999999958333333,2400.0,2400.0,0.0,0,1,False,True,False,False,False,False,False,False,False,False,False,True,False,False,False,False,False,False
2026-06-18,Andhra Pradesh,Bapatla,Kuchinapudi,Paddy(Common),,,2400.0,2500.0,2450.0,2450.0,3,6,25,251.60000000000002,77.2,317.1714285714285,-0.8480614052351899,0,0.2,33.6,26.1,78.0,29.85,19.799999999999997,0.5285714285714249,0,0,1,2320.0,1,0,0,0,100.0,4.61512051684126,2450.0,2400.0,2500.0,100.0,4.61512051684126,0.0,0.0,0.0,2450.0,2450.0,2450.0,2450.0,2400.0,2400.0,2500.0,2500.0,100.0,100.0,0.0,4.61512051684126,0.0,0.0,0.0,0.0,2450.0,2450.0,2450.0,0.0,0.0,0.0,0.9999999959183673,0.9999999959183673,0.9999999959183673,2450.0,2450.0,0.0,0,1,False,False,True,False,False,False,False,False,False,False,True,False,False,False,False,False,False,False
2026-06-18,Andhra Pradesh,NTR,Mylavaram,Paddy(Common),1001,FAQ,2369.0,2369.0,2369.0,2369.0,3,6,25,251.60000000000002,77.2,317.1714285714285,-0.8480614052351899,0,0.2,33.6,26.1,78.0,29.85,19.799999999999997,0.5285714285714249,0,0,1,2320.0,1,0,0,0,0.0,0.0,2369.0,2369.0,2369.0,0.0,0.0,0.0,0.0,0.0,2369.0,2369.0,2369.0,2369.0,2369.0,2369.0,2369.0,2369.0,0.0,0.0,0.0,0.0,0.0,0.0,0.0,0.0,2369.0,2369.0,2369.0,0.0,0.0,0.0,0.9999999957788096,0.9999999957788096,0.9999999957788096,2369.0,2369.0,0.0,0,1,False,False,False,True,False,False,False,False,False,False,False,False,False,False,False,True,False,False
2026-06-18,Andhra Pradesh,NTR,Nandigama,Paddy(Common),B P T,Grade Range-1,1850.0,1850.0,1850.0,1850.0,3,6,25,251.60000000000002,77.2,317.1714285714285,-0.8480614052351899,0,0.2,33.6,26.1,78.0,29.85,19.799999999999997,0.5285714285714249,0,0,1,2320.0,1,0,0,0,0.0,0.0,1970.0,1970.0,1970.0,0.0,0.0,0.06486486451424398,0.06486486451424398,0.06486486451424398,1820.0,1820.0,1820.0,1820.0,1820.0,1822.857142857143,1820.0,1822.857142857143,0.0,0.0,0.0,0.0,0.016483516392947713,0.016483516392947713,0.016483516392947713,0.016483516392947713,1822.857142857143,1820.7142857142858,1816.3157894736842,13.801311186846918,9.97248963150881,12.115429242540024,1.0148902765640815,1.0160847335326848,1.0185453435663978,1822.857142857143,1816.3157894736842,4.398496240601617,0,1,False,False,False,False,True,False,False,False,False,False,False,False,False,False,False,True,False,False
2026-06-18,Andhra Pradesh,Eluru,Polavaram,Paddy(Common),1001,Local,2390.0,2390.0,2390.0,2390.0,3,6,25,251.60000000000002,77.2,317.1714285714285,-0.8480614052351899,0,0.2,33.6,26.1,78.0,29.85,19.799999999999997,0.5285714285714249,0,0,1,2320.0,1,0,0,0,0.0,0.0,2390.0,2390.0,2390.0,0.0,0.0,0.0,0.0,0.0,2390.0,2389.0,2389.0,2369.0,2390.0,2389.1428571428573,2390.0,2389.1428571428573,0.0,0.0,0.0,0.0,0.0,0.0004185851803324186,0.0004185851803324186,0.008864499751521739,2389.1428571428573,2384.285714285714,2379.190476190476,0.3779644730259827,7.5082372347735955,9.54787435830126,1.0003587616583882,1.0023966404932436,1.0045433578657386,2389.1428571428573,2379.190476190476,5.095238095238074,0,1,False,False,False,False,False,True,False,False,False,False,False,False,True,False,False,False,False,False
2026-06-18,Andhra Pradesh,SPSR Nellore,Rapur,Paddy(Common),,,2370.0,2400.0,2385.0,2385.0,3,6,25,251.60000000000002,77.2,317.1714285714285,-0.8480614052351899,0,0.2,33.6,26.1,78.0,29.85,19.799999999999997,0.5285714285714249,0,0,1,2320.0,1,0,0,0,30.0,3.4339872044851463,2385.0,2370.0,2400.0,30.0,3.4339872044851463,0.0,0.0,0.0,2385.0,2385.0,2385.0,2385.0,2370.0,2370.0,2400.0,2400.0,30.0,30.0,0.0,3.4339872044851463,0.0,0.0,0.0,0.0,2385.0,2385.0,2386.133333333333,0.0,0.0,2.239663357278999,0.9999999958071278,0.9999999958071278,0.999525029338155,2385.0,2386.133333333333,-1.133333333333212,0,1,False,False,False,False,False,False,False,True,False,False,False,False,False,False,False,False,False,True
2026-06-18,Andhra Pradesh,NTR,Tiruvuru,Paddy(Common),,,2450.0,2450.0,2450.0,2450.0,3,6,25,251.60000000000002,77.2,317.1714285714285,-0.8480614052351899,0,0.2,33.6,26.1,78.0,29.85,19.799999999999997,0.5285714285714249,0,0,1,2320.0,1,0,0,0,0.0,0.0,2450.0,2450.0,2450.0,0.0,0.0,0.0,0.0,0.0,2450.0,2450.0,2450.0,2400.0,2450.0,2450.0,2450.0,2450.0,0.0,0.0,0.0,0.0,0.0,0.0,0.0,0.020833333246527776,2450.0,2428.5714285714284,2400.0,0.0,25.677629550655105,68.82472016116863,0.9999999959183673,1.0088235252577855,1.020833329079861,2450.0,2400.0,28.57142857142844,0,1,False,False,False,False,False,False,False,False,True,False,False,False,False,False,False,True,False,False
2026-06-19,Andhra Pradesh,Kakinada,Jaggampet,Paddy(Common),,,2369.0,2379.0,2379.0,2377.0,4,6,25,429.0,251.60000000000002,308.61428571428576,2.2590673575129534,0,8.7,34.7,26.4,75.0,30.55,19.200000000000003,-0.0714285714285694,0,0,1,2320.0,1,0,0,0,10.0,2.3978952727983707,2377.0,2369.0,2379.0,10.0,2.3978952727983707,0.0,0.0,0.0,2377.0,2377.0,2377.0,2377.0,2369.0,2369.0,2379.0,2379.0,10.0,10.0,0.0,2.3978952727983707,0.0,0.0,0.0,0.0,2377.0,2377.0,2377.0,0.0,0.0,0.0,0.9999999957930163,0.9999999957930163,0.9999999957930163,2377.0,2377.0,0.0,0,1,True,False,False,False,False,False,False,False,False,False,False,False,False,True,False,False,False,False
2026-06-19,Andhra Pradesh,East Godavari,Kovvur,Paddy(Common),MTU-1010,Grade Range-2,2400.0,2400.0,2400.0,2400.0,4,6,25,429.0,251.60000000000002,308.61428571428576,2.2590673575129534,0,8.7,34.7,26.4,75.0,30.55,19.200000000000003,-0.0714285714285694,0,0,1,2320.0,1,0,0,0,0.0,0.0,2400.0,2400.0,2400.0,0.0,0.0,0.0,0.0,0.0,2400.0,2400.0,2400.0,2400.0,2400.0,2400.0,2400.0,2400.0,0.0,0.0,0.0,0.0,0.0,0.0,0.0,0.0,2400.0,2400.0,2400.0,0.0,0.0,0.0,0.9999999958333333,0.9999999958333333,0.9999999958333333,2400.0,2400.0,0.0,0,1,False,True,False,False,False,False,False,False,False,False,False,True,False,False,False,False,False,False
2026-06-19,Andhra Pradesh,Bapatla,Kuchinapudi,Paddy(Common),B P T,Local,2400.0,2500.0,2450.0,2450.0,4,6,25,429.0,251.60000000000002,308.61428571428576,2.2590673575129534,0,8.7,34.7,26.4,75.0,30.55,19.200000000000003,-0.0714285714285694,0,0,1,2320.0,1,0,0,0,100.0,4.61512051684126,2450.0,2400.0,2500.0,100.0,4.61512051684126,0.0,0.0,0.0,2450.0,2450.0,2450.0,2450.0,2400.0,2400.0,2500.0,2500.0,100.0,100.0,0.0,4.61512051684126,0.0,0.0,0.0,0.0,2450.0,2450.0,2450.0,0.0,0.0,0.0,0.9999999959183673,0.9999999959183673,0.9999999959183673,2450.0,2450.0,0.0,0,1,False,False,True,False,False,False,False,False,False,False,True,False,False,False,False,False,False,False
2026-06-19,Andhra Pradesh,NTR,Mylavaram,Paddy(Common),,,2369.0,2369.0,2369.0,2369.0,4,6,25,429.0,251.60000000000002,308.61428571428576,2.2590673575129534,0,8.7,34.7,26.4,75.0,30.55,19.200000000000003,-0.0714285714285694,0,0,1,2320.0,1,0,0,0,0.0,0.0,2369.0,2369.0,2369.0,0.0,0.0,0.0,0.0,0.0,2369.0,2369.0,2369.0,2369.0,2369.0,2369.0,2369.0,2369.0,0.0,0.0,0.0,0.0,0.0,0.0,0.0,0.0,2369.0,2369.0,2369.0,0.0,0.0,0.0,0.9999999957788096,0.9999999957788096,0.9999999957788096,2369.0,2369.0,0.0,0,1,False,False,False,True,False,False,False,False,False,False,False,False,False,False,False,True,False,False
2026-06-19,Andhra Pradesh,NTR,Nandigama,Paddy(Common),B P T,Grade Range-1,1970.0,1970.0,1970.0,1970.0,4,6,25,429.0,251.60000000000002,308.61428571428576,2.2590673575129534,0,8.7,34.7,26.4,75.0,30.55,19.200000000000003,-0.0714285714285694,0,0,1,2320.0,1,0,0,0,0.0,0.0,1920.0,1920.0,1920.0,0.0,0.0,-0.025380710531062382,-0.025380710531062382,-0.025380710531062382,1850.0,1830.0,1810.0,1820.0,1850.0,1827.142857142857,1850.0,1827.142857142857,0.0,0.0,0.0,0.0,0.06486486451424398,0.07650273182238944,0.08839778956686305,0.08241758196473856,1827.142857142857,1822.857142857143,1818.0,17.043362064926693,12.666473875533109,13.992479182911454,1.0781860769763076,1.080720997206076,1.0836083548756417,1827.142857142857,1818.0,4.85714285714289,0,1,False,False,False,False,True,False,False,False,False,False,False,False,False,False,False,True,False,False
2026-06-19,Andhra Pradesh,Eluru,Polavaram,Paddy(Common),1001,Local,2390.0,2390.0,2390.0,2390.0,4,6,25,429.0,251.60000000000002,308.61428571428576,2.2590673575129534,0,8.7,34.7,26.4,75.0,30.55,19.200000000000003,-0.0714285714285694,0,0,1,2320.0,1,0,0,0,0.0,0.0,2390.0,2390.0,2390.0,0.0,0.0,0.0,0.0,0.0,2390.0,2389.0,2389.0,2369.0,2390.0,2389.285714285714,2390.0,2389.285714285714,0.0,0.0,0.0,0.0,0.0,0.0004185851803324186,0.0004185851803324186,0.008864499751521739,2389.285714285714,2385.785714285714,2379.681818181818,0.48795003648728413,6.203951240058929,9.59854335990816,1.0002989494755798,1.001766409980321,1.0043359459638626,2389.285714285714,2379.681818181818,6.103896103896204,0,1,False,False,False,False,False,True,False,False,False,False,False,False,True,False,False,False,False,False
2026-06-19,Andhra Pradesh,SPSR Nellore,Rapur,Paddy(Common),,,2370.0,2400.0,2385.0,2385.0,4,6,25,429.0,251.60000000000002,308.61428571428576,2.2590673575129534,0,8.7,34.7,26.4,75.0,30.55,19.200000000000003,-0.0714285714285694,0,0,1,2320.0,1,0,0,0,30.0,3.4339872044851463,2385.0,2370.0,2400.0,30.0,3.4339872044851463,0.0,0.0,0.0,2385.0,2385.0,2385.0,2385.0,2370.0,2370.0,2400.0,2400.0,30.0,30.0,0.0,3.4339872044851463,0.0,0.0,0.0,0.0,2385.0,2385.0,2385.9,0.0,0.0,1.9537761845270099,0.9999999958071278,0.9999999958071278,0.9996227796654394,2385.0,2385.9,-0.900000000000091,0,1,False,False,False,False,False,False,False,True,False,False,False,False,False,False,False,False,False,True
2026-06-19,Andhra Pradesh,NTR,Tiruvuru,Paddy(Common),Sona,Local,2450.0,2450.0,2450.0,2450.0,4,6,25,429.0,251.60000000000002,308.61428571428576,2.2590673575129534,0,8.7,34.7,26.4,75.0,30.55,19.200000000000003,-0.0714285714285694,0,0,1,2320.0,1,0,0,0,0.0,0.0,2450.0,2450.0,2450.0,0.0,0.0,0.0,0.0,0.0,2450.0,2450.0,2450.0,2400.0,2450.0,2450.0,2450.0,2450.0,0.0,0.0,0.0,0.0,0.0,0.0,0.0,0.020833333246527776,2450.0,2432.1428571428573,2402.3809523809523,0.0,24.862257904942656,67.9635756787975,0.9999999959183673,1.007342139764232,1.019821601305004,2450.0,2402.3809523809523,29.761904761905043,0,1,False,False,False,False,False,False,False,False,True,False,False,False,False,False,False,True,False,False
2026-06-20,Andhra Pradesh,Kakinada,Jaggampet,Paddy(Common),,,2369.0,2379.0,2379.0,2377.0,5,6,25,179.6,429.0,300.8285714285715,0.7050874403815579,0,0.3,35.5,27.1,74.0,31.3,15.2,-4.071428571428573,0,0,1,2320.0,1,0,0,0,10.0,2.3978952727983707,2377.0,2369.0,2379.0,10.0,2.3978952727983707,0.0,0.0,0.0,2377.0,2377.0,2377.0,2377.0,2369.0,2369.0,2379.0,2379.0,10.0,10.0,0.0,2.3978952727983707,0.0,0.0,0.0,0.0,2377.0,2377.0,2377.0,0.0,0.0,0.0,0.9999999957930163,0.9999999957930163,0.9999999957930163,2377.0,2377.0,0.0,0,1,True,False,False,False,False,False,False,False,False,False,False,False,False,True,False,False,False,False
2026-06-20,Andhra Pradesh,East Godavari,Kovvur,Paddy(Common),,,2400.0,2400.0,2400.0,2400.0,5,6,25,179.6,429.0,300.8285714285715,0.7050874403815579,0,0.3,35.5,27.1,74.0,31.3,15.2,-4.071428571428573,0,0,1,2320.0,1,0,0,0,0.0,0.0,2400.0,2400.0,2400.0,0.0,0.0,0.0,0.0,0.0,2400.0,2400.0,2400.0,2400.0,2400.0,2400.0,2400.0,2400.0,0.0,0.0,0.0,0.0,0.0,0.0,0.0,0.0,2400.0,2400.0,2400.0,0.0,0.0,0.0,0.9999999958333333,0.9999999958333333,0.9999999958333333,2400.0,2400.0,0.0,0,1,False,True,False,False,False,False,False,False,False,False,False,True,False,False,False,False,False,False
2026-06-20,Andhra Pradesh,Bapatla,Kuchinapudi,Paddy(Common),,,2400.0,2500.0,2450.0,2450.0,5,6,25,179.6,429.0,300.8285714285715,0.7050874403815579,0,0.3,35.5,27.1,74.0,31.3,15.2,-4.071428571428573,0,0,1,2320.0,1,0,0,0,100.0,4.61512051684126,2450.0,2400.0,2500.0,100.0,4.61512051684126,0.0,0.0,0.0,2450.0,2450.0,2450.0,2450.0,2400.0,2400.0,2500.0,2500.0,100.0,100.0,0.0,4.61512051684126,0.0,0.0,0.0,0.0,2450.0,2450.0,2450.0,0.0,0.0,0.0,0.9999999959183673,0.9999999959183673,0.9999999959183673,2450.0,2450.0,0.0,0,1,False,False,True,False,False,False,False,False,False,False,True,False,False,False,False,False,False,False
2026-06-20,Andhra Pradesh,NTR,Mylavaram,Paddy(Common),1001,FAQ,2369.0,2369.0,2369.0,2369.0,5,6,25,179.6,429.0,300.8285714285715,0.7050874403815579,0,0.3,35.5,27.1,74.0,31.3,15.2,-4.071428571428573,0,0,1,2320.0,1,0,0,0,0.0,0.0,2369.0,2369.0,2369.0,0.0,0.0,0.0,0.0,0.0,2369.0,2369.0,2369.0,2369.0,2369.0,2369.0,2369.0,2369.0,0.0,0.0,0.0,0.0,0.0,0.0,0.0,0.0,2369.0,2369.0,2369.0,0.0,0.0,0.0,0.9999999957788096,0.9999999957788096,0.9999999957788096,2369.0,2369.0,0.0,0,1,False,False,False,True,False,False,False,False,False,False,False,False,False,False,False,True,False,False
2026-06-20,Andhra Pradesh,NTR,Nandigama,Paddy(Common),B P T,Grade Range-1,1920.0,1920.0,1920.0,1920.0,5,6,25,179.6,429.0,300.8285714285715,0.7050874403815579,0,0.3,35.5,27.1,74.0,31.3,15.2,-4.071428571428573,0,0,1,2320.0,1,0,0,0,0.0,0.0,1860.0,1860.0,1860.0,0.0,0.0,-0.031249999837239584,-0.031249999837239584,-0.031249999837239584,1970.0,1820.0,1810.0,1820.0,1970.0,1850.0,1970.0,1850.0,0.0,0.0,0.0,0.0,-0.025380710531062382,0.05494505464315904,0.06077348032721834,0.05494505464315904,1850.0,1833.5714285714287,1825.2380952380952,55.07570547286075,41.25104061291494,35.86349782425686,1.0378378322279036,1.0471367297779843,1.0519175522853461,1850.0,1825.2380952380952,8.333333333333485,0,1,False,False,False,False,True,False,False,False,False,False,False,False,False,False,False,True,False,False
2026-06-20,Andhra Pradesh,Eluru,Polavaram,Paddy(Common),1001,Local,2390.0,2390.0,2390.0,2390.0,5,6,25,179.6,429.0,300.8285714285715,0.7050874403815579,0,0.3,35.5,27.1,74.0,31.3,15.2,-4.071428571428573,0,0,1,2320.0,1,0,0,0,0.0,0.0,2390.0,2390.0,2390.0,0.0,0.0,0.0,0.0,0.0,2390.0,2390.0,2389.0,2380.0,2390.0,2389.4285714285716,2390.0,2389.4285714285716,0.0,0.0,0.0,0.0,0.0,0.0,0.0004185851803324186,0.004201680654614787,2389.4285714285716,2387.285714285714,2380.1304347826085,0.5345224838368098,3.9696651947315087,9.621492739156807,1.000239144444772,1.0011369714511646,1.0041466446677434,2389.4285714285716,2380.1304347826085,7.155279503105703,0,1,False,False,False,False,False,True,False,False,False,False,False,False,True,False,False,False,False,False
2026-06-20,Andhra Pradesh,SPSR Nellore,Rapur,Paddy(Common),,,2370.0,2400.0,2385.0,2385.0,5,6,25,179.6,429.0,300.8285714285715,0.7050874403815579,0,0.3,35.5,27.1,74.0,31.3,15.2,-4.071428571428573,0,0,1,2320.0,1,0,0,0,30.0,3.4339872044851463,2385.0,2370.0,2400.0,30.0,3.4339872044851463,0.0,0.0,0.0,2385.0,2385.0,2385.0,2385.0,2370.0,2370.0,2400.0,2400.0,30.0,30.0,0.0,3.4339872044851463,0.0,0.0,0.0,0.0,2385.0,2385.0,2385.8,0.0,0.0,1.9190514898261548,0.9999999958071278,0.9999999958071278,0.9996646785159498,2385.0,2385.8,-0.8000000000001819,0,1,False,False,False,False,False,False,False,True,False,False,False,False,False,False,False,False,False,True
2026-06-20,Andhra Pradesh,NTR,Tiruvuru,Paddy(Common),,,2450.0,2450.0,2450.0,2450.0,5,6,25,179.6,429.0,300.8285714285715,0.7050874403815579,0,0.3,35.5,27.1,74.0,31.3,15.2,-4.071428571428573,0,0,1,2320.0,1,0,0,0,0.0,0.0,2450.0,2450.0,2450.0,0.0,0.0,0.0,0.0,0.0,2450.0,2450.0,2450.0,2400.0,2450.0,2450.0,2450.0,2450.0,0.0,0.0,0.0,0.0,0.0,0.0,0.0,0.020833333246527776,2450.0,2435.714285714286,2404.5454545454545,0.0,23.440361546925075,67.09817063202632,0.9999999959183673,1.0058650985096447,1.0189035874450134,2450.0,2404.5454545454545,31.168831168831275,0,1,False,False,False,False,False,False,False,False,True,False,False,False,False,False,False,True,False,False
2026-06-21,Andhra Pradesh,Kakinada,Jaggampet,Paddy(Common),,,2369.0,2379.0,2379.0,2377.0,6,6,25,33.7,179.6,319.57142857142856,-0.5813519813519814,1,0.9,31.8,27.4,81.0,29.6,12.3,-6.9714285714285715,0,0,1,2320.0,1,0,0,0,10.0,2.3978952727983707,2377.0,2369.0,2379.0,10.0,2.3978952727983707,0.0,0.0,0.0,2377.0,2377.0,2377.0,2377.0,2369.0,2369.0,2379.0,2379.0,10.0,10.0,0.0,2.3978952727983707,0.0,0.0,0.0,0.0,2377.0,2377.0,2377.0,0.0,0.0,0.0,0.9999999957930163,0.9999999957930163,0.9999999957930163,2377.0,2377.0,0.0,0,1,True,False,False,False,False,False,False,False,False,False,False,False,False,True,False,False,False,False
2026-06-21,Andhra Pradesh,East Godavari,Kovvur,Paddy(Common),,,2400.0,2400.0,2400.0,2400.0,6,6,25,33.7,179.6,319.57142857142856,-0.5813519813519814,1,0.9,31.8,27.4,81.0,29.6,12.3,-6.9714285714285715,0,0,1,2320.0,1,0,0,0,0.0,0.0,2400.0,2400.0,2400.0,0.0,0.0,0.0,0.0,0.0,2400.0,2400.0,2400.0,2400.0,2400.0,2400.0,2400.0,2400.0,0.0,0.0,0.0,0.0,0.0,0.0,0.0,0.0,2400.0,2400.0,2400.0,0.0,0.0,0.0,0.9999999958333333,0.9999999958333333,0.9999999958333333,2400.0,2400.0,0.0,0,1,False,True,False,False,False,False,False,False,False,False,False,True,False,False,False,False,False,False
2026-06-21,Andhra Pradesh,Bapatla,Kuchinapudi,Paddy(Common),,,2400.0,2500.0,2450.0,2450.0,6,6,25,33.7,179.6,319.57142857142856,-0.5813519813519814,1,0.9,31.8,27.4,81.0,29.6,12.3,-6.9714285714285715,0,0,1,2320.0,1,0,0,0,100.0,4.61512051684126,2450.0,2400.0,2500.0,100.0,4.61512051684126,0.0,0.0,0.0,2450.0,2450.0,2450.0,2450.0,2400.0,2400.0,2500.0,2500.0,100.0,100.0,0.0,4.61512051684126,0.0,0.0,0.0,0.0,2450.0,2450.0,2450.0,0.0,0.0,0.0,0.9999999959183673,0.9999999959183673,0.9999999959183673,2450.0,2450.0,0.0,0,1,False,False,True,False,False,False,False,False,False,False,True,False,False,False,False,False,False,False
2026-06-21,Andhra Pradesh,NTR,Mylavaram,Paddy(Common),,,2369.0,2369.0,2369.0,2369.0,6,6,25,33.7,179.6,319.57142857142856,-0.5813519813519814,1,0.9,31.8,27.4,81.0,29.6,12.3,-6.9714285714285715,0,0,1,2320.0,1,0,0,0,0.0,0.0,2369.0,2369.0,2369.0,0.0,0.0,0.0,0.0,0.0,2369.0,2369.0,2369.0,2369.0,2369.0,2369.0,2369.0,2369.0,0.0,0.0,0.0,0.0,0.0,0.0,0.0,0.0,2369.0,2369.0,2369.0,0.0,0.0,0.0,0.9999999957788096,0.9999999957788096,0.9999999957788096,2369.0,2369.0,0.0,0,1,False,False,False,True,False,False,False,False,False,False,False,False,False,False,False,True,False,False
2026-06-21,Andhra Pradesh,NTR,Nandigama,Paddy(Common),B P T,Grade Range-1,1860.0,1860.0,1860.0,1860.0,6,6,25,33.7,179.6,319.57142857142856,-0.5813519813519814,1,0.9,31.8,27.4,81.0,29.6,12.3,-6.9714285714285715,0,0,1,2320.0,1,0,0,0,0.0,0.0,1830.0,1830.0,1830.0,0.0,0.0,-0.01612903217134929,-0.01612903217134929,-0.01612903217134929,1920.0,1850.0,1850.0,1810.0,1920.0,1865.7142857142858,1920.0,1865.7142857142858,0.0,0.0,0.0,0.0,-0.031249999837239584,0.005405405376186998,0.005405405376186998,0.0276243092396447,1865.7142857142858,1840.7142857142858,1829.5454545454545,57.404164441598205,46.98023900687251,40.411840877605215,0.9969372075202446,1.0104772936955055,1.0166459571760966,1865.7142857142858,1829.5454545454545,11.168831168831275,0,1,False,False,False,False,True,False,False,False,False,False,False,False,False,False,False,True,False,False
2026-06-21,Andhra Pradesh,Eluru,Polavaram,Paddy(Common),,,2390.0,2390.0,2390.0,2390.0,6,6,25,33.7,179.6,319.57142857142856,-0.5813519813519814,1,0.9,31.8,27.4,81.0,29.6,12.3,-6.9714285714285715,0,0,1,2320.0,1,0,0,0,0.0,0.0,2390.0,2390.0,2390.0,0.0,0.0,0.0,0.0,0.0,2390.0,2390.0,2389.0,2380.0,2390.0,2389.5714285714284,2390.0,2389.5714285714284,0.0,0.0,0.0,0.0,0.0,0.0,0.0004185851803324186,0.004201680654614787,2389.5714285714284,2388.0,2380.5416666666665,0.5345224838369415,3.4194016570637173,9.623247064165726,1.0001793465646827,1.0008375167469115,1.0039731811570622,2389.5714285714284,2380.5416666666665,7.458333333333485,0,1,False,False,False,False,False,True,False,False,False,False,False,False,True,False,False,False,False,False
2026-06-21,Andhra Pradesh,SPSR Nellore,Rapur,Paddy(Common),,,2370.0,2400.0,2385.0,2385.0,6,6,25,33.7,179.6,319.57142857142856,-0.5813519813519814,1,0.9,31.8,27.4,81.0,29.6,12.3,-6.9714285714285715,0,0,1,2320.0,1,0,0,0,30.0,3.4339872044851463,2385.0,2370.0,2400.0,30.0,3.4339872044851463,0.0,0.0,0.0,2385.0,2385.0,2385.0,2385.0,2370.0,2370.0,2400.0,2400.0,30.0,30.0,0.0,3.4339872044851463,0.0,0.0,0.0,0.0,2385.0,2385.0,2385.633333333333,0.0,0.0,1.7515182248175156,0.9999999958071278,0.9999999958071278,0.9997345177392396,2385.0,2385.633333333333,-0.6333333333332121,0,1,False,False,False,False,False,False,False,True,False,False,False,False,False,False,False,False,False,True
2026-06-21,Andhra Pradesh,NTR,Tiruvuru,Paddy(Common),,,2450.0,2450.0,2450.0,2450.0,6,6,25,33.7,179.6,319.57142857142856,-0.5813519813519814,1,0.9,31.8,27.4,81.0,29.6,12.3,-6.9714285714285715,0,0,1,2320.0,1,0,0,0,0.0,0.0,2450.0,2450.0,2450.0,0.0,0.0,0.0,0.0,0.0,2450.0,2450.0,2450.0,2400.0,2450.0,2450.0,2450.0,2450.0,0.0,0.0,0.0,0.0,0.0,0.0,0.0,0.020833333246527776,2450.0,2439.285714285714,2406.521739130435,0.0,21.290765681316326,66.23708763718514,0.9999999959183673,1.004392382412447,1.0180668431046904,2450.0,2406.521739130435,32.76397515527924,0,1,False,False,False,False,False,False,False,False,True,False,False,False,False,False,False,True,False,False
2026-06-22,Andhra Pradesh,Kakinada,Jaggampet,Paddy(Common),,,2369.0,2379.0,2379.0,2377.0,0,6,26,172.0,33.7,319.4857142857143,-0.8123608017817372,0,13.5,32.8,27.4,82.0,30.099999999999998,13.099999999999998,-10.87142857142857,0,0,1,2320.0,1,0,0,0,10.0,2.3978952727983707,2377.0,2369.0,2379.0,10.0,2.3978952727983707,0.0,0.0,0.0,2377.0,2377.0,2377.0,2377.0,2369.0,2369.0,2379.0,2379.0,10.0,10.0,0.0,2.3978952727983707,0.0,0.0,0.0,0.0,2377.0,2377.0,2377.0,0.0,0.0,0.0,0.9999999957930163,0.9999999957930163,0.9999999957930163,2377.0,2377.0,0.0,0,1,True,False,False,False,False,False,False,False,False,False,False,False,False,True,False,False,False,False
2026-06-22,Andhra Pradesh,East Godavari,Kovvur,Paddy(Common),MTU-1010,Grade Range-2,2400.0,2400.0,2400.0,2400.0,0,6,26,172.0,33.7,319.4857142857143,-0.8123608017817372,0,13.5,32.8,27.4,82.0,30.099999999999998,13.099999999999998,-10.87142857142857,0,0,1,2320.0,1,0,0,0,0.0,0.0,2400.0,2400.0,2400.0,0.0,0.0,0.0,0.0,0.0,2400.0,2400.0,2400.0,2400.0,2400.0,2400.0,2400.0,2400.0,0.0,0.0,0.0,0.0,0.0,0.0,0.0,0.0,2400.0,2400.0,2400.0,0.0,0.0,0.0,0.9999999958333333,0.9999999958333333,0.9999999958333333,2400.0,2400.0,0.0,0,1,False,True,False,False,False,False,False,False,False,False,False,True,False,False,False,False,False,False
2026-06-22,Andhra Pradesh,Bapatla,Kuchinapudi,Paddy(Common),,,2400.0,2500.0,2450.0,2450.0,0,6,26,172.0,33.7,319.4857142857143,-0.8123608017817372,0,13.5,32.8,27.4,82.0,30.099999999999998,13.099999999999998,-10.87142857142857,0,0,1,2320.0,1,0,0,0,100.0,4.61512051684126,2450.0,2400.0,2500.0,100.0,4.61512051684126,0.0,0.0,0.0,2450.0,2450.0,2450.0,2450.0,2400.0,2400.0,2500.0,2500.0,100.0,100.0,0.0,4.61512051684126,0.0,0.0,0.0,0.0,2450.0,2450.0,2450.0,0.0,0.0,0.0,0.9999999959183673,0.9999999959183673,0.9999999959183673,2450.0,2450.0,0.0,0,1,False,False,True,False,False,False,False,False,False,False,True,False,False,False,False,False,False,False
2026-06-22,Andhra Pradesh,NTR,Mylavaram,Paddy(Common),1001,FAQ,2369.0,2369.0,2369.0,2369.0,0,6,26,172.0,33.7,319.4857142857143,-0.8123608017817372,0,13.5,32.8,27.4,82.0,30.099999999999998,13.099999999999998,-10.87142857142857,0,0,1,2320.0,1,0,0,0,0.0,0.0,2369.0,2369.0,2369.0,0.0,0.0,0.0,0.0,0.0,2369.0,2369.0,2369.0,2369.0,2369.0,2369.0,2369.0,2369.0,0.0,0.0,0.0,0.0,0.0,0.0,0.0,0.0,2369.0,2369.0,2369.0,0.0,0.0,0.0,0.9999999957788096,0.9999999957788096,0.9999999957788096,2369.0,2369.0,0.0,0,1,False,False,False,True,False,False,False,False,False,False,False,False,False,False,False,True,False,False
2026-06-22,Andhra Pradesh,NTR,Nandigama,Paddy(Common),B P T,Grade Range-1,1830.0,1830.0,1830.0,1830.0,0,6,26,172.0,33.7,319.4857142857143,-0.8123608017817372,0,13.5,32.8,27.4,82.0,30.099999999999998,13.099999999999998,-10.87142857142857,0,0,1,2320.0,1,0,0,0,0.0,0.0,1820.0,1820.0,1820.0,0.0,0.0,-0.005464480844456389,-0.005464480844456389,-0.005464480844456389,1860.0,1970.0,1820.0,1820.0,1860.0,1867.142857142857,1860.0,1867.142857142857,0.0,0.0,0.0,0.0,-0.01612903217134929,-0.07106598948697468,0.0054945054643159045,0.0054945054643159045,1867.142857142857,1844.2857142857142,1830.8695652173913,57.07138387268007,46.36216722124364,39.99011735624201,0.9801071102825174,0.9922540612348735,0.9995250479721975,1867.142857142857,1830.8695652173913,13.416149068322966,0,1,False,False,False,False,True,False,False,False,False,False,False,False,False,False,False,True,False,False
2026-06-22,Andhra Pradesh,Eluru,Polavaram,Paddy(Common),1001,Local,2390.0,2390.0,2390.0,2390.0,0,6,26,172.0,33.7,319.4857142857143,-0.8123608017817372,0,13.5,32.8,27.4,82.0,30.099999999999998,13.099999999999998,-10.87142857142857,0,0,1,2320.0,1,0,0,0,0.0,0.0,2390.0,2390.0,2390.0,0.0,0.0,0.0,0.0,0.0,2390.0,2390.0,2389.0,2380.0,2390.0,2389.714285714286,2390.0,2389.714285714286,0.0,0.0,0.0,0.0,0.0,0.0,0.0004185851803324186,0.004201680654614787,2389.714285714286,2388.714285714286,2380.92,0.487950036487691,2.554891881762548,9.608676634514774,1.0001195558340286,1.0005382411316501,1.0038136476495907,2389.714285714286,2380.92,7.7942857142857065,0,1,False,False,False,False,False,True,False,False,False,False,False,False,True,False,False,False,False,False
2026-06-22,Andhra Pradesh,SPSR Nellore,Rapur,Paddy(Common),,,2370.0,2400.0,2385.0,2385.0,0,6,26,172.0,33.7,319.4857142857143,-0.8123608017817372,0,13.5,32.8,27.4,82.0,30.099999999999998,13.099999999999998,-10.87142857142857,0,0,1,2320.0,1,0,0,0,30.0,3.4339872044851463,2385.0,2370.0,2400.0,30.0,3.4339872044851463,0.0,0.0,0.0,2385.0,2385.0,2385.0,2385.0,2370.0,2370.0,2400.0,2400.0,30.0,30.0,0.0,3.4339872044851463,0.0,0.0,0.0,0.0,2385.0,2385.0,2385.4666666666667,0.0,0.0,1.5477087254273354,0.9999999958071278,0.9999999958071278,0.9998043667215175,2385.0,2385.4666666666667,-0.466666666666697,0,1,False,False,False,False,False,False,False,True,False,False,False,False,False,False,False,False,False,True
2026-06-22,Andhra Pradesh,NTR,Tiruvuru,Paddy(Common),Sona,Local,2450.0,2450.0,2450.0,2450.0,0,6,26,172.0,33.7,319.4857142857143,-0.8123608017817372,0,13.5,32.8,27.4,82.0,30.099999999999998,13.099999999999998,-10.87142857142857,0,0,1,2320.0,1,0,0,0,0.0,0.0,2450.0,2450.0,2450.0,0.0,0.0,0.0,0.0,0.0,2450.0,2450.0,2450.0,2450.0,2450.0,2450.0,2450.0,2450.0,0.0,0.0,0.0,0.0,0.0,0.0,0.0,0.0,2450.0,2442.8571428571427,2408.3333333333335,0.0,18.156825980064443,65.38625481582959,0.9999999959183673,1.0029239725026504,1.0173010338381963,2450.0,2408.3333333333335,34.52380952380918,0,1,False,False,False,False,False,False,False,False,True,False,False,False,False,False,False,True,False,False
2026-06-23,Andhra Pradesh,Kakinada,Jaggampet,Paddy(Common),,,2369.0,2379.0,2379.0,2377.0,1,6,26,190.7,172.0,235.8857142857143,4.103857566765578,0,1.3,32.4,25.2,81.0,28.799999999999997,26.2,2.2285714285714313,0,0,1,2320.0,1,0,0,0,10.0,2.3978952727983707,2377.0,2369.0,2379.0,10.0,2.3978952727983707,0.0,0.0,0.0,2377.0,2377.0,2377.0,2377.0,2369.0,2369.0,2379.0,2379.0,10.0,10.0,0.0,2.3978952727983707,0.0,0.0,0.0,0.0,2377.0,2377.0,2377.0,0.0,0.0,0.0,0.9999999957930163,0.9999999957930163,0.9999999957930163,2377.0,2377.0,0.0,0,1,True,False,False,False,False,False,False,False,False,False,False,False,False,True,False,False,False,False
2026-06-23,Andhra Pradesh,East Godavari,Kovvur,Paddy(Common),MTU-1010,Grade Range-2,2400.0,2400.0,2400.0,2400.0,1,6,26,190.7,172.0,235.8857142857143,4.103857566765578,0,1.3,32.4,25.2,81.0,28.799999999999997,26.2,2.2285714285714313,0,0,1,2320.0,1,0,0,0,0.0,0.0,2400.0,2400.0,2400.0,0.0,0.0,0.0,0.0,0.0,2400.0,2400.0,2400.0,2400.0,2400.0,2400.0,2400.0,2400.0,0.0,0.0,0.0,0.0,0.0,0.0,0.0,0.0,2400.0,2400.0,2400.0,0.0,0.0,0.0,0.9999999958333333,0.9999999958333333,0.9999999958333333,2400.0,2400.0,0.0,0,1,False,True,False,False,False,False,False,False,False,False,False,True,False,False,False,False,False,False
2026-06-23,Andhra Pradesh,Bapatla,Kuchinapudi,Paddy(Common),B P T,Local,2400.0,2500.0,2450.0,2450.0,1,6,26,190.7,172.0,235.8857142857143,4.103857566765578,0,1.3,32.4,25.2,81.0,28.799999999999997,26.2,2.2285714285714313,0,0,1,2320.0,1,0,0,0,100.0,4.61512051684126,2450.0,2400.0,2500.0,100.0,4.61512051684126,0.0,0.0,0.0,2450.0,2450.0,2450.0,2450.0,2400.0,2400.0,2500.0,2500.0,100.0,100.0,0.0,4.61512051684126,0.0,0.0,0.0,0.0,2450.0,2450.0,2450.0,0.0,0.0,0.0,0.9999999959183673,0.9999999959183673,0.9999999959183673,2450.0,2450.0,0.0,0,1,False,False,True,False,False,False,False,False,False,False,True,False,False,False,False,False,False,False
2026-06-23,Andhra Pradesh,NTR,Mylavaram,Paddy(Common),1001,FAQ,2369.0,2369.0,2369.0,2369.0,1,6,26,190.7,172.0,235.8857142857143,4.103857566765578,0,1.3,32.4,25.2,81.0,28.799999999999997,26.2,2.2285714285714313,0,0,1,2320.0,1,0,0,0,0.0,0.0,2369.0,2369.0,2369.0,0.0,0.0,0.0,0.0,0.0,2369.0,2369.0,2369.0,2369.0,2369.0,2369.0,2369.0,2369.0,0.0,0.0,0.0,0.0,0.0,0.0,0.0,0.0,2369.0,2369.0,2369.0,0.0,0.0,0.0,0.9999999957788096,0.9999999957788096,0.9999999957788096,2369.0,2369.0,0.0,0,1,False,False,False,True,False,False,False,False,False,False,False,False,False,False,False,True,False,False
2026-06-23,Andhra Pradesh,NTR,Nandigama,Paddy(Common),B P T,Grade Range-1,1820.0,1820.0,1820.0,1820.0,1,6,26,190.7,172.0,235.8857142857143,4.103857566765578,0,1.3,32.4,25.2,81.0,28.799999999999997,26.2,2.2285714285714313,0,0,1,2320.0,1,0,0,0,0.0,0.0,1870.0,1870.0,1870.0,0.0,0.0,0.02747252732157952,0.02747252732157952,0.02747252732157952,1830.0,1920.0,1830.0,1820.0,1830.0,1868.5714285714287,1830.0,1868.5714285714287,0.0,0.0,0.0,0.0,-0.005464480844456389,-0.05208333306206597,-0.005464480844456389,0.0,1868.5714285714287,1845.0,1830.8333333333333,55.80578567035556,46.03510366264834,39.11150911084277,0.9740061109953801,0.9864498591520333,0.9940828348070123,1868.5714285714287,1830.8333333333333,14.166666666666742,0,1,False,False,False,False,True,False,False,False,False,False,False,False,False,False,False,True,False,False
2026-06-23,Andhra Pradesh,Eluru,Polavaram,Paddy(Common),1001,Local,2390.0,2390.0,2390.0,2390.0,1,6,26,190.7,172.0,235.8857142857143,4.103857566765578,0,1.3,32.4,25.2,81.0,28.799999999999997,26.2,2.2285714285714313,0,0,1,2320.0,1,0,0,0,0.0,0.0,2390.0,2390.0,2390.0,0.0,0.0,0.0,0.0,0.0,2390.0,2390.0,2389.0,2389.0,2390.0,2389.8571428571427,2390.0,2389.8571428571427,0.0,0.0,0.0,0.0,0.0,0.0,0.0004185851803324186,0.0004185851803324186,2389.8571428571427,2389.4285714285716,2381.269230769231,0.3779644730266941,0.5135525910374755,9.581472506072279,1.0000597722515283,1.000239144444772,1.0036664309441752,2389.8571428571427,2381.269230769231,8.159340659340614,0,1,False,False,False,False,False,True,False,False,False,False,False,False,True,False,False,False,False,False
2026-06-23,Andhra Pradesh,SPSR Nellore,Rapur,Paddy(Common),,,2370.0,2400.0,2385.0,2385.0,1,6,26,190.7,172.0,235.8857142857143,4.103857566765578,0,1.3,32.4,25.2,81.0,28.799999999999997,26.2,2.2285714285714313,0,0,1,2320.0,1,0,0,0,30.0,3.4339872044851463,2385.0,2370.0,2400.0,30.0,3.4339872044851463,0.0,0.0,0.0,2385.0,2385.0,2385.0,2385.0,2370.0,2370.0,2400.0,2400.0,30.0,30.0,0.0,3.4339872044851463,0.0,0.0,0.0,0.0,2385.0,2385.0,2385.3,0.0,0.0,1.2905492014224027,0.9999999958071278,0.9999999958071278,0.9998742254648293,2385.0,2385.3,-0.3000000000001819,0,1,False,False,False,False,False,False,False,True,False,False,False,False,False,False,False,False,False,True
2026-06-23,Andhra Pradesh,NTR,Tiruvuru,Paddy(Common),Sona,Local,2450.0,2450.0,2450.0,2450.0,1,6,26,190.7,172.0,235.8857142857143,4.103857566765578,0,1.3,32.4,25.2,81.0,28.799999999999997,26.2,2.2285714285714313,0,0,1,2320.0,1,0,0,0,0.0,0.0,2450.0,2450.0,2450.0,0.0,0.0,0.0,0.0,0.0,2450.0,2450.0,2450.0,2400.0,2450.0,2450.0,2450.0,2450.0,0.0,0.0,0.0,0.0,0.0,0.0,0.0,0.020833333246527776,2450.0,2442.8571428571427,2410.0,0.0,18.156825980064443,64.54972243679042,0.9999999959183673,1.0029239725026504,1.016597506155197,2450.0,2410.0,32.85714285714266,0,1,False,False,False,False,False,False,False,False,True,False,False,False,False,False,False,True,False,False
2026-06-24,Andhra Pradesh,Kakinada,Jaggampet,Paddy(Common),,,2369.0,2379.0,2379.0,2377.0,2,6,26,188.70000000000002,190.7,190.54285714285717,0.10872093023255802,0,0.1,33.6,28.4,69.0,31.0,26.5,2.528571428571432,0,0,1,2320.0,1,0,0,0,10.0,2.3978952727983707,2377.0,2369.0,2379.0,10.0,2.3978952727983707,0.0,0.0,0.0,2377.0,2377.0,2377.0,2377.0,2369.0,2369.0,2379.0,2379.0,10.0,10.0,0.0,2.3978952727983707,0.0,0.0,0.0,0.0,2377.0,2377.0,2377.0,0.0,0.0,0.0,0.9999999957930163,0.9999999957930163,0.9999999957930163,2377.0,2377.0,0.0,0,1,True,False,False,False,False,False,False,False,False,False,False,False,False,True,False,False,False,False
2026-06-24,Andhra Pradesh,East Godavari,Kovvur,Paddy(Common),MTU-1010,Grade Range-2,2400.0,2400.0,2400.0,2400.0,2,6,26,188.70000000000002,190.7,190.54285714285717,0.10872093023255802,0,0.1,33.6,28.4,69.0,31.0,26.5,2.528571428571432,0,0,1,2320.0,1,0,0,0,0.0,0.0,2400.0,2400.0,2400.0,0.0,0.0,0.0,0.0,0.0,2400.0,2400.0,2400.0,2400.0,2400.0,2400.0,2400.0,2400.0,0.0,0.0,0.0,0.0,0.0,0.0,0.0,0.0,2400.0,2400.0,2400.0,0.0,0.0,0.0,0.9999999958333333,0.9999999958333333,0.9999999958333333,2400.0,2400.0,0.0,0,1,False,True,False,False,False,False,False,False,False,False,False,True,False,False,False,False,False,False
2026-06-24,Andhra Pradesh,Bapatla,Kuchinapudi,Paddy(Common),B P T,Local,2400.0,2500.0,2450.0,2450.0,2,6,26,188.70000000000002,190.7,190.54285714285717,0.10872093023255802,0,0.1,33.6,28.4,69.0,31.0,26.5,2.528571428571432,0,0,1,2320.0,1,0,0,0,100.0,4.61512051684126,2450.0,2400.0,2500.0,100.0,4.61512051684126,0.0,0.0,0.0,2450.0,2450.0,2450.0,2450.0,2400.0,2400.0,2500.0,2500.0,100.0,100.0,0.0,4.61512051684126,0.0,0.0,0.0,0.0,2450.0,2450.0,2450.0,0.0,0.0,0.0,0.9999999959183673,0.9999999959183673,0.9999999959183673,2450.0,2450.0,0.0,0,1,False,False,True,False,False,False,False,False,False,False,True,False,False,False,False,False,False,False
2026-06-24,Andhra Pradesh,NTR,Mylavaram,Paddy(Common),1001,FAQ,2369.0,2369.0,2369.0,2369.0,2,6,26,188.70000000000002,190.7,190.54285714285717,0.10872093023255802,0,0.1,33.6,28.4,69.0,31.0,26.5,2.528571428571432,0,0,1,2320.0,1,0,0,0,0.0,0.0,2369.0,2369.0,2369.0,0.0,0.0,0.0,0.0,0.0,2369.0,2369.0,2369.0,2369.0,2369.0,2369.0,2369.0,2369.0,0.0,0.0,0.0,0.0,0.0,0.0,0.0,0.0,2369.0,2369.0,2369.0,0.0,0.0,0.0,0.9999999957788096,0.9999999957788096,0.9999999957788096,2369.0,2369.0,0.0,0,1,False,False,False,True,False,False,False,False,False,False,False,False,False,False,False,True,False,False
2026-06-24,Andhra Pradesh,NTR,Nandigama,Paddy(Common),B P T,Grade Range-1,1870.0,1870.0,1870.0,1870.0,2,6,26,188.70000000000002,190.7,190.54285714285717,0.10872093023255802,0,0.1,33.6,28.4,69.0,31.0,26.5,2.528571428571432,0,0,1,2320.0,1,0,0,0,0.0,0.0,1870.0,1870.0,1870.0,0.0,0.0,0.0,0.0,0.0,1820.0,1860.0,1820.0,1820.0,1820.0,1867.142857142857,1820.0,1867.142857142857,0.0,0.0,0.0,0.0,0.02747252732157952,0.0053763440571164296,0.02747252732157952,0.02747252732157952,1867.142857142857,1845.0,1830.4,57.07138387268007,46.03510366264834,38.34927204871909,1.001530216518201,1.0135501300078584,1.0216346098031326,1867.142857142857,1830.4,14.599999999999909,0,1,False,False,False,False,True,False,False,False,False,False,False,False,False,False,False,True,False,False
2026-06-24,Andhra Pradesh,Eluru,Polavaram,Paddy(Common),1001,Local,2390.0,2390.0,2390.0,2390.0,2,6,26,188.70000000000002,190.7,190.54285714285717,0.10872093023255802,0,0.1,33.6,28.4,69.0,31.0,26.5,2.528571428571432,0,0,1,2320.0,1,0,0,0,0.0,0.0,2390.0,2390.0,2390.0,0.0,0.0,0.0,0.0,0.0,2390.0,2390.0,2390.0,2389.0,2390.0,2390.0,2390.0,2390.0,0.0,0.0,0.0,0.0,0.0,0.0,0.0,0.0004185851803324186,2390.0,2389.5,2381.5925925925926,0.0,0.5188745216870191,9.544467826802592,0.9999999958158995,1.0002092446109676,1.0035301576761093,2390.0,2381.5925925925926,7.907407407407391,0,1,False,False,False,False,False,True,False,False,False,False,False,False,True,False,False,False,False,False
2026-06-24,Andhra Pradesh,SPSR Nellore,Rapur,Paddy(Common),,,2370.0,2400.0,2385.0,2385.0,2,6,26,188.70000000000002,190.7,190.54285714285717,0.10872093023255802,0,0.1,33.6,28.4,69.0,31.0,26.5,2.528571428571432,0,0,1,2320.0,1,0,0,0,30.0,3.4339872044851463,2370.0,2350.0,2390.0,40.0,3.713572066704308,-0.006289308149730364,-0.008438818529794013,-0.004166666649305555,2385.0,2385.0,2385.0,2385.0,2370.0,2370.0,2400.0,2400.0,30.0,30.0,0.0,3.4339872044851463,0.0,0.0,0.0,0.0,2385.0,2385.0,2385.133333333333,0.0,0.0,0.9371024060646665,0.9999999958071278,0.9999999958071278,0.9999440939712213,2385.0,2385.133333333333,-0.13333333333321207,0,1,False,False,False,False,False,False,False,True,False,False,False,False,False,False,False,False,False,True
2026-06-24,Andhra Pradesh,NTR,Tiruvuru,Paddy(Common),Sona,Local,2450.0,2450.0,2450.0,2450.0,2,6,26,188.70000000000002,190.7,190.54285714285717,0.10872093023255802,0,0.1,33.6,28.4,69.0,31.0,26.5,2.528571428571432,0,0,1,2320.0,1,0,0,0,0.0,0.0,2450.0,2450.0,2450.0,0.0,0.0,0.0,0.0,0.0,2450.0,2450.0,2450.0,2400.0,2450.0,2450.0,2450.0,2450.0,0.0,0.0,0.0,0.0,0.0,0.0,0.0,0.020833333246527776,2450.0,2446.4285714285716,2411.5384615384614,0.0,13.363062095621617,63.73020054525547,0.9999999959183673,1.0014598499210399,1.0159489591045179,2450.0,2411.5384615384614,34.890109890110125,0,1,False,False,False,False,False,False,False,False,True,False,False,False,False,False,False,True,False,False
2026-06-25,Andhra Pradesh,Kakinada,Jaggampet,Paddy(Common),,,2369.0,2379.0,2379.0,2377.0,3,6,26,212.1,188.70000000000002,206.47142857142856,-0.010487676979548888,0,0.2,33.7,27.3,65.0,30.5,24.999999999999996,1.0285714285714285,0,0,1,2320.0,1,0,0,0,10.0,2.3978952727983707,2377.0,2369.0,2379.0,10.0,2.3978952727983707,0.0,0.0,0.0,2377.0,2377.0,2377.0,2377.0,2369.0,2369.0,2379.0,2379.0,10.0,10.0,0.0,2.3978952727983707,0.0,0.0,0.0,0.0,2377.0,2377.0,2377.0,0.0,0.0,0.0,0.9999999957930163,0.9999999957930163,0.9999999957930163,2377.0,2377.0,0.0,0,1,True,False,False,False,False,False,False,False,False,False,False,False,False,True,False,False,False,False
2026-06-25,Andhra Pradesh,East Godavari,Kovvur,Paddy(Common),MTU-1010,Grade Range-2,2400.0,2400.0,2400.0,2400.0,3,6,26,212.1,188.70000000000002,206.47142857142856,-0.010487676979548888,0,0.2,33.7,27.3,65.0,30.5,24.999999999999996,1.0285714285714285,0,0,1,2320.0,1,0,0,0,0.0,0.0,2400.0,2400.0,2400.0,0.0,0.0,0.0,0.0,0.0,2400.0,2400.0,2400.0,2400.0,2400.0,2400.0,2400.0,2400.0,0.0,0.0,0.0,0.0,0.0,0.0,0.0,0.0,2400.0,2400.0,2400.0,0.0,0.0,0.0,0.9999999958333333,0.9999999958333333,0.9999999958333333,2400.0,2400.0,0.0,0,1,False,True,False,False,False,False,False,False,False,False,False,True,False,False,False,False,False,False
2026-06-25,Andhra Pradesh,Bapatla,Kuchinapudi,Paddy(Common),B P T,Local,2400.0,2500.0,2450.0,2450.0,3,6,26,212.1,188.70000000000002,206.47142857142856,-0.010487676979548888,0,0.2,33.7,27.3,65.0,30.5,24.999999999999996,1.0285714285714285,0,0,1,2320.0,1,0,0,0,100.0,4.61512051684126,2450.0,2400.0,2500.0,100.0,4.61512051684126,0.0,0.0,0.0,2450.0,2450.0,2450.0,2450.0,2400.0,2400.0,2500.0,2500.0,100.0,100.0,0.0,4.61512051684126,0.0,0.0,0.0,0.0,2450.0,2450.0,2450.0,0.0,0.0,0.0,0.9999999959183673,0.9999999959183673,0.9999999959183673,2450.0,2450.0,0.0,0,1,False,False,True,False,False,False,False,False,False,False,True,False,False,False,False,False,False,False
2026-06-25,Andhra Pradesh,NTR,Mylavaram,Paddy(Common),1001,FAQ,2369.0,2369.0,2369.0,2369.0,3,6,26,212.1,188.70000000000002,206.47142857142856,-0.010487676979548888,0,0.2,33.7,27.3,65.0,30.5,24.999999999999996,1.0285714285714285,0,0,1,2320.0,1,0,0,0,0.0,0.0,2369.0,2369.0,2369.0,0.0,0.0,0.0,0.0,0.0,2369.0,2369.0,2369.0,2369.0,2369.0,2369.0,2369.0,2369.0,0.0,0.0,0.0,0.0,0.0,0.0,0.0,0.0,2369.0,2369.0,2369.0,0.0,0.0,0.0,0.9999999957788096,0.9999999957788096,0.9999999957788096,2369.0,2369.0,0.0,0,1,False,False,False,True,False,False,False,False,False,False,False,False,False,False,False,True,False,False
2026-06-25,Andhra Pradesh,NTR,Nandigama,Paddy(Common),B P T,Grade Range-1,1870.0,1870.0,1870.0,1870.0,3,6,26,212.1,188.70000000000002,206.47142857142856,-0.010487676979548888,0,0.2,33.7,27.3,65.0,30.5,24.999999999999996,1.0285714285714285,0,0,1,2320.0,1,0,0,0,0.0,0.0,1920.0,1920.0,1920.0,0.0,0.0,0.026737967771454717,0.026737967771454717,0.026737967771454717,1870.0,1830.0,1850.0,1820.0,1870.0,1874.2857142857142,1870.0,1874.2857142857142,0.0,0.0,0.0,0.0,0.0,0.021857923377825557,0.010810810752373995,0.02747252732157952,1874.2857142857142,1848.5714285714287,1831.923076923077,53.184315625674564,45.885667756877176,38.368657080406756,0.9977134093109803,1.0115919574334282,1.0207852138273326,1874.2857142857142,1831.923076923077,16.648351648351763,0,1,False,False,False,False,True,False,False,False,False,False,False,False,False,False,False,True,False,False
2026-06-25,Andhra Pradesh,Eluru,Polavaram,Paddy(Common),1001,Local,2390.0,2390.0,2390.0,2390.0,3,6,26,212.1,188.70000000000002,206.47142857142856,-0.010487676979548888,0,0.2,33.7,27.3,65.0,30.5,24.999999999999996,1.0285714285714285,0,0,1,2320.0,1,0,0,0,0.0,0.0,2390.0,2390.0,2390.0,0.0,0.0,0.0,0.0,0.0,2390.0,2390.0,2390.0,2389.0,2390.0,2390.0,2390.0,2390.0,0.0,0.0,0.0,0.0,0.0,0.0,0.0,0.0004185851803324186,2390.0,2389.5714285714284,2381.8928571428573,0.0,0.5135525910377382,9.499860761998477,0.9999999958158995,1.0001793465646827,1.003403651343424,2390.0,2381.8928571428573,7.678571428571104,0,1,False,False,False,False,False,True,False,False,False,False,False,False,True,False,False,False,False,False
2026-06-25,Andhra Pradesh,SPSR Nellore,Rapur,Paddy(Common),Common,Local,2350.0,2390.0,2370.0,2370.0,3,6,26,212.1,188.70000000000002,206.47142857142856,-0.010487676979548888,0,0.2,33.7,27.3,65.0,30.5,24.999999999999996,1.0285714285714285,0,0,1,2320.0,1,0,0,0,40.0,3.713572066704308,2370.0,2350.0,2390.0,40.0,3.713572066704308,0.0,0.0,0.0,2385.0,2385.0,2385.0,2385.0,2370.0,2370.0,2400.0,2400.0,30.0,30.0,0.0,3.4339872044851463,-0.006289308149730364,-0.006289308149730364,-0.006289308149730364,-0.006289308149730364,2385.0,2385.0,2384.9666666666667,0.0,0.0,0.1825741855920859,0.9937106876573975,0.9937106876573975,0.9937245761908988,2385.0,2384.9666666666667,0.03333333333330302,0,1,False,False,False,False,False,False,False,True,False,False,False,False,False,False,False,False,False,True
2026-06-25,Andhra Pradesh,NTR,Tiruvuru,Paddy(Common),Sona,Local,2450.0,2450.0,2450.0,2450.0,3,6,26,212.1,188.70000000000002,206.47142857142856,-0.010487676979548888,0,0.2,33.7,27.3,65.0,30.5,24.999999999999996,1.0285714285714285,0,0,1,2320.0,1,0,0,0,0.0,0.0,2450.0,2450.0,2450.0,0.0,0.0,0.0,0.0,0.0,2450.0,2450.0,2450.0,2450.0,2450.0,2450.0,2450.0,2450.0,0.0,0.0,0.0,0.0,0.0,0.0,0.0,0.0,2450.0,2450.0,2412.962962962963,0.0,0.0,62.929436356239364,0.9999999959183673,0.9999999959183673,1.0153491899594123,2450.0,2412.962962962963,37.03703703703695,0,1,False,False,False,False,False,False,False,False,True,False,False,False,False,False,False,True,False,False
2026-06-26,Andhra Pradesh,Kakinada,Jaggampet,Paddy(Common),,,2369.0,2379.0,2379.0,2377.0,4,6,26,26.3,212.1,200.82857142857142,0.12400635930047677,0,1.8,32.9,28.1,74.0,30.5,25.0,1.028571428571432,0,0,1,2320.0,1,0,0,0,10.0,2.3978952727983707,2377.0,2369.0,2379.0,10.0,2.3978952727983707,0.0,0.0,0.0,2377.0,2377.0,2377.0,2377.0,2369.0,2369.0,2379.0,2379.0,10.0,10.0,0.0,2.3978952727983707,0.0,0.0,0.0,0.0,2377.0,2377.0,2377.0,0.0,0.0,0.0,0.9999999957930163,0.9999999957930163,0.9999999957930163,2377.0,2377.0,0.0,0,1,True,False,False,False,False,False,False,False,False,False,False,False,False,True,False,False,False,False
2026-06-26,Andhra Pradesh,East Godavari,Kovvur,Paddy(Common),MTU-1010,Grade Range-2,2400.0,2400.0,2400.0,2400.0,4,6,26,26.3,212.1,200.82857142857142,0.12400635930047677,0,1.8,32.9,28.1,74.0,30.5,25.0,1.028571428571432,0,0,1,2320.0,1,0,0,0,0.0,0.0,2400.0,2400.0,2400.0,0.0,0.0,0.0,0.0,0.0,2400.0,2400.0,2400.0,2400.0,2400.0,2400.0,2400.0,2400.0,0.0,0.0,0.0,0.0,0.0,0.0,0.0,0.0,2400.0,2400.0,2400.0,0.0,0.0,0.0,0.9999999958333333,0.9999999958333333,0.9999999958333333,2400.0,2400.0,0.0,0,1,False,True,False,False,False,False,False,False,False,False,False,True,False,False,False,False,False,False
2026-06-26,Andhra Pradesh,Bapatla,Kuchinapudi,Paddy(Common),,,2400.0,2500.0,2450.0,2450.0,4,6,26,26.3,212.1,200.82857142857142,0.12400635930047677,0,1.8,32.9,28.1,74.0,30.5,25.0,1.028571428571432,0,0,1,2320.0,1,0,0,0,100.0,4.61512051684126,2450.0,2400.0,2500.0,100.0,4.61512051684126,0.0,0.0,0.0,2450.0,2450.0,2450.0,2450.0,2400.0,2400.0,2500.0,2500.0,100.0,100.0,0.0,4.61512051684126,0.0,0.0,0.0,0.0,2450.0,2450.0,2450.0,0.0,0.0,0.0,0.9999999959183673,0.9999999959183673,0.9999999959183673,2450.0,2450.0,0.0,0,1,False,False,True,False,False,False,False,False,False,False,True,False,False,False,False,False,False,False
2026-06-26,Andhra Pradesh,NTR,Mylavaram,Paddy(Common),,,2369.0,2369.0,2369.0,2369.0,4,6,26,26.3,212.1,200.82857142857142,0.12400635930047677,0,1.8,32.9,28.1,74.0,30.5,25.0,1.028571428571432,0,0,1,2320.0,1,0,0,0,0.0,0.0,2369.0,2369.0,2369.0,0.0,0.0,0.0,0.0,0.0,2369.0,2369.0,2369.0,2369.0,2369.0,2369.0,2369.0,2369.0,0.0,0.0,0.0,0.0,0.0,0.0,0.0,0.0,2369.0,2369.0,2369.0,0.0,0.0,0.0,0.9999999957788096,0.9999999957788096,0.9999999957788096,2369.0,2369.0,0.0,0,1,False,False,False,True,False,False,False,False,False,False,False,False,False,False,False,True,False,False
2026-06-26,Andhra Pradesh,NTR,Nandigama,Paddy(Common),B P T,Grade Range-1,1920.0,1920.0,1920.0,1920.0,4,6,26,26.3,212.1,200.82857142857142,0.12400635930047677,0,1.8,32.9,28.1,74.0,30.5,25.0,1.028571428571432,0,0,1,2320.0,1,0,0,0,0.0,0.0,1930.0,1930.0,1930.0,0.0,0.0,0.005208333306206597,0.005208333306206597,0.005208333306206597,1870.0,1820.0,1970.0,1810.0,1870.0,1877.142857142857,1870.0,1877.142857142857,0.0,0.0,0.0,0.0,0.026737967771454717,0.05494505464315904,-0.025380710531062382,0.06077348032721834,1877.142857142857,1852.142857142857,1833.3333333333333,52.19012860502899,45.434411125112305,38.33054616400308,1.0228310447794389,1.036637094287343,1.0472727215603306,1877.142857142857,1833.3333333333333,18.809523809523853,0,1,False,False,False,False,True,False,False,False,False,False,False,False,False,False,False,True,False,False
2026-06-26,Andhra Pradesh,Eluru,Polavaram,Paddy(Common),,,2390.0,2390.0,2390.0,2390.0,4,6,26,26.3,212.1,200.82857142857142,0.12400635930047677,0,1.8,32.9,28.1,74.0,30.5,25.0,1.028571428571432,0,0,1,2320.0,1,0,0,0,0.0,0.0,2390.0,2390.0,2390.0,0.0,0.0,0.0,0.0,0.0,2390.0,2390.0,2390.0,2389.0,2390.0,2390.0,2390.0,2390.0,0.0,0.0,0.0,0.0,0.0,0.0,0.0,0.0004185851803324186,2390.0,2389.6428571428573,2382.1724137931033,0.0,0.49724515812447,9.449372486789397,0.9999999958158995,1.0001494503057562,1.003285898253508,2390.0,2382.1724137931033,7.470443349754078,0,1,False,False,False,False,False,True,False,False,False,False,False,False,True,False,False,False,False,False
2026-06-26,Andhra Pradesh,SPSR Nellore,Rapur,Paddy(Common),,,2350.0,2390.0,2370.0,2370.0,4,6,26,26.3,212.1,200.82857142857142,0.12400635930047677,0,1.8,32.9,28.1,74.0,30.5,25.0,1.028571428571432,0,0,1,2320.0,1,0,0,0,40.0,3.713572066704308,2370.0,2350.0,2390.0,40.0,3.713572066704308,0.0,0.0,0.0,2370.0,2385.0,2385.0,2385.0,2350.0,2367.1428571428573,2390.0,2398.5714285714284,40.0,31.428571428571427,3.7796447300921585,3.713572066704308,0.0,-0.006289308149730364,-0.006289308149730364,-0.006289308149730364,2382.8571428571427,2383.9285714285716,2384.5,5.669467095153073,4.008918628666483,2.738612787509317,0.9946043123727637,0.9941572992005385,0.9939190564314571,2382.8571428571427,2384.5,-0.5714285714284415,0,1,False,False,False,False,False,False,False,True,False,False,False,False,False,False,False,False,False,True
2026-06-26,Andhra Pradesh,NTR,Tiruvuru,Paddy(Common),,,2450.0,2450.0,2450.0,2450.0,4,6,26,26.3,212.1,200.82857142857142,0.12400635930047677,0,1.8,32.9,28.1,74.0,30.5,25.0,1.028571428571432,0,0,1,2320.0,1,0,0,0,0.0,0.0,2450.0,2450.0,2450.0,0.0,0.0,0.0,0.0,0.0,2450.0,2450.0,2450.0,2450.0,2450.0,2450.0,2450.0,2450.0,0.0,0.0,0.0,0.0,0.0,0.0,0.0,0.0,2450.0,2450.0,2414.285714285714,0.0,0.0,62.14848238238712,0.9999999959183673,0.9999999959183673,1.0147928952049998,2450.0,2414.285714285714,35.71428571428578,0,1,False,False,False,False,False,False,False,False,True,False,False,False,False,False,False,True,False,False
2026-06-27,Andhra Pradesh,Kakinada,Jaggampet,Paddy(Common),,,2369.0,2379.0,2379.0,2377.0,5,6,26,103.1,26.3,143.3,-0.876001885902876,0,16.1,32.5,25.9,83.0,29.2,18.099999999999998,-5.87142857142857,0,0,1,2320.0,1,0,0,0,10.0,2.3978952727983707,2377.0,2369.0,2379.0,10.0,2.3978952727983707,0.0,0.0,0.0,2377.0,2377.0,2377.0,2377.0,2369.0,2369.0,2379.0,2379.0,10.0,10.0,0.0,2.3978952727983707,0.0,0.0,0.0,0.0,2377.0,2377.0,2377.0,0.0,0.0,0.0,0.9999999957930163,0.9999999957930163,0.9999999957930163,2377.0,2377.0,0.0,0,1,True,False,False,False,False,False,False,False,False,False,False,False,False,True,False,False,False,False
2026-06-27,Andhra Pradesh,East Godavari,Kovvur,Paddy(Common),,,2400.0,2400.0,2400.0,2400.0,5,6,26,103.1,26.3,143.3,-0.876001885902876,0,16.1,32.5,25.9,83.0,29.2,18.099999999999998,-5.87142857142857,0,0,1,2320.0,1,0,0,0,0.0,0.0,2400.0,2400.0,2400.0,0.0,0.0,0.0,0.0,0.0,2400.0,2400.0,2400.0,2400.0,2400.0,2400.0,2400.0,2400.0,0.0,0.0,0.0,0.0,0.0,0.0,0.0,0.0,2400.0,2400.0,2400.0,0.0,0.0,0.0,0.9999999958333333,0.9999999958333333,0.9999999958333333,2400.0,2400.0,0.0,0,1,False,True,False,False,False,False,False,False,False,False,False,True,False,False,False,False,False,False
2026-06-27,Andhra Pradesh,Bapatla,Kuchinapudi,Paddy(Common),B P T,Local,2400.0,2500.0,2450.0,2450.0,5,6,26,103.1,26.3,143.3,-0.876001885902876,0,16.1,32.5,25.9,83.0,29.2,18.099999999999998,-5.87142857142857,0,0,1,2320.0,1,0,0,0,100.0,4.61512051684126,2450.0,2400.0,2500.0,100.0,4.61512051684126,0.0,0.0,0.0,2450.0,2450.0,2450.0,2450.0,2400.0,2400.0,2500.0,2500.0,100.0,100.0,0.0,4.61512051684126,0.0,0.0,0.0,0.0,2450.0,2450.0,2450.0,0.0,0.0,0.0,0.9999999959183673,0.9999999959183673,0.9999999959183673,2450.0,2450.0,0.0,0,1,False,False,True,False,False,False,False,False,False,False,True,False,False,False,False,False,False,False
2026-06-27,Andhra Pradesh,NTR,Mylavaram,Paddy(Common),1001,FAQ,2369.0,2369.0,2369.0,2369.0,5,6,26,103.1,26.3,143.3,-0.876001885902876,0,16.1,32.5,25.9,83.0,29.2,18.099999999999998,-5.87142857142857,0,0,1,2320.0,1,0,0,0,0.0,0.0,2369.0,2369.0,2369.0,0.0,0.0,0.0,0.0,0.0,2369.0,2369.0,2369.0,2369.0,2369.0,2369.0,2369.0,2369.0,0.0,0.0,0.0,0.0,0.0,0.0,0.0,0.0,2369.0,2369.0,2369.0,0.0,0.0,0.0,0.9999999957788096,0.9999999957788096,0.9999999957788096,2369.0,2369.0,0.0,0,1,False,False,False,True,False,False,False,False,False,False,False,False,False,False,False,True,False,False
2026-06-27,Andhra Pradesh,NTR,Nandigama,Paddy(Common),B P T,Grade Range-1,1930.0,1930.0,1930.0,1930.0,5,6,26,103.1,26.3,143.3,-0.876001885902876,0,16.1,32.5,25.9,83.0,29.2,18.099999999999998,-5.87142857142857,0,0,1,2320.0,1,0,0,0,0.0,0.0,1860.0,1860.0,1860.0,0.0,0.0,-0.036269429863888966,-0.036269429863888966,-0.036269429863888966,1920.0,1870.0,1920.0,1810.0,1920.0,1870.0,1920.0,1870.0,0.0,0.0,0.0,0.0,0.005208333306206597,0.032085561325745665,0.005208333306206597,0.06629834217514728,1870.0,1860.0,1836.4285714285713,39.15780041490177,47.06787243316439,41.02522130432433,1.032085555978152,1.037634403023471,1.050952930877736,1870.0,1836.4285714285713,23.57142857142867,0,1,False,False,False,False,True,False,False,False,False,False,False,False,False,False,False,True,False,False
2026-06-27,Andhra Pradesh,Eluru,Polavaram,Paddy(Common),1001,Local,2390.0,2390.0,2390.0,2390.0,5,6,26,103.1,26.3,143.3,-0.876001885902876,0,16.1,32.5,25.9,83.0,29.2,18.099999999999998,-5.87142857142857,0,0,1,2320.0,1,0,0,0,0.0,0.0,2390.0,2390.0,2390.0,0.0,0.0,0.0,0.0,0.0,2390.0,2390.0,2390.0,2389.0,2390.0,2390.0,2390.0,2390.0,0.0,0.0,0.0,0.0,0.0,0.0,0.0,0.0004185851803324186,2390.0,2389.714285714286,2382.4333333333334,0.0,0.4688072309658813,9.394361233660836,0.9999999958158995,1.0001195558340286,1.0031760203020328,2390.0,2382.4333333333334,7.280952380952385,0,1,False,False,False,False,False,True,False,False,False,False,False,False,True,False,False,False,False,False
2026-06-27,Andhra Pradesh,SPSR Nellore,Rapur,Paddy(Common),,,2350.0,2390.0,2370.0,2370.0,5,6,26,103.1,26.3,143.3,-0.876001885902876,0,16.1,32.5,25.9,83.0,29.2,18.099999999999998,-5.87142857142857,0,0,1,2320.0,1,0,0,0,40.0,3.713572066704308,2370.0,2350.0,2390.0,40.0,3.713572066704308,0.0,0.0,0.0,2370.0,2385.0,2385.0,2385.0,2350.0,2364.285714285714,2390.0,2397.1428571428573,40.0,32.857142857142854,4.8795003647425785,3.713572066704308,0.0,-0.006289308149730364,-0.006289308149730364,-0.006289308149730364,2380.714285714286,2382.8571428571427,2384.0,7.319250547126018,5.44704779400424,3.8056219755248173,0.9954995457734791,0.9946043123727637,0.9941275126085255,2380.714285714286,2384.0,-1.1428571428573377,0,1,False,False,False,False,False,False,False,True,False,False,False,False,False,False,False,False,False,True
2026-06-27,Andhra Pradesh,NTR,Tiruvuru,Paddy(Common),,,2450.0,2450.0,2450.0,2450.0,5,6,26,103.1,26.3,143.3,-0.876001885902876,0,16.1,32.5,25.9,83.0,29.2,18.099999999999998,-5.87142857142857,0,0,1,2320.0,1,0,0,0,0.0,0.0,2450.0,2450.0,2450.0,0.0,0.0,0.0,0.0,0.0,2450.0,2450.0,2450.0,2450.0,2450.0,2450.0,2450.0,2450.0,0.0,0.0,0.0,0.0,0.0,0.0,0.0,0.0,2450.0,2450.0,2415.5172413793102,0.0,0.0,61.38788892284831,0.9999999959183673,0.9999999959183673,1.0142755132885095,2450.0,2415.5172413793102,34.482758620689765,0,1,False,False,False,False,False,False,False,False,True,False,False,False,False,False,False,True,False,False
2026-06-28,Andhra Pradesh,Kakinada,Jaggampet,Paddy(Common),,,2369.0,2379.0,2379.0,2377.0,6,6,26,16.900000000000002,103.1,132.37142857142857,2.9201520912547525,1,1.2,33.3,27.7,80.0,30.5,33.9,9.92857142857143,0,0,1,2320.0,1,0,0,0,10.0,2.3978952727983707,2377.0,2369.0,2379.0,10.0,2.3978952727983707,0.0,0.0,0.0,2377.0,2377.0,2377.0,2377.0,2369.0,2369.0,2379.0,2379.0,10.0,10.0,0.0,2.3978952727983707,0.0,0.0,0.0,0.0,2377.0,2377.0,2377.0,0.0,0.0,0.0,0.9999999957930163,0.9999999957930163,0.9999999957930163,2377.0,2377.0,0.0,0,1,True,False,False,False,False,False,False,False,False,False,False,False,False,True,False,False,False,False
2026-06-28,Andhra Pradesh,East Godavari,Kovvur,Paddy(Common),,,2400.0,2400.0,2400.0,2400.0,6,6,26,16.900000000000002,103.1,132.37142857142857,2.9201520912547525,1,1.2,33.3,27.7,80.0,30.5,33.9,9.92857142857143,0,0,1,2320.0,1,0,0,0,0.0,0.0,2400.0,2400.0,2400.0,0.0,0.0,0.0,0.0,0.0,2400.0,2400.0,2400.0,2400.0,2400.0,2400.0,2400.0,2400.0,0.0,0.0,0.0,0.0,0.0,0.0,0.0,0.0,2400.0,2400.0,2400.0,0.0,0.0,0.0,0.9999999958333333,0.9999999958333333,0.9999999958333333,2400.0,2400.0,0.0,0,1,False,True,False,False,False,False,False,False,False,False,False,True,False,False,False,False,False,False
2026-06-28,Andhra Pradesh,Bapatla,Kuchinapudi,Paddy(Common),,,2400.0,2500.0,2450.0,2450.0,6,6,26,16.900000000000002,103.1,132.37142857142857,2.9201520912547525,1,1.2,33.3,27.7,80.0,30.5,33.9,9.92857142857143,0,0,1,2320.0,1,0,0,0,100.0,4.61512051684126,2450.0,2400.0,2500.0,100.0,4.61512051684126,0.0,0.0,0.0,2450.0,2450.0,2450.0,2450.0,2400.0,2400.0,2500.0,2500.0,100.0,100.0,0.0,4.61512051684126,0.0,0.0,0.0,0.0,2450.0,2450.0,2450.0,0.0,0.0,0.0,0.9999999959183673,0.9999999959183673,0.9999999959183673,2450.0,2450.0,0.0,0,1,False,False,True,False,False,False,False,False,False,False,True,False,False,False,False,False,False,False
2026-06-28,Andhra Pradesh,NTR,Mylavaram,Paddy(Common),,,2369.0,2369.0,2369.0,2369.0,6,6,26,16.900000000000002,103.1,132.37142857142857,2.9201520912547525,1,1.2,33.3,27.7,80.0,30.5,33.9,9.92857142857143,0,0,1,2320.0,1,0,0,0,0.0,0.0,2369.0,2369.0,2369.0,0.0,0.0,0.0,0.0,0.0,2369.0,2369.0,2369.0,2369.0,2369.0,2369.0,2369.0,2369.0,0.0,0.0,0.0,0.0,0.0,0.0,0.0,0.0,2369.0,2369.0,2369.0,0.0,0.0,0.0,0.9999999957788096,0.9999999957788096,0.9999999957788096,2369.0,2369.0,0.0,0,1,False,False,False,True,False,False,False,False,False,False,False,False,False,False,False,True,False,False
2026-06-28,Andhra Pradesh,NTR,Nandigama,Paddy(Common),B P T,Grade Range-1,1860.0,1860.0,1860.0,1860.0,6,6,26,16.900000000000002,103.1,132.37142857142857,2.9201520912547525,1,1.2,33.3,27.7,80.0,30.5,33.9,9.92857142857143,0,0,1,2320.0,1,0,0,0,0.0,0.0,1910.0,1910.0,1910.0,0.0,0.0,0.02688172028558215,0.02688172028558215,0.02688172028558215,1930.0,1870.0,1860.0,1850.0,1930.0,1871.4285714285713,1930.0,1871.4285714285713,0.0,0.0,0.0,0.0,-0.036269429863888966,-0.005347593554290943,0.0,0.005405405376186998,1871.4285714285713,1868.5714285714287,1839.655172413793,41.403933560540615,48.17550332771988,43.87341845913817,0.9938931244601131,0.9954128387095643,1.0110590385528189,1871.4285714285713,1839.655172413793,28.916256157635644,0,1,False,False,False,False,True,False,False,False,False,False,False,False,False,False,False,True,False,False
2026-06-28,Andhra Pradesh,Eluru,Polavaram,Paddy(Common),,,2390.0,2390.0,2390.0,2390.0,6,6,26,16.900000000000002,103.1,132.37142857142857,2.9201520912547525,1,1.2,33.3,27.7,80.0,30.5,33.9,9.92857142857143,0,0,1,2320.0,1,0,0,0,0.0,0.0,2389.0,2389.0,2389.0,0.0,0.0,-0.0004184100400903345,-0.0004184100400903345,-0.0004184100400903345,2390.0,2390.0,2390.0,2389.0,2390.0,2390.0,2390.0,2390.0,0.0,0.0,0.0,0.0,0.0,0.0,0.0,0.0004185851803324186,2390.0,2389.785714285714,2383.133333333333,0.0,0.4258153136566813,9.137770547278851,0.9999999958158995,1.0000896631493392,1.002881356465376,2390.0,2383.133333333333,6.652380952381009,0,1,False,False,False,False,False,True,False,False,False,False,False,False,True,False,False,False,False,False
2026-06-28,Andhra Pradesh,SPSR Nellore,Rapur,Paddy(Common),,,2350.0,2390.0,2370.0,2370.0,6,6,26,16.900000000000002,103.1,132.37142857142857,2.9201520912547525,1,1.2,33.3,27.7,80.0,30.5,33.9,9.92857142857143,0,0,1,2320.0,1,0,0,0,40.0,3.713572066704308,2370.0,2350.0,2390.0,40.0,3.713572066704308,0.0,0.0,0.0,2370.0,2370.0,2385.0,2385.0,2350.0,2361.4285714285716,2390.0,2395.714285714286,40.0,34.285714285714285,5.345224838248409,3.713572066704308,0.0,0.0,-0.006289308149730364,-0.006289308149730364,2378.5714285714284,2381.785714285714,2383.5,8.017837257384327,6.3872297043817,4.576928649430178,0.9963963922073424,0.9950517277160821,0.9943360562436078,2378.5714285714284,2383.5,-1.7142857142857792,0,1,False,False,False,False,False,False,False,True,False,False,False,False,False,False,False,False,False,True
2026-06-28,Andhra Pradesh,NTR,Tiruvuru,Paddy(Common),,,2450.0,2450.0,2450.0,2450.0,6,6,26,16.900000000000002,103.1,132.37142857142857,2.9201520912547525,1,1.2,33.3,27.7,80.0,30.5,33.9,9.92857142857143,0,0,1,2320.0,1,0,0,0,0.0,0.0,2400.0,2400.0,2400.0,0.0,0.0,-0.020408163182007496,-0.020408163182007496,-0.020408163182007496,2450.0,2450.0,2450.0,2450.0,2450.0,2450.0,2450.0,2450.0,0.0,0.0,0.0,0.0,0.0,0.0,0.0,0.0,2450.0,2450.0,2416.6666666666665,0.0,0.0,60.64784348631245,0.9999999959183673,0.9999999959183673,1.01379309925327,2450.0,2416.6666666666665,33.333333333333485,0,1,False,False,False,False,False,False,False,False,True,False,False,False,False,False,False,True,False,False
2026-06-29,Andhra Pradesh,Kakinada,Jaggampet,Paddy(Common),,,2369.0,2379.0,2379.0,2377.0,0,6,27,152.93,16.900000000000002,129.9714285714286,-0.8360814742967992,0,1.7,33.1,25.4,79.0,29.25,34.2,6.714285714285715,0,0,1,2320.0,1,0,0,0,10.0,2.3978952727983707,2377.0,2369.0,2379.0,10.0,2.3978952727983707,0.0,0.0,0.0,2377.0,2377.0,2377.0,2377.0,2369.0,2369.0,2379.0,2379.0,10.0,10.0,0.0,2.3978952727983707,0.0,0.0,0.0,0.0,2377.0,2377.0,2377.0,0.0,0.0,0.0,0.9999999957930163,0.9999999957930163,0.9999999957930163,2377.0,2377.0,0.0,0,1,True,False,False,False,False,False,False,False,False,False,False,False,False,True,False,False,False,False
2026-06-29,Andhra Pradesh,East Godavari,Kovvur,Paddy(Common),MTU-1010,Grade Range-2,2400.0,2400.0,2400.0,2400.0,0,6,27,152.93,16.900000000000002,129.9714285714286,-0.8360814742967992,0,1.7,33.1,25.4,79.0,29.25,34.2,6.714285714285715,0,0,1,2320.0,1,0,0,0,0.0,0.0,2400.0,2400.0,2400.0,0.0,0.0,0.0,0.0,0.0,2400.0,2400.0,2400.0,2400.0,2400.0,2400.0,2400.0,2400.0,0.0,0.0,0.0,0.0,0.0,0.0,0.0,0.0,2400.0,2400.0,2400.0,0.0,0.0,0.0,0.9999999958333333,0.9999999958333333,0.9999999958333333,2400.0,2400.0,0.0,0,1,False,True,False,False,False,False,False,False,False,False,False,True,False,False,False,False,False,False
2026-06-29,Andhra Pradesh,Bapatla,Kuchinapudi,Paddy(Common),B P T,Local,2400.0,2500.0,2450.0,2450.0,0,6,27,152.93,16.900000000000002,129.9714285714286,-0.8360814742967992,0,1.7,33.1,25.4,79.0,29.25,34.2,6.714285714285715,0,0,1,2320.0,1,0,0,0,100.0,4.61512051684126,2450.0,2400.0,2500.0,100.0,4.61512051684126,0.0,0.0,0.0,2450.0,2450.0,2450.0,2450.0,2400.0,2400.0,2500.0,2500.0,100.0,100.0,0.0,4.61512051684126,0.0,0.0,0.0,0.0,2450.0,2450.0,2450.0,0.0,0.0,0.0,0.9999999959183673,0.9999999959183673,0.9999999959183673,2450.0,2450.0,0.0,0,1,False,False,True,False,False,False,False,False,False,False,True,False,False,False,False,False,False,False
2026-06-29,Andhra Pradesh,NTR,Mylavaram,Paddy(Common),1001,FAQ,2369.0,2369.0,2369.0,2369.0,0,6,27,152.93,16.900000000000002,129.9714285714286,-0.8360814742967992,0,1.7,33.1,25.4,79.0,29.25,34.2,6.714285714285715,0,0,1,2320.0,1,0,0,0,0.0,0.0,2369.0,2369.0,2369.0,0.0,0.0,0.0,0.0,0.0,2369.0,2369.0,2369.0,2369.0,2369.0,2369.0,2369.0,2369.0,0.0,0.0,0.0,0.0,0.0,0.0,0.0,0.0,2369.0,2369.0,2369.0,0.0,0.0,0.0,0.9999999957788096,0.9999999957788096,0.9999999957788096,2369.0,2369.0,0.0,0,1,False,False,False,True,False,False,False,False,False,False,False,False,False,False,False,True,False,False
2026-06-29,Andhra Pradesh,NTR,Nandigama,Paddy(Common),B P T,Grade Range-1,1910.0,1910.0,1910.0,1910.0,0,6,27,152.93,16.900000000000002,129.9714285714286,-0.8360814742967992,0,1.7,33.1,25.4,79.0,29.25,34.2,6.714285714285715,0,0,1,2320.0,1,0,0,0,0.0,0.0,1910.0,1910.0,1910.0,0.0,0.0,0.0,0.0,0.0,1860.0,1920.0,1830.0,1820.0,1860.0,1871.4285714285713,1860.0,1871.4285714285713,0.0,0.0,0.0,0.0,0.02688172028558215,-0.005208333306206597,0.043715846755651114,0.04945054917884314,1871.4285714285713,1869.2857142857142,1840.3333333333333,41.403933560540615,47.95258647300038,43.2700687609197,1.020610681569256,1.0217806594172987,1.037855455327719,1871.4285714285713,1840.3333333333333,28.952380952380963,0,1,False,False,False,False,True,False,False,False,False,False,False,False,False,False,False,True,False,False
2026-06-29,Andhra Pradesh,Eluru,Polavaram,Paddy(Common),1001,Local,2389.0,2389.0,2389.0,2389.0,0,6,27,152.93,16.900000000000002,129.9714285714286,-0.8360814742967992,0,1.7,33.1,25.4,79.0,29.25,34.2,6.714285714285715,0,0,1,2320.0,1,0,0,0,0.0,0.0,2390.0,2390.0,2390.0,0.0,0.0,0.0004185851803324186,0.0004185851803324186,0.0004185851803324186,2390.0,2390.0,2390.0,2389.0,2390.0,2390.0,2390.0,2390.0,0.0,0.0,0.0,0.0,-0.0004184100400903345,-0.0004184100400903345,-0.0004184100400903345,0.0,2390.0,2389.8571428571427,2383.8333333333335,0.0,0.36313651963707394,8.816455356744898,0.9995815857758091,0.999641337200377,1.002167373269241,2390.0,2383.8333333333335,6.023809523809177,0,1,False,False,False,False,False,True,False,False,False,False,False,False,True,False,False,False,False,False
2026-06-29,Andhra Pradesh,SPSR Nellore,Rapur,Paddy(Common),,,2350.0,2390.0,2370.0,2370.0,0,6,27,152.93,16.900000000000002,129.9714285714286,-0.8360814742967992,0,1.7,33.1,25.4,79.0,29.25,34.2,6.714285714285715,0,0,1,2320.0,1,0,0,0,40.0,3.713572066704308,2370.0,2350.0,2390.0,40.0,3.713572066704308,0.0,0.0,0.0,2370.0,2370.0,2385.0,2385.0,2350.0,2358.5714285714284,2390.0,2394.285714285714,40.0,35.714285714285715,5.345224838248409,3.713572066704308,0.0,0.0,-0.006289308149730364,-0.006289308149730364,2376.4285714285716,2380.714285714286,2383.0,8.017837257385047,7.03210846406524,5.1861885546171385,0.9972948560378333,0.9954995457734791,0.9945446873917553,2376.4285714285716,2383.0,-2.2857142857142208,0,1,False,False,False,False,False,False,False,True,False,False,False,False,False,False,False,False,False,True
2026-06-29,Andhra Pradesh,NTR,Tiruvuru,Paddy(Common),Sona,Local,2400.0,2400.0,2400.0,2400.0,0,6,27,152.93,16.900000000000002,129.9714285714286,-0.8360814742967992,0,1.7,33.1,25.4,79.0,29.25,34.2,6.714285714285715,0,0,1,2320.0,1,0,0,0,0.0,0.0,2450.0,2450.0,2450.0,0.0,0.0,0.020833333246527776,0.020833333246527776,0.020833333246527776,2450.0,2450.0,2450.0,2450.0,2450.0,2450.0,2450.0,2450.0,0.0,0.0,0.0,0.0,-0.020408163182007496,-0.020408163182007496,-0.020408163182007496,-0.020408163182007496,2450.0,2450.0,2423.3333333333335,0.0,0.0,52.08304597621909,0.9795918327363597,0.9795918327363597,0.9903713851841619,2450.0,2423.3333333333335,26.666666666666515,0,1,False,False,False,False,False,False,False,False,True,False,False,False,False,False,False,True,False,False
2026-06-30,Andhra Pradesh,Kakinada,Jaggampet,Paddy(Common),,,2369.0,2379.0,2379.0,2377.0,1,6,27,85.3,152.93,127.24714285714285,8.049112426035503,0,1.1,33.1,26.4,75.0,29.75,22.4,-5.085714285714289,0,0,1,2320.0,1,0,0,0,10.0,2.3978952727983707,2377.0,2369.0,2379.0,10.0,2.3978952727983707,0.0,0.0,0.0,2377.0,2377.0,2377.0,2377.0,2369.0,2369.0,2379.0,2379.0,10.0,10.0,0.0,2.3978952727983707,0.0,0.0,0.0,0.0,2377.0,2377.0,2377.0,0.0,0.0,0.0,0.9999999957930163,0.9999999957930163,0.9999999957930163,2377.0,2377.0,0.0,0,1,True,False,False,False,False,False,False,False,False,False,False,False,False,True,False,False,False,False
2026-06-30,Andhra Pradesh,East Godavari,Kovvur,Paddy(Common),MTU-1010,Grade Range-2,2400.0,2400.0,2400.0,2400.0,1,6,27,85.3,152.93,127.24714285714285,8.049112426035503,0,1.1,33.1,26.4,75.0,29.75,22.4,-5.085714285714289,0,0,1,2320.0,1,0,0,0,0.0,0.0,2400.0,2400.0,2400.0,0.0,0.0,0.0,0.0,0.0,2400.0,2400.0,2400.0,2400.0,2400.0,2400.0,2400.0,2400.0,0.0,0.0,0.0,0.0,0.0,0.0,0.0,0.0,2400.0,2400.0,2400.0,0.0,0.0,0.0,0.9999999958333333,0.9999999958333333,0.9999999958333333,2400.0,2400.0,0.0,0,1,False,True,False,False,False,False,False,False,False,False,False,True,False,False,False,False,False,False
2026-06-30,Andhra Pradesh,Bapatla,Kuchinapudi,Paddy(Common),B P T,Local,2400.0,2500.0,2450.0,2450.0,1,6,27,85.3,152.93,127.24714285714285,8.049112426035503,0,1.1,33.1,26.4,75.0,29.75,22.4,-5.085714285714289,0,0,1,2320.0,1,0,0,0,100.0,4.61512051684126,2450.0,2400.0,2500.0,100.0,4.61512051684126,0.0,0.0,0.0,2450.0,2450.0,2450.0,2450.0,2400.0,2400.0,2500.0,2500.0,100.0,100.0,0.0,4.61512051684126,0.0,0.0,0.0,0.0,2450.0,2450.0,2450.0,0.0,0.0,0.0,0.9999999959183673,0.9999999959183673,0.9999999959183673,2450.0,2450.0,0.0,0,1,False,False,True,False,False,False,False,False,False,False,True,False,False,False,False,False,False,False
2026-06-30,Andhra Pradesh,NTR,Mylavaram,Paddy(Common),,,2369.0,2369.0,2369.0,2369.0,1,6,27,85.3,152.93,127.24714285714285,8.049112426035503,0,1.1,33.1,26.4,75.0,29.75,22.4,-5.085714285714289,0,0,1,2320.0,1,0,0,0,0.0,0.0,2369.0,2369.0,2369.0,0.0,0.0,0.0,0.0,0.0,2369.0,2369.0,2369.0,2369.0,2369.0,2369.0,2369.0,2369.0,0.0,0.0,0.0,0.0,0.0,0.0,0.0,0.0,2369.0,2369.0,2369.0,0.0,0.0,0.0,0.9999999957788096,0.9999999957788096,0.9999999957788096,2369.0,2369.0,0.0,0,1,False,False,False,True,False,False,False,False,False,False,False,False,False,False,False,True,False,False
2026-06-30,Andhra Pradesh,NTR,Nandigama,Paddy(Common),B P T,Grade Range-1,1910.0,1910.0,1910.0,1910.0,1,6,27,85.3,152.93,127.24714285714285,8.049112426035503,0,1.1,33.1,26.4,75.0,29.75,22.4,-5.085714285714289,0,0,1,2320.0,1,0,0,0,0.0,0.0,1910.0,1910.0,1910.0,0.0,0.0,0.0,0.0,0.0,1910.0,1930.0,1820.0,1830.0,1910.0,1882.857142857143,1910.0,1882.857142857143,0.0,0.0,0.0,0.0,0.0,-0.010362694246825418,0.04945054917884314,0.043715846755651114,1882.857142857143,1875.7142857142858,1844.0,39.03600291794054,46.85727686928075,44.38079733864412,1.014415776099461,1.0182787455232665,1.0357917514327997,1882.857142857143,1844.0,31.71428571428578,0,1,False,False,False,False,True,False,False,False,False,False,False,False,False,False,False,True,False,False
2026-06-30,Andhra Pradesh,Eluru,Polavaram,Paddy(Common),1001,Local,2390.0,2390.0,2390.0,2390.0,1,6,27,85.3,152.93,127.24714285714285,8.049112426035503,0,1.1,33.1,26.4,75.0,29.75,22.4,-5.085714285714289,0,0,1,2320.0,1,0,0,0,0.0,0.0,2390.0,2390.0,2390.0,0.0,0.0,0.0,0.0,0.0,2389.0,2390.0,2390.0,2389.0,2389.0,2389.8571428571427,2389.0,2389.8571428571427,0.0,0.0,0.0,0.0,0.0004185851803324186,0.0,0.0,0.0004185851803324186,2389.8571428571427,2389.8571428571427,2384.5,0.3779644730266941,0.36313651963707394,8.402585808896395,1.0000597722515283,1.0000597722515283,1.0023065590173765,2389.8571428571427,2384.5,5.357142857142662,0,1,False,False,False,False,False,True,False,False,False,False,False,False,True,False,False,False,False,False
2026-06-30,Andhra Pradesh,SPSR Nellore,Rapur,Paddy(Common),,,2350.0,2390.0,2370.0,2370.0,1,6,27,85.3,152.93,127.24714285714285,8.049112426035503,0,1.1,33.1,26.4,75.0,29.75,22.4,-5.085714285714289,0,0,1,2320.0,1,0,0,0,40.0,3.713572066704308,2369.0,2330.0,2390.0,60.0,4.110873864173311,-0.0004219409264897007,-0.008510638261656859,0.0,2370.0,2370.0,2385.0,2385.0,2350.0,2355.714285714286,2390.0,2392.8571428571427,40.0,37.142857142857146,4.8795003647425785,3.713572066704308,0.0,0.0,-0.006289308149730364,-0.006289308149730364,2374.285714285714,2379.6428571428573,2382.5,7.31925054712829,7.458677371470939,5.685735326833159,0.9981949416441849,0.9959477670889181,0.9947534061080654,2374.285714285714,2382.5,-2.8571428571426623,0,1,False,False,False,False,False,False,False,True,False,False,False,False,False,False,False,False,False,True
2026-06-30,Andhra Pradesh,NTR,Tiruvuru,Paddy(Common),Sona,Local,2450.0,2450.0,2450.0,2450.0,1,6,27,85.3,152.93,127.24714285714285,8.049112426035503,0,1.1,33.1,26.4,75.0,29.75,22.4,-5.085714285714289,0,0,1,2320.0,1,0,0,0,0.0,0.0,2400.0,2400.0,2400.0,0.0,0.0,-0.020408163182007496,-0.020408163182007496,-0.020408163182007496,2400.0,2450.0,2450.0,2450.0,2400.0,2442.8571428571427,2400.0,2442.8571428571427,0.0,0.0,0.0,0.0,0.020833333246527776,0.0,0.0,0.0,2442.8571428571427,2446.4285714285716,2428.3333333333335,18.898223650462505,13.363062095621617,40.86000770784432,1.0029239725026504,1.0014598499210399,1.0089224392220077,2442.8571428571427,2428.3333333333335,18.095238095238074,0,1,False,False,False,False,False,False,False,False,True,False,False,False,False,False,False,True,False,False
2026-07-01,Andhra Pradesh,Kakinada,Jaggampet,Paddy(Common),,,2369.0,2379.0,2379.0,2377.0,2,7,27,18365.6,85.3,112.19000000000001,-0.44222847054207814,0,7.0,32.5,25.9,77.0,29.2,22.2,-5.285714285714288,0,0,0,2320.0,0,0,0,0,10.0,2.3978952727983707,2377.0,2369.0,2379.0,10.0,2.3978952727983707,0.0,0.0,0.0,2377.0,2377.0,2377.0,2377.0,2369.0,2369.0,2379.0,2379.0,10.0,10.0,0.0,2.3978952727983707,0.0,0.0,0.0,0.0,2377.0,2377.0,2377.0,0.0,0.0,0.0,0.9999999957930163,0.9999999957930163,0.9999999957930163,2377.0,2377.0,0.0,0,1,True,False,False,False,False,False,False,False,False,False,False,False,False,True,False,False,False,False
2026-07-01,Andhra Pradesh,East Godavari,Kovvur,Paddy(Common),MTU-1010,Grade Range-2,2400.0,2400.0,2400.0,2400.0,2,7,27,18365.6,85.3,112.19000000000001,-0.44222847054207814,0,7.0,32.5,25.9,77.0,29.2,22.2,-5.285714285714288,0,0,0,2320.0,0,0,0,0,0.0,0.0,2400.0,2400.0,2400.0,0.0,0.0,0.0,0.0,0.0,2400.0,2400.0,2400.0,2400.0,2400.0,2400.0,2400.0,2400.0,0.0,0.0,0.0,0.0,0.0,0.0,0.0,0.0,2400.0,2400.0,2400.0,0.0,0.0,0.0,0.9999999958333333,0.9999999958333333,0.9999999958333333,2400.0,2400.0,0.0,0,1,False,True,False,False,False,False,False,False,False,False,False,True,False,False,False,False,False,False
2026-07-01,Andhra Pradesh,Bapatla,Kuchinapudi,Paddy(Common),B P T,Local,2400.0,2500.0,2450.0,2450.0,2,7,27,18365.6,85.3,112.19000000000001,-0.44222847054207814,0,7.0,32.5,25.9,77.0,29.2,22.2,-5.285714285714288,0,0,0,2320.0,0,0,0,0,100.0,4.61512051684126,2450.0,2400.0,2500.0,100.0,4.61512051684126,0.0,0.0,0.0,2450.0,2450.0,2450.0,2450.0,2400.0,2400.0,2500.0,2500.0,100.0,100.0,0.0,4.61512051684126,0.0,0.0,0.0,0.0,2450.0,2450.0,2450.0,0.0,0.0,0.0,0.9999999959183673,0.9999999959183673,0.9999999959183673,2450.0,2450.0,0.0,0,1,False,False,True,False,False,False,False,False,False,False,True,False,False,False,False,False,False,False
2026-07-01,Andhra Pradesh,NTR,Mylavaram,Paddy(Common),1001,FAQ,2369.0,2369.0,2369.0,2369.0,2,7,27,18365.6,85.3,112.19000000000001,-0.44222847054207814,0,7.0,32.5,25.9,77.0,29.2,22.2,-5.285714285714288,0,0,0,2320.0,0,0,0,0,0.0,0.0,2369.0,2369.0,2369.0,0.0,0.0,0.0,0.0,0.0,2369.0,2369.0,2369.0,2369.0,2369.0,2369.0,2369.0,2369.0,0.0,0.0,0.0,0.0,0.0,0.0,0.0,0.0,2369.0,2369.0,2369.0,0.0,0.0,0.0,0.9999999957788096,0.9999999957788096,0.9999999957788096,2369.0,2369.0,0.0,0,1,False,False,False,True,False,False,False,False,False,False,False,False,False,False,False,True,False,False
2026-07-01,Andhra Pradesh,NTR,Nandigama,Paddy(Common),B P T,Grade Range-1,1910.0,1910.0,1910.0,1910.0,2,7,27,18365.6,85.3,112.19000000000001,-0.44222847054207814,0,7.0,32.5,25.9,77.0,29.2,22.2,-5.285714285714288,0,0,0,2320.0,0,0,0,0,0.0,0.0,1930.0,1930.0,1930.0,0.0,0.0,0.010471204133658617,0.010471204133658617,0.010471204133658617,1910.0,1860.0,1870.0,1820.0,1910.0,1895.7142857142858,1910.0,1895.7142857142858,0.0,0.0,0.0,0.0,0.0,0.02688172028558215,0.021390374217163773,0.04945054917884314,1895.7142857142858,1881.4285714285713,1847.6666666666667,28.199966227604335,45.717719651246114,45.15745123785067,1.007535789711567,1.0151860234576293,1.0337362383164195,1895.7142857142858,1847.6666666666667,33.76190476190459,0,1,False,False,False,False,True,False,False,False,False,False,False,False,False,False,False,True,False,False
2026-07-01,Andhra Pradesh,Eluru,Polavaram,Paddy(Common),1001,Local,2390.0,2390.0,2390.0,2390.0,2,7,27,18365.6,85.3,112.19000000000001,-0.44222847054207814,0,7.0,32.5,25.9,77.0,29.2,22.2,-5.285714285714288,0,0,0,2320.0,0,0,0,0,0.0,0.0,2390.0,2390.0,2390.0,0.0,0.0,0.0,0.0,0.0,2390.0,2390.0,2390.0,2390.0,2390.0,2389.8571428571427,2390.0,2389.8571428571427,0.0,0.0,0.0,0.0,0.0,0.0,0.0,0.0,2389.8571428571427,2389.9285714285716,2385.2,0.3779644730266941,0.26726124196124523,7.928125403511157,1.0000597722515283,1.0000298831404348,1.0020124056598507,2389.8571428571427,2385.2,4.72857142857174,0,1,False,False,False,False,False,True,False,False,False,False,False,False,True,False,False,False,False,False
2026-07-01,Andhra Pradesh,SPSR Nellore,Rapur,Paddy(Common),Common,Local,2330.0,2390.0,2375.0,2369.0,2,7,27,18365.6,85.3,112.19000000000001,-0.44222847054207814,0,7.0,32.5,25.9,77.0,29.2,22.2,-5.285714285714288,0,0,0,2320.0,0,0,0,0,60.0,4.110873864173311,2369.0,2330.0,2390.0,60.0,4.110873864173311,0.0,0.0,0.0,2370.0,2370.0,2385.0,2385.0,2350.0,2352.8571428571427,2390.0,2391.4285714285716,40.0,38.57142857142857,3.779644730092158,3.713572066704308,-0.0004219409264897007,-0.0004219409264897007,-0.006708595359712388,-0.006708595359712388,2372.1428571428573,2378.5714285714284,2382.0,5.669467095157869,7.703288865184819,6.102571532579118,0.9986750936520771,0.9959759717886896,0.9945423971681678,2372.1428571428573,2382.0,-3.4285714285715585,0,1,False,False,False,False,False,False,False,True,False,False,False,False,False,False,False,False,False,True
2026-07-01,Andhra Pradesh,NTR,Tiruvuru,Paddy(Common),Sona,Local,2400.0,2400.0,2400.0,2400.0,2,7,27,18365.6,85.3,112.19000000000001,-0.44222847054207814,0,7.0,32.5,25.9,77.0,29.2,22.2,-5.285714285714288,0,0,0,2320.0,0,0,0,0,0.0,0.0,2100.0,2100.0,2100.0,0.0,0.0,-0.12499999947916667,-0.12499999947916667,-0.12499999947916667,2450.0,2450.0,2450.0,2450.0,2450.0,2442.8571428571427,2450.0,2442.8571428571427,0.0,0.0,0.0,0.0,-0.020408163182007496,-0.020408163182007496,-0.020408163182007496,-0.020408163182007496,2442.8571428571427,2446.4285714285716,2435.0,18.898223650462505,13.363062095621617,23.304579984971024,0.9824561363291269,0.9810218938002023,0.9856262793198098,2442.8571428571427,2435.0,11.428571428571558,0,1,False,False,False,False,False,False,False,False,True,False,False,False,False,False,False,True,False,False
2026-07-02,Andhra Pradesh,Kakinada,Jaggampet,Paddy(Common),,,2369.0,2379.0,2379.0,2377.0,3,7,27,91.6,18365.6,2708.89,214.30597889800703,0,3.4,32.4,26.4,71.0,29.4,29.1,1.6142857142857139,0,0,0,2320.0,0,0,0,0,10.0,2.3978952727983707,2377.0,2369.0,2379.0,10.0,2.3978952727983707,0.0,0.0,0.0,2377.0,2377.0,2377.0,2377.0,2369.0,2369.0,2379.0,2379.0,10.0,10.0,0.0,2.3978952727983707,0.0,0.0,0.0,0.0,2377.0,2377.0,2377.0,0.0,0.0,0.0,0.9999999957930163,0.9999999957930163,0.9999999957930163,2377.0,2377.0,0.0,0,1,True,False,False,False,False,False,False,False,False,False,False,False,False,True,False,False,False,False
2026-07-02,Andhra Pradesh,East Godavari,Kovvur,Paddy(Common),MTU-1010,Grade Range-2,2400.0,2400.0,2400.0,2400.0,3,7,27,91.6,18365.6,2708.89,214.30597889800703,0,3.4,32.4,26.4,71.0,29.4,29.1,1.6142857142857139,0,0,0,2320.0,0,0,0,0,0.0,0.0,2400.0,2400.0,2400.0,0.0,0.0,0.0,0.0,0.0,2400.0,2400.0,2400.0,2400.0,2400.0,2400.0,2400.0,2400.0,0.0,0.0,0.0,0.0,0.0,0.0,0.0,0.0,2400.0,2400.0,2400.0,0.0,0.0,0.0,0.9999999958333333,0.9999999958333333,0.9999999958333333,2400.0,2400.0,0.0,0,1,False,True,False,False,False,False,False,False,False,False,False,True,False,False,False,False,False,False
2026-07-02,Andhra Pradesh,Bapatla,Kuchinapudi,Paddy(Common),B P T,Local,2400.0,2500.0,2450.0,2450.0,3,7,27,91.6,18365.6,2708.89,214.30597889800703,0,3.4,32.4,26.4,71.0,29.4,29.1,1.6142857142857139,0,0,0,2320.0,0,0,0,0,100.0,4.61512051684126,2450.0,2400.0,2500.0,100.0,4.61512051684126,0.0,0.0,0.0,2450.0,2450.0,2450.0,2450.0,2400.0,2400.0,2500.0,2500.0,100.0,100.0,0.0,4.61512051684126,0.0,0.0,0.0,0.0,2450.0,2450.0,2450.0,0.0,0.0,0.0,0.9999999959183673,0.9999999959183673,0.9999999959183673,2450.0,2450.0,0.0,0,1,False,False,True,False,False,False,False,False,False,False,True,False,False,False,False,False,False,False
2026-07-02,Andhra Pradesh,NTR,Mylavaram,Paddy(Common),1001,FAQ,2369.0,2369.0,2369.0,2369.0,3,7,27,91.6,18365.6,2708.89,214.30597889800703,0,3.4,32.4,26.4,71.0,29.4,29.1,1.6142857142857139,0,0,0,2320.0,0,0,0,0,0.0,0.0,2369.0,2369.0,2369.0,0.0,0.0,0.0,0.0,0.0,2369.0,2369.0,2369.0,2369.0,2369.0,2369.0,2369.0,2369.0,0.0,0.0,0.0,0.0,0.0,0.0,0.0,0.0,2369.0,2369.0,2369.0,0.0,0.0,0.0,0.9999999957788096,0.9999999957788096,0.9999999957788096,2369.0,2369.0,0.0,0,1,False,False,False,True,False,False,False,False,False,False,False,False,False,False,False,True,False,False
2026-07-02,Andhra Pradesh,NTR,Nandigama,Paddy(Common),B P T,Grade Range-1,1930.0,1930.0,1930.0,1930.0,3,7,27,91.6,18365.6,2708.89,214.30597889800703,0,3.4,32.4,26.4,71.0,29.4,29.1,1.6142857142857139,0,0,0,2320.0,0,0,0,0,0.0,0.0,1870.0,1870.0,1870.0,0.0,0.0,-0.031088082740476256,-0.031088082740476256,-0.031088082740476256,1910.0,1910.0,1870.0,1850.0,1910.0,1901.4285714285713,1910.0,1901.4285714285713,0.0,0.0,0.0,0.0,0.010471204133658617,0.010471204133658617,0.032085561325745665,0.04324324300949598,1901.4285714285713,1887.857142857143,1851.3333333333333,26.09506430251334,42.63955755084615,45.61709701668771,1.0150262906798018,1.0223231122540584,1.0424918921003319,1901.4285714285713,1851.3333333333333,36.52380952380963,0,1,False,False,False,False,True,False,False,False,False,False,False,False,False,False,False,True,False,False
2026-07-02,Andhra Pradesh,Eluru,Polavaram,Paddy(Common),1001,Local,2390.0,2390.0,2390.0,2390.0,3,7,27,91.6,18365.6,2708.89,214.30597889800703,0,3.4,32.4,26.4,71.0,29.4,29.1,1.6142857142857139,0,0,0,2320.0,0,0,0,0,0.0,0.0,2390.0,2390.0,2390.0,0.0,0.0,0.0,0.0,0.0,2390.0,2389.0,2390.0,2390.0,2390.0,2389.8571428571427,2390.0,2389.8571428571427,0.0,0.0,0.0,0.0,0.0,0.0004185851803324186,0.0,0.0,2389.8571428571427,2389.9285714285716,2385.9,0.3779644730266941,0.26726124196124523,7.354801387412356,1.0000597722515283,1.0000298831404348,1.0017184249058282,2389.8571428571427,2385.9,4.0285714285714675,0,1,False,False,False,False,False,True,False,False,False,False,False,False,True,False,False,False,False,False
2026-07-02,Andhra Pradesh,SPSR Nellore,Rapur,Paddy(Common),,,2330.0,2390.0,2375.0,2369.0,3,7,27,91.6,18365.6,2708.89,214.30597889800703,0,3.4,32.4,26.4,71.0,29.4,29.1,1.6142857142857139,0,0,0,2320.0,0,0,0,0,60.0,4.110873864173311,2369.0,2330.0,2390.0,60.0,4.110873864173311,0.0,0.0,0.0,2369.0,2370.0,2370.0,2385.0,2330.0,2347.1428571428573,2390.0,2390.0,60.0,42.857142857142854,7.559289460184484,4.110873864173311,0.0,-0.0004219409264897007,-0.0004219409264897007,-0.006708595359712388,2369.8571428571427,2377.4285714285716,2381.4666666666667,0.3779644733181132,7.8614373877818995,6.5164689683900185,0.9996383103276459,0.9964547488431779,0.9947651265546505,2369.8571428571427,2381.4666666666667,-4.0380952380951385,0,1,False,False,False,False,False,False,False,True,False,False,False,False,False,False,False,False,False,True
2026-07-02,Andhra Pradesh,NTR,Tiruvuru,Paddy(Common),Sona,Local,2100.0,2100.0,2100.0,2100.0,3,7,27,91.6,18365.6,2708.89,214.30597889800703,0,3.4,32.4,26.4,71.0,29.4,29.1,1.6142857142857139,0,0,0,2320.0,0,0,0,0,0.0,0.0,2450.0,2450.0,2450.0,0.0,0.0,0.16666666587301587,0.16666666587301587,0.16666666587301587,2400.0,2400.0,2450.0,2450.0,2400.0,2435.714285714286,2400.0,2435.714285714286,0.0,0.0,0.0,0.0,-0.12499999947916667,-0.12499999947916667,-0.14285714227405247,-0.14285714227405247,2435.714285714286,2442.8571428571427,2433.3333333333335,24.397501823713633,18.156825980064443,23.97316507427019,0.8621700844368383,0.859649119287986,0.8630136950835052,2435.714285714286,2433.3333333333335,9.523809523809177,0,1,False,False,False,False,False,False,False,False,True,False,False,False,False,False,False,True,False,False
2026-07-03,Andhra Pradesh,Kakinada,Jaggampet,Paddy(Common),,,2369.0,2379.0,2379.0,2377.0,4,7,27,313.5,91.6,2691.675714285714,-0.9950124145140916,0,1.3,31.1,26.5,82.0,28.8,32.3,4.81428571428571,0,0,0,2320.0,0,0,0,0,10.0,2.3978952727983707,2377.0,2369.0,2379.0,10.0,2.3978952727983707,0.0,0.0,0.0,2377.0,2377.0,2377.0,2377.0,2369.0,2369.0,2379.0,2379.0,10.0,10.0,0.0,2.3978952727983707,0.0,0.0,0.0,0.0,2377.0,2377.0,2377.0,0.0,0.0,0.0,0.9999999957930163,0.9999999957930163,0.9999999957930163,2377.0,2377.0,0.0,0,1,True,False,False,False,False,False,False,False,False,False,False,False,False,True,False,False,False,False
2026-07-03,Andhra Pradesh,East Godavari,Kovvur,Paddy(Common),MTU-1010,Grade Range-2,2400.0,2400.0,2400.0,2400.0,4,7,27,313.5,91.6,2691.675714285714,-0.9950124145140916,0,1.3,31.1,26.5,82.0,28.8,32.3,4.81428571428571,0,0,0,2320.0,0,0,0,0,0.0,0.0,2400.0,2400.0,2400.0,0.0,0.0,0.0,0.0,0.0,2400.0,2400.0,2400.0,2400.0,2400.0,2400.0,2400.0,2400.0,0.0,0.0,0.0,0.0,0.0,0.0,0.0,0.0,2400.0,2400.0,2400.0,0.0,0.0,0.0,0.9999999958333333,0.9999999958333333,0.9999999958333333,2400.0,2400.0,0.0,0,1,False,True,False,False,False,False,False,False,False,False,False,True,False,False,False,False,False,False
2026-07-03,Andhra Pradesh,Bapatla,Kuchinapudi,Paddy(Common),B P T,Local,2400.0,2500.0,2450.0,2450.0,4,7,27,313.5,91.6,2691.675714285714,-0.9950124145140916,0,1.3,31.1,26.5,82.0,28.8,32.3,4.81428571428571,0,0,0,2320.0,0,0,0,0,100.0,4.61512051684126,2450.0,2400.0,2500.0,100.0,4.61512051684126,0.0,0.0,0.0,2450.0,2450.0,2450.0,2450.0,2400.0,2400.0,2500.0,2500.0,100.0,100.0,0.0,4.61512051684126,0.0,0.0,0.0,0.0,2450.0,2450.0,2450.0,0.0,0.0,0.0,0.9999999959183673,0.9999999959183673,0.9999999959183673,2450.0,2450.0,0.0,0,1,False,False,True,False,False,False,False,False,False,False,True,False,False,False,False,False,False,False
2026-07-03,Andhra Pradesh,NTR,Mylavaram,Paddy(Common),1001,FAQ,2369.0,2369.0,2369.0,2369.0,4,7,27,313.5,91.6,2691.675714285714,-0.9950124145140916,0,1.3,31.1,26.5,82.0,28.8,32.3,4.81428571428571,0,0,0,2320.0,0,0,0,0,0.0,0.0,2369.0,2369.0,2369.0,0.0,0.0,0.0,0.0,0.0,2369.0,2369.0,2369.0,2369.0,2369.0,2369.0,2369.0,2369.0,0.0,0.0,0.0,0.0,0.0,0.0,0.0,0.0,2369.0,2369.0,2369.0,0.0,0.0,0.0,0.9999999957788096,0.9999999957788096,0.9999999957788096,2369.0,2369.0,0.0,0,1,False,False,False,True,False,False,False,False,False,False,False,False,False,False,False,True,False,False
2026-07-03,Andhra Pradesh,NTR,Nandigama,Paddy(Common),B P T,Grade Range-1,1870.0,1870.0,1870.0,1870.0,4,7,27,313.5,91.6,2691.675714285714,-0.9950124145140916,0,1.3,31.1,26.5,82.0,28.8,32.3,4.81428571428571,0,0,0,2320.0,0,0,0,0,0.0,0.0,1890.0,1890.0,1890.0,0.0,0.0,0.010695187108581887,0.010695187108581887,0.010695187108581887,1930.0,1910.0,1920.0,1970.0,1930.0,1910.0,1930.0,1910.0,0.0,0.0,0.0,0.0,-0.031088082740476256,-0.020942408267317233,-0.026041666531032986,-0.050761421062124765,1910.0,1893.5714285714287,1855.6666666666667,23.804761428474475,42.536345157297184,46.733531735850676,0.9790575864970807,0.9875518620046299,1.0077240829474183,1910.0,1855.6666666666667,37.904761904761926,0,1,False,False,False,False,True,False,False,False,False,False,False,False,False,False,False,True,False,False
2026-07-03,Andhra Pradesh,Eluru,Polavaram,Paddy(Common),,,2390.0,2390.0,2390.0,2390.0,4,7,27,313.5,91.6,2691.675714285714,-0.9950124145140916,0,1.3,31.1,26.5,82.0,28.8,32.3,4.81428571428571,0,0,0,2320.0,0,0,0,0,0.0,0.0,2390.0,2390.0,2390.0,0.0,0.0,0.0,0.0,0.0,2390.0,2390.0,2390.0,2390.0,2390.0,2389.8571428571427,2390.0,2389.8571428571427,0.0,0.0,0.0,0.0,0.0,0.0,0.0,0.0,2389.8571428571427,2389.9285714285716,2386.6,0.3779644730266941,0.26726124196124523,6.657119600797202,1.0000597722515283,1.0000298831404348,1.0014246166034333,2389.8571428571427,2386.6,3.3285714285716494,0,1,False,False,False,False,False,True,False,False,False,False,False,False,True,False,False,False,False,False
2026-07-03,Andhra Pradesh,SPSR Nellore,Rapur,Paddy(Common),,,2330.0,2390.0,2375.0,2369.0,4,7,27,313.5,91.6,2691.675714285714,-0.9950124145140916,0,1.3,31.1,26.5,82.0,28.8,32.3,4.81428571428571,0,0,0,2320.0,0,0,0,0,60.0,4.110873864173311,2369.0,2330.0,2390.0,60.0,4.110873864173311,0.0,0.0,0.0,2369.0,2370.0,2370.0,2385.0,2330.0,2344.285714285714,2390.0,2390.0,60.0,45.714285714285715,9.759000729485285,4.110873864173311,0.0,-0.0004219409264897007,-0.0004219409264897007,-0.006708595359712388,2369.714285714286,2376.285714285714,2380.9333333333334,0.48795003671435516,7.839040084752879,6.862860232775316,0.9996985730661381,0.9969339864262727,0.9949879557246962,2369.714285714286,2380.9333333333334,-4.647619047619173,0,1,False,False,False,False,False,False,False,True,False,False,False,False,False,False,False,False,False,True
2026-07-03,Andhra Pradesh,NTR,Tiruvuru,Paddy(Common),Sona,Local,2450.0,2450.0,2450.0,2450.0,4,7,27,313.5,91.6,2691.675714285714,-0.9950124145140916,0,1.3,31.1,26.5,82.0,28.8,32.3,4.81428571428571,0,0,0,2320.0,0,0,0,0,0.0,0.0,2450.0,2450.0,2450.0,0.0,0.0,0.0,0.0,0.0,2100.0,2450.0,2450.0,2450.0,2100.0,2385.714285714286,2100.0,2385.714285714286,0.0,0.0,0.0,0.0,0.16666666587301587,0.0,0.0,0.0,2385.714285714286,2417.8571428571427,2423.3333333333335,128.17398889233039,93.24727848605002,65.30212719423454,1.0269461034798666,1.0132939396791387,1.0110041223754986,2385.714285714286,2423.3333333333335,-5.476190476190823,0,1,False,False,False,False,False,False,False,False,True,False,False,False,False,False,False,True,False,False
2026-07-04,Andhra Pradesh,Kakinada,Jaggampet,Paddy(Common),,,2369.0,2379.0,2379.0,2377.0,5,7,27,114.1,313.5,2732.704285714285,2.4224890829694323,0,4.7,30.6,25.3,82.0,27.950000000000003,31.8,4.314285714285713,0,0,0,2320.0,0,0,0,0,10.0,2.3978952727983707,2377.0,2369.0,2379.0,10.0,2.3978952727983707,0.0,0.0,0.0,2377.0,2377.0,2377.0,2377.0,2369.0,2369.0,2379.0,2379.0,10.0,10.0,0.0,2.3978952727983707,0.0,0.0,0.0,0.0,2377.0,2377.0,2377.0,0.0,0.0,0.0,0.9999999957930163,0.9999999957930163,0.9999999957930163,2377.0,2377.0,0.0,0,1,True,False,False,False,False,False,False,False,False,False,False,False,False,True,False,False,False,False
2026-07-04,Andhra Pradesh,East Godavari,Kovvur,Paddy(Common),MTU-1010,Grade Range-2,2400.0,2400.0,2400.0,2400.0,5,7,27,114.1,313.5,2732.704285714285,2.4224890829694323,0,4.7,30.6,25.3,82.0,27.950000000000003,31.8,4.314285714285713,0,0,0,2320.0,0,0,0,0,0.0,0.0,2400.0,2400.0,2400.0,0.0,0.0,0.0,0.0,0.0,2400.0,2400.0,2400.0,2400.0,2400.0,2400.0,2400.0,2400.0,0.0,0.0,0.0,0.0,0.0,0.0,0.0,0.0,2400.0,2400.0,2400.0,0.0,0.0,0.0,0.9999999958333333,0.9999999958333333,0.9999999958333333,2400.0,2400.0,0.0,0,1,False,True,False,False,False,False,False,False,False,False,False,True,False,False,False,False,False,False
2026-07-04,Andhra Pradesh,Bapatla,Kuchinapudi,Paddy(Common),,,2400.0,2500.0,2450.0,2450.0,5,7,27,114.1,313.5,2732.704285714285,2.4224890829694323,0,4.7,30.6,25.3,82.0,27.950000000000003,31.8,4.314285714285713,0,0,0,2320.0,0,0,0,0,100.0,4.61512051684126,2450.0,2400.0,2500.0,100.0,4.61512051684126,0.0,0.0,0.0,2450.0,2450.0,2450.0,2450.0,2400.0,2400.0,2500.0,2500.0,100.0,100.0,0.0,4.61512051684126,0.0,0.0,0.0,0.0,2450.0,2450.0,2450.0,0.0,0.0,0.0,0.9999999959183673,0.9999999959183673,0.9999999959183673,2450.0,2450.0,0.0,0,1,False,False,True,False,False,False,False,False,False,False,True,False,False,False,False,False,False,False
2026-07-04,Andhra Pradesh,NTR,Mylavaram,Paddy(Common),1001,FAQ,2369.0,2369.0,2369.0,2369.0,5,7,27,114.1,313.5,2732.704285714285,2.4224890829694323,0,4.7,30.6,25.3,82.0,27.950000000000003,31.8,4.314285714285713,0,0,0,2320.0,0,0,0,0,0.0,0.0,2369.0,2369.0,2369.0,0.0,0.0,0.0,0.0,0.0,2369.0,2369.0,2369.0,2369.0,2369.0,2369.0,2369.0,2369.0,0.0,0.0,0.0,0.0,0.0,0.0,0.0,0.0,2369.0,2369.0,2369.0,0.0,0.0,0.0,0.9999999957788096,0.9999999957788096,0.9999999957788096,2369.0,2369.0,0.0,0,1,False,False,False,True,False,False,False,False,False,False,False,False,False,False,False,True,False,False
2026-07-04,Andhra Pradesh,NTR,Nandigama,Paddy(Common),B P T,Grade Range-1,1890.0,1890.0,1890.0,1890.0,5,7,27,114.1,313.5,2732.704285714285,2.4224890829694323,0,4.7,30.6,25.3,82.0,27.950000000000003,31.8,4.314285714285713,0,0,0,2320.0,0,0,0,0,0.0,0.0,1960.0,1960.0,1960.0,0.0,0.0,0.03703703684107388,0.03703703684107388,0.03703703684107388,1870.0,1910.0,1930.0,1920.0,1870.0,1902.857142857143,1870.0,1902.857142857143,0.0,0.0,0.0,0.0,0.010695187108581887,-0.010471204133658617,-0.020725388493650836,-0.015624999918619792,1902.857142857143,1886.4285714285713,1857.3333333333333,27.516228977510316,36.71242565947189,46.30731924968201,0.9932432380234965,1.0018932169532355,1.0175879342197347,1902.857142857143,1857.3333333333333,29.095238095238074,0,1,False,False,False,False,True,False,False,False,False,False,False,False,False,False,False,True,False,False
2026-07-04,Andhra Pradesh,Eluru,Polavaram,Paddy(Common),1001,Local,2390.0,2390.0,2390.0,2390.0,5,7,27,114.1,313.5,2732.704285714285,2.4224890829694323,0,4.7,30.6,25.3,82.0,27.950000000000003,31.8,4.314285714285713,0,0,0,2320.0,0,0,0,0,0.0,0.0,2390.0,2390.0,2390.0,0.0,0.0,0.0,0.0,0.0,2390.0,2390.0,2390.0,2390.0,2390.0,2389.8571428571427,2390.0,2389.8571428571427,0.0,0.0,0.0,0.0,0.0,0.0,0.0,0.0,2389.8571428571427,2389.9285714285716,2387.3,0.3779644730266941,0.26726124196124523,5.79030104631056,1.0000597722515283,1.0000298831404348,1.0011309806009676,2389.8571428571427,2387.3,2.6285714285713766,0,1,False,False,False,False,False,True,False,False,False,False,False,False,True,False,False,False,False,False
2026-07-04,Andhra Pradesh,SPSR Nellore,Rapur,Paddy(Common),,,2330.0,2390.0,2375.0,2369.0,5,7,27,114.1,313.5,2732.704285714285,2.4224890829694323,0,4.7,30.6,25.3,82.0,27.950000000000003,31.8,4.314285714285713,0,0,0,2320.0,0,0,0,0,60.0,4.110873864173311,2369.0,2330.0,2390.0,60.0,4.110873864173311,0.0,0.0,0.0,2369.0,2369.0,2370.0,2385.0,2330.0,2341.4285714285716,2390.0,2390.0,60.0,48.57142857142857,10.690449676496932,4.110873864173311,0.0,0.0,-0.0004219409264897007,-0.006708595359712388,2369.5714285714284,2375.1428571428573,2380.4,0.5345224840447074,7.6345081233516545,7.151561199213858,0.9997588430708917,0.9974136852027571,0.9952108847453751,2369.5714285714284,2380.4,-5.257142857142753,0,1,False,False,False,False,False,False,False,True,False,False,False,False,False,False,False,False,False,True
2026-07-04,Andhra Pradesh,NTR,Tiruvuru,Paddy(Common),Sona,Local,2450.0,2450.0,2450.0,2450.0,5,7,27,114.1,313.5,2732.704285714285,2.4224890829694323,0,4.7,30.6,25.3,82.0,27.950000000000003,31.8,4.314285714285713,0,0,0,2320.0,0,0,0,0,0.0,0.0,2450.0,2450.0,2450.0,0.0,0.0,0.0,0.0,0.0,2450.0,2400.0,2450.0,2450.0,2450.0,2385.714285714286,2450.0,2385.714285714286,0.0,0.0,0.0,0.0,0.0,0.020833333246527776,0.0,0.0,2385.714285714286,2417.8571428571427,2425.0,128.17398889233039,93.24727848605002,65.32412555335418,1.0269461034798666,1.0132939396791387,1.0103092741842916,2385.714285714286,2425.0,-7.142857142857338,0,1,False,False,False,False,False,False,False,False,True,False,False,False,False,False,False,True,False,False
2026-07-05,Andhra Pradesh,Kakinada,Jaggampet,Paddy(Common),,,2369.0,2379.0,2379.0,2377.0,6,7,27,26.3,114.1,2734.2757142857145,-0.6360446570972886,1,0.8,29.5,25.9,76.0,27.7,20.4,-7.085714285714289,0,0,0,2320.0,0,0,0,0,10.0,2.3978952727983707,2377.0,2369.0,2379.0,10.0,2.3978952727983707,0.0,0.0,0.0,2377.0,2377.0,2377.0,2377.0,2369.0,2369.0,2379.0,2379.0,10.0,10.0,0.0,2.3978952727983707,0.0,0.0,0.0,0.0,2377.0,2377.0,2377.0,0.0,0.0,0.0,0.9999999957930163,0.9999999957930163,0.9999999957930163,2377.0,2377.0,0.0,0,1,True,False,False,False,False,False,False,False,False,False,False,False,False,True,False,False,False,False
2026-07-05,Andhra Pradesh,East Godavari,Kovvur,Paddy(Common),,,2400.0,2400.0,2400.0,2400.0,6,7,27,26.3,114.1,2734.2757142857145,-0.6360446570972886,1,0.8,29.5,25.9,76.0,27.7,20.4,-7.085714285714289,0,0,0,2320.0,0,0,0,0,0.0,0.0,2400.0,2400.0,2400.0,0.0,0.0,0.0,0.0,0.0,2400.0,2400.0,2400.0,2400.0,2400.0,2400.0,2400.0,2400.0,0.0,0.0,0.0,0.0,0.0,0.0,0.0,0.0,2400.0,2400.0,2400.0,0.0,0.0,0.0,0.9999999958333333,0.9999999958333333,0.9999999958333333,2400.0,2400.0,0.0,0,1,False,True,False,False,False,False,False,False,False,False,False,True,False,False,False,False,False,False
2026-07-05,Andhra Pradesh,Bapatla,Kuchinapudi,Paddy(Common),,,2400.0,2500.0,2450.0,2450.0,6,7,27,26.3,114.1,2734.2757142857145,-0.6360446570972886,1,0.8,29.5,25.9,76.0,27.7,20.4,-7.085714285714289,0,0,0,2320.0,0,0,0,0,100.0,4.61512051684126,2450.0,2400.0,2500.0,100.0,4.61512051684126,0.0,0.0,0.0,2450.0,2450.0,2450.0,2450.0,2400.0,2400.0,2500.0,2500.0,100.0,100.0,0.0,4.61512051684126,0.0,0.0,0.0,0.0,2450.0,2450.0,2450.0,0.0,0.0,0.0,0.9999999959183673,0.9999999959183673,0.9999999959183673,2450.0,2450.0,0.0,0,1,False,False,True,False,False,False,False,False,False,False,True,False,False,False,False,False,False,False
2026-07-05,Andhra Pradesh,NTR,Mylavaram,Paddy(Common),,,2369.0,2369.0,2369.0,2369.0,6,7,27,26.3,114.1,2734.2757142857145,-0.6360446570972886,1,0.8,29.5,25.9,76.0,27.7,20.4,-7.085714285714289,0,0,0,2320.0,0,0,0,0,0.0,0.0,2369.0,2369.0,2369.0,0.0,0.0,0.0,0.0,0.0,2369.0,2369.0,2369.0,2369.0,2369.0,2369.0,2369.0,2369.0,0.0,0.0,0.0,0.0,0.0,0.0,0.0,0.0,2369.0,2369.0,2369.0,0.0,0.0,0.0,0.9999999957788096,0.9999999957788096,0.9999999957788096,2369.0,2369.0,0.0,0,1,False,False,False,True,False,False,False,False,False,False,False,False,False,False,False,True,False,False
2026-07-05,Andhra Pradesh,NTR,Nandigama,Paddy(Common),B P T,Grade Range-1,1960.0,1960.0,1960.0,1960.0,6,7,27,26.3,114.1,2734.2757142857145,-0.6360446570972886,1,0.8,29.5,25.9,76.0,27.7,20.4,-7.085714285714289,0,0,0,2320.0,0,0,0,0,0.0,0.0,1970.0,1970.0,1970.0,0.0,0.0,0.00510204079029571,0.00510204079029571,0.00510204079029571,1890.0,1930.0,1860.0,1860.0,1890.0,1897.142857142857,1890.0,1897.142857142857,0.0,0.0,0.0,0.0,0.03703703684107388,0.015544041370238128,0.0537634405711643,0.0537634405711643,1897.142857142857,1884.2857142857142,1859.6666666666667,24.976179127509603,35.45621041711744,46.12451912343189,1.0331325246747534,1.040181950506995,1.053952315537091,1897.142857142857,1859.6666666666667,24.61904761904748,0,1,False,False,False,False,True,False,False,False,False,False,False,False,False,False,False,True,False,False
2026-07-05,Andhra Pradesh,Eluru,Polavaram,Paddy(Common),,,2390.0,2390.0,2390.0,2390.0,6,7,27,26.3,114.1,2734.2757142857145,-0.6360446570972886,1,0.8,29.5,25.9,76.0,27.7,20.4,-7.085714285714289,0,0,0,2320.0,0,0,0,0,0.0,0.0,2390.0,2390.0,2390.0,0.0,0.0,0.0,0.0,0.0,2390.0,2390.0,2390.0,2390.0,2390.0,2389.8571428571427,2390.0,2389.8571428571427,0.0,0.0,0.0,0.0,0.0,0.0,0.0,0.0,2389.8571428571427,2389.9285714285716,2388.0,0.3779644730266941,0.26726124196124523,4.660915996994972,1.0000597722515283,1.0000298831404348,1.0008375167469115,2389.8571428571427,2388.0,1.9285714285715585,0,1,False,False,False,False,False,True,False,False,False,False,False,False,True,False,False,False,False,False
2026-07-05,Andhra Pradesh,SPSR Nellore,Rapur,Paddy(Common),,,2330.0,2390.0,2375.0,2369.0,6,7,27,26.3,114.1,2734.2757142857145,-0.6360446570972886,1,0.8,29.5,25.9,76.0,27.7,20.4,-7.085714285714289,0,0,0,2320.0,0,0,0,0,60.0,4.110873864173311,2369.0,2330.0,2390.0,60.0,4.110873864173311,0.0,0.0,0.0,2369.0,2369.0,2370.0,2385.0,2330.0,2338.5714285714284,2390.0,2390.0,60.0,51.42857142857143,10.69044967649693,4.110873864173311,0.0,0.0,-0.0004219409264897007,-0.006708595359712388,2369.4285714285716,2374.0,2379.866666666667,0.5345224840454265,7.232405706782151,7.38933683428134,0.9998191203432207,0.9978938458386948,0.9954339136838173,2369.4285714285716,2379.866666666667,-5.866666666666788,0,1,False,False,False,False,False,False,False,True,False,False,False,False,False,False,False,False,False,True
2026-07-05,Andhra Pradesh,NTR,Tiruvuru,Paddy(Common),,,2450.0,2450.0,2450.0,2450.0,6,7,27,26.3,114.1,2734.2757142857145,-0.6360446570972886,1,0.8,29.5,25.9,76.0,27.7,20.4,-7.085714285714289,0,0,0,2320.0,0,0,0,0,0.0,0.0,2450.0,2450.0,2450.0,0.0,0.0,0.0,0.0,0.0,2450.0,2100.0,2450.0,2450.0,2450.0,2385.714285714286,2450.0,2385.714285714286,0.0,0.0,0.0,0.0,0.0,0.16666666587301587,0.0,0.0,2385.714285714286,2417.8571428571427,2426.6666666666665,128.17398889233039,93.24727848605002,65.30212719423459,1.0269461034798666,1.0132939396791387,1.0096153804548818,2385.714285714286,2426.6666666666665,-8.809523809523853,0,1,False,False,False,False,False,False,False,False,True,False,False,False,False,False,False,True,False,False
2026-07-06,Andhra Pradesh,Kakinada,Jaggampet,Paddy(Common),,,2369.0,2379.0,2379.0,2377.0,0,7,28,250.3,26.3,2735.618571428571,-0.7695004382120947,0,0.1,34.1,28.2,61.0,31.15,20.0,3.3571428571428577,0,0,0,2320.0,0,0,0,0,10.0,2.3978952727983707,2377.0,2369.0,2379.0,10.0,2.3978952727983707,0.0,0.0,0.0,2377.0,2377.0,2377.0,2377.0,2369.0,2369.0,2379.0,2379.0,10.0,10.0,0.0,2.3978952727983707,0.0,0.0,0.0,0.0,2377.0,2377.0,2377.0,0.0,0.0,0.0,0.9999999957930163,0.9999999957930163,0.9999999957930163,2377.0,2377.0,0.0,0,1,True,False,False,False,False,False,False,False,False,False,False,False,False,True,False,False,False,False
2026-07-06,Andhra Pradesh,East Godavari,Kovvur,Paddy(Common),MTU-1010,Grade Range-2,2400.0,2400.0,2400.0,2400.0,0,7,28,250.3,26.3,2735.618571428571,-0.7695004382120947,0,0.1,34.1,28.2,61.0,31.15,20.0,3.3571428571428577,0,0,0,2320.0,0,0,0,0,0.0,0.0,2400.0,2400.0,2400.0,0.0,0.0,0.0,0.0,0.0,2400.0,2400.0,2400.0,2400.0,2400.0,2400.0,2400.0,2400.0,0.0,0.0,0.0,0.0,0.0,0.0,0.0,0.0,2400.0,2400.0,2400.0,0.0,0.0,0.0,0.9999999958333333,0.9999999958333333,0.9999999958333333,2400.0,2400.0,0.0,0,1,False,True,False,False,False,False,False,False,False,False,False,True,False,False,False,False,False,False
2026-07-06,Andhra Pradesh,Bapatla,Kuchinapudi,Paddy(Common),B P T,Local,2400.0,2500.0,2450.0,2450.0,0,7,28,250.3,26.3,2735.618571428571,-0.7695004382120947,0,0.1,34.1,28.2,61.0,31.15,20.0,3.3571428571428577,0,0,0,2320.0,0,0,0,0,100.0,4.61512051684126,2450.0,2400.0,2500.0,100.0,4.61512051684126,0.0,0.0,0.0,2450.0,2450.0,2450.0,2450.0,2400.0,2400.0,2500.0,2500.0,100.0,100.0,0.0,4.61512051684126,0.0,0.0,0.0,0.0,2450.0,2450.0,2450.0,0.0,0.0,0.0,0.9999999959183673,0.9999999959183673,0.9999999959183673,2450.0,2450.0,0.0,0,1,False,False,True,False,False,False,False,False,False,False,True,False,False,False,False,False,False,False
2026-07-06,Andhra Pradesh,NTR,Mylavaram,Paddy(Common),1001,FAQ,2369.0,2369.0,2369.0,2369.0,0,7,28,250.3,26.3,2735.618571428571,-0.7695004382120947,0,0.1,34.1,28.2,61.0,31.15,20.0,3.3571428571428577,0,0,0,2320.0,0,0,0,0,0.0,0.0,2369.0,2369.0,2369.0,0.0,0.0,0.0,0.0,0.0,2369.0,2369.0,2369.0,2369.0,2369.0,2369.0,2369.0,2369.0,0.0,0.0,0.0,0.0,0.0,0.0,0.0,0.0,2369.0,2369.0,2369.0,0.0,0.0,0.0,0.9999999957788096,0.9999999957788096,0.9999999957788096,2369.0,2369.0,0.0,0,1,False,False,False,True,False,False,False,False,False,False,False,False,False,False,False,True,False,False
2026-07-06,Andhra Pradesh,NTR,Nandigama,Paddy(Common),B P T,Grade Range-1,1970.0,1970.0,1970.0,1970.0,0,7,28,250.3,26.3,2735.618571428571,-0.7695004382120947,0,0.1,34.1,28.2,61.0,31.15,20.0,3.3571428571428577,0,0,0,2320.0,0,0,0,0,0.0,0.0,1930.0,1930.0,1930.0,0.0,0.0,-0.020304568424849907,-0.020304568424849907,-0.020304568424849907,1960.0,1870.0,1910.0,1830.0,1960.0,1911.4285714285713,1960.0,1911.4285714285713,0.0,0.0,0.0,0.0,0.00510204079029571,0.053475935542909435,0.03141361240097585,0.07650273182238944,1911.4285714285713,1891.4285714285713,1864.3333333333333,28.535691936338814,39.972518031796,48.96750036456879,1.0306427449816897,1.041540779991854,1.0566779846772145,1911.4285714285713,1864.3333333333333,27.095238095238074,0,1,False,False,False,False,True,False,False,False,False,False,False,False,False,False,False,True,False,False
2026-07-06,Andhra Pradesh,Eluru,Polavaram,Paddy(Common),1001,Local,2390.0,2390.0,2390.0,2390.0,0,7,28,250.3,26.3,2735.618571428571,-0.7695004382120947,0,0.1,34.1,28.2,61.0,31.15,20.0,3.3571428571428577,0,0,0,2320.0,0,0,0,0,0.0,0.0,2390.0,2390.0,2390.0,0.0,0.0,0.0,0.0,0.0,2390.0,2390.0,2389.0,2390.0,2390.0,2389.8571428571427,2390.0,2389.8571428571427,0.0,0.0,0.0,0.0,0.0,0.0,0.0004185851803324186,0.0,2389.8571428571427,2389.9285714285716,2388.7,0.3779644730266941,0.26726124196124523,2.9844424189007235,1.0000597722515283,1.0000298831404348,1.0005442248899223,2389.8571428571427,2388.7,1.2285714285717404,0,1,False,False,False,False,False,True,False,False,False,False,False,False,True,False,False,False,False,False
2026-07-06,Andhra Pradesh,SPSR Nellore,Rapur,Paddy(Common),,,2330.0,2390.0,2375.0,2369.0,0,7,28,250.3,26.3,2735.618571428571,-0.7695004382120947,0,0.1,34.1,28.2,61.0,31.15,20.0,2.6499999999999986,0,0,0,2320.0,0,0,0,0,60.0,4.110873864173311,2369.0,2330.0,2390.0,60.0,4.110873864173311,0.0,0.0,0.0,2369.0,2369.0,2370.0,2385.0,2330.0,2335.714285714286,2390.0,2390.0,60.0,54.285714285714285,9.75900072948528,4.110873864173311,0.0,0.0,-0.0004219409264897007,-0.006708595359712388,2369.285714285714,2372.8571428571427,2379.3333333333335,0.48795003671674425,6.59670247292395,7.580980435781808,0.9998794048844402,0.9983744690014321,0.9956570426072132,2369.285714285714,2379.3333333333335,-6.476190476190823,0,1,False,False,False,False,False,False,False,True,False,False,False,False,False,False,False,False,False,True
2026-07-06,Andhra Pradesh,NTR,Tiruvuru,Paddy(Common),Sona,Local,2450.0,2450.0,2450.0,2450.0,0,7,28,250.3,26.3,2735.618571428571,-0.7695004382120947,0,0.1,34.1,28.2,61.0,31.15,20.0,3.3571428571428577,0,0,0,2320.0,0,0,0,0,0.0,0.0,2450.0,2450.0,2450.0,0.0,0.0,0.0,0.0,0.0,2450.0,2450.0,2400.0,2450.0,2450.0,2385.714285714286,2450.0,2385.714285714286,0.0,0.0,0.0,0.0,0.0,0.0,0.020833333246527776,0.0,2385.714285714286,2417.8571428571427,2428.3333333333335,128.17398889233039,93.24727848605002,65.23608760829256,1.0269461034798666,1.0132939396791387,1.0089224392220077,2385.714285714286,2428.3333333333335,-10.476190476190823,0,1,False,False,False,False,False,False,False,False,True,False,False,False,False,False,False,True,False,False
2026-07-07,Andhra Pradesh,Kakinada,Jaggampet,Paddy(Common),,,2369.0,2379.0,2379.0,2377.0,1,7,28,188.7,250.3,2749.528571428571,8.517110266159696,0,1.3,34.8,28.9,64.0,31.849999999999998,18.400000000000002,1.7571428571428598,0,0,0,2320.0,0,0,0,0,10.0,2.3978952727983707,2377.0,2369.0,2379.0,10.0,2.3978952727983707,0.0,0.0,0.0,2377.0,2377.0,2377.0,2377.0,2369.0,2369.0,2379.0,2379.0,10.0,10.0,0.0,2.3978952727983707,0.0,0.0,0.0,0.0,2377.0,2377.0,2377.0,0.0,0.0,0.0,0.9999999957930163,0.9999999957930163,0.9999999957930163,2377.0,2377.0,0.0,0,1,True,False,False,False,False,False,False,False,False,False,False,False,False,True,False,False,False,False
2026-07-07,Andhra Pradesh,East Godavari,Kovvur,Paddy(Common),MTU-1010,Grade Range-2,2400.0,2400.0,2400.0,2400.0,1,7,28,188.7,250.3,2749.528571428571,8.517110266159696,0,1.3,34.8,28.9,64.0,31.849999999999998,18.400000000000002,1.7571428571428598,0,0,0,2320.0,0,0,0,0,0.0,0.0,2400.0,2400.0,2400.0,0.0,0.0,0.0,0.0,0.0,2400.0,2400.0,2400.0,2400.0,2400.0,2400.0,2400.0,2400.0,0.0,0.0,0.0,0.0,0.0,0.0,0.0,0.0,2400.0,2400.0,2400.0,0.0,0.0,0.0,0.9999999958333333,0.9999999958333333,0.9999999958333333,2400.0,2400.0,0.0,0,1,False,True,False,False,False,False,False,False,False,False,False,True,False,False,False,False,False,False
2026-07-07,Andhra Pradesh,Bapatla,Kuchinapudi,Paddy(Common),B P T,Local,2400.0,2500.0,2450.0,2450.0,1,7,28,188.7,250.3,2749.528571428571,8.517110266159696,0,1.3,34.8,28.9,64.0,31.849999999999998,18.400000000000002,1.7571428571428598,0,0,0,2320.0,0,0,0,0,100.0,4.61512051684126,2450.0,2400.0,2500.0,100.0,4.61512051684126,0.0,0.0,0.0,2450.0,2450.0,2450.0,2450.0,2400.0,2400.0,2500.0,2500.0,100.0,100.0,0.0,4.61512051684126,0.0,0.0,0.0,0.0,2450.0,2450.0,2450.0,0.0,0.0,0.0,0.9999999959183673,0.9999999959183673,0.9999999959183673,2450.0,2450.0,0.0,0,1,False,False,True,False,False,False,False,False,False,False,True,False,False,False,False,False,False,False
2026-07-07,Andhra Pradesh,NTR,Mylavaram,Paddy(Common),1001,FAQ,2369.0,2369.0,2369.0,2369.0,1,7,28,188.7,250.3,2749.528571428571,8.517110266159696,0,1.3,34.8,28.9,64.0,31.849999999999998,18.400000000000002,1.7571428571428598,0,0,0,2320.0,0,0,0,0,0.0,0.0,2369.0,2369.0,2369.0,0.0,0.0,0.0,0.0,0.0,2369.0,2369.0,2369.0,2369.0,2369.0,2369.0,2369.0,2369.0,0.0,0.0,0.0,0.0,0.0,0.0,0.0,0.0,2369.0,2369.0,2369.0,0.0,0.0,0.0,0.9999999957788096,0.9999999957788096,0.9999999957788096,2369.0,2369.0,0.0,0,1,False,False,False,True,False,False,False,False,False,False,False,False,False,False,False,True,False,False
2026-07-07,Andhra Pradesh,NTR,Nandigama,Paddy(Common),B P T,Grade Range-1,1930.0,1930.0,1930.0,1930.0,1,7,28,188.7,250.3,2749.528571428571,8.517110266159696,0,1.3,34.8,28.9,64.0,31.849999999999998,18.400000000000002,1.7571428571428598,0,0,0,2320.0,0,0,0,0,0.0,0.0,1930.0,1930.0,1930.0,0.0,0.0,0.0,0.0,0.0,1970.0,1890.0,1910.0,1820.0,1970.0,1920.0,1970.0,1920.0,0.0,0.0,0.0,0.0,-0.020304568424849907,0.021164021052042216,0.010471204133658617,0.06043956010747494,1920.0,1901.4285714285713,1869.3333333333333,36.05551275463875,40.92340741831435,51.857452717028806,1.0052083280978732,1.0150262906798018,1.0324536321373736,1920.0,1869.3333333333333,32.095238095238074,0,1,False,False,False,False,True,False,False,False,False,False,False,False,False,False,False,True,False,False
2026-07-07,Andhra Pradesh,Eluru,Polavaram,Paddy(Common),,,2390.0,2390.0,2390.0,2390.0,1,7,28,188.7,250.3,2749.528571428571,8.517110266159696,0,1.3,34.8,28.9,64.0,31.849999999999998,18.400000000000002,1.7571428571428598,0,0,0,2320.0,0,0,0,0,0.0,0.0,2390.0,2390.0,2390.0,0.0,0.0,0.0,0.0,0.0,2390.0,2390.0,2390.0,2390.0,2390.0,2390.0,2390.0,2390.0,0.0,0.0,0.0,0.0,0.0,0.0,0.0,0.0,2390.0,2389.9285714285716,2389.0333333333333,0.0,0.26726124196124523,2.498045212774921,0.9999999958158995,1.0000298831404348,1.0004046225095033,2390.0,2389.0333333333333,0.8952380952382555,0,1,False,False,False,False,False,True,False,False,False,False,False,False,True,False,False,False,False,False
2026-07-07,Andhra Pradesh,SPSR Nellore,Rapur,Paddy(Common),,,2330.0,2390.0,2375.0,2369.0,1,7,28,188.7,250.3,2749.528571428571,8.517110266159696,0,1.3,34.8,28.9,64.0,31.849999999999998,18.400000000000002,1.0500000000000007,0,0,0,2320.0,0,0,0,0,60.0,4.110873864173311,2369.0,2330.0,2390.0,60.0,4.110873864173311,0.0,0.0,0.0,2369.0,2369.0,2370.0,2385.0,2330.0,2332.8571428571427,2390.0,2390.0,60.0,57.142857142857146,7.559289460184473,4.110873864173311,0.0,0.0,-0.0004219409264897007,-0.006708595359712388,2369.1428571428573,2371.714285714286,2378.8,0.37796447332341754,5.649078501125699,7.729923941270032,0.9999396966958646,0.9988555553596018,0.9958802715828136,2369.1428571428573,2378.8,-7.085714285714403,0,1,False,False,False,False,False,False,False,True,False,False,False,False,False,False,False,False,False,True
2026-07-07,Andhra Pradesh,NTR,Tiruvuru,Paddy(Common),Sona,Local,2450.0,2450.0,2450.0,2450.0,1,7,28,188.7,250.3,2749.528571428571,8.517110266159696,0,1.3,34.8,28.9,64.0,31.849999999999998,18.400000000000002,1.7571428571428598,0,0,0,2320.0,0,0,0,0,0.0,0.0,2450.0,2450.0,2450.0,0.0,0.0,0.0,0.0,0.0,2450.0,2450.0,2450.0,2450.0,2450.0,2392.8571428571427,2450.0,2392.8571428571427,0.0,0.0,0.0,0.0,0.0,0.0,0.0,0.0,2392.8571428571427,2417.8571428571427,2430.0,130.47532151257326,93.24727848605002,65.12587281829603,1.0238805927360215,1.0132939396791387,1.0082304485258005,2392.8571428571427,2430.0,-12.142857142857338,0,1,False,False,False,False,False,False,False,False,True,False,False,False,False,False,False,True,False,False
2026-07-08,Andhra Pradesh,Kakinada,Jaggampet,Paddy(Common),,,2369.0,2379.0,2379.0,2377.0,2,7,28,295.59999999999997,188.7,2764.2999999999997,-0.24610467439073125,0,0.8,34.4,28.4,66.0,31.4,18.6,1.957142857142859,0,0,0,2320.0,0,0,0,0,10.0,2.3978952727983707,2377.0,2369.0,2379.0,10.0,2.3978952727983707,0.0,0.0,0.0,2377.0,2377.0,2377.0,2377.0,2369.0,2369.0,2379.0,2379.0,10.0,10.0,0.0,2.3978952727983707,0.0,0.0,0.0,0.0,2377.0,2377.0,2377.0,0.0,0.0,0.0,0.9999999957930163,0.9999999957930163,0.9999999957930163,2377.0,2377.0,0.0,0,1,True,False,False,False,False,False,False,False,False,False,False,False,False,True,False,False,False,False
2026-07-08,Andhra Pradesh,East Godavari,Kovvur,Paddy(Common),MTU-1010,Grade Range-2,2400.0,2400.0,2400.0,2400.0,2,7,28,295.59999999999997,188.7,2764.2999999999997,-0.24610467439073125,0,0.8,34.4,28.4,66.0,31.4,18.6,1.957142857142859,0,0,0,2320.0,0,0,0,0,0.0,0.0,2400.0,2400.0,2400.0,0.0,0.0,0.0,0.0,0.0,2400.0,2400.0,2400.0,2400.0,2400.0,2400.0,2400.0,2400.0,0.0,0.0,0.0,0.0,0.0,0.0,0.0,0.0,2400.0,2400.0,2400.0,0.0,0.0,0.0,0.9999999958333333,0.9999999958333333,0.9999999958333333,2400.0,2400.0,0.0,0,1,False,True,False,False,False,False,False,False,False,False,False,True,False,False,False,False,False,False
2026-07-08,Andhra Pradesh,Bapatla,Kuchinapudi,Paddy(Common),B P T,Local,2400.0,2500.0,2450.0,2450.0,2,7,28,295.59999999999997,188.7,2764.2999999999997,-0.24610467439073125,0,0.8,34.4,28.4,66.0,31.4,18.6,1.957142857142859,0,0,0,2320.0,0,0,0,0,100.0,4.61512051684126,2450.0,2400.0,2500.0,100.0,4.61512051684126,0.0,0.0,0.0,2450.0,2450.0,2450.0,2450.0,2400.0,2400.0,2500.0,2500.0,100.0,100.0,0.0,4.61512051684126,0.0,0.0,0.0,0.0,2450.0,2450.0,2450.0,0.0,0.0,0.0,0.9999999959183673,0.9999999959183673,0.9999999959183673,2450.0,2450.0,0.0,0,1,False,False,True,False,False,False,False,False,False,False,True,False,False,False,False,False,False,False
2026-07-08,Andhra Pradesh,NTR,Mylavaram,Paddy(Common),,,2369.0,2369.0,2369.0,2369.0,2,7,28,295.59999999999997,188.7,2764.2999999999997,-0.24610467439073125,0,0.8,34.4,28.4,66.0,31.4,18.6,1.957142857142859,0,0,0,2320.0,0,0,0,0,0.0,0.0,2369.0,2369.0,2369.0,0.0,0.0,0.0,0.0,0.0,2369.0,2369.0,2369.0,2369.0,2369.0,2369.0,2369.0,2369.0,0.0,0.0,0.0,0.0,0.0,0.0,0.0,0.0,2369.0,2369.0,2369.0,0.0,0.0,0.0,0.9999999957788096,0.9999999957788096,0.9999999957788096,2369.0,2369.0,0.0,0,1,False,False,False,True,False,False,False,False,False,False,False,False,False,False,False,True,False,False
2026-07-08,Andhra Pradesh,NTR,Nandigama,Paddy(Common),,,1930.0,1930.0,1930.0,1930.0,2,7,28,295.59999999999997,188.7,2764.2999999999997,-0.24610467439073125,0,0.8,34.4,28.4,66.0,31.4,18.6,1.957142857142859,0,0,0,2320.0,0,0,0,0,0.0,0.0,1960.0,1960.0,1960.0,0.0,0.0,0.015544041370238128,0.015544041370238128,0.015544041370238128,1930.0,1960.0,1910.0,1870.0,1930.0,1922.857142857143,1930.0,1922.857142857143,0.0,0.0,0.0,0.0,0.0,-0.01530612237088713,0.010471204133658617,0.032085561325745665,1922.857142857143,1909.2857142857142,1873.3333333333333,35.92319850007941,34.07328881967649,51.750950904696055,1.0037147050326873,1.010849227777071,1.0302491048207343,1922.857142857143,1873.3333333333333,35.95238095238096,0,1,False,False,False,False,True,False,False,False,False,False,False,False,False,False,False,True,False,False
2026-07-08,Andhra Pradesh,Eluru,Polavaram,Paddy(Common),1001,Local,2390.0,2390.0,2390.0,2390.0,2,7,28,295.59999999999997,188.7,2764.2999999999997,-0.24610467439073125,0,0.8,34.4,28.4,66.0,31.4,18.6,1.957142857142859,0,0,0,2320.0,0,0,0,0,0.0,0.0,2390.0,2390.0,2390.0,0.0,0.0,0.0,0.0,0.0,2390.0,2390.0,2390.0,2390.0,2390.0,2390.0,2390.0,2390.0,0.0,0.0,0.0,0.0,0.0,0.0,0.0,0.0,2390.0,2389.9285714285716,2389.366666666667,0.0,0.26726124196124523,1.8285727114145773,0.9999999958158995,1.0000298831404348,1.0002650590800974,2390.0,2389.366666666667,0.5619047619047706,0,1,False,False,False,False,False,True,False,False,False,False,False,False,True,False,False,False,False,False
2026-07-08,Andhra Pradesh,SPSR Nellore,Rapur,Paddy(Common),,,2330.0,2390.0,2375.0,2369.0,2,7,28,295.59999999999997,188.7,2764.2999999999997,-0.24610467439073125,0,0.8,34.4,28.4,66.0,31.4,18.6,1.25,0,0,0,2320.0,0,0,0,0,60.0,4.110873864173311,2376.0,2320.0,2420.0,100.0,4.61512051684126,0.0029548332505072465,-0.004291845475142293,0.012552301202710036,2369.0,2369.0,2369.0,2385.0,2330.0,2330.0,2390.0,2390.0,60.0,60.0,0.0,4.110873864173311,0.0,0.0,0.0,-0.006708595359712388,2369.0,2370.5714285714284,2378.266666666667,0.0,4.182643362073058,7.83860179884181,0.9999999957788096,0.9993371055831266,0.9961036006779294,2369.0,2378.266666666667,-7.695238095238437,0,1,False,False,False,False,False,False,False,True,False,False,False,False,False,False,False,False,False,True
2026-07-08,Andhra Pradesh,NTR,Tiruvuru,Paddy(Common),Sona,Local,2450.0,2450.0,2450.0,2450.0,2,7,28,295.59999999999997,188.7,2764.2999999999997,-0.24610467439073125,0,0.8,34.4,28.4,66.0,31.4,18.6,1.957142857142859,0,0,0,2320.0,0,0,0,0,0.0,0.0,2450.0,2450.0,2450.0,0.0,0.0,0.0,0.0,0.0,2450.0,2450.0,2400.0,2450.0,2450.0,2392.8571428571427,2450.0,2392.8571428571427,0.0,0.0,0.0,0.0,0.0,0.0,0.020833333246527776,0.0,2392.8571428571427,2417.8571428571427,2431.6666666666665,130.47532151257326,93.24727848605002,64.97125801318717,1.0238805927360215,1.0132939396791387,1.007539406411764,2392.8571428571427,2431.6666666666665,-13.809523809523853,0,1,False,False,False,False,False,False,False,False,True,False,False,False,False,False,False,True,False,False
2026-07-09,Andhra Pradesh,Kakinada,Jaggampet,Paddy(Common),,,2369.0,2379.0,2379.0,2377.0,3,7,28,134.6,295.59999999999997,182.87142857142857,0.566507684154743,0,5.4,33.0,27.2,78.0,30.1,12.4,-4.242857142857142,0,0,0,2320.0,0,0,0,0,10.0,2.3978952727983707,2377.0,2369.0,2379.0,10.0,2.3978952727983707,0.0,0.0,0.0,2377.0,2377.0,2377.0,2377.0,2369.0,2369.0,2379.0,2379.0,10.0,10.0,0.0,2.3978952727983707,0.0,0.0,0.0,0.0,2377.0,2377.0,2377.0,0.0,0.0,0.0,0.9999999957930163,0.9999999957930163,0.9999999957930163,2377.0,2377.0,0.0,0,1,True,False,False,False,False,False,False,False,False,False,False,False,False,True,False,False,False,False
2026-07-09,Andhra Pradesh,East Godavari,Kovvur,Paddy(Common),MTU-1010,Grade Range-2,2400.0,2400.0,2400.0,2400.0,3,7,28,134.6,295.59999999999997,182.87142857142857,0.566507684154743,0,5.4,33.0,27.2,78.0,30.1,12.4,-4.242857142857142,0,0,0,2320.0,0,0,0,0,0.0,0.0,2400.0,2400.0,2400.0,0.0,0.0,0.0,0.0,0.0,2400.0,2400.0,2400.0,2400.0,2400.0,2400.0,2400.0,2400.0,0.0,0.0,0.0,0.0,0.0,0.0,0.0,0.0,2400.0,2400.0,2400.0,0.0,0.0,0.0,0.9999999958333333,0.9999999958333333,0.9999999958333333,2400.0,2400.0,0.0,0,1,False,True,False,False,False,False,False,False,False,False,False,True,False,False,False,False,False,False
2026-07-09,Andhra Pradesh,Bapatla,Kuchinapudi,Paddy(Common),B P T,Local,2400.0,2500.0,2450.0,2450.0,3,7,28,134.6,295.59999999999997,182.87142857142857,0.566507684154743,0,5.4,33.0,27.2,78.0,30.1,12.4,-4.242857142857142,0,0,0,2320.0,0,0,0,0,100.0,4.61512051684126,2450.0,2400.0,2500.0,100.0,4.61512051684126,0.0,0.0,0.0,2450.0,2450.0,2450.0,2450.0,2400.0,2400.0,2500.0,2500.0,100.0,100.0,0.0,4.61512051684126,0.0,0.0,0.0,0.0,2450.0,2450.0,2450.0,0.0,0.0,0.0,0.9999999959183673,0.9999999959183673,0.9999999959183673,2450.0,2450.0,0.0,0,1,False,False,True,False,False,False,False,False,False,False,True,False,False,False,False,False,False,False
2026-07-09,Andhra Pradesh,NTR,Mylavaram,Paddy(Common),1001,FAQ,2369.0,2369.0,2369.0,2369.0,3,7,28,134.6,295.59999999999997,182.87142857142857,0.566507684154743,0,5.4,33.0,27.2,78.0,30.1,12.4,-4.242857142857142,0,0,0,2320.0,0,0,0,0,0.0,0.0,2369.0,2369.0,2369.0,0.0,0.0,0.0,0.0,0.0,2369.0,2369.0,2369.0,2369.0,2369.0,2369.0,2369.0,2369.0,0.0,0.0,0.0,0.0,0.0,0.0,0.0,0.0,2369.0,2369.0,2369.0,0.0,0.0,0.0,0.9999999957788096,0.9999999957788096,0.9999999957788096,2369.0,2369.0,0.0,0,1,False,False,False,True,False,False,False,False,False,False,False,False,False,False,False,True,False,False
2026-07-09,Andhra Pradesh,NTR,Nandigama,Paddy(Common),B P T,Grade Range-1,1960.0,1960.0,1960.0,1960.0,3,7,28,134.6,295.59999999999997,182.87142857142857,0.566507684154743,0,5.4,33.0,27.2,78.0,30.1,12.4,-4.242857142857142,0,0,0,2320.0,0,0,0,0,0.0,0.0,1910.0,1910.0,1910.0,0.0,0.0,-0.02551020395147855,-0.02551020395147855,-0.02551020395147855,1930.0,1970.0,1930.0,1870.0,1930.0,1925.7142857142858,1930.0,1925.7142857142858,0.0,0.0,0.0,0.0,0.015544041370238128,-0.005076142106212477,0.015544041370238128,0.04812834198861849,1925.7142857142858,1913.5714285714287,1877.0,35.523298860109804,32.488374928496974,51.738733572867574,1.0178041490173375,1.0242627792685035,1.044219493637616,1925.7142857142858,1877.0,36.57142857142867,0,1,False,False,False,False,True,False,False,False,False,False,False,False,False,False,False,True,False,False
2026-07-09,Andhra Pradesh,Eluru,Polavaram,Paddy(Common),1001,Local,2390.0,2390.0,2390.0,2390.0,3,7,28,134.6,295.59999999999997,182.87142857142857,0.566507684154743,0,5.4,33.0,27.2,78.0,30.1,12.4,-4.242857142857142,0,0,0,2320.0,0,0,0,0,0.0,0.0,2390.0,2390.0,2390.0,0.0,0.0,0.0,0.0,0.0,2390.0,2390.0,2390.0,2390.0,2390.0,2390.0,2390.0,2390.0,0.0,0.0,0.0,0.0,0.0,0.0,0.0,0.0,2390.0,2389.9285714285716,2389.7,0.0,0.26726124196124523,0.4660915997109112,0.9999999958158995,1.0000298831404348,1.0001255345854059,2390.0,2389.7,0.2285714285717404,0,1,False,False,False,False,False,True,False,False,False,False,False,False,True,False,False,False,False,False
2026-07-09,Andhra Pradesh,NTR,Tiruvuru,Paddy(Common),Sona,Local,2450.0,2450.0,2450.0,2450.0,3,7,28,134.6,295.59999999999997,182.87142857142857,0.566507684154743,0,5.4,33.0,27.2,78.0,30.1,12.4,-4.242857142857142,0,0,0,2320.0,0,0,0,0,0.0,0.0,2459.0,2459.0,2459.0,0.0,0.0,0.003673469372761349,0.003673469372761349,0.003673469372761349,2450.0,2450.0,2100.0,2450.0,2450.0,2400.0,2450.0,2400.0,0.0,0.0,0.0,0.0,0.0,0.0,0.16666666587301587,0.0,2400.0,2417.8571428571427,2431.6666666666665,132.28756555322906,93.24727848605002,64.97125801318717,1.020833329079861,1.0132939396791387,1.007539406411764,2400.0,2431.6666666666665,-13.809523809523853,0,1,False,False,False,False,False,False,False,False,True,False,False,False,False,False,False,True,False,False
2026-07-10,Andhra Pradesh,Kakinada,Jaggampet,Paddy(Common),,,2369.0,2379.0,2379.0,2377.0,4,7,28,135.0,134.6,189.01428571428573,-0.5446549391069011,0,5.6,34.3,26.9,73.0,30.599999999999998,14.4,-2.242857142857142,0,0,0,2320.0,0,0,0,0,10.0,2.3978952727983707,2377.0,2369.0,2379.0,10.0,2.3978952727983707,0.0,0.0,0.0,2377.0,2377.0,2377.0,2377.0,2369.0,2369.0,2379.0,2379.0,10.0,10.0,0.0,2.3978952727983707,0.0,0.0,0.0,0.0,2377.0,2377.0,2377.0,0.0,0.0,0.0,0.9999999957930163,0.9999999957930163,0.9999999957930163,2377.0,2377.0,0.0,0,1,True,False,False,False,False,False,False,False,False,False,False,False,False,True,False,False,False,False
2026-07-10,Andhra Pradesh,East Godavari,Kovvur,Paddy(Common),MTU-1010,Grade Range-2,2400.0,2400.0,2400.0,2400.0,4,7,28,135.0,134.6,189.01428571428573,-0.5446549391069011,0,5.6,34.3,26.9,73.0,30.599999999999998,14.4,-2.242857142857142,0,0,0,2320.0,0,0,0,0,0.0,0.0,2400.0,2400.0,2400.0,0.0,0.0,0.0,0.0,0.0,2400.0,2400.0,2400.0,2400.0,2400.0,2400.0,2400.0,2400.0,0.0,0.0,0.0,0.0,0.0,0.0,0.0,0.0,2400.0,2400.0,2400.0,0.0,0.0,0.0,0.9999999958333333,0.9999999958333333,0.9999999958333333,2400.0,2400.0,0.0,0,1,False,True,False,False,False,False,False,False,False,False,False,True,False,False,False,False,False,False
2026-07-10,Andhra Pradesh,Bapatla,Kuchinapudi,Paddy(Common),B P T,Local,2400.0,2500.0,2450.0,2450.0,4,7,28,135.0,134.6,189.01428571428573,-0.5446549391069011,0,5.6,34.3,26.9,73.0,30.599999999999998,14.4,-2.242857142857142,0,0,0,2320.0,0,0,0,0,100.0,4.61512051684126,2450.0,2400.0,2500.0,100.0,4.61512051684126,0.0,0.0,0.0,2450.0,2450.0,2450.0,2450.0,2400.0,2400.0,2500.0,2500.0,100.0,100.0,0.0,4.61512051684126,0.0,0.0,0.0,0.0,2450.0,2450.0,2450.0,0.0,0.0,0.0,0.9999999959183673,0.9999999959183673,0.9999999959183673,2450.0,2450.0,0.0,0,1,False,False,True,False,False,False,False,False,False,False,True,False,False,False,False,False,False,False
2026-07-10,Andhra Pradesh,NTR,Mylavaram,Paddy(Common),1001,FAQ,2369.0,2369.0,2369.0,2369.0,4,7,28,135.0,134.6,189.01428571428573,-0.5446549391069011,0,5.6,34.3,26.9,73.0,30.599999999999998,14.4,-2.242857142857142,0,0,0,2320.0,0,0,0,0,0.0,0.0,2369.0,2369.0,2369.0,0.0,0.0,0.0,0.0,0.0,2369.0,2369.0,2369.0,2369.0,2369.0,2369.0,2369.0,2369.0,0.0,0.0,0.0,0.0,0.0,0.0,0.0,0.0,2369.0,2369.0,2369.0,0.0,0.0,0.0,0.9999999957788096,0.9999999957788096,0.9999999957788096,2369.0,2369.0,0.0,0,1,False,False,False,True,False,False,False,False,False,False,False,False,False,False,False,True,False,False
2026-07-10,Andhra Pradesh,NTR,Nandigama,Paddy(Common),B P T,Grade Range-1,1910.0,1910.0,1910.0,1910.0,4,7,28,135.0,134.6,189.01428571428573,-0.5446549391069011,0,5.6,34.3,26.9,73.0,30.599999999999998,14.4,-2.242857142857142,0,0,0,2320.0,0,0,0,0,0.0,0.0,1970.0,1970.0,1970.0,0.0,0.0,0.03141361240097585,0.03141361240097585,0.03141361240097585,1960.0,1930.0,1870.0,1920.0,1960.0,1930.0,1960.0,1930.0,0.0,0.0,0.0,0.0,-0.02551020395147855,-0.010362694246825418,0.021390374217163773,-0.005208333306206597,1930.0,1920.0,1881.6666666666667,37.85938897200073,32.1055950072464,52.724615289931776,0.9896373005718274,0.99479166148546,1.0150575676790563,1930.0,1881.6666666666667,38.33333333333326,0,1,False,False,False,False,True,False,False,False,False,False,False,False,False,False,False,True,False,False
2026-07-10,Andhra Pradesh,Eluru,Polavaram,Paddy(Common),,,2390.0,2390.0,2390.0,2390.0,4,7,28,135.0,134.6,189.01428571428573,-0.5446549391069011,0,5.6,34.3,26.9,73.0,30.599999999999998,14.4,-2.242857142857142,0,0,0,2320.0,0,0,0,0,0.0,0.0,2390.0,2390.0,2390.0,0.0,0.0,0.0,0.0,0.0,2390.0,2390.0,2390.0,2390.0,2390.0,2390.0,2390.0,2390.0,0.0,0.0,0.0,0.0,0.0,0.0,0.0,0.0,2390.0,2389.9285714285716,2389.733333333333,0.0,0.26726124196124523,0.449776445120743,0.9999999958158995,1.0000298831404348,1.0001115842767188,2390.0,2389.733333333333,0.19523809523843738,0,1,False,False,False,False,False,True,False,False,False,False,False,False,True,False,False,False,False,False
2026-07-10,Andhra Pradesh,NTR,Tiruvuru,Paddy(Common),Sona,Local,2459.0,2459.0,2459.0,2459.0,4,7,28,135.0,134.6,189.01428571428573,-0.5446549391069011,0,5.6,34.3,26.9,73.0,30.599999999999998,14.4,-2.242857142857142,0,0,0,2320.0,0,0,0,0,0.0,0.0,2459.0,2459.0,2459.0,0.0,0.0,0.0,0.0,0.0,2450.0,2450.0,2450.0,2450.0,2450.0,2450.0,2450.0,2450.0,0.0,0.0,0.0,0.0,0.003673469372761349,0.003673469372761349,0.003673469372761349,0.003673469372761349,2450.0,2417.8571428571427,2433.3333333333335,0.0,93.24727848605002,64.7719252365608,1.0036734652911286,1.0170162439473478,1.0105479410525426,2450.0,2433.3333333333335,-15.476190476190823,0,1,False,False,False,False,False,False,False,False,True,False,False,False,False,False,False,True,False,False
2026-07-11,Andhra Pradesh,Kakinada,Jaggampet,Paddy(Common),,,2369.0,2379.0,2379.0,2377.0,5,7,28,3.1,135.0,163.5142857142857,0.002971768202080227,1,0.0,34.9,28.6,66.0,31.75,18.700000000000003,2.0571428571428605,0,0,0,2320.0,0,0,0,0,10.0,2.3978952727983707,2377.0,2369.0,2379.0,10.0,2.3978952727983707,0.0,0.0,0.0,2377.0,2377.0,2377.0,2377.0,2369.0,2369.0,2379.0,2379.0,10.0,10.0,0.0,2.3978952727983707,0.0,0.0,0.0,0.0,2377.0,2377.0,2377.0,0.0,0.0,0.0,0.9999999957930163,0.9999999957930163,0.9999999957930163,2377.0,2377.0,0.0,0,1,True,False,False,False,False,False,False,False,False,False,False,False,False,True,False,False,False,False
2026-07-11,Andhra Pradesh,East Godavari,Kovvur,Paddy(Common),MTU-1010,Grade Range-2,2400.0,2400.0,2400.0,2400.0,5,7,28,3.1,135.0,163.5142857142857,0.002971768202080227,1,0.0,34.9,28.6,66.0,31.75,18.700000000000003,2.0571428571428605,0,0,0,2320.0,0,0,0,0,0.0,0.0,2400.0,2400.0,2400.0,0.0,0.0,0.0,0.0,0.0,2400.0,2400.0,2400.0,2400.0,2400.0,2400.0,2400.0,2400.0,0.0,0.0,0.0,0.0,0.0,0.0,0.0,0.0,2400.0,2400.0,2400.0,0.0,0.0,0.0,0.9999999958333333,0.9999999958333333,0.9999999958333333,2400.0,2400.0,0.0,0,1,False,True,False,False,False,False,False,False,False,False,False,True,False,False,False,False,False,False
2026-07-11,Andhra Pradesh,Bapatla,Kuchinapudi,Paddy(Common),,,2400.0,2500.0,2450.0,2450.0,5,7,28,3.1,135.0,163.5142857142857,0.002971768202080227,1,0.0,34.9,28.6,66.0,31.75,18.700000000000003,2.0571428571428605,0,0,0,2320.0,0,0,0,0,100.0,4.61512051684126,2450.0,2400.0,2500.0,100.0,4.61512051684126,0.0,0.0,0.0,2450.0,2450.0,2450.0,2450.0,2400.0,2400.0,2500.0,2500.0,100.0,100.0,0.0,4.61512051684126,0.0,0.0,0.0,0.0,2450.0,2450.0,2450.0,0.0,0.0,0.0,0.9999999959183673,0.9999999959183673,0.9999999959183673,2450.0,2450.0,0.0,0,1,False,False,True,False,False,False,False,False,False,False,True,False,False,False,False,False,False,False
2026-07-11,Andhra Pradesh,NTR,Mylavaram,Paddy(Common),,,2369.0,2369.0,2369.0,2369.0,5,7,28,3.1,135.0,163.5142857142857,0.002971768202080227,1,0.0,34.9,28.6,66.0,31.75,18.700000000000003,2.0571428571428605,0,0,0,2320.0,0,0,0,0,0.0,0.0,2369.0,2369.0,2369.0,0.0,0.0,0.0,0.0,0.0,2369.0,2369.0,2369.0,2369.0,2369.0,2369.0,2369.0,2369.0,0.0,0.0,0.0,0.0,0.0,0.0,0.0,0.0,2369.0,2369.0,2369.0,0.0,0.0,0.0,0.9999999957788096,0.9999999957788096,0.9999999957788096,2369.0,2369.0,0.0,0,1,False,False,False,True,False,False,False,False,False,False,False,False,False,False,False,True,False,False
2026-07-11,Andhra Pradesh,NTR,Nandigama,Paddy(Common),B P T,Grade Range-1,1970.0,1970.0,1970.0,1970.0,5,7,28,3.1,135.0,163.5142857142857,0.002971768202080227,1,0.0,34.9,28.6,66.0,31.75,18.700000000000003,2.0571428571428605,0,0,0,2320.0,0,0,0,0,0.0,0.0,1970.0,1970.0,1970.0,0.0,0.0,0.0,0.0,0.0,1910.0,1930.0,1890.0,1930.0,1910.0,1935.7142857142858,1910.0,1935.7142857142858,0.0,0.0,0.0,0.0,0.03141361240097585,0.020725388493650836,0.04232804210408443,0.020725388493650836,1935.7142857142858,1919.2857142857142,1884.6666666666667,29.358214555804977,32.216643026736676,51.64422946256103,1.0177121718642175,1.0264235153070602,1.0452776739727043,1935.7142857142858,1884.6666666666667,34.61904761904748,0,1,False,False,False,False,True,False,False,False,False,False,False,False,False,False,False,True,False,False
2026-07-11,Andhra Pradesh,Eluru,Polavaram,Paddy(Common),1001,Local,2390.0,2390.0,2390.0,2390.0,5,7,28,3.1,135.0,163.5142857142857,0.002971768202080227,1,0.0,34.9,28.6,66.0,31.75,18.700000000000003,2.0571428571428605,0,0,0,2320.0,0,0,0,0,0.0,0.0,2390.0,2390.0,2390.0,0.0,0.0,0.0,0.0,0.0,2390.0,2390.0,2390.0,2390.0,2390.0,2390.0,2390.0,2390.0,0.0,0.0,0.0,0.0,0.0,0.0,0.0,0.0,2390.0,2389.9285714285716,2389.766666666667,0.0,0.26726124196124523,0.4301830671645792,0.9999999958158995,1.0000298831404348,1.0000976343571994,2390.0,2389.766666666667,0.16190476190467962,0,1,False,False,False,False,False,True,False,False,False,False,False,False,True,False,False,False,False,False
2026-07-11,Andhra Pradesh,NTR,Tiruvuru,Paddy(Common),,,2459.0,2459.0,2459.0,2459.0,5,7,28,3.1,135.0,163.5142857142857,0.002971768202080227,1,0.0,34.9,28.6,66.0,31.75,18.700000000000003,2.0571428571428605,0,0,0,2320.0,0,0,0,0,0.0,0.0,2459.0,2459.0,2459.0,0.0,0.0,0.0,0.0,0.0,2459.0,2450.0,2450.0,2450.0,2459.0,2451.285714285714,2459.0,2451.285714285714,0.0,0.0,0.0,0.0,0.0,0.003673469372761349,0.003673469372761349,0.003673469372761349,2451.285714285714,2418.5,2435.3,3.4016802571047524,93.5165555067453,64.62045688693259,1.0031470324482608,1.0167459126865994,1.0097318564048294,2451.285714285714,2435.3,-16.800000000000182,0,1,False,False,False,False,False,False,False,False,True,False,False,False,False,False,False,True,False,False
2026-07-12,Andhra Pradesh,Kakinada,Jaggampet,Paddy(Common),,,2369.0,2379.0,2379.0,2377.0,6,7,28,18.900000000000002,3.1,147.65714285714287,-0.977037037037037,1,0.1,34.9,28.0,65.0,31.45,14.0,-2.6428571428571423,0,0,0,2320.0,0,0,0,0,10.0,2.3978952727983707,2377.0,2369.0,2379.0,10.0,2.3978952727983707,0.0,0.0,0.0,2377.0,2377.0,2377.0,2377.0,2369.0,2369.0,2379.0,2379.0,10.0,10.0,0.0,2.3978952727983707,0.0,0.0,0.0,0.0,2377.0,2377.0,2377.0,0.0,0.0,0.0,0.9999999957930163,0.9999999957930163,0.9999999957930163,2377.0,2377.0,0.0,0,1,True,False,False,False,False,False,False,False,False,False,False,False,False,True,False,False,False,False
2026-07-12,Andhra Pradesh,East Godavari,Kovvur,Paddy(Common),,,2400.0,2400.0,2400.0,2400.0,6,7,28,18.900000000000002,3.1,147.65714285714287,-0.977037037037037,1,0.1,34.9,28.0,65.0,31.45,14.0,-2.6428571428571423,0,0,0,2320.0,0,0,0,0,0.0,0.0,2400.0,2400.0,2400.0,0.0,0.0,0.0,0.0,0.0,2400.0,2400.0,2400.0,2400.0,2400.0,2400.0,2400.0,2400.0,0.0,0.0,0.0,0.0,0.0,0.0,0.0,0.0,2400.0,2400.0,2400.0,0.0,0.0,0.0,0.9999999958333333,0.9999999958333333,0.9999999958333333,2400.0,2400.0,0.0,0,1,False,True,False,False,False,False,False,False,False,False,False,True,False,False,False,False,False,False
2026-07-12,Andhra Pradesh,Bapatla,Kuchinapudi,Paddy(Common),B P T,Local,2400.0,2500.0,2450.0,2450.0,6,7,28,18.900000000000002,3.1,147.65714285714287,-0.977037037037037,1,0.1,34.9,28.0,65.0,31.45,14.0,-2.6428571428571423,0,0,0,2320.0,0,0,0,0,100.0,4.61512051684126,2450.0,2400.0,2500.0,100.0,4.61512051684126,0.0,0.0,0.0,2450.0,2450.0,2450.0,2450.0,2400.0,2400.0,2500.0,2500.0,100.0,100.0,0.0,4.61512051684126,0.0,0.0,0.0,0.0,2450.0,2450.0,2450.0,0.0,0.0,0.0,0.9999999959183673,0.9999999959183673,0.9999999959183673,2450.0,2450.0,0.0,0,1,False,False,True,False,False,False,False,False,False,False,True,False,False,False,False,False,False,False
2026-07-12,Andhra Pradesh,NTR,Mylavaram,Paddy(Common),,,2369.0,2369.0,2369.0,2369.0,6,7,28,18.900000000000002,3.1,147.65714285714287,-0.977037037037037,1,0.1,34.9,28.0,65.0,31.45,14.0,-2.6428571428571423,0,0,0,2320.0,0,0,0,0,0.0,0.0,2369.0,2369.0,2369.0,0.0,0.0,0.0,0.0,0.0,2369.0,2369.0,2369.0,2369.0,2369.0,2369.0,2369.0,2369.0,0.0,0.0,0.0,0.0,0.0,0.0,0.0,0.0,2369.0,2369.0,2369.0,0.0,0.0,0.0,0.9999999957788096,0.9999999957788096,0.9999999957788096,2369.0,2369.0,0.0,0,1,False,False,False,True,False,False,False,False,False,False,False,False,False,False,False,True,False,False
2026-07-12,Andhra Pradesh,NTR,Nandigama,Paddy(Common),B P T,Grade Range-1,1970.0,1970.0,1970.0,1970.0,6,7,28,18.900000000000002,3.1,147.65714285714287,-0.977037037037037,1,0.1,34.9,28.0,65.0,31.45,14.0,-2.6428571428571423,0,0,0,2320.0,0,0,0,0,0.0,0.0,1970.0,1970.0,1970.0,0.0,0.0,0.0,0.0,0.0,1970.0,1960.0,1960.0,1860.0,1970.0,1947.142857142857,1970.0,1947.142857142857,0.0,0.0,0.0,0.0,0.0,0.00510204079029571,0.00510204079029571,0.05913978462828073,1947.142857142857,1922.142857142857,1889.6666666666667,23.603873774081475,34.90174591810508,52.42290453170526,1.0117388062493238,1.0248978021744448,1.0425119013449713,1947.142857142857,1889.6666666666667,32.47619047619037,0,1,False,False,False,False,True,False,False,False,False,False,False,False,False,False,False,True,False,False
2026-07-12,Andhra Pradesh,Eluru,Polavaram,Paddy(Common),,,2390.0,2390.0,2390.0,2390.0,6,7,28,18.900000000000002,3.1,147.65714285714287,-0.977037037037037,1,0.1,34.9,28.0,65.0,31.45,14.0,-2.6428571428571423,0,0,0,2320.0,0,0,0,0,0.0,0.0,2390.0,2390.0,2390.0,0.0,0.0,0.0,0.0,0.0,2390.0,2390.0,2390.0,2390.0,2390.0,2390.0,2390.0,2390.0,0.0,0.0,0.0,0.0,0.0,0.0,0.0,0.0,2390.0,2389.9285714285716,2389.8,0.0,0.26726124196124523,0.40683810218571503,0.9999999958158995,1.0000298831404348,1.000083684826832,2390.0,2389.8,0.1285714285713766,0,1,False,False,False,False,False,True,False,False,False,False,False,False,True,False,False,False,False,False
2026-07-12,Andhra Pradesh,NTR,Tiruvuru,Paddy(Common),,,2459.0,2459.0,2459.0,2459.0,6,7,28,18.900000000000002,3.1,147.65714285714287,-0.977037037037037,1,0.1,34.9,28.0,65.0,31.45,14.0,-2.6428571428571423,0,0,0,2320.0,0,0,0,0,0.0,0.0,2450.0,2450.0,2450.0,0.0,0.0,-0.003660024385278469,-0.003660024385278469,-0.003660024385278469,2459.0,2450.0,2450.0,2450.0,2459.0,2452.5714285714284,2459.0,2452.5714285714284,0.0,0.0,0.0,0.0,0.0,0.003673469372761349,0.003673469372761349,0.003673469372761349,2452.5714285714284,2419.1428571428573,2435.6,4.391550328286022,93.78031378038396,64.71188133725482,1.0026211515503565,1.0164757251001946,1.0096074847692253,2452.5714285714284,2435.6,-16.45714285714257,0,1,False,False,False,False,False,False,False,False,True,False,False,False,False,False,False,True,False,False
2026-07-13,Andhra Pradesh,Kakinada,Jaggampet,Paddy(Common),,,2369.0,2379.0,2379.0,2377.0,0,7,29,231.5,18.900000000000002,146.6,5.096774193548388,0,0.0,34.5,28.1,66.0,31.3,13.299999999999999,1.200000000000001,0,0,0,2320.0,0,0,0,0,10.0,2.3978952727983707,2377.0,2369.0,2379.0,10.0,2.3978952727983707,0.0,0.0,0.0,2377.0,2377.0,2377.0,2377.0,2369.0,2369.0,2379.0,2379.0,10.0,10.0,0.0,2.3978952727983707,0.0,0.0,0.0,0.0,2377.0,2377.0,2377.0,0.0,0.0,0.0,0.9999999957930163,0.9999999957930163,0.9999999957930163,2377.0,2377.0,0.0,0,1,True,False,False,False,False,False,False,False,False,False,False,False,False,True,False,False,False,False
2026-07-13,Andhra Pradesh,East Godavari,Kovvur,Paddy(Common),MTU-1010,Grade Range-2,2400.0,2400.0,2400.0,2400.0,0,7,29,231.5,18.900000000000002,146.6,5.096774193548388,0,0.0,34.5,28.1,66.0,31.3,13.299999999999999,1.200000000000001,0,0,0,2320.0,0,0,0,0,0.0,0.0,2400.0,2400.0,2400.0,0.0,0.0,0.0,0.0,0.0,2400.0,2400.0,2400.0,2400.0,2400.0,2400.0,2400.0,2400.0,0.0,0.0,0.0,0.0,0.0,0.0,0.0,0.0,2400.0,2400.0,2400.0,0.0,0.0,0.0,0.9999999958333333,0.9999999958333333,0.9999999958333333,2400.0,2400.0,0.0,0,1,False,True,False,False,False,False,False,False,False,False,False,True,False,False,False,False,False,False
2026-07-13,Andhra Pradesh,Bapatla,Kuchinapudi,Paddy(Common),B P T,Local,2400.0,2500.0,2450.0,2450.0,0,7,29,231.5,18.900000000000002,146.6,5.096774193548388,0,0.0,34.5,28.1,66.0,31.3,13.299999999999999,1.200000000000001,0,0,0,2320.0,0,0,0,0,100.0,4.61512051684126,2450.0,2400.0,2500.0,100.0,4.61512051684126,0.0,0.0,0.0,2450.0,2450.0,2450.0,2450.0,2400.0,2400.0,2500.0,2500.0,100.0,100.0,0.0,4.61512051684126,0.0,0.0,0.0,0.0,2450.0,2450.0,2450.0,0.0,0.0,0.0,0.9999999959183673,0.9999999959183673,0.9999999959183673,2450.0,2450.0,0.0,0,1,False,False,True,False,False,False,False,False,False,False,True,False,False,False,False,False,False,False
2026-07-13,Andhra Pradesh,NTR,Mylavaram,Paddy(Common),1001,FAQ,2369.0,2369.0,2369.0,2369.0,0,7,29,231.5,18.900000000000002,146.6,5.096774193548388,0,0.0,34.5,28.1,66.0,31.3,13.299999999999999,1.200000000000001,0,0,0,2320.0,0,0,0,0,0.0,0.0,2369.0,2369.0,2369.0,0.0,0.0,0.0,0.0,0.0,2369.0,2369.0,2369.0,2369.0,2369.0,2369.0,2369.0,2369.0,0.0,0.0,0.0,0.0,0.0,0.0,0.0,0.0,2369.0,2369.0,2369.0,0.0,0.0,0.0,0.9999999957788096,0.9999999957788096,0.9999999957788096,2369.0,2369.0,0.0,0,1,False,False,False,True,False,False,False,False,False,False,False,False,False,False,False,True,False,False
2026-07-13,Andhra Pradesh,NTR,Nandigama,Paddy(Common),,,1970.0,1970.0,1970.0,1970.0,0,7,29,231.5,18.900000000000002,146.6,5.096774193548388,0,0.0,34.5,28.1,66.0,31.3,13.299999999999999,1.200000000000001,0,0,0,2320.0,0,0,0,0,0.0,0.0,1970.0,1970.0,1970.0,0.0,0.0,0.0,0.0,0.0,1970.0,1910.0,1970.0,1910.0,1970.0,1948.5714285714287,1970.0,1948.5714285714287,0.0,0.0,0.0,0.0,0.0,0.03141361240097585,0.0,0.03141361240097585,1948.5714285714287,1930.0,1895.0,24.784787961280365,32.105595007246556,52.17675529489649,1.010997062260279,1.0207253833123038,1.0395778309257107,1948.5714285714287,1895.0,35.0,0,1,False,False,False,False,True,False,False,False,False,False,False,False,False,False,False,True,False,False
2026-07-13,Andhra Pradesh,Eluru,Polavaram,Paddy(Common),1001,Local,2390.0,2390.0,2390.0,2390.0,0,7,29,231.5,18.900000000000002,146.6,5.096774193548388,0,0.0,34.5,28.1,66.0,31.3,13.299999999999999,1.200000000000001,0,0,0,2320.0,0,0,0,0,0.0,0.0,2445.0,2445.0,2445.0,0.0,0.0,0.0230125522049684,0.0230125522049684,0.0230125522049684,2390.0,2390.0,2390.0,2389.0,2390.0,2390.0,2390.0,2390.0,0.0,0.0,0.0,0.0,0.0,0.0,0.0,0.0004185851803324186,2390.0,2389.9285714285716,2389.8333333333335,0.0,0.26726124196124523,0.379049021803634,0.9999999958158995,1.0000298831404348,1.0000697356855996,2390.0,2389.8333333333335,0.09523809523807358,0,1,False,False,False,False,False,True,False,False,False,False,False,False,True,False,False,False,False,False
2026-07-13,Andhra Pradesh,NTR,Tiruvuru,Paddy(Common),Sona,Local,2450.0,2450.0,2450.0,2450.0,0,7,29,231.5,18.900000000000002,146.6,5.096774193548388,0,0.0,34.5,28.1,66.0,31.3,13.299999999999999,1.200000000000001,0,0,0,2320.0,0,0,0,0,0.0,0.0,2450.0,2450.0,2450.0,0.0,0.0,0.0,0.0,0.0,2459.0,2459.0,2450.0,2400.0,2459.0,2453.8571428571427,2459.0,2453.8571428571427,0.0,0.0,0.0,0.0,-0.003660024385278469,-0.003660024385278469,0.0,0.020833333246527776,2453.8571428571427,2419.785714285714,2435.9,4.810702354440473,94.03859974371302,64.80174007880832,0.9984281265709979,1.012486343485312,1.0057884108305413,2453.8571428571427,2435.9,-16.11428571428587,0,1,False,False,False,False,False,False,False,False,True,False,False,False,False,False,False,True,False,False
2026-07-14,Andhra Pradesh,Kakinada,Jaggampet,Paddy(Common),,,2369.0,2379.0,2379.0,2377.0,1,7,29,73.8,231.5,143.9142857142857,11.248677248677247,0,0.0,35.2,28.9,65.0,32.05,13.2,1.1000000000000014,0,0,0,2320.0,0,0,0,0,10.0,2.3978952727983707,2377.0,2369.0,2379.0,10.0,2.3978952727983707,0.0,0.0,0.0,2377.0,2377.0,2377.0,2377.0,2369.0,2369.0,2379.0,2379.0,10.0,10.0,0.0,2.3978952727983707,0.0,0.0,0.0,0.0,2377.0,2377.0,2377.0,0.0,0.0,0.0,0.9999999957930163,0.9999999957930163,0.9999999957930163,2377.0,2377.0,0.0,0,1,True,False,False,False,False,False,False,False,False,False,False,False,False,True,False,False,False,False
2026-07-14,Andhra Pradesh,East Godavari,Kovvur,Paddy(Common),MTU-1010,Grade Range-2,2400.0,2400.0,2400.0,2400.0,1,7,29,73.8,231.5,143.9142857142857,11.248677248677247,0,0.0,35.2,28.9,65.0,32.05,13.2,1.1000000000000014,0,0,0,2320.0,0,0,0,0,0.0,0.0,2441.0,2441.0,2441.0,0.0,0.0,0.017083333262152778,0.017083333262152778,0.017083333262152778,2400.0,2400.0,2400.0,2400.0,2400.0,2400.0,2400.0,2400.0,0.0,0.0,0.0,0.0,0.0,0.0,0.0,0.0,2400.0,2400.0,2400.0,0.0,0.0,0.0,0.9999999958333333,0.9999999958333333,0.9999999958333333,2400.0,2400.0,0.0,0,1,False,True,False,False,False,False,False,False,False,False,False,True,False,False,False,False,False,False
2026-07-14,Andhra Pradesh,Bapatla,Kuchinapudi,Paddy(Common),B P T,Local,2400.0,2500.0,2450.0,2450.0,1,7,29,73.8,231.5,143.9142857142857,11.248677248677247,0,0.0,35.2,28.9,65.0,32.05,13.2,1.1000000000000014,0,0,0,2320.0,0,0,0,0,100.0,4.61512051684126,2650.0,2600.0,2700.0,100.0,4.61512051684126,0.08163265272802998,0.0833333329861111,0.07999999967999999,2450.0,2450.0,2450.0,2450.0,2400.0,2400.0,2500.0,2500.0,100.0,100.0,0.0,4.61512051684126,0.0,0.0,0.0,0.0,2450.0,2450.0,2450.0,0.0,0.0,0.0,0.9999999959183673,0.9999999959183673,0.9999999959183673,2450.0,2450.0,0.0,0,1,False,False,True,False,False,False,False,False,False,False,True,False,False,False,False,False,False,False
2026-07-14,Andhra Pradesh,NTR,Mylavaram,Paddy(Common),1001,FAQ,2369.0,2369.0,2369.0,2369.0,1,7,29,73.8,231.5,143.9142857142857,11.248677248677247,0,0.0,35.2,28.9,65.0,32.05,13.2,1.1000000000000014,0,0,0,2320.0,0,0,0,0,0.0,0.0,2369.0,2369.0,2369.0,0.0,0.0,0.0,0.0,0.0,2369.0,2369.0,2369.0,2369.0,2369.0,2369.0,2369.0,2369.0,0.0,0.0,0.0,0.0,0.0,0.0,0.0,0.0,2369.0,2369.0,2369.0,0.0,0.0,0.0,0.9999999957788096,0.9999999957788096,0.9999999957788096,2369.0,2369.0,0.0,0,1,False,False,False,True,False,False,False,False,False,False,False,False,False,False,False,True,False,False
2026-07-14,Andhra Pradesh,NTR,Nandigama,Paddy(Common),,,1970.0,1970.0,1970.0,1970.0,1,7,29,73.8,231.5,143.9142857142857,11.248677248677247,0,0.0,35.2,28.9,65.0,32.05,13.2,1.1000000000000014,0,0,0,2320.0,0,0,0,0,0.0,0.0,1970.0,1970.0,1970.0,0.0,0.0,0.0,0.0,0.0,1970.0,1970.0,1930.0,1910.0,1970.0,1948.5714285714287,1970.0,1948.5714285714287,0.0,0.0,0.0,0.0,0.0,0.0,0.020725388493650836,0.03141361240097585,1948.5714285714287,1934.2857142857142,1900.3333333333333,24.784787961280365,33.215910393918335,51.35967379135199,1.010997062260279,1.0184638056652537,1.0366602295913336,1948.5714285714287,1900.3333333333333,33.95238095238096,0,1,False,False,False,False,True,False,False,False,False,False,False,False,False,False,False,True,False,False
2026-07-14,Andhra Pradesh,Eluru,Polavaram,Paddy(Common),1001,Local,2445.0,2445.0,2445.0,2445.0,1,7,29,73.8,231.5,143.9142857142857,11.248677248677247,0,0.0,35.2,28.9,65.0,32.05,13.2,1.1000000000000014,0,0,0,2320.0,0,0,0,0,0.0,0.0,2445.0,2445.0,2445.0,0.0,0.0,0.0,0.0,0.0,2390.0,2390.0,2390.0,2390.0,2390.0,2390.0,2390.0,2390.0,0.0,0.0,0.0,0.0,0.0230125522049684,0.0230125522049684,0.0230125522049684,0.0230125522049684,2390.0,2390.0,2389.866666666667,0.0,0.0,0.3457459036573029,1.0230125480208678,1.0230125480208678,1.0230696230344665,2390.0,2389.866666666667,0.13333333333321207,0,1,False,False,False,False,False,True,False,False,False,False,False,False,True,False,False,False,False,False
2026-07-14,Andhra Pradesh,NTR,Tiruvuru,Paddy(Common),Sona,Local,2450.0,2450.0,2450.0,2450.0,1,7,29,73.8,231.5,143.9142857142857,11.248677248677247,0,0.0,35.2,28.9,65.0,32.05,13.2,1.1000000000000014,0,0,0,2320.0,0,0,0,0,0.0,0.0,2500.0,2500.0,2500.0,0.0,0.0,0.020408163182007496,0.020408163182007496,0.020408163182007496,2450.0,2459.0,2450.0,2450.0,2450.0,2453.8571428571427,2450.0,2453.8571428571427,0.0,0.0,0.0,0.0,0.0,-0.003660024385278469,0.0,0.0,2453.8571428571427,2423.3571428571427,2435.9,4.810702354440473,94.17872301179224,64.80174007880832,0.9984281265709979,1.0109941892433996,1.0057884108305413,2453.8571428571427,2435.9,-12.542857142857429,0,1,False,False,False,False,False,False,False,False,True,False,False,False,False,False,False,True,False,False
2026-07-15,Andhra Pradesh,Kakinada,Jaggampet,Paddy(Common),,,2369.0,2379.0,2379.0,2377.0,2,7,29,514.4,73.8,127.5,-0.6812095032397408,0,0.0,35.7,28.9,56.0,32.3,11.899999999999999,-0.1999999999999993,0,0,0,2320.0,0,0,0,0,10.0,2.3978952727983707,2377.0,2369.0,2379.0,10.0,2.3978952727983707,0.0,0.0,0.0,2377.0,2377.0,2377.0,2377.0,2369.0,2369.0,2379.0,2379.0,10.0,10.0,0.0,2.3978952727983707,0.0,0.0,0.0,0.0,2377.0,2377.0,2377.0,0.0,0.0,0.0,0.9999999957930163,0.9999999957930163,0.9999999957930163,2377.0,2377.0,0.0,0,1,True,False,False,False,False,False,False,False,False,False,False,False,False,True,False,False,False,False
2026-07-15,Andhra Pradesh,East Godavari,Kovvur,Paddy(Common),MTU-1010,Grade Range-2,2441.0,2441.0,2441.0,2441.0,2,7,29,514.4,73.8,127.5,-0.6812095032397408,0,0.0,35.7,28.9,56.0,32.3,11.899999999999999,-0.1999999999999993,0,0,0,2320.0,0,0,0,0,0.0,0.0,2441.0,2441.0,2441.0,0.0,0.0,0.0,0.0,0.0,2400.0,2400.0,2400.0,2400.0,2400.0,2400.0,2400.0,2400.0,0.0,0.0,0.0,0.0,0.017083333262152778,0.017083333262152778,0.017083333262152778,0.017083333262152778,2400.0,2400.0,2400.0,0.0,0.0,0.0,1.017083329095486,1.017083329095486,1.017083329095486,2400.0,2400.0,0.0,0,1,False,True,False,False,False,False,False,False,False,False,False,True,False,False,False,False,False,False
2026-07-15,Andhra Pradesh,Bapatla,Kuchinapudi,Paddy(Common),B P T,Local,2600.0,2700.0,2650.0,2650.0,2,7,29,514.4,73.8,127.5,-0.6812095032397408,0,0.0,35.7,28.9,56.0,32.3,11.899999999999999,-0.1999999999999993,0,0,0,2320.0,0,0,0,0,100.0,4.61512051684126,2650.0,2600.0,2700.0,100.0,4.61512051684126,0.0,0.0,0.0,2450.0,2450.0,2450.0,2450.0,2400.0,2400.0,2500.0,2500.0,100.0,100.0,0.0,4.61512051684126,0.08163265272802998,0.08163265272802998,0.08163265272802998,0.08163265272802998,2450.0,2450.0,2450.0,0.0,0.0,0.0,1.0816326486463972,1.0816326486463972,1.0816326486463972,2450.0,2450.0,0.0,0,1,False,False,True,False,False,False,False,False,False,False,True,False,False,False,False,False,False,False
2026-07-15,Andhra Pradesh,NTR,Mylavaram,Paddy(Common),1001,FAQ,2369.0,2369.0,2369.0,2369.0,2,7,29,514.4,73.8,127.5,-0.6812095032397408,0,0.0,35.7,28.9,56.0,32.3,11.899999999999999,-0.1999999999999993,0,0,0,2320.0,0,0,0,0,0.0,0.0,2369.0,2369.0,2369.0,0.0,0.0,0.0,0.0,0.0,2369.0,2369.0,2369.0,2369.0,2369.0,2369.0,2369.0,2369.0,0.0,0.0,0.0,0.0,0.0,0.0,0.0,0.0,2369.0,2369.0,2369.0,0.0,0.0,0.0,0.9999999957788096,0.9999999957788096,0.9999999957788096,2369.0,2369.0,0.0,0,1,False,False,False,True,False,False,False,False,False,False,False,False,False,False,False,True,False,False
2026-07-15,Andhra Pradesh,NTR,Nandigama,Paddy(Common),,,1970.0,1970.0,1970.0,1970.0,2,7,29,514.4,73.8,127.5,-0.6812095032397408,0,0.0,35.7,28.9,56.0,32.3,11.899999999999999,-0.1999999999999993,0,0,0,2320.0,0,0,0,0,0.0,0.0,1970.0,1970.0,1970.0,0.0,0.0,0.0,0.0,0.0,1970.0,1970.0,1930.0,1910.0,1970.0,1954.2857142857142,1970.0,1954.2857142857142,0.0,0.0,0.0,0.0,0.0,0.0,0.020725388493650836,0.03141361240097585,1954.2857142857142,1938.5714285714287,1904.3333333333333,24.397501823711536,33.70851133265678,51.9736891880513,1.0080409305144105,1.01621222762455,1.034482753188433,1954.2857142857142,1904.3333333333333,34.23809523809541,0,1,False,False,False,False,True,False,False,False,False,False,False,False,False,False,False,True,False,False
2026-07-15,Andhra Pradesh,Eluru,Polavaram,Paddy(Common),1001,Local,2445.0,2445.0,2445.0,2445.0,2,7,29,514.4,73.8,127.5,-0.6812095032397408,0,0.0,35.7,28.9,56.0,32.3,11.899999999999999,-0.1999999999999993,0,0,0,2320.0,0,0,0,0,0.0,0.0,2445.0,2445.0,2445.0,0.0,0.0,0.0,0.0,0.0,2445.0,2390.0,2390.0,2390.0,2445.0,2397.8571428571427,2445.0,2397.8571428571427,0.0,0.0,0.0,0.0,0.0,0.0230125522049684,0.0230125522049684,0.0230125522049684,2397.8571428571427,2393.9285714285716,2391.733333333333,20.78804601550786,14.699368305184468,10.065075614541934,1.0196604068289408,1.0213337268987996,1.0222711519305199,2397.8571428571427,2391.733333333333,2.1952380952384374,0,1,False,False,False,False,False,True,False,False,False,False,False,False,True,False,False,False,False,False
2026-07-15,Andhra Pradesh,NTR,Tiruvuru,Paddy(Common),Sona,Local,2500.0,2500.0,2500.0,2500.0,2,7,29,514.4,73.8,127.5,-0.6812095032397408,0,0.0,35.7,28.9,56.0,32.3,11.899999999999999,-0.1999999999999993,0,0,0,2320.0,0,0,0,0,0.0,0.0,2500.0,2500.0,2500.0,0.0,0.0,0.0,0.0,0.0,2450.0,2459.0,2450.0,2400.0,2450.0,2453.8571428571427,2450.0,2453.8571428571427,0.0,0.0,0.0,0.0,0.020408163182007496,0.016673444421824137,0.020408163182007496,0.04166666649305555,2453.8571428571427,2423.3571428571427,2435.9,4.810702354440473,94.17872301179224,64.80174007880832,1.0188042107867326,1.0316267237177545,1.0263147049291237,2453.8571428571427,2435.9,-12.542857142857429,0,1,False,False,False,False,False,False,False,False,True,False,False,False,False,False,False,True,False,False
2026-07-16,Andhra Pradesh,Kakinada,Jaggampet,Paddy(Common),,,2369.0,2379.0,2379.0,2377.0,3,7,29,110.9,514.4,158.75714285714284,5.970189701897019,0,0.4,34.4,28.3,62.0,31.35,11.1,-0.9999999999999982,0,0,0,2320.0,0,0,0,0,10.0,2.3978952727983707,2377.0,2369.0,2379.0,10.0,2.3978952727983707,0.0,0.0,0.0,2377.0,2377.0,2377.0,2377.0,2369.0,2369.0,2379.0,2379.0,10.0,10.0,0.0,2.3978952727983707,0.0,0.0,0.0,0.0,2377.0,2377.0,2377.0,0.0,0.0,0.0,0.9999999957930163,0.9999999957930163,0.9999999957930163,2377.0,2377.0,0.0,0,1,True,False,False,False,False,False,False,False,False,False,False,False,False,True,False,False,False,False
2026-07-16,Andhra Pradesh,East Godavari,Kovvur,Paddy(Common),,,2441.0,2441.0,2441.0,2441.0,3,7,29,110.9,514.4,158.75714285714284,5.970189701897019,0,0.4,34.4,28.3,62.0,31.35,11.1,-0.9999999999999982,0,0,0,2320.0,0,0,0,0,0.0,0.0,2441.0,2441.0,2441.0,0.0,0.0,0.0,0.0,0.0,2441.0,2400.0,2400.0,2400.0,2441.0,2405.8571428571427,2441.0,2405.8571428571427,0.0,0.0,0.0,0.0,0.0,0.017083333262152778,0.017083333262152778,0.017083333262152778,2405.8571428571427,2402.9285714285716,2401.366666666667,15.49654339337836,10.957710918409381,7.485541619237258,1.0146072043808263,1.0158437578485142,1.016504486265441,2405.8571428571427,2401.366666666667,1.5619047619047706,0,1,False,True,False,False,False,False,False,False,False,False,False,True,False,False,False,False,False,False
2026-07-16,Andhra Pradesh,Bapatla,Kuchinapudi,Paddy(Common),,,2600.0,2700.0,2650.0,2650.0,3,7,29,110.9,514.4,158.75714285714284,5.970189701897019,0,0.4,34.4,28.3,62.0,31.35,11.1,-0.9999999999999982,0,0,0,2320.0,0,0,0,0,100.0,4.61512051684126,2650.0,2600.0,2700.0,100.0,4.61512051684126,0.0,0.0,0.0,2650.0,2450.0,2450.0,2450.0,2600.0,2428.5714285714284,2700.0,2528.5714285714284,100.0,100.0,0.0,4.61512051684126,0.0,0.08163265272802998,0.08163265272802998,0.08163265272802998,2478.5714285714284,2464.285714285714,2456.6666666666665,75.59289460184547,53.45224838248489,36.51483716701109,1.0691642608160519,1.0753623144767905,1.0786974175901054,2478.5714285714284,2456.6666666666665,7.619047619047706,0,1,False,False,True,False,False,False,False,False,False,False,True,False,False,False,False,False,False,False
2026-07-16,Andhra Pradesh,NTR,Mylavaram,Paddy(Common),,,2369.0,2369.0,2369.0,2369.0,3,7,29,110.9,514.4,158.75714285714284,5.970189701897019,0,0.4,34.4,28.3,62.0,31.35,11.1,-0.9999999999999982,0,0,0,2320.0,0,0,0,0,0.0,0.0,2369.0,2369.0,2369.0,0.0,0.0,0.0,0.0,0.0,2369.0,2369.0,2369.0,2369.0,2369.0,2369.0,2369.0,2369.0,0.0,0.0,0.0,0.0,0.0,0.0,0.0,0.0,2369.0,2369.0,2369.0,0.0,0.0,0.0,0.9999999957788096,0.9999999957788096,0.9999999957788096,2369.0,2369.0,0.0,0,1,False,False,False,True,False,False,False,False,False,False,False,False,False,False,False,True,False,False
2026-07-16,Andhra Pradesh,NTR,Nandigama,Paddy(Common),B P T,Grade Range-1,1970.0,1970.0,1970.0,1970.0,3,7,29,110.9,514.4,158.75714285714284,5.970189701897019,0,0.4,34.4,28.3,62.0,31.35,11.1,-0.9999999999999982,0,0,0,2320.0,0,0,0,0,0.0,0.0,1990.0,1990.0,1990.0,0.0,0.0,0.010152284212424954,0.010152284212424954,0.010152284212424954,1970.0,1970.0,1960.0,1930.0,1970.0,1960.0,1970.0,1960.0,0.0,0.0,0.0,0.0,0.0,0.0,0.00510204079029571,0.020725388493650836,1960.0,1942.857142857143,1909.3333333333333,22.360679774995894,33.61056871983052,50.78238449219098,1.005102035688255,1.013970583016328,1.031773737612917,1960.0,1909.3333333333333,33.52380952380963,0,1,False,False,False,False,True,False,False,False,False,False,False,False,False,False,False,True,False,False
2026-07-16,Andhra Pradesh,Eluru,Polavaram,Paddy(Common),1001,Local,2445.0,2445.0,2445.0,2445.0,3,7,29,110.9,514.4,158.75714285714284,5.970189701897019,0,0.4,34.4,28.3,62.0,31.35,11.1,-0.9999999999999982,0,0,0,2320.0,0,0,0,0,0.0,0.0,2445.0,2445.0,2445.0,0.0,0.0,0.0,0.0,0.0,2445.0,2390.0,2390.0,2390.0,2445.0,2405.714285714286,2445.0,2405.714285714286,0.0,0.0,0.0,0.0,0.0,0.0230125522049684,0.0230125522049684,0.0230125522049684,2405.714285714286,2397.8571428571427,2393.6,26.837252006084963,19.97250857807144,13.974360758929137,1.0163301620461334,1.0196604068289408,1.021473926213762,2405.714285714286,2393.6,4.257142857142753,0,1,False,False,False,False,False,True,False,False,False,False,False,False,True,False,False,False,False,False
2026-07-16,Andhra Pradesh,NTR,Tiruvuru,Paddy(Common),,,2500.0,2500.0,2500.0,2500.0,3,7,29,110.9,514.4,158.75714285714284,5.970189701897019,0,0.4,34.4,28.3,62.0,31.35,11.1,-0.9999999999999982,0,0,0,2320.0,0,0,0,0,0.0,0.0,2500.0,2500.0,2500.0,0.0,0.0,0.0,0.0,0.0,2500.0,2450.0,2450.0,2100.0,2500.0,2461.0,2500.0,2461.0,0.0,0.0,0.0,0.0,0.0,0.020408163182007496,0.020408163182007496,0.190476189569161,2461.0,2430.5,2437.5666666666666,17.77638883463682,96.04466108575184,65.81200149083709,1.0158472124508442,1.0285949350808683,1.0256129704803438,2461.0,2437.5666666666666,-7.066666666666606,0,1,False,False,False,False,False,False,False,False,True,False,False,False,False,False,False,True,False,False
2026-07-17,Andhra Pradesh,Kakinada,Jaggampet,Paddy(Common),,,2369.0,2379.0,2379.0,2377.0,4,7,29,96.4,110.9,155.37142857142857,-0.7844090202177294,0,3.8,33.1,26.1,73.0,29.6,6.1,-5.999999999999998,0,0,0,2320.0,0,0,0,0,10.0,2.3978952727983707,2377.0,2369.0,2379.0,10.0,2.3978952727983707,0.0,0.0,0.0,2377.0,2377.0,2377.0,2377.0,2369.0,2369.0,2379.0,2379.0,10.0,10.0,0.0,2.3978952727983707,0.0,0.0,0.0,0.0,2377.0,2377.0,2377.0,0.0,0.0,0.0,0.9999999957930163,0.9999999957930163,0.9999999957930163,2377.0,2377.0,0.0,0,1,True,False,False,False,False,False,False,False,False,False,False,False,False,True,False,False,False,False
2026-07-17,Andhra Pradesh,East Godavari,Kovvur,Paddy(Common),,,2441.0,2441.0,2441.0,2441.0,4,7,29,96.4,110.9,155.37142857142857,-0.7844090202177294,0,3.8,33.1,26.1,73.0,29.6,6.1,-5.999999999999998,0,0,0,2320.0,0,0,0,0,0.0,0.0,2441.0,2441.0,2441.0,0.0,0.0,0.0,0.0,0.0,2441.0,2400.0,2400.0,2400.0,2441.0,2411.714285714286,2441.0,2411.714285714286,0.0,0.0,0.0,0.0,0.0,0.017083333262152778,0.017083333262152778,0.017083333262152778,2411.714285714286,2405.8571428571427,2402.733333333333,20.00595149544507,14.888597303652496,10.40203339980093,1.0121431068090263,1.0146072043808263,1.0159263019231168,2411.714285714286,2402.733333333333,3.123809523809541,0,1,False,True,False,False,False,False,False,False,False,False,False,True,False,False,False,False,False,False
2026-07-17,Andhra Pradesh,Bapatla,Kuchinapudi,Paddy(Common),,,2600.0,2700.0,2650.0,2650.0,4,7,29,96.4,110.9,155.37142857142857,-0.7844090202177294,0,3.8,33.1,26.1,73.0,29.6,6.1,-5.999999999999998,0,0,0,2320.0,0,0,0,0,100.0,4.61512051684126,2650.0,2600.0,2700.0,100.0,4.61512051684126,0.0,0.0,0.0,2650.0,2450.0,2450.0,2450.0,2600.0,2457.1428571428573,2700.0,2557.1428571428573,100.0,100.0,0.0,4.61512051684126,0.0,0.08163265272802998,0.08163265272802998,0.08163265272802998,2507.1428571428573,2478.5714285714284,2463.3333333333335,97.59000729485342,72.62730392025632,50.74162634049253,1.056980052764182,1.0691642608160519,1.0757780741172742,2507.1428571428573,2463.3333333333335,15.238095238094957,0,1,False,False,True,False,False,False,False,False,False,False,True,False,False,False,False,False,False,False
2026-07-17,Andhra Pradesh,NTR,Mylavaram,Paddy(Common),1001,Local,2369.0,2369.0,2369.0,2369.0,4,7,29,96.4,110.9,155.37142857142857,-0.7844090202177294,0,3.8,33.1,26.1,73.0,29.6,6.1,-5.999999999999998,0,0,0,2320.0,0,0,0,0,0.0,0.0,2369.0,2369.0,2369.0,0.0,0.0,0.0,0.0,0.0,2369.0,2369.0,2369.0,2369.0,2369.0,2369.0,2369.0,2369.0,0.0,0.0,0.0,0.0,0.0,0.0,0.0,0.0,2369.0,2369.0,2369.0,0.0,0.0,0.0,0.9999999957788096,0.9999999957788096,0.9999999957788096,2369.0,2369.0,0.0,0,1,False,False,False,True,False,False,False,False,False,False,False,False,False,False,False,True,False,False
2026-07-17,Andhra Pradesh,NTR,Nandigama,Paddy(Common),B P T,Grade Range-1,1990.0,1990.0,1990.0,1990.0,4,7,29,96.4,110.9,155.37142857142857,-0.7844090202177294,0,3.8,33.1,26.1,73.0,29.6,6.1,-5.999999999999998,0,0,0,2320.0,0,0,0,0,0.0,0.0,1990.0,1990.0,1990.0,0.0,0.0,0.0,0.0,0.0,1970.0,1970.0,1910.0,1870.0,1970.0,1961.4285714285713,1970.0,1961.4285714285713,0.0,0.0,0.0,0.0,0.010152284212424954,0.010152284212424954,0.04188481653463447,0.06417112265149133,1961.4285714285713,1945.7142857142858,1914.0,22.67786838055165,34.12968158121738,49.660919207680834,1.014566637216339,1.0227606408521845,1.0397074135856457,1961.4285714285713,1914.0,31.71428571428578,0,1,False,False,False,False,True,False,False,False,False,False,False,False,False,False,False,True,False,False
2026-07-17,Andhra Pradesh,Eluru,Polavaram,Paddy(Common),1001,Local,2445.0,2445.0,2445.0,2445.0,4,7,29,96.4,110.9,155.37142857142857,-0.7844090202177294,0,3.8,33.1,26.1,73.0,29.6,6.1,-5.999999999999998,0,0,0,2320.0,0,0,0,0,0.0,0.0,2445.0,2445.0,2445.0,0.0,0.0,0.0,0.0,0.0,2445.0,2445.0,2390.0,2390.0,2445.0,2413.5714285714284,2445.0,2413.5714285714284,0.0,0.0,0.0,0.0,0.0,0.0,0.0230125522049684,0.0230125522049684,2413.5714285714284,2401.785714285714,2395.4666666666667,29.398736610366896,23.41984224944854,16.7943613963929,1.0130215998276701,1.01799256081728,1.0206779429727904,2413.5714285714284,2395.4666666666667,6.319047619047524,0,1,False,False,False,False,False,True,False,False,False,False,False,False,True,False,False,False,False,False
2026-07-17,Andhra Pradesh,NTR,Tiruvuru,Paddy(Common),Sona,Local,2500.0,2500.0,2500.0,2500.0,4,7,29,96.4,110.9,155.37142857142857,-0.7844090202177294,0,3.8,33.1,26.1,73.0,29.6,6.1,-5.999999999999998,0,0,0,2320.0,0,0,0,0,0.0,0.0,2500.0,2500.0,2500.0,0.0,0.0,0.0,0.0,0.0,2500.0,2450.0,2459.0,2450.0,2500.0,2468.1428571428573,2500.0,2468.1428571428573,0.0,0.0,0.0,0.0,0.0,0.020408163182007496,0.016673444421824137,0.020408163182007496,2468.1428571428573,2459.0714285714284,2439.233333333333,22.13164078440097,17.739414116221308,66.76396061335541,1.012907329345169,1.0166439090733974,1.0249121949864894,2468.1428571428573,2439.233333333333,19.83809523809532,0,1,False,False,False,False,False,False,False,False,True,False,False,False,False,False,False,True,False,False
2026-07-18,Andhra Pradesh,Kakinada,Jaggampet,Paddy(Common),,,2369.0,2379.0,2379.0,2377.0,5,7,29,54.4,96.4,149.85714285714286,-0.13074842200180337,0,20.5,29.5,25.5,88.0,27.5,4.3,-7.799999999999998,0,0,0,2320.0,0,0,0,0,10.0,2.3978952727983707,2377.0,2369.0,2379.0,10.0,2.3978952727983707,0.0,0.0,0.0,2377.0,2377.0,2377.0,2377.0,2369.0,2369.0,2379.0,2379.0,10.0,10.0,0.0,2.3978952727983707,0.0,0.0,0.0,0.0,2377.0,2377.0,2377.0,0.0,0.0,0.0,0.9999999957930163,0.9999999957930163,0.9999999957930163,2377.0,2377.0,0.0,0,1,True,False,False,False,False,False,False,False,False,False,False,False,False,True,False,False,False,False
2026-07-18,Andhra Pradesh,East Godavari,Kovvur,Paddy(Common),,,2441.0,2441.0,2441.0,2441.0,5,7,29,54.4,96.4,149.85714285714286,-0.13074842200180337,0,20.5,29.5,25.5,88.0,27.5,4.3,-7.799999999999998,0,0,0,2320.0,0,0,0,0,0.0,0.0,2441.0,2441.0,2441.0,0.0,0.0,0.0,0.0,0.0,2441.0,2441.0,2400.0,2400.0,2441.0,2417.5714285714284,2441.0,2417.5714285714284,0.0,0.0,0.0,0.0,0.0,0.0,0.017083333262152778,0.017083333262152778,2417.5714285714284,2408.785714285714,2404.1,21.91542183681909,17.45842785867908,12.510271641803897,1.009690948964228,1.0133736576854873,1.0153487749455148,2417.5714285714284,2404.1,4.685714285714312,0,1,False,True,False,False,False,False,False,False,False,False,False,True,False,False,False,False,False,False
2026-07-18,Andhra Pradesh,Bapatla,Kuchinapudi,Paddy(Common),,,2600.0,2700.0,2650.0,2650.0,5,7,29,54.4,96.4,149.85714285714286,-0.13074842200180337,0,20.5,29.5,25.5,88.0,27.5,4.3,-7.799999999999998,0,0,0,2320.0,0,0,0,0,100.0,4.61512051684126,2650.0,2600.0,2700.0,100.0,4.61512051684126,0.0,0.0,0.0,2650.0,2650.0,2450.0,2450.0,2600.0,2485.714285714286,2700.0,2585.714285714286,100.0,100.0,0.0,4.61512051684126,0.0,0.0,0.08163265272802998,0.08163265272802998,2535.714285714286,2492.8571428571427,2470.0,106.90449676496989,85.16306272526408,61.02571532587302,1.0450704184138067,1.0630372450193348,1.072874489583504,2535.714285714286,2470.0,22.857142857142662,0,1,False,False,True,False,False,False,False,False,False,False,True,False,False,False,False,False,False,False
2026-07-18,Andhra Pradesh,NTR,Mylavaram,Paddy(Common),1001,FAQ,2369.0,2369.0,2369.0,2369.0,5,7,29,54.4,96.4,149.85714285714286,-0.13074842200180337,0,20.5,29.5,25.5,88.0,27.5,4.3,-7.799999999999998,0,0,0,2320.0,0,0,0,0,0.0,0.0,2369.0,2369.0,2369.0,0.0,0.0,0.0,0.0,0.0,2369.0,2369.0,2369.0,2369.0,2369.0,2369.0,2369.0,2369.0,0.0,0.0,0.0,0.0,0.0,0.0,0.0,0.0,2369.0,2369.0,2369.0,0.0,0.0,0.0,0.9999999957788096,0.9999999957788096,0.9999999957788096,2369.0,2369.0,0.0,0,1,False,False,False,True,False,False,False,False,False,False,False,False,False,False,False,True,False,False
2026-07-18,Andhra Pradesh,NTR,Nandigama,Paddy(Common),B P T,Grade Range-1,1990.0,1990.0,1990.0,1990.0,5,7,29,54.4,96.4,149.85714285714286,-0.13074842200180337,0,20.5,29.5,25.5,88.0,27.5,4.3,-7.799999999999998,0,0,0,2320.0,0,0,0,0,0.0,0.0,1970.0,1970.0,1970.0,0.0,0.0,-0.010050251205777632,-0.010050251205777632,-0.010050251205777632,1990.0,1970.0,1970.0,1890.0,1990.0,1972.857142857143,1990.0,1972.857142857143,0.0,0.0,0.0,0.0,0.0,0.010152284212424954,0.010152284212424954,0.05291005263010554,1972.857142857143,1954.2857142857142,1919.6666666666667,7.559289460178273,28.20646017501186,48.243872816844835,1.008689350426629,1.018274848590699,1.0366382998612347,1972.857142857143,1919.6666666666667,34.61904761904748,0,1,False,False,False,False,True,False,False,False,False,False,False,False,False,False,False,True,False,False
2026-07-18,Andhra Pradesh,Eluru,Polavaram,Paddy(Common),,,2445.0,2445.0,2445.0,2445.0,5,7,29,54.4,96.4,149.85714285714286,-0.13074842200180337,0,20.5,29.5,25.5,88.0,27.5,4.3,-7.799999999999998,0,0,0,2320.0,0,0,0,0,0.0,0.0,2445.0,2445.0,2445.0,0.0,0.0,0.0,0.0,0.0,2445.0,2445.0,2390.0,2390.0,2445.0,2421.4285714285716,2445.0,2421.4285714285716,0.0,0.0,0.0,0.0,0.0,0.0,0.0230125522049684,0.0230125522049684,2421.4285714285716,2405.714285714286,2397.3,29.398736610366765,25.784397701618175,19.030193794653748,1.009734509104341,1.0163301620461334,1.0198973803032685,2421.4285714285716,2397.3,8.414285714285597,0,1,False,False,False,False,False,True,False,False,False,False,False,False,True,False,False,False,False,False
2026-07-18,Andhra Pradesh,NTR,Tiruvuru,Paddy(Common),Sona,Local,2500.0,2500.0,2500.0,2500.0,5,7,29,54.4,96.4,149.85714285714286,-0.13074842200180337,0,20.5,29.5,25.5,88.0,27.5,4.3,-7.799999999999998,0,0,0,2320.0,0,0,0,0,0.0,0.0,2500.0,2500.0,2500.0,0.0,0.0,0.0,0.0,0.0,2500.0,2500.0,2459.0,2450.0,2500.0,2474.0,2500.0,2474.0,0.0,0.0,0.0,0.0,0.0,0.0,0.016673444421824137,0.020408163182007496,2474.0,2462.6428571428573,2440.9,24.596747752503095,20.57858163183254,67.6600783837605,1.0105092926010133,1.0151695291897862,1.0242123764832136,2474.0,2440.9,21.742857142857247,0,1,False,False,False,False,False,False,False,False,True,False,False,False,False,False,False,True,False,False
2026-07-19,Andhra Pradesh,Kakinada,Jaggampet,Paddy(Common),,,2369.0,2379.0,2379.0,2377.0,6,7,29,17.8,54.4,157.18571428571428,-0.43568464730290457,1,2.1,33.6,25.8,77.0,29.700000000000003,24.8,12.700000000000003,0,0,0,2320.0,0,0,0,0,10.0,2.3978952727983707,2377.0,2369.0,2379.0,10.0,2.3978952727983707,0.0,0.0,0.0,2377.0,2377.0,2377.0,2377.0,2369.0,2369.0,2379.0,2379.0,10.0,10.0,0.0,2.3978952727983707,0.0,0.0,0.0,0.0,2377.0,2377.0,2377.0,0.0,0.0,0.0,0.9999999957930163,0.9999999957930163,0.9999999957930163,2377.0,2377.0,0.0,0,1,True,False,False,False,False,False,False,False,False,False,False,False,False,True,False,False,False,False
2026-07-19,Andhra Pradesh,East Godavari,Kovvur,Paddy(Common),,,2441.0,2441.0,2441.0,2441.0,6,7,29,17.8,54.4,157.18571428571428,-0.43568464730290457,1,2.1,33.6,25.8,77.0,29.700000000000003,24.8,12.700000000000003,0,0,0,2320.0,0,0,0,0,0.0,0.0,2441.0,2441.0,2441.0,0.0,0.0,0.0,0.0,0.0,2441.0,2441.0,2400.0,2400.0,2441.0,2423.4285714285716,2441.0,2423.4285714285716,0.0,0.0,0.0,0.0,0.0,0.0,0.017083333262152778,0.017083333262152778,2423.4285714285716,2411.714285714286,2405.4666666666667,21.915421836819316,19.22109646847826,14.17558204931209,1.0072506442756692,1.0121431068090263,1.0147719042121892,2423.4285714285716,2405.4666666666667,6.247619047619082,0,1,False,True,False,False,False,False,False,False,False,False,False,True,False,False,False,False,False,False
2026-07-19,Andhra Pradesh,Bapatla,Kuchinapudi,Paddy(Common),,,2600.0,2700.0,2650.0,2650.0,6,7,29,17.8,54.4,157.18571428571428,-0.43568464730290457,1,2.1,33.6,25.8,77.0,29.700000000000003,24.8,12.700000000000003,0,0,0,2320.0,0,0,0,0,100.0,4.61512051684126,2900.0,2800.0,3000.0,200.0,5.303304908059076,0.09433962228551085,0.07692307662721894,0.11111111069958847,2650.0,2650.0,2450.0,2450.0,2600.0,2514.285714285714,2700.0,2614.285714285714,100.0,100.0,0.0,4.61512051684126,0.0,0.0,0.08163265272802998,0.08163265272802998,2564.285714285714,2507.1428571428573,2476.6666666666665,106.90449676496989,93.7614461876992,69.14918072835218,1.0334261798139368,1.056980052764182,1.0699865367295294,2564.285714285714,2476.6666666666665,30.476190476190823,0,1,False,False,True,False,False,False,False,False,False,False,True,False,False,False,False,False,False,False
2026-07-19,Andhra Pradesh,NTR,Mylavaram,Paddy(Common),,,2369.0,2369.0,2369.0,2369.0,6,7,29,17.8,54.4,157.18571428571428,-0.43568464730290457,1,2.1,33.6,25.8,77.0,29.700000000000003,24.8,12.700000000000003,0,0,0,2320.0,0,0,0,0,0.0,0.0,2369.0,2369.0,2369.0,0.0,0.0,0.0,0.0,0.0,2369.0,2369.0,2369.0,2369.0,2369.0,2369.0,2369.0,2369.0,0.0,0.0,0.0,0.0,0.0,0.0,0.0,0.0,2369.0,2369.0,2369.0,0.0,0.0,0.0,0.9999999957788096,0.9999999957788096,0.9999999957788096,2369.0,2369.0,0.0,0,1,False,False,False,True,False,False,False,False,False,False,False,False,False,False,False,True,False,False
2026-07-19,Andhra Pradesh,NTR,Nandigama,Paddy(Common),B P T,Grade Range-1,1970.0,1970.0,1970.0,1970.0,6,7,29,17.8,54.4,157.18571428571428,-0.43568464730290457,1,2.1,33.6,25.8,77.0,29.700000000000003,24.8,12.700000000000003,0,0,0,2320.0,0,0,0,0,0.0,0.0,1965.0,1960.0,1970.0,10.0,2.3978952727983707,-0.0025380710531062384,-0.005076142106212477,0.0,1990.0,1970.0,1970.0,1960.0,1990.0,1975.7142857142858,1990.0,1975.7142857142858,0.0,0.0,0.0,0.0,-0.010050251205777632,0.0,0.0,0.00510204079029571,1975.7142857142858,1961.4285714285713,1924.3333333333333,9.75900072948037,22.822776362205886,48.04332336069517,0.9971077317572277,1.0043699875960743,1.0237311569873664,1975.7142857142858,1924.3333333333333,37.095238095238074,0,1,False,False,False,False,True,False,False,False,False,False,False,False,False,False,False,True,False,False
2026-07-19,Andhra Pradesh,Eluru,Polavaram,Paddy(Common),,,2445.0,2445.0,2445.0,2445.0,6,7,29,17.8,54.4,157.18571428571428,-0.43568464730290457,1,2.1,33.6,25.8,77.0,29.700000000000003,24.8,12.700000000000003,0,0,0,2320.0,0,0,0,0,0.0,0.0,2445.0,2445.0,2445.0,0.0,0.0,0.0,0.0,0.0,2445.0,2445.0,2390.0,2390.0,2445.0,2429.285714285714,2445.0,2429.285714285714,0.0,0.0,0.0,0.0,0.0,0.0,0.0230125522049684,0.0230125522049684,2429.285714285714,2409.6428571428573,2399.133333333333,26.83725200608453,27.34848369543749,20.863651502625288,1.0064686815376178,1.0146731838727063,1.0191180105908326,2429.285714285714,2399.133333333333,10.509523809524126,0,1,False,False,False,False,False,True,False,False,False,False,False,False,True,False,False,False,False,False
2026-07-19,Andhra Pradesh,NTR,Tiruvuru,Paddy(Common),,,2500.0,2500.0,2500.0,2500.0,6,7,29,17.8,54.4,157.18571428571428,-0.43568464730290457,1,2.1,33.6,25.8,77.0,29.700000000000003,24.8,12.700000000000003,0,0,0,2320.0,0,0,0,0,0.0,0.0,2550.0,2550.0,2550.0,0.0,0.0,0.019999999919999997,0.019999999919999997,0.019999999919999997,2500.0,2500.0,2459.0,2450.0,2500.0,2479.8571428571427,2500.0,2479.8571428571427,0.0,0.0,0.0,0.0,0.0,0.0,0.016673444421824137,0.020408163182007496,2479.8571428571427,2466.214285714286,2442.5666666666666,25.30104458600782,22.467681306638493,68.5025463072343,1.0081225836414205,1.0136994195291245,1.0235135130115307,2479.8571428571427,2442.5666666666666,23.647619047619173,0,1,False,False,False,False,False,False,False,False,True,False,False,False,False,False,False,True,False,False
2026-07-20,Andhra Pradesh,Kakinada,Jaggampet,Paddy(Common),,,2369.0,2379.0,2379.0,2377.0,0,7,30,64.0,17.8,157.02857142857144,-0.6727941176470589,0,2.6,33.5,26.2,77.0,29.85,26.8,-6.400000000000002,0,0,0,2320.0,0,0,0,0,10.0,2.3978952727983707,2377.0,2369.0,2379.0,10.0,2.3978952727983707,0.0,0.0,0.0,2377.0,2377.0,2377.0,2377.0,2369.0,2369.0,2379.0,2379.0,10.0,10.0,0.0,2.3978952727983707,0.0,0.0,0.0,0.0,2377.0,2377.0,2377.0,0.0,0.0,0.0,0.9999999957930163,0.9999999957930163,0.9999999957930163,2377.0,2377.0,0.0,0,1,True,False,False,False,False,False,False,False,False,False,False,False,False,True,False,False,False,False
2026-07-20,Andhra Pradesh,East Godavari,Kovvur,Paddy(Common),MTU-1010,Grade Range-2,2441.0,2441.0,2441.0,2441.0,0,7,30,64.0,17.8,157.02857142857144,-0.6727941176470589,0,2.6,33.5,26.2,77.0,29.85,26.8,-6.400000000000002,0,0,0,2320.0,0,0,0,0,0.0,0.0,2441.0,2441.0,2441.0,0.0,0.0,0.0,0.0,0.0,2441.0,2441.0,2400.0,2400.0,2441.0,2429.285714285714,2441.0,2429.285714285714,0.0,0.0,0.0,0.0,0.0,0.0,0.017083333262152778,0.017083333262152778,2429.285714285714,2414.6428571428573,2406.8333333333335,20.005951495445725,20.387051482052655,15.541009893367416,1.004822107007495,1.0109155408511112,1.014195688605239,2429.285714285714,2406.8333333333335,7.809523809523853,0,1,False,True,False,False,False,False,False,False,False,False,False,True,False,False,False,False,False,False
2026-07-20,Andhra Pradesh,Bapatla,Kuchinapudi,Paddy(Common),B P T,Local,2800.0,3000.0,2900.0,2900.0,0,7,30,64.0,17.8,157.02857142857144,-0.6727941176470589,0,2.6,33.5,26.2,77.0,29.85,26.8,-6.400000000000002,0,0,0,2320.0,0,0,0,0,200.0,5.303304908059076,2800.0,2700.0,2900.0,200.0,5.303304908059076,-0.03448275850178359,-0.035714285586734694,-0.03333333322222222,2650.0,2650.0,2450.0,2450.0,2600.0,2542.8571428571427,2700.0,2642.8571428571427,100.0,100.0,0.0,4.61512051684126,0.09433962228551085,0.09433962228551085,0.18367346863806747,0.18367346863806747,2592.8571428571427,2521.4285714285716,2483.3333333333335,97.59000729485352,99.4490316197695,75.80980435789044,1.1184572959618726,1.1501416384980216,1.1677852301968379,2592.8571428571427,2483.3333333333335,38.095238095238074,0,1,False,False,True,False,False,False,False,False,False,False,True,False,False,False,False,False,False,False
2026-07-20,Andhra Pradesh,NTR,Mylavaram,Paddy(Common),1001,FAQ,2369.0,2369.0,2369.0,2369.0,0,7,30,64.0,17.8,157.02857142857144,-0.6727941176470589,0,2.6,33.5,26.2,77.0,29.85,26.8,-6.400000000000002,0,0,0,2320.0,0,0,0,0,0.0,0.0,2369.0,2369.0,2369.0,0.0,0.0,0.0,0.0,0.0,2369.0,2369.0,2369.0,2369.0,2369.0,2369.0,2369.0,2369.0,0.0,0.0,0.0,0.0,0.0,0.0,0.0,0.0,2369.0,2369.0,2369.0,0.0,0.0,0.0,0.9999999957788096,0.9999999957788096,0.9999999957788096,2369.0,2369.0,0.0,0,1,False,False,False,True,False,False,False,False,False,False,False,False,False,False,False,True,False,False
2026-07-20,Andhra Pradesh,NTR,Nandigama,Paddy(Common),B P T,Grade Range-1,1960.0,1970.0,1965.0,1965.0,0,7,30,64.0,17.8,157.02857142857144,-0.6727941176470589,0,2.6,33.5,26.2,77.0,29.85,26.8,-6.400000000000002,0,0,0,2320.0,0,0,0,0,10.0,2.3978952727983707,1930.0,1930.0,1930.0,0.0,0.0,-0.01781170474396079,-0.01530612237088713,-0.020304568424849907,1970.0,1990.0,1970.0,1970.0,1970.0,1975.7142857142858,1970.0,1975.7142857142858,0.0,0.0,0.0,0.0,-0.0025380710531062384,-0.012562814007222041,-0.0025380710531062384,-0.0025380710531062384,1975.7142857142858,1962.142857142857,1924.3333333333333,9.75900072948037,22.930856412797134,48.04332336069517,0.9945770014735799,1.0014561288604347,1.0211328545584644,1975.7142857142858,1924.3333333333333,37.80952380952385,0,1,False,False,False,False,True,False,False,False,False,False,False,False,False,False,False,True,False,False
2026-07-20,Andhra Pradesh,Eluru,Polavaram,Paddy(Common),1001,Local,2445.0,2445.0,2445.0,2445.0,0,7,30,64.0,17.8,157.02857142857144,-0.6727941176470589,0,2.6,33.5,26.2,77.0,29.85,26.8,-6.400000000000002,0,0,0,2320.0,0,0,0,0,0.0,0.0,2445.0,2445.0,2445.0,0.0,0.0,0.0,0.0,0.0,2445.0,2445.0,2390.0,2390.0,2445.0,2437.1428571428573,2445.0,2437.1428571428573,0.0,0.0,0.0,0.0,0.0,0.0,0.0230125522049684,0.0230125522049684,2437.1428571428573,2413.5714285714284,2400.9666666666667,20.788046015506925,28.245392505721195,22.39378505736385,1.0032239114756345,1.0130215998276701,1.0183398311027232,2437.1428571428573,2400.9666666666667,12.604761904761745,0,1,False,False,False,False,False,True,False,False,False,False,False,False,True,False,False,False,False,False
2026-07-20,Andhra Pradesh,NTR,Tiruvuru,Paddy(Common),Sona,Local,2550.0,2550.0,2550.0,2550.0,0,7,30,64.0,17.8,157.02857142857144,-0.6727941176470589,0,2.6,33.5,26.2,77.0,29.85,26.8,-6.400000000000002,0,0,0,2320.0,0,0,0,0,0.0,0.0,2500.0,2500.0,2500.0,0.0,0.0,-0.0196078430603614,-0.0196078430603614,-0.0196078430603614,2500.0,2500.0,2450.0,2450.0,2500.0,2485.714285714286,2500.0,2485.714285714286,0.0,0.0,0.0,0.0,0.019999999919999997,0.019999999919999997,0.04081632636401499,0.04081632636401499,2485.714285714286,2469.785714285714,2444.233333333333,24.397501823720166,23.63562686164306,69.2933212352833,1.0258620648384857,1.0324782327979016,1.0432719146701546,2485.714285714286,2444.233333333333,25.5523809523811,0,1,False,False,False,False,False,False,False,False,True,False,False,False,False,False,False,True,False,False
2026-07-21,Andhra Pradesh,Kakinada,Jaggampet,Paddy(Common),,,2369.0,2379.0,2379.0,2377.0,1,7,30,194.6,64.0,133.1,2.595505617977528,0,3.5,31.9,25.2,76.0,28.549999999999997,29.4,-3.8000000000000043,0,0,0,2320.0,0,0,0,0,10.0,2.3978952727983707,2371.2,2369.0,2380.0,11.0,2.4849066497880004,-0.002440050473537937,0.0,0.0004203446808728681,2377.0,2377.0,2377.0,2377.0,2369.0,2369.0,2379.0,2379.0,10.0,10.0,0.0,2.3978952727983707,0.0,0.0,0.0,0.0,2377.0,2377.0,2377.0,0.0,0.0,0.0,0.9999999957930163,0.9999999957930163,0.9999999957930163,2377.0,2377.0,0.0,0,1,True,False,False,False,False,False,False,False,False,False,False,False,False,True,False,False,False,False
2026-07-21,Andhra Pradesh,East Godavari,Kovvur,Paddy(Common),,,2441.0,2441.0,2441.0,2441.0,1,7,30,194.6,64.0,133.1,2.595505617977528,0,3.5,31.9,25.2,76.0,28.549999999999997,29.4,-3.8000000000000043,0,0,0,2320.0,0,0,0,0,0.0,0.0,2441.0,2441.0,2441.0,0.0,0.0,0.0,0.0,0.0,2441.0,2441.0,2400.0,2400.0,2441.0,2435.1428571428573,2441.0,2435.1428571428573,0.0,0.0,0.0,0.0,0.0,0.0,0.017083333262152778,0.017083333262152778,2435.1428571428573,2417.5714285714284,2408.2,15.49654339337958,21.055656231536815,16.680362189071843,1.002405252248717,1.009690948964228,1.013620127009301,2435.1428571428573,2408.2,9.371428571428623,0,1,False,True,False,False,False,False,False,False,False,False,False,True,False,False,False,False,False,False
2026-07-21,Andhra Pradesh,Bapatla,Kuchinapudi,Paddy(Common),B P T,Local,2700.0,2900.0,2800.0,2800.0,1,7,30,194.6,64.0,133.1,2.595505617977528,0,3.5,31.9,25.2,76.0,28.549999999999997,29.4,-3.8000000000000043,0,0,0,2320.0,0,0,0,0,200.0,5.303304908059076,2800.0,2700.0,2900.0,200.0,5.303304908059076,0.0,0.0,0.0,2900.0,2650.0,2450.0,2450.0,2800.0,2600.0,3000.0,2714.285714285714,200.0,114.28571428571429,37.79644730092272,5.303304908059076,-0.03448275850178359,0.05660377337130651,0.14285714227405247,0.14285714227405247,2657.1428571428573,2553.5714285714284,2498.3333333333335,130.47532151257414,139.31740974960977,107.06373652250768,1.0537634368944384,1.0965034922094967,1.1207471602905383,2657.1428571428573,2498.3333333333335,55.23809523809496,0,1,False,False,True,False,False,False,False,False,False,False,True,False,False,False,False,False,False,False
2026-07-21,Andhra Pradesh,NTR,Mylavaram,Paddy(Common),1001,FAQ,2369.0,2369.0,2369.0,2369.0,1,7,30,194.6,64.0,133.1,2.595505617977528,0,3.5,31.9,25.2,76.0,28.549999999999997,29.4,-3.8000000000000043,0,0,0,2320.0,0,0,0,0,0.0,0.0,2369.0,2369.0,2369.0,0.0,0.0,0.0,0.0,0.0,2369.0,2369.0,2369.0,2369.0,2369.0,2369.0,2369.0,2369.0,0.0,0.0,0.0,0.0,0.0,0.0,0.0,0.0,2369.0,2369.0,2369.0,0.0,0.0,0.0,0.9999999957788096,0.9999999957788096,0.9999999957788096,2369.0,2369.0,0.0,0,1,False,False,False,True,False,False,False,False,False,False,False,False,False,False,False,True,False,False
2026-07-21,Andhra Pradesh,NTR,Nandigama,Paddy(Common),B P T,Grade Range-1,1930.0,1930.0,1930.0,1930.0,1,7,30,194.6,64.0,133.1,2.595505617977528,0,3.5,31.9,25.2,76.0,28.549999999999997,29.4,-3.8000000000000043,0,0,0,2320.0,0,0,0,0,0.0,0.0,1960.0,1960.0,1960.0,0.0,0.0,0.015544041370238128,0.015544041370238128,0.015544041370238128,1965.0,1990.0,1970.0,1930.0,1960.0,1974.2857142857142,1970.0,1975.7142857142858,10.0,1.4285714285714286,3.779644730092272,2.3978952727983707,-0.01781170474396079,-0.030150753617332895,-0.020304568424849907,0.0,1975.0,1961.7857142857142,1925.8333333333333,10.408329997326026,22.83781806710259,48.60259914529521,0.9772151849254928,0.9837975555167793,1.0021635603522447,1975.0,1925.8333333333333,35.95238095238096,0,1,False,False,False,False,True,False,False,False,False,False,False,False,False,False,False,True,False,False
2026-07-21,Andhra Pradesh,Eluru,Polavaram,Paddy(Common),1001,Local,2445.0,2445.0,2445.0,2445.0,1,7,30,194.6,64.0,133.1,2.595505617977528,0,3.5,31.9,25.2,76.0,28.549999999999997,29.4,-3.8000000000000043,0,0,0,2320.0,0,0,0,0,0.0,0.0,2445.0,2445.0,2445.0,0.0,0.0,0.0,0.0,0.0,2445.0,2445.0,2445.0,2390.0,2445.0,2445.0,2445.0,2445.0,0.0,0.0,0.0,0.0,0.0,0.0,0.0,0.0230125522049684,2445.0,2417.5,2402.8,0.0,28.53809869145341,23.6794687731655,0.9999999959100204,1.0113753836137522,1.017562839114521,2445.0,2402.8,14.699999999999818,0,1,False,False,False,False,False,True,False,False,False,False,False,False,True,False,False,False,False,False
2026-07-21,Andhra Pradesh,NTR,Tiruvuru,Paddy(Common),Sona,Local,2500.0,2500.0,2500.0,2500.0,1,7,30,194.6,64.0,133.1,2.595505617977528,0,3.5,31.9,25.2,76.0,28.549999999999997,29.4,-3.8000000000000043,0,0,0,2320.0,0,0,0,0,0.0,0.0,2500.0,2500.0,2500.0,0.0,0.0,0.0,0.0,0.0,2550.0,2500.0,2450.0,2450.0,2550.0,2500.0,2550.0,2500.0,0.0,0.0,0.0,0.0,-0.0196078430603614,0.0,0.020408163182007496,0.020408163182007496,2500.0,2476.9285714285716,2447.5666666666666,28.86751345948867,31.121262298192935,71.93516397487416,0.9999999959999999,1.0093145271706307,1.0214226332762226,2500.0,2447.5666666666666,29.361904761904952,0,1,False,False,False,False,False,False,False,False,True,False,False,False,False,False,False,True,False,False
2026-07-22,Andhra Pradesh,Kakinada,Jaggampet,Paddy(Common),Common,FAQ,2369.0,2380.0,2369.0,2371.2,2,7,30,904.94,194.6,150.35714285714286,2.040625,0,9.0,31.7,26.0,82.0,28.85,32.9,-0.30000000000000426,0,0,0,2320.0,0,0,0,0,11.0,2.4849066497880004,2371.2,2369.0,2380.0,11.0,2.4849066497880004,0.0,0.0,0.0,2377.0,2377.0,2377.0,2377.0,2369.0,2369.0,2379.0,2379.0,10.0,10.0,0.0,2.3978952727983707,-0.002440050473537937,-0.002440050473537937,-0.002440050473537937,-0.002440050473537937,2377.0,2377.0,2377.0,0.0,0.0,0.0,0.9975599453194784,0.9975599453194784,0.9975599453194784,2377.0,2377.0,0.0,0,1,True,False,False,False,False,False,False,False,False,False,False,False,False,True,False,False,False,False
2026-07-22,Andhra Pradesh,East Godavari,Kovvur,Paddy(Common),MTU-1010,Grade Range-2,2441.0,2441.0,2441.0,2441.0,2,7,30,904.94,194.6,150.35714285714286,2.040625,0,9.0,31.7,26.0,82.0,28.85,32.9,-0.30000000000000426,0,0,0,2320.0,0,0,0,0,0.0,0.0,2441.0,2441.0,2441.0,0.0,0.0,0.0,0.0,0.0,2441.0,2441.0,2441.0,2400.0,2441.0,2441.0,2441.0,2441.0,0.0,0.0,0.0,0.0,0.0,0.0,0.0,0.017083333262152778,2441.0,2420.5,2409.5666666666666,0.0,21.27385538817348,17.637505753235075,0.9999999959033182,1.0084693203533595,1.013045218311542,2441.0,2409.5666666666666,10.933333333333394,0,1,False,True,False,False,False,False,False,False,False,False,False,True,False,False,False,False,False,False
2026-07-22,Andhra Pradesh,Bapatla,Kuchinapudi,Paddy(Common),,,2700.0,2900.0,2800.0,2800.0,2,7,30,904.94,194.6,150.35714285714286,2.040625,0,9.0,31.7,26.0,82.0,28.85,32.9,-0.30000000000000426,0,0,0,2320.0,0,0,0,0,200.0,5.303304908059076,3300.0,3200.0,3400.0,200.0,5.303304908059076,0.17857142793367345,0.18518518449931412,0.17241379250891795,2800.0,2650.0,2650.0,2450.0,2700.0,2642.8571428571427,2900.0,2771.4285714285716,200.0,128.57142857142858,48.795003647426654,5.303304908059076,0.0,0.05660377337130651,0.05660377337130651,0.14285714227405247,2707.1428571428573,2578.5714285714284,2510.0,101.77004891982193,150.27447415452022,119.91376211606249,1.034300787736092,1.085872571966145,1.1155378441612038,2707.1428571428573,2510.0,68.57142857142844,0,1,False,False,True,False,False,False,False,False,False,False,True,False,False,False,False,False,False,False
2026-07-22,Andhra Pradesh,NTR,Mylavaram,Paddy(Common),1001,FAQ,2369.0,2369.0,2369.0,2369.0,2,7,30,904.94,194.6,150.35714285714286,2.040625,0,9.0,31.7,26.0,82.0,28.85,32.9,-0.30000000000000426,0,0,0,2320.0,0,0,0,0,0.0,0.0,2369.0,2369.0,2369.0,0.0,0.0,0.0,0.0,0.0,2369.0,2369.0,2369.0,2369.0,2369.0,2369.0,2369.0,2369.0,0.0,0.0,0.0,0.0,0.0,0.0,0.0,0.0,2369.0,2369.0,2369.0,0.0,0.0,0.0,0.9999999957788096,0.9999999957788096,0.9999999957788096,2369.0,2369.0,0.0,0,1,False,False,False,True,False,False,False,False,False,False,False,False,False,False,False,True,False,False
2026-07-22,Andhra Pradesh,NTR,Nandigama,Paddy(Common),B P T,Grade Range-1,1960.0,1960.0,1960.0,1960.0,2,7,30,904.94,194.6,150.35714285714286,2.040625,0,9.0,31.7,26.0,82.0,28.85,32.9,-0.30000000000000426,0,0,0,2320.0,0,0,0,0,0.0,0.0,2250.0,2250.0,2250.0,0.0,0.0,0.1479591829185756,0.1479591829185756,0.1479591829185756,1930.0,1970.0,1970.0,1930.0,1930.0,1968.5714285714287,1930.0,1970.0,0.0,1.4285714285714286,3.779644730092272,0.0,0.015544041370238128,-0.005076142106212477,-0.005076142106212477,0.015544041370238128,1969.2857142857142,1961.7857142857142,1928.1666666666667,20.08908730060512,22.83781806710259,46.986486196113496,0.9952847247247059,0.9990897454989054,1.0165096325533254,1969.2857142857142,1928.1666666666667,33.61904761904748,0,1,False,False,False,False,True,False,False,False,False,False,False,False,False,False,False,True,False,False
2026-07-22,Andhra Pradesh,Eluru,Polavaram,Paddy(Common),1001,Local,2445.0,2445.0,2445.0,2445.0,2,7,30,904.94,194.6,150.35714285714286,2.040625,0,9.0,31.7,26.0,82.0,28.85,32.9,-0.30000000000000426,0,0,0,2320.0,0,0,0,0,0.0,0.0,2445.0,2445.0,2445.0,0.0,0.0,0.0,0.0,0.0,2445.0,2445.0,2445.0,2390.0,2445.0,2445.0,2445.0,2445.0,0.0,0.0,0.0,0.0,0.0,0.0,0.0,0.0230125522049684,2445.0,2421.4285714285716,2404.633333333333,0.0,28.24539250572133,24.75881359384414,0.9999999959100204,1.009734509104341,1.0167870319101164,2445.0,2404.633333333333,16.795238095238346,0,1,False,False,False,False,False,True,False,False,False,False,False,False,True,False,False,False,False,False
2026-07-22,Andhra Pradesh,NTR,Tiruvuru,Paddy(Common),,,2500.0,2500.0,2500.0,2500.0,2,7,30,904.94,194.6,150.35714285714286,2.040625,0,9.0,31.7,26.0,82.0,28.85,32.9,-0.30000000000000426,0,0,0,2320.0,0,0,0,0,0.0,0.0,2500.0,2500.0,2500.0,0.0,0.0,0.0,0.0,0.0,2500.0,2500.0,2500.0,2450.0,2500.0,2507.1428571428573,2500.0,2507.1428571428573,0.0,0.0,0.0,0.0,0.0,0.0,0.0,0.020408163182007496,2507.1428571428573,2480.5,2449.233333333333,18.89822365047382,30.65879218856302,72.5699108034664,0.9971509931737566,1.0078613142194666,1.0207275704476466,2507.1428571428573,2449.233333333333,31.26666666666688,0,1,False,False,False,False,False,False,False,False,True,False,False,False,False,False,False,True,False,False
2026-07-23,Andhra Pradesh,Kakinada,Jaggampet,Paddy(Common),Common,FAQ,2369.0,2380.0,2369.0,2371.2,3,7,30,692.47,904.94,206.14857142857142,3.6502569373072973,0,0.7,33.3,26.4,70.0,29.849999999999998,41.9,8.699999999999996,1,0,0,2320.0,0,0,0,0,11.0,2.4849066497880004,2371.2,2369.0,2380.0,11.0,2.4849066497880004,0.0,0.0,0.0,2371.2,2377.0,2377.0,2377.0,2369.0,2369.0,2380.0,2379.1428571428573,11.0,10.142857142857142,0.3779644730092273,2.4849066497880004,0.0,-0.002440050473537937,-0.002440050473537937,-0.002440050473537937,2376.171428571429,2376.585714285714,2376.8066666666664,2.192193943453544,1.5501152030921288,1.0589302778433713,0.9979077946604652,0.9977338396714753,0.9976410884731568,2376.171428571429,2376.8066666666664,-0.22095238095243985,0,1,True,False,False,False,False,False,False,False,False,False,False,False,False,True,False,False,False,False
2026-07-23,Andhra Pradesh,East Godavari,Kovvur,Paddy(Common),MTU-1010,Grade Range-2,2441.0,2441.0,2441.0,2441.0,3,7,30,692.47,904.94,206.14857142857142,3.6502569373072973,0,0.7,33.3,26.4,70.0,29.849999999999998,41.9,8.699999999999996,1,0,0,2320.0,0,0,0,0,0.0,0.0,2441.0,2441.0,2441.0,0.0,0.0,0.0,0.0,0.0,2441.0,2441.0,2441.0,2400.0,2441.0,2441.0,2441.0,2441.0,0.0,0.0,0.0,0.0,0.0,0.0,0.0,0.017083333262152778,2441.0,2423.4285714285716,2410.9333333333334,0.0,21.055656231536815,18.440834249460952,0.9999999959033182,1.0072506442756692,1.0124709614016523,2441.0,2410.9333333333334,12.495238095238165,0,1,False,True,False,False,False,False,False,False,False,False,False,True,False,False,False,False,False,False
2026-07-23,Andhra Pradesh,Bapatla,Kuchinapudi,Paddy(Common),B P T,Local,3200.0,3400.0,3300.0,3300.0,3,7,30,692.47,904.94,206.14857142857142,3.6502569373072973,0,0.7,33.3,26.4,70.0,29.849999999999998,41.9,8.699999999999996,1,0,0,2320.0,0,0,0,0,200.0,5.303304908059076,3400.0,3300.0,3500.0,200.0,5.303304908059076,0.030303030211202935,0.03124999990234375,0.02941176461937716,2800.0,2900.0,2650.0,2450.0,2700.0,2657.1428571428573,2900.0,2800.0,200.0,142.85714285714286,53.45224838248487,5.303304908059076,0.17857142793367345,0.13793103400713436,0.2452830179423282,0.34693877409412743,2728.5714285714284,2603.5714285714284,2521.6666666666665,103.50983390135362,156.23488937923122,130.43913452676694,1.209424079337189,1.267489707065883,1.3086582895889294,2728.5714285714284,2521.6666666666665,81.90476190476193,0,1,False,False,True,False,False,False,False,False,False,False,True,False,False,False,False,False,False,False
2026-07-23,Andhra Pradesh,NTR,Mylavaram,Paddy(Common),1001,FAQ,2369.0,2369.0,2369.0,2369.0,3,7,30,692.47,904.94,206.14857142857142,3.6502569373072973,0,0.7,33.3,26.4,70.0,29.849999999999998,41.9,8.699999999999996,1,0,0,2320.0,0,0,0,0,0.0,0.0,2369.0,2369.0,2369.0,0.0,0.0,0.0,0.0,0.0,2369.0,2369.0,2369.0,2369.0,2369.0,2369.0,2369.0,2369.0,0.0,0.0,0.0,0.0,0.0,0.0,0.0,0.0,2369.0,2369.0,2369.0,0.0,0.0,0.0,0.9999999957788096,0.9999999957788096,0.9999999957788096,2369.0,2369.0,0.0,0,1,False,False,False,True,False,False,False,False,False,False,False,False,False,False,False,True,False,False
2026-07-23,Andhra Pradesh,NTR,Nandigama,Paddy(Common),B P T,Grade Range-1,2250.0,2250.0,2250.0,2250.0,3,7,30,692.47,904.94,206.14857142857142,3.6502569373072973,0,0.7,33.3,26.4,70.0,29.849999999999998,41.9,8.699999999999996,1,0,0,2320.0,0,0,0,0,0.0,0.0,2300.0,2300.0,2300.0,0.0,0.0,0.02222222212345679,0.02222222212345679,0.02222222212345679,1960.0,1965.0,1970.0,1960.0,1960.0,1967.142857142857,1960.0,1968.5714285714287,0.0,1.4285714285714286,3.779644730092272,0.0,0.1479591829185756,0.14503816720082358,0.14213197897394936,0.1479591829185756,1967.857142857143,1963.9285714285713,1932.5,20.3832330722115,20.95586675965701,43.48503507946345,1.1433756747705048,1.1456628419569814,1.1642949486970506,1967.857142857143,1932.5,31.42857142857133,0,1,False,False,False,False,True,False,False,False,False,False,False,False,False,False,False,True,False,False
2026-07-23,Andhra Pradesh,Eluru,Polavaram,Paddy(Common),1001,Local,2445.0,2445.0,2445.0,2445.0,3,7,30,692.47,904.94,206.14857142857142,3.6502569373072973,0,0.7,33.3,26.4,70.0,29.849999999999998,41.9,8.699999999999996,1,0,0,2320.0,0,0,0,0,0.0,0.0,2445.0,2445.0,2445.0,0.0,0.0,0.0,0.0,0.0,2445.0,2445.0,2445.0,2390.0,2445.0,2445.0,2445.0,2445.0,0.0,0.0,0.0,0.0,0.0,0.0,0.0,0.0230125522049684,2445.0,2425.3571428571427,2406.4666666666667,0.0,27.34848369543776,25.657872803130353,0.9999999959100204,1.008098950342104,1.0160124067816754,2445.0,2406.4666666666667,18.890476190475965,0,1,False,False,False,False,False,True,False,False,False,False,False,False,True,False,False,False,False,False
2026-07-23,Andhra Pradesh,NTR,Tiruvuru,Paddy(Common),,,2500.0,2500.0,2500.0,2500.0,3,7,30,692.47,904.94,206.14857142857142,3.6502569373072973,0,0.7,33.3,26.4,70.0,29.849999999999998,41.9,8.699999999999996,1,0,0,2320.0,0,0,0,0,0.0,0.0,2450.0,2450.0,2450.0,0.0,0.0,-0.019999999919999997,-0.019999999919999997,-0.019999999919999997,2500.0,2550.0,2500.0,2450.0,2500.0,2507.1428571428573,2500.0,2507.1428571428573,0.0,0.0,0.0,0.0,0.0,-0.0196078430603614,0.0,0.020408163182007496,2507.1428571428573,2484.0714285714284,2450.9,18.89822365047382,29.730751460693586,73.15988631427282,0.9971509931737566,1.0064122799293291,1.0200334529355197,2507.1428571428573,2450.9,33.17142857142835,0,1,False,False,False,False,False,False,False,False,True,False,False,False,False,False,False,True,False,False
2026-07-24,Andhra Pradesh,Kakinada,Jaggampet,Paddy(Common),Common,FAQ,2369.0,2380.0,2369.0,2371.2,4,7,30,452.35,692.47,289.23,-0.23478904678763235,0,1.2,32.9,27.8,70.0,30.35,42.2,9.0,1,0,0,2320.0,0,0,0,0,11.0,2.4849066497880004,2371.2,2369.0,2380.0,11.0,2.4849066497880004,0.0,0.0,0.0,2371.2,2377.0,2377.0,2377.0,2369.0,2369.0,2380.0,2379.285714285714,11.0,10.285714285714286,0.48795003647426693,2.4849066497880004,0.0,-0.002440050473537937,-0.002440050473537937,-0.002440050473537937,2375.342857142857,2376.171428571429,2376.6133333333332,2.830110211550674,2.1061918136875524,1.471507163874377,0.9982558866763346,0.9979077946604652,0.997722244828542,2375.342857142857,2376.6133333333332,-0.44190476190442496,0,1,True,False,False,False,False,False,False,False,False,False,False,False,False,True,False,False,False,False
2026-07-24,Andhra Pradesh,East Godavari,Kovvur,Paddy(Common),,,2441.0,2441.0,2441.0,2441.0,4,7,30,452.35,692.47,289.23,-0.23478904678763235,0,1.2,32.9,27.8,70.0,30.35,42.2,9.0,1,0,0,2320.0,0,0,0,0,0.0,0.0,2441.0,2441.0,2441.0,0.0,0.0,0.0,0.0,0.0,2441.0,2441.0,2441.0,2400.0,2441.0,2441.0,2441.0,2441.0,0.0,0.0,0.0,0.0,0.0,0.0,0.0,0.017083333262152778,2441.0,2426.3571428571427,2412.3,0.0,20.387051482052655,19.10975558767544,0.9999999959033182,1.006034910040187,1.0118973551718384,2441.0,2412.3,14.05714285714248,0,1,False,True,False,False,False,False,False,False,False,False,False,True,False,False,False,False,False,False
2026-07-24,Andhra Pradesh,Bapatla,Kuchinapudi,Paddy(Common),B P T,Local,3300.0,3500.0,3400.0,3400.0,4,7,30,452.35,692.47,289.23,-0.23478904678763235,0,1.2,32.9,27.8,70.0,30.35,42.2,9.0,1,0,0,2320.0,0,0,0,0,200.0,5.303304908059076,3100.0,3000.0,3200.0,200.0,5.303304908059076,-0.08823529385813149,-0.09090909063360882,-0.08571428546938775,3300.0,2800.0,2650.0,2450.0,3200.0,2742.8571428571427,3400.0,2900.0,200.0,157.14285714285714,53.45224838248487,5.303304908059076,0.030303030211202935,0.21428571352040815,0.28301886685653255,0.38775510045814243,2821.4285714285716,2664.285714285714,2550.0,232.48143807112686,236.5038391529107,192.0847514097306,1.20506328686813,1.276139405397868,1.3333333281045752,2821.4285714285716,2550.0,114.28571428571422,0,1,False,False,True,False,False,False,False,False,False,False,True,False,False,False,False,False,False,False
2026-07-24,Andhra Pradesh,NTR,Mylavaram,Paddy(Common),1001,FAQ,2369.0,2369.0,2369.0,2369.0,4,7,30,452.35,692.47,289.23,-0.23478904678763235,0,1.2,32.9,27.8,70.0,30.35,42.2,9.0,1,0,0,2320.0,0,0,0,0,0.0,0.0,2369.0,2369.0,2369.0,0.0,0.0,0.0,0.0,0.0,2369.0,2369.0,2369.0,2369.0,2369.0,2369.0,2369.0,2369.0,0.0,0.0,0.0,0.0,0.0,0.0,0.0,0.0,2369.0,2369.0,2369.0,0.0,0.0,0.0,0.9999999957788096,0.9999999957788096,0.9999999957788096,2369.0,2369.0,0.0,0,1,False,False,False,True,False,False,False,False,False,False,False,False,False,False,False,True,False,False
2026-07-24,Andhra Pradesh,NTR,Nandigama,Paddy(Common),B P T,Grade Range-1,2300.0,2300.0,2300.0,2300.0,4,7,30,452.35,692.47,289.23,-0.23478904678763235,0,1.2,32.9,27.8,70.0,30.35,42.2,9.0,1,0,0,2320.0,0,0,0,0,0.0,0.0,2300.0,2300.0,2300.0,0.0,0.0,0.0,0.0,0.0,2250.0,1930.0,1990.0,1910.0,2250.0,2007.142857142857,2250.0,2008.5714285714287,0.0,1.4285714285714286,3.779644730092272,0.0,0.02222222212345679,0.19170984356627024,0.1557788936895533,0.20418848060634304,2007.857142857143,1984.642857142857,1946.8333333333333,108.69901651108015,79.18974986396063,68.68824289966797,1.1454998164222705,1.1588986805022201,1.1814056954983014,2007.857142857143,1946.8333333333333,37.80952380952385,0,1,False,False,False,False,True,False,False,False,False,False,False,False,False,False,False,True,False,False
2026-07-24,Andhra Pradesh,Eluru,Polavaram,Paddy(Common),1001,Local,2445.0,2445.0,2445.0,2445.0,4,7,30,452.35,692.47,289.23,-0.23478904678763235,0,1.2,32.9,27.8,70.0,30.35,42.2,9.0,1,0,0,2320.0,0,0,0,0,0.0,0.0,2445.0,2445.0,2445.0,0.0,0.0,0.0,0.0,0.0,2445.0,2445.0,2445.0,2390.0,2445.0,2445.0,2445.0,2445.0,0.0,0.0,0.0,0.0,0.0,0.0,0.0,0.0230125522049684,2445.0,2429.285714285714,2408.3,0.0,25.7843977016186,26.39507529824464,0.9999999959100204,1.0064686815376178,1.0152389610296102,2445.0,2408.3,20.98571428571404,0,1,False,False,False,False,False,True,False,False,False,False,False,False,True,False,False,False,False,False
2026-07-24,Andhra Pradesh,NTR,Tiruvuru,Paddy(Common),Sona,Local,2450.0,2450.0,2450.0,2450.0,4,7,30,452.35,692.47,289.23,-0.23478904678763235,0,1.2,32.9,27.8,70.0,30.35,42.2,9.0,1,0,0,2320.0,0,0,0,0,0.0,0.0,2500.0,2500.0,2500.0,0.0,0.0,0.020408163182007496,0.020408163182007496,0.020408163182007496,2500.0,2500.0,2500.0,2459.0,2500.0,2507.1428571428573,2500.0,2507.1428571428573,0.0,0.0,0.0,0.0,-0.019999999919999997,-0.019999999919999997,-0.019999999919999997,-0.003660024385278469,2507.1428571428573,2487.6428571428573,2452.5666666666666,18.89822365047382,28.29136085275941,73.70616562116632,0.9772079733102814,0.9848680581766579,0.9989534732363912,2507.1428571428573,2452.5666666666666,35.07619047619073,0,1,False,False,False,False,False,False,False,False,True,False,False,False,False,False,False,True,False,False
2026-07-25,Andhra Pradesh,Kakinada,Jaggampet,Paddy(Common),Common,FAQ,2369.0,2380.0,2369.0,2371.2,5,7,30,1220.77,452.35,340.08000000000004,-0.3467587043482028,0,0.5,33.8,28.1,64.0,30.95,39.6,6.399999999999999,0,0,0,2320.0,0,0,0,0,11.0,2.4849066497880004,2371.2,2369.0,2380.0,11.0,2.4849066497880004,0.0,0.0,0.0,2371.2,2371.2,2377.0,2377.0,2369.0,2369.0,2380.0,2379.4285714285716,11.0,10.428571428571429,0.5345224838248495,2.4849066497880004,0.0,0.0,-0.002440050473537937,-0.002440050473537937,2374.5142857142855,2375.7571428571428,2376.42,3.100230406183931,2.4697288190328366,1.769745744450462,0.9986042216211257,0.9980818103181706,0.9978034143888561,2374.5142857142855,2376.42,-0.6628571428573196,0,1,True,False,False,False,False,False,False,False,False,False,False,False,False,True,False,False,False,False
2026-07-25,Andhra Pradesh,East Godavari,Kovvur,Paddy(Common),,,2441.0,2441.0,2441.0,2441.0,5,7,30,1220.77,452.35,340.08000000000004,-0.3467587043482028,0,0.5,33.8,28.1,64.0,30.95,39.6,6.399999999999999,0,0,0,2320.0,0,0,0,0,0.0,0.0,2441.0,2441.0,2441.0,0.0,0.0,0.0,0.0,0.0,2441.0,2441.0,2441.0,2400.0,2441.0,2441.0,2441.0,2441.0,0.0,0.0,0.0,0.0,0.0,0.0,0.0,0.017083333262152778,2441.0,2429.285714285714,2413.6666666666665,0.0,19.22109646847826,19.65799536090093,0.9999999959033182,1.004822107007495,1.0113243985168165,2441.0,2413.6666666666665,15.619047619047706,0,1,False,True,False,False,False,False,False,False,False,False,False,True,False,False,False,False,False,False
2026-07-25,Andhra Pradesh,Bapatla,Kuchinapudi,Paddy(Common),B P T,Local,3000.0,3200.0,3100.0,3100.0,5,7,30,1220.77,452.35,340.08000000000004,-0.3467587043482028,0,0.5,33.8,28.1,64.0,30.95,39.6,6.399999999999999,0,0,0,2320.0,0,0,0,0,200.0,5.303304908059076,3100.0,3000.0,3200.0,200.0,5.303304908059076,0.0,0.0,0.0,3400.0,2800.0,2650.0,2450.0,3300.0,2842.8571428571427,3500.0,3014.285714285714,200.0,171.42857142857142,48.795003647426654,5.303304908059076,-0.08823529385813149,0.10714285676020407,0.16981132011391953,0.26530612136609744,2928.5714285714284,2732.1428571428573,2581.6666666666665,302.56837086453584,298.4621757102065,245.82140045069374,1.0585365817513386,1.1346405187228843,1.200774688699388,2928.5714285714284,2581.6666666666665,150.47619047619082,0,1,False,False,True,False,False,False,False,False,False,False,True,False,False,False,False,False,False,False
2026-07-25,Andhra Pradesh,NTR,Mylavaram,Paddy(Common),1001,FAQ,2369.0,2369.0,2369.0,2369.0,5,7,30,1220.77,452.35,340.08000000000004,-0.3467587043482028,0,0.5,33.8,28.1,64.0,30.95,39.6,6.399999999999999,0,0,0,2320.0,0,0,0,0,0.0,0.0,2369.0,2369.0,2369.0,0.0,0.0,0.0,0.0,0.0,2369.0,2369.0,2369.0,2369.0,2369.0,2369.0,2369.0,2369.0,0.0,0.0,0.0,0.0,0.0,0.0,0.0,0.0,2369.0,2369.0,2369.0,0.0,0.0,0.0,0.9999999957788096,0.9999999957788096,0.9999999957788096,2369.0,2369.0,0.0,0,1,False,False,False,True,False,False,False,False,False,False,False,False,False,False,False,True,False,False
2026-07-25,Andhra Pradesh,NTR,Nandigama,Paddy(Common),,,2300.0,2300.0,2300.0,2300.0,5,7,30,1220.77,452.35,340.08000000000004,-0.3467587043482028,0,0.5,33.8,28.1,64.0,30.95,39.6,6.399999999999999,0,0,0,2320.0,0,0,0,0,0.0,0.0,2350.0,2350.0,2350.0,0.0,0.0,0.02173913034026465,0.02173913034026465,0.02173913034026465,2300.0,1960.0,1990.0,1970.0,2300.0,2051.4285714285716,2300.0,2052.8571428571427,0.0,1.4285714285714286,3.779644730092272,0.0,0.0,0.17346938687005414,0.1557788936895533,0.16751268950501172,2052.1428571428573,2012.5,1961.1666666666667,153.944176647931,112.50213673184598,92.75183178164565,1.1207796673543626,1.1428571371783496,1.1727713036146614,2052.1428571428573,1961.1666666666667,51.33333333333326,0,1,False,False,False,False,True,False,False,False,False,False,False,False,False,False,False,True,False,False
2026-07-25,Andhra Pradesh,Eluru,Polavaram,Paddy(Common),1001,Local,2445.0,2445.0,2445.0,2445.0,5,7,30,1220.77,452.35,340.08000000000004,-0.3467587043482028,0,0.5,33.8,28.1,64.0,30.95,39.6,6.399999999999999,0,0,0,2320.0,0,0,0,0,0.0,0.0,2445.0,2445.0,2445.0,0.0,0.0,0.0,0.0,0.0,2445.0,2445.0,2445.0,2390.0,2445.0,2445.0,2445.0,2445.0,0.0,0.0,0.0,0.0,0.0,0.0,0.0,0.0230125522049684,2445.0,2433.214285714286,2410.133333333333,0.0,23.41984224944917,26.983690263377394,0.9999999959100204,1.0048436770680136,1.014466691962547,2445.0,2410.133333333333,23.080952380952567,0,1,False,False,False,False,False,True,False,False,False,False,False,False,True,False,False,False,False,False
2026-07-25,Andhra Pradesh,NTR,Tiruvuru,Paddy(Common),Sona,Local,2500.0,2500.0,2500.0,2500.0,5,7,30,1220.77,452.35,340.08000000000004,-0.3467587043482028,0,0.5,33.8,28.1,64.0,30.95,39.6,6.399999999999999,0,0,0,2320.0,0,0,0,0,0.0,0.0,2500.0,2500.0,2500.0,0.0,0.0,0.0,0.0,0.0,2450.0,2500.0,2500.0,2459.0,2450.0,2500.0,2450.0,2500.0,0.0,0.0,0.0,0.0,0.020408163182007496,0.0,0.0,0.016673444421824137,2500.0,2487.0,2452.5666666666666,28.86751345948867,29.08343435438985,73.70616562116632,0.9999999959999999,1.0052271773010566,1.019340278812644,2500.0,2452.5666666666666,34.433333333333394,0,1,False,False,False,False,False,False,False,False,True,False,False,False,False,False,False,True,False,False
2026-07-26,Andhra Pradesh,Kakinada,Jaggampet,Paddy(Common),Common,FAQ,2369.0,2380.0,2369.0,2371.2,6,7,30,183.35999999999999,1220.77,506.70428571428573,1.6987288603957111,1,13.4,33.0,25.0,73.0,29.0,19.599999999999998,-13.600000000000005,0,0,0,2320.0,0,0,0,0,11.0,2.4849066497880004,2371.2,2369.0,2380.0,11.0,2.4849066497880004,0.0,0.0,0.0,2371.2,2371.2,2377.0,2377.0,2369.0,2369.0,2380.0,2379.5714285714284,11.0,10.571428571428571,0.5345224838248499,2.4849066497880004,0.0,0.0,-0.002440050473537937,-0.002440050473537937,2373.6857142857143,2375.342857142857,2376.226666666667,3.1002304061837997,2.7190819394435244,2.0053262411224164,0.9989527997492327,0.9982558866763346,0.9978845971573223,2373.6857142857143,2376.226666666667,-0.8838095238097594,0,1,True,False,False,False,False,False,False,False,False,False,False,False,False,True,False,False,False,False
2026-07-26,Andhra Pradesh,East Godavari,Kovvur,Paddy(Common),,,2441.0,2441.0,2441.0,2441.0,6,7,30,183.35999999999999,1220.77,506.70428571428573,1.6987288603957111,1,13.4,33.0,25.0,73.0,29.0,19.599999999999998,-13.600000000000005,0,0,0,2320.0,0,0,0,0,0.0,0.0,2441.0,2441.0,2441.0,0.0,0.0,0.0,0.0,0.0,2441.0,2441.0,2441.0,2400.0,2441.0,2441.0,2441.0,2441.0,0.0,0.0,0.0,0.0,0.0,0.0,0.0,0.017083333262152778,2441.0,2432.214285714286,2415.0333333333333,0.0,17.45842785867908,20.095433231996296,0.9999999959033182,1.0036122245894183,1.0107520903338032,2441.0,2415.0333333333333,17.180952380952476,0,1,False,True,False,False,False,False,False,False,False,False,False,True,False,False,False,False,False,False
2026-07-26,Andhra Pradesh,Bapatla,Kuchinapudi,Paddy(Common),,,3000.0,3200.0,3100.0,3100.0,6,7,30,183.35999999999999,1220.77,506.70428571428573,1.6987288603957111,1,13.4,33.0,25.0,73.0,29.0,19.599999999999998,-13.600000000000005,0,0,0,2320.0,0,0,0,0,200.0,5.303304908059076,3100.0,3000.0,3200.0,200.0,5.303304908059076,0.0,0.0,0.0,3100.0,3300.0,2650.0,2450.0,3000.0,2900.0,3200.0,3085.714285714286,200.0,185.71428571428572,37.79644730092272,5.303304908059076,0.0,-0.06060606042240587,0.16981132011391953,0.26530612136609744,2992.8571428571427,2778.5714285714284,2603.3333333333335,280.5182279112652,301.7349102174884,261.9335705905201,1.0357995192121257,1.1156812299178567,1.1907810453619165,2992.8571428571427,2603.3333333333335,175.23809523809496,0,1,False,False,True,False,False,False,False,False,False,False,True,False,False,False,False,False,False,False
2026-07-26,Andhra Pradesh,NTR,Mylavaram,Paddy(Common),1001,FAQ,2369.0,2369.0,2369.0,2369.0,6,7,30,183.35999999999999,1220.77,506.70428571428573,1.6987288603957111,1,13.4,33.0,25.0,73.0,29.0,19.599999999999998,-13.600000000000005,0,0,0,2320.0,0,0,0,0,0.0,0.0,2369.0,2369.0,2369.0,0.0,0.0,0.0,0.0,0.0,2369.0,2369.0,2369.0,2369.0,2369.0,2369.0,2369.0,2369.0,0.0,0.0,0.0,0.0,0.0,0.0,0.0,0.0,2369.0,2369.0,2369.0,0.0,0.0,0.0,0.9999999957788096,0.9999999957788096,0.9999999957788096,2369.0,2369.0,0.0,0,1,False,False,False,True,False,False,False,False,False,False,False,False,False,False,False,True,False,False
2026-07-26,Andhra Pradesh,NTR,Nandigama,Paddy(Common),B P T,Grade Range-1,2350.0,2350.0,2350.0,2350.0,6,7,30,183.35999999999999,1220.77,506.70428571428573,1.6987288603957111,1,13.4,33.0,25.0,73.0,29.0,19.599999999999998,-13.600000000000005,0,0,0,2320.0,0,0,0,0,0.0,0.0,2250.0,2250.0,2250.0,0.0,0.0,-0.04255319130828429,-0.04255319130828429,-0.04255319130828429,2300.0,2250.0,1970.0,1970.0,2300.0,2095.714285714286,2300.0,2097.1428571428573,0.0,1.4285714285714286,3.779644730092272,0.0,0.02173913034026465,0.04444444424691358,0.1928934000360741,0.1928934000360741,2096.4285714285716,2036.0714285714287,1975.5,176.08507143126084,135.1947110286128,109.83019809593915,1.1209539980601853,1.1541834709143768,1.1895722541656681,2096.4285714285716,1975.5,60.57142857142867,0,1,False,False,False,False,True,False,False,False,False,False,False,False,False,False,False,True,False,False
2026-07-26,Andhra Pradesh,Eluru,Polavaram,Paddy(Common),,,2445.0,2445.0,2445.0,2445.0,6,7,30,183.35999999999999,1220.77,506.70428571428573,1.6987288603957111,1,13.4,33.0,25.0,73.0,29.0,19.599999999999998,-13.600000000000005,0,0,0,2320.0,0,0,0,0,0.0,0.0,2445.0,2445.0,2445.0,0.0,0.0,0.0,0.0,0.0,2445.0,2445.0,2445.0,2390.0,2445.0,2445.0,2445.0,2445.0,0.0,0.0,0.0,0.0,0.0,0.0,0.0,0.0230125522049684,2445.0,2437.1428571428573,2411.9666666666667,0.0,19.97250857807242,27.43328375297545,0.9999999959100204,1.0032239114756345,1.0136955968972943,2445.0,2411.9666666666667,25.17619047619064,0,1,False,False,False,False,False,True,False,False,False,False,False,False,True,False,False,False,False,False
2026-07-26,Andhra Pradesh,NTR,Tiruvuru,Paddy(Common),Sona,Local,2500.0,2500.0,2500.0,2500.0,6,7,30,183.35999999999999,1220.77,506.70428571428573,1.6987288603957111,1,13.4,33.0,25.0,73.0,29.0,19.599999999999998,-13.600000000000005,0,0,0,2320.0,0,0,0,0,0.0,0.0,2500.0,2500.0,2500.0,0.0,0.0,0.0,0.0,0.0,2500.0,2500.0,2500.0,2459.0,2500.0,2500.0,2500.0,2500.0,0.0,0.0,0.0,0.0,0.0,0.0,0.0,0.016673444421824137,2500.0,2489.9285714285716,2454.233333333333,28.86751345948867,28.094522558714978,74.20971371185509,0.9999999959999999,1.0040448624296083,1.0186480461570564,2500.0,2454.233333333333,35.69523809523844,0,1,False,False,False,False,False,False,False,False,True,False,False,False,False,False,False,True,False,False
2026-07-27,Andhra Pradesh,Kakinada,Jaggampet,Paddy(Common),Common,FAQ,2369.0,2380.0,2369.0,2371.2,0,7,31,162.92,183.35999999999999,530.3557142857143,-0.8497997165723273,0,6.2,31.8,25.4,77.0,28.6,30.9,-24.214285714285715,0,0,0,2320.0,0,0,0,0,11.0,2.4849066497880004,2371.2,2369.0,2380.0,11.0,2.4849066497880004,0.0,0.0,0.0,2371.2,2371.2,2377.0,2377.0,2369.0,2369.0,2380.0,2379.714285714286,11.0,10.714285714285714,0.4879500364742686,2.4849066497880004,0.0,0.0,-0.002440050473537937,-0.002440050473537937,2372.8571428571427,2374.9285714285716,2376.0333333333333,2.8301102115502412,2.884021916973646,2.1984843263790927,0.9993016213154055,0.9984300237667235,0.9979657931371649,2372.8571428571427,2376.0333333333333,-1.1047619047617445,0,1,True,False,False,False,False,False,False,False,False,False,False,False,False,True,False,False,False,False
2026-07-27,Andhra Pradesh,East Godavari,Kovvur,Paddy(Common),MTU-1010,Grade Range-2,2441.0,2441.0,2441.0,2441.0,0,7,31,162.92,183.35999999999999,530.3557142857143,-0.8497997165723273,0,6.2,31.8,25.4,77.0,28.6,30.9,-24.214285714285715,0,0,0,2320.0,0,0,0,0,0.0,0.0,2441.0,2441.0,2441.0,0.0,0.0,0.0,0.0,0.0,2441.0,2441.0,2441.0,2400.0,2441.0,2441.0,2441.0,2441.0,0.0,0.0,0.0,0.0,0.0,0.0,0.0,0.017083333262152778,2441.0,2435.1428571428573,2416.4,0.0,14.888597303652496,20.429188044020442,0.9999999959033182,1.002405252248717,1.010180429522511,2441.0,2416.4,18.742857142857247,0,1,False,True,False,False,False,False,False,False,False,False,False,True,False,False,False,False,False,False
2026-07-27,Andhra Pradesh,Bapatla,Kuchinapudi,Paddy(Common),B P T,Local,3000.0,3200.0,3100.0,3100.0,0,7,31,162.92,183.35999999999999,530.3557142857143,-0.8497997165723273,0,6.2,31.8,25.4,77.0,28.6,30.9,-24.214285714285715,0,0,0,2320.0,0,0,0,0,200.0,5.303304908059076,3200.0,3100.0,3300.0,200.0,5.303304908059076,0.032258064412070755,0.03333333322222222,0.03124999990234375,3100.0,3400.0,2900.0,2450.0,3000.0,2957.1428571428573,3200.0,3157.1428571428573,200.0,200.0,0.0,5.303304908059076,0.0,-0.08823529385813149,0.06896551700356718,0.26530612136609744,3057.1428571428573,2825.0,2625.0,237.04530408864179,297.2631571779192,275.3524387348722,1.0140186882719013,1.0973451288589553,1.1809523764535146,3057.1428571428573,2625.0,200.0,0,1,False,False,True,False,False,False,False,False,False,False,True,False,False,False,False,False,False,False
2026-07-27,Andhra Pradesh,NTR,Mylavaram,Paddy(Common),1001,FAQ,2369.0,2369.0,2369.0,2369.0,0,7,31,162.92,183.35999999999999,530.3557142857143,-0.8497997165723273,0,6.2,31.8,25.4,77.0,28.6,30.9,-24.214285714285715,0,0,0,2320.0,0,0,0,0,0.0,0.0,2369.0,2369.0,2369.0,0.0,0.0,0.0,0.0,0.0,2369.0,2369.0,2369.0,2369.0,2369.0,2369.0,2369.0,2369.0,0.0,0.0,0.0,0.0,0.0,0.0,0.0,0.0,2369.0,2369.0,2369.0,0.0,0.0,0.0,0.9999999957788096,0.9999999957788096,0.9999999957788096,2369.0,2369.0,0.0,0,1,False,False,False,True,False,False,False,False,False,False,False,False,False,False,False,True,False,False
2026-07-27,Andhra Pradesh,NTR,Nandigama,Paddy(Common),B P T,Grade Range-1,2250.0,2250.0,2250.0,2250.0,0,7,31,162.92,183.35999999999999,530.3557142857143,-0.8497997165723273,0,6.2,31.8,25.4,77.0,28.6,30.9,-24.214285714285715,0,0,0,2320.0,0,0,0,0,0.0,0.0,2350.0,2350.0,2350.0,0.0,0.0,0.04444444424691358,0.04444444424691358,0.04444444424691358,2350.0,2300.0,1965.0,1970.0,2350.0,2150.0,2350.0,2151.4285714285716,0.0,1.4285714285714286,3.779644730092272,0.0,-0.04255319130828429,-0.02173913034026465,0.14503816720082358,0.14213197897394936,2150.714285714286,2063.214285714286,1989.8333333333333,188.73324586632302,157.2553917732505,128.76390673694652,1.0461640602303894,1.0905314124052483,1.1307479631589852,2150.714285714286,1989.8333333333333,73.38095238095252,0,1,False,False,False,False,True,False,False,False,False,False,False,False,False,False,False,True,False,False
2026-07-27,Andhra Pradesh,Eluru,Polavaram,Paddy(Common),1001,Local,2445.0,2445.0,2445.0,2445.0,0,7,31,162.92,183.35999999999999,530.3557142857143,-0.8497997165723273,0,6.2,31.8,25.4,77.0,28.6,30.9,-24.214285714285715,0,0,0,2320.0,0,0,0,0,0.0,0.0,2445.0,2445.0,2445.0,0.0,0.0,0.0,0.0,0.0,2445.0,2445.0,2445.0,2390.0,2445.0,2445.0,2445.0,2445.0,0.0,0.0,0.0,0.0,0.0,0.0,0.0,0.0230125522049684,2445.0,2441.0714285714284,2413.8,0.0,14.699368305186177,27.75061353779661,0.9999999959100204,1.0016093594667064,1.012925673158813,2445.0,2413.8,27.27142857142826,0,1,False,False,False,False,False,True,False,False,False,False,False,False,True,False,False,False,False,False
2026-07-27,Andhra Pradesh,NTR,Tiruvuru,Paddy(Common),,,2500.0,2500.0,2500.0,2500.0,0,7,31,162.92,183.35999999999999,530.3557142857143,-0.8497997165723273,0,6.2,31.8,25.4,77.0,28.6,30.9,-24.214285714285715,0,0,0,2320.0,0,0,0,0,0.0,0.0,2500.0,2500.0,2500.0,0.0,0.0,0.0,0.0,0.0,2500.0,2450.0,2550.0,2450.0,2500.0,2500.0,2500.0,2500.0,0.0,0.0,0.0,0.0,0.0,0.020408163182007496,-0.0196078430603614,0.020408163182007496,2500.0,2492.8571428571427,2455.9,28.86751345948867,26.726124191241386,74.67139506785315,0.9999999959999999,1.0028653254899385,1.0179567530520104,2500.0,2455.9,36.95714285714257,0,1,False,False,False,False,False,False,False,False,True,False,False,False,False,False,False,True,False,False
2026-07-28,Andhra Pradesh,Kakinada,Jaggampet,Paddy(Common),,,2369.0,2380.0,2369.0,2371.2,1,7,31,483.12,162.92,544.4871428571429,-0.1114746945898778,0,20.9,31.6,25.2,83.0,28.4,34.5,-20.614285714285714,0,0,0,2320.0,0,0,0,0,11.0,2.4849066497880004,2371.2,2369.0,2380.0,11.0,2.4849066497880004,0.0,0.0,0.0,2371.2,2371.2,2377.0,2377.0,2369.0,2369.0,2380.0,2379.8571428571427,11.0,10.857142857142858,0.377964473009231,2.4849066497880004,0.0,0.0,-0.002440050473537937,-0.002440050473537937,2372.028571428571,2374.5142857142855,2375.8399999999997,2.1921939434526294,2.9786050278763865,2.3596609926007677,0.9996506865747493,0.9986042216211257,0.998047002331609,2372.028571428571,2375.8399999999997,-1.3257142857141844,0,1,True,False,False,False,False,False,False,False,False,False,False,False,False,True,False,False,False,False
2026-07-28,Andhra Pradesh,East Godavari,Kovvur,Paddy(Common),MTU-1010,Grade Range-2,2441.0,2441.0,2441.0,2441.0,1,7,31,483.12,162.92,544.4871428571429,-0.1114746945898778,0,20.9,31.6,25.2,83.0,28.4,34.5,-20.614285714285714,0,0,0,2320.0,0,0,0,0,0.0,0.0,2441.0,2441.0,2441.0,0.0,0.0,0.0,0.0,0.0,2441.0,2441.0,2441.0,2400.0,2441.0,2441.0,2441.0,2441.0,0.0,0.0,0.0,0.0,0.0,0.0,0.0,0.017083333262152778,2441.0,2438.0714285714284,2417.766666666667,0.0,10.957710918409449,20.66428425274348,0.9999999959033182,1.0012011794987794,1.00960941498514,2441.0,2417.766666666667,20.304761904761563,0,1,False,True,False,False,False,False,False,False,False,False,False,True,False,False,False,False,False,False
2026-07-28,Andhra Pradesh,Bapatla,Kuchinapudi,Paddy(Common),B P T,Local,3100.0,3300.0,3200.0,3200.0,1,7,31,483.12,162.92,544.4871428571429,-0.1114746945898778,0,20.9,31.6,25.2,83.0,28.4,34.5,-20.614285714285714,0,0,0,2320.0,0,0,0,0,200.0,5.303304908059076,3300.0,3200.0,3400.0,200.0,5.303304908059076,0.03124999990234375,0.032258064412070755,0.030303030211202935,3100.0,3100.0,2800.0,2450.0,3000.0,2985.714285714286,3200.0,3185.714285714286,200.0,200.0,0.0,5.303304908059076,0.032258064412070755,0.032258064412070755,0.14285714234693878,0.30612244773011243,3085.714285714286,2871.4285714285716,2646.6666666666665,226.77868380553747,284.68220183909574,286.45675286920357,1.0370370336762689,1.1144278568154253,1.2090680055072998,3085.714285714286,2646.6666666666665,224.76190476190504,0,1,False,False,True,False,False,False,False,False,False,False,True,False,False,False,False,False,False,False
2026-07-28,Andhra Pradesh,NTR,Mylavaram,Paddy(Common),1001,FAQ,2369.0,2369.0,2369.0,2369.0,1,7,31,483.12,162.92,544.4871428571429,-0.1114746945898778,0,20.9,31.6,25.2,83.0,28.4,34.5,-20.614285714285714,0,0,0,2320.0,0,0,0,0,0.0,0.0,2369.0,2369.0,2369.0,0.0,0.0,0.0,0.0,0.0,2369.0,2369.0,2369.0,2369.0,2369.0,2369.0,2369.0,2369.0,0.0,0.0,0.0,0.0,0.0,0.0,0.0,0.0,2369.0,2369.0,2369.0,0.0,0.0,0.0,0.9999999957788096,0.9999999957788096,0.9999999957788096,2369.0,2369.0,0.0,0,1,False,False,False,True,False,False,False,False,False,False,False,False,False,False,False,True,False,False
2026-07-28,Andhra Pradesh,NTR,Nandigama,Paddy(Common),B P T,Grade Range-1,2350.0,2350.0,2350.0,2350.0,1,7,31,483.12,162.92,544.4871428571429,-0.1114746945898778,0,20.9,31.6,25.2,83.0,28.4,34.5,-20.614285714285714,0,0,0,2320.0,0,0,0,0,0.0,0.0,2350.0,2350.0,2350.0,0.0,0.0,0.0,0.0,0.0,2250.0,2300.0,1930.0,1970.0,2250.0,2191.4285714285716,2250.0,2191.4285714285716,0.0,0.0,0.0,0.0,0.04444444424691358,0.02173913034026465,0.2176165791833338,0.1928934000360741,2191.4285714285716,2083.214285714286,2000.5,171.99114041412776,162.2155159852901,136.64924896017342,1.072359838652856,1.128064455411314,1.1747063175470815,2191.4285714285716,2000.5,82.71428571428578,0,1,False,False,False,False,True,False,False,False,False,False,False,False,False,False,False,True,False,False
2026-07-28,Andhra Pradesh,Eluru,Polavaram,Paddy(Common),1001,Local,2445.0,2445.0,2445.0,2445.0,1,7,31,483.12,162.92,544.4871428571429,-0.1114746945898778,0,20.9,31.6,25.2,83.0,28.4,34.5,-20.614285714285714,0,0,0,2320.0,0,0,0,0,0.0,0.0,2445.0,2445.0,2445.0,0.0,0.0,0.0,0.0,0.0,2445.0,2445.0,2445.0,2445.0,2445.0,2445.0,2445.0,2445.0,0.0,0.0,0.0,0.0,0.0,0.0,0.0,0.0,2445.0,2445.0,2415.633333333333,0.0,0.0,27.94018652386754,0.9999999959100204,0.9999999959100204,1.012156918080185,2445.0,2415.633333333333,29.366666666666788,0,1,False,False,False,False,False,True,False,False,False,False,False,False,True,False,False,False,False,False
2026-07-28,Andhra Pradesh,NTR,Tiruvuru,Paddy(Common),Sona,Local,2500.0,2500.0,2500.0,2500.0,1,7,31,483.12,162.92,544.4871428571429,-0.1114746945898778,0,20.9,31.6,25.2,83.0,28.4,34.5,-20.614285714285714,0,0,0,2320.0,0,0,0,0,0.0,0.0,2700.0,2700.0,2700.0,0.0,0.0,0.07999999967999999,0.07999999967999999,0.07999999967999999,2500.0,2500.0,2500.0,2450.0,2500.0,2492.8571428571427,2500.0,2492.8571428571427,0.0,0.0,0.0,0.0,0.0,0.0,0.0,0.020408163182007496,2492.8571428571427,2496.4285714285716,2457.5666666666666,18.898223650471415,23.731557327464927,75.0919819096988,1.0028653254899385,1.0014306111530675,1.0172663975859602,2492.8571428571427,2457.5666666666666,38.86190476190495,0,1,False,False,False,False,False,False,False,False,True,False,False,False,False,False,False,True,False,False
2026-07-29,Andhra Pradesh,Kakinada,Jaggampet,Paddy(Common),,,2369.0,2380.0,2369.0,2371.2,2,7,31,210.52,483.12,585.7042857142858,1.9653817824699242,0,15.3,29.3,24.8,85.0,27.05,51.9,-3.2142857142857153,1,0,0,2320.0,0,0,0,0,11.0,2.4849066497880004,2371.2,2369.0,2380.0,11.0,2.4849066497880004,0.0,0.0,0.0,2371.2,2371.2,2371.2,2377.0,2369.0,2369.0,2380.0,2380.0,11.0,11.0,0.0,2.4849066497880004,0.0,0.0,0.0,-0.002440050473537937,2371.2,2374.1,2375.6466666666665,0.0,3.0094722256446214,2.495061789482473,0.999999995782726,0.9987784802713512,0.9981282247438806,2371.2,2375.6466666666665,-1.5466666666666242,0,1,True,False,False,False,False,False,False,False,False,False,False,False,False,True,False,False,False,False
2026-07-29,Andhra Pradesh,East Godavari,Kovvur,Paddy(Common),,,2441.0,2441.0,2441.0,2441.0,2,7,31,210.52,483.12,585.7042857142858,1.9653817824699242,0,15.3,29.3,24.8,85.0,27.05,51.9,-3.2142857142857153,1,0,0,2320.0,0,0,0,0,0.0,0.0,2441.0,2441.0,2441.0,0.0,0.0,0.0,0.0,0.0,2441.0,2441.0,2441.0,2441.0,2441.0,2441.0,2441.0,2441.0,0.0,0.0,0.0,0.0,0.0,0.0,0.0,0.0,2441.0,2441.0,2419.133333333333,0.0,0.0,20.80406679960253,0.9999999959033182,0.9999999959033182,1.0090390456263716,2441.0,2419.133333333333,21.866666666666788,0,1,False,True,False,False,False,False,False,False,False,False,False,True,False,False,False,False,False,False
2026-07-29,Andhra Pradesh,Bapatla,Kuchinapudi,Paddy(Common),B P T,Local,3200.0,3400.0,3300.0,3300.0,2,7,31,210.52,483.12,585.7042857142858,1.9653817824699242,0,15.3,29.3,24.8,85.0,27.05,51.9,-3.2142857142857153,1,0,0,2320.0,0,0,0,0,200.0,5.303304908059076,3300.0,3200.0,3400.0,200.0,5.303304908059076,0.0,0.0,0.0,3200.0,3100.0,2800.0,2650.0,3100.0,3042.8571428571427,3300.0,3242.8571428571427,200.0,200.0,0.0,5.303304908059076,0.03124999990234375,0.06451612882414151,0.17857142793367345,0.2452830179423282,3142.8571428571427,2925.0,2671.6666666666665,190.23794624227006,269.4367344037433,301.0565685569152,1.049999996659091,1.1282051243480167,1.2351840253205837,3142.8571428571427,2671.6666666666665,253.33333333333348,0,1,False,False,True,False,False,False,False,False,False,False,True,False,False,False,False,False,False,False
2026-07-29,Andhra Pradesh,NTR,Mylavaram,Paddy(Common),1001,FAQ,2369.0,2369.0,2369.0,2369.0,2,7,31,210.52,483.12,585.7042857142858,1.9653817824699242,0,15.3,29.3,24.8,85.0,27.05,51.9,-3.2142857142857153,1,0,0,2320.0,0,0,0,0,0.0,0.0,2369.0,2369.0,2369.0,0.0,0.0,0.0,0.0,0.0,2369.0,2369.0,2369.0,2369.0,2369.0,2369.0,2369.0,2369.0,0.0,0.0,0.0,0.0,0.0,0.0,0.0,0.0,2369.0,2369.0,2369.0,0.0,0.0,0.0,0.9999999957788096,0.9999999957788096,0.9999999957788096,2369.0,2369.0,0.0,0,1,False,False,False,True,False,False,False,False,False,False,False,False,False,False,False,True,False,False
2026-07-29,Andhra Pradesh,NTR,Nandigama,Paddy(Common),,,2350.0,2350.0,2350.0,2350.0,2,7,31,210.52,483.12,585.7042857142858,1.9653817824699242,0,15.3,29.3,24.8,85.0,27.05,51.9,-3.2142857142857153,1,0,0,2320.0,0,0,0,0,0.0,0.0,2350.0,2350.0,2350.0,0.0,0.0,0.0,0.0,0.0,2350.0,2350.0,1960.0,1970.0,2350.0,2251.4285714285716,2350.0,2251.4285714285716,0.0,0.0,0.0,0.0,0.0,0.0,0.19897959082153271,0.1928934000360741,2251.4285714285716,2110.3571428571427,2016.8333333333333,134.83676197889136,173.23243928888814,148.0824754663091,1.0437817212522384,1.1135555878863503,1.1651929534822265,2251.4285714285716,2016.8333333333333,93.5238095238094,0,1,False,False,False,False,True,False,False,False,False,False,False,False,False,False,False,True,False,False
2026-07-29,Andhra Pradesh,Eluru,Polavaram,Paddy(Common),1001,Local,2445.0,2445.0,2445.0,2445.0,2,7,31,210.52,483.12,585.7042857142858,1.9653817824699242,0,15.3,29.3,24.8,85.0,27.05,51.9,-3.2142857142857153,1,0,0,2320.0,0,0,0,0,0.0,0.0,2445.0,2445.0,2445.0,0.0,0.0,0.0,0.0,0.0,2445.0,2445.0,2445.0,2445.0,2445.0,2445.0,2445.0,2445.0,0.0,0.0,0.0,0.0,0.0,0.0,0.0,0.0,2445.0,2445.0,2417.4666666666667,0.0,0.0,28.004597323731893,0.9999999959100204,0.9999999959100204,1.011389329002581,2445.0,2417.4666666666667,27.533333333333303,0,1,False,False,False,False,False,True,False,False,False,False,False,False,True,False,False,False,False,False
2026-07-29,Andhra Pradesh,NTR,Tiruvuru,Paddy(Common),Sona,Local,2700.0,2700.0,2700.0,2700.0,2,7,31,210.52,483.12,585.7042857142858,1.9653817824699242,0,15.3,29.3,24.8,85.0,27.05,51.9,-3.2142857142857153,1,0,0,2320.0,0,0,0,0,0.0,0.0,2550.0,2550.0,2550.0,0.0,0.0,-0.055555555349794235,-0.055555555349794235,-0.055555555349794235,2500.0,2500.0,2500.0,2500.0,2500.0,2492.8571428571427,2500.0,2492.8571428571427,0.0,0.0,0.0,0.0,0.07999999967999999,0.07999999967999999,0.07999999967999999,0.07999999967999999,2492.8571428571427,2500.0,2459.233333333333,18.898223650471415,19.6116135138168,75.47216126782696,1.0830945515291337,1.07999999568,1.097903136080744,2492.8571428571427,2459.233333333333,40.76666666666688,0,1,False,False,False,False,False,False,False,False,True,False,False,False,False,False,False,True,False,False
2026-07-30,Andhra Pradesh,Kakinada,Jaggampet,Paddy(Common),Common,FAQ,2369.0,2380.0,2369.0,2371.2,3,7,31,194.76999999999998,210.52,486.50142857142856,-0.5642490478556053,0,0.1,30.8,26.4,77.0,28.6,58.2,3.085714285714289,1,0,0,2320.0,0,0,0,0,11.0,2.4849066497880004,2371.2,2369.0,2380.0,11.0,2.4849066497880004,0.0,0.0,0.0,2371.2,2371.2,2371.2,2377.0,2369.0,2369.0,2380.0,2380.0,11.0,11.0,0.0,2.4849066497880004,0.0,0.0,0.0,-0.002440050473537937,2371.2,2373.6857142857143,2375.4533333333334,0.0,2.9786050278766494,2.608703381631582,0.999999995782726,0.9989527997492327,0.9982094603772073,2371.2,2375.4533333333334,-1.767619047619064,0,1,True,False,False,False,False,False,False,False,False,False,False,False,False,True,False,False,False,False
2026-07-30,Andhra Pradesh,East Godavari,Kovvur,Paddy(Common),MTU-1010,Grade Range-2,2441.0,2441.0,2441.0,2441.0,3,7,31,194.76999999999998,210.52,486.50142857142856,-0.5642490478556053,0,0.1,30.8,26.4,77.0,28.6,58.2,3.085714285714289,1,0,0,2320.0,0,0,0,0,0.0,0.0,2441.0,2441.0,2441.0,0.0,0.0,0.0,0.0,0.0,2441.0,2441.0,2441.0,2441.0,2441.0,2441.0,2441.0,2441.0,0.0,0.0,0.0,0.0,0.0,0.0,0.0,0.0,2441.0,2441.0,2420.5,0.0,0.0,20.850452736340625,0.9999999959033182,0.9999999959033182,1.0084693203533595,2441.0,2420.5,20.5,0,1,False,True,False,False,False,False,False,False,False,False,False,True,False,False,False,False,False,False
2026-07-30,Andhra Pradesh,Bapatla,Kuchinapudi,Paddy(Common),B P T,Local,3200.0,3400.0,3300.0,3300.0,3,7,31,194.76999999999998,210.52,486.50142857142856,-0.5642490478556053,0,0.1,30.8,26.4,77.0,28.6,58.2,3.085714285714289,1,0,0,2320.0,0,0,0,0,200.0,5.303304908059076,3400.0,3300.0,3500.0,200.0,5.303304908059076,0.030303030211202935,0.03124999990234375,0.02941176461937716,3300.0,3100.0,3300.0,2650.0,3200.0,3114.285714285714,3400.0,3314.285714285714,200.0,200.0,0.0,5.303304908059076,0.0,0.06451612882414151,0.0,0.2452830179423282,3214.285714285714,2971.4285714285716,2700.0,121.49857925879459,274.36239770552487,318.94221722913187,1.0266666634725925,1.1105769193394044,1.2222222176954731,3214.285714285714,2700.0,271.42857142857156,0,1,False,False,True,False,False,False,False,False,False,False,True,False,False,False,False,False,False,False
2026-07-30,Andhra Pradesh,NTR,Mylavaram,Paddy(Common),1001,FAQ,2369.0,2369.0,2369.0,2369.0,3,7,31,194.76999999999998,210.52,486.50142857142856,-0.5642490478556053,0,0.1,30.8,26.4,77.0,28.6,58.2,3.085714285714289,1,0,0,2320.0,0,0,0,0,0.0,0.0,2369.0,2369.0,2369.0,0.0,0.0,0.0,0.0,0.0,2369.0,2369.0,2369.0,2369.0,2369.0,2369.0,2369.0,2369.0,0.0,0.0,0.0,0.0,0.0,0.0,0.0,0.0,2369.0,2369.0,2369.0,0.0,0.0,0.0,0.9999999957788096,0.9999999957788096,0.9999999957788096,2369.0,2369.0,0.0,0,1,False,False,False,True,False,False,False,False,False,False,False,False,False,False,False,True,False,False
2026-07-30,Andhra Pradesh,NTR,Nandigama,Paddy(Common),,,2350.0,2350.0,2350.0,2350.0,3,7,31,194.76999999999998,210.52,486.50142857142856,-0.5642490478556053,0,0.1,30.8,26.4,77.0,28.6,58.2,3.085714285714289,1,0,0,2320.0,0,0,0,0,0.0,0.0,2360.0,2360.0,2360.0,0.0,0.0,0.004255319130828429,0.004255319130828429,0.004255319130828429,2350.0,2250.0,2250.0,1970.0,2350.0,2307.1428571428573,2350.0,2307.1428571428573,0.0,0.0,0.0,0.0,0.0,0.04444444424691358,0.04444444424691358,0.1928934000360741,2307.1428571428573,2137.5,2031.5,44.98677054211975,179.21570587080123,158.55571195357047,1.0185758469783088,1.0994151995348995,1.156780698219145,2307.1428571428573,2031.5,106.0,0,1,False,False,False,False,True,False,False,False,False,False,False,False,False,False,False,True,False,False
2026-07-30,Andhra Pradesh,Eluru,Polavaram,Paddy(Common),1001,Local,2445.0,2445.0,2445.0,2445.0,3,7,31,194.76999999999998,210.52,486.50142857142856,-0.5642490478556053,0,0.1,30.8,26.4,77.0,28.6,58.2,3.085714285714289,1,0,0,2320.0,0,0,0,0,0.0,0.0,2445.0,2445.0,2445.0,0.0,0.0,0.0,0.0,0.0,2445.0,2445.0,2445.0,2445.0,2445.0,2445.0,2445.0,2445.0,0.0,0.0,0.0,0.0,0.0,0.0,0.0,0.0,2445.0,2445.0,2419.3333333333335,0.0,0.0,27.90789448727094,0.9999999959100204,0.9999999959100204,1.0106089790137407,2445.0,2419.3333333333335,25.666666666666515,0,1,False,False,False,False,False,True,False,False,False,False,False,False,True,False,False,False,False,False
2026-07-30,Andhra Pradesh,NTR,Tiruvuru,Paddy(Common),Sona,Local,2550.0,2550.0,2550.0,2550.0,3,7,31,194.76999999999998,210.52,486.50142857142856,-0.5642490478556053,0,0.1,30.8,26.4,77.0,28.6,58.2,3.085714285714289,1,0,0,2320.0,0,0,0,0,0.0,0.0,2550.0,2550.0,2550.0,0.0,0.0,0.0,0.0,0.0,2700.0,2500.0,2500.0,2500.0,2700.0,2521.4285714285716,2700.0,2521.4285714285716,0.0,0.0,0.0,0.0,-0.055555555349794235,0.019999999919999997,0.019999999919999997,0.019999999919999997,2521.4285714285716,2514.285714285714,2469.233333333333,80.91735937127227,56.936440367818626,86.43222712077703,1.0113314407482605,1.0142045414207774,1.0327092038039776,2521.4285714285716,2469.233333333333,45.0523809523811,0,1,False,False,False,False,False,False,False,False,True,False,False,False,False,False,False,True,False,False
2026-07-31,Andhra Pradesh,Kakinada,Jaggampet,Paddy(Common),Common,FAQ,2369.0,2380.0,2369.0,2371.2,4,7,31,159.75,194.76999999999998,415.40142857142854,-0.07481474444233338,0,5.8,32.2,25.7,79.0,28.950000000000003,57.599999999999994,2.4857142857142804,1,0,0,2320.0,0,0,0,0,11.0,2.4849066497880004,2371.2,2369.0,2380.0,11.0,2.4849066497880004,0.0,0.0,0.0,2371.2,2371.2,2371.2,2377.0,2369.0,2369.0,2380.0,2380.0,11.0,11.0,0.0,2.4849066497880004,0.0,0.0,0.0,-0.002440050473537937,2371.2,2373.2714285714283,2375.26,0.0,2.8840219169741887,2.7033312782571355,0.999999995782726,0.9991271800866253,0.9982907092348173,2371.2,2375.26,-1.9885714285719587,0,1,True,False,False,False,False,False,False,False,False,False,False,False,False,True,False,False,False,False
2026-07-31,Andhra Pradesh,East Godavari,Kovvur,Paddy(Common),MTU-1010,Grade Range-2,2441.0,2441.0,2441.0,2441.0,4,7,31,159.75,194.76999999999998,415.40142857142854,-0.07481474444233338,0,5.8,32.2,25.7,79.0,28.950000000000003,57.599999999999994,2.4857142857142804,1,0,0,2320.0,0,0,0,0,0.0,0.0,2441.0,2441.0,2441.0,0.0,0.0,0.0,0.0,0.0,2441.0,2441.0,2441.0,2441.0,2441.0,2441.0,2441.0,2441.0,0.0,0.0,0.0,0.0,0.0,0.0,0.0,0.0,2441.0,2441.0,2421.866666666667,0.0,0.0,20.80406679960271,0.9999999959033182,0.9999999959033182,1.0079002380757256,2441.0,2421.866666666667,19.133333333333212,0,1,False,True,False,False,False,False,False,False,False,False,False,True,False,False,False,False,False,False
2026-07-31,Andhra Pradesh,Bapatla,Kuchinapudi,Paddy(Common),B P T,Local,3300.0,3500.0,3400.0,3400.0,4,7,31,159.75,194.76999999999998,415.40142857142854,-0.07481474444233338,0,5.8,32.2,25.7,79.0,28.950000000000003,57.599999999999994,2.4857142857142804,1,0,0,2320.0,0,0,0,0,200.0,5.303304908059076,3100.0,3000.0,3200.0,200.0,5.303304908059076,-0.08823529385813149,-0.09090909063360882,-0.08571428546938775,3300.0,3200.0,3400.0,2650.0,3200.0,3114.285714285714,3400.0,3314.285714285714,200.0,200.0,0.0,5.303304908059076,0.030303030211202935,0.0624999998046875,0.0,0.28301886685653255,3214.285714285714,3017.8571428571427,2728.3333333333335,121.49857925879459,270.75900642534265,333.3951092181392,1.0577777744869135,1.1266272152017087,1.2461820357500961,3214.285714285714,2728.3333333333335,289.5238095238092,0,1,False,False,True,False,False,False,False,False,False,False,True,False,False,False,False,False,False,False
2026-07-31,Andhra Pradesh,NTR,Mylavaram,Paddy(Common),1001,FAQ,2369.0,2369.0,2369.0,2369.0,4,7,31,159.75,194.76999999999998,415.40142857142854,-0.07481474444233338,0,5.8,32.2,25.7,79.0,28.950000000000003,57.599999999999994,2.4857142857142804,1,0,0,2320.0,0,0,0,0,0.0,0.0,2369.0,2369.0,2369.0,0.0,0.0,0.0,0.0,0.0,2369.0,2369.0,2369.0,2369.0,2369.0,2369.0,2369.0,2369.0,0.0,0.0,0.0,0.0,0.0,0.0,0.0,0.0,2369.0,2369.0,2369.0,0.0,0.0,0.0,0.9999999957788096,0.9999999957788096,0.9999999957788096,2369.0,2369.0,0.0,0,1,False,False,False,True,False,False,False,False,False,False,False,False,False,False,False,True,False,False
2026-07-31,Andhra Pradesh,NTR,Nandigama,Paddy(Common),B P T,Grade Range-1,2360.0,2360.0,2360.0,2360.0,4,7,31,159.75,194.76999999999998,415.40142857142854,-0.07481474444233338,0,5.8,32.2,25.7,79.0,28.950000000000003,57.599999999999994,2.4857142857142804,1,0,0,2320.0,0,0,0,0,0.0,0.0,2360.0,2360.0,2360.0,0.0,0.0,0.0,0.0,0.0,2350.0,2350.0,2300.0,1990.0,2350.0,2321.4285714285716,2350.0,2321.4285714285716,0.0,0.0,0.0,0.0,0.004255319130828429,0.004255319130828429,0.02608695640831758,0.1859296473068862,2321.4285714285716,2164.6428571428573,2046.1666666666667,39.33978962346964,180.66612093236407,167.05193975142222,1.0166153802361182,1.0902491287696787,1.1533762263417306,2321.4285714285716,2046.1666666666667,118.4761904761906,0,1,False,False,False,False,True,False,False,False,False,False,False,False,False,False,False,True,False,False
2026-07-31,Andhra Pradesh,Eluru,Polavaram,Paddy(Common),1001,Local,2445.0,2445.0,2445.0,2445.0,4,7,31,159.75,194.76999999999998,415.40142857142854,-0.07481474444233338,0,5.8,32.2,25.7,79.0,28.950000000000003,57.599999999999994,2.4857142857142804,1,0,0,2320.0,0,0,0,0,0.0,0.0,2445.0,2445.0,2445.0,0.0,0.0,0.0,0.0,0.0,2445.0,2445.0,2445.0,2445.0,2445.0,2445.0,2445.0,2445.0,0.0,0.0,0.0,0.0,0.0,0.0,0.0,0.0,2445.0,2445.0,2421.1666666666665,0.0,0.0,27.720381314655295,0.9999999959100204,0.9999999959100204,1.0098437350732687,2445.0,2421.1666666666665,23.833333333333485,0,1,False,False,False,False,False,True,False,False,False,False,False,False,True,False,False,False,False,False
2026-07-31,Andhra Pradesh,NTR,Tiruvuru,Paddy(Common),Sona,Local,2550.0,2550.0,2550.0,2550.0,4,7,31,159.75,194.76999999999998,415.40142857142854,-0.07481474444233338,0,5.8,32.2,25.7,79.0,28.950000000000003,57.599999999999994,2.4857142857142804,1,0,0,2320.0,0,0,0,0,0.0,0.0,2600.0,2600.0,2600.0,0.0,0.0,0.0196078430603614,0.0196078430603614,0.0196078430603614,2550.0,2500.0,2450.0,2500.0,2550.0,2528.5714285714284,2550.0,2528.5714285714284,0.0,0.0,0.0,0.0,0.0,0.019999999919999997,0.04081632636401499,0.019999999919999997,2528.5714285714284,2517.8571428571427,2472.5666666666666,80.9173593712726,57.53641942665083,87.5854984585348,1.008474572282869,1.0127659534244757,1.0313169808782359,2528.5714285714284,2472.5666666666666,45.290476190476056,0,1,False,False,False,False,False,False,False,False,True,False,False,False,False,False,False,True,False,False
2026-08-01,Andhra Pradesh,Kakinada,Jaggampet,Paddy(Common),Common,FAQ,2369.0,2380.0,2369.0,2371.2,5,8,31,142.02,159.75,373.6014285714286,-0.17980181752836677,0,28.8,30.8,25.3,86.0,28.05,62.2,7.085714285714289,1,0,0,2320.0,0,0,0,0,11.0,2.4849066497880004,2371.2,2369.0,2380.0,11.0,2.4849066497880004,0.0,0.0,0.0,2371.2,2371.2,2371.2,2377.0,2369.0,2369.0,2380.0,2380.0,11.0,11.0,0.0,2.4849066497880004,0.0,0.0,0.0,-0.002440050473537937,2371.2,2372.8571428571427,2375.0666666666666,0.0,2.7190819394443877,2.780887148615959,0.999999995782726,0.9993016213154055,0.9983719713199405,2371.2,2375.0666666666666,-2.209523809523944,0,1,True,False,False,False,False,False,False,False,False,False,False,False,False,True,False,False,False,False
2026-08-01,Andhra Pradesh,East Godavari,Kovvur,Paddy(Common),,,2441.0,2441.0,2441.0,2441.0,5,8,31,142.02,159.75,373.6014285714286,-0.17980181752836677,0,28.8,30.8,25.3,86.0,28.05,62.2,7.085714285714289,1,0,0,2320.0,0,0,0,0,0.0,0.0,2441.0,2441.0,2441.0,0.0,0.0,0.0,0.0,0.0,2441.0,2441.0,2441.0,2441.0,2441.0,2441.0,2441.0,2441.0,0.0,0.0,0.0,0.0,0.0,0.0,0.0,0.0,2441.0,2441.0,2423.233333333333,0.0,0.0,20.664284252743844,0.9999999959033182,0.9999999959033182,1.0073317977055514,2441.0,2423.233333333333,17.76666666666688,0,1,False,True,False,False,False,False,False,False,False,False,False,True,False,False,False,False,False,False
2026-08-01,Andhra Pradesh,Bapatla,Kuchinapudi,Paddy(Common),B P T,Local,3000.0,3200.0,3100.0,3100.0,5,8,31,142.02,159.75,373.6014285714286,-0.17980181752836677,0,28.8,30.8,25.3,86.0,28.05,62.2,7.085714285714289,1,0,0,2320.0,0,0,0,0,200.0,5.303304908059076,3100.0,3000.0,3200.0,200.0,5.303304908059076,0.0,0.0,0.0,3400.0,3300.0,3100.0,2650.0,3300.0,3114.285714285714,3500.0,3314.285714285714,200.0,200.0,0.0,5.303304908059076,-0.08823529385813149,-0.06060606042240587,0.0,0.16981132011391953,3214.285714285714,3071.4285714285716,2760.0,121.49857925879459,266.54072117399824,350.71355833500405,0.9644444414439506,1.0093023222952946,1.1231884017275782,3214.285714285714,2760.0,311.42857142857156,0,1,False,False,True,False,False,False,False,False,False,False,True,False,False,False,False,False,False,False
2026-08-01,Andhra Pradesh,NTR,Mylavaram,Paddy(Common),,,2369.0,2369.0,2369.0,2369.0,5,8,31,142.02,159.75,373.6014285714286,-0.17980181752836677,0,28.8,30.8,25.3,86.0,28.05,62.2,7.085714285714289,1,0,0,2320.0,0,0,0,0,0.0,0.0,2369.0,2369.0,2369.0,0.0,0.0,0.0,0.0,0.0,2369.0,2369.0,2369.0,2369.0,2369.0,2369.0,2369.0,2369.0,0.0,0.0,0.0,0.0,0.0,0.0,0.0,0.0,2369.0,2369.0,2369.0,0.0,0.0,0.0,0.9999999957788096,0.9999999957788096,0.9999999957788096,2369.0,2369.0,0.0,0,1,False,False,False,True,False,False,False,False,False,False,False,False,False,False,False,True,False,False
2026-08-01,Andhra Pradesh,NTR,Nandigama,Paddy(Common),,,2360.0,2360.0,2360.0,2360.0,5,8,31,142.02,159.75,373.6014285714286,-0.17980181752836677,0,28.8,30.8,25.3,86.0,28.05,62.2,7.085714285714289,1,0,0,2320.0,0,0,0,0,0.0,0.0,2340.0,2340.0,2340.0,0.0,0.0,-0.008474576235277219,-0.008474576235277219,-0.008474576235277219,2360.0,2350.0,2300.0,1990.0,2360.0,2330.0,2360.0,2330.0,0.0,0.0,0.0,0.0,0.0,0.004255319130828429,0.02608695640831758,0.1859296473068862,2330.0,2191.0714285714284,2061.1666666666665,40.41451884327135,180.2154540823574,174.44336761753738,1.0128755321335814,1.077098609591074,1.1449826094688318,2330.0,2061.1666666666665,129.90476190476193,0,1,False,False,False,False,True,False,False,False,False,False,False,False,False,False,False,True,False,False
2026-08-01,Andhra Pradesh,Eluru,Polavaram,Paddy(Common),1001,Local,2445.0,2445.0,2445.0,2445.0,5,8,31,142.02,159.75,373.6014285714286,-0.17980181752836677,0,28.8,30.8,25.3,86.0,28.05,62.2,7.085714285714289,1,0,0,2320.0,0,0,0,0,0.0,0.0,2445.0,2445.0,2445.0,0.0,0.0,0.0,0.0,0.0,2445.0,2445.0,2445.0,2445.0,2445.0,2445.0,2445.0,2445.0,0.0,0.0,0.0,0.0,0.0,0.0,0.0,0.0,2445.0,2445.0,2423.0,0.0,0.0,27.405008351734296,0.9999999959100204,0.9999999959100204,1.0090796491577396,2445.0,2423.0,22.0,0,1,False,False,False,False,False,True,False,False,False,False,False,False,True,False,False,False,False,False
2026-08-01,Andhra Pradesh,NTR,Tiruvuru,Paddy(Common),Sona,Local,2600.0,2600.0,2600.0,2600.0,5,8,31,142.02,159.75,373.6014285714286,-0.17980181752836677,0,28.8,30.8,25.3,86.0,28.05,62.2,7.085714285714289,1,0,0,2320.0,0,0,0,0,0.0,0.0,2600.0,2600.0,2600.0,0.0,0.0,0.0,0.0,0.0,2550.0,2700.0,2500.0,2500.0,2550.0,2542.8571428571427,2550.0,2542.8571428571427,0.0,0.0,0.0,0.0,0.0196078430603614,-0.037037036899862825,0.039999999839999995,0.039999999839999995,2542.8571428571427,2521.4285714285716,2477.5666666666666,73.19250547114504,57.893422352183265,87.58156133032566,1.0224719060914027,1.0311614689982262,1.049416762215278,2542.8571428571427,2477.5666666666666,43.86190476190495,0,1,False,False,False,False,False,False,False,False,True,False,False,False,False,False,False,True,False,False
2026-08-02,Andhra Pradesh,Kakinada,Jaggampet,Paddy(Common),,,2369.0,2380.0,2369.0,2371.2,6,8,31,296.43,142.02,219.49428571428572,-0.11098591549295767,1,8.9,33.5,25.3,78.0,29.4,90.5,35.385714285714286,1,0,0,2320.0,0,0,0,0,11.0,2.4849066497880004,2371.2,2369.0,2380.0,11.0,2.4849066497880004,0.0,0.0,0.0,2371.2,2371.2,2371.2,2377.0,2369.0,2369.0,2380.0,2380.0,11.0,11.0,0.0,2.4849066497880004,0.0,0.0,0.0,-0.002440050473537937,2371.2,2372.442857142857,2374.8733333333334,0.0,2.469728819034104,2.8427686035515047,0.999999995782726,0.9994761234674729,0.9984532466358067,2371.2,2374.8733333333334,-2.4304761904763836,0,1,True,False,False,False,False,False,False,False,False,False,False,False,False,True,False,False,False,False
2026-08-02,Andhra Pradesh,East Godavari,Kovvur,Paddy(Common),,,2441.0,2441.0,2441.0,2441.0,6,8,31,296.43,142.02,219.49428571428572,-0.11098591549295767,1,8.9,33.5,25.3,78.0,29.4,90.5,35.385714285714286,1,0,0,2320.0,0,0,0,0,0.0,0.0,2441.0,2441.0,2441.0,0.0,0.0,0.0,0.0,0.0,2441.0,2441.0,2441.0,2441.0,2441.0,2441.0,2441.0,2441.0,0.0,0.0,0.0,0.0,0.0,0.0,0.0,0.0,2441.0,2441.0,2424.6,0.0,0.0,20.429188044020997,0.9999999959033182,0.9999999959033182,1.0067639981573702,2441.0,2424.6,16.40000000000009,0,1,False,True,False,False,False,False,False,False,False,False,False,True,False,False,False,False,False,False
2026-08-02,Andhra Pradesh,Bapatla,Kuchinapudi,Paddy(Common),,,3000.0,3200.0,3100.0,3100.0,6,8,31,296.43,142.02,219.49428571428572,-0.11098591549295767,1,8.9,33.5,25.3,78.0,29.4,90.5,35.385714285714286,1,0,0,2320.0,0,0,0,0,200.0,5.303304908059076,3300.0,3200.0,3400.0,200.0,5.303304908059076,0.06451612882414151,0.06666666644444444,0.0624999998046875,3100.0,3300.0,3100.0,2650.0,3000.0,3114.285714285714,3200.0,3314.285714285714,200.0,200.0,0.0,5.303304908059076,0.0,-0.06060606042240587,0.0,0.16981132011391953,3214.285714285714,3103.5714285714284,2781.6666666666665,121.49857925879459,237.34451243375423,350.9797452976392,0.9644444414439506,0.9988492487954225,1.114439780295603,3214.285714285714,2781.6666666666665,321.9047619047619,0,1,False,False,True,False,False,False,False,False,False,False,True,False,False,False,False,False,False,False
2026-08-02,Andhra Pradesh,NTR,Mylavaram,Paddy(Common),1001,FAQ,2369.0,2369.0,2369.0,2369.0,6,8,31,296.43,142.02,219.49428571428572,-0.11098591549295767,1,8.9,33.5,25.3,78.0,29.4,90.5,35.385714285714286,1,0,0,2320.0,0,0,0,0,0.0,0.0,2369.0,2369.0,2369.0,0.0,0.0,0.0,0.0,0.0,2369.0,2369.0,2369.0,2369.0,2369.0,2369.0,2369.0,2369.0,0.0,0.0,0.0,0.0,0.0,0.0,0.0,0.0,2369.0,2369.0,2369.0,0.0,0.0,0.0,0.9999999957788096,0.9999999957788096,0.9999999957788096,2369.0,2369.0,0.0,0,1,False,False,False,True,False,False,False,False,False,False,False,False,False,False,False,True,False,False
2026-08-02,Andhra Pradesh,NTR,Nandigama,Paddy(Common),B P T,Grade Range-1,2340.0,2340.0,2340.0,2340.0,6,8,31,296.43,142.02,219.49428571428572,-0.11098591549295767,1,8.9,33.5,25.3,78.0,29.4,90.5,35.385714285714286,1,0,0,2320.0,0,0,0,0,0.0,0.0,2340.0,2340.0,2340.0,0.0,0.0,0.0,0.0,0.0,2360.0,2350.0,2350.0,1970.0,2360.0,2338.5714285714284,2360.0,2338.5714285714284,0.0,0.0,0.0,0.0,-0.008474576235277219,-0.004255319130828429,-0.004255319130828429,0.18781725792986165,2338.5714285714284,2217.5,2075.5,39.33978962346965,175.52941896752617,180.8426158960827,1.0006108692704483,1.0552423853202146,1.127439165851895,2338.5714285714284,2075.5,142.0,0,1,False,False,False,False,True,False,False,False,False,False,False,False,False,False,False,True,False,False
2026-08-02,Andhra Pradesh,Eluru,Polavaram,Paddy(Common),,,2445.0,2445.0,2445.0,2445.0,6,8,31,296.43,142.02,219.49428571428572,-0.11098591549295767,1,8.9,33.5,25.3,78.0,29.4,90.5,35.385714285714286,1,0,0,2320.0,0,0,0,0,0.0,0.0,2445.0,2445.0,2445.0,0.0,0.0,0.0,0.0,0.0,2445.0,2445.0,2445.0,2445.0,2445.0,2445.0,2445.0,2445.0,0.0,0.0,0.0,0.0,0.0,0.0,0.0,0.0,2445.0,2445.0,2424.8333333333335,0.0,0.0,26.95728848194596,0.9999999959100204,0.9999999959100204,1.0083167186405249,2445.0,2424.8333333333335,20.166666666666515,0,1,False,False,False,False,False,True,False,False,False,False,False,False,True,False,False,False,False,False
2026-08-02,Andhra Pradesh,NTR,Tiruvuru,Paddy(Common),,,2600.0,2600.0,2600.0,2600.0,6,8,31,296.43,142.02,219.49428571428572,-0.11098591549295767,1,8.9,33.5,25.3,78.0,29.4,90.5,35.385714285714286,1,0,0,2320.0,0,0,0,0,0.0,0.0,2600.0,2600.0,2600.0,0.0,0.0,0.0,0.0,0.0,2600.0,2550.0,2500.0,2500.0,2600.0,2557.1428571428573,2600.0,2557.1428571428573,0.0,0.0,0.0,0.0,0.0,0.0196078430603614,0.039999999839999995,0.039999999839999995,2557.1428571428573,2528.5714285714284,2494.233333333333,73.19250547114582,61.12498455021198,54.62895741734312,1.0167597725601571,1.0282485835041015,1.0424044754871724,2557.1428571428573,2494.233333333333,34.33809523809532,0,1,False,False,False,False,False,False,False,False,True,False,False,False,False,False,False,True,False,False
2026-08-03,Andhra Pradesh,Kakinada,Jaggampet,Paddy(Common),Common,FAQ,2369.0,2380.0,2369.0,2371.2,0,8,32,133.32,296.43,235.64714285714288,1.0872412336290664,0,4.6,32.6,27.1,78.0,29.85,86.0,12.150000000000006,1,0,0,2320.0,0,0,0,0,11.0,2.4849066497880004,2371.2,2369.0,2380.0,11.0,2.4849066497880004,0.0,0.0,0.0,2371.2,2371.2,2371.2,2377.0,2369.0,2369.0,2380.0,2380.0,11.0,11.0,0.0,2.4849066497880004,0.0,0.0,0.0,-0.002440050473537937,2371.2,2372.028571428571,2374.68,0.0,2.10619181368941,2.8899826989111337,0.999999995782726,0.9996506865747493,0.9985345351856479,2371.2,2374.68,-2.6514285714288235,0,1,True,False,False,False,False,False,False,False,False,False,False,False,False,True,False,False,False,False
2026-08-03,Andhra Pradesh,East Godavari,Kovvur,Paddy(Common),MTU-1010,Grade Range-2,2441.0,2441.0,2441.0,2441.0,0,8,32,133.32,296.43,235.64714285714288,1.0872412336290664,0,4.6,32.6,27.1,78.0,29.85,86.0,0.8000000000000114,1,0,0,2320.0,0,0,0,0,0.0,0.0,2441.0,2441.0,2441.0,0.0,0.0,0.0,0.0,0.0,2441.0,2441.0,2441.0,2441.0,2441.0,2441.0,2441.0,2441.0,0.0,0.0,0.0,0.0,0.0,0.0,0.0,0.0,2441.0,2441.0,2425.9666666666667,0.0,0.0,20.09543323199705,0.9999999959033182,0.9999999959033182,1.0061968383481628,2441.0,2425.9666666666667,15.033333333333303,0,1,False,True,False,False,False,False,False,False,False,False,False,True,False,False,False,False,False,False
2026-08-03,Andhra Pradesh,Bapatla,Kuchinapudi,Paddy(Common),B P T,Local,3200.0,3400.0,3300.0,3300.0,0,8,32,133.32,296.43,235.64714285714288,1.0872412336290664,0,4.6,32.6,27.1,78.0,29.85,86.0,6.13333333333334,1,0,0,2320.0,0,0,0,0,200.0,5.303304908059076,3100.0,3000.0,3200.0,200.0,5.303304908059076,-0.06060606042240587,-0.0624999998046875,-0.05882352923875432,3100.0,3400.0,3100.0,2900.0,3000.0,3114.285714285714,3200.0,3314.285714285714,200.0,200.0,0.0,5.303304908059076,0.06451612882414151,-0.02941176461937716,0.06451612882414151,0.13793103400713436,3214.285714285714,3135.714285714286,2803.3333333333335,121.49857925879459,198.48325973644026,349.8603990888009,1.0266666634725925,1.052391796188272,1.1771700314726394,3214.285714285714,2803.3333333333335,332.3809523809523,0,1,False,False,True,False,False,False,False,False,False,False,True,False,False,False,False,False,False,False
2026-08-03,Andhra Pradesh,NTR,Mylavaram,Paddy(Common),1001,FAQ,2369.0,2369.0,2369.0,2369.0,0,8,32,133.32,296.43,235.64714285714288,1.0872412336290664,0,4.6,32.6,27.1,78.0,29.85,86.0,12.150000000000006,1,0,0,2320.0,0,0,0,0,0.0,0.0,2369.0,2369.0,2369.0,0.0,0.0,0.0,0.0,0.0,2369.0,2369.0,2369.0,2369.0,2369.0,2369.0,2369.0,2369.0,0.0,0.0,0.0,0.0,0.0,0.0,0.0,0.0,2369.0,2369.0,2369.0,0.0,0.0,0.0,0.9999999957788096,0.9999999957788096,0.9999999957788096,2369.0,2369.0,0.0,0,1,False,False,False,True,False,False,False,False,False,False,False,False,False,False,False,True,False,False
2026-08-03,Andhra Pradesh,NTR,Nandigama,Paddy(Common),B P T,Grade Range-1,2340.0,2340.0,2340.0,2340.0,0,8,32,133.32,296.43,235.64714285714288,1.0872412336290664,0,4.6,32.6,27.1,78.0,29.85,86.0,0.8000000000000114,1,0,0,2320.0,0,0,0,0,0.0,0.0,2330.0,2330.0,2330.0,0.0,0.0,-0.004273504255241435,-0.004273504255241435,-0.004273504255241435,2340.0,2360.0,2250.0,1965.0,2340.0,2337.1428571428573,2340.0,2337.1428571428573,0.0,0.0,0.0,0.0,0.0,-0.008474576235277219,0.03999999982222222,0.1908396936852942,2337.1428571428573,2243.9285714285716,2091.1666666666665,39.03600291793879,162.79031547726436,182.77404239856608,1.001222489603571,1.0428139377369423,1.1189925825185658,2337.1428571428573,2091.1666666666665,152.76190476190504,0,1,False,False,False,False,True,False,False,False,False,False,False,False,False,False,False,True,False,False
2026-08-03,Andhra Pradesh,Eluru,Polavaram,Paddy(Common),1001,Local,2445.0,2445.0,2445.0,2445.0,0,8,32,133.32,296.43,235.64714285714288,1.0872412336290664,0,4.6,32.6,27.1,78.0,29.85,86.0,12.150000000000006,1,0,0,2320.0,0,0,0,0,0.0,0.0,2445.0,2445.0,2445.0,0.0,0.0,0.0,0.0,0.0,2445.0,2445.0,2445.0,2445.0,2445.0,2445.0,2445.0,2445.0,0.0,0.0,0.0,0.0,0.0,0.0,0.0,0.0,2445.0,2445.0,2426.6666666666665,0.0,0.0,26.370481581696218,0.9999999959100204,0.9999999959100204,1.007554940902933,2445.0,2426.6666666666665,18.333333333333485,0,1,False,False,False,False,False,True,False,False,False,False,False,False,True,False,False,False,False,False
2026-08-03,Andhra Pradesh,NTR,Tiruvuru,Paddy(Common),Sona,Local,2600.0,2600.0,2600.0,2600.0,0,8,32,133.32,296.43,235.64714285714288,1.0872412336290664,0,4.6,32.6,27.1,78.0,29.85,86.0,12.150000000000006,1,0,0,2320.0,0,0,0,0,0.0,0.0,2700.0,2700.0,2700.0,0.0,0.0,0.03846153831360947,0.03846153831360947,0.03846153831360947,2600.0,2550.0,2500.0,2550.0,2600.0,2571.4285714285716,2600.0,2571.4285714285716,0.0,0.0,0.0,0.0,0.0,0.0196078430603614,0.039999999839999995,0.0196078430603614,2571.4285714285716,2535.714285714286,2499.233333333333,69.86381310058415,63.33236937766442,57.24278803141356,1.0111111071790122,1.0253521086324142,1.040319027007006,2571.4285714285716,2499.233333333333,36.48095238095266,0,1,False,False,False,False,False,False,False,False,True,False,False,False,False,False,False,True,False,False
2026-08-04,Andhra Pradesh,Kakinada,Jaggampet,Paddy(Common),Common,FAQ,2369.0,2380.0,2369.0,2371.2,1,8,32,160.42,133.32,231.41857142857143,-0.5502479506122863,0,5.7,32.5,25.8,80.0,29.15,84.39999999999999,10.549999999999997,1,0,0,2320.0,0,0,0,0,11.0,2.4849066497880004,2371.2,2369.0,2380.0,11.0,2.4849066497880004,0.0,0.0,0.0,2371.2,2371.2,2371.2,2377.0,2369.0,2369.0,2380.0,2380.0,11.0,11.0,0.0,2.4849066497880004,0.0,0.0,0.0,-0.002440050473537937,2371.2,2371.6142857142854,2374.486666666666,0.0,1.5501152030951575,2.923240211364766,0.999999995782726,0.9998253106691781,0.9986158369726965,2371.2,2374.486666666666,-2.8723809523808086,0,1,True,False,False,False,False,False,False,False,False,False,False,False,False,True,False,False,False,False
2026-08-04,Andhra Pradesh,Bapatla,Kuchinapudi,Paddy(Common),B P T,Local,3000.0,3200.0,3100.0,3100.0,1,8,32,160.42,133.32,231.41857142857143,-0.5502479506122863,0,5.7,32.5,25.8,80.0,29.15,84.39999999999999,4.533333333333331,1,0,0,2320.0,0,0,0,0,200.0,5.303304908059076,3100.0,3000.0,3200.0,200.0,5.303304908059076,0.0,0.0,0.0,3300.0,3100.0,3200.0,2800.0,3200.0,3142.8571428571427,3400.0,3342.8571428571427,200.0,200.0,0.0,5.303304908059076,-0.06060606042240587,0.0,-0.03124999990234375,0.10714285676020407,3242.8571428571427,3164.285714285714,2831.6666666666665,113.38934190277213,190.57460827371523,354.6448766100357,0.955947133616022,0.9796839698158971,1.0947616206188524,3242.8571428571427,2831.6666666666665,332.6190476190477,0,1,False,False,True,False,False,False,False,False,False,False,True,False,False,False,False,False,False,False
2026-08-04,Andhra Pradesh,NTR,Mylavaram,Paddy(Common),1001,FAQ,2369.0,2369.0,2369.0,2369.0,1,8,32,160.42,133.32,231.41857142857143,-0.5502479506122863,0,5.7,32.5,25.8,80.0,29.15,84.39999999999999,10.549999999999997,1,0,0,2320.0,0,0,0,0,0.0,0.0,2369.0,2369.0,2369.0,0.0,0.0,0.0,0.0,0.0,2369.0,2369.0,2369.0,2369.0,2369.0,2369.0,2369.0,2369.0,0.0,0.0,0.0,0.0,0.0,0.0,0.0,0.0,2369.0,2369.0,2369.0,0.0,0.0,0.0,0.9999999957788096,0.9999999957788096,0.9999999957788096,2369.0,2369.0,0.0,0,1,False,False,False,True,False,False,False,False,False,False,False,False,False,False,False,True,False,False
2026-08-04,Andhra Pradesh,Eluru,Polavaram,Paddy(Common),1001,Local,2445.0,2445.0,2445.0,2445.0,1,8,32,160.42,133.32,231.41857142857143,-0.5502479506122863,0,5.7,32.5,25.8,80.0,29.15,84.39999999999999,10.549999999999997,1,0,0,2320.0,0,0,0,0,0.0,0.0,2445.0,2445.0,2445.0,0.0,0.0,0.0,0.0,0.0,2445.0,2445.0,2445.0,2445.0,2445.0,2445.0,2445.0,2445.0,0.0,0.0,0.0,0.0,0.0,0.0,0.0,0.0,2445.0,2445.0,2428.5,0.0,0.0,25.63503798346701,0.9999999959100204,0.9999999959100204,1.0067943133341801,2445.0,2428.5,16.5,0,1,False,False,False,False,False,True,False,False,False,False,False,False,True,False,False,False,False,False
2026-08-04,Andhra Pradesh,NTR,Tiruvuru,Paddy(Common),Sona,Local,2700.0,2700.0,2700.0,2700.0,1,8,32,160.42,133.32,231.41857142857143,-0.5502479506122863,0,5.7,32.5,25.8,80.0,29.15,84.39999999999999,10.549999999999997,1,0,0,2320.0,0,0,0,0,0.0,0.0,2700.0,2700.0,2700.0,0.0,0.0,0.0,0.0,0.0,2600.0,2600.0,2500.0,2500.0,2600.0,2585.714285714286,2600.0,2585.714285714286,0.0,0.0,0.0,0.0,0.03846153831360947,0.03846153831360947,0.07999999967999999,0.07999999967999999,2585.714285714286,2539.285714285714,2504.233333333333,62.678317052809554,65.57019558801441,59.30789523142567,1.0441988909892859,1.063291135053143,1.0781742872275974,2585.714285714286,2504.233333333333,35.0523809523811,0,1,False,False,False,False,False,False,False,False,True,False,False,False,False,False,False,True,False,False
2026-08-05,Andhra Pradesh,Kakinada,Jaggampet,Paddy(Common),,,2369.0,2380.0,2369.0,2371.2,2,8,32,721.3499999999999,160.42,185.3185714285714,0.2032703270327032,0,1.9,32.9,26.6,79.0,29.75,69.2,-4.6499999999999915,1,0,0,2320.0,0,0,0,0,11.0,2.4849066497880004,2371.2,2369.0,2380.0,11.0,2.4849066497880004,0.0,0.0,0.0,2371.2,2371.2,2371.2,2371.2,2369.0,2369.0,2380.0,2380.0,11.0,11.0,0.0,2.4849066497880004,0.0,0.0,0.0,0.0,2371.2,2371.2,2374.2933333333335,0.0,0.0,2.943014327749849,0.999999995782726,0.999999995782726,0.9986971520001858,2371.2,2374.2933333333335,-3.093333333333703,0,1,True,False,False,False,False,False,False,False,False,False,False,False,False,True,False,False,False,False
2026-08-05,Andhra Pradesh,NTR,Mylavaram,Paddy(Common),1001,FAQ,2369.0,2369.0,2369.0,2369.0,2,8,32,721.3499999999999,160.42,185.3185714285714,0.2032703270327032,0,1.9,32.9,26.6,79.0,29.75,69.2,-4.6499999999999915,1,0,0,2320.0,0,0,0,0,0.0,0.0,2369.0,2369.0,2369.0,0.0,0.0,0.0,0.0,0.0,2369.0,2369.0,2369.0,2369.0,2369.0,2369.0,2369.0,2369.0,0.0,0.0,0.0,0.0,0.0,0.0,0.0,0.0,2369.0,2369.0,2369.0,0.0,0.0,0.0,0.9999999957788096,0.9999999957788096,0.9999999957788096,2369.0,2369.0,0.0,0,1,False,False,False,True,False,False,False,False,False,False,False,False,False,False,False,True,False,False
2026-08-05,Andhra Pradesh,Eluru,Polavaram,Paddy(Common),1001,Local,2445.0,2445.0,2445.0,2445.0,2,8,32,721.3499999999999,160.42,185.3185714285714,0.2032703270327032,0,1.9,32.9,26.6,79.0,29.75,69.2,-4.6499999999999915,1,0,0,2320.0,0,0,0,0,0.0,0.0,2445.0,2445.0,2445.0,0.0,0.0,0.0,0.0,0.0,2445.0,2445.0,2445.0,2445.0,2445.0,2445.0,2445.0,2445.0,0.0,0.0,0.0,0.0,0.0,0.0,0.0,0.0,2445.0,2445.0,2430.3333333333335,0.0,0.0,24.737704480984224,0.9999999959100204,0.9999999959100204,1.0060348333313611,2445.0,2430.3333333333335,14.666666666666515,0,1,False,False,False,False,False,True,False,False,False,False,False,False,True,False,False,False,False,False
2026-08-05,Andhra Pradesh,NTR,Tiruvuru,Paddy(Common),Sona,Local,2700.0,2700.0,2700.0,2700.0,2,8,32,721.3499999999999,160.42,185.3185714285714,0.2032703270327032,0,1.9,32.9,26.6,79.0,29.75,69.2,-4.6499999999999915,1,0,0,2320.0,0,0,0,0,0.0,0.0,2700.0,2700.0,2700.0,0.0,0.0,0.0,0.0,0.0,2700.0,2600.0,2700.0,2500.0,2700.0,2614.285714285714,2700.0,2614.285714285714,0.0,0.0,0.0,0.0,0.0,0.03846153831360947,0.0,0.07999999967999999,2614.285714285714,2553.5714285714284,2512.5666666666666,62.67831705281145,77.12199555121816,68.3059462920377,1.0327868812953507,1.0573426532020147,1.0745983480056316,2614.285714285714,2512.5666666666666,41.004761904761835,0,1,False,False,False,False,False,False,False,False,True,False,False,False,False,False,False,True,False,False
