date,state,District,Market,commodity,variety,grade,min_price,max_price,modal_price,day_of_week,month,week_of_year,arrival_qty_mt,arrival_lag_1,arrival_7d_mean,arrival_change_pct,is_likely_non_trading_day,rainfall,temp_max,temp_min,humidity,temp_avg,rainfall_7d,rainfall_anomaly_7d,heavy_rain_flag,dry_spell_flag,is_procurement_active,msp_value,msp_announced,msp_changed,procurement_started,procurement_ended,target_modal_price,target_return,lag_1,lag_3,lag_7,ret_1,ret_3,ret_7,rolling_mean_7,rolling_mean_14,rolling_std_7,rolling_std_14,ratio_ma7,ratio_ma14,is_harvest_season,mkt_Jaggampet,mkt_Kovvur,mkt_Kuchinapudi,mkt_Mylavaram,mkt_Nandigama,mkt_Polavaram,mkt_Rampachodvaram,mkt_Rapur,mkt_Tiruvuru,dist_Alluri Sitharama Raju,dist_Bapatla,dist_East Godavari,dist_Eluru,dist_Kakinada,dist_Krishna,dist_NTR,dist_Nellore,dist_Polavaram,dist_SPSR Nellore
2025-11-04,Andhra Pradesh,Krishna,Tiruvuru,Paddy(Common),Sona,FAQ,2400.0,2700.0,2550.0,1,11,45,1270.69,1522.2,717.6266666666667,0.0,0,5.5,32.0,24.1,86.0,28.05,0.4,-20.042857142857144,0,0,1,2320.0,0,0,0,0,2600.0,0.0196078430603614,2700.0,2600.0,,-0.055555555349794235,-0.019230769156804734,,2633.3333333333335,2633.3333333333335,57.73502691896251,57.73502691896251,0.9683544267024514,0.9683544267024514,1,False,False,False,False,False,False,False,False,True,False,False,False,False,False,True,False,False,False,False
2025-11-05,Andhra Pradesh,Krishna,Tiruvuru,Paddy(Common),Sona,FAQ,2400.0,2800.0,2600.0,2,11,45,1094.97,1270.69,855.8924999999999,-0.16522795953225589,0,27.9,31.2,24.2,89.0,27.7,5.9,-14.542857142857143,0,0,1,2320.0,0,0,0,0,2600.0,0.0,2550.0,2600.0,,0.0196078430603614,0.0,,2612.5,2612.5,62.91528696058957,62.91528696058957,0.995215307195348,0.995215307195348,1,False,False,False,False,False,False,False,False,True,False,False,False,False,False,True,False,False,False,False
2025-11-06,Andhra Pradesh,Krishna,Tiruvuru,Paddy(Common),Sona,FAQ,2400.0,2800.0,2600.0,3,11,45,685.53,1094.97,903.708,-0.13828707237799942,0,0.4,31.5,23.8,84.0,27.65,33.8,13.357142857142854,0,0,1,2320.0,0,0,0,0,2400.0,-0.07692307662721894,2600.0,2700.0,,0.0,-0.037037036899862825,,2610.0,2610.0,54.7722557505166,54.7722557505166,0.996168578558741,0.996168578558741,1,False,False,False,False,False,False,False,False,True,False,False,False,False,False,True,False,False,False,False
2025-11-07,Andhra Pradesh,Krishna,Tiruvuru,Paddy(Common),Sona,Grade Range-1,2400.0,2400.0,2400.0,4,11,45,654.62,685.53,867.3449999999999,-0.37392805282336505,0,0.2,31.7,22.6,77.0,27.15,34.199999999999996,13.757142857142853,0,0,1,2320.0,0,0,0,0,2400.0,0.0,2600.0,2550.0,,-0.07692307662721894,-0.058823529181084196,,2608.3333333333335,2608.3333333333335,49.159604012508744,49.159604012508744,0.9201277919995099,0.9201277919995099,1,False,False,False,False,False,False,False,False,True,False,False,False,False,False,True,False,False,False,False
2025-11-08,Andhra Pradesh,East Godavari,Jaggampet,Paddy(Common),,,2389.0,2399.0,2399.0,5,11,45,0.0,654.62,811.7066666666666,-0.045089201056117134,1,0.0,32.1,23.2,71.0,27.65,28.5,5.860000000000003,0,0,1,2320.0,0,0,0,0,2399.0,0.0,2399.0,2399.0,,0.0,0.0,,2399.0,2399.0,0.0,0.0,0.9999999958315964,0.9999999958315964,1,True,False,False,False,False,False,False,False,False,False,False,True,False,False,False,False,False,False,False
2025-11-08,Andhra Pradesh,Krishna,Tiruvuru,Paddy(Common),,,2400.0,2400.0,2400.0,5,11,45,0.0,654.62,836.9557142857142,-0.045089201056117134,1,0.0,32.1,23.2,71.0,27.65,34.4,13.957142857142856,0,0,1,2320.0,0,0,0,0,2400.0,0.0,2400.0,2600.0,2600.0,0.0,-0.07692307662721894,-0.07692307662721894,2578.5714285714284,2578.5714285714284,90.63269671749666,90.63269671749666,0.9307479188281244,0.9307479188281244,1,False,False,False,False,False,False,False,False,True,False,False,False,False,False,True,False,False,False,False
2025-11-09,Andhra Pradesh,East Godavari,Jaggampet,Paddy(Common),,,2389.0,2399.0,2399.0,6,11,45,0.0,0.0,608.78,-1.0,1,0.0,31.7,21.9,72.0,26.799999999999997,28.5,5.860000000000003,0,0,1,2320.0,0,0,0,0,2379.0,-0.008336806968166707,2399.0,2399.0,,0.0,0.0,,2399.0,2399.0,0.0,0.0,0.9999999958315964,0.9999999958315964,1,True,False,False,False,False,False,False,False,False,False,False,True,False,False,False,False,False,False,False
2025-11-09,Andhra Pradesh,Krishna,Tiruvuru,Paddy(Common),,,2400.0,2400.0,2400.0,6,11,45,0.0,0.0,746.8585714285713,-1.0,1,0.0,31.7,21.9,72.0,26.799999999999997,34.199999999999996,13.757142857142853,0,0,1,2320.0,0,0,0,0,2400.0,0.0,2400.0,2600.0,2600.0,0.0,-0.07692307662721894,-0.07692307662721894,2550.0,2556.25,111.80339887498968,105.00850305706555,0.9411764668973471,0.93887530195061,1,False,False,False,False,False,False,False,False,True,False,False,False,False,False,True,False,False,False,False
2025-11-10,Andhra Pradesh,East Godavari,Jaggampet,Paddy(Common),Common,FAQ,2369.0,2379.0,2379.0,0,11,46,311.47,0.0,487.024,0.0,0,0.3,31.2,22.1,74.0,26.65,28.5,15.785714285714286,0,0,1,2320.0,0,0,0,0,2379.0,0.0,2399.0,2399.0,,-0.008336806968166707,-0.008336806968166707,,2399.0,2399.0,0.0,0.0,0.9916631888634297,0.9916631888634297,1,True,False,False,False,False,False,False,False,False,False,False,True,False,False,False,False,False,False,False
2025-11-10,Andhra Pradesh,Krishna,Tiruvuru,Paddy(Common),Sona,Local,2400.0,2400.0,2400.0,0,11,46,311.47,0.0,746.8585714285713,0.0,0,0.3,31.2,22.1,74.0,26.65,34.199999999999996,19.885714285714283,0,0,1,2320.0,0,0,0,0,2400.0,0.0,2400.0,2400.0,2700.0,0.0,0.0,-0.11111111069958847,2521.4285714285716,2538.8888888888887,121.98750911856689,111.18053386771963,0.9518413559983627,0.9452954010907402,1,False,False,False,False,False,False,False,False,True,False,False,False,False,False,True,False,False,False,False
2025-11-11,Andhra Pradesh,East Godavari,Jaggampet,Paddy(Common),,,2369.0,2379.0,2379.0,1,11,46,2422.2,311.47,457.76500000000004,0.0,0,0.1,31.5,22.7,77.0,27.1,28.799999999999997,16.085714285714282,0,0,1,2320.0,0,0,0,0,2379.0,0.0,2379.0,2399.0,,0.0,-0.008336806968166707,,2395.6666666666665,2395.6666666666665,8.164965809277223,8.164965809277223,0.9930429901500919,0.9930429901500919,1,True,False,False,False,False,False,False,False,False,False,False,True,False,False,False,False,False,False,False
2025-11-11,Andhra Pradesh,Krishna,Tiruvuru,Paddy(Common),Sona,Local,2400.0,2400.0,2400.0,1,11,46,2422.2,311.47,573.8971428571429,0.0,0,0.1,31.5,22.7,77.0,27.1,34.3,19.985714285714284,0,0,1,2320.0,0,0,0,0,2350.0,-0.020833333246527776,2400.0,2400.0,2550.0,0.0,0.0,-0.058823529181084196,2478.5714285714284,2525.0,99.4029797388009,113.65151414154897,0.9682997079088772,0.9504950457406136,1,False,False,False,False,False,False,False,False,True,False,False,False,False,False,True,False,False,False,False
2025-11-12,Andhra Pradesh,East Godavari,Jaggampet,Paddy(Common),Common,FAQ,2369.0,2379.0,2379.0,2,11,46,5055.54,2422.2,738.3985714285715,6.776671910617393,0,0.1,32.4,23.1,77.0,27.75,28.9,16.185714285714283,0,0,1,2320.0,0,0,0,0,2379.0,0.0,2379.0,2399.0,2399.0,0.0,-0.008336806968166707,-0.008336806968166707,2393.285714285714,2393.285714285714,9.75900072948528,9.75900072948528,0.9940309156818382,0.9940309156818382,1,True,False,False,False,False,False,False,False,False,False,False,True,False,False,False,False,False,False,False
2025-11-12,Andhra Pradesh,Krishna,Tiruvuru,Paddy(Common),Sona,Local,2350.0,2350.0,2350.0,2,11,46,5055.54,2422.2,738.3985714285712,6.776671910617393,0,0.1,32.4,23.1,77.0,27.75,28.9,14.585714285714285,0,0,1,2320.0,0,0,0,0,2350.0,0.0,2400.0,2400.0,2600.0,-0.020833333246527776,-0.020833333246527776,-0.09615384578402367,2457.1428571428573,2513.6363636363635,97.59000729485379,114.21669994118452,0.9563953449449025,0.9349005387761642,1,False,False,False,False,False,False,False,False,True,False,False,False,False,False,True,False,False,False,False
2025-11-13,Andhra Pradesh,East Godavari,Jaggampet,Paddy(Common),Common,FAQ,2369.0,2379.0,2379.0,3,11,46,1285.7,5055.54,1304.1942857142858,1.0871686896210058,0,0.0,31.5,21.9,65.0,26.7,1.1,-11.614285714285714,0,0,1,2320.0,0,0,0,0,2379.0,0.0,2379.0,2379.0,2399.0,0.0,0.0,-0.008336806968166707,2390.4285714285716,2391.5,10.690449676496849,10.350983390135264,0.9952190241041454,0.9947731507640679,1,True,False,False,False,False,False,False,False,False,False,False,True,False,False,False,False,False,False,False
2025-11-13,Andhra Pradesh,Nellore,Rapur,Paddy(Common),,,2370.0,2500.0,2460.0,3,11,46,1285.7,5055.54,2596.403333333333,1.0871686896210058,0,0.0,31.5,21.9,65.0,26.7,0.5,0.11428571428571427,0,0,1,2320.0,0,0,0,0,2460.0,0.0,2460.0,2460.0,,0.0,0.0,,2460.0,2460.0,0.0,0.0,0.9999999959349593,0.9999999959349593,1,False,False,False,False,False,False,False,True,False,False,False,False,False,False,False,False,True,False,False
2025-11-13,Andhra Pradesh,Krishna,Tiruvuru,Paddy(Common),,,2350.0,2350.0,2350.0,3,11,46,1285.7,5055.54,1304.1942857142858,1.0871686896210058,0,0.0,31.5,21.9,65.0,26.7,1.1,-13.214285714285714,0,0,1,2320.0,0,0,0,0,2500.0,0.06382978696242643,2350.0,2400.0,2600.0,0.0,-0.020833333246527776,-0.09615384578402367,2421.4285714285716,2500.0,80.91735937126937,118.70513506546007,0.9705014709182829,0.93999999624,1,False,False,False,False,False,False,False,False,True,False,False,False,False,False,True,False,False,False,False
2025-11-14,Andhra Pradesh,East Godavari,Jaggampet,Paddy(Common),Common,FAQ,2369.0,2379.0,2379.0,4,11,46,4569.2,1285.7,1389.9328571428573,-0.745684931777812,0,0.0,30.5,19.5,60.0,25.0,0.7,-12.014285714285714,0,0,1,2320.0,0,0,0,0,2379.0,0.0,2379.0,2379.0,2399.0,0.0,0.0,-0.008336806968166707,2387.5714285714284,2390.1111111111113,10.690449676496717,10.54092553389457,0.9964099760815713,0.9953512114926497,1,True,False,False,False,False,False,False,False,False,False,False,True,False,False,False,False,False,False,False
2025-11-14,Andhra Pradesh,Nellore,Rapur,Paddy(Common),,,2370.0,2500.0,2460.0,4,11,46,4569.2,1285.7,2268.7275,-0.745684931777812,0,0.0,30.5,19.5,60.0,25.0,0.5,0.11428571428571427,0,0,1,2320.0,0,0,0,0,2460.0,0.0,2460.0,2460.0,,0.0,0.0,,2460.0,2460.0,0.0,0.0,0.9999999959349593,0.9999999959349593,1,False,False,False,False,False,False,False,True,False,False,False,False,False,False,False,False,True,False,False
2025-11-14,Andhra Pradesh,Krishna,Tiruvuru,Paddy(Common),Sona,Local,2500.0,2500.0,2500.0,4,11,46,4569.2,1285.7,1389.9328571428573,-0.745684931777812,0,0.0,30.5,19.5,60.0,25.0,0.7,-13.614285714285714,0,0,1,2320.0,0,0,0,0,2500.0,0.0,2350.0,2400.0,2400.0,0.06382978696242643,0.04166666649305555,0.04166666649305555,2385.714285714286,2488.4615384615386,24.397501823715846,121.0265916955275,1.0479041872243535,1.0046367811251071,1,False,False,False,False,False,False,False,False,True,False,False,False,False,False,True,False,False,False,False
2025-11-15,Andhra Pradesh,East Godavari,Jaggampet,Paddy(Common),,,2369.0,2379.0,2379.0,5,11,46,403.3,4569.2,1949.1585714285716,2.5538617095745506,0,0.0,30.9,19.3,63.0,25.1,0.5,-12.214285714285714,0,0,1,2320.0,0,0,0,0,2379.0,0.0,2379.0,2379.0,2399.0,0.0,0.0,-0.008336806968166707,2384.714285714286,2389.0,9.759000729484873,10.540925533894585,0.9976037818347651,0.9958141440108239,1,True,False,False,False,False,False,False,False,False,False,False,True,False,False,False,False,False,False,False
2025-11-15,Andhra Pradesh,Alluri Sitharama Raju,Rampachodvaram,Paddy(Common),,,2370.0,2370.0,2370.0,5,11,46,403.3,4569.2,3636.813333333333,2.5538617095745506,0,0.0,30.9,19.3,63.0,25.1,0.1,0.020000000000000004,0,0,1,2320.0,0,0,0,0,2370.0,0.0,2370.0,2360.0,,0.0,0.0042372881176386094,,2366.6666666666665,2366.6666666666665,5.77350269189629,5.77350269189629,1.001408446472922,1.001408446472922,1,False,False,False,False,False,False,True,False,False,True,False,False,False,False,False,False,False,False,False
2025-11-15,Andhra Pradesh,Nellore,Rapur,Paddy(Common),,,2370.0,2500.0,2460.0,5,11,46,403.3,4569.2,2728.822,2.5538617095745506,0,0.0,30.9,19.3,63.0,25.1,0.5,0.11428571428571427,0,0,1,2320.0,0,0,0,0,2460.0,0.0,2460.0,2460.0,,0.0,0.0,,2460.0,2460.0,0.0,0.0,0.9999999959349593,0.9999999959349593,1,False,False,False,False,False,False,False,True,False,False,False,False,False,False,False,False,True,False,False
2025-11-15,Andhra Pradesh,Krishna,Tiruvuru,Paddy(Common),,,2500.0,2500.0,2500.0,5,11,46,403.3,4569.2,1949.1585714285716,2.5538617095745506,0,0.0,30.9,19.3,63.0,25.1,0.5,-13.814285714285713,0,0,1,2320.0,0,0,0,0,2500.0,0.0,2500.0,2350.0,2400.0,0.0,0.06382978696242643,0.04166666649305555,2400.0,2489.285714285714,50.00000000000121,116.31947291928297,1.0416666623263888,1.0043041566541582,1,False,False,False,False,False,False,False,False,True,False,False,False,False,False,True,False,False,False,False
2025-11-16,Andhra Pradesh,East Godavari,Jaggampet,Paddy(Common),Common,FAQ,2369.0,2379.0,2379.0,6,11,46,190.6,403.3,2006.7728571428572,-0.9117350958592314,1,0.0,30.7,19.5,61.0,25.1,0.5,-12.214285714285714,0,0,1,2320.0,0,0,0,0,2379.0,0.0,2379.0,2379.0,2399.0,0.0,0.0,-0.008336806968166707,2381.8571428571427,2388.090909090909,7.559289460183815,10.444659357341854,0.9988004516334174,0.9961932273942192,1,True,False,False,False,False,False,False,False,False,False,False,True,False,False,False,False,False,False,False
2025-11-16,Andhra Pradesh,Alluri Sitharama Raju,Rampachodvaram,Paddy(Common),,,2370.0,2370.0,2370.0,6,11,46,190.6,403.3,2828.435,-0.9117350958592314,1,0.0,30.7,19.5,61.0,25.1,0.1,0.020000000000000004,0,0,1,2320.0,0,0,0,0,2370.0,0.0,2370.0,2370.0,,0.0,0.0,,2367.5,2367.5,5.000000000000038,5.000000000000038,1.0010559619807562,1.0010559619807562,1,False,False,False,False,False,False,True,False,False,True,False,False,False,False,False,False,False,False,False
2025-11-16,Andhra Pradesh,Nellore,Rapur,Paddy(Common),,,2370.0,2500.0,2460.0,6,11,46,190.6,403.3,2341.235,-0.9117350958592314,1,0.0,30.7,19.5,61.0,25.1,0.5,0.11428571428571427,0,0,1,2320.0,0,0,0,0,2460.0,0.0,2460.0,2460.0,,0.0,0.0,,2460.0,2460.0,0.0,0.0,0.9999999959349593,0.9999999959349593,1,False,False,False,False,False,False,False,True,False,False,False,False,False,False,False,False,True,False,False
2025-11-16,Andhra Pradesh,Krishna,Tiruvuru,Paddy(Common),,,2500.0,2500.0,2500.0,6,11,46,190.6,403.3,2006.7728571428572,-0.9117350958592314,1,0.0,30.7,19.5,61.0,25.1,0.5,-13.814285714285713,0,0,1,2320.0,0,0,0,0,2500.0,0.0,2500.0,2350.0,2400.0,0.0,0.06382978696242643,0.04166666649305555,2414.285714285714,2482.1428571428573,62.67831705280184,111.98753855321945,1.035502954290816,1.0071942405465555,1,False,False,False,False,False,False,False,False,True,False,False,False,False,False,True,False,False,False,False
2025-11-17,Andhra Pradesh,East Godavari,Jaggampet,Paddy(Common),,,2369.0,2379.0,2379.0,0,11,47,188.9,190.6,2034.0014285714285,-0.5273989585916192,0,0.0,30.6,19.7,57.0,25.15,0.5,0.042857142857142816,0,0,1,2320.0,0,0,0,0,2379.0,0.0,2379.0,2379.0,2379.0,0.0,0.0,0.0,2379.0,2387.3333333333335,0.0,10.298573010888715,0.9999999957965531,0.9965093507546382,1,True,False,False,False,False,False,False,False,False,False,False,True,False,False,False,False,False,False,False
2025-11-17,Andhra Pradesh,Alluri Sitharama Raju,Rampachodvaram,Paddy(Common),1001,Grade Range-2,2370.0,2370.0,2370.0,0,11,47,188.9,190.6,2300.868,-0.5273989585916192,0,0.0,30.6,19.7,57.0,25.15,0.1,-0.2857142857142857,0,0,1,2320.0,0,0,0,0,2370.0,0.0,2370.0,2370.0,,0.0,0.0,,2368.0,2368.0,4.472135954999612,4.472135954999612,1.000844590368055,1.000844590368055,1,False,False,False,False,False,False,True,False,False,True,False,False,False,False,False,False,False,False,False
2025-11-17,Andhra Pradesh,Nellore,Rapur,Paddy(Common),,,2370.0,2500.0,2460.0,0,11,47,188.9,190.6,2034.0014285714285,-0.5273989585916192,0,0.0,30.6,19.7,57.0,25.15,0.5,0.042857142857142816,0,0,1,2320.0,0,0,0,0,2460.0,0.0,2460.0,2460.0,2460.0,0.0,0.0,0.0,2460.0,2460.0,0.0,0.0,0.9999999959349593,0.9999999959349593,1,False,False,False,False,False,False,False,True,False,False,False,False,False,False,False,False,True,False,False
2025-11-17,Andhra Pradesh,Krishna,Tiruvuru,Paddy(Common),,,2500.0,2500.0,2500.0,0,11,47,188.9,190.6,2034.0014285714285,-0.5273989585916192,0,0.0,30.6,19.7,57.0,25.15,0.5,0.042857142857142816,0,0,1,2320.0,0,0,0,0,2500.0,0.0,2500.0,2500.0,2400.0,0.0,0.0,0.04166666649305555,2428.5714285714284,2475.0,69.86381310057808,106.96872296287225,1.029411760467128,1.010101006019794,1,False,False,False,False,False,False,False,False,True,False,False,False,False,False,True,False,False,False,False
2025-11-18,Andhra Pradesh,East Godavari,Jaggampet,Paddy(Common),Common,FAQ,2369.0,2379.0,2379.0,1,11,47,565.8,188.9,2016.4914285714287,-0.008919202518362979,0,0.0,31.4,19.7,59.0,25.549999999999997,0.2,-0.2571428571428572,0,0,1,2320.0,0,0,0,0,2379.0,0.0,2379.0,2379.0,2379.0,0.0,0.0,0.0,2379.0,2386.6923076923076,0.0,10.127393670836627,0.9999999957965531,0.9967769965004347,1,True,False,False,False,False,False,False,False,False,False,False,True,False,False,False,False,False,False,False
2025-11-18,Andhra Pradesh,Alluri Sitharama Raju,Rampachodvaram,Paddy(Common),1001,Grade Range-2,2370.0,2370.0,2370.0,1,11,47,565.8,188.9,1948.8733333333332,-0.008919202518362979,0,0.0,31.4,19.7,59.0,25.549999999999997,0.1,-0.2857142857142857,0,0,1,2320.0,0,0,0,0,2370.0,0.0,2370.0,2370.0,,0.0,0.0,,2368.3333333333335,2368.3333333333335,4.082482904638651,4.082482904638651,1.000703725542419,1.000703725542419,1,False,False,False,False,False,False,True,False,False,True,False,False,False,False,False,False,False,False,False
2025-11-18,Andhra Pradesh,Nellore,Rapur,Paddy(Common),,,2370.0,2500.0,2460.0,1,11,47,565.8,188.9,2016.4914285714287,-0.008919202518362979,0,0.0,31.4,19.7,59.0,25.549999999999997,0.2,-0.2571428571428572,0,0,1,2320.0,0,0,0,0,2460.0,0.0,2460.0,2460.0,2460.0,0.0,0.0,0.0,2460.0,2460.0,0.0,0.0,0.9999999959349593,0.9999999959349593,1,False,False,False,False,False,False,False,True,False,False,False,False,False,False,False,False,True,False,False
2025-11-18,Andhra Pradesh,Krishna,Tiruvuru,Paddy(Common),,,2500.0,2500.0,2500.0,1,11,47,565.8,188.9,2016.4914285714287,-0.008919202518362979,0,0.0,31.4,19.7,59.0,25.549999999999997,0.2,-0.2571428571428572,0,0,1,2320.0,0,0,0,0,2500.0,0.0,2500.0,2500.0,2400.0,0.0,0.0,0.04166666649305555,2442.8571428571427,2460.714285714286,73.19250547114089,85.88581737617478,1.023391808676174,1.015965162779822,1,False,False,False,False,False,False,False,False,True,False,False,False,False,False,True,False,False,False,False
2025-11-19,Andhra Pradesh,East Godavari,Jaggampet,Paddy(Common),Common,FAQ,2369.0,2379.0,2379.0,2,11,47,5200.91,565.8,1751.2914285714285,1.9952355743779773,0,0.0,30.7,19.2,64.0,24.95,0.1,-0.3571428571428572,0,0,1,2320.0,0,0,0,0,2379.0,0.0,2379.0,2379.0,2379.0,0.0,0.0,0.0,2379.0,2386.1428571428573,0.0,9.94490316197689,0.9999999957965531,0.9970065215954943,1,True,False,False,False,False,False,False,False,False,False,False,True,False,False,False,False,False,False,False
2025-11-19,Andhra Pradesh,Alluri Sitharama Raju,Rampachodvaram,Paddy(Common),1001,Grade Range-2,2370.0,2370.0,2370.0,2,11,47,5200.91,565.8,1751.2914285714285,1.9952355743779773,0,0.0,30.7,19.2,64.0,24.95,0.1,-0.2857142857142857,0,0,1,2320.0,0,0,0,0,2370.0,0.0,2370.0,2370.0,2360.0,0.0,0.0,0.0042372881176386094,2368.5714285714284,2368.5714285714284,3.779644730092274,3.779644730092274,1.0006031320843052,1.0006031320843052,1,False,False,False,False,False,False,True,False,False,True,False,False,False,False,False,False,False,False,False
2025-11-19,Andhra Pradesh,Nellore,Rapur,Paddy(Common),,,2370.0,2500.0,2460.0,2,11,47,5200.91,565.8,1751.2914285714285,1.9952355743779773,0,0.0,30.7,19.2,64.0,24.95,0.1,-0.3571428571428572,0,0,1,2320.0,0,0,0,0,2460.0,0.0,2460.0,2460.0,2460.0,0.0,0.0,0.0,2460.0,2460.0,0.0,0.0,0.9999999959349593,0.9999999959349593,1,False,False,False,False,False,False,False,True,False,False,False,False,False,False,False,False,True,False,False
2025-11-19,Andhra Pradesh,Krishna,Tiruvuru,Paddy(Common),,,2500.0,2500.0,2500.0,2,11,47,5200.91,565.8,1751.2914285714285,1.9952355743779773,0,0.0,30.7,19.2,64.0,24.95,0.1,-0.3571428571428572,0,0,1,2320.0,0,0,0,0,2500.0,0.0,2500.0,2500.0,2350.0,0.0,0.0,0.06382978696242643,2457.1428571428573,2457.1428571428573,73.19250547114089,82.8741930164746,1.0174418563243643,1.0174418563243643,1,False,False,False,False,False,False,False,False,True,False,False,False,False,False,True,False,False,False,False
2025-11-20,Andhra Pradesh,East Godavari,Jaggampet,Paddy(Common),Common,FAQ,2369.0,2379.0,2379.0,3,11,47,2143.87,5200.91,1772.0585714285714,8.192135030045954,0,0.0,30.8,19.2,72.0,25.0,0.0,-0.4571428571428572,0,0,1,2320.0,0,0,0,0,2379.0,0.0,2379.0,2379.0,2379.0,0.0,0.0,0.0,2379.0,2384.714285714286,0.0,9.376144618769802,0.9999999957965531,0.9976037818347651,1,True,False,False,False,False,False,False,False,False,False,False,True,False,False,False,False,False,False,False
2025-11-20,Andhra Pradesh,Alluri Sitharama Raju,Rampachodvaram,Paddy(Common),,,2370.0,2370.0,2370.0,3,11,47,2143.87,5200.91,1772.0585714285714,8.192135030045954,0,0.0,30.8,19.2,72.0,25.0,0.0,-0.38571428571428573,0,0,1,2320.0,0,0,0,0,2370.0,0.0,2370.0,2370.0,2370.0,0.0,0.0,0.0,2370.0,2368.75,0.0,3.5355339059327178,0.9999999957805906,1.0005277002616244,1,False,False,False,False,False,False,True,False,False,True,False,False,False,False,False,False,False,False,False
2025-11-20,Andhra Pradesh,Nellore,Rapur,Paddy(Common),,,2370.0,2500.0,2460.0,3,11,47,2143.87,5200.91,1772.0585714285714,8.192135030045954,0,0.0,30.8,19.2,72.0,25.0,0.0,-0.4571428571428572,0,0,1,2320.0,0,0,0,0,2460.0,0.0,2460.0,2460.0,2460.0,0.0,0.0,0.0,2460.0,2460.0,0.0,0.0,0.9999999959349593,0.9999999959349593,1,False,False,False,False,False,False,False,True,False,False,False,False,False,False,False,False,True,False,False
2025-11-20,Andhra Pradesh,Krishna,Tiruvuru,Paddy(Common),,,2500.0,2500.0,2500.0,3,11,47,2143.87,5200.91,1772.0585714285714,8.192135030045954,0,0.0,30.8,19.2,72.0,25.0,0.0,-0.4571428571428572,0,0,1,2320.0,0,0,0,0,2450.0,-0.019999999919999997,2500.0,2500.0,2350.0,0.0,0.0,0.06382978696242643,2478.5714285714284,2450.0,56.69467095138522,73.37993857053439,1.008645529071747,1.0204081591003749,1,False,False,False,False,False,False,False,False,True,False,False,False,False,False,True,False,False,False,False
2025-11-21,Andhra Pradesh,East Godavari,Jaggampet,Paddy(Common),Common,FAQ,2369.0,2379.0,2379.0,4,11,47,4941.31,2143.87,1894.6542857142854,-0.5877894445395133,0,1.2,32.1,23.9,73.0,28.0,0.0,-0.4571428571428572,0,0,1,2320.0,0,0,0,0,2379.0,0.0,2379.0,2379.0,2379.0,0.0,0.0,0.0,2379.0,2383.285714285714,0.0,8.516306272526219,0.9999999957965531,0.9982017580846296,1,True,False,False,False,False,False,False,False,False,False,False,True,False,False,False,False,False,False,False
2025-11-21,Andhra Pradesh,Alluri Sitharama Raju,Rampachodvaram,Paddy(Common),,,2370.0,2370.0,2370.0,4,11,47,4941.31,2143.87,1894.6542857142854,-0.5877894445395133,0,1.2,32.1,23.9,73.0,28.0,0.0,-0.38571428571428573,0,0,1,2320.0,0,0,0,0,2370.0,0.0,2370.0,2370.0,2370.0,0.0,0.0,0.0,2370.0,2368.8888888888887,0.0,3.3333333333332993,0.9999999957805906,1.0004690389286017,1,False,False,False,False,False,False,True,False,False,True,False,False,False,False,False,False,False,False,False
2025-11-21,Andhra Pradesh,Nellore,Rapur,Paddy(Common),,,2370.0,2500.0,2460.0,4,11,47,4941.31,2143.87,1894.6542857142854,-0.5877894445395133,0,1.2,32.1,23.9,73.0,28.0,0.0,-0.4571428571428572,0,0,1,2320.0,0,0,0,0,2460.0,0.0,2460.0,2460.0,2460.0,0.0,0.0,0.0,2460.0,2460.0,0.0,0.0,0.9999999959349593,0.9999999959349593,1,False,False,False,False,False,False,False,True,False,False,False,False,False,False,False,False,True,False,False
2025-11-21,Andhra Pradesh,Krishna,Tiruvuru,Paddy(Common),Sona,Local,2450.0,2450.0,2450.0,4,11,47,4941.31,2143.87,1894.6542857142854,-0.5877894445395133,0,1.2,32.1,23.9,73.0,28.0,0.0,-0.4571428571428572,0,0,1,2320.0,0,0,0,0,2450.0,0.0,2500.0,2500.0,2500.0,-0.019999999919999997,-0.019999999919999997,-0.019999999919999997,2500.0,2442.8571428571427,0.0,61.57279262148826,0.97999999608,1.0029239725026504,1,False,False,False,False,False,False,False,False,True,False,False,False,False,False,True,False,False,False,False
2025-11-22,Andhra Pradesh,East Godavari,Jaggampet,Paddy(Common),Common,FAQ,2369.0,2379.0,2379.0,5,11,47,6250.1,4941.31,1947.812857142857,1.304855238423972,0,0.0,33.8,23.7,72.0,28.75,1.2,0.7428571428571428,0,0,1,2320.0,0,0,0,0,2379.0,0.0,2379.0,2379.0,2379.0,0.0,0.0,0.0,2379.0,2381.8571428571427,0.0,7.262730392025293,0.9999999957965531,0.9988004516334174,1,True,False,False,False,False,False,False,False,False,False,False,True,False,False,False,False,False,False,False
2025-11-22,Andhra Pradesh,Alluri Sitharama Raju,Rampachodvaram,Paddy(Common),1001,Grade Range-2,2370.0,2370.0,2370.0,5,11,47,6250.1,4941.31,1947.812857142857,1.304855238423972,0,0.0,33.8,23.7,72.0,28.75,1.2,0.8142857142857143,0,0,1,2320.0,0,0,0,0,2370.0,0.0,2370.0,2370.0,2370.0,0.0,0.0,0.0,2370.0,2369.0,0.0,3.162277660168343,0.9999999957805906,1.0004221148145962,1,False,False,False,False,False,False,True,False,False,True,False,False,False,False,False,False,False,False,False
2025-11-22,Andhra Pradesh,Nellore,Rapur,Paddy(Common),,,2370.0,2500.0,2460.0,5,11,47,6250.1,4941.31,1947.812857142857,1.304855238423972,0,0.0,33.8,23.7,72.0,28.75,1.2,0.7428571428571428,0,0,1,2320.0,0,0,0,0,2460.0,0.0,2460.0,2460.0,2460.0,0.0,0.0,0.0,2460.0,2460.0,0.0,0.0,0.9999999959349593,0.9999999959349593,1,False,False,False,False,False,False,False,True,False,False,False,False,False,False,False,False,True,False,False
2025-11-22,Andhra Pradesh,Krishna,Tiruvuru,Paddy(Common),Sona,Local,2450.0,2450.0,2450.0,5,11,47,6250.1,4941.31,1947.812857142857,1.304855238423972,0,0.0,33.8,23.7,72.0,28.75,1.2,0.7428571428571428,0,0,1,2320.0,0,0,0,0,2450.0,0.0,2450.0,2500.0,2500.0,0.0,-0.019999999919999997,-0.019999999919999997,2492.8571428571427,2446.4285714285716,18.898223650464814,60.33332321453793,0.9828080189801397,1.0014598499210399,1,False,False,False,False,False,False,False,False,True,False,False,False,False,False,True,False,False,False,False
2025-11-23,Andhra Pradesh,East Godavari,Jaggampet,Paddy(Common),,,2369.0,2379.0,2379.0,6,11,47,210.3,6250.1,2783.07,0.26486700895106763,1,0.2,33.0,23.5,72.0,28.25,1.2,0.7428571428571428,0,0,1,2320.0,0,0,0,0,2379.0,0.0,2379.0,2379.0,2379.0,0.0,0.0,0.0,2379.0,2380.4285714285716,0.0,5.345224838247866,0.9999999957965531,0.9993998637725504,1,True,False,False,False,False,False,False,False,False,False,False,True,False,False,False,False,False,False,False
2025-11-23,Andhra Pradesh,Alluri Sitharama Raju,Rampachodvaram,Paddy(Common),,,2370.0,2370.0,2370.0,6,11,47,210.3,6250.1,2783.07,0.26486700895106763,1,0.2,33.0,23.5,72.0,28.25,1.2,0.8142857142857143,0,0,1,2320.0,0,0,0,0,2370.0,0.0,2370.0,2370.0,2370.0,0.0,0.0,0.0,2370.0,2369.090909090909,0.0,3.015113445777603,0.9999999957805906,1.0003837256315344,1,False,False,False,False,False,False,True,False,False,True,False,False,False,False,False,False,False,False,False
2025-11-23,Andhra Pradesh,Nellore,Rapur,Paddy(Common),,,2370.0,2500.0,2460.0,6,11,47,210.3,6250.1,2783.07,0.26486700895106763,1,0.2,33.0,23.5,72.0,28.25,1.2,0.7428571428571428,0,0,1,2320.0,0,0,0,0,2460.0,0.0,2460.0,2460.0,2460.0,0.0,0.0,0.0,2460.0,2460.0,0.0,0.0,0.9999999959349593,0.9999999959349593,1,False,False,False,False,False,False,False,True,False,False,False,False,False,False,False,False,True,False,False
2025-11-23,Andhra Pradesh,Krishna,Tiruvuru,Paddy(Common),,,2450.0,2450.0,2450.0,6,11,47,210.3,6250.1,2783.07,0.26486700895106763,1,0.2,33.0,23.5,72.0,28.25,1.2,0.7428571428571428,0,0,1,2320.0,0,0,0,0,2450.0,0.0,2450.0,2500.0,2500.0,0.0,-0.019999999919999997,-0.019999999919999997,2485.714285714286,2450.0,24.397501823715988,58.83484054145532,0.9856321799428589,0.9999999959183673,1,False,False,False,False,False,False,False,False,True,False,False,False,False,False,True,False,False,False,False
2025-11-24,Andhra Pradesh,East Godavari,Jaggampet,Paddy(Common),Common,FAQ,2369.0,2379.0,2379.0,0,11,48,3551.01,210.3,2785.8842857142854,-0.9663525383593863,0,0.0,32.5,23.4,71.0,27.95,1.4,0.34285714285714275,0,0,1,2320.0,0,0,0,0,2379.0,0.0,2379.0,2379.0,2379.0,0.0,0.0,0.0,2379.0,2379.0,0.0,0.0,0.9999999957965531,0.9999999957965531,1,True,False,False,False,False,False,False,False,False,False,False,True,False,False,False,False,False,False,False
2025-11-24,Andhra Pradesh,Alluri Sitharama Raju,Rampachodvaram,Paddy(Common),1001,Grade Range-2,2370.0,2370.0,2370.0,0,11,48,3551.01,210.3,2785.8842857142854,-0.9663525383593863,0,0.0,32.5,23.4,71.0,27.95,1.4,0.34285714285714275,0,0,1,2320.0,0,0,0,0,2370.0,0.0,2370.0,2370.0,2370.0,0.0,0.0,0.0,2370.0,2369.1666666666665,0.0,2.886751345948101,0.9999999957805906,1.0003517368961587,1,False,False,False,False,False,False,True,False,False,True,False,False,False,False,False,False,False,False,False
2025-11-24,Andhra Pradesh,Nellore,Rapur,Paddy(Common),,,2370.0,2500.0,2460.0,0,11,48,3551.01,210.3,2785.8842857142854,-0.9663525383593863,0,0.0,32.5,23.4,71.0,27.95,1.4,0.34285714285714275,0,0,1,2320.0,0,0,0,0,2460.0,0.0,2460.0,2460.0,2460.0,0.0,0.0,0.0,2460.0,2460.0,0.0,0.0,0.9999999959349593,0.9999999959349593,1,False,False,False,False,False,False,False,True,False,False,False,False,False,False,False,False,True,False,False
2025-11-24,Andhra Pradesh,Krishna,Tiruvuru,Paddy(Common),,,2450.0,2450.0,2450.0,0,11,48,3551.01,210.3,2785.8842857142854,-0.9663525383593863,0,0.0,32.5,23.4,71.0,27.95,1.4,0.34285714285714275,0,0,1,2320.0,0,0,0,0,2450.0,0.0,2450.0,2450.0,2500.0,0.0,0.0,-0.019999999919999997,2478.5714285714284,2453.5714285714284,26.72612419124492,57.05694090550704,0.9884726184903122,0.9985443918545498,1,False,False,False,False,False,False,False,False,True,False,False,False,False,False,True,False,False,False,False
2025-11-25,Andhra Pradesh,East Godavari,Jaggampet,Paddy(Common),Common,FAQ,2369.0,2379.0,2379.0,1,11,48,6323.6,3551.01,3266.1857142857148,15.885449358059915,0,0.0,32.1,22.5,67.0,27.3,1.4,0.34285714285714275,0,0,1,2320.0,0,0,0,0,2379.0,0.0,2379.0,2379.0,2379.0,0.0,0.0,0.0,2379.0,2379.0,0.0,0.0,0.9999999957965531,0.9999999957965531,1,True,False,False,False,False,False,False,False,False,False,False,True,False,False,False,False,False,False,False
2025-11-25,Andhra Pradesh,Alluri Sitharama Raju,Rampachodvaram,Paddy(Common),,,2370.0,2370.0,2370.0,1,11,48,6323.6,3551.01,3266.1857142857148,15.885449358059915,0,0.0,32.1,22.5,67.0,27.3,1.4,0.34285714285714275,0,0,1,2320.0,0,0,0,0,2370.0,0.0,2370.0,2370.0,2370.0,0.0,0.0,0.0,2370.0,2369.230769230769,0.0,2.773500981126123,0.9999999957805906,1.0003246711025258,1,False,False,False,False,False,False,True,False,False,True,False,False,False,False,False,False,False,False,False
2025-11-25,Andhra Pradesh,Nellore,Rapur,Paddy(Common),,,2370.0,2500.0,2460.0,1,11,48,6323.6,3551.01,3266.1857142857148,15.885449358059915,0,0.0,32.1,22.5,67.0,27.3,1.4,0.34285714285714275,0,0,1,2320.0,0,0,0,0,2460.0,0.0,2460.0,2460.0,2460.0,0.0,0.0,0.0,2460.0,2460.0,0.0,0.0,0.9999999959349593,0.9999999959349593,1,False,False,False,False,False,False,False,True,False,False,False,False,False,False,False,False,True,False,False
2025-11-25,Andhra Pradesh,Krishna,Tiruvuru,Paddy(Common),,,2450.0,2450.0,2450.0,1,11,48,6323.6,3551.01,3266.1857142857148,15.885449358059915,0,0.0,32.1,22.5,67.0,27.3,1.4,0.34285714285714275,0,0,1,2320.0,0,0,0,0,2450.0,0.0,2450.0,2450.0,2500.0,0.0,0.0,-0.019999999919999997,2471.4285714285716,2457.1428571428573,26.726124191245052,54.97252060782772,0.9913294757576263,0.9970930191978771,1,False,False,False,False,False,False,False,False,True,False,False,False,False,False,True,False,False,False,False
2025-11-26,Andhra Pradesh,East Godavari,Jaggampet,Paddy(Common),,,2369.0,2379.0,2379.0,2,11,48,3420.4,6323.6,4088.7285714285717,0.7807891276003165,0,0.0,31.5,21.2,67.0,26.35,1.4,0.34285714285714275,0,0,1,2320.0,0,0,0,0,2379.0,0.0,2379.0,2379.0,2379.0,0.0,0.0,0.0,2379.0,2379.0,0.0,0.0,0.9999999957965531,0.9999999957965531,1,True,False,False,False,False,False,False,False,False,False,False,True,False,False,False,False,False,False,False
2025-11-26,Andhra Pradesh,Alluri Sitharama Raju,Rampachodvaram,Paddy(Common),,,2370.0,2370.0,2370.0,2,11,48,3420.4,6323.6,4088.7285714285717,0.7807891276003165,0,0.0,31.5,21.2,67.0,26.35,1.4,0.34285714285714275,0,0,1,2320.0,0,0,0,0,2370.0,0.0,2370.0,2370.0,2370.0,0.0,0.0,0.0,2370.0,2369.285714285714,0.0,2.6726124191242246,0.9999999957805906,1.0003014730165147,1,False,False,False,False,False,False,True,False,False,True,False,False,False,False,False,False,False,False,False
2025-11-26,Andhra Pradesh,Nellore,Rapur,Paddy(Common),,,2370.0,2500.0,2460.0,2,11,48,3420.4,6323.6,4088.7285714285717,0.7807891276003165,0,0.0,31.5,21.2,67.0,26.35,1.4,0.34285714285714275,0,0,1,2320.0,0,0,0,0,2460.0,0.0,2460.0,2460.0,2460.0,0.0,0.0,0.0,2460.0,2460.0,0.0,0.0,0.9999999959349593,0.9999999959349593,1,False,False,False,False,False,False,False,True,False,False,False,False,False,False,False,False,True,False,False
2025-11-26,Andhra Pradesh,Krishna,Tiruvuru,Paddy(Common),Sona,Local,2450.0,2450.0,2450.0,2,11,48,3420.4,6323.6,4088.7285714285717,0.7807891276003165,0,0.0,31.5,21.2,67.0,26.35,1.4,0.34285714285714275,0,0,1,2320.0,0,0,0,0,2450.0,0.0,2450.0,2450.0,2500.0,0.0,0.0,-0.019999999919999997,2464.285714285714,2460.714285714286,24.397501823716418,52.54511405439171,0.9942028945162781,0.9956458595242257,1,False,False,False,False,False,False,False,False,True,False,False,False,False,False,True,False,False,False,False
2025-11-27,Andhra Pradesh,East Godavari,Jaggampet,Paddy(Common),Common,FAQ,2369.0,2379.0,2379.0,3,11,48,128.8,3420.4,3834.3700000000003,-0.45910557277500164,0,0.0,30.6,20.4,65.0,25.5,1.4,0.34285714285714275,0,0,1,2320.0,0,0,0,0,2379.0,0.0,2379.0,2379.0,2379.0,0.0,0.0,0.0,2379.0,2379.0,0.0,0.0,0.9999999957965531,0.9999999957965531,1,True,False,False,False,False,False,False,False,False,False,False,True,False,False,False,False,False,False,False
2025-11-27,Andhra Pradesh,Alluri Sitharama Raju,Rampachodvaram,Paddy(Common),1001,Grade Range-2,2370.0,2370.0,2370.0,3,11,48,128.8,3420.4,3834.3700000000003,-0.45910557277500164,0,0.0,30.6,20.4,65.0,25.5,1.4,0.34285714285714275,0,0,1,2320.0,0,0,0,0,2370.0,0.0,2370.0,2370.0,2370.0,0.0,0.0,0.0,2370.0,2370.0,0.0,0.0,0.9999999957805906,0.9999999957805906,1,False,False,False,False,False,False,True,False,False,True,False,False,False,False,False,False,False,False,False
2025-11-27,Andhra Pradesh,Nellore,Rapur,Paddy(Common),,,2370.0,2500.0,2460.0,3,11,48,128.8,3420.4,3834.3700000000003,-0.45910557277500164,0,0.0,30.6,20.4,65.0,25.5,1.4,0.34285714285714275,0,0,1,2320.0,0,0,0,0,2460.0,0.0,2460.0,2460.0,2460.0,0.0,0.0,0.0,2460.0,2460.0,0.0,0.0,0.9999999959349593,0.9999999959349593,1,False,False,False,False,False,False,False,True,False,False,False,False,False,False,False,False,True,False,False
2025-11-27,Andhra Pradesh,Krishna,Tiruvuru,Paddy(Common),Sona,Local,2450.0,2450.0,2450.0,3,11,48,128.8,3420.4,3834.3700000000003,-0.45910557277500164,0,0.0,30.6,20.4,65.0,25.5,1.4,0.34285714285714275,0,0,1,2320.0,0,0,0,0,2450.0,0.0,2450.0,2450.0,2500.0,0.0,0.0,-0.019999999919999997,2457.1428571428573,2467.8571428571427,18.898223650465745,42.09486930705501,0.9970930191978771,0.9927641059627503,1,False,False,False,False,False,False,False,False,True,False,False,False,False,False,True,False,False,False,False
2025-11-28,Andhra Pradesh,East Godavari,Jaggampet,Paddy(Common),Common,FAQ,2369.0,2379.0,2379.0,4,11,48,2826.8,128.8,3546.502857142857,-0.9623435855455502,0,0.0,30.3,19.6,62.0,24.950000000000003,1.4,0.34285714285714275,0,0,1,2320.0,0,0,0,0,2379.0,0.0,2379.0,2379.0,2379.0,0.0,0.0,0.0,2379.0,2379.0,0.0,0.0,0.9999999957965531,0.9999999957965531,1,True,False,False,False,False,False,False,False,False,False,False,True,False,False,False,False,False,False,False
2025-11-28,Andhra Pradesh,Alluri Sitharama Raju,Rampachodvaram,Paddy(Common),1001,Grade Range-2,2370.0,2370.0,2370.0,4,11,48,2826.8,128.8,3546.502857142857,-0.9623435855455502,0,0.0,30.3,19.6,62.0,24.950000000000003,1.4,0.34285714285714275,0,0,1,2320.0,0,0,0,0,2370.0,0.0,2370.0,2370.0,2370.0,0.0,0.0,0.0,2370.0,2370.0,0.0,0.0,0.9999999957805906,0.9999999957805906,1,False,False,False,False,False,False,True,False,False,True,False,False,False,False,False,False,False,False,False
2025-11-28,Andhra Pradesh,Nellore,Rapur,Paddy(Common),,,2370.0,2500.0,2460.0,4,11,48,2826.8,128.8,3546.502857142857,-0.9623435855455502,0,0.0,30.3,19.6,62.0,24.950000000000003,1.4,0.34285714285714275,0,0,1,2320.0,0,0,0,0,2460.0,0.0,2460.0,2460.0,2460.0,0.0,0.0,0.0,2460.0,2460.0,0.0,0.0,0.9999999959349593,0.9999999959349593,1,False,False,False,False,False,False,False,True,False,False,False,False,False,False,False,False,True,False,False
2025-11-28,Andhra Pradesh,Krishna,Tiruvuru,Paddy(Common),,,2450.0,2450.0,2450.0,4,11,48,2826.8,128.8,3546.502857142857,-0.9623435855455502,0,0.0,30.3,19.6,62.0,24.950000000000003,1.4,0.34285714285714275,0,0,1,2320.0,0,0,0,0,2500.0,0.020408163182007496,2450.0,2450.0,2450.0,0.0,0.0,0.0,2450.0,2475.0,0.0,25.943726083138856,0.9999999959183673,0.989898985899398,1,False,False,False,False,False,False,False,False,True,False,False,False,False,False,True,False,False,False,False
2025-11-29,Andhra Pradesh,East Godavari,Jaggampet,Paddy(Common),Common,FAQ,2369.0,2379.0,2379.0,5,11,48,2789.7,2826.8,3244.43,20.9472049689441,0,0.0,31.5,20.9,68.0,26.2,0.2,-0.8571428571428572,0,0,1,2320.0,0,0,0,0,2379.0,0.0,2379.0,2379.0,2379.0,0.0,0.0,0.0,2379.0,2379.0,0.0,0.0,0.9999999957965531,0.9999999957965531,1,True,False,False,False,False,False,False,False,False,False,False,True,False,False,False,False,False,False,False
2025-11-29,Andhra Pradesh,Alluri Sitharama Raju,Rampachodvaram,Paddy(Common),1001,Grade Range-2,2370.0,2370.0,2370.0,5,11,48,2789.7,2826.8,3244.43,20.9472049689441,0,0.0,31.5,20.9,68.0,26.2,0.2,-0.8571428571428572,0,0,1,2320.0,0,0,0,0,2370.0,0.0,2370.0,2370.0,2370.0,0.0,0.0,0.0,2370.0,2370.0,0.0,0.0,0.9999999957805906,0.9999999957805906,1,False,False,False,False,False,False,True,False,False,True,False,False,False,False,False,False,False,False,False
2025-11-29,Andhra Pradesh,Nellore,Rapur,Paddy(Common),,,2370.0,2500.0,2460.0,5,11,48,2789.7,2826.8,3244.43,20.9472049689441,0,0.0,31.5,20.9,68.0,26.2,0.2,-0.8571428571428572,0,0,1,2320.0,0,0,0,0,2460.0,0.0,2460.0,2460.0,2460.0,0.0,0.0,0.0,2460.0,2460.0,0.0,0.0,0.9999999959349593,0.9999999959349593,1,False,False,False,False,False,False,False,True,False,False,False,False,False,False,False,False,True,False,False
2025-11-29,Andhra Pradesh,Krishna,Tiruvuru,Paddy(Common),Sona,Local,2500.0,2500.0,2500.0,5,11,48,2789.7,2826.8,3244.43,20.9472049689441,0,0.0,31.5,20.9,68.0,26.2,0.2,-0.8571428571428572,0,0,1,2320.0,0,0,0,0,2500.0,0.0,2450.0,2450.0,2450.0,0.020408163182007496,0.020408163182007496,0.020408163182007496,2450.0,2471.4285714285716,0.0,25.677629550655066,1.0204081591003749,1.0115606895485982,1,False,False,False,False,False,False,False,False,True,False,False,False,False,False,True,False,False,False,False
2025-11-30,Andhra Pradesh,East Godavari,Jaggampet,Paddy(Common),Common,FAQ,2369.0,2379.0,2379.0,6,11,48,17.8,2789.7,2750.087142857143,-0.013124380925428225,1,17.9,28.9,23.0,81.0,25.95,0.2,-0.8571428571428572,0,0,1,2320.0,0,0,0,0,2379.0,0.0,2379.0,2379.0,2379.0,0.0,0.0,0.0,2379.0,2379.0,0.0,0.0,0.9999999957965531,0.9999999957965531,1,True,False,False,False,False,False,False,False,False,False,False,True,False,False,False,False,False,False,False
2025-11-30,Andhra Pradesh,Alluri Sitharama Raju,Rampachodvaram,Paddy(Common),,,2370.0,2370.0,2370.0,6,11,48,17.8,2789.7,2750.087142857143,-0.013124380925428225,1,17.9,28.9,23.0,81.0,25.95,0.2,-0.8571428571428572,0,0,1,2320.0,0,0,0,0,2370.0,0.0,2370.0,2370.0,2370.0,0.0,0.0,0.0,2370.0,2370.0,0.0,0.0,0.9999999957805906,0.9999999957805906,1,False,False,False,False,False,False,True,False,False,True,False,False,False,False,False,False,False,False,False
2025-11-30,Andhra Pradesh,Nellore,Rapur,Paddy(Common),,,2370.0,2500.0,2460.0,6,11,48,17.8,2789.7,2750.087142857143,-0.013124380925428225,1,17.9,28.9,23.0,81.0,25.95,0.2,-0.8571428571428572,0,0,1,2320.0,0,0,0,0,2460.0,0.0,2460.0,2460.0,2460.0,0.0,0.0,0.0,2460.0,2460.0,0.0,0.0,0.9999999959349593,0.9999999959349593,1,False,False,False,False,False,False,False,True,False,False,False,False,False,False,False,False,True,False,False
2025-11-30,Andhra Pradesh,Krishna,Tiruvuru,Paddy(Common),,,2500.0,2500.0,2500.0,6,11,48,17.8,2789.7,2750.087142857143,-0.013124380925428225,1,17.9,28.9,23.0,81.0,25.95,0.2,-0.8571428571428572,0,0,1,2320.0,0,0,0,0,2500.0,0.0,2500.0,2450.0,2450.0,0.0,0.020408163182007496,0.020408163182007496,2457.1428571428573,2471.4285714285716,18.89822365046556,25.677629550655066,1.0174418563243643,1.0115606895485982,1,False,False,False,False,False,False,False,False,True,False,False,False,False,False,True,False,False,False,False
2025-12-01,Andhra Pradesh,East Godavari,Jaggampet,Paddy(Common),Common,FAQ,2369.0,2379.0,2379.0,0,12,49,2930.5,17.8,2722.587142857143,-0.9936193855970176,0,8.3,25.7,22.3,81.0,24.0,17.9,-21.41428571428571,0,0,1,2320.0,0,0,0,0,2379.0,0.0,2379.0,2379.0,2379.0,0.0,0.0,0.0,2379.0,2379.0,0.0,0.0,0.9999999957965531,0.9999999957965531,1,True,False,False,False,False,False,False,False,False,False,False,True,False,False,False,False,False,False,False
2025-12-01,Andhra Pradesh,Alluri Sitharama Raju,Rampachodvaram,Paddy(Common),1001,Grade Range-2,2370.0,2370.0,2370.0,0,12,49,2930.5,17.8,2722.587142857143,-0.9936193855970176,0,8.3,25.7,22.3,81.0,24.0,17.9,-21.41428571428571,0,0,1,2320.0,0,0,0,0,2370.0,0.0,2370.0,2370.0,2370.0,0.0,0.0,0.0,2370.0,2370.0,0.0,0.0,0.9999999957805906,0.9999999957805906,1,False,False,False,False,False,False,True,False,False,True,False,False,False,False,False,False,False,False,False
2025-12-01,Andhra Pradesh,Nellore,Rapur,Paddy(Common),,,2370.0,2500.0,2460.0,0,12,49,2930.5,17.8,2722.587142857143,-0.9936193855970176,0,8.3,25.7,22.3,81.0,24.0,17.9,-21.41428571428571,0,0,1,2320.0,0,0,0,0,2460.0,0.0,2460.0,2460.0,2460.0,0.0,0.0,0.0,2460.0,2460.0,0.0,0.0,0.9999999959349593,0.9999999959349593,1,False,False,False,False,False,False,False,True,False,False,False,False,False,False,False,False,True,False,False
2025-12-01,Andhra Pradesh,Krishna,Tiruvuru,Paddy(Common),,,2500.0,2500.0,2500.0,0,12,49,2930.5,17.8,2722.587142857143,-0.9936193855970176,0,8.3,25.7,22.3,81.0,24.0,17.9,-21.41428571428571,0,0,1,2320.0,0,0,0,0,2450.0,-0.019999999919999997,2500.0,2450.0,2450.0,0.0,0.020408163182007496,0.020408163182007496,2464.285714285714,2471.4285714285716,24.397501823716002,25.677629550655066,1.0144927495064062,1.0115606895485982,1,False,False,False,False,False,False,False,False,True,False,False,False,False,False,True,False,False,False,False
2025-12-02,Andhra Pradesh,East Godavari,Jaggampet,Paddy(Common),,,2369.0,2379.0,2379.0,1,12,49,3215.8,2930.5,2633.942857142857,163.63483146067415,0,16.5,26.2,21.7,83.0,23.95,26.2,-13.11428571428571,0,0,1,2320.0,0,0,0,0,2379.0,0.0,2379.0,2379.0,2379.0,0.0,0.0,0.0,2379.0,2379.0,0.0,0.0,0.9999999957965531,0.9999999957965531,1,True,False,False,False,False,False,False,False,False,False,False,True,False,False,False,False,False,False,False
2025-12-02,Andhra Pradesh,Alluri Sitharama Raju,Rampachodvaram,Paddy(Common),1001,Grade Range-2,2370.0,2370.0,2370.0,1,12,49,3215.8,2930.5,2633.942857142857,163.63483146067415,0,16.5,26.2,21.7,83.0,23.95,26.2,-13.11428571428571,0,0,1,2320.0,0,0,0,0,2370.0,0.0,2370.0,2370.0,2370.0,0.0,0.0,0.0,2370.0,2370.0,0.0,0.0,0.9999999957805906,0.9999999957805906,1,False,False,False,False,False,False,True,False,False,True,False,False,False,False,False,False,False,False,False
2025-12-02,Andhra Pradesh,Nellore,Rapur,Paddy(Common),,,2370.0,2500.0,2460.0,1,12,49,3215.8,2930.5,2633.942857142857,163.63483146067415,0,16.5,26.2,21.7,83.0,23.95,26.2,-13.11428571428571,0,0,1,2320.0,0,0,0,0,2460.0,0.0,2460.0,2460.0,2460.0,0.0,0.0,0.0,2460.0,2460.0,0.0,0.0,0.9999999959349593,0.9999999959349593,1,False,False,False,False,False,False,False,True,False,False,False,False,False,False,False,False,True,False,False
2025-12-02,Andhra Pradesh,Krishna,Tiruvuru,Paddy(Common),Sona,Local,2450.0,2450.0,2450.0,1,12,49,3215.8,2930.5,2633.942857142857,163.63483146067415,0,16.5,26.2,21.7,83.0,23.95,26.2,-13.11428571428571,0,0,1,2320.0,0,0,0,0,2450.0,0.0,2500.0,2500.0,2450.0,-0.019999999919999997,-0.019999999919999997,0.0,2471.4285714285716,2471.4285714285716,26.7261241912443,25.677629550655066,0.9913294757576263,0.9913294757576263,1,False,False,False,False,False,False,False,False,True,False,False,False,False,False,True,False,False,False,False
2025-12-03,Andhra Pradesh,East Godavari,Jaggampet,Paddy(Common),,,2369.0,2379.0,2379.0,2,12,49,2905.5,3215.8,2189.9714285714285,0.09735540010237176,0,4.4,28.1,22.0,83.0,25.05,42.7,3.3857142857142932,1,0,1,2320.0,0,0,0,0,2379.0,0.0,2379.0,2379.0,2379.0,0.0,0.0,0.0,2379.0,2379.0,0.0,0.0,0.9999999957965531,0.9999999957965531,1,True,False,False,False,False,False,False,False,False,False,False,True,False,False,False,False,False,False,False
2025-12-03,Andhra Pradesh,Alluri Sitharama Raju,Rampachodvaram,Paddy(Common),,,2370.0,2370.0,2370.0,2,12,49,2905.5,3215.8,2189.9714285714285,0.09735540010237176,0,4.4,28.1,22.0,83.0,25.05,42.7,3.3857142857142932,1,0,1,2320.0,0,0,0,0,2370.0,0.0,2370.0,2370.0,2370.0,0.0,0.0,0.0,2370.0,2370.0,0.0,0.0,0.9999999957805906,0.9999999957805906,1,False,False,False,False,False,False,True,False,False,True,False,False,False,False,False,False,False,False,False
2025-12-03,Andhra Pradesh,Nellore,Rapur,Paddy(Common),,,2370.0,2500.0,2460.0,2,12,49,2905.5,3215.8,2189.9714285714285,0.09735540010237176,0,4.4,28.1,22.0,83.0,25.05,42.7,3.3857142857142932,1,0,1,2320.0,0,0,0,0,2460.0,0.0,2460.0,2460.0,2460.0,0.0,0.0,0.0,2460.0,2460.0,0.0,0.0,0.9999999959349593,0.9999999959349593,1,False,False,False,False,False,False,False,True,False,False,False,False,False,False,False,False,True,False,False
2025-12-03,Andhra Pradesh,Krishna,Tiruvuru,Paddy(Common),,,2450.0,2450.0,2450.0,2,12,49,2905.5,3215.8,2189.9714285714285,0.09735540010237176,0,4.4,28.1,22.0,83.0,25.05,42.7,3.3857142857142932,1,0,1,2320.0,0,0,0,0,2450.0,0.0,2450.0,2500.0,2450.0,0.0,-0.019999999919999997,0.0,2471.4285714285716,2467.8571428571427,26.7261241912443,24.862257904942613,0.9913294757576263,0.9927641059627503,1,False,False,False,False,False,False,False,False,True,False,False,False,False,False,True,False,False,False,False
2025-12-04,Andhra Pradesh,East Godavari,Jaggampet,Paddy(Common),,,2369.0,2379.0,2379.0,3,12,49,2700.5,2905.5,2116.4142857142856,-0.09649231917407808,0,0.0,30.4,22.5,73.0,26.45,47.1,7.785714285714292,1,0,1,2320.0,0,0,0,0,2379.0,0.0,2379.0,2379.0,2379.0,0.0,0.0,0.0,2379.0,2379.0,0.0,0.0,0.9999999957965531,0.9999999957965531,1,True,False,False,False,False,False,False,False,False,False,False,True,False,False,False,False,False,False,False
2025-12-04,Andhra Pradesh,Alluri Sitharama Raju,Rampachodvaram,Paddy(Common),1001,Grade Range-2,2370.0,2370.0,2370.0,3,12,49,2700.5,2905.5,2116.4142857142856,-0.09649231917407808,0,0.0,30.4,22.5,73.0,26.45,47.1,7.785714285714292,1,0,1,2320.0,0,0,0,0,2370.0,0.0,2370.0,2370.0,2370.0,0.0,0.0,0.0,2370.0,2370.0,0.0,0.0,0.9999999957805906,0.9999999957805906,1,False,False,False,False,False,False,True,False,False,True,False,False,False,False,False,False,False,False,False
2025-12-04,Andhra Pradesh,Nellore,Rapur,Paddy(Common),,,2370.0,2500.0,2460.0,3,12,49,2700.5,2905.5,2116.4142857142856,-0.09649231917407808,0,0.0,30.4,22.5,73.0,26.45,47.1,7.785714285714292,1,0,1,2320.0,0,0,0,0,2460.0,0.0,2460.0,2460.0,2460.0,0.0,0.0,0.0,2460.0,2460.0,0.0,0.0,0.9999999959349593,0.9999999959349593,1,False,False,False,False,False,False,False,True,False,False,False,False,False,False,False,False,True,False,False
2025-12-04,Andhra Pradesh,Krishna,Tiruvuru,Paddy(Common),,,2450.0,2450.0,2450.0,3,12,49,2700.5,2905.5,2116.4142857142856,-0.09649231917407808,0,0.0,30.4,22.5,73.0,26.45,47.1,7.785714285714292,1,0,1,2320.0,0,0,0,0,2450.0,0.0,2450.0,2500.0,2450.0,0.0,-0.019999999919999997,0.0,2471.4285714285716,2464.285714285714,26.7261241912443,23.44036154692503,0.9913294757576263,0.9942028945162781,1,False,False,False,False,False,False,False,False,True,False,False,False,False,False,True,False,False,False,False
2025-12-05,Andhra Pradesh,East Godavari,Jaggampet,Paddy(Common),,,2369.0,2379.0,2379.0,4,12,49,929.0,2700.5,2483.7999999999997,-0.0705558423679229,0,0.0,29.5,21.2,71.0,25.35,47.1,7.785714285714292,1,0,1,2320.0,0,0,0,0,2379.0,0.0,2379.0,2379.0,2379.0,0.0,0.0,0.0,2379.0,2379.0,0.0,0.0,0.9999999957965531,0.9999999957965531,1,True,False,False,False,False,False,False,False,False,False,False,True,False,False,False,False,False,False,False
2025-12-05,Andhra Pradesh,Alluri Sitharama Raju,Rampachodvaram,Paddy(Common),1001,Grade Range-2,2370.0,2370.0,2370.0,4,12,49,929.0,2700.5,2483.7999999999997,-0.0705558423679229,0,0.0,29.5,21.2,71.0,25.35,47.1,7.785714285714292,1,0,1,2320.0,0,0,0,0,2370.0,0.0,2370.0,2370.0,2370.0,0.0,0.0,0.0,2370.0,2370.0,0.0,0.0,0.9999999957805906,0.9999999957805906,1,False,False,False,False,False,False,True,False,False,True,False,False,False,False,False,False,False,False,False
2025-12-05,Andhra Pradesh,Nellore,Rapur,Paddy(Common),,,2370.0,2500.0,2460.0,4,12,49,929.0,2700.5,2483.7999999999997,-0.0705558423679229,0,0.0,29.5,21.2,71.0,25.35,47.1,7.785714285714292,1,0,1,2320.0,0,0,0,0,2460.0,0.0,2460.0,2460.0,2460.0,0.0,0.0,0.0,2460.0,2460.0,0.0,0.0,0.9999999959349593,0.9999999959349593,1,False,False,False,False,False,False,False,True,False,False,False,False,False,False,False,False,True,False,False
2025-12-05,Andhra Pradesh,Krishna,Tiruvuru,Paddy(Common),,,2450.0,2450.0,2450.0,4,12,49,929.0,2700.5,2483.7999999999997,-0.0705558423679229,0,0.0,29.5,21.2,71.0,25.35,47.1,7.785714285714292,1,0,1,2320.0,0,0,0,0,2450.0,0.0,2450.0,2450.0,2450.0,0.0,0.0,0.0,2471.4285714285716,2460.714285714286,26.7261241912443,21.290765681316277,0.9913294757576263,0.9956458595242257,1,False,False,False,False,False,False,False,False,True,False,False,False,False,False,True,False,False,False,False
2025-12-06,Andhra Pradesh,East Godavari,Jaggampet,Paddy(Common),Common,FAQ,2369.0,2379.0,2379.0,5,12,49,4035.6,929.0,2212.6857142857143,-0.655989631549713,0,0.0,29.6,19.9,69.0,24.75,47.1,7.785714285714292,1,0,1,2320.0,0,0,0,0,2379.0,0.0,2379.0,2379.0,2379.0,0.0,0.0,0.0,2379.0,2379.0,0.0,0.0,0.9999999957965531,0.9999999957965531,1,True,False,False,False,False,False,False,False,False,False,False,True,False,False,False,False,False,False,False
2025-12-06,Andhra Pradesh,Alluri Sitharama Raju,Rampachodvaram,Paddy(Common),1001,Grade Range-2,2370.0,2370.0,2370.0,5,12,49,4035.6,929.0,2212.6857142857143,-0.655989631549713,0,0.0,29.6,19.9,69.0,24.75,47.1,7.785714285714292,1,0,1,2320.0,0,0,0,0,2370.0,0.0,2370.0,2370.0,2370.0,0.0,0.0,0.0,2370.0,2370.0,0.0,0.0,0.9999999957805906,0.9999999957805906,1,False,False,False,False,False,False,True,False,False,True,False,False,False,False,False,False,False,False,False
2025-12-06,Andhra Pradesh,Nellore,Rapur,Paddy(Common),,,2370.0,2500.0,2460.0,5,12,49,4035.6,929.0,2212.6857142857143,-0.655989631549713,0,0.0,29.6,19.9,69.0,24.75,47.1,7.785714285714292,1,0,1,2320.0,0,0,0,0,2460.0,0.0,2460.0,2460.0,2460.0,0.0,0.0,0.0,2460.0,2460.0,0.0,0.0,0.9999999959349593,0.9999999959349593,1,False,False,False,False,False,False,False,True,False,False,False,False,False,False,False,False,True,False,False
2025-12-06,Andhra Pradesh,Krishna,Tiruvuru,Paddy(Common),,,2450.0,2450.0,2450.0,5,12,49,4035.6,929.0,2212.6857142857143,-0.655989631549713,0,0.0,29.6,19.9,69.0,24.75,47.1,7.785714285714292,1,0,1,2320.0,0,0,0,0,2450.0,0.0,2450.0,2450.0,2500.0,0.0,0.0,-0.019999999919999997,2471.4285714285716,2460.714285714286,26.7261241912443,21.290765681316277,0.9913294757576263,0.9956458595242257,1,False,False,False,False,False,False,False,False,True,False,False,False,False,False,True,False,False,False,False
2025-12-07,Andhra Pradesh,East Godavari,Jaggampet,Paddy(Common),,,2369.0,2379.0,2379.0,6,12,49,0.0,4035.6,2390.671428571429,3.3440258342303553,1,0.0,29.4,19.3,72.0,24.35,47.1,7.785714285714292,1,0,1,2320.0,0,0,0,0,2379.0,0.0,2379.0,2379.0,2379.0,0.0,0.0,0.0,2379.0,2379.0,0.0,0.0,0.9999999957965531,0.9999999957965531,1,True,False,False,False,False,False,False,False,False,False,False,True,False,False,False,False,False,False,False
2025-12-07,Andhra Pradesh,Alluri Sitharama Raju,Rampachodvaram,Paddy(Common),,,2370.0,2370.0,2370.0,6,12,49,0.0,4035.6,2390.671428571429,3.3440258342303553,1,0.0,29.4,19.3,72.0,24.35,47.1,7.785714285714292,1,0,1,2320.0,0,0,0,0,2370.0,0.0,2370.0,2370.0,2370.0,0.0,0.0,0.0,2370.0,2370.0,0.0,0.0,0.9999999957805906,0.9999999957805906,1,False,False,False,False,False,False,True,False,False,True,False,False,False,False,False,False,False,False,False
2025-12-07,Andhra Pradesh,Nellore,Rapur,Paddy(Common),,,2370.0,2500.0,2460.0,6,12,49,0.0,4035.6,2390.671428571429,3.3440258342303553,1,0.0,29.4,19.3,72.0,24.35,47.1,7.785714285714292,1,0,1,2320.0,0,0,0,0,2460.0,0.0,2460.0,2460.0,2460.0,0.0,0.0,0.0,2460.0,2460.0,0.0,0.0,0.9999999959349593,0.9999999959349593,1,False,False,False,False,False,False,False,True,False,False,False,False,False,False,False,False,True,False,False
2025-12-07,Andhra Pradesh,Krishna,Tiruvuru,Paddy(Common),,,2450.0,2450.0,2450.0,6,12,49,0.0,4035.6,2390.671428571429,3.3440258342303553,1,0.0,29.4,19.3,72.0,24.35,47.1,7.785714285714292,1,0,1,2320.0,0,0,0,0,2450.0,0.0,2450.0,2450.0,2500.0,0.0,0.0,-0.019999999919999997,2464.285714285714,2460.714285714286,24.397501823716002,21.290765681316277,0.9942028945162781,0.9956458595242257,1,False,False,False,False,False,False,False,False,True,False,False,False,False,False,True,False,False,False,False
2025-12-08,Andhra Pradesh,East Godavari,Jaggampet,Paddy(Common),,,2369.0,2379.0,2379.0,0,12,50,3779.0,0.0,2388.128571428572,-1.0,0,0.0,30.0,18.1,69.0,24.05,29.200000000000003,21.414285714285718,0,0,1,2320.0,0,0,0,0,2379.0,0.0,2379.0,2379.0,2379.0,0.0,0.0,0.0,2379.0,2379.0,0.0,0.0,0.9999999957965531,0.9999999957965531,1,True,False,False,False,False,False,False,False,False,False,False,True,False,False,False,False,False,False,False
2025-12-08,Andhra Pradesh,Alluri Sitharama Raju,Rampachodvaram,Paddy(Common),,,2370.0,2370.0,2370.0,0,12,50,3779.0,0.0,2388.128571428572,-1.0,0,0.0,30.0,18.1,69.0,24.05,29.200000000000003,21.414285714285718,0,0,1,2320.0,0,0,0,0,2370.0,0.0,2370.0,2370.0,2370.0,0.0,0.0,0.0,2370.0,2370.0,0.0,0.0,0.9999999957805906,0.9999999957805906,1,False,False,False,False,False,False,True,False,False,True,False,False,False,False,False,False,False,False,False
2025-12-08,Andhra Pradesh,Nellore,Rapur,Paddy(Common),,,2370.0,2500.0,2460.0,0,12,50,3779.0,0.0,2388.128571428572,-1.0,0,0.0,30.0,18.1,69.0,24.05,29.200000000000003,21.414285714285718,0,0,1,2320.0,0,0,0,0,2460.0,0.0,2460.0,2460.0,2460.0,0.0,0.0,0.0,2460.0,2460.0,0.0,0.0,0.9999999959349593,0.9999999959349593,1,False,False,False,False,False,False,False,True,False,False,False,False,False,False,False,False,True,False,False
2025-12-08,Andhra Pradesh,Krishna,Tiruvuru,Paddy(Common),Sona,Local,2450.0,2450.0,2450.0,0,12,50,3779.0,0.0,2388.128571428572,-1.0,0,0.0,30.0,18.1,69.0,24.05,29.200000000000003,11.033333333333335,0,0,1,2320.0,0,0,0,0,2500.0,0.020408163182007496,2450.0,2450.0,2500.0,0.0,0.0,-0.019999999919999997,2457.1428571428573,2460.714285714286,18.89822365046556,21.290765681316277,0.9970930191978771,0.9956458595242257,1,False,False,False,False,False,False,False,False,True,False,False,False,False,False,True,False,False,False,False
2025-12-09,Andhra Pradesh,East Godavari,Jaggampet,Paddy(Common),,,2369.0,2379.0,2379.0,1,12,50,420.0,3779.0,2509.3428571428567,0.0,0,0.0,30.6,18.0,65.0,24.3,20.9,13.114285714285714,0,0,1,2320.0,0,0,0,0,2379.0,0.0,2379.0,2379.0,2379.0,0.0,0.0,0.0,2379.0,2379.0,0.0,0.0,0.9999999957965531,0.9999999957965531,1,True,False,False,False,False,False,False,False,False,False,False,True,False,False,False,False,False,False,False
2025-12-09,Andhra Pradesh,Alluri Sitharama Raju,Rampachodvaram,Paddy(Common),,,2370.0,2370.0,2370.0,1,12,50,420.0,3779.0,2509.3428571428567,0.0,0,0.0,30.6,18.0,65.0,24.3,20.9,13.114285714285714,0,0,1,2320.0,0,0,0,0,2370.0,0.0,2370.0,2370.0,2370.0,0.0,0.0,0.0,2370.0,2370.0,0.0,0.0,0.9999999957805906,0.9999999957805906,1,False,False,False,False,False,False,True,False,False,True,False,False,False,False,False,False,False,False,False
2025-12-09,Andhra Pradesh,Nellore,Rapur,Paddy(Common),,,2370.0,2500.0,2460.0,1,12,50,420.0,3779.0,2509.3428571428567,0.0,0,0.0,30.6,18.0,65.0,24.3,20.9,13.114285714285714,0,0,1,2320.0,0,0,0,0,2460.0,0.0,2460.0,2460.0,2460.0,0.0,0.0,0.0,2460.0,2460.0,0.0,0.0,0.9999999959349593,0.9999999959349593,1,False,False,False,False,False,False,False,True,False,False,False,False,False,False,False,False,True,False,False
2025-12-09,Andhra Pradesh,Krishna,Tiruvuru,Paddy(Common),Sona,Local,2500.0,2500.0,2500.0,1,12,50,420.0,3779.0,2509.3428571428567,0.0,0,0.0,30.6,18.0,65.0,24.3,20.9,2.7333333333333307,0,0,1,2320.0,0,0,0,0,2500.0,0.0,2450.0,2450.0,2450.0,0.020408163182007496,0.020408163182007496,0.020408163182007496,2450.0,2460.714285714286,0.0,21.290765681316277,1.0204081591003749,1.015965162779822,1,False,False,False,False,False,False,False,False,True,False,False,False,False,False,True,False,False,False,False
2025-12-10,Andhra Pradesh,East Godavari,Jaggampet,Paddy(Common),,,2369.0,2379.0,2379.0,2,12,50,2573.6,420.0,2109.942857142857,-0.8888594866366764,0,0.0,30.5,17.6,65.0,24.05,4.4,-3.3857142857142852,0,0,1,2320.0,0,0,0,0,2379.0,0.0,2379.0,2379.0,2379.0,0.0,0.0,0.0,2379.0,2379.0,0.0,0.0,0.9999999957965531,0.9999999957965531,1,True,False,False,False,False,False,False,False,False,False,False,True,False,False,False,False,False,False,False
2025-12-10,Andhra Pradesh,Alluri Sitharama Raju,Rampachodvaram,Paddy(Common),1001,Grade Range-2,2370.0,2370.0,2370.0,2,12,50,2573.6,420.0,2109.942857142857,-0.8888594866366764,0,0.0,30.5,17.6,65.0,24.05,4.4,-3.3857142857142852,0,0,1,2320.0,0,0,0,0,2370.0,0.0,2370.0,2370.0,2370.0,0.0,0.0,0.0,2370.0,2370.0,0.0,0.0,0.9999999957805906,0.9999999957805906,1,False,False,False,False,False,False,True,False,False,True,False,False,False,False,False,False,False,False,False
2025-12-10,Andhra Pradesh,Nellore,Rapur,Paddy(Common),,,2370.0,2500.0,2460.0,2,12,50,2573.6,420.0,2109.942857142857,-0.8888594866366764,0,0.0,30.5,17.6,65.0,24.05,4.4,-3.3857142857142852,0,0,1,2320.0,0,0,0,0,2460.0,0.0,2460.0,2460.0,2460.0,0.0,0.0,0.0,2460.0,2460.0,0.0,0.0,0.9999999959349593,0.9999999959349593,1,False,False,False,False,False,False,False,True,False,False,False,False,False,False,False,False,True,False,False
2025-12-11,Andhra Pradesh,East Godavari,Jaggampet,Paddy(Common),,,2369.0,2379.0,2379.0,3,12,50,5516.5,2573.6,2062.5285714285715,5.1276190476190475,0,0.0,30.5,17.4,65.0,23.95,0.0,-7.785714285714286,0,0,1,2320.0,0,0,0,0,2379.0,0.0,2379.0,2379.0,2379.0,0.0,0.0,0.0,2379.0,2379.0,0.0,0.0,0.9999999957965531,0.9999999957965531,1,True,False,False,False,False,False,False,False,False,False,False,True,False,False,False,False,False,False,False
2025-12-11,Andhra Pradesh,Alluri Sitharama Raju,Rampachodvaram,Paddy(Common),1001,Grade Range-2,2370.0,2370.0,2370.0,3,12,50,5516.5,2573.6,2062.5285714285715,5.1276190476190475,0,0.0,30.5,17.4,65.0,23.95,0.0,-7.785714285714286,0,0,1,2320.0,0,0,0,0,2370.0,0.0,2370.0,2370.0,2370.0,0.0,0.0,0.0,2370.0,2370.0,0.0,0.0,0.9999999957805906,0.9999999957805906,1,False,False,False,False,False,False,True,False,False,True,False,False,False,False,False,False,False,False,False
2025-12-11,Andhra Pradesh,Nellore,Rapur,Paddy(Common),,,2370.0,2500.0,2460.0,3,12,50,5516.5,2573.6,2062.5285714285715,5.1276190476190475,0,0.0,30.5,17.4,65.0,23.95,0.0,-7.785714285714286,0,0,1,2320.0,0,0,0,0,2460.0,0.0,2460.0,2460.0,2460.0,0.0,0.0,0.0,2460.0,2460.0,0.0,0.0,0.9999999959349593,0.9999999959349593,1,False,False,False,False,False,False,False,True,False,False,False,False,False,False,False,False,True,False,False
2025-12-12,Andhra Pradesh,East Godavari,Jaggampet,Paddy(Common),,,2369.0,2379.0,2379.0,4,12,50,3275.4,5516.5,2464.8142857142852,1.1434954926950578,0,0.0,30.4,17.1,61.0,23.75,0.0,-7.785714285714286,0,0,1,2320.0,0,0,0,0,2379.0,0.0,2379.0,2379.0,2379.0,0.0,0.0,0.0,2379.0,2379.0,0.0,0.0,0.9999999957965531,0.9999999957965531,1,True,False,False,False,False,False,False,False,False,False,False,True,False,False,False,False,False,False,False
2025-12-12,Andhra Pradesh,Alluri Sitharama Raju,Rampachodvaram,Paddy(Common),,,2370.0,2370.0,2370.0,4,12,50,3275.4,5516.5,2464.8142857142852,1.1434954926950578,0,0.0,30.4,17.1,61.0,23.75,0.0,-7.785714285714286,0,0,1,2320.0,0,0,0,0,2370.0,0.0,2370.0,2370.0,2370.0,0.0,0.0,0.0,2370.0,2370.0,0.0,0.0,0.9999999957805906,0.9999999957805906,1,False,False,False,False,False,False,True,False,False,True,False,False,False,False,False,False,False,False,False
2025-12-12,Andhra Pradesh,Nellore,Rapur,Paddy(Common),,,2370.0,2500.0,2460.0,4,12,50,3275.4,5516.5,2464.8142857142852,1.1434954926950578,0,0.0,30.4,17.1,61.0,23.75,0.0,-7.785714285714286,0,0,1,2320.0,0,0,0,0,2460.0,0.0,2460.0,2460.0,2460.0,0.0,0.0,0.0,2460.0,2460.0,0.0,0.0,0.9999999959349593,0.9999999959349593,1,False,False,False,False,False,False,False,True,False,False,False,False,False,False,False,False,True,False,False
2025-12-13,Andhra Pradesh,East Godavari,Jaggampet,Paddy(Common),,,2369.0,2379.0,2379.0,5,12,50,0.0,3275.4,2800.0142857142855,-0.4062539653765974,1,0.0,30.7,16.8,63.0,23.75,0.0,-7.785714285714286,0,0,1,2320.0,0,0,0,0,2379.0,0.0,2379.0,2379.0,2379.0,0.0,0.0,0.0,2379.0,2379.0,0.0,0.0,0.9999999957965531,0.9999999957965531,1,True,False,False,False,False,False,False,False,False,False,False,True,False,False,False,False,False,False,False
2025-12-13,Andhra Pradesh,Alluri Sitharama Raju,Rampachodvaram,Paddy(Common),,,2370.0,2370.0,2370.0,5,12,50,0.0,3275.4,2800.0142857142855,-0.4062539653765974,1,0.0,30.7,16.8,63.0,23.75,0.0,-7.785714285714286,0,0,1,2320.0,0,0,0,0,2370.0,0.0,2370.0,2370.0,2370.0,0.0,0.0,0.0,2370.0,2370.0,0.0,0.0,0.9999999957805906,0.9999999957805906,1,False,False,False,False,False,False,True,False,False,True,False,False,False,False,False,False,False,False,False
2025-12-13,Andhra Pradesh,Nellore,Rapur,Paddy(Common),,,2370.0,2500.0,2460.0,5,12,50,0.0,3275.4,2800.0142857142855,-0.4062539653765974,1,0.0,30.7,16.8,63.0,23.75,0.0,-7.785714285714286,0,0,1,2320.0,0,0,0,0,2460.0,0.0,2460.0,2460.0,2460.0,0.0,0.0,0.0,2460.0,2460.0,0.0,0.0,0.9999999959349593,0.9999999959349593,1,False,False,False,False,False,False,False,True,False,False,False,False,False,False,False,False,True,False,False
2025-12-14,Andhra Pradesh,East Godavari,Jaggampet,Paddy(Common),,,2369.0,2379.0,2379.0,6,12,50,0.0,0.0,2223.4999999999995,-1.0,1,0.0,30.7,18.2,67.0,24.45,0.0,-7.785714285714286,0,0,1,2320.0,0,0,0,0,2379.0,0.0,2379.0,2379.0,2379.0,0.0,0.0,0.0,2379.0,2379.0,0.0,0.0,0.9999999957965531,0.9999999957965531,1,True,False,False,False,False,False,False,False,False,False,False,True,False,False,False,False,False,False,False
2025-12-14,Andhra Pradesh,Alluri Sitharama Raju,Rampachodvaram,Paddy(Common),,,2370.0,2370.0,2370.0,6,12,50,0.0,0.0,2223.4999999999995,-1.0,1,0.0,30.7,18.2,67.0,24.45,0.0,-7.785714285714286,0,0,1,2320.0,0,0,0,0,2370.0,0.0,2370.0,2370.0,2370.0,0.0,0.0,0.0,2370.0,2370.0,0.0,0.0,0.9999999957805906,0.9999999957805906,1,False,False,False,False,False,False,True,False,False,True,False,False,False,False,False,False,False,False,False
2025-12-14,Andhra Pradesh,Nellore,Rapur,Paddy(Common),,,2370.0,2500.0,2460.0,6,12,50,0.0,0.0,2223.4999999999995,-1.0,1,0.0,30.7,18.2,67.0,24.45,0.0,-7.785714285714286,0,0,1,2320.0,0,0,0,0,2440.0,-0.008130081267763897,2460.0,2460.0,2460.0,0.0,0.0,0.0,2460.0,2460.0,0.0,0.0,0.9999999959349593,0.9999999959349593,1,False,False,False,False,False,False,False,True,False,False,False,False,False,False,False,False,True,False,False
2025-12-15,Andhra Pradesh,East Godavari,Jaggampet,Paddy(Common),,,2369.0,2379.0,2379.0,0,12,51,12.5,0.0,2223.4999999999995,0.0,0,0.0,30.6,18.6,68.0,24.6,0.0,0.0,0,0,1,2320.0,0,0,0,0,2379.0,0.0,2379.0,2379.0,2379.0,0.0,0.0,0.0,2379.0,2379.0,0.0,0.0,0.9999999957965531,0.9999999957965531,1,True,False,False,False,False,False,False,False,False,False,False,True,False,False,False,False,False,False,False
2025-12-15,Andhra Pradesh,Alluri Sitharama Raju,Rampachodvaram,Paddy(Common),,,2370.0,2370.0,2370.0,0,12,51,12.5,0.0,2223.4999999999995,0.0,0,0.0,30.6,18.6,68.0,24.6,0.0,0.0,0,0,1,2320.0,0,0,0,0,2370.0,0.0,2370.0,2370.0,2370.0,0.0,0.0,0.0,2370.0,2370.0,0.0,0.0,0.9999999957805906,0.9999999957805906,1,False,False,False,False,False,False,True,False,False,True,False,False,False,False,False,False,False,False,False
2025-12-15,Andhra Pradesh,Nellore,Rapur,Paddy(Common),Common,Non-FAQ,2370.0,2480.0,2440.0,0,12,51,12.5,0.0,2223.4999999999995,0.0,0,0.0,30.6,18.6,68.0,24.6,0.0,0.0,0,0,1,2320.0,0,0,0,0,2440.0,0.0,2460.0,2460.0,2460.0,-0.008130081267763897,-0.008130081267763897,-0.008130081267763897,2460.0,2460.0,0.0,0.0,0.9918699146671954,0.9918699146671954,1,False,False,False,False,False,False,False,True,False,False,False,False,False,False,False,False,True,False,False
2025-12-16,Andhra Pradesh,East Godavari,Jaggampet,Paddy(Common),Common,FAQ,2369.0,2379.0,2379.0,1,12,51,716.9,12.5,1685.428571428571,0.0,0,0.0,31.0,18.7,69.0,24.85,0.0,0.0,0,0,1,2320.0,0,0,0,0,2379.0,0.0,2379.0,2379.0,2379.0,0.0,0.0,0.0,2379.0,2379.0,0.0,0.0,0.9999999957965531,0.9999999957965531,1,True,False,False,False,False,False,False,False,False,False,False,True,False,False,False,False,False,False,False
2025-12-16,Andhra Pradesh,Alluri Sitharama Raju,Rampachodvaram,Paddy(Common),1001,Grade Range-2,2370.0,2370.0,2370.0,1,12,51,716.9,12.5,1685.428571428571,0.0,0,0.0,31.0,18.7,69.0,24.85,0.0,0.0,0,0,1,2320.0,0,0,0,0,2370.0,0.0,2370.0,2370.0,2370.0,0.0,0.0,0.0,2370.0,2370.0,0.0,0.0,0.9999999957805906,0.9999999957805906,1,False,False,False,False,False,False,True,False,False,True,False,False,False,False,False,False,False,False,False
2025-12-16,Andhra Pradesh,Nellore,Rapur,Paddy(Common),,,2370.0,2480.0,2440.0,1,12,51,716.9,12.5,1685.428571428571,0.0,0,0.0,31.0,18.7,69.0,24.85,0.0,0.0,0,0,1,2320.0,0,0,0,0,2440.0,0.0,2440.0,2460.0,2460.0,0.0,-0.008130081267763897,-0.008130081267763897,2457.1428571428573,2458.5714285714284,7.559289460184588,5.345224838248469,0.9930232517725797,0.9924462481422872,1,False,False,False,False,False,False,False,True,False,False,False,False,False,False,False,False,True,False,False
2025-12-17,Andhra Pradesh,East Godavari,Jaggampet,Paddy(Common),,,2369.0,2379.0,2379.0,2,12,51,157.5,716.9,1727.842857142857,56.352,0,0.0,31.3,18.1,74.0,24.700000000000003,0.0,0.0,0,0,1,2320.0,0,0,0,0,2379.0,0.0,2379.0,2379.0,2379.0,0.0,0.0,0.0,2379.0,2379.0,0.0,0.0,0.9999999957965531,0.9999999957965531,1,True,False,False,False,False,False,False,False,False,False,False,True,False,False,False,False,False,False,False
2025-12-17,Andhra Pradesh,Alluri Sitharama Raju,Rampachodvaram,Paddy(Common),1001,Grade Range-2,2370.0,2370.0,2370.0,2,12,51,157.5,716.9,1727.842857142857,56.352,0,0.0,31.3,18.1,74.0,24.700000000000003,0.0,0.0,0,0,1,2320.0,0,0,0,0,2370.0,0.0,2370.0,2370.0,2370.0,0.0,0.0,0.0,2370.0,2370.0,0.0,0.0,0.9999999957805906,0.9999999957805906,1,False,False,False,False,False,False,True,False,False,True,False,False,False,False,False,False,False,False,False
2025-12-17,Andhra Pradesh,Nellore,Rapur,Paddy(Common),,,2370.0,2480.0,2440.0,2,12,51,157.5,716.9,1727.842857142857,56.352,0,0.0,31.3,18.1,74.0,24.700000000000003,0.0,0.0,0,0,1,2320.0,0,0,0,0,2440.0,0.0,2440.0,2460.0,2460.0,0.0,-0.008130081267763897,-0.008130081267763897,2454.285714285714,2457.1428571428573,9.759000729485471,7.262730392025555,0.9941792741797119,0.9930232517725797,1,False,False,False,False,False,False,False,True,False,False,False,False,False,False,False,False,True,False,False
2025-12-18,Andhra Pradesh,East Godavari,Jaggampet,Paddy(Common),,,2369.0,2379.0,2379.0,3,12,51,3.0,157.5,1382.6857142857139,-0.7803040870414284,1,0.0,31.0,17.7,72.0,24.35,0.0,0.0,0,0,1,2320.0,0,0,0,0,2379.0,0.0,2379.0,2379.0,2379.0,0.0,0.0,0.0,2379.0,2379.0,0.0,0.0,0.9999999957965531,0.9999999957965531,1,True,False,False,False,False,False,False,False,False,False,False,True,False,False,False,False,False,False,False
2025-12-18,Andhra Pradesh,Alluri Sitharama Raju,Rampachodvaram,Paddy(Common),1001,Grade Range-2,2370.0,2370.0,2370.0,3,12,51,3.0,157.5,1382.6857142857139,-0.7803040870414284,1,0.0,31.0,17.7,72.0,24.35,0.0,0.0,0,0,1,2320.0,0,0,0,0,2370.0,0.0,2370.0,2370.0,2370.0,0.0,0.0,0.0,2370.0,2370.0,0.0,0.0,0.9999999957805906,0.9999999957805906,1,False,False,False,False,False,False,True,False,False,True,False,False,False,False,False,False,False,False,False
2025-12-18,Andhra Pradesh,Nellore,Rapur,Paddy(Common),,,2370.0,2480.0,2440.0,3,12,51,3.0,157.5,1382.6857142857139,-0.7803040870414284,1,0.0,31.0,17.7,72.0,24.35,0.0,0.0,0,0,1,2320.0,0,0,0,0,2440.0,0.0,2440.0,2440.0,2460.0,0.0,0.0,-0.008130081267763897,2451.4285714285716,2455.714285714286,10.690449676497265,8.516306272526284,0.9953379912777587,0.9936009267276285,1,False,False,False,False,False,False,False,True,False,False,False,False,False,False,False,False,True,False,False
2025-12-19,Andhra Pradesh,East Godavari,Jaggampet,Paddy(Common),,,2369.0,2379.0,2379.0,4,12,51,3.0,3.0,595.0428571428569,-0.9809523809523809,1,0.0,29.4,18.1,70.0,23.75,0.0,0.0,0,0,1,2320.0,0,0,0,0,2379.0,0.0,2379.0,2379.0,2379.0,0.0,0.0,0.0,2379.0,2379.0,0.0,0.0,0.9999999957965531,0.9999999957965531,1,True,False,False,False,False,False,False,False,False,False,False,True,False,False,False,False,False,False,False
2025-12-19,Andhra Pradesh,Alluri Sitharama Raju,Rampachodvaram,Paddy(Common),1001,Grade Range-2,2370.0,2370.0,2370.0,4,12,51,3.0,3.0,595.0428571428569,-0.9809523809523809,1,0.0,29.4,18.1,70.0,23.75,0.0,0.0,0,0,1,2320.0,0,0,0,0,2370.0,0.0,2370.0,2370.0,2370.0,0.0,0.0,0.0,2370.0,2370.0,0.0,0.0,0.9999999957805906,0.9999999957805906,1,False,False,False,False,False,False,True,False,False,True,False,False,False,False,False,False,False,False,False
2025-12-19,Andhra Pradesh,Nellore,Rapur,Paddy(Common),,,2370.0,2480.0,2440.0,4,12,51,3.0,3.0,595.0428571428569,-0.9809523809523809,1,0.0,29.4,18.1,70.0,23.75,0.0,0.0,0,0,1,2320.0,0,0,0,0,2440.0,0.0,2440.0,2440.0,2460.0,0.0,0.0,-0.008130081267763897,2448.5714285714284,2454.285714285714,10.690449676497492,9.376144618769716,0.9964994124997106,0.9941792741797119,1,False,False,False,False,False,False,False,True,False,False,False,False,False,False,False,False,True,False,False
2025-12-20,Andhra Pradesh,East Godavari,Jaggampet,Paddy(Common),,,2369.0,2379.0,2379.0,5,12,51,2.5,3.0,127.5571428571426,0.0,1,0.0,30.0,18.4,69.0,24.2,0.0,0.0,0,0,1,2320.0,0,0,0,0,2379.0,0.0,2379.0,2379.0,2379.0,0.0,0.0,0.0,2379.0,2379.0,0.0,0.0,0.9999999957965531,0.9999999957965531,1,True,False,False,False,False,False,False,False,False,False,False,True,False,False,False,False,False,False,False
2025-12-20,Andhra Pradesh,Alluri Sitharama Raju,Rampachodvaram,Paddy(Common),1001,Grade Range-2,2370.0,2370.0,2370.0,5,12,51,2.5,3.0,127.5571428571426,0.0,1,0.0,30.0,18.4,69.0,24.2,0.0,0.0,0,0,1,2320.0,0,0,0,0,2370.0,0.0,2370.0,2370.0,2370.0,0.0,0.0,0.0,2370.0,2370.0,0.0,0.0,0.9999999957805906,0.9999999957805906,1,False,False,False,False,False,False,True,False,False,True,False,False,False,False,False,False,False,False,False
2025-12-20,Andhra Pradesh,Nellore,Rapur,Paddy(Common),,,2370.0,2480.0,2440.0,5,12,51,2.5,3.0,127.5571428571426,0.0,1,0.0,30.0,18.4,69.0,24.2,0.0,0.0,0,0,1,2320.0,0,0,0,0,2440.0,0.0,2440.0,2440.0,2460.0,0.0,0.0,-0.008130081267763897,2445.714285714286,2452.8571428571427,9.759000729486127,9.944903161976674,0.9976635473226373,0.9947582953038392,1,False,False,False,False,False,False,False,True,False,False,False,False,False,False,False,False,True,False,False
2025-12-21,Andhra Pradesh,East Godavari,Jaggampet,Paddy(Common),,,2369.0,2379.0,2379.0,6,12,51,0.0,2.5,127.91428571428546,-0.16666666666666663,1,0.0,30.5,18.0,64.0,24.25,0.0,0.0,0,0,1,2320.0,0,0,0,0,2379.0,0.0,2379.0,2379.0,2379.0,0.0,0.0,0.0,2379.0,2379.0,0.0,0.0,0.9999999957965531,0.9999999957965531,1,True,False,False,False,False,False,False,False,False,False,False,True,False,False,False,False,False,False,False
2025-12-21,Andhra Pradesh,Alluri Sitharama Raju,Rampachodvaram,Paddy(Common),,,2370.0,2370.0,2370.0,6,12,51,0.0,2.5,127.91428571428546,-0.16666666666666663,1,0.0,30.5,18.0,64.0,24.25,0.0,0.0,0,0,1,2320.0,0,0,0,0,2370.0,0.0,2370.0,2370.0,2370.0,0.0,0.0,0.0,2370.0,2370.0,0.0,0.0,0.9999999957805906,0.9999999957805906,1,False,False,False,False,False,False,True,False,False,True,False,False,False,False,False,False,False,False,False
2025-12-21,Andhra Pradesh,Nellore,Rapur,Paddy(Common),,,2370.0,2480.0,2440.0,6,12,51,0.0,2.5,127.91428571428546,-0.16666666666666663,1,0.0,30.5,18.0,64.0,24.25,0.0,0.0,0,0,1,2320.0,0,0,0,0,2440.0,0.0,2440.0,2440.0,2460.0,0.0,0.0,-0.008130081267763897,2442.8571428571427,2451.4285714285716,7.559289460185808,10.271051820261542,0.9988304052679458,0.9953379912777587,1,False,False,False,False,False,False,False,True,False,False,False,False,False,False,False,False,True,False,False
2025-12-22,Andhra Pradesh,East Godavari,Jaggampet,Paddy(Common),,,2369.0,2379.0,2379.0,0,12,52,3.0,0.0,127.91428571428546,-1.0,1,0.0,30.4,18.9,67.0,24.65,0.0,0.0,0,0,1,2320.0,0,0,0,0,2379.0,0.0,2379.0,2379.0,2379.0,0.0,0.0,0.0,2379.0,2379.0,0.0,0.0,0.9999999957965531,0.9999999957965531,1,True,False,False,False,False,False,False,False,False,False,False,True,False,False,False,False,False,False,False
2025-12-22,Andhra Pradesh,Alluri Sitharama Raju,Rampachodvaram,Paddy(Common),1001,Grade Range-2,2370.0,2370.0,2370.0,0,12,52,3.0,0.0,127.91428571428546,-1.0,1,0.0,30.4,18.9,67.0,24.65,0.0,0.0,0,0,1,2320.0,0,0,0,0,2370.0,0.0,2370.0,2370.0,2370.0,0.0,0.0,0.0,2370.0,2370.0,0.0,0.0,0.9999999957805906,0.9999999957805906,1,False,False,False,False,False,False,True,False,False,True,False,False,False,False,False,False,False,False,False
2025-12-22,Andhra Pradesh,Nellore,Rapur,Paddy(Common),,,2370.0,2480.0,2440.0,0,12,52,3.0,0.0,127.91428571428546,-1.0,1,0.0,30.4,18.9,67.0,24.65,0.0,0.0,0,0,1,2320.0,0,0,0,0,2440.0,0.0,2440.0,2440.0,2440.0,0.0,0.0,0.0,2440.0,2450.0,0.0,10.37749043325494,0.9999999959016392,0.9959183632819658,1,False,False,False,False,False,False,False,True,False,False,False,False,False,False,False,False,True,False,False
2025-12-23,Andhra Pradesh,East Godavari,Jaggampet,Paddy(Common),,,2369.0,2379.0,2379.0,1,12,52,9.0,3.0,126.5571428571426,0.0,1,0.0,29.8,18.2,68.0,24.0,0.0,0.0,0,0,1,2320.0,0,0,0,0,2379.0,0.0,2379.0,2379.0,2379.0,0.0,0.0,0.0,2379.0,2379.0,0.0,0.0,0.9999999957965531,0.9999999957965531,1,True,False,False,False,False,False,False,False,False,False,False,True,False,False,False,False,False,False,False
2025-12-23,Andhra Pradesh,Alluri Sitharama Raju,Rampachodvaram,Paddy(Common),1001,Grade Range-2,2370.0,2370.0,2370.0,1,12,52,9.0,3.0,126.5571428571426,0.0,1,0.0,29.8,18.2,68.0,24.0,0.0,0.0,0,0,1,2320.0,0,0,0,0,2370.0,0.0,2370.0,2370.0,2370.0,0.0,0.0,0.0,2370.0,2370.0,0.0,0.0,0.9999999957805906,0.9999999957805906,1,False,False,False,False,False,False,True,False,False,True,False,False,False,False,False,False,False,False,False
2025-12-23,Andhra Pradesh,Nellore,Rapur,Paddy(Common),,,2370.0,2480.0,2440.0,1,12,52,9.0,3.0,126.5571428571426,0.0,1,0.0,29.8,18.2,68.0,24.0,0.0,0.0,0,0,1,2320.0,0,0,0,0,2440.0,0.0,2440.0,2440.0,2440.0,0.0,0.0,0.0,2440.0,2448.5714285714284,0.0,10.27105182026128,0.9999999959016392,0.9964994124997106,1,False,False,False,False,False,False,False,True,False,False,False,False,False,False,False,False,True,False,False
2025-12-24,Andhra Pradesh,East Godavari,Jaggampet,Paddy(Common),,,2369.0,2379.0,2379.0,2,12,52,3.5,9.0,25.428571428571168,2.0,1,0.0,30.1,18.4,67.0,24.25,0.0,0.0,0,0,1,2320.0,0,0,0,0,2379.0,0.0,2379.0,2379.0,2379.0,0.0,0.0,0.0,2379.0,2379.0,0.0,0.0,0.9999999957965531,0.9999999957965531,1,True,False,False,False,False,False,False,False,False,False,False,True,False,False,False,False,False,False,False
2025-12-24,Andhra Pradesh,Alluri Sitharama Raju,Rampachodvaram,Paddy(Common),1001,Grade Range-2,2370.0,2370.0,2370.0,2,12,52,3.5,9.0,25.428571428571168,2.0,1,0.0,30.1,18.4,67.0,24.25,0.0,0.0,0,0,1,2320.0,0,0,0,0,2370.0,0.0,2370.0,2370.0,2370.0,0.0,0.0,0.0,2370.0,2370.0,0.0,0.0,0.9999999957805906,0.9999999957805906,1,False,False,False,False,False,False,True,False,False,True,False,False,False,False,False,False,False,False,False
2025-12-24,Andhra Pradesh,Nellore,Rapur,Paddy(Common),,,2370.0,2480.0,2440.0,2,12,52,3.5,9.0,25.428571428571168,2.0,1,0.0,30.1,18.4,67.0,24.25,0.0,0.0,0,0,1,2320.0,0,0,0,0,2440.0,0.0,2440.0,2440.0,2440.0,0.0,0.0,0.0,2440.0,2447.1428571428573,0.0,9.944903161976146,0.9999999959016392,0.9970811401170063,1,False,False,False,False,False,False,False,True,False,False,False,False,False,False,False,False,True,False,False
2025-12-25,Andhra Pradesh,East Godavari,Jaggampet,Paddy(Common),,,2369.0,2379.0,2379.0,3,12,52,0.0,3.5,3.4285714285711686,-0.6111111111111112,1,0.0,29.7,18.2,69.0,23.95,0.0,0.0,0,0,1,2320.0,0,0,0,0,2379.0,0.0,2379.0,2379.0,2379.0,0.0,0.0,0.0,2379.0,2379.0,0.0,0.0,0.9999999957965531,0.9999999957965531,1,True,False,False,False,False,False,False,False,False,False,False,True,False,False,False,False,False,False,False
2025-12-25,Andhra Pradesh,Alluri Sitharama Raju,Rampachodvaram,Paddy(Common),,,2370.0,2370.0,2370.0,3,12,52,0.0,3.5,3.4285714285711686,-0.6111111111111112,1,0.0,29.7,18.2,69.0,23.95,0.0,0.0,0,0,1,2320.0,0,0,0,0,2370.0,0.0,2370.0,2370.0,2370.0,0.0,0.0,0.0,2370.0,2370.0,0.0,0.0,0.9999999957805906,0.9999999957805906,1,False,False,False,False,False,False,True,False,False,True,False,False,False,False,False,False,False,False,False
2025-12-25,Andhra Pradesh,Nellore,Rapur,Paddy(Common),,,2370.0,2480.0,2440.0,3,12,52,0.0,3.5,3.4285714285711686,-0.6111111111111112,1,0.0,29.7,18.2,69.0,23.95,0.0,0.0,0,0,1,2320.0,0,0,0,0,2440.0,0.0,2440.0,2440.0,2440.0,0.0,0.0,0.0,2440.0,2445.714285714286,0.0,9.37614461876894,0.9999999959016392,0.9976635473226373,1,False,False,False,False,False,False,False,True,False,False,False,False,False,False,False,False,True,False,False
2025-12-26,Andhra Pradesh,East Godavari,Jaggampet,Paddy(Common),,,2369.0,2379.0,2379.0,4,12,52,505.0,0.0,2.99999999999974,-1.0,0,0.0,29.5,18.0,70.0,23.75,0.0,0.0,0,0,1,2320.0,0,0,0,0,2379.0,0.0,2379.0,2379.0,2379.0,0.0,0.0,0.0,2379.0,2379.0,0.0,0.0,0.9999999957965531,0.9999999957965531,1,True,False,False,False,False,False,False,False,False,False,False,True,False,False,False,False,False,False,False
2025-12-26,Andhra Pradesh,Alluri Sitharama Raju,Rampachodvaram,Paddy(Common),1001,Grade Range-2,2370.0,2370.0,2370.0,4,12,52,505.0,0.0,2.99999999999974,-1.0,0,0.0,29.5,18.0,70.0,23.75,0.0,0.0,0,0,1,2320.0,0,0,0,0,2370.0,0.0,2370.0,2370.0,2370.0,0.0,0.0,0.0,2370.0,2370.0,0.0,0.0,0.9999999957805906,0.9999999957805906,1,False,False,False,False,False,False,True,False,False,True,False,False,False,False,False,False,False,False,False
2025-12-26,Andhra Pradesh,Nellore,Rapur,Paddy(Common),,,2370.0,2480.0,2440.0,4,12,52,505.0,0.0,2.99999999999974,-1.0,0,0.0,29.5,18.0,70.0,23.75,0.0,0.0,0,0,1,2320.0,0,0,0,0,2440.0,0.0,2440.0,2440.0,2440.0,0.0,0.0,0.0,2440.0,2444.285714285714,0.0,8.5163062725252,0.9999999959016392,0.9982466353081668,1,False,False,False,False,False,False,False,True,False,False,False,False,False,False,False,False,True,False,False
2025-12-27,Andhra Pradesh,East Godavari,Jaggampet,Paddy(Common),,,2369.0,2379.0,2379.0,5,12,52,377.5,505.0,74.71428571428545,0.0,0,0.0,29.3,18.7,71.0,24.0,0.0,0.0,0,0,1,2320.0,0,0,0,0,2379.0,0.0,2379.0,2379.0,2379.0,0.0,0.0,0.0,2379.0,2379.0,0.0,0.0,0.9999999957965531,0.9999999957965531,1,True,False,False,False,False,False,False,False,False,False,False,True,False,False,False,False,False,False,False
2025-12-27,Andhra Pradesh,Alluri Sitharama Raju,Rampachodvaram,Paddy(Common),,,2370.0,2370.0,2370.0,5,12,52,377.5,505.0,74.71428571428545,0.0,0,0.0,29.3,18.7,71.0,24.0,0.0,0.0,0,0,1,2320.0,0,0,0,0,2370.0,0.0,2370.0,2370.0,2370.0,0.0,0.0,0.0,2370.0,2370.0,0.0,0.0,0.9999999957805906,0.9999999957805906,1,False,False,False,False,False,False,True,False,False,True,False,False,False,False,False,False,False,False,False
2025-12-27,Andhra Pradesh,Nellore,Rapur,Paddy(Common),,,2370.0,2480.0,2440.0,5,12,52,377.5,505.0,74.71428571428545,0.0,0,0.0,29.3,18.7,71.0,24.0,0.0,0.0,0,0,1,2320.0,0,0,0,0,2440.0,0.0,2440.0,2440.0,2440.0,0.0,0.0,0.0,2440.0,2442.8571428571427,0.0,7.2627303920241,0.9999999959016392,0.9988304052679458,1,False,False,False,False,False,False,False,True,False,False,False,False,False,False,False,False,True,False,False
2025-12-28,Andhra Pradesh,East Godavari,Jaggampet,Paddy(Common),,,2369.0,2379.0,2379.0,6,12,52,0.0,377.5,128.28571428571402,-0.2524752475247525,1,0.0,29.0,19.1,73.0,24.05,0.0,0.0,0,0,1,2320.0,0,0,0,0,2379.0,0.0,2379.0,2379.0,2379.0,0.0,0.0,0.0,2379.0,2379.0,0.0,0.0,0.9999999957965531,0.9999999957965531,1,True,False,False,False,False,False,False,False,False,False,False,True,False,False,False,False,False,False,False
2025-12-28,Andhra Pradesh,Alluri Sitharama Raju,Rampachodvaram,Paddy(Common),,,2370.0,2370.0,2370.0,6,12,52,0.0,377.5,128.28571428571402,-0.2524752475247525,1,0.0,29.0,19.1,73.0,24.05,0.0,0.0,0,0,1,2320.0,0,0,0,0,2370.0,0.0,2370.0,2370.0,2370.0,0.0,0.0,0.0,2370.0,2370.0,0.0,0.0,0.9999999957805906,0.9999999957805906,1,False,False,False,False,False,False,True,False,False,True,False,False,False,False,False,False,False,False,False
2025-12-28,Andhra Pradesh,Nellore,Rapur,Paddy(Common),,,2370.0,2480.0,2440.0,6,12,52,0.0,377.5,128.28571428571402,-0.2524752475247525,1,0.0,29.0,19.1,73.0,24.05,0.0,0.0,0,0,1,2320.0,0,0,0,0,2440.0,0.0,2440.0,2440.0,2440.0,0.0,0.0,0.0,2440.0,2441.4285714285716,0.0,5.345224838246245,0.9999999959016392,0.9994148583991198,1,False,False,False,False,False,False,False,True,False,False,False,False,False,False,False,False,True,False,False
2025-12-29,Andhra Pradesh,East Godavari,Jaggampet,Paddy(Common),,,2369.0,2379.0,2379.0,0,12,1,253.0,0.0,128.28571428571402,-1.0,0,0.0,28.9,18.8,72.0,23.85,0.0,0.0,0,0,1,2320.0,0,0,0,0,2379.0,0.0,2379.0,2379.0,2379.0,0.0,0.0,0.0,2379.0,2379.0,0.0,0.0,0.9999999957965531,0.9999999957965531,1,True,False,False,False,False,False,False,False,False,False,False,True,False,False,False,False,False,False,False
2025-12-29,Andhra Pradesh,Alluri Sitharama Raju,Rampachodvaram,Paddy(Common),1001,Grade Range-2,2370.0,2370.0,2370.0,0,12,1,253.0,0.0,128.28571428571402,-1.0,0,0.0,28.9,18.8,72.0,23.85,0.0,0.0,0,0,1,2320.0,0,0,0,0,2370.0,0.0,2370.0,2370.0,2370.0,0.0,0.0,0.0,2370.0,2370.0,0.0,0.0,0.9999999957805906,0.9999999957805906,1,False,False,False,False,False,False,True,False,False,True,False,False,False,False,False,False,False,False,False
2025-12-29,Andhra Pradesh,Nellore,Rapur,Paddy(Common),,,2370.0,2480.0,2440.0,0,12,1,253.0,0.0,128.28571428571402,-1.0,0,0.0,28.9,18.8,72.0,23.85,0.0,0.0,0,0,1,2320.0,0,0,0,0,2440.0,0.0,2440.0,2440.0,2440.0,0.0,0.0,0.0,2440.0,2440.0,0.0,0.0,0.9999999959016392,0.9999999959016392,1,False,False,False,False,False,False,False,True,False,False,False,False,False,False,False,False,True,False,False
2025-12-30,Andhra Pradesh,East Godavari,Jaggampet,Paddy(Common),Common,FAQ,2369.0,2379.0,2379.0,1,12,1,25.4,253.0,163.99999999999974,0.0,0,0.0,29.9,18.7,74.0,24.299999999999997,0.0,0.0,0,0,1,2320.0,0,0,0,0,2379.0,0.0,2379.0,2379.0,2379.0,0.0,0.0,0.0,2379.0,2379.0,0.0,0.0,0.9999999957965531,0.9999999957965531,1,True,False,False,False,False,False,False,False,False,False,False,True,False,False,False,False,False,False,False
2025-12-30,Andhra Pradesh,Alluri Sitharama Raju,Rampachodvaram,Paddy(Common),,,2370.0,2370.0,2370.0,1,12,1,25.4,253.0,163.99999999999974,0.0,0,0.0,29.9,18.7,74.0,24.299999999999997,0.0,0.0,0,0,1,2320.0,0,0,0,0,2370.0,0.0,2370.0,2370.0,2370.0,0.0,0.0,0.0,2370.0,2370.0,0.0,0.0,0.9999999957805906,0.9999999957805906,1,False,False,False,False,False,False,True,False,False,True,False,False,False,False,False,False,False,False,False
2025-12-30,Andhra Pradesh,Nellore,Rapur,Paddy(Common),,,2370.0,2480.0,2440.0,1,12,1,25.4,253.0,163.99999999999974,0.0,0,0.0,29.9,18.7,74.0,24.299999999999997,0.0,0.0,0,0,1,2320.0,0,0,0,0,2440.0,0.0,2440.0,2440.0,2440.0,0.0,0.0,0.0,2440.0,2440.0,0.0,0.0,0.9999999959016392,0.9999999959016392,1,False,False,False,False,False,False,False,True,False,False,False,False,False,False,False,False,True,False,False
2025-12-31,Andhra Pradesh,East Godavari,Jaggampet,Paddy(Common),Common,FAQ,2369.0,2379.0,2379.0,2,12,1,494.5,25.4,166.3428571428569,-0.899604743083004,0,0.0,29.2,19.8,78.0,24.5,0.0,0.0,0,0,1,2320.0,0,0,0,0,2379.0,0.0,2379.0,2379.0,2379.0,0.0,0.0,0.0,2379.0,2379.0,0.0,0.0,0.9999999957965531,0.9999999957965531,1,True,False,False,False,False,False,False,False,False,False,False,True,False,False,False,False,False,False,False
2025-12-31,Andhra Pradesh,Alluri Sitharama Raju,Rampachodvaram,Paddy(Common),1001,Grade Range-2,2370.0,2370.0,2370.0,2,12,1,494.5,25.4,166.3428571428569,-0.899604743083004,0,0.0,29.2,19.8,78.0,24.5,0.0,0.0,0,0,1,2320.0,0,0,0,0,2370.0,0.0,2370.0,2370.0,2370.0,0.0,0.0,0.0,2370.0,2370.0,0.0,0.0,0.9999999957805906,0.9999999957805906,1,False,False,False,False,False,False,True,False,False,True,False,False,False,False,False,False,False,False,False
2025-12-31,Andhra Pradesh,Nellore,Rapur,Paddy(Common),,,2370.0,2480.0,2440.0,2,12,1,494.5,25.4,166.3428571428569,-0.899604743083004,0,0.0,29.2,19.8,78.0,24.5,0.0,0.0,0,0,1,2320.0,0,0,0,0,2440.0,0.0,2440.0,2440.0,2440.0,0.0,0.0,0.0,2440.0,2440.0,0.0,0.0,0.9999999959016392,0.9999999959016392,1,False,False,False,False,False,False,False,True,False,False,False,False,False,False,False,False,True,False,False
2026-01-01,Andhra Pradesh,East Godavari,Jaggampet,Paddy(Common),,,2369.0,2379.0,2379.0,3,1,1,105.0,494.5,236.48571428571404,18.468503937007874,0,0.0,30.1,20.2,74.0,25.15,0.0,0.0,0,0,1,2320.0,0,0,0,0,2379.0,0.0,2379.0,2379.0,2379.0,0.0,0.0,0.0,2379.0,2379.0,0.0,0.0,0.9999999957965531,0.9999999957965531,0,True,False,False,False,False,False,False,False,False,False,False,True,False,False,False,False,False,False,False
2026-01-01,Andhra Pradesh,Alluri Sitharama Raju,Rampachodvaram,Paddy(Common),,,2370.0,2370.0,2370.0,3,1,1,105.0,494.5,236.48571428571404,18.468503937007874,0,0.0,30.1,20.2,74.0,25.15,0.0,0.0,0,0,1,2320.0,0,0,0,0,2370.0,0.0,2370.0,2370.0,2370.0,0.0,0.0,0.0,2370.0,2370.0,0.0,0.0,0.9999999957805906,0.9999999957805906,0,False,False,False,False,False,False,True,False,False,True,False,False,False,False,False,False,False,False,False
2026-01-01,Andhra Pradesh,Nellore,Rapur,Paddy(Common),,,2370.0,2480.0,2440.0,3,1,1,105.0,494.5,236.48571428571404,18.468503937007874,0,0.0,30.1,20.2,74.0,25.15,0.0,0.0,0,0,1,2320.0,0,0,0,0,2440.0,0.0,2440.0,2440.0,2440.0,0.0,0.0,0.0,2440.0,2440.0,0.0,0.0,0.9999999959016392,0.9999999959016392,0,False,False,False,False,False,False,False,True,False,False,False,False,False,False,False,False,True,False,False
2026-01-02,Andhra Pradesh,East Godavari,Jaggampet,Paddy(Common),Common,FAQ,2369.0,2379.0,2379.0,4,1,1,20.0,105.0,251.48571428571404,-0.7876643073811931,0,0.0,30.3,20.2,75.0,25.25,0.0,0.0,0,0,1,2320.0,0,0,0,0,2379.0,0.0,2379.0,2379.0,2379.0,0.0,0.0,0.0,2379.0,2379.0,0.0,0.0,0.9999999957965531,0.9999999957965531,0,True,False,False,False,False,False,False,False,False,False,False,True,False,False,False,False,False,False,False
2026-01-02,Andhra Pradesh,Alluri Sitharama Raju,Rampachodvaram,Paddy(Common),1001,Grade Range-2,2370.0,2370.0,2370.0,4,1,1,20.0,105.0,251.48571428571404,-0.7876643073811931,0,0.0,30.3,20.2,75.0,25.25,0.0,0.0,0,0,1,2320.0,0,0,0,0,2370.0,0.0,2370.0,2370.0,2370.0,0.0,0.0,0.0,2370.0,2370.0,0.0,0.0,0.9999999957805906,0.9999999957805906,0,False,False,False,False,False,False,True,False,False,True,False,False,False,False,False,False,False,False,False
2026-01-02,Andhra Pradesh,Nellore,Rapur,Paddy(Common),,,2370.0,2480.0,2440.0,4,1,1,20.0,105.0,251.48571428571404,-0.7876643073811931,0,0.0,30.3,20.2,75.0,25.25,0.0,0.0,0,0,1,2320.0,0,0,0,0,2440.0,0.0,2440.0,2440.0,2440.0,0.0,0.0,0.0,2440.0,2440.0,0.0,0.0,0.9999999959016392,0.9999999959016392,0,False,False,False,False,False,False,False,True,False,False,False,False,False,False,False,False,True,False,False
2026-01-03,Andhra Pradesh,East Godavari,Jaggampet,Paddy(Common),Common,FAQ,2369.0,2379.0,2379.0,5,1,1,521.1,20.0,182.19999999999976,-0.8095238095238095,0,0.0,29.7,20.4,74.0,25.049999999999997,0.0,0.0,0,0,1,2320.0,0,0,0,0,2379.0,0.0,2379.0,2379.0,2379.0,0.0,0.0,0.0,2379.0,2379.0,0.0,0.0,0.9999999957965531,0.9999999957965531,0,True,False,False,False,False,False,False,False,False,False,False,True,False,False,False,False,False,False,False
2026-01-03,Andhra Pradesh,Alluri Sitharama Raju,Rampachodvaram,Paddy(Common),1001,Grade Range-2,2370.0,2370.0,2370.0,5,1,1,521.1,20.0,182.19999999999976,-0.8095238095238095,0,0.0,29.7,20.4,74.0,25.049999999999997,0.0,0.0,0,0,1,2320.0,0,0,0,0,2370.0,0.0,2370.0,2370.0,2370.0,0.0,0.0,0.0,2370.0,2370.0,0.0,0.0,0.9999999957805906,0.9999999957805906,0,False,False,False,False,False,False,True,False,False,True,False,False,False,False,False,False,False,False,False
2026-01-03,Andhra Pradesh,Nellore,Rapur,Paddy(Common),,,2370.0,2480.0,2440.0,5,1,1,521.1,20.0,182.19999999999976,-0.8095238095238095,0,0.0,29.7,20.4,74.0,25.049999999999997,0.0,0.0,0,0,1,2320.0,0,0,0,0,2440.0,0.0,2440.0,2440.0,2440.0,0.0,0.0,0.0,2440.0,2440.0,0.0,0.0,0.9999999959016392,0.9999999959016392,0,False,False,False,False,False,False,False,True,False,False,False,False,False,False,False,False,True,False,False
2026-01-04,Andhra Pradesh,East Godavari,Jaggampet,Paddy(Common),,,2369.0,2379.0,2379.0,6,1,1,0.0,521.1,202.71428571428547,25.055,1,0.1,29.4,19.9,75.0,24.65,0.0,0.0,0,0,1,2320.0,0,0,0,0,2379.0,0.0,2379.0,2379.0,2379.0,0.0,0.0,0.0,2379.0,2379.0,0.0,0.0,0.9999999957965531,0.9999999957965531,0,True,False,False,False,False,False,False,False,False,False,False,True,False,False,False,False,False,False,False
2026-01-04,Andhra Pradesh,Alluri Sitharama Raju,Rampachodvaram,Paddy(Common),,,2370.0,2370.0,2370.0,6,1,1,0.0,521.1,202.71428571428547,25.055,1,0.1,29.4,19.9,75.0,24.65,0.0,0.0,0,0,1,2320.0,0,0,0,0,2370.0,0.0,2370.0,2370.0,2370.0,0.0,0.0,0.0,2370.0,2370.0,0.0,0.0,0.9999999957805906,0.9999999957805906,0,False,False,False,False,False,False,True,False,False,True,False,False,False,False,False,False,False,False,False
2026-01-04,Andhra Pradesh,Nellore,Rapur,Paddy(Common),,,2370.0,2480.0,2440.0,6,1,1,0.0,521.1,202.71428571428547,25.055,1,0.1,29.4,19.9,75.0,24.65,0.0,0.0,0,0,1,2320.0,0,0,0,0,2440.0,0.0,2440.0,2440.0,2440.0,0.0,0.0,0.0,2440.0,2440.0,0.0,0.0,0.9999999959016392,0.9999999959016392,0,False,False,False,False,False,False,False,True,False,False,False,False,False,False,False,False,True,False,False
2026-01-05,Andhra Pradesh,East Godavari,Jaggampet,Paddy(Common),,,2369.0,2379.0,2379.0,0,1,2,2.0,0.0,202.71428571428547,-1.0,1,0.0,29.3,19.6,73.0,24.450000000000003,0.1,0.0,0,0,1,2320.0,0,0,0,0,2379.0,0.0,2379.0,2379.0,2379.0,0.0,0.0,0.0,2379.0,2379.0,0.0,0.0,0.9999999957965531,0.9999999957965531,0,True,False,False,False,False,False,False,False,False,False,False,True,False,False,False,False,False,False,False
2026-01-05,Andhra Pradesh,Alluri Sitharama Raju,Rampachodvaram,Paddy(Common),1001,Grade Range-2,2370.0,2370.0,2370.0,0,1,2,2.0,0.0,202.71428571428547,-1.0,1,0.0,29.3,19.6,73.0,24.450000000000003,0.1,0.0,0,0,1,2320.0,0,0,0,0,2370.0,0.0,2370.0,2370.0,2370.0,0.0,0.0,0.0,2370.0,2370.0,0.0,0.0,0.9999999957805906,0.9999999957805906,0,False,False,False,False,False,False,True,False,False,True,False,False,False,False,False,False,False,False,False
2026-01-05,Andhra Pradesh,Nellore,Rapur,Paddy(Common),,,2370.0,2480.0,2440.0,0,1,2,2.0,0.0,202.71428571428547,-1.0,1,0.0,29.3,19.6,73.0,24.450000000000003,0.1,0.0,0,0,1,2320.0,0,0,0,0,2440.0,0.0,2440.0,2440.0,2440.0,0.0,0.0,0.0,2440.0,2440.0,0.0,0.0,0.9999999959016392,0.9999999959016392,0,False,False,False,False,False,False,False,True,False,False,False,False,False,False,False,False,True,False,False
2026-01-06,Andhra Pradesh,East Godavari,Jaggampet,Paddy(Common),,,2369.0,2379.0,2379.0,1,1,2,3.0,2.0,166.8571428571426,0.0,1,0.0,29.4,19.3,70.0,24.35,0.1,0.0,0,0,1,2320.0,0,0,0,0,2379.0,0.0,2379.0,2379.0,2379.0,0.0,0.0,0.0,2379.0,2379.0,0.0,0.0,0.9999999957965531,0.9999999957965531,0,True,False,False,False,False,False,False,False,False,False,False,True,False,False,False,False,False,False,False
2026-01-06,Andhra Pradesh,Alluri Sitharama Raju,Rampachodvaram,Paddy(Common),1001,Grade Range-2,2370.0,2370.0,2370.0,1,1,2,3.0,2.0,166.8571428571426,0.0,1,0.0,29.4,19.3,70.0,24.35,0.1,0.0,0,0,1,2320.0,0,0,0,0,2370.0,0.0,2370.0,2370.0,2370.0,0.0,0.0,0.0,2370.0,2370.0,0.0,0.0,0.9999999957805906,0.9999999957805906,0,False,False,False,False,False,False,True,False,False,True,False,False,False,False,False,False,False,False,False
2026-01-06,Andhra Pradesh,Nellore,Rapur,Paddy(Common),,,2370.0,2480.0,2440.0,1,1,2,3.0,2.0,166.8571428571426,0.0,1,0.0,29.4,19.3,70.0,24.35,0.1,0.0,0,0,1,2320.0,0,0,0,0,2440.0,0.0,2440.0,2440.0,2440.0,0.0,0.0,0.0,2440.0,2440.0,0.0,0.0,0.9999999959016392,0.9999999959016392,0,False,False,False,False,False,False,False,True,False,False,False,False,False,False,False,False,True,False,False
2026-01-07,Andhra Pradesh,East Godavari,Jaggampet,Paddy(Common),,,2369.0,2379.0,2379.0,2,1,2,3.0,3.0,163.6571428571426,0.5,1,0.0,29.3,18.1,67.0,23.700000000000003,0.1,0.0,0,0,1,2320.0,0,0,0,0,2379.0,0.0,2379.0,2379.0,2379.0,0.0,0.0,0.0,2379.0,2379.0,0.0,0.0,0.9999999957965531,0.9999999957965531,0,True,False,False,False,False,False,False,False,False,False,False,True,False,False,False,False,False,False,False
2026-01-07,Andhra Pradesh,Alluri Sitharama Raju,Rampachodvaram,Paddy(Common),1001,Grade Range-2,2370.0,2370.0,2370.0,2,1,2,3.0,3.0,163.6571428571426,0.5,1,0.0,29.3,18.1,67.0,23.700000000000003,0.1,0.0,0,0,1,2320.0,0,0,0,0,2370.0,0.0,2370.0,2370.0,2370.0,0.0,0.0,0.0,2370.0,2370.0,0.0,0.0,0.9999999957805906,0.9999999957805906,0,False,False,False,False,False,False,True,False,False,True,False,False,False,False,False,False,False,False,False
2026-01-07,Andhra Pradesh,Nellore,Rapur,Paddy(Common),,,2370.0,2480.0,2440.0,2,1,2,3.0,3.0,163.6571428571426,0.5,1,0.0,29.3,18.1,67.0,23.700000000000003,0.1,0.0,0,0,1,2320.0,0,0,0,0,2440.0,0.0,2440.0,2440.0,2440.0,0.0,0.0,0.0,2440.0,2440.0,0.0,0.0,0.9999999959016392,0.9999999959016392,0,False,False,False,False,False,False,False,True,False,False,False,False,False,False,False,False,True,False,False
2026-01-08,Andhra Pradesh,East Godavari,Jaggampet,Paddy(Common),,,2369.0,2379.0,2379.0,3,1,2,4.5,3.0,93.44285714285688,0.0,1,0.0,28.8,17.4,60.0,23.1,0.1,0.0,0,0,1,2320.0,0,0,0,0,2379.0,0.0,2379.0,2379.0,2379.0,0.0,0.0,0.0,2379.0,2379.0,0.0,0.0,0.9999999957965531,0.9999999957965531,0,True,False,False,False,False,False,False,False,False,False,False,True,False,False,False,False,False,False,False
2026-01-08,Andhra Pradesh,Alluri Sitharama Raju,Rampachodvaram,Paddy(Common),1001,Grade Range-2,2370.0,2370.0,2370.0,3,1,2,4.5,3.0,93.44285714285688,0.0,1,0.0,28.8,17.4,60.0,23.1,0.1,0.0,0,0,1,2320.0,0,0,0,0,2370.0,0.0,2370.0,2370.0,2370.0,0.0,0.0,0.0,2370.0,2370.0,0.0,0.0,0.9999999957805906,0.9999999957805906,0,False,False,False,False,False,False,True,False,False,True,False,False,False,False,False,False,False,False,False
2026-01-08,Andhra Pradesh,Nellore,Rapur,Paddy(Common),,,2370.0,2480.0,2440.0,3,1,2,4.5,3.0,93.44285714285688,0.0,1,0.0,28.8,17.4,60.0,23.1,0.1,0.0,0,0,1,2320.0,0,0,0,0,2440.0,0.0,2440.0,2440.0,2440.0,0.0,0.0,0.0,2440.0,2440.0,0.0,0.0,0.9999999959016392,0.9999999959016392,0,False,False,False,False,False,False,False,True,False,False,False,False,False,False,False,False,True,False,False
2026-01-09,Andhra Pradesh,East Godavari,Jaggampet,Paddy(Common),,,2369.0,2379.0,2379.0,4,1,2,3.5,4.5,79.08571428571403,0.5,1,0.0,27.4,16.7,58.0,22.049999999999997,0.1,0.0,0,0,1,2320.0,0,0,0,0,2379.0,0.0,2379.0,2379.0,2379.0,0.0,0.0,0.0,2379.0,2379.0,0.0,0.0,0.9999999957965531,0.9999999957965531,0,True,False,False,False,False,False,False,False,False,False,False,True,False,False,False,False,False,False,False
2026-01-09,Andhra Pradesh,Alluri Sitharama Raju,Rampachodvaram,Paddy(Common),,,2370.0,2370.0,2370.0,4,1,2,3.5,4.5,79.08571428571403,0.5,1,0.0,27.4,16.7,58.0,22.049999999999997,0.1,0.0,0,0,1,2320.0,0,0,0,0,2370.0,0.0,2370.0,2370.0,2370.0,0.0,0.0,0.0,2370.0,2370.0,0.0,0.0,0.9999999957805906,0.9999999957805906,0,False,False,False,False,False,False,True,False,False,True,False,False,False,False,False,False,False,False,False
2026-01-09,Andhra Pradesh,Nellore,Rapur,Paddy(Common),,,2370.0,2480.0,2440.0,4,1,2,3.5,4.5,79.08571428571403,0.5,1,0.0,27.4,16.7,58.0,22.049999999999997,0.1,0.0,0,0,1,2320.0,0,0,0,0,2440.0,0.0,2440.0,2440.0,2440.0,0.0,0.0,0.0,2440.0,2440.0,0.0,0.0,0.9999999959016392,0.9999999959016392,0,False,False,False,False,False,False,False,True,False,False,False,False,False,False,False,False,True,False,False
2026-01-10,Andhra Pradesh,East Godavari,Jaggampet,Paddy(Common),,,2369.0,2379.0,2379.0,5,1,2,0.0,3.5,76.72857142857117,-0.2222222222222222,1,0.0,28.0,20.0,50.0,24.0,0.1,0.0,0,0,1,2320.0,0,0,0,0,2379.0,0.0,2379.0,2379.0,2379.0,0.0,0.0,0.0,2379.0,2379.0,0.0,0.0,0.9999999957965531,0.9999999957965531,0,True,False,False,False,False,False,False,False,False,False,False,True,False,False,False,False,False,False,False
2026-01-10,Andhra Pradesh,Alluri Sitharama Raju,Rampachodvaram,Paddy(Common),,,2370.0,2370.0,2370.0,5,1,2,0.0,3.5,76.72857142857117,-0.2222222222222222,1,0.0,28.0,20.0,50.0,24.0,0.1,0.0,0,0,1,2320.0,0,0,0,0,2370.0,0.0,2370.0,2370.0,2370.0,0.0,0.0,0.0,2370.0,2370.0,0.0,0.0,0.9999999957805906,0.9999999957805906,0,False,False,False,False,False,False,True,False,False,True,False,False,False,False,False,False,False,False,False
2026-01-10,Andhra Pradesh,Nellore,Rapur,Paddy(Common),,,2370.0,2480.0,2440.0,5,1,2,0.0,3.5,76.72857142857117,-0.2222222222222222,1,0.0,28.0,20.0,50.0,24.0,0.1,0.0,0,0,1,2320.0,0,0,0,0,2440.0,0.0,2440.0,2440.0,2440.0,0.0,0.0,0.0,2440.0,2440.0,0.0,0.0,0.9999999959016392,0.9999999959016392,0,False,False,False,False,False,False,False,True,False,False,False,False,False,False,False,False,True,False,False
2026-01-11,Andhra Pradesh,East Godavari,Jaggampet,Paddy(Common),,,2369.0,2379.0,2379.0,6,1,2,154.0,0.0,2.285714285714026,-1.0,1,0.4,27.2,17.9,54.0,22.549999999999997,0.1,0.0,0,0,1,2320.0,0,0,0,0,2379.0,0.0,2379.0,2379.0,2379.0,0.0,0.0,0.0,2379.0,2379.0,0.0,0.0,0.9999999957965531,0.9999999957965531,0,True,False,False,False,False,False,False,False,False,False,False,True,False,False,False,False,False,False,False
2026-01-11,Andhra Pradesh,Alluri Sitharama Raju,Rampachodvaram,Paddy(Common),,,2370.0,2370.0,2370.0,6,1,2,154.0,0.0,2.285714285714026,-1.0,1,0.4,27.2,17.9,54.0,22.549999999999997,0.1,0.0,0,0,1,2320.0,0,0,0,0,2370.0,0.0,2370.0,2370.0,2370.0,0.0,0.0,0.0,2370.0,2370.0,0.0,0.0,0.9999999957805906,0.9999999957805906,0,False,False,False,False,False,False,True,False,False,True,False,False,False,False,False,False,False,False,False
2026-01-11,Andhra Pradesh,Nellore,Rapur,Paddy(Common),,,2370.0,2480.0,2440.0,6,1,2,154.0,0.0,2.285714285714026,-1.0,1,0.4,27.2,17.9,54.0,22.549999999999997,0.1,0.0,0,0,1,2320.0,0,0,0,0,2440.0,0.0,2440.0,2440.0,2440.0,0.0,0.0,0.0,2440.0,2440.0,0.0,0.0,0.9999999959016392,0.9999999959016392,0,False,False,False,False,False,False,False,True,False,False,False,False,False,False,False,False,True,False,False
2026-01-12,Andhra Pradesh,East Godavari,Jaggampet,Paddy(Common),,,2369.0,2379.0,2379.0,0,1,3,3.0,154.0,24.285714285714025,0.0,1,0.0,29.1,20.6,55.0,24.85,0.4,-0.04285714285714287,0,0,1,2320.0,0,0,0,0,2379.0,0.0,2379.0,2379.0,2379.0,0.0,0.0,0.0,2379.0,2379.0,0.0,0.0,0.9999999957965531,0.9999999957965531,0,True,False,False,False,False,False,False,False,False,False,False,True,False,False,False,False,False,False,False
2026-01-12,Andhra Pradesh,Alluri Sitharama Raju,Rampachodvaram,Paddy(Common),1001,Grade Range-2,2370.0,2370.0,2370.0,0,1,3,3.0,154.0,24.285714285714025,0.0,1,0.0,29.1,20.6,55.0,24.85,0.4,-0.04285714285714287,0,0,1,2320.0,0,0,0,0,2370.0,0.0,2370.0,2370.0,2370.0,0.0,0.0,0.0,2370.0,2370.0,0.0,0.0,0.9999999957805906,0.9999999957805906,0,False,False,False,False,False,False,True,False,False,True,False,False,False,False,False,False,False,False,False
2026-01-12,Andhra Pradesh,Nellore,Rapur,Paddy(Common),,,2370.0,2480.0,2440.0,0,1,3,3.0,154.0,24.285714285714025,0.0,1,0.0,29.1,20.6,55.0,24.85,0.4,-0.04285714285714287,0,0,1,2320.0,0,0,0,0,2440.0,0.0,2440.0,2440.0,2440.0,0.0,0.0,0.0,2440.0,2440.0,0.0,0.0,0.9999999959016392,0.9999999959016392,0,False,False,False,False,False,False,False,True,False,False,False,False,False,False,False,False,True,False,False
2026-01-13,Andhra Pradesh,East Godavari,Jaggampet,Paddy(Common),,,2369.0,2379.0,2379.0,1,1,3,2.5,3.0,24.428571428571168,-0.9805194805194806,1,0.0,31.1,20.2,58.0,25.65,0.4,-0.04285714285714287,0,0,1,2320.0,0,0,0,0,2379.0,0.0,2379.0,2379.0,2379.0,0.0,0.0,0.0,2379.0,2379.0,0.0,0.0,0.9999999957965531,0.9999999957965531,0,True,False,False,False,False,False,False,False,False,False,False,True,False,False,False,False,False,False,False
2026-01-13,Andhra Pradesh,Alluri Sitharama Raju,Rampachodvaram,Paddy(Common),,,2370.0,2370.0,2370.0,1,1,3,2.5,3.0,24.428571428571168,-0.9805194805194806,1,0.0,31.1,20.2,58.0,25.65,0.4,-0.04285714285714287,0,0,1,2320.0,0,0,0,0,2370.0,0.0,2370.0,2370.0,2370.0,0.0,0.0,0.0,2370.0,2370.0,0.0,0.0,0.9999999957805906,0.9999999957805906,0,False,False,False,False,False,False,True,False,False,True,False,False,False,False,False,False,False,False,False
2026-01-13,Andhra Pradesh,Nellore,Rapur,Paddy(Common),,,2370.0,2480.0,2440.0,1,1,3,2.5,3.0,24.428571428571168,-0.9805194805194806,1,0.0,31.1,20.2,58.0,25.65,0.4,-0.04285714285714287,0,0,1,2320.0,0,0,0,0,2440.0,0.0,2440.0,2440.0,2440.0,0.0,0.0,0.0,2440.0,2440.0,0.0,0.0,0.9999999959016392,0.9999999959016392,0,False,False,False,False,False,False,False,True,False,False,False,False,False,False,False,False,True,False,False
2026-01-14,Andhra Pradesh,East Godavari,Jaggampet,Paddy(Common),,,2369.0,2379.0,2379.0,2,1,3,0.0,2.5,24.3571428571426,-0.16666666666666663,1,0.0,31.3,18.9,70.0,25.1,0.4,-0.04285714285714287,0,0,1,2320.0,0,0,0,0,2379.0,0.0,2379.0,2379.0,2379.0,0.0,0.0,0.0,2379.0,2379.0,0.0,0.0,0.9999999957965531,0.9999999957965531,0,True,False,False,False,False,False,False,False,False,False,False,True,False,False,False,False,False,False,False
2026-01-14,Andhra Pradesh,Alluri Sitharama Raju,Rampachodvaram,Paddy(Common),,,2370.0,2370.0,2370.0,2,1,3,0.0,2.5,24.3571428571426,-0.16666666666666663,1,0.0,31.3,18.9,70.0,25.1,0.4,-0.04285714285714287,0,0,1,2320.0,0,0,0,0,2370.0,0.0,2370.0,2370.0,2370.0,0.0,0.0,0.0,2370.0,2370.0,0.0,0.0,0.9999999957805906,0.9999999957805906,0,False,False,False,False,False,False,True,False,False,True,False,False,False,False,False,False,False,False,False
2026-01-14,Andhra Pradesh,Nellore,Rapur,Paddy(Common),,,2370.0,2480.0,2440.0,2,1,3,0.0,2.5,24.3571428571426,-0.16666666666666663,1,0.0,31.3,18.9,70.0,25.1,0.4,-0.04285714285714287,0,0,1,2320.0,0,0,0,0,2440.0,0.0,2440.0,2440.0,2440.0,0.0,0.0,0.0,2440.0,2440.0,0.0,0.0,0.9999999959016392,0.9999999959016392,0,False,False,False,False,False,False,False,True,False,False,False,False,False,False,False,False,True,False,False
2026-01-15,Andhra Pradesh,East Godavari,Jaggampet,Paddy(Common),,,2369.0,2379.0,2379.0,3,1,3,0.0,0.0,23.928571428571168,-1.0,1,0.1,31.3,20.1,76.0,25.700000000000003,0.4,-0.04285714285714287,0,0,1,2320.0,0,0,0,0,2379.0,0.0,2379.0,2379.0,2379.0,0.0,0.0,0.0,2379.0,2379.0,0.0,0.0,0.9999999957965531,0.9999999957965531,0,True,False,False,False,False,False,False,False,False,False,False,True,False,False,False,False,False,False,False
2026-01-15,Andhra Pradesh,Alluri Sitharama Raju,Rampachodvaram,Paddy(Common),,,2370.0,2370.0,2370.0,3,1,3,0.0,0.0,23.928571428571168,-1.0,1,0.1,31.3,20.1,76.0,25.700000000000003,0.4,-0.04285714285714287,0,0,1,2320.0,0,0,0,0,2370.0,0.0,2370.0,2370.0,2370.0,0.0,0.0,0.0,2370.0,2370.0,0.0,0.0,0.9999999957805906,0.9999999957805906,0,False,False,False,False,False,False,True,False,False,True,False,False,False,False,False,False,False,False,False
2026-01-15,Andhra Pradesh,Nellore,Rapur,Paddy(Common),,,2370.0,2480.0,2440.0,3,1,3,0.0,0.0,23.928571428571168,-1.0,1,0.1,31.3,20.1,76.0,25.700000000000003,0.4,-0.04285714285714287,0,0,1,2320.0,0,0,0,0,2440.0,0.0,2440.0,2440.0,2440.0,0.0,0.0,0.0,2440.0,2440.0,0.0,0.0,0.9999999959016392,0.9999999959016392,0,False,False,False,False,False,False,False,True,False,False,False,False,False,False,False,False,True,False,False
2026-01-16,Andhra Pradesh,East Godavari,Jaggampet,Paddy(Common),,,2369.0,2379.0,2379.0,4,1,3,0.0,0.0,23.285714285714025,0.0,1,0.0,30.9,20.2,74.0,25.549999999999997,0.5,0.057142857142857106,0,0,1,2320.0,0,0,0,0,2379.0,0.0,2379.0,2379.0,2379.0,0.0,0.0,0.0,2379.0,2379.0,0.0,0.0,0.9999999957965531,0.9999999957965531,0,True,False,False,False,False,False,False,False,False,False,False,True,False,False,False,False,False,False,False
2026-01-16,Andhra Pradesh,Alluri Sitharama Raju,Rampachodvaram,Paddy(Common),,,2370.0,2370.0,2370.0,4,1,3,0.0,0.0,23.285714285714025,0.0,1,0.0,30.9,20.2,74.0,25.549999999999997,0.5,0.057142857142857106,0,0,1,2320.0,0,0,0,0,2370.0,0.0,2370.0,2370.0,2370.0,0.0,0.0,0.0,2370.0,2370.0,0.0,0.0,0.9999999957805906,0.9999999957805906,0,False,False,False,False,False,False,True,False,False,True,False,False,False,False,False,False,False,False,False
2026-01-16,Andhra Pradesh,Nellore,Rapur,Paddy(Common),,,2370.0,2480.0,2440.0,4,1,3,0.0,0.0,23.285714285714025,0.0,1,0.0,30.9,20.2,74.0,25.549999999999997,0.5,0.057142857142857106,0,0,1,2320.0,0,0,0,0,2440.0,0.0,2440.0,2440.0,2440.0,0.0,0.0,0.0,2440.0,2440.0,0.0,0.0,0.9999999959016392,0.9999999959016392,0,False,False,False,False,False,False,False,True,False,False,False,False,False,False,False,False,True,False,False
2026-01-17,Andhra Pradesh,East Godavari,Jaggampet,Paddy(Common),,,2369.0,2379.0,2379.0,5,1,3,0.0,0.0,22.785714285714025,0.0,1,0.0,30.4,18.3,77.0,24.35,0.5,0.057142857142857106,0,0,1,2320.0,0,0,0,0,2379.0,0.0,2379.0,2379.0,2379.0,0.0,0.0,0.0,2379.0,2379.0,0.0,0.0,0.9999999957965531,0.9999999957965531,0,True,False,False,False,False,False,False,False,False,False,False,True,False,False,False,False,False,False,False
2026-01-17,Andhra Pradesh,Alluri Sitharama Raju,Rampachodvaram,Paddy(Common),,,2370.0,2370.0,2370.0,5,1,3,0.0,0.0,22.785714285714025,0.0,1,0.0,30.4,18.3,77.0,24.35,0.5,0.057142857142857106,0,0,1,2320.0,0,0,0,0,2370.0,0.0,2370.0,2370.0,2370.0,0.0,0.0,0.0,2370.0,2370.0,0.0,0.0,0.9999999957805906,0.9999999957805906,0,False,False,False,False,False,False,True,False,False,True,False,False,False,False,False,False,False,False,False
2026-01-17,Andhra Pradesh,Nellore,Rapur,Paddy(Common),,,2370.0,2480.0,2440.0,5,1,3,0.0,0.0,22.785714285714025,0.0,1,0.0,30.4,18.3,77.0,24.35,0.5,0.057142857142857106,0,0,1,2320.0,0,0,0,0,2440.0,0.0,2440.0,2440.0,2440.0,0.0,0.0,0.0,2440.0,2440.0,0.0,0.0,0.9999999959016392,0.9999999959016392,0,False,False,False,False,False,False,False,True,False,False,False,False,False,False,False,False,True,False,False
2026-01-18,Andhra Pradesh,East Godavari,Jaggampet,Paddy(Common),,,2369.0,2379.0,2379.0,6,1,3,0.0,0.0,22.785714285714025,0.0,1,0.0,30.4,17.8,78.0,24.1,0.5,0.057142857142857106,0,0,1,2320.0,0,0,0,0,2379.0,0.0,2379.0,2379.0,2379.0,0.0,0.0,0.0,2379.0,2379.0,0.0,0.0,0.9999999957965531,0.9999999957965531,0,True,False,False,False,False,False,False,False,False,False,False,True,False,False,False,False,False,False,False
2026-01-18,Andhra Pradesh,Alluri Sitharama Raju,Rampachodvaram,Paddy(Common),,,2370.0,2370.0,2370.0,6,1,3,0.0,0.0,22.785714285714025,0.0,1,0.0,30.4,17.8,78.0,24.1,0.5,0.057142857142857106,0,0,1,2320.0,0,0,0,0,2370.0,0.0,2370.0,2370.0,2370.0,0.0,0.0,0.0,2370.0,2370.0,0.0,0.0,0.9999999957805906,0.9999999957805906,0,False,False,False,False,False,False,True,False,False,True,False,False,False,False,False,False,False,False,False
2026-01-18,Andhra Pradesh,Nellore,Rapur,Paddy(Common),,,2370.0,2480.0,2440.0,6,1,3,0.0,0.0,22.785714285714025,0.0,1,0.0,30.4,17.8,78.0,24.1,0.5,0.057142857142857106,0,0,1,2320.0,0,0,0,0,2440.0,0.0,2440.0,2440.0,2440.0,0.0,0.0,0.0,2440.0,2440.0,0.0,0.0,0.9999999959016392,0.9999999959016392,0,False,False,False,False,False,False,False,True,False,False,False,False,False,False,False,False,True,False,False
2026-01-19,Andhra Pradesh,East Godavari,Jaggampet,Paddy(Common),,,2369.0,2379.0,2379.0,0,1,4,3.0,0.0,0.7857142857140259,0.0,1,0.0,30.7,18.4,76.0,24.549999999999997,0.1,0.04285714285714286,0,0,1,2320.0,0,0,0,0,2379.0,0.0,2379.0,2379.0,2379.0,0.0,0.0,0.0,2379.0,2379.0,0.0,0.0,0.9999999957965531,0.9999999957965531,0,True,False,False,False,False,False,False,False,False,False,False,True,False,False,False,False,False,False,False
2026-01-19,Andhra Pradesh,Alluri Sitharama Raju,Rampachodvaram,Paddy(Common),1001,Grade Range-2,2370.0,2370.0,2370.0,0,1,4,3.0,0.0,0.7857142857140259,0.0,1,0.0,30.7,18.4,76.0,24.549999999999997,0.1,0.04285714285714286,0,0,1,2320.0,0,0,0,0,2370.0,0.0,2370.0,2370.0,2370.0,0.0,0.0,0.0,2370.0,2370.0,0.0,0.0,0.9999999957805906,0.9999999957805906,0,False,False,False,False,False,False,True,False,False,True,False,False,False,False,False,False,False,False,False
2026-01-19,Andhra Pradesh,Nellore,Rapur,Paddy(Common),,,2370.0,2480.0,2440.0,0,1,4,3.0,0.0,0.7857142857140259,0.0,1,0.0,30.7,18.4,76.0,24.549999999999997,0.1,0.04285714285714286,0,0,1,2320.0,0,0,0,0,2440.0,0.0,2440.0,2440.0,2440.0,0.0,0.0,0.0,2440.0,2440.0,0.0,0.0,0.9999999959016392,0.9999999959016392,0,False,False,False,False,False,False,False,True,False,False,False,False,False,False,False,False,True,False,False
2026-01-20,Andhra Pradesh,East Godavari,Jaggampet,Paddy(Common),,,2369.0,2379.0,2379.0,1,1,4,5.5,3.0,0.7857142857140259,0.0,1,0.0,30.5,18.4,71.0,24.45,0.1,0.04285714285714286,0,0,1,2320.0,0,0,0,0,2379.0,0.0,2379.0,2379.0,2379.0,0.0,0.0,0.0,2379.0,2379.0,0.0,0.0,0.9999999957965531,0.9999999957965531,0,True,False,False,False,False,False,False,False,False,False,False,True,False,False,False,False,False,False,False
2026-01-20,Andhra Pradesh,Alluri Sitharama Raju,Rampachodvaram,Paddy(Common),,,2370.0,2370.0,2370.0,1,1,4,5.5,3.0,0.7857142857140259,0.0,1,0.0,30.5,18.4,71.0,24.45,0.1,0.04285714285714286,0,0,1,2320.0,0,0,0,0,2370.0,0.0,2370.0,2370.0,2370.0,0.0,0.0,0.0,2370.0,2370.0,0.0,0.0,0.9999999957805906,0.9999999957805906,0,False,False,False,False,False,False,True,False,False,True,False,False,False,False,False,False,False,False,False
2026-01-20,Andhra Pradesh,Nellore,Rapur,Paddy(Common),,,2370.0,2480.0,2440.0,1,1,4,5.5,3.0,0.7857142857140259,0.0,1,0.0,30.5,18.4,71.0,24.45,0.1,0.04285714285714286,0,0,1,2320.0,0,0,0,0,2440.0,0.0,2440.0,2440.0,2440.0,0.0,0.0,0.0,2440.0,2440.0,0.0,0.0,0.9999999959016392,0.9999999959016392,0,False,False,False,False,False,False,False,True,False,False,False,False,False,False,False,False,True,False,False
2026-01-21,Andhra Pradesh,East Godavari,Jaggampet,Paddy(Common),,,2369.0,2379.0,2379.0,2,1,4,0.0,5.5,1.2142857142854544,0.8333333333333333,1,0.0,30.2,18.7,63.0,24.45,0.1,0.04285714285714286,0,0,1,2320.0,0,0,0,0,2379.0,0.0,2379.0,2379.0,2379.0,0.0,0.0,0.0,2379.0,2379.0,0.0,0.0,0.9999999957965531,0.9999999957965531,0,True,False,False,False,False,False,False,False,False,False,False,True,False,False,False,False,False,False,False
2026-01-21,Andhra Pradesh,Alluri Sitharama Raju,Rampachodvaram,Paddy(Common),,,2370.0,2370.0,2370.0,2,1,4,0.0,5.5,1.2142857142854544,0.8333333333333333,1,0.0,30.2,18.7,63.0,24.45,0.1,0.04285714285714286,0,0,1,2320.0,0,0,0,0,2370.0,0.0,2370.0,2370.0,2370.0,0.0,0.0,0.0,2370.0,2370.0,0.0,0.0,0.9999999957805906,0.9999999957805906,0,False,False,False,False,False,False,True,False,False,True,False,False,False,False,False,False,False,False,False
2026-01-21,Andhra Pradesh,Nellore,Rapur,Paddy(Common),,,2370.0,2480.0,2440.0,2,1,4,0.0,5.5,1.2142857142854544,0.8333333333333333,1,0.0,30.2,18.7,63.0,24.45,0.1,0.04285714285714286,0,0,1,2320.0,0,0,0,0,2440.0,0.0,2440.0,2440.0,2440.0,0.0,0.0,0.0,2440.0,2440.0,0.0,0.0,0.9999999959016392,0.9999999959016392,0,False,False,False,False,False,False,False,True,False,False,False,False,False,False,False,False,True,False,False
2026-01-22,Andhra Pradesh,East Godavari,Jaggampet,Paddy(Common),,,2369.0,2379.0,2379.0,3,1,4,158.9,0.0,1.2142857142854544,-1.0,0,0.0,29.8,17.9,66.0,23.85,0.1,0.04285714285714286,0,0,1,2320.0,0,0,0,0,2379.0,0.0,2379.0,2379.0,2379.0,0.0,0.0,0.0,2379.0,2379.0,0.0,0.0,0.9999999957965531,0.9999999957965531,0,True,False,False,False,False,False,False,False,False,False,False,True,False,False,False,False,False,False,False
2026-01-22,Andhra Pradesh,Alluri Sitharama Raju,Rampachodvaram,Paddy(Common),,,2370.0,2370.0,2370.0,3,1,4,158.9,0.0,1.2142857142854544,-1.0,0,0.0,29.8,17.9,66.0,23.85,0.1,0.04285714285714286,0,0,1,2320.0,0,0,0,0,2370.0,0.0,2370.0,2370.0,2370.0,0.0,0.0,0.0,2370.0,2370.0,0.0,0.0,0.9999999957805906,0.9999999957805906,0,False,False,False,False,False,False,True,False,False,True,False,False,False,False,False,False,False,False,False
2026-01-22,Andhra Pradesh,Nellore,Rapur,Paddy(Common),,,2370.0,2480.0,2440.0,3,1,4,158.9,0.0,1.2142857142854544,-1.0,0,0.0,29.8,17.9,66.0,23.85,0.1,0.04285714285714286,0,0,1,2320.0,0,0,0,0,2440.0,0.0,2440.0,2440.0,2440.0,0.0,0.0,0.0,2440.0,2440.0,0.0,0.0,0.9999999959016392,0.9999999959016392,0,False,False,False,False,False,False,False,True,False,False,False,False,False,False,False,False,True,False,False
2026-01-23,Andhra Pradesh,East Godavari,Jaggampet,Paddy(Common),,,2369.0,2379.0,2379.0,4,1,4,245.6,158.9,23.914285714285455,0.0,0,0.0,29.5,18.7,71.0,24.1,0.0,-0.05714285714285715,0,0,1,2320.0,0,0,0,0,2379.0,0.0,2379.0,2379.0,2379.0,0.0,0.0,0.0,2379.0,2379.0,0.0,0.0,0.9999999957965531,0.9999999957965531,0,True,False,False,False,False,False,False,False,False,False,False,True,False,False,False,False,False,False,False
2026-01-23,Andhra Pradesh,Alluri Sitharama Raju,Rampachodvaram,Paddy(Common),,,2370.0,2370.0,2370.0,4,1,4,245.6,158.9,23.914285714285455,0.0,0,0.0,29.5,18.7,71.0,24.1,0.0,-0.05714285714285715,0,0,1,2320.0,0,0,0,0,2370.0,0.0,2370.0,2370.0,2370.0,0.0,0.0,0.0,2370.0,2370.0,0.0,0.0,0.9999999957805906,0.9999999957805906,0,False,False,False,False,False,False,True,False,False,True,False,False,False,False,False,False,False,False,False
2026-01-23,Andhra Pradesh,Nellore,Rapur,Paddy(Common),,,2370.0,2480.0,2440.0,4,1,4,245.6,158.9,23.914285714285455,0.0,0,0.0,29.5,18.7,71.0,24.1,0.0,-0.05714285714285715,0,0,1,2320.0,0,0,0,0,2440.0,0.0,2440.0,2440.0,2440.0,0.0,0.0,0.0,2440.0,2440.0,0.0,0.0,0.9999999959016392,0.9999999959016392,0,False,False,False,False,False,False,False,True,False,False,False,False,False,False,False,False,True,False,False
2026-01-24,Andhra Pradesh,East Godavari,Jaggampet,Paddy(Common),,,2369.0,2379.0,2379.0,5,1,4,2.5,245.6,58.99999999999974,0.5456261799874134,1,0.0,29.7,20.8,68.0,25.25,0.0,-0.05714285714285715,0,0,1,2320.0,0,0,0,0,2379.0,0.0,2379.0,2379.0,2379.0,0.0,0.0,0.0,2379.0,2379.0,0.0,0.0,0.9999999957965531,0.9999999957965531,0,True,False,False,False,False,False,False,False,False,False,False,True,False,False,False,False,False,False,False
2026-01-24,Andhra Pradesh,Alluri Sitharama Raju,Rampachodvaram,Paddy(Common),1001,Grade Range-2,2370.0,2370.0,2370.0,5,1,4,2.5,245.6,58.99999999999974,0.5456261799874134,1,0.0,29.7,20.8,68.0,25.25,0.0,-0.05714285714285715,0,0,1,2320.0,0,0,0,0,2370.0,0.0,2370.0,2370.0,2370.0,0.0,0.0,0.0,2370.0,2370.0,0.0,0.0,0.9999999957805906,0.9999999957805906,0,False,False,False,False,False,False,True,False,False,True,False,False,False,False,False,False,False,False,False
2026-01-24,Andhra Pradesh,Nellore,Rapur,Paddy(Common),,,2370.0,2480.0,2440.0,5,1,4,2.5,245.6,58.99999999999974,0.5456261799874134,1,0.0,29.7,20.8,68.0,25.25,0.0,-0.05714285714285715,0,0,1,2320.0,0,0,0,0,2440.0,0.0,2440.0,2440.0,2440.0,0.0,0.0,0.0,2440.0,2440.0,0.0,0.0,0.9999999959016392,0.9999999959016392,0,False,False,False,False,False,False,False,True,False,False,False,False,False,False,False,False,True,False,False
2026-01-25,Andhra Pradesh,East Godavari,Jaggampet,Paddy(Common),,,2369.0,2379.0,2379.0,6,1,4,0.0,2.5,59.3571428571426,-0.9898208469055375,1,0.0,31.3,21.4,65.0,26.35,0.0,-0.05714285714285715,0,0,1,2320.0,0,0,0,0,2379.0,0.0,2379.0,2379.0,2379.0,0.0,0.0,0.0,2379.0,2379.0,0.0,0.0,0.9999999957965531,0.9999999957965531,0,True,False,False,False,False,False,False,False,False,False,False,True,False,False,False,False,False,False,False
2026-01-25,Andhra Pradesh,Alluri Sitharama Raju,Rampachodvaram,Paddy(Common),,,2370.0,2370.0,2370.0,6,1,4,0.0,2.5,59.3571428571426,-0.9898208469055375,1,0.0,31.3,21.4,65.0,26.35,0.0,-0.05714285714285715,0,0,1,2320.0,0,0,0,0,2370.0,0.0,2370.0,2370.0,2370.0,0.0,0.0,0.0,2370.0,2370.0,0.0,0.0,0.9999999957805906,0.9999999957805906,0,False,False,False,False,False,False,True,False,False,True,False,False,False,False,False,False,False,False,False
2026-01-25,Andhra Pradesh,Nellore,Rapur,Paddy(Common),,,2370.0,2480.0,2440.0,6,1,4,0.0,2.5,59.3571428571426,-0.9898208469055375,1,0.0,31.3,21.4,65.0,26.35,0.0,-0.05714285714285715,0,0,1,2320.0,0,0,0,0,2440.0,0.0,2440.0,2440.0,2440.0,0.0,0.0,0.0,2440.0,2440.0,0.0,0.0,0.9999999959016392,0.9999999959016392,0,False,False,False,False,False,False,False,True,False,False,False,False,False,False,False,False,True,False,False
2026-01-26,Andhra Pradesh,East Godavari,Jaggampet,Paddy(Common),,,2369.0,2379.0,2379.0,0,1,5,0.0,0.0,59.3571428571426,-1.0,1,0.0,31.1,20.3,65.0,25.700000000000003,0.0,-0.1,0,0,1,2320.0,0,0,0,0,2379.0,0.0,2379.0,2379.0,2379.0,0.0,0.0,0.0,2379.0,2379.0,0.0,0.0,0.9999999957965531,0.9999999957965531,0,True,False,False,False,False,False,False,False,False,False,False,True,False,False,False,False,False,False,False
2026-01-26,Andhra Pradesh,Alluri Sitharama Raju,Rampachodvaram,Paddy(Common),,,2370.0,2370.0,2370.0,0,1,5,0.0,0.0,59.3571428571426,-1.0,1,0.0,31.1,20.3,65.0,25.700000000000003,0.0,-0.1,0,0,1,2320.0,0,0,0,0,2370.0,0.0,2370.0,2370.0,2370.0,0.0,0.0,0.0,2370.0,2370.0,0.0,0.0,0.9999999957805906,0.9999999957805906,0,False,False,False,False,False,False,True,False,False,True,False,False,False,False,False,False,False,False,False
2026-01-26,Andhra Pradesh,Nellore,Rapur,Paddy(Common),,,2370.0,2480.0,2440.0,0,1,5,0.0,0.0,59.3571428571426,-1.0,1,0.0,31.1,20.3,65.0,25.700000000000003,0.0,-0.1,0,0,1,2320.0,0,0,0,0,2440.0,0.0,2440.0,2440.0,2440.0,0.0,0.0,0.0,2440.0,2440.0,0.0,0.0,0.9999999959016392,0.9999999959016392,0,False,False,False,False,False,False,False,True,False,False,False,False,False,False,False,False,True,False,False
2026-01-27,Andhra Pradesh,East Godavari,Jaggampet,Paddy(Common),,,2369.0,2379.0,2379.0,1,1,5,833.0,0.0,58.92857142857117,0.0,0,0.0,31.2,19.0,68.0,25.1,0.0,-0.1,0,0,1,2320.0,0,0,0,0,2379.0,0.0,2379.0,2379.0,2379.0,0.0,0.0,0.0,2379.0,2379.0,0.0,0.0,0.9999999957965531,0.9999999957965531,0,True,False,False,False,False,False,False,False,False,False,False,True,False,False,False,False,False,False,False
2026-01-27,Andhra Pradesh,Alluri Sitharama Raju,Rampachodvaram,Paddy(Common),1001,Grade Range-2,2370.0,2370.0,2370.0,1,1,5,833.0,0.0,58.92857142857117,0.0,0,0.0,31.2,19.0,68.0,25.1,0.0,-0.1,0,0,1,2320.0,0,0,0,0,2370.0,0.0,2370.0,2370.0,2370.0,0.0,0.0,0.0,2370.0,2370.0,0.0,0.0,0.9999999957805906,0.9999999957805906,0,False,False,False,False,False,False,True,False,False,True,False,False,False,False,False,False,False,False,False
2026-01-27,Andhra Pradesh,Nellore,Rapur,Paddy(Common),,,2370.0,2480.0,2440.0,1,1,5,833.0,0.0,58.92857142857117,0.0,0,0.0,31.2,19.0,68.0,25.1,0.0,-0.1,0,0,1,2320.0,0,0,0,0,2440.0,0.0,2440.0,2440.0,2440.0,0.0,0.0,0.0,2440.0,2440.0,0.0,0.0,0.9999999959016392,0.9999999959016392,0,False,False,False,False,False,False,False,True,False,False,False,False,False,False,False,False,True,False,False
2026-01-28,Andhra Pradesh,East Godavari,Jaggampet,Paddy(Common),,,2369.0,2379.0,2379.0,2,1,5,1995.4,833.0,177.14285714285688,0.0,0,0.1,30.8,18.9,74.0,24.85,0.0,-0.1,0,0,1,2320.0,0,0,0,0,2379.0,0.0,2379.0,2379.0,2379.0,0.0,0.0,0.0,2379.0,2379.0,0.0,0.0,0.9999999957965531,0.9999999957965531,0,True,False,False,False,False,False,False,False,False,False,False,True,False,False,False,False,False,False,False
2026-01-28,Andhra Pradesh,Alluri Sitharama Raju,Rampachodvaram,Paddy(Common),,,2370.0,2370.0,2370.0,2,1,5,1995.4,833.0,177.14285714285688,0.0,0,0.1,30.8,18.9,74.0,24.85,0.0,-0.1,0,0,1,2320.0,0,0,0,0,2370.0,0.0,2370.0,2370.0,2370.0,0.0,0.0,0.0,2370.0,2370.0,0.0,0.0,0.9999999957805906,0.9999999957805906,0,False,False,False,False,False,False,True,False,False,True,False,False,False,False,False,False,False,False,False
2026-01-28,Andhra Pradesh,Nellore,Rapur,Paddy(Common),,,2370.0,2480.0,2440.0,2,1,5,1995.4,833.0,177.14285714285688,0.0,0,0.1,30.8,18.9,74.0,24.85,0.0,-0.1,0,0,1,2320.0,0,0,0,0,2440.0,0.0,2440.0,2440.0,2440.0,0.0,0.0,0.0,2440.0,2440.0,0.0,0.0,0.9999999959016392,0.9999999959016392,0,False,False,False,False,False,False,False,True,False,False,False,False,False,False,False,False,True,False,False
2026-01-29,Andhra Pradesh,East Godavari,Jaggampet,Paddy(Common),,,2369.0,2379.0,2379.0,3,1,5,1873.0,1995.4,462.19999999999976,1.3954381752701082,0,0.1,30.8,19.9,73.0,25.35,0.1,0.0,0,0,1,2320.0,0,0,0,0,2379.0,0.0,2379.0,2379.0,2379.0,0.0,0.0,0.0,2379.0,2379.0,0.0,0.0,0.9999999957965531,0.9999999957965531,0,True,False,False,False,False,False,False,False,False,False,False,True,False,False,False,False,False,False,False
2026-01-29,Andhra Pradesh,Alluri Sitharama Raju,Rampachodvaram,Paddy(Common),1001,Grade Range-2,2370.0,2370.0,2370.0,3,1,5,1873.0,1995.4,462.19999999999976,1.3954381752701082,0,0.1,30.8,19.9,73.0,25.35,0.1,0.0,0,0,1,2320.0,0,0,0,0,2370.0,0.0,2370.0,2370.0,2370.0,0.0,0.0,0.0,2370.0,2370.0,0.0,0.0,0.9999999957805906,0.9999999957805906,0,False,False,False,False,False,False,True,False,False,True,False,False,False,False,False,False,False,False,False
2026-01-29,Andhra Pradesh,Nellore,Rapur,Paddy(Common),,,2370.0,2480.0,2440.0,3,1,5,1873.0,1995.4,462.19999999999976,1.3954381752701082,0,0.1,30.8,19.9,73.0,25.35,0.1,0.0,0,0,1,2320.0,0,0,0,0,2440.0,0.0,2440.0,2440.0,2440.0,0.0,0.0,0.0,2440.0,2440.0,0.0,0.0,0.9999999959016392,0.9999999959016392,0,False,False,False,False,False,False,False,True,False,False,False,False,False,False,False,False,True,False,False
2026-01-30,Andhra Pradesh,East Godavari,Jaggampet,Paddy(Common),,,2369.0,2379.0,2379.0,4,1,5,840.0,1873.0,707.0714285714283,-0.06134108449433706,0,0.0,31.1,19.8,68.0,25.450000000000003,0.2,0.1,0,0,1,2320.0,0,0,0,0,2379.0,0.0,2379.0,2379.0,2379.0,0.0,0.0,0.0,2379.0,2379.0,0.0,0.0,0.9999999957965531,0.9999999957965531,0,True,False,False,False,False,False,False,False,False,False,False,True,False,False,False,False,False,False,False
2026-01-30,Andhra Pradesh,Alluri Sitharama Raju,Rampachodvaram,Paddy(Common),,,2370.0,2370.0,2370.0,4,1,5,840.0,1873.0,707.0714285714283,-0.06134108449433706,0,0.0,31.1,19.8,68.0,25.450000000000003,0.2,0.1,0,0,1,2320.0,0,0,0,0,2370.0,0.0,2370.0,2370.0,2370.0,0.0,0.0,0.0,2370.0,2370.0,0.0,0.0,0.9999999957805906,0.9999999957805906,0,False,False,False,False,False,False,True,False,False,True,False,False,False,False,False,False,False,False,False
2026-01-30,Andhra Pradesh,Nellore,Rapur,Paddy(Common),,,2370.0,2480.0,2440.0,4,1,5,840.0,1873.0,707.0714285714283,-0.06134108449433706,0,0.0,31.1,19.8,68.0,25.450000000000003,0.2,0.1,0,0,1,2320.0,0,0,0,0,2440.0,0.0,2440.0,2440.0,2440.0,0.0,0.0,0.0,2440.0,2440.0,0.0,0.0,0.9999999959016392,0.9999999959016392,0,False,False,False,False,False,False,False,True,False,False,False,False,False,False,False,False,True,False,False
2026-01-31,Andhra Pradesh,East Godavari,Jaggampet,Paddy(Common),,,2369.0,2379.0,2379.0,5,1,5,384.59,840.0,791.9857142857139,-0.5515216230646023,0,0.0,30.3,20.0,71.0,25.15,0.2,0.1,0,0,1,2320.0,0,0,0,1,2379.0,0.0,2379.0,2379.0,2379.0,0.0,0.0,0.0,2379.0,2379.0,0.0,0.0,0.9999999957965531,0.9999999957965531,0,True,False,False,False,False,False,False,False,False,False,False,True,False,False,False,False,False,False,False
2026-01-31,Andhra Pradesh,Alluri Sitharama Raju,Rampachodvaram,Paddy(Common),,,2370.0,2370.0,2370.0,5,1,5,384.59,840.0,791.9857142857139,-0.5515216230646023,0,0.0,30.3,20.0,71.0,25.15,0.2,0.1,0,0,1,2320.0,0,0,0,1,2370.0,0.0,2370.0,2370.0,2370.0,0.0,0.0,0.0,2370.0,2370.0,0.0,0.0,0.9999999957805906,0.9999999957805906,0,False,False,False,False,False,False,True,False,False,True,False,False,False,False,False,False,False,False,False
2026-01-31,Andhra Pradesh,Nellore,Rapur,Paddy(Common),,,2370.0,2480.0,2440.0,5,1,5,384.59,840.0,791.9857142857139,-0.5515216230646023,0,0.0,30.3,20.0,71.0,25.15,0.2,0.1,0,0,1,2320.0,0,0,0,1,2440.0,0.0,2440.0,2440.0,2440.0,0.0,0.0,0.0,2440.0,2440.0,0.0,0.0,0.9999999959016392,0.9999999959016392,0,False,False,False,False,False,False,False,True,False,False,False,False,False,False,False,False,True,False,False
2026-02-01,Andhra Pradesh,East Godavari,Jaggampet,Paddy(Common),,,2369.0,2379.0,2379.0,6,2,5,0.0,384.59,846.5699999999997,-0.542154761904762,1,0.0,30.8,20.3,73.0,25.55,0.2,0.1,0,0,0,2320.0,0,0,0,0,2379.0,0.0,2379.0,2379.0,2379.0,0.0,0.0,0.0,2379.0,2379.0,0.0,0.0,0.9999999957965531,0.9999999957965531,0,True,False,False,False,False,False,False,False,False,False,False,True,False,False,False,False,False,False,False
2026-02-01,Andhra Pradesh,Alluri Sitharama Raju,Rampachodvaram,Paddy(Common),,,2370.0,2370.0,2370.0,6,2,5,0.0,384.59,846.5699999999997,-0.542154761904762,1,0.0,30.8,20.3,73.0,25.55,0.2,0.1,0,0,0,2320.0,0,0,0,0,2370.0,0.0,2370.0,2370.0,2370.0,0.0,0.0,0.0,2370.0,2370.0,0.0,0.0,0.9999999957805906,0.9999999957805906,0,False,False,False,False,False,False,True,False,False,True,False,False,False,False,False,False,False,False,False
2026-02-01,Andhra Pradesh,Nellore,Rapur,Paddy(Common),,,2370.0,2480.0,2440.0,6,2,5,0.0,384.59,846.5699999999997,-0.542154761904762,1,0.0,30.8,20.3,73.0,25.55,0.2,0.1,0,0,0,2320.0,0,0,0,0,2440.0,0.0,2440.0,2440.0,2440.0,0.0,0.0,0.0,2440.0,2440.0,0.0,0.0,0.9999999959016392,0.9999999959016392,0,False,False,False,False,False,False,False,True,False,False,False,False,False,False,False,False,True,False,False
2026-02-02,Andhra Pradesh,East Godavari,Jaggampet,Paddy(Common),,,2369.0,2379.0,2379.0,0,2,6,100.0,0.0,846.5699999999997,-1.0,0,0.0,31.4,20.8,70.0,26.1,0.2,0.1,0,0,0,2320.0,0,0,0,0,2379.0,0.0,2379.0,2379.0,2379.0,0.0,0.0,0.0,2379.0,2379.0,0.0,0.0,0.9999999957965531,0.9999999957965531,0,True,False,False,False,False,False,False,False,False,False,False,True,False,False,False,False,False,False,False
2026-02-02,Andhra Pradesh,Alluri Sitharama Raju,Rampachodvaram,Paddy(Common),,,2370.0,2370.0,2370.0,0,2,6,100.0,0.0,846.5699999999997,-1.0,0,0.0,31.4,20.8,70.0,26.1,0.2,0.1,0,0,0,2320.0,0,0,0,0,2370.0,0.0,2370.0,2370.0,2370.0,0.0,0.0,0.0,2370.0,2370.0,0.0,0.0,0.9999999957805906,0.9999999957805906,0,False,False,False,False,False,False,True,False,False,True,False,False,False,False,False,False,False,False,False
2026-02-02,Andhra Pradesh,Nellore,Rapur,Paddy(Common),,,2370.0,2480.0,2440.0,0,2,6,100.0,0.0,846.5699999999997,-1.0,0,0.0,31.4,20.8,70.0,26.1,0.2,0.1,0,0,0,2320.0,0,0,0,0,2440.0,0.0,2440.0,2440.0,2440.0,0.0,0.0,0.0,2440.0,2440.0,0.0,0.0,0.9999999959016392,0.9999999959016392,0,False,False,False,False,False,False,False,True,False,False,False,False,False,False,False,False,True,False,False
2026-02-03,Andhra Pradesh,East Godavari,Jaggampet,Paddy(Common),,,2369.0,2379.0,2379.0,1,2,6,0.0,100.0,860.855714285714,0.0,1,0.0,30.6,20.1,70.0,25.35,0.2,0.1,0,0,0,2320.0,0,0,0,0,2379.0,0.0,2379.0,2379.0,2379.0,0.0,0.0,0.0,2379.0,2379.0,0.0,0.0,0.9999999957965531,0.9999999957965531,0,True,False,False,False,False,False,False,False,False,False,False,True,False,False,False,False,False,False,False
2026-02-03,Andhra Pradesh,Alluri Sitharama Raju,Rampachodvaram,Paddy(Common),,,2370.0,2370.0,2370.0,1,2,6,0.0,100.0,860.855714285714,0.0,1,0.0,30.6,20.1,70.0,25.35,0.2,0.1,0,0,0,2320.0,0,0,0,0,2370.0,0.0,2370.0,2370.0,2370.0,0.0,0.0,0.0,2370.0,2370.0,0.0,0.0,0.9999999957805906,0.9999999957805906,0,False,False,False,False,False,False,True,False,False,True,False,False,False,False,False,False,False,False,False
2026-02-03,Andhra Pradesh,Nellore,Rapur,Paddy(Common),,,2370.0,2480.0,2440.0,1,2,6,0.0,100.0,860.855714285714,0.0,1,0.0,30.6,20.1,70.0,25.35,0.2,0.1,0,0,0,2320.0,0,0,0,0,2440.0,0.0,2440.0,2440.0,2440.0,0.0,0.0,0.0,2440.0,2440.0,0.0,0.0,0.9999999959016392,0.9999999959016392,0,False,False,False,False,False,False,False,True,False,False,False,False,False,False,False,False,True,False,False
2026-02-04,Andhra Pradesh,East Godavari,Jaggampet,Paddy(Common),,,2369.0,2379.0,2379.0,2,2,6,302.5,0.0,741.855714285714,-1.0,0,0.0,30.5,21.2,66.0,25.85,0.2,0.1,0,0,0,2320.0,0,0,0,0,2379.0,0.0,2379.0,2379.0,2379.0,0.0,0.0,0.0,2379.0,2379.0,0.0,0.0,0.9999999957965531,0.9999999957965531,0,True,False,False,False,False,False,False,False,False,False,False,True,False,False,False,False,False,False,False
2026-02-04,Andhra Pradesh,Alluri Sitharama Raju,Rampachodvaram,Paddy(Common),1001,Grade Range-2,2370.0,2370.0,2370.0,2,2,6,302.5,0.0,741.855714285714,-1.0,0,0.0,30.5,21.2,66.0,25.85,0.2,0.1,0,0,0,2320.0,0,0,0,0,2370.0,0.0,2370.0,2370.0,2370.0,0.0,0.0,0.0,2370.0,2370.0,0.0,0.0,0.9999999957805906,0.9999999957805906,0,False,False,False,False,False,False,True,False,False,True,False,False,False,False,False,False,False,False,False
2026-02-04,Andhra Pradesh,Nellore,Rapur,Paddy(Common),,,2370.0,2480.0,2440.0,2,2,6,302.5,0.0,741.855714285714,-1.0,0,0.0,30.5,21.2,66.0,25.85,0.2,0.1,0,0,0,2320.0,0,0,0,0,2440.0,0.0,2440.0,2440.0,2440.0,0.0,0.0,0.0,2440.0,2440.0,0.0,0.0,0.9999999959016392,0.9999999959016392,0,False,False,False,False,False,False,False,True,False,False,False,False,False,False,False,False,True,False,False
2026-02-05,Andhra Pradesh,East Godavari,Jaggampet,Paddy(Common),,,2369.0,2379.0,2379.0,3,2,6,0.0,302.5,500.0128571428569,0.0,1,0.0,31.5,19.6,60.0,25.55,0.1,0.0,0,0,0,2320.0,0,0,0,0,2379.0,0.0,2379.0,2379.0,2379.0,0.0,0.0,0.0,2379.0,2379.0,0.0,0.0,0.9999999957965531,0.9999999957965531,0,True,False,False,False,False,False,False,False,False,False,False,True,False,False,False,False,False,False,False
2026-02-05,Andhra Pradesh,Alluri Sitharama Raju,Rampachodvaram,Paddy(Common),,,2370.0,2370.0,2370.0,3,2,6,0.0,302.5,500.0128571428569,0.0,1,0.0,31.5,19.6,60.0,25.55,0.1,0.0,0,0,0,2320.0,0,0,0,0,2370.0,0.0,2370.0,2370.0,2370.0,0.0,0.0,0.0,2370.0,2370.0,0.0,0.0,0.9999999957805906,0.9999999957805906,0,False,False,False,False,False,False,True,False,False,True,False,False,False,False,False,False,False,False,False
2026-02-05,Andhra Pradesh,Nellore,Rapur,Paddy(Common),,,2370.0,2480.0,2440.0,3,2,6,0.0,302.5,500.0128571428569,0.0,1,0.0,31.5,19.6,60.0,25.55,0.1,0.0,0,0,0,2320.0,0,0,0,0,2440.0,0.0,2440.0,2440.0,2440.0,0.0,0.0,0.0,2440.0,2440.0,0.0,0.0,0.9999999959016392,0.9999999959016392,0,False,False,False,False,False,False,False,True,False,False,False,False,False,False,False,False,True,False,False
2026-02-06,Andhra Pradesh,East Godavari,Jaggampet,Paddy(Common),,,2369.0,2379.0,2379.0,4,2,6,0.0,0.0,232.4414285714283,-1.0,1,0.0,32.0,19.0,63.0,25.5,0.0,-0.1,0,0,0,2320.0,0,0,0,0,2379.0,0.0,2379.0,2379.0,2379.0,0.0,0.0,0.0,2379.0,2379.0,0.0,0.0,0.9999999957965531,0.9999999957965531,0,True,False,False,False,False,False,False,False,False,False,False,True,False,False,False,False,False,False,False
2026-02-06,Andhra Pradesh,Alluri Sitharama Raju,Rampachodvaram,Paddy(Common),,,2370.0,2370.0,2370.0,4,2,6,0.0,0.0,232.4414285714283,-1.0,1,0.0,32.0,19.0,63.0,25.5,0.0,-0.1,0,0,0,2320.0,0,0,0,0,2370.0,0.0,2370.0,2370.0,2370.0,0.0,0.0,0.0,2370.0,2370.0,0.0,0.0,0.9999999957805906,0.9999999957805906,0,False,False,False,False,False,False,True,False,False,True,False,False,False,False,False,False,False,False,False
2026-02-06,Andhra Pradesh,Nellore,Rapur,Paddy(Common),,,2370.0,2480.0,2440.0,4,2,6,0.0,0.0,232.4414285714283,-1.0,1,0.0,32.0,19.0,63.0,25.5,0.0,-0.1,0,0,0,2320.0,0,0,0,0,2440.0,0.0,2440.0,2440.0,2440.0,0.0,0.0,0.0,2440.0,2440.0,0.0,0.0,0.9999999959016392,0.9999999959016392,0,False,False,False,False,False,False,False,True,False,False,False,False,False,False,False,False,True,False,False
2026-02-07,Andhra Pradesh,East Godavari,Jaggampet,Paddy(Common),,,2369.0,2379.0,2379.0,5,2,6,3.5,0.0,112.4414285714283,0.0,1,0.0,32.0,17.7,67.0,24.85,0.0,-0.1,0,0,0,2320.0,0,0,0,0,2379.0,0.0,2379.0,2379.0,2379.0,0.0,0.0,0.0,2379.0,2379.0,0.0,0.0,0.9999999957965531,0.9999999957965531,0,True,False,False,False,False,False,False,False,False,False,False,True,False,False,False,False,False,False,False
2026-02-07,Andhra Pradesh,Alluri Sitharama Raju,Rampachodvaram,Paddy(Common),1001,Grade Range-2,2370.0,2370.0,2370.0,5,2,6,3.5,0.0,112.4414285714283,0.0,1,0.0,32.0,17.7,67.0,24.85,0.0,-0.1,0,0,0,2320.0,0,0,0,0,2370.0,0.0,2370.0,2370.0,2370.0,0.0,0.0,0.0,2370.0,2370.0,0.0,0.0,0.9999999957805906,0.9999999957805906,0,False,False,False,False,False,False,True,False,False,True,False,False,False,False,False,False,False,False,False
2026-02-07,Andhra Pradesh,Nellore,Rapur,Paddy(Common),,,2370.0,2480.0,2440.0,5,2,6,3.5,0.0,112.4414285714283,0.0,1,0.0,32.0,17.7,67.0,24.85,0.0,-0.1,0,0,0,2320.0,0,0,0,0,2440.0,0.0,2440.0,2440.0,2440.0,0.0,0.0,0.0,2440.0,2440.0,0.0,0.0,0.9999999959016392,0.9999999959016392,0,False,False,False,False,False,False,False,True,False,False,False,False,False,False,False,False,True,False,False
2026-02-08,Andhra Pradesh,East Godavari,Jaggampet,Paddy(Common),,,2369.0,2379.0,2379.0,6,2,6,0.0,3.5,57.99999999999974,0.0,1,0.0,32.2,18.6,67.0,25.400000000000002,0.0,-0.1,0,0,0,2320.0,0,0,0,0,2379.0,0.0,2379.0,2379.0,2379.0,0.0,0.0,0.0,2379.0,2379.0,0.0,0.0,0.9999999957965531,0.9999999957965531,0,True,False,False,False,False,False,False,False,False,False,False,True,False,False,False,False,False,False,False
2026-02-08,Andhra Pradesh,Alluri Sitharama Raju,Rampachodvaram,Paddy(Common),,,2370.0,2370.0,2370.0,6,2,6,0.0,3.5,57.99999999999974,0.0,1,0.0,32.2,18.6,67.0,25.400000000000002,0.0,-0.1,0,0,0,2320.0,0,0,0,0,2370.0,0.0,2370.0,2370.0,2370.0,0.0,0.0,0.0,2370.0,2370.0,0.0,0.0,0.9999999957805906,0.9999999957805906,0,False,False,False,False,False,False,True,False,False,True,False,False,False,False,False,False,False,False,False
2026-02-08,Andhra Pradesh,Nellore,Rapur,Paddy(Common),,,2370.0,2480.0,2440.0,6,2,6,0.0,3.5,57.99999999999974,0.0,1,0.0,32.2,18.6,67.0,25.400000000000002,0.0,-0.1,0,0,0,2320.0,0,0,0,0,2440.0,0.0,2440.0,2440.0,2440.0,0.0,0.0,0.0,2440.0,2440.0,0.0,0.0,0.9999999959016392,0.9999999959016392,0,False,False,False,False,False,False,False,True,False,False,False,False,False,False,False,False,True,False,False
2026-02-09,Andhra Pradesh,East Godavari,Jaggampet,Paddy(Common),,,2369.0,2379.0,2379.0,0,2,7,73.22,0.0,57.99999999999974,-1.0,0,0.0,31.0,19.3,72.0,25.15,0.0,0.0,0,0,0,2320.0,0,0,0,0,2379.0,0.0,2379.0,2379.0,2379.0,0.0,0.0,0.0,2379.0,2379.0,0.0,0.0,0.9999999957965531,0.9999999957965531,0,True,False,False,False,False,False,False,False,False,False,False,True,False,False,False,False,False,False,False
2026-02-09,Andhra Pradesh,Nellore,Rapur,Paddy(Common),Common,Local,2380.0,2470.0,2440.0,0,2,7,73.22,0.0,57.99999999999974,-1.0,0,0.0,31.0,19.3,72.0,25.15,0.0,0.0,0,0,0,2320.0,0,0,0,0,2430.0,-0.0040983606389411445,2440.0,2440.0,2440.0,0.0,0.0,0.0,2440.0,2440.0,0.0,0.0,0.9999999959016392,0.9999999959016392,0,False,False,False,False,False,False,False,True,False,False,False,False,False,False,False,False,True,False,False
2026-02-10,Andhra Pradesh,East Godavari,Jaggampet,Paddy(Common),,,2369.0,2379.0,2379.0,1,2,7,55.0,73.22,54.17428571428546,0.0,0,0.0,31.4,19.3,72.0,25.35,0.0,0.0,0,0,0,2320.0,0,0,0,0,2379.0,0.0,2379.0,2379.0,2379.0,0.0,0.0,0.0,2379.0,2379.0,0.0,0.0,0.9999999957965531,0.9999999957965531,0,True,False,False,False,False,False,False,False,False,False,False,True,False,False,False,False,False,False,False
2026-02-10,Andhra Pradesh,Nellore,Rapur,Paddy(Common),Common,Local,2380.0,2460.0,2430.0,1,2,7,55.0,73.22,54.17428571428546,0.0,0,0.0,31.4,19.3,72.0,25.35,0.0,0.0,0,0,0,2320.0,0,0,0,0,2430.0,0.0,2440.0,2440.0,2440.0,-0.0040983606389411445,-0.0040983606389411445,-0.0040983606389411445,2440.0,2440.0,0.0,0.0,0.9959016352626981,0.9959016352626981,0,False,False,False,False,False,False,False,True,False,False,False,False,False,False,False,False,True,False,False
2026-02-11,Andhra Pradesh,East Godavari,Jaggampet,Paddy(Common),,,2369.0,2379.0,2379.0,2,2,7,0.0,55.0,62.031428571428314,-0.24883911499590272,1,0.0,31.8,19.3,66.0,25.55,0.0,0.0,0,0,0,2320.0,0,0,0,0,2379.0,0.0,2379.0,2379.0,2379.0,0.0,0.0,0.0,2379.0,2379.0,0.0,0.0,0.9999999957965531,0.9999999957965531,0,True,False,False,False,False,False,False,False,False,False,False,True,False,False,False,False,False,False,False
2026-02-11,Andhra Pradesh,Nellore,Rapur,Paddy(Common),,,2380.0,2460.0,2430.0,2,2,7,0.0,55.0,62.031428571428314,-0.24883911499590272,1,0.0,31.8,19.3,66.0,25.55,0.0,0.0,0,0,0,2320.0,0,0,0,0,2430.0,0.0,2430.0,2440.0,2440.0,0.0,-0.0040983606389411445,-0.0040983606389411445,2438.5714285714284,2439.285714285714,3.779644730095802,2.672612419119407,0.9964850574250759,0.9961932609233658,0,False,False,False,False,False,False,False,True,False,False,False,False,False,False,False,False,True,False,False
2026-02-12,Andhra Pradesh,East Godavari,Jaggampet,Paddy(Common),,,2369.0,2379.0,2379.0,3,2,7,0.0,0.0,18.817142857142596,-1.0,1,0.0,32.6,18.9,62.0,25.75,0.0,0.0,0,0,0,2320.0,0,0,0,0,2379.0,0.0,2379.0,2379.0,2379.0,0.0,0.0,0.0,2379.0,2379.0,0.0,0.0,0.9999999957965531,0.9999999957965531,0,True,False,False,False,False,False,False,False,False,False,False,True,False,False,False,False,False,False,False
2026-02-12,Andhra Pradesh,Nellore,Rapur,Paddy(Common),,,2380.0,2460.0,2430.0,3,2,7,0.0,0.0,18.817142857142596,-1.0,1,0.0,32.6,18.9,62.0,25.75,0.0,0.0,0,0,0,2320.0,0,0,0,0,2430.0,0.0,2430.0,2440.0,2440.0,0.0,-0.0040983606389411445,-0.0040983606389411445,2437.1428571428573,2438.5714285714284,4.879500364745734,3.6313651960091313,0.997069163552471,0.9964850574250759,0,False,False,False,False,False,False,False,True,False,False,False,False,False,False,False,False,True,False,False
2026-02-13,Andhra Pradesh,East Godavari,Jaggampet,Paddy(Common),,,2369.0,2379.0,2379.0,4,2,7,3.5,0.0,18.817142857142596,0.0,1,0.0,32.2,18.2,64.0,25.200000000000003,0.0,0.0,0,0,0,2320.0,0,0,0,0,2379.0,0.0,2379.0,2379.0,2379.0,0.0,0.0,0.0,2379.0,2379.0,0.0,0.0,0.9999999957965531,0.9999999957965531,0,True,False,False,False,False,False,False,False,False,False,False,True,False,False,False,False,False,False,False
2026-02-13,Andhra Pradesh,Nellore,Rapur,Paddy(Common),,,2380.0,2460.0,2430.0,4,2,7,3.5,0.0,18.817142857142596,0.0,1,0.0,32.2,18.2,64.0,25.200000000000003,0.0,0.0,0,0,0,2320.0,0,0,0,0,2430.0,0.0,2430.0,2430.0,2440.0,0.0,0.0,-0.0040983606389411445,2435.714285714286,2437.8571428571427,5.345224838251609,4.258153136259934,0.9976539548483414,0.9967770249179964,0,False,False,False,False,False,False,False,True,False,False,False,False,False,False,False,False,True,False,False
2026-02-14,Andhra Pradesh,East Godavari,Jaggampet,Paddy(Common),,,2369.0,2379.0,2379.0,5,2,7,0.0,3.5,19.317142857142596,0.0,1,0.0,32.5,18.7,71.0,25.6,0.0,0.0,0,0,0,2320.0,0,0,0,0,2379.0,0.0,2379.0,2379.0,2379.0,0.0,0.0,0.0,2379.0,2379.0,0.0,0.0,0.9999999957965531,0.9999999957965531,0,True,False,False,False,False,False,False,False,False,False,False,True,False,False,False,False,False,False,False
2026-02-14,Andhra Pradesh,Nellore,Rapur,Paddy(Common),,,2380.0,2460.0,2430.0,5,2,7,0.0,3.5,19.317142857142596,0.0,1,0.0,32.5,18.7,71.0,25.6,0.0,0.0,0,0,0,2320.0,0,0,0,0,2430.0,0.0,2430.0,2430.0,2440.0,0.0,0.0,-0.0040983606389411445,2434.285714285714,2437.1428571428573,5.345224838251873,4.688072309381919,0.9982394325189694,0.997069163552471,0,False,False,False,False,False,False,False,True,False,False,False,False,False,False,False,False,True,False,False
2026-02-15,Andhra Pradesh,East Godavari,Jaggampet,Paddy(Common),,,2369.0,2379.0,2379.0,6,2,7,0.0,0.0,18.817142857142596,-1.0,1,0.0,33.4,19.8,72.0,26.6,0.0,0.0,0,0,0,2320.0,0,0,0,0,2379.0,0.0,2379.0,2379.0,2379.0,0.0,0.0,0.0,2379.0,2379.0,0.0,0.0,0.9999999957965531,0.9999999957965531,0,True,False,False,False,False,False,False,False,False,False,False,True,False,False,False,False,False,False,False
2026-02-15,Andhra Pradesh,Nellore,Rapur,Paddy(Common),,,2380.0,2460.0,2430.0,6,2,7,0.0,0.0,18.817142857142596,-1.0,1,0.0,33.4,19.8,72.0,26.6,0.0,0.0,0,0,0,2320.0,0,0,0,0,2420.0,-0.004115226320513471,2430.0,2430.0,2440.0,0.0,0.0,-0.0040983606389411445,2432.8571428571427,2436.4285714285716,4.879500364746667,4.972451580985566,0.9988255977734708,0.9973614734790205,0,False,False,False,False,False,False,False,True,False,False,False,False,False,False,False,False,True,False,False
2026-02-16,Andhra Pradesh,East Godavari,Jaggampet,Paddy(Common),,,2369.0,2379.0,2379.0,0,2,8,17.0,0.0,18.817142857142596,0.0,0,0.0,33.5,20.3,70.0,26.9,0.0,-0.014285714285714287,0,0,0,2320.0,0,0,0,0,2379.0,0.0,2379.0,2379.0,2379.0,0.0,0.0,0.0,2379.0,2379.0,0.0,0.0,0.9999999957965531,0.9999999957965531,0,True,False,False,False,False,False,False,False,False,False,False,True,False,False,False,False,False,False,False
2026-02-16,Andhra Pradesh,Nellore,Rapur,Paddy(Common),Common,Local,2380.0,2440.0,2420.0,0,2,8,17.0,0.0,18.817142857142596,0.0,0,0.0,33.5,20.3,70.0,26.9,0.0,-0.014285714285714287,0,0,0,2320.0,0,0,0,0,2420.0,0.0,2430.0,2430.0,2440.0,-0.004115226320513471,-0.004115226320513471,-0.008196721277882289,2431.4285714285716,2435.714285714286,3.779644730097733,5.135525910128088,0.9952996433800836,0.9935483830176898,0,False,False,False,False,False,False,False,True,False,False,False,False,False,False,False,False,True,False,False
2026-02-17,Andhra Pradesh,East Godavari,Jaggampet,Paddy(Common),,,2369.0,2379.0,2379.0,1,2,8,6.65,17.0,10.785714285714025,0.0,1,0.0,33.2,19.9,70.0,26.55,0.0,-0.014285714285714287,0,0,0,2320.0,0,0,0,0,2379.0,0.0,2379.0,2379.0,2379.0,0.0,0.0,0.0,2379.0,2379.0,0.0,0.0,0.9999999957965531,0.9999999957965531,0,True,False,False,False,False,False,False,False,False,False,False,True,False,False,False,False,False,False,False
2026-02-17,Andhra Pradesh,Nellore,Rapur,Paddy(Common),,,2380.0,2440.0,2420.0,1,2,8,6.65,17.0,10.785714285714025,0.0,1,0.0,33.2,19.9,70.0,26.55,0.0,-0.014285714285714287,0,0,0,2320.0,0,0,0,0,2420.0,0.0,2420.0,2430.0,2430.0,0.0,-0.004115226320513471,-0.004115226320513471,2428.5714285714284,2434.285714285714,3.779644730098378,6.462061726586238,0.9964705841321799,0.9941314513151877,0,False,False,False,False,False,False,False,True,False,False,False,False,False,False,False,False,True,False,False
2026-02-18,Andhra Pradesh,East Godavari,Jaggampet,Paddy(Common),,,2369.0,2379.0,2379.0,2,2,8,0.0,6.65,3.8785714285711683,-0.6088235294117648,1,0.0,33.0,20.1,67.0,26.55,0.0,-0.014285714285714287,0,0,0,2320.0,0,0,0,0,2379.0,0.0,2379.0,2379.0,2379.0,0.0,0.0,0.0,2379.0,2379.0,0.0,0.0,0.9999999957965531,0.9999999957965531,0,True,False,False,False,False,False,False,False,False,False,False,True,False,False,False,False,False,False,False
2026-02-18,Andhra Pradesh,Nellore,Rapur,Paddy(Common),,,2380.0,2440.0,2420.0,2,2,8,0.0,6.65,3.8785714285711683,-0.6088235294117648,1,0.0,33.0,20.1,67.0,26.55,0.0,-0.014285714285714287,0,0,0,2320.0,0,0,0,0,2420.0,0.0,2420.0,2430.0,2430.0,0.0,-0.004115226320513471,-0.004115226320513471,2427.1428571428573,2432.8571428571427,4.87950036474773,7.262730392023379,0.9970570882993526,0.9947152043669957,0,False,False,False,False,False,False,False,True,False,False,False,False,False,False,False,False,True,False,False
2026-02-19,Andhra Pradesh,East Godavari,Jaggampet,Paddy(Common),,,2369.0,2379.0,2379.0,3,2,8,0.0,0.0,3.8785714285711683,-1.0,1,0.0,33.7,20.1,66.0,26.900000000000002,0.0,-0.014285714285714287,0,0,0,2320.0,0,0,0,0,2379.0,0.0,2379.0,2379.0,2379.0,0.0,0.0,0.0,2379.0,2379.0,0.0,0.0,0.9999999957965531,0.9999999957965531,0,True,False,False,False,False,False,False,False,False,False,False,True,False,False,False,False,False,False,False
2026-02-19,Andhra Pradesh,Nellore,Rapur,Paddy(Common),,,2380.0,2440.0,2420.0,3,2,8,0.0,0.0,3.8785714285711683,-1.0,1,0.0,33.7,20.1,66.0,26.900000000000002,0.0,-0.014285714285714287,0,0,0,2320.0,0,0,0,0,2420.0,0.0,2420.0,2420.0,2430.0,0.0,0.0,-0.004115226320513471,2425.714285714286,2431.4285714285716,5.345224838253431,7.70328886519416,0.9976442832841519,0.9952996433800836,0,False,False,False,False,False,False,False,True,False,False,False,False,False,False,False,False,True,False,False
2026-02-20,Andhra Pradesh,East Godavari,Jaggampet,Paddy(Common),,,2369.0,2379.0,2379.0,4,2,8,20.9,0.0,3.8785714285711683,0.0,0,0.0,34.8,20.7,56.0,27.75,0.0,-0.014285714285714287,0,0,0,2320.0,0,0,0,0,2379.0,0.0,2379.0,2379.0,2379.0,0.0,0.0,0.0,2379.0,2379.0,0.0,0.0,0.9999999957965531,0.9999999957965531,0,True,False,False,False,False,False,False,False,False,False,False,True,False,False,False,False,False,False,False
2026-02-20,Andhra Pradesh,Nellore,Rapur,Paddy(Common),Common,Local,2375.0,2430.0,2420.0,4,2,8,20.9,0.0,3.8785714285711683,0.0,0,0.0,34.8,20.7,56.0,27.75,0.0,-0.014285714285714287,0,0,0,2320.0,0,0,0,0,2420.0,0.0,2420.0,2420.0,2430.0,0.0,0.0,-0.004115226320513471,2424.285714285714,2430.0,5.345224838253694,7.844645405524979,0.9982321703078224,0.9958847695642601,0,False,False,False,False,False,False,False,True,False,False,False,False,False,False,False,False,True,False,False
2026-02-21,Andhra Pradesh,East Godavari,Jaggampet,Paddy(Common),,,2369.0,2379.0,2379.0,5,2,8,0.0,20.9,6.364285714285454,0.0,1,0.1,35.3,21.5,58.0,28.4,0.0,-0.014285714285714287,0,0,0,2320.0,0,0,0,0,2379.0,0.0,2379.0,2379.0,2379.0,0.0,0.0,0.0,2379.0,2379.0,0.0,0.0,0.9999999957965531,0.9999999957965531,0,True,False,False,False,False,False,False,False,False,False,False,True,False,False,False,False,False,False,False
2026-02-21,Andhra Pradesh,Nellore,Rapur,Paddy(Common),,,2375.0,2430.0,2420.0,5,2,8,0.0,20.9,6.364285714285454,0.0,1,0.1,35.3,21.5,58.0,28.4,0.0,-0.014285714285714287,0,0,0,2320.0,0,0,0,0,2420.0,0.0,2420.0,2420.0,2430.0,0.0,0.0,-0.004115226320513471,2422.8571428571427,2428.5714285714284,4.8795003647486626,7.703288865193809,0.9988207505944898,0.9964705841321799,0,False,False,False,False,False,False,False,True,False,False,False,False,False,False,False,False,True,False,False
2026-02-22,Andhra Pradesh,East Godavari,Jaggampet,Paddy(Common),,,2369.0,2379.0,2379.0,6,2,8,0.0,0.0,6.364285714285454,-1.0,1,0.2,35.6,22.1,68.0,28.85,0.1,0.08571428571428572,0,0,0,2320.0,0,0,0,0,2379.0,0.0,2379.0,2379.0,2379.0,0.0,0.0,0.0,2379.0,2379.0,0.0,0.0,0.9999999957965531,0.9999999957965531,0,True,False,False,False,False,False,False,False,False,False,False,True,False,False,False,False,False,False,False
2026-02-22,Andhra Pradesh,Nellore,Rapur,Paddy(Common),,,2375.0,2430.0,2420.0,6,2,8,0.0,0.0,6.364285714285454,-1.0,1,0.2,35.6,22.1,68.0,28.85,0.1,0.08571428571428572,0,0,0,2320.0,0,0,0,0,2390.0,-0.012396694163650024,2420.0,2420.0,2430.0,0.0,0.0,-0.004115226320513471,2421.4285714285716,2427.1428571428573,3.7796447301003093,7.262730392022653,0.9994100253711679,0.9970570882993526,0,False,False,False,False,False,False,False,True,False,False,False,False,False,False,False,False,True,False,False
2026-02-23,Andhra Pradesh,East Godavari,Jaggampet,Paddy(Common),,,2369.0,2379.0,2379.0,0,2,9,20.9,0.0,6.364285714285454,0.0,0,3.6,33.1,23.4,72.0,28.25,0.30000000000000004,-3.1571428571428566,0,0,0,2320.0,0,0,0,0,2379.0,0.0,2379.0,2379.0,2379.0,0.0,0.0,0.0,2379.0,2379.0,0.0,0.0,0.9999999957965531,0.9999999957965531,0,True,False,False,False,False,False,False,False,False,False,False,True,False,False,False,False,False,False,False
2026-02-23,Andhra Pradesh,Nellore,Rapur,Paddy(Common),Common,Local,2375.0,2420.0,2390.0,0,2,9,20.9,0.0,6.364285714285454,0.0,0,3.6,33.1,23.4,72.0,28.25,0.30000000000000004,-3.1571428571428566,0,0,0,2320.0,0,0,0,0,2390.0,0.0,2420.0,2420.0,2420.0,-0.012396694163650024,-0.012396694163650024,-0.012396694163650024,2420.0,2425.714285714286,0.0,6.462061726585109,0.9876033017041185,0.9852767921690591,0,False,False,False,False,False,False,False,True,False,False,False,False,False,False,False,False,True,False,False
2026-02-24,Andhra Pradesh,East Godavari,Jaggampet,Paddy(Common),,,2369.0,2379.0,2379.0,1,2,9,110.0,20.9,6.921428571428311,0.0,0,0.1,30.0,22.6,72.0,26.3,3.9000000000000004,0.4428571428571435,0,0,0,2320.0,0,0,0,0,2379.0,0.0,2379.0,2379.0,2379.0,0.0,0.0,0.0,2379.0,2379.0,0.0,0.0,0.9999999957965531,0.9999999957965531,0,True,False,False,False,False,False,False,False,False,False,False,True,False,False,False,False,False,False,False
2026-02-24,Andhra Pradesh,Nellore,Rapur,Paddy(Common),Common,Local,2380.0,2410.0,2390.0,1,2,9,110.0,20.9,6.921428571428311,0.0,0,0.1,30.0,22.6,72.0,26.3,3.9000000000000004,0.4428571428571435,0,0,0,2320.0,0,0,0,0,2390.0,0.0,2390.0,2420.0,2420.0,0.0,-0.012396694163650024,-0.012396694163650024,2415.714285714286,2422.1428571428573,11.338934190279984,10.509022810875859,0.9893554069039101,0.9867295742217002,0,False,False,False,False,False,False,False,True,False,False,False,False,False,False,False,False,True,False,False
2026-02-25,Andhra Pradesh,East Godavari,Jaggampet,Paddy(Common),,,2369.0,2379.0,2379.0,2,2,9,25.0,110.0,21.685714285714027,4.2631578947368425,0,0.0,33.2,21.5,69.0,27.35,4.0,0.5428571428571431,0,0,0,2320.0,0,0,0,0,2379.0,0.0,2379.0,2379.0,2379.0,0.0,0.0,0.0,2379.0,2379.0,0.0,0.0,0.9999999957965531,0.9999999957965531,0,True,False,False,False,False,False,False,False,False,False,False,True,False,False,False,False,False,False,False
2026-02-25,Andhra Pradesh,Nellore,Rapur,Paddy(Common),,,2380.0,2410.0,2390.0,2,2,9,25.0,110.0,21.685714285714027,4.2631578947368425,0,0.0,33.2,21.5,69.0,27.35,4.0,0.5428571428571431,0,0,0,2320.0,0,0,0,0,2390.0,0.0,2390.0,2420.0,2420.0,0.0,-0.012396694163650024,-0.012396694163650024,2411.4285714285716,2419.285714285714,14.638501094230694,13.280573269764064,0.9911137399657605,0.9878948881516006,0,False,False,False,False,False,False,False,True,False,False,False,False,False,False,False,False,True,False,False
2026-02-26,Andhra Pradesh,East Godavari,Jaggampet,Paddy(Common),,,2369.0,2379.0,2379.0,3,2,9,0.0,25.0,25.2571428571426,-0.7727272727272727,1,0.0,33.4,21.8,71.0,27.6,4.0,0.5428571428571431,0,0,0,2320.0,0,0,0,0,2379.0,0.0,2379.0,2379.0,2379.0,0.0,0.0,0.0,2379.0,2379.0,0.0,0.0,0.9999999957965531,0.9999999957965531,0,True,False,False,False,False,False,False,False,False,False,False,True,False,False,False,False,False,False,False
2026-02-26,Andhra Pradesh,Nellore,Rapur,Paddy(Common),,,2380.0,2410.0,2390.0,3,2,9,0.0,25.0,25.2571428571426,-0.7727272727272727,1,0.0,33.4,21.8,71.0,27.6,4.0,0.5428571428571431,0,0,0,2320.0,0,0,0,0,2395.0,0.0020920502004516724,2390.0,2390.0,2420.0,0.0,0.0,-0.012396694163650024,2407.1428571428573,2416.4285714285716,16.03567451474814,14.990839693800277,0.9928783341542144,0.9890629577750867,0,False,False,False,False,False,False,False,True,False,False,False,False,False,False,False,False,True,False,False
2026-02-27,Andhra Pradesh,East Godavari,Jaggampet,Paddy(Common),,,2369.0,2379.0,2379.0,4,2,9,116.56,0.0,25.2571428571426,-1.0,0,0.0,33.7,22.8,74.0,28.25,4.0,0.5428571428571431,0,0,0,2320.0,0,0,0,0,2379.0,0.0,2379.0,2379.0,2379.0,0.0,0.0,0.0,2379.0,2379.0,0.0,0.0,0.9999999957965531,0.9999999957965531,0,True,False,False,False,False,False,False,False,False,False,False,True,False,False,False,False,False,False,False
2026-02-27,Andhra Pradesh,Nellore,Rapur,Paddy(Common),Common,Local,2375.0,2415.0,2395.0,4,2,9,116.56,0.0,25.2571428571426,-1.0,0,0.0,33.7,22.8,74.0,28.25,4.0,0.5428571428571431,0,0,0,2320.0,0,0,0,0,2390.0,-0.0020876826635169822,2390.0,2390.0,2420.0,0.0020920502004516724,0.0020920502004516724,-0.010330578469708352,2402.8571428571427,2413.5714285714284,16.03567451474837,15.984195490998216,0.9967300790861412,0.992305411692135,0,False,False,False,False,False,False,False,True,False,False,False,False,False,False,False,False,True,False,False
2026-02-28,Andhra Pradesh,East Godavari,Jaggampet,Paddy(Common),,,2369.0,2379.0,2379.0,5,2,9,45.9,116.56,38.92285714285688,0.0,0,0.1,33.0,22.4,76.0,27.7,4.0,0.5428571428571431,0,0,0,2320.0,0,0,0,0,2379.0,0.0,2379.0,2379.0,2379.0,0.0,0.0,0.0,2379.0,2379.0,0.0,0.0,0.9999999957965531,0.9999999957965531,0,True,False,False,False,False,False,False,False,False,False,False,True,False,False,False,False,False,False,False
2026-02-28,Andhra Pradesh,Nellore,Rapur,Paddy(Common),Common,Local,2380.0,2410.0,2390.0,5,2,9,45.9,116.56,38.92285714285688,0.0,0,0.1,33.0,22.4,76.0,27.7,4.0,0.5428571428571431,0,0,0,2320.0,0,0,0,0,2390.0,0.0,2395.0,2390.0,2420.0,-0.0020876826635169822,0.0,-0.012396694163650024,2399.285714285714,2411.0714285714284,14.267845968173614,15.954089351414234,0.9961297963840973,0.9912605498807147,0,False,False,False,False,False,False,False,True,False,False,False,False,False,False,False,False,True,False,False
2026-03-01,Andhra Pradesh,East Godavari,Jaggampet,Paddy(Common),,,2369.0,2379.0,2379.0,6,3,9,0.0,45.9,45.47999999999974,-0.6062113932738504,1,0.0,32.9,21.8,75.0,27.35,4.0,0.5428571428571431,0,0,0,2320.0,0,0,0,0,2379.0,0.0,2379.0,2379.0,2379.0,0.0,0.0,0.0,2379.0,2379.0,0.0,0.0,0.9999999957965531,0.9999999957965531,0,True,False,False,False,False,False,False,False,False,False,False,True,False,False,False,False,False,False,False
2026-03-01,Andhra Pradesh,Nellore,Rapur,Paddy(Common),,,2380.0,2410.0,2390.0,6,3,9,0.0,45.9,45.47999999999974,-0.6062113932738504,1,0.0,32.9,21.8,75.0,27.35,4.0,0.5428571428571431,0,0,0,2320.0,0,0,0,0,2390.0,0.0,2390.0,2390.0,2420.0,0.0,0.0,-0.012396694163650024,2395.0,2408.214285714286,11.180339887503793,15.885061058589143,0.9979123131611176,0.9924365967984242,0,False,False,False,False,False,False,False,True,False,False,False,False,False,False,False,False,True,False,False
2026-03-02,Andhra Pradesh,East Godavari,Jaggampet,Paddy(Common),,,2369.0,2379.0,2379.0,0,3,10,25.0,0.0,45.47999999999974,-1.0,0,0.0,34.6,22.1,69.0,28.35,3.8000000000000003,3.1714285714285717,0,0,0,2320.0,0,0,0,0,2379.0,0.0,2379.0,2379.0,2379.0,0.0,0.0,0.0,2379.0,2379.0,0.0,0.0,0.9999999957965531,0.9999999957965531,0,True,False,False,False,False,False,False,False,False,False,False,True,False,False,False,False,False,False,False
2026-03-02,Andhra Pradesh,Nellore,Rapur,Paddy(Common),Common,Local,2375.0,2410.0,2390.0,0,3,10,25.0,0.0,45.47999999999974,-1.0,0,0.0,34.6,22.1,69.0,28.35,3.8000000000000003,3.1714285714285717,0,0,0,2320.0,0,0,0,0,2390.0,0.0,2390.0,2395.0,2390.0,0.0,-0.0020876826635169822,0.0,2390.714285714286,2405.3571428571427,1.8898223650772032,15.249752294869653,0.9997012207959912,0.9936154375915023,0,False,False,False,False,False,False,False,True,False,False,False,False,False,False,False,False,True,False,False
2026-03-03,Andhra Pradesh,East Godavari,Jaggampet,Paddy(Common),,,2369.0,2379.0,2379.0,1,3,10,0.0,25.0,46.06571428571403,0.0,1,0.0,35.5,21.7,65.0,28.6,0.2,-0.42857142857142866,0,0,0,2320.0,0,0,0,0,2379.0,0.0,2379.0,2379.0,2379.0,0.0,0.0,0.0,2379.0,2379.0,0.0,0.0,0.9999999957965531,0.9999999957965531,0,True,False,False,False,False,False,False,False,False,False,False,True,False,False,False,False,False,False,False
2026-03-03,Andhra Pradesh,Nellore,Rapur,Paddy(Common),,,2375.0,2410.0,2390.0,1,3,10,0.0,25.0,46.06571428571403,0.0,1,0.0,35.5,21.7,65.0,28.6,0.2,-0.42857142857142866,0,0,0,2320.0,0,0,0,0,2390.0,0.0,2390.0,2390.0,2390.0,0.0,0.0,0.0,2390.714285714286,2403.214285714286,1.8898223650772032,15.141276094113614,0.9997012207959912,0.9945014076614593,0,False,False,False,False,False,False,False,True,False,False,False,False,False,False,False,False,True,False,False
2026-03-04,Andhra Pradesh,East Godavari,Jaggampet,Paddy(Common),,,2369.0,2379.0,2379.0,2,3,10,0.0,0.0,30.35142857142831,-1.0,1,0.0,35.1,21.4,71.0,28.25,0.1,-0.5285714285714287,0,0,0,2320.0,0,0,0,0,2379.0,0.0,2379.0,2379.0,2379.0,0.0,0.0,0.0,2379.0,2379.0,0.0,0.0,0.9999999957965531,0.9999999957965531,0,True,False,False,False,False,False,False,False,False,False,False,True,False,False,False,False,False,False,False
2026-03-04,Andhra Pradesh,Nellore,Rapur,Paddy(Common),,,2375.0,2410.0,2390.0,2,3,10,0.0,0.0,30.35142857142831,-1.0,1,0.0,35.1,21.4,71.0,28.25,0.1,-0.5285714285714287,0,0,0,2320.0,0,0,0,0,2390.0,0.0,2390.0,2390.0,2390.0,0.0,0.0,0.0,2390.714285714286,2401.0714285714284,1.8898223650772032,14.699368305181078,0.9997012207959912,0.9953889591148459,0,False,False,False,False,False,False,False,True,False,False,False,False,False,False,False,False,True,False,False
2026-03-05,Andhra Pradesh,East Godavari,Jaggampet,Paddy(Common),,,2369.0,2379.0,2379.0,3,3,10,0.0,0.0,26.77999999999974,0.0,1,0.0,36.1,21.5,67.0,28.8,0.1,-0.5285714285714287,0,0,0,2320.0,0,0,0,0,2379.0,0.0,2379.0,2379.0,2379.0,0.0,0.0,0.0,2379.0,2379.0,0.0,0.0,0.9999999957965531,0.9999999957965531,0,True,False,False,False,False,False,False,False,False,False,False,True,False,False,False,False,False,False,False
2026-03-05,Andhra Pradesh,Nellore,Rapur,Paddy(Common),,,2375.0,2410.0,2390.0,3,3,10,0.0,0.0,26.77999999999974,0.0,1,0.0,36.1,21.5,67.0,28.8,0.1,-0.5285714285714287,0,0,0,2320.0,0,0,0,0,2390.0,0.0,2390.0,2390.0,2390.0,0.0,0.0,0.0,2390.714285714286,2398.9285714285716,1.8898223650772032,13.892246236460029,0.9997012207959912,0.9962780961894019,0,False,False,False,False,False,False,False,True,False,False,False,False,False,False,False,False,True,False,False
2026-03-06,Andhra Pradesh,East Godavari,Jaggampet,Paddy(Common),,,2369.0,2379.0,2379.0,4,3,10,0.0,0.0,26.77999999999974,0.0,1,0.0,36.6,20.7,68.0,28.65,0.1,-0.5285714285714287,0,0,0,2320.0,0,0,0,0,2379.0,0.0,2379.0,2379.0,2379.0,0.0,0.0,0.0,2379.0,2379.0,0.0,0.0,0.9999999957965531,0.9999999957965531,0,True,False,False,False,False,False,False,False,False,False,False,True,False,False,False,False,False,False,False
2026-03-06,Andhra Pradesh,Nellore,Rapur,Paddy(Common),,,2375.0,2410.0,2390.0,4,3,10,0.0,0.0,26.77999999999974,0.0,1,0.0,36.6,20.7,68.0,28.65,0.1,-0.5285714285714287,0,0,0,2320.0,0,0,0,0,2390.0,0.0,2390.0,2390.0,2395.0,0.0,0.0,-0.0020876826635169822,2390.714285714286,2396.785714285714,1.8898223650772032,12.650196541058293,0.9997012207959912,0.997168823138023,0,False,False,False,False,False,False,False,True,False,False,False,False,False,False,False,False,True,False,False
2026-03-07,Andhra Pradesh,East Godavari,Jaggampet,Paddy(Common),,,2369.0,2379.0,2379.0,5,3,10,19.0,0.0,10.128571428571169,0.0,0,0.0,34.4,22.4,76.0,28.4,0.1,-0.5285714285714287,0,0,0,2320.0,0,0,0,0,2379.0,0.0,2379.0,2379.0,2379.0,0.0,0.0,0.0,2379.0,2379.0,0.0,0.0,0.9999999957965531,0.9999999957965531,0,True,False,False,False,False,False,False,False,False,False,False,True,False,False,False,False,False,False,False
2026-03-07,Andhra Pradesh,Nellore,Rapur,Paddy(Common),,,2375.0,2410.0,2390.0,5,3,10,19.0,0.0,10.128571428571169,0.0,0,0.0,34.4,22.4,76.0,28.4,0.1,-0.5285714285714287,0,0,0,2320.0,0,0,0,0,2390.0,0.0,2390.0,2390.0,2390.0,0.0,0.0,0.0,2390.0,2394.6428571428573,0.0,10.824524454693531,0.9999999958158995,0.9980611442288273,0,False,False,False,False,False,False,False,True,False,False,False,False,False,False,False,False,True,False,False
2026-03-08,Andhra Pradesh,East Godavari,Jaggampet,Paddy(Common),,,2369.0,2379.0,2379.0,6,3,10,0.0,19.0,6.285714285714026,0.0,1,0.1,32.6,23.0,73.0,27.8,0.0,-0.6285714285714287,0,0,0,2320.0,0,0,0,0,2379.0,0.0,2379.0,2379.0,2379.0,0.0,0.0,0.0,2379.0,2379.0,0.0,0.0,0.9999999957965531,0.9999999957965531,0,True,False,False,False,False,False,False,False,False,False,False,True,False,False,False,False,False,False,False
2026-03-08,Andhra Pradesh,Nellore,Rapur,Paddy(Common),,,2375.0,2410.0,2390.0,6,3,10,0.0,19.0,6.285714285714026,0.0,1,0.1,32.6,23.0,73.0,27.8,0.0,-0.6285714285714287,0,0,0,2320.0,0,0,0,0,2390.0,0.0,2390.0,2390.0,2390.0,0.0,0.0,0.0,2390.0,2392.5,0.0,8.026398751806743,0.9999999958158995,0.9989550637452244,0,False,False,False,False,False,False,False,True,False,False,False,False,False,False,False,False,True,False,False
2026-03-09,Andhra Pradesh,East Godavari,Jaggampet,Paddy(Common),,,2369.0,2379.0,2379.0,0,3,11,89.0,0.0,6.285714285714026,-1.0,0,1.0,31.1,23.2,75.0,27.15,0.1,-0.8571428571428573,0,0,0,2320.0,0,0,0,0,2379.0,0.0,2379.0,2379.0,2379.0,0.0,0.0,0.0,2379.0,2379.0,0.0,0.0,0.9999999957965531,0.9999999957965531,0,True,False,False,False,False,False,False,False,False,False,False,True,False,False,False,False,False,False,False
2026-03-09,Andhra Pradesh,Nellore,Rapur,Paddy(Common),,,2375.0,2410.0,2390.0,0,3,11,89.0,0.0,6.285714285714026,-1.0,0,1.0,31.1,23.2,75.0,27.15,0.1,-0.8571428571428573,0,0,0,2320.0,0,0,0,0,2390.0,0.0,2390.0,2390.0,2390.0,0.0,0.0,0.0,2390.0,2390.3571428571427,0.0,1.336306209535042,0.9999999958158995,0.9998505859859829,0,False,False,False,False,False,False,False,True,False,False,False,False,False,False,False,False,True,False,False
2026-03-10,Andhra Pradesh,East Godavari,Jaggampet,Paddy(Common),,,2369.0,2379.0,2379.0,1,3,11,558.63,89.0,15.42857142857117,0.0,0,0.0,33.8,21.5,68.0,27.65,1.1,0.1428571428571428,0,0,0,2320.0,0,0,0,0,2379.0,0.0,2379.0,2379.0,2379.0,0.0,0.0,0.0,2379.0,2379.0,0.0,0.0,0.9999999957965531,0.9999999957965531,0,True,False,False,False,False,False,False,False,False,False,False,True,False,False,False,False,False,False,False
2026-03-10,Andhra Pradesh,Nellore,Rapur,Paddy(Common),,,2375.0,2410.0,2390.0,1,3,11,558.63,89.0,15.42857142857117,0.0,0,0.0,33.8,21.5,68.0,27.65,1.1,0.1428571428571428,0,0,0,2320.0,0,0,0,0,2390.0,0.0,2390.0,2390.0,2390.0,0.0,0.0,0.0,2390.0,2390.3571428571427,0.0,1.336306209535042,0.9999999958158995,0.9998505859859829,0,False,False,False,False,False,False,False,True,False,False,False,False,False,False,False,False,True,False,False
2026-03-11,Andhra Pradesh,East Godavari,Jaggampet,Paddy(Common),,,2369.0,2379.0,2379.0,2,3,11,5523.9,558.63,95.23285714285689,5.276741573033708,0,0.0,34.9,20.0,67.0,27.45,1.1,0.1428571428571428,0,0,0,2320.0,0,0,0,0,2379.0,0.0,2379.0,2379.0,2379.0,0.0,0.0,0.0,2379.0,2379.0,0.0,0.0,0.9999999957965531,0.9999999957965531,0,True,False,False,False,False,False,False,False,False,False,False,True,False,False,False,False,False,False,False
2026-03-11,Andhra Pradesh,Nellore,Rapur,Paddy(Common),,,2375.0,2410.0,2390.0,2,3,11,5523.9,558.63,95.23285714285689,5.276741573033708,0,0.0,34.9,20.0,67.0,27.45,1.1,0.1428571428571428,0,0,0,2320.0,0,0,0,0,2400.0,0.004184100400903345,2390.0,2390.0,2390.0,0.0,0.0,0.0,2390.0,2390.3571428571427,0.0,1.336306209535042,0.9999999958158995,0.9998505859859829,0,False,False,False,False,False,False,False,True,False,False,False,False,False,False,False,False,True,False,False
2026-03-12,Andhra Pradesh,East Godavari,Jaggampet,Paddy(Common),,,2369.0,2379.0,2379.0,3,3,11,984.5,5523.9,884.3614285714283,8.888298157993663,0,0.0,36.8,22.3,69.0,29.549999999999997,1.1,0.1428571428571428,0,0,0,2320.0,0,0,0,0,2379.0,0.0,2379.0,2379.0,2379.0,0.0,0.0,0.0,2379.0,2379.0,0.0,0.0,0.9999999957965531,0.9999999957965531,0,True,False,False,False,False,False,False,False,False,False,False,True,False,False,False,False,False,False,False
2026-03-12,Andhra Pradesh,Nellore,Rapur,Paddy(Common),Common,Local,2380.0,2430.0,2400.0,3,3,11,984.5,5523.9,884.3614285714283,8.888298157993663,0,0.0,36.8,22.3,69.0,29.549999999999997,1.1,0.1428571428571428,0,0,0,2320.0,0,0,0,0,2400.0,0.0,2390.0,2390.0,2390.0,0.004184100400903345,0.004184100400903345,0.004184100400903345,2390.0,2390.3571428571427,0.0,1.336306209535042,1.004184096216803,1.0040340612411545,0,False,False,False,False,False,False,False,True,False,False,False,False,False,False,False,False,True,False,False
2026-03-13,Andhra Pradesh,East Godavari,Jaggampet,Paddy(Common),,,2369.0,2379.0,2379.0,4,3,11,929.7,984.5,1025.0042857142855,-0.8217744709353898,0,0.0,34.0,23.6,76.0,28.8,1.1,0.1428571428571428,0,0,0,2320.0,0,0,0,0,2379.0,0.0,2379.0,2379.0,2379.0,0.0,0.0,0.0,2379.0,2379.0,0.0,0.0,0.9999999957965531,0.9999999957965531,0,True,False,False,False,False,False,False,False,False,False,False,True,False,False,False,False,False,False,False
2026-03-13,Andhra Pradesh,Nellore,Rapur,Paddy(Common),Common,Local,2385.0,2430.0,2400.0,4,3,11,929.7,984.5,1025.0042857142855,-0.8217744709353898,0,0.0,34.0,23.6,76.0,28.8,1.1,0.1428571428571428,0,0,0,2320.0,0,0,0,0,2400.0,0.0,2400.0,2390.0,2390.0,0.0,0.004184100400903345,0.004184100400903345,2391.4285714285716,2391.0714285714284,3.779644730107698,2.894671117596731,1.003584225194092,1.0037341257498797,0,False,False,False,False,False,False,False,True,False,False,False,False,False,False,False,False,True,False,False
2026-03-14,Andhra Pradesh,East Godavari,Jaggampet,Paddy(Common),,,2369.0,2379.0,2379.0,5,3,11,0.0,929.7,1157.8185714285712,-0.0556627729812087,1,0.0,33.4,22.9,76.0,28.15,1.1,0.1428571428571428,0,0,0,2320.0,0,0,0,0,2379.0,0.0,2379.0,2379.0,2379.0,0.0,0.0,0.0,2379.0,2379.0,0.0,0.0,0.9999999957965531,0.9999999957965531,0,True,False,False,False,False,False,False,False,False,False,False,True,False,False,False,False,False,False,False
2026-03-14,Andhra Pradesh,Nellore,Rapur,Paddy(Common),,,2385.0,2430.0,2400.0,5,3,11,0.0,929.7,1157.8185714285712,-0.0556627729812087,1,0.0,33.4,22.9,76.0,28.15,1.1,0.1428571428571428,0,0,0,2320.0,0,0,0,0,2400.0,0.0,2400.0,2390.0,2390.0,0.0,0.004184100400903345,0.004184100400903345,2392.8571428571427,2391.4285714285716,4.879500364754385,3.6313651960029167,1.0029850704352863,1.003584225194092,0,False,False,False,False,False,False,False,True,False,False,False,False,False,False,False,False,True,False,False
2026-03-15,Andhra Pradesh,East Godavari,Jaggampet,Paddy(Common),,,2369.0,2379.0,2379.0,6,3,11,1189.1,0.0,1155.1042857142854,-1.0,1,0.0,33.4,22.6,75.0,28.0,1.1,0.1428571428571428,0,0,0,2320.0,0,0,0,0,2379.0,0.0,2379.0,2379.0,2379.0,0.0,0.0,0.0,2379.0,2379.0,0.0,0.0,0.9999999957965531,0.9999999957965531,0,True,False,False,False,False,False,False,False,False,False,False,True,False,False,False,False,False,False,False
2026-03-15,Andhra Pradesh,Nellore,Rapur,Paddy(Common),,,2385.0,2430.0,2400.0,6,3,11,1189.1,0.0,1155.1042857142854,-1.0,1,0.0,33.4,22.6,75.0,28.0,1.1,0.1428571428571428,0,0,0,2320.0,0,0,0,0,2430.0,0.012499999947916667,2400.0,2400.0,2390.0,0.0,0.0,0.004184100400903345,2394.285714285714,2392.1428571428573,5.3452248382590275,4.258153136254866,1.0023866306582896,1.0032845583619037,0,False,False,False,False,False,False,False,True,False,False,False,False,False,False,False,False,True,False,False
2026-03-16,Andhra Pradesh,East Godavari,Jaggampet,Paddy(Common),,,2369.0,2379.0,2379.0,0,3,12,2293.5,1189.1,1324.975714285714,0.0,0,0.0,32.9,22.6,72.0,27.75,1.0,-4.3999999999999995,0,0,0,2320.0,0,0,0,0,2379.0,0.0,2379.0,2379.0,2379.0,0.0,0.0,0.0,2379.0,2379.0,0.0,0.0,0.9999999957965531,0.9999999957965531,0,True,False,False,False,False,False,False,False,False,False,False,True,False,False,False,False,False,False,False
2026-03-16,Andhra Pradesh,Nellore,Rapur,Paddy(Common),Common,Local,2370.0,2450.0,2430.0,0,3,12,2293.5,1189.1,1324.975714285714,0.0,0,0.0,32.9,22.6,72.0,27.75,1.0,-4.3999999999999995,0,0,0,2320.0,0,0,0,0,2430.0,0.0,2400.0,2400.0,2390.0,0.012499999947916667,0.012499999947916667,0.01673640160361338,2395.714285714286,2392.8571428571427,5.345224838258896,4.688072309377501,1.014311265891366,1.0155223838157275,0,False,False,False,False,False,False,False,True,False,False,False,False,False,False,False,False,True,False,False
2026-03-17,Andhra Pradesh,East Godavari,Jaggampet,Paddy(Common),,,2369.0,2379.0,2379.0,1,3,12,1625.1,2293.5,1639.9042857142854,0.9287696577243294,0,0.0,32.8,22.8,71.0,27.799999999999997,0.0,-5.3999999999999995,0,0,0,2320.0,0,0,0,0,2379.0,0.0,2379.0,2379.0,2379.0,0.0,0.0,0.0,2379.0,2379.0,0.0,0.0,0.9999999957965531,0.9999999957965531,0,True,False,False,False,False,False,False,False,False,False,False,True,False,False,False,False,False,False,False
2026-03-17,Andhra Pradesh,Nellore,Rapur,Paddy(Common),Common,Local,2390.0,2460.0,2430.0,1,3,12,1625.1,2293.5,1639.9042857142854,0.9287696577243294,0,0.0,32.8,22.8,71.0,27.799999999999997,0.0,-5.3999999999999995,0,0,0,2320.0,0,0,0,0,2440.0,0.004115226320513471,2430.0,2400.0,2390.0,0.0,0.012499999947916667,0.01673640160361338,2401.4285714285716,2395.714285714286,13.451854182694818,10.89409558803538,1.011897675738677,1.014311265891366,0,False,False,False,False,False,False,False,True,False,False,False,False,False,False,False,False,True,False,False
2026-03-18,Andhra Pradesh,East Godavari,Jaggampet,Paddy(Common),Common,FAQ,2369.0,2379.0,2379.0,2,3,12,2644.3,1625.1,1792.2571428571428,-0.2914323086984958,0,7.0,30.2,21.4,83.0,25.799999999999997,0.0,-5.3999999999999995,0,0,0,2320.0,0,0,0,0,2369.0,-0.004203446808728681,2379.0,2379.0,2379.0,0.0,0.0,0.0,2379.0,2379.0,0.0,0.0,0.9999999957965531,0.9999999957965531,0,True,False,False,False,False,False,False,False,False,False,False,True,False,False,False,False,False,False,False
2026-03-18,Andhra Pradesh,Nellore,Rapur,Paddy(Common),Common,Local,2390.0,2460.0,2440.0,2,3,12,2644.3,1625.1,1792.2571428571428,-0.2914323086984958,0,7.0,30.2,21.4,83.0,25.799999999999997,0.0,-5.3999999999999995,0,0,0,2320.0,0,0,0,0,2440.0,0.0,2430.0,2400.0,2390.0,0.004115226320513471,0.01666666659722222,0.020920502004516728,2407.1428571428573,2398.5714285714284,16.03567451474844,14.064216928152595,1.0136498474210391,1.0172721815837371,0,False,False,False,False,False,False,False,True,False,False,False,False,False,False,False,False,True,False,False
2026-03-19,Andhra Pradesh,East Godavari,Jaggampet,Paddy(Common),Common,FAQ,2369.0,2379.0,2369.0,3,3,12,1522.5,2644.3,1380.8857142857141,0.6271614054519723,0,1.3,32.2,22.0,79.0,27.1,7.0,1.6000000000000005,0,0,0,2320.0,0,0,0,0,2369.0,0.0,2379.0,2379.0,2379.0,-0.004203446808728681,-0.004203446808728681,-0.004203446808728681,2379.0,2379.0,0.0,0.0,0.9957965489878244,0.9957965489878244,0,True,False,False,False,False,False,False,False,False,False,False,True,False,False,False,False,False,False,False
2026-03-19,Andhra Pradesh,Nellore,Rapur,Paddy(Common),,,2390.0,2460.0,2440.0,3,3,12,1522.5,2644.3,1380.8857142857141,0.6271614054519723,0,1.3,32.2,22.0,79.0,27.1,7.0,1.6000000000000005,0,0,0,2320.0,0,0,0,0,2450.0,0.0040983606389411445,2440.0,2430.0,2400.0,0.0,0.004115226320513471,0.01666666659722222,2414.285714285714,2402.1428571428573,18.12653934350159,17.619295117555115,1.0106508833878365,1.0157597341003162,0,False,False,False,False,False,False,False,True,False,False,False,False,False,False,False,False,True,False,False
2026-03-20,Andhra Pradesh,East Godavari,Jaggampet,Paddy(Common),Common,FAQ,2369.0,2379.0,2369.0,4,3,12,3142.7,1522.5,1457.742857142857,-0.42423325643837695,0,2.0,32.1,20.4,76.0,26.25,8.3,2.9000000000000012,0,0,0,2320.0,0,0,0,0,2369.0,0.0,2369.0,2379.0,2379.0,0.0,-0.004203446808728681,-0.004203446808728681,2377.5714285714284,2378.285714285714,3.7796447300906997,2.67261241912265,0.9963948765398281,0.9960956229140621,0,True,False,False,False,False,False,False,False,False,False,False,True,False,False,False,False,False,False,False
2026-03-20,Andhra Pradesh,Nellore,Rapur,Paddy(Common),Common,Local,2390.0,2480.0,2450.0,4,3,12,3142.7,1522.5,1457.742857142857,-0.42423325643837695,0,2.0,32.1,20.4,76.0,26.25,8.3,2.9000000000000012,0,0,0,2320.0,0,0,0,0,2450.0,0.0,2440.0,2430.0,2400.0,0.0040983606389411445,0.008230452641026943,0.020833333246527776,2420.0,2405.714285714286,19.148542155128585,19.889806323952502,1.0123966900314185,1.018408546835594,0,False,False,False,False,False,False,False,True,False,False,False,False,False,False,False,False,True,False,False
2026-03-21,Andhra Pradesh,East Godavari,Jaggampet,Paddy(Common),,,2369.0,2379.0,2369.0,5,3,12,1078.4,3142.7,1773.885714285714,1.0641707717569786,0,0.9,33.5,21.6,76.0,27.55,10.3,4.900000000000001,0,0,0,2320.0,0,0,0,0,2369.0,0.0,2369.0,2379.0,2379.0,0.0,-0.004203446808728681,-0.004203446808728681,2376.1428571428573,2377.5714285714284,4.879500364741363,3.631365196011518,0.9969939235381725,0.9963948765398281,0,True,False,False,False,False,False,False,False,False,False,False,True,False,False,False,False,False,False,False
2026-03-21,Andhra Pradesh,Nellore,Rapur,Paddy(Common),,,2390.0,2480.0,2450.0,5,3,12,1078.4,3142.7,1773.885714285714,1.0641707717569786,0,0.9,33.5,21.6,76.0,27.55,10.3,4.900000000000001,0,0,0,2320.0,0,0,0,0,2450.0,0.0,2450.0,2440.0,2400.0,0.0,0.0040983606389411445,0.020833333246527776,2427.1428571428573,2410.0,19.760470401188435,22.532028485963146,1.0094173001377744,1.016597506155197,0,False,False,False,False,False,False,False,True,False,False,False,False,False,False,False,False,True,False,False
2026-03-22,Andhra Pradesh,East Godavari,Jaggampet,Paddy(Common),Common,FAQ,2369.0,2379.0,2369.0,6,3,12,1423.0,1078.4,1927.9428571428568,-0.6568555700512297,1,1.1,32.6,23.4,79.0,28.0,11.2,5.8,0,0,0,2320.0,0,0,0,0,2369.0,0.0,2369.0,2369.0,2379.0,0.0,0.0,-0.004203446808728681,2374.714285714286,2376.8571428571427,5.345224838247272,4.25815313626197,0.9975936912812633,0.9966943100271306,0,True,False,False,False,False,False,False,False,False,False,False,True,False,False,False,False,False,False,False
2026-03-22,Andhra Pradesh,Nellore,Rapur,Paddy(Common),,,2390.0,2480.0,2450.0,6,3,12,1423.0,1078.4,1927.9428571428568,-0.6568555700512297,1,1.1,32.6,23.4,79.0,28.0,11.2,5.8,0,0,0,2320.0,0,0,0,0,2460.0,0.004081632636401499,2450.0,2440.0,2400.0,0.0,0.0040983606389411445,0.020833333246527776,2434.285714285714,2414.285714285714,17.18249385968556,24.087751663858704,1.006455394926533,1.0147928952049998,0,False,False,False,False,False,False,False,True,False,False,False,False,False,False,False,False,True,False,False
2026-03-23,Andhra Pradesh,East Godavari,Jaggampet,Paddy(Common),Common,FAQ,2369.0,2379.0,2369.0,0,3,13,4277.5,1423.0,1961.357142857143,0.3195474777448071,0,0.3,33.5,23.3,77.0,28.4,12.3,5.000000000000001,0,0,0,2320.0,0,0,0,0,2369.0,0.0,2369.0,2369.0,2379.0,0.0,0.0,-0.004203446808728681,2373.285714285714,2376.1428571428573,5.345224838247272,4.6880723093837675,0.9981941810706318,0.9969939235381725,0,True,False,False,False,False,False,False,False,False,False,False,True,False,False,False,False,False,False,False
2026-03-23,Andhra Pradesh,Nellore,Rapur,Paddy(Common),Common,Local,2390.0,2480.0,2460.0,0,3,13,4277.5,1423.0,1961.357142857143,0.3195474777448071,0,0.3,33.5,23.3,77.0,28.4,12.3,5.000000000000001,0,0,0,2320.0,0,0,0,0,2450.0,-0.0040650406338819485,2450.0,2450.0,2430.0,0.004081632636401499,0.004081632636401499,0.012345678961540416,2441.4285714285716,2418.5714285714284,8.997354108425686,24.76260917566566,1.007606783467965,1.0171293519669784,0,False,False,False,False,False,False,False,True,False,False,False,False,False,False,False,False,True,False,False
2026-03-24,Andhra Pradesh,East Godavari,Jaggampet,Paddy(Common),Common,FAQ,2369.0,2379.0,2369.0,1,3,13,3683.7,4277.5,2244.785714285714,2.00597329585383,0,0.0,33.4,23.4,76.0,28.4,12.6,5.3,0,0,0,2320.0,0,0,0,0,2369.0,0.0,2369.0,2369.0,2379.0,0.0,0.0,-0.004203446808728681,2371.8571428571427,2375.4285714285716,4.87950036474127,4.972451580987308,0.9987953942109451,0.9972937172353523,0,True,False,False,False,False,False,False,False,False,False,False,True,False,False,False,False,False,False,False
2026-03-24,Andhra Pradesh,Nellore,Rapur,Paddy(Common),Common,Local,2390.0,2470.0,2450.0,1,3,13,3683.7,4277.5,2244.785714285714,2.00597329585383,0,0.0,33.4,23.4,76.0,28.4,12.6,5.3,0,0,0,2320.0,0,0,0,0,2450.0,0.0,2460.0,2450.0,2430.0,-0.0040650406338819485,0.0,0.008230452641026943,2445.714285714286,2423.5714285714284,9.759000729486267,25.602626925658537,1.001752332352648,1.0109047998371155,0,False,False,False,False,False,False,False,True,False,False,False,False,False,False,False,False,True,False,False
2026-03-25,Andhra Pradesh,East Godavari,Jaggampet,Paddy(Common),Common,FAQ,2369.0,2379.0,2369.0,2,3,13,3612.7,3683.7,2538.871428571428,-0.13881940385739333,0,0.0,34.9,23.4,73.0,29.15,12.6,5.3,0,0,0,2320.0,0,0,0,0,2369.0,0.0,2369.0,2369.0,2379.0,0.0,0.0,-0.004203446808728681,2370.4285714285716,2374.714285714286,3.779644730090394,5.135525910129775,0.9993973320100153,0.9975936912812633,0,True,False,False,False,False,False,False,False,False,False,False,True,False,False,False,False,False,False,False
2026-03-25,Andhra Pradesh,Nellore,Rapur,Paddy(Common),,,2390.0,2470.0,2450.0,2,3,13,3612.7,3683.7,2538.871428571428,-0.13881940385739333,0,0.0,34.9,23.4,73.0,29.15,12.6,5.3,0,0,0,2320.0,0,0,0,0,2460.0,0.004081632636401499,2450.0,2450.0,2440.0,0.0,0.0,0.0040983606389411445,2448.5714285714284,2427.8571428571427,6.900655593424619,24.550911444327326,1.0005834264853652,1.0091203253522552,0,False,False,False,False,False,False,False,True,False,False,False,False,False,False,False,False,True,False,False
2026-03-26,Andhra Pradesh,East Godavari,Jaggampet,Paddy(Common),Common,FAQ,2369.0,2379.0,2369.0,3,3,13,3482.9,3612.7,2677.2142857142853,-0.0192740994109184,0,0.0,36.2,23.8,74.0,30.0,5.6000000000000005,-1.6999999999999993,0,0,0,2320.0,0,0,0,0,2369.0,0.0,2369.0,2369.0,2369.0,0.0,0.0,0.0,2369.0,2374.0,0.0,5.188745216626469,0.9999999957788096,0.9978938458386948,0,True,False,False,False,False,False,False,False,False,False,False,True,False,False,False,False,False,False,False
2026-03-26,Andhra Pradesh,Nellore,Rapur,Paddy(Common),Common,Local,2390.0,2480.0,2460.0,3,3,13,3482.9,3612.7,2677.2142857142853,-0.0192740994109184,0,0.0,36.2,23.8,74.0,30.0,5.6000000000000005,-1.6999999999999993,0,0,0,2320.0,0,0,0,0,2460.0,0.0,2450.0,2460.0,2440.0,0.004081632636401499,0.0,0.008196721277882289,2450.0,2432.1428571428573,5.773502691897441,22.592909516915,1.0040816285547687,1.0114537403346981,0,False,False,False,False,False,False,False,True,False,False,False,False,False,False,False,False,True,False,False
2026-03-27,Andhra Pradesh,East Godavari,Jaggampet,Paddy(Common),Common,FAQ,2369.0,2379.0,2369.0,4,3,13,3430.2,3482.9,2957.2714285714283,-0.03592880670966303,0,0.0,36.3,23.7,73.0,30.0,4.300000000000001,-2.999999999999999,0,0,0,2320.0,0,0,0,0,2369.0,0.0,2369.0,2369.0,2369.0,0.0,0.0,0.0,2369.0,2373.285714285714,0.0,5.135525910129644,0.9999999957788096,0.9981941810706318,0,True,False,False,False,False,False,False,False,False,False,False,True,False,False,False,False,False,False,False
2026-03-27,Andhra Pradesh,Nellore,Rapur,Paddy(Common),,,2390.0,2480.0,2460.0,4,3,13,3430.2,3482.9,2957.2714285714283,-0.03592880670966303,0,0.0,36.3,23.7,73.0,30.0,4.300000000000001,-2.999999999999999,0,0,0,2320.0,0,0,0,0,2460.0,0.0,2460.0,2450.0,2450.0,0.0,0.004081632636401499,0.004081632636401499,2452.8571428571427,2436.4285714285716,4.8795003647438495,21.69974932756292,1.0029120518227232,1.0096745780898726,0,False,False,False,False,False,False,False,True,False,False,False,False,False,False,False,False,True,False,False
2026-03-28,Andhra Pradesh,East Godavari,Jaggampet,Paddy(Common),Common,FAQ,2369.0,2379.0,2369.0,5,3,13,4756.1,3430.2,2998.3428571428567,-0.015131068936805603,0,0.0,37.0,24.3,70.0,30.65,2.3000000000000003,-5.0,0,0,0,2320.0,0,0,0,0,2379.0,0.004221190357867495,2369.0,2369.0,2369.0,0.0,0.0,0.0,2369.0,2372.5714285714284,0.0,4.9724515809870375,0.9999999957788096,0.998494697140256,0,True,False,False,False,False,False,False,False,False,False,False,True,False,False,False,False,False,False,False
2026-03-28,Andhra Pradesh,Nellore,Rapur,Paddy(Common),Common,Local,2390.0,2490.0,2460.0,5,3,13,4756.1,3430.2,2998.3428571428567,-0.015131068936805603,0,0.0,37.0,24.3,70.0,30.65,2.3000000000000003,-5.0,0,0,0,2320.0,0,0,0,0,2460.0,0.0,2460.0,2450.0,2450.0,0.0,0.004081632636401499,0.004081632636401499,2454.285714285714,2440.714285714286,5.345224838249542,19.79288361402114,1.002328284623808,1.0079016640004028,0,False,False,False,False,False,False,False,True,False,False,False,False,False,False,False,False,True,False,False
2026-03-29,Andhra Pradesh,East Godavari,Jaggampet,Paddy(Common),Common,FAQ,2369.0,2379.0,2379.0,6,3,13,3260.5,4756.1,3523.7285714285713,0.3865372281499624,1,0.6,36.2,25.1,74.0,30.650000000000002,1.4000000000000006,-5.8999999999999995,0,0,0,2320.0,0,0,0,0,2379.0,0.0,2369.0,2369.0,2369.0,0.004221190357867495,0.004221190357867495,0.004221190357867495,2369.0,2371.8571428571427,0.0,4.688072309383336,1.004221186136677,1.0030114997162678,0,True,False,False,False,False,False,False,False,False,False,False,True,False,False,False,False,False,False,False
2026-03-29,Andhra Pradesh,Nellore,Rapur,Paddy(Common),,,2390.0,2490.0,2460.0,6,3,13,3260.5,4756.1,3523.7285714285713,0.3865372281499624,1,0.6,36.2,25.1,74.0,30.650000000000002,1.4000000000000006,-5.8999999999999995,0,0,0,2320.0,0,0,0,0,2450.0,-0.0040650406338819485,2460.0,2460.0,2450.0,0.0,0.0,0.004081632636401499,2455.714285714286,2445.0,5.345224838249542,16.52503927610666,1.0017451966188384,1.006134965210082,0,False,False,False,False,False,False,False,True,False,False,False,False,False,False,False,False,True,False,False
2026-03-30,Andhra Pradesh,East Godavari,Jaggampet,Paddy(Common),Common,FAQ,2369.0,2379.0,2379.0,0,3,14,3028.7,3260.5,3786.2285714285713,-0.3144593259182945,0,0.0,35.2,25.5,74.0,30.35,0.9000000000000004,0.18571428571428572,0,0,0,2320.0,0,0,0,0,2379.0,0.0,2379.0,2369.0,2369.0,0.0,0.004221190357867495,0.004221190357867495,2370.4285714285716,2371.8571428571427,3.779644730090394,4.688072309383336,1.0036159784093823,1.0030114997162678,0,True,False,False,False,False,False,False,False,False,False,False,True,False,False,False,False,False,False,False
2026-03-30,Andhra Pradesh,Nellore,Rapur,Paddy(Common),Common,Local,2380.0,2470.0,2450.0,0,3,14,3028.7,3260.5,3786.2285714285713,-0.3144593259182945,0,0.0,35.2,25.5,74.0,30.35,0.9000000000000004,0.18571428571428572,0,0,0,2320.0,0,0,0,0,2460.0,0.004081632636401499,2460.0,2460.0,2460.0,-0.0040650406338819485,-0.0040650406338819485,-0.0040650406338819485,2457.1428571428573,2449.285714285714,4.879500364743758,10.716117059602752,0.9970930191978771,1.0002916261288763,0,False,False,False,False,False,False,False,True,False,False,False,False,False,False,False,False,True,False,False
2026-03-31,Andhra Pradesh,East Godavari,Jaggampet,Paddy(Common),Common,FAQ,2369.0,2379.0,2379.0,1,3,14,639.8,3028.7,3607.828571428571,-0.07109339058426623,0,0.1,36.0,23.4,69.0,29.7,0.6000000000000003,-0.11428571428571432,0,0,0,2320.0,0,0,0,0,2379.0,0.0,2379.0,2369.0,2369.0,0.0,0.004221190357867495,0.004221190357867495,2371.8571428571427,2371.8571428571427,4.879500364741402,4.688072309383336,1.0030114997162678,1.0030114997162678,0,True,False,False,False,False,False,False,False,False,False,False,True,False,False,False,False,False,False,False
2026-03-31,Andhra Pradesh,Nellore,Rapur,Paddy(Common),Common,Local,2390.0,2480.0,2460.0,1,3,14,639.8,3028.7,3607.828571428571,-0.07109339058426623,0,0.1,36.0,23.4,69.0,29.7,0.6000000000000003,-0.11428571428571432,0,0,0,2320.0,0,0,0,0,2450.0,-0.0040650406338819485,2450.0,2460.0,2450.0,0.004081632636401499,0.0,0.004081632636401499,2455.714285714286,2450.714285714286,5.345224838249542,9.168747682528887,1.0017451966188384,1.0037889787079435,0,False,False,False,False,False,False,False,True,False,False,False,False,False,False,False,False,True,False,False
2026-04-01,Andhra Pradesh,East Godavari,Jaggampet,Paddy(Common),Common,FAQ,2369.0,2379.0,2379.0,2,4,14,2473.4,639.8,3172.985714285714,-0.7887542509987784,0,0.0,35.3,24.7,69.0,30.0,0.7000000000000003,-0.014285714285714346,0,0,1,2320.0,0,0,1,0,2379.0,0.0,2379.0,2379.0,2369.0,0.0,0.0,0.004221190357867495,2373.285714285714,2371.8571428571427,5.345224838247522,4.688072309383336,1.002407748740833,1.0030114997162678,1,True,False,False,False,False,False,False,False,False,False,False,True,False,False,False,False,False,False,False
2026-04-01,Andhra Pradesh,Nellore,Rapur,Paddy(Common),Common,Local,2390.0,2490.0,2450.0,2,4,14,2473.4,639.8,3172.985714285714,-0.7887542509987784,0,0.0,35.3,24.7,69.0,30.0,0.7000000000000003,-0.014285714285714346,0,0,1,2320.0,0,0,1,0,2460.0,0.004081632636401499,2460.0,2460.0,2450.0,-0.0040650406338819485,-0.0040650406338819485,0.0,2457.1428571428573,2452.8571428571427,4.879500364743758,7.262730392021938,0.9970930191978771,0.9988351735632812,1,False,False,False,False,False,False,False,True,False,False,False,False,False,False,False,False,True,False,False
2026-04-02,Andhra Pradesh,East Godavari,Jaggampet,Paddy(Common),Common,FAQ,2369.0,2379.0,2379.0,3,4,14,2253.2,2473.4,3010.2285714285713,2.865895592372617,0,0.0,35.8,23.5,70.0,29.65,0.7000000000000004,-0.014285714285714235,0,0,1,2320.0,0,0,0,0,2379.0,0.0,2379.0,2379.0,2369.0,0.0,0.0,0.004221190357867495,2374.714285714286,2371.8571428571427,5.345224838247654,4.688072309383336,1.0018047241697448,1.0030114997162678,1,True,False,False,False,False,False,False,False,False,False,False,True,False,False,False,False,False,False,False
2026-04-02,Andhra Pradesh,Nellore,Rapur,Paddy(Common),Common,Local,2390.0,2490.0,2460.0,3,4,14,2253.2,2473.4,3010.2285714285713,2.865895592372617,0,0.0,35.8,23.5,70.0,29.65,0.7000000000000004,-0.014285714285714235,0,0,1,2320.0,0,0,0,0,2460.0,0.0,2450.0,2450.0,2460.0,0.004081632636401499,0.004081632636401499,0.0,2457.1428571428573,2453.5714285714284,4.879500364743758,6.333236937762291,1.0011627866231745,1.0026200832498744,1,False,False,False,False,False,False,False,True,False,False,False,False,False,False,False,False,True,False,False
2026-04-03,Andhra Pradesh,East Godavari,Jaggampet,Paddy(Common),,,2369.0,2379.0,2379.0,4,4,14,2504.2,2253.2,2834.5571428571425,-0.08902724993935485,0,0.0,36.6,24.6,72.0,30.6,0.7000000000000004,-0.014285714285714235,0,0,1,2320.0,0,0,0,0,2379.0,0.0,2379.0,2379.0,2369.0,0.0,0.0,0.004221190357867495,2376.1428571428573,2372.5714285714284,4.8795003647419275,4.9724515809870375,1.0012024246928293,1.0027095333459979,1,True,False,False,False,False,False,False,False,False,False,False,True,False,False,False,False,False,False,False
2026-04-03,Andhra Pradesh,Nellore,Rapur,Paddy(Common),,,2390.0,2490.0,2460.0,4,4,14,2504.2,2253.2,2834.5571428571425,-0.08902724993935485,0,0.0,36.6,24.6,72.0,30.6,0.7000000000000004,-0.014285714285714235,0,0,1,2320.0,0,0,0,0,2460.0,0.0,2460.0,2460.0,2460.0,0.0,0.0,0.0,2457.1428571428573,2455.0,4.879500364743758,5.188745216622635,1.0011627866231745,1.0020366557961846,1,False,False,False,False,False,False,False,True,False,False,False,False,False,False,False,False,True,False,False
2026-04-04,Andhra Pradesh,East Godavari,Jaggampet,Paddy(Common),,,2369.0,2379.0,2379.0,5,4,14,2108.6,2504.2,2702.2714285714283,0.11139712409018276,0,0.0,36.5,24.9,70.0,30.7,0.7000000000000004,-0.014285714285714235,0,0,1,2320.0,0,0,0,0,2379.0,0.0,2379.0,2379.0,2369.0,0.0,0.0,0.004221190357867495,2377.5714285714284,2373.285714285714,3.779644730091615,5.135525910129644,1.0006008490030607,1.002407748740833,1,True,False,False,False,False,False,False,False,False,False,False,True,False,False,False,False,False,False,False
2026-04-04,Andhra Pradesh,Kakinada,Jaggampet,Paddy(Common),,,2369.0,2379.0,2379.0,5,4,14,2108.6,2504.2,2410.2666666666664,0.11139712409018276,0,0.0,36.5,24.9,70.0,30.7,0.0,0.0,0,0,1,2320.0,0,0,0,0,2379.0,0.0,2379.0,2379.0,,0.0,0.0,,2379.0,2379.0,0.0,0.0,0.9999999957965531,0.9999999957965531,1,True,False,False,False,False,False,False,False,False,False,False,False,False,True,False,False,False,False,False
2026-04-04,Andhra Pradesh,Nellore,Rapur,Paddy(Common),Common,Local,2390.0,2490.0,2460.0,5,4,14,2108.6,2504.2,2702.2714285714283,0.11139712409018276,0,0.0,36.5,24.9,70.0,30.7,0.7000000000000004,-0.014285714285714235,0,0,1,2320.0,0,0,0,0,2460.0,0.0,2460.0,2450.0,2460.0,0.0,0.004081632636401499,0.0,2457.1428571428573,2455.714285714286,4.879500364743758,5.135525910125903,1.0011627866231745,1.0017451966188384,1,False,False,False,False,False,False,False,True,False,False,False,False,False,False,False,False,True,False,False
2026-04-04,Andhra Pradesh,SPSR Nellore,Rapur,Paddy(Common),Common,Local,2390.0,2490.0,2460.0,5,4,14,2108.6,2504.2,2410.2666666666664,0.11139712409018276,0,0.0,36.5,24.9,70.0,30.7,0.0,0.0,0,0,1,2320.0,0,0,0,0,2460.0,0.0,2460.0,2450.0,,0.0,0.004081632636401499,,2456.6666666666665,2456.6666666666665,5.77350269189629,5.77350269189629,1.0013568480270414,1.0013568480270414,1,False,False,False,False,False,False,False,True,False,False,False,False,False,False,False,False,False,False,True
2026-04-05,Andhra Pradesh,East Godavari,Jaggampet,Paddy(Common),Common,FAQ,2369.0,2379.0,2379.0,6,4,14,2272.6,2108.6,2324.0571428571425,-0.1579746026675185,1,0.1,36.5,26.1,71.0,31.3,0.7000000000000004,-0.014285714285714235,0,0,1,2320.0,0,0,0,0,2379.0,0.0,2379.0,2379.0,2379.0,0.0,0.0,0.0,2379.0,2374.0,0.0,5.1887452166265176,0.9999999957965531,1.0021061457367053,1,True,False,False,False,False,False,False,False,False,False,False,True,False,False,False,False,False,False,False
2026-04-05,Andhra Pradesh,Kakinada,Jaggampet,Paddy(Common),Common,FAQ,2369.0,2379.0,2379.0,6,4,14,2272.6,2108.6,2334.85,-0.1579746026675185,1,0.1,36.5,26.1,71.0,31.3,0.0,0.0,0,0,1,2320.0,0,0,0,0,2379.0,0.0,2379.0,2379.0,,0.0,0.0,,2379.0,2379.0,0.0,0.0,0.9999999957965531,0.9999999957965531,1,True,False,False,False,False,False,False,False,False,False,False,False,False,True,False,False,False,False,False
2026-04-05,Andhra Pradesh,Nellore,Rapur,Paddy(Common),,,2390.0,2490.0,2460.0,6,4,14,2272.6,2108.6,2324.0571428571425,-0.1579746026675185,1,0.1,36.5,26.1,71.0,31.3,0.7000000000000004,-0.014285714285714235,0,0,1,2320.0,0,0,0,0,2430.0,-0.012195121901645845,2460.0,2460.0,2460.0,0.0,0.0,0.0,2457.1428571428573,2456.4285714285716,4.879500364743758,4.97245158098331,1.0011627866231745,1.0014539069437758,1,False,False,False,False,False,False,False,True,False,False,False,False,False,False,False,False,True,False,False
2026-04-05,Andhra Pradesh,SPSR Nellore,Rapur,Paddy(Common),,,2390.0,2490.0,2460.0,6,4,14,2272.6,2108.6,2334.85,-0.1579746026675185,1,0.1,36.5,26.1,71.0,31.3,0.0,0.0,0,0,1,2320.0,0,0,0,0,2430.0,-0.012195121901645845,2460.0,2460.0,,0.0,0.0,,2457.5,2457.5,5.000000000000038,5.000000000000038,1.00101728992465,1.00101728992465,1,False,False,False,False,False,False,False,True,False,False,False,False,False,False,False,False,False,False,True
2026-04-06,Andhra Pradesh,East Godavari,Jaggampet,Paddy(Common),Common,FAQ,2369.0,2379.0,2379.0,0,4,15,2317.1,2272.6,2182.928571428571,0.07777672389263013,0,1.2,35.3,26.5,71.0,30.9,0.20000000000000034,-5.814285714285714,0,0,1,2320.0,0,0,0,0,2379.0,0.0,2379.0,2379.0,2379.0,0.0,0.0,0.0,2379.0,2374.714285714286,0.0,5.135525910129891,0.9999999957965531,1.0018047241697448,1,True,False,False,False,False,False,False,False,False,False,False,True,False,False,False,False,False,False,False
2026-04-06,Andhra Pradesh,Kakinada,Jaggampet,Paddy(Common),,,2369.0,2379.0,2379.0,0,4,15,2317.1,2272.6,2322.4,0.07777672389263013,0,1.2,35.3,26.5,71.0,30.9,0.1,-5.885714285714286,0,0,1,2320.0,0,0,0,0,2379.0,0.0,2379.0,2379.0,,0.0,0.0,,2379.0,2379.0,0.0,0.0,0.9999999957965531,0.9999999957965531,1,True,False,False,False,False,False,False,False,False,False,False,False,False,True,False,False,False,False,False
2026-04-06,Andhra Pradesh,Nellore,Rapur,Paddy(Common),Common,Local,2390.0,2460.0,2430.0,0,4,15,2317.1,2272.6,2182.928571428571,0.07777672389263013,0,1.2,35.3,26.5,71.0,30.9,0.20000000000000034,-5.814285714285714,0,0,1,2320.0,0,0,0,0,2430.0,0.0,2460.0,2460.0,2450.0,-0.012195121901645845,-0.012195121901645845,-0.008163265272802998,2457.1428571428573,2457.1428571428573,4.879500364743758,4.688072309379526,0.9889534843472821,0.9889534843472821,1,False,False,False,False,False,False,False,True,False,False,False,False,False,False,False,False,True,False,False
2026-04-06,Andhra Pradesh,SPSR Nellore,Rapur,Paddy(Common),Common,Local,2390.0,2460.0,2430.0,0,4,15,2317.1,2272.6,2322.4,0.07777672389263013,0,1.2,35.3,26.5,71.0,30.9,0.1,-5.885714285714286,0,0,1,2320.0,0,0,0,0,2430.0,0.0,2460.0,2460.0,,-0.012195121901645845,-0.012195121901645845,,2458.0,2458.0,4.472135954999612,4.472135954999612,0.9886086208762871,0.9886086208762871,1,False,False,False,False,False,False,False,True,False,False,False,False,False,False,False,False,False,False,True
2026-04-07,Andhra Pradesh,East Godavari,Jaggampet,Paddy(Common),Common,FAQ,2369.0,2379.0,2379.0,1,4,15,2684.6,2317.1,2081.271428571428,0.019581096541406273,0,0.9,35.7,26.2,74.0,30.950000000000003,1.4000000000000004,-4.614285714285714,0,0,1,2320.0,0,0,0,0,2379.0,0.0,2379.0,2379.0,2379.0,0.0,0.0,0.0,2379.0,2375.4285714285716,0.0,4.972451580987496,0.9999999957965531,1.0015034838762782,1,True,False,False,False,False,False,False,False,False,False,False,True,False,False,False,False,False,False,False
2026-04-07,Andhra Pradesh,Kakinada,Jaggampet,Paddy(Common),Common,FAQ,2369.0,2379.0,2379.0,1,4,15,2684.6,2317.1,2321.5166666666664,0.019581096541406273,0,0.9,35.7,26.2,74.0,30.950000000000003,1.3,-4.685714285714286,0,0,1,2320.0,0,0,0,0,2379.0,0.0,2379.0,2379.0,,0.0,0.0,,2379.0,2379.0,0.0,0.0,0.9999999957965531,0.9999999957965531,1,True,False,False,False,False,False,False,False,False,False,False,False,False,True,False,False,False,False,False
2026-04-07,Andhra Pradesh,Nellore,Rapur,Paddy(Common),Common,Local,2390.0,2460.0,2430.0,1,4,15,2684.6,2317.1,2081.271428571428,0.019581096541406273,0,0.9,35.7,26.2,74.0,30.950000000000003,1.4000000000000004,-4.614285714285714,0,0,1,2320.0,0,0,0,0,2430.0,0.0,2430.0,2460.0,2460.0,0.0,-0.012195121901645845,-0.012195121901645845,2454.285714285714,2455.0,11.33893419027728,8.548504142648092,0.9901047689576639,0.9898166965791579,1,False,False,False,False,False,False,False,True,False,False,False,False,False,False,False,False,True,False,False
2026-04-07,Andhra Pradesh,SPSR Nellore,Rapur,Paddy(Common),Common,Local,2390.0,2460.0,2430.0,1,4,15,2684.6,2317.1,2321.5166666666664,0.019581096541406273,0,0.9,35.7,26.2,74.0,30.950000000000003,1.3,-4.685714285714286,0,0,1,2320.0,0,0,0,0,2440.0,0.004115226320513471,2430.0,2460.0,,0.0,-0.012195121901645845,,2453.3333333333335,2453.3333333333335,12.110601416390011,12.110601416390011,0.9904891263974627,0.9904891263974627,1,False,False,False,False,False,False,False,True,False,False,False,False,False,False,False,False,False,False,True
2026-04-08,Andhra Pradesh,East Godavari,Jaggampet,Paddy(Common),,,2369.0,2379.0,2379.0,2,4,15,2162.1,2684.6,2373.3857142857137,0.15860342669716454,0,3.0,35.9,26.0,74.0,30.95,2.2,-3.814285714285714,0,0,1,2320.0,0,0,0,0,2379.0,0.0,2379.0,2379.0,2379.0,0.0,0.0,0.0,2379.0,2376.1428571428573,0.0,4.6880723093840375,0.9999999957965531,1.0012024246928293,1,True,False,False,False,False,False,False,False,False,False,False,True,False,False,False,False,False,False,False
2026-04-08,Andhra Pradesh,Kakinada,Jaggampet,Paddy(Common),Common,FAQ,2369.0,2379.0,2379.0,2,4,15,2162.1,2684.6,2373.3857142857146,0.15860342669716454,0,3.0,35.9,26.0,74.0,30.95,2.2,-3.7857142857142856,0,0,1,2320.0,0,0,0,0,2379.0,0.0,2379.0,2379.0,2379.0,0.0,0.0,0.0,2379.0,2379.0,0.0,0.0,0.9999999957965531,0.9999999957965531,1,True,False,False,False,False,False,False,False,False,False,False,False,False,True,False,False,False,False,False
2026-04-08,Andhra Pradesh,Nellore,Rapur,Paddy(Common),,,2390.0,2460.0,2430.0,2,4,15,2162.1,2684.6,2373.3857142857137,0.15860342669716454,0,3.0,35.9,26.0,74.0,30.95,2.2,-3.814285714285714,0,0,1,2320.0,0,0,0,0,2460.0,0.012345678961540416,2430.0,2460.0,2450.0,0.0,-0.012195121901645845,-0.008163265272802998,2450.0,2453.5714285714284,14.14213562373121,10.818177620695414,0.9918367306455643,0.9903930090639004,1,False,False,False,False,False,False,False,True,False,False,False,False,False,False,False,False,True,False,False
2026-04-08,Andhra Pradesh,SPSR Nellore,Rapur,Paddy(Common),Common,Local,2390.0,2480.0,2440.0,2,4,15,2162.1,2684.6,2373.3857142857146,0.15860342669716454,0,3.0,35.9,26.0,74.0,30.95,2.2,-3.7857142857142856,0,0,1,2320.0,0,0,0,0,2460.0,0.008196721277882289,2430.0,2460.0,2450.0,0.004115226320513471,-0.008130081267763897,-0.004081632636401499,2450.0,2450.0,14.142135623730999,14.142135623730999,0.9959183632819658,0.9959183632819658,1,False,False,False,False,False,False,False,True,False,False,False,False,False,False,False,False,False,False,True
2026-04-09,Andhra Pradesh,East Godavari,Jaggampet,Paddy(Common),Common,FAQ,2369.0,2379.0,2379.0,3,4,15,2173.8,2162.1,2328.9142857142856,-0.19462862251359603,0,5.8,35.7,26.5,75.0,31.1,5.2,-0.8142857142857141,0,0,1,2320.0,0,0,0,0,2379.0,0.0,2379.0,2379.0,2379.0,0.0,0.0,0.0,2379.0,2376.8571428571427,0.0,4.258153136262346,0.9999999957965531,1.000901546456118,1,True,False,False,False,False,False,False,False,False,False,False,True,False,False,False,False,False,False,False
2026-04-09,Andhra Pradesh,Kakinada,Jaggampet,Paddy(Common),Common,FAQ,2369.0,2379.0,2379.0,3,4,15,2173.8,2162.1,2328.9142857142856,-0.19462862251359603,0,5.8,35.7,26.5,75.0,31.1,5.2,-0.7857142857142856,0,0,1,2320.0,0,0,0,0,2379.0,0.0,2379.0,2379.0,2379.0,0.0,0.0,0.0,2379.0,2379.0,0.0,0.0,0.9999999957965531,0.9999999957965531,1,True,False,False,False,False,False,False,False,False,False,False,False,False,True,False,False,False,False,False
2026-04-09,Andhra Pradesh,Nellore,Rapur,Paddy(Common),Common,Local,2390.0,2490.0,2460.0,3,4,15,2173.8,2162.1,2328.9142857142856,-0.19462862251359603,0,5.8,35.7,26.5,75.0,31.1,5.2,-0.8142857142857141,0,0,1,2320.0,0,0,0,0,2440.0,-0.008130081267763897,2430.0,2430.0,2460.0,0.012345678961540416,0.012345678961540416,0.0,2447.1428571428573,2452.1428571428573,16.035674514745626,12.51372872461898,1.0052539363474735,1.0032041904908653,1,False,False,False,False,False,False,False,True,False,False,False,False,False,False,False,False,True,False,False
2026-04-09,Andhra Pradesh,SPSR Nellore,Rapur,Paddy(Common),Common,Local,2390.0,2490.0,2460.0,3,4,15,2173.8,2162.1,2328.9142857142856,-0.19462862251359603,0,5.8,35.7,26.5,75.0,31.1,5.2,-0.7857142857142856,0,0,1,2320.0,0,0,0,0,2440.0,-0.008130081267763897,2440.0,2430.0,2460.0,0.008196721277882289,0.012345678961540416,0.0,2448.5714285714284,2448.75,14.638501094228038,13.56202681860542,1.0046674404710199,1.0045941766019635,1,False,False,False,False,False,False,False,True,False,False,False,False,False,False,False,False,False,False,True
2026-04-10,Andhra Pradesh,East Godavari,Jaggampet,Paddy(Common),Common,FAQ,2369.0,2379.0,2379.0,4,4,15,1816.6,2173.8,2317.571428571428,0.005411405577910422,0,0.0,37.2,27.0,73.0,32.1,11.0,4.985714285714286,0,0,1,2320.0,0,0,0,0,2379.0,0.0,2379.0,2379.0,2379.0,0.0,0.0,0.0,2379.0,2377.5714285714284,0.0,3.631365196012052,0.9999999957965531,1.0006008490030607,1,True,False,False,False,False,False,False,False,False,False,False,True,False,False,False,False,False,False,False
2026-04-10,Andhra Pradesh,Kakinada,Jaggampet,Paddy(Common),Common,FAQ,2369.0,2379.0,2379.0,4,4,15,1816.6,2173.8,2317.5714285714284,0.005411405577910422,0,0.0,37.2,27.0,73.0,32.1,11.0,5.014285714285714,0,0,1,2320.0,0,0,0,0,2379.0,0.0,2379.0,2379.0,2379.0,0.0,0.0,0.0,2379.0,2379.0,0.0,0.0,0.9999999957965531,0.9999999957965531,1,True,False,False,False,False,False,False,False,False,False,False,False,False,True,False,False,False,False,False
2026-04-10,Andhra Pradesh,Nellore,Rapur,Paddy(Common),Common,Local,2390.0,2480.0,2440.0,4,4,15,1816.6,2173.8,2317.571428571428,0.005411405577910422,0,0.0,37.2,27.0,73.0,32.1,11.0,4.985714285714286,0,0,1,2320.0,0,0,0,0,2440.0,0.0,2460.0,2430.0,2460.0,-0.008130081267763897,0.004115226320513471,-0.008130081267763897,2447.1428571428573,2452.1428571428573,16.035674514745626,12.51372872461898,0.9970811401170063,0.9950480588608583,1,False,False,False,False,False,False,False,True,False,False,False,False,False,False,False,False,True,False,False
2026-04-10,Andhra Pradesh,SPSR Nellore,Rapur,Paddy(Common),Common,Local,2390.0,2480.0,2440.0,4,4,15,1816.6,2173.8,2317.5714285714284,0.005411405577910422,0,0.0,37.2,27.0,73.0,32.1,11.0,5.014285714285714,0,0,1,2320.0,0,0,0,0,2440.0,0.0,2460.0,2430.0,2460.0,-0.008130081267763897,0.004115226320513471,-0.008130081267763897,2448.5714285714284,2450.0,14.638501094228038,13.228756555322994,0.9964994124997106,0.9959183632819658,1,False,False,False,False,False,False,False,True,False,False,False,False,False,False,False,False,False,False,True
2026-04-11,Andhra Pradesh,East Godavari,Jaggampet,Paddy(Common),,,2369.0,2379.0,2379.0,5,4,15,0.0,1816.6,2219.3428571428567,-0.1643205446683229,1,0.1,36.9,27.1,71.0,32.0,11.0,4.985714285714286,0,0,1,2320.0,0,0,0,0,2379.0,0.0,2379.0,2379.0,2379.0,0.0,0.0,0.0,2379.0,2378.285714285714,0.0,2.6726124191235017,0.9999999957965531,1.0003003321707697,1,True,False,False,False,False,False,False,False,False,False,False,True,False,False,False,False,False,False,False
2026-04-11,Andhra Pradesh,Kakinada,Jaggampet,Paddy(Common),,,2369.0,2379.0,2379.0,5,4,15,0.0,1816.6,2219.342857142857,-0.1643205446683229,1,0.1,36.9,27.1,71.0,32.0,11.0,5.014285714285714,0,0,1,2320.0,0,0,0,0,2379.0,0.0,2379.0,2379.0,2379.0,0.0,0.0,0.0,2379.0,2379.0,0.0,0.0,0.9999999957965531,0.9999999957965531,1,True,False,False,False,False,False,False,False,False,False,False,False,False,True,False,False,False,False,False
2026-04-11,Andhra Pradesh,Nellore,Rapur,Paddy(Common),,,2390.0,2480.0,2440.0,5,4,15,0.0,1816.6,2219.3428571428567,-0.1643205446683229,1,0.1,36.9,27.1,71.0,32.0,11.0,4.985714285714286,0,0,1,2320.0,0,0,0,0,2440.0,0.0,2440.0,2430.0,2460.0,0.0,0.004115226320513471,-0.008130081267763897,2444.285714285714,2450.714285714286,15.118578920369181,12.68814450536241,0.9982466353081668,0.9956280927021878,1,False,False,False,False,False,False,False,True,False,False,False,False,False,False,False,False,True,False,False
2026-04-11,Andhra Pradesh,SPSR Nellore,Rapur,Paddy(Common),,,2390.0,2480.0,2440.0,5,4,15,0.0,1816.6,2219.342857142857,-0.1643205446683229,1,0.1,36.9,27.1,71.0,32.0,11.0,5.014285714285714,0,0,1,2320.0,0,0,0,0,2440.0,0.0,2440.0,2440.0,2460.0,0.0,0.0,-0.008130081267763897,2445.714285714286,2449.0,13.972762620115457,12.866839377079224,0.9976635473226373,0.9963250265564514,1,False,False,False,False,False,False,False,True,False,False,False,False,False,False,False,False,False,False,True
2026-04-12,Andhra Pradesh,East Godavari,Jaggampet,Paddy(Common),Common,FAQ,2369.0,2379.0,2379.0,6,4,15,1070.9,0.0,1918.1142857142854,-1.0,1,0.0,36.0,26.0,73.0,31.0,11.1,5.085714285714285,0,0,1,2320.0,0,0,0,0,2379.0,0.0,2379.0,2379.0,2379.0,0.0,0.0,0.0,2379.0,2379.0,0.0,0.0,0.9999999957965531,0.9999999957965531,1,True,False,False,False,False,False,False,False,False,False,False,True,False,False,False,False,False,False,False
2026-04-12,Andhra Pradesh,Kakinada,Jaggampet,Paddy(Common),Common,FAQ,2369.0,2379.0,2379.0,6,4,15,1070.9,0.0,1918.1142857142856,-1.0,1,0.0,36.0,26.0,73.0,31.0,11.1,5.114285714285714,0,0,1,2320.0,0,0,0,0,2379.0,0.0,2379.0,2379.0,2379.0,0.0,0.0,0.0,2379.0,2379.0,0.0,0.0,0.9999999957965531,0.9999999957965531,1,True,False,False,False,False,False,False,False,False,False,False,False,False,True,False,False,False,False,False
2026-04-12,Andhra Pradesh,Nellore,Rapur,Paddy(Common),,,2390.0,2480.0,2440.0,6,4,15,1070.9,0.0,1918.1142857142854,-1.0,1,0.0,36.0,26.0,73.0,31.0,11.1,5.085714285714285,0,0,1,2320.0,0,0,0,0,2430.0,-0.0040983606389411445,2440.0,2460.0,2460.0,0.0,-0.008130081267763897,-0.008130081267763897,2441.4285714285716,2449.285714285714,13.451854182690962,12.68814450536241,0.9994148583991198,0.996208803165085,1,False,False,False,False,False,False,False,True,False,False,False,False,False,False,False,False,True,False,False
2026-04-12,Andhra Pradesh,SPSR Nellore,Rapur,Paddy(Common),,,2390.0,2480.0,2440.0,6,4,15,1070.9,0.0,1918.1142857142856,-1.0,1,0.0,36.0,26.0,73.0,31.0,11.1,5.114285714285714,0,0,1,2320.0,0,0,0,0,2440.0,0.0,2440.0,2460.0,2460.0,0.0,-0.008130081267763897,-0.008130081267763897,2442.8571428571427,2448.181818181818,12.535663410560224,12.504544628399591,0.9988304052679458,0.9966579981569855,1,False,False,False,False,False,False,False,True,False,False,False,False,False,False,False,False,False,False,True
2026-04-13,Andhra Pradesh,East Godavari,Jaggampet,Paddy(Common),Common,FAQ,2369.0,2379.0,2379.0,0,4,16,1727.5,1070.9,1746.4428571428566,0.0,0,0.0,36.4,25.3,73.0,30.85,11.0,5.885714285714285,0,0,1,2320.0,0,0,0,0,2379.0,0.0,2379.0,2379.0,2379.0,0.0,0.0,0.0,2379.0,2379.0,0.0,0.0,0.9999999957965531,0.9999999957965531,1,True,False,False,False,False,False,False,False,False,False,False,True,False,False,False,False,False,False,False
2026-04-13,Andhra Pradesh,Kakinada,Jaggampet,Paddy(Common),Common,FAQ,2369.0,2379.0,2379.0,0,4,16,1727.5,1070.9,1746.4428571428568,0.0,0,0.0,36.4,25.3,73.0,30.85,11.0,5.885714285714286,0,0,1,2320.0,0,0,0,0,2379.0,0.0,2379.0,2379.0,2379.0,0.0,0.0,0.0,2379.0,2379.0,0.0,0.0,0.9999999957965531,0.9999999957965531,1,True,False,False,False,False,False,False,False,False,False,False,False,False,True,False,False,False,False,False
2026-04-13,Andhra Pradesh,Nellore,Rapur,Paddy(Common),Common,Local,2390.0,2480.0,2430.0,0,4,16,1727.5,1070.9,1746.4428571428566,0.0,0,0.0,36.4,25.3,73.0,30.85,11.0,5.885714285714285,0,0,1,2320.0,0,0,0,0,2430.0,0.0,2440.0,2440.0,2430.0,-0.0040983606389411445,-0.0040983606389411445,0.0,2438.5714285714284,2447.8571428571427,10.690449676496852,12.51372872461898,0.9964850574250759,0.9927049857315816,1,False,False,False,False,False,False,False,True,False,False,False,False,False,False,False,False,True,False,False
2026-04-13,Andhra Pradesh,SPSR Nellore,Rapur,Paddy(Common),,,2390.0,2480.0,2440.0,0,4,16,1727.5,1070.9,1746.4428571428568,0.0,0,0.0,36.4,25.3,73.0,30.85,11.0,5.885714285714286,0,0,1,2320.0,0,0,0,0,2440.0,0.0,2440.0,2440.0,2430.0,0.0,0.0,0.004115226320513471,2440.0,2447.5,10.00000000000017,12.154310870109963,0.9999999959016392,0.9969356445477603,1,False,False,False,False,False,False,False,True,False,False,False,False,False,False,False,False,False,False,True
2026-04-14,Andhra Pradesh,East Godavari,Jaggampet,Paddy(Common),Common,FAQ,2369.0,2379.0,2379.0,1,4,16,541.2,1727.5,1662.2142857142856,0.6131291437108972,0,0.0,37.1,25.6,70.0,31.35,9.8,4.685714285714286,0,0,1,2320.0,0,0,0,0,2379.0,0.0,2379.0,2379.0,2379.0,0.0,0.0,0.0,2379.0,2379.0,0.0,0.0,0.9999999957965531,0.9999999957965531,1,True,False,False,False,False,False,False,False,False,False,False,True,False,False,False,False,False,False,False
2026-04-14,Andhra Pradesh,Kakinada,Jaggampet,Paddy(Common),Common,FAQ,2369.0,2379.0,2379.0,1,4,16,541.2,1727.5,1662.2142857142858,0.6131291437108972,0,0.0,37.1,25.6,70.0,31.35,9.799999999999999,4.685714285714285,0,0,1,2320.0,0,0,0,0,2379.0,0.0,2379.0,2379.0,2379.0,0.0,0.0,0.0,2379.0,2379.0,0.0,0.0,0.9999999957965531,0.9999999957965531,1,True,False,False,False,False,False,False,False,False,False,False,False,False,True,False,False,False,False,False
2026-04-14,Andhra Pradesh,Nellore,Rapur,Paddy(Common),,,2390.0,2480.0,2430.0,1,4,16,541.2,1727.5,1662.2142857142856,0.6131291437108972,0,0.0,37.1,25.6,70.0,31.35,9.8,4.685714285714286,0,0,1,2320.0,0,0,0,0,2430.0,0.0,2430.0,2440.0,2430.0,0.0,-0.0040983606389411445,0.0,2438.5714285714284,2446.4285714285716,10.690449676496852,13.363062095619286,0.9964850574250759,0.9932846674727048,1,False,False,False,False,False,False,False,True,False,False,False,False,False,False,False,False,True,False,False
2026-04-14,Andhra Pradesh,SPSR Nellore,Rapur,Paddy(Common),,,2390.0,2480.0,2440.0,1,4,16,541.2,1727.5,1662.2142857142858,0.6131291437108972,0,0.0,37.1,25.6,70.0,31.35,9.799999999999999,4.685714285714285,0,0,1,2320.0,0,0,0,0,2430.0,-0.0040983606389411445,2440.0,2440.0,2430.0,0.0,0.0,0.004115226320513471,2441.4285714285716,2446.923076923077,8.997354108424492,11.821319289469782,0.9994148583991198,0.997170696962207,1,False,False,False,False,False,False,False,True,False,False,False,False,False,False,False,False,False,False,True
2026-04-15,Andhra Pradesh,East Godavari,Jaggampet,Paddy(Common),Common,FAQ,2369.0,2379.0,2379.0,2,4,16,986.9,541.2,1356.0142857142855,-0.6867149059334298,0,0.0,36.5,25.8,74.0,31.15,8.9,3.7857142857142856,0,0,1,2320.0,0,0,0,0,2379.0,0.0,2379.0,2379.0,2379.0,0.0,0.0,0.0,2379.0,2379.0,0.0,0.0,0.9999999957965531,0.9999999957965531,1,True,False,False,False,False,False,False,False,False,False,False,True,False,False,False,False,False,False,False
2026-04-15,Andhra Pradesh,Kakinada,Jaggampet,Paddy(Common),Common,FAQ,2369.0,2379.0,2379.0,2,4,16,986.9,541.2,1356.0142857142857,-0.6867149059334298,0,0.0,36.5,25.8,74.0,31.15,8.9,3.7857142857142865,0,0,1,2320.0,0,0,0,0,2379.0,0.0,2379.0,2379.0,2379.0,0.0,0.0,0.0,2379.0,2379.0,0.0,0.0,0.9999999957965531,0.9999999957965531,1,True,False,False,False,False,False,False,False,False,False,False,False,False,True,False,False,False,False,False
2026-04-15,Andhra Pradesh,Nellore,Rapur,Paddy(Common),Common,Local,2390.0,2470.0,2430.0,2,4,16,986.9,541.2,1356.0142857142855,-0.6867149059334298,0,0.0,36.5,25.8,74.0,31.15,8.9,3.7857142857142856,0,0,1,2320.0,0,0,0,0,2430.0,0.0,2430.0,2440.0,2430.0,0.0,-0.0040983606389411445,0.0,2438.5714285714284,2444.285714285714,10.690449676496852,13.424596091493026,0.9964850574250759,0.9941554605732973,1,False,False,False,False,False,False,False,True,False,False,False,False,False,False,False,False,True,False,False
2026-04-15,Andhra Pradesh,SPSR Nellore,Rapur,Paddy(Common),Common,Local,2390.0,2470.0,2430.0,2,4,16,986.9,541.2,1356.0142857142857,-0.6867149059334298,0,0.0,36.5,25.8,74.0,31.15,8.9,3.7857142857142865,0,0,1,2320.0,0,0,0,0,2430.0,0.0,2440.0,2440.0,2440.0,-0.0040983606389411445,-0.0040983606389411445,-0.0040983606389411445,2442.8571428571427,2446.4285714285716,7.5592894601846625,11.507283885330331,0.994736838033241,0.9932846674727048,1,False,False,False,False,False,False,False,True,False,False,False,False,False,False,False,False,False,False,True
2026-04-16,Andhra Pradesh,East Godavari,Jaggampet,Paddy(Common),Common,FAQ,2369.0,2379.0,2379.0,3,4,16,583.8,986.9,1188.1285714285711,0.8235402808573538,0,0.0,35.8,25.5,75.0,30.65,5.9,0.7857142857142856,0,0,1,2320.0,0,0,0,0,2379.0,0.0,2379.0,2379.0,2379.0,0.0,0.0,0.0,2379.0,2379.0,0.0,0.0,0.9999999957965531,0.9999999957965531,1,True,False,False,False,False,False,False,False,False,False,False,True,False,False,False,False,False,False,False
2026-04-16,Andhra Pradesh,Kakinada,Jaggampet,Paddy(Common),Common,FAQ,2369.0,2379.0,2379.0,3,4,16,583.8,986.9,1188.1285714285714,0.8235402808573538,0,0.0,35.8,25.5,75.0,30.65,5.8999999999999995,0.7857142857142856,0,0,1,2320.0,0,0,0,0,2379.0,0.0,2379.0,2379.0,2379.0,0.0,0.0,0.0,2379.0,2379.0,0.0,0.0,0.9999999957965531,0.9999999957965531,1,True,False,False,False,False,False,False,False,False,False,False,False,False,True,False,False,False,False,False
2026-04-16,Andhra Pradesh,Nellore,Rapur,Paddy(Common),,,2390.0,2470.0,2430.0,3,4,16,583.8,986.9,1188.1285714285711,0.8235402808573538,0,0.0,35.8,25.5,75.0,30.65,5.9,0.7857142857142856,0,0,1,2320.0,0,0,0,0,2420.0,-0.004115226320513471,2430.0,2430.0,2460.0,0.0,0.0,-0.012195121901645845,2438.5714285714284,2442.8571428571427,10.690449676496852,13.827826698680521,0.9964850574250759,0.994736838033241,1,False,False,False,False,False,False,False,True,False,False,False,False,False,False,False,False,True,False,False
2026-04-16,Andhra Pradesh,SPSR Nellore,Rapur,Paddy(Common),,,2390.0,2470.0,2430.0,3,4,16,583.8,986.9,1188.1285714285714,0.8235402808573538,0,0.0,35.8,25.5,75.0,30.65,5.8999999999999995,0.7857142857142856,0,0,1,2320.0,0,0,0,0,2420.0,-0.004115226320513471,2430.0,2440.0,2460.0,0.0,-0.0040983606389411445,-0.012195121901645845,2441.4285714285716,2445.0,8.997354108424492,12.247448713915924,0.9953188958646972,0.9938650266099589,1,False,False,False,False,False,False,False,True,False,False,False,False,False,False,False,False,False,False,True
2026-04-17,Andhra Pradesh,East Godavari,Jaggampet,Paddy(Common),Common,FAQ,2369.0,2379.0,2379.0,4,4,16,554.3,583.8,960.9857142857142,-0.4084507042253521,0,0.0,36.9,26.1,73.0,31.5,0.1,-5.014285714285715,0,0,1,2320.0,0,0,0,0,2379.0,0.0,2379.0,2379.0,2379.0,0.0,0.0,0.0,2379.0,2379.0,0.0,0.0,0.9999999957965531,0.9999999957965531,1,True,False,False,False,False,False,False,False,False,False,False,True,False,False,False,False,False,False,False
2026-04-17,Andhra Pradesh,Kakinada,Jaggampet,Paddy(Common),Common,FAQ,2369.0,2379.0,2379.0,4,4,16,554.3,583.8,960.9857142857143,-0.4084507042253521,0,0.0,36.9,26.1,73.0,31.5,0.1,-5.014285714285714,0,0,1,2320.0,0,0,0,0,2379.0,0.0,2379.0,2379.0,2379.0,0.0,0.0,0.0,2379.0,2379.0,0.0,0.0,0.9999999957965531,0.9999999957965531,1,True,False,False,False,False,False,False,False,False,False,False,False,False,True,False,False,False,False,False
2026-04-17,Andhra Pradesh,Nellore,Rapur,Paddy(Common),Common,Local,2380.0,2460.0,2420.0,4,4,16,554.3,583.8,960.9857142857142,-0.4084507042253521,0,0.0,36.9,26.1,73.0,31.5,0.1,-5.014285714285715,0,0,1,2320.0,0,0,0,0,2420.0,0.0,2430.0,2430.0,2440.0,-0.004115226320513471,-0.004115226320513471,-0.008196721277882289,2434.285714285714,2440.714285714286,5.345224838248185,13.280573269764322,0.9941314513151877,0.9915130190573068,1,False,False,False,False,False,False,False,True,False,False,False,False,False,False,False,False,True,False,False
2026-04-17,Andhra Pradesh,SPSR Nellore,Rapur,Paddy(Common),Common,Local,2380.0,2460.0,2420.0,4,4,16,554.3,583.8,960.9857142857143,-0.4084507042253521,0,0.0,36.9,26.1,73.0,31.5,0.1,-5.014285714285714,0,0,1,2320.0,0,0,0,0,2420.0,0.0,2430.0,2440.0,2440.0,-0.004115226320513471,-0.008196721277882289,-0.008196721277882289,2437.1428571428573,2442.8571428571427,4.879500364743027,12.043875831929919,0.9929659982703621,0.9906432707985363,1,False,False,False,False,False,False,False,True,False,False,False,False,False,False,False,False,False,False,True
2026-04-18,Andhra Pradesh,East Godavari,Jaggampet,Paddy(Common),Common,FAQ,2369.0,2379.0,2379.0,5,4,16,676.8,554.3,780.6571428571426,-0.050531003768413796,0,0.0,36.6,26.8,72.0,31.700000000000003,0.1,-5.014285714285715,0,0,1,2320.0,0,0,0,0,2379.0,0.0,2379.0,2379.0,2379.0,0.0,0.0,0.0,2379.0,2379.0,0.0,0.0,0.9999999957965531,0.9999999957965531,1,True,False,False,False,False,False,False,False,False,False,False,True,False,False,False,False,False,False,False
2026-04-18,Andhra Pradesh,Kakinada,Jaggampet,Paddy(Common),Common,FAQ,2369.0,2379.0,2379.0,5,4,16,676.8,554.3,780.6571428571427,-0.050531003768413796,0,0.0,36.6,26.8,72.0,31.700000000000003,0.1,-5.014285714285714,0,0,1,2320.0,0,0,0,0,2379.0,0.0,2379.0,2379.0,2379.0,0.0,0.0,0.0,2379.0,2379.0,0.0,0.0,0.9999999957965531,0.9999999957965531,1,True,False,False,False,False,False,False,False,False,False,False,False,False,True,False,False,False,False,False
2026-04-18,Andhra Pradesh,Nellore,Rapur,Paddy(Common),Common,Local,2380.0,2460.0,2420.0,5,4,16,676.8,554.3,780.6571428571426,-0.050531003768413796,0,0.0,36.6,26.8,72.0,31.700000000000003,0.1,-5.014285714285715,0,0,1,2320.0,0,0,0,0,2420.0,0.0,2420.0,2430.0,2440.0,0.0,-0.004115226320513471,-0.008196721277882289,2431.4285714285716,2437.8571428571427,6.9006555934231875,13.11403911760134,0.9952996433800836,0.9926750618524902,1,False,False,False,False,False,False,False,True,False,False,False,False,False,False,False,False,True,False,False
2026-04-18,Andhra Pradesh,SPSR Nellore,Rapur,Paddy(Common),,,2380.0,2460.0,2420.0,5,4,16,676.8,554.3,780.6571428571427,-0.050531003768413796,0,0.0,36.6,26.8,72.0,31.700000000000003,0.1,-5.014285714285714,0,0,1,2320.0,0,0,0,0,2420.0,0.0,2420.0,2430.0,2440.0,0.0,-0.004115226320513471,-0.008196721277882289,2434.285714285714,2440.0,7.867957924694787,12.403473458920843,0.9941314513151877,0.991803274623757,1,False,False,False,False,False,False,False,True,False,False,False,False,False,False,False,False,False,False,True
2026-04-19,Andhra Pradesh,East Godavari,Jaggampet,Paddy(Common),Common,FAQ,2369.0,2379.0,2379.0,6,4,16,369.5,676.8,877.3428571428568,0.22099945877683558,1,0.0,36.9,26.7,71.0,31.799999999999997,0.0,-5.114285714285715,0,0,1,2320.0,0,0,0,0,2379.0,0.0,2379.0,2379.0,2379.0,0.0,0.0,0.0,2379.0,2379.0,0.0,0.0,0.9999999957965531,0.9999999957965531,1,True,False,False,False,False,False,False,False,False,False,False,True,False,False,False,False,False,False,False
2026-04-19,Andhra Pradesh,Kakinada,Jaggampet,Paddy(Common),Common,FAQ,2369.0,2379.0,2379.0,6,4,16,369.5,676.8,877.3428571428573,0.22099945877683558,1,0.0,36.9,26.7,71.0,31.799999999999997,0.0,-5.114285714285714,0,0,1,2320.0,0,0,0,0,2379.0,0.0,2379.0,2379.0,2379.0,0.0,0.0,0.0,2379.0,2379.0,0.0,0.0,0.9999999957965531,0.9999999957965531,1,True,False,False,False,False,False,False,False,False,False,False,False,False,True,False,False,False,False,False
2026-04-19,Andhra Pradesh,Nellore,Rapur,Paddy(Common),,,2380.0,2460.0,2420.0,6,4,16,369.5,676.8,877.3428571428568,0.22099945877683558,1,0.0,36.9,26.7,71.0,31.799999999999997,0.0,-5.114285714285715,0,0,1,2320.0,0,0,0,0,2410.0,-0.004132231387883341,2420.0,2430.0,2440.0,0.0,-0.004115226320513471,-0.008196721277882289,2428.5714285714284,2435.0,6.900655593422984,12.247448713914311,0.9964705841321799,0.9938398316474749,1,False,False,False,False,False,False,False,True,False,False,False,False,False,False,False,False,True,False,False
2026-04-19,Andhra Pradesh,SPSR Nellore,Rapur,Paddy(Common),,,2380.0,2460.0,2420.0,6,4,16,369.5,676.8,877.3428571428573,0.22099945877683558,1,0.0,36.9,26.7,71.0,31.799999999999997,0.0,-5.114285714285714,0,0,1,2320.0,0,0,0,0,2410.0,-0.004132231387883341,2420.0,2430.0,2440.0,0.0,-0.004115226320513471,-0.008196721277882289,2431.4285714285716,2437.1428571428573,8.997354108424876,12.043875831929919,0.9952996433800836,0.9929659982703621,1,False,False,False,False,False,False,False,True,False,False,False,False,False,False,False,False,False,False,True
2026-04-20,Andhra Pradesh,East Godavari,Jaggampet,Paddy(Common),Common,FAQ,2369.0,2379.0,2379.0,0,4,17,682.7,369.5,777.1428571428569,-0.4540484633569739,0,0.1,36.9,25.9,73.0,31.4,0.0,-0.4571428571428572,0,0,1,2320.0,0,0,0,0,2379.0,0.0,2379.0,2379.0,2379.0,0.0,0.0,0.0,2379.0,2379.0,0.0,0.0,0.9999999957965531,0.9999999957965531,1,True,False,False,False,False,False,False,False,False,False,False,True,False,False,False,False,False,False,False
2026-04-20,Andhra Pradesh,Kakinada,Jaggampet,Paddy(Common),Common,FAQ,2369.0,2379.0,2379.0,0,4,17,682.7,369.5,777.1428571428571,-0.4540484633569739,0,0.1,36.9,25.9,73.0,31.4,0.0,-0.4571428571428572,0,0,1,2320.0,0,0,0,0,2379.0,0.0,2379.0,2379.0,2379.0,0.0,0.0,0.0,2379.0,2379.0,0.0,0.0,0.9999999957965531,0.9999999957965531,1,True,False,False,False,False,False,False,False,False,False,False,False,False,True,False,False,False,False,False
2026-04-20,Andhra Pradesh,Nellore,Rapur,Paddy(Common),Common,Local,2380.0,2480.0,2410.0,0,4,17,682.7,369.5,777.1428571428569,-0.4540484633569739,0,0.1,36.9,25.9,73.0,31.4,0.0,-0.4571428571428572,0,0,1,2320.0,0,0,0,0,2410.0,0.0,2420.0,2420.0,2430.0,-0.004132231387883341,-0.004132231387883341,-0.008230452641026943,2425.714285714286,2432.1428571428573,5.345224838247442,10.50902281087676,0.9935217862457876,0.9908957374823668,1,False,False,False,False,False,False,False,True,False,False,False,False,False,False,False,False,True,False,False
2026-04-20,Andhra Pradesh,SPSR Nellore,Rapur,Paddy(Common),Common,Local,2380.0,2480.0,2410.0,0,4,17,682.7,369.5,777.1428571428571,-0.4540484633569739,0,0.1,36.9,25.9,73.0,31.4,0.0,-0.4571428571428572,0,0,1,2320.0,0,0,0,0,2410.0,0.0,2420.0,2420.0,2440.0,-0.004132231387883341,-0.004132231387883341,-0.012295081916823434,2428.5714285714284,2434.285714285714,8.997354108425148,10.894095588038548,0.9923529370903114,0.9900234701114059,1,False,False,False,False,False,False,False,True,False,False,False,False,False,False,False,False,False,False,True
2026-04-21,Andhra Pradesh,East Godavari,Jaggampet,Paddy(Common),,,2369.0,2379.0,2379.0,1,4,17,311.5,682.7,627.885714285714,0.8476319350473613,0,0.4,36.8,26.5,69.0,31.65,0.1,-0.3571428571428572,0,0,1,2320.0,0,0,0,0,2379.0,0.0,2379.0,2379.0,2379.0,0.0,0.0,0.0,2379.0,2379.0,0.0,0.0,0.9999999957965531,0.9999999957965531,1,True,False,False,False,False,False,False,False,False,False,False,True,False,False,False,False,False,False,False
2026-04-21,Andhra Pradesh,Kakinada,Jaggampet,Paddy(Common),Common,FAQ,2369.0,2379.0,2379.0,1,4,17,311.5,682.7,627.8857142857142,0.8476319350473613,0,0.4,36.8,26.5,69.0,31.65,0.1,-0.3571428571428572,0,0,1,2320.0,0,0,0,0,2379.0,0.0,2379.0,2379.0,2379.0,0.0,0.0,0.0,2379.0,2379.0,0.0,0.0,0.9999999957965531,0.9999999957965531,1,True,False,False,False,False,False,False,False,False,False,False,False,False,True,False,False,False,False,False
2026-04-21,Andhra Pradesh,Nellore,Rapur,Paddy(Common),Common,Local,2380.0,2440.0,2410.0,1,4,17,311.5,682.7,627.885714285714,0.8476319350473613,0,0.4,36.8,26.5,69.0,31.65,0.1,-0.3571428571428572,0,0,1,2320.0,0,0,0,0,2410.0,0.0,2410.0,2420.0,2430.0,0.0,-0.004132231387883341,-0.008230452641026943,2422.8571428571427,2430.714285714286,7.559289460183665,12.066664642906344,0.9946933921209589,0.991478103473202,1,False,False,False,False,False,False,False,True,False,False,False,False,False,False,False,False,True,False,False
2026-04-21,Andhra Pradesh,SPSR Nellore,Rapur,Paddy(Common),Common,Local,2380.0,2440.0,2410.0,1,4,17,311.5,682.7,627.8857142857142,0.8476319350473613,0,0.4,36.8,26.5,69.0,31.65,0.1,-0.3571428571428572,0,0,1,2320.0,0,0,0,0,2410.0,0.0,2410.0,2420.0,2440.0,0.0,-0.004132231387883341,-0.012295081916823434,2424.285714285714,2432.8571428571427,9.75900072948642,12.666473875533189,0.9941072439842364,0.9906048109605204,1,False,False,False,False,False,False,False,True,False,False,False,False,False,False,False,False,False,False,True
2026-04-22,Andhra Pradesh,East Godavari,Jaggampet,Paddy(Common),,,2369.0,2379.0,2379.0,2,4,17,468.0,311.5,595.0714285714283,-0.543723451003369,0,0.0,37.1,26.6,71.0,31.85,0.5,0.042857142857142816,0,0,1,2320.0,0,0,0,0,2379.0,0.0,2379.0,2379.0,2379.0,0.0,0.0,0.0,2379.0,2379.0,0.0,0.0,0.9999999957965531,0.9999999957965531,1,True,False,False,False,False,False,False,False,False,False,False,True,False,False,False,False,False,False,False
2026-04-22,Andhra Pradesh,Kakinada,Jaggampet,Paddy(Common),Common,FAQ,2369.0,2379.0,2379.0,2,4,17,468.0,311.5,595.0714285714286,-0.543723451003369,0,0.0,37.1,26.6,71.0,31.85,0.5,0.042857142857142816,0,0,1,2320.0,0,0,0,0,2379.0,0.0,2379.0,2379.0,2379.0,0.0,0.0,0.0,2379.0,2379.0,0.0,0.0,0.9999999957965531,0.9999999957965531,1,True,False,False,False,False,False,False,False,False,False,False,False,False,True,False,False,False,False,False
2026-04-22,Andhra Pradesh,Nellore,Rapur,Paddy(Common),Common,Local,2380.0,2420.0,2410.0,2,4,17,468.0,311.5,595.0714285714283,-0.543723451003369,0,0.0,37.1,26.6,71.0,31.85,0.5,0.042857142857142816,0,0,1,2320.0,0,0,0,0,2410.0,0.0,2410.0,2420.0,2430.0,0.0,-0.004132231387883341,-0.008230452641026943,2420.0,2429.285714285714,8.164965809276403,13.280573269765116,0.9958677644798852,0.9920611543990425,1,False,False,False,False,False,False,False,True,False,False,False,False,False,False,False,False,True,False,False
2026-04-22,Andhra Pradesh,SPSR Nellore,Rapur,Paddy(Common),,,2380.0,2440.0,2410.0,2,4,17,468.0,311.5,595.0714285714286,-0.543723451003369,0,0.0,37.1,26.6,71.0,31.85,0.5,0.042857142857142816,0,0,1,2320.0,0,0,0,0,2410.0,0.0,2410.0,2420.0,2430.0,0.0,-0.004132231387883341,-0.008230452641026943,2420.0,2431.4285714285716,8.164965809279146,14.064216928155082,0.9958677644798852,0.9911868349363643,1,False,False,False,False,False,False,False,True,False,False,False,False,False,False,False,False,False,False,True
2026-04-23,Andhra Pradesh,East Godavari,Jaggampet,Paddy(Common),,,2369.0,2379.0,2379.0,3,4,17,341.7,468.0,520.9428571428568,0.5024077046548956,0,0.0,37.8,26.8,72.0,32.3,0.5,0.042857142857142816,0,0,1,2320.0,0,0,0,0,2379.0,0.0,2379.0,2379.0,2379.0,0.0,0.0,0.0,2379.0,2379.0,0.0,0.0,0.9999999957965531,0.9999999957965531,1,True,False,False,False,False,False,False,False,False,False,False,True,False,False,False,False,False,False,False
2026-04-23,Andhra Pradesh,Kakinada,Jaggampet,Paddy(Common),Common,FAQ,2369.0,2379.0,2379.0,3,4,17,341.7,468.0,520.9428571428572,0.5024077046548956,0,0.0,37.8,26.8,72.0,32.3,0.5,0.042857142857142816,0,0,1,2320.0,0,0,0,0,2379.0,0.0,2379.0,2379.0,2379.0,0.0,0.0,0.0,2379.0,2379.0,0.0,0.0,0.9999999957965531,0.9999999957965531,1,True,False,False,False,False,False,False,False,False,False,False,False,False,True,False,False,False,False,False
2026-04-23,Andhra Pradesh,Nellore,Rapur,Paddy(Common),Common,Local,2380.0,2430.0,2410.0,3,4,17,341.7,468.0,520.9428571428568,0.5024077046548956,0,0.0,37.8,26.8,72.0,32.3,0.5,0.042857142857142816,0,0,1,2320.0,0,0,0,0,2400.0,-0.0041493775761436615,2410.0,2410.0,2430.0,0.0,0.0,-0.008230452641026943,2417.1428571428573,2427.8571428571427,7.559289460183665,14.23893439647884,0.9970449131327928,0.9926448914689531,1,False,False,False,False,False,False,False,True,False,False,False,False,False,False,False,False,True,False,False
2026-04-23,Andhra Pradesh,SPSR Nellore,Rapur,Paddy(Common),Common,Local,2380.0,2430.0,2410.0,3,4,17,341.7,468.0,520.9428571428572,0.5024077046548956,0,0.0,37.8,26.8,72.0,32.3,0.5,0.042857142857142816,0,0,1,2320.0,0,0,0,0,2410.0,0.0,2410.0,2410.0,2430.0,0.0,0.0,-0.008230452641026943,2417.1428571428573,2429.285714285714,7.559289460187,14.917354742965694,0.9970449131327928,0.9920611543990425,1,False,False,False,False,False,False,False,True,False,False,False,False,False,False,False,False,False,False,True
2026-04-24,Andhra Pradesh,East Godavari,Jaggampet,Paddy(Common),Common,FAQ,2369.0,2379.0,2379.0,4,4,17,241.6,341.7,486.3571428571426,-0.2698717948717949,0,0.3,37.6,26.3,74.0,31.950000000000003,0.5,0.042857142857142816,0,0,1,2320.0,0,0,0,0,2379.0,0.0,2379.0,2379.0,2379.0,0.0,0.0,0.0,2379.0,2379.0,0.0,0.0,0.9999999957965531,0.9999999957965531,1,True,False,False,False,False,False,False,False,False,False,False,True,False,False,False,False,False,False,False
2026-04-24,Andhra Pradesh,Kakinada,Jaggampet,Paddy(Common),Common,FAQ,2369.0,2379.0,2379.0,4,4,17,241.6,341.7,486.35714285714283,-0.2698717948717949,0,0.3,37.6,26.3,74.0,31.950000000000003,0.5,0.042857142857142816,0,0,1,2320.0,0,0,0,0,2379.0,0.0,2379.0,2379.0,2379.0,0.0,0.0,0.0,2379.0,2379.0,0.0,0.0,0.9999999957965531,0.9999999957965531,1,True,False,False,False,False,False,False,False,False,False,False,False,False,True,False,False,False,False,False
2026-04-24,Andhra Pradesh,Nellore,Rapur,Paddy(Common),Common,Local,2370.0,2430.0,2400.0,4,4,17,241.6,341.7,486.3571428571426,-0.2698717948717949,0,0.3,37.6,26.3,74.0,31.950000000000003,0.5,0.042857142857142816,0,0,1,2320.0,0,0,0,0,2410.0,0.004166666649305555,2410.0,2410.0,2420.0,-0.0041493775761436615,-0.0041493775761436615,-0.008264462775766682,2414.285714285714,2424.285714285714,5.345224838247285,11.578684470435974,0.9940828361191835,0.9899823176606504,1,False,False,False,False,False,False,False,True,False,False,False,False,False,False,False,False,True,False,False
2026-04-24,Andhra Pradesh,SPSR Nellore,Rapur,Paddy(Common),,,2380.0,2430.0,2410.0,4,4,17,241.6,341.7,486.35714285714283,-0.2698717948717949,0,0.3,37.6,26.3,74.0,31.950000000000003,0.5,0.042857142857142816,0,0,1,2320.0,0,0,0,0,2410.0,0.0,2410.0,2410.0,2420.0,0.0,0.0,-0.004132231387883341,2414.285714285714,2425.714285714286,5.345224838252684,12.838814775327792,0.9982248479363467,0.9935217862457876,1,False,False,False,False,False,False,False,True,False,False,False,False,False,False,False,False,False,False,True
2026-04-25,Andhra Pradesh,East Godavari,Jaggampet,Paddy(Common),Common,FAQ,2369.0,2379.0,2379.0,5,4,17,230.1,241.6,441.685714285714,-0.29294702955809193,0,0.0,37.4,26.0,73.0,31.7,0.8,0.34285714285714286,0,0,1,2320.0,0,0,0,0,2379.0,0.0,2379.0,2379.0,2379.0,0.0,0.0,0.0,2379.0,2379.0,0.0,0.0,0.9999999957965531,0.9999999957965531,1,True,False,False,False,False,False,False,False,False,False,False,True,False,False,False,False,False,False,False
2026-04-25,Andhra Pradesh,Kakinada,Jaggampet,Paddy(Common),Common,FAQ,2369.0,2379.0,2379.0,5,4,17,230.1,241.6,441.6857142857143,-0.29294702955809193,0,0.0,37.4,26.0,73.0,31.7,0.8,0.34285714285714286,0,0,1,2320.0,0,0,0,0,2379.0,0.0,2379.0,2379.0,2379.0,0.0,0.0,0.0,2379.0,2379.0,0.0,0.0,0.9999999957965531,0.9999999957965531,1,True,False,False,False,False,False,False,False,False,False,False,False,False,True,False,False,False,False,False
2026-04-25,Andhra Pradesh,Nellore,Rapur,Paddy(Common),Common,Local,2380.0,2430.0,2410.0,5,4,17,230.1,241.6,441.685714285714,-0.29294702955809193,0,0.0,37.4,26.0,73.0,31.7,0.8,0.34285714285714286,0,0,1,2320.0,0,0,0,0,2410.0,0.0,2400.0,2410.0,2420.0,0.004166666649305555,0.0,-0.004132231387883341,2411.4285714285716,2421.4285714285716,6.90065559342249,12.314558524297041,0.9994075787939258,0.9952802318778986,1,False,False,False,False,False,False,False,True,False,False,False,False,False,False,False,False,True,False,False
2026-04-25,Andhra Pradesh,SPSR Nellore,Rapur,Paddy(Common),Common,Local,2380.0,2430.0,2410.0,5,4,17,230.1,241.6,441.6857142857143,-0.29294702955809193,0,0.0,37.4,26.0,73.0,31.7,0.8,0.34285714285714286,0,0,1,2320.0,0,0,0,0,2410.0,0.0,2410.0,2410.0,2420.0,0.0,0.0,-0.004132231387883341,2412.8571428571427,2423.5714285714284,4.8795003647477,12.774459408790037,0.9988158632375896,0.9944002316765095,1,False,False,False,False,False,False,False,True,False,False,False,False,False,False,False,False,False,False,True
2026-04-26,Andhra Pradesh,East Godavari,Jaggampet,Paddy(Common),Common,FAQ,2369.0,2379.0,2379.0,6,4,17,208.6,230.1,377.8714285714283,-0.04759933774834435,1,0.0,36.9,26.3,73.0,31.6,0.8,0.34285714285714286,0,0,1,2320.0,0,0,0,0,2379.0,0.0,2379.0,2379.0,2379.0,0.0,0.0,0.0,2379.0,2379.0,0.0,0.0,0.9999999957965531,0.9999999957965531,1,True,False,False,False,False,False,False,False,False,False,False,True,False,False,False,False,False,False,False
2026-04-26,Andhra Pradesh,Kakinada,Jaggampet,Paddy(Common),,,2369.0,2379.0,2379.0,6,4,17,208.6,230.1,377.87142857142857,-0.04759933774834435,1,0.0,36.9,26.3,73.0,31.6,0.8,0.34285714285714286,0,0,1,2320.0,0,0,0,0,2379.0,0.0,2379.0,2379.0,2379.0,0.0,0.0,0.0,2379.0,2379.0,0.0,0.0,0.9999999957965531,0.9999999957965531,1,True,False,False,False,False,False,False,False,False,False,False,False,False,True,False,False,False,False,False
2026-04-26,Andhra Pradesh,Nellore,Rapur,Paddy(Common),,,2380.0,2430.0,2410.0,6,4,17,208.6,230.1,377.8714285714283,-0.04759933774834435,1,0.0,36.9,26.3,73.0,31.6,0.8,0.34285714285714286,0,0,1,2320.0,0,0,0,0,2410.0,0.0,2410.0,2410.0,2420.0,0.0,0.0,-0.004132231387883341,2410.0,2419.285714285714,5.773502691894897,11.411388181100829,0.9999999958506224,0.9961617909813212,1,False,False,False,False,False,False,False,True,False,False,False,False,False,False,False,False,True,False,False
2026-04-26,Andhra Pradesh,SPSR Nellore,Rapur,Paddy(Common),,,2380.0,2430.0,2410.0,6,4,17,208.6,230.1,377.87142857142857,-0.04759933774834435,1,0.0,36.9,26.3,73.0,31.6,0.8,0.34285714285714286,0,0,1,2320.0,0,0,0,0,2410.0,0.0,2410.0,2410.0,2420.0,0.0,0.0,-0.004132231387883341,2411.4285714285716,2421.4285714285716,3.7796447300992533,12.314558524298176,0.9994075787939258,0.9952802318778986,1,False,False,False,False,False,False,False,True,False,False,False,False,False,False,False,False,False,False,True
2026-04-27,Andhra Pradesh,East Godavari,Jaggampet,Paddy(Common),Common,FAQ,2369.0,2379.0,2379.0,0,4,18,386.7,208.6,354.885714285714,-0.09343763581051712,0,0.0,37.2,26.1,73.0,31.650000000000002,0.8,-11.314285714285711,0,0,1,2320.0,0,0,0,0,2379.0,0.0,2379.0,2379.0,2379.0,0.0,0.0,0.0,2379.0,2379.0,0.0,0.0,0.9999999957965531,0.9999999957965531,1,True,False,False,False,False,False,False,False,False,False,False,True,False,False,False,False,False,False,False
2026-04-27,Andhra Pradesh,Kakinada,Jaggampet,Paddy(Common),Common,FAQ,2369.0,2379.0,2379.0,0,4,18,386.7,208.6,354.88571428571424,-0.09343763581051712,0,0.0,37.2,26.1,73.0,31.650000000000002,0.8,-11.314285714285711,0,0,1,2320.0,0,0,0,0,2379.0,0.0,2379.0,2379.0,2379.0,0.0,0.0,0.0,2379.0,2379.0,0.0,0.0,0.9999999957965531,0.9999999957965531,1,True,False,False,False,False,False,False,False,False,False,False,False,False,True,False,False,False,False,False
2026-04-27,Andhra Pradesh,Nellore,Rapur,Paddy(Common),,,2380.0,2430.0,2410.0,0,4,18,386.7,208.6,354.885714285714,-0.09343763581051712,0,0.0,37.2,26.1,73.0,31.650000000000002,0.8,-11.314285714285711,0,0,1,2320.0,0,0,0,0,2410.0,0.0,2410.0,2400.0,2410.0,0.0,0.004166666649305555,0.0,2408.5714285714284,2417.1428571428573,3.7796447300900247,9.94490316197639,1.0005931156559005,0.9970449131327928,1,False,False,False,False,False,False,False,True,False,False,False,False,False,False,False,False,True,False,False
2026-04-27,Andhra Pradesh,SPSR Nellore,Rapur,Paddy(Common),Paddy,Local,2370.0,2420.0,2410.0,0,4,18,386.7,208.6,354.88571428571424,-0.09343763581051712,0,0.0,37.2,26.1,73.0,31.650000000000002,0.8,-11.314285714285711,0,0,1,2320.0,0,0,0,0,2410.0,0.0,2410.0,2410.0,2410.0,0.0,0.0,0.0,2410.0,2419.285714285714,0.0,11.411388181102053,0.9999999958506224,0.9961617909813212,1,False,False,False,False,False,False,False,True,False,False,False,False,False,False,False,False,False,False,True
2026-04-28,Andhra Pradesh,East Godavari,Jaggampet,Paddy(Common),Common,FAQ,2369.0,2379.0,2379.0,1,4,18,140.4,386.7,312.59999999999974,0.8537871524448706,0,0.3,35.9,27.0,71.0,31.45,0.7,-11.414285714285713,0,0,1,2320.0,0,0,0,0,2379.0,0.0,2379.0,2379.0,2379.0,0.0,0.0,0.0,2379.0,2379.0,0.0,0.0,0.9999999957965531,0.9999999957965531,1,True,False,False,False,False,False,False,False,False,False,False,True,False,False,False,False,False,False,False
2026-04-28,Andhra Pradesh,Kakinada,Jaggampet,Paddy(Common),Common,FAQ,2369.0,2379.0,2379.0,1,4,18,140.4,386.7,312.59999999999997,0.8537871524448706,0,0.3,35.9,27.0,71.0,31.45,0.7,-11.414285714285713,0,0,1,2320.0,0,0,0,0,2379.0,0.0,2379.0,2379.0,2379.0,0.0,0.0,0.0,2379.0,2379.0,0.0,0.0,0.9999999957965531,0.9999999957965531,1,True,False,False,False,False,False,False,False,False,False,False,False,False,True,False,False,False,False,False
2026-04-28,Andhra Pradesh,Nellore,Rapur,Paddy(Common),,,2380.0,2430.0,2410.0,1,4,18,140.4,386.7,312.59999999999974,0.8537871524448706,0,0.3,35.9,27.0,71.0,31.45,0.7,-11.414285714285713,0,0,1,2320.0,0,0,0,0,2420.0,0.0041493775761436615,2410.0,2410.0,2410.0,0.0,0.0,0.0,2408.5714285714284,2415.714285714286,3.7796447300900247,9.376144618769342,1.0005931156559005,0.9976345316478759,1,False,False,False,False,False,False,False,True,False,False,False,False,False,False,False,False,True,False,False
2026-04-28,Andhra Pradesh,SPSR Nellore,Rapur,Paddy(Common),,,2370.0,2420.0,2410.0,1,4,18,140.4,386.7,312.59999999999997,0.8537871524448706,0,0.3,35.9,27.0,71.0,31.45,0.7,-11.414285714285713,0,0,1,2320.0,0,0,0,0,2420.0,0.0041493775761436615,2410.0,2410.0,2410.0,0.0,0.0,0.0,2410.0,2417.1428571428573,0.0,9.944903161977793,0.9999999958506224,0.9970449131327928,1,False,False,False,False,False,False,False,True,False,False,False,False,False,False,False,False,False,False,True
2026-04-29,Andhra Pradesh,East Godavari,Jaggampet,Paddy(Common),Common,FAQ,2369.0,2379.0,2379.0,2,4,18,219.0,140.4,288.1571428571426,-0.6369278510473235,0,0.1,36.8,27.7,70.0,32.25,0.6,-11.514285714285712,0,0,1,2320.0,0,0,0,0,2379.0,0.0,2379.0,2379.0,2379.0,0.0,0.0,0.0,2379.0,2379.0,0.0,0.0,0.9999999957965531,0.9999999957965531,1,True,False,False,False,False,False,False,False,False,False,False,True,False,False,False,False,False,False,False
2026-04-29,Andhra Pradesh,Kakinada,Jaggampet,Paddy(Common),Common,FAQ,2369.0,2379.0,2379.0,2,4,18,219.0,140.4,288.1571428571429,-0.6369278510473235,0,0.1,36.8,27.7,70.0,32.25,0.6,-11.514285714285712,0,0,1,2320.0,0,0,0,0,2379.0,0.0,2379.0,2379.0,2379.0,0.0,0.0,0.0,2379.0,2379.0,0.0,0.0,0.9999999957965531,0.9999999957965531,1,True,False,False,False,False,False,False,False,False,False,False,False,False,True,False,False,False,False,False
2026-04-29,Andhra Pradesh,Nellore,Rapur,Paddy(Common),Common,Local,2380.0,2440.0,2420.0,2,4,18,219.0,140.4,288.1571428571426,-0.6369278510473235,0,0.1,36.8,27.7,70.0,32.25,0.6,-11.514285714285712,0,0,1,2320.0,0,0,0,0,2420.0,0.0,2410.0,2410.0,2410.0,0.0041493775761436615,0.0041493775761436615,0.0041493775761436615,2408.5714285714284,2414.285714285714,3.7796447300900247,8.51630627252579,1.0047449543100744,1.00236685975351,1,False,False,False,False,False,False,False,True,False,False,False,False,False,False,False,False,True,False,False
2026-04-29,Andhra Pradesh,SPSR Nellore,Rapur,Paddy(Common),Common,Local,2380.0,2440.0,2420.0,2,4,18,219.0,140.4,288.1571428571429,-0.6369278510473235,0,0.1,36.8,27.7,70.0,32.25,0.6,-11.514285714285712,0,0,1,2320.0,0,0,0,0,2420.0,0.0,2410.0,2410.0,2410.0,0.0041493775761436615,0.0041493775761436615,0.0041493775761436615,2410.0,2415.0,0.0,7.595545253128701,1.004149373426766,1.0020703892253813,1,False,False,False,False,False,False,False,True,False,False,False,False,False,False,False,False,False,False,True
2026-04-30,Andhra Pradesh,East Godavari,Jaggampet,Paddy(Common),Common,FAQ,2369.0,2379.0,2379.0,3,4,18,138.5,219.0,252.585714285714,0.5598290598290598,0,16.9,36.6,26.7,77.0,31.65,0.7,-11.414285714285713,0,0,1,2320.0,0,0,0,0,2379.0,0.0,2379.0,2379.0,2379.0,0.0,0.0,0.0,2379.0,2379.0,0.0,0.0,0.9999999957965531,0.9999999957965531,1,True,False,False,False,False,False,False,False,False,False,False,True,False,False,False,False,False,False,False
2026-04-30,Andhra Pradesh,Kakinada,Jaggampet,Paddy(Common),Common,FAQ,2369.0,2379.0,2379.0,3,4,18,138.5,219.0,252.58571428571426,0.5598290598290598,0,16.9,36.6,26.7,77.0,31.65,0.7,-11.414285714285713,0,0,1,2320.0,0,0,0,0,2379.0,0.0,2379.0,2379.0,2379.0,0.0,0.0,0.0,2379.0,2379.0,0.0,0.0,0.9999999957965531,0.9999999957965531,1,True,False,False,False,False,False,False,False,False,False,False,False,False,True,False,False,False,False,False
2026-04-30,Andhra Pradesh,Nellore,Rapur,Paddy(Common),Common,Local,2370.0,2430.0,2420.0,3,4,18,138.5,219.0,252.585714285714,0.5598290598290598,0,16.9,36.6,26.7,77.0,31.65,0.7,-11.414285714285713,0,0,1,2320.0,0,0,0,0,2420.0,0.0,2420.0,2410.0,2410.0,0.0,0.0041493775761436615,0.0041493775761436615,2410.0,2413.5714285714284,5.773502691894897,7.449463436684211,1.004149373426766,1.0026635057599025,1,False,False,False,False,False,False,False,True,False,False,False,False,False,False,False,False,True,False,False
2026-04-30,Andhra Pradesh,SPSR Nellore,Rapur,Paddy(Common),Common,Local,2370.0,2430.0,2420.0,3,4,18,138.5,219.0,252.58571428571426,0.5598290598290598,0,16.9,36.6,26.7,77.0,31.65,0.7,-11.414285714285713,0,0,1,2320.0,0,0,0,0,2420.0,0.0,2420.0,2410.0,2410.0,0.0,0.0041493775761436615,0.0041493775761436615,2411.4285714285716,2414.285714285714,3.779644730099067,6.462061726590104,1.0035544982080085,1.00236685975351,1,False,False,False,False,False,False,False,True,False,False,False,False,False,False,False,False,False,False,True
2026-05-01,Andhra Pradesh,East Godavari,Jaggampet,Paddy(Common),Common,FAQ,2369.0,2379.0,2379.0,4,5,18,37.5,138.5,223.55714285714262,-0.36757990867579904,0,14.8,38.3,27.2,72.0,32.75,17.599999999999998,5.485714285714286,0,0,1,2320.0,0,0,0,0,2379.0,0.0,2379.0,2379.0,2379.0,0.0,0.0,0.0,2379.0,2379.0,0.0,0.0,0.9999999957965531,0.9999999957965531,1,True,False,False,False,False,False,False,False,False,False,False,True,False,False,False,False,False,False,False
2026-05-01,Andhra Pradesh,Kakinada,Jaggampet,Paddy(Common),Common,FAQ,2369.0,2379.0,2379.0,4,5,18,37.5,138.5,223.55714285714288,-0.36757990867579904,0,14.8,38.3,27.2,72.0,32.75,17.599999999999998,5.485714285714286,0,0,1,2320.0,0,0,0,0,2379.0,0.0,2379.0,2379.0,2379.0,0.0,0.0,0.0,2379.0,2379.0,0.0,0.0,0.9999999957965531,0.9999999957965531,1,True,False,False,False,False,False,False,False,False,False,False,False,False,True,False,False,False,False,False
2026-05-01,Andhra Pradesh,Nellore,Rapur,Paddy(Common),,,2370.0,2430.0,2420.0,4,5,18,37.5,138.5,223.55714285714262,-0.36757990867579904,0,14.8,38.3,27.2,72.0,32.75,17.599999999999998,5.485714285714286,0,0,1,2320.0,0,0,0,0,2420.0,0.0,2420.0,2410.0,2400.0,0.0,0.0041493775761436615,0.00833333329861111,2411.4285714285716,2412.8571428571427,6.90065559342249,6.11249845502038,1.0035544982080085,1.0029603274004013,1,False,False,False,False,False,False,False,True,False,False,False,False,False,False,False,False,True,False,False
2026-05-01,Andhra Pradesh,SPSR Nellore,Rapur,Paddy(Common),,,2370.0,2430.0,2420.0,4,5,18,37.5,138.5,223.55714285714288,-0.36757990867579904,0,14.8,38.3,27.2,72.0,32.75,17.599999999999998,5.485714285714286,0,0,1,2320.0,0,0,0,0,2420.0,0.0,2420.0,2410.0,2410.0,0.0,0.0041493775761436615,0.0041493775761436615,2412.8571428571427,2413.5714285714284,4.879500364747412,4.972451580990422,1.0029603274004013,1.0026635057599025,1,False,False,False,False,False,False,False,True,False,False,False,False,False,False,False,False,False,False,True
2026-05-02,Andhra Pradesh,East Godavari,Jaggampet,Paddy(Common),Common,FAQ,2369.0,2379.0,2379.0,5,5,18,100.2,37.5,194.39999999999972,-0.7292418772563176,0,0.2,36.4,28.0,74.0,32.2,32.099999999999994,19.98571428571428,0,0,1,2320.0,0,0,0,0,2379.0,0.0,2379.0,2379.0,2379.0,0.0,0.0,0.0,2379.0,2379.0,0.0,0.0,0.9999999957965531,0.9999999957965531,1,True,False,False,False,False,False,False,False,False,False,False,True,False,False,False,False,False,False,False
2026-05-02,Andhra Pradesh,Kakinada,Jaggampet,Paddy(Common),,,2369.0,2379.0,2379.0,5,5,18,100.2,37.5,194.4,-0.7292418772563176,0,0.2,36.4,28.0,74.0,32.2,32.099999999999994,19.98571428571428,0,0,1,2320.0,0,0,0,0,2379.0,0.0,2379.0,2379.0,2379.0,0.0,0.0,0.0,2379.0,2379.0,0.0,0.0,0.9999999957965531,0.9999999957965531,1,True,False,False,False,False,False,False,False,False,False,False,False,False,True,False,False,False,False,False
2026-05-02,Andhra Pradesh,Nellore,Rapur,Paddy(Common),,,2370.0,2430.0,2420.0,5,5,18,100.2,37.5,194.39999999999972,-0.7292418772563176,0,0.2,36.4,28.0,74.0,32.2,32.099999999999994,19.98571428571428,0,0,1,2320.0,0,0,0,0,2420.0,0.0,2420.0,2420.0,2410.0,0.0,0.0,0.0041493775761436615,2414.285714285714,2412.8571428571427,5.345224838247285,6.11249845502038,1.00236685975351,1.0029603274004013,1,False,False,False,False,False,False,False,True,False,False,False,False,False,False,False,False,True,False,False
2026-05-02,Andhra Pradesh,SPSR Nellore,Rapur,Paddy(Common),,,2370.0,2430.0,2420.0,5,5,18,100.2,37.5,194.4,-0.7292418772563176,0,0.2,36.4,28.0,74.0,32.2,32.099999999999994,19.98571428571428,0,0,1,2320.0,0,0,0,0,2420.0,0.0,2420.0,2420.0,2410.0,0.0,0.0,0.0041493775761436615,2414.285714285714,2413.5714285714284,5.34522483825229,4.972451580990422,1.00236685975351,1.0026635057599025,1,False,False,False,False,False,False,False,True,False,False,False,False,False,False,False,False,False,False,True
2026-05-03,Andhra Pradesh,East Godavari,Jaggampet,Paddy(Common),Common,FAQ,2369.0,2379.0,2379.0,6,5,18,97.9,100.2,175.84285714285687,1.6720000000000002,1,1.9,36.2,28.0,73.0,32.1,32.3,20.185714285714283,0,0,1,2320.0,0,0,0,0,2379.0,0.0,2379.0,2379.0,2379.0,0.0,0.0,0.0,2379.0,2379.0,0.0,0.0,0.9999999957965531,0.9999999957965531,1,True,False,False,False,False,False,False,False,False,False,False,True,False,False,False,False,False,False,False
2026-05-03,Andhra Pradesh,Kakinada,Jaggampet,Paddy(Common),Common,FAQ,2369.0,2379.0,2379.0,6,5,18,97.9,100.2,175.84285714285713,1.6720000000000002,1,1.9,36.2,28.0,73.0,32.1,32.3,20.185714285714283,0,0,1,2320.0,0,0,0,0,2379.0,0.0,2379.0,2379.0,2379.0,0.0,0.0,0.0,2379.0,2379.0,0.0,0.0,0.9999999957965531,0.9999999957965531,1,True,False,False,False,False,False,False,False,False,False,False,False,False,True,False,False,False,False,False
2026-05-03,Andhra Pradesh,Nellore,Rapur,Paddy(Common),,,2370.0,2430.0,2420.0,6,5,18,97.9,100.2,175.84285714285687,1.6720000000000002,1,1.9,36.2,28.0,73.0,32.1,32.3,20.185714285714283,0,0,1,2320.0,0,0,0,0,2420.0,0.0,2420.0,2420.0,2410.0,0.0,0.0,0.0041493775761436615,2415.714285714286,2412.8571428571427,5.345224838247285,6.11249845502038,1.0017740940198587,1.0029603274004013,1,False,False,False,False,False,False,False,True,False,False,False,False,False,False,False,False,True,False,False
2026-05-03,Andhra Pradesh,SPSR Nellore,Rapur,Paddy(Common),,,2370.0,2430.0,2420.0,6,5,18,97.9,100.2,175.84285714285713,1.6720000000000002,1,1.9,36.2,28.0,73.0,32.1,32.3,20.185714285714283,0,0,1,2320.0,0,0,0,0,2420.0,0.0,2420.0,2420.0,2410.0,0.0,0.0,0.0041493775761436615,2415.714285714286,2413.5714285714284,5.345224838251799,4.972451580990422,1.0017740940198587,1.0026635057599025,1,False,False,False,False,False,False,False,True,False,False,False,False,False,False,False,False,False,False,True
2026-05-04,Andhra Pradesh,East Godavari,Jaggampet,Paddy(Common),Common,FAQ,2369.0,2379.0,2379.0,0,5,19,37.5,97.9,160.02857142857118,-0.022954091816367206,0,2.4,34.9,26.1,74.0,30.5,34.199999999999996,-1.8000000000000043,0,0,1,2320.0,0,0,0,0,2379.0,0.0,2379.0,2379.0,2379.0,0.0,0.0,0.0,2379.0,2379.0,0.0,0.0,0.9999999957965531,0.9999999957965531,1,True,False,False,False,False,False,False,False,False,False,False,True,False,False,False,False,False,False,False
2026-05-04,Andhra Pradesh,Kakinada,Jaggampet,Paddy(Common),Common,FAQ,2369.0,2379.0,2379.0,0,5,19,37.5,97.9,160.02857142857144,-0.022954091816367206,0,2.4,34.9,26.1,74.0,30.5,34.199999999999996,8.74285714285714,0,0,1,2320.0,0,0,0,0,2379.0,0.0,2379.0,2379.0,2379.0,0.0,0.0,0.0,2379.0,2379.0,0.0,0.0,0.9999999957965531,0.9999999957965531,1,True,False,False,False,False,False,False,False,False,False,False,False,False,True,False,False,False,False,False
2026-05-04,Andhra Pradesh,Nellore,Rapur,Paddy(Common),,,2370.0,2430.0,2420.0,0,5,19,37.5,97.9,160.02857142857118,-0.022954091816367206,0,2.4,34.9,26.1,74.0,30.5,34.199999999999996,8.74285714285714,0,0,1,2320.0,0,0,0,0,2420.0,0.0,2420.0,2420.0,2410.0,0.0,0.0,0.0041493775761436615,2417.1428571428573,2412.8571428571427,4.879500364741285,6.11249845502038,1.0011820289549205,1.0029603274004013,1,False,False,False,False,False,False,False,True,False,False,False,False,False,False,False,False,True,False,False
2026-05-04,Andhra Pradesh,SPSR Nellore,Rapur,Paddy(Common),,,2370.0,2430.0,2420.0,0,5,19,37.5,97.9,160.02857142857144,-0.022954091816367206,0,2.4,34.9,26.1,74.0,30.5,34.199999999999996,8.74285714285714,0,0,1,2320.0,0,0,0,0,2420.0,0.0,2420.0,2420.0,2410.0,0.0,0.0,0.0041493775761436615,2417.1428571428573,2413.5714285714284,4.879500364745798,4.972451580990422,1.0011820289549205,1.0026635057599025,1,False,False,False,False,False,False,False,True,False,False,False,False,False,False,False,False,False,False,True
2026-05-05,Andhra Pradesh,East Godavari,Jaggampet,Paddy(Common),,,2369.0,2379.0,2379.0,1,5,19,228.6,37.5,110.14285714285688,-0.616956077630235,0,0.1,36.4,27.3,67.0,31.85,36.599999999999994,0.5999999999999943,0,0,1,2320.0,0,0,0,0,2379.0,0.0,2379.0,2379.0,2379.0,0.0,0.0,0.0,2379.0,2379.0,0.0,0.0,0.9999999957965531,0.9999999957965531,1,True,False,False,False,False,False,False,False,False,False,False,True,False,False,False,False,False,False,False
2026-05-05,Andhra Pradesh,Kakinada,Jaggampet,Paddy(Common),Common,FAQ,2369.0,2379.0,2379.0,1,5,19,228.6,37.5,110.14285714285714,-0.616956077630235,0,0.1,36.4,27.3,67.0,31.85,36.599999999999994,11.142857142857139,0,0,1,2320.0,0,0,0,0,2379.0,0.0,2379.0,2379.0,2379.0,0.0,0.0,0.0,2379.0,2379.0,0.0,0.0,0.9999999957965531,0.9999999957965531,1,True,False,False,False,False,False,False,False,False,False,False,False,False,True,False,False,False,False,False
2026-05-05,Andhra Pradesh,Nellore,Rapur,Paddy(Common),,,2370.0,2430.0,2420.0,1,5,19,228.6,37.5,110.14285714285688,-0.616956077630235,0,0.1,36.4,27.3,67.0,31.85,36.599999999999994,11.142857142857139,0,0,1,2320.0,0,0,0,0,2420.0,0.0,2420.0,2420.0,2410.0,0.0,0.0,0.0041493775761436615,2418.5714285714284,2413.5714285714284,3.7796447300904132,6.333236937765621,1.0005906633171089,1.0026635057599025,1,False,False,False,False,False,False,False,True,False,False,False,False,False,False,False,False,True,False,False
2026-05-05,Andhra Pradesh,SPSR Nellore,Rapur,Paddy(Common),,,2370.0,2430.0,2420.0,1,5,19,228.6,37.5,110.14285714285714,-0.616956077630235,0,0.1,36.4,27.3,67.0,31.85,36.599999999999994,11.142857142857139,0,0,1,2320.0,0,0,0,0,2420.0,0.0,2420.0,2420.0,2410.0,0.0,0.0,0.0041493775761436615,2418.5714285714284,2414.285714285714,3.779644730095595,5.13552591013279,1.0005906633171089,1.00236685975351,1,False,False,False,False,False,False,False,True,False,False,False,False,False,False,False,False,False,False,True
2026-05-06,Andhra Pradesh,East Godavari,Jaggampet,Paddy(Common),Common,FAQ,2369.0,2379.0,2379.0,2,5,19,67.2,228.6,122.74285714285689,5.096,0,0.5,35.3,27.2,73.0,31.25,36.4,0.3999999999999986,0,0,1,2320.0,0,0,0,0,2379.0,0.0,2379.0,2379.0,2379.0,0.0,0.0,0.0,2379.0,2379.0,0.0,0.0,0.9999999957965531,0.9999999957965531,1,True,False,False,False,False,False,False,False,False,False,False,True,False,False,False,False,False,False,False
2026-05-06,Andhra Pradesh,Kakinada,Jaggampet,Paddy(Common),Common,FAQ,2369.0,2379.0,2379.0,2,5,19,67.2,228.6,122.74285714285715,5.096,0,0.5,35.3,27.2,73.0,31.25,36.4,10.942857142857143,0,0,1,2320.0,0,0,0,0,2379.0,0.0,2379.0,2379.0,2379.0,0.0,0.0,0.0,2379.0,2379.0,0.0,0.0,0.9999999957965531,0.9999999957965531,1,True,False,False,False,False,False,False,False,False,False,False,False,False,True,False,False,False,False,False
2026-05-06,Andhra Pradesh,Nellore,Rapur,Paddy(Common),,,2370.0,2430.0,2420.0,2,5,19,67.2,228.6,122.74285714285689,5.096,0,0.5,35.3,27.2,73.0,31.25,36.4,10.942857142857143,0,0,1,2320.0,0,0,0,0,2420.0,0.0,2420.0,2420.0,2420.0,0.0,0.0,0.0,2420.0,2414.285714285714,0.0,6.4620617265877245,0.9999999958677686,1.00236685975351,1,False,False,False,False,False,False,False,True,False,False,False,False,False,False,False,False,True,False,False
2026-05-06,Andhra Pradesh,SPSR Nellore,Rapur,Paddy(Common),,,2370.0,2430.0,2420.0,2,5,19,67.2,228.6,122.74285714285715,5.096,0,0.5,35.3,27.2,73.0,31.25,36.4,10.942857142857143,0,0,1,2320.0,0,0,0,0,2420.0,0.0,2420.0,2420.0,2420.0,0.0,0.0,0.0,2420.0,2415.0,0.0,5.188745216629452,0.9999999958677686,1.0020703892253813,1,False,False,False,False,False,False,False,True,False,False,False,False,False,False,False,False,False,False,True
2026-05-07,Andhra Pradesh,Kakinada,Jaggampet,Paddy(Common),Common,FAQ,2369.0,2379.0,2379.0,3,5,19,75.04,67.2,101.05714285714286,-0.7060367454068242,0,0.5,34.1,26.6,71.0,30.35,36.8,11.342857142857142,0,0,1,2320.0,0,0,0,0,2379.0,0.0,2379.0,2379.0,2379.0,0.0,0.0,0.0,2379.0,2379.0,0.0,0.0,0.9999999957965531,0.9999999957965531,1,True,False,False,False,False,False,False,False,False,False,False,False,False,True,False,False,False,False,False
2026-05-07,Andhra Pradesh,Nellore,Rapur,Paddy(Common),,,2370.0,2430.0,2420.0,3,5,19,75.04,67.2,101.05714285714261,-0.7060367454068242,0,0.5,34.1,26.6,71.0,30.35,36.8,11.342857142857142,0,0,1,2320.0,0,0,0,0,2420.0,0.0,2420.0,2420.0,2420.0,0.0,0.0,0.0,2420.0,2415.0,0.0,6.5044363558789415,0.9999999958677686,1.0020703892253813,1,False,False,False,False,False,False,False,True,False,False,False,False,False,False,False,False,True,False,False
2026-05-07,Andhra Pradesh,SPSR Nellore,Rapur,Paddy(Common),,,2370.0,2430.0,2420.0,3,5,19,75.04,67.2,101.05714285714286,-0.7060367454068242,0,0.5,34.1,26.6,71.0,30.35,36.8,11.342857142857142,0,0,1,2320.0,0,0,0,0,2420.0,0.0,2420.0,2420.0,2420.0,0.0,0.0,0.0,2420.0,2415.714285714286,0.0,5.135525910132659,0.9999999958677686,1.0017740940198587,1,False,False,False,False,False,False,False,True,False,False,False,False,False,False,False,False,False,False,True
2026-05-08,Andhra Pradesh,Kakinada,Jaggampet,Paddy(Common),,,2369.0,2379.0,2379.0,4,5,19,0.0,75.04,91.99142857142859,0.1166666666666667,1,0.8,35.6,26.4,71.0,31.0,20.400000000000002,-5.057142857142853,0,0,1,2320.0,0,0,0,0,2379.0,0.0,2379.0,2379.0,2379.0,0.0,0.0,0.0,2379.0,2379.0,0.0,0.0,0.9999999957965531,0.9999999957965531,1,True,False,False,False,False,False,False,False,False,False,False,False,False,True,False,False,False,False,False
2026-05-08,Andhra Pradesh,Nellore,Rapur,Paddy(Common),,,2370.0,2430.0,2420.0,4,5,19,0.0,75.04,91.99142857142832,0.1166666666666667,1,0.8,35.6,26.4,71.0,31.0,20.400000000000002,-5.057142857142853,0,0,1,2320.0,0,0,0,0,2420.0,0.0,2420.0,2420.0,2420.0,0.0,0.0,0.0,2420.0,2415.714285714286,0.0,6.46206172658762,0.9999999958677686,1.0017740940198587,1,False,False,False,False,False,False,False,True,False,False,False,False,False,False,False,False,True,False,False
2026-05-08,Andhra Pradesh,SPSR Nellore,Rapur,Paddy(Common),,,2370.0,2430.0,2420.0,4,5,19,0.0,75.04,91.99142857142859,0.1166666666666667,1,0.8,35.6,26.4,71.0,31.0,20.400000000000002,-5.057142857142853,0,0,1,2320.0,0,0,0,0,2420.0,0.0,2420.0,2420.0,2420.0,0.0,0.0,0.0,2420.0,2416.4285714285716,0.0,4.9724515809901515,0.9999999958677686,1.0014779739814685,1,False,False,False,False,False,False,False,True,False,False,False,False,False,False,False,False,False,False,True
2026-05-09,Andhra Pradesh,Kakinada,Jaggampet,Paddy(Common),,,2369.0,2379.0,2379.0,5,5,19,0.0,0.0,86.63428571428572,-1.0,1,1.2,35.9,25.5,68.0,30.7,6.4,-19.057142857142857,0,0,1,2320.0,0,0,0,0,2379.0,0.0,2379.0,2379.0,2379.0,0.0,0.0,0.0,2379.0,2379.0,0.0,0.0,0.9999999957965531,0.9999999957965531,1,True,False,False,False,False,False,False,False,False,False,False,False,False,True,False,False,False,False,False
2026-05-09,Andhra Pradesh,Nellore,Rapur,Paddy(Common),,,2370.0,2430.0,2420.0,5,5,19,0.0,0.0,86.63428571428547,-1.0,1,1.2,35.9,25.5,68.0,30.7,6.4,-19.057142857142857,0,0,1,2320.0,0,0,0,0,2420.0,0.0,2420.0,2420.0,2420.0,0.0,0.0,0.0,2420.0,2417.1428571428573,0.0,4.688072309383358,0.9999999958677686,1.0011820289549205,1,False,False,False,False,False,False,False,True,False,False,False,False,False,False,False,False,True,False,False
2026-05-09,Andhra Pradesh,SPSR Nellore,Rapur,Paddy(Common),,,2370.0,2430.0,2420.0,5,5,19,0.0,0.0,86.63428571428572,-1.0,1,1.2,35.9,25.5,68.0,30.7,6.4,-19.057142857142857,0,0,1,2320.0,0,0,0,0,2420.0,0.0,2420.0,2420.0,2420.0,0.0,0.0,0.0,2420.0,2417.1428571428573,0.0,4.688072309386638,0.9999999958677686,1.0011820289549205,1,False,False,False,False,False,False,False,True,False,False,False,False,False,False,False,False,False,False,True
2026-05-10,Andhra Pradesh,Kakinada,Jaggampet,Paddy(Common),,,2369.0,2379.0,2379.0,6,5,19,0.0,0.0,72.32000000000001,0.0,1,0.4,36.0,26.2,66.0,31.1,7.4,-18.057142857142857,0,0,1,2320.0,0,0,0,0,2379.0,0.0,2379.0,2379.0,2379.0,0.0,0.0,0.0,2379.0,2379.0,0.0,0.0,0.9999999957965531,0.9999999957965531,1,True,False,False,False,False,False,False,False,False,False,False,False,False,True,False,False,False,False,False
2026-05-10,Andhra Pradesh,Nellore,Rapur,Paddy(Common),,,2370.0,2430.0,2420.0,6,5,19,0.0,0.0,72.31999999999974,0.0,1,0.4,36.0,26.2,66.0,31.1,7.4,-18.057142857142857,0,0,1,2320.0,0,0,0,0,2390.0,-0.012396694163650024,2420.0,2420.0,2420.0,0.0,0.0,0.0,2420.0,2417.8571428571427,0.0,4.2581531362613125,0.9999999958677686,1.0008862587851086,1,False,False,False,False,False,False,False,True,False,False,False,False,False,False,False,False,True,False,False
2026-05-10,Andhra Pradesh,SPSR Nellore,Rapur,Paddy(Common),,,2370.0,2430.0,2420.0,6,5,19,0.0,0.0,72.32000000000001,0.0,1,0.4,36.0,26.2,66.0,31.1,7.4,-18.057142857142857,0,0,1,2320.0,0,0,0,0,2390.0,-0.012396694163650024,2420.0,2420.0,2420.0,0.0,0.0,0.0,2420.0,2417.8571428571427,0.0,4.258153136264925,0.9999999958677686,1.0008862587851086,1,False,False,False,False,False,False,False,True,False,False,False,False,False,False,False,False,False,False,True
2026-05-11,Andhra Pradesh,Kakinada,Jaggampet,Paddy(Common),,,2369.0,2379.0,2379.0,0,5,20,51.0,0.0,58.33428571428572,0.0,0,0.0,36.5,25.9,65.0,31.2,5.9,1.2714285714285722,0,0,1,2320.0,0,0,0,0,2379.0,0.0,2379.0,2379.0,2379.0,0.0,0.0,0.0,2379.0,2379.0,0.0,0.0,0.9999999957965531,0.9999999957965531,1,True,False,False,False,False,False,False,False,False,False,False,False,False,True,False,False,False,False,False
2026-05-11,Andhra Pradesh,Nellore,Rapur,Paddy(Common),Common,Local,2370.0,2420.0,2390.0,0,5,20,51.0,0.0,58.33428571428546,0.0,0,0.0,36.5,25.9,65.0,31.2,5.9,1.2714285714285722,0,0,1,2320.0,0,0,0,0,2390.0,0.0,2420.0,2420.0,2420.0,-0.012396694163650024,-0.012396694163650024,-0.012396694163650024,2420.0,2418.5714285714284,0.0,3.6313651960104765,0.9876033017041185,0.9881866468297067,1,False,False,False,False,False,False,False,True,False,False,False,False,False,False,False,False,True,False,False
2026-05-11,Andhra Pradesh,SPSR Nellore,Rapur,Paddy(Common),Common,Local,2370.0,2420.0,2390.0,0,5,20,51.0,0.0,58.33428571428572,0.0,0,0.0,36.5,25.9,65.0,31.2,5.9,1.2714285714285722,0,0,1,2320.0,0,0,0,0,2390.0,0.0,2420.0,2420.0,2420.0,-0.012396694163650024,-0.012396694163650024,-0.012396694163650024,2420.0,2418.5714285714284,0.0,3.6313651960147113,0.9876033017041185,0.9881866468297067,1,False,False,False,False,False,False,False,True,False,False,False,False,False,False,False,False,False,False,True
2026-05-12,Andhra Pradesh,Kakinada,Jaggampet,Paddy(Common),,,2369.0,2379.0,2379.0,1,5,20,0.0,51.0,60.26285714285715,0.0,1,0.0,36.6,27.1,64.0,31.85,3.5,-1.1285714285714281,0,0,1,2320.0,0,0,0,0,2379.0,0.0,2379.0,2379.0,2379.0,0.0,0.0,0.0,2379.0,2379.0,0.0,0.0,0.9999999957965531,0.9999999957965531,1,True,False,False,False,False,False,False,False,False,False,False,False,False,True,False,False,False,False,False
2026-05-12,Andhra Pradesh,Nellore,Rapur,Paddy(Common),,,2370.0,2420.0,2390.0,1,5,20,0.0,51.0,60.26285714285689,0.0,1,0.0,36.6,27.1,64.0,31.85,3.5,-1.1285714285714281,0,0,1,2320.0,0,0,0,0,2390.0,0.0,2390.0,2420.0,2420.0,0.0,-0.012396694163650024,-0.012396694163650024,2415.714285714286,2417.1428571428573,11.338934190276344,8.254203058554578,0.9893554069039101,0.9887706814885372,1,False,False,False,False,False,False,False,True,False,False,False,False,False,False,False,False,True,False,False
2026-05-12,Andhra Pradesh,SPSR Nellore,Rapur,Paddy(Common),,,2370.0,2420.0,2390.0,1,5,20,0.0,51.0,60.26285714285715,0.0,1,0.0,36.6,27.1,64.0,31.85,3.5,-1.1285714285714281,0,0,1,2320.0,0,0,0,0,2390.0,0.0,2390.0,2420.0,2420.0,0.0,-0.012396694163650024,-0.012396694163650024,2415.714285714286,2417.1428571428573,11.338934190278344,8.254203058556442,0.9893554069039101,0.9887706814885372,1,False,False,False,False,False,False,False,True,False,False,False,False,False,False,False,False,False,False,True
2026-05-13,Andhra Pradesh,Kakinada,Jaggampet,Paddy(Common),,,2369.0,2379.0,2379.0,2,5,20,0.0,0.0,27.60571428571429,-1.0,1,0.0,36.7,27.2,65.0,31.950000000000003,3.4,-1.2285714285714282,0,0,1,2320.0,0,0,0,0,2379.0,0.0,2379.0,2379.0,2379.0,0.0,0.0,0.0,2379.0,2379.0,0.0,0.0,0.9999999957965531,0.9999999957965531,1,True,False,False,False,False,False,False,False,False,False,False,False,False,True,False,False,False,False,False
2026-05-13,Andhra Pradesh,Nellore,Rapur,Paddy(Common),,,2370.0,2420.0,2390.0,2,5,20,0.0,0.0,27.605714285714026,-1.0,1,0.0,36.7,27.2,65.0,31.950000000000003,3.4,-1.2285714285714282,0,0,1,2320.0,0,0,0,0,2390.0,0.0,2390.0,2420.0,2420.0,0.0,-0.012396694163650024,-0.012396694163650024,2411.4285714285716,2415.714285714286,14.638501094227797,10.894095588037763,0.9911137399657605,0.9893554069039101,1,False,False,False,False,False,False,False,True,False,False,False,False,False,False,False,False,True,False,False
2026-05-13,Andhra Pradesh,SPSR Nellore,Rapur,Paddy(Common),,,2370.0,2420.0,2390.0,2,5,20,0.0,0.0,27.60571428571429,-1.0,1,0.0,36.7,27.2,65.0,31.950000000000003,3.4,-1.2285714285714282,0,0,1,2320.0,0,0,0,0,2390.0,0.0,2390.0,2420.0,2420.0,0.0,-0.012396694163650024,-0.012396694163650024,2411.4285714285716,2415.714285714286,14.638501094229701,10.894095588039175,0.9911137399657605,0.9893554069039101,1,False,False,False,False,False,False,False,True,False,False,False,False,False,False,False,False,False,False,True
2026-05-14,Andhra Pradesh,Kakinada,Jaggampet,Paddy(Common),,,2369.0,2379.0,2379.0,3,5,20,124.4,0.0,18.005714285714287,0.0,0,3.7,38.1,27.9,68.0,33.0,2.9,-1.7285714285714282,0,0,1,2320.0,0,0,0,0,2379.0,0.0,2379.0,2379.0,2379.0,0.0,0.0,0.0,2379.0,2379.0,0.0,0.0,0.9999999957965531,0.9999999957965531,1,True,False,False,False,False,False,False,False,False,False,False,False,False,True,False,False,False,False,False
2026-05-14,Andhra Pradesh,Nellore,Rapur,Paddy(Common),Common,Local,2370.0,2420.0,2390.0,3,5,20,124.4,0.0,18.005714285714028,0.0,0,3.7,38.1,27.9,68.0,33.0,2.9,-1.7285714285714282,0,0,1,2320.0,0,0,0,0,2390.0,0.0,2390.0,2390.0,2420.0,0.0,0.0,-0.012396694163650024,2407.1428571428573,2413.5714285714284,16.035674514745498,12.774459408789152,0.9928783341542144,0.9902337928785815,1,False,False,False,False,False,False,False,True,False,False,False,False,False,False,False,False,True,False,False
2026-05-14,Andhra Pradesh,SPSR Nellore,Rapur,Paddy(Common),Common,Local,2370.0,2420.0,2390.0,3,5,20,124.4,0.0,18.005714285714287,0.0,0,3.7,38.1,27.9,68.0,33.0,2.9,-1.7285714285714282,0,0,1,2320.0,0,0,0,0,2390.0,0.0,2390.0,2390.0,2420.0,0.0,0.0,-0.012396694163650024,2407.1428571428573,2413.5714285714284,16.0356745147475,12.774459408790356,0.9928783341542144,0.9902337928785815,1,False,False,False,False,False,False,False,True,False,False,False,False,False,False,False,False,False,False,True
2026-05-15,Andhra Pradesh,Kakinada,Jaggampet,Paddy(Common),,,2369.0,2379.0,2379.0,4,5,20,25.0,124.4,25.057142857142857,0.0,0,0.0,37.3,27.1,69.0,32.2,6.1,1.4714285714285715,0,0,1,2320.0,0,0,0,0,2379.0,0.0,2379.0,2379.0,2379.0,0.0,0.0,0.0,2379.0,2379.0,0.0,0.0,0.9999999957965531,0.9999999957965531,1,True,False,False,False,False,False,False,False,False,False,False,False,False,True,False,False,False,False,False
2026-05-15,Andhra Pradesh,Nellore,Rapur,Paddy(Common),Common,Local,2370.0,2420.0,2390.0,4,5,20,25.0,124.4,25.057142857142598,0.0,0,0.0,37.3,27.1,69.0,32.2,6.1,1.4714285714285715,0,0,1,2320.0,0,0,0,0,2390.0,0.0,2390.0,2390.0,2420.0,0.0,0.0,-0.012396694163650024,2402.8571428571427,2411.4285714285716,16.035674514745725,14.064216928154561,0.9946492229711388,0.9911137399657605,1,False,False,False,False,False,False,False,True,False,False,False,False,False,False,False,False,True,False,False
2026-05-15,Andhra Pradesh,SPSR Nellore,Rapur,Paddy(Common),Common,Local,2370.0,2420.0,2390.0,4,5,20,25.0,124.4,25.057142857142857,0.0,0,0.0,37.3,27.1,69.0,32.2,6.1,1.4714285714285715,0,0,1,2320.0,0,0,0,0,2390.0,0.0,2390.0,2390.0,2420.0,0.0,0.0,-0.012396694163650024,2402.8571428571427,2411.4285714285716,16.035674514747992,14.064216928155654,0.9946492229711388,0.9911137399657605,1,False,False,False,False,False,False,False,True,False,False,False,False,False,False,False,False,False,False,True
2026-05-16,Andhra Pradesh,Kakinada,Jaggampet,Paddy(Common),,,2369.0,2379.0,2379.0,5,5,20,0.0,25.0,28.62857142857143,-0.7990353697749196,1,1.2,37.4,28.3,68.0,32.85,5.300000000000001,0.6714285714285726,0,0,1,2320.0,0,0,0,0,2379.0,0.0,2379.0,2379.0,2379.0,0.0,0.0,0.0,2379.0,2379.0,0.0,0.0,0.9999999957965531,0.9999999957965531,1,True,False,False,False,False,False,False,False,False,False,False,False,False,True,False,False,False,False,False
2026-05-16,Andhra Pradesh,Nellore,Rapur,Paddy(Common),,,2370.0,2420.0,2390.0,5,5,20,0.0,25.0,28.62857142857117,-0.7990353697749196,1,1.2,37.4,28.3,68.0,32.85,5.300000000000001,0.6714285714285726,0,0,1,2320.0,0,0,0,0,2390.0,0.0,2390.0,2390.0,2420.0,0.0,0.0,-0.012396694163650024,2398.5714285714284,2409.285714285714,14.638501094228541,14.917354742965202,0.9964264401578409,0.9919952523308824,1,False,False,False,False,False,False,False,True,False,False,False,False,False,False,False,False,True,False,False
2026-05-16,Andhra Pradesh,SPSR Nellore,Rapur,Paddy(Common),,,2370.0,2420.0,2390.0,5,5,20,0.0,25.0,28.62857142857143,-0.7990353697749196,1,1.2,37.4,28.3,68.0,32.85,5.300000000000001,0.6714285714285726,0,0,1,2320.0,0,0,0,0,2390.0,0.0,2390.0,2390.0,2420.0,0.0,0.0,-0.012396694163650024,2398.5714285714284,2409.285714285714,14.638501094231316,14.917354742966234,0.9964264401578409,0.9919952523308824,1,False,False,False,False,False,False,False,True,False,False,False,False,False,False,False,False,False,False,True
2026-05-17,Andhra Pradesh,Kakinada,Jaggampet,Paddy(Common),,,2369.0,2379.0,2379.0,6,5,20,0.0,0.0,28.62857142857143,-1.0,1,0.6,37.2,28.0,68.0,32.6,5.3,0.6714285714285717,0,0,1,2320.0,0,0,0,0,2379.0,0.0,2379.0,2379.0,2379.0,0.0,0.0,0.0,2379.0,2379.0,0.0,0.0,0.9999999957965531,0.9999999957965531,1,True,False,False,False,False,False,False,False,False,False,False,False,False,True,False,False,False,False,False
2026-05-17,Andhra Pradesh,Nellore,Rapur,Paddy(Common),,,2370.0,2420.0,2390.0,6,5,20,0.0,0.0,28.62857142857117,-1.0,1,0.6,37.2,28.0,68.0,32.6,5.3,0.6714285714285717,0,0,1,2320.0,0,0,0,0,2390.0,0.0,2390.0,2390.0,2420.0,0.0,0.0,-0.012396694163650024,2394.285714285714,2407.1428571428573,11.338934190277865,15.406577730392748,0.9982100196972135,0.9928783341542144,1,False,False,False,False,False,False,False,True,False,False,False,False,False,False,False,False,True,False,False
2026-05-17,Andhra Pradesh,SPSR Nellore,Rapur,Paddy(Common),,,2370.0,2420.0,2390.0,6,5,20,0.0,0.0,28.62857142857143,-1.0,1,0.6,37.2,28.0,68.0,32.6,5.3,0.6714285714285717,0,0,1,2320.0,0,0,0,0,2390.0,0.0,2390.0,2390.0,2420.0,0.0,0.0,-0.012396694163650024,2394.285714285714,2407.1428571428573,11.33893419028182,15.406577730393746,0.9982100196972135,0.9928783341542144,1,False,False,False,False,False,False,False,True,False,False,False,False,False,False,False,False,False,False,True
2026-05-18,Andhra Pradesh,Kakinada,Jaggampet,Paddy(Common),,,2369.0,2379.0,2379.0,0,5,21,0.0,0.0,28.62857142857143,0.0,1,0.1,37.0,29.0,67.0,33.0,5.5,1.2714285714285714,0,0,1,2320.0,0,0,0,0,2379.0,0.0,2379.0,2379.0,2379.0,0.0,0.0,0.0,2379.0,2379.0,0.0,0.0,0.9999999957965531,0.9999999957965531,1,True,False,False,False,False,False,False,False,False,False,False,False,False,True,False,False,False,False,False
2026-05-18,Andhra Pradesh,Nellore,Rapur,Paddy(Common),,,2370.0,2420.0,2390.0,0,5,21,0.0,0.0,28.62857142857117,0.0,1,0.1,37.0,29.0,67.0,33.0,5.5,1.2714285714285714,0,0,1,2320.0,0,0,0,0,2390.0,0.0,2390.0,2390.0,2390.0,0.0,0.0,0.0,2390.0,2405.0,0.0,15.566235649883083,0.9999999958158995,0.993762989630923,1,False,False,False,False,False,False,False,True,False,False,False,False,False,False,False,False,True,False,False
2026-05-18,Andhra Pradesh,SPSR Nellore,Rapur,Paddy(Common),,,2370.0,2420.0,2390.0,0,5,21,0.0,0.0,28.62857142857143,0.0,1,0.1,37.0,29.0,67.0,33.0,5.5,1.2714285714285714,0,0,1,2320.0,0,0,0,0,2390.0,0.0,2390.0,2390.0,2390.0,0.0,0.0,0.0,2390.0,2405.0,0.0,15.56623564988407,0.9999999958158995,0.993762989630923,1,False,False,False,False,False,False,False,True,False,False,False,False,False,False,False,False,False,False,True
2026-05-19,Andhra Pradesh,Kakinada,Jaggampet,Paddy(Common),,,2369.0,2379.0,2379.0,1,5,21,49.0,0.0,21.342857142857145,0.0,0,0.0,39.4,29.2,65.0,34.3,5.6,1.371428571428571,0,0,1,2320.0,0,0,0,0,2379.0,0.0,2379.0,2379.0,2379.0,0.0,0.0,0.0,2379.0,2379.0,0.0,0.0,0.9999999957965531,0.9999999957965531,1,True,False,False,False,False,False,False,False,False,False,False,False,False,True,False,False,False,False,False
2026-05-19,Andhra Pradesh,Nellore,Rapur,Paddy(Common),,,2370.0,2420.0,2390.0,1,5,21,49.0,0.0,21.342857142856882,0.0,0,0.0,39.4,29.2,65.0,34.3,5.6,1.371428571428571,0,0,1,2320.0,0,0,0,0,2390.0,0.0,2390.0,2390.0,2390.0,0.0,0.0,0.0,2390.0,2402.8571428571427,0.0,15.406577730392877,0.9999999958158995,0.9946492229711388,1,False,False,False,False,False,False,False,True,False,False,False,False,False,False,False,False,True,False,False
2026-05-19,Andhra Pradesh,SPSR Nellore,Rapur,Paddy(Common),,,2370.0,2420.0,2390.0,1,5,21,49.0,0.0,21.342857142857145,0.0,0,0.0,39.4,29.2,65.0,34.3,5.6,1.371428571428571,0,0,1,2320.0,0,0,0,0,2390.0,0.0,2390.0,2390.0,2390.0,0.0,0.0,0.0,2390.0,2402.8571428571427,0.0,15.406577730393876,0.9999999958158995,0.9946492229711388,1,False,False,False,False,False,False,False,True,False,False,False,False,False,False,False,False,False,False,True
2026-05-20,Andhra Pradesh,Kakinada,Jaggampet,Paddy(Common),,,2369.0,2379.0,2379.0,2,5,21,82.0,49.0,28.342857142857145,0.0,0,0.5,40.8,29.8,59.0,35.3,5.6,1.371428571428571,0,0,1,2320.0,0,0,0,0,2379.0,0.0,2379.0,2379.0,2379.0,0.0,0.0,0.0,2379.0,2379.0,0.0,0.0,0.9999999957965531,0.9999999957965531,1,True,False,False,False,False,False,False,False,False,False,False,False,False,True,False,False,False,False,False
2026-05-20,Andhra Pradesh,Nellore,Rapur,Paddy(Common),Common,Local,2370.0,2400.0,2390.0,2,5,21,82.0,49.0,28.342857142856882,0.0,0,0.5,40.8,29.8,59.0,35.3,5.6,1.371428571428571,0,0,1,2320.0,0,0,0,0,2390.0,0.0,2390.0,2390.0,2390.0,0.0,0.0,0.0,2390.0,2400.714285714286,0.0,14.917354742965472,0.9999999958158995,0.9955370384000242,1,False,False,False,False,False,False,False,True,False,False,False,False,False,False,False,False,True,False,False
2026-05-20,Andhra Pradesh,SPSR Nellore,Rapur,Paddy(Common),Common,Local,2370.0,2400.0,2390.0,2,5,21,82.0,49.0,28.342857142857145,0.0,0,0.5,40.8,29.8,59.0,35.3,5.6,1.371428571428571,0,0,1,2320.0,0,0,0,0,2390.0,0.0,2390.0,2390.0,2390.0,0.0,0.0,0.0,2390.0,2400.714285714286,0.0,14.917354742966504,0.9999999958158995,0.9955370384000242,1,False,False,False,False,False,False,False,True,False,False,False,False,False,False,False,False,False,False,True
2026-05-21,Andhra Pradesh,Kakinada,Jaggampet,Paddy(Common),,,2369.0,2379.0,2379.0,3,5,21,288.0,82.0,40.05714285714286,0.6734693877551021,0,0.0,40.8,31.0,57.0,35.9,6.1,1.871428571428571,0,0,1,2320.0,0,0,0,0,2379.0,0.0,2379.0,2379.0,2379.0,0.0,0.0,0.0,2379.0,2379.0,0.0,0.0,0.9999999957965531,0.9999999957965531,1,True,False,False,False,False,False,False,False,False,False,False,False,False,True,False,False,False,False,False
2026-05-21,Andhra Pradesh,Nellore,Rapur,Paddy(Common),Common,Local,2370.0,2410.0,2390.0,3,5,21,288.0,82.0,40.057142857142594,0.6734693877551021,0,0.0,40.8,31.0,57.0,35.9,6.1,1.871428571428571,0,0,1,2320.0,0,0,0,0,2390.0,0.0,2390.0,2390.0,2390.0,0.0,0.0,0.0,2390.0,2398.5714285714284,0.0,14.064216928155037,0.9999999958158995,0.9964264401578409,1,False,False,False,False,False,False,False,True,False,False,False,False,False,False,False,False,True,False,False
2026-05-21,Andhra Pradesh,SPSR Nellore,Rapur,Paddy(Common),Common,Local,2370.0,2410.0,2390.0,3,5,21,288.0,82.0,40.05714285714286,0.6734693877551021,0,0.0,40.8,31.0,57.0,35.9,6.1,1.871428571428571,0,0,1,2320.0,0,0,0,0,2390.0,0.0,2390.0,2390.0,2390.0,0.0,0.0,0.0,2390.0,2398.5714285714284,0.0,14.064216928156132,0.9999999958158995,0.9964264401578409,1,False,False,False,False,False,False,False,True,False,False,False,False,False,False,False,False,False,False,True
2026-05-22,Andhra Pradesh,Kakinada,Jaggampet,Paddy(Common),,,2369.0,2379.0,2379.0,4,5,21,42.0,288.0,63.42857142857143,2.5121951219512195,0,0.4,39.4,31.5,56.0,35.45,2.4,-1.8285714285714287,0,0,1,2320.0,0,0,0,0,2379.0,0.0,2379.0,2379.0,2379.0,0.0,0.0,0.0,2379.0,2379.0,0.0,0.0,0.9999999957965531,0.9999999957965531,1,True,False,False,False,False,False,False,False,False,False,False,False,False,True,False,False,False,False,False
2026-05-22,Andhra Pradesh,Nellore,Rapur,Paddy(Common),,,2370.0,2410.0,2390.0,4,5,21,42.0,288.0,63.42857142857117,2.5121951219512195,0,0.4,39.4,31.5,56.0,35.45,2.4,-1.8285714285714287,0,0,1,2320.0,0,0,0,0,2390.0,0.0,2390.0,2390.0,2390.0,0.0,0.0,0.0,2390.0,2396.4285714285716,0.0,12.774459408789916,0.9999999958158995,0.9973174325000166,1,False,False,False,False,False,False,False,True,False,False,False,False,False,False,False,False,True,False,False
2026-05-22,Andhra Pradesh,SPSR Nellore,Rapur,Paddy(Common),Common,Local,2370.0,2410.0,2390.0,4,5,21,42.0,288.0,63.42857142857143,2.5121951219512195,0,0.4,39.4,31.5,56.0,35.45,2.4,-1.8285714285714287,0,0,1,2320.0,0,0,0,0,2390.0,0.0,2390.0,2390.0,2390.0,0.0,0.0,0.0,2390.0,2396.4285714285716,0.0,12.77445940879112,0.9999999958158995,0.9973174325000166,1,False,False,False,False,False,False,False,True,False,False,False,False,False,False,False,False,False,False,True
2026-05-23,Andhra Pradesh,Kakinada,Jaggampet,Paddy(Common),,,2369.0,2379.0,2379.0,5,5,21,0.0,42.0,65.85714285714286,-0.8541666666666666,1,0.0,38.6,30.9,55.0,34.75,2.8,-1.4285714285714288,0,0,1,2320.0,0,0,0,0,2379.0,0.0,2379.0,2379.0,2379.0,0.0,0.0,0.0,2379.0,2379.0,0.0,0.0,0.9999999957965531,0.9999999957965531,1,True,False,False,False,False,False,False,False,False,False,False,False,False,True,False,False,False,False,False
2026-05-23,Andhra Pradesh,Nellore,Rapur,Paddy(Common),,,2370.0,2410.0,2390.0,5,5,21,0.0,42.0,65.85714285714259,-0.8541666666666666,1,0.0,38.6,30.9,55.0,34.75,2.8,-1.4285714285714288,0,0,1,2320.0,0,0,0,0,2390.0,0.0,2390.0,2390.0,2390.0,0.0,0.0,0.0,2390.0,2394.285714285714,0.0,10.894095588038928,0.9999999958158995,0.9982100196972135,1,False,False,False,False,False,False,False,True,False,False,False,False,False,False,False,False,True,False,False
2026-05-23,Andhra Pradesh,SPSR Nellore,Rapur,Paddy(Common),,,2370.0,2410.0,2390.0,5,5,21,0.0,42.0,65.85714285714286,-0.8541666666666666,1,0.0,38.6,30.9,55.0,34.75,2.8,-1.4285714285714288,0,0,1,2320.0,0,0,0,0,2390.0,0.0,2390.0,2390.0,2390.0,0.0,0.0,0.0,2390.0,2394.285714285714,0.0,10.894095588040342,0.9999999958158995,0.9982100196972135,1,False,False,False,False,False,False,False,True,False,False,False,False,False,False,False,False,False,False,True
2026-05-24,Andhra Pradesh,Kakinada,Jaggampet,Paddy(Common),,,2369.0,2379.0,2379.0,6,5,21,0.0,0.0,65.85714285714286,-1.0,1,0.0,40.6,30.1,57.0,35.35,1.6,-2.6285714285714286,0,0,1,2320.0,0,0,0,0,2379.0,0.0,2379.0,2379.0,2379.0,0.0,0.0,0.0,2379.0,2379.0,0.0,0.0,0.9999999957965531,0.9999999957965531,1,True,False,False,False,False,False,False,False,False,False,False,False,False,True,False,False,False,False,False
2026-05-24,Andhra Pradesh,Nellore,Rapur,Paddy(Common),,,2370.0,2410.0,2390.0,6,5,21,0.0,0.0,65.85714285714259,-1.0,1,0.0,40.6,30.1,57.0,35.35,1.6,-2.6285714285714286,0,0,1,2320.0,0,0,0,0,2380.0,-0.004184100400903345,2390.0,2390.0,2390.0,0.0,0.0,0.0,2390.0,2392.1428571428573,0.0,8.01783725737352,0.9999999958158995,0.9991042060353958,1,False,False,False,False,False,False,False,True,False,False,False,False,False,False,False,False,True,False,False
2026-05-24,Andhra Pradesh,SPSR Nellore,Rapur,Paddy(Common),,,2370.0,2410.0,2390.0,6,5,21,0.0,0.0,65.85714285714286,-1.0,1,0.0,40.6,30.1,57.0,35.35,1.6,-2.6285714285714286,0,0,1,2320.0,0,0,0,0,2390.0,0.0,2390.0,2390.0,2390.0,0.0,0.0,0.0,2390.0,2392.1428571428573,0.0,8.017837257375438,0.9999999958158995,0.9991042060353958,1,False,False,False,False,False,False,False,True,False,False,False,False,False,False,False,False,False,False,True
2026-05-25,Andhra Pradesh,Kakinada,Jaggampet,Paddy(Common),,,2369.0,2379.0,2379.0,0,5,22,571.4,0.0,65.85714285714286,0.0,0,0.0,39.8,28.5,64.0,34.15,0.9999999999999999,-3.0857142857142863,0,0,1,2320.0,0,0,0,0,2379.0,0.0,2379.0,2379.0,2379.0,0.0,0.0,0.0,2379.0,2379.0,0.0,0.0,0.9999999957965531,0.9999999957965531,1,True,False,False,False,False,False,False,False,False,False,False,False,False,True,False,False,False,False,False
2026-05-25,Andhra Pradesh,Nellore,Rapur,Paddy(Common),Common,Local,2370.0,2400.0,2380.0,0,5,22,571.4,0.0,65.85714285714259,0.0,0,0.0,39.8,28.5,64.0,34.15,0.9999999999999999,0.04999999999999993,0,0,1,2320.0,0,0,0,0,2380.0,0.0,2390.0,2390.0,2390.0,-0.004184100400903345,-0.004184100400903345,-0.004184100400903345,2390.0,2390.0,0.0,0.0,0.9958158954149962,0.9958158954149962,1,False,False,False,False,False,False,False,True,False,False,False,False,False,False,False,False,True,False,False
2026-05-25,Andhra Pradesh,SPSR Nellore,Rapur,Paddy(Common),,,2370.0,2410.0,2390.0,0,5,22,571.4,0.0,65.85714285714286,0.0,0,0.0,39.8,28.5,64.0,34.15,0.9999999999999999,-3.0857142857142863,0,0,1,2320.0,0,0,0,0,2380.0,-0.004184100400903345,2390.0,2390.0,2390.0,0.0,0.0,0.0,2390.0,2390.0,0.0,0.0,0.9999999958158995,0.9999999958158995,1,False,False,False,False,False,False,False,True,False,False,False,False,False,False,False,False,False,False,True
2026-05-26,Andhra Pradesh,Kakinada,Jaggampet,Paddy(Common),,,2369.0,2379.0,2379.0,1,5,22,42.0,571.4,147.4857142857143,0.0,0,1.8,39.7,29.6,62.0,34.650000000000006,0.9,-3.1857142857142864,0,0,1,2320.0,0,0,0,0,2379.0,0.0,2379.0,2379.0,2379.0,0.0,0.0,0.0,2379.0,2379.0,0.0,0.0,0.9999999957965531,0.9999999957965531,1,True,False,False,False,False,False,False,False,False,False,False,False,False,True,False,False,False,False,False
2026-05-26,Andhra Pradesh,SPSR Nellore,Rapur,Paddy(Common),Common,Local,2370.0,2410.0,2380.0,1,5,22,42.0,571.4,147.4857142857143,0.0,0,1.8,39.7,29.6,62.0,34.650000000000006,0.9,-3.1857142857142864,0,0,1,2320.0,0,0,0,0,2385.0,0.0021008403273073935,2390.0,2390.0,2390.0,-0.004184100400903345,-0.004184100400903345,-0.004184100400903345,2390.0,2390.0,0.0,0.0,0.9958158954149962,0.9958158954149962,1,False,False,False,False,False,False,False,True,False,False,False,False,False,False,False,False,False,False,True
2026-05-27,Andhra Pradesh,Kakinada,Jaggampet,Paddy(Common),,,2369.0,2379.0,2379.0,2,5,22,475.4,42.0,146.4857142857143,-0.9264963248162408,0,0.1,36.4,27.1,62.0,31.75,2.7,-1.3857142857142861,0,0,1,2320.0,0,0,0,0,2379.0,0.0,2379.0,2379.0,2379.0,0.0,0.0,0.0,2379.0,2379.0,0.0,0.0,0.9999999957965531,0.9999999957965531,1,True,False,False,False,False,False,False,False,False,False,False,False,False,True,False,False,False,False,False
2026-05-27,Andhra Pradesh,SPSR Nellore,Rapur,Paddy(Common),Common,Local,2370.0,2400.0,2385.0,2,5,22,475.4,42.0,146.4857142857143,-0.9264963248162408,0,0.1,36.4,27.1,62.0,31.75,2.7,-1.3857142857142861,0,0,1,2320.0,0,0,0,0,2385.0,0.0,2380.0,2390.0,2390.0,0.0021008403273073935,-0.0020920502004516724,-0.0020920502004516724,2388.5714285714284,2389.285714285714,3.7796447301101908,2.6726124191332548,0.9985047805086522,0.9982062738490619,1,False,False,False,False,False,False,False,True,False,False,False,False,False,False,False,False,False,False,True
2026-05-28,Andhra Pradesh,Kakinada,Jaggampet,Paddy(Common),,,2369.0,2379.0,2379.0,3,5,22,50.0,475.4,202.68571428571428,10.319047619047618,0,5.2,38.3,29.3,62.0,33.8,2.3,-1.7857142857142865,0,0,1,2320.0,0,0,0,0,2379.0,0.0,2379.0,2379.0,2379.0,0.0,0.0,0.0,2379.0,2379.0,0.0,0.0,0.9999999957965531,0.9999999957965531,1,True,False,False,False,False,False,False,False,False,False,False,False,False,True,False,False,False,False,False
2026-05-28,Andhra Pradesh,SPSR Nellore,Rapur,Paddy(Common),,,2370.0,2400.0,2385.0,3,5,22,50.0,475.4,202.68571428571428,10.319047619047618,0,5.2,38.3,29.3,62.0,33.8,2.3,-1.7857142857142865,0,0,1,2320.0,0,0,0,0,2385.0,0.0,2385.0,2390.0,2390.0,0.0,-0.0020920502004516724,-0.0020920502004516724,2387.8571428571427,2388.9285714285716,3.9339789623647845,2.8946711176176034,0.9988034657543379,0.998355504865607,1,False,False,False,False,False,False,False,True,False,False,False,False,False,False,False,False,False,False,True
2026-05-29,Andhra Pradesh,Kakinada,Jaggampet,Paddy(Common),,,2369.0,2379.0,2379.0,4,5,22,20.0,50.0,168.68571428571428,-0.8948254101809003,0,0.0,37.4,27.1,64.0,32.25,7.5,3.4142857142857137,0,0,1,2320.0,0,0,0,0,2379.0,0.0,2379.0,2379.0,2379.0,0.0,0.0,0.0,2379.0,2379.0,0.0,0.0,0.9999999957965531,0.9999999957965531,1,True,False,False,False,False,False,False,False,False,False,False,False,False,True,False,False,False,False,False
2026-05-29,Andhra Pradesh,SPSR Nellore,Rapur,Paddy(Common),,,2370.0,2400.0,2385.0,4,5,22,20.0,50.0,168.68571428571428,-0.8948254101809003,0,0.0,37.4,27.1,64.0,32.25,7.5,3.4142857142857137,0,0,1,2320.0,0,0,0,0,2385.0,0.0,2385.0,2380.0,2390.0,0.0,0.0021008403273073935,-0.0020920502004516724,2387.1428571428573,2388.5714285714284,3.933978962365118,3.0562492275186433,0.9991023297464293,0.9985047805086522,1,False,False,False,False,False,False,False,True,False,False,False,False,False,False,False,False,False,False,True
2026-05-30,Andhra Pradesh,Kakinada,Jaggampet,Paddy(Common),,,2369.0,2379.0,2379.0,5,5,22,196.2,20.0,165.54285714285714,-0.6,0,0.0,35.5,28.6,68.0,32.05,7.1,3.0142857142857133,0,0,1,2320.0,0,0,0,0,2379.0,0.0,2379.0,2379.0,2379.0,0.0,0.0,0.0,2379.0,2379.0,0.0,0.0,0.9999999957965531,0.9999999957965531,1,True,False,False,False,False,False,False,False,False,False,False,False,False,True,False,False,False,False,False
2026-05-30,Andhra Pradesh,NTR,Mylavaram,Paddy(Common),1001,FAQ,2369.0,2369.0,2369.0,5,5,22,196.2,20.0,181.79999999999998,-0.6,0,0.0,35.5,28.6,68.0,32.05,5.3,2.0999999999999996,0,0,1,2320.0,0,0,0,0,2369.0,0.0,2369.0,2369.0,,0.0,0.0,,2369.0,2369.0,0.0,0.0,0.9999999957788096,0.9999999957788096,1,False,False,False,True,False,False,False,False,False,False,False,False,False,False,False,True,False,False,False
2026-05-30,Andhra Pradesh,SPSR Nellore,Rapur,Paddy(Common),,,2370.0,2400.0,2385.0,5,5,22,196.2,20.0,165.54285714285714,-0.6,0,0.0,35.5,28.6,68.0,32.05,7.1,3.0142857142857133,0,0,1,2320.0,0,0,0,0,2385.0,0.0,2385.0,2385.0,2390.0,0.0,0.0,-0.0020920502004516724,2386.4285714285716,2388.214285714286,3.7796447301112326,3.1666184688910453,0.9994013726454296,0.9986541007982181,1,False,False,False,False,False,False,False,True,False,False,False,False,False,False,False,False,False,False,True
2026-05-31,Andhra Pradesh,Kakinada,Jaggampet,Paddy(Common),,,2369.0,2379.0,2379.0,6,5,22,3.1,196.2,193.57142857142858,8.809999999999999,1,0.2,36.8,28.3,70.0,32.55,7.1,3.0142857142857133,0,0,1,2320.0,0,0,0,0,2379.0,0.0,2379.0,2379.0,2379.0,0.0,0.0,0.0,2379.0,2379.0,0.0,0.0,0.9999999957965531,0.9999999957965531,1,True,False,False,False,False,False,False,False,False,False,False,False,False,True,False,False,False,False,False
2026-05-31,Andhra Pradesh,NTR,Mylavaram,Paddy(Common),,,2369.0,2369.0,2369.0,6,5,22,3.1,196.2,185.39999999999998,8.809999999999999,1,0.2,36.8,28.3,70.0,32.55,5.3,2.0999999999999996,0,0,1,2320.0,0,0,0,0,2369.0,0.0,2369.0,2369.0,,0.0,0.0,,2369.0,2369.0,0.0,0.0,0.9999999957788096,0.9999999957788096,1,False,False,False,True,False,False,False,False,False,False,False,False,False,False,False,True,False,False,False
2026-05-31,Andhra Pradesh,Eluru,Polavaram,Paddy(Common),1001,Local,2369.0,2369.0,2369.0,6,5,22,3.1,196.2,88.73333333333333,8.809999999999999,1,0.2,36.8,28.3,70.0,32.55,5.2,1.2999999999999998,0,0,1,2320.0,0,0,0,0,2369.0,0.0,2369.0,2369.0,,0.0,0.0,,2369.0,2369.0,0.0,0.0,0.9999999957788096,0.9999999957788096,1,False,False,False,False,False,True,False,False,False,False,False,False,True,False,False,False,False,False,False
2026-05-31,Andhra Pradesh,SPSR Nellore,Rapur,Paddy(Common),,,2370.0,2400.0,2385.0,6,5,22,3.1,196.2,193.57142857142858,8.809999999999999,1,0.2,36.8,28.3,70.0,32.55,7.1,3.0142857142857133,0,0,1,2320.0,0,0,0,0,2385.0,0.0,2385.0,2385.0,2390.0,0.0,0.0,-0.0020920502004516724,2385.714285714286,2387.8571428571427,3.4503277967328776,3.2310308633020326,0.9997005946120333,0.9988034657543379,1,False,False,False,False,False,False,False,True,False,False,False,False,False,False,False,False,False,False,True
2026-06-01,Andhra Pradesh,Kakinada,Jaggampet,Paddy(Common),,,2369.0,2379.0,2379.0,0,6,23,28.8,3.1,194.0142857142857,-0.9841997961264016,0,0.0,35.2,26.4,74.0,30.8,7.3,0.7857142857142856,0,0,1,2320.0,1,0,0,0,2379.0,0.0,2379.0,2379.0,2379.0,0.0,0.0,0.0,2379.0,2379.0,0.0,0.0,0.9999999957965531,0.9999999957965531,0,True,False,False,False,False,False,False,False,False,False,False,False,False,True,False,False,False,False,False
2026-06-01,Andhra Pradesh,NTR,Mylavaram,Paddy(Common),1001,FAQ,2369.0,2369.0,2369.0,0,6,23,28.8,3.1,148.94,-0.9841997961264016,0,0.0,35.2,26.4,74.0,30.8,5.5,-0.5,0,0,1,2320.0,1,0,0,0,2369.0,0.0,2369.0,2369.0,,0.0,0.0,,2369.0,2369.0,0.0,0.0,0.9999999957788096,0.9999999957788096,0,False,False,False,True,False,False,False,False,False,False,False,False,False,False,False,True,False,False,False
2026-06-01,Andhra Pradesh,Eluru,Polavaram,Paddy(Common),1001,Local,2369.0,2369.0,2369.0,0,6,23,28.8,3.1,67.325,-0.9841997961264016,0,0.0,35.2,26.4,74.0,30.8,5.4,-0.5571428571428569,0,0,1,2320.0,1,0,0,0,2369.0,0.0,2369.0,2369.0,,0.0,0.0,,2369.0,2369.0,0.0,0.0,0.9999999957788096,0.9999999957788096,0,False,False,False,False,False,True,False,False,False,False,False,False,True,False,False,False,False,False,False
2026-06-01,Andhra Pradesh,SPSR Nellore,Rapur,Paddy(Common),,,2370.0,2400.0,2385.0,0,6,23,28.8,3.1,194.0142857142857,-0.9841997961264016,0,0.0,35.2,26.4,74.0,30.8,7.3,0.7857142857142856,0,0,1,2320.0,1,0,0,0,2385.0,0.0,2385.0,2385.0,2390.0,0.0,0.0,-0.0020920502004516724,2385.0,2387.5,2.8867513459737872,3.252218177947711,0.9999999958071278,0.9989528753970559,0,False,False,False,False,False,False,False,True,False,False,False,False,False,False,False,False,False,False,True
2026-06-01,Andhra Pradesh,NTR,Tiruvuru,Paddy(Common),Sona,Local,2450.0,2450.0,2450.0,0,6,23,28.8,3.1,73.1,-0.9841997961264016,0,0.0,35.2,26.4,74.0,30.8,0.2,-2.785714285714286,0,1,1,2320.0,1,0,0,0,2400.0,-0.020408163182007496,2250.0,2250.0,,0.08888888849382716,0.08888888849382716,,2250.0,2250.0,0.0,0.0,1.0888888840493827,1.0888888840493827,0,False,False,False,False,False,False,False,False,True,False,False,False,False,False,False,True,False,False,False
2026-06-02,Andhra Pradesh,Kakinada,Jaggampet,Paddy(Common),,,2369.0,2379.0,2379.0,1,6,23,47.3,28.8,116.5,8.290322580645162,0,2.0,35.8,27.8,77.0,31.799999999999997,7.3,0.7857142857142856,0,0,1,2320.0,1,0,0,0,2379.0,0.0,2379.0,2379.0,2379.0,0.0,0.0,0.0,2379.0,2379.0,0.0,0.0,0.9999999957965531,0.9999999957965531,0,True,False,False,False,False,False,False,False,False,False,False,False,False,True,False,False,False,False,False
2026-06-02,Andhra Pradesh,East Godavari,Kovvur,Paddy(Common),MTU-1010,Grade Range-2,2400.0,2400.0,2400.0,1,6,23,47.3,28.8,76.03333333333333,8.290322580645162,0,2.0,35.8,27.8,77.0,31.799999999999997,0.2,-2.785714285714286,0,1,1,2320.0,1,0,0,0,2400.0,0.0,2400.0,2400.0,,0.0,0.0,,2400.0,2400.0,0.0,0.0,0.9999999958333333,0.9999999958333333,0,False,True,False,False,False,False,False,False,False,False,False,True,False,False,False,False,False,False,False
2026-06-02,Andhra Pradesh,NTR,Mylavaram,Paddy(Common),1001,FAQ,2369.0,2369.0,2369.0,1,6,23,47.3,28.8,128.91666666666666,8.290322580645162,0,2.0,35.8,27.8,77.0,31.799999999999997,5.5,-0.5,0,0,1,2320.0,1,0,0,0,2369.0,0.0,2369.0,2369.0,,0.0,0.0,,2369.0,2369.0,0.0,0.0,0.9999999957788096,0.9999999957788096,0,False,False,False,True,False,False,False,False,False,False,False,False,False,False,False,True,False,False,False
2026-06-02,Andhra Pradesh,NTR,Nandigama,Paddy(Common),B P T,Grade Range-1,1800.0,1800.0,1800.0,1,6,23,47.3,28.8,76.03333333333333,8.290322580645162,0,2.0,35.8,27.8,77.0,31.799999999999997,0.2,-2.785714285714286,0,1,1,2320.0,1,0,0,0,1820.0,0.011111111049382717,1800.0,1800.0,,0.0,0.0,,1800.0,1800.0,0.0,0.0,0.9999999944444445,0.9999999944444445,0,False,False,False,False,True,False,False,False,False,False,False,False,False,False,False,True,False,False,False
2026-06-02,Andhra Pradesh,Eluru,Polavaram,Paddy(Common),1001,Local,2369.0,2369.0,2369.0,1,6,23,47.3,28.8,59.61999999999999,8.290322580645162,0,2.0,35.8,27.8,77.0,31.799999999999997,5.4,-0.5571428571428569,0,0,1,2320.0,1,0,0,0,2369.0,0.0,2369.0,2369.0,,0.0,0.0,,2369.0,2369.0,0.0,0.0,0.9999999957788096,0.9999999957788096,0,False,False,False,False,False,True,False,False,False,False,False,False,True,False,False,False,False,False,False
2026-06-02,Andhra Pradesh,SPSR Nellore,Rapur,Paddy(Common),,,2370.0,2400.0,2385.0,1,6,23,47.3,28.8,116.5,8.290322580645162,0,2.0,35.8,27.8,77.0,31.799999999999997,7.3,0.7857142857142856,0,0,1,2320.0,1,0,0,0,2385.0,0.0,2385.0,2385.0,2380.0,0.0,0.0,0.0021008403273073935,2384.285714285714,2387.1428571428573,1.889822365085948,3.231030863302241,1.0002995763917932,0.9991023297464293,0,False,False,False,False,False,False,False,True,False,False,False,False,False,False,False,False,False,False,True
2026-06-02,Andhra Pradesh,NTR,Tiruvuru,Paddy(Common),Sona,FAQ,2400.0,2400.0,2400.0,1,6,23,47.3,28.8,62.025,8.290322580645162,0,2.0,35.8,27.8,77.0,31.799999999999997,0.2,-2.785714285714286,0,1,1,2320.0,1,0,0,0,2400.0,0.0,2450.0,2250.0,,-0.020408163182007496,0.06666666637037036,,2300.0,2300.0,100.0,100.0,1.0434782563327032,1.0434782563327032,0,False,False,False,False,False,False,False,False,True,False,False,False,False,False,False,True,False,False,False
2026-06-03,Andhra Pradesh,Kakinada,Jaggampet,Paddy(Common),,,2369.0,2379.0,2379.0,2,6,23,28.3,47.3,117.25714285714285,0.6423611111111109,0,0.0,37.1,27.1,72.0,32.1,7.5,0.9857142857142858,0,0,1,2320.0,1,0,0,0,2379.0,0.0,2379.0,2379.0,2379.0,0.0,0.0,0.0,2379.0,2379.0,0.0,0.0,0.9999999957965531,0.9999999957965531,0,True,False,False,False,False,False,False,False,False,False,False,False,False,True,False,False,False,False,False
2026-06-03,Andhra Pradesh,East Godavari,Kovvur,Paddy(Common),MTU-1010,Grade Range-2,2400.0,2400.0,2400.0,2,6,23,28.3,47.3,68.85,0.6423611111111109,0,0.0,37.1,27.1,72.0,32.1,2.2,-0.785714285714286,0,0,1,2320.0,1,0,0,0,2400.0,0.0,2400.0,2400.0,,0.0,0.0,,2400.0,2400.0,0.0,0.0,0.9999999958333333,0.9999999958333333,0,False,True,False,False,False,False,False,False,False,False,False,True,False,False,False,False,False,False,False
2026-06-03,Andhra Pradesh,NTR,Mylavaram,Paddy(Common),1001,FAQ,2369.0,2369.0,2369.0,2,6,23,28.3,47.3,117.25714285714285,0.6423611111111109,0,0.0,37.1,27.1,72.0,32.1,7.5,1.5,0,0,1,2320.0,1,0,0,0,2369.0,0.0,2369.0,2369.0,2369.0,0.0,0.0,0.0,2369.0,2369.0,0.0,0.0,0.9999999957788096,0.9999999957788096,0,False,False,False,True,False,False,False,False,False,False,False,False,False,False,False,True,False,False,False
2026-06-03,Andhra Pradesh,NTR,Nandigama,Paddy(Common),B P T,Grade Range-1,1820.0,1820.0,1820.0,2,6,23,28.3,47.3,68.85,0.6423611111111109,0,0.0,37.1,27.1,72.0,32.1,2.2,-0.785714285714286,0,0,1,2320.0,1,0,0,0,1820.0,0.0,1800.0,1800.0,,0.011111111049382717,0.011111111049382717,,1800.0,1800.0,0.0,0.0,1.011111105493827,1.011111105493827,0,False,False,False,False,True,False,False,False,False,False,False,False,False,False,False,True,False,False,False
2026-06-03,Andhra Pradesh,Eluru,Polavaram,Paddy(Common),1001,Local,2369.0,2369.0,2369.0,2,6,23,28.3,47.3,57.56666666666666,0.6423611111111109,0,0.0,37.1,27.1,72.0,32.1,7.4,1.442857142857143,0,0,1,2320.0,1,0,0,0,2369.0,0.0,2369.0,2369.0,,0.0,0.0,,2369.0,2369.0,0.0,0.0,0.9999999957788096,0.9999999957788096,0,False,False,False,False,False,True,False,False,False,False,False,False,True,False,False,False,False,False,False
2026-06-03,Andhra Pradesh,SPSR Nellore,Rapur,Paddy(Common),,,2370.0,2400.0,2385.0,2,6,23,28.3,47.3,117.25714285714285,0.6423611111111109,0,0.0,37.1,27.1,72.0,32.1,7.5,0.9857142857142858,0,0,1,2320.0,1,0,0,0,2385.0,0.0,2385.0,2385.0,2385.0,0.0,0.0,0.0,2385.0,2386.785714285714,0.0,3.1666184688914605,0.9999999958071278,0.999251828822527,0,False,False,False,False,False,False,False,True,False,False,False,False,False,False,False,False,False,False,True
2026-06-03,Andhra Pradesh,NTR,Tiruvuru,Paddy(Common),Sona,Local,2400.0,2400.0,2400.0,2,6,23,28.3,47.3,59.08,0.6423611111111109,0,0.0,37.1,27.1,72.0,32.1,2.2,-0.785714285714286,0,0,1,2320.0,1,0,0,0,2400.0,0.0,2400.0,2250.0,,0.0,0.06666666637037036,,2320.0,2320.0,97.46794344808964,97.46794344808964,1.034482754161712,1.034482754161712,0,False,False,False,False,False,False,False,False,True,False,False,False,False,False,False,True,False,False,False
2026-06-04,Andhra Pradesh,Kakinada,Jaggampet,Paddy(Common),,,2369.0,2379.0,2379.0,3,6,23,44.2,28.3,53.385714285714286,-0.40169133192389006,0,2.7,37.2,29.2,64.0,33.2,7.4,0.8857142857142861,0,0,1,2320.0,1,0,0,0,2379.0,0.0,2379.0,2379.0,2379.0,0.0,0.0,0.0,2379.0,2379.0,0.0,0.0,0.9999999957965531,0.9999999957965531,0,True,False,False,False,False,False,False,False,False,False,False,False,False,True,False,False,False,False,False
2026-06-04,Andhra Pradesh,East Godavari,Kovvur,Paddy(Common),MTU-1010,Grade Range-2,2400.0,2400.0,2400.0,3,6,23,44.2,28.3,60.739999999999995,-0.40169133192389006,0,2.7,37.2,29.2,64.0,33.2,2.2,-0.785714285714286,0,0,1,2320.0,1,0,0,0,2400.0,0.0,2400.0,2400.0,,0.0,0.0,,2400.0,2400.0,0.0,0.0,0.9999999958333333,0.9999999958333333,0,False,True,False,False,False,False,False,False,False,False,False,True,False,False,False,False,False,False,False
2026-06-04,Andhra Pradesh,Bapatla,Kuchinapudi,Paddy(Common),B P T,Local,2400.0,2500.0,2450.0,3,6,23,44.2,28.3,34.8,-0.40169133192389006,0,2.7,37.2,29.2,64.0,33.2,2.0,-0.7857142857142856,0,0,1,2320.0,1,0,0,0,2450.0,0.0,2450.0,2450.0,,0.0,0.0,,2450.0,2450.0,0.0,0.0,0.9999999959183673,0.9999999959183673,0,False,False,True,False,False,False,False,False,False,False,True,False,False,False,False,False,False,False,False
2026-06-04,Andhra Pradesh,NTR,Mylavaram,Paddy(Common),1001,FAQ,2369.0,2369.0,2369.0,3,6,23,44.2,28.3,53.385714285714286,-0.40169133192389006,0,2.7,37.2,29.2,64.0,33.2,7.4,1.4000000000000004,0,0,1,2320.0,1,0,0,0,2369.0,0.0,2369.0,2369.0,2369.0,0.0,0.0,0.0,2369.0,2369.0,0.0,0.0,0.9999999957788096,0.9999999957788096,0,False,False,False,True,False,False,False,False,False,False,False,False,False,False,False,True,False,False,False
2026-06-04,Andhra Pradesh,NTR,Nandigama,Paddy(Common),B P T,Grade Range-1,1820.0,1820.0,1820.0,3,6,23,44.2,28.3,60.739999999999995,-0.40169133192389006,0,2.7,37.2,29.2,64.0,33.2,2.2,-0.785714285714286,0,0,1,2320.0,1,0,0,0,1820.0,0.0,1820.0,1800.0,,0.0,0.011111111049382717,,1804.0,1804.0,8.94427190999916,8.94427190999916,1.0088691740084856,1.0088691740084856,0,False,False,False,False,True,False,False,False,False,False,False,False,False,False,False,True,False,False,False
2026-06-04,Andhra Pradesh,Eluru,Polavaram,Paddy(Common),,,2369.0,2369.0,2369.0,3,6,23,44.2,28.3,53.385714285714286,-0.40169133192389006,0,2.7,37.2,29.2,64.0,33.2,7.4,1.442857142857143,0,0,1,2320.0,1,0,0,0,2369.0,0.0,2369.0,2369.0,2369.0,0.0,0.0,0.0,2369.0,2369.0,0.0,0.0,0.9999999957788096,0.9999999957788096,0,False,False,False,False,False,True,False,False,False,False,False,False,True,False,False,False,False,False,False
2026-06-04,Andhra Pradesh,SPSR Nellore,Rapur,Paddy(Common),,,2370.0,2400.0,2385.0,3,6,23,44.2,28.3,53.385714285714286,-0.40169133192389006,0,2.7,37.2,29.2,64.0,33.2,7.4,0.8857142857142861,0,0,1,2320.0,1,0,0,0,2385.0,0.0,2385.0,2385.0,2385.0,0.0,0.0,0.0,2385.0,2386.4285714285716,0.0,3.0562492275192303,0.9999999958071278,0.9994013726454296,0,False,False,False,False,False,False,False,True,False,False,False,False,False,False,False,False,False,False,True
2026-06-04,Andhra Pradesh,NTR,Tiruvuru,Paddy(Common),Sona,Local,2400.0,2400.0,2400.0,3,6,23,44.2,28.3,53.949999999999996,-0.40169133192389006,0,2.7,37.2,29.2,64.0,33.2,2.2,-0.785714285714286,0,0,1,2320.0,1,0,0,0,2400.0,0.0,2400.0,2450.0,,0.0,-0.020408163182007496,,2333.3333333333335,2333.3333333333335,93.09493362512626,93.09493362512626,1.028571424163265,1.028571424163265,0,False,False,False,False,False,False,False,False,True,False,False,False,False,False,False,True,False,False,False
2026-06-05,Andhra Pradesh,Kakinada,Jaggampet,Paddy(Common),,,2369.0,2379.0,2379.0,4,6,23,340.8,44.2,52.55714285714286,0.5618374558303887,0,0.1,36.9,28.3,63.0,32.6,4.9,-1.6142857142857139,0,0,1,2320.0,1,0,0,0,2379.0,0.0,2379.0,2379.0,2379.0,0.0,0.0,0.0,2379.0,2379.0,0.0,0.0,0.9999999957965531,0.9999999957965531,0,True,False,False,False,False,False,False,False,False,False,False,False,False,True,False,False,False,False,False
2026-06-05,Andhra Pradesh,East Godavari,Kovvur,Paddy(Common),MTU-1010,Grade Range-2,2400.0,2400.0,2400.0,4,6,23,340.8,44.2,57.98333333333333,0.5618374558303887,0,0.1,36.9,28.3,63.0,32.6,4.9,1.9142857142857141,0,0,1,2320.0,1,0,0,0,2400.0,0.0,2400.0,2400.0,,0.0,0.0,,2400.0,2400.0,0.0,0.0,0.9999999958333333,0.9999999958333333,0,False,True,False,False,False,False,False,False,False,False,False,True,False,False,False,False,False,False,False
2026-06-05,Andhra Pradesh,Bapatla,Kuchinapudi,Paddy(Common),B P T,Local,2400.0,2500.0,2450.0,4,6,23,340.8,44.2,37.15,0.5618374558303887,0,0.1,36.9,28.3,63.0,32.6,4.7,1.9142857142857146,0,0,1,2320.0,1,0,0,0,2450.0,0.0,2450.0,2450.0,,0.0,0.0,,2450.0,2450.0,0.0,0.0,0.9999999959183673,0.9999999959183673,0,False,False,True,False,False,False,False,False,False,False,True,False,False,False,False,False,False,False,False
2026-06-05,Andhra Pradesh,NTR,Mylavaram,Paddy(Common),1001,FAQ,2369.0,2369.0,2369.0,4,6,23,340.8,44.2,52.55714285714286,0.5618374558303887,0,0.1,36.9,28.3,63.0,32.6,4.9,-1.0999999999999996,0,0,1,2320.0,1,0,0,0,2369.0,0.0,2369.0,2369.0,2369.0,0.0,0.0,0.0,2369.0,2369.0,0.0,0.0,0.9999999957788096,0.9999999957788096,0,False,False,False,True,False,False,False,False,False,False,False,False,False,False,False,True,False,False,False
2026-06-05,Andhra Pradesh,NTR,Nandigama,Paddy(Common),,,1820.0,1820.0,1820.0,4,6,23,340.8,44.2,57.98333333333333,0.5618374558303887,0,0.1,36.9,28.3,63.0,32.6,4.9,1.9142857142857141,0,0,1,2320.0,1,0,0,0,1820.0,0.0,1820.0,1800.0,,0.0,0.011111111049382717,,1806.6666666666667,1806.6666666666667,10.327955589886434,10.327955589886434,1.0073800682248335,1.0073800682248335,0,False,False,False,False,True,False,False,False,False,False,False,False,False,False,False,True,False,False,False
2026-06-05,Andhra Pradesh,Eluru,Polavaram,Paddy(Common),,,2369.0,2369.0,2369.0,4,6,23,340.8,44.2,52.55714285714286,0.5618374558303887,0,0.1,36.9,28.3,63.0,32.6,4.9,-1.057142857142857,0,0,1,2320.0,1,0,0,0,2380.0,0.004643309393654245,2369.0,2369.0,2369.0,0.0,0.0,0.0,2369.0,2369.0,0.0,0.0,0.9999999957788096,0.9999999957788096,0,False,False,False,False,False,True,False,False,False,False,False,False,True,False,False,False,False,False,False
2026-06-05,Andhra Pradesh,SPSR Nellore,Rapur,Paddy(Common),,,2370.0,2400.0,2385.0,4,6,23,340.8,44.2,52.55714285714286,0.5618374558303887,0,0.1,36.9,28.3,63.0,32.6,4.9,-1.6142857142857139,0,0,1,2320.0,1,0,0,0,2385.0,0.0,2385.0,2385.0,2385.0,0.0,0.0,0.0,2385.0,2386.0714285714284,0.0,2.8946711176183397,0.9999999958071278,0.9995509612352302,0,False,False,False,False,False,False,False,True,False,False,False,False,False,False,False,False,False,False,True
2026-06-05,Andhra Pradesh,NTR,Tiruvuru,Paddy(Common),,,2400.0,2400.0,2400.0,4,6,23,340.8,44.2,52.55714285714286,0.5618374558303887,0,0.1,36.9,28.3,63.0,32.6,4.9,1.9142857142857141,0,0,1,2320.0,1,0,0,0,2400.0,0.0,2400.0,2400.0,2250.0,0.0,0.0,0.06666666637037036,2342.8571428571427,2342.8571428571427,88.64052604279179,88.64052604279179,1.0243902395300417,1.0243902395300417,0,False,False,False,False,False,False,False,False,True,False,False,False,False,False,False,True,False,False,False
2026-06-06,Andhra Pradesh,Kakinada,Jaggampet,Paddy(Common),,,2369.0,2379.0,2379.0,5,6,23,163.7,340.8,98.38571428571429,6.710407239819005,0,1.2,37.4,28.5,66.0,32.95,5.0,-1.5142857142857142,0,0,1,2320.0,1,0,0,0,2379.0,0.0,2379.0,2379.0,2379.0,0.0,0.0,0.0,2379.0,2379.0,0.0,0.0,0.9999999957965531,0.9999999957965531,0,True,False,False,False,False,False,False,False,False,False,False,False,False,True,False,False,False,False,False
2026-06-06,Andhra Pradesh,East Godavari,Kovvur,Paddy(Common),MTU-1010,Grade Range-2,2400.0,2400.0,2400.0,5,6,23,163.7,340.8,98.38571428571429,6.710407239819005,0,1.2,37.4,28.5,66.0,32.95,5.0,2.014285714285714,0,0,1,2320.0,1,0,0,0,2400.0,0.0,2400.0,2400.0,2400.0,0.0,0.0,0.0,2400.0,2400.0,0.0,0.0,0.9999999958333333,0.9999999958333333,0,False,True,False,False,False,False,False,False,False,False,False,True,False,False,False,False,False,False,False
2026-06-06,Andhra Pradesh,Bapatla,Kuchinapudi,Paddy(Common),B P T,Local,2400.0,2500.0,2450.0,5,6,23,163.7,340.8,97.88,6.710407239819005,0,1.2,37.4,28.5,66.0,32.95,4.8,2.0142857142857142,0,0,1,2320.0,1,0,0,0,2450.0,0.0,2450.0,2450.0,,0.0,0.0,,2450.0,2450.0,0.0,0.0,0.9999999959183673,0.9999999959183673,0,False,False,True,False,False,False,False,False,False,False,True,False,False,False,False,False,False,False,False
2026-06-06,Andhra Pradesh,NTR,Mylavaram,Paddy(Common),,,2369.0,2369.0,2369.0,5,6,23,163.7,340.8,98.38571428571429,6.710407239819005,0,1.2,37.4,28.5,66.0,32.95,5.0,-1.0,0,0,1,2320.0,1,0,0,0,2369.0,0.0,2369.0,2369.0,2369.0,0.0,0.0,0.0,2369.0,2369.0,0.0,0.0,0.9999999957788096,0.9999999957788096,0,False,False,False,True,False,False,False,False,False,False,False,False,False,False,False,True,False,False,False
2026-06-06,Andhra Pradesh,NTR,Nandigama,Paddy(Common),,,1820.0,1820.0,1820.0,5,6,23,163.7,340.8,98.38571428571429,6.710407239819005,0,1.2,37.4,28.5,66.0,32.95,5.0,2.014285714285714,0,0,1,2320.0,1,0,0,0,1810.0,-0.0054945054643159045,1820.0,1820.0,1800.0,0.0,0.0,0.011111111049382717,1808.5714285714287,1808.5714285714287,10.690449676496948,10.690449676496948,1.0063191097596889,1.0063191097596889,0,False,False,False,False,True,False,False,False,False,False,False,False,False,False,False,True,False,False,False
2026-06-06,Andhra Pradesh,Eluru,Polavaram,Paddy(Common),1001,Local,2380.0,2380.0,2380.0,5,6,23,163.7,340.8,98.38571428571429,6.710407239819005,0,1.2,37.4,28.5,66.0,32.95,5.0,-0.9571428571428573,0,0,1,2320.0,1,0,0,0,2380.0,0.0,2369.0,2369.0,2369.0,0.004643309393654245,0.004643309393654245,0.004643309393654245,2369.0,2369.0,0.0,0.0,1.0046433051724637,1.0046433051724637,0,False,False,False,False,False,True,False,False,False,False,False,False,True,False,False,False,False,False,False
2026-06-06,Andhra Pradesh,SPSR Nellore,Rapur,Paddy(Common),,,2370.0,2400.0,2385.0,5,6,23,163.7,340.8,98.38571428571429,6.710407239819005,0,1.2,37.4,28.5,66.0,32.95,5.0,-1.5142857142857142,0,0,1,2320.0,1,0,0,0,2385.0,0.0,2385.0,2385.0,2385.0,0.0,0.0,0.0,2385.0,2385.714285714286,0.0,2.672612419134178,0.9999999958071278,0.9997005946120333,0,False,False,False,False,False,False,False,True,False,False,False,False,False,False,False,False,False,False,True
2026-06-06,Andhra Pradesh,NTR,Tiruvuru,Paddy(Common),Sona,Local,2400.0,2400.0,2400.0,5,6,23,163.7,340.8,98.38571428571429,6.710407239819005,0,1.2,37.4,28.5,66.0,32.95,5.0,2.014285714285714,0,0,1,2320.0,1,0,0,0,2400.0,0.0,2400.0,2400.0,2250.0,0.0,0.0,0.06666666637037036,2364.285714285714,2350.0,80.17837257372723,84.51542547285162,1.0151057358877702,1.0212765913988229,0,False,False,False,False,False,False,False,False,True,False,False,False,False,False,False,True,False,False,False
2026-06-07,Andhra Pradesh,Kakinada,Jaggampet,Paddy(Common),,,2369.0,2379.0,2379.0,6,6,23,1.1,163.7,93.74285714285715,-0.5196596244131456,1,2.0,37.8,29.4,67.0,33.599999999999994,6.2,-0.31428571428571406,0,0,1,2320.0,1,0,0,0,2379.0,0.0,2379.0,2379.0,2379.0,0.0,0.0,0.0,2379.0,2379.0,0.0,0.0,0.9999999957965531,0.9999999957965531,0,True,False,False,False,False,False,False,False,False,False,False,False,False,True,False,False,False,False,False
2026-06-07,Andhra Pradesh,East Godavari,Kovvur,Paddy(Common),,,2400.0,2400.0,2400.0,6,6,23,1.1,163.7,93.74285714285715,-0.5196596244131456,1,2.0,37.8,29.4,67.0,33.599999999999994,6.2,3.214285714285714,0,0,1,2320.0,1,0,0,0,2400.0,0.0,2400.0,2400.0,2400.0,0.0,0.0,0.0,2400.0,2400.0,0.0,0.0,0.9999999958333333,0.9999999958333333,0,False,True,False,False,False,False,False,False,False,False,False,True,False,False,False,False,False,False,False
2026-06-07,Andhra Pradesh,Bapatla,Kuchinapudi,Paddy(Common),,,2400.0,2500.0,2450.0,6,6,23,1.1,163.7,108.85000000000001,-0.5196596244131456,1,2.0,37.8,29.4,67.0,33.599999999999994,6.0,3.2142857142857144,0,0,1,2320.0,1,0,0,0,2450.0,0.0,2450.0,2450.0,,0.0,0.0,,2450.0,2450.0,0.0,0.0,0.9999999959183673,0.9999999959183673,0,False,False,True,False,False,False,False,False,False,False,True,False,False,False,False,False,False,False,False
2026-06-07,Andhra Pradesh,NTR,Mylavaram,Paddy(Common),,,2369.0,2369.0,2369.0,6,6,23,1.1,163.7,93.74285714285715,-0.5196596244131456,1,2.0,37.8,29.4,67.0,33.599999999999994,6.2,0.20000000000000018,0,0,1,2320.0,1,0,0,0,2369.0,0.0,2369.0,2369.0,2369.0,0.0,0.0,0.0,2369.0,2369.0,0.0,0.0,0.9999999957788096,0.9999999957788096,0,False,False,False,True,False,False,False,False,False,False,False,False,False,False,False,True,False,False,False
2026-06-07,Andhra Pradesh,NTR,Nandigama,Paddy(Common),B P T,Grade Range-1,1810.0,1810.0,1810.0,6,6,23,1.1,163.7,93.74285714285715,-0.5196596244131456,1,2.0,37.8,29.4,67.0,33.599999999999994,6.2,3.214285714285714,0,0,1,2320.0,1,0,0,0,1820.0,0.0055248618479289404,1820.0,1820.0,1800.0,-0.0054945054643159045,-0.0054945054643159045,0.005555555524691358,1811.4285714285713,1810.0,10.690449676496948,10.690449676496947,0.999211350950726,0.9999999944751382,0,False,False,False,False,True,False,False,False,False,False,False,False,False,False,False,True,False,False,False
2026-06-07,Andhra Pradesh,Eluru,Polavaram,Paddy(Common),,,2380.0,2380.0,2380.0,6,6,23,1.1,163.7,93.74285714285715,-0.5196596244131456,1,2.0,37.8,29.4,67.0,33.599999999999994,6.2,0.24285714285714288,0,0,1,2320.0,1,0,0,0,2380.0,0.0,2380.0,2369.0,2369.0,0.0,0.004643309393654245,0.004643309393654245,2370.5714285714284,2370.1,4.157609203101528,3.4785054261852335,1.0039773369724951,1.0041770347066492,0,False,False,False,False,False,True,False,False,False,False,False,False,True,False,False,False,False,False,False
2026-06-07,Andhra Pradesh,SPSR Nellore,Rapur,Paddy(Common),,,2370.0,2400.0,2385.0,6,6,23,1.1,163.7,93.74285714285715,-0.5196596244131456,1,2.0,37.8,29.4,67.0,33.599999999999994,6.2,-0.31428571428571406,0,0,1,2320.0,1,0,0,0,2385.0,0.0,2385.0,2385.0,2385.0,0.0,0.0,0.0,2385.0,2385.3571428571427,0.0,2.3731557327577977,0.9999999958071278,0.9998502727959563,0,False,False,False,False,False,False,False,True,False,False,False,False,False,False,False,False,False,False,True
2026-06-07,Andhra Pradesh,NTR,Tiruvuru,Paddy(Common),,,2400.0,2400.0,2400.0,6,6,23,1.1,163.7,93.74285714285715,-0.5196596244131456,1,2.0,37.8,29.4,67.0,33.599999999999994,6.2,3.214285714285714,0,0,1,2320.0,1,0,0,0,2450.0,0.020833333246527776,2400.0,2400.0,2250.0,0.0,0.0,0.06666666637037036,2385.714285714286,2355.5555555555557,62.67831705280083,80.79466429027211,1.0059880197353794,1.0188679202029192,0,False,False,False,False,False,False,False,False,True,False,False,False,False,False,False,True,False,False,False
2026-06-08,Andhra Pradesh,Kakinada,Jaggampet,Paddy(Common),,,2369.0,2379.0,2379.0,0,6,24,407.6,1.1,93.45714285714284,-0.9932803909590715,0,5.0,35.4,26.7,66.0,31.049999999999997,8.0,-8.428571428571427,0,0,1,2320.0,1,0,0,0,2379.0,0.0,2379.0,2379.0,2379.0,0.0,0.0,0.0,2379.0,2379.0,0.0,0.0,0.9999999957965531,0.9999999957965531,0,True,False,False,False,False,False,False,False,False,False,False,False,False,True,False,False,False,False,False
2026-06-08,Andhra Pradesh,East Godavari,Kovvur,Paddy(Common),,,2400.0,2400.0,2400.0,0,6,24,407.6,1.1,93.45714285714284,-0.9932803909590715,0,5.0,35.4,26.7,66.0,31.049999999999997,8.0,-8.428571428571427,0,0,1,2320.0,1,0,0,0,2400.0,0.0,2400.0,2400.0,2400.0,0.0,0.0,0.0,2400.0,2400.0,0.0,0.0,0.9999999958333333,0.9999999958333333,0,False,True,False,False,False,False,False,False,False,False,False,True,False,False,False,False,False,False,False
2026-06-08,Andhra Pradesh,Bapatla,Kuchinapudi,Paddy(Common),B P T,Local,2400.0,2500.0,2450.0,0,6,24,407.6,1.1,93.45714285714287,-0.9932803909590715,0,5.0,35.4,26.7,66.0,31.049999999999997,8.0,-8.428571428571427,0,0,1,2320.0,1,0,0,0,2450.0,0.0,2450.0,2450.0,2450.0,0.0,0.0,0.0,2450.0,2450.0,0.0,0.0,0.9999999959183673,0.9999999959183673,0,False,False,True,False,False,False,False,False,False,False,True,False,False,False,False,False,False,False,False
2026-06-08,Andhra Pradesh,NTR,Mylavaram,Paddy(Common),1001,FAQ,2369.0,2369.0,2369.0,0,6,24,407.6,1.1,93.45714285714284,-0.9932803909590715,0,5.0,35.4,26.7,66.0,31.049999999999997,8.0,-8.428571428571427,0,0,1,2320.0,1,0,0,0,2369.0,0.0,2369.0,2369.0,2369.0,0.0,0.0,0.0,2369.0,2369.0,0.0,0.0,0.9999999957788096,0.9999999957788096,0,False,False,False,True,False,False,False,False,False,False,False,False,False,False,False,True,False,False,False
2026-06-08,Andhra Pradesh,NTR,Nandigama,Paddy(Common),B P T,Grade Range-1,1820.0,1820.0,1820.0,0,6,24,407.6,1.1,93.45714285714284,-0.9932803909590715,0,5.0,35.4,26.7,66.0,31.049999999999997,8.0,-8.428571428571427,0,0,1,2320.0,1,0,0,0,1820.0,0.0,1810.0,1820.0,1800.0,0.0055248618479289404,0.0,0.011111111049382717,1812.857142857143,1810.0,9.511897312113406,9.999999999999973,1.0039401047852003,1.0055248563230672,0,False,False,False,False,True,False,False,False,False,False,False,False,False,False,False,True,False,False,False
2026-06-08,Andhra Pradesh,Eluru,Polavaram,Paddy(Common),1001,Local,2380.0,2380.0,2380.0,0,6,24,407.6,1.1,93.45714285714284,-0.9932803909590715,0,5.0,35.4,26.7,66.0,31.049999999999997,8.0,-8.428571428571427,0,0,1,2320.0,1,0,0,0,2389.0,0.003781512589153308,2380.0,2369.0,2369.0,0.0,0.004643309393654245,0.004643309393654245,2372.1428571428573,2371.0,5.36745040121704,4.449719092257419,1.0033122511152146,1.0037958624892624,0,False,False,False,False,False,True,False,False,False,False,False,False,True,False,False,False,False,False,False
2026-06-08,Andhra Pradesh,SPSR Nellore,Rapur,Paddy(Common),,,2370.0,2400.0,2385.0,0,6,24,407.6,1.1,93.45714285714284,-0.9932803909590715,0,5.0,35.4,26.7,66.0,31.049999999999997,8.0,-8.428571428571427,0,0,1,2320.0,1,0,0,0,2385.0,0.0,2385.0,2385.0,2385.0,0.0,0.0,0.0,2385.0,2385.0,0.0,1.9611613513953507,0.9999999958071278,0.9999999958071278,0,False,False,False,False,False,False,False,True,False,False,False,False,False,False,False,False,False,False,True
2026-06-08,Andhra Pradesh,NTR,Tiruvuru,Paddy(Common),Sona,Local,2450.0,2450.0,2450.0,0,6,24,407.6,1.1,93.45714285714284,-0.9932803909590715,0,5.0,35.4,26.7,66.0,31.049999999999997,8.0,-8.428571428571427,0,0,1,2320.0,1,0,0,0,2400.0,-0.020408163182007496,2400.0,2400.0,2450.0,0.020833333246527776,0.020833333246527776,0.0,2407.1428571428573,2360.0,18.898223650461656,77.4596669241483,1.017804150074404,1.0381355888214592,0,False,False,False,False,False,False,False,False,True,False,False,False,False,False,False,True,False,False,False
2026-06-09,Andhra Pradesh,Kakinada,Jaggampet,Paddy(Common),,,2369.0,2379.0,2379.0,1,6,24,445.1,407.6,147.57142857142858,369.54545454545456,0,1.1,36.2,28.1,60.0,32.150000000000006,13.0,-3.428571428571427,0,0,1,2320.0,1,0,0,0,2379.0,0.0,2379.0,2379.0,2379.0,0.0,0.0,0.0,2379.0,2379.0,0.0,0.0,0.9999999957965531,0.9999999957965531,0,True,False,False,False,False,False,False,False,False,False,False,False,False,True,False,False,False,False,False
2026-06-09,Andhra Pradesh,East Godavari,Kovvur,Paddy(Common),MTU-1010,Grade Range-2,2400.0,2400.0,2400.0,1,6,24,445.1,407.6,147.57142857142858,369.54545454545456,0,1.1,36.2,28.1,60.0,32.150000000000006,13.0,-3.428571428571427,0,0,1,2320.0,1,0,0,0,2400.0,0.0,2400.0,2400.0,2400.0,0.0,0.0,0.0,2400.0,2400.0,0.0,0.0,0.9999999958333333,0.9999999958333333,0,False,True,False,False,False,False,False,False,False,False,False,True,False,False,False,False,False,False,False
2026-06-09,Andhra Pradesh,Bapatla,Kuchinapudi,Paddy(Common),B P T,Local,2400.0,2500.0,2450.0,1,6,24,445.1,407.6,147.57142857142858,369.54545454545456,0,1.1,36.2,28.1,60.0,32.150000000000006,13.0,-3.428571428571427,0,0,1,2320.0,1,0,0,0,2450.0,0.0,2450.0,2450.0,2450.0,0.0,0.0,0.0,2450.0,2450.0,0.0,0.0,0.9999999959183673,0.9999999959183673,0,False,False,True,False,False,False,False,False,False,False,True,False,False,False,False,False,False,False,False
2026-06-09,Andhra Pradesh,NTR,Mylavaram,Paddy(Common),1001,FAQ,2369.0,2369.0,2369.0,1,6,24,445.1,407.6,147.57142857142858,369.54545454545456,0,1.1,36.2,28.1,60.0,32.150000000000006,13.0,-3.428571428571427,0,0,1,2320.0,1,0,0,0,2369.0,0.0,2369.0,2369.0,2369.0,0.0,0.0,0.0,2369.0,2369.0,0.0,0.0,0.9999999957788096,0.9999999957788096,0,False,False,False,True,False,False,False,False,False,False,False,False,False,False,False,True,False,False,False
2026-06-09,Andhra Pradesh,NTR,Nandigama,Paddy(Common),,,1820.0,1820.0,1820.0,1,6,24,445.1,407.6,147.57142857142858,369.54545454545456,0,1.1,36.2,28.1,60.0,32.150000000000006,13.0,-3.428571428571427,0,0,1,2320.0,1,0,0,0,1820.0,0.0,1820.0,1820.0,1800.0,0.0,0.0,0.011111111049382717,1815.7142857142858,1811.0,7.867957924694409,9.944289260117507,1.002360340663633,1.0049696244894002,0,False,False,False,False,True,False,False,False,False,False,False,False,False,False,False,True,False,False,False
2026-06-09,Andhra Pradesh,Eluru,Polavaram,Paddy(Common),1001,Local,2389.0,2389.0,2389.0,1,6,24,445.1,407.6,147.57142857142858,369.54545454545456,0,1.1,36.2,28.1,60.0,32.150000000000006,13.0,-3.428571428571427,0,0,1,2320.0,1,0,0,0,2389.0,0.0,2380.0,2380.0,2369.0,0.003781512589153308,0.003781512589153308,0.00844238071573499,2373.714285714286,2371.75,5.879747322073461,4.974937185533117,1.0064395720720527,1.0072731063254006,0,False,False,False,False,False,True,False,False,False,False,False,False,True,False,False,False,False,False,False
2026-06-09,Andhra Pradesh,SPSR Nellore,Rapur,Paddy(Common),,,2370.0,2400.0,2385.0,1,6,24,445.1,407.6,147.57142857142858,369.54545454545456,0,1.1,36.2,28.1,60.0,32.150000000000006,13.0,-3.428571428571427,0,0,1,2320.0,1,0,0,0,2385.0,0.0,2385.0,2385.0,2385.0,0.0,0.0,0.0,2385.0,2384.6428571428573,0.0,1.3363062095819662,0.9999999958071278,1.000149763665689,0,False,False,False,False,False,False,False,True,False,False,False,False,False,False,False,False,False,False,True
2026-06-09,Andhra Pradesh,NTR,Tiruvuru,Paddy(Common),Sona,Local,2400.0,2400.0,2400.0,1,6,24,445.1,407.6,147.57142857142858,369.54545454545456,0,1.1,36.2,28.1,60.0,32.150000000000006,13.0,-3.428571428571427,0,0,1,2320.0,1,0,0,0,2400.0,0.0,2450.0,2400.0,2400.0,-0.020408163182007496,0.0,0.0,2407.1428571428573,2368.181818181818,18.898223650461656,78.334945180064,0.9970326368075794,1.0134356962964328,0,False,False,False,False,False,False,False,False,True,False,False,False,False,False,False,True,False,False,False
2026-06-10,Andhra Pradesh,Kakinada,Jaggampet,Paddy(Common),,,2369.0,2379.0,2379.0,2,6,24,451.7,445.1,204.4,0.09200196270853778,0,3.0,38.3,27.7,64.0,33.0,12.1,-4.328571428571427,0,0,1,2320.0,1,0,0,0,2379.0,0.0,2379.0,2379.0,2379.0,0.0,0.0,0.0,2379.0,2379.0,0.0,0.0,0.9999999957965531,0.9999999957965531,0,True,False,False,False,False,False,False,False,False,False,False,False,False,True,False,False,False,False,False
2026-06-10,Andhra Pradesh,East Godavari,Kovvur,Paddy(Common),MTU-1010,Grade Range-2,2400.0,2400.0,2400.0,2,6,24,451.7,445.1,204.4,0.09200196270853778,0,3.0,38.3,27.7,64.0,33.0,12.1,-4.328571428571427,0,0,1,2320.0,1,0,0,0,2400.0,0.0,2400.0,2400.0,2400.0,0.0,0.0,0.0,2400.0,2400.0,0.0,0.0,0.9999999958333333,0.9999999958333333,0,False,True,False,False,False,False,False,False,False,False,False,True,False,False,False,False,False,False,False
2026-06-10,Andhra Pradesh,Bapatla,Kuchinapudi,Paddy(Common),,,2400.0,2500.0,2450.0,2,6,24,451.7,445.1,204.40000000000003,0.09200196270853778,0,3.0,38.3,27.7,64.0,33.0,12.1,-4.328571428571427,0,0,1,2320.0,1,0,0,0,2450.0,0.0,2450.0,2450.0,2450.0,0.0,0.0,0.0,2450.0,2450.0,0.0,0.0,0.9999999959183673,0.9999999959183673,0,False,False,True,False,False,False,False,False,False,False,True,False,False,False,False,False,False,False,False
2026-06-10,Andhra Pradesh,NTR,Mylavaram,Paddy(Common),1001,FAQ,2369.0,2369.0,2369.0,2,6,24,451.7,445.1,204.4,0.09200196270853778,0,3.0,38.3,27.7,64.0,33.0,12.1,-4.328571428571427,0,0,1,2320.0,1,0,0,0,2369.0,0.0,2369.0,2369.0,2369.0,0.0,0.0,0.0,2369.0,2369.0,0.0,0.0,0.9999999957788096,0.9999999957788096,0,False,False,False,True,False,False,False,False,False,False,False,False,False,False,False,True,False,False,False
2026-06-10,Andhra Pradesh,NTR,Nandigama,Paddy(Common),,,1820.0,1820.0,1820.0,2,6,24,451.7,445.1,204.4,0.09200196270853778,0,3.0,38.3,27.7,64.0,33.0,12.1,-4.328571428571427,0,0,1,2320.0,1,0,0,0,1820.0,0.0,1820.0,1810.0,1820.0,0.0,0.0055248618479289404,0.0,1818.5714285714287,1811.8181818181818,3.779644730092138,9.81649817214041,1.000785540451297,1.0045157997743734,0,False,False,False,False,True,False,False,False,False,False,False,False,False,False,False,True,False,False,False
2026-06-10,Andhra Pradesh,Eluru,Polavaram,Paddy(Common),1001,Local,2389.0,2389.0,2389.0,2,6,24,451.7,445.1,204.4,0.09200196270853778,0,3.0,38.3,27.7,64.0,33.0,12.1,-4.328571428571427,0,0,1,2320.0,1,0,0,0,2389.0,0.0,2389.0,2380.0,2369.0,0.0,0.003781512589153308,0.00844238071573499,2376.5714285714284,2373.076923076923,7.764387566686507,6.75106829153161,1.0052296182756628,1.0067098823055987,0,False,False,False,False,False,True,False,False,False,False,False,False,True,False,False,False,False,False,False
2026-06-10,Andhra Pradesh,SPSR Nellore,Rapur,Paddy(Common),,,2370.0,2400.0,2385.0,2,6,24,451.7,445.1,204.4,0.09200196270853778,0,3.0,38.3,27.7,64.0,33.0,12.1,-4.328571428571427,0,0,1,2320.0,1,0,0,0,2385.0,0.0,2385.0,2385.0,2385.0,0.0,0.0,0.0,2385.0,2385.0,0.0,0.0,0.9999999958071278,0.9999999958071278,0,False,False,False,False,False,False,False,True,False,False,False,False,False,False,False,False,False,False,True
2026-06-10,Andhra Pradesh,NTR,Tiruvuru,Paddy(Common),Sona,Local,2400.0,2400.0,2400.0,2,6,24,451.7,445.1,204.4,0.09200196270853778,0,3.0,38.3,27.7,64.0,33.0,12.1,-4.328571428571427,0,0,1,2320.0,1,0,0,0,2450.0,0.020833333246527776,2400.0,2400.0,2400.0,0.0,0.0,0.0,2407.1428571428573,2370.8333333333335,18.898223650461656,75.2521015512443,0.9970326368075794,1.012302280440201,0,False,False,False,False,False,False,False,False,True,False,False,False,False,False,False,True,False,False,False
2026-06-11,Andhra Pradesh,Kakinada,Jaggampet,Paddy(Common),,,2369.0,2379.0,2379.0,3,6,24,311.5,451.7,264.8857142857143,0.014828128510447014,0,0.8,34.6,27.1,72.0,30.85,15.1,-1.3285714285714274,0,0,1,2320.0,1,0,0,0,2379.0,0.0,2379.0,2379.0,2379.0,0.0,0.0,0.0,2379.0,2379.0,0.0,0.0,0.9999999957965531,0.9999999957965531,0,True,False,False,False,False,False,False,False,False,False,False,False,False,True,False,False,False,False,False
2026-06-11,Andhra Pradesh,East Godavari,Kovvur,Paddy(Common),MTU-1010,Grade Range-2,2400.0,2400.0,2400.0,3,6,24,311.5,451.7,264.8857142857143,0.014828128510447014,0,0.8,34.6,27.1,72.0,30.85,15.1,-1.3285714285714274,0,0,1,2320.0,1,0,0,0,2400.0,0.0,2400.0,2400.0,2400.0,0.0,0.0,0.0,2400.0,2400.0,0.0,0.0,0.9999999958333333,0.9999999958333333,0,False,True,False,False,False,False,False,False,False,False,False,True,False,False,False,False,False,False,False
2026-06-11,Andhra Pradesh,Bapatla,Kuchinapudi,Paddy(Common),B P T,Local,2400.0,2500.0,2450.0,3,6,24,311.5,451.7,264.8857142857143,0.014828128510447014,0,0.8,34.6,27.1,72.0,30.85,15.1,-1.3285714285714274,0,0,1,2320.0,1,0,0,0,2450.0,0.0,2450.0,2450.0,2450.0,0.0,0.0,0.0,2450.0,2450.0,0.0,0.0,0.9999999959183673,0.9999999959183673,0,False,False,True,False,False,False,False,False,False,False,True,False,False,False,False,False,False,False,False
2026-06-11,Andhra Pradesh,NTR,Mylavaram,Paddy(Common),1001,FAQ,2369.0,2369.0,2369.0,3,6,24,311.5,451.7,264.8857142857143,0.014828128510447014,0,0.8,34.6,27.1,72.0,30.85,15.1,-1.3285714285714274,0,0,1,2320.0,1,0,0,0,2369.0,0.0,2369.0,2369.0,2369.0,0.0,0.0,0.0,2369.0,2369.0,0.0,0.0,0.9999999957788096,0.9999999957788096,0,False,False,False,True,False,False,False,False,False,False,False,False,False,False,False,True,False,False,False
2026-06-11,Andhra Pradesh,NTR,Nandigama,Paddy(Common),,,1820.0,1820.0,1820.0,3,6,24,311.5,451.7,264.8857142857143,0.014828128510447014,0,0.8,34.6,27.1,72.0,30.85,15.1,-1.3285714285714274,0,0,1,2320.0,1,0,0,0,1810.0,-0.0054945054643159045,1820.0,1820.0,1820.0,0.0,0.0,0.0,1818.5714285714287,1812.5,3.779644730092138,9.653072991634213,1.000785540451297,1.0041379254944114,0,False,False,False,False,True,False,False,False,False,False,False,False,False,False,False,True,False,False,False
2026-06-11,Andhra Pradesh,Eluru,Polavaram,Paddy(Common),1001,Local,2389.0,2389.0,2389.0,3,6,24,311.5,451.7,264.8857142857143,0.014828128510447014,0,0.8,34.6,27.1,72.0,30.85,15.1,-1.3285714285714274,0,0,1,2320.0,1,0,0,0,2389.0,0.0,2389.0,2380.0,2369.0,0.0,0.003781512589153308,0.00844238071573499,2379.4285714285716,2374.214285714286,8.182443458551017,7.757661933941168,1.004022570228051,1.0062276199382691,0,False,False,False,False,False,True,False,False,False,False,False,False,True,False,False,False,False,False,False
2026-06-11,Andhra Pradesh,SPSR Nellore,Rapur,Paddy(Common),,,2370.0,2400.0,2385.0,3,6,24,311.5,451.7,264.8857142857143,0.014828128510447014,0,0.8,34.6,27.1,72.0,30.85,15.1,-1.3285714285714274,0,0,1,2320.0,1,0,0,0,2385.0,0.0,2385.0,2385.0,2385.0,0.0,0.0,0.0,2385.0,2385.0,0.0,0.0,0.9999999958071278,0.9999999958071278,0,False,False,False,False,False,False,False,True,False,False,False,False,False,False,False,False,False,False,True
2026-06-11,Andhra Pradesh,NTR,Tiruvuru,Paddy(Common),Sona,Local,2450.0,2450.0,2450.0,3,6,24,311.5,451.7,264.8857142857143,0.014828128510447014,0,0.8,34.6,27.1,72.0,30.85,15.1,-1.3285714285714274,0,0,1,2320.0,1,0,0,0,2450.0,0.0,2400.0,2450.0,2400.0,0.020833333246527776,0.0,0.020833333246527776,2407.1428571428573,2373.076923076923,18.898223650461656,72.50110520819841,1.017804150074404,1.0324149065084622,0,False,False,False,False,False,False,False,False,True,False,False,False,False,False,False,True,False,False,False
2026-06-12,Andhra Pradesh,Kakinada,Jaggampet,Paddy(Common),,,2369.0,2379.0,2379.0,4,6,24,483.5,311.5,303.07142857142856,-0.3103829975647554,0,12.7,34.9,25.7,70.0,30.299999999999997,13.2,-3.2285714285714278,0,0,1,2320.0,1,0,0,0,2379.0,0.0,2379.0,2379.0,2379.0,0.0,0.0,0.0,2379.0,2379.0,0.0,0.0,0.9999999957965531,0.9999999957965531,0,True,False,False,False,False,False,False,False,False,False,False,False,False,True,False,False,False,False,False
2026-06-12,Andhra Pradesh,East Godavari,Kovvur,Paddy(Common),MTU-1010,Grade Range-2,2400.0,2400.0,2400.0,4,6,24,483.5,311.5,303.07142857142856,-0.3103829975647554,0,12.7,34.9,25.7,70.0,30.299999999999997,13.2,-3.2285714285714278,0,0,1,2320.0,1,0,0,0,2400.0,0.0,2400.0,2400.0,2400.0,0.0,0.0,0.0,2400.0,2400.0,0.0,0.0,0.9999999958333333,0.9999999958333333,0,False,True,False,False,False,False,False,False,False,False,False,True,False,False,False,False,False,False,False
2026-06-12,Andhra Pradesh,Bapatla,Kuchinapudi,Paddy(Common),B P T,Local,2400.0,2500.0,2450.0,4,6,24,483.5,311.5,303.07142857142856,-0.3103829975647554,0,12.7,34.9,25.7,70.0,30.299999999999997,13.2,-3.2285714285714278,0,0,1,2320.0,1,0,0,0,2450.0,0.0,2450.0,2450.0,2450.0,0.0,0.0,0.0,2450.0,2450.0,0.0,0.0,0.9999999959183673,0.9999999959183673,0,False,False,True,False,False,False,False,False,False,False,True,False,False,False,False,False,False,False,False
2026-06-12,Andhra Pradesh,NTR,Mylavaram,Paddy(Common),1001,FAQ,2369.0,2369.0,2369.0,4,6,24,483.5,311.5,303.07142857142856,-0.3103829975647554,0,12.7,34.9,25.7,70.0,30.299999999999997,13.2,-3.2285714285714278,0,0,1,2320.0,1,0,0,0,2369.0,0.0,2369.0,2369.0,2369.0,0.0,0.0,0.0,2369.0,2369.0,0.0,0.0,0.9999999957788096,0.9999999957788096,0,False,False,False,True,False,False,False,False,False,False,False,False,False,False,False,True,False,False,False
2026-06-12,Andhra Pradesh,NTR,Nandigama,Paddy(Common),B P T,Grade Range-1,1810.0,1810.0,1810.0,4,6,24,483.5,311.5,303.07142857142856,-0.3103829975647554,0,12.7,34.9,25.7,70.0,30.299999999999997,13.2,-3.2285714285714278,0,0,1,2320.0,1,0,0,0,1810.0,0.0,1820.0,1820.0,1820.0,-0.0054945054643159045,-0.0054945054643159045,-0.0054945054643159045,1818.5714285714287,1813.076923076923,3.779644730092138,9.473309334313402,0.9952867188004658,0.9983029219440229,0,False,False,False,False,True,False,False,False,False,False,False,False,False,False,False,True,False,False,False
2026-06-12,Andhra Pradesh,Eluru,Polavaram,Paddy(Common),1001,Local,2389.0,2389.0,2389.0,4,6,24,483.5,311.5,303.07142857142856,-0.3103829975647554,0,12.7,34.9,25.7,70.0,30.299999999999997,13.2,-3.2285714285714278,0,0,1,2320.0,1,0,0,0,2389.0,0.0,2389.0,2389.0,2369.0,0.0,0.0,0.00844238071573499,2382.285714285714,2375.6428571428573,7.387247699342092,8.526945010306637,1.0028184174743768,1.005622534027266,0,False,False,False,False,False,True,False,False,False,False,False,False,True,False,False,False,False,False,False
2026-06-12,Andhra Pradesh,SPSR Nellore,Rapur,Paddy(Common),,,2370.0,2400.0,2385.0,4,6,24,483.5,311.5,303.07142857142856,-0.3103829975647554,0,12.7,34.9,25.7,70.0,30.299999999999997,13.2,-3.2285714285714278,0,0,1,2320.0,1,0,0,0,2385.0,0.0,2385.0,2385.0,2385.0,0.0,0.0,0.0,2385.0,2385.0,0.0,0.0,0.9999999958071278,0.9999999958071278,0,False,False,False,False,False,False,False,True,False,False,False,False,False,False,False,False,False,False,True
2026-06-12,Andhra Pradesh,NTR,Tiruvuru,Paddy(Common),Sona,Local,2450.0,2450.0,2450.0,4,6,24,483.5,311.5,303.07142857142856,-0.3103829975647554,0,12.7,34.9,25.7,70.0,30.299999999999997,13.2,-3.2285714285714278,0,0,1,2320.0,1,0,0,0,2450.0,0.0,2450.0,2400.0,2400.0,0.0,0.020833333246527776,0.020833333246527776,2414.285714285714,2378.5714285714284,24.39750182371362,72.62730392025628,1.0147928952049998,1.0300300256995734,0,False,False,False,False,False,False,False,False,True,False,False,False,False,False,False,True,False,False,False
2026-06-13,Andhra Pradesh,Kakinada,Jaggampet,Paddy(Common),,,2369.0,2379.0,2379.0,5,6,24,48.4,483.5,323.45714285714286,0.552166934189406,0,3.2,32.1,26.0,76.0,29.05,25.799999999999997,9.37142857142857,0,0,1,2320.0,1,0,0,0,2379.0,0.0,2379.0,2379.0,2379.0,0.0,0.0,0.0,2379.0,2379.0,0.0,0.0,0.9999999957965531,0.9999999957965531,0,True,False,False,False,False,False,False,False,False,False,False,False,False,True,False,False,False,False,False
2026-06-13,Andhra Pradesh,East Godavari,Kovvur,Paddy(Common),,,2400.0,2400.0,2400.0,5,6,24,48.4,483.5,323.45714285714286,0.552166934189406,0,3.2,32.1,26.0,76.0,29.05,25.799999999999997,9.37142857142857,0,0,1,2320.0,1,0,0,0,2400.0,0.0,2400.0,2400.0,2400.0,0.0,0.0,0.0,2400.0,2400.0,0.0,0.0,0.9999999958333333,0.9999999958333333,0,False,True,False,False,False,False,False,False,False,False,False,True,False,False,False,False,False,False,False
2026-06-13,Andhra Pradesh,Bapatla,Kuchinapudi,Paddy(Common),,,2400.0,2500.0,2450.0,5,6,24,48.4,483.5,323.4571428571429,0.552166934189406,0,3.2,32.1,26.0,76.0,29.05,25.799999999999997,9.37142857142857,0,0,1,2320.0,1,0,0,0,2450.0,0.0,2450.0,2450.0,2450.0,0.0,0.0,0.0,2450.0,2450.0,0.0,0.0,0.9999999959183673,0.9999999959183673,0,False,False,True,False,False,False,False,False,False,False,True,False,False,False,False,False,False,False,False
2026-06-13,Andhra Pradesh,NTR,Mylavaram,Paddy(Common),,,2369.0,2369.0,2369.0,5,6,24,48.4,483.5,323.45714285714286,0.552166934189406,0,3.2,32.1,26.0,76.0,29.05,25.799999999999997,9.37142857142857,0,0,1,2320.0,1,0,0,0,2369.0,0.0,2369.0,2369.0,2369.0,0.0,0.0,0.0,2369.0,2369.0,0.0,0.0,0.9999999957788096,0.9999999957788096,0,False,False,False,True,False,False,False,False,False,False,False,False,False,False,False,True,False,False,False
2026-06-13,Andhra Pradesh,NTR,Nandigama,Paddy(Common),,,1810.0,1810.0,1810.0,5,6,24,48.4,483.5,323.45714285714286,0.552166934189406,0,3.2,32.1,26.0,76.0,29.05,25.799999999999997,9.37142857142857,0,0,1,2320.0,1,0,0,0,1850.0,0.022099447391715762,1810.0,1820.0,1820.0,0.0,-0.0054945054643159045,-0.0054945054643159045,1817.142857142857,1812.857142857143,4.879500364742615,9.13873533463374,0.9960691769084243,0.9984239503633037,0,False,False,False,False,True,False,False,False,False,False,False,False,False,False,False,True,False,False,False
2026-06-13,Andhra Pradesh,Eluru,Polavaram,Paddy(Common),,,2389.0,2389.0,2389.0,5,6,24,48.4,483.5,323.45714285714286,0.552166934189406,0,3.2,32.1,26.0,76.0,29.05,25.799999999999997,9.37142857142857,0,0,1,2320.0,1,0,0,0,2389.0,0.0,2389.0,2389.0,2380.0,0.0,0.0,0.003781512589153308,2385.1428571428573,2377.0714285714284,4.810702354424605,8.991143383389161,1.0016171496098945,1.0050181754048335,0,False,False,False,False,False,True,False,False,False,False,False,False,True,False,False,False,False,False,False
2026-06-13,Andhra Pradesh,SPSR Nellore,Rapur,Paddy(Common),,,2370.0,2400.0,2385.0,5,6,24,48.4,483.5,323.45714285714286,0.552166934189406,0,3.2,32.1,26.0,76.0,29.05,25.799999999999997,9.37142857142857,0,0,1,2320.0,1,0,0,0,2385.0,0.0,2385.0,2385.0,2385.0,0.0,0.0,0.0,2385.0,2385.0,0.0,0.0,0.9999999958071278,0.9999999958071278,0,False,False,False,False,False,False,False,True,False,False,False,False,False,False,False,False,False,False,True
2026-06-13,Andhra Pradesh,NTR,Tiruvuru,Paddy(Common),,,2450.0,2450.0,2450.0,5,6,24,48.4,483.5,323.45714285714286,0.552166934189406,0,3.2,32.1,26.0,76.0,29.05,25.799999999999997,9.37142857142857,0,0,1,2320.0,1,0,0,0,2450.0,0.0,2450.0,2400.0,2400.0,0.0,0.020833333246527776,0.020833333246527776,2421.4285714285716,2392.8571428571427,26.72612419124276,64.62061726588645,1.0117994058509758,1.0238805927360215,0,False,False,False,False,False,False,False,False,True,False,False,False,False,False,False,True,False,False,False
2026-06-14,Andhra Pradesh,Kakinada,Jaggampet,Paddy(Common),,,2369.0,2379.0,2379.0,6,6,24,34.3,48.4,306.9857142857143,-0.8998965873836609,1,0.1,34.3,27.6,68.0,30.95,27.8,11.371428571428574,0,0,1,2320.0,1,0,0,0,2379.0,0.0,2379.0,2379.0,2379.0,0.0,0.0,0.0,2379.0,2379.0,0.0,0.0,0.9999999957965531,0.9999999957965531,0,True,False,False,False,False,False,False,False,False,False,False,False,False,True,False,False,False,False,False
2026-06-14,Andhra Pradesh,East Godavari,Kovvur,Paddy(Common),,,2400.0,2400.0,2400.0,6,6,24,34.3,48.4,306.9857142857143,-0.8998965873836609,1,0.1,34.3,27.6,68.0,30.95,27.8,11.371428571428574,0,0,1,2320.0,1,0,0,0,2400.0,0.0,2400.0,2400.0,2400.0,0.0,0.0,0.0,2400.0,2400.0,0.0,0.0,0.9999999958333333,0.9999999958333333,0,False,True,False,False,False,False,False,False,False,False,False,True,False,False,False,False,False,False,False
2026-06-14,Andhra Pradesh,Bapatla,Kuchinapudi,Paddy(Common),,,2400.0,2500.0,2450.0,6,6,24,34.3,48.4,306.9857142857143,-0.8998965873836609,1,0.1,34.3,27.6,68.0,30.95,27.8,11.371428571428574,0,0,1,2320.0,1,0,0,0,2450.0,0.0,2450.0,2450.0,2450.0,0.0,0.0,0.0,2450.0,2450.0,0.0,0.0,0.9999999959183673,0.9999999959183673,0,False,False,True,False,False,False,False,False,False,False,True,False,False,False,False,False,False,False,False
2026-06-14,Andhra Pradesh,NTR,Mylavaram,Paddy(Common),,,2369.0,2369.0,2369.0,6,6,24,34.3,48.4,306.9857142857143,-0.8998965873836609,1,0.1,34.3,27.6,68.0,30.95,27.8,11.371428571428574,0,0,1,2320.0,1,0,0,0,2369.0,0.0,2369.0,2369.0,2369.0,0.0,0.0,0.0,2369.0,2369.0,0.0,0.0,0.9999999957788096,0.9999999957788096,0,False,False,False,True,False,False,False,False,False,False,False,False,False,False,False,True,False,False,False
2026-06-14,Andhra Pradesh,NTR,Nandigama,Paddy(Common),B P T,Grade Range-1,1850.0,1850.0,1850.0,6,6,24,34.3,48.4,306.9857142857143,-0.8998965873836609,1,0.1,34.3,27.6,68.0,30.95,27.8,11.371428571428574,0,0,1,2320.0,1,0,0,0,1820.0,-0.016216216128560994,1810.0,1820.0,1810.0,0.022099447391715762,0.016483516392947713,0.022099447391715762,1815.7142857142858,1813.5714285714287,5.345224838248522,8.418973861410937,1.0188827638613853,1.0200866426619877,0,False,False,False,False,True,False,False,False,False,False,False,False,False,False,False,True,False,False,False
2026-06-14,Andhra Pradesh,Eluru,Polavaram,Paddy(Common),,,2389.0,2389.0,2389.0,6,6,24,34.3,48.4,306.9857142857143,-0.8998965873836609,1,0.1,34.3,27.6,68.0,30.95,27.8,11.371428571428574,0,0,1,2320.0,1,0,0,0,2389.0,0.0,2389.0,2389.0,2380.0,0.0,0.0,0.003781512589153308,2386.4285714285716,2378.5,4.391550328269572,9.196571267430487,1.0010775175052122,1.0044145427605022,0,False,False,False,False,False,True,False,False,False,False,False,False,True,False,False,False,False,False,False
2026-06-14,Andhra Pradesh,SPSR Nellore,Rapur,Paddy(Common),,,2370.0,2400.0,2385.0,6,6,24,34.3,48.4,306.9857142857143,-0.8998965873836609,1,0.1,34.3,27.6,68.0,30.95,27.8,11.371428571428574,0,0,1,2320.0,1,0,0,0,2385.0,0.0,2385.0,2385.0,2385.0,0.0,0.0,0.0,2385.0,2385.0,0.0,0.0,0.9999999958071278,0.9999999958071278,0,False,False,False,False,False,False,False,True,False,False,False,False,False,False,False,False,False,False,True
2026-06-14,Andhra Pradesh,NTR,Tiruvuru,Paddy(Common),,,2450.0,2450.0,2450.0,6,6,24,34.3,48.4,306.9857142857143,-0.8998965873836609,1,0.1,34.3,27.6,68.0,30.95,27.8,11.371428571428574,0,0,1,2320.0,1,0,0,0,2450.0,0.0,2450.0,2450.0,2400.0,0.0,0.0,0.020833333246527776,2428.5714285714284,2407.1428571428573,26.72612419124289,51.35525910130965,1.0088235252577855,1.017804150074404,0,False,False,False,False,False,False,False,False,True,False,False,False,False,False,False,True,False,False,False
2026-06-15,Andhra Pradesh,Kakinada,Jaggampet,Paddy(Common),,,2369.0,2379.0,2379.0,0,6,25,757.2,34.3,311.7285714285714,-0.29132231404958686,0,0.4,36.8,28.1,66.0,32.45,25.9,6.628571428571426,0,0,1,2320.0,1,0,0,0,2379.0,0.0,2379.0,2379.0,2379.0,0.0,0.0,0.0,2379.0,2379.0,0.0,0.0,0.9999999957965531,0.9999999957965531,0,True,False,False,False,False,False,False,False,False,False,False,False,False,True,False,False,False,False,False
2026-06-15,Andhra Pradesh,East Godavari,Kovvur,Paddy(Common),,,2400.0,2400.0,2400.0,0,6,25,757.2,34.3,311.7285714285714,-0.29132231404958686,0,0.4,36.8,28.1,66.0,32.45,25.9,6.628571428571426,0,0,1,2320.0,1,0,0,0,2400.0,0.0,2400.0,2400.0,2400.0,0.0,0.0,0.0,2400.0,2400.0,0.0,0.0,0.9999999958333333,0.9999999958333333,0,False,True,False,False,False,False,False,False,False,False,False,True,False,False,False,False,False,False,False
2026-06-15,Andhra Pradesh,Bapatla,Kuchinapudi,Paddy(Common),B P T,Local,2400.0,2500.0,2450.0,0,6,25,757.2,34.3,311.7285714285714,-0.29132231404958686,0,0.4,36.8,28.1,66.0,32.45,25.9,6.628571428571426,0,0,1,2320.0,1,0,0,0,2450.0,0.0,2450.0,2450.0,2450.0,0.0,0.0,0.0,2450.0,2450.0,0.0,0.0,0.9999999959183673,0.9999999959183673,0,False,False,True,False,False,False,False,False,False,False,True,False,False,False,False,False,False,False,False
2026-06-15,Andhra Pradesh,NTR,Mylavaram,Paddy(Common),1001,FAQ,2369.0,2369.0,2369.0,0,6,25,757.2,34.3,311.7285714285714,-0.29132231404958686,0,0.4,36.8,28.1,66.0,32.45,25.9,6.628571428571426,0,0,1,2320.0,1,0,0,0,2369.0,0.0,2369.0,2369.0,2369.0,0.0,0.0,0.0,2369.0,2369.0,0.0,0.0,0.9999999957788096,0.9999999957788096,0,False,False,False,True,False,False,False,False,False,False,False,False,False,False,False,True,False,False,False
2026-06-15,Andhra Pradesh,NTR,Nandigama,Paddy(Common),B P T,Grade Range-1,1820.0,1820.0,1820.0,0,6,25,757.2,34.3,311.7285714285714,-0.29132231404958686,0,0.4,36.8,28.1,66.0,32.45,25.9,6.628571428571426,0,0,1,2320.0,1,0,0,0,1830.0,0.0054945054643159045,1850.0,1810.0,1820.0,-0.016216216128560994,0.0055248618479289404,0.0,1821.4285714285713,1817.142857142857,13.45185418269085,12.043875831929906,0.9992156807886199,1.0015723215322279,0,False,False,False,False,True,False,False,False,False,False,False,False,False,False,False,True,False,False,False
2026-06-15,Andhra Pradesh,Eluru,Polavaram,Paddy(Common),1001,Local,2389.0,2389.0,2389.0,0,6,25,757.2,34.3,311.7285714285714,-0.29132231404958686,0,0.4,36.8,28.1,66.0,32.45,25.9,6.628571428571426,0,0,1,2320.0,1,0,0,0,2389.0,0.0,2389.0,2389.0,2380.0,0.0,0.0,0.003781512589153308,2387.714285714286,2379.9285714285716,3.401680257084719,9.160654038745768,1.0005384665527286,1.0038116347869495,0,False,False,False,False,False,True,False,False,False,False,False,False,True,False,False,False,False,False,False
2026-06-15,Andhra Pradesh,SPSR Nellore,Rapur,Paddy(Common),,,2370.0,2400.0,2385.0,0,6,25,757.2,34.3,311.7285714285714,-0.29132231404958686,0,0.4,36.8,28.1,66.0,32.45,25.9,6.628571428571426,0,0,1,2320.0,1,0,0,0,2385.0,0.0,2385.0,2385.0,2385.0,0.0,0.0,0.0,2385.0,2385.0,0.0,0.0,0.9999999958071278,0.9999999958071278,0,False,False,False,False,False,False,False,True,False,False,False,False,False,False,False,False,False,False,True
2026-06-15,Andhra Pradesh,NTR,Tiruvuru,Paddy(Common),Sona,Local,2450.0,2450.0,2450.0,0,6,25,757.2,34.3,311.7285714285714,-0.29132231404958686,0,0.4,36.8,28.1,66.0,32.45,25.9,6.628571428571426,0,0,1,2320.0,1,0,0,0,2450.0,0.0,2450.0,2450.0,2450.0,0.0,0.0,0.0,2435.714285714286,2421.4285714285716,24.39750182371405,25.677629550655105,1.0058650985096447,1.0117994058509758,0,False,False,False,False,False,False,False,False,True,False,False,False,False,False,False,True,False,False,False
2026-06-16,Andhra Pradesh,Kakinada,Jaggampet,Paddy(Common),,,2369.0,2379.0,2379.0,1,6,25,508.1,757.2,361.6714285714285,21.07580174927114,0,1.0,36.4,27.0,73.0,31.7,21.3,2.0285714285714285,0,0,1,2320.0,1,0,0,0,2379.0,0.0,2379.0,2379.0,2379.0,0.0,0.0,0.0,2379.0,2379.0,0.0,0.0,0.9999999957965531,0.9999999957965531,0,True,False,False,False,False,False,False,False,False,False,False,False,False,True,False,False,False,False,False
2026-06-16,Andhra Pradesh,East Godavari,Kovvur,Paddy(Common),MTU-1010,Grade Range-2,2400.0,2400.0,2400.0,1,6,25,508.1,757.2,361.6714285714285,21.07580174927114,0,1.0,36.4,27.0,73.0,31.7,21.3,2.0285714285714285,0,0,1,2320.0,1,0,0,0,2400.0,0.0,2400.0,2400.0,2400.0,0.0,0.0,0.0,2400.0,2400.0,0.0,0.0,0.9999999958333333,0.9999999958333333,0,False,True,False,False,False,False,False,False,False,False,False,True,False,False,False,False,False,False,False
2026-06-16,Andhra Pradesh,Bapatla,Kuchinapudi,Paddy(Common),B P T,Local,2400.0,2500.0,2450.0,1,6,25,508.1,757.2,361.6714285714285,21.07580174927114,0,1.0,36.4,27.0,73.0,31.7,21.3,2.0285714285714285,0,0,1,2320.0,1,0,0,0,2450.0,0.0,2450.0,2450.0,2450.0,0.0,0.0,0.0,2450.0,2450.0,0.0,0.0,0.9999999959183673,0.9999999959183673,0,False,False,True,False,False,False,False,False,False,False,True,False,False,False,False,False,False,False,False
2026-06-16,Andhra Pradesh,NTR,Mylavaram,Paddy(Common),1001,FAQ,2369.0,2369.0,2369.0,1,6,25,508.1,757.2,361.6714285714285,21.07580174927114,0,1.0,36.4,27.0,73.0,31.7,21.3,2.0285714285714285,0,0,1,2320.0,1,0,0,0,2369.0,0.0,2369.0,2369.0,2369.0,0.0,0.0,0.0,2369.0,2369.0,0.0,0.0,0.9999999957788096,0.9999999957788096,0,False,False,False,True,False,False,False,False,False,False,False,False,False,False,False,True,False,False,False
2026-06-16,Andhra Pradesh,NTR,Nandigama,Paddy(Common),B P T,Grade Range-1,1830.0,1830.0,1830.0,1,6,25,508.1,757.2,361.6714285714285,21.07580174927114,0,1.0,36.4,27.0,73.0,31.7,21.3,2.0285714285714285,0,0,1,2320.0,1,0,0,0,1820.0,-0.005464480844456389,1820.0,1810.0,1820.0,0.0054945054643159045,0.011049723695857881,0.0054945054643159045,1821.4285714285713,1818.5714285714287,13.45185418269085,10.994504121565527,1.004705876836909,1.0062843621021285,0,False,False,False,False,True,False,False,False,False,False,False,False,False,False,False,True,False,False,False
2026-06-16,Andhra Pradesh,Eluru,Polavaram,Paddy(Common),1001,Local,2389.0,2389.0,2389.0,1,6,25,508.1,757.2,361.6714285714285,21.07580174927114,0,1.0,36.4,27.0,73.0,31.7,21.3,2.0285714285714285,0,0,1,2320.0,1,0,0,0,2390.0,0.0004185851803324186,2389.0,2389.0,2389.0,0.0,0.0,0.0,2389.0,2381.3571428571427,0.0,8.880463803352068,0.9999999958141481,1.0032094501799897,0,False,False,False,False,False,True,False,False,False,False,False,False,True,False,False,False,False,False,False
2026-06-16,Andhra Pradesh,SPSR Nellore,Rapur,Paddy(Common),,,2370.0,2400.0,2385.0,1,6,25,508.1,757.2,361.6714285714285,21.07580174927114,0,1.0,36.4,27.0,73.0,31.7,21.3,2.0285714285714285,0,0,1,2320.0,1,0,0,0,2385.0,0.0,2385.0,2385.0,2385.0,0.0,0.0,0.0,2385.0,2385.0,0.0,0.0,0.9999999958071278,0.9999999958071278,0,False,False,False,False,False,False,False,True,False,False,False,False,False,False,False,False,False,False,True
2026-06-16,Andhra Pradesh,NTR,Tiruvuru,Paddy(Common),Sona,Local,2450.0,2450.0,2450.0,1,6,25,508.1,757.2,361.6714285714285,21.07580174927114,0,1.0,36.4,27.0,73.0,31.7,21.3,2.0285714285714285,0,0,1,2320.0,1,0,0,0,2450.0,0.0,2450.0,2450.0,2400.0,0.0,0.0,0.020833333246527776,2435.714285714286,2421.4285714285716,24.39750182371405,25.677629550655105,1.0058650985096447,1.0117994058509758,0,False,False,False,False,False,False,False,False,True,False,False,False,False,False,False,True,False,False,False
2026-06-17,Andhra Pradesh,Kakinada,Jaggampet,Paddy(Common),,,2369.0,2379.0,2379.0,2,6,25,77.2,508.1,370.67142857142863,-0.3289751716851559,0,1.6,37.6,26.3,77.0,31.950000000000003,21.2,1.928571428571427,0,0,1,2320.0,1,0,0,0,2379.0,0.0,2379.0,2379.0,2379.0,0.0,0.0,0.0,2379.0,2379.0,0.0,0.0,0.9999999957965531,0.9999999957965531,0,True,False,False,False,False,False,False,False,False,False,False,False,False,True,False,False,False,False,False
2026-06-17,Andhra Pradesh,East Godavari,Kovvur,Paddy(Common),MTU-1010,Grade Range-2,2400.0,2400.0,2400.0,2,6,25,77.2,508.1,370.67142857142863,-0.3289751716851559,0,1.6,37.6,26.3,77.0,31.950000000000003,21.2,1.928571428571427,0,0,1,2320.0,1,0,0,0,2400.0,0.0,2400.0,2400.0,2400.0,0.0,0.0,0.0,2400.0,2400.0,0.0,0.0,0.9999999958333333,0.9999999958333333,0,False,True,False,False,False,False,False,False,False,False,False,True,False,False,False,False,False,False,False
2026-06-17,Andhra Pradesh,Bapatla,Kuchinapudi,Paddy(Common),,,2400.0,2500.0,2450.0,2,6,25,77.2,508.1,370.67142857142863,-0.3289751716851559,0,1.6,37.6,26.3,77.0,31.950000000000003,21.2,1.928571428571427,0,0,1,2320.0,1,0,0,0,2450.0,0.0,2450.0,2450.0,2450.0,0.0,0.0,0.0,2450.0,2450.0,0.0,0.0,0.9999999959183673,0.9999999959183673,0,False,False,True,False,False,False,False,False,False,False,True,False,False,False,False,False,False,False,False
2026-06-17,Andhra Pradesh,NTR,Mylavaram,Paddy(Common),,,2369.0,2369.0,2369.0,2,6,25,77.2,508.1,370.67142857142863,-0.3289751716851559,0,1.6,37.6,26.3,77.0,31.950000000000003,21.2,1.928571428571427,0,0,1,2320.0,1,0,0,0,2369.0,0.0,2369.0,2369.0,2369.0,0.0,0.0,0.0,2369.0,2369.0,0.0,0.0,0.9999999957788096,0.9999999957788096,0,False,False,False,True,False,False,False,False,False,False,False,False,False,False,False,True,False,False,False
2026-06-17,Andhra Pradesh,NTR,Nandigama,Paddy(Common),B P T,Grade Range-1,1820.0,1820.0,1820.0,2,6,25,77.2,508.1,370.67142857142863,-0.3289751716851559,0,1.6,37.6,26.3,77.0,31.950000000000003,21.2,1.928571428571427,0,0,1,2320.0,1,0,0,0,1850.0,0.016483516392947713,1830.0,1850.0,1820.0,-0.005464480844456389,-0.016216216128560994,0.0,1822.857142857143,1820.7142857142858,13.801311186846918,9.97248963150881,0.998432596403583,0.9996076837997224,0,False,False,False,False,True,False,False,False,False,False,False,False,False,False,False,True,False,False,False
2026-06-17,Andhra Pradesh,Eluru,Polavaram,Paddy(Common),1001,Local,2390.0,2390.0,2390.0,2,6,25,77.2,508.1,370.67142857142863,-0.3289751716851559,0,1.6,37.6,26.3,77.0,31.950000000000003,21.2,1.928571428571427,0,0,1,2320.0,1,0,0,0,2390.0,0.0,2389.0,2389.0,2389.0,0.0004185851803324186,0.0004185851803324186,0.0004185851803324186,2389.0,2382.785714285714,0.0,8.331391715199759,1.0004185809944806,1.0030276644856297,0,False,False,False,False,False,True,False,False,False,False,False,False,True,False,False,False,False,False,False
2026-06-17,Andhra Pradesh,SPSR Nellore,Rapur,Paddy(Common),,,2370.0,2400.0,2385.0,2,6,25,77.2,508.1,370.67142857142863,-0.3289751716851559,0,1.6,37.6,26.3,77.0,31.950000000000003,21.2,1.928571428571427,0,0,1,2320.0,1,0,0,0,2385.0,0.0,2385.0,2385.0,2385.0,0.0,0.0,0.0,2385.0,2385.0,0.0,0.0,0.9999999958071278,0.9999999958071278,0,False,False,False,False,False,False,False,True,False,False,False,False,False,False,False,False,False,False,True
2026-06-17,Andhra Pradesh,NTR,Tiruvuru,Paddy(Common),Sona,Local,2450.0,2450.0,2450.0,2,6,25,77.2,508.1,370.67142857142863,-0.3289751716851559,0,1.6,37.6,26.3,77.0,31.950000000000003,21.2,1.928571428571427,0,0,1,2320.0,1,0,0,0,2450.0,0.0,2450.0,2450.0,2400.0,0.0,0.0,0.020833333246527776,2442.8571428571427,2425.0,18.89822365046269,25.943726083138895,1.0029239725026504,1.0103092741842916,0,False,False,False,False,False,False,False,False,True,False,False,False,False,False,False,True,False,False,False
2026-06-18,Andhra Pradesh,Kakinada,Jaggampet,Paddy(Common),,,2369.0,2379.0,2379.0,3,6,25,251.6,77.2,317.1714285714285,-0.8480614052351899,0,0.2,33.6,26.1,78.0,29.85,19.799999999999997,0.5285714285714249,0,0,1,2320.0,1,0,0,0,2379.0,0.0,2379.0,2379.0,2379.0,0.0,0.0,0.0,2379.0,2379.0,0.0,0.0,0.9999999957965531,0.9999999957965531,0,True,False,False,False,False,False,False,False,False,False,False,False,False,True,False,False,False,False,False
2026-06-18,Andhra Pradesh,East Godavari,Kovvur,Paddy(Common),MTU-1010,Grade Range-2,2400.0,2400.0,2400.0,3,6,25,251.6,77.2,317.1714285714285,-0.8480614052351899,0,0.2,33.6,26.1,78.0,29.85,19.799999999999997,0.5285714285714249,0,0,1,2320.0,1,0,0,0,2400.0,0.0,2400.0,2400.0,2400.0,0.0,0.0,0.0,2400.0,2400.0,0.0,0.0,0.9999999958333333,0.9999999958333333,0,False,True,False,False,False,False,False,False,False,False,False,True,False,False,False,False,False,False,False
2026-06-18,Andhra Pradesh,Bapatla,Kuchinapudi,Paddy(Common),,,2400.0,2500.0,2450.0,3,6,25,251.6,77.2,317.1714285714285,-0.8480614052351899,0,0.2,33.6,26.1,78.0,29.85,19.799999999999997,0.5285714285714249,0,0,1,2320.0,1,0,0,0,2450.0,0.0,2450.0,2450.0,2450.0,0.0,0.0,0.0,2450.0,2450.0,0.0,0.0,0.9999999959183673,0.9999999959183673,0,False,False,True,False,False,False,False,False,False,False,True,False,False,False,False,False,False,False,False
2026-06-18,Andhra Pradesh,NTR,Mylavaram,Paddy(Common),1001,FAQ,2369.0,2369.0,2369.0,3,6,25,251.6,77.2,317.1714285714285,-0.8480614052351899,0,0.2,33.6,26.1,78.0,29.85,19.799999999999997,0.5285714285714249,0,0,1,2320.0,1,0,0,0,2369.0,0.0,2369.0,2369.0,2369.0,0.0,0.0,0.0,2369.0,2369.0,0.0,0.0,0.9999999957788096,0.9999999957788096,0,False,False,False,True,False,False,False,False,False,False,False,False,False,False,False,True,False,False,False
2026-06-18,Andhra Pradesh,NTR,Nandigama,Paddy(Common),B P T,Grade Range-1,1850.0,1850.0,1850.0,3,6,25,251.6,77.2,317.1714285714285,-0.8480614052351899,0,0.2,33.6,26.1,78.0,29.85,19.799999999999997,0.5285714285714249,0,0,1,2320.0,1,0,0,0,1970.0,0.06486486451424398,1820.0,1820.0,1820.0,0.016483516392947713,0.016483516392947713,0.016483516392947713,1822.857142857143,1820.7142857142858,13.801311186846918,9.97248963150881,1.0148902765640815,1.0160847335326848,0,False,False,False,False,True,False,False,False,False,False,False,False,False,False,False,True,False,False,False
2026-06-18,Andhra Pradesh,Eluru,Polavaram,Paddy(Common),1001,Local,2390.0,2390.0,2390.0,3,6,25,251.6,77.2,317.1714285714285,-0.8480614052351899,0,0.2,33.6,26.1,78.0,29.85,19.799999999999997,0.5285714285714249,0,0,1,2320.0,1,0,0,0,2390.0,0.0,2390.0,2389.0,2389.0,0.0,0.0004185851803324186,0.0004185851803324186,2389.1428571428573,2384.285714285714,0.3779644730259827,7.5082372347735955,1.0003587616583882,1.0023966404932436,0,False,False,False,False,False,True,False,False,False,False,False,False,True,False,False,False,False,False,False
2026-06-18,Andhra Pradesh,SPSR Nellore,Rapur,Paddy(Common),,,2370.0,2400.0,2385.0,3,6,25,251.6,77.2,317.1714285714285,-0.8480614052351899,0,0.2,33.6,26.1,78.0,29.85,19.799999999999997,0.5285714285714249,0,0,1,2320.0,1,0,0,0,2385.0,0.0,2385.0,2385.0,2385.0,0.0,0.0,0.0,2385.0,2385.0,0.0,0.0,0.9999999958071278,0.9999999958071278,0,False,False,False,False,False,False,False,True,False,False,False,False,False,False,False,False,False,False,True
2026-06-18,Andhra Pradesh,NTR,Tiruvuru,Paddy(Common),,,2450.0,2450.0,2450.0,3,6,25,251.6,77.2,317.1714285714285,-0.8480614052351899,0,0.2,33.6,26.1,78.0,29.85,19.799999999999997,0.5285714285714249,0,0,1,2320.0,1,0,0,0,2450.0,0.0,2450.0,2450.0,2450.0,0.0,0.0,0.0,2450.0,2428.5714285714284,0.0,25.677629550655105,0.9999999959183673,1.0088235252577855,0,False,False,False,False,False,False,False,False,True,False,False,False,False,False,False,True,False,False,False
2026-06-19,Andhra Pradesh,Kakinada,Jaggampet,Paddy(Common),,,2369.0,2379.0,2379.0,4,6,25,429.0,251.6,308.61428571428576,2.259067357512953,0,8.7,34.7,26.4,75.0,30.55,19.200000000000003,-0.0714285714285694,0,0,1,2320.0,1,0,0,0,2379.0,0.0,2379.0,2379.0,2379.0,0.0,0.0,0.0,2379.0,2379.0,0.0,0.0,0.9999999957965531,0.9999999957965531,0,True,False,False,False,False,False,False,False,False,False,False,False,False,True,False,False,False,False,False
2026-06-19,Andhra Pradesh,East Godavari,Kovvur,Paddy(Common),MTU-1010,Grade Range-2,2400.0,2400.0,2400.0,4,6,25,429.0,251.6,308.61428571428576,2.259067357512953,0,8.7,34.7,26.4,75.0,30.55,19.200000000000003,-0.0714285714285694,0,0,1,2320.0,1,0,0,0,2400.0,0.0,2400.0,2400.0,2400.0,0.0,0.0,0.0,2400.0,2400.0,0.0,0.0,0.9999999958333333,0.9999999958333333,0,False,True,False,False,False,False,False,False,False,False,False,True,False,False,False,False,False,False,False
2026-06-19,Andhra Pradesh,Bapatla,Kuchinapudi,Paddy(Common),B P T,Local,2400.0,2500.0,2450.0,4,6,25,429.0,251.6,308.61428571428576,2.259067357512953,0,8.7,34.7,26.4,75.0,30.55,19.200000000000003,-0.0714285714285694,0,0,1,2320.0,1,0,0,0,2450.0,0.0,2450.0,2450.0,2450.0,0.0,0.0,0.0,2450.0,2450.0,0.0,0.0,0.9999999959183673,0.9999999959183673,0,False,False,True,False,False,False,False,False,False,False,True,False,False,False,False,False,False,False,False
2026-06-19,Andhra Pradesh,NTR,Mylavaram,Paddy(Common),,,2369.0,2369.0,2369.0,4,6,25,429.0,251.6,308.61428571428576,2.259067357512953,0,8.7,34.7,26.4,75.0,30.55,19.200000000000003,-0.0714285714285694,0,0,1,2320.0,1,0,0,0,2369.0,0.0,2369.0,2369.0,2369.0,0.0,0.0,0.0,2369.0,2369.0,0.0,0.0,0.9999999957788096,0.9999999957788096,0,False,False,False,True,False,False,False,False,False,False,False,False,False,False,False,True,False,False,False
2026-06-19,Andhra Pradesh,NTR,Nandigama,Paddy(Common),B P T,Grade Range-1,1970.0,1970.0,1970.0,4,6,25,429.0,251.6,308.61428571428576,2.259067357512953,0,8.7,34.7,26.4,75.0,30.55,19.200000000000003,-0.0714285714285694,0,0,1,2320.0,1,0,0,0,1920.0,-0.025380710531062382,1850.0,1830.0,1810.0,0.06486486451424398,0.07650273182238944,0.08839778956686305,1827.142857142857,1822.857142857143,17.043362064926693,12.666473875533109,1.0781860769763076,1.080720997206076,0,False,False,False,False,True,False,False,False,False,False,False,False,False,False,False,True,False,False,False
2026-06-19,Andhra Pradesh,Eluru,Polavaram,Paddy(Common),1001,Local,2390.0,2390.0,2390.0,4,6,25,429.0,251.6,308.61428571428576,2.259067357512953,0,8.7,34.7,26.4,75.0,30.55,19.200000000000003,-0.0714285714285694,0,0,1,2320.0,1,0,0,0,2390.0,0.0,2390.0,2389.0,2389.0,0.0,0.0004185851803324186,0.0004185851803324186,2389.285714285714,2385.785714285714,0.48795003648728413,6.203951240058929,1.0002989494755798,1.001766409980321,0,False,False,False,False,False,True,False,False,False,False,False,False,True,False,False,False,False,False,False
2026-06-19,Andhra Pradesh,SPSR Nellore,Rapur,Paddy(Common),,,2370.0,2400.0,2385.0,4,6,25,429.0,251.6,308.61428571428576,2.259067357512953,0,8.7,34.7,26.4,75.0,30.55,19.200000000000003,-0.0714285714285694,0,0,1,2320.0,1,0,0,0,2385.0,0.0,2385.0,2385.0,2385.0,0.0,0.0,0.0,2385.0,2385.0,0.0,0.0,0.9999999958071278,0.9999999958071278,0,False,False,False,False,False,False,False,True,False,False,False,False,False,False,False,False,False,False,True
2026-06-19,Andhra Pradesh,NTR,Tiruvuru,Paddy(Common),Sona,Local,2450.0,2450.0,2450.0,4,6,25,429.0,251.6,308.61428571428576,2.259067357512953,0,8.7,34.7,26.4,75.0,30.55,19.200000000000003,-0.0714285714285694,0,0,1,2320.0,1,0,0,0,2450.0,0.0,2450.0,2450.0,2450.0,0.0,0.0,0.0,2450.0,2432.1428571428573,0.0,24.862257904942656,0.9999999959183673,1.007342139764232,0,False,False,False,False,False,False,False,False,True,False,False,False,False,False,False,True,False,False,False
2026-06-20,Andhra Pradesh,Kakinada,Jaggampet,Paddy(Common),,,2369.0,2379.0,2379.0,5,6,25,179.6,429.0,300.8285714285715,0.7050874403815581,0,0.3,35.5,27.1,74.0,31.3,15.2,-4.071428571428573,0,0,1,2320.0,1,0,0,0,2379.0,0.0,2379.0,2379.0,2379.0,0.0,0.0,0.0,2379.0,2379.0,0.0,0.0,0.9999999957965531,0.9999999957965531,0,True,False,False,False,False,False,False,False,False,False,False,False,False,True,False,False,False,False,False
2026-06-20,Andhra Pradesh,East Godavari,Kovvur,Paddy(Common),,,2400.0,2400.0,2400.0,5,6,25,179.6,429.0,300.8285714285715,0.7050874403815581,0,0.3,35.5,27.1,74.0,31.3,15.2,-4.071428571428573,0,0,1,2320.0,1,0,0,0,2400.0,0.0,2400.0,2400.0,2400.0,0.0,0.0,0.0,2400.0,2400.0,0.0,0.0,0.9999999958333333,0.9999999958333333,0,False,True,False,False,False,False,False,False,False,False,False,True,False,False,False,False,False,False,False
2026-06-20,Andhra Pradesh,Bapatla,Kuchinapudi,Paddy(Common),,,2400.0,2500.0,2450.0,5,6,25,179.6,429.0,300.8285714285715,0.7050874403815581,0,0.3,35.5,27.1,74.0,31.3,15.2,-4.071428571428573,0,0,1,2320.0,1,0,0,0,2450.0,0.0,2450.0,2450.0,2450.0,0.0,0.0,0.0,2450.0,2450.0,0.0,0.0,0.9999999959183673,0.9999999959183673,0,False,False,True,False,False,False,False,False,False,False,True,False,False,False,False,False,False,False,False
2026-06-20,Andhra Pradesh,NTR,Mylavaram,Paddy(Common),1001,FAQ,2369.0,2369.0,2369.0,5,6,25,179.6,429.0,300.8285714285715,0.7050874403815581,0,0.3,35.5,27.1,74.0,31.3,15.2,-4.071428571428573,0,0,1,2320.0,1,0,0,0,2369.0,0.0,2369.0,2369.0,2369.0,0.0,0.0,0.0,2369.0,2369.0,0.0,0.0,0.9999999957788096,0.9999999957788096,0,False,False,False,True,False,False,False,False,False,False,False,False,False,False,False,True,False,False,False
2026-06-20,Andhra Pradesh,NTR,Nandigama,Paddy(Common),B P T,Grade Range-1,1920.0,1920.0,1920.0,5,6,25,179.6,429.0,300.8285714285715,0.7050874403815581,0,0.3,35.5,27.1,74.0,31.3,15.2,-4.071428571428573,0,0,1,2320.0,1,0,0,0,1860.0,-0.031249999837239584,1970.0,1820.0,1810.0,-0.025380710531062382,0.05494505464315904,0.06077348032721834,1850.0,1833.5714285714287,55.07570547286075,41.25104061291494,1.0378378322279036,1.0471367297779843,0,False,False,False,False,True,False,False,False,False,False,False,False,False,False,False,True,False,False,False
2026-06-20,Andhra Pradesh,Eluru,Polavaram,Paddy(Common),1001,Local,2390.0,2390.0,2390.0,5,6,25,179.6,429.0,300.8285714285715,0.7050874403815581,0,0.3,35.5,27.1,74.0,31.3,15.2,-4.071428571428573,0,0,1,2320.0,1,0,0,0,2390.0,0.0,2390.0,2390.0,2389.0,0.0,0.0,0.0004185851803324186,2389.4285714285716,2387.285714285714,0.5345224838368098,3.9696651947315087,1.000239144444772,1.0011369714511646,0,False,False,False,False,False,True,False,False,False,False,False,False,True,False,False,False,False,False,False
2026-06-20,Andhra Pradesh,SPSR Nellore,Rapur,Paddy(Common),,,2370.0,2400.0,2385.0,5,6,25,179.6,429.0,300.8285714285715,0.7050874403815581,0,0.3,35.5,27.1,74.0,31.3,15.2,-4.071428571428573,0,0,1,2320.0,1,0,0,0,2385.0,0.0,2385.0,2385.0,2385.0,0.0,0.0,0.0,2385.0,2385.0,0.0,0.0,0.9999999958071278,0.9999999958071278,0,False,False,False,False,False,False,False,True,False,False,False,False,False,False,False,False,False,False,True
2026-06-20,Andhra Pradesh,NTR,Tiruvuru,Paddy(Common),,,2450.0,2450.0,2450.0,5,6,25,179.6,429.0,300.8285714285715,0.7050874403815581,0,0.3,35.5,27.1,74.0,31.3,15.2,-4.071428571428573,0,0,1,2320.0,1,0,0,0,2450.0,0.0,2450.0,2450.0,2450.0,0.0,0.0,0.0,2450.0,2435.714285714286,0.0,23.440361546925075,0.9999999959183673,1.0058650985096447,0,False,False,False,False,False,False,False,False,True,False,False,False,False,False,False,True,False,False,False
2026-06-21,Andhra Pradesh,Kakinada,Jaggampet,Paddy(Common),,,2369.0,2379.0,2379.0,6,6,25,33.7,179.6,319.57142857142856,-0.5813519813519814,1,0.9,31.8,27.4,81.0,29.6,12.3,-6.9714285714285715,0,0,1,2320.0,1,0,0,0,2379.0,0.0,2379.0,2379.0,2379.0,0.0,0.0,0.0,2379.0,2379.0,0.0,0.0,0.9999999957965531,0.9999999957965531,0,True,False,False,False,False,False,False,False,False,False,False,False,False,True,False,False,False,False,False
2026-06-21,Andhra Pradesh,East Godavari,Kovvur,Paddy(Common),,,2400.0,2400.0,2400.0,6,6,25,33.7,179.6,319.57142857142856,-0.5813519813519814,1,0.9,31.8,27.4,81.0,29.6,12.3,-6.9714285714285715,0,0,1,2320.0,1,0,0,0,2400.0,0.0,2400.0,2400.0,2400.0,0.0,0.0,0.0,2400.0,2400.0,0.0,0.0,0.9999999958333333,0.9999999958333333,0,False,True,False,False,False,False,False,False,False,False,False,True,False,False,False,False,False,False,False
2026-06-21,Andhra Pradesh,Bapatla,Kuchinapudi,Paddy(Common),,,2400.0,2500.0,2450.0,6,6,25,33.7,179.6,319.57142857142856,-0.5813519813519814,1,0.9,31.8,27.4,81.0,29.6,12.3,-6.9714285714285715,0,0,1,2320.0,1,0,0,0,2450.0,0.0,2450.0,2450.0,2450.0,0.0,0.0,0.0,2450.0,2450.0,0.0,0.0,0.9999999959183673,0.9999999959183673,0,False,False,True,False,False,False,False,False,False,False,True,False,False,False,False,False,False,False,False
2026-06-21,Andhra Pradesh,NTR,Mylavaram,Paddy(Common),,,2369.0,2369.0,2369.0,6,6,25,33.7,179.6,319.57142857142856,-0.5813519813519814,1,0.9,31.8,27.4,81.0,29.6,12.3,-6.9714285714285715,0,0,1,2320.0,1,0,0,0,2369.0,0.0,2369.0,2369.0,2369.0,0.0,0.0,0.0,2369.0,2369.0,0.0,0.0,0.9999999957788096,0.9999999957788096,0,False,False,False,True,False,False,False,False,False,False,False,False,False,False,False,True,False,False,False
2026-06-21,Andhra Pradesh,NTR,Nandigama,Paddy(Common),B P T,Grade Range-1,1860.0,1860.0,1860.0,6,6,25,33.7,179.6,319.57142857142856,-0.5813519813519814,1,0.9,31.8,27.4,81.0,29.6,12.3,-6.9714285714285715,0,0,1,2320.0,1,0,0,0,1830.0,-0.01612903217134929,1920.0,1850.0,1850.0,-0.031249999837239584,0.005405405376186998,0.005405405376186998,1865.7142857142858,1840.7142857142858,57.404164441598205,46.98023900687251,0.9969372075202446,1.0104772936955055,0,False,False,False,False,True,False,False,False,False,False,False,False,False,False,False,True,False,False,False
2026-06-21,Andhra Pradesh,Eluru,Polavaram,Paddy(Common),,,2390.0,2390.0,2390.0,6,6,25,33.7,179.6,319.57142857142856,-0.5813519813519814,1,0.9,31.8,27.4,81.0,29.6,12.3,-6.9714285714285715,0,0,1,2320.0,1,0,0,0,2390.0,0.0,2390.0,2390.0,2389.0,0.0,0.0,0.0004185851803324186,2389.5714285714284,2388.0,0.5345224838369415,3.4194016570637173,1.0001793465646827,1.0008375167469115,0,False,False,False,False,False,True,False,False,False,False,False,False,True,False,False,False,False,False,False
2026-06-21,Andhra Pradesh,SPSR Nellore,Rapur,Paddy(Common),,,2370.0,2400.0,2385.0,6,6,25,33.7,179.6,319.57142857142856,-0.5813519813519814,1,0.9,31.8,27.4,81.0,29.6,12.3,-6.9714285714285715,0,0,1,2320.0,1,0,0,0,2385.0,0.0,2385.0,2385.0,2385.0,0.0,0.0,0.0,2385.0,2385.0,0.0,0.0,0.9999999958071278,0.9999999958071278,0,False,False,False,False,False,False,False,True,False,False,False,False,False,False,False,False,False,False,True
2026-06-21,Andhra Pradesh,NTR,Tiruvuru,Paddy(Common),,,2450.0,2450.0,2450.0,6,6,25,33.7,179.6,319.57142857142856,-0.5813519813519814,1,0.9,31.8,27.4,81.0,29.6,12.3,-6.9714285714285715,0,0,1,2320.0,1,0,0,0,2450.0,0.0,2450.0,2450.0,2450.0,0.0,0.0,0.0,2450.0,2439.285714285714,0.0,21.290765681316326,0.9999999959183673,1.004392382412447,0,False,False,False,False,False,False,False,False,True,False,False,False,False,False,False,True,False,False,False
2026-06-22,Andhra Pradesh,Kakinada,Jaggampet,Paddy(Common),,,2369.0,2379.0,2379.0,0,6,26,172.0,33.7,319.4857142857143,-0.8123608017817372,0,13.5,32.8,27.4,82.0,30.099999999999998,13.099999999999998,-10.87142857142857,0,0,1,2320.0,1,0,0,0,2379.0,0.0,2379.0,2379.0,2379.0,0.0,0.0,0.0,2379.0,2379.0,0.0,0.0,0.9999999957965531,0.9999999957965531,0,True,False,False,False,False,False,False,False,False,False,False,False,False,True,False,False,False,False,False
2026-06-22,Andhra Pradesh,East Godavari,Kovvur,Paddy(Common),MTU-1010,Grade Range-2,2400.0,2400.0,2400.0,0,6,26,172.0,33.7,319.4857142857143,-0.8123608017817372,0,13.5,32.8,27.4,82.0,30.099999999999998,13.099999999999998,-10.87142857142857,0,0,1,2320.0,1,0,0,0,2400.0,0.0,2400.0,2400.0,2400.0,0.0,0.0,0.0,2400.0,2400.0,0.0,0.0,0.9999999958333333,0.9999999958333333,0,False,True,False,False,False,False,False,False,False,False,False,True,False,False,False,False,False,False,False
2026-06-22,Andhra Pradesh,Bapatla,Kuchinapudi,Paddy(Common),,,2400.0,2500.0,2450.0,0,6,26,172.0,33.7,319.4857142857143,-0.8123608017817372,0,13.5,32.8,27.4,82.0,30.099999999999998,13.099999999999998,-10.87142857142857,0,0,1,2320.0,1,0,0,0,2450.0,0.0,2450.0,2450.0,2450.0,0.0,0.0,0.0,2450.0,2450.0,0.0,0.0,0.9999999959183673,0.9999999959183673,0,False,False,True,False,False,False,False,False,False,False,True,False,False,False,False,False,False,False,False
2026-06-22,Andhra Pradesh,NTR,Mylavaram,Paddy(Common),1001,FAQ,2369.0,2369.0,2369.0,0,6,26,172.0,33.7,319.4857142857143,-0.8123608017817372,0,13.5,32.8,27.4,82.0,30.099999999999998,13.099999999999998,-10.87142857142857,0,0,1,2320.0,1,0,0,0,2369.0,0.0,2369.0,2369.0,2369.0,0.0,0.0,0.0,2369.0,2369.0,0.0,0.0,0.9999999957788096,0.9999999957788096,0,False,False,False,True,False,False,False,False,False,False,False,False,False,False,False,True,False,False,False
2026-06-22,Andhra Pradesh,NTR,Nandigama,Paddy(Common),B P T,Grade Range-1,1830.0,1830.0,1830.0,0,6,26,172.0,33.7,319.4857142857143,-0.8123608017817372,0,13.5,32.8,27.4,82.0,30.099999999999998,13.099999999999998,-10.87142857142857,0,0,1,2320.0,1,0,0,0,1820.0,-0.005464480844456389,1860.0,1970.0,1820.0,-0.01612903217134929,-0.07106598948697468,0.0054945054643159045,1867.142857142857,1844.2857142857142,57.07138387268007,46.36216722124364,0.9801071102825174,0.9922540612348735,0,False,False,False,False,True,False,False,False,False,False,False,False,False,False,False,True,False,False,False
2026-06-22,Andhra Pradesh,Eluru,Polavaram,Paddy(Common),1001,Local,2390.0,2390.0,2390.0,0,6,26,172.0,33.7,319.4857142857143,-0.8123608017817372,0,13.5,32.8,27.4,82.0,30.099999999999998,13.099999999999998,-10.87142857142857,0,0,1,2320.0,1,0,0,0,2390.0,0.0,2390.0,2390.0,2389.0,0.0,0.0,0.0004185851803324186,2389.714285714286,2388.714285714286,0.487950036487691,2.554891881762548,1.0001195558340286,1.0005382411316501,0,False,False,False,False,False,True,False,False,False,False,False,False,True,False,False,False,False,False,False
2026-06-22,Andhra Pradesh,SPSR Nellore,Rapur,Paddy(Common),,,2370.0,2400.0,2385.0,0,6,26,172.0,33.7,319.4857142857143,-0.8123608017817372,0,13.5,32.8,27.4,82.0,30.099999999999998,13.099999999999998,-10.87142857142857,0,0,1,2320.0,1,0,0,0,2385.0,0.0,2385.0,2385.0,2385.0,0.0,0.0,0.0,2385.0,2385.0,0.0,0.0,0.9999999958071278,0.9999999958071278,0,False,False,False,False,False,False,False,True,False,False,False,False,False,False,False,False,False,False,True
2026-06-22,Andhra Pradesh,NTR,Tiruvuru,Paddy(Common),Sona,Local,2450.0,2450.0,2450.0,0,6,26,172.0,33.7,319.4857142857143,-0.8123608017817372,0,13.5,32.8,27.4,82.0,30.099999999999998,13.099999999999998,-10.87142857142857,0,0,1,2320.0,1,0,0,0,2450.0,0.0,2450.0,2450.0,2450.0,0.0,0.0,0.0,2450.0,2442.8571428571427,0.0,18.156825980064443,0.9999999959183673,1.0029239725026504,0,False,False,False,False,False,False,False,False,True,False,False,False,False,False,False,True,False,False,False
2026-06-23,Andhra Pradesh,Kakinada,Jaggampet,Paddy(Common),,,2369.0,2379.0,2379.0,1,6,26,190.7,172.0,235.8857142857143,4.103857566765578,0,1.3,32.4,25.2,81.0,28.799999999999997,26.2,2.2285714285714313,0,0,1,2320.0,1,0,0,0,2379.0,0.0,2379.0,2379.0,2379.0,0.0,0.0,0.0,2379.0,2379.0,0.0,0.0,0.9999999957965531,0.9999999957965531,0,True,False,False,False,False,False,False,False,False,False,False,False,False,True,False,False,False,False,False
2026-06-23,Andhra Pradesh,East Godavari,Kovvur,Paddy(Common),MTU-1010,Grade Range-2,2400.0,2400.0,2400.0,1,6,26,190.7,172.0,235.8857142857143,4.103857566765578,0,1.3,32.4,25.2,81.0,28.799999999999997,26.2,2.2285714285714313,0,0,1,2320.0,1,0,0,0,2400.0,0.0,2400.0,2400.0,2400.0,0.0,0.0,0.0,2400.0,2400.0,0.0,0.0,0.9999999958333333,0.9999999958333333,0,False,True,False,False,False,False,False,False,False,False,False,True,False,False,False,False,False,False,False
2026-06-23,Andhra Pradesh,Bapatla,Kuchinapudi,Paddy(Common),B P T,Local,2400.0,2500.0,2450.0,1,6,26,190.7,172.0,235.8857142857143,4.103857566765578,0,1.3,32.4,25.2,81.0,28.799999999999997,26.2,2.2285714285714313,0,0,1,2320.0,1,0,0,0,2450.0,0.0,2450.0,2450.0,2450.0,0.0,0.0,0.0,2450.0,2450.0,0.0,0.0,0.9999999959183673,0.9999999959183673,0,False,False,True,False,False,False,False,False,False,False,True,False,False,False,False,False,False,False,False
2026-06-23,Andhra Pradesh,NTR,Mylavaram,Paddy(Common),1001,FAQ,2369.0,2369.0,2369.0,1,6,26,190.7,172.0,235.8857142857143,4.103857566765578,0,1.3,32.4,25.2,81.0,28.799999999999997,26.2,2.2285714285714313,0,0,1,2320.0,1,0,0,0,2369.0,0.0,2369.0,2369.0,2369.0,0.0,0.0,0.0,2369.0,2369.0,0.0,0.0,0.9999999957788096,0.9999999957788096,0,False,False,False,True,False,False,False,False,False,False,False,False,False,False,False,True,False,False,False
2026-06-23,Andhra Pradesh,NTR,Nandigama,Paddy(Common),B P T,Grade Range-1,1820.0,1820.0,1820.0,1,6,26,190.7,172.0,235.8857142857143,4.103857566765578,0,1.3,32.4,25.2,81.0,28.799999999999997,26.2,2.2285714285714313,0,0,1,2320.0,1,0,0,0,1870.0,0.02747252732157952,1830.0,1920.0,1830.0,-0.005464480844456389,-0.05208333306206597,-0.005464480844456389,1868.5714285714287,1845.0,55.80578567035556,46.03510366264834,0.9740061109953801,0.9864498591520333,0,False,False,False,False,True,False,False,False,False,False,False,False,False,False,False,True,False,False,False
2026-06-23,Andhra Pradesh,Eluru,Polavaram,Paddy(Common),1001,Local,2390.0,2390.0,2390.0,1,6,26,190.7,172.0,235.8857142857143,4.103857566765578,0,1.3,32.4,25.2,81.0,28.799999999999997,26.2,2.2285714285714313,0,0,1,2320.0,1,0,0,0,2390.0,0.0,2390.0,2390.0,2389.0,0.0,0.0,0.0004185851803324186,2389.8571428571427,2389.4285714285716,0.3779644730266941,0.5135525910374755,1.0000597722515283,1.000239144444772,0,False,False,False,False,False,True,False,False,False,False,False,False,True,False,False,False,False,False,False
2026-06-23,Andhra Pradesh,SPSR Nellore,Rapur,Paddy(Common),,,2370.0,2400.0,2385.0,1,6,26,190.7,172.0,235.8857142857143,4.103857566765578,0,1.3,32.4,25.2,81.0,28.799999999999997,26.2,2.2285714285714313,0,0,1,2320.0,1,0,0,0,2385.0,0.0,2385.0,2385.0,2385.0,0.0,0.0,0.0,2385.0,2385.0,0.0,0.0,0.9999999958071278,0.9999999958071278,0,False,False,False,False,False,False,False,True,False,False,False,False,False,False,False,False,False,False,True
2026-06-23,Andhra Pradesh,NTR,Tiruvuru,Paddy(Common),Sona,Local,2450.0,2450.0,2450.0,1,6,26,190.7,172.0,235.8857142857143,4.103857566765578,0,1.3,32.4,25.2,81.0,28.799999999999997,26.2,2.2285714285714313,0,0,1,2320.0,1,0,0,0,2450.0,0.0,2450.0,2450.0,2450.0,0.0,0.0,0.0,2450.0,2442.8571428571427,0.0,18.156825980064443,0.9999999959183673,1.0029239725026504,0,False,False,False,False,False,False,False,False,True,False,False,False,False,False,False,True,False,False,False
2026-06-24,Andhra Pradesh,Kakinada,Jaggampet,Paddy(Common),,,2369.0,2379.0,2379.0,2,6,26,188.7,190.7,190.54285714285714,0.10872093023255802,0,0.1,33.6,28.4,69.0,31.0,26.5,2.528571428571432,0,0,1,2320.0,1,0,0,0,2379.0,0.0,2379.0,2379.0,2379.0,0.0,0.0,0.0,2379.0,2379.0,0.0,0.0,0.9999999957965531,0.9999999957965531,0,True,False,False,False,False,False,False,False,False,False,False,False,False,True,False,False,False,False,False
2026-06-24,Andhra Pradesh,East Godavari,Kovvur,Paddy(Common),MTU-1010,Grade Range-2,2400.0,2400.0,2400.0,2,6,26,188.7,190.7,190.54285714285714,0.10872093023255802,0,0.1,33.6,28.4,69.0,31.0,26.5,2.528571428571432,0,0,1,2320.0,1,0,0,0,2400.0,0.0,2400.0,2400.0,2400.0,0.0,0.0,0.0,2400.0,2400.0,0.0,0.0,0.9999999958333333,0.9999999958333333,0,False,True,False,False,False,False,False,False,False,False,False,True,False,False,False,False,False,False,False
2026-06-24,Andhra Pradesh,Bapatla,Kuchinapudi,Paddy(Common),B P T,Local,2400.0,2500.0,2450.0,2,6,26,188.7,190.7,190.54285714285714,0.10872093023255802,0,0.1,33.6,28.4,69.0,31.0,26.5,2.528571428571432,0,0,1,2320.0,1,0,0,0,2450.0,0.0,2450.0,2450.0,2450.0,0.0,0.0,0.0,2450.0,2450.0,0.0,0.0,0.9999999959183673,0.9999999959183673,0,False,False,True,False,False,False,False,False,False,False,True,False,False,False,False,False,False,False,False
2026-06-24,Andhra Pradesh,NTR,Mylavaram,Paddy(Common),1001,FAQ,2369.0,2369.0,2369.0,2,6,26,188.7,190.7,190.54285714285714,0.10872093023255802,0,0.1,33.6,28.4,69.0,31.0,26.5,2.528571428571432,0,0,1,2320.0,1,0,0,0,2369.0,0.0,2369.0,2369.0,2369.0,0.0,0.0,0.0,2369.0,2369.0,0.0,0.0,0.9999999957788096,0.9999999957788096,0,False,False,False,True,False,False,False,False,False,False,False,False,False,False,False,True,False,False,False
2026-06-24,Andhra Pradesh,NTR,Nandigama,Paddy(Common),B P T,Grade Range-1,1870.0,1870.0,1870.0,2,6,26,188.7,190.7,190.54285714285714,0.10872093023255802,0,0.1,33.6,28.4,69.0,31.0,26.5,2.528571428571432,0,0,1,2320.0,1,0,0,0,1870.0,0.0,1820.0,1860.0,1820.0,0.02747252732157952,0.0053763440571164296,0.02747252732157952,1867.142857142857,1845.0,57.07138387268007,46.03510366264834,1.001530216518201,1.0135501300078584,0,False,False,False,False,True,False,False,False,False,False,False,False,False,False,False,True,False,False,False
2026-06-24,Andhra Pradesh,Eluru,Polavaram,Paddy(Common),1001,Local,2390.0,2390.0,2390.0,2,6,26,188.7,190.7,190.54285714285714,0.10872093023255802,0,0.1,33.6,28.4,69.0,31.0,26.5,2.528571428571432,0,0,1,2320.0,1,0,0,0,2390.0,0.0,2390.0,2390.0,2390.0,0.0,0.0,0.0,2390.0,2389.5,0.0,0.5188745216870191,0.9999999958158995,1.0002092446109676,0,False,False,False,False,False,True,False,False,False,False,False,False,True,False,False,False,False,False,False
2026-06-24,Andhra Pradesh,SPSR Nellore,Rapur,Paddy(Common),,,2370.0,2400.0,2385.0,2,6,26,188.7,190.7,190.54285714285714,0.10872093023255802,0,0.1,33.6,28.4,69.0,31.0,26.5,2.528571428571432,0,0,1,2320.0,1,0,0,0,2370.0,-0.006289308149730364,2385.0,2385.0,2385.0,0.0,0.0,0.0,2385.0,2385.0,0.0,0.0,0.9999999958071278,0.9999999958071278,0,False,False,False,False,False,False,False,True,False,False,False,False,False,False,False,False,False,False,True
2026-06-24,Andhra Pradesh,NTR,Tiruvuru,Paddy(Common),Sona,Local,2450.0,2450.0,2450.0,2,6,26,188.7,190.7,190.54285714285714,0.10872093023255802,0,0.1,33.6,28.4,69.0,31.0,26.5,2.528571428571432,0,0,1,2320.0,1,0,0,0,2450.0,0.0,2450.0,2450.0,2450.0,0.0,0.0,0.0,2450.0,2446.4285714285716,0.0,13.363062095621617,0.9999999959183673,1.0014598499210399,0,False,False,False,False,False,False,False,False,True,False,False,False,False,False,False,True,False,False,False
2026-06-25,Andhra Pradesh,Kakinada,Jaggampet,Paddy(Common),,,2369.0,2379.0,2379.0,3,6,26,212.1,188.7,206.4714285714286,-0.010487676979548999,0,0.2,33.7,27.3,65.0,30.5,24.999999999999996,1.0285714285714285,0,0,1,2320.0,1,0,0,0,2379.0,0.0,2379.0,2379.0,2379.0,0.0,0.0,0.0,2379.0,2379.0,0.0,0.0,0.9999999957965531,0.9999999957965531,0,True,False,False,False,False,False,False,False,False,False,False,False,False,True,False,False,False,False,False
2026-06-25,Andhra Pradesh,East Godavari,Kovvur,Paddy(Common),MTU-1010,Grade Range-2,2400.0,2400.0,2400.0,3,6,26,212.1,188.7,206.4714285714286,-0.010487676979548999,0,0.2,33.7,27.3,65.0,30.5,24.999999999999996,1.0285714285714285,0,0,1,2320.0,1,0,0,0,2400.0,0.0,2400.0,2400.0,2400.0,0.0,0.0,0.0,2400.0,2400.0,0.0,0.0,0.9999999958333333,0.9999999958333333,0,False,True,False,False,False,False,False,False,False,False,False,True,False,False,False,False,False,False,False
2026-06-25,Andhra Pradesh,Bapatla,Kuchinapudi,Paddy(Common),B P T,Local,2400.0,2500.0,2450.0,3,6,26,212.1,188.7,206.4714285714286,-0.010487676979548999,0,0.2,33.7,27.3,65.0,30.5,24.999999999999996,1.0285714285714285,0,0,1,2320.0,1,0,0,0,2450.0,0.0,2450.0,2450.0,2450.0,0.0,0.0,0.0,2450.0,2450.0,0.0,0.0,0.9999999959183673,0.9999999959183673,0,False,False,True,False,False,False,False,False,False,False,True,False,False,False,False,False,False,False,False
2026-06-25,Andhra Pradesh,NTR,Mylavaram,Paddy(Common),1001,FAQ,2369.0,2369.0,2369.0,3,6,26,212.1,188.7,206.4714285714286,-0.010487676979548999,0,0.2,33.7,27.3,65.0,30.5,24.999999999999996,1.0285714285714285,0,0,1,2320.0,1,0,0,0,2369.0,0.0,2369.0,2369.0,2369.0,0.0,0.0,0.0,2369.0,2369.0,0.0,0.0,0.9999999957788096,0.9999999957788096,0,False,False,False,True,False,False,False,False,False,False,False,False,False,False,False,True,False,False,False
2026-06-25,Andhra Pradesh,NTR,Nandigama,Paddy(Common),B P T,Grade Range-1,1870.0,1870.0,1870.0,3,6,26,212.1,188.7,206.4714285714286,-0.010487676979548999,0,0.2,33.7,27.3,65.0,30.5,24.999999999999996,1.0285714285714285,0,0,1,2320.0,1,0,0,0,1920.0,0.026737967771454717,1870.0,1830.0,1850.0,0.0,0.021857923377825557,0.010810810752373995,1874.2857142857142,1848.5714285714287,53.184315625674564,45.885667756877176,0.9977134093109803,1.0115919574334282,0,False,False,False,False,True,False,False,False,False,False,False,False,False,False,False,True,False,False,False
2026-06-25,Andhra Pradesh,Eluru,Polavaram,Paddy(Common),1001,Local,2390.0,2390.0,2390.0,3,6,26,212.1,188.7,206.4714285714286,-0.010487676979548999,0,0.2,33.7,27.3,65.0,30.5,24.999999999999996,1.0285714285714285,0,0,1,2320.0,1,0,0,0,2390.0,0.0,2390.0,2390.0,2390.0,0.0,0.0,0.0,2390.0,2389.5714285714284,0.0,0.5135525910377382,0.9999999958158995,1.0001793465646827,0,False,False,False,False,False,True,False,False,False,False,False,False,True,False,False,False,False,False,False
2026-06-25,Andhra Pradesh,SPSR Nellore,Rapur,Paddy(Common),Common,Local,2350.0,2390.0,2370.0,3,6,26,212.1,188.7,206.4714285714286,-0.010487676979548999,0,0.2,33.7,27.3,65.0,30.5,24.999999999999996,1.0285714285714285,0,0,1,2320.0,1,0,0,0,2370.0,0.0,2385.0,2385.0,2385.0,-0.006289308149730364,-0.006289308149730364,-0.006289308149730364,2385.0,2385.0,0.0,0.0,0.9937106876573975,0.9937106876573975,0,False,False,False,False,False,False,False,True,False,False,False,False,False,False,False,False,False,False,True
2026-06-25,Andhra Pradesh,NTR,Tiruvuru,Paddy(Common),Sona,Local,2450.0,2450.0,2450.0,3,6,26,212.1,188.7,206.4714285714286,-0.010487676979548999,0,0.2,33.7,27.3,65.0,30.5,24.999999999999996,1.0285714285714285,0,0,1,2320.0,1,0,0,0,2450.0,0.0,2450.0,2450.0,2450.0,0.0,0.0,0.0,2450.0,2450.0,0.0,0.0,0.9999999959183673,0.9999999959183673,0,False,False,False,False,False,False,False,False,True,False,False,False,False,False,False,True,False,False,False
2026-06-26,Andhra Pradesh,Kakinada,Jaggampet,Paddy(Common),,,2369.0,2379.0,2379.0,4,6,26,26.3,212.1,200.82857142857142,0.12400635930047699,0,1.8,32.9,28.1,74.0,30.5,25.0,1.028571428571432,0,0,1,2320.0,1,0,0,0,2379.0,0.0,2379.0,2379.0,2379.0,0.0,0.0,0.0,2379.0,2379.0,0.0,0.0,0.9999999957965531,0.9999999957965531,0,True,False,False,False,False,False,False,False,False,False,False,False,False,True,False,False,False,False,False
2026-06-26,Andhra Pradesh,East Godavari,Kovvur,Paddy(Common),MTU-1010,Grade Range-2,2400.0,2400.0,2400.0,4,6,26,26.3,212.1,200.82857142857142,0.12400635930047699,0,1.8,32.9,28.1,74.0,30.5,25.0,1.028571428571432,0,0,1,2320.0,1,0,0,0,2400.0,0.0,2400.0,2400.0,2400.0,0.0,0.0,0.0,2400.0,2400.0,0.0,0.0,0.9999999958333333,0.9999999958333333,0,False,True,False,False,False,False,False,False,False,False,False,True,False,False,False,False,False,False,False
2026-06-26,Andhra Pradesh,Bapatla,Kuchinapudi,Paddy(Common),,,2400.0,2500.0,2450.0,4,6,26,26.3,212.1,200.82857142857142,0.12400635930047699,0,1.8,32.9,28.1,74.0,30.5,25.0,1.028571428571432,0,0,1,2320.0,1,0,0,0,2450.0,0.0,2450.0,2450.0,2450.0,0.0,0.0,0.0,2450.0,2450.0,0.0,0.0,0.9999999959183673,0.9999999959183673,0,False,False,True,False,False,False,False,False,False,False,True,False,False,False,False,False,False,False,False
2026-06-26,Andhra Pradesh,NTR,Mylavaram,Paddy(Common),,,2369.0,2369.0,2369.0,4,6,26,26.3,212.1,200.82857142857142,0.12400635930047699,0,1.8,32.9,28.1,74.0,30.5,25.0,1.028571428571432,0,0,1,2320.0,1,0,0,0,2369.0,0.0,2369.0,2369.0,2369.0,0.0,0.0,0.0,2369.0,2369.0,0.0,0.0,0.9999999957788096,0.9999999957788096,0,False,False,False,True,False,False,False,False,False,False,False,False,False,False,False,True,False,False,False
2026-06-26,Andhra Pradesh,NTR,Nandigama,Paddy(Common),B P T,Grade Range-1,1920.0,1920.0,1920.0,4,6,26,26.3,212.1,200.82857142857142,0.12400635930047699,0,1.8,32.9,28.1,74.0,30.5,25.0,1.028571428571432,0,0,1,2320.0,1,0,0,0,1930.0,0.005208333306206597,1870.0,1820.0,1970.0,0.026737967771454717,0.05494505464315904,-0.025380710531062382,1877.142857142857,1852.142857142857,52.19012860502899,45.434411125112305,1.0228310447794389,1.036637094287343,0,False,False,False,False,True,False,False,False,False,False,False,False,False,False,False,True,False,False,False
2026-06-26,Andhra Pradesh,Eluru,Polavaram,Paddy(Common),,,2390.0,2390.0,2390.0,4,6,26,26.3,212.1,200.82857142857142,0.12400635930047699,0,1.8,32.9,28.1,74.0,30.5,25.0,1.028571428571432,0,0,1,2320.0,1,0,0,0,2390.0,0.0,2390.0,2390.0,2390.0,0.0,0.0,0.0,2390.0,2389.6428571428573,0.0,0.49724515812447,0.9999999958158995,1.0001494503057562,0,False,False,False,False,False,True,False,False,False,False,False,False,True,False,False,False,False,False,False
2026-06-26,Andhra Pradesh,SPSR Nellore,Rapur,Paddy(Common),,,2350.0,2390.0,2370.0,4,6,26,26.3,212.1,200.82857142857142,0.12400635930047699,0,1.8,32.9,28.1,74.0,30.5,25.0,1.028571428571432,0,0,1,2320.0,1,0,0,0,2370.0,0.0,2370.0,2385.0,2385.0,0.0,-0.006289308149730364,-0.006289308149730364,2382.8571428571427,2383.9285714285716,5.6694670951522,4.00891862869299,0.9946043123727637,0.9941572992005385,0,False,False,False,False,False,False,False,True,False,False,False,False,False,False,False,False,False,False,True
2026-06-26,Andhra Pradesh,NTR,Tiruvuru,Paddy(Common),,,2450.0,2450.0,2450.0,4,6,26,26.3,212.1,200.82857142857142,0.12400635930047699,0,1.8,32.9,28.1,74.0,30.5,25.0,1.028571428571432,0,0,1,2320.0,1,0,0,0,2450.0,0.0,2450.0,2450.0,2450.0,0.0,0.0,0.0,2450.0,2450.0,0.0,0.0,0.9999999959183673,0.9999999959183673,0,False,False,False,False,False,False,False,False,True,False,False,False,False,False,False,True,False,False,False
2026-06-27,Andhra Pradesh,Kakinada,Jaggampet,Paddy(Common),,,2369.0,2379.0,2379.0,5,6,26,103.1,26.3,143.29999999999998,-0.876001885902876,0,16.1,32.5,25.9,83.0,29.2,18.099999999999998,-5.87142857142857,0,0,1,2320.0,1,0,0,0,2379.0,0.0,2379.0,2379.0,2379.0,0.0,0.0,0.0,2379.0,2379.0,0.0,0.0,0.9999999957965531,0.9999999957965531,0,True,False,False,False,False,False,False,False,False,False,False,False,False,True,False,False,False,False,False
2026-06-27,Andhra Pradesh,East Godavari,Kovvur,Paddy(Common),,,2400.0,2400.0,2400.0,5,6,26,103.1,26.3,143.29999999999998,-0.876001885902876,0,16.1,32.5,25.9,83.0,29.2,18.099999999999998,-5.87142857142857,0,0,1,2320.0,1,0,0,0,2400.0,0.0,2400.0,2400.0,2400.0,0.0,0.0,0.0,2400.0,2400.0,0.0,0.0,0.9999999958333333,0.9999999958333333,0,False,True,False,False,False,False,False,False,False,False,False,True,False,False,False,False,False,False,False
2026-06-27,Andhra Pradesh,Bapatla,Kuchinapudi,Paddy(Common),B P T,Local,2400.0,2500.0,2450.0,5,6,26,103.1,26.3,143.29999999999998,-0.876001885902876,0,16.1,32.5,25.9,83.0,29.2,18.099999999999998,-5.87142857142857,0,0,1,2320.0,1,0,0,0,2450.0,0.0,2450.0,2450.0,2450.0,0.0,0.0,0.0,2450.0,2450.0,0.0,0.0,0.9999999959183673,0.9999999959183673,0,False,False,True,False,False,False,False,False,False,False,True,False,False,False,False,False,False,False,False
2026-06-27,Andhra Pradesh,NTR,Mylavaram,Paddy(Common),1001,FAQ,2369.0,2369.0,2369.0,5,6,26,103.1,26.3,143.29999999999998,-0.876001885902876,0,16.1,32.5,25.9,83.0,29.2,18.099999999999998,-5.87142857142857,0,0,1,2320.0,1,0,0,0,2369.0,0.0,2369.0,2369.0,2369.0,0.0,0.0,0.0,2369.0,2369.0,0.0,0.0,0.9999999957788096,0.9999999957788096,0,False,False,False,True,False,False,False,False,False,False,False,False,False,False,False,True,False,False,False
2026-06-27,Andhra Pradesh,NTR,Nandigama,Paddy(Common),B P T,Grade Range-1,1930.0,1930.0,1930.0,5,6,26,103.1,26.3,143.29999999999998,-0.876001885902876,0,16.1,32.5,25.9,83.0,29.2,18.099999999999998,-5.87142857142857,0,0,1,2320.0,1,0,0,0,1860.0,-0.036269429863888966,1920.0,1870.0,1920.0,0.005208333306206597,0.032085561325745665,0.005208333306206597,1870.0,1860.0,39.15780041490177,47.06787243316439,1.032085555978152,1.037634403023471,0,False,False,False,False,True,False,False,False,False,False,False,False,False,False,False,True,False,False,False
2026-06-27,Andhra Pradesh,Eluru,Polavaram,Paddy(Common),1001,Local,2390.0,2390.0,2390.0,5,6,26,103.1,26.3,143.29999999999998,-0.876001885902876,0,16.1,32.5,25.9,83.0,29.2,18.099999999999998,-5.87142857142857,0,0,1,2320.0,1,0,0,0,2390.0,0.0,2390.0,2390.0,2390.0,0.0,0.0,0.0,2390.0,2389.714285714286,0.0,0.4688072309658813,0.9999999958158995,1.0001195558340286,0,False,False,False,False,False,True,False,False,False,False,False,False,True,False,False,False,False,False,False
2026-06-27,Andhra Pradesh,SPSR Nellore,Rapur,Paddy(Common),,,2350.0,2390.0,2370.0,5,6,26,103.1,26.3,143.29999999999998,-0.876001885902876,0,16.1,32.5,25.9,83.0,29.2,18.099999999999998,-5.87142857142857,0,0,1,2320.0,1,0,0,0,2370.0,0.0,2370.0,2385.0,2385.0,0.0,-0.006289308149730364,-0.006289308149730364,2380.714285714286,2382.8571428571427,7.319250547125197,5.447047794024075,0.9954995457734791,0.9946043123727637,0,False,False,False,False,False,False,False,True,False,False,False,False,False,False,False,False,False,False,True
2026-06-27,Andhra Pradesh,NTR,Tiruvuru,Paddy(Common),,,2450.0,2450.0,2450.0,5,6,26,103.1,26.3,143.29999999999998,-0.876001885902876,0,16.1,32.5,25.9,83.0,29.2,18.099999999999998,-5.87142857142857,0,0,1,2320.0,1,0,0,0,2450.0,0.0,2450.0,2450.0,2450.0,0.0,0.0,0.0,2450.0,2450.0,0.0,0.0,0.9999999959183673,0.9999999959183673,0,False,False,False,False,False,False,False,False,True,False,False,False,False,False,False,True,False,False,False
2026-06-28,Andhra Pradesh,Kakinada,Jaggampet,Paddy(Common),,,2369.0,2379.0,2379.0,6,6,26,16.9,103.1,132.37142857142857,2.9201520912547525,1,1.2,33.3,27.7,80.0,30.5,33.9,9.92857142857143,0,0,1,2320.0,1,0,0,0,2379.0,0.0,2379.0,2379.0,2379.0,0.0,0.0,0.0,2379.0,2379.0,0.0,0.0,0.9999999957965531,0.9999999957965531,0,True,False,False,False,False,False,False,False,False,False,False,False,False,True,False,False,False,False,False
2026-06-28,Andhra Pradesh,East Godavari,Kovvur,Paddy(Common),,,2400.0,2400.0,2400.0,6,6,26,16.9,103.1,132.37142857142857,2.9201520912547525,1,1.2,33.3,27.7,80.0,30.5,33.9,9.92857142857143,0,0,1,2320.0,1,0,0,0,2400.0,0.0,2400.0,2400.0,2400.0,0.0,0.0,0.0,2400.0,2400.0,0.0,0.0,0.9999999958333333,0.9999999958333333,0,False,True,False,False,False,False,False,False,False,False,False,True,False,False,False,False,False,False,False
2026-06-28,Andhra Pradesh,Bapatla,Kuchinapudi,Paddy(Common),,,2400.0,2500.0,2450.0,6,6,26,16.9,103.1,132.37142857142857,2.9201520912547525,1,1.2,33.3,27.7,80.0,30.5,33.9,9.92857142857143,0,0,1,2320.0,1,0,0,0,2450.0,0.0,2450.0,2450.0,2450.0,0.0,0.0,0.0,2450.0,2450.0,0.0,0.0,0.9999999959183673,0.9999999959183673,0,False,False,True,False,False,False,False,False,False,False,True,False,False,False,False,False,False,False,False
2026-06-28,Andhra Pradesh,NTR,Mylavaram,Paddy(Common),,,2369.0,2369.0,2369.0,6,6,26,16.9,103.1,132.37142857142857,2.9201520912547525,1,1.2,33.3,27.7,80.0,30.5,33.9,9.92857142857143,0,0,1,2320.0,1,0,0,0,2369.0,0.0,2369.0,2369.0,2369.0,0.0,0.0,0.0,2369.0,2369.0,0.0,0.0,0.9999999957788096,0.9999999957788096,0,False,False,False,True,False,False,False,False,False,False,False,False,False,False,False,True,False,False,False
2026-06-28,Andhra Pradesh,NTR,Nandigama,Paddy(Common),B P T,Grade Range-1,1860.0,1860.0,1860.0,6,6,26,16.9,103.1,132.37142857142857,2.9201520912547525,1,1.2,33.3,27.7,80.0,30.5,33.9,9.92857142857143,0,0,1,2320.0,1,0,0,0,1910.0,0.02688172028558215,1930.0,1870.0,1860.0,-0.036269429863888966,-0.005347593554290943,0.0,1871.4285714285713,1868.5714285714287,41.403933560540615,48.17550332771988,0.9938931244601131,0.9954128387095643,0,False,False,False,False,True,False,False,False,False,False,False,False,False,False,False,True,False,False,False
2026-06-28,Andhra Pradesh,Eluru,Polavaram,Paddy(Common),,,2390.0,2390.0,2390.0,6,6,26,16.9,103.1,132.37142857142857,2.9201520912547525,1,1.2,33.3,27.7,80.0,30.5,33.9,9.92857142857143,0,0,1,2320.0,1,0,0,0,2389.0,-0.0004184100400903345,2390.0,2390.0,2390.0,0.0,0.0,0.0,2390.0,2389.785714285714,0.0,0.4258153136566813,0.9999999958158995,1.0000896631493392,0,False,False,False,False,False,True,False,False,False,False,False,False,True,False,False,False,False,False,False
2026-06-28,Andhra Pradesh,SPSR Nellore,Rapur,Paddy(Common),,,2350.0,2390.0,2370.0,6,6,26,16.9,103.1,132.37142857142857,2.9201520912547525,1,1.2,33.3,27.7,80.0,30.5,33.9,9.92857142857143,0,0,1,2320.0,1,0,0,0,2370.0,0.0,2370.0,2370.0,2385.0,0.0,0.0,-0.006289308149730364,2378.5714285714284,2381.785714285714,8.017837257383446,6.387229704398927,0.9963963922073424,0.9950517277160821,0,False,False,False,False,False,False,False,True,False,False,False,False,False,False,False,False,False,False,True
2026-06-28,Andhra Pradesh,NTR,Tiruvuru,Paddy(Common),,,2450.0,2450.0,2450.0,6,6,26,16.9,103.1,132.37142857142857,2.9201520912547525,1,1.2,33.3,27.7,80.0,30.5,33.9,9.92857142857143,0,0,1,2320.0,1,0,0,0,2400.0,-0.020408163182007496,2450.0,2450.0,2450.0,0.0,0.0,0.0,2450.0,2450.0,0.0,0.0,0.9999999959183673,0.9999999959183673,0,False,False,False,False,False,False,False,False,True,False,False,False,False,False,False,True,False,False,False
2026-06-29,Andhra Pradesh,Kakinada,Jaggampet,Paddy(Common),,,2369.0,2379.0,2379.0,0,6,27,152.93,16.9,129.97142857142856,-0.8360814742967992,0,1.7,33.1,25.4,79.0,29.25,34.2,6.714285714285715,0,0,1,2320.0,1,0,0,0,2379.0,0.0,2379.0,2379.0,2379.0,0.0,0.0,0.0,2379.0,2379.0,0.0,0.0,0.9999999957965531,0.9999999957965531,0,True,False,False,False,False,False,False,False,False,False,False,False,False,True,False,False,False,False,False
2026-06-29,Andhra Pradesh,East Godavari,Kovvur,Paddy(Common),MTU-1010,Grade Range-2,2400.0,2400.0,2400.0,0,6,27,152.93,16.9,129.97142857142856,-0.8360814742967992,0,1.7,33.1,25.4,79.0,29.25,34.2,6.714285714285715,0,0,1,2320.0,1,0,0,0,2400.0,0.0,2400.0,2400.0,2400.0,0.0,0.0,0.0,2400.0,2400.0,0.0,0.0,0.9999999958333333,0.9999999958333333,0,False,True,False,False,False,False,False,False,False,False,False,True,False,False,False,False,False,False,False
2026-06-29,Andhra Pradesh,Bapatla,Kuchinapudi,Paddy(Common),B P T,Local,2400.0,2500.0,2450.0,0,6,27,152.93,16.9,129.97142857142856,-0.8360814742967992,0,1.7,33.1,25.4,79.0,29.25,34.2,6.714285714285715,0,0,1,2320.0,1,0,0,0,2450.0,0.0,2450.0,2450.0,2450.0,0.0,0.0,0.0,2450.0,2450.0,0.0,0.0,0.9999999959183673,0.9999999959183673,0,False,False,True,False,False,False,False,False,False,False,True,False,False,False,False,False,False,False,False
2026-06-29,Andhra Pradesh,NTR,Mylavaram,Paddy(Common),1001,FAQ,2369.0,2369.0,2369.0,0,6,27,152.93,16.9,129.97142857142856,-0.8360814742967992,0,1.7,33.1,25.4,79.0,29.25,34.2,6.714285714285715,0,0,1,2320.0,1,0,0,0,2369.0,0.0,2369.0,2369.0,2369.0,0.0,0.0,0.0,2369.0,2369.0,0.0,0.0,0.9999999957788096,0.9999999957788096,0,False,False,False,True,False,False,False,False,False,False,False,False,False,False,False,True,False,False,False
2026-06-29,Andhra Pradesh,NTR,Nandigama,Paddy(Common),B P T,Grade Range-1,1910.0,1910.0,1910.0,0,6,27,152.93,16.9,129.97142857142856,-0.8360814742967992,0,1.7,33.1,25.4,79.0,29.25,34.2,6.714285714285715,0,0,1,2320.0,1,0,0,0,1910.0,0.0,1860.0,1920.0,1830.0,0.02688172028558215,-0.005208333306206597,0.043715846755651114,1871.4285714285713,1869.2857142857142,41.403933560540615,47.95258647300038,1.020610681569256,1.0217806594172987,0,False,False,False,False,True,False,False,False,False,False,False,False,False,False,False,True,False,False,False
2026-06-29,Andhra Pradesh,Eluru,Polavaram,Paddy(Common),1001,Local,2389.0,2389.0,2389.0,0,6,27,152.93,16.9,129.97142857142856,-0.8360814742967992,0,1.7,33.1,25.4,79.0,29.25,34.2,6.714285714285715,0,0,1,2320.0,1,0,0,0,2390.0,0.0004185851803324186,2390.0,2390.0,2390.0,-0.0004184100400903345,-0.0004184100400903345,-0.0004184100400903345,2390.0,2389.8571428571427,0.0,0.36313651963707394,0.9995815857758091,0.999641337200377,0,False,False,False,False,False,True,False,False,False,False,False,False,True,False,False,False,False,False,False
2026-06-29,Andhra Pradesh,SPSR Nellore,Rapur,Paddy(Common),,,2350.0,2390.0,2370.0,0,6,27,152.93,16.9,129.97142857142856,-0.8360814742967992,0,1.7,33.1,25.4,79.0,29.25,34.2,6.714285714285715,0,0,1,2320.0,1,0,0,0,2370.0,0.0,2370.0,2370.0,2385.0,0.0,0.0,-0.006289308149730364,2376.4285714285716,2380.714285714286,8.017837257383938,7.032108464081174,0.9972948560378333,0.9954995457734791,0,False,False,False,False,False,False,False,True,False,False,False,False,False,False,False,False,False,False,True
2026-06-29,Andhra Pradesh,NTR,Tiruvuru,Paddy(Common),Sona,Local,2400.0,2400.0,2400.0,0,6,27,152.93,16.9,129.97142857142856,-0.8360814742967992,0,1.7,33.1,25.4,79.0,29.25,34.2,6.714285714285715,0,0,1,2320.0,1,0,0,0,2450.0,0.020833333246527776,2450.0,2450.0,2450.0,-0.020408163182007496,-0.020408163182007496,-0.020408163182007496,2450.0,2450.0,0.0,0.0,0.9795918327363597,0.9795918327363597,0,False,False,False,False,False,False,False,False,True,False,False,False,False,False,False,True,False,False,False
2026-06-30,Andhra Pradesh,Kakinada,Jaggampet,Paddy(Common),,,2369.0,2379.0,2379.0,1,6,27,85.3,152.93,127.24714285714286,8.049112426035505,0,1.1,33.1,26.4,75.0,29.75,22.4,-5.085714285714289,0,0,1,2320.0,1,0,0,0,2379.0,0.0,2379.0,2379.0,2379.0,0.0,0.0,0.0,2379.0,2379.0,0.0,0.0,0.9999999957965531,0.9999999957965531,0,True,False,False,False,False,False,False,False,False,False,False,False,False,True,False,False,False,False,False
2026-06-30,Andhra Pradesh,East Godavari,Kovvur,Paddy(Common),MTU-1010,Grade Range-2,2400.0,2400.0,2400.0,1,6,27,85.3,152.93,127.24714285714286,8.049112426035505,0,1.1,33.1,26.4,75.0,29.75,22.4,-5.085714285714289,0,0,1,2320.0,1,0,0,0,2400.0,0.0,2400.0,2400.0,2400.0,0.0,0.0,0.0,2400.0,2400.0,0.0,0.0,0.9999999958333333,0.9999999958333333,0,False,True,False,False,False,False,False,False,False,False,False,True,False,False,False,False,False,False,False
2026-06-30,Andhra Pradesh,Bapatla,Kuchinapudi,Paddy(Common),B P T,Local,2400.0,2500.0,2450.0,1,6,27,85.3,152.93,127.24714285714286,8.049112426035505,0,1.1,33.1,26.4,75.0,29.75,22.4,-5.085714285714289,0,0,1,2320.0,1,0,0,0,2450.0,0.0,2450.0,2450.0,2450.0,0.0,0.0,0.0,2450.0,2450.0,0.0,0.0,0.9999999959183673,0.9999999959183673,0,False,False,True,False,False,False,False,False,False,False,True,False,False,False,False,False,False,False,False
2026-06-30,Andhra Pradesh,NTR,Mylavaram,Paddy(Common),,,2369.0,2369.0,2369.0,1,6,27,85.3,152.93,127.24714285714286,8.049112426035505,0,1.1,33.1,26.4,75.0,29.75,22.4,-5.085714285714289,0,0,1,2320.0,1,0,0,0,2369.0,0.0,2369.0,2369.0,2369.0,0.0,0.0,0.0,2369.0,2369.0,0.0,0.0,0.9999999957788096,0.9999999957788096,0,False,False,False,True,False,False,False,False,False,False,False,False,False,False,False,True,False,False,False
2026-06-30,Andhra Pradesh,NTR,Nandigama,Paddy(Common),B P T,Grade Range-1,1910.0,1910.0,1910.0,1,6,27,85.3,152.93,127.24714285714286,8.049112426035505,0,1.1,33.1,26.4,75.0,29.75,22.4,-5.085714285714289,0,0,1,2320.0,1,0,0,0,1910.0,0.0,1910.0,1930.0,1820.0,0.0,-0.010362694246825418,0.04945054917884314,1882.857142857143,1875.7142857142858,39.03600291794054,46.85727686928075,1.014415776099461,1.0182787455232665,0,False,False,False,False,True,False,False,False,False,False,False,False,False,False,False,True,False,False,False
2026-06-30,Andhra Pradesh,Eluru,Polavaram,Paddy(Common),1001,Local,2390.0,2390.0,2390.0,1,6,27,85.3,152.93,127.24714285714286,8.049112426035505,0,1.1,33.1,26.4,75.0,29.75,22.4,-5.085714285714289,0,0,1,2320.0,1,0,0,0,2390.0,0.0,2389.0,2390.0,2390.0,0.0004185851803324186,0.0,0.0,2389.8571428571427,2389.8571428571427,0.3779644730266941,0.36313651963707394,1.0000597722515283,1.0000597722515283,0,False,False,False,False,False,True,False,False,False,False,False,False,True,False,False,False,False,False,False
2026-06-30,Andhra Pradesh,SPSR Nellore,Rapur,Paddy(Common),,,2350.0,2390.0,2370.0,1,6,27,85.3,152.93,127.24714285714286,8.049112426035505,0,1.1,33.1,26.4,75.0,29.75,22.4,-5.085714285714289,0,0,1,2320.0,1,0,0,0,2375.0,0.0021097046324485033,2370.0,2370.0,2385.0,0.0,0.0,-0.006289308149730364,2374.285714285714,2379.6428571428573,7.319250547126812,7.45867737148621,0.9981949416441849,0.9959477670889181,0,False,False,False,False,False,False,False,True,False,False,False,False,False,False,False,False,False,False,True
2026-06-30,Andhra Pradesh,NTR,Tiruvuru,Paddy(Common),Sona,Local,2450.0,2450.0,2450.0,1,6,27,85.3,152.93,127.24714285714286,8.049112426035505,0,1.1,33.1,26.4,75.0,29.75,22.4,-5.085714285714289,0,0,1,2320.0,1,0,0,0,2400.0,-0.020408163182007496,2400.0,2450.0,2450.0,0.020833333246527776,0.0,0.0,2442.8571428571427,2446.4285714285716,18.898223650462505,13.363062095621617,1.0029239725026504,1.0014598499210399,0,False,False,False,False,False,False,False,False,True,False,False,False,False,False,False,True,False,False,False
2026-07-01,Andhra Pradesh,Kakinada,Jaggampet,Paddy(Common),,,2369.0,2379.0,2379.0,2,7,27,18365.6,85.3,112.18999999999998,-0.44222847054207814,0,7.0,32.5,25.9,77.0,29.2,22.2,-5.285714285714288,0,0,0,2320.0,0,0,0,0,2379.0,0.0,2379.0,2379.0,2379.0,0.0,0.0,0.0,2379.0,2379.0,0.0,0.0,0.9999999957965531,0.9999999957965531,0,True,False,False,False,False,False,False,False,False,False,False,False,False,True,False,False,False,False,False
2026-07-01,Andhra Pradesh,East Godavari,Kovvur,Paddy(Common),MTU-1010,Grade Range-2,2400.0,2400.0,2400.0,2,7,27,18365.6,85.3,112.18999999999998,-0.44222847054207814,0,7.0,32.5,25.9,77.0,29.2,22.2,-5.285714285714288,0,0,0,2320.0,0,0,0,0,2400.0,0.0,2400.0,2400.0,2400.0,0.0,0.0,0.0,2400.0,2400.0,0.0,0.0,0.9999999958333333,0.9999999958333333,0,False,True,False,False,False,False,False,False,False,False,False,True,False,False,False,False,False,False,False
2026-07-01,Andhra Pradesh,Bapatla,Kuchinapudi,Paddy(Common),B P T,Local,2400.0,2500.0,2450.0,2,7,27,18365.6,85.3,112.18999999999998,-0.44222847054207814,0,7.0,32.5,25.9,77.0,29.2,22.2,-5.285714285714288,0,0,0,2320.0,0,0,0,0,2450.0,0.0,2450.0,2450.0,2450.0,0.0,0.0,0.0,2450.0,2450.0,0.0,0.0,0.9999999959183673,0.9999999959183673,0,False,False,True,False,False,False,False,False,False,False,True,False,False,False,False,False,False,False,False
2026-07-01,Andhra Pradesh,NTR,Mylavaram,Paddy(Common),1001,FAQ,2369.0,2369.0,2369.0,2,7,27,18365.6,85.3,112.18999999999998,-0.44222847054207814,0,7.0,32.5,25.9,77.0,29.2,22.2,-5.285714285714288,0,0,0,2320.0,0,0,0,0,2369.0,0.0,2369.0,2369.0,2369.0,0.0,0.0,0.0,2369.0,2369.0,0.0,0.0,0.9999999957788096,0.9999999957788096,0,False,False,False,True,False,False,False,False,False,False,False,False,False,False,False,True,False,False,False
2026-07-01,Andhra Pradesh,NTR,Nandigama,Paddy(Common),B P T,Grade Range-1,1910.0,1910.0,1910.0,2,7,27,18365.6,85.3,112.18999999999998,-0.44222847054207814,0,7.0,32.5,25.9,77.0,29.2,22.2,-5.285714285714288,0,0,0,2320.0,0,0,0,0,1930.0,0.010471204133658617,1910.0,1860.0,1870.0,0.0,0.02688172028558215,0.021390374217163773,1895.7142857142858,1881.4285714285713,28.199966227604335,45.717719651246114,1.007535789711567,1.0151860234576293,0,False,False,False,False,True,False,False,False,False,False,False,False,False,False,False,True,False,False,False
2026-07-01,Andhra Pradesh,Eluru,Polavaram,Paddy(Common),1001,Local,2390.0,2390.0,2390.0,2,7,27,18365.6,85.3,112.18999999999998,-0.44222847054207814,0,7.0,32.5,25.9,77.0,29.2,22.2,-5.285714285714288,0,0,0,2320.0,0,0,0,0,2390.0,0.0,2390.0,2390.0,2390.0,0.0,0.0,0.0,2389.8571428571427,2389.9285714285716,0.3779644730266941,0.26726124196124523,1.0000597722515283,1.0000298831404348,0,False,False,False,False,False,True,False,False,False,False,False,False,True,False,False,False,False,False,False
2026-07-01,Andhra Pradesh,SPSR Nellore,Rapur,Paddy(Common),Common,Local,2330.0,2390.0,2375.0,2,7,27,18365.6,85.3,112.18999999999998,-0.44222847054207814,0,7.0,32.5,25.9,77.0,29.2,22.2,-5.285714285714288,0,0,0,2320.0,0,0,0,0,2375.0,0.0,2370.0,2370.0,2385.0,0.0021097046324485033,0.0021097046324485033,-0.004192872099820243,2372.1428571428573,2378.5714285714284,5.669467095155673,7.703288865199802,1.0012044522683339,0.9984984943006069,0,False,False,False,False,False,False,False,True,False,False,False,False,False,False,False,False,False,False,True
2026-07-01,Andhra Pradesh,NTR,Tiruvuru,Paddy(Common),Sona,Local,2400.0,2400.0,2400.0,2,7,27,18365.6,85.3,112.18999999999998,-0.44222847054207814,0,7.0,32.5,25.9,77.0,29.2,22.2,-5.285714285714288,0,0,0,2320.0,0,0,0,0,2100.0,-0.12499999947916667,2450.0,2450.0,2450.0,-0.020408163182007496,-0.020408163182007496,-0.020408163182007496,2442.8571428571427,2446.4285714285716,18.898223650462505,13.363062095621617,0.9824561363291269,0.9810218938002023,0,False,False,False,False,False,False,False,False,True,False,False,False,False,False,False,True,False,False,False
2026-07-02,Andhra Pradesh,Kakinada,Jaggampet,Paddy(Common),,,2369.0,2379.0,2379.0,3,7,27,91.6,18365.6,2708.89,214.30597889800703,0,3.4,32.4,26.4,71.0,29.4,29.1,1.6142857142857139,0,0,0,2320.0,0,0,0,0,2379.0,0.0,2379.0,2379.0,2379.0,0.0,0.0,0.0,2379.0,2379.0,0.0,0.0,0.9999999957965531,0.9999999957965531,0,True,False,False,False,False,False,False,False,False,False,False,False,False,True,False,False,False,False,False
2026-07-02,Andhra Pradesh,East Godavari,Kovvur,Paddy(Common),MTU-1010,Grade Range-2,2400.0,2400.0,2400.0,3,7,27,91.6,18365.6,2708.89,214.30597889800703,0,3.4,32.4,26.4,71.0,29.4,29.1,1.6142857142857139,0,0,0,2320.0,0,0,0,0,2400.0,0.0,2400.0,2400.0,2400.0,0.0,0.0,0.0,2400.0,2400.0,0.0,0.0,0.9999999958333333,0.9999999958333333,0,False,True,False,False,False,False,False,False,False,False,False,True,False,False,False,False,False,False,False
2026-07-02,Andhra Pradesh,Bapatla,Kuchinapudi,Paddy(Common),B P T,Local,2400.0,2500.0,2450.0,3,7,27,91.6,18365.6,2708.89,214.30597889800703,0,3.4,32.4,26.4,71.0,29.4,29.1,1.6142857142857139,0,0,0,2320.0,0,0,0,0,2450.0,0.0,2450.0,2450.0,2450.0,0.0,0.0,0.0,2450.0,2450.0,0.0,0.0,0.9999999959183673,0.9999999959183673,0,False,False,True,False,False,False,False,False,False,False,True,False,False,False,False,False,False,False,False
2026-07-02,Andhra Pradesh,NTR,Mylavaram,Paddy(Common),1001,FAQ,2369.0,2369.0,2369.0,3,7,27,91.6,18365.6,2708.89,214.30597889800703,0,3.4,32.4,26.4,71.0,29.4,29.1,1.6142857142857139,0,0,0,2320.0,0,0,0,0,2369.0,0.0,2369.0,2369.0,2369.0,0.0,0.0,0.0,2369.0,2369.0,0.0,0.0,0.9999999957788096,0.9999999957788096,0,False,False,False,True,False,False,False,False,False,False,False,False,False,False,False,True,False,False,False
2026-07-02,Andhra Pradesh,NTR,Nandigama,Paddy(Common),B P T,Grade Range-1,1930.0,1930.0,1930.0,3,7,27,91.6,18365.6,2708.89,214.30597889800703,0,3.4,32.4,26.4,71.0,29.4,29.1,1.6142857142857139,0,0,0,2320.0,0,0,0,0,1870.0,-0.031088082740476256,1910.0,1910.0,1870.0,0.010471204133658617,0.010471204133658617,0.032085561325745665,1901.4285714285713,1887.857142857143,26.09506430251334,42.63955755084615,1.0150262906798018,1.0223231122540584,0,False,False,False,False,True,False,False,False,False,False,False,False,False,False,False,True,False,False,False
2026-07-02,Andhra Pradesh,Eluru,Polavaram,Paddy(Common),1001,Local,2390.0,2390.0,2390.0,3,7,27,91.6,18365.6,2708.89,214.30597889800703,0,3.4,32.4,26.4,71.0,29.4,29.1,1.6142857142857139,0,0,0,2320.0,0,0,0,0,2390.0,0.0,2390.0,2389.0,2390.0,0.0,0.0004185851803324186,0.0,2389.8571428571427,2389.9285714285716,0.3779644730266941,0.26726124196124523,1.0000597722515283,1.0000298831404348,0,False,False,False,False,False,True,False,False,False,False,False,False,True,False,False,False,False,False,False
2026-07-02,Andhra Pradesh,SPSR Nellore,Rapur,Paddy(Common),,,2330.0,2390.0,2375.0,3,7,27,91.6,18365.6,2708.89,214.30597889800703,0,3.4,32.4,26.4,71.0,29.4,29.1,1.6142857142857139,0,0,0,2320.0,0,0,0,0,2375.0,0.0,2375.0,2370.0,2370.0,0.0,0.0021097046324485033,0.0021097046324485033,2370.714285714286,2377.8571428571427,1.889822365099333,7.522858937495654,1.0018077691999672,0.9987984337689462,0,False,False,False,False,False,False,False,True,False,False,False,False,False,False,False,False,False,False,True
2026-07-02,Andhra Pradesh,NTR,Tiruvuru,Paddy(Common),Sona,Local,2100.0,2100.0,2100.0,3,7,27,91.6,18365.6,2708.89,214.30597889800703,0,3.4,32.4,26.4,71.0,29.4,29.1,1.6142857142857139,0,0,0,2320.0,0,0,0,0,2450.0,0.16666666587301587,2400.0,2400.0,2450.0,-0.12499999947916667,-0.12499999947916667,-0.14285714227405247,2435.714285714286,2442.8571428571427,24.397501823713633,18.156825980064443,0.8621700844368383,0.859649119287986,0,False,False,False,False,False,False,False,False,True,False,False,False,False,False,False,True,False,False,False
2026-07-03,Andhra Pradesh,Kakinada,Jaggampet,Paddy(Common),,,2369.0,2379.0,2379.0,4,7,27,313.5,91.6,2691.675714285714,-0.9950124145140916,0,1.3,31.1,26.5,82.0,28.8,32.3,4.81428571428571,0,0,0,2320.0,0,0,0,0,2379.0,0.0,2379.0,2379.0,2379.0,0.0,0.0,0.0,2379.0,2379.0,0.0,0.0,0.9999999957965531,0.9999999957965531,0,True,False,False,False,False,False,False,False,False,False,False,False,False,True,False,False,False,False,False
2026-07-03,Andhra Pradesh,East Godavari,Kovvur,Paddy(Common),MTU-1010,Grade Range-2,2400.0,2400.0,2400.0,4,7,27,313.5,91.6,2691.675714285714,-0.9950124145140916,0,1.3,31.1,26.5,82.0,28.8,32.3,4.81428571428571,0,0,0,2320.0,0,0,0,0,2400.0,0.0,2400.0,2400.0,2400.0,0.0,0.0,0.0,2400.0,2400.0,0.0,0.0,0.9999999958333333,0.9999999958333333,0,False,True,False,False,False,False,False,False,False,False,False,True,False,False,False,False,False,False,False
2026-07-03,Andhra Pradesh,Bapatla,Kuchinapudi,Paddy(Common),B P T,Local,2400.0,2500.0,2450.0,4,7,27,313.5,91.6,2691.675714285714,-0.9950124145140916,0,1.3,31.1,26.5,82.0,28.8,32.3,4.81428571428571,0,0,0,2320.0,0,0,0,0,2450.0,0.0,2450.0,2450.0,2450.0,0.0,0.0,0.0,2450.0,2450.0,0.0,0.0,0.9999999959183673,0.9999999959183673,0,False,False,True,False,False,False,False,False,False,False,True,False,False,False,False,False,False,False,False
2026-07-03,Andhra Pradesh,NTR,Mylavaram,Paddy(Common),1001,FAQ,2369.0,2369.0,2369.0,4,7,27,313.5,91.6,2691.675714285714,-0.9950124145140916,0,1.3,31.1,26.5,82.0,28.8,32.3,4.81428571428571,0,0,0,2320.0,0,0,0,0,2369.0,0.0,2369.0,2369.0,2369.0,0.0,0.0,0.0,2369.0,2369.0,0.0,0.0,0.9999999957788096,0.9999999957788096,0,False,False,False,True,False,False,False,False,False,False,False,False,False,False,False,True,False,False,False
2026-07-03,Andhra Pradesh,NTR,Nandigama,Paddy(Common),B P T,Grade Range-1,1870.0,1870.0,1870.0,4,7,27,313.5,91.6,2691.675714285714,-0.9950124145140916,0,1.3,31.1,26.5,82.0,28.8,32.3,4.81428571428571,0,0,0,2320.0,0,0,0,0,1890.0,0.010695187108581887,1930.0,1910.0,1920.0,-0.031088082740476256,-0.020942408267317233,-0.026041666531032986,1910.0,1893.5714285714287,23.804761428474475,42.536345157297184,0.9790575864970807,0.9875518620046299,0,False,False,False,False,True,False,False,False,False,False,False,False,False,False,False,True,False,False,False
2026-07-03,Andhra Pradesh,Eluru,Polavaram,Paddy(Common),,,2390.0,2390.0,2390.0,4,7,27,313.5,91.6,2691.675714285714,-0.9950124145140916,0,1.3,31.1,26.5,82.0,28.8,32.3,4.81428571428571,0,0,0,2320.0,0,0,0,0,2390.0,0.0,2390.0,2390.0,2390.0,0.0,0.0,0.0,2389.8571428571427,2389.9285714285716,0.3779644730266941,0.26726124196124523,1.0000597722515283,1.0000298831404348,0,False,False,False,False,False,True,False,False,False,False,False,False,True,False,False,False,False,False,False
2026-07-03,Andhra Pradesh,SPSR Nellore,Rapur,Paddy(Common),,,2330.0,2390.0,2375.0,4,7,27,313.5,91.6,2691.675714285714,-0.9950124145140916,0,1.3,31.1,26.5,82.0,28.8,32.3,4.81428571428571,0,0,0,2320.0,0,0,0,0,2375.0,0.0,2375.0,2370.0,2370.0,0.0,0.0021097046324485033,0.0021097046324485033,2371.4285714285716,2377.1428571428573,2.4397501824120638,7.262730392029154,1.0015060198731673,0.9990985534893689,0,False,False,False,False,False,False,False,True,False,False,False,False,False,False,False,False,False,False,True
2026-07-03,Andhra Pradesh,NTR,Tiruvuru,Paddy(Common),Sona,Local,2450.0,2450.0,2450.0,4,7,27,313.5,91.6,2691.675714285714,-0.9950124145140916,0,1.3,31.1,26.5,82.0,28.8,32.3,4.81428571428571,0,0,0,2320.0,0,0,0,0,2450.0,0.0,2100.0,2450.0,2450.0,0.16666666587301587,0.0,0.0,2385.714285714286,2417.8571428571427,128.17398889233039,93.24727848605002,1.0269461034798666,1.0132939396791387,0,False,False,False,False,False,False,False,False,True,False,False,False,False,False,False,True,False,False,False
2026-07-04,Andhra Pradesh,Kakinada,Jaggampet,Paddy(Common),,,2369.0,2379.0,2379.0,5,7,27,114.1,313.5,2732.704285714285,2.4224890829694323,0,4.7,30.6,25.3,82.0,27.950000000000003,31.8,4.314285714285713,0,0,0,2320.0,0,0,0,0,2379.0,0.0,2379.0,2379.0,2379.0,0.0,0.0,0.0,2379.0,2379.0,0.0,0.0,0.9999999957965531,0.9999999957965531,0,True,False,False,False,False,False,False,False,False,False,False,False,False,True,False,False,False,False,False
2026-07-04,Andhra Pradesh,East Godavari,Kovvur,Paddy(Common),MTU-1010,Grade Range-2,2400.0,2400.0,2400.0,5,7,27,114.1,313.5,2732.704285714285,2.4224890829694323,0,4.7,30.6,25.3,82.0,27.950000000000003,31.8,4.314285714285713,0,0,0,2320.0,0,0,0,0,2400.0,0.0,2400.0,2400.0,2400.0,0.0,0.0,0.0,2400.0,2400.0,0.0,0.0,0.9999999958333333,0.9999999958333333,0,False,True,False,False,False,False,False,False,False,False,False,True,False,False,False,False,False,False,False
2026-07-04,Andhra Pradesh,Bapatla,Kuchinapudi,Paddy(Common),,,2400.0,2500.0,2450.0,5,7,27,114.1,313.5,2732.704285714285,2.4224890829694323,0,4.7,30.6,25.3,82.0,27.950000000000003,31.8,4.314285714285713,0,0,0,2320.0,0,0,0,0,2450.0,0.0,2450.0,2450.0,2450.0,0.0,0.0,0.0,2450.0,2450.0,0.0,0.0,0.9999999959183673,0.9999999959183673,0,False,False,True,False,False,False,False,False,False,False,True,False,False,False,False,False,False,False,False
2026-07-04,Andhra Pradesh,NTR,Mylavaram,Paddy(Common),1001,FAQ,2369.0,2369.0,2369.0,5,7,27,114.1,313.5,2732.704285714285,2.4224890829694323,0,4.7,30.6,25.3,82.0,27.950000000000003,31.8,4.314285714285713,0,0,0,2320.0,0,0,0,0,2369.0,0.0,2369.0,2369.0,2369.0,0.0,0.0,0.0,2369.0,2369.0,0.0,0.0,0.9999999957788096,0.9999999957788096,0,False,False,False,True,False,False,False,False,False,False,False,False,False,False,False,True,False,False,False
2026-07-04,Andhra Pradesh,NTR,Nandigama,Paddy(Common),B P T,Grade Range-1,1890.0,1890.0,1890.0,5,7,27,114.1,313.5,2732.704285714285,2.4224890829694323,0,4.7,30.6,25.3,82.0,27.950000000000003,31.8,4.314285714285713,0,0,0,2320.0,0,0,0,0,1960.0,0.03703703684107388,1870.0,1910.0,1930.0,0.010695187108581887,-0.010471204133658617,-0.020725388493650836,1902.857142857143,1886.4285714285713,27.516228977510316,36.71242565947189,0.9932432380234965,1.0018932169532355,0,False,False,False,False,True,False,False,False,False,False,False,False,False,False,False,True,False,False,False
2026-07-04,Andhra Pradesh,Eluru,Polavaram,Paddy(Common),1001,Local,2390.0,2390.0,2390.0,5,7,27,114.1,313.5,2732.704285714285,2.4224890829694323,0,4.7,30.6,25.3,82.0,27.950000000000003,31.8,4.314285714285713,0,0,0,2320.0,0,0,0,0,2390.0,0.0,2390.0,2390.0,2390.0,0.0,0.0,0.0,2389.8571428571427,2389.9285714285716,0.3779644730266941,0.26726124196124523,1.0000597722515283,1.0000298831404348,0,False,False,False,False,False,True,False,False,False,False,False,False,True,False,False,False,False,False,False
2026-07-04,Andhra Pradesh,SPSR Nellore,Rapur,Paddy(Common),,,2330.0,2390.0,2375.0,5,7,27,114.1,313.5,2732.704285714285,2.4224890829694323,0,4.7,30.6,25.3,82.0,27.950000000000003,31.8,4.314285714285713,0,0,0,2320.0,0,0,0,0,2375.0,0.0,2375.0,2375.0,2370.0,0.0,0.0,0.0021097046324485033,2372.1428571428573,2376.4285714285716,2.6726124191609637,6.913913349344839,1.0012044522683339,0.999398853624411,0,False,False,False,False,False,False,False,True,False,False,False,False,False,False,False,False,False,False,True
2026-07-04,Andhra Pradesh,NTR,Tiruvuru,Paddy(Common),Sona,Local,2450.0,2450.0,2450.0,5,7,27,114.1,313.5,2732.704285714285,2.4224890829694323,0,4.7,30.6,25.3,82.0,27.950000000000003,31.8,4.314285714285713,0,0,0,2320.0,0,0,0,0,2450.0,0.0,2450.0,2400.0,2450.0,0.0,0.020833333246527776,0.0,2385.714285714286,2417.8571428571427,128.17398889233039,93.24727848605002,1.0269461034798666,1.0132939396791387,0,False,False,False,False,False,False,False,False,True,False,False,False,False,False,False,True,False,False,False
2026-07-05,Andhra Pradesh,Kakinada,Jaggampet,Paddy(Common),,,2369.0,2379.0,2379.0,6,7,27,26.3,114.1,2734.2757142857145,-0.6360446570972886,1,0.8,29.5,25.9,76.0,27.7,20.4,-7.085714285714289,0,0,0,2320.0,0,0,0,0,2379.0,0.0,2379.0,2379.0,2379.0,0.0,0.0,0.0,2379.0,2379.0,0.0,0.0,0.9999999957965531,0.9999999957965531,0,True,False,False,False,False,False,False,False,False,False,False,False,False,True,False,False,False,False,False
2026-07-05,Andhra Pradesh,East Godavari,Kovvur,Paddy(Common),,,2400.0,2400.0,2400.0,6,7,27,26.3,114.1,2734.2757142857145,-0.6360446570972886,1,0.8,29.5,25.9,76.0,27.7,20.4,-7.085714285714289,0,0,0,2320.0,0,0,0,0,2400.0,0.0,2400.0,2400.0,2400.0,0.0,0.0,0.0,2400.0,2400.0,0.0,0.0,0.9999999958333333,0.9999999958333333,0,False,True,False,False,False,False,False,False,False,False,False,True,False,False,False,False,False,False,False
2026-07-05,Andhra Pradesh,Bapatla,Kuchinapudi,Paddy(Common),,,2400.0,2500.0,2450.0,6,7,27,26.3,114.1,2734.2757142857145,-0.6360446570972886,1,0.8,29.5,25.9,76.0,27.7,20.4,-7.085714285714289,0,0,0,2320.0,0,0,0,0,2450.0,0.0,2450.0,2450.0,2450.0,0.0,0.0,0.0,2450.0,2450.0,0.0,0.0,0.9999999959183673,0.9999999959183673,0,False,False,True,False,False,False,False,False,False,False,True,False,False,False,False,False,False,False,False
2026-07-05,Andhra Pradesh,NTR,Mylavaram,Paddy(Common),,,2369.0,2369.0,2369.0,6,7,27,26.3,114.1,2734.2757142857145,-0.6360446570972886,1,0.8,29.5,25.9,76.0,27.7,20.4,-7.085714285714289,0,0,0,2320.0,0,0,0,0,2369.0,0.0,2369.0,2369.0,2369.0,0.0,0.0,0.0,2369.0,2369.0,0.0,0.0,0.9999999957788096,0.9999999957788096,0,False,False,False,True,False,False,False,False,False,False,False,False,False,False,False,True,False,False,False
2026-07-05,Andhra Pradesh,NTR,Nandigama,Paddy(Common),B P T,Grade Range-1,1960.0,1960.0,1960.0,6,7,27,26.3,114.1,2734.2757142857145,-0.6360446570972886,1,0.8,29.5,25.9,76.0,27.7,20.4,-7.085714285714289,0,0,0,2320.0,0,0,0,0,1970.0,0.00510204079029571,1890.0,1930.0,1860.0,0.03703703684107388,0.015544041370238128,0.0537634405711643,1897.142857142857,1884.2857142857142,24.976179127509603,35.45621041711744,1.0331325246747534,1.040181950506995,0,False,False,False,False,True,False,False,False,False,False,False,False,False,False,False,True,False,False,False
2026-07-05,Andhra Pradesh,Eluru,Polavaram,Paddy(Common),,,2390.0,2390.0,2390.0,6,7,27,26.3,114.1,2734.2757142857145,-0.6360446570972886,1,0.8,29.5,25.9,76.0,27.7,20.4,-7.085714285714289,0,0,0,2320.0,0,0,0,0,2390.0,0.0,2390.0,2390.0,2390.0,0.0,0.0,0.0,2389.8571428571427,2389.9285714285716,0.3779644730266941,0.26726124196124523,1.0000597722515283,1.0000298831404348,0,False,False,False,False,False,True,False,False,False,False,False,False,True,False,False,False,False,False,False
2026-07-05,Andhra Pradesh,SPSR Nellore,Rapur,Paddy(Common),,,2330.0,2390.0,2375.0,6,7,27,26.3,114.1,2734.2757142857145,-0.6360446570972886,1,0.8,29.5,25.9,76.0,27.7,20.4,-7.085714285714289,0,0,0,2320.0,0,0,0,0,2375.0,0.0,2375.0,2375.0,2370.0,0.0,0.0,0.0021097046324485033,2372.8571428571427,2375.714285714286,2.672612419160472,6.4620617265926015,1.0009030662213598,0.9996993343368037,0,False,False,False,False,False,False,False,True,False,False,False,False,False,False,False,False,False,False,True
2026-07-05,Andhra Pradesh,NTR,Tiruvuru,Paddy(Common),,,2450.0,2450.0,2450.0,6,7,27,26.3,114.1,2734.2757142857145,-0.6360446570972886,1,0.8,29.5,25.9,76.0,27.7,20.4,-7.085714285714289,0,0,0,2320.0,0,0,0,0,2450.0,0.0,2450.0,2100.0,2450.0,0.0,0.16666666587301587,0.0,2385.714285714286,2417.8571428571427,128.17398889233039,93.24727848605002,1.0269461034798666,1.0132939396791387,0,False,False,False,False,False,False,False,False,True,False,False,False,False,False,False,True,False,False,False
2026-07-06,Andhra Pradesh,Kakinada,Jaggampet,Paddy(Common),,,2369.0,2379.0,2379.0,0,7,28,250.3,26.3,2735.618571428571,-0.7695004382120947,0,0.1,34.1,28.2,61.0,31.15,20.0,3.3571428571428577,0,0,0,2320.0,0,0,0,0,2379.0,0.0,2379.0,2379.0,2379.0,0.0,0.0,0.0,2379.0,2379.0,0.0,0.0,0.9999999957965531,0.9999999957965531,0,True,False,False,False,False,False,False,False,False,False,False,False,False,True,False,False,False,False,False
2026-07-06,Andhra Pradesh,East Godavari,Kovvur,Paddy(Common),MTU-1010,Grade Range-2,2400.0,2400.0,2400.0,0,7,28,250.3,26.3,2735.618571428571,-0.7695004382120947,0,0.1,34.1,28.2,61.0,31.15,20.0,3.3571428571428577,0,0,0,2320.0,0,0,0,0,2400.0,0.0,2400.0,2400.0,2400.0,0.0,0.0,0.0,2400.0,2400.0,0.0,0.0,0.9999999958333333,0.9999999958333333,0,False,True,False,False,False,False,False,False,False,False,False,True,False,False,False,False,False,False,False
2026-07-06,Andhra Pradesh,Bapatla,Kuchinapudi,Paddy(Common),B P T,Local,2400.0,2500.0,2450.0,0,7,28,250.3,26.3,2735.618571428571,-0.7695004382120947,0,0.1,34.1,28.2,61.0,31.15,20.0,3.3571428571428577,0,0,0,2320.0,0,0,0,0,2450.0,0.0,2450.0,2450.0,2450.0,0.0,0.0,0.0,2450.0,2450.0,0.0,0.0,0.9999999959183673,0.9999999959183673,0,False,False,True,False,False,False,False,False,False,False,True,False,False,False,False,False,False,False,False
2026-07-06,Andhra Pradesh,NTR,Mylavaram,Paddy(Common),1001,FAQ,2369.0,2369.0,2369.0,0,7,28,250.3,26.3,2735.618571428571,-0.7695004382120947,0,0.1,34.1,28.2,61.0,31.15,20.0,3.3571428571428577,0,0,0,2320.0,0,0,0,0,2369.0,0.0,2369.0,2369.0,2369.0,0.0,0.0,0.0,2369.0,2369.0,0.0,0.0,0.9999999957788096,0.9999999957788096,0,False,False,False,True,False,False,False,False,False,False,False,False,False,False,False,True,False,False,False
2026-07-06,Andhra Pradesh,NTR,Nandigama,Paddy(Common),B P T,Grade Range-1,1970.0,1970.0,1970.0,0,7,28,250.3,26.3,2735.618571428571,-0.7695004382120947,0,0.1,34.1,28.2,61.0,31.15,20.0,3.3571428571428577,0,0,0,2320.0,0,0,0,0,1930.0,-0.020304568424849907,1960.0,1870.0,1910.0,0.00510204079029571,0.053475935542909435,0.03141361240097585,1911.4285714285713,1891.4285714285713,28.535691936338814,39.972518031796,1.0306427449816897,1.041540779991854,0,False,False,False,False,True,False,False,False,False,False,False,False,False,False,False,True,False,False,False
2026-07-06,Andhra Pradesh,Eluru,Polavaram,Paddy(Common),1001,Local,2390.0,2390.0,2390.0,0,7,28,250.3,26.3,2735.618571428571,-0.7695004382120947,0,0.1,34.1,28.2,61.0,31.15,20.0,3.3571428571428577,0,0,0,2320.0,0,0,0,0,2390.0,0.0,2390.0,2390.0,2389.0,0.0,0.0,0.0004185851803324186,2389.8571428571427,2389.9285714285716,0.3779644730266941,0.26726124196124523,1.0000597722515283,1.0000298831404348,0,False,False,False,False,False,True,False,False,False,False,False,False,True,False,False,False,False,False,False
2026-07-06,Andhra Pradesh,SPSR Nellore,Rapur,Paddy(Common),,,2330.0,2390.0,2375.0,0,7,28,250.3,26.3,2735.618571428571,-0.7695004382120947,0,0.1,34.1,28.2,61.0,31.15,20.0,2.6499999999999986,0,0,0,2320.0,0,0,0,0,2375.0,0.0,2375.0,2375.0,2370.0,0.0,0.0,0.0021097046324485033,2373.5714285714284,2375.0,2.4397501824104495,5.883484054149877,1.000601861568334,0.9999999957894736,0,False,False,False,False,False,False,False,True,False,False,False,False,False,False,False,False,False,False,True
2026-07-06,Andhra Pradesh,NTR,Tiruvuru,Paddy(Common),Sona,Local,2450.0,2450.0,2450.0,0,7,28,250.3,26.3,2735.618571428571,-0.7695004382120947,0,0.1,34.1,28.2,61.0,31.15,20.0,3.3571428571428577,0,0,0,2320.0,0,0,0,0,2450.0,0.0,2450.0,2450.0,2400.0,0.0,0.0,0.020833333246527776,2385.714285714286,2417.8571428571427,128.17398889233039,93.24727848605002,1.0269461034798666,1.0132939396791387,0,False,False,False,False,False,False,False,False,True,False,False,False,False,False,False,True,False,False,False
2026-07-07,Andhra Pradesh,Kakinada,Jaggampet,Paddy(Common),,,2369.0,2379.0,2379.0,1,7,28,188.7,250.3,2749.528571428571,8.517110266159696,0,1.3,34.8,28.9,64.0,31.849999999999998,18.400000000000002,1.7571428571428598,0,0,0,2320.0,0,0,0,0,2379.0,0.0,2379.0,2379.0,2379.0,0.0,0.0,0.0,2379.0,2379.0,0.0,0.0,0.9999999957965531,0.9999999957965531,0,True,False,False,False,False,False,False,False,False,False,False,False,False,True,False,False,False,False,False
2026-07-07,Andhra Pradesh,East Godavari,Kovvur,Paddy(Common),MTU-1010,Grade Range-2,2400.0,2400.0,2400.0,1,7,28,188.7,250.3,2749.528571428571,8.517110266159696,0,1.3,34.8,28.9,64.0,31.849999999999998,18.400000000000002,1.7571428571428598,0,0,0,2320.0,0,0,0,0,2400.0,0.0,2400.0,2400.0,2400.0,0.0,0.0,0.0,2400.0,2400.0,0.0,0.0,0.9999999958333333,0.9999999958333333,0,False,True,False,False,False,False,False,False,False,False,False,True,False,False,False,False,False,False,False
2026-07-07,Andhra Pradesh,Bapatla,Kuchinapudi,Paddy(Common),B P T,Local,2400.0,2500.0,2450.0,1,7,28,188.7,250.3,2749.528571428571,8.517110266159696,0,1.3,34.8,28.9,64.0,31.849999999999998,18.400000000000002,1.7571428571428598,0,0,0,2320.0,0,0,0,0,2450.0,0.0,2450.0,2450.0,2450.0,0.0,0.0,0.0,2450.0,2450.0,0.0,0.0,0.9999999959183673,0.9999999959183673,0,False,False,True,False,False,False,False,False,False,False,True,False,False,False,False,False,False,False,False
2026-07-07,Andhra Pradesh,NTR,Mylavaram,Paddy(Common),1001,FAQ,2369.0,2369.0,2369.0,1,7,28,188.7,250.3,2749.528571428571,8.517110266159696,0,1.3,34.8,28.9,64.0,31.849999999999998,18.400000000000002,1.7571428571428598,0,0,0,2320.0,0,0,0,0,2369.0,0.0,2369.0,2369.0,2369.0,0.0,0.0,0.0,2369.0,2369.0,0.0,0.0,0.9999999957788096,0.9999999957788096,0,False,False,False,True,False,False,False,False,False,False,False,False,False,False,False,True,False,False,False
2026-07-07,Andhra Pradesh,NTR,Nandigama,Paddy(Common),B P T,Grade Range-1,1930.0,1930.0,1930.0,1,7,28,188.7,250.3,2749.528571428571,8.517110266159696,0,1.3,34.8,28.9,64.0,31.849999999999998,18.400000000000002,1.7571428571428598,0,0,0,2320.0,0,0,0,0,1930.0,0.0,1970.0,1890.0,1910.0,-0.020304568424849907,0.021164021052042216,0.010471204133658617,1920.0,1901.4285714285713,36.05551275463875,40.92340741831435,1.0052083280978732,1.0150262906798018,0,False,False,False,False,True,False,False,False,False,False,False,False,False,False,False,True,False,False,False
2026-07-07,Andhra Pradesh,Eluru,Polavaram,Paddy(Common),,,2390.0,2390.0,2390.0,1,7,28,188.7,250.3,2749.528571428571,8.517110266159696,0,1.3,34.8,28.9,64.0,31.849999999999998,18.400000000000002,1.7571428571428598,0,0,0,2320.0,0,0,0,0,2390.0,0.0,2390.0,2390.0,2390.0,0.0,0.0,0.0,2390.0,2389.9285714285716,0.0,0.26726124196124523,0.9999999958158995,1.0000298831404348,0,False,False,False,False,False,True,False,False,False,False,False,False,True,False,False,False,False,False,False
2026-07-07,Andhra Pradesh,SPSR Nellore,Rapur,Paddy(Common),,,2330.0,2390.0,2375.0,1,7,28,188.7,250.3,2749.528571428571,8.517110266159696,0,1.3,34.8,28.9,64.0,31.849999999999998,18.400000000000002,1.0500000000000007,0,0,0,2320.0,0,0,0,0,2375.0,0.0,2375.0,2375.0,2370.0,0.0,0.0,0.0021097046324485033,2374.285714285714,2374.285714285714,1.8898223650958599,5.135525910135932,1.000300838145544,1.000300838145544,0,False,False,False,False,False,False,False,True,False,False,False,False,False,False,False,False,False,False,True
2026-07-07,Andhra Pradesh,NTR,Tiruvuru,Paddy(Common),Sona,Local,2450.0,2450.0,2450.0,1,7,28,188.7,250.3,2749.528571428571,8.517110266159696,0,1.3,34.8,28.9,64.0,31.849999999999998,18.400000000000002,1.7571428571428598,0,0,0,2320.0,0,0,0,0,2450.0,0.0,2450.0,2450.0,2450.0,0.0,0.0,0.0,2392.8571428571427,2417.8571428571427,130.47532151257326,93.24727848605002,1.0238805927360215,1.0132939396791387,0,False,False,False,False,False,False,False,False,True,False,False,False,False,False,False,True,False,False,False
2026-07-08,Andhra Pradesh,Kakinada,Jaggampet,Paddy(Common),,,2369.0,2379.0,2379.0,2,7,28,295.6,188.7,2764.2999999999997,-0.24610467439073125,0,0.8,34.4,28.4,66.0,31.4,18.6,1.957142857142859,0,0,0,2320.0,0,0,0,0,2379.0,0.0,2379.0,2379.0,2379.0,0.0,0.0,0.0,2379.0,2379.0,0.0,0.0,0.9999999957965531,0.9999999957965531,0,True,False,False,False,False,False,False,False,False,False,False,False,False,True,False,False,False,False,False
2026-07-08,Andhra Pradesh,East Godavari,Kovvur,Paddy(Common),MTU-1010,Grade Range-2,2400.0,2400.0,2400.0,2,7,28,295.6,188.7,2764.2999999999997,-0.24610467439073125,0,0.8,34.4,28.4,66.0,31.4,18.6,1.957142857142859,0,0,0,2320.0,0,0,0,0,2400.0,0.0,2400.0,2400.0,2400.0,0.0,0.0,0.0,2400.0,2400.0,0.0,0.0,0.9999999958333333,0.9999999958333333,0,False,True,False,False,False,False,False,False,False,False,False,True,False,False,False,False,False,False,False
2026-07-08,Andhra Pradesh,Bapatla,Kuchinapudi,Paddy(Common),B P T,Local,2400.0,2500.0,2450.0,2,7,28,295.6,188.7,2764.2999999999997,-0.24610467439073125,0,0.8,34.4,28.4,66.0,31.4,18.6,1.957142857142859,0,0,0,2320.0,0,0,0,0,2450.0,0.0,2450.0,2450.0,2450.0,0.0,0.0,0.0,2450.0,2450.0,0.0,0.0,0.9999999959183673,0.9999999959183673,0,False,False,True,False,False,False,False,False,False,False,True,False,False,False,False,False,False,False,False
2026-07-08,Andhra Pradesh,NTR,Mylavaram,Paddy(Common),,,2369.0,2369.0,2369.0,2,7,28,295.6,188.7,2764.2999999999997,-0.24610467439073125,0,0.8,34.4,28.4,66.0,31.4,18.6,1.957142857142859,0,0,0,2320.0,0,0,0,0,2369.0,0.0,2369.0,2369.0,2369.0,0.0,0.0,0.0,2369.0,2369.0,0.0,0.0,0.9999999957788096,0.9999999957788096,0,False,False,False,True,False,False,False,False,False,False,False,False,False,False,False,True,False,False,False
2026-07-08,Andhra Pradesh,NTR,Nandigama,Paddy(Common),,,1930.0,1930.0,1930.0,2,7,28,295.6,188.7,2764.2999999999997,-0.24610467439073125,0,0.8,34.4,28.4,66.0,31.4,18.6,1.957142857142859,0,0,0,2320.0,0,0,0,0,1960.0,0.015544041370238128,1930.0,1960.0,1910.0,0.0,-0.01530612237088713,0.010471204133658617,1922.857142857143,1909.2857142857142,35.92319850007941,34.07328881967649,1.0037147050326873,1.010849227777071,0,False,False,False,False,True,False,False,False,False,False,False,False,False,False,False,True,False,False,False
2026-07-08,Andhra Pradesh,Eluru,Polavaram,Paddy(Common),1001,Local,2390.0,2390.0,2390.0,2,7,28,295.6,188.7,2764.2999999999997,-0.24610467439073125,0,0.8,34.4,28.4,66.0,31.4,18.6,1.957142857142859,0,0,0,2320.0,0,0,0,0,2390.0,0.0,2390.0,2390.0,2390.0,0.0,0.0,0.0,2390.0,2389.9285714285716,0.0,0.26726124196124523,0.9999999958158995,1.0000298831404348,0,False,False,False,False,False,True,False,False,False,False,False,False,True,False,False,False,False,False,False
2026-07-08,Andhra Pradesh,SPSR Nellore,Rapur,Paddy(Common),,,2330.0,2390.0,2375.0,2,7,28,295.6,188.7,2764.2999999999997,-0.24610467439073125,0,0.8,34.4,28.4,66.0,31.4,18.6,1.25,0,0,0,2320.0,0,0,0,0,2380.0,0.0021052631490304707,2375.0,2375.0,2375.0,0.0,0.0,0.0,2375.0,2373.5714285714284,0.0,4.127101529283983,0.9999999957894736,1.000601861568334,0,False,False,False,False,False,False,False,True,False,False,False,False,False,False,False,False,False,False,True
2026-07-08,Andhra Pradesh,NTR,Tiruvuru,Paddy(Common),Sona,Local,2450.0,2450.0,2450.0,2,7,28,295.6,188.7,2764.2999999999997,-0.24610467439073125,0,0.8,34.4,28.4,66.0,31.4,18.6,1.957142857142859,0,0,0,2320.0,0,0,0,0,2450.0,0.0,2450.0,2450.0,2400.0,0.0,0.0,0.020833333246527776,2392.8571428571427,2417.8571428571427,130.47532151257326,93.24727848605002,1.0238805927360215,1.0132939396791387,0,False,False,False,False,False,False,False,False,True,False,False,False,False,False,False,True,False,False,False
2026-07-09,Andhra Pradesh,Kakinada,Jaggampet,Paddy(Common),,,2369.0,2379.0,2379.0,3,7,28,134.6,295.6,182.87142857142857,0.5665076841547432,0,5.4,33.0,27.2,78.0,30.1,12.4,-4.242857142857142,0,0,0,2320.0,0,0,0,0,2379.0,0.0,2379.0,2379.0,2379.0,0.0,0.0,0.0,2379.0,2379.0,0.0,0.0,0.9999999957965531,0.9999999957965531,0,True,False,False,False,False,False,False,False,False,False,False,False,False,True,False,False,False,False,False
2026-07-09,Andhra Pradesh,East Godavari,Kovvur,Paddy(Common),MTU-1010,Grade Range-2,2400.0,2400.0,2400.0,3,7,28,134.6,295.6,182.87142857142857,0.5665076841547432,0,5.4,33.0,27.2,78.0,30.1,12.4,-4.242857142857142,0,0,0,2320.0,0,0,0,0,2400.0,0.0,2400.0,2400.0,2400.0,0.0,0.0,0.0,2400.0,2400.0,0.0,0.0,0.9999999958333333,0.9999999958333333,0,False,True,False,False,False,False,False,False,False,False,False,True,False,False,False,False,False,False,False
2026-07-09,Andhra Pradesh,Bapatla,Kuchinapudi,Paddy(Common),B P T,Local,2400.0,2500.0,2450.0,3,7,28,134.6,295.6,182.87142857142857,0.5665076841547432,0,5.4,33.0,27.2,78.0,30.1,12.4,-4.242857142857142,0,0,0,2320.0,0,0,0,0,2450.0,0.0,2450.0,2450.0,2450.0,0.0,0.0,0.0,2450.0,2450.0,0.0,0.0,0.9999999959183673,0.9999999959183673,0,False,False,True,False,False,False,False,False,False,False,True,False,False,False,False,False,False,False,False
2026-07-09,Andhra Pradesh,NTR,Mylavaram,Paddy(Common),1001,FAQ,2369.0,2369.0,2369.0,3,7,28,134.6,295.6,182.87142857142857,0.5665076841547432,0,5.4,33.0,27.2,78.0,30.1,12.4,-4.242857142857142,0,0,0,2320.0,0,0,0,0,2369.0,0.0,2369.0,2369.0,2369.0,0.0,0.0,0.0,2369.0,2369.0,0.0,0.0,0.9999999957788096,0.9999999957788096,0,False,False,False,True,False,False,False,False,False,False,False,False,False,False,False,True,False,False,False
2026-07-09,Andhra Pradesh,NTR,Nandigama,Paddy(Common),B P T,Grade Range-1,1960.0,1960.0,1960.0,3,7,28,134.6,295.6,182.87142857142857,0.5665076841547432,0,5.4,33.0,27.2,78.0,30.1,12.4,-4.242857142857142,0,0,0,2320.0,0,0,0,0,1910.0,-0.02551020395147855,1930.0,1970.0,1930.0,0.015544041370238128,-0.005076142106212477,0.015544041370238128,1925.7142857142858,1913.5714285714287,35.523298860109804,32.488374928496974,1.0178041490173375,1.0242627792685035,0,False,False,False,False,True,False,False,False,False,False,False,False,False,False,False,True,False,False,False
2026-07-09,Andhra Pradesh,Eluru,Polavaram,Paddy(Common),1001,Local,2390.0,2390.0,2390.0,3,7,28,134.6,295.6,182.87142857142857,0.5665076841547432,0,5.4,33.0,27.2,78.0,30.1,12.4,-4.242857142857142,0,0,0,2320.0,0,0,0,0,2390.0,0.0,2390.0,2390.0,2390.0,0.0,0.0,0.0,2390.0,2389.9285714285716,0.0,0.26726124196124523,0.9999999958158995,1.0000298831404348,0,False,False,False,False,False,True,False,False,False,False,False,False,True,False,False,False,False,False,False
2026-07-09,Andhra Pradesh,NTR,Tiruvuru,Paddy(Common),Sona,Local,2450.0,2450.0,2450.0,3,7,28,134.6,295.6,182.87142857142857,0.5665076841547432,0,5.4,33.0,27.2,78.0,30.1,12.4,-4.242857142857142,0,0,0,2320.0,0,0,0,0,2459.0,0.003673469372761349,2450.0,2450.0,2100.0,0.0,0.0,0.16666666587301587,2400.0,2417.8571428571427,132.28756555322906,93.24727848605002,1.020833329079861,1.0132939396791387,0,False,False,False,False,False,False,False,False,True,False,False,False,False,False,False,True,False,False,False
2026-07-10,Andhra Pradesh,Kakinada,Jaggampet,Paddy(Common),,,2369.0,2379.0,2379.0,4,7,28,135.0,134.6,189.01428571428573,-0.5446549391069013,0,5.6,34.3,26.9,73.0,30.599999999999998,14.4,-2.242857142857142,0,0,0,2320.0,0,0,0,0,2379.0,0.0,2379.0,2379.0,2379.0,0.0,0.0,0.0,2379.0,2379.0,0.0,0.0,0.9999999957965531,0.9999999957965531,0,True,False,False,False,False,False,False,False,False,False,False,False,False,True,False,False,False,False,False
2026-07-10,Andhra Pradesh,East Godavari,Kovvur,Paddy(Common),MTU-1010,Grade Range-2,2400.0,2400.0,2400.0,4,7,28,135.0,134.6,189.01428571428573,-0.5446549391069013,0,5.6,34.3,26.9,73.0,30.599999999999998,14.4,-2.242857142857142,0,0,0,2320.0,0,0,0,0,2400.0,0.0,2400.0,2400.0,2400.0,0.0,0.0,0.0,2400.0,2400.0,0.0,0.0,0.9999999958333333,0.9999999958333333,0,False,True,False,False,False,False,False,False,False,False,False,True,False,False,False,False,False,False,False
2026-07-10,Andhra Pradesh,Bapatla,Kuchinapudi,Paddy(Common),B P T,Local,2400.0,2500.0,2450.0,4,7,28,135.0,134.6,189.01428571428573,-0.5446549391069013,0,5.6,34.3,26.9,73.0,30.599999999999998,14.4,-2.242857142857142,0,0,0,2320.0,0,0,0,0,2450.0,0.0,2450.0,2450.0,2450.0,0.0,0.0,0.0,2450.0,2450.0,0.0,0.0,0.9999999959183673,0.9999999959183673,0,False,False,True,False,False,False,False,False,False,False,True,False,False,False,False,False,False,False,False
2026-07-10,Andhra Pradesh,NTR,Mylavaram,Paddy(Common),1001,FAQ,2369.0,2369.0,2369.0,4,7,28,135.0,134.6,189.01428571428573,-0.5446549391069013,0,5.6,34.3,26.9,73.0,30.599999999999998,14.4,-2.242857142857142,0,0,0,2320.0,0,0,0,0,2369.0,0.0,2369.0,2369.0,2369.0,0.0,0.0,0.0,2369.0,2369.0,0.0,0.0,0.9999999957788096,0.9999999957788096,0,False,False,False,True,False,False,False,False,False,False,False,False,False,False,False,True,False,False,False
2026-07-10,Andhra Pradesh,NTR,Nandigama,Paddy(Common),B P T,Grade Range-1,1910.0,1910.0,1910.0,4,7,28,135.0,134.6,189.01428571428573,-0.5446549391069013,0,5.6,34.3,26.9,73.0,30.599999999999998,14.4,-2.242857142857142,0,0,0,2320.0,0,0,0,0,1970.0,0.03141361240097585,1960.0,1930.0,1870.0,-0.02551020395147855,-0.010362694246825418,0.021390374217163773,1930.0,1920.0,37.85938897200073,32.1055950072464,0.9896373005718274,0.99479166148546,0,False,False,False,False,True,False,False,False,False,False,False,False,False,False,False,True,False,False,False
2026-07-10,Andhra Pradesh,Eluru,Polavaram,Paddy(Common),,,2390.0,2390.0,2390.0,4,7,28,135.0,134.6,189.01428571428573,-0.5446549391069013,0,5.6,34.3,26.9,73.0,30.599999999999998,14.4,-2.242857142857142,0,0,0,2320.0,0,0,0,0,2390.0,0.0,2390.0,2390.0,2390.0,0.0,0.0,0.0,2390.0,2389.9285714285716,0.0,0.26726124196124523,0.9999999958158995,1.0000298831404348,0,False,False,False,False,False,True,False,False,False,False,False,False,True,False,False,False,False,False,False
2026-07-10,Andhra Pradesh,NTR,Tiruvuru,Paddy(Common),Sona,Local,2459.0,2459.0,2459.0,4,7,28,135.0,134.6,189.01428571428573,-0.5446549391069013,0,5.6,34.3,26.9,73.0,30.599999999999998,14.4,-2.242857142857142,0,0,0,2320.0,0,0,0,0,2459.0,0.0,2450.0,2450.0,2450.0,0.003673469372761349,0.003673469372761349,0.003673469372761349,2450.0,2417.8571428571427,0.0,93.24727848605002,1.0036734652911286,1.0170162439473478,0,False,False,False,False,False,False,False,False,True,False,False,False,False,False,False,True,False,False,False
2026-07-11,Andhra Pradesh,Kakinada,Jaggampet,Paddy(Common),,,2369.0,2379.0,2379.0,5,7,28,3.1,135.0,163.5142857142857,0.002971768202080227,1,0.0,34.9,28.6,66.0,31.75,18.700000000000003,2.0571428571428605,0,0,0,2320.0,0,0,0,0,2379.0,0.0,2379.0,2379.0,2379.0,0.0,0.0,0.0,2379.0,2379.0,0.0,0.0,0.9999999957965531,0.9999999957965531,0,True,False,False,False,False,False,False,False,False,False,False,False,False,True,False,False,False,False,False
2026-07-11,Andhra Pradesh,East Godavari,Kovvur,Paddy(Common),MTU-1010,Grade Range-2,2400.0,2400.0,2400.0,5,7,28,3.1,135.0,163.5142857142857,0.002971768202080227,1,0.0,34.9,28.6,66.0,31.75,18.700000000000003,2.0571428571428605,0,0,0,2320.0,0,0,0,0,2400.0,0.0,2400.0,2400.0,2400.0,0.0,0.0,0.0,2400.0,2400.0,0.0,0.0,0.9999999958333333,0.9999999958333333,0,False,True,False,False,False,False,False,False,False,False,False,True,False,False,False,False,False,False,False
2026-07-11,Andhra Pradesh,Bapatla,Kuchinapudi,Paddy(Common),,,2400.0,2500.0,2450.0,5,7,28,3.1,135.0,163.5142857142857,0.002971768202080227,1,0.0,34.9,28.6,66.0,31.75,18.700000000000003,2.0571428571428605,0,0,0,2320.0,0,0,0,0,2450.0,0.0,2450.0,2450.0,2450.0,0.0,0.0,0.0,2450.0,2450.0,0.0,0.0,0.9999999959183673,0.9999999959183673,0,False,False,True,False,False,False,False,False,False,False,True,False,False,False,False,False,False,False,False
2026-07-11,Andhra Pradesh,NTR,Mylavaram,Paddy(Common),,,2369.0,2369.0,2369.0,5,7,28,3.1,135.0,163.5142857142857,0.002971768202080227,1,0.0,34.9,28.6,66.0,31.75,18.700000000000003,2.0571428571428605,0,0,0,2320.0,0,0,0,0,2369.0,0.0,2369.0,2369.0,2369.0,0.0,0.0,0.0,2369.0,2369.0,0.0,0.0,0.9999999957788096,0.9999999957788096,0,False,False,False,True,False,False,False,False,False,False,False,False,False,False,False,True,False,False,False
2026-07-11,Andhra Pradesh,NTR,Nandigama,Paddy(Common),B P T,Grade Range-1,1970.0,1970.0,1970.0,5,7,28,3.1,135.0,163.5142857142857,0.002971768202080227,1,0.0,34.9,28.6,66.0,31.75,18.700000000000003,2.0571428571428605,0,0,0,2320.0,0,0,0,0,1970.0,0.0,1910.0,1930.0,1890.0,0.03141361240097585,0.020725388493650836,0.04232804210408443,1935.7142857142858,1919.2857142857142,29.358214555804977,32.216643026736676,1.0177121718642175,1.0264235153070602,0,False,False,False,False,True,False,False,False,False,False,False,False,False,False,False,True,False,False,False
2026-07-11,Andhra Pradesh,Eluru,Polavaram,Paddy(Common),1001,Local,2390.0,2390.0,2390.0,5,7,28,3.1,135.0,163.5142857142857,0.002971768202080227,1,0.0,34.9,28.6,66.0,31.75,18.700000000000003,2.0571428571428605,0,0,0,2320.0,0,0,0,0,2390.0,0.0,2390.0,2390.0,2390.0,0.0,0.0,0.0,2390.0,2389.9285714285716,0.0,0.26726124196124523,0.9999999958158995,1.0000298831404348,0,False,False,False,False,False,True,False,False,False,False,False,False,True,False,False,False,False,False,False
2026-07-11,Andhra Pradesh,NTR,Tiruvuru,Paddy(Common),,,2459.0,2459.0,2459.0,5,7,28,3.1,135.0,163.5142857142857,0.002971768202080227,1,0.0,34.9,28.6,66.0,31.75,18.700000000000003,2.0571428571428605,0,0,0,2320.0,0,0,0,0,2459.0,0.0,2459.0,2450.0,2450.0,0.0,0.003673469372761349,0.003673469372761349,2451.285714285714,2418.5,3.4016802571047524,93.5165555067453,1.0031470324482608,1.0167459126865994,0,False,False,False,False,False,False,False,False,True,False,False,False,False,False,False,True,False,False,False
2026-07-12,Andhra Pradesh,Kakinada,Jaggampet,Paddy(Common),,,2369.0,2379.0,2379.0,6,7,28,18.9,3.1,147.65714285714287,-0.977037037037037,1,0.1,34.9,28.0,65.0,31.45,14.0,-2.6428571428571423,0,0,0,2320.0,0,0,0,0,2379.0,0.0,2379.0,2379.0,2379.0,0.0,0.0,0.0,2379.0,2379.0,0.0,0.0,0.9999999957965531,0.9999999957965531,0,True,False,False,False,False,False,False,False,False,False,False,False,False,True,False,False,False,False,False
2026-07-12,Andhra Pradesh,East Godavari,Kovvur,Paddy(Common),,,2400.0,2400.0,2400.0,6,7,28,18.9,3.1,147.65714285714287,-0.977037037037037,1,0.1,34.9,28.0,65.0,31.45,14.0,-2.6428571428571423,0,0,0,2320.0,0,0,0,0,2400.0,0.0,2400.0,2400.0,2400.0,0.0,0.0,0.0,2400.0,2400.0,0.0,0.0,0.9999999958333333,0.9999999958333333,0,False,True,False,False,False,False,False,False,False,False,False,True,False,False,False,False,False,False,False
2026-07-12,Andhra Pradesh,Bapatla,Kuchinapudi,Paddy(Common),B P T,Local,2400.0,2500.0,2450.0,6,7,28,18.9,3.1,147.65714285714287,-0.977037037037037,1,0.1,34.9,28.0,65.0,31.45,14.0,-2.6428571428571423,0,0,0,2320.0,0,0,0,0,2450.0,0.0,2450.0,2450.0,2450.0,0.0,0.0,0.0,2450.0,2450.0,0.0,0.0,0.9999999959183673,0.9999999959183673,0,False,False,True,False,False,False,False,False,False,False,True,False,False,False,False,False,False,False,False
2026-07-12,Andhra Pradesh,NTR,Mylavaram,Paddy(Common),,,2369.0,2369.0,2369.0,6,7,28,18.9,3.1,147.65714285714287,-0.977037037037037,1,0.1,34.9,28.0,65.0,31.45,14.0,-2.6428571428571423,0,0,0,2320.0,0,0,0,0,2369.0,0.0,2369.0,2369.0,2369.0,0.0,0.0,0.0,2369.0,2369.0,0.0,0.0,0.9999999957788096,0.9999999957788096,0,False,False,False,True,False,False,False,False,False,False,False,False,False,False,False,True,False,False,False
2026-07-12,Andhra Pradesh,NTR,Nandigama,Paddy(Common),B P T,Grade Range-1,1970.0,1970.0,1970.0,6,7,28,18.9,3.1,147.65714285714287,-0.977037037037037,1,0.1,34.9,28.0,65.0,31.45,14.0,-2.6428571428571423,0,0,0,2320.0,0,0,0,0,1970.0,0.0,1970.0,1960.0,1960.0,0.0,0.00510204079029571,0.00510204079029571,1947.142857142857,1922.142857142857,23.603873774081475,34.90174591810508,1.0117388062493238,1.0248978021744448,0,False,False,False,False,True,False,False,False,False,False,False,False,False,False,False,True,False,False,False
2026-07-12,Andhra Pradesh,Eluru,Polavaram,Paddy(Common),,,2390.0,2390.0,2390.0,6,7,28,18.9,3.1,147.65714285714287,-0.977037037037037,1,0.1,34.9,28.0,65.0,31.45,14.0,-2.6428571428571423,0,0,0,2320.0,0,0,0,0,2390.0,0.0,2390.0,2390.0,2390.0,0.0,0.0,0.0,2390.0,2389.9285714285716,0.0,0.26726124196124523,0.9999999958158995,1.0000298831404348,0,False,False,False,False,False,True,False,False,False,False,False,False,True,False,False,False,False,False,False
2026-07-12,Andhra Pradesh,NTR,Tiruvuru,Paddy(Common),,,2459.0,2459.0,2459.0,6,7,28,18.9,3.1,147.65714285714287,-0.977037037037037,1,0.1,34.9,28.0,65.0,31.45,14.0,-2.6428571428571423,0,0,0,2320.0,0,0,0,0,2450.0,-0.003660024385278469,2459.0,2450.0,2450.0,0.0,0.003673469372761349,0.003673469372761349,2452.5714285714284,2419.1428571428573,4.391550328286022,93.78031378038396,1.0026211515503565,1.0164757251001946,0,False,False,False,False,False,False,False,False,True,False,False,False,False,False,False,True,False,False,False
2026-07-13,Andhra Pradesh,Kakinada,Jaggampet,Paddy(Common),,,2369.0,2379.0,2379.0,0,7,29,231.5,18.9,146.6,5.096774193548386,0,0.0,34.5,28.1,66.0,31.3,13.299999999999999,1.200000000000001,0,0,0,2320.0,0,0,0,0,2379.0,0.0,2379.0,2379.0,2379.0,0.0,0.0,0.0,2379.0,2379.0,0.0,0.0,0.9999999957965531,0.9999999957965531,0,True,False,False,False,False,False,False,False,False,False,False,False,False,True,False,False,False,False,False
2026-07-13,Andhra Pradesh,East Godavari,Kovvur,Paddy(Common),MTU-1010,Grade Range-2,2400.0,2400.0,2400.0,0,7,29,231.5,18.9,146.6,5.096774193548386,0,0.0,34.5,28.1,66.0,31.3,13.299999999999999,1.200000000000001,0,0,0,2320.0,0,0,0,0,2400.0,0.0,2400.0,2400.0,2400.0,0.0,0.0,0.0,2400.0,2400.0,0.0,0.0,0.9999999958333333,0.9999999958333333,0,False,True,False,False,False,False,False,False,False,False,False,True,False,False,False,False,False,False,False
2026-07-13,Andhra Pradesh,Bapatla,Kuchinapudi,Paddy(Common),B P T,Local,2400.0,2500.0,2450.0,0,7,29,231.5,18.9,146.6,5.096774193548386,0,0.0,34.5,28.1,66.0,31.3,13.299999999999999,1.200000000000001,0,0,0,2320.0,0,0,0,0,2450.0,0.0,2450.0,2450.0,2450.0,0.0,0.0,0.0,2450.0,2450.0,0.0,0.0,0.9999999959183673,0.9999999959183673,0,False,False,True,False,False,False,False,False,False,False,True,False,False,False,False,False,False,False,False
2026-07-13,Andhra Pradesh,NTR,Mylavaram,Paddy(Common),1001,FAQ,2369.0,2369.0,2369.0,0,7,29,231.5,18.9,146.6,5.096774193548386,0,0.0,34.5,28.1,66.0,31.3,13.299999999999999,1.200000000000001,0,0,0,2320.0,0,0,0,0,2369.0,0.0,2369.0,2369.0,2369.0,0.0,0.0,0.0,2369.0,2369.0,0.0,0.0,0.9999999957788096,0.9999999957788096,0,False,False,False,True,False,False,False,False,False,False,False,False,False,False,False,True,False,False,False
2026-07-13,Andhra Pradesh,NTR,Nandigama,Paddy(Common),,,1970.0,1970.0,1970.0,0,7,29,231.5,18.9,146.6,5.096774193548386,0,0.0,34.5,28.1,66.0,31.3,13.299999999999999,1.200000000000001,0,0,0,2320.0,0,0,0,0,1970.0,0.0,1970.0,1910.0,1970.0,0.0,0.03141361240097585,0.0,1948.5714285714287,1930.0,24.784787961280365,32.105595007246556,1.010997062260279,1.0207253833123038,0,False,False,False,False,True,False,False,False,False,False,False,False,False,False,False,True,False,False,False
2026-07-13,Andhra Pradesh,Eluru,Polavaram,Paddy(Common),1001,Local,2390.0,2390.0,2390.0,0,7,29,231.5,18.9,146.6,5.096774193548386,0,0.0,34.5,28.1,66.0,31.3,13.299999999999999,1.200000000000001,0,0,0,2320.0,0,0,0,0,2445.0,0.0230125522049684,2390.0,2390.0,2390.0,0.0,0.0,0.0,2390.0,2389.9285714285716,0.0,0.26726124196124523,0.9999999958158995,1.0000298831404348,0,False,False,False,False,False,True,False,False,False,False,False,False,True,False,False,False,False,False,False
2026-07-13,Andhra Pradesh,NTR,Tiruvuru,Paddy(Common),Sona,Local,2450.0,2450.0,2450.0,0,7,29,231.5,18.9,146.6,5.096774193548386,0,0.0,34.5,28.1,66.0,31.3,13.299999999999999,1.200000000000001,0,0,0,2320.0,0,0,0,0,2450.0,0.0,2459.0,2459.0,2450.0,-0.003660024385278469,-0.003660024385278469,0.0,2453.8571428571427,2419.785714285714,4.810702354440473,94.03859974371302,0.9984281265709979,1.012486343485312,0,False,False,False,False,False,False,False,False,True,False,False,False,False,False,False,True,False,False,False
2026-07-14,Andhra Pradesh,Kakinada,Jaggampet,Paddy(Common),,,2369.0,2379.0,2379.0,1,7,29,73.8,231.5,143.9142857142857,11.24867724867725,0,0.0,35.2,28.9,65.0,32.05,13.2,1.1000000000000014,0,0,0,2320.0,0,0,0,0,2379.0,0.0,2379.0,2379.0,2379.0,0.0,0.0,0.0,2379.0,2379.0,0.0,0.0,0.9999999957965531,0.9999999957965531,0,True,False,False,False,False,False,False,False,False,False,False,False,False,True,False,False,False,False,False
2026-07-14,Andhra Pradesh,East Godavari,Kovvur,Paddy(Common),MTU-1010,Grade Range-2,2400.0,2400.0,2400.0,1,7,29,73.8,231.5,143.9142857142857,11.24867724867725,0,0.0,35.2,28.9,65.0,32.05,13.2,1.1000000000000014,0,0,0,2320.0,0,0,0,0,2441.0,0.017083333262152778,2400.0,2400.0,2400.0,0.0,0.0,0.0,2400.0,2400.0,0.0,0.0,0.9999999958333333,0.9999999958333333,0,False,True,False,False,False,False,False,False,False,False,False,True,False,False,False,False,False,False,False
2026-07-14,Andhra Pradesh,Bapatla,Kuchinapudi,Paddy(Common),B P T,Local,2400.0,2500.0,2450.0,1,7,29,73.8,231.5,143.9142857142857,11.24867724867725,0,0.0,35.2,28.9,65.0,32.05,13.2,1.1000000000000014,0,0,0,2320.0,0,0,0,0,2650.0,0.08163265272802998,2450.0,2450.0,2450.0,0.0,0.0,0.0,2450.0,2450.0,0.0,0.0,0.9999999959183673,0.9999999959183673,0,False,False,True,False,False,False,False,False,False,False,True,False,False,False,False,False,False,False,False
2026-07-14,Andhra Pradesh,NTR,Mylavaram,Paddy(Common),1001,FAQ,2369.0,2369.0,2369.0,1,7,29,73.8,231.5,143.9142857142857,11.24867724867725,0,0.0,35.2,28.9,65.0,32.05,13.2,1.1000000000000014,0,0,0,2320.0,0,0,0,0,2369.0,0.0,2369.0,2369.0,2369.0,0.0,0.0,0.0,2369.0,2369.0,0.0,0.0,0.9999999957788096,0.9999999957788096,0,False,False,False,True,False,False,False,False,False,False,False,False,False,False,False,True,False,False,False
2026-07-14,Andhra Pradesh,NTR,Nandigama,Paddy(Common),,,1970.0,1970.0,1970.0,1,7,29,73.8,231.5,143.9142857142857,11.24867724867725,0,0.0,35.2,28.9,65.0,32.05,13.2,1.1000000000000014,0,0,0,2320.0,0,0,0,0,1970.0,0.0,1970.0,1970.0,1930.0,0.0,0.0,0.020725388493650836,1948.5714285714287,1934.2857142857142,24.784787961280365,33.215910393918335,1.010997062260279,1.0184638056652537,0,False,False,False,False,True,False,False,False,False,False,False,False,False,False,False,True,False,False,False
2026-07-14,Andhra Pradesh,Eluru,Polavaram,Paddy(Common),1001,Local,2445.0,2445.0,2445.0,1,7,29,73.8,231.5,143.9142857142857,11.24867724867725,0,0.0,35.2,28.9,65.0,32.05,13.2,1.1000000000000014,0,0,0,2320.0,0,0,0,0,2445.0,0.0,2390.0,2390.0,2390.0,0.0230125522049684,0.0230125522049684,0.0230125522049684,2390.0,2390.0,0.0,0.0,1.0230125480208678,1.0230125480208678,0,False,False,False,False,False,True,False,False,False,False,False,False,True,False,False,False,False,False,False
2026-07-14,Andhra Pradesh,NTR,Tiruvuru,Paddy(Common),Sona,Local,2450.0,2450.0,2450.0,1,7,29,73.8,231.5,143.9142857142857,11.24867724867725,0,0.0,35.2,28.9,65.0,32.05,13.2,1.1000000000000014,0,0,0,2320.0,0,0,0,0,2500.0,0.020408163182007496,2450.0,2459.0,2450.0,0.0,-0.003660024385278469,0.0,2453.8571428571427,2423.3571428571427,4.810702354440473,94.17872301179224,0.9984281265709979,1.0109941892433996,0,False,False,False,False,False,False,False,False,True,False,False,False,False,False,False,True,False,False,False
2026-07-15,Andhra Pradesh,Kakinada,Jaggampet,Paddy(Common),,,2369.0,2379.0,2379.0,2,7,29,514.4,73.8,127.5,-0.6812095032397408,0,0.0,35.7,28.9,56.0,32.3,11.899999999999999,-0.1999999999999993,0,0,0,2320.0,0,0,0,0,2379.0,0.0,2379.0,2379.0,2379.0,0.0,0.0,0.0,2379.0,2379.0,0.0,0.0,0.9999999957965531,0.9999999957965531,0,True,False,False,False,False,False,False,False,False,False,False,False,False,True,False,False,False,False,False
2026-07-15,Andhra Pradesh,East Godavari,Kovvur,Paddy(Common),MTU-1010,Grade Range-2,2441.0,2441.0,2441.0,2,7,29,514.4,73.8,127.5,-0.6812095032397408,0,0.0,35.7,28.9,56.0,32.3,11.899999999999999,-0.1999999999999993,0,0,0,2320.0,0,0,0,0,2441.0,0.0,2400.0,2400.0,2400.0,0.017083333262152778,0.017083333262152778,0.017083333262152778,2400.0,2400.0,0.0,0.0,1.017083329095486,1.017083329095486,0,False,True,False,False,False,False,False,False,False,False,False,True,False,False,False,False,False,False,False
2026-07-15,Andhra Pradesh,Bapatla,Kuchinapudi,Paddy(Common),B P T,Local,2600.0,2700.0,2650.0,2,7,29,514.4,73.8,127.5,-0.6812095032397408,0,0.0,35.7,28.9,56.0,32.3,11.899999999999999,-0.1999999999999993,0,0,0,2320.0,0,0,0,0,2650.0,0.0,2450.0,2450.0,2450.0,0.08163265272802998,0.08163265272802998,0.08163265272802998,2450.0,2450.0,0.0,0.0,1.0816326486463972,1.0816326486463972,0,False,False,True,False,False,False,False,False,False,False,True,False,False,False,False,False,False,False,False
2026-07-15,Andhra Pradesh,NTR,Mylavaram,Paddy(Common),1001,FAQ,2369.0,2369.0,2369.0,2,7,29,514.4,73.8,127.5,-0.6812095032397408,0,0.0,35.7,28.9,56.0,32.3,11.899999999999999,-0.1999999999999993,0,0,0,2320.0,0,0,0,0,2369.0,0.0,2369.0,2369.0,2369.0,0.0,0.0,0.0,2369.0,2369.0,0.0,0.0,0.9999999957788096,0.9999999957788096,0,False,False,False,True,False,False,False,False,False,False,False,False,False,False,False,True,False,False,False
2026-07-15,Andhra Pradesh,NTR,Nandigama,Paddy(Common),,,1970.0,1970.0,1970.0,2,7,29,514.4,73.8,127.5,-0.6812095032397408,0,0.0,35.7,28.9,56.0,32.3,11.899999999999999,-0.1999999999999993,0,0,0,2320.0,0,0,0,0,1970.0,0.0,1970.0,1970.0,1930.0,0.0,0.0,0.020725388493650836,1954.2857142857142,1938.5714285714287,24.397501823711536,33.70851133265678,1.0080409305144105,1.01621222762455,0,False,False,False,False,True,False,False,False,False,False,False,False,False,False,False,True,False,False,False
2026-07-15,Andhra Pradesh,Eluru,Polavaram,Paddy(Common),1001,Local,2445.0,2445.0,2445.0,2,7,29,514.4,73.8,127.5,-0.6812095032397408,0,0.0,35.7,28.9,56.0,32.3,11.899999999999999,-0.1999999999999993,0,0,0,2320.0,0,0,0,0,2445.0,0.0,2445.0,2390.0,2390.0,0.0,0.0230125522049684,0.0230125522049684,2397.8571428571427,2393.9285714285716,20.78804601550786,14.699368305184468,1.0196604068289408,1.0213337268987996,0,False,False,False,False,False,True,False,False,False,False,False,False,True,False,False,False,False,False,False
2026-07-15,Andhra Pradesh,NTR,Tiruvuru,Paddy(Common),Sona,Local,2500.0,2500.0,2500.0,2,7,29,514.4,73.8,127.5,-0.6812095032397408,0,0.0,35.7,28.9,56.0,32.3,11.899999999999999,-0.1999999999999993,0,0,0,2320.0,0,0,0,0,2500.0,0.0,2450.0,2459.0,2450.0,0.020408163182007496,0.016673444421824137,0.020408163182007496,2453.8571428571427,2423.3571428571427,4.810702354440473,94.17872301179224,1.0188042107867326,1.0316267237177545,0,False,False,False,False,False,False,False,False,True,False,False,False,False,False,False,True,False,False,False
2026-07-16,Andhra Pradesh,Kakinada,Jaggampet,Paddy(Common),,,2369.0,2379.0,2379.0,3,7,29,110.9,514.4,158.75714285714284,5.970189701897019,0,0.4,34.4,28.3,62.0,31.35,11.1,-0.9999999999999982,0,0,0,2320.0,0,0,0,0,2379.0,0.0,2379.0,2379.0,2379.0,0.0,0.0,0.0,2379.0,2379.0,0.0,0.0,0.9999999957965531,0.9999999957965531,0,True,False,False,False,False,False,False,False,False,False,False,False,False,True,False,False,False,False,False
2026-07-16,Andhra Pradesh,East Godavari,Kovvur,Paddy(Common),,,2441.0,2441.0,2441.0,3,7,29,110.9,514.4,158.75714285714284,5.970189701897019,0,0.4,34.4,28.3,62.0,31.35,11.1,-0.9999999999999982,0,0,0,2320.0,0,0,0,0,2441.0,0.0,2441.0,2400.0,2400.0,0.0,0.017083333262152778,0.017083333262152778,2405.8571428571427,2402.9285714285716,15.49654339337836,10.957710918409381,1.0146072043808263,1.0158437578485142,0,False,True,False,False,False,False,False,False,False,False,False,True,False,False,False,False,False,False,False
2026-07-16,Andhra Pradesh,Bapatla,Kuchinapudi,Paddy(Common),,,2600.0,2700.0,2650.0,3,7,29,110.9,514.4,158.75714285714284,5.970189701897019,0,0.4,34.4,28.3,62.0,31.35,11.1,-0.9999999999999982,0,0,0,2320.0,0,0,0,0,2650.0,0.0,2650.0,2450.0,2450.0,0.0,0.08163265272802998,0.08163265272802998,2478.5714285714284,2464.285714285714,75.59289460184547,53.45224838248489,1.0691642608160519,1.0753623144767905,0,False,False,True,False,False,False,False,False,False,False,True,False,False,False,False,False,False,False,False
2026-07-16,Andhra Pradesh,NTR,Mylavaram,Paddy(Common),,,2369.0,2369.0,2369.0,3,7,29,110.9,514.4,158.75714285714284,5.970189701897019,0,0.4,34.4,28.3,62.0,31.35,11.1,-0.9999999999999982,0,0,0,2320.0,0,0,0,0,2369.0,0.0,2369.0,2369.0,2369.0,0.0,0.0,0.0,2369.0,2369.0,0.0,0.0,0.9999999957788096,0.9999999957788096,0,False,False,False,True,False,False,False,False,False,False,False,False,False,False,False,True,False,False,False
2026-07-16,Andhra Pradesh,NTR,Nandigama,Paddy(Common),B P T,Grade Range-1,1970.0,1970.0,1970.0,3,7,29,110.9,514.4,158.75714285714284,5.970189701897019,0,0.4,34.4,28.3,62.0,31.35,11.1,-0.9999999999999982,0,0,0,2320.0,0,0,0,0,1990.0,0.010152284212424954,1970.0,1970.0,1960.0,0.0,0.0,0.00510204079029571,1960.0,1942.857142857143,22.360679774995894,33.61056871983052,1.005102035688255,1.013970583016328,0,False,False,False,False,True,False,False,False,False,False,False,False,False,False,False,True,False,False,False
2026-07-16,Andhra Pradesh,Eluru,Polavaram,Paddy(Common),1001,Local,2445.0,2445.0,2445.0,3,7,29,110.9,514.4,158.75714285714284,5.970189701897019,0,0.4,34.4,28.3,62.0,31.35,11.1,-0.9999999999999982,0,0,0,2320.0,0,0,0,0,2445.0,0.0,2445.0,2390.0,2390.0,0.0,0.0230125522049684,0.0230125522049684,2405.714285714286,2397.8571428571427,26.837252006084963,19.97250857807144,1.0163301620461334,1.0196604068289408,0,False,False,False,False,False,True,False,False,False,False,False,False,True,False,False,False,False,False,False
2026-07-16,Andhra Pradesh,NTR,Tiruvuru,Paddy(Common),,,2500.0,2500.0,2500.0,3,7,29,110.9,514.4,158.75714285714284,5.970189701897019,0,0.4,34.4,28.3,62.0,31.35,11.1,-0.9999999999999982,0,0,0,2320.0,0,0,0,0,2500.0,0.0,2500.0,2450.0,2450.0,0.0,0.020408163182007496,0.020408163182007496,2461.0,2430.5,17.77638883463682,96.04466108575184,1.0158472124508442,1.0285949350808683,0,False,False,False,False,False,False,False,False,True,False,False,False,False,False,False,True,False,False,False
2026-07-17,Andhra Pradesh,Kakinada,Jaggampet,Paddy(Common),,,2369.0,2379.0,2379.0,4,7,29,96.4,110.9,155.37142857142857,-0.7844090202177294,0,3.8,33.1,26.1,73.0,29.6,6.1,-5.999999999999998,0,0,0,2320.0,0,0,0,0,2379.0,0.0,2379.0,2379.0,2379.0,0.0,0.0,0.0,2379.0,2379.0,0.0,0.0,0.9999999957965531,0.9999999957965531,0,True,False,False,False,False,False,False,False,False,False,False,False,False,True,False,False,False,False,False
2026-07-17,Andhra Pradesh,East Godavari,Kovvur,Paddy(Common),,,2441.0,2441.0,2441.0,4,7,29,96.4,110.9,155.37142857142857,-0.7844090202177294,0,3.8,33.1,26.1,73.0,29.6,6.1,-5.999999999999998,0,0,0,2320.0,0,0,0,0,2441.0,0.0,2441.0,2400.0,2400.0,0.0,0.017083333262152778,0.017083333262152778,2411.714285714286,2405.8571428571427,20.00595149544507,14.888597303652496,1.0121431068090263,1.0146072043808263,0,False,True,False,False,False,False,False,False,False,False,False,True,False,False,False,False,False,False,False
2026-07-17,Andhra Pradesh,Bapatla,Kuchinapudi,Paddy(Common),,,2600.0,2700.0,2650.0,4,7,29,96.4,110.9,155.37142857142857,-0.7844090202177294,0,3.8,33.1,26.1,73.0,29.6,6.1,-5.999999999999998,0,0,0,2320.0,0,0,0,0,2650.0,0.0,2650.0,2450.0,2450.0,0.0,0.08163265272802998,0.08163265272802998,2507.1428571428573,2478.5714285714284,97.59000729485342,72.62730392025632,1.056980052764182,1.0691642608160519,0,False,False,True,False,False,False,False,False,False,False,True,False,False,False,False,False,False,False,False
2026-07-17,Andhra Pradesh,NTR,Mylavaram,Paddy(Common),1001,Local,2369.0,2369.0,2369.0,4,7,29,96.4,110.9,155.37142857142857,-0.7844090202177294,0,3.8,33.1,26.1,73.0,29.6,6.1,-5.999999999999998,0,0,0,2320.0,0,0,0,0,2369.0,0.0,2369.0,2369.0,2369.0,0.0,0.0,0.0,2369.0,2369.0,0.0,0.0,0.9999999957788096,0.9999999957788096,0,False,False,False,True,False,False,False,False,False,False,False,False,False,False,False,True,False,False,False
2026-07-17,Andhra Pradesh,NTR,Nandigama,Paddy(Common),B P T,Grade Range-1,1990.0,1990.0,1990.0,4,7,29,96.4,110.9,155.37142857142857,-0.7844090202177294,0,3.8,33.1,26.1,73.0,29.6,6.1,-5.999999999999998,0,0,0,2320.0,0,0,0,0,1990.0,0.0,1970.0,1970.0,1910.0,0.010152284212424954,0.010152284212424954,0.04188481653463447,1961.4285714285713,1945.7142857142858,22.67786838055165,34.12968158121738,1.014566637216339,1.0227606408521845,0,False,False,False,False,True,False,False,False,False,False,False,False,False,False,False,True,False,False,False
2026-07-17,Andhra Pradesh,Eluru,Polavaram,Paddy(Common),1001,Local,2445.0,2445.0,2445.0,4,7,29,96.4,110.9,155.37142857142857,-0.7844090202177294,0,3.8,33.1,26.1,73.0,29.6,6.1,-5.999999999999998,0,0,0,2320.0,0,0,0,0,2445.0,0.0,2445.0,2445.0,2390.0,0.0,0.0,0.0230125522049684,2413.5714285714284,2401.785714285714,29.398736610366896,23.41984224944854,1.0130215998276701,1.01799256081728,0,False,False,False,False,False,True,False,False,False,False,False,False,True,False,False,False,False,False,False
2026-07-17,Andhra Pradesh,NTR,Tiruvuru,Paddy(Common),Sona,Local,2500.0,2500.0,2500.0,4,7,29,96.4,110.9,155.37142857142857,-0.7844090202177294,0,3.8,33.1,26.1,73.0,29.6,6.1,-5.999999999999998,0,0,0,2320.0,0,0,0,0,2500.0,0.0,2500.0,2450.0,2459.0,0.0,0.020408163182007496,0.016673444421824137,2468.1428571428573,2459.0714285714284,22.13164078440097,17.739414116221308,1.012907329345169,1.0166439090733974,0,False,False,False,False,False,False,False,False,True,False,False,False,False,False,False,True,False,False,False
2026-07-18,Andhra Pradesh,Kakinada,Jaggampet,Paddy(Common),,,2369.0,2379.0,2379.0,5,7,29,54.4,96.4,149.85714285714286,-0.13074842200180337,0,20.5,29.5,25.5,88.0,27.5,4.3,-7.799999999999998,0,0,0,2320.0,0,0,0,0,2379.0,0.0,2379.0,2379.0,2379.0,0.0,0.0,0.0,2379.0,2379.0,0.0,0.0,0.9999999957965531,0.9999999957965531,0,True,False,False,False,False,False,False,False,False,False,False,False,False,True,False,False,False,False,False
2026-07-18,Andhra Pradesh,East Godavari,Kovvur,Paddy(Common),,,2441.0,2441.0,2441.0,5,7,29,54.4,96.4,149.85714285714286,-0.13074842200180337,0,20.5,29.5,25.5,88.0,27.5,4.3,-7.799999999999998,0,0,0,2320.0,0,0,0,0,2441.0,0.0,2441.0,2441.0,2400.0,0.0,0.0,0.017083333262152778,2417.5714285714284,2408.785714285714,21.91542183681909,17.45842785867908,1.009690948964228,1.0133736576854873,0,False,True,False,False,False,False,False,False,False,False,False,True,False,False,False,False,False,False,False
2026-07-18,Andhra Pradesh,Bapatla,Kuchinapudi,Paddy(Common),,,2600.0,2700.0,2650.0,5,7,29,54.4,96.4,149.85714285714286,-0.13074842200180337,0,20.5,29.5,25.5,88.0,27.5,4.3,-7.799999999999998,0,0,0,2320.0,0,0,0,0,2650.0,0.0,2650.0,2650.0,2450.0,0.0,0.0,0.08163265272802998,2535.714285714286,2492.8571428571427,106.90449676496989,85.16306272526408,1.0450704184138067,1.0630372450193348,0,False,False,True,False,False,False,False,False,False,False,True,False,False,False,False,False,False,False,False
2026-07-18,Andhra Pradesh,NTR,Mylavaram,Paddy(Common),1001,FAQ,2369.0,2369.0,2369.0,5,7,29,54.4,96.4,149.85714285714286,-0.13074842200180337,0,20.5,29.5,25.5,88.0,27.5,4.3,-7.799999999999998,0,0,0,2320.0,0,0,0,0,2369.0,0.0,2369.0,2369.0,2369.0,0.0,0.0,0.0,2369.0,2369.0,0.0,0.0,0.9999999957788096,0.9999999957788096,0,False,False,False,True,False,False,False,False,False,False,False,False,False,False,False,True,False,False,False
2026-07-18,Andhra Pradesh,NTR,Nandigama,Paddy(Common),B P T,Grade Range-1,1990.0,1990.0,1990.0,5,7,29,54.4,96.4,149.85714285714286,-0.13074842200180337,0,20.5,29.5,25.5,88.0,27.5,4.3,-7.799999999999998,0,0,0,2320.0,0,0,0,0,1970.0,-0.010050251205777632,1990.0,1970.0,1970.0,0.0,0.010152284212424954,0.010152284212424954,1972.857142857143,1954.2857142857142,7.559289460178273,28.20646017501186,1.008689350426629,1.018274848590699,0,False,False,False,False,True,False,False,False,False,False,False,False,False,False,False,True,False,False,False
2026-07-18,Andhra Pradesh,Eluru,Polavaram,Paddy(Common),,,2445.0,2445.0,2445.0,5,7,29,54.4,96.4,149.85714285714286,-0.13074842200180337,0,20.5,29.5,25.5,88.0,27.5,4.3,-7.799999999999998,0,0,0,2320.0,0,0,0,0,2445.0,0.0,2445.0,2445.0,2390.0,0.0,0.0,0.0230125522049684,2421.4285714285716,2405.714285714286,29.398736610366765,25.784397701618175,1.009734509104341,1.0163301620461334,0,False,False,False,False,False,True,False,False,False,False,False,False,True,False,False,False,False,False,False
2026-07-18,Andhra Pradesh,NTR,Tiruvuru,Paddy(Common),Sona,Local,2500.0,2500.0,2500.0,5,7,29,54.4,96.4,149.85714285714286,-0.13074842200180337,0,20.5,29.5,25.5,88.0,27.5,4.3,-7.799999999999998,0,0,0,2320.0,0,0,0,0,2500.0,0.0,2500.0,2500.0,2459.0,0.0,0.0,0.016673444421824137,2474.0,2462.6428571428573,24.596747752503095,20.57858163183254,1.0105092926010133,1.0151695291897862,0,False,False,False,False,False,False,False,False,True,False,False,False,False,False,False,True,False,False,False
2026-07-19,Andhra Pradesh,Kakinada,Jaggampet,Paddy(Common),,,2369.0,2379.0,2379.0,6,7,29,17.8,54.4,157.18571428571428,-0.43568464730290457,1,2.1,33.6,25.8,77.0,29.700000000000003,24.8,12.700000000000003,0,0,0,2320.0,0,0,0,0,2379.0,0.0,2379.0,2379.0,2379.0,0.0,0.0,0.0,2379.0,2379.0,0.0,0.0,0.9999999957965531,0.9999999957965531,0,True,False,False,False,False,False,False,False,False,False,False,False,False,True,False,False,False,False,False
2026-07-19,Andhra Pradesh,East Godavari,Kovvur,Paddy(Common),,,2441.0,2441.0,2441.0,6,7,29,17.8,54.4,157.18571428571428,-0.43568464730290457,1,2.1,33.6,25.8,77.0,29.700000000000003,24.8,12.700000000000003,0,0,0,2320.0,0,0,0,0,2441.0,0.0,2441.0,2441.0,2400.0,0.0,0.0,0.017083333262152778,2423.4285714285716,2411.714285714286,21.915421836819316,19.22109646847826,1.0072506442756692,1.0121431068090263,0,False,True,False,False,False,False,False,False,False,False,False,True,False,False,False,False,False,False,False
2026-07-19,Andhra Pradesh,Bapatla,Kuchinapudi,Paddy(Common),,,2600.0,2700.0,2650.0,6,7,29,17.8,54.4,157.18571428571428,-0.43568464730290457,1,2.1,33.6,25.8,77.0,29.700000000000003,24.8,12.700000000000003,0,0,0,2320.0,0,0,0,0,2900.0,0.09433962228551085,2650.0,2650.0,2450.0,0.0,0.0,0.08163265272802998,2564.285714285714,2507.1428571428573,106.90449676496989,93.7614461876992,1.0334261798139368,1.056980052764182,0,False,False,True,False,False,False,False,False,False,False,True,False,False,False,False,False,False,False,False
2026-07-19,Andhra Pradesh,NTR,Mylavaram,Paddy(Common),,,2369.0,2369.0,2369.0,6,7,29,17.8,54.4,157.18571428571428,-0.43568464730290457,1,2.1,33.6,25.8,77.0,29.700000000000003,24.8,12.700000000000003,0,0,0,2320.0,0,0,0,0,2369.0,0.0,2369.0,2369.0,2369.0,0.0,0.0,0.0,2369.0,2369.0,0.0,0.0,0.9999999957788096,0.9999999957788096,0,False,False,False,True,False,False,False,False,False,False,False,False,False,False,False,True,False,False,False
2026-07-19,Andhra Pradesh,NTR,Nandigama,Paddy(Common),B P T,Grade Range-1,1970.0,1970.0,1970.0,6,7,29,17.8,54.4,157.18571428571428,-0.43568464730290457,1,2.1,33.6,25.8,77.0,29.700000000000003,24.8,12.700000000000003,0,0,0,2320.0,0,0,0,0,1965.0,-0.0025380710531062384,1990.0,1970.0,1970.0,-0.010050251205777632,0.0,0.0,1975.7142857142858,1961.4285714285713,9.75900072948037,22.822776362205886,0.9971077317572277,1.0043699875960743,0,False,False,False,False,True,False,False,False,False,False,False,False,False,False,False,True,False,False,False
2026-07-19,Andhra Pradesh,Eluru,Polavaram,Paddy(Common),,,2445.0,2445.0,2445.0,6,7,29,17.8,54.4,157.18571428571428,-0.43568464730290457,1,2.1,33.6,25.8,77.0,29.700000000000003,24.8,12.700000000000003,0,0,0,2320.0,0,0,0,0,2445.0,0.0,2445.0,2445.0,2390.0,0.0,0.0,0.0230125522049684,2429.285714285714,2409.6428571428573,26.83725200608453,27.34848369543749,1.0064686815376178,1.0146731838727063,0,False,False,False,False,False,True,False,False,False,False,False,False,True,False,False,False,False,False,False
2026-07-19,Andhra Pradesh,NTR,Tiruvuru,Paddy(Common),,,2500.0,2500.0,2500.0,6,7,29,17.8,54.4,157.18571428571428,-0.43568464730290457,1,2.1,33.6,25.8,77.0,29.700000000000003,24.8,12.700000000000003,0,0,0,2320.0,0,0,0,0,2550.0,0.019999999919999997,2500.0,2500.0,2459.0,0.0,0.0,0.016673444421824137,2479.8571428571427,2466.214285714286,25.30104458600782,22.467681306638493,1.0081225836414205,1.0136994195291245,0,False,False,False,False,False,False,False,False,True,False,False,False,False,False,False,True,False,False,False
2026-07-20,Andhra Pradesh,Kakinada,Jaggampet,Paddy(Common),,,2369.0,2379.0,2379.0,0,7,30,64.0,17.8,157.02857142857144,-0.6727941176470589,0,2.6,33.5,26.2,77.0,29.85,26.8,-6.400000000000002,0,0,0,2320.0,0,0,0,0,2379.0,0.0,2379.0,2379.0,2379.0,0.0,0.0,0.0,2379.0,2379.0,0.0,0.0,0.9999999957965531,0.9999999957965531,0,True,False,False,False,False,False,False,False,False,False,False,False,False,True,False,False,False,False,False
2026-07-20,Andhra Pradesh,East Godavari,Kovvur,Paddy(Common),MTU-1010,Grade Range-2,2441.0,2441.0,2441.0,0,7,30,64.0,17.8,157.02857142857144,-0.6727941176470589,0,2.6,33.5,26.2,77.0,29.85,26.8,-6.400000000000002,0,0,0,2320.0,0,0,0,0,2441.0,0.0,2441.0,2441.0,2400.0,0.0,0.0,0.017083333262152778,2429.285714285714,2414.6428571428573,20.005951495445725,20.387051482052655,1.004822107007495,1.0109155408511112,0,False,True,False,False,False,False,False,False,False,False,False,True,False,False,False,False,False,False,False
2026-07-20,Andhra Pradesh,Bapatla,Kuchinapudi,Paddy(Common),B P T,Local,2800.0,3000.0,2900.0,0,7,30,64.0,17.8,157.02857142857144,-0.6727941176470589,0,2.6,33.5,26.2,77.0,29.85,26.8,-6.400000000000002,0,0,0,2320.0,0,0,0,0,2800.0,-0.03448275850178359,2650.0,2650.0,2450.0,0.09433962228551085,0.09433962228551085,0.18367346863806747,2592.8571428571427,2521.4285714285716,97.59000729485352,99.4490316197695,1.1184572959618726,1.1501416384980216,0,False,False,True,False,False,False,False,False,False,False,True,False,False,False,False,False,False,False,False
2026-07-20,Andhra Pradesh,NTR,Mylavaram,Paddy(Common),1001,FAQ,2369.0,2369.0,2369.0,0,7,30,64.0,17.8,157.02857142857144,-0.6727941176470589,0,2.6,33.5,26.2,77.0,29.85,26.8,-6.400000000000002,0,0,0,2320.0,0,0,0,0,2369.0,0.0,2369.0,2369.0,2369.0,0.0,0.0,0.0,2369.0,2369.0,0.0,0.0,0.9999999957788096,0.9999999957788096,0,False,False,False,True,False,False,False,False,False,False,False,False,False,False,False,True,False,False,False
2026-07-20,Andhra Pradesh,NTR,Nandigama,Paddy(Common),B P T,Grade Range-1,1960.0,1970.0,1965.0,0,7,30,64.0,17.8,157.02857142857144,-0.6727941176470589,0,2.6,33.5,26.2,77.0,29.85,26.8,-6.400000000000002,0,0,0,2320.0,0,0,0,0,1930.0,-0.01781170474396079,1970.0,1990.0,1970.0,-0.0025380710531062384,-0.012562814007222041,-0.0025380710531062384,1975.7142857142858,1962.142857142857,9.75900072948037,22.930856412797134,0.9945770014735799,1.0014561288604347,0,False,False,False,False,True,False,False,False,False,False,False,False,False,False,False,True,False,False,False
2026-07-20,Andhra Pradesh,Eluru,Polavaram,Paddy(Common),1001,Local,2445.0,2445.0,2445.0,0,7,30,64.0,17.8,157.02857142857144,-0.6727941176470589,0,2.6,33.5,26.2,77.0,29.85,26.8,-6.400000000000002,0,0,0,2320.0,0,0,0,0,2445.0,0.0,2445.0,2445.0,2390.0,0.0,0.0,0.0230125522049684,2437.1428571428573,2413.5714285714284,20.788046015506925,28.245392505721195,1.0032239114756345,1.0130215998276701,0,False,False,False,False,False,True,False,False,False,False,False,False,True,False,False,False,False,False,False
2026-07-20,Andhra Pradesh,NTR,Tiruvuru,Paddy(Common),Sona,Local,2550.0,2550.0,2550.0,0,7,30,64.0,17.8,157.02857142857144,-0.6727941176470589,0,2.6,33.5,26.2,77.0,29.85,26.8,-6.400000000000002,0,0,0,2320.0,0,0,0,0,2500.0,-0.0196078430603614,2500.0,2500.0,2450.0,0.019999999919999997,0.019999999919999997,0.04081632636401499,2485.714285714286,2469.785714285714,24.397501823720166,23.63562686164306,1.0258620648384857,1.0324782327979016,0,False,False,False,False,False,False,False,False,True,False,False,False,False,False,False,True,False,False,False
2026-07-21,Andhra Pradesh,Kakinada,Jaggampet,Paddy(Common),,,2369.0,2379.0,2379.0,1,7,30,194.6,64.0,133.1,2.595505617977528,0,3.5,31.9,25.2,76.0,28.549999999999997,29.4,-3.8000000000000043,0,0,0,2320.0,0,0,0,0,2369.0,-0.004203446808728681,2379.0,2379.0,2379.0,0.0,0.0,0.0,2379.0,2379.0,0.0,0.0,0.9999999957965531,0.9999999957965531,0,True,False,False,False,False,False,False,False,False,False,False,False,False,True,False,False,False,False,False
2026-07-21,Andhra Pradesh,East Godavari,Kovvur,Paddy(Common),,,2441.0,2441.0,2441.0,1,7,30,194.6,64.0,133.1,2.595505617977528,0,3.5,31.9,25.2,76.0,28.549999999999997,29.4,-3.8000000000000043,0,0,0,2320.0,0,0,0,0,2441.0,0.0,2441.0,2441.0,2400.0,0.0,0.0,0.017083333262152778,2435.1428571428573,2417.5714285714284,15.49654339337958,21.055656231536815,1.002405252248717,1.009690948964228,0,False,True,False,False,False,False,False,False,False,False,False,True,False,False,False,False,False,False,False
2026-07-21,Andhra Pradesh,Bapatla,Kuchinapudi,Paddy(Common),B P T,Local,2700.0,2900.0,2800.0,1,7,30,194.6,64.0,133.1,2.595505617977528,0,3.5,31.9,25.2,76.0,28.549999999999997,29.4,-3.8000000000000043,0,0,0,2320.0,0,0,0,0,2800.0,0.0,2900.0,2650.0,2450.0,-0.03448275850178359,0.05660377337130651,0.14285714227405247,2657.1428571428573,2553.5714285714284,130.47532151257414,139.31740974960977,1.0537634368944384,1.0965034922094967,0,False,False,True,False,False,False,False,False,False,False,True,False,False,False,False,False,False,False,False
2026-07-21,Andhra Pradesh,NTR,Mylavaram,Paddy(Common),1001,FAQ,2369.0,2369.0,2369.0,1,7,30,194.6,64.0,133.1,2.595505617977528,0,3.5,31.9,25.2,76.0,28.549999999999997,29.4,-3.8000000000000043,0,0,0,2320.0,0,0,0,0,2369.0,0.0,2369.0,2369.0,2369.0,0.0,0.0,0.0,2369.0,2369.0,0.0,0.0,0.9999999957788096,0.9999999957788096,0,False,False,False,True,False,False,False,False,False,False,False,False,False,False,False,True,False,False,False
2026-07-21,Andhra Pradesh,NTR,Nandigama,Paddy(Common),B P T,Grade Range-1,1930.0,1930.0,1930.0,1,7,30,194.6,64.0,133.1,2.595505617977528,0,3.5,31.9,25.2,76.0,28.549999999999997,29.4,-3.8000000000000043,0,0,0,2320.0,0,0,0,0,1960.0,0.015544041370238128,1965.0,1990.0,1970.0,-0.01781170474396079,-0.030150753617332895,-0.020304568424849907,1975.0,1961.7857142857142,10.408329997326026,22.83781806710259,0.9772151849254928,0.9837975555167793,0,False,False,False,False,True,False,False,False,False,False,False,False,False,False,False,True,False,False,False
2026-07-21,Andhra Pradesh,Eluru,Polavaram,Paddy(Common),1001,Local,2445.0,2445.0,2445.0,1,7,30,194.6,64.0,133.1,2.595505617977528,0,3.5,31.9,25.2,76.0,28.549999999999997,29.4,-3.8000000000000043,0,0,0,2320.0,0,0,0,0,2445.0,0.0,2445.0,2445.0,2445.0,0.0,0.0,0.0,2445.0,2417.5,0.0,28.53809869145341,0.9999999959100204,1.0113753836137522,0,False,False,False,False,False,True,False,False,False,False,False,False,True,False,False,False,False,False,False
2026-07-21,Andhra Pradesh,NTR,Tiruvuru,Paddy(Common),Sona,Local,2500.0,2500.0,2500.0,1,7,30,194.6,64.0,133.1,2.595505617977528,0,3.5,31.9,25.2,76.0,28.549999999999997,29.4,-3.8000000000000043,0,0,0,2320.0,0,0,0,0,2500.0,0.0,2550.0,2500.0,2450.0,-0.0196078430603614,0.0,0.020408163182007496,2500.0,2476.9285714285716,28.86751345948867,31.121262298192935,0.9999999959999999,1.0093145271706307,0,False,False,False,False,False,False,False,False,True,False,False,False,False,False,False,True,False,False,False
2026-07-22,Andhra Pradesh,Kakinada,Jaggampet,Paddy(Common),Common,FAQ,2369.0,2380.0,2369.0,2,7,30,904.93,194.6,150.35714285714286,2.040625,0,9.0,31.7,26.0,82.0,28.85,32.9,-0.30000000000000426,0,0,0,2320.0,0,0,0,0,2369.0,0.0,2379.0,2379.0,2379.0,-0.004203446808728681,-0.004203446808728681,-0.004203446808728681,2379.0,2379.0,0.0,0.0,0.9957965489878244,0.9957965489878244,0,True,False,False,False,False,False,False,False,False,False,False,False,False,True,False,False,False,False,False
2026-07-22,Andhra Pradesh,East Godavari,Kovvur,Paddy(Common),MTU-1010,Grade Range-2,2441.0,2441.0,2441.0,2,7,30,904.93,194.6,150.35714285714286,2.040625,0,9.0,31.7,26.0,82.0,28.85,32.9,-0.30000000000000426,0,0,0,2320.0,0,0,0,0,2441.0,0.0,2441.0,2441.0,2441.0,0.0,0.0,0.0,2441.0,2420.5,0.0,21.27385538817348,0.9999999959033182,1.0084693203533595,0,False,True,False,False,False,False,False,False,False,False,False,True,False,False,False,False,False,False,False
2026-07-22,Andhra Pradesh,Bapatla,Kuchinapudi,Paddy(Common),,,2700.0,2900.0,2800.0,2,7,30,904.93,194.6,150.35714285714286,2.040625,0,9.0,31.7,26.0,82.0,28.85,32.9,-0.30000000000000426,0,0,0,2320.0,0,0,0,0,3300.0,0.17857142793367345,2800.0,2650.0,2650.0,0.0,0.05660377337130651,0.05660377337130651,2707.1428571428573,2578.5714285714284,101.77004891982193,150.27447415452022,1.034300787736092,1.085872571966145,0,False,False,True,False,False,False,False,False,False,False,True,False,False,False,False,False,False,False,False
2026-07-22,Andhra Pradesh,NTR,Mylavaram,Paddy(Common),1001,FAQ,2369.0,2369.0,2369.0,2,7,30,904.93,194.6,150.35714285714286,2.040625,0,9.0,31.7,26.0,82.0,28.85,32.9,-0.30000000000000426,0,0,0,2320.0,0,0,0,0,2369.0,0.0,2369.0,2369.0,2369.0,0.0,0.0,0.0,2369.0,2369.0,0.0,0.0,0.9999999957788096,0.9999999957788096,0,False,False,False,True,False,False,False,False,False,False,False,False,False,False,False,True,False,False,False
2026-07-22,Andhra Pradesh,NTR,Nandigama,Paddy(Common),B P T,Grade Range-1,1960.0,1960.0,1960.0,2,7,30,904.93,194.6,150.35714285714286,2.040625,0,9.0,31.7,26.0,82.0,28.85,32.9,-0.30000000000000426,0,0,0,2320.0,0,0,0,0,2250.0,0.1479591829185756,1930.0,1970.0,1970.0,0.015544041370238128,-0.005076142106212477,-0.005076142106212477,1969.2857142857142,1961.7857142857142,20.08908730060512,22.83781806710259,0.9952847247247059,0.9990897454989054,0,False,False,False,False,True,False,False,False,False,False,False,False,False,False,False,True,False,False,False
2026-07-22,Andhra Pradesh,Eluru,Polavaram,Paddy(Common),1001,Local,2445.0,2445.0,2445.0,2,7,30,904.93,194.6,150.35714285714286,2.040625,0,9.0,31.7,26.0,82.0,28.85,32.9,-0.30000000000000426,0,0,0,2320.0,0,0,0,0,2445.0,0.0,2445.0,2445.0,2445.0,0.0,0.0,0.0,2445.0,2421.4285714285716,0.0,28.24539250572133,0.9999999959100204,1.009734509104341,0,False,False,False,False,False,True,False,False,False,False,False,False,True,False,False,False,False,False,False
2026-07-22,Andhra Pradesh,NTR,Tiruvuru,Paddy(Common),,,2500.0,2500.0,2500.0,2,7,30,904.93,194.6,150.35714285714286,2.040625,0,9.0,31.7,26.0,82.0,28.85,32.9,-0.30000000000000426,0,0,0,2320.0,0,0,0,0,2500.0,0.0,2500.0,2500.0,2500.0,0.0,0.0,0.0,2507.1428571428573,2480.5,18.89822365047382,30.65879218856302,0.9971509931737566,1.0078613142194666,0,False,False,False,False,False,False,False,False,True,False,False,False,False,False,False,True,False,False,False
2026-07-23,Andhra Pradesh,Kakinada,Jaggampet,Paddy(Common),Common,FAQ,2369.0,2380.0,2369.0,3,7,30,692.45,904.93,206.14714285714285,3.650205549845838,0,0.7,33.3,26.4,70.0,29.849999999999998,41.9,8.699999999999996,1,0,0,2320.0,0,0,0,0,2369.0,0.0,2369.0,2379.0,2379.0,0.0,-0.004203446808728681,-0.004203446808728681,2377.5714285714284,2378.285714285714,3.7796447300922438,2.6726124191242344,0.9963948765398281,0.9960956229140621,0,True,False,False,False,False,False,False,False,False,False,False,False,False,True,False,False,False,False,False
2026-07-23,Andhra Pradesh,East Godavari,Kovvur,Paddy(Common),MTU-1010,Grade Range-2,2441.0,2441.0,2441.0,3,7,30,692.45,904.93,206.14714285714285,3.650205549845838,0,0.7,33.3,26.4,70.0,29.849999999999998,41.9,8.699999999999996,1,0,0,2320.0,0,0,0,0,2441.0,0.0,2441.0,2441.0,2441.0,0.0,0.0,0.0,2441.0,2423.4285714285716,0.0,21.055656231536815,0.9999999959033182,1.0072506442756692,0,False,True,False,False,False,False,False,False,False,False,False,True,False,False,False,False,False,False,False
2026-07-23,Andhra Pradesh,Bapatla,Kuchinapudi,Paddy(Common),B P T,Local,3200.0,3400.0,3300.0,3,7,30,692.45,904.93,206.14714285714285,3.650205549845838,0,0.7,33.3,26.4,70.0,29.849999999999998,41.9,8.699999999999996,1,0,0,2320.0,0,0,0,0,3400.0,0.030303030211202935,2800.0,2900.0,2650.0,0.17857142793367345,0.13793103400713436,0.2452830179423282,2728.5714285714284,2603.5714285714284,103.50983390135362,156.23488937923122,1.209424079337189,1.267489707065883,0,False,False,True,False,False,False,False,False,False,False,True,False,False,False,False,False,False,False,False
2026-07-23,Andhra Pradesh,NTR,Mylavaram,Paddy(Common),1001,FAQ,2369.0,2369.0,2369.0,3,7,30,692.45,904.93,206.14714285714285,3.650205549845838,0,0.7,33.3,26.4,70.0,29.849999999999998,41.9,8.699999999999996,1,0,0,2320.0,0,0,0,0,2369.0,0.0,2369.0,2369.0,2369.0,0.0,0.0,0.0,2369.0,2369.0,0.0,0.0,0.9999999957788096,0.9999999957788096,0,False,False,False,True,False,False,False,False,False,False,False,False,False,False,False,True,False,False,False
2026-07-23,Andhra Pradesh,NTR,Nandigama,Paddy(Common),B P T,Grade Range-1,2250.0,2250.0,2250.0,3,7,30,692.45,904.93,206.14714285714285,3.650205549845838,0,0.7,33.3,26.4,70.0,29.849999999999998,41.9,8.699999999999996,1,0,0,2320.0,0,0,0,0,2300.0,0.02222222212345679,1960.0,1965.0,1970.0,0.1479591829185756,0.14503816720082358,0.14213197897394936,1967.857142857143,1963.9285714285713,20.3832330722115,20.95586675965701,1.1433756747705048,1.1456628419569814,0,False,False,False,False,True,False,False,False,False,False,False,False,False,False,False,True,False,False,False
2026-07-23,Andhra Pradesh,Eluru,Polavaram,Paddy(Common),1001,Local,2445.0,2445.0,2445.0,3,7,30,692.45,904.93,206.14714285714285,3.650205549845838,0,0.7,33.3,26.4,70.0,29.849999999999998,41.9,8.699999999999996,1,0,0,2320.0,0,0,0,0,2445.0,0.0,2445.0,2445.0,2445.0,0.0,0.0,0.0,2445.0,2425.3571428571427,0.0,27.34848369543776,0.9999999959100204,1.008098950342104,0,False,False,False,False,False,True,False,False,False,False,False,False,True,False,False,False,False,False,False
2026-07-23,Andhra Pradesh,NTR,Tiruvuru,Paddy(Common),,,2500.0,2500.0,2500.0,3,7,30,692.45,904.93,206.14714285714285,3.650205549845838,0,0.7,33.3,26.4,70.0,29.849999999999998,41.9,8.699999999999996,1,0,0,2320.0,0,0,0,0,2450.0,-0.019999999919999997,2500.0,2550.0,2500.0,0.0,-0.0196078430603614,0.0,2507.1428571428573,2484.0714285714284,18.89822365047382,29.730751460693586,0.9971509931737566,1.0064122799293291,0,False,False,False,False,False,False,False,False,True,False,False,False,False,False,False,True,False,False,False
2026-07-24,Andhra Pradesh,Kakinada,Jaggampet,Paddy(Common),Common,FAQ,2369.0,2380.0,2369.0,4,7,30,452.33,692.45,289.2257142857143,-0.23480269192092196,0,1.2,32.9,27.8,70.0,30.35,42.2,9.0,1,0,0,2320.0,0,0,0,0,2369.0,0.0,2369.0,2379.0,2379.0,0.0,-0.004203446808728681,-0.004203446808728681,2376.1428571428573,2377.5714285714284,4.879500364742559,3.6313651960127773,0.9969939235381725,0.9963948765398281,0,True,False,False,False,False,False,False,False,False,False,False,False,False,True,False,False,False,False,False
2026-07-24,Andhra Pradesh,East Godavari,Kovvur,Paddy(Common),,,2441.0,2441.0,2441.0,4,7,30,452.33,692.45,289.2257142857143,-0.23480269192092196,0,1.2,32.9,27.8,70.0,30.35,42.2,9.0,1,0,0,2320.0,0,0,0,0,2441.0,0.0,2441.0,2441.0,2441.0,0.0,0.0,0.0,2441.0,2426.3571428571427,0.0,20.387051482052655,0.9999999959033182,1.006034910040187,0,False,True,False,False,False,False,False,False,False,False,False,True,False,False,False,False,False,False,False
2026-07-24,Andhra Pradesh,Bapatla,Kuchinapudi,Paddy(Common),B P T,Local,3300.0,3500.0,3400.0,4,7,30,452.33,692.45,289.2257142857143,-0.23480269192092196,0,1.2,32.9,27.8,70.0,30.35,42.2,9.0,1,0,0,2320.0,0,0,0,0,3100.0,-0.08823529385813149,3300.0,2800.0,2650.0,0.030303030211202935,0.21428571352040815,0.28301886685653255,2821.4285714285716,2664.285714285714,232.48143807112686,236.5038391529107,1.20506328686813,1.276139405397868,0,False,False,True,False,False,False,False,False,False,False,True,False,False,False,False,False,False,False,False
2026-07-24,Andhra Pradesh,NTR,Mylavaram,Paddy(Common),1001,FAQ,2369.0,2369.0,2369.0,4,7,30,452.33,692.45,289.2257142857143,-0.23480269192092196,0,1.2,32.9,27.8,70.0,30.35,42.2,9.0,1,0,0,2320.0,0,0,0,0,2369.0,0.0,2369.0,2369.0,2369.0,0.0,0.0,0.0,2369.0,2369.0,0.0,0.0,0.9999999957788096,0.9999999957788096,0,False,False,False,True,False,False,False,False,False,False,False,False,False,False,False,True,False,False,False
2026-07-24,Andhra Pradesh,NTR,Nandigama,Paddy(Common),B P T,Grade Range-1,2300.0,2300.0,2300.0,4,7,30,452.33,692.45,289.2257142857143,-0.23480269192092196,0,1.2,32.9,27.8,70.0,30.35,42.2,9.0,1,0,0,2320.0,0,0,0,0,2300.0,0.0,2250.0,1930.0,1990.0,0.02222222212345679,0.19170984356627024,0.1557788936895533,2007.857142857143,1984.642857142857,108.69901651108015,79.18974986396063,1.1454998164222705,1.1588986805022201,0,False,False,False,False,True,False,False,False,False,False,False,False,False,False,False,True,False,False,False
2026-07-24,Andhra Pradesh,Eluru,Polavaram,Paddy(Common),1001,Local,2445.0,2445.0,2445.0,4,7,30,452.33,692.45,289.2257142857143,-0.23480269192092196,0,1.2,32.9,27.8,70.0,30.35,42.2,9.0,1,0,0,2320.0,0,0,0,0,2445.0,0.0,2445.0,2445.0,2445.0,0.0,0.0,0.0,2445.0,2429.285714285714,0.0,25.7843977016186,0.9999999959100204,1.0064686815376178,0,False,False,False,False,False,True,False,False,False,False,False,False,True,False,False,False,False,False,False
2026-07-24,Andhra Pradesh,NTR,Tiruvuru,Paddy(Common),Sona,Local,2450.0,2450.0,2450.0,4,7,30,452.33,692.45,289.2257142857143,-0.23480269192092196,0,1.2,32.9,27.8,70.0,30.35,42.2,9.0,1,0,0,2320.0,0,0,0,0,2500.0,0.020408163182007496,2500.0,2500.0,2500.0,-0.019999999919999997,-0.019999999919999997,-0.019999999919999997,2507.1428571428573,2487.6428571428573,18.89822365047382,28.29136085275941,0.9772079733102814,0.9848680581766579,0,False,False,False,False,False,False,False,False,True,False,False,False,False,False,False,True,False,False,False
2026-07-25,Andhra Pradesh,Kakinada,Jaggampet,Paddy(Common),Common,FAQ,2369.0,2380.0,2369.0,5,7,30,1220.76,452.33,340.0728571428572,-0.3467687197631598,0,0.5,33.8,28.1,64.0,30.95,39.6,6.399999999999999,0,0,0,2320.0,0,0,0,0,2369.0,0.0,2369.0,2369.0,2379.0,0.0,0.0,-0.004203446808728681,2374.714285714286,2376.8571428571427,5.345224838248363,4.258153136263123,0.9975936912812633,0.9966943100271306,0,True,False,False,False,False,False,False,False,False,False,False,False,False,True,False,False,False,False,False
2026-07-25,Andhra Pradesh,East Godavari,Kovvur,Paddy(Common),,,2441.0,2441.0,2441.0,5,7,30,1220.76,452.33,340.0728571428572,-0.3467687197631598,0,0.5,33.8,28.1,64.0,30.95,39.6,6.399999999999999,0,0,0,2320.0,0,0,0,0,2441.0,0.0,2441.0,2441.0,2441.0,0.0,0.0,0.0,2441.0,2429.285714285714,0.0,19.22109646847826,0.9999999959033182,1.004822107007495,0,False,True,False,False,False,False,False,False,False,False,False,True,False,False,False,False,False,False,False
2026-07-25,Andhra Pradesh,Bapatla,Kuchinapudi,Paddy(Common),B P T,Local,3000.0,3200.0,3100.0,5,7,30,1220.76,452.33,340.0728571428572,-0.3467687197631598,0,0.5,33.8,28.1,64.0,30.95,39.6,6.399999999999999,0,0,0,2320.0,0,0,0,0,3100.0,0.0,3400.0,2800.0,2650.0,-0.08823529385813149,0.10714285676020407,0.16981132011391953,2928.5714285714284,2732.1428571428573,302.56837086453584,298.4621757102065,1.0585365817513386,1.1346405187228843,0,False,False,True,False,False,False,False,False,False,False,True,False,False,False,False,False,False,False,False
2026-07-25,Andhra Pradesh,NTR,Mylavaram,Paddy(Common),1001,FAQ,2369.0,2369.0,2369.0,5,7,30,1220.76,452.33,340.0728571428572,-0.3467687197631598,0,0.5,33.8,28.1,64.0,30.95,39.6,6.399999999999999,0,0,0,2320.0,0,0,0,0,2369.0,0.0,2369.0,2369.0,2369.0,0.0,0.0,0.0,2369.0,2369.0,0.0,0.0,0.9999999957788096,0.9999999957788096,0,False,False,False,True,False,False,False,False,False,False,False,False,False,False,False,True,False,False,False
2026-07-25,Andhra Pradesh,NTR,Nandigama,Paddy(Common),,,2300.0,2300.0,2300.0,5,7,30,1220.76,452.33,340.0728571428572,-0.3467687197631598,0,0.5,33.8,28.1,64.0,30.95,39.6,6.399999999999999,0,0,0,2320.0,0,0,0,0,2350.0,0.02173913034026465,2300.0,1960.0,1990.0,0.0,0.17346938687005414,0.1557788936895533,2052.1428571428573,2012.5,153.944176647931,112.50213673184598,1.1207796673543626,1.1428571371783496,0,False,False,False,False,True,False,False,False,False,False,False,False,False,False,False,True,False,False,False
2026-07-25,Andhra Pradesh,Eluru,Polavaram,Paddy(Common),1001,Local,2445.0,2445.0,2445.0,5,7,30,1220.76,452.33,340.0728571428572,-0.3467687197631598,0,0.5,33.8,28.1,64.0,30.95,39.6,6.399999999999999,0,0,0,2320.0,0,0,0,0,2445.0,0.0,2445.0,2445.0,2445.0,0.0,0.0,0.0,2445.0,2433.214285714286,0.0,23.41984224944917,0.9999999959100204,1.0048436770680136,0,False,False,False,False,False,True,False,False,False,False,False,False,True,False,False,False,False,False,False
2026-07-25,Andhra Pradesh,NTR,Tiruvuru,Paddy(Common),Sona,Local,2500.0,2500.0,2500.0,5,7,30,1220.76,452.33,340.0728571428572,-0.3467687197631598,0,0.5,33.8,28.1,64.0,30.95,39.6,6.399999999999999,0,0,0,2320.0,0,0,0,0,2500.0,0.0,2450.0,2500.0,2500.0,0.020408163182007496,0.0,0.0,2500.0,2487.0,28.86751345948867,29.08343435438985,0.9999999959999999,1.0052271773010566,0,False,False,False,False,False,False,False,False,True,False,False,False,False,False,False,True,False,False,False
2026-07-26,Andhra Pradesh,Kakinada,Jaggampet,Paddy(Common),Common,FAQ,2369.0,2380.0,2369.0,6,7,30,183.35,1220.76,506.69571428571425,1.698826078305662,1,13.4,33.0,25.0,73.0,29.0,19.599999999999998,-13.600000000000005,0,0,0,2320.0,0,0,0,0,2369.0,0.0,2369.0,2369.0,2379.0,0.0,0.0,-0.004203446808728681,2373.285714285714,2376.1428571428573,5.345224838248363,4.688072309384858,0.9981941810706318,0.9969939235381725,0,True,False,False,False,False,False,False,False,False,False,False,False,False,True,False,False,False,False,False
2026-07-26,Andhra Pradesh,East Godavari,Kovvur,Paddy(Common),,,2441.0,2441.0,2441.0,6,7,30,183.35,1220.76,506.69571428571425,1.698826078305662,1,13.4,33.0,25.0,73.0,29.0,19.599999999999998,-13.600000000000005,0,0,0,2320.0,0,0,0,0,2441.0,0.0,2441.0,2441.0,2441.0,0.0,0.0,0.0,2441.0,2432.214285714286,0.0,17.45842785867908,0.9999999959033182,1.0036122245894183,0,False,True,False,False,False,False,False,False,False,False,False,True,False,False,False,False,False,False,False
2026-07-26,Andhra Pradesh,Bapatla,Kuchinapudi,Paddy(Common),,,3000.0,3200.0,3100.0,6,7,30,183.35,1220.76,506.69571428571425,1.698826078305662,1,13.4,33.0,25.0,73.0,29.0,19.599999999999998,-13.600000000000005,0,0,0,2320.0,0,0,0,0,3100.0,0.0,3100.0,3300.0,2650.0,0.0,-0.06060606042240587,0.16981132011391953,2992.8571428571427,2778.5714285714284,280.5182279112652,301.7349102174884,1.0357995192121257,1.1156812299178567,0,False,False,True,False,False,False,False,False,False,False,True,False,False,False,False,False,False,False,False
2026-07-26,Andhra Pradesh,NTR,Mylavaram,Paddy(Common),1001,FAQ,2369.0,2369.0,2369.0,6,7,30,183.35,1220.76,506.69571428571425,1.698826078305662,1,13.4,33.0,25.0,73.0,29.0,19.599999999999998,-13.600000000000005,0,0,0,2320.0,0,0,0,0,2369.0,0.0,2369.0,2369.0,2369.0,0.0,0.0,0.0,2369.0,2369.0,0.0,0.0,0.9999999957788096,0.9999999957788096,0,False,False,False,True,False,False,False,False,False,False,False,False,False,False,False,True,False,False,False
2026-07-26,Andhra Pradesh,NTR,Nandigama,Paddy(Common),B P T,Grade Range-1,2350.0,2350.0,2350.0,6,7,30,183.35,1220.76,506.69571428571425,1.698826078305662,1,13.4,33.0,25.0,73.0,29.0,19.599999999999998,-13.600000000000005,0,0,0,2320.0,0,0,0,0,2250.0,-0.04255319130828429,2300.0,2250.0,1970.0,0.02173913034026465,0.04444444424691358,0.1928934000360741,2096.4285714285716,2036.0714285714287,176.08507143126084,135.1947110286128,1.1209539980601853,1.1541834709143768,0,False,False,False,False,True,False,False,False,False,False,False,False,False,False,False,True,False,False,False
2026-07-26,Andhra Pradesh,Eluru,Polavaram,Paddy(Common),,,2445.0,2445.0,2445.0,6,7,30,183.35,1220.76,506.69571428571425,1.698826078305662,1,13.4,33.0,25.0,73.0,29.0,19.599999999999998,-13.600000000000005,0,0,0,2320.0,0,0,0,0,2445.0,0.0,2445.0,2445.0,2445.0,0.0,0.0,0.0,2445.0,2437.1428571428573,0.0,19.97250857807242,0.9999999959100204,1.0032239114756345,0,False,False,False,False,False,True,False,False,False,False,False,False,True,False,False,False,False,False,False
2026-07-26,Andhra Pradesh,NTR,Tiruvuru,Paddy(Common),Sona,Local,2500.0,2500.0,2500.0,6,7,30,183.35,1220.76,506.69571428571425,1.698826078305662,1,13.4,33.0,25.0,73.0,29.0,19.599999999999998,-13.600000000000005,0,0,0,2320.0,0,0,0,0,2500.0,0.0,2500.0,2500.0,2500.0,0.0,0.0,0.0,2500.0,2489.9285714285716,28.86751345948867,28.094522558714978,0.9999999959999999,1.0040448624296083,0,False,False,False,False,False,False,False,False,True,False,False,False,False,False,False,True,False,False,False
2026-07-27,Andhra Pradesh,Kakinada,Jaggampet,Paddy(Common),Common,FAQ,2369.0,2380.0,2369.0,0,7,31,162.91,183.35,530.3457142857143,-0.8498066778072676,0,6.2,31.8,25.4,77.0,28.6,30.9,-24.214285714285715,0,0,0,2320.0,0,0,0,0,2369.0,0.0,2369.0,2369.0,2379.0,0.0,0.0,-0.004203446808728681,2371.8571428571427,2375.4285714285716,4.879500364742467,4.972451580988337,0.9987953942109451,0.9972937172353523,0,True,False,False,False,False,False,False,False,False,False,False,False,False,True,False,False,False,False,False
2026-07-27,Andhra Pradesh,East Godavari,Kovvur,Paddy(Common),MTU-1010,Grade Range-2,2441.0,2441.0,2441.0,0,7,31,162.91,183.35,530.3457142857143,-0.8498066778072676,0,6.2,31.8,25.4,77.0,28.6,30.9,-24.214285714285715,0,0,0,2320.0,0,0,0,0,2441.0,0.0,2441.0,2441.0,2441.0,0.0,0.0,0.0,2441.0,2435.1428571428573,0.0,14.888597303652496,0.9999999959033182,1.002405252248717,0,False,True,False,False,False,False,False,False,False,False,False,True,False,False,False,False,False,False,False
2026-07-27,Andhra Pradesh,Bapatla,Kuchinapudi,Paddy(Common),B P T,Local,3000.0,3200.0,3100.0,0,7,31,162.91,183.35,530.3457142857143,-0.8498066778072676,0,6.2,31.8,25.4,77.0,28.6,30.9,-24.214285714285715,0,0,0,2320.0,0,0,0,0,3200.0,0.032258064412070755,3100.0,3400.0,2900.0,0.0,-0.08823529385813149,0.06896551700356718,3057.1428571428573,2825.0,237.04530408864179,297.2631571779192,1.0140186882719013,1.0973451288589553,0,False,False,True,False,False,False,False,False,False,False,True,False,False,False,False,False,False,False,False
2026-07-27,Andhra Pradesh,NTR,Mylavaram,Paddy(Common),1001,FAQ,2369.0,2369.0,2369.0,0,7,31,162.91,183.35,530.3457142857143,-0.8498066778072676,0,6.2,31.8,25.4,77.0,28.6,30.9,-24.214285714285715,0,0,0,2320.0,0,0,0,0,2369.0,0.0,2369.0,2369.0,2369.0,0.0,0.0,0.0,2369.0,2369.0,0.0,0.0,0.9999999957788096,0.9999999957788096,0,False,False,False,True,False,False,False,False,False,False,False,False,False,False,False,True,False,False,False
2026-07-27,Andhra Pradesh,NTR,Nandigama,Paddy(Common),B P T,Grade Range-1,2250.0,2250.0,2250.0,0,7,31,162.91,183.35,530.3457142857143,-0.8498066778072676,0,6.2,31.8,25.4,77.0,28.6,30.9,-24.214285714285715,0,0,0,2320.0,0,0,0,0,2350.0,0.04444444424691358,2350.0,2300.0,1965.0,-0.04255319130828429,-0.02173913034026465,0.14503816720082358,2150.714285714286,2063.214285714286,188.73324586632302,157.2553917732505,1.0461640602303894,1.0905314124052483,0,False,False,False,False,True,False,False,False,False,False,False,False,False,False,False,True,False,False,False
2026-07-27,Andhra Pradesh,Eluru,Polavaram,Paddy(Common),1001,Local,2445.0,2445.0,2445.0,0,7,31,162.91,183.35,530.3457142857143,-0.8498066778072676,0,6.2,31.8,25.4,77.0,28.6,30.9,-24.214285714285715,0,0,0,2320.0,0,0,0,0,2445.0,0.0,2445.0,2445.0,2445.0,0.0,0.0,0.0,2445.0,2441.0714285714284,0.0,14.699368305186177,0.9999999959100204,1.0016093594667064,0,False,False,False,False,False,True,False,False,False,False,False,False,True,False,False,False,False,False,False
2026-07-27,Andhra Pradesh,NTR,Tiruvuru,Paddy(Common),,,2500.0,2500.0,2500.0,0,7,31,162.91,183.35,530.3457142857143,-0.8498066778072676,0,6.2,31.8,25.4,77.0,28.6,30.9,-24.214285714285715,0,0,0,2320.0,0,0,0,0,2500.0,0.0,2500.0,2450.0,2550.0,0.0,0.020408163182007496,-0.0196078430603614,2500.0,2492.8571428571427,28.86751345948867,26.726124191241386,0.9999999959999999,1.0028653254899385,0,False,False,False,False,False,False,False,False,True,False,False,False,False,False,False,True,False,False,False
2026-07-28,Andhra Pradesh,Kakinada,Jaggampet,Paddy(Common),,,2369.0,2380.0,2369.0,1,7,31,483.11,162.91,544.4757142857143,-0.11148077447504767,0,20.9,31.6,25.2,83.0,28.4,34.5,-20.614285714285714,0,0,0,2320.0,0,0,0,0,2369.0,0.0,2369.0,2369.0,2379.0,0.0,0.0,-0.004203446808728681,2370.4285714285716,2374.714285714286,3.7796447300919382,5.135525910130771,0.9993973320100153,0.9975936912812633,0,True,False,False,False,False,False,False,False,False,False,False,False,False,True,False,False,False,False,False
2026-07-28,Andhra Pradesh,East Godavari,Kovvur,Paddy(Common),MTU-1010,Grade Range-2,2441.0,2441.0,2441.0,1,7,31,483.11,162.91,544.4757142857143,-0.11148077447504767,0,20.9,31.6,25.2,83.0,28.4,34.5,-20.614285714285714,0,0,0,2320.0,0,0,0,0,2441.0,0.0,2441.0,2441.0,2441.0,0.0,0.0,0.0,2441.0,2438.0714285714284,0.0,10.957710918409449,0.9999999959033182,1.0012011794987794,0,False,True,False,False,False,False,False,False,False,False,False,True,False,False,False,False,False,False,False
2026-07-28,Andhra Pradesh,Bapatla,Kuchinapudi,Paddy(Common),B P T,Local,3100.0,3300.0,3200.0,1,7,31,483.11,162.91,544.4757142857143,-0.11148077447504767,0,20.9,31.6,25.2,83.0,28.4,34.5,-20.614285714285714,0,0,0,2320.0,0,0,0,0,3300.0,0.03124999990234375,3100.0,3100.0,2800.0,0.032258064412070755,0.032258064412070755,0.14285714234693878,3085.714285714286,2871.4285714285716,226.77868380553747,284.68220183909574,1.0370370336762689,1.1144278568154253,0,False,False,True,False,False,False,False,False,False,False,True,False,False,False,False,False,False,False,False
2026-07-28,Andhra Pradesh,NTR,Mylavaram,Paddy(Common),1001,FAQ,2369.0,2369.0,2369.0,1,7,31,483.11,162.91,544.4757142857143,-0.11148077447504767,0,20.9,31.6,25.2,83.0,28.4,34.5,-20.614285714285714,0,0,0,2320.0,0,0,0,0,2369.0,0.0,2369.0,2369.0,2369.0,0.0,0.0,0.0,2369.0,2369.0,0.0,0.0,0.9999999957788096,0.9999999957788096,0,False,False,False,True,False,False,False,False,False,False,False,False,False,False,False,True,False,False,False
2026-07-28,Andhra Pradesh,NTR,Nandigama,Paddy(Common),B P T,Grade Range-1,2350.0,2350.0,2350.0,1,7,31,483.11,162.91,544.4757142857143,-0.11148077447504767,0,20.9,31.6,25.2,83.0,28.4,34.5,-20.614285714285714,0,0,0,2320.0,0,0,0,0,2350.0,0.0,2250.0,2300.0,1930.0,0.04444444424691358,0.02173913034026465,0.2176165791833338,2191.4285714285716,2083.214285714286,171.99114041412776,162.2155159852901,1.072359838652856,1.128064455411314,0,False,False,False,False,True,False,False,False,False,False,False,False,False,False,False,True,False,False,False
2026-07-28,Andhra Pradesh,Eluru,Polavaram,Paddy(Common),1001,Local,2445.0,2445.0,2445.0,1,7,31,483.11,162.91,544.4757142857143,-0.11148077447504767,0,20.9,31.6,25.2,83.0,28.4,34.5,-20.614285714285714,0,0,0,2320.0,0,0,0,0,2445.0,0.0,2445.0,2445.0,2445.0,0.0,0.0,0.0,2445.0,2445.0,0.0,0.0,0.9999999959100204,0.9999999959100204,0,False,False,False,False,False,True,False,False,False,False,False,False,True,False,False,False,False,False,False
2026-07-28,Andhra Pradesh,NTR,Tiruvuru,Paddy(Common),Sona,Local,2500.0,2500.0,2500.0,1,7,31,483.11,162.91,544.4757142857143,-0.11148077447504767,0,20.9,31.6,25.2,83.0,28.4,34.5,-20.614285714285714,0,0,0,2320.0,0,0,0,0,2700.0,0.07999999967999999,2500.0,2500.0,2500.0,0.0,0.0,0.0,2492.8571428571427,2496.4285714285716,18.898223650471415,23.731557327464927,1.0028653254899385,1.0014306111530675,0,False,False,False,False,False,False,False,False,True,False,False,False,False,False,False,True,False,False,False
2026-07-29,Andhra Pradesh,Kakinada,Jaggampet,Paddy(Common),,,2369.0,2380.0,2369.0,2,7,31,210.51,483.11,585.6914285714286,1.9655024246516484,0,15.3,29.3,24.8,85.0,27.05,51.9,-3.2142857142857153,1,0,0,2320.0,0,0,0,0,2369.0,0.0,2369.0,2369.0,2369.0,0.0,0.0,0.0,2369.0,2374.0,0.0,5.188745216627454,0.9999999957788096,0.9978938458386948,0,True,False,False,False,False,False,False,False,False,False,False,False,False,True,False,False,False,False,False
2026-07-29,Andhra Pradesh,East Godavari,Kovvur,Paddy(Common),,,2441.0,2441.0,2441.0,2,7,31,210.51,483.11,585.6914285714286,1.9655024246516484,0,15.3,29.3,24.8,85.0,27.05,51.9,-3.2142857142857153,1,0,0,2320.0,0,0,0,0,2441.0,0.0,2441.0,2441.0,2441.0,0.0,0.0,0.0,2441.0,2441.0,0.0,0.0,0.9999999959033182,0.9999999959033182,0,False,True,False,False,False,False,False,False,False,False,False,True,False,False,False,False,False,False,False
2026-07-29,Andhra Pradesh,Bapatla,Kuchinapudi,Paddy(Common),B P T,Local,3200.0,3400.0,3300.0,2,7,31,210.51,483.11,585.6914285714286,1.9655024246516484,0,15.3,29.3,24.8,85.0,27.05,51.9,-3.2142857142857153,1,0,0,2320.0,0,0,0,0,3300.0,0.0,3200.0,3100.0,2800.0,0.03124999990234375,0.06451612882414151,0.17857142793367345,3142.8571428571427,2925.0,190.23794624227006,269.4367344037433,1.049999996659091,1.1282051243480167,0,False,False,True,False,False,False,False,False,False,False,True,False,False,False,False,False,False,False,False
2026-07-29,Andhra Pradesh,NTR,Mylavaram,Paddy(Common),1001,FAQ,2369.0,2369.0,2369.0,2,7,31,210.51,483.11,585.6914285714286,1.9655024246516484,0,15.3,29.3,24.8,85.0,27.05,51.9,-3.2142857142857153,1,0,0,2320.0,0,0,0,0,2369.0,0.0,2369.0,2369.0,2369.0,0.0,0.0,0.0,2369.0,2369.0,0.0,0.0,0.9999999957788096,0.9999999957788096,0,False,False,False,True,False,False,False,False,False,False,False,False,False,False,False,True,False,False,False
2026-07-29,Andhra Pradesh,NTR,Nandigama,Paddy(Common),,,2350.0,2350.0,2350.0,2,7,31,210.51,483.11,585.6914285714286,1.9655024246516484,0,15.3,29.3,24.8,85.0,27.05,51.9,-3.2142857142857153,1,0,0,2320.0,0,0,0,0,2350.0,0.0,2350.0,2350.0,1960.0,0.0,0.0,0.19897959082153271,2251.4285714285716,2110.3571428571427,134.83676197889136,173.23243928888814,1.0437817212522384,1.1135555878863503,0,False,False,False,False,True,False,False,False,False,False,False,False,False,False,False,True,False,False,False
2026-07-29,Andhra Pradesh,Eluru,Polavaram,Paddy(Common),1001,Local,2445.0,2445.0,2445.0,2,7,31,210.51,483.11,585.6914285714286,1.9655024246516484,0,15.3,29.3,24.8,85.0,27.05,51.9,-3.2142857142857153,1,0,0,2320.0,0,0,0,0,2445.0,0.0,2445.0,2445.0,2445.0,0.0,0.0,0.0,2445.0,2445.0,0.0,0.0,0.9999999959100204,0.9999999959100204,0,False,False,False,False,False,True,False,False,False,False,False,False,True,False,False,False,False,False,False
2026-07-29,Andhra Pradesh,NTR,Tiruvuru,Paddy(Common),Sona,Local,2700.0,2700.0,2700.0,2,7,31,210.51,483.11,585.6914285714286,1.9655024246516484,0,15.3,29.3,24.8,85.0,27.05,51.9,-3.2142857142857153,1,0,0,2320.0,0,0,0,0,2550.0,-0.055555555349794235,2500.0,2500.0,2500.0,0.07999999967999999,0.07999999967999999,0.07999999967999999,2492.8571428571427,2500.0,18.898223650471415,19.6116135138168,1.0830945515291337,1.07999999568,0,False,False,False,False,False,False,False,False,True,False,False,False,False,False,False,True,False,False,False
2026-07-30,Andhra Pradesh,Kakinada,Jaggampet,Paddy(Common),Common,FAQ,2369.0,2380.0,2369.0,3,7,31,194.76,210.51,486.48857142857145,-0.5642607273705782,0,0.1,30.8,26.4,77.0,28.6,58.2,3.085714285714289,1,0,0,2320.0,0,0,0,0,2369.0,0.0,2369.0,2369.0,2369.0,0.0,0.0,0.0,2369.0,2373.285714285714,0.0,5.13552591013064,0.9999999957788096,0.9981941810706318,0,True,False,False,False,False,False,False,False,False,False,False,False,False,True,False,False,False,False,False
2026-07-30,Andhra Pradesh,East Godavari,Kovvur,Paddy(Common),MTU-1010,Grade Range-2,2441.0,2441.0,2441.0,3,7,31,194.76,210.51,486.48857142857145,-0.5642607273705782,0,0.1,30.8,26.4,77.0,28.6,58.2,3.085714285714289,1,0,0,2320.0,0,0,0,0,2441.0,0.0,2441.0,2441.0,2441.0,0.0,0.0,0.0,2441.0,2441.0,0.0,0.0,0.9999999959033182,0.9999999959033182,0,False,True,False,False,False,False,False,False,False,False,False,True,False,False,False,False,False,False,False
2026-07-30,Andhra Pradesh,Bapatla,Kuchinapudi,Paddy(Common),B P T,Local,3200.0,3400.0,3300.0,3,7,31,194.76,210.51,486.48857142857145,-0.5642607273705782,0,0.1,30.8,26.4,77.0,28.6,58.2,3.085714285714289,1,0,0,2320.0,0,0,0,0,3400.0,0.030303030211202935,3300.0,3100.0,3300.0,0.0,0.06451612882414151,0.0,3214.285714285714,2971.4285714285716,121.49857925879459,274.36239770552487,1.0266666634725925,1.1105769193394044,0,False,False,True,False,False,False,False,False,False,False,True,False,False,False,False,False,False,False,False
2026-07-30,Andhra Pradesh,NTR,Mylavaram,Paddy(Common),1001,FAQ,2369.0,2369.0,2369.0,3,7,31,194.76,210.51,486.48857142857145,-0.5642607273705782,0,0.1,30.8,26.4,77.0,28.6,58.2,3.085714285714289,1,0,0,2320.0,0,0,0,0,2369.0,0.0,2369.0,2369.0,2369.0,0.0,0.0,0.0,2369.0,2369.0,0.0,0.0,0.9999999957788096,0.9999999957788096,0,False,False,False,True,False,False,False,False,False,False,False,False,False,False,False,True,False,False,False
2026-07-30,Andhra Pradesh,NTR,Nandigama,Paddy(Common),,,2350.0,2350.0,2350.0,3,7,31,194.76,210.51,486.48857142857145,-0.5642607273705782,0,0.1,30.8,26.4,77.0,28.6,58.2,3.085714285714289,1,0,0,2320.0,0,0,0,0,2360.0,0.004255319130828429,2350.0,2250.0,2250.0,0.0,0.04444444424691358,0.04444444424691358,2307.1428571428573,2137.5,44.98677054211975,179.21570587080123,1.0185758469783088,1.0994151995348995,0,False,False,False,False,True,False,False,False,False,False,False,False,False,False,False,True,False,False,False
2026-07-30,Andhra Pradesh,Eluru,Polavaram,Paddy(Common),1001,Local,2445.0,2445.0,2445.0,3,7,31,194.76,210.51,486.48857142857145,-0.5642607273705782,0,0.1,30.8,26.4,77.0,28.6,58.2,3.085714285714289,1,0,0,2320.0,0,0,0,0,2445.0,0.0,2445.0,2445.0,2445.0,0.0,0.0,0.0,2445.0,2445.0,0.0,0.0,0.9999999959100204,0.9999999959100204,0,False,False,False,False,False,True,False,False,False,False,False,False,True,False,False,False,False,False,False
2026-07-30,Andhra Pradesh,Polavaram,Rampachodvaram,Paddy(Common),1001,Grade Range-2,2369.0,2389.0,2379.0,3,7,31,194.76,210.51,285.51,-0.5642607273705782,0,0.1,30.8,26.4,77.0,28.6,42.4,7.600000000000001,1,0,0,2320.0,0,0,0,0,2379.0,0.0,2379.0,2379.0,,0.0,0.0,,2379.0,2379.0,0.0,0.0,0.9999999957965531,0.9999999957965531,0,False,False,False,False,False,False,True,False,False,False,False,False,False,False,False,False,False,True,False
2026-07-30,Andhra Pradesh,NTR,Tiruvuru,Paddy(Common),Sona,Local,2550.0,2550.0,2550.0,3,7,31,194.76,210.51,486.48857142857145,-0.5642607273705782,0,0.1,30.8,26.4,77.0,28.6,58.2,3.085714285714289,1,0,0,2320.0,0,0,0,0,2550.0,0.0,2700.0,2500.0,2500.0,-0.055555555349794235,0.019999999919999997,0.019999999919999997,2521.4285714285716,2514.285714285714,80.91735937127227,56.936440367818626,1.0113314407482605,1.0142045414207774,0,False,False,False,False,False,False,False,False,True,False,False,False,False,False,False,True,False,False,False
2026-07-31,Andhra Pradesh,Kakinada,Jaggampet,Paddy(Common),Common,FAQ,2369.0,2380.0,2369.0,4,7,31,159.73,194.76,415.39,-0.07481829841812737,0,5.8,32.2,25.7,79.0,28.950000000000003,57.599999999999994,2.4857142857142804,1,0,0,2320.0,0,0,0,0,2369.0,0.0,2369.0,2369.0,2369.0,0.0,0.0,0.0,2369.0,2372.5714285714284,0.0,4.972451580988066,0.9999999957788096,0.998494697140256,0,True,False,False,False,False,False,False,False,False,False,False,False,False,True,False,False,False,False,False
2026-07-31,Andhra Pradesh,East Godavari,Kovvur,Paddy(Common),MTU-1010,Grade Range-2,2441.0,2441.0,2441.0,4,7,31,159.73,194.76,415.39,-0.07481829841812737,0,5.8,32.2,25.7,79.0,28.950000000000003,57.599999999999994,2.4857142857142804,1,0,0,2320.0,0,0,0,0,2441.0,0.0,2441.0,2441.0,2441.0,0.0,0.0,0.0,2441.0,2441.0,0.0,0.0,0.9999999959033182,0.9999999959033182,0,False,True,False,False,False,False,False,False,False,False,False,True,False,False,False,False,False,False,False
2026-07-31,Andhra Pradesh,Bapatla,Kuchinapudi,Paddy(Common),B P T,Local,3300.0,3500.0,3400.0,4,7,31,159.73,194.76,415.39,-0.07481829841812737,0,5.8,32.2,25.7,79.0,28.950000000000003,57.599999999999994,2.4857142857142804,1,0,0,2320.0,0,0,0,0,3100.0,-0.08823529385813149,3300.0,3200.0,3400.0,0.030303030211202935,0.0624999998046875,0.0,3214.285714285714,3017.8571428571427,121.49857925879459,270.75900642534265,1.0577777744869135,1.1266272152017087,0,False,False,True,False,False,False,False,False,False,False,True,False,False,False,False,False,False,False,False
2026-07-31,Andhra Pradesh,NTR,Mylavaram,Paddy(Common),1001,FAQ,2369.0,2369.0,2369.0,4,7,31,159.73,194.76,415.39,-0.07481829841812737,0,5.8,32.2,25.7,79.0,28.950000000000003,57.599999999999994,2.4857142857142804,1,0,0,2320.0,0,0,0,0,2369.0,0.0,2369.0,2369.0,2369.0,0.0,0.0,0.0,2369.0,2369.0,0.0,0.0,0.9999999957788096,0.9999999957788096,0,False,False,False,True,False,False,False,False,False,False,False,False,False,False,False,True,False,False,False
2026-07-31,Andhra Pradesh,NTR,Nandigama,Paddy(Common),B P T,Grade Range-1,2360.0,2360.0,2360.0,4,7,31,159.73,194.76,415.39,-0.07481829841812737,0,5.8,32.2,25.7,79.0,28.950000000000003,57.599999999999994,2.4857142857142804,1,0,0,2320.0,0,0,0,0,2360.0,0.0,2350.0,2350.0,2300.0,0.004255319130828429,0.004255319130828429,0.02608695640831758,2321.4285714285716,2164.6428571428573,39.33978962346964,180.66612093236407,1.0166153802361182,1.0902491287696787,0,False,False,False,False,True,False,False,False,False,False,False,False,False,False,False,True,False,False,False
2026-07-31,Andhra Pradesh,Eluru,Polavaram,Paddy(Common),1001,Local,2445.0,2445.0,2445.0,4,7,31,159.73,194.76,415.39,-0.07481829841812737,0,5.8,32.2,25.7,79.0,28.950000000000003,57.599999999999994,2.4857142857142804,1,0,0,2320.0,0,0,0,0,2445.0,0.0,2445.0,2445.0,2445.0,0.0,0.0,0.0,2445.0,2445.0,0.0,0.0,0.9999999959100204,0.9999999959100204,0,False,False,False,False,False,True,False,False,False,False,False,False,True,False,False,False,False,False,False
2026-07-31,Andhra Pradesh,Polavaram,Rampachodvaram,Paddy(Common),1001,Grade Range-2,2369.0,2389.0,2379.0,4,7,31,159.73,194.76,262.8225,-0.07481829841812737,0,5.8,32.2,25.7,79.0,28.950000000000003,42.5,7.700000000000003,1,0,0,2320.0,0,0,0,0,2379.0,0.0,2379.0,2379.0,,0.0,0.0,,2379.0,2379.0,0.0,0.0,0.9999999957965531,0.9999999957965531,0,False,False,False,False,False,False,True,False,False,False,False,False,False,False,False,False,False,True,False
2026-07-31,Andhra Pradesh,NTR,Tiruvuru,Paddy(Common),Sona,Local,2550.0,2550.0,2550.0,4,7,31,159.73,194.76,415.39,-0.07481829841812737,0,5.8,32.2,25.7,79.0,28.950000000000003,57.599999999999994,2.4857142857142804,1,0,0,2320.0,0,0,0,0,2600.0,0.0196078430603614,2550.0,2500.0,2450.0,0.0,0.019999999919999997,0.04081632636401499,2528.5714285714284,2517.8571428571427,80.9173593712726,57.53641942665083,1.008474572282869,1.0127659534244757,0,False,False,False,False,False,False,False,False,True,False,False,False,False,False,False,True,False,False,False
2026-08-01,Andhra Pradesh,Kakinada,Jaggampet,Paddy(Common),Common,FAQ,2369.0,2380.0,2369.0,5,8,31,142.01,159.73,373.59,-0.17986239474224686,0,28.8,30.8,25.3,86.0,28.05,62.2,7.085714285714289,1,0,0,2320.0,0,0,0,0,2369.0,0.0,2369.0,2369.0,2369.0,0.0,0.0,0.0,2369.0,2371.8571428571427,0.0,4.6880723093844265,0.9999999957788096,0.9987953942109451,0,True,False,False,False,False,False,False,False,False,False,False,False,False,True,False,False,False,False,False
2026-08-01,Andhra Pradesh,East Godavari,Kovvur,Paddy(Common),,,2441.0,2441.0,2441.0,5,8,31,142.01,159.73,373.59,-0.17986239474224686,0,28.8,30.8,25.3,86.0,28.05,62.2,7.085714285714289,1,0,0,2320.0,0,0,0,0,2441.0,0.0,2441.0,2441.0,2441.0,0.0,0.0,0.0,2441.0,2441.0,0.0,0.0,0.9999999959033182,0.9999999959033182,0,False,True,False,False,False,False,False,False,False,False,False,True,False,False,False,False,False,False,False
2026-08-01,Andhra Pradesh,Bapatla,Kuchinapudi,Paddy(Common),B P T,Local,3000.0,3200.0,3100.0,5,8,31,142.01,159.73,373.59,-0.17986239474224686,0,28.8,30.8,25.3,86.0,28.05,62.2,7.085714285714289,1,0,0,2320.0,0,0,0,0,3100.0,0.0,3400.0,3300.0,3100.0,-0.08823529385813149,-0.06060606042240587,0.0,3214.285714285714,3071.4285714285716,121.49857925879459,266.54072117399824,0.9644444414439506,1.0093023222952946,0,False,False,True,False,False,False,False,False,False,False,True,False,False,False,False,False,False,False,False
2026-08-01,Andhra Pradesh,NTR,Mylavaram,Paddy(Common),,,2369.0,2369.0,2369.0,5,8,31,142.01,159.73,373.59,-0.17986239474224686,0,28.8,30.8,25.3,86.0,28.05,62.2,7.085714285714289,1,0,0,2320.0,0,0,0,0,2369.0,0.0,2369.0,2369.0,2369.0,0.0,0.0,0.0,2369.0,2369.0,0.0,0.0,0.9999999957788096,0.9999999957788096,0,False,False,False,True,False,False,False,False,False,False,False,False,False,False,False,True,False,False,False
2026-08-01,Andhra Pradesh,NTR,Nandigama,Paddy(Common),,,2360.0,2360.0,2360.0,5,8,31,142.01,159.73,373.59,-0.17986239474224686,0,28.8,30.8,25.3,86.0,28.05,62.2,7.085714285714289,1,0,0,2320.0,0,0,0,0,2340.0,-0.008474576235277219,2360.0,2350.0,2300.0,0.0,0.004255319130828429,0.02608695640831758,2330.0,2191.0714285714284,40.41451884327135,180.2154540823574,1.0128755321335814,1.077098609591074,0,False,False,False,False,True,False,False,False,False,False,False,False,False,False,False,True,False,False,False
2026-08-01,Andhra Pradesh,Eluru,Polavaram,Paddy(Common),1001,Local,2445.0,2445.0,2445.0,5,8,31,142.01,159.73,373.59,-0.17986239474224686,0,28.8,30.8,25.3,86.0,28.05,62.2,7.085714285714289,1,0,0,2320.0,0,0,0,0,2445.0,0.0,2445.0,2445.0,2445.0,0.0,0.0,0.0,2445.0,2445.0,0.0,0.0,0.9999999959100204,0.9999999959100204,0,False,False,False,False,False,True,False,False,False,False,False,False,True,False,False,False,False,False,False
2026-08-01,Andhra Pradesh,Polavaram,Rampachodvaram,Paddy(Common),,,2369.0,2389.0,2379.0,5,8,31,142.01,159.73,242.204,-0.17986239474224686,0,28.8,30.8,25.3,86.0,28.05,48.3,13.5,1,0,0,2320.0,0,0,0,0,2379.0,0.0,2379.0,2379.0,,0.0,0.0,,2379.0,2379.0,0.0,0.0,0.9999999957965531,0.9999999957965531,0,False,False,False,False,False,False,True,False,False,False,False,False,False,False,False,False,False,True,False
2026-08-01,Andhra Pradesh,NTR,Tiruvuru,Paddy(Common),Sona,Local,2600.0,2600.0,2600.0,5,8,31,142.01,159.73,373.59,-0.17986239474224686,0,28.8,30.8,25.3,86.0,28.05,62.2,7.085714285714289,1,0,0,2320.0,0,0,0,0,2600.0,0.0,2550.0,2700.0,2500.0,0.0196078430603614,-0.037037036899862825,0.039999999839999995,2542.8571428571427,2521.4285714285716,73.19250547114504,57.893422352183265,1.0224719060914027,1.0311614689982262,0,False,False,False,False,False,False,False,False,True,False,False,False,False,False,False,True,False,False,False
2026-08-02,Andhra Pradesh,Kakinada,Jaggampet,Paddy(Common),,,2369.0,2380.0,2369.0,6,8,31,296.43,142.01,219.4828571428571,-0.11093720653602956,1,8.9,33.5,25.3,78.0,29.4,90.5,35.385714285714286,1,0,0,2320.0,0,0,0,0,2369.0,0.0,2369.0,2369.0,2369.0,0.0,0.0,0.0,2369.0,2371.1428571428573,0.0,4.2581531362624885,0.9999999957788096,0.9990962724462742,0,True,False,False,False,False,False,False,False,False,False,False,False,False,True,False,False,False,False,False
2026-08-02,Andhra Pradesh,East Godavari,Kovvur,Paddy(Common),,,2441.0,2441.0,2441.0,6,8,31,296.43,142.01,219.4828571428571,-0.11093720653602956,1,8.9,33.5,25.3,78.0,29.4,90.5,35.385714285714286,1,0,0,2320.0,0,0,0,0,2441.0,0.0,2441.0,2441.0,2441.0,0.0,0.0,0.0,2441.0,2441.0,0.0,0.0,0.9999999959033182,0.9999999959033182,0,False,True,False,False,False,False,False,False,False,False,False,True,False,False,False,False,False,False,False
2026-08-02,Andhra Pradesh,Bapatla,Kuchinapudi,Paddy(Common),,,3000.0,3200.0,3100.0,6,8,31,296.43,142.01,219.4828571428571,-0.11093720653602956,1,8.9,33.5,25.3,78.0,29.4,90.5,35.385714285714286,1,0,0,2320.0,0,0,0,0,3300.0,0.06451612882414151,3100.0,3300.0,3100.0,0.0,-0.06060606042240587,0.0,3214.285714285714,3103.5714285714284,121.49857925879459,237.34451243375423,0.9644444414439506,0.9988492487954225,0,False,False,True,False,False,False,False,False,False,False,True,False,False,False,False,False,False,False,False
2026-08-02,Andhra Pradesh,NTR,Mylavaram,Paddy(Common),1001,FAQ,2369.0,2369.0,2369.0,6,8,31,296.43,142.01,219.4828571428571,-0.11093720653602956,1,8.9,33.5,25.3,78.0,29.4,90.5,35.385714285714286,1,0,0,2320.0,0,0,0,0,2369.0,0.0,2369.0,2369.0,2369.0,0.0,0.0,0.0,2369.0,2369.0,0.0,0.0,0.9999999957788096,0.9999999957788096,0,False,False,False,True,False,False,False,False,False,False,False,False,False,False,False,True,False,False,False
2026-08-02,Andhra Pradesh,NTR,Nandigama,Paddy(Common),B P T,Grade Range-1,2340.0,2340.0,2340.0,6,8,31,296.43,142.01,219.4828571428571,-0.11093720653602956,1,8.9,33.5,25.3,78.0,29.4,90.5,35.385714285714286,1,0,0,2320.0,0,0,0,0,2340.0,0.0,2360.0,2350.0,2350.0,-0.008474576235277219,-0.004255319130828429,-0.004255319130828429,2338.5714285714284,2217.5,39.33978962346965,175.52941896752617,1.0006108692704483,1.0552423853202146,0,False,False,False,False,True,False,False,False,False,False,False,False,False,False,False,True,False,False,False
2026-08-02,Andhra Pradesh,Eluru,Polavaram,Paddy(Common),,,2445.0,2445.0,2445.0,6,8,31,296.43,142.01,219.4828571428571,-0.11093720653602956,1,8.9,33.5,25.3,78.0,29.4,90.5,35.385714285714286,1,0,0,2320.0,0,0,0,0,2445.0,0.0,2445.0,2445.0,2445.0,0.0,0.0,0.0,2445.0,2445.0,0.0,0.0,0.9999999959100204,0.9999999959100204,0,False,False,False,False,False,True,False,False,False,False,False,False,True,False,False,False,False,False,False
2026-08-02,Andhra Pradesh,Polavaram,Rampachodvaram,Paddy(Common),,,2369.0,2389.0,2379.0,6,8,31,296.43,142.01,225.505,-0.11093720653602956,1,8.9,33.5,25.3,78.0,29.4,77.1,42.3,1,0,0,2320.0,0,0,0,0,2379.0,0.0,2379.0,2379.0,,0.0,0.0,,2379.0,2379.0,0.0,0.0,0.9999999957965531,0.9999999957965531,0,False,False,False,False,False,False,True,False,False,False,False,False,False,False,False,False,False,True,False
2026-08-02,Andhra Pradesh,NTR,Tiruvuru,Paddy(Common),,,2600.0,2600.0,2600.0,6,8,31,296.43,142.01,219.4828571428571,-0.11093720653602956,1,8.9,33.5,25.3,78.0,29.4,90.5,35.385714285714286,1,0,0,2320.0,0,0,0,0,2600.0,0.0,2600.0,2550.0,2500.0,0.0,0.0196078430603614,0.039999999839999995,2557.1428571428573,2528.5714285714284,73.19250547114582,61.12498455021198,1.0167597725601571,1.0282485835041015,0,False,False,False,False,False,False,False,False,True,False,False,False,False,False,False,True,False,False,False
2026-08-03,Andhra Pradesh,Kakinada,Jaggampet,Paddy(Common),Common,FAQ,2369.0,2380.0,2369.0,0,8,32,133.31,296.43,235.63714285714286,1.0873882120977396,0,4.6,32.6,27.1,78.0,29.85,86.0,12.150000000000006,1,0,0,2320.0,0,0,0,0,2369.0,0.0,2369.0,2369.0,2369.0,0.0,0.0,0.0,2369.0,2370.4285714285716,0.0,3.631365196011856,0.9999999957788096,0.9993973320100153,0,True,False,False,False,False,False,False,False,False,False,False,False,False,True,False,False,False,False,False
2026-08-03,Andhra Pradesh,East Godavari,Kovvur,Paddy(Common),MTU-1010,Grade Range-2,2441.0,2441.0,2441.0,0,8,32,133.31,296.43,235.63714285714286,1.0873882120977396,0,4.6,32.6,27.1,78.0,29.85,86.0,0.8000000000000114,1,0,0,2320.0,0,0,0,0,2441.0,0.0,2441.0,2441.0,2441.0,0.0,0.0,0.0,2441.0,2441.0,0.0,0.0,0.9999999959033182,0.9999999959033182,0,False,True,False,False,False,False,False,False,False,False,False,True,False,False,False,False,False,False,False
2026-08-03,Andhra Pradesh,Bapatla,Kuchinapudi,Paddy(Common),B P T,Local,3200.0,3400.0,3300.0,0,8,32,133.31,296.43,235.63714285714286,1.0873882120977396,0,4.6,32.6,27.1,78.0,29.85,86.0,6.13333333333334,1,0,0,2320.0,0,0,0,0,3100.0,-0.06060606042240587,3100.0,3400.0,3100.0,0.06451612882414151,-0.02941176461937716,0.06451612882414151,3214.285714285714,3135.714285714286,121.49857925879459,198.48325973644026,1.0266666634725925,1.052391796188272,0,False,False,True,False,False,False,False,False,False,False,True,False,False,False,False,False,False,False,False
2026-08-03,Andhra Pradesh,NTR,Mylavaram,Paddy(Common),1001,FAQ,2369.0,2369.0,2369.0,0,8,32,133.31,296.43,235.63714285714286,1.0873882120977396,0,4.6,32.6,27.1,78.0,29.85,86.0,12.150000000000006,1,0,0,2320.0,0,0,0,0,2369.0,0.0,2369.0,2369.0,2369.0,0.0,0.0,0.0,2369.0,2369.0,0.0,0.0,0.9999999957788096,0.9999999957788096,0,False,False,False,True,False,False,False,False,False,False,False,False,False,False,False,True,False,False,False
2026-08-03,Andhra Pradesh,NTR,Nandigama,Paddy(Common),B P T,Grade Range-1,2340.0,2340.0,2340.0,0,8,32,133.31,296.43,235.63714285714286,1.0873882120977396,0,4.6,32.6,27.1,78.0,29.85,86.0,0.8000000000000114,1,0,0,2320.0,0,0,0,0,2330.0,-0.004273504255241435,2340.0,2360.0,2250.0,0.0,-0.008474576235277219,0.03999999982222222,2337.1428571428573,2243.9285714285716,39.03600291793879,162.79031547726436,1.001222489603571,1.0428139377369423,0,False,False,False,False,True,False,False,False,False,False,False,False,False,False,False,True,False,False,False
2026-08-03,Andhra Pradesh,Eluru,Polavaram,Paddy(Common),1001,Local,2445.0,2445.0,2445.0,0,8,32,133.31,296.43,235.63714285714286,1.0873882120977396,0,4.6,32.6,27.1,78.0,29.85,86.0,12.150000000000006,1,0,0,2320.0,0,0,0,0,2445.0,0.0,2445.0,2445.0,2445.0,0.0,0.0,0.0,2445.0,2445.0,0.0,0.0,0.9999999959100204,0.9999999959100204,0,False,False,False,False,False,True,False,False,False,False,False,False,True,False,False,False,False,False,False
2026-08-03,Andhra Pradesh,Polavaram,Rampachodvaram,Paddy(Common),1001,Grade Range-2,2369.0,2389.0,2379.0,0,8,32,133.31,296.43,235.63714285714286,1.0873882120977396,0,4.6,32.6,27.1,78.0,29.85,86.0,12.150000000000006,1,0,0,2320.0,0,0,0,0,2479.0,0.04203446808728681,2379.0,2379.0,2379.0,0.0,0.0,0.0,2379.0,2379.0,0.0,0.0,0.9999999957965531,0.9999999957965531,0,False,False,False,False,False,False,True,False,False,False,False,False,False,False,False,False,False,True,False
2026-08-03,Andhra Pradesh,NTR,Tiruvuru,Paddy(Common),Sona,Local,2600.0,2600.0,2600.0,0,8,32,133.31,296.43,235.63714285714286,1.0873882120977396,0,4.6,32.6,27.1,78.0,29.85,86.0,12.150000000000006,1,0,0,2320.0,0,0,0,0,2700.0,0.03846153831360947,2600.0,2550.0,2500.0,0.0,0.0196078430603614,0.039999999839999995,2571.4285714285716,2535.714285714286,69.86381310058415,63.33236937766442,1.0111111071790122,1.0253521086324142,0,False,False,False,False,False,False,False,False,True,False,False,False,False,False,False,True,False,False,False
2026-08-04,Andhra Pradesh,Kakinada,Jaggampet,Paddy(Common),Common,FAQ,2369.0,2380.0,2369.0,1,8,32,0.0,133.31,231.4085714285714,-0.550281685389468,1,5.7,32.5,25.8,80.0,29.15,84.39999999999999,10.549999999999997,1,0,0,2320.0,0,0,0,0,2369.0,0.0,2369.0,2369.0,2369.0,0.0,0.0,0.0,2369.0,2369.714285714286,0.0,2.6726124191228564,0.9999999957788096,0.9996985730661381,0,True,False,False,False,False,False,False,False,False,False,False,False,False,True,False,False,False,False,False
2026-08-04,Andhra Pradesh,Bapatla,Kuchinapudi,Paddy(Common),B P T,Local,3000.0,3200.0,3100.0,1,8,32,0.0,133.31,231.4085714285714,-0.550281685389468,1,5.7,32.5,25.8,80.0,29.15,84.39999999999999,4.533333333333331,1,0,0,2320.0,0,0,0,0,3100.0,0.0,3300.0,3100.0,3200.0,-0.06060606042240587,0.0,-0.03124999990234375,3242.8571428571427,3164.285714285714,113.38934190277213,190.57460827371523,0.955947133616022,0.9796839698158971,0,False,False,True,False,False,False,False,False,False,False,True,False,False,False,False,False,False,False,False
2026-08-04,Andhra Pradesh,NTR,Mylavaram,Paddy(Common),1001,FAQ,2369.0,2369.0,2369.0,1,8,32,0.0,133.31,231.4085714285714,-0.550281685389468,1,5.7,32.5,25.8,80.0,29.15,84.39999999999999,10.549999999999997,1,0,0,2320.0,0,0,0,0,2369.0,0.0,2369.0,2369.0,2369.0,0.0,0.0,0.0,2369.0,2369.0,0.0,0.0,0.9999999957788096,0.9999999957788096,0,False,False,False,True,False,False,False,False,False,False,False,False,False,False,False,True,False,False,False
2026-08-04,Andhra Pradesh,Eluru,Polavaram,Paddy(Common),1001,Local,2445.0,2445.0,2445.0,1,8,32,0.0,133.31,231.4085714285714,-0.550281685389468,1,5.7,32.5,25.8,80.0,29.15,84.39999999999999,10.549999999999997,1,0,0,2320.0,0,0,0,0,2445.0,0.0,2445.0,2445.0,2445.0,0.0,0.0,0.0,2445.0,2445.0,0.0,0.0,0.9999999959100204,0.9999999959100204,0,False,False,False,False,False,True,False,False,False,False,False,False,True,False,False,False,False,False,False
2026-08-04,Andhra Pradesh,Polavaram,Rampachodvaram,Paddy(Common),1001,FAQ,2369.0,2489.0,2479.0,1,8,32,0.0,133.31,231.4085714285714,-0.550281685389468,1,5.7,32.5,25.8,80.0,29.15,84.39999999999999,10.549999999999997,1,0,0,2320.0,0,0,0,0,2379.0,-0.04033884614627331,2379.0,2379.0,2379.0,0.04203446808728681,0.04203446808728681,0.04203446808728681,2379.0,2379.0,0.0,0.0,1.04203446388384,1.04203446388384,0,False,False,False,False,False,False,True,False,False,False,False,False,False,False,False,False,False,True,False
2026-08-04,Andhra Pradesh,NTR,Tiruvuru,Paddy(Common),Sona,Local,2700.0,2700.0,2700.0,1,8,32,0.0,133.31,231.4085714285714,-0.550281685389468,1,5.7,32.5,25.8,80.0,29.15,84.39999999999999,10.549999999999997,1,0,0,2320.0,0,0,0,0,2700.0,0.0,2600.0,2600.0,2500.0,0.03846153831360947,0.03846153831360947,0.07999999967999999,2585.714285714286,2539.285714285714,62.678317052809554,65.57019558801441,1.0441988909892859,1.063291135053143,0,False,False,False,False,False,False,False,False,True,False,False,False,False,False,False,True,False,False,False
2026-08-05,Andhra Pradesh,Kakinada,Jaggampet,Paddy(Common),,,2369.0,2380.0,2369.0,2,8,32,0.0,0.0,162.39285714285714,-1.0,1,1.9,32.9,26.6,79.0,29.75,69.2,-4.6499999999999915,1,0,0,2320.0,0,0,0,0,2369.0,0.0,2369.0,2369.0,2369.0,0.0,0.0,0.0,2369.0,2369.0,0.0,0.0,0.9999999957788096,0.9999999957788096,0,True,False,False,False,False,False,False,False,False,False,False,False,False,True,False,False,False,False,False
2026-08-05,Andhra Pradesh,NTR,Mylavaram,Paddy(Common),1001,FAQ,2369.0,2369.0,2369.0,2,8,32,0.0,0.0,162.39285714285714,-1.0,1,1.9,32.9,26.6,79.0,29.75,69.2,-4.6499999999999915,1,0,0,2320.0,0,0,0,0,2369.0,0.0,2369.0,2369.0,2369.0,0.0,0.0,0.0,2369.0,2369.0,0.0,0.0,0.9999999957788096,0.9999999957788096,0,False,False,False,True,False,False,False,False,False,False,False,False,False,False,False,True,False,False,False
2026-08-05,Andhra Pradesh,Eluru,Polavaram,Paddy(Common),1001,Local,2445.0,2445.0,2445.0,2,8,32,0.0,0.0,162.39285714285714,-1.0,1,1.9,32.9,26.6,79.0,29.75,69.2,-4.6499999999999915,1,0,0,2320.0,0,0,0,0,2445.0,0.0,2445.0,2445.0,2445.0,0.0,0.0,0.0,2445.0,2445.0,0.0,0.0,0.9999999959100204,0.9999999959100204,0,False,False,False,False,False,True,False,False,False,False,False,False,True,False,False,False,False,False,False
2026-08-05,Andhra Pradesh,Polavaram,Rampachodvaram,Paddy(Common),1001,Grade Range-2,2369.0,2389.0,2379.0,2,8,32,0.0,0.0,162.39285714285714,-1.0,1,1.9,32.9,26.6,79.0,29.75,69.2,-4.6499999999999915,1,0,0,2320.0,0,0,0,0,2379.0,0.0,2479.0,2379.0,2379.0,-0.04033884614627331,0.0,0.0,2393.285714285714,2390.1111111111113,37.796447300922736,33.33333333333329,0.9940309156818382,0.9953512114926497,0,False,False,False,False,False,False,True,False,False,False,False,False,False,False,False,False,False,True,False
2026-08-05,Andhra Pradesh,NTR,Tiruvuru,Paddy(Common),Sona,Local,2700.0,2700.0,2700.0,2,8,32,0.0,0.0,162.39285714285714,-1.0,1,1.9,32.9,26.6,79.0,29.75,69.2,-4.6499999999999915,1,0,0,2320.0,0,0,0,0,2700.0,0.0,2700.0,2600.0,2700.0,0.0,0.03846153831360947,0.0,2614.285714285714,2553.5714285714284,62.67831705281145,77.12199555121816,1.0327868812953507,1.0573426532020147,0,False,False,False,False,False,False,False,False,True,False,False,False,False,False,False,True,False,False,False
