date,temp_max,temp_min,precipitation,rainfall,humidity,wind_max
2005-04-04,37.5,24.0,0.0,0.0,66,19.4
2005-04-05,35.7,26.8,0.4,0.4,67,17.2
2005-04-06,35.7,26.3,0.5,0.5,70,18.5
2005-04-07,36.3,25.5,0.0,0.0,67,17.8
2005-04-08,36.6,25.8,0.2,0.2,66,14.3
2005-04-09,36.1,27.0,0.4,0.4,68,14.2
2005-04-10,34.5,27.4,6.4,6.4,73,11.0
2005-04-11,33.8,27.3,1.7,1.7,73,12.4
2005-04-12,34.8,26.9,0.9,0.9,73,13.8
2005-04-13,37.0,26.8,0.6,0.6,69,16.2
2005-04-14,37.5,26.4,0.0,0.0,65,15.6
2005-04-15,37.4,26.6,0.0,0.0,65,16.6
2005-04-16,38.1,25.8,0.2,0.2,67,16.3
2005-04-17,38.5,27.1,0.0,0.0,64,17.2
2005-04-18,38.3,26.9,0.4,0.4,63,19.2
2005-04-19,36.1,27.1,0.0,0.0,64,14.8
2005-04-20,34.7,27.0,0.4,0.4,64,13.4
2005-04-21,38.0,25.8,0.5,0.5,62,15.5
2005-04-22,38.6,27.0,0.3,0.3,65,16.6
2005-04-23,37.7,27.2,0.0,0.0,66,17.5
2005-04-24,37.1,26.9,0.0,0.0,68,16.9
2005-04-25,36.4,27.6,0.0,0.0,65,14.1
2005-04-26,35.6,26.8,0.2,0.2,66,14.4
2005-04-27,37.4,27.2,0.5,0.5,65,14.0
2005-04-28,38.5,27.2,0.9,0.9,66,16.7
2005-04-29,37.1,28.4,0.3,0.3,69,14.9
2005-04-30,33.7,26.0,4.3,4.3,74,16.2
2005-05-01,33.4,26.7,2.6,2.6,72,13.7
2005-05-02,33.3,26.5,6.1,6.1,77,11.0
2005-05-03,32.1,26.3,1.7,1.7,78,11.8
2005-05-04,34.3,25.9,0.4,0.4,74,11.7
2005-05-05,34.9,25.2,3.4,3.4,72,10.0
2005-05-06,33.8,27.3,2.8,2.8,74,10.2
2005-05-07,36.1,26.9,0.0,0.0,72,13.5
2005-05-08,38.4,28.4,0.0,0.0,68,17.1
2005-05-09,40.0,28.5,0.1,0.1,65,13.4
2005-05-10,40.5,29.2,1.4,1.4,60,11.3
2005-05-11,40.6,28.4,0.0,0.0,58,11.2
2005-05-12,40.4,27.4,0.0,0.0,66,18.5
2005-05-13,40.2,27.9,0.0,0.0,66,16.6
2005-05-14,40.7,28.4,0.0,0.0,63,15.5
2005-05-15,40.2,28.3,0.0,0.0,65,15.6
2005-05-16,39.1,28.5,0.0,0.0,67,14.6
2005-05-17,38.8,28.2,0.0,0.0,68,13.7
2005-05-18,38.2,28.8,0.0,0.0,71,18.2
2005-05-19,37.4,28.7,0.0,0.0,70,18.7
2005-05-20,37.0,28.1,0.0,0.0,71,19.6
2005-05-21,36.8,27.7,0.0,0.0,71,19.2
2005-05-22,38.2,27.9,0.0,0.0,69,17.4
2005-05-23,38.1,28.7,0.0,0.0,72,18.6
2005-05-24,38.6,28.9,0.0,0.0,71,19.0
2005-05-25,40.9,29.2,0.0,0.0,64,16.6
2005-05-26,38.6,29.2,0.0,0.0,67,15.0
2005-05-27,38.6,29.4,0.0,0.0,65,13.0
2005-05-28,37.6,28.7,0.0,0.0,69,16.6
2005-05-29,36.2,28.8,1.5,1.5,73,17.6
2005-05-30,33.6,26.3,8.8,8.8,79,11.3
2005-05-31,34.5,26.8,0.1,0.1,75,13.7
2005-06-01,38.0,28.6,0.0,0.0,65,15.3
2005-06-02,37.7,28.3,3.1,3.1,67,12.2
2005-06-03,40.0,29.3,0.0,0.0,62,13.6
2005-06-04,39.2,29.8,0.0,0.0,65,14.9
2005-06-05,38.5,29.8,0.0,0.0,65,15.1
2005-06-06,39.1,29.5,0.0,0.0,67,19.4
2005-06-07,38.1,28.6,1.2,1.2,66,14.5
2005-06-08,39.1,29.9,0.0,0.0,58,14.4
2005-06-09,39.1,29.8,0.1,0.1,60,15.8
2005-06-10,40.1,29.6,0.2,0.2,55,12.6
2005-06-11,41.3,31.1,0.1,0.1,44,19.3
2005-06-12,42.4,30.5,0.7,0.7,43,19.4
2005-06-13,42.7,31.1,2.1,2.1,42,17.0
2005-06-14,41.8,31.0,0.0,0.0,46,23.4
2005-06-15,41.9,31.3,0.4,0.4,42,18.7
2005-06-16,41.0,31.8,0.7,0.7,44,16.4
2005-06-17,41.8,31.7,3.1,3.1,45,20.8
2005-06-18,39.3,29.6,0.0,0.0,54,16.7
2005-06-19,39.3,31.0,0.0,0.0,42,22.1
2005-06-20,39.4,30.7,0.0,0.0,47,21.2
2005-06-21,34.5,26.5,11.7,11.7,80,12.2
2005-06-22,31.2,26.1,8.9,8.9,78,17.8
2005-06-23,35.3,27.1,0.0,0.0,63,19.8
2005-06-24,35.7,27.4,5.7,5.7,59,21.5
2005-06-25,31.2,25.7,12.4,12.4,77,18.4
2005-06-26,32.0,25.3,8.2,8.2,78,17.8
2005-06-27,32.6,25.2,7.7,7.7,75,24.9
2005-06-28,29.8,25.1,11.7,11.7,84,20.1
2005-06-29,32.7,26.4,0.1,0.1,66,26.5
2005-06-30,33.0,26.0,2.0,2.0,64,25.2
2005-07-01,34.1,26.0,0.2,0.2,67,21.4
2005-07-02,33.9,27.8,0.0,0.0,61,26.3
2005-07-03,35.0,28.0,0.0,0.0,55,27.8
2005-07-04,34.9,26.9,1.0,1.0,62,24.5
2005-07-05,34.1,27.3,0.7,0.7,62,22.0
2005-07-06,33.7,27.0,0.0,0.0,63,21.0
2005-07-07,31.4,27.1,2.0,2.0,71,15.7
2005-07-08,27.1,25.2,47.4,47.4,88,19.2
2005-07-09,27.8,23.6,18.0,18.0,83,23.4
2005-07-10,30.6,23.8,0.0,0.0,70,21.3
2005-07-11,32.1,25.4,0.0,0.0,69,18.6
2005-07-12,33.2,25.7,0.1,0.1,72,13.9
2005-07-13,32.9,25.9,8.1,8.1,79,10.0
2005-07-14,32.4,25.6,13.0,13.0,83,10.9
2005-07-15,31.6,24.9,13.1,13.1,84,13.9
2005-07-16,31.0,25.3,4.6,4.6,83,11.7
2005-07-17,31.5,24.8,5.9,5.9,84,11.4
2005-07-18,31.7,25.2,0.5,0.5,81,9.4
2005-07-19,32.0,25.0,8.6,8.6,83,7.7
2005-07-20,31.9,25.2,11.2,11.2,83,11.9
2005-07-21,31.8,25.1,8.1,8.1,81,22.8
2005-07-22,29.6,25.5,7.0,7.0,85,22.4
2005-07-23,26.2,24.9,16.6,16.6,92,20.6
2005-07-24,26.3,24.1,16.7,16.7,90,22.3
2005-07-25,28.7,24.4,14.2,14.2,85,27.1
2005-07-26,28.0,24.2,4.6,4.6,84,28.8
2005-07-27,30.3,26.2,2.2,2.2,74,29.7
2005-07-28,31.3,26.5,2.6,2.6,73,23.8
2005-07-29,31.8,26.2,0.6,0.6,69,29.1
2005-07-30,30.8,27.1,0.0,0.0,67,28.5
2005-07-31,31.2,26.7,0.2,0.2,69,27.4
2005-08-01,31.0,26.9,0.0,0.0,68,24.6
2005-08-02,30.6,25.6,0.4,0.4,74,23.9
2005-08-03,31.2,26.0,0.0,0.0,71,28.4
2005-08-04,29.2,24.7,6.7,6.7,80,24.5
2005-08-05,30.0,25.0,1.0,1.0,76,25.2
2005-08-06,32.0,26.3,0.0,0.0,66,24.6
2005-08-07,30.6,25.5,6.0,6.0,75,24.1
2005-08-08,26.4,24.7,24.9,24.9,90,15.3
2005-08-09,30.6,24.9,5.1,5.1,82,22.7
2005-08-10,32.7,25.9,2.6,2.6,76,20.1
2005-08-11,31.7,26.1,0.0,0.0,71,21.2
2005-08-12,32.2,26.3,0.4,0.4,70,21.6
2005-08-13,32.3,25.9,0.0,0.0,72,21.9
2005-08-14,31.9,26.5,3.2,3.2,78,16.7
2005-08-15,29.1,25.2,17.6,17.6,88,19.4
2005-08-16,28.5,24.1,19.8,19.8,89,16.6
2005-08-17,31.6,25.0,0.0,0.0,75,20.0
2005-08-18,31.8,26.6,2.0,2.0,75,20.6
2005-08-19,30.1,26.7,0.0,0.0,74,18.5
2005-08-20,30.9,26.1,0.0,0.0,73,21.2
2005-08-21,31.4,26.2,0.0,0.0,73,17.8
2005-08-22,31.2,25.9,0.2,0.2,77,14.3
2005-08-23,31.9,26.1,1.2,1.2,79,13.3
2005-08-24,32.5,25.9,0.4,0.4,78,12.9
2005-08-25,32.8,25.6,0.7,0.7,76,10.6
2005-08-26,33.0,25.7,0.5,0.5,75,11.3
2005-08-27,32.9,25.5,0.0,0.0,75,8.3
2005-08-28,32.2,25.5,2.6,2.6,83,8.0
2005-08-29,33.5,25.6,1.0,1.0,81,9.1
2005-08-30,31.7,25.7,3.2,3.2,83,11.8
2005-08-31,32.4,26.2,6.0,6.0,81,11.4
2005-09-01,34.3,25.5,21.9,21.9,84,10.0
2005-09-02,32.4,25.4,10.2,10.2,86,7.2
2005-09-03,30.8,25.0,14.6,14.6,86,8.7
2005-09-04,30.7,24.9,8.6,8.6,86,10.8
2005-09-05,31.5,24.4,12.6,12.6,85,11.1
2005-09-06,31.5,24.7,8.1,8.1,86,9.8
2005-09-07,30.2,24.6,12.8,12.8,87,8.0
2005-09-08,28.5,24.5,12.5,12.5,91,6.1
2005-09-09,29.0,24.5,6.6,6.6,88,8.0
2005-09-10,27.0,24.5,20.1,20.1,94,15.0
2005-09-11,26.1,24.6,32.7,32.7,92,18.4
2005-09-12,26.9,24.8,10.6,10.6,90,17.5
2005-09-13,29.0,24.9,8.8,8.8,84,20.8
2005-09-14,31.1,25.8,0.9,0.9,79,18.0
2005-09-15,31.1,25.7,1.6,1.6,80,13.1
2005-09-16,31.4,26.1,0.0,0.0,75,16.8
2005-09-17,32.3,25.8,0.2,0.2,71,19.1
2005-09-18,30.8,26.5,0.0,0.0,66,25.7
2005-09-19,25.3,23.7,112.8,112.8,87,38.1
2005-09-20,25.3,23.7,94.8,94.8,87,39.4
2005-09-21,29.6,24.8,1.0,1.0,76,22.7
2005-09-22,30.7,25.6,2.5,2.5,86,14.2
2005-09-23,30.2,25.3,4.4,4.4,88,13.4
2005-09-24,31.6,24.9,2.7,2.7,87,10.2
2005-09-25,31.3,25.5,0.1,0.1,79,14.0
2005-09-26,31.9,24.7,0.0,0.0,75,14.8
2005-09-27,32.3,25.2,0.0,0.0,74,14.3
2005-09-28,31.7,25.0,3.5,3.5,84,10.1
2005-09-29,27.7,24.7,13.1,13.1,91,12.3
2005-09-30,31.2,25.2,1.3,1.3,85,9.5
2005-10-01,31.0,25.2,0.0,0.0,80,10.3
2005-10-02,33.0,25.0,0.0,0.0,78,9.6
2005-10-03,33.4,24.7,0.0,0.0,75,10.2
2005-10-04,33.2,23.9,0.0,0.0,76,9.4
2005-10-05,32.4,25.7,0.6,0.6,83,9.7
2005-10-06,30.7,23.8,7.4,7.4,86,7.3
2005-10-07,30.9,23.9,1.1,1.1,84,7.5
2005-10-08,31.4,24.1,3.7,3.7,85,6.8
2005-10-09,30.9,24.7,2.2,2.2,84,11.2
2005-10-10,30.7,25.0,2.7,2.7,86,16.6
2005-10-11,30.5,24.6,6.0,6.0,87,17.0
2005-10-12,28.8,24.6,5.7,5.7,88,15.1
2005-10-13,28.4,24.4,7.7,7.7,90,19.8
2005-10-14,26.5,24.3,15.2,15.2,93,17.3
2005-10-15,27.9,23.8,10.4,10.4,90,11.4
2005-10-16,29.7,23.8,3.2,3.2,89,9.7
2005-10-17,29.9,23.6,5.8,5.8,89,7.4
2005-10-18,28.8,23.5,13.0,13.0,90,7.1
2005-10-19,27.8,23.5,11.5,11.5,90,5.4
2005-10-20,29.3,23.0,3.9,3.9,87,7.9
2005-10-21,28.9,23.5,10.5,10.5,89,7.6
2005-10-22,27.6,23.6,2.9,2.9,90,8.5
2005-10-23,29.4,23.5,6.8,6.8,89,7.1
2005-10-24,29.4,23.6,13.6,13.6,90,10.8
2005-10-25,29.7,23.2,2.8,2.8,87,10.3
2005-10-26,30.0,23.8,0.3,0.3,82,13.8
2005-10-27,28.1,24.1,8.8,8.8,88,22.2
2005-10-28,27.1,24.4,7.1,7.1,90,23.0
2005-10-29,28.1,23.9,8.1,8.1,90,14.8
2005-10-30,28.5,24.0,6.2,6.2,89,9.0
2005-10-31,28.8,23.9,4.4,4.4,90,6.0
2005-11-01,28.4,23.8,6.1,6.1,90,5.6
2005-11-02,28.6,22.8,9.8,9.8,90,6.0
2005-11-03,28.4,22.8,5.0,5.0,86,8.5
2005-11-04,29.9,23.6,2.2,2.2,86,14.0
2005-11-05,29.9,22.8,0.0,0.0,78,16.4
2005-11-06,29.4,22.7,0.0,0.0,79,16.3
2005-11-07,28.5,23.9,0.0,0.0,78,10.9
2005-11-08,29.0,22.6,0.0,0.0,72,13.4
2005-11-09,29.1,22.1,0.0,0.0,73,13.0
2005-11-10,29.1,21.4,0.0,0.0,79,11.0
2005-11-11,29.0,21.0,0.0,0.0,77,10.2
2005-11-12,29.1,18.3,0.0,0.0,77,8.2
2005-11-13,29.1,18.0,0.0,0.0,78,8.9
2005-11-14,29.4,17.2,0.0,0.0,76,8.2
2005-11-15,29.7,17.0,0.0,0.0,73,8.1
2005-11-16,29.8,17.9,0.0,0.0,73,9.2
2005-11-17,29.3,17.0,0.0,0.0,72,9.2
2005-11-18,29.4,17.4,0.0,0.0,73,8.0
2005-11-19,28.7,18.6,0.0,0.0,76,10.1
2005-11-20,29.2,19.1,0.0,0.0,74,12.0
2005-11-21,28.8,19.9,0.0,0.0,73,17.7
2005-11-22,28.1,22.3,0.5,0.5,74,11.9
2005-11-23,29.0,21.6,0.0,0.0,72,13.8
2005-11-24,28.5,21.7,0.0,0.0,68,13.9
2005-11-25,29.2,20.2,0.0,0.0,70,15.0
2005-11-26,28.9,18.5,0.0,0.0,73,15.3
2005-11-27,29.2,19.1,0.0,0.0,76,10.3
2005-11-28,29.2,19.4,0.0,0.0,73,10.7
2005-11-29,29.0,18.7,0.0,0.0,68,12.8
2005-11-30,29.4,19.8,0.0,0.0,61,11.5
2005-12-01,28.9,21.5,0.2,0.2,64,14.7
2005-12-02,29.0,22.4,0.0,0.0,64,18.5
2005-12-03,28.9,22.8,0.0,0.0,68,18.1
2005-12-04,29.6,21.6,0.0,0.0,72,10.7
2005-12-05,30.6,20.7,0.0,0.0,73,11.5
2005-12-06,30.2,20.9,0.0,0.0,73,12.3
2005-12-07,30.1,18.1,0.0,0.0,68,9.5
2005-12-08,29.5,16.4,0.0,0.0,63,9.6
2005-12-09,29.2,18.2,0.0,0.0,61,12.2
2005-12-10,29.8,21.9,0.0,0.0,61,13.2
2005-12-11,29.7,21.0,0.0,0.0,68,13.4
2005-12-12,29.5,21.5,0.0,0.0,68,14.5
2005-12-13,30.2,20.6,0.0,0.0,69,10.0
2005-12-14,29.0,18.4,0.0,0.0,69,10.7
2005-12-15,28.7,17.4,0.0,0.0,65,11.6
2005-12-16,28.5,17.9,0.0,0.0,62,11.1
2005-12-17,28.3,19.0,1.0,1.0,65,13.7
2005-12-18,28.1,21.0,2.0,2.0,71,15.0
2005-12-19,28.9,21.8,0.7,0.7,71,20.1
2005-12-20,27.8,22.1,0.5,0.5,75,19.4
2005-12-21,29.4,22.4,1.4,1.4,76,21.1
2005-12-22,28.8,22.1,0.2,0.2,73,18.0
2005-12-23,28.7,21.1,0.0,0.0,75,9.7
2005-12-24,28.2,21.4,0.6,0.6,79,7.9
2005-12-25,29.2,19.6,0.1,0.1,74,7.6
2005-12-26,27.1,18.2,0.2,0.2,76,10.3
2005-12-27,27.5,17.5,0.0,0.0,69,10.0
2005-12-28,27.4,17.3,0.0,0.0,68,10.4
2005-12-29,28.0,16.0,0.0,0.0,71,10.2
2005-12-30,28.4,16.9,0.0,0.0,73,10.2
2005-12-31,28.3,17.6,0.0,0.0,74,13.3
2006-01-01,28.5,17.6,0.0,0.0,72,11.1
2006-01-02,28.5,17.3,0.0,0.0,71,11.8
2006-01-03,28.7,17.5,0.0,0.0,71,13.0
2006-01-04,29.1,18.2,0.0,0.0,70,11.8
2006-01-05,29.8,17.6,0.0,0.0,65,13.3
2006-01-06,29.4,17.0,0.0,0.0,68,12.0
2006-01-07,29.0,19.1,0.0,0.0,70,13.4
2006-01-08,30.1,19.6,0.0,0.0,67,11.3
2006-01-09,30.5,20.5,0.0,0.0,67,13.8
2006-01-10,30.1,20.3,0.0,0.0,71,12.1
2006-01-11,30.0,19.6,0.0,0.0,72,10.7
2006-01-12,30.2,19.6,0.0,0.0,74,12.9
2006-01-13,29.8,18.8,0.0,0.0,76,12.4
2006-01-14,30.0,18.2,0.0,0.0,75,9.5
2006-01-15,30.6,18.6,0.0,0.0,77,10.7
2006-01-16,30.4,18.6,0.0,0.0,75,10.2
2006-01-17,30.8,18.6,0.0,0.0,74,11.9
2006-01-18,32.1,19.5,0.0,0.0,73,13.3
2006-01-19,33.2,20.1,0.0,0.0,71,13.1
2006-01-20,33.6,19.8,0.0,0.0,69,13.8
2006-01-21,33.2,19.8,0.0,0.0,67,11.7
2006-01-22,33.2,20.3,0.0,0.0,66,14.8
2006-01-23,33.2,19.5,0.0,0.0,65,13.4
2006-01-24,32.5,19.2,0.0,0.0,56,10.0
2006-01-25,29.7,18.9,0.0,0.0,53,17.3
2006-01-26,28.5,21.2,0.0,0.0,64,15.1
2006-01-27,29.9,18.1,0.0,0.0,62,12.0
2006-01-28,29.8,16.0,0.0,0.0,56,11.0
2006-01-29,29.8,16.3,0.0,0.0,61,11.2
2006-01-30,30.6,17.1,0.0,0.0,67,11.2
2006-01-31,31.0,17.3,0.0,0.0,69,12.0
2006-02-01,30.9,17.9,0.0,0.0,71,13.0
2006-02-02,30.9,18.1,0.0,0.0,71,13.2
2006-02-03,31.3,17.8,0.0,0.0,70,11.2
2006-02-04,32.5,17.6,0.0,0.0,68,9.8
2006-02-05,33.2,19.3,0.0,0.0,69,12.1
2006-02-06,31.6,19.3,0.0,0.0,70,13.4
2006-02-07,31.1,18.9,0.0,0.0,68,12.1
2006-02-08,31.1,18.6,0.0,0.0,69,15.4
2006-02-09,30.2,18.8,0.0,0.0,68,10.7
2006-02-10,31.2,18.3,0.0,0.0,68,10.8
2006-02-11,31.7,18.5,0.0,0.0,65,10.8
2006-02-12,31.6,18.4,0.0,0.0,66,11.3
2006-02-13,31.4,17.8,0.0,0.0,66,10.5
2006-02-14,33.7,19.3,0.0,0.0,63,15.5
2006-02-15,33.3,20.9,0.0,0.0,66,13.4
2006-02-16,32.9,20.6,0.0,0.0,65,13.1
2006-02-17,32.9,20.3,0.0,0.0,70,15.1
2006-02-18,33.4,21.5,0.0,0.0,71,12.3
2006-02-19,33.7,21.8,0.0,0.0,68,14.4
2006-02-20,33.9,22.0,0.0,0.0,69,14.1
2006-02-21,33.9,21.3,0.0,0.0,67,13.7
2006-02-22,34.2,20.3,0.0,0.0,63,15.9
2006-02-23,34.6,20.1,0.0,0.0,61,11.3
2006-02-24,34.8,19.5,0.0,0.0,56,10.8
2006-02-25,35.0,18.9,0.0,0.0,55,11.3
2006-02-26,35.4,18.6,0.0,0.0,58,13.4
2006-02-27,33.9,19.4,0.0,0.0,65,12.6
2006-02-28,34.1,20.2,0.0,0.0,73,14.4
2006-03-01,33.1,23.4,0.0,0.0,73,16.2
2006-03-02,33.1,19.9,0.0,0.0,70,16.1
2006-03-03,31.4,21.8,3.6,3.6,77,15.2
2006-03-04,32.4,23.3,0.2,0.2,73,13.1
2006-03-05,33.0,24.2,0.2,0.2,70,12.8
2006-03-06,32.1,22.5,0.0,0.0,69,14.1
2006-03-07,33.9,21.9,0.0,0.0,68,15.3
2006-03-08,34.1,22.0,0.0,0.0,70,15.0
2006-03-09,34.0,22.6,0.0,0.0,69,17.0
2006-03-10,32.8,24.2,0.0,0.0,66,10.1
2006-03-11,30.7,23.7,3.9,3.9,74,10.8
2006-03-12,32.4,21.3,0.0,0.0,72,12.3
2006-03-13,31.9,23.1,1.2,1.2,77,10.8
2006-03-14,32.1,23.0,2.3,2.3,77,14.2
2006-03-15,31.8,23.8,5.2,5.2,77,16.8
2006-03-16,31.5,23.6,1.2,1.2,78,12.6
2006-03-17,31.2,23.6,0.3,0.3,78,12.1
2006-03-18,33.0,23.6,0.5,0.5,74,11.7
2006-03-19,33.7,23.0,0.0,0.0,66,15.6
2006-03-20,33.7,21.5,0.0,0.0,64,15.9
2006-03-21,36.1,22.2,0.0,0.0,62,17.6
2006-03-22,35.9,24.6,0.0,0.0,63,15.5
2006-03-23,37.3,23.1,0.0,0.0,62,14.1
2006-03-24,35.6,24.5,0.0,0.0,70,16.5
2006-03-25,36.2,24.0,0.0,0.0,69,15.1
2006-03-26,36.7,24.8,0.0,0.0,67,14.0
2006-03-27,37.1,24.5,0.0,0.0,68,15.5
2006-03-28,35.8,24.0,0.0,0.0,68,15.5
2006-03-29,34.9,24.1,0.0,0.0,67,15.3
2006-03-30,35.0,23.6,0.0,0.0,66,13.4
2006-03-31,36.8,24.4,0.0,0.0,66,17.8
2006-04-01,35.6,24.6,0.0,0.0,71,16.3
2006-04-02,35.1,24.8,0.0,0.0,71,15.2
2006-04-03,35.4,24.6,0.0,0.0,69,17.6
2006-04-04,35.9,24.9,0.0,0.0,68,17.7
2006-04-05,36.0,25.2,0.0,0.0,69,16.6
2006-04-06,36.4,25.6,0.0,0.0,73,18.7
2006-04-07,36.0,26.0,0.0,0.0,72,14.5
2006-04-08,35.9,26.8,0.0,0.0,71,15.8
2006-04-09,35.5,26.7,0.0,0.0,69,17.0
2006-04-10,35.0,26.4,0.0,0.0,67,15.7
2006-04-11,35.9,25.5,0.0,0.0,67,17.2
2006-04-12,36.6,25.0,0.0,0.0,68,15.5
2006-04-13,35.6,25.4,0.0,0.0,70,15.9
2006-04-14,35.5,24.6,0.0,0.0,68,15.0
2006-04-15,35.2,25.9,0.3,0.3,70,13.3
2006-04-16,33.3,26.7,6.7,6.7,75,12.8
2006-04-17,26.2,23.3,40.5,40.5,92,8.7
2006-04-18,31.7,24.4,0.3,0.3,80,8.1
2006-04-19,33.0,25.0,2.5,2.5,81,12.1
2006-04-20,33.6,24.3,0.0,0.0,75,10.2
2006-04-21,33.7,24.4,0.0,0.0,74,9.7
2006-04-22,34.7,24.2,0.0,0.0,70,12.2
2006-04-23,35.4,23.7,0.0,0.0,70,13.3
2006-04-24,35.8,24.4,0.0,0.0,71,14.4
2006-04-25,36.9,24.8,0.0,0.0,68,10.8
2006-04-26,37.8,26.2,0.0,0.0,68,13.1
2006-04-27,38.3,25.7,1.5,1.5,67,11.0
2006-04-28,38.2,27.5,0.0,0.0,71,11.5
2006-04-29,38.2,27.7,0.0,0.0,71,11.6
2006-04-30,38.9,27.7,0.0,0.0,70,10.2
2006-05-01,38.0,28.0,0.0,0.0,71,11.5
2006-05-02,35.4,28.0,0.3,0.3,73,14.5
2006-05-03,36.0,26.8,0.4,0.4,72,15.1
2006-05-04,35.0,27.1,0.5,0.5,69,12.7
2006-05-05,35.5,26.0,0.1,0.1,68,15.2
2006-05-06,36.3,27.0,0.1,0.1,69,17.0
2006-05-07,36.6,27.9,0.0,0.0,68,17.4
2006-05-08,36.3,28.2,0.0,0.0,69,17.7
2006-05-09,37.2,27.8,0.0,0.0,70,18.4
2006-05-10,38.7,28.0,0.0,0.0,70,19.2
2006-05-11,39.0,28.7,0.0,0.0,69,19.6
2006-05-12,38.4,28.6,0.0,0.0,71,19.1
2006-05-13,37.7,28.8,0.0,0.0,72,18.6
2006-05-14,37.6,28.8,0.0,0.0,71,17.5
2006-05-15,38.9,28.7,0.0,0.0,69,18.1
2006-05-16,37.7,28.9,0.9,0.9,71,13.7
2006-05-17,37.7,28.7,4.0,4.0,71,10.4
2006-05-18,31.6,25.3,72.1,72.1,86,10.9
2006-05-19,34.0,25.5,0.0,0.0,76,9.3
2006-05-20,32.7,26.9,5.0,5.0,82,13.5
2006-05-21,35.9,26.1,0.8,0.8,73,15.1
2006-05-22,37.2,26.5,0.0,0.0,68,10.1
2006-05-23,37.1,27.0,0.2,0.2,64,15.4
2006-05-24,34.6,27.3,3.2,3.2,67,17.1
2006-05-25,32.1,25.7,1.2,1.2,77,19.2
2006-05-26,33.3,25.9,7.7,7.7,82,18.9
2006-05-27,31.9,25.9,22.4,22.4,84,11.9
2006-05-28,31.8,25.2,29.9,29.9,86,15.7
2006-05-29,32.7,26.4,5.2,5.2,79,14.3
2006-05-30,33.0,27.7,1.0,1.0,76,16.3
2006-05-31,33.3,27.5,0.4,0.4,74,16.6
2006-06-01,34.3,27.1,0.0,0.0,68,19.7
2006-06-02,34.2,28.1,0.0,0.0,61,22.3
2006-06-03,33.8,27.8,0.2,0.2,63,18.7
2006-06-04,32.3,25.6,2.3,2.3,78,19.4
2006-06-05,30.8,25.8,12.2,12.2,83,17.1
2006-06-06,34.2,25.6,1.2,1.2,71,20.5
2006-06-07,36.1,27.4,0.5,0.5,60,17.8
2006-06-08,36.8,27.5,0.0,0.0,57,18.0
2006-06-09,37.2,28.0,0.3,0.3,57,12.2
2006-06-10,35.2,26.7,0.0,0.0,67,16.7
2006-06-11,36.2,27.6,0.0,0.0,64,15.6
2006-06-12,36.6,28.3,0.0,0.0,62,14.4
2006-06-13,36.4,29.2,0.0,0.0,58,15.6
2006-06-14,35.7,28.3,0.2,0.2,61,20.7
2006-06-15,37.9,28.5,0.0,0.0,58,10.2
2006-06-16,36.5,28.4,0.6,0.6,67,14.3
2006-06-17,37.5,28.9,0.0,0.0,62,11.8
2006-06-18,36.6,27.5,5.8,5.8,68,11.0
2006-06-19,36.4,27.0,18.7,18.7,79,10.1
2006-06-20,33.7,26.1,8.8,8.8,79,8.0
2006-06-21,29.5,24.5,33.5,33.5,88,9.3
2006-06-22,30.7,24.0,7.8,7.8,80,14.0
2006-06-23,31.0,24.9,17.2,17.2,85,10.3
2006-06-24,31.3,24.9,21.9,21.9,82,8.5
2006-06-25,31.1,26.4,7.4,7.4,83,9.5
2006-06-26,32.7,26.2,1.6,1.6,77,16.9
2006-06-27,32.4,26.3,2.4,2.4,78,17.5
2006-06-28,28.3,25.7,9.8,9.8,89,17.3
2006-06-29,28.7,25.2,26.4,26.4,91,18.0
2006-06-30,29.1,25.6,23.7,23.7,87,17.3
2006-07-01,29.3,25.3,21.1,21.1,85,17.7
2006-07-02,26.1,25.1,25.4,25.4,90,21.9
2006-07-03,28.7,24.9,13.9,13.9,83,26.2
2006-07-04,31.2,25.1,1.2,1.2,71,26.2
2006-07-05,32.6,27.0,0.0,0.0,66,25.4
2006-07-06,32.1,26.8,0.0,0.0,65,24.5
2006-07-07,33.5,27.4,0.0,0.0,64,22.0
2006-07-08,34.1,27.4,0.0,0.0,65,21.6
2006-07-09,33.5,28.4,0.0,0.0,62,21.4
2006-07-10,33.1,28.3,0.0,0.0,61,22.7
2006-07-11,32.9,27.5,0.3,0.3,62,23.5
2006-07-12,32.9,26.3,0.0,0.0,67,23.4
2006-07-13,33.4,26.1,0.5,0.5,68,21.3
2006-07-14,33.0,28.5,0.0,0.0,63,24.1
2006-07-15,32.3,28.3,0.0,0.0,60,24.9
2006-07-16,34.4,27.1,0.0,0.0,60,27.0
2006-07-17,34.1,28.4,0.0,0.0,61,26.5
2006-07-18,34.1,28.6,0.0,0.0,59,22.6
2006-07-19,33.8,27.9,0.0,0.0,62,18.2
2006-07-20,33.1,27.8,0.3,0.3,65,17.9
2006-07-21,30.9,25.5,1.6,1.6,74,15.9
2006-07-22,32.7,26.5,0.0,0.0,71,14.2
2006-07-23,30.9,26.2,0.8,0.8,76,17.3
2006-07-24,31.5,25.8,0.4,0.4,73,20.2
2006-07-25,31.5,24.6,20.4,20.4,82,15.1
2006-07-26,30.4,25.0,18.9,18.9,86,19.1
2006-07-27,27.1,24.7,24.3,24.3,90,18.7
2006-07-28,27.8,24.2,9.2,9.2,87,23.5
2006-07-29,27.3,24.2,5.4,5.4,80,17.7
2006-07-30,31.1,23.8,5.2,5.2,77,23.5
2006-07-31,31.2,25.6,0.1,0.1,74,23.6
2006-08-01,30.2,26.2,0.5,0.5,69,24.5
2006-08-02,27.0,24.8,29.6,29.6,87,23.5
2006-08-03,25.0,24.2,108.5,108.5,88,31.5
2006-08-04,24.7,23.9,123.1,123.1,87,30.9
2006-08-05,29.6,25.0,0.1,0.1,76,19.4
2006-08-06,31.5,26.1,0.1,0.1,77,16.6
2006-08-07,31.9,25.9,0.2,0.2,75,16.8
2006-08-08,31.4,25.7,0.3,0.3,75,19.8
2006-08-09,31.2,26.2,0.2,0.2,70,25.3
2006-08-10,30.9,25.2,3.1,3.1,76,23.8
2006-08-11,29.8,25.1,1.7,1.7,80,20.6
2006-08-12,29.5,25.0,6.7,6.7,83,21.4
2006-08-13,32.2,26.0,2.1,2.1,77,24.5
2006-08-14,32.3,25.6,0.0,0.0,72,26.4
2006-08-15,31.5,27.3,0.6,0.6,67,26.4
2006-08-16,31.1,25.5,3.3,3.3,75,29.6
2006-08-17,30.5,24.8,4.2,4.2,78,25.9
2006-08-18,32.5,25.8,0.0,0.0,74,17.7
2006-08-19,33.1,26.5,0.0,0.0,76,13.3
2006-08-20,31.2,25.0,2.6,2.6,82,18.6
2006-08-21,32.0,25.6,5.3,5.3,84,12.6
2006-08-22,29.6,25.5,1.9,1.9,84,12.3
2006-08-23,31.3,25.4,0.0,0.0,77,15.1
2006-08-24,30.7,24.4,4.2,4.2,82,13.7
2006-08-25,32.7,25.6,0.5,0.5,78,12.1
2006-08-26,32.0,26.1,1.1,1.1,76,16.9
2006-08-27,31.6,26.5,2.0,2.0,74,18.4
2006-08-28,28.6,24.7,7.7,7.7,81,15.2
2006-08-29,29.5,25.1,0.7,0.7,76,22.8
2006-08-30,31.4,25.4,0.0,0.0,72,20.7
2006-08-31,32.0,24.9,0.3,0.3,78,15.2
2006-09-01,33.0,25.1,2.2,2.2,84,8.9
2006-09-02,32.8,24.8,2.6,2.6,85,8.5
2006-09-03,33.0,24.5,9.4,9.4,80,11.9
2006-09-04,32.7,25.7,8.4,8.4,78,14.3
2006-09-05,29.3,24.6,3.2,3.2,85,10.9
2006-09-06,32.1,24.5,3.5,3.5,85,13.5
2006-09-07,31.4,25.5,1.3,1.3,85,11.9
2006-09-08,32.2,24.8,0.0,0.0,82,11.2
2006-09-09,32.2,24.6,0.0,0.0,80,11.2
2006-09-10,32.0,25.3,0.3,0.3,81,11.6
2006-09-11,32.0,24.6,0.6,0.6,82,8.4
2006-09-12,32.5,25.3,0.4,0.4,81,9.7
2006-09-13,31.7,25.1,6.4,6.4,83,9.4
2006-09-14,31.4,24.5,9.2,9.2,86,12.6
2006-09-15,28.0,24.5,29.2,29.2,92,8.2
2006-09-16,28.7,23.9,19.5,19.5,91,12.9
2006-09-17,26.7,24.7,20.1,20.1,92,19.6
2006-09-18,26.9,24.4,5.6,5.6,88,25.3
2006-09-19,24.9,24.0,63.2,63.2,93,25.0
2006-09-20,25.6,23.7,55.7,55.7,93,19.6
2006-09-21,29.8,24.5,5.3,5.3,84,22.1
2006-09-22,27.9,24.7,8.3,8.3,87,20.3
2006-09-23,29.8,24.6,1.2,1.2,85,14.5
2006-09-24,31.1,25.0,10.6,10.6,88,14.8
2006-09-25,31.0,24.1,6.8,6.8,87,14.2
2006-09-26,32.2,24.3,1.5,1.5,82,17.4
2006-09-27,32.6,24.4,0.0,0.0,78,15.5
2006-09-28,33.2,24.2,0.1,0.1,73,11.4
2006-09-29,31.1,25.6,0.0,0.0,81,12.2
2006-09-30,32.0,25.3,0.0,0.0,76,11.3
2006-10-01,31.7,24.5,0.2,0.2,82,10.5
2006-10-02,31.4,24.7,1.8,1.8,86,8.6
2006-10-03,31.9,25.1,2.3,2.3,85,9.0
2006-10-04,32.1,25.1,4.5,4.5,85,10.5
2006-10-05,33.2,25.7,0.6,0.6,81,12.7
2006-10-06,33.0,25.7,0.1,0.1,80,12.7
2006-10-07,34.7,25.4,0.1,0.1,75,9.0
2006-10-08,34.2,25.0,0.0,0.0,77,7.0
2006-10-09,33.3,25.4,1.8,1.8,79,7.2
2006-10-10,33.1,24.7,0.2,0.2,79,10.4
2006-10-11,33.2,24.0,0.0,0.0,75,7.3
2006-10-12,33.4,24.5,0.0,0.0,76,8.9
2006-10-13,32.5,23.9,0.6,0.6,77,8.7
2006-10-14,32.2,23.6,0.6,0.6,78,7.2
2006-10-15,32.5,24.2,1.1,1.1,78,7.5
2006-10-16,32.6,23.8,0.0,0.0,76,8.6
2006-10-17,31.6,24.0,3.5,3.5,82,9.7
2006-10-18,29.7,25.1,2.0,2.0,86,9.2
2006-10-19,32.2,23.0,0.5,0.5,79,13.2
2006-10-20,32.2,24.1,0.0,0.0,78,11.5
2006-10-21,32.3,23.3,0.2,0.2,75,10.0
2006-10-22,32.3,22.8,0.3,0.3,74,12.9
2006-10-23,32.4,23.8,0.0,0.0,73,12.2
2006-10-24,32.4,23.9,0.0,0.0,71,14.0
2006-10-25,32.2,24.5,0.0,0.0,67,18.7
2006-10-26,31.4,24.0,0.8,0.8,71,14.8
2006-10-27,27.5,23.5,12.8,12.8,85,14.4
2006-10-28,24.9,23.3,36.3,36.3,94,17.6
2006-10-29,24.2,23.3,74.4,74.4,95,18.4
2006-10-30,24.5,22.3,41.3,41.3,96,16.3
2006-10-31,26.0,22.9,21.4,21.4,93,13.4
2006-11-01,27.6,22.6,11.7,11.7,90,12.6
2006-11-02,28.4,22.8,9.3,9.3,90,11.2
2006-11-03,28.2,23.6,1.3,1.3,89,9.9
2006-11-04,29.6,22.9,0.2,0.2,85,14.7
2006-11-05,29.7,22.4,0.0,0.0,83,9.7
2006-11-06,29.9,22.1,0.6,0.6,84,7.9
2006-11-07,28.7,22.7,7.2,7.2,86,9.7
2006-11-08,27.8,22.7,12.0,12.0,87,12.4
2006-11-09,26.1,22.3,10.8,10.8,89,16.6
2006-11-10,27.5,22.0,0.7,0.7,84,12.0
2006-11-11,28.9,20.7,0.0,0.0,82,10.5
2006-11-12,29.3,21.8,0.0,0.0,80,11.8
2006-11-13,29.2,22.8,0.0,0.0,80,14.2
2006-11-14,29.0,22.0,0.6,0.6,83,14.2
2006-11-15,29.3,22.7,2.8,2.8,82,14.0
2006-11-16,28.8,23.1,0.0,0.0,79,14.1
2006-11-17,29.3,22.3,0.0,0.0,79,14.2
2006-11-18,29.4,22.3,0.0,0.0,80,15.5
2006-11-19,29.5,21.8,0.0,0.0,81,10.2
2006-11-20,29.5,21.0,0.0,0.0,81,10.2
2006-11-21,29.4,19.8,0.0,0.0,77,8.5
2006-11-22,29.3,18.3,0.0,0.0,75,8.2
2006-11-23,28.9,18.4,0.0,0.0,78,10.0
2006-11-24,29.0,19.6,0.0,0.0,77,9.0
2006-11-25,29.2,19.8,0.0,0.0,80,11.8
2006-11-26,29.5,21.5,0.0,0.0,80,7.9
2006-11-27,30.0,20.9,0.0,0.0,79,9.0
2006-11-28,29.8,20.4,0.0,0.0,79,9.8
2006-11-29,29.9,20.6,0.0,0.0,80,7.8
2006-11-30,29.5,21.3,0.2,0.2,80,8.6
2006-12-01,29.8,21.2,0.0,0.0,80,7.3
2006-12-02,29.4,21.5,0.1,0.1,82,7.6
2006-12-03,29.0,22.0,0.8,0.8,82,13.6
2006-12-04,29.6,20.9,0.0,0.0,79,7.9
2006-12-05,29.5,20.1,0.0,0.0,80,9.0
2006-12-06,29.9,19.4,0.0,0.0,78,9.4
2006-12-07,29.5,19.2,0.0,0.0,78,10.8
2006-12-08,30.0,18.7,0.0,0.0,73,13.4
2006-12-09,30.3,18.4,0.0,0.0,70,14.0
2006-12-10,30.1,19.3,0.0,0.0,66,15.3
2006-12-11,30.3,20.3,0.0,0.0,71,12.1
2006-12-12,31.1,19.7,0.0,0.0,75,12.6
2006-12-13,30.6,19.6,0.0,0.0,76,10.2
2006-12-14,29.8,20.6,0.0,0.0,77,9.8
2006-12-15,29.6,18.5,0.0,0.0,76,10.2
2006-12-16,29.9,17.3,0.0,0.0,69,10.4
2006-12-17,29.0,17.5,0.0,0.0,71,9.1
2006-12-18,29.0,16.9,0.0,0.0,71,9.6
2006-12-19,28.8,17.7,0.0,0.0,72,13.7
2006-12-20,28.1,19.7,0.0,0.0,69,18.8
2006-12-21,27.0,19.7,0.8,0.8,77,17.3
2006-12-22,28.1,20.5,0.0,0.0,78,16.6
2006-12-23,27.8,19.9,0.0,0.0,75,16.2
2006-12-24,27.8,19.5,0.0,0.0,72,17.1
2006-12-25,28.0,19.4,0.0,0.0,71,11.8
2006-12-26,28.7,18.2,0.0,0.0,73,10.2
2006-12-27,29.4,17.8,0.0,0.0,73,10.6
2006-12-28,29.7,18.0,0.0,0.0,73,11.3
2006-12-29,28.0,18.6,0.0,0.0,74,7.1
2006-12-30,28.8,19.3,0.0,0.0,72,12.0
2006-12-31,28.8,20.2,0.0,0.0,75,11.7
2007-01-01,29.1,18.6,0.0,0.0,74,10.8
2007-01-02,30.1,19.3,0.0,0.0,70,9.0
2007-01-03,29.4,18.2,0.0,0.0,72,9.2
2007-01-04,29.5,18.2,0.0,0.0,73,10.7
2007-01-05,28.7,19.2,0.0,0.0,72,9.9
2007-01-06,29.5,18.6,0.0,0.0,69,14.8
2007-01-07,28.9,17.9,0.0,0.0,68,13.8
2007-01-08,29.2,18.3,0.0,0.0,65,13.4
2007-01-09,29.0,18.8,0.0,0.0,69,15.0
2007-01-10,29.2,18.1,0.0,0.0,70,12.6
2007-01-11,29.6,17.3,0.0,0.0,71,11.5
2007-01-12,29.3,17.5,0.0,0.0,72,12.4
2007-01-13,29.3,17.5,0.0,0.0,74,9.9
2007-01-14,29.8,17.5,0.0,0.0,75,10.6
2007-01-15,29.8,17.5,0.0,0.0,74,10.6
2007-01-16,30.1,18.1,0.0,0.0,74,10.2
2007-01-17,29.9,17.7,0.0,0.0,75,9.3
2007-01-18,29.2,18.7,0.0,0.0,75,10.2
2007-01-19,29.9,19.6,0.0,0.0,75,11.9
2007-01-20,30.7,19.6,0.0,0.0,76,11.0
2007-01-21,30.9,20.7,0.0,0.0,75,12.8
2007-01-22,32.0,19.5,0.0,0.0,71,14.1
2007-01-23,31.5,20.5,0.0,0.0,75,14.2
2007-01-24,29.0,22.4,0.1,0.1,74,12.0
2007-01-25,29.5,20.8,0.1,0.1,74,12.2
2007-01-26,30.3,18.7,0.0,0.0,72,11.5
2007-01-27,30.8,17.4,0.0,0.0,74,13.2
2007-01-28,30.4,17.6,0.0,0.0,72,12.7
2007-01-29,30.1,17.9,0.0,0.0,73,11.3
2007-01-30,30.1,17.2,0.0,0.0,72,9.9
2007-01-31,31.7,17.9,0.0,0.0,68,13.8
2007-02-01,32.4,18.5,0.0,0.0,66,13.7
2007-02-02,31.2,18.9,0.0,0.0,71,13.1
2007-02-03,30.0,18.8,0.0,0.0,73,12.5
2007-02-04,31.1,20.0,0.0,0.0,69,14.1
2007-02-05,31.9,20.5,0.0,0.0,66,13.4
2007-02-06,31.4,19.5,0.0,0.0,71,14.8
2007-02-07,31.1,18.8,0.0,0.0,73,12.2
2007-02-08,29.8,20.6,0.0,0.0,73,12.9
2007-02-09,31.1,20.0,0.0,0.0,72,16.6
2007-02-10,29.7,20.1,0.0,0.0,69,17.1
2007-02-11,29.6,19.8,0.0,0.0,69,13.9
2007-02-12,30.5,19.7,0.3,0.3,73,12.4
2007-02-13,29.0,21.5,5.2,5.2,81,18.4
2007-02-14,28.0,21.8,10.0,10.0,88,13.3
2007-02-15,30.1,19.9,0.0,0.0,79,10.4
2007-02-16,29.2,21.6,0.6,0.6,79,13.3
2007-02-17,29.4,21.5,0.4,0.4,80,9.1
2007-02-18,29.5,21.7,0.6,0.6,80,11.9
2007-02-19,29.7,21.5,0.0,0.0,73,13.0
2007-02-20,30.0,19.2,0.0,0.0,70,11.8
2007-02-21,30.3,18.6,0.0,0.0,67,13.6
2007-02-22,31.4,17.6,0.0,0.0,65,13.8
2007-02-23,31.1,17.7,0.0,0.0,67,12.6
2007-02-24,31.4,17.3,0.0,0.0,66,12.6
2007-02-25,32.7,16.8,0.0,0.0,62,12.9
2007-02-26,33.2,17.7,0.0,0.0,69,13.7
2007-02-27,32.5,19.1,0.0,0.0,73,13.2
2007-02-28,33.0,19.4,0.0,0.0,70,14.8
2007-03-01,32.5,19.4,0.0,0.0,69,16.6
2007-03-02,32.1,21.6,0.1,0.1,73,12.4
2007-03-03,33.5,22.8,0.0,0.0,72,13.4
2007-03-04,31.1,24.1,0.2,0.2,77,10.4
2007-03-05,32.8,23.5,0.4,0.4,74,17.3
2007-03-06,32.9,22.1,0.0,0.0,73,17.6
2007-03-07,31.8,23.0,0.0,0.0,72,16.2
2007-03-08,32.5,21.8,0.0,0.0,70,16.9
2007-03-09,32.2,22.9,0.0,0.0,69,16.2
2007-03-10,30.6,22.5,0.0,0.0,71,12.7
2007-03-11,33.4,21.6,0.0,0.0,70,15.3
2007-03-12,33.3,22.5,0.0,0.0,70,15.9
2007-03-13,33.2,21.1,0.0,0.0,68,13.9
2007-03-14,33.0,18.3,0.0,0.0,68,13.4
2007-03-15,35.5,18.8,0.0,0.0,66,17.3
2007-03-16,35.5,22.5,0.0,0.0,65,17.8
2007-03-17,34.4,22.1,0.0,0.0,67,15.6
2007-03-18,34.7,21.8,0.0,0.0,69,16.3
2007-03-19,36.0,23.3,0.0,0.0,70,16.9
2007-03-20,35.2,23.6,0.0,0.0,72,16.6
2007-03-21,35.1,22.5,0.2,0.2,72,18.4
2007-03-22,34.1,23.9,0.0,0.0,72,16.3
2007-03-23,34.6,23.9,0.0,0.0,71,16.6
2007-03-24,35.7,23.7,0.0,0.0,70,15.1
2007-03-25,36.2,24.5,0.0,0.0,69,15.8
2007-03-26,35.7,24.9,0.0,0.0,68,14.4
2007-03-27,35.6,24.1,0.0,0.0,70,15.2
2007-03-28,34.8,23.8,0.0,0.0,72,15.8
2007-03-29,35.1,23.7,0.0,0.0,69,13.4
2007-03-30,34.6,23.2,0.0,0.0,69,13.3
2007-03-31,34.1,21.9,0.0,0.0,69,13.7
2007-04-01,35.6,22.4,0.0,0.0,67,13.7
2007-04-02,36.7,23.8,0.0,0.0,71,14.9
2007-04-03,35.6,25.1,0.0,0.0,72,14.8
2007-04-04,35.5,24.5,0.0,0.0,70,14.8
2007-04-05,34.9,24.2,0.0,0.0,70,14.1
2007-04-06,34.8,24.9,0.0,0.0,71,17.6
2007-04-07,34.5,24.6,0.0,0.0,70,14.6
2007-04-08,34.4,24.8,0.0,0.0,72,15.9
2007-04-09,34.6,24.4,0.0,0.0,72,17.8
2007-04-10,34.4,25.4,0.0,0.0,70,16.2
2007-04-11,35.5,26.0,0.1,0.1,69,20.2
2007-04-12,34.8,26.5,0.0,0.0,70,15.5
2007-04-13,35.2,25.8,0.1,0.1,69,11.4
2007-04-14,34.9,25.1,0.2,0.2,69,11.4
2007-04-15,35.3,24.6,0.3,0.3,68,12.2
2007-04-16,35.5,25.1,0.2,0.2,67,14.6
2007-04-17,35.2,25.1,0.2,0.2,66,11.3
2007-04-18,34.7,25.6,0.1,0.1,66,12.5
2007-04-19,35.3,25.6,0.9,0.9,67,14.4
2007-04-20,35.1,26.7,0.3,0.3,66,15.5
2007-04-21,34.7,26.7,3.8,3.8,74,17.4
2007-04-22,37.5,27.5,0.0,0.0,70,18.0
2007-04-23,39.3,27.1,0.0,0.0,62,15.7
2007-04-24,39.4,26.5,0.0,0.0,67,17.5
2007-04-25,38.3,27.0,0.2,0.2,69,16.8
2007-04-26,36.9,27.1,0.0,0.0,68,19.1
2007-04-27,37.3,26.0,0.0,0.0,68,20.9
2007-04-28,37.2,27.2,0.0,0.0,67,18.8
2007-04-29,36.8,27.5,0.0,0.0,68,17.4
2007-04-30,37.0,28.0,0.0,0.0,68,16.5
2007-05-01,37.2,28.0,0.3,0.3,66,16.7
2007-05-02,37.3,27.8,0.6,0.6,65,16.0
2007-05-03,34.1,28.0,0.0,0.0,68,13.1
2007-05-04,36.0,27.4,2.0,2.0,74,13.4
2007-05-05,35.6,27.8,2.1,2.1,73,17.0
2007-05-06,37.0,28.3,1.9,1.9,70,18.0
2007-05-07,39.4,28.5,0.0,0.0,65,15.2
2007-05-08,39.6,29.3,0.1,0.1,57,12.6
2007-05-09,42.1,29.6,0.0,0.0,46,14.3
2007-05-10,42.1,28.9,1.1,1.1,57,10.7
2007-05-11,40.7,29.1,1.3,1.3,62,12.3
2007-05-12,40.2,29.8,0.0,0.0,64,16.3
2007-05-13,38.5,29.2,0.0,0.0,65,14.5
2007-05-14,41.5,28.9,0.0,0.0,58,14.3
2007-05-15,41.8,29.4,0.0,0.0,42,17.6
2007-05-16,42.0,29.4,0.0,0.0,39,18.6
2007-05-17,41.7,29.6,0.0,0.0,44,14.5
2007-05-18,40.7,29.6,0.0,0.0,54,14.5
2007-05-19,41.8,30.2,0.0,0.0,49,16.5
2007-05-20,42.7,30.9,1.4,1.4,43,15.5
2007-05-21,42.3,30.6,0.1,0.1,42,19.5
2007-05-22,42.1,30.2,0.0,0.0,45,17.6
2007-05-23,41.5,30.7,1.9,1.9,54,15.5
2007-05-24,36.8,28.2,2.5,2.5,63,18.0
2007-05-25,37.9,29.4,0.0,0.0,62,17.3
2007-05-26,38.7,29.4,0.0,0.0,63,14.8
2007-05-27,38.5,29.3,0.6,0.6,62,13.3
2007-05-28,37.5,29.1,5.6,5.6,70,16.1
2007-05-29,38.3,28.7,0.0,0.0,54,12.7
2007-05-30,37.5,29.2,0.0,0.0,56,11.9
2007-05-31,37.9,28.4,0.0,0.0,62,11.8
2007-06-01,38.2,28.4,0.1,0.1,66,15.8
2007-06-02,38.1,28.1,0.9,0.9,67,12.0
2007-06-03,37.9,29.9,0.0,0.0,60,15.1
2007-06-04,39.3,29.8,0.0,0.0,59,14.8
2007-06-05,32.2,27.9,14.8,14.8,79,13.7
2007-06-06,37.3,27.4,1.7,1.7,72,15.3
2007-06-07,34.1,26.7,5.3,5.3,75,20.6
2007-06-08,36.5,27.3,0.0,0.0,67,14.8
2007-06-09,37.3,28.4,0.3,0.3,68,14.4
2007-06-10,35.2,26.0,32.5,32.5,82,16.9
2007-06-11,34.2,27.1,0.0,0.0,74,14.8
2007-06-12,34.6,26.7,11.4,11.4,78,18.1
2007-06-13,33.6,27.8,4.2,4.2,80,11.8
2007-06-14,32.3,26.8,3.6,3.6,82,13.0
2007-06-15,31.7,26.5,1.3,1.3,82,12.6
2007-06-16,32.9,26.1,2.2,2.2,80,9.7
2007-06-17,34.4,25.8,0.7,0.7,77,11.0
2007-06-18,35.8,27.3,1.5,1.5,70,15.4
2007-06-19,33.4,27.8,1.7,1.7,71,16.1
2007-06-20,33.4,27.1,3.4,3.4,75,12.4
2007-06-21,32.4,25.8,34.7,34.7,88,19.4
2007-06-22,27.8,25.9,64.5,64.5,92,29.5
2007-06-23,28.7,25.8,13.0,13.0,87,22.7
2007-06-24,30.4,25.9,6.1,6.1,82,20.3
2007-06-25,29.8,25.4,5.4,5.4,81,20.2
2007-06-26,27.9,25.4,32.3,32.3,88,20.5
2007-06-27,28.2,25.2,72.7,72.7,88,24.6
2007-06-28,27.7,24.9,13.4,13.4,87,24.7
2007-06-29,27.3,24.8,25.7,25.7,86,26.6
2007-06-30,30.3,25.4,3.5,3.5,77,27.9
2007-07-01,31.5,26.5,0.1,0.1,72,25.5
2007-07-02,32.5,26.9,0.0,0.0,70,25.0
2007-07-03,32.6,27.4,0.0,0.0,67,26.7
2007-07-04,32.6,27.8,0.0,0.0,64,29.6
2007-07-05,32.6,27.8,0.0,0.0,63,29.1
2007-07-06,31.8,27.8,0.0,0.0,63,28.6
2007-07-07,32.5,28.2,0.0,0.0,63,30.9
2007-07-08,32.9,26.1,2.0,2.0,72,22.8
2007-07-09,32.3,25.3,0.3,0.3,73,21.6
2007-07-10,31.9,25.8,1.4,1.4,74,20.2
2007-07-11,32.8,26.0,4.2,4.2,74,19.5
2007-07-12,31.2,26.1,0.8,0.8,76,21.4
2007-07-13,29.5,25.5,4.9,4.9,82,15.1
2007-07-14,28.4,25.7,8.1,8.1,86,19.4
2007-07-15,29.3,24.9,9.3,9.3,83,23.1
2007-07-16,30.6,24.9,5.7,5.7,84,18.8
2007-07-17,32.0,25.4,8.6,8.6,82,15.4
2007-07-18,33.2,26.1,2.3,2.3,80,15.5
2007-07-19,33.5,27.0,0.3,0.3,77,14.2
2007-07-20,31.8,25.7,4.9,4.9,82,15.1
2007-07-21,31.0,25.4,8.2,8.2,86,16.5
2007-07-22,31.4,25.2,21.9,21.9,88,9.2
2007-07-23,30.9,25.3,15.1,15.1,88,13.3
2007-07-24,30.7,25.1,9.1,9.1,86,16.2
2007-07-25,30.1,25.0,5.7,5.7,86,12.4
2007-07-26,30.0,24.9,0.8,0.8,85,10.6
2007-07-27,31.0,24.8,1.0,1.0,84,11.9
2007-07-28,30.0,24.7,7.7,7.7,88,8.9
2007-07-29,31.1,24.5,19.4,19.4,87,7.0
2007-07-30,30.8,24.1,22.4,22.4,87,8.3
2007-07-31,31.2,24.4,10.4,10.4,87,10.8
2007-08-01,31.1,25.0,6.3,6.3,84,8.7
2007-08-02,30.4,24.8,13.7,13.7,88,15.8
2007-08-03,27.7,24.8,20.1,20.1,90,18.6
2007-08-04,27.3,24.8,13.8,13.8,89,17.5
2007-08-05,28.6,24.7,7.2,7.2,83,20.7
2007-08-06,27.1,24.5,18.7,18.7,86,25.7
2007-08-07,30.4,25.4,0.2,0.2,74,27.9
2007-08-08,31.3,26.0,0.0,0.0,70,22.7
2007-08-09,31.1,26.6,0.0,0.0,70,22.9
2007-08-10,31.2,26.6,0.2,0.2,74,20.0
2007-08-11,29.5,25.6,5.9,5.9,80,20.4
2007-08-12,28.2,24.8,6.0,6.0,85,18.6
2007-08-13,30.7,25.2,1.1,1.1,76,26.1
2007-08-14,32.4,25.8,0.0,0.0,71,20.4
2007-08-15,32.2,25.3,0.0,0.0,70,16.3
2007-08-16,32.3,26.4,0.0,0.0,73,15.4
2007-08-17,32.4,26.4,0.6,0.6,75,13.3
2007-08-18,30.1,26.4,0.2,0.2,77,20.8
2007-08-19,32.0,25.8,0.0,0.0,72,20.2
2007-08-20,31.8,25.7,6.0,6.0,78,16.7
2007-08-21,32.0,24.8,6.2,6.2,83,13.2
2007-08-22,30.2,25.1,18.0,18.0,87,12.3
2007-08-23,32.2,24.8,28.2,28.2,87,7.4
2007-08-24,30.5,24.5,18.0,18.0,88,9.7
2007-08-25,30.2,25.1,12.9,12.9,87,9.8
2007-08-26,31.0,24.8,5.0,5.0,86,11.3
2007-08-27,30.2,24.7,13.6,13.6,86,9.7
2007-08-28,30.9,25.3,15.9,15.9,88,10.4
2007-08-29,29.6,24.9,17.7,17.7,87,10.7
2007-08-30,30.5,25.1,12.6,12.6,88,10.2
2007-08-31,30.0,24.7,14.4,14.4,87,18.4
2007-09-01,29.1,24.2,16.3,16.3,89,18.5
2007-09-02,28.0,24.5,11.8,11.8,90,15.2
2007-09-03,30.8,24.8,2.0,2.0,82,19.1
2007-09-04,31.3,26.0,0.9,0.9,76,19.2
2007-09-05,29.4,25.1,24.8,24.8,87,18.0
2007-09-06,30.3,25.1,8.4,8.4,83,19.5
2007-09-07,31.6,26.3,0.0,0.0,77,15.5
2007-09-08,32.0,25.5,5.2,5.2,85,12.0
2007-09-09,31.4,26.0,7.0,7.0,86,12.0
2007-09-10,32.0,24.4,3.3,3.3,82,13.0
2007-09-11,31.6,25.2,1.9,1.9,84,13.0
2007-09-12,32.0,25.3,1.0,1.0,84,11.1
2007-09-13,31.3,25.5,9.4,9.4,86,10.2
2007-09-14,30.6,24.7,6.8,6.8,84,19.2
2007-09-15,31.0,24.2,1.3,1.3,83,21.0
2007-09-16,29.5,24.5,30.3,30.3,89,9.3
2007-09-17,29.2,24.4,32.0,32.0,90,11.2
2007-09-18,28.9,24.9,19.6,19.6,90,14.3
2007-09-19,29.4,24.9,20.8,20.8,89,15.1
2007-09-20,26.5,24.6,95.8,95.8,95,14.8
2007-09-21,24.9,24.1,64.2,64.2,94,18.4
2007-09-22,29.4,24.4,20.6,20.6,83,24.1
2007-09-23,29.9,25.4,0.9,0.9,74,27.7
2007-09-24,30.7,26.2,0.6,0.6,75,23.6
2007-09-25,30.2,26.2,1.2,1.2,83,14.8
2007-09-26,30.5,26.0,0.0,0.0,81,9.9
2007-09-27,30.9,24.5,0.1,0.1,80,10.8
2007-09-28,30.8,25.2,11.4,11.4,87,11.6
2007-09-29,29.7,24.9,9.6,9.6,88,10.5
2007-09-30,28.7,24.2,30.8,30.8,89,6.6
2007-10-01,30.2,23.9,11.4,11.4,88,7.4
2007-10-02,31.4,24.4,21.5,21.5,89,8.3
2007-10-03,30.5,24.5,8.4,8.4,86,7.9
2007-10-04,28.9,24.0,20.7,20.7,91,4.7
2007-10-05,26.5,24.0,13.1,13.1,93,14.4
2007-10-06,27.6,23.6,3.2,3.2,86,20.8
2007-10-07,28.3,24.0,13.2,13.2,86,18.0
2007-10-08,30.6,23.8,4.8,4.8,82,12.4
2007-10-09,33.1,24.6,0.0,0.0,73,11.8
2007-10-10,31.9,22.4,0.7,0.7,84,8.0
2007-10-11,31.4,23.4,0.0,0.0,82,7.6
2007-10-12,31.8,23.3,0.5,0.5,83,8.8
2007-10-13,31.1,23.0,0.2,0.2,80,6.9
2007-10-14,31.5,23.5,0.0,0.0,78,6.4
2007-10-15,31.3,23.7,0.1,0.1,76,9.7
2007-10-16,31.2,23.6,2.8,2.8,86,8.8
2007-10-17,30.3,24.2,1.2,1.2,86,8.9
2007-10-18,29.8,23.2,9.5,9.5,86,8.4
2007-10-19,29.5,23.5,9.2,9.2,87,12.8
2007-10-20,29.8,23.0,5.3,5.3,87,11.5
2007-10-21,29.1,23.2,5.0,5.0,89,9.7
2007-10-22,28.4,23.9,10.2,10.2,90,14.7
2007-10-23,30.1,23.5,0.7,0.7,80,16.0
2007-10-24,29.7,22.4,0.0,0.0,73,19.7
2007-10-25,29.3,21.9,0.0,0.0,75,16.2
2007-10-26,30.0,22.2,0.0,0.0,74,15.9
2007-10-27,30.8,22.2,0.0,0.0,74,12.2
2007-10-28,30.4,22.2,0.0,0.0,76,11.4
2007-10-29,29.7,23.4,0.1,0.1,74,18.1
2007-10-30,26.9,23.6,12.6,12.6,86,12.5
2007-10-31,28.5,24.0,1.4,1.4,86,22.4
2007-11-01,29.7,24.1,2.5,2.5,87,15.8
2007-11-02,30.2,23.3,0.9,0.9,86,9.1
2007-11-03,30.4,22.4,6.5,6.5,88,11.1
2007-11-04,30.1,23.7,5.0,5.0,87,12.1
2007-11-05,30.1,22.9,1.3,1.3,85,6.8
2007-11-06,30.5,23.2,0.8,0.8,87,10.1
2007-11-07,30.4,23.5,2.1,2.1,85,9.6
2007-11-08,30.5,22.3,0.1,0.1,79,8.9
2007-11-09,30.1,21.8,0.1,0.1,79,8.9
2007-11-10,30.2,21.2,0.0,0.0,80,7.9
2007-11-11,30.6,21.4,0.0,0.0,78,10.2
2007-11-12,30.9,21.2,0.0,0.0,72,10.8
2007-11-13,30.9,18.4,0.0,0.0,68,8.4
2007-11-14,30.7,19.0,0.0,0.0,66,8.2
2007-11-15,31.1,16.4,0.0,0.0,59,8.9
2007-11-16,29.9,17.0,0.0,0.0,69,8.6
2007-11-17,29.4,18.8,0.0,0.0,74,10.1
2007-11-18,30.3,18.6,0.0,0.0,74,10.6
2007-11-19,29.5,23.5,0.6,0.6,76,14.9
2007-11-20,29.7,23.4,2.0,2.0,81,9.7
2007-11-21,30.0,21.2,0.0,0.0,77,10.0
2007-11-22,30.2,19.9,0.0,0.0,69,9.4
2007-11-23,30.1,17.8,0.0,0.0,62,8.3
2007-11-24,29.2,16.6,0.0,0.0,68,7.9
2007-11-25,30.4,16.7,0.0,0.0,63,8.3
2007-11-26,30.1,20.1,0.4,0.4,76,16.3
2007-11-27,30.6,22.1,0.0,0.0,77,14.3
2007-11-28,31.2,20.6,0.0,0.0,70,7.2
2007-11-29,30.9,18.1,0.0,0.0,73,10.5
2007-11-30,29.6,22.1,0.0,0.0,72,11.2
2007-12-01,28.8,21.1,0.2,0.2,76,12.1
2007-12-02,29.4,21.1,0.3,0.3,75,14.5
2007-12-03,29.2,20.7,0.1,0.1,75,13.9
2007-12-04,28.7,21.3,0.0,0.0,72,18.8
2007-12-05,29.2,20.9,0.0,0.0,66,22.8
2007-12-06,30.0,20.6,0.0,0.0,58,19.8
2007-12-07,29.9,19.6,0.0,0.0,69,14.3
2007-12-08,30.3,19.7,0.0,0.0,70,10.2
2007-12-09,29.7,20.0,0.0,0.0,74,11.4
2007-12-10,29.1,20.5,0.0,0.0,76,12.4
2007-12-11,28.6,21.1,0.2,0.2,77,11.9
2007-12-12,30.1,21.8,0.0,0.0,73,14.0
2007-12-13,30.5,20.8,0.0,0.0,71,14.2
2007-12-14,30.2,21.9,0.0,0.0,66,16.0
2007-12-15,30.2,23.4,0.0,0.0,60,17.7
2007-12-16,30.5,21.5,0.0,0.0,55,18.4
2007-12-17,30.8,21.5,0.0,0.0,60,23.2
2007-12-18,28.7,21.0,0.0,0.0,62,18.9
2007-12-19,29.1,22.5,0.0,0.0,60,18.4
2007-12-20,31.7,21.2,0.8,0.8,63,11.9
2007-12-21,32.3,20.6,0.0,0.0,71,10.0
2007-12-22,33.0,20.5,0.0,0.0,74,11.2
2007-12-23,32.9,21.5,0.0,0.0,71,10.1
2007-12-24,34.2,16.9,0.0,0.0,56,11.3
2007-12-25,32.3,17.9,0.0,0.0,74,13.4
2007-12-26,31.6,19.0,0.0,0.0,74,12.3
2007-12-27,31.1,20.0,0.0,0.0,75,13.4
2007-12-28,31.7,21.7,0.0,0.0,74,14.2
2007-12-29,32.7,21.2,0.0,0.0,76,15.8
2007-12-30,30.8,23.0,0.2,0.2,75,10.6
2007-12-31,30.8,21.2,0.0,0.0,73,13.7
2008-01-01,30.3,19.6,0.0,0.0,70,14.1
2008-01-02,29.3,18.9,0.0,0.0,68,15.8
2008-01-03,29.5,18.2,0.0,0.0,61,17.3
2008-01-04,29.9,16.9,0.0,0.0,59,18.6
2008-01-05,30.5,17.9,0.0,0.0,65,14.5
2008-01-06,30.6,17.8,0.0,0.0,70,11.6
2008-01-07,30.5,18.3,0.0,0.0,71,11.5
2008-01-08,30.9,18.7,0.0,0.0,69,13.1
2008-01-09,31.3,17.0,0.0,0.0,64,11.6
2008-01-10,31.6,17.0,0.0,0.0,65,11.1
2008-01-11,31.6,17.1,0.0,0.0,69,10.1
2008-01-12,31.6,18.4,0.0,0.0,71,12.7
2008-01-13,31.9,18.6,0.0,0.0,70,11.1
2008-01-14,32.3,18.4,0.0,0.0,68,12.9
2008-01-15,31.4,19.4,0.0,0.0,73,12.7
2008-01-16,30.9,19.1,0.0,0.0,74,13.7
2008-01-17,30.9,19.1,0.0,0.0,73,12.9
2008-01-18,30.7,17.9,0.0,0.0,71,11.8
2008-01-19,30.0,17.5,0.0,0.0,70,11.4
2008-01-20,30.3,18.2,0.0,0.0,68,10.0
2008-01-21,30.6,16.7,0.0,0.0,70,9.8
2008-01-22,30.4,18.2,0.0,0.0,74,13.0
2008-01-23,30.5,19.8,0.0,0.0,72,12.6
2008-01-24,30.2,19.0,0.0,0.0,71,12.3
2008-01-25,31.1,20.1,0.0,0.0,71,15.5
2008-01-26,30.3,21.3,1.3,1.3,80,13.7
2008-01-27,31.5,20.7,0.8,0.8,71,13.0
2008-01-28,29.7,20.8,0.0,0.0,67,15.5
2008-01-29,30.6,19.6,0.0,0.0,67,14.4
2008-01-30,29.5,20.4,0.1,0.1,76,13.1
2008-01-31,30.1,21.8,1.0,1.0,79,9.7
2008-02-01,31.5,22.1,4.8,4.8,75,15.8
2008-02-02,28.5,21.0,0.8,0.8,72,15.5
2008-02-03,28.9,20.7,1.1,1.1,75,15.1
2008-02-04,28.2,22.1,0.1,0.1,76,16.4
2008-02-05,29.8,21.7,0.0,0.0,71,13.7
2008-02-06,30.7,20.6,0.0,0.0,71,15.3
2008-02-07,30.9,20.4,0.0,0.0,71,15.2
2008-02-08,30.3,20.5,0.3,0.3,76,14.0
2008-02-09,28.5,23.1,8.9,8.9,87,14.8
2008-02-10,27.6,22.9,11.6,11.6,92,8.0
2008-02-11,27.7,22.2,21.3,21.3,89,13.7
2008-02-12,25.6,23.0,5.1,5.1,90,10.2
2008-02-13,27.4,21.7,0.6,0.6,85,8.3
2008-02-14,29.8,22.7,0.5,0.5,81,12.7
2008-02-15,29.5,21.4,0.0,0.0,80,14.3
2008-02-16,30.4,20.8,0.0,0.0,79,11.6
2008-02-17,30.2,20.3,0.0,0.0,80,13.6
2008-02-18,30.9,19.8,0.0,0.0,78,15.5
2008-02-19,29.9,20.3,0.0,0.0,76,14.0
2008-02-20,30.9,19.7,0.0,0.0,77,12.7
2008-02-21,32.7,19.3,0.0,0.0,76,15.5
2008-02-22,30.5,21.7,0.0,0.0,75,13.8
2008-02-23,30.2,20.8,0.3,0.3,75,15.9
2008-02-24,32.6,19.4,0.0,0.0,70,16.3
2008-02-25,33.1,19.7,0.0,0.0,70,13.0
2008-02-26,34.5,21.7,0.0,0.0,71,15.5
2008-02-27,31.5,21.3,0.0,0.0,75,9.3
2008-02-28,32.1,21.3,0.0,0.0,73,11.0
2008-02-29,32.8,21.6,0.0,0.0,71,14.9
2008-03-01,34.1,20.4,0.0,0.0,68,15.8
2008-03-02,34.5,22.3,0.0,0.0,66,14.4
2008-03-03,34.0,21.3,0.0,0.0,66,15.2
2008-03-04,34.1,19.7,0.0,0.0,64,17.6
2008-03-05,34.4,19.6,0.0,0.0,67,14.8
2008-03-06,34.7,21.9,0.0,0.0,65,14.8
2008-03-07,35.6,20.1,0.0,0.0,62,16.0
2008-03-08,36.0,20.0,0.0,0.0,50,15.8
2008-03-09,35.4,19.8,0.0,0.0,43,13.0
2008-03-10,35.0,19.0,0.0,0.0,53,10.1
2008-03-11,34.0,19.6,0.0,0.0,59,11.6
2008-03-12,32.8,19.4,0.0,0.0,61,10.8
2008-03-13,33.4,23.6,0.0,0.0,59,13.9
2008-03-14,30.7,21.8,0.0,0.0,61,7.9
2008-03-15,34.1,23.2,0.0,0.0,63,13.8
2008-03-16,34.2,23.5,0.0,0.0,68,13.4
2008-03-17,35.6,23.3,0.0,0.0,67,14.8
2008-03-18,35.3,24.5,0.0,0.0,66,15.6
2008-03-19,34.7,24.9,0.0,0.0,69,14.5
2008-03-20,34.8,24.6,0.0,0.0,69,16.0
2008-03-21,30.3,24.8,7.4,7.4,83,15.8
2008-03-22,29.9,24.8,5.0,5.0,87,7.2
2008-03-23,29.7,23.3,3.3,3.3,84,11.9
2008-03-24,26.9,23.7,40.3,40.3,90,18.9
2008-03-25,28.5,23.5,13.1,13.1,88,9.4
2008-03-26,30.8,23.9,1.6,1.6,85,8.9
2008-03-27,31.9,23.3,7.2,7.2,82,7.9
2008-03-28,32.4,24.6,8.2,8.2,86,8.1
2008-03-29,31.5,24.2,1.5,1.5,83,10.6
2008-03-30,31.0,24.8,1.1,1.1,81,11.1
2008-03-31,30.2,23.5,1.8,1.8,83,9.6
2008-04-01,31.4,23.8,2.3,2.3,84,8.0
2008-04-02,32.0,24.3,3.0,3.0,84,10.8
2008-04-03,31.9,24.5,1.2,1.2,82,11.2
2008-04-04,32.1,24.7,1.1,1.1,81,15.7
2008-04-05,31.5,23.1,3.5,3.5,82,13.6
2008-04-06,31.5,23.1,1.5,1.5,80,8.7
2008-04-07,31.9,23.2,2.8,2.8,83,9.4
2008-04-08,32.7,23.0,3.2,3.2,79,11.9
2008-04-09,33.3,23.8,0.3,0.3,75,9.4
2008-04-10,33.8,23.4,0.0,0.0,71,10.2
2008-04-11,35.1,23.4,0.0,0.0,71,13.4
2008-04-12,35.5,22.9,0.0,0.0,70,13.4
2008-04-13,35.4,24.4,0.0,0.0,72,14.8
2008-04-14,34.6,23.3,0.0,0.0,73,13.9
2008-04-15,34.8,25.1,0.0,0.0,70,14.4
2008-04-16,34.7,26.0,0.0,0.0,71,15.5
2008-04-17,36.1,25.1,0.0,0.0,72,15.8
2008-04-18,36.6,25.6,0.0,0.0,70,15.1
2008-04-19,38.3,25.8,0.0,0.0,67,16.6
2008-04-20,37.5,26.0,0.0,0.0,67,14.5
2008-04-21,39.4,26.3,0.0,0.0,61,15.1
2008-04-22,38.1,26.1,0.0,0.0,68,13.3
2008-04-23,37.0,26.0,0.0,0.0,69,12.8
2008-04-24,35.8,25.9,0.0,0.0,70,13.8
2008-04-25,34.9,24.9,0.0,0.0,69,12.0
2008-04-26,35.9,24.0,0.0,0.0,68,13.6
2008-04-27,36.6,26.4,0.0,0.0,66,12.2
2008-04-28,36.7,27.2,0.0,0.0,66,13.0
2008-04-29,36.6,27.1,0.0,0.0,67,11.5
2008-04-30,37.1,27.3,0.0,0.0,69,12.3
2008-05-01,40.0,27.8,0.0,0.0,68,15.5
2008-05-02,41.6,28.3,0.0,0.0,49,15.8
2008-05-03,41.4,26.9,0.0,0.0,36,14.7
2008-05-04,40.8,26.9,0.0,0.0,40,12.1
2008-05-05,40.7,27.6,0.0,0.0,49,13.5
2008-05-06,40.6,28.6,0.0,0.0,47,11.3
2008-05-07,39.1,27.2,0.4,0.4,61,12.9
2008-05-08,38.1,28.0,0.2,0.2,68,11.5
2008-05-09,40.1,28.4,0.0,0.0,58,13.7
2008-05-10,40.8,28.5,0.0,0.0,57,12.3
2008-05-11,39.8,28.3,0.6,0.6,58,11.5
2008-05-12,40.3,27.7,0.0,0.0,56,15.5
2008-05-13,40.0,27.9,0.0,0.0,54,11.8
2008-05-14,41.2,28.6,0.0,0.0,49,13.9
2008-05-15,42.0,29.2,0.0,0.0,38,17.7
2008-05-16,41.8,28.3,0.0,0.0,34,15.7
2008-05-17,42.7,29.0,0.0,0.0,31,22.0
2008-05-18,41.9,28.6,0.0,0.0,29,22.7
2008-05-19,41.8,28.2,0.0,0.0,33,20.2
2008-05-20,41.9,29.2,0.0,0.0,41,18.0
2008-05-21,40.9,29.5,0.0,0.0,43,18.7
2008-05-22,38.7,29.9,0.0,0.0,49,20.1
2008-05-23,38.6,29.7,0.8,0.8,58,17.0
2008-05-24,37.6,29.2,0.2,0.2,63,15.5
2008-05-25,37.9,28.8,0.0,0.0,65,16.3
2008-05-26,39.3,29.0,0.5,0.5,65,15.5
2008-05-27,39.3,29.2,0.6,0.6,64,14.0
2008-05-28,38.5,29.3,0.0,0.0,65,17.4
2008-05-29,39.7,29.3,0.3,0.3,64,14.2
2008-05-30,39.0,29.1,0.0,0.0,61,13.1
2008-05-31,36.9,29.5,0.3,0.3,65,12.0
2008-06-01,38.2,29.1,1.3,1.3,64,13.8
2008-06-02,35.5,29.3,0.0,0.0,66,12.8
2008-06-03,35.5,28.6,3.4,3.4,72,14.0
2008-06-04,34.8,26.4,2.9,2.9,74,11.5
2008-06-05,35.8,27.0,8.0,8.0,69,17.2
2008-06-06,34.4,28.2,0.2,0.2,63,17.7
2008-06-07,30.9,26.2,14.9,14.9,77,15.3
2008-06-08,32.0,26.1,6.6,6.6,79,15.5
2008-06-09,31.3,25.7,8.3,8.3,79,13.6
2008-06-10,31.6,25.2,9.4,9.4,77,19.0
2008-06-11,31.1,26.7,1.9,1.9,78,15.3
2008-06-12,30.6,25.7,7.6,7.6,84,15.8
2008-06-13,31.0,25.4,3.7,3.7,79,20.6
2008-06-14,32.6,26.0,0.9,0.9,67,23.1
2008-06-15,31.9,25.8,6.5,6.5,70,26.1
2008-06-16,33.7,27.6,0.0,0.0,60,22.8
2008-06-17,34.0,28.4,0.0,0.0,59,23.9
2008-06-18,33.9,28.7,0.0,0.0,62,21.1
2008-06-19,35.0,28.6,0.0,0.0,61,19.8
2008-06-20,36.1,28.3,0.0,0.0,61,16.6
2008-06-21,37.0,28.2,0.1,0.1,61,16.8
2008-06-22,35.3,27.6,1.1,1.1,67,15.1
2008-06-23,33.4,26.6,1.4,1.4,69,22.2
2008-06-24,34.6,26.4,2.2,2.2,73,24.6
2008-06-25,32.7,25.2,2.1,2.1,76,18.9
2008-06-26,31.2,25.7,5.4,5.4,76,17.0
2008-06-27,31.7,25.5,7.1,7.1,81,20.2
2008-06-28,29.5,25.0,12.4,12.4,85,15.7
2008-06-29,33.9,25.1,0.8,0.8,71,20.0
2008-06-30,34.3,27.4,0.0,0.0,65,24.6
2008-07-01,34.0,28.5,0.0,0.0,61,20.5
2008-07-02,34.4,28.2,0.0,0.0,61,20.3
2008-07-03,34.2,28.0,0.0,0.0,63,16.6
2008-07-04,34.4,26.6,0.8,0.8,68,16.0
2008-07-05,32.5,27.1,2.3,2.3,70,12.3
2008-07-06,29.9,26.2,7.9,7.9,84,16.3
2008-07-07,32.9,25.4,1.5,1.5,71,18.6
2008-07-08,33.0,24.8,2.1,2.1,70,19.5
2008-07-09,30.6,24.9,6.6,6.6,79,15.5
2008-07-10,28.5,25.8,4.7,4.7,84,13.5
2008-07-11,33.4,26.2,0.4,0.4,71,16.1
2008-07-12,34.9,26.1,0.8,0.8,69,17.6
2008-07-13,35.3,27.3,0.0,0.0,63,13.4
2008-07-14,34.6,27.3,0.4,0.4,70,12.9
2008-07-15,34.0,27.4,1.3,1.3,73,15.5
2008-07-16,32.9,25.3,17.6,17.6,80,15.9
2008-07-17,33.0,27.1,7.1,7.1,81,10.7
2008-07-18,32.1,26.0,6.1,6.1,81,11.8
2008-07-19,31.9,25.3,13.0,13.0,85,15.5
2008-07-20,32.4,25.0,7.1,7.1,84,13.2
2008-07-21,29.6,25.4,40.4,40.4,93,9.6
2008-07-22,31.7,24.6,19.3,19.3,88,11.4
2008-07-23,31.7,24.7,21.3,21.3,87,9.9
2008-07-24,31.1,25.7,12.0,12.0,87,11.1
2008-07-25,30.2,25.0,12.6,12.6,86,14.0
2008-07-26,27.3,24.9,22.3,22.3,89,17.4
2008-07-27,25.9,24.3,13.7,13.7,91,18.2
2008-07-28,27.8,24.4,12.4,12.4,87,24.9
2008-07-29,29.1,25.3,4.2,4.2,79,21.8
2008-07-30,32.1,25.6,4.7,4.7,77,22.4
2008-07-31,31.9,26.0,1.7,1.7,74,23.1
2008-08-01,31.6,26.2,3.0,3.0,77,14.4
2008-08-02,30.8,25.2,2.7,2.7,83,20.5
2008-08-03,28.8,24.7,15.6,15.6,86,18.1
2008-08-04,26.8,24.3,23.8,23.8,91,18.3
2008-08-05,26.3,24.4,32.5,32.5,90,19.0
2008-08-06,29.7,24.3,12.7,12.7,84,22.8
2008-08-07,29.6,25.4,6.5,6.5,80,23.1
2008-08-08,26.4,24.8,30.8,30.8,89,19.8
2008-08-09,25.3,24.1,80.5,80.5,89,24.4
2008-08-10,28.2,24.2,9.3,9.3,82,32.8
2008-08-11,30.2,24.4,0.9,0.9,78,25.8
2008-08-12,31.0,25.5,0.0,0.0,73,20.2
2008-08-13,32.5,25.7,2.8,2.8,79,19.0
2008-08-14,30.8,26.0,11.1,11.1,84,17.7
2008-08-15,30.1,24.9,10.1,10.1,84,17.6
2008-08-16,30.9,24.4,15.3,15.3,87,13.4
2008-08-17,30.1,24.9,7.6,7.6,85,13.3
2008-08-18,30.9,25.2,10.7,10.7,86,13.2
2008-08-19,30.7,25.2,2.7,2.7,86,12.6
2008-08-20,31.1,24.8,5.6,5.6,85,12.3
2008-08-21,30.6,25.0,4.1,4.1,82,18.8
2008-08-22,32.2,25.3,0.3,0.3,78,15.9
2008-08-23,32.6,25.3,0.0,0.0,71,17.1
2008-08-24,31.8,25.7,0.1,0.1,76,11.7
2008-08-25,30.5,25.8,5.4,5.4,85,11.6
2008-08-26,30.7,24.5,13.5,13.5,86,9.7
2008-08-27,30.9,25.1,0.7,0.7,82,11.5
2008-08-28,31.3,25.2,1.3,1.3,83,9.2
2008-08-29,31.8,25.1,4.3,4.3,84,9.4
2008-08-30,31.5,25.4,4.6,4.6,84,11.9
2008-08-31,31.0,25.3,2.6,2.6,84,8.7
2008-09-01,31.6,24.9,4.6,4.6,85,7.4
2008-09-02,31.4,24.8,3.5,3.5,87,10.1
2008-09-03,30.5,25.1,3.4,3.4,85,10.3
2008-09-04,31.0,25.5,2.4,2.4,85,13.1
2008-09-05,31.1,25.4,3.9,3.9,84,9.7
2008-09-06,31.2,24.6,17.8,17.8,86,10.5
2008-09-07,30.3,25.1,4.6,4.6,87,7.0
2008-09-08,28.3,24.8,17.3,17.3,91,9.7
2008-09-09,26.6,24.4,25.5,25.5,94,11.9
2008-09-10,27.2,24.4,15.2,15.2,91,13.1
2008-09-11,27.0,23.9,33.7,33.7,92,9.5
2008-09-12,29.7,24.3,11.9,11.9,87,16.5
2008-09-13,30.9,25.2,1.6,1.6,79,15.7
2008-09-14,31.5,25.5,0.0,0.0,77,17.1
2008-09-15,31.3,25.8,0.2,0.2,72,21.0
2008-09-16,28.7,26.5,0.2,0.2,75,20.6
2008-09-17,29.1,26.2,0.7,0.7,76,27.3
2008-09-18,30.3,26.1,0.0,0.0,73,22.0
2008-09-19,31.4,26.1,0.6,0.6,75,14.5
2008-09-20,28.9,25.1,21.3,21.3,88,12.8
2008-09-21,30.5,24.4,14.1,14.1,88,10.4
2008-09-22,29.2,24.7,13.7,13.7,90,10.2
2008-09-23,32.1,25.0,5.2,5.2,86,10.0
2008-09-24,32.5,25.2,1.1,1.1,82,9.2
2008-09-25,33.0,25.6,0.4,0.4,77,14.5
2008-09-26,32.9,25.3,0.0,0.0,76,13.5
2008-09-27,32.7,24.6,0.0,0.0,73,13.5
2008-09-28,32.5,23.0,0.0,0.0,72,13.2
2008-09-29,32.8,22.2,0.0,0.0,71,15.8
2008-09-30,32.8,21.8,0.0,0.0,73,11.8
2008-10-01,32.3,24.2,0.0,0.0,77,8.7
2008-10-02,30.8,24.2,11.2,11.2,87,9.4
2008-10-03,29.9,24.1,1.7,1.7,88,9.5
2008-10-04,30.1,23.1,0.8,0.8,86,10.2
2008-10-05,30.9,24.0,1.7,1.7,85,9.8
2008-10-06,32.0,24.4,1.6,1.6,83,10.1
2008-10-07,30.9,24.8,4.1,4.1,85,8.4
2008-10-08,31.2,24.6,4.8,4.8,87,8.2
2008-10-09,31.6,24.3,3.8,3.8,84,7.2
2008-10-10,32.3,24.1,0.0,0.0,81,8.8
2008-10-11,31.8,23.8,0.0,0.0,80,13.1
2008-10-12,32.2,23.0,0.0,0.0,78,12.9
2008-10-13,31.8,23.4,0.0,0.0,81,8.2
2008-10-14,31.8,23.8,0.3,0.3,81,9.4
2008-10-15,31.9,23.3,0.0,0.0,78,13.8
2008-10-16,31.3,24.4,7.3,7.3,83,17.1
2008-10-17,30.8,24.6,7.2,7.2,85,11.9
2008-10-18,32.1,24.3,0.1,0.1,79,15.4
2008-10-19,32.4,24.2,0.0,0.0,77,13.9
2008-10-20,31.7,24.8,1.6,1.6,81,13.8
2008-10-21,30.0,25.1,6.2,6.2,84,15.0
2008-10-22,29.8,24.7,0.9,0.9,80,12.9
2008-10-23,26.0,24.3,17.4,17.4,91,13.6
2008-10-24,29.8,24.2,2.3,2.3,83,7.6
2008-10-25,32.2,23.7,0.0,0.0,68,14.6
2008-10-26,32.0,22.8,0.0,0.0,57,11.8
2008-10-27,32.1,20.8,0.0,0.0,61,13.0
2008-10-28,30.4,21.2,0.0,0.0,76,10.3
2008-10-29,30.0,20.9,0.1,0.1,80,7.9
2008-10-30,33.0,20.7,0.0,0.0,73,7.7
2008-10-31,31.8,20.9,0.0,0.0,75,9.5
2008-11-01,32.6,19.7,0.0,0.0,70,8.8
2008-11-02,33.0,21.4,0.0,0.0,68,9.8
2008-11-03,32.4,19.5,0.0,0.0,67,10.7
2008-11-04,31.3,20.3,0.0,0.0,72,11.8
2008-11-05,31.3,20.2,0.0,0.0,72,12.0
2008-11-06,31.8,20.5,0.0,0.0,72,10.7
2008-11-07,31.7,20.5,0.0,0.0,72,10.0
2008-11-08,32.0,21.0,0.0,0.0,71,10.4
2008-11-09,32.5,21.1,0.0,0.0,70,12.4
2008-11-10,31.9,22.5,0.0,0.0,74,12.8
2008-11-11,31.4,23.4,0.0,0.0,74,14.8
2008-11-12,31.9,22.8,0.0,0.0,70,11.4
2008-11-13,31.9,24.1,0.0,0.0,65,14.1
2008-11-14,31.9,22.5,9.5,9.5,70,15.9
2008-11-15,26.7,22.5,13.5,13.5,84,29.9
2008-11-16,27.6,23.7,9.1,9.1,91,22.3
2008-11-17,29.9,23.2,2.5,2.5,86,16.9
2008-11-18,30.4,24.1,0.0,0.0,81,14.7
2008-11-19,30.1,24.2,0.0,0.0,80,15.2
2008-11-20,30.6,23.6,0.0,0.0,78,15.7
2008-11-21,30.5,22.9,0.0,0.0,78,12.8
2008-11-22,30.7,22.9,2.8,2.8,81,14.8
2008-11-23,31.0,23.0,0.0,0.0,75,14.6
2008-11-24,30.7,23.0,0.0,0.0,77,12.8
2008-11-25,29.4,22.6,0.0,0.0,74,15.6
2008-11-26,27.7,22.0,0.0,0.0,66,20.3
2008-11-27,27.0,21.7,7.8,7.8,72,23.1
2008-11-28,26.1,21.8,12.5,12.5,86,24.5
2008-11-29,28.0,23.1,4.1,4.1,87,14.5
2008-11-30,29.1,22.4,0.8,0.8,83,12.6
2008-12-01,27.8,23.9,1.2,1.2,81,10.2
2008-12-02,28.1,22.1,0.4,0.4,80,10.9
2008-12-03,29.2,20.7,0.0,0.0,80,10.0
2008-12-04,29.6,20.4,0.0,0.0,81,9.7
2008-12-05,29.1,21.4,0.0,0.0,78,12.7
2008-12-06,29.1,20.8,0.0,0.0,78,11.6
2008-12-07,29.4,19.7,0.0,0.0,78,9.6
2008-12-08,29.0,20.1,0.0,0.0,78,14.9
2008-12-09,29.7,20.1,0.0,0.0,78,11.0
2008-12-10,29.1,19.9,0.0,0.0,81,10.0
2008-12-11,29.1,19.9,0.0,0.0,79,10.0
2008-12-12,29.8,19.9,0.0,0.0,78,11.2
2008-12-13,28.9,21.0,0.0,0.0,78,13.7
2008-12-14,30.5,20.8,0.0,0.0,73,13.6
2008-12-15,30.7,19.1,0.0,0.0,73,11.2
2008-12-16,29.8,19.4,0.0,0.0,76,11.8
2008-12-17,29.7,20.0,0.0,0.0,76,14.3
2008-12-18,29.2,20.4,0.0,0.0,74,15.0
2008-12-19,29.2,19.8,0.0,0.0,73,14.5
2008-12-20,29.6,18.3,0.0,0.0,72,10.6
2008-12-21,30.7,19.4,0.0,0.0,73,12.4
2008-12-22,30.3,19.1,0.0,0.0,75,10.5
2008-12-23,30.2,19.5,0.0,0.0,76,12.9
2008-12-24,29.3,21.3,1.6,1.6,80,10.6
2008-12-25,30.7,20.0,0.0,0.0,74,11.5
2008-12-26,30.5,20.7,0.0,0.0,75,14.1
2008-12-27,31.1,19.8,0.0,0.0,74,14.1
2008-12-28,30.3,18.0,0.0,0.0,74,12.2
2008-12-29,29.5,18.4,0.0,0.0,72,13.9
2008-12-30,29.9,18.2,0.0,0.0,71,13.3
2008-12-31,29.8,18.5,0.0,0.0,71,12.2
2009-01-01,29.8,18.3,0.0,0.0,71,14.7
2009-01-02,28.7,20.7,0.0,0.0,70,12.5
2009-01-03,28.4,19.7,0.0,0.0,72,11.6
2009-01-04,28.5,18.6,0.0,0.0,74,10.1
2009-01-05,28.7,18.6,0.0,0.0,74,12.4
2009-01-06,29.8,18.2,0.0,0.0,72,13.3
2009-01-07,29.1,18.9,0.0,0.0,70,15.5
2009-01-08,28.6,19.7,0.0,0.0,67,16.9
2009-01-09,29.3,20.0,0.0,0.0,66,16.6
2009-01-10,29.6,20.6,0.0,0.0,67,14.4
2009-01-11,30.0,19.8,0.0,0.0,70,13.5
2009-01-12,30.6,19.0,0.0,0.0,69,14.5
2009-01-13,30.3,19.7,0.0,0.0,71,18.0
2009-01-14,29.2,20.2,0.0,0.0,72,19.8
2009-01-15,29.8,19.6,0.0,0.0,69,16.3
2009-01-16,29.7,18.6,0.0,0.0,70,14.0
2009-01-17,30.7,18.5,0.0,0.0,72,14.8
2009-01-18,29.8,18.8,0.0,0.0,72,10.8
2009-01-19,30.4,18.3,0.0,0.0,71,12.1
2009-01-20,31.0,17.9,0.0,0.0,71,14.2
2009-01-21,31.3,18.3,0.0,0.0,71,14.1
2009-01-22,32.1,18.5,0.0,0.0,70,13.9
2009-01-23,31.2,19.8,0.0,0.0,73,12.7
2009-01-24,32.0,18.7,0.0,0.0,72,13.7
2009-01-25,31.4,19.1,0.0,0.0,73,11.6
2009-01-26,31.8,20.4,0.0,0.0,73,12.4
2009-01-27,32.1,18.4,0.0,0.0,70,11.3
2009-01-28,32.3,17.7,0.0,0.0,71,11.5
2009-01-29,33.2,17.9,0.0,0.0,70,13.0
2009-01-30,32.2,19.5,0.0,0.0,73,11.5
2009-01-31,32.4,20.7,0.0,0.0,73,15.1
2009-02-01,32.9,21.9,0.0,0.0,70,16.9
2009-02-02,32.1,21.3,0.0,0.0,73,14.8
2009-02-03,31.5,20.7,0.0,0.0,74,13.3
2009-02-04,31.7,21.3,0.0,0.0,73,14.4
2009-02-05,31.5,21.0,0.0,0.0,74,14.4
2009-02-06,31.5,21.4,0.0,0.0,73,13.8
2009-02-07,31.8,20.9,0.0,0.0,71,13.7
2009-02-08,31.9,20.8,0.0,0.0,69,16.1
2009-02-09,31.9,20.1,0.0,0.0,71,16.6
2009-02-10,31.5,19.9,0.0,0.0,69,15.1
2009-02-11,31.3,20.1,0.0,0.0,67,13.6
2009-02-12,33.6,21.0,0.0,0.0,65,15.8
2009-02-13,34.4,20.1,0.0,0.0,66,15.2
2009-02-14,33.0,20.9,0.0,0.0,72,16.2
2009-02-15,33.3,21.0,0.0,0.0,71,16.2
2009-02-16,32.3,21.9,0.0,0.0,71,15.1
2009-02-17,32.3,20.4,0.0,0.0,69,12.9
2009-02-18,33.2,20.5,0.0,0.0,67,15.6
2009-02-19,33.5,20.0,0.0,0.0,68,14.9
2009-02-20,33.7,19.9,0.0,0.0,67,13.7
2009-02-21,34.1,19.9,0.0,0.0,66,12.1
2009-02-22,34.9,20.6,0.0,0.0,65,13.8
2009-02-23,35.1,20.6,0.0,0.0,70,14.8
2009-02-24,35.1,21.5,0.0,0.0,74,15.9
2009-02-25,36.2,22.3,0.0,0.0,72,16.6
2009-02-26,37.0,22.4,0.0,0.0,69,16.2
2009-02-27,36.2,23.7,0.0,0.0,73,15.5
2009-02-28,35.9,22.5,0.0,0.0,71,14.2
2009-03-01,38.3,21.9,0.0,0.0,57,13.3
2009-03-02,34.9,22.7,0.0,0.0,74,13.7
2009-03-03,34.9,22.5,0.0,0.0,73,14.0
2009-03-04,35.7,22.5,0.0,0.0,73,14.8
2009-03-05,35.8,23.2,0.0,0.0,73,14.8
2009-03-06,36.7,21.7,0.0,0.0,68,15.1
2009-03-07,34.9,23.2,0.0,0.0,76,13.9
2009-03-08,33.6,21.6,0.0,0.0,72,15.2
2009-03-09,32.9,20.1,0.0,0.0,73,12.3
2009-03-10,30.1,22.5,0.0,0.0,70,9.0
2009-03-11,32.4,23.2,0.0,0.0,60,10.4
2009-03-12,35.8,20.6,0.0,0.0,58,11.9
2009-03-13,34.8,21.9,0.0,0.0,69,13.2
2009-03-14,33.4,21.6,0.0,0.0,70,10.4
2009-03-15,33.5,22.1,0.0,0.0,69,11.2
2009-03-16,34.2,23.8,0.6,0.6,68,11.2
2009-03-17,32.9,22.9,0.0,0.0,72,11.8
2009-03-18,34.1,21.7,0.0,0.0,71,11.2
2009-03-19,34.1,22.2,0.0,0.0,72,11.2
2009-03-20,33.9,23.2,0.0,0.0,72,13.0
2009-03-21,34.7,22.9,0.0,0.0,72,16.4
2009-03-22,34.1,23.4,0.0,0.0,71,14.8
2009-03-23,33.6,22.6,0.0,0.0,69,11.1
2009-03-24,33.5,24.0,0.1,0.1,67,6.5
2009-03-25,34.8,24.2,0.0,0.0,64,11.2
2009-03-26,35.4,23.0,0.0,0.0,66,14.8
2009-03-27,34.9,23.6,0.0,0.0,69,13.0
2009-03-28,34.6,23.6,0.0,0.0,69,15.1
2009-03-29,34.4,23.5,0.0,0.0,72,14.5
2009-03-30,35.8,24.3,0.0,0.0,70,16.6
2009-03-31,36.1,24.5,0.0,0.0,70,15.6
2009-04-01,36.2,24.7,0.0,0.0,70,16.9
2009-04-02,35.3,24.0,0.0,0.0,69,14.4
2009-04-03,35.8,25.1,0.0,0.0,68,14.8
2009-04-04,36.6,25.6,0.0,0.0,67,17.7
2009-04-05,36.2,26.0,0.0,0.0,65,14.8
2009-04-06,36.7,24.3,0.0,0.0,69,14.8
2009-04-07,36.3,25.4,0.0,0.0,69,15.1
2009-04-08,36.0,25.8,0.0,0.0,67,14.1
2009-04-09,35.9,25.0,0.5,0.5,66,13.4
2009-04-10,35.6,24.7,0.4,0.4,66,9.8
2009-04-11,36.4,24.9,0.0,0.0,62,11.4
2009-04-12,36.7,24.5,0.0,0.0,63,13.2
2009-04-13,37.4,24.6,0.0,0.0,61,16.1
2009-04-14,38.5,24.3,0.0,0.0,61,15.8
2009-04-15,37.3,24.9,0.0,0.0,62,14.7
2009-04-16,36.8,26.5,0.0,0.0,63,15.1
2009-04-17,37.0,26.7,0.3,0.3,70,20.1
2009-04-18,36.4,28.4,0.0,0.0,72,20.6
2009-04-19,36.2,27.9,0.0,0.0,71,16.6
2009-04-20,38.0,27.4,0.0,0.0,70,16.7
2009-04-21,40.1,28.1,0.0,0.0,66,18.0
2009-04-22,39.1,28.2,0.0,0.0,66,18.8
2009-04-23,38.3,28.6,0.0,0.0,68,13.4
2009-04-24,37.7,28.0,1.9,1.9,70,16.7
2009-04-25,36.4,28.2,0.0,0.0,69,14.9
2009-04-26,36.9,26.9,0.0,0.0,67,11.4
2009-04-27,37.2,26.7,0.2,0.2,67,14.9
2009-04-28,37.0,27.0,0.0,0.0,66,17.3
2009-04-29,36.2,25.7,0.0,0.0,69,16.0
2009-04-30,37.4,25.7,0.0,0.0,68,16.4
2009-05-01,38.2,26.6,0.0,0.0,68,16.2
2009-05-02,39.1,27.5,0.0,0.0,69,17.2
2009-05-03,38.4,27.7,0.0,0.0,68,17.4
2009-05-04,37.2,27.1,0.0,0.0,72,19.1
2009-05-05,37.4,27.6,0.0,0.0,67,12.0
2009-05-06,38.0,27.0,0.0,0.0,67,12.0
2009-05-07,38.9,27.6,0.0,0.0,68,16.0
2009-05-08,38.2,27.6,0.0,0.0,70,19.2
2009-05-09,38.1,27.2,0.0,0.0,70,15.9
2009-05-10,38.8,27.9,0.0,0.0,68,13.7
2009-05-11,39.5,28.1,0.0,0.0,66,14.5
2009-05-12,38.8,28.0,0.0,0.0,71,19.1
2009-05-13,38.3,28.3,0.0,0.0,72,18.5
2009-05-14,38.8,28.1,0.0,0.0,68,9.9
2009-05-15,39.4,28.6,0.1,0.1,62,13.0
2009-05-16,38.7,29.0,0.0,0.0,66,16.4
2009-05-17,36.6,28.3,0.0,0.0,70,17.0
2009-05-18,37.2,28.1,0.0,0.0,69,16.0
2009-05-19,36.7,28.4,0.0,0.0,69,17.9
2009-05-20,34.0,26.8,3.5,3.5,77,11.8
2009-05-21,35.1,27.4,2.6,2.6,75,12.7
2009-05-22,33.8,25.6,23.5,23.5,77,10.5
2009-05-23,35.5,26.6,10.0,10.0,77,9.7
2009-05-24,36.4,26.8,0.3,0.3,73,18.2
2009-05-25,38.5,30.6,0.0,0.0,47,20.5
2009-05-26,39.0,27.8,0.0,0.0,52,16.9
2009-05-27,37.7,27.1,0.0,0.0,68,12.4
2009-05-28,37.1,27.6,0.0,0.0,73,13.4
2009-05-29,37.5,28.0,0.0,0.0,72,13.0
2009-05-30,35.6,27.9,3.9,3.9,74,13.5
2009-05-31,37.4,28.3,0.5,0.5,70,16.1
2009-06-01,39.3,28.6,0.0,0.0,59,16.2
2009-06-02,38.8,30.0,0.0,0.0,49,17.1
2009-06-03,40.7,30.1,0.4,0.4,43,21.5
2009-06-04,40.8,31.1,0.0,0.0,40,23.5
2009-06-05,38.7,30.3,0.4,0.4,46,25.3
2009-06-06,35.0,26.6,4.5,4.5,67,21.6
2009-06-07,36.5,28.6,0.0,0.0,54,16.8
2009-06-08,37.3,27.8,0.0,0.0,55,15.3
2009-06-09,40.3,30.2,0.0,0.0,45,19.0
2009-06-10,40.5,29.6,1.7,1.7,48,10.8
2009-06-11,38.3,29.4,0.0,0.0,63,18.6
2009-06-12,37.6,28.8,0.0,0.0,60,20.4
2009-06-13,36.9,27.6,0.7,0.7,63,17.4
2009-06-14,38.5,28.9,0.5,0.5,57,16.6
2009-06-15,39.2,29.5,0.0,0.0,53,16.8
2009-06-16,39.5,29.8,0.6,0.6,50,17.9
2009-06-17,39.2,29.0,0.3,0.3,53,15.0
2009-06-18,38.3,29.5,0.0,0.0,59,17.1
2009-06-19,38.2,29.6,0.0,0.0,60,17.4
2009-06-20,36.7,27.4,33.1,33.1,77,18.0
2009-06-21,35.1,28.1,0.0,0.0,64,18.4
2009-06-22,36.8,28.5,0.0,0.0,57,21.0
2009-06-23,37.2,29.1,0.0,0.0,54,22.7
2009-06-24,37.2,29.7,0.0,0.0,51,22.5
2009-06-25,35.5,28.7,0.6,0.6,61,18.0
2009-06-26,34.6,26.9,2.3,2.3,64,18.6
2009-06-27,34.9,26.9,5.2,5.2,72,17.4
2009-06-28,34.2,27.0,2.2,2.2,68,16.1
2009-06-29,35.1,27.5,3.2,3.2,71,13.0
2009-06-30,35.5,27.3,8.2,8.2,72,14.5
2009-07-01,33.7,27.1,9.9,9.9,75,15.8
2009-07-02,33.2,27.1,5.1,5.1,78,20.8
2009-07-03,33.7,26.2,1.6,1.6,70,20.9
2009-07-04,30.7,27.2,2.8,2.8,75,17.3
2009-07-05,29.3,25.4,10.2,10.2,86,14.1
2009-07-06,31.7,25.7,5.8,5.8,80,13.2
2009-07-07,32.3,25.7,3.1,3.1,71,21.1
2009-07-08,32.8,25.6,19.4,19.4,78,23.3
2009-07-09,32.8,25.0,3.5,3.5,73,23.8
2009-07-10,31.8,24.8,2.9,2.9,74,21.2
2009-07-11,33.5,26.5,0.2,0.2,67,22.7
2009-07-12,33.8,28.1,0.0,0.0,61,28.0
2009-07-13,29.5,25.6,24.4,24.4,77,20.2
2009-07-14,28.2,25.0,25.0,25.0,84,24.2
2009-07-15,30.1,24.3,6.6,6.6,78,28.8
2009-07-16,32.5,26.7,1.3,1.3,70,23.5
2009-07-17,33.2,27.5,0.0,0.0,64,24.5
2009-07-18,33.5,28.0,0.0,0.0,63,26.1
2009-07-19,31.4,25.8,2.4,2.4,64,30.8
2009-07-20,28.7,24.7,19.5,19.5,80,21.6
2009-07-21,30.3,24.8,7.3,7.3,79,27.4
2009-07-22,32.3,26.7,0.0,0.0,66,25.9
2009-07-23,32.5,26.3,0.0,0.0,67,20.9
2009-07-24,32.9,27.0,0.0,0.0,65,22.5
2009-07-25,33.5,26.9,0.0,0.0,66,22.2
2009-07-26,33.0,28.2,0.0,0.0,64,21.0
2009-07-27,32.3,27.7,0.0,0.0,64,21.1
2009-07-28,32.7,28.0,0.0,0.0,62,24.0
2009-07-29,33.4,27.1,0.7,0.7,67,19.2
2009-07-30,33.3,27.2,1.5,1.5,71,19.3
2009-07-31,33.7,27.8,3.2,3.2,72,17.3
2009-08-01,33.8,26.7,0.0,0.0,67,19.4
2009-08-02,33.5,26.1,0.0,0.0,63,23.0
2009-08-03,34.6,25.8,0.4,0.4,66,18.5
2009-08-04,34.6,28.0,0.0,0.0,63,19.6
2009-08-05,34.5,28.0,0.0,0.0,58,22.6
2009-08-06,35.2,27.1,0.0,0.0,58,20.2
2009-08-07,35.0,28.1,0.0,0.0,57,21.1
2009-08-08,35.4,28.5,0.0,0.0,57,18.1
2009-08-09,34.7,28.3,0.0,0.0,59,22.6
2009-08-10,34.0,28.6,1.2,1.2,63,20.7
2009-08-11,34.7,27.2,3.6,3.6,69,14.0
2009-08-12,34.7,26.7,1.0,1.0,70,16.7
2009-08-13,33.1,27.5,0.9,0.9,71,14.3
2009-08-14,34.1,28.0,1.7,1.7,69,12.2
2009-08-15,32.8,26.3,2.1,2.1,78,14.8
2009-08-16,33.5,26.4,4.4,4.4,77,8.6
2009-08-17,32.5,25.4,13.0,13.0,85,12.8
2009-08-18,31.2,25.5,3.1,3.1,81,14.3
2009-08-19,32.1,26.0,1.4,1.4,81,14.6
2009-08-20,30.3,25.4,13.6,13.6,87,11.9
2009-08-21,30.5,25.0,1.5,1.5,84,12.1
2009-08-22,31.7,25.2,5.5,5.5,84,13.7
2009-08-23,31.7,26.0,3.9,3.9,84,11.0
2009-08-24,27.7,25.1,28.6,28.6,92,12.2
2009-08-25,28.2,24.5,25.6,25.6,91,14.1
2009-08-26,28.2,23.9,6.9,6.9,86,21.3
2009-08-27,30.9,25.9,0.0,0.0,72,25.2
2009-08-28,31.8,26.2,0.0,0.0,73,19.5
2009-08-29,32.7,25.9,0.1,0.1,74,14.7
2009-08-30,32.6,25.9,10.6,10.6,80,13.7
2009-08-31,29.2,24.7,54.7,54.7,91,12.8
2009-09-01,30.6,24.5,10.9,10.9,87,10.5
2009-09-02,31.2,24.8,24.2,24.2,88,11.9
2009-09-03,30.1,24.5,13.3,13.3,88,16.2
2009-09-04,30.9,25.9,2.0,2.0,78,21.6
2009-09-05,30.9,26.6,2.2,2.2,76,24.3
2009-09-06,29.8,26.1,4.5,4.5,79,27.7
2009-09-07,31.7,26.5,0.9,0.9,72,22.6
2009-09-08,32.1,26.5,0.4,0.4,71,20.3
2009-09-09,32.3,26.4,0.3,0.3,71,15.5
2009-09-10,32.6,26.2,0.0,0.0,77,12.1
2009-09-11,32.2,25.8,0.4,0.4,83,7.9
2009-09-12,32.9,26.5,3.7,3.7,85,7.2
2009-09-13,32.7,25.9,4.7,4.7,85,8.6
2009-09-14,32.9,25.5,17.3,17.3,86,13.1
2009-09-15,34.3,25.9,0.0,0.0,79,11.2
2009-09-16,34.3,25.4,0.0,0.0,73,10.2
2009-09-17,34.7,24.2,0.0,0.0,69,7.6
2009-09-18,34.4,24.6,0.2,0.2,71,7.6
2009-09-19,30.3,25.4,16.3,16.3,89,7.8
2009-09-20,29.9,26.0,4.7,4.7,87,6.6
2009-09-21,30.6,25.2,10.3,10.3,88,8.1
2009-09-22,30.8,24.8,14.4,14.4,86,9.1
2009-09-23,31.6,25.1,4.3,4.3,87,11.0
2009-09-24,34.6,26.1,0.0,0.0,81,12.4
2009-09-25,34.9,26.8,0.0,0.0,69,16.4
2009-09-26,33.9,25.1,3.5,3.5,78,14.7
2009-09-27,29.7,25.1,16.2,16.2,91,10.0
2009-09-28,31.1,24.5,17.2,17.2,89,12.1
2009-09-29,26.7,25.1,68.6,68.6,95,12.0
2009-09-30,28.2,24.9,40.9,40.9,92,11.2
2009-10-01,28.4,25.2,4.2,4.2,88,14.0
2009-10-02,29.4,25.6,3.3,3.3,86,16.5
2009-10-03,29.0,25.6,3.6,3.6,86,16.8
2009-10-04,29.8,26.0,0.7,0.7,78,18.4
2009-10-05,30.1,26.1,0.1,0.1,77,19.8
2009-10-06,30.8,26.2,0.0,0.0,74,19.5
2009-10-07,32.0,25.9,6.3,6.3,80,15.0
2009-10-08,32.6,26.5,0.0,0.0,77,11.1
2009-10-09,32.9,25.3,0.0,0.0,75,8.4
2009-10-10,31.8,26.6,0.0,0.0,78,6.4
2009-10-11,31.4,25.4,10.0,10.0,85,10.5
2009-10-12,31.6,24.3,1.6,1.6,83,6.0
2009-10-13,31.2,23.7,0.5,0.5,83,7.3
2009-10-14,31.4,24.4,0.0,0.0,80,7.2
2009-10-15,31.4,23.1,0.3,0.3,78,7.0
2009-10-16,31.2,22.6,0.0,0.0,78,7.9
2009-10-17,31.7,23.2,0.0,0.0,79,9.1
2009-10-18,32.6,23.9,0.0,0.0,81,8.3
2009-10-19,32.4,23.9,0.0,0.0,83,10.1
2009-10-20,32.9,22.3,0.0,0.0,76,8.2
2009-10-21,31.9,23.2,0.0,0.0,77,7.3
2009-10-22,33.0,22.4,0.0,0.0,71,8.3
2009-10-23,32.3,21.6,0.0,0.0,72,8.3
2009-10-24,31.6,20.7,0.0,0.0,72,8.9
2009-10-25,31.5,20.5,0.0,0.0,70,9.9
2009-10-26,31.8,21.4,0.0,0.0,72,10.4
2009-10-27,31.9,22.1,0.0,0.0,73,11.4
2009-10-28,31.9,23.7,0.1,0.1,75,11.7
2009-10-29,31.6,24.0,0.0,0.0,73,11.5
2009-10-30,32.5,23.0,0.0,0.0,77,11.6
2009-10-31,32.3,23.0,0.0,0.0,75,10.5
2009-11-01,31.9,22.3,0.0,0.0,74,10.4
2009-11-02,31.6,22.1,0.0,0.0,72,15.1
2009-11-03,29.0,23.1,3.6,3.6,77,20.6
2009-11-04,28.5,23.9,18.1,18.1,81,19.0
2009-11-05,26.7,24.2,3.8,3.8,84,17.9
2009-11-06,26.7,23.6,3.6,3.6,88,19.5
2009-11-07,28.8,23.5,3.9,3.9,89,16.1
2009-11-08,26.8,24.2,2.8,2.8,90,12.7
2009-11-09,30.0,24.4,1.8,1.8,87,15.9
2009-11-10,29.5,24.0,1.6,1.6,87,17.3
2009-11-11,29.3,23.6,1.7,1.7,83,17.6
2009-11-12,28.9,24.7,5.5,5.5,88,12.0
2009-11-13,30.4,25.0,0.0,0.0,87,10.3
2009-11-14,31.1,24.1,0.0,0.0,84,10.5
2009-11-15,30.9,23.5,0.0,0.0,83,10.7
2009-11-16,30.6,24.4,5.0,5.0,85,14.4
2009-11-17,28.2,23.9,15.6,15.6,88,11.5
2009-11-18,29.0,23.5,8.8,8.8,90,7.6
2009-11-19,29.0,23.2,5.9,5.9,90,5.6
2009-11-20,28.9,23.2,2.3,2.3,87,7.1
2009-11-21,28.2,23.5,2.4,2.4,88,8.2
2009-11-22,28.9,23.6,1.0,1.0,85,14.7
2009-11-23,28.8,23.5,0.8,0.8,85,17.1
2009-11-24,29.6,22.7,0.5,0.5,82,11.8
2009-11-25,29.6,21.4,0.0,0.0,82,7.5
2009-11-26,29.4,20.3,0.0,0.0,80,9.9
2009-11-27,28.7,19.8,0.0,0.0,75,10.0
2009-11-28,28.1,19.7,0.0,0.0,73,12.2
2009-11-29,28.3,18.3,0.0,0.0,71,11.5
2009-11-30,28.0,18.1,0.0,0.0,73,11.7
2009-12-01,28.2,19.0,0.0,0.0,74,14.5
2009-12-02,29.2,19.7,0.0,0.0,74,13.5
2009-12-03,29.1,20.0,0.0,0.0,75,16.4
2009-12-04,28.9,19.6,0.0,0.0,74,11.8
2009-12-05,28.6,19.0,0.0,0.0,75,10.5
2009-12-06,28.4,18.8,0.0,0.0,75,10.9
2009-12-07,29.2,18.4,0.0,0.0,77,9.9
2009-12-08,29.3,18.8,0.0,0.0,77,11.5
2009-12-09,30.1,19.2,0.0,0.0,73,12.6
2009-12-10,29.8,20.0,0.0,0.0,74,11.7
2009-12-11,29.7,20.5,0.0,0.0,75,16.2
2009-12-12,29.6,20.5,0.0,0.0,73,16.3
2009-12-13,29.5,20.9,0.0,0.0,71,17.1
2009-12-14,29.6,20.8,0.0,0.0,71,17.9
2009-12-15,30.2,20.2,0.0,0.0,71,15.6
2009-12-16,29.0,20.8,0.0,0.0,75,13.4
2009-12-17,25.7,20.9,3.7,3.7,77,11.9
2009-12-18,29.7,19.3,0.0,0.0,75,11.9
2009-12-19,30.0,20.6,0.0,0.0,75,14.8
2009-12-20,29.9,21.2,0.0,0.0,74,17.3
2009-12-21,29.2,21.6,0.4,0.4,74,18.4
2009-12-22,28.9,21.1,0.0,0.0,76,13.1
2009-12-23,28.9,20.6,0.0,0.0,73,11.5
2009-12-24,29.2,19.7,0.0,0.0,68,11.5
2009-12-25,28.4,16.8,0.0,0.0,64,11.2
2009-12-26,28.8,16.5,0.0,0.0,64,10.2
2009-12-27,29.2,17.0,0.0,0.0,68,12.0
2009-12-28,28.5,17.7,0.0,0.0,69,13.3
2009-12-29,29.0,18.9,0.0,0.0,70,15.0
2009-12-30,28.6,19.6,0.0,0.0,69,8.9
2009-12-31,30.0,19.9,0.0,0.0,70,8.1
2010-01-01,30.8,19.1,0.0,0.0,73,15.9
2010-01-02,28.5,20.5,0.0,0.0,70,15.9
2010-01-03,29.1,18.3,0.0,0.0,67,12.1
2010-01-04,29.6,17.9,0.0,0.0,69,13.2
2010-01-05,31.6,18.0,0.0,0.0,68,15.8
2010-01-06,29.3,18.5,0.0,0.0,69,13.0
2010-01-07,28.5,19.2,0.0,0.0,69,15.4
2010-01-08,28.9,20.2,0.0,0.0,65,12.4
2010-01-09,28.1,23.3,0.9,0.9,68,12.0
2010-01-10,29.8,23.1,0.9,0.9,75,13.2
2010-01-11,30.8,22.8,0.3,0.3,75,10.3
2010-01-12,30.5,23.3,2.7,2.7,81,12.8
2010-01-13,31.0,22.9,2.1,2.1,81,12.2
2010-01-14,29.7,22.5,8.8,8.8,82,8.9
2010-01-15,29.0,23.2,5.2,5.2,81,14.1
2010-01-16,28.4,22.0,1.0,1.0,78,12.0
2010-01-17,29.4,20.9,0.0,0.0,77,10.8
2010-01-18,29.2,20.8,0.0,0.0,76,9.6
2010-01-19,30.1,19.9,0.0,0.0,73,10.0
2010-01-20,29.0,18.3,0.0,0.0,74,10.8
2010-01-21,29.1,18.2,0.0,0.0,70,10.7
2010-01-22,28.7,17.1,0.0,0.0,70,9.1
2010-01-23,29.1,17.1,0.0,0.0,69,12.3
2010-01-24,29.4,17.2,0.0,0.0,68,11.3
2010-01-25,29.9,17.1,0.0,0.0,69,13.3
2010-01-26,30.6,18.0,0.0,0.0,68,13.0
2010-01-27,30.7,19.1,0.0,0.0,66,12.7
2010-01-28,30.2,20.1,0.0,0.0,68,13.6
2010-01-29,30.3,18.7,0.0,0.0,67,13.7
2010-01-30,30.9,18.5,0.0,0.0,68,13.7
2010-01-31,30.4,18.2,0.0,0.0,71,15.2
2010-02-01,29.9,18.6,0.0,0.0,70,13.1
2010-02-02,30.4,17.9,0.0,0.0,70,14.5
2010-02-03,30.5,17.7,0.0,0.0,66,11.6
2010-02-04,30.9,17.5,0.0,0.0,68,10.0
2010-02-05,30.7,17.8,0.0,0.0,71,12.1
2010-02-06,30.2,19.5,0.0,0.0,74,12.5
2010-02-07,31.2,20.5,0.0,0.0,71,15.8
2010-02-08,31.3,18.3,0.0,0.0,66,10.9
2010-02-09,30.8,17.4,0.0,0.0,67,10.5
2010-02-10,30.6,16.4,0.0,0.0,70,11.9
2010-02-11,30.8,17.1,0.0,0.0,72,14.0
2010-02-12,31.0,19.3,0.0,0.0,71,11.3
2010-02-13,31.4,18.6,0.0,0.0,72,13.0
2010-02-14,31.9,18.7,0.0,0.0,72,13.0
2010-02-15,32.0,18.7,0.0,0.0,73,15.6
2010-02-16,32.1,20.9,0.0,0.0,72,12.2
2010-02-17,32.6,21.2,0.0,0.0,73,12.3
2010-02-18,34.3,21.4,0.0,0.0,69,13.0
2010-02-19,32.8,21.0,0.0,0.0,72,13.7
2010-02-20,33.6,21.3,0.0,0.0,72,14.3
2010-02-21,33.1,22.4,0.0,0.0,71,13.1
2010-02-22,33.7,22.9,0.3,0.3,70,15.1
2010-02-23,34.0,23.5,0.0,0.0,71,13.3
2010-02-24,32.6,23.7,0.0,0.0,73,13.9
2010-02-25,33.5,24.5,0.0,0.0,71,12.4
2010-02-26,33.3,23.6,0.0,0.0,72,12.3
2010-02-27,34.9,23.1,0.0,0.0,71,17.4
2010-02-28,34.7,22.9,0.0,0.0,72,14.3
2010-03-01,34.4,21.1,0.0,0.0,71,12.7
2010-03-02,34.4,22.8,0.0,0.0,71,14.8
2010-03-03,35.6,21.2,0.0,0.0,67,17.3
2010-03-04,34.3,22.7,0.0,0.0,71,14.5
2010-03-05,34.1,22.9,0.0,0.0,73,14.1
2010-03-06,34.8,22.7,0.0,0.0,74,13.7
2010-03-07,35.0,24.9,0.0,0.0,73,11.5
2010-03-08,35.3,24.2,0.0,0.0,74,11.6
2010-03-09,35.0,24.6,0.0,0.0,73,14.0
2010-03-10,34.5,25.0,0.0,0.0,72,13.1
2010-03-11,35.2,23.5,0.0,0.0,73,12.4
2010-03-12,34.7,23.8,0.0,0.0,72,11.5
2010-03-13,35.0,24.1,0.0,0.0,68,12.6
2010-03-14,36.3,24.7,0.0,0.0,64,13.7
2010-03-15,36.6,25.0,0.1,0.1,68,15.7
2010-03-16,35.8,25.3,0.0,0.0,72,13.8
2010-03-17,35.3,25.2,0.0,0.0,70,13.1
2010-03-18,35.3,23.0,0.0,0.0,70,10.8
2010-03-19,35.8,22.1,0.0,0.0,63,10.5
2010-03-20,36.0,21.8,0.0,0.0,65,13.7
2010-03-21,36.5,22.6,0.0,0.0,70,14.8
2010-03-22,36.0,23.5,0.0,0.0,72,15.9
2010-03-23,35.4,22.6,0.0,0.0,74,16.8
2010-03-24,33.9,24.2,0.0,0.0,74,15.5
2010-03-25,34.5,24.3,0.0,0.0,73,14.0
2010-03-26,34.1,23.6,0.0,0.0,73,14.8
2010-03-27,34.6,23.0,0.0,0.0,75,14.4
2010-03-28,35.0,25.7,0.1,0.1,74,14.0
2010-03-29,35.4,26.2,0.0,0.0,74,16.2
2010-03-30,34.7,26.4,0.0,0.0,76,18.4
2010-03-31,34.6,27.5,0.7,0.7,75,21.3
2010-04-01,36.7,26.4,0.0,0.0,75,16.4
2010-04-02,36.5,26.0,0.0,0.0,76,15.7
2010-04-03,36.4,26.7,0.0,0.0,76,15.9
2010-04-04,36.6,26.6,0.0,0.0,72,14.5
2010-04-05,37.1,25.1,0.0,0.0,73,15.1
2010-04-06,37.2,25.6,0.0,0.0,71,15.9
2010-04-07,36.9,26.2,0.0,0.0,71,13.4
2010-04-08,36.2,25.9,0.0,0.0,71,13.3
2010-04-09,37.0,25.0,0.0,0.0,73,14.8
2010-04-10,37.9,26.4,0.0,0.0,73,18.4
2010-04-11,37.1,26.7,0.0,0.0,73,18.1
2010-04-12,36.3,27.6,0.0,0.0,73,18.4
2010-04-13,37.6,27.6,0.0,0.0,74,19.8
2010-04-14,37.4,28.2,0.0,0.0,73,17.0
2010-04-15,37.3,28.4,0.0,0.0,70,18.5
2010-04-16,36.6,27.1,0.0,0.0,66,15.8
2010-04-17,35.8,26.2,0.0,0.0,71,16.7
2010-04-18,36.9,26.8,0.0,0.0,72,19.1
2010-04-19,37.4,28.0,0.0,0.0,71,21.2
2010-04-20,37.7,28.0,0.0,0.0,72,16.6
2010-04-21,36.2,28.2,0.0,0.0,74,18.3
2010-04-22,37.9,27.6,0.0,0.0,72,18.1
2010-04-23,37.0,28.0,0.0,0.0,71,19.2
2010-04-24,37.2,27.3,0.0,0.0,69,16.2
2010-04-25,36.7,27.6,0.1,0.1,70,16.7
2010-04-26,36.4,28.0,0.0,0.0,69,14.8
2010-04-27,37.2,27.9,0.0,0.0,69,16.7
2010-04-28,36.4,27.5,0.0,0.0,69,17.7
2010-04-29,36.0,27.2,0.0,0.0,69,16.1
2010-04-30,36.6,26.4,0.4,0.4,71,13.3
2010-05-01,35.8,27.8,0.0,0.0,72,13.9
2010-05-02,37.1,27.7,0.0,0.0,67,14.5
2010-05-03,37.0,27.6,0.0,0.0,66,14.4
2010-05-04,36.4,26.9,0.4,0.4,66,10.4
2010-05-05,37.3,27.1,0.5,0.5,66,11.6
2010-05-06,37.1,27.5,0.0,0.0,67,13.8
2010-05-07,37.2,28.0,0.0,0.0,66,15.6
2010-05-08,37.5,28.0,0.2,0.2,64,14.6
2010-05-09,38.9,28.6,0.0,0.0,68,20.9
2010-05-10,39.7,28.6,0.0,0.0,66,14.9
2010-05-11,39.3,28.9,0.0,0.0,68,16.0
2010-05-12,38.8,28.9,0.0,0.0,69,17.9
2010-05-13,38.5,29.2,0.0,0.0,68,18.4
2010-05-14,37.4,29.0,0.0,0.0,69,18.8
2010-05-15,38.3,28.9,0.0,0.0,66,16.6
2010-05-16,37.9,29.0,0.0,0.0,66,17.4
2010-05-17,39.2,28.7,0.0,0.0,65,19.0
2010-05-18,36.7,28.5,0.0,0.0,68,20.9
2010-05-19,29.0,26.1,24.1,24.1,89,30.2
2010-05-20,27.8,26.5,27.4,27.4,90,30.5
2010-05-21,30.1,26.5,17.2,17.2,84,31.1
2010-05-22,29.4,25.0,22.0,22.0,82,31.5
2010-05-23,34.3,25.7,0.6,0.6,79,13.7
2010-05-24,37.4,27.3,0.0,0.0,74,15.9
2010-05-25,38.9,29.0,0.0,0.0,66,17.1
2010-05-26,38.5,29.6,0.0,0.0,55,21.5
2010-05-27,38.4,28.5,0.0,0.0,54,23.4
2010-05-28,39.4,28.2,0.0,0.0,58,16.1
2010-05-29,38.8,29.0,0.0,0.0,62,13.6
2010-05-30,39.2,29.6,0.1,0.1,56,14.4
2010-05-31,40.1,29.8,0.0,0.0,53,18.7
2010-06-01,41.5,30.1,0.0,0.0,51,19.0
2010-06-02,41.0,30.0,0.0,0.0,53,18.7
2010-06-03,41.0,30.2,0.0,0.0,51,14.0
2010-06-04,40.5,30.7,0.5,0.5,47,12.8
2010-06-05,35.9,28.7,1.8,1.8,61,17.1
2010-06-06,40.7,29.7,0.0,0.0,50,18.2
2010-06-07,41.4,30.8,0.2,0.2,43,25.2
2010-06-08,39.3,30.9,0.0,0.0,46,13.1
2010-06-09,36.1,28.5,0.2,0.2,66,13.1
2010-06-10,35.4,28.3,4.6,4.6,72,14.3
2010-06-11,33.1,26.1,11.9,11.9,82,13.7
2010-06-12,30.3,26.2,20.6,20.6,86,18.5
2010-06-13,30.5,25.4,18.0,18.0,88,13.1
2010-06-14,32.0,27.2,0.0,0.0,76,20.5
2010-06-15,32.7,27.7,2.1,2.1,73,20.2
2010-06-16,32.5,27.7,0.0,0.0,73,22.0
2010-06-17,33.3,28.0,2.0,2.0,73,20.4
2010-06-18,32.8,26.7,5.0,5.0,78,17.9
2010-06-19,30.2,27.8,5.2,5.2,84,13.2
2010-06-20,31.0,25.7,16.2,16.2,83,14.0
2010-06-21,32.3,27.0,2.5,2.5,79,15.5
2010-06-22,33.8,27.4,0.5,0.5,79,16.7
2010-06-23,34.3,26.1,2.0,2.0,79,17.0
2010-06-24,29.5,26.4,23.3,23.3,89,16.8
2010-06-25,33.0,26.2,0.0,0.0,78,13.4
2010-06-26,34.2,26.8,0.0,0.0,73,15.9
2010-06-27,34.1,27.5,0.0,0.0,73,15.0
2010-06-28,34.7,28.0,0.0,0.0,74,13.2
2010-06-29,35.5,28.1,0.0,0.0,71,12.2
2010-06-30,34.1,28.4,1.0,1.0,74,15.3
2010-07-01,28.6,26.2,26.3,26.3,91,15.4
2010-07-02,29.8,24.8,8.8,8.8,86,18.6
2010-07-03,31.1,25.9,0.7,0.7,78,20.6
2010-07-04,30.8,26.4,5.6,5.6,82,13.6
2010-07-05,28.7,25.8,14.8,14.8,89,9.8
2010-07-06,30.0,24.8,20.4,20.4,90,16.1
2010-07-07,26.3,24.6,33.1,33.1,94,16.6
2010-07-08,29.6,24.5,13.5,13.5,88,14.3
2010-07-09,32.5,25.2,5.6,5.6,84,14.6
2010-07-10,32.9,26.5,0.8,0.8,82,17.8
2010-07-11,30.4,27.0,4.3,4.3,83,16.8
2010-07-12,27.8,25.4,21.1,21.1,92,14.1
2010-07-13,32.7,26.1,0.0,0.0,77,16.5
2010-07-14,31.4,26.2,6.6,6.6,80,18.6
2010-07-15,31.6,25.4,10.9,10.9,85,13.6
2010-07-16,28.3,25.3,28.4,28.4,92,13.2
2010-07-17,29.2,25.1,12.1,12.1,89,8.7
2010-07-18,32.3,25.5,3.8,3.8,83,12.5
2010-07-19,32.8,25.8,15.5,15.5,83,13.0
2010-07-20,30.8,25.9,3.3,3.3,83,13.6
2010-07-21,29.4,25.4,11.6,11.6,89,17.1
2010-07-22,30.5,25.1,18.4,18.4,86,18.6
2010-07-23,30.4,26.1,0.8,0.8,79,21.7
2010-07-24,26.5,24.5,36.0,36.0,90,21.3
2010-07-25,27.7,24.3,50.4,50.4,88,26.2
2010-07-26,31.5,24.3,1.9,1.9,78,29.4
2010-07-27,29.8,25.4,2.4,2.4,79,20.6
2010-07-28,28.2,25.4,6.3,6.3,87,20.3
2010-07-29,28.4,24.7,3.5,3.5,89,15.8
2010-07-30,29.6,25.0,3.0,3.0,82,22.6
2010-07-31,31.4,25.3,5.5,5.5,82,18.3
2010-08-01,31.9,26.2,0.0,0.0,72,23.8
2010-08-02,31.4,26.9,0.0,0.0,71,19.1
2010-08-03,29.6,25.5,18.9,18.9,79,19.6
2010-08-04,28.1,25.0,13.3,13.3,87,16.0
2010-08-05,28.3,25.3,4.9,4.9,84,15.4
2010-08-06,29.7,24.8,6.7,6.7,76,25.3
2010-08-07,32.1,24.6,0.6,0.6,73,18.4
2010-08-08,31.8,25.7,0.4,0.4,78,13.2
2010-08-09,32.6,26.1,0.3,0.3,76,15.5
2010-08-10,33.4,26.5,0.1,0.1,73,15.3
2010-08-11,31.6,26.6,9.1,9.1,82,12.0
2010-08-12,31.8,25.8,13.3,13.3,87,9.7
2010-08-13,28.7,24.9,20.9,20.9,91,8.3
2010-08-14,31.0,25.1,8.2,8.2,87,12.2
2010-08-15,29.8,24.9,14.4,14.4,89,14.0
2010-08-16,31.1,25.1,6.3,6.3,86,9.8
2010-08-17,31.6,25.3,6.6,6.6,87,7.3
2010-08-18,31.4,24.8,24.7,24.7,86,10.2
2010-08-19,32.2,25.5,3.6,3.6,82,6.9
2010-08-20,30.3,25.1,2.6,2.6,88,10.0
2010-08-21,30.9,25.4,4.3,4.3,84,14.0
2010-08-22,32.3,25.0,4.5,4.5,82,8.6
2010-08-23,32.5,24.7,20.8,20.8,86,9.0
2010-08-24,31.8,25.3,0.6,0.6,83,11.5
2010-08-25,29.8,25.2,23.7,23.7,88,12.1
2010-08-26,28.5,25.1,27.1,27.1,92,9.2
2010-08-27,30.8,25.1,1.5,1.5,85,9.6
2010-08-28,31.9,26.1,3.9,3.9,86,14.5
2010-08-29,29.2,25.6,20.2,20.2,87,15.3
2010-08-30,28.8,25.3,11.5,11.5,87,16.2
2010-08-31,31.3,24.6,2.7,2.7,79,20.6
2010-09-01,31.3,25.9,0.0,0.0,73,22.0
2010-09-02,31.2,25.8,5.3,5.3,79,21.3
2010-09-03,27.8,25.3,52.4,52.4,88,17.2
2010-09-04,26.5,24.6,39.8,39.8,91,19.4
2010-09-05,29.4,25.4,0.3,0.3,79,25.2
2010-09-06,29.6,25.6,9.0,9.0,83,23.1
2010-09-07,27.6,24.9,8.0,8.0,89,19.6
2010-09-08,30.7,25.4,0.1,0.1,82,19.5
2010-09-09,31.4,26.0,2.5,2.5,82,12.3
2010-09-10,30.8,25.5,7.2,7.2,86,12.2
2010-09-11,31.6,25.0,11.4,11.4,88,8.9
2010-09-12,31.5,24.9,25.8,25.8,90,8.6
2010-09-13,31.3,24.5,21.4,21.4,89,7.9
2010-09-14,30.5,24.7,38.5,38.5,90,8.8
2010-09-15,30.7,24.5,17.4,17.4,89,13.5
2010-09-16,29.9,24.9,13.8,13.8,89,12.8
2010-09-17,29.5,24.5,18.5,18.5,91,18.4
2010-09-18,30.6,24.9,0.1,0.1,83,13.6
2010-09-19,31.1,24.5,1.0,1.0,83,11.0
2010-09-20,31.1,24.9,4.0,4.0,85,11.0
2010-09-21,31.9,24.9,0.3,0.3,83,10.3
2010-09-22,32.2,24.5,0.0,0.0,81,6.9
2010-09-23,31.6,25.5,9.2,9.2,86,9.2
2010-09-24,31.6,24.9,16.2,16.2,88,9.3
2010-09-25,32.2,24.4,5.1,5.1,84,8.7
2010-09-26,31.7,24.7,2.9,2.9,84,9.9
2010-09-27,30.9,24.7,3.2,3.2,87,10.5
2010-09-28,31.2,24.8,8.6,8.6,88,6.5
2010-09-29,31.4,24.8,23.9,23.9,88,8.0
2010-09-30,31.4,24.1,1.3,1.3,86,6.8
2010-10-01,29.6,24.8,4.2,4.2,92,7.5
2010-10-02,28.1,24.2,9.5,9.5,88,9.0
2010-10-03,31.0,24.5,6.7,6.7,87,10.3
2010-10-04,32.1,23.9,0.4,0.4,83,7.6
2010-10-05,30.0,24.6,11.1,11.1,87,9.9
2010-10-06,28.2,25.1,24.6,24.6,90,12.7
2010-10-07,28.7,25.1,19.3,19.3,88,17.0
2010-10-08,32.3,24.6,0.7,0.7,84,11.3
2010-10-09,32.3,25.3,0.8,0.8,84,10.4
2010-10-10,33.1,24.1,0.0,0.0,78,9.5
2010-10-11,33.4,24.7,2.0,2.0,79,11.5
2010-10-12,32.8,24.4,0.6,0.6,79,9.8
2010-10-13,33.3,23.7,0.0,0.0,68,14.2
2010-10-14,32.9,23.6,0.0,0.0,62,15.1
2010-10-15,29.2,24.6,0.0,0.0,65,17.7
2010-10-16,26.9,24.1,0.5,0.5,75,21.4
2010-10-17,28.6,23.8,0.2,0.2,79,16.3
2010-10-18,29.1,24.2,7.2,7.2,88,13.2
2010-10-19,29.9,24.3,1.9,1.9,87,9.2
2010-10-20,31.2,23.2,0.6,0.6,85,8.8
2010-10-21,32.1,24.0,0.7,0.7,85,10.0
2010-10-22,31.3,25.3,2.1,2.1,85,13.0
2010-10-23,31.2,24.2,13.5,13.5,86,12.8
2010-10-24,30.5,24.5,12.5,12.5,87,6.9
2010-10-25,28.4,24.3,4.3,4.3,89,11.6
2010-10-26,28.2,24.1,0.6,0.6,83,13.0
2010-10-27,29.4,24.0,0.9,0.9,83,12.7
2010-10-28,30.1,22.7,0.7,0.7,84,9.5
2010-10-29,28.3,23.8,3.7,3.7,89,13.6
2010-10-30,25.5,23.5,36.9,36.9,94,18.3
2010-10-31,25.1,23.6,27.8,27.8,94,15.9
2010-11-01,24.9,23.3,54.6,54.6,95,14.0
2010-11-02,26.2,23.0,9.3,9.3,94,12.4
2010-11-03,28.5,23.0,6.5,6.5,88,18.6
2010-11-04,30.2,23.4,2.7,2.7,86,13.0
2010-11-05,30.3,22.7,0.0,0.0,78,12.9
2010-11-06,30.1,22.7,0.7,0.7,73,13.0
2010-11-07,27.1,22.9,22.0,22.0,87,36.0
2010-11-08,28.8,24.1,7.2,7.2,89,22.5
2010-11-09,29.7,24.1,0.4,0.4,87,18.8
2010-11-10,30.3,23.7,5.6,5.6,87,9.9
2010-11-11,29.8,23.4,3.8,3.8,90,8.2
2010-11-12,30.2,23.2,0.8,0.8,86,7.1
2010-11-13,30.3,23.6,0.8,0.8,86,9.7
2010-11-14,29.9,23.4,9.5,9.5,89,12.4
2010-11-15,30.1,22.7,0.0,0.0,81,15.7
2010-11-16,27.9,23.7,9.2,9.2,86,17.9
2010-11-17,28.5,23.8,6.7,6.7,88,17.8
2010-11-18,29.8,23.4,0.6,0.6,84,12.8
2010-11-19,30.0,22.6,0.0,0.0,84,9.0
2010-11-20,29.9,22.5,1.1,1.1,86,6.0
2010-11-21,29.8,23.0,0.7,0.7,83,7.3
2010-11-22,29.5,21.9,0.0,0.0,82,9.7
2010-11-23,29.1,22.2,0.4,0.4,84,9.6
2010-11-24,29.2,23.0,0.5,0.5,87,12.4
2010-11-25,29.5,21.4,0.3,0.3,81,14.2
2010-11-26,29.2,20.1,0.0,0.0,81,9.6
2010-11-27,29.3,20.0,0.0,0.0,84,11.4
2010-11-28,29.6,21.3,0.3,0.3,82,11.9
2010-11-29,30.4,21.9,0.0,0.0,79,10.5
2010-11-30,29.9,21.6,0.0,0.0,81,12.1
2010-12-01,29.3,22.4,0.3,0.3,81,16.0
2010-12-02,28.9,22.6,0.3,0.3,81,16.0
2010-12-03,29.2,21.5,0.0,0.0,74,13.0
2010-12-04,27.6,21.1,0.0,0.0,73,14.1
2010-12-05,23.3,19.7,23.1,23.1,79,16.3
2010-12-06,23.8,19.7,16.5,16.5,90,19.4
2010-12-07,23.6,22.3,33.7,33.7,93,27.0
2010-12-08,27.3,23.2,6.3,6.3,89,18.0
2010-12-09,26.8,21.8,0.1,0.1,85,12.4
2010-12-10,29.4,20.1,0.0,0.0,79,13.0
2010-12-11,27.7,20.7,0.0,0.0,81,10.3
2010-12-12,28.4,21.1,0.5,0.5,85,8.8
2010-12-13,29.2,20.8,0.0,0.0,80,6.8
2010-12-14,29.6,19.6,0.0,0.0,78,8.7
2010-12-15,27.7,20.9,0.2,0.2,81,11.8
2010-12-16,27.0,19.9,0.0,0.0,80,12.8
2010-12-17,27.0,18.3,0.0,0.0,75,10.0
2010-12-18,26.5,16.0,0.0,0.0,74,8.0
2010-12-19,26.7,16.3,0.0,0.0,73,11.8
2010-12-20,27.0,17.0,0.0,0.0,71,10.3
2010-12-21,26.8,14.3,0.0,0.0,71,9.7
2010-12-22,26.5,13.7,0.0,0.0,75,9.4
2010-12-23,26.8,14.8,0.0,0.0,78,8.6
2010-12-24,26.9,15.2,0.0,0.0,80,8.4
2010-12-25,27.5,15.6,0.0,0.0,79,8.3
2010-12-26,27.3,16.3,0.0,0.0,77,11.2
2010-12-27,27.1,17.0,0.0,0.0,74,12.4
2010-12-28,27.1,17.7,0.0,0.0,73,15.3
2010-12-29,27.2,17.8,0.0,0.0,73,13.3
2010-12-30,27.4,16.6,0.0,0.0,75,10.0
2010-12-31,27.6,16.5,0.0,0.0,76,10.4
2011-01-01,29.3,17.6,0.0,0.0,75,9.0
2011-01-02,29.1,18.7,0.0,0.0,78,15.6
2011-01-03,28.6,20.4,0.0,0.0,77,16.9
2011-01-04,26.8,20.5,0.0,0.0,76,16.3
2011-01-05,27.8,19.3,0.0,0.0,70,10.1
2011-01-06,27.5,18.0,0.0,0.0,63,14.4
2011-01-07,27.9,17.4,0.0,0.0,61,13.7
2011-01-08,28.7,18.4,0.0,0.0,65,12.6
2011-01-09,29.9,18.5,0.0,0.0,69,11.0
2011-01-10,30.3,17.7,0.0,0.0,72,8.4
2011-01-11,28.8,17.6,0.0,0.0,74,7.9
2011-01-12,28.7,16.1,0.0,0.0,68,10.5
2011-01-13,29.7,16.1,0.0,0.0,70,9.7
2011-01-14,29.5,17.5,0.0,0.0,70,10.0
2011-01-15,29.5,16.0,0.0,0.0,72,11.3
2011-01-16,30.1,15.4,0.0,0.0,69,9.6
2011-01-17,31.0,15.7,0.0,0.0,63,8.7
2011-01-18,30.6,17.6,0.0,0.0,72,12.2
2011-01-19,29.9,18.9,0.0,0.0,77,12.2
2011-01-20,30.8,18.5,0.0,0.0,75,13.8
2011-01-21,29.6,19.2,0.0,0.0,75,11.8
2011-01-22,29.6,19.7,0.0,0.0,74,12.5
2011-01-23,30.1,19.4,0.0,0.0,75,12.3
2011-01-24,30.4,18.0,0.0,0.0,71,11.4
2011-01-25,30.5,17.4,0.0,0.0,71,11.6
2011-01-26,30.6,17.1,0.0,0.0,71,12.1
2011-01-27,31.6,17.7,0.0,0.0,70,10.7
2011-01-28,30.8,17.7,0.0,0.0,72,11.0
2011-01-29,30.9,18.9,0.0,0.0,74,13.3
2011-01-30,31.1,19.4,0.0,0.0,73,13.0
2011-01-31,31.5,18.3,0.0,0.0,68,13.1
2011-02-01,32.2,18.1,0.0,0.0,68,14.3
2011-02-02,31.2,19.9,0.0,0.0,69,14.3
2011-02-03,30.1,19.2,0.0,0.0,72,14.5
2011-02-04,31.5,19.2,0.0,0.0,71,14.5
2011-02-05,30.5,18.6,0.0,0.0,72,11.6
2011-02-06,30.6,18.5,0.0,0.0,73,12.0
2011-02-07,31.4,18.9,0.0,0.0,73,12.0
2011-02-08,32.4,18.7,0.0,0.0,70,12.6
2011-02-09,32.5,17.9,0.0,0.0,65,13.6
2011-02-10,33.0,17.6,0.0,0.0,60,13.6
2011-02-11,32.5,18.8,0.0,0.0,61,11.1
2011-02-12,32.5,17.5,0.0,0.0,61,12.6
2011-02-13,33.4,17.8,0.0,0.0,58,13.0
2011-02-14,32.5,18.8,0.0,0.0,61,12.8
2011-02-15,31.3,17.0,0.0,0.0,67,16.3
2011-02-16,31.1,18.5,0.0,0.0,68,12.6
2011-02-17,31.9,19.7,0.0,0.0,71,12.7
2011-02-18,31.4,20.8,0.0,0.0,75,10.7
2011-02-19,31.3,22.0,0.4,0.4,74,12.2
2011-02-20,31.1,22.6,0.3,0.3,74,14.2
2011-02-21,30.0,22.3,13.0,13.0,82,7.6
2011-02-22,28.6,22.0,4.3,4.3,82,14.7
2011-02-23,28.4,21.7,0.7,0.7,76,14.6
2011-02-24,29.4,20.5,0.0,0.0,74,11.3
2011-02-25,30.1,20.4,0.0,0.0,73,13.0
2011-02-26,31.5,20.3,0.2,0.2,70,12.8
2011-02-27,31.6,20.7,0.0,0.0,67,12.3
2011-02-28,31.8,20.5,0.0,0.0,66,15.3
2011-03-01,32.4,21.1,0.0,0.0,66,14.5
2011-03-02,32.8,19.4,0.0,0.0,67,15.5
2011-03-03,33.3,20.2,0.0,0.0,63,12.2
2011-03-04,33.9,19.1,0.0,0.0,64,11.0
2011-03-05,34.6,19.9,0.0,0.0,60,11.8
2011-03-06,36.1,19.3,0.0,0.0,54,10.2
2011-03-07,37.9,19.7,0.0,0.0,52,14.1
2011-03-08,37.5,23.1,0.0,0.0,51,13.7
2011-03-09,35.9,21.1,0.0,0.0,66,15.1
2011-03-10,34.4,21.8,0.0,0.0,67,14.8
2011-03-11,33.0,20.0,0.0,0.0,70,11.8
2011-03-12,33.6,20.4,0.0,0.0,73,13.6
2011-03-13,34.0,23.2,0.0,0.0,72,17.7
2011-03-14,33.5,23.5,0.0,0.0,71,14.2
2011-03-15,32.5,23.6,0.0,0.0,71,10.2
2011-03-16,33.8,23.7,0.4,0.4,71,15.1
2011-03-17,34.0,23.0,0.0,0.0,68,16.1
2011-03-18,32.6,20.2,0.0,0.0,69,13.7
2011-03-19,33.8,21.6,0.0,0.0,69,15.5
2011-03-20,33.6,21.5,0.0,0.0,71,16.6
2011-03-21,33.7,21.1,0.0,0.0,72,13.7
2011-03-22,34.6,22.5,0.0,0.0,74,14.9
2011-03-23,34.3,23.9,0.0,0.0,73,12.7
2011-03-24,33.6,23.6,0.0,0.0,71,15.5
2011-03-25,33.5,21.8,0.0,0.0,71,12.8
2011-03-26,34.0,22.6,0.2,0.2,66,11.6
2011-03-27,35.5,24.2,0.3,0.3,69,17.4
2011-03-28,35.5,24.1,0.0,0.0,72,18.8
2011-03-29,35.3,24.7,0.0,0.0,70,14.8
2011-03-30,35.9,24.4,0.0,0.0,71,18.0
2011-03-31,37.0,24.0,0.0,0.0,70,18.0
2011-04-01,36.3,24.2,0.0,0.0,71,17.2
2011-04-02,35.0,25.1,0.0,0.0,73,14.8
2011-04-03,34.7,24.8,0.0,0.0,72,17.2
2011-04-04,35.1,25.4,0.0,0.0,74,18.5
2011-04-05,34.5,26.2,1.2,1.2,75,18.4
2011-04-06,32.9,25.7,1.3,1.3,75,14.5
2011-04-07,33.8,24.4,0.0,0.0,70,13.4
2011-04-08,34.7,23.0,0.0,0.0,67,13.1
2011-04-09,35.0,23.7,0.7,0.7,68,14.5
2011-04-10,34.2,24.2,0.2,0.2,67,13.7
2011-04-11,34.9,22.8,0.0,0.0,64,12.0
2011-04-12,35.6,23.8,0.0,0.0,65,13.5
2011-04-13,35.8,24.3,0.0,0.0,68,16.2
2011-04-14,35.0,25.0,0.2,0.2,70,13.6
2011-04-15,35.2,24.2,0.5,0.5,71,15.3
2011-04-16,35.6,24.9,0.0,0.0,68,15.4
2011-04-17,35.9,25.3,0.0,0.0,66,14.3
2011-04-18,36.6,26.3,0.3,0.3,67,14.4
2011-04-19,36.2,27.0,0.2,0.2,68,14.4
2011-04-20,35.3,26.9,0.3,0.3,70,15.8
2011-04-21,34.2,27.2,1.9,1.9,74,15.1
2011-04-22,29.8,25.4,35.0,35.0,87,10.8
2011-04-23,31.1,24.9,2.1,2.1,84,16.5
2011-04-24,31.5,25.2,1.1,1.1,81,12.2
2011-04-25,32.4,24.8,0.8,0.8,79,12.6
2011-04-26,32.9,25.3,0.8,0.8,77,13.5
2011-04-27,33.3,24.7,0.0,0.0,73,12.6
2011-04-28,34.0,24.8,0.0,0.0,73,15.5
2011-04-29,34.5,26.1,0.0,0.0,72,13.8
2011-04-30,33.4,26.3,0.8,0.8,75,11.7
2011-05-01,35.1,26.1,0.1,0.1,73,10.9
2011-05-02,36.6,26.5,0.0,0.0,70,12.0
2011-05-03,38.4,26.9,0.0,0.0,69,12.5
2011-05-04,38.6,28.1,0.0,0.0,65,10.8
2011-05-05,40.4,26.2,0.0,0.0,66,15.8
2011-05-06,38.8,26.7,0.5,0.5,70,14.4
2011-05-07,38.2,28.1,0.0,0.0,68,11.9
2011-05-08,39.8,27.7,0.0,0.0,58,11.3
2011-05-09,40.1,27.2,0.0,0.0,57,14.2
2011-05-10,40.1,27.7,0.0,0.0,54,15.6
2011-05-11,39.3,28.5,0.0,0.0,59,15.3
2011-05-12,38.8,28.3,0.2,0.2,63,16.9
2011-05-13,38.2,28.0,0.0,0.0,68,15.4
2011-05-14,37.9,27.9,0.0,0.0,69,15.9
2011-05-15,37.6,27.8,0.0,0.0,72,16.2
2011-05-16,36.6,28.2,0.0,0.0,71,17.3
2011-05-17,34.9,28.0,0.0,0.0,69,15.5
2011-05-18,34.9,27.6,0.0,0.0,72,16.9
2011-05-19,36.5,28.0,0.0,0.0,71,20.6
2011-05-20,36.6,28.4,0.0,0.0,71,22.7
2011-05-21,39.5,27.5,0.0,0.0,65,19.4
2011-05-22,39.9,28.0,0.0,0.0,55,15.1
2011-05-23,40.0,28.3,0.0,0.0,57,13.4
2011-05-24,38.5,28.6,0.0,0.0,67,14.7
2011-05-25,37.7,28.5,0.0,0.0,71,16.2
2011-05-26,37.2,28.5,3.1,3.1,67,12.7
2011-05-27,38.0,27.9,0.0,0.0,64,12.8
2011-05-28,36.5,28.0,0.7,0.7,68,16.6
2011-05-29,39.1,28.3,0.0,0.0,59,14.8
2011-05-30,38.4,29.5,0.0,0.0,61,17.2
2011-05-31,38.6,29.7,0.0,0.0,57,16.2
2011-06-01,35.9,29.0,1.9,1.9,69,15.1
2011-06-02,37.5,28.7,0.0,0.0,68,15.0
2011-06-03,35.9,28.5,1.1,1.1,70,14.2
2011-06-04,37.1,28.4,1.7,1.7,62,14.8
2011-06-05,36.9,28.8,0.1,0.1,59,16.7
2011-06-06,37.3,28.4,2.3,2.3,64,18.9
2011-06-07,32.6,26.4,0.5,0.5,76,15.9
2011-06-08,34.0,27.2,10.5,10.5,73,16.6
2011-06-09,35.8,27.5,0.0,0.0,64,17.7
2011-06-10,35.0,26.7,7.4,7.4,71,18.9
2011-06-11,33.2,26.2,5.5,5.5,74,22.4
2011-06-12,35.5,28.1,0.1,0.1,60,20.2
2011-06-13,33.3,28.8,0.0,0.0,60,17.7
2011-06-14,34.1,28.9,0.4,0.4,61,24.8
2011-06-15,30.6,25.8,5.7,5.7,72,23.1
2011-06-16,33.1,25.3,5.1,5.1,70,26.1
2011-06-17,34.1,28.5,0.0,0.0,57,26.1
2011-06-18,35.5,28.2,0.1,0.1,54,25.7
2011-06-19,36.0,29.6,0.0,0.0,47,26.8
2011-06-20,35.4,29.8,1.0,1.0,50,25.2
2011-06-21,34.3,27.8,0.1,0.1,56,21.7
2011-06-22,35.8,29.4,0.2,0.2,51,18.8
2011-06-23,36.7,28.9,0.0,0.0,54,16.2
2011-06-24,37.6,29.5,0.0,0.0,51,22.0
2011-06-25,34.4,28.3,0.0,0.0,54,19.8
2011-06-26,33.6,25.6,6.5,6.5,71,15.1
2011-06-27,33.8,26.3,0.7,0.7,62,20.0
2011-06-28,33.7,26.2,2.1,2.1,72,18.9
2011-06-29,35.5,27.9,0.2,0.2,60,22.2
2011-06-30,36.2,28.0,0.0,0.0,58,15.8
2011-07-01,36.8,28.3,4.3,4.3,62,14.2
2011-07-02,31.5,25.6,12.2,12.2,81,18.1
2011-07-03,30.5,25.2,14.0,14.0,86,13.7
2011-07-04,31.9,25.1,5.8,5.8,79,15.3
2011-07-05,27.6,24.8,29.0,29.0,93,11.2
2011-07-06,26.5,24.1,23.2,23.2,94,15.5
2011-07-07,30.1,24.4,7.4,7.4,84,15.7
2011-07-08,30.9,26.1,1.0,1.0,80,14.3
2011-07-09,33.2,26.7,0.3,0.3,73,16.5
2011-07-10,34.2,27.1,0.4,0.4,67,17.4
2011-07-11,33.5,27.5,0.0,0.0,64,21.9
2011-07-12,31.4,25.6,8.6,8.6,79,19.1
2011-07-13,26.3,25.0,35.8,35.8,92,16.9
2011-07-14,31.1,25.2,0.6,0.6,77,22.1
2011-07-15,32.2,25.7,0.2,0.2,73,20.3
2011-07-16,31.3,26.3,1.1,1.1,75,19.8
2011-07-17,31.2,25.5,10.0,10.0,82,17.9
2011-07-18,31.3,26.6,0.0,0.0,73,20.6
2011-07-19,32.1,27.3,0.2,0.2,70,23.9
2011-07-20,31.7,25.8,5.0,5.0,71,24.7
2011-07-21,30.5,24.8,3.1,3.1,80,19.4
2011-07-22,31.8,25.0,2.2,2.2,77,20.2
2011-07-23,32.4,24.5,5.9,5.9,80,16.6
2011-07-24,31.7,25.5,2.0,2.0,82,15.0
2011-07-25,29.8,25.7,6.3,6.3,87,12.9
2011-07-26,31.0,24.0,11.9,11.9,87,10.5
2011-07-27,31.6,24.4,10.3,10.3,83,9.8
2011-07-28,31.9,24.9,10.8,10.8,82,16.3
2011-07-29,32.7,25.2,13.4,13.4,84,10.6
2011-07-30,31.7,24.7,32.2,32.2,85,16.5
2011-07-31,31.5,25.0,11.4,11.4,82,18.6
2011-08-01,31.0,26.5,2.2,2.2,76,25.3
2011-08-02,30.3,26.0,2.4,2.4,78,22.3
2011-08-03,27.9,25.0,5.3,5.3,85,21.0
2011-08-04,29.5,24.5,2.1,2.1,82,21.5
2011-08-05,32.1,25.9,1.0,1.0,77,20.2
2011-08-06,31.3,26.8,0.1,0.1,73,19.1
2011-08-07,31.3,26.7,0.1,0.1,74,20.2
2011-08-08,32.3,26.9,0.1,0.1,73,18.6
2011-08-09,32.2,27.3,0.2,0.2,73,17.1
2011-08-10,32.5,27.2,0.0,0.0,75,14.0
2011-08-11,32.8,26.9,0.0,0.0,72,19.8
2011-08-12,31.6,26.9,0.0,0.0,73,18.4
2011-08-13,31.5,24.9,2.5,2.5,80,12.8
2011-08-14,31.7,26.0,0.9,0.9,78,12.4
2011-08-15,32.0,25.8,4.5,4.5,83,12.1
2011-08-16,31.2,25.6,21.2,21.2,86,11.0
2011-08-17,30.6,24.6,17.6,17.6,87,9.2
2011-08-18,29.4,24.9,11.7,11.7,89,9.5
2011-08-19,28.5,24.4,12.7,12.7,93,7.1
2011-08-20,30.6,24.3,18.7,18.7,87,9.4
2011-08-21,29.4,24.8,5.6,5.6,90,12.3
2011-08-22,27.6,24.2,14.5,14.5,91,9.3
2011-08-23,29.4,24.7,9.1,9.1,90,9.8
2011-08-24,30.5,24.7,18.7,18.7,87,9.7
2011-08-25,29.7,24.6,18.8,18.8,89,12.5
2011-08-26,29.4,24.9,1.6,1.6,82,20.9
2011-08-27,27.7,24.7,4.8,4.8,87,19.5
2011-08-28,29.2,24.0,6.4,6.4,83,20.8
2011-08-29,29.6,25.1,3.4,3.4,81,19.4
2011-08-30,26.9,24.9,26.4,26.4,91,14.8
2011-08-31,29.3,24.9,22.0,22.0,88,18.6
2011-09-01,30.3,25.1,7.3,7.3,84,18.8
2011-09-02,29.8,25.1,9.5,9.5,82,22.0
2011-09-03,30.7,26.2,1.2,1.2,78,19.8
2011-09-04,30.6,26.5,0.0,0.0,79,13.8
2011-09-05,30.1,25.7,3.4,3.4,82,16.5
2011-09-06,31.8,26.2,1.4,1.4,77,19.8
2011-09-07,31.0,26.1,2.6,2.6,76,23.1
2011-09-08,31.1,25.3,10.9,10.9,82,18.2
2011-09-09,31.3,25.7,0.3,0.3,80,15.5
2011-09-10,32.3,25.3,0.9,0.9,81,12.2
2011-09-11,32.8,25.8,0.8,0.8,80,10.2
2011-09-12,32.6,25.7,0.0,0.0,79,9.4
2011-09-13,27.8,25.4,29.9,29.9,91,9.0
2011-09-14,29.6,24.6,20.1,20.1,90,11.5
2011-09-15,30.4,24.7,3.6,3.6,85,15.5
2011-09-16,31.9,25.8,5.5,5.5,86,10.8
2011-09-17,31.0,24.9,22.7,22.7,86,17.8
2011-09-18,31.5,25.5,0.6,0.6,75,17.0
2011-09-19,31.7,25.6,3.1,3.1,81,14.3
2011-09-20,32.1,25.4,0.0,0.0,74,16.3
2011-09-21,30.9,26.1,0.6,0.6,76,15.5
2011-09-22,32.2,25.8,0.4,0.4,75,16.7
2011-09-23,32.0,25.1,0.9,0.9,77,15.7
2011-09-24,32.0,25.2,0.4,0.4,77,13.4
2011-09-25,32.5,24.8,0.0,0.0,75,11.2
2011-09-26,32.8,24.3,0.1,0.1,76,10.8
2011-09-27,33.3,25.4,0.0,0.0,72,12.0
2011-09-28,33.5,25.4,0.4,0.4,75,9.6
2011-09-29,34.0,24.5,0.0,0.0,72,8.9
2011-09-30,33.9,23.5,0.0,0.0,73,8.3
2011-10-01,34.1,22.3,0.0,0.0,67,11.2
2011-10-02,33.9,22.8,0.0,0.0,67,7.9
2011-10-03,34.1,22.8,0.0,0.0,65,8.5
2011-10-04,32.7,24.1,0.0,0.0,69,10.3
2011-10-05,33.2,24.5,2.9,2.9,75,8.7
2011-10-06,32.3,24.5,0.0,0.0,75,6.2
2011-10-07,32.5,24.2,0.5,0.5,79,9.7
2011-10-08,32.4,24.8,0.2,0.2,80,7.1
2011-10-09,32.7,24.8,0.0,0.0,80,10.6
2011-10-10,30.4,24.8,6.2,6.2,85,9.8
2011-10-11,31.3,24.7,5.4,5.4,84,13.2
2011-10-12,28.4,25.1,5.3,5.3,88,11.7
2011-10-13,31.3,24.7,1.7,1.7,85,8.6
2011-10-14,32.6,24.4,0.8,0.8,83,6.9
2011-10-15,32.2,24.9,2.3,2.3,84,6.9
2011-10-16,32.3,24.1,0.9,0.9,82,7.9
2011-10-17,32.7,23.8,0.0,0.0,76,8.3
2011-10-18,33.4,23.4,0.0,0.0,72,8.4
2011-10-19,34.0,22.4,0.0,0.0,63,13.4
2011-10-20,32.3,22.4,0.0,0.0,75,9.5
2011-10-21,31.7,23.4,0.0,0.0,77,8.7
2011-10-22,31.6,24.1,5.2,5.2,83,12.5
2011-10-23,32.2,24.3,0.7,0.7,81,12.2
2011-10-24,31.6,24.6,0.4,0.4,78,15.9
2011-10-25,29.2,24.4,7.6,7.6,87,15.4
2011-10-26,29.3,23.8,0.2,0.2,80,14.4
2011-10-27,31.0,23.3,2.4,2.4,79,14.8
2011-10-28,31.5,24.1,0.0,0.0,70,18.4
2011-10-29,31.9,23.5,0.0,0.0,61,19.5
2011-10-30,31.5,23.0,0.0,0.0,69,14.8
2011-10-31,31.1,23.6,1.3,1.3,76,14.3
2011-11-01,29.6,23.7,0.9,0.9,82,16.4
2011-11-02,29.9,23.7,0.9,0.9,77,18.4
2011-11-03,31.3,23.2,0.0,0.0,69,17.6
2011-11-04,31.3,22.4,0.0,0.0,65,15.8
2011-11-05,31.9,20.7,0.0,0.0,65,13.6
2011-11-06,32.5,19.5,0.0,0.0,67,10.9
2011-11-07,32.7,19.7,0.0,0.0,65,10.1
2011-11-08,33.7,20.4,0.0,0.0,64,9.3
2011-11-09,32.1,21.1,0.0,0.0,67,10.2
2011-11-10,31.3,20.2,0.0,0.0,70,11.6
2011-11-11,32.1,20.2,0.0,0.0,70,12.4
2011-11-12,32.2,21.1,0.0,0.0,72,12.4
2011-11-13,31.6,22.0,0.0,0.0,73,11.7
2011-11-14,31.9,22.3,0.0,0.0,70,12.7
2011-11-15,32.2,21.7,0.0,0.0,70,11.9
2011-11-16,32.2,21.7,0.0,0.0,65,13.8
2011-11-17,32.1,21.6,0.0,0.0,66,13.8
2011-11-18,32.1,20.6,0.0,0.0,64,11.0
2011-11-19,31.9,18.7,0.0,0.0,63,9.1
2011-11-20,31.9,18.5,0.0,0.0,63,10.2
2011-11-21,31.3,19.3,0.0,0.0,68,12.5
2011-11-22,30.9,20.8,0.0,0.0,72,16.4
2011-11-23,31.1,21.4,0.0,0.0,65,16.7
2011-11-24,31.2,21.8,0.0,0.0,66,18.7
2011-11-25,32.2,22.2,0.0,0.0,65,18.0
2011-11-26,31.9,24.0,0.0,0.0,69,23.5
2011-11-27,31.7,23.6,0.0,0.0,72,20.2
2011-11-28,31.4,22.2,0.0,0.0,74,14.2
2011-11-29,31.3,21.2,0.0,0.0,74,12.4
2011-11-30,31.4,21.8,0.0,0.0,76,14.7
2011-12-01,30.7,23.6,0.7,0.7,74,13.8
2011-12-02,30.5,22.2,0.0,0.0,73,13.9
2011-12-03,31.2,21.9,0.6,0.6,74,11.6
2011-12-04,31.6,21.9,0.1,0.1,76,10.7
2011-12-05,31.6,22.1,0.1,0.1,74,10.9
2011-12-06,30.8,21.6,0.1,0.1,69,11.5
2011-12-07,30.5,20.6,0.0,0.0,64,11.5
2011-12-08,30.7,20.5,0.0,0.0,66,18.4
2011-12-09,32.2,21.7,0.0,0.0,63,15.0
2011-12-10,32.7,22.1,0.0,0.0,70,12.7
2011-12-11,32.4,23.8,0.0,0.0,72,12.5
2011-12-12,31.4,22.6,0.0,0.0,69,13.4
2011-12-13,31.5,21.1,0.0,0.0,64,15.0
2011-12-14,31.7,20.6,0.0,0.0,65,15.1
2011-12-15,30.3,20.5,0.0,0.0,69,15.3
2011-12-16,29.8,20.4,0.0,0.0,71,12.4
2011-12-17,30.2,19.8,0.0,0.0,69,11.9
2011-12-18,29.9,19.6,0.0,0.0,69,15.1
2011-12-19,30.2,19.6,0.0,0.0,68,12.6
2011-12-20,28.8,19.9,0.0,0.0,69,12.3
2011-12-21,29.7,19.6,0.0,0.0,65,14.2
2011-12-22,29.7,18.1,0.0,0.0,65,14.0
2011-12-23,29.8,18.0,0.0,0.0,60,11.5
2011-12-24,29.5,17.5,0.0,0.0,63,12.3
2011-12-25,30.0,16.3,0.0,0.0,65,13.2
2011-12-26,30.4,17.0,0.0,0.0,62,14.2
2011-12-27,31.6,16.7,0.0,0.0,59,15.5
2011-12-28,31.6,18.4,0.5,0.5,65,18.5
2011-12-29,30.4,23.5,0.1,0.1,67,27.7
2011-12-30,29.1,23.2,2.3,2.3,78,22.8
2011-12-31,27.9,22.6,7.9,7.9,84,18.7
2012-01-01,27.5,22.5,2.1,2.1,83,13.6
2012-01-02,30.0,22.6,0.6,0.6,80,12.6
2012-01-03,30.0,21.9,0.6,0.6,80,12.0
2012-01-04,30.0,22.3,0.3,0.3,80,9.8
2012-01-05,30.6,21.7,0.0,0.0,78,12.5
2012-01-06,30.9,20.4,0.0,0.0,78,11.8
2012-01-07,30.1,19.7,0.0,0.0,77,13.5
2012-01-08,30.0,19.6,0.0,0.0,76,12.4
2012-01-09,30.1,19.2,0.0,0.0,73,11.1
2012-01-10,28.7,19.9,0.0,0.0,72,9.2
2012-01-11,26.5,21.9,2.3,2.3,74,12.7
2012-01-12,28.4,19.9,0.0,0.0,68,13.3
2012-01-13,28.9,18.1,0.0,0.0,60,11.9
2012-01-14,27.9,15.6,0.0,0.0,55,11.0
2012-01-15,27.8,14.1,0.0,0.0,51,11.6
2012-01-16,29.3,14.2,0.0,0.0,56,12.3
2012-01-17,30.1,15.4,0.0,0.0,67,14.5
2012-01-18,30.6,16.8,0.0,0.0,69,12.3
2012-01-19,29.9,17.1,0.0,0.0,74,15.5
2012-01-20,30.2,17.6,0.0,0.0,72,12.3
2012-01-21,31.8,17.5,0.0,0.0,66,13.4
2012-01-22,29.8,19.0,0.0,0.0,73,15.3
2012-01-23,29.8,21.0,0.0,0.0,71,14.2
2012-01-24,29.9,19.6,0.0,0.0,73,13.4
2012-01-25,30.4,18.3,0.0,0.0,71,14.8
2012-01-26,30.3,17.6,0.0,0.0,72,10.0
2012-01-27,30.2,18.0,0.0,0.0,72,11.3
2012-01-28,30.0,18.0,0.0,0.0,72,12.1
2012-01-29,29.9,19.1,0.0,0.0,71,15.3
2012-01-30,29.0,20.0,0.0,0.0,72,16.7
2012-01-31,28.8,19.4,0.0,0.0,70,16.5
2012-02-01,30.9,19.5,0.0,0.0,63,14.9
2012-02-02,30.8,19.3,0.0,0.0,66,15.6
2012-02-03,30.8,19.4,0.0,0.0,69,16.9
2012-02-04,30.4,18.7,0.0,0.0,70,13.0
2012-02-05,31.3,17.8,0.0,0.0,69,12.7
2012-02-06,31.7,17.7,0.0,0.0,68,9.2
2012-02-07,31.7,17.8,0.0,0.0,71,13.3
2012-02-08,31.0,18.0,0.0,0.0,72,11.8
2012-02-09,31.2,17.9,0.0,0.0,70,12.1
2012-02-10,31.3,18.3,0.0,0.0,72,10.9
2012-02-11,31.2,20.9,0.0,0.0,71,15.8
2012-02-12,31.1,20.8,0.0,0.0,71,13.5
2012-02-13,31.3,20.8,0.0,0.0,72,14.3
2012-02-14,31.9,20.9,0.0,0.0,71,11.2
2012-02-15,31.9,20.3,0.0,0.0,72,12.4
2012-02-16,31.6,18.3,0.0,0.0,73,11.5
2012-02-17,31.1,18.9,0.0,0.0,71,12.2
2012-02-18,32.8,18.2,0.0,0.0,70,8.6
2012-02-19,33.7,18.7,0.0,0.0,68,14.2
2012-02-20,34.4,20.5,0.0,0.0,65,14.6
2012-02-21,34.3,20.0,0.0,0.0,68,12.7
2012-02-22,33.8,20.6,0.0,0.0,68,11.5
2012-02-23,35.3,19.5,0.0,0.0,60,13.0
2012-02-24,35.5,18.5,0.0,0.0,50,10.8
2012-02-25,35.0,18.5,0.0,0.0,55,10.3
2012-02-26,35.2,17.3,0.0,0.0,51,11.5
2012-02-27,35.3,18.7,0.0,0.0,52,15.1
2012-02-28,34.7,19.0,0.0,0.0,64,18.0
2012-02-29,34.7,21.5,0.0,0.0,72,16.3
2012-03-01,34.2,23.7,0.0,0.0,76,16.7
2012-03-02,33.5,23.7,0.0,0.0,74,18.2
2012-03-03,34.6,23.9,0.1,0.1,73,17.4
2012-03-04,36.3,23.5,0.0,0.0,69,14.7
2012-03-05,34.7,24.6,0.0,0.0,72,18.4
2012-03-06,35.3,23.8,0.0,0.0,72,16.6
2012-03-07,34.5,23.3,0.0,0.0,73,16.5
2012-03-08,35.3,24.0,0.0,0.0,68,14.1
2012-03-09,36.3,23.2,0.0,0.0,66,14.1
2012-03-10,35.3,23.0,0.0,0.0,70,14.8
2012-03-11,34.2,24.1,0.0,0.0,68,17.1
2012-03-12,33.1,22.5,0.0,0.0,68,16.3
2012-03-13,32.5,24.7,0.1,0.1,72,10.2
2012-03-14,33.8,24.9,0.0,0.0,70,11.2
2012-03-15,34.1,24.0,0.8,0.8,75,14.0
2012-03-16,34.5,23.4,0.0,0.0,71,13.3
2012-03-17,34.6,23.2,0.0,0.0,73,16.3
2012-03-18,35.4,23.9,0.0,0.0,72,13.7
2012-03-19,36.1,23.8,0.0,0.0,72,17.3
2012-03-20,35.2,23.2,0.0,0.0,74,15.9
2012-03-21,35.2,24.3,0.0,0.0,74,16.2
2012-03-22,35.1,23.9,0.0,0.0,73,16.6
2012-03-23,35.8,24.4,0.0,0.0,71,15.1
2012-03-24,36.3,24.2,0.0,0.0,68,16.3
2012-03-25,35.5,21.9,0.0,0.0,68,13.4
2012-03-26,34.6,21.7,0.0,0.0,68,12.3
2012-03-27,34.5,21.0,0.0,0.0,66,11.9
2012-03-28,34.6,21.1,0.0,0.0,68,12.0
2012-03-29,35.0,22.5,0.0,0.0,68,13.0
2012-03-30,34.9,23.6,0.0,0.0,70,12.8
2012-03-31,34.3,24.1,0.6,0.6,71,11.4
2012-04-01,34.5,23.2,0.5,0.5,68,11.3
2012-04-02,35.1,21.5,0.0,0.0,68,12.6
2012-04-03,36.1,22.3,0.0,0.0,69,12.6
2012-04-04,35.9,23.5,0.0,0.0,73,16.9
2012-04-05,35.0,24.6,0.0,0.0,72,13.5
2012-04-06,35.4,25.4,0.0,0.0,70,14.3
2012-04-07,35.2,25.7,0.0,0.0,71,13.9
2012-04-08,34.9,25.4,0.0,0.0,70,15.9
2012-04-09,35.2,25.7,0.0,0.0,69,15.6
2012-04-10,35.9,26.2,0.0,0.0,69,18.1
2012-04-11,35.5,26.5,0.0,0.0,68,15.3
2012-04-12,35.9,26.2,0.0,0.0,67,16.2
2012-04-13,36.6,26.4,0.2,0.2,66,15.7
2012-04-14,35.4,25.7,0.0,0.0,69,15.9
2012-04-15,36.6,24.4,0.0,0.0,65,14.8
2012-04-16,36.9,25.3,0.0,0.0,65,15.5
2012-04-17,37.4,25.3,0.0,0.0,68,19.1
2012-04-18,37.1,26.1,0.0,0.0,68,15.3
2012-04-19,36.8,26.7,0.0,0.0,68,15.9
2012-04-20,37.2,26.3,0.0,0.0,69,19.6
2012-04-21,38.3,26.9,0.0,0.0,64,13.7
2012-04-22,37.3,26.6,0.0,0.0,68,17.2
2012-04-23,36.3,25.0,0.0,0.0,67,15.0
2012-04-24,36.4,26.7,0.6,0.6,68,14.5
2012-04-25,37.3,27.4,0.0,0.0,67,16.8
2012-04-26,36.8,27.7,0.3,0.3,69,14.1
2012-04-27,37.1,27.3,1.1,1.1,68,15.7
2012-04-28,37.6,27.9,0.0,0.0,65,16.5
2012-04-29,35.4,28.5,0.1,0.1,70,15.7
2012-04-30,35.4,27.6,0.1,0.1,72,16.4
2012-05-01,36.9,28.4,0.1,0.1,70,14.5
2012-05-02,38.9,28.2,0.0,0.0,68,14.9
2012-05-03,38.5,28.4,0.0,0.0,65,14.1
2012-05-04,39.3,28.2,0.1,0.1,67,17.9
2012-05-05,36.9,28.3,0.0,0.0,70,17.2
2012-05-06,37.8,27.9,0.0,0.0,62,8.8
2012-05-07,38.6,27.4,1.4,1.4,64,11.6
2012-05-08,37.7,26.4,0.0,0.0,64,13.3
2012-05-09,37.9,27.9,0.0,0.0,67,12.0
2012-05-10,36.2,27.9,0.2,0.2,72,14.4
2012-05-11,35.6,27.5,0.1,0.1,73,14.4
2012-05-12,35.9,27.3,0.1,0.1,71,11.8
2012-05-13,36.3,27.7,0.0,0.0,69,11.3
2012-05-14,37.7,27.4,0.0,0.0,69,13.7
2012-05-15,38.1,28.2,0.0,0.0,70,13.3
2012-05-16,39.7,28.6,0.0,0.0,62,15.0
2012-05-17,40.2,28.4,0.0,0.0,61,13.3
2012-05-18,40.8,28.5,0.0,0.0,61,13.7
2012-05-19,38.9,28.3,0.0,0.0,67,13.9
2012-05-20,38.7,28.3,0.0,0.0,68,10.4
2012-05-21,37.6,28.6,0.0,0.0,68,14.2
2012-05-22,39.3,28.6,0.0,0.0,69,14.8
2012-05-23,39.5,29.2,0.0,0.0,65,13.1
2012-05-24,41.2,28.7,0.0,0.0,56,13.0
2012-05-25,42.2,30.0,0.0,0.0,43,12.4
2012-05-26,41.2,28.9,0.3,0.3,51,12.6
2012-05-27,42.9,29.2,0.0,0.0,47,14.4
2012-05-28,43.0,30.0,0.1,0.1,48,15.0
2012-05-29,41.0,29.9,1.7,1.7,54,16.6
2012-05-30,39.9,29.6,0.2,0.2,61,16.0
2012-05-31,43.5,29.3,0.2,0.2,44,17.1
2012-06-01,43.3,30.3,0.0,0.0,31,21.1
2012-06-02,43.7,31.5,0.0,0.0,28,21.2
2012-06-03,42.7,30.6,0.0,0.0,28,21.9
2012-06-04,42.3,30.2,0.0,0.0,39,20.6
2012-06-05,41.3,30.8,0.0,0.0,48,20.5
2012-06-06,40.2,30.7,0.0,0.0,48,18.4
2012-06-07,40.3,31.2,0.0,0.0,44,20.6
2012-06-08,41.3,31.9,0.0,0.0,39,23.5
2012-06-09,39.9,31.9,0.3,0.3,44,23.5
2012-06-10,34.1,29.2,5.2,5.2,67,19.6
2012-06-11,36.9,28.1,0.0,0.0,56,18.6
2012-06-12,37.3,29.6,0.0,0.0,53,18.5
2012-06-13,34.5,27.9,1.1,1.1,64,17.6
2012-06-14,37.0,28.6,0.0,0.0,65,14.7
2012-06-15,38.4,28.8,0.0,0.0,62,16.2
2012-06-16,34.0,26.5,4.9,4.9,68,19.6
2012-06-17,31.5,25.9,5.2,5.2,66,19.4
2012-06-18,26.9,24.8,26.5,26.5,91,20.8
2012-06-19,26.6,23.9,54.9,54.9,90,19.7
2012-06-20,29.6,25.9,2.0,2.0,77,23.2
2012-06-21,29.9,25.1,1.9,1.9,77,20.2
2012-06-22,32.4,25.5,1.1,1.1,75,19.2
2012-06-23,34.2,26.2,0.0,0.0,72,14.8
2012-06-24,34.2,27.2,0.0,0.0,70,15.5
2012-06-25,32.5,27.6,0.0,0.0,72,14.3
2012-06-26,29.2,26.9,4.2,4.2,81,13.8
2012-06-27,32.9,26.7,0.0,0.0,71,22.3
2012-06-28,33.1,27.3,0.1,0.1,69,20.5
2012-06-29,33.4,26.7,0.0,0.0,68,19.1
2012-06-30,34.0,27.7,0.4,0.4,66,20.6
2012-07-01,31.2,25.9,7.0,7.0,83,17.1
2012-07-02,28.1,24.8,16.3,16.3,88,14.3
2012-07-03,31.3,26.0,0.2,0.2,69,21.6
2012-07-04,33.0,26.5,0.0,0.0,64,23.2
2012-07-05,34.5,27.9,0.0,0.0,65,20.8
2012-07-06,32.7,27.3,0.2,0.2,69,19.2
2012-07-07,29.4,25.3,8.0,8.0,83,18.8
2012-07-08,31.1,25.0,2.8,2.8,80,14.0
2012-07-09,29.0,26.3,3.4,3.4,85,15.8
2012-07-10,31.4,25.5,10.7,10.7,86,13.0
2012-07-11,32.0,24.9,2.3,2.3,81,9.0
2012-07-12,33.6,25.8,1.1,1.1,77,11.5
2012-07-13,33.8,27.0,0.3,0.3,75,11.2
2012-07-14,31.5,25.5,7.5,7.5,81,14.5
2012-07-15,30.5,25.7,12.3,12.3,84,20.5
2012-07-16,32.5,25.5,12.3,12.3,81,12.5
2012-07-17,32.5,24.8,8.8,8.8,83,12.1
2012-07-18,28.6,25.7,25.7,25.7,88,18.5
2012-07-19,28.0,25.1,7.7,7.7,87,19.5
2012-07-20,26.0,24.5,35.6,35.6,91,17.4
2012-07-21,26.1,24.6,33.2,33.2,92,18.4
2012-07-22,29.7,24.9,3.3,3.3,87,17.1
2012-07-23,32.4,25.2,0.3,0.3,77,17.3
2012-07-24,32.0,26.6,0.3,0.3,72,21.5
2012-07-25,31.1,26.7,3.2,3.2,75,18.0
2012-07-26,30.6,25.4,2.1,2.1,77,22.3
2012-07-27,31.5,25.2,7.0,7.0,80,23.0
2012-07-28,30.9,25.5,3.9,3.9,79,18.9
2012-07-29,32.1,24.7,5.4,5.4,78,19.6
2012-07-30,30.6,24.6,3.9,3.9,76,23.8
2012-07-31,30.0,26.0,1.5,1.5,74,23.4
2012-08-01,31.5,25.2,0.5,0.5,72,22.0
2012-08-02,30.9,25.5,3.6,3.6,70,24.6
2012-08-03,28.3,24.7,14.4,14.4,84,21.6
2012-08-04,29.1,24.4,16.3,16.3,85,22.5
2012-08-05,29.1,24.6,9.1,9.1,83,24.3
2012-08-06,31.1,24.8,10.7,10.7,80,21.3
2012-08-07,31.7,24.5,3.5,3.5,82,16.6
2012-08-08,32.3,26.2,1.8,1.8,78,17.3
2012-08-09,32.2,25.6,5.4,5.4,79,18.8
2012-08-10,31.0,25.0,10.9,10.9,83,20.9
2012-08-11,30.9,25.5,2.8,2.8,78,20.0
2012-08-12,31.7,25.9,1.2,1.2,79,15.8
2012-08-13,31.2,26.3,2.5,2.5,79,15.1
2012-08-14,32.4,26.4,0.0,0.0,76,15.6
2012-08-15,32.2,25.9,0.9,0.9,80,14.2
2012-08-16,32.5,26.1,0.0,0.0,78,13.5
2012-08-17,32.2,26.1,0.1,0.1,74,16.9
2012-08-18,30.3,26.2,1.3,1.3,74,21.6
2012-08-19,31.8,25.6,0.0,0.0,69,21.9
2012-08-20,32.0,26.1,0.0,0.0,74,15.0
2012-08-21,30.7,26.4,3.5,3.5,82,12.6
2012-08-22,31.8,26.0,5.3,5.3,83,12.4
2012-08-23,32.1,25.5,4.7,4.7,85,11.6
2012-08-24,32.3,25.3,5.3,5.3,83,10.5
2012-08-25,31.6,25.6,11.6,11.6,87,10.7
2012-08-26,29.9,25.0,16.5,16.5,89,15.4
2012-08-27,31.4,24.6,5.7,5.7,85,14.4
2012-08-28,30.7,25.2,3.2,3.2,80,21.2
2012-08-29,31.0,24.9,7.9,7.9,82,11.2
2012-08-30,27.2,24.8,14.8,14.8,92,11.4
2012-08-31,30.7,25.6,9.6,9.6,85,13.2
2012-09-01,31.3,25.7,10.7,10.7,79,14.5
2012-09-02,31.6,25.4,9.8,9.8,83,17.5
2012-09-03,26.9,24.8,16.7,16.7,91,20.0
2012-09-04,27.4,24.6,18.5,18.5,87,25.2
2012-09-05,31.1,25.2,0.0,0.0,75,21.4
2012-09-06,31.0,26.0,1.0,1.0,81,11.6
2012-09-07,32.4,25.7,0.0,0.0,80,11.5
2012-09-08,30.8,26.1,4.2,4.2,83,12.4
2012-09-09,28.5,24.8,13.0,13.0,90,13.4
2012-09-10,28.5,24.9,5.7,5.7,86,17.8
2012-09-11,30.4,25.0,0.2,0.2,82,16.6
2012-09-12,30.5,25.5,0.5,0.5,82,12.6
2012-09-13,31.5,24.8,18.1,18.1,83,10.9
2012-09-14,32.5,25.8,0.0,0.0,80,15.0
2012-09-15,32.0,25.3,0.0,0.0,72,15.5
2012-09-16,30.0,26.0,1.1,1.1,76,17.7
2012-09-17,31.8,25.2,2.3,2.3,79,11.5
2012-09-18,31.2,25.3,7.8,7.8,85,9.5
2012-09-19,31.7,25.2,11.2,11.2,87,7.9
2012-09-20,30.4,24.6,17.4,17.4,89,12.8
2012-09-21,30.3,24.1,6.7,6.7,88,9.9
2012-09-22,31.2,25.7,3.1,3.1,87,10.3
2012-09-23,31.3,24.8,4.0,4.0,84,14.0
2012-09-24,32.7,26.0,0.4,0.4,78,12.0
2012-09-25,32.6,25.4,6.3,6.3,82,11.8
2012-09-26,30.3,24.1,20.0,20.0,88,7.9
2012-09-27,32.4,24.9,9.6,9.6,84,10.0
2012-09-28,31.3,24.2,7.6,7.6,85,7.6
2012-09-29,31.1,24.0,3.7,3.7,86,10.7
2012-09-30,29.6,24.5,13.6,13.6,88,14.8
2012-10-01,28.2,25.2,16.4,16.4,89,18.6
2012-10-02,28.3,24.5,5.0,5.0,91,17.7
2012-10-03,29.9,24.9,12.5,12.5,88,12.6
2012-10-04,30.5,24.7,4.6,4.6,85,15.0
2012-10-05,31.9,25.4,0.3,0.3,82,11.9
2012-10-06,33.0,24.4,1.8,1.8,81,6.3
2012-10-07,33.2,23.3,0.0,0.0,76,8.4
2012-10-08,33.3,23.1,0.0,0.0,68,11.2
2012-10-09,32.1,21.0,0.0,0.0,69,10.7
2012-10-10,31.7,23.9,0.6,0.6,76,8.3
2012-10-11,29.4,23.8,2.7,2.7,87,6.8
2012-10-12,30.2,23.7,2.8,2.8,87,5.6
2012-10-13,30.9,23.4,1.0,1.0,85,8.5
2012-10-14,31.7,23.5,0.0,0.0,80,7.6
2012-10-15,31.5,24.2,1.5,1.5,85,8.9
2012-10-16,31.0,23.6,0.0,0.0,76,10.8
2012-10-17,31.4,22.5,0.0,0.0,75,8.3
2012-10-18,30.6,23.1,0.0,0.0,78,12.6
2012-10-19,30.1,23.9,3.7,3.7,81,15.0
2012-10-20,29.1,24.4,1.8,1.8,84,16.1
2012-10-21,29.9,24.3,4.3,4.3,86,16.2
2012-10-22,30.4,24.0,0.1,0.1,82,15.6
2012-10-23,31.0,23.6,0.0,0.0,80,14.5
2012-10-24,30.7,22.9,0.0,0.0,80,8.8
2012-10-25,30.6,23.7,0.6,0.6,81,7.8
2012-10-26,30.6,22.3,0.0,0.0,76,10.9
2012-10-27,31.1,22.2,0.0,0.0,74,15.1
2012-10-28,31.1,23.0,0.0,0.0,75,14.1
2012-10-29,30.6,23.2,0.0,0.0,75,14.2
2012-10-30,30.4,22.5,0.0,0.0,68,17.8
2012-10-31,28.5,23.9,11.4,11.4,78,27.3
2012-11-01,28.1,23.8,30.3,30.3,92,22.1
2012-11-02,26.8,23.6,17.9,17.9,92,17.7
2012-11-03,26.4,24.5,38.9,38.9,93,21.7
2012-11-04,26.7,24.1,26.4,26.4,92,17.1
2012-11-05,27.4,23.7,4.6,4.6,91,8.0
2012-11-06,29.5,23.1,8.4,8.4,89,9.8
2012-11-07,30.3,22.8,0.0,0.0,86,7.2
2012-11-08,31.0,21.2,0.0,0.0,77,6.6
2012-11-09,30.4,20.6,0.0,0.0,80,8.2
2012-11-10,29.2,20.2,0.0,0.0,75,9.0
2012-11-11,28.9,18.8,0.0,0.0,75,8.0
2012-11-12,28.7,19.1,0.0,0.0,75,9.2
2012-11-13,28.3,18.0,0.0,0.0,70,10.4
2012-11-14,28.5,16.4,0.0,0.0,69,9.5
2012-11-15,28.1,16.6,0.0,0.0,69,8.9
2012-11-16,28.0,16.8,0.0,0.0,70,7.5
2012-11-17,28.6,15.8,0.0,0.0,65,8.9
2012-11-18,27.7,17.4,0.0,0.0,64,8.9
2012-11-19,29.9,21.9,0.0,0.0,72,7.6
2012-11-20,30.3,22.9,1.1,1.1,80,11.7
2012-11-21,26.6,23.5,2.1,2.1,81,21.2
2012-11-22,29.6,23.1,0.0,0.0,79,18.3
2012-11-23,28.8,23.0,0.2,0.2,86,10.6
2012-11-24,29.6,22.7,9.6,9.6,88,9.8
2012-11-25,29.3,21.5,1.0,1.0,85,8.2
2012-11-26,28.8,21.7,0.4,0.4,83,9.2
2012-11-27,28.6,20.2,0.0,0.0,81,7.8
2012-11-28,29.1,19.6,0.0,0.0,78,8.0
2012-11-29,28.6,19.0,0.0,0.0,78,8.1
2012-11-30,29.8,19.1,0.0,0.0,79,9.3
2012-12-01,29.5,19.2,0.0,0.0,75,11.5
2012-12-02,29.6,18.3,0.0,0.0,66,13.7
2012-12-03,29.0,21.3,0.0,0.0,64,15.4
2012-12-04,27.9,21.5,2.1,2.1,70,17.4
2012-12-05,29.4,21.5,0.1,0.1,74,15.0
2012-12-06,29.7,19.3,0.0,0.0,77,8.5
2012-12-07,30.2,19.4,0.0,0.0,81,8.0
2012-12-08,31.1,20.8,0.0,0.0,83,9.0
2012-12-09,30.7,20.5,0.0,0.0,80,10.0
2012-12-10,30.0,19.3,0.0,0.0,77,9.4
2012-12-11,29.9,18.8,0.0,0.0,80,9.1
2012-12-12,30.1,19.2,0.0,0.0,80,10.6
2012-12-13,29.9,18.9,0.0,0.0,78,10.7
2012-12-14,29.6,19.1,0.0,0.0,80,9.1
2012-12-15,30.0,19.0,0.0,0.0,77,10.2
2012-12-16,30.2,19.5,0.0,0.0,78,11.8
2012-12-17,30.4,21.3,0.0,0.0,76,11.8
2012-12-18,29.7,19.8,0.0,0.0,72,10.8
2012-12-19,29.6,17.6,0.0,0.0,70,8.8
2012-12-20,29.6,17.1,0.0,0.0,73,10.7
2012-12-21,29.2,17.6,0.0,0.0,74,10.2
2012-12-22,28.9,17.8,0.0,0.0,74,10.7
2012-12-23,28.1,19.0,0.0,0.0,74,12.7
2012-12-24,28.2,17.6,0.0,0.0,71,13.6
2012-12-25,28.7,18.0,0.0,0.0,70,11.1
2012-12-26,28.9,19.2,0.0,0.0,72,13.9
2012-12-27,28.5,18.8,0.0,0.0,71,14.3
2012-12-28,28.7,18.0,0.0,0.0,70,13.0
2012-12-29,26.6,21.0,0.0,0.0,72,14.8
2012-12-30,28.6,21.7,0.0,0.0,72,15.4
2012-12-31,29.3,20.7,0.0,0.0,77,12.8
2013-01-01,30.5,20.6,0.0,0.0,77,13.5
2013-01-02,30.4,20.8,0.0,0.0,76,11.4
2013-01-03,30.7,20.5,0.0,0.0,76,12.8
2013-01-04,31.1,20.5,0.0,0.0,76,14.0
2013-01-05,29.6,21.1,0.0,0.0,79,14.8
2013-01-06,29.5,21.0,0.0,0.0,75,12.5
2013-01-07,30.0,21.3,0.0,0.0,74,10.2
2013-01-08,31.0,19.7,0.0,0.0,75,10.4
2013-01-09,30.1,21.4,0.0,0.0,76,13.0
2013-01-10,29.8,21.4,0.0,0.0,72,8.1
2013-01-11,28.5,18.8,0.0,0.0,75,11.6
2013-01-12,29.7,18.3,0.0,0.0,72,7.9
2013-01-13,31.3,16.5,0.0,0.0,64,12.1
2013-01-14,30.9,17.0,0.0,0.0,73,12.0
2013-01-15,30.0,18.4,0.0,0.0,77,9.9
2013-01-16,29.8,18.7,0.0,0.0,77,9.0
2013-01-17,30.3,18.1,0.0,0.0,74,12.8
2013-01-18,29.0,18.3,0.0,0.0,74,15.9
2013-01-19,29.2,19.4,0.0,0.0,69,8.9
2013-01-20,29.5,18.3,0.0,0.0,72,11.5
2013-01-21,29.2,18.6,0.0,0.0,71,12.9
2013-01-22,29.4,19.3,0.0,0.0,69,14.9
2013-01-23,28.5,20.0,0.0,0.0,73,14.6
2013-01-24,29.8,19.1,0.0,0.0,72,15.1
2013-01-25,29.7,19.8,0.0,0.0,69,12.3
2013-01-26,29.5,19.6,0.0,0.0,71,11.0
2013-01-27,28.5,20.0,0.1,0.1,73,7.3
2013-01-28,28.7,20.3,1.2,1.2,79,11.6
2013-01-29,28.8,20.2,0.4,0.4,77,7.1
2013-01-30,29.2,20.3,0.0,0.0,74,9.2
2013-01-31,27.4,19.9,1.8,1.8,76,11.3
2013-02-01,29.0,18.3,0.0,0.0,71,9.8
2013-02-02,29.3,18.5,0.0,0.0,70,9.8
2013-02-03,30.0,18.1,0.0,0.0,72,9.2
2013-02-04,30.0,18.6,0.0,0.0,72,14.3
2013-02-05,29.9,19.3,0.0,0.0,72,12.8
2013-02-06,30.3,18.5,0.0,0.0,73,11.6
2013-02-07,31.7,17.5,0.0,0.0,71,10.9
2013-02-08,31.1,19.1,0.0,0.0,70,10.1
2013-02-09,30.4,21.5,0.0,0.0,74,16.3
2013-02-10,31.1,21.6,0.0,0.0,72,15.3
2013-02-11,30.7,21.2,0.0,0.0,73,13.5
2013-02-12,31.2,22.2,0.0,0.0,64,12.6
2013-02-13,30.0,21.8,0.0,0.0,65,14.0
2013-02-14,31.2,20.8,0.0,0.0,69,14.4
2013-02-15,30.0,19.5,0.0,0.0,74,12.1
2013-02-16,28.3,21.3,0.5,0.5,75,13.5
2013-02-17,26.9,22.3,6.7,6.7,88,11.3
2013-02-18,30.9,20.0,0.0,0.0,71,8.0
2013-02-19,30.4,21.1,0.0,0.0,76,13.3
2013-02-20,30.3,21.3,0.0,0.0,74,11.5
2013-02-21,30.6,20.2,0.0,0.0,74,14.2
2013-02-22,31.0,20.4,0.0,0.0,74,12.9
2013-02-23,31.5,19.8,0.0,0.0,73,12.5
2013-02-24,32.0,18.8,0.0,0.0,67,9.4
2013-02-25,32.5,18.0,0.0,0.0,66,10.6
2013-02-26,33.5,19.5,0.0,0.0,64,12.4
2013-02-27,33.0,20.0,0.0,0.0,69,11.7
2013-02-28,33.7,20.0,0.0,0.0,69,10.4
2013-03-01,34.4,19.4,0.0,0.0,62,10.4
2013-03-02,33.9,19.5,0.0,0.0,63,13.0
2013-03-03,33.6,19.3,0.0,0.0,66,13.3
2013-03-04,33.9,19.4,0.0,0.0,66,17.8
2013-03-05,32.1,19.5,0.0,0.0,66,15.7
2013-03-06,33.0,20.4,0.0,0.0,71,12.3
2013-03-07,33.3,22.6,0.0,0.0,72,12.9
2013-03-08,33.7,22.5,0.0,0.0,73,12.3
2013-03-09,33.9,22.9,0.0,0.0,72,14.6
2013-03-10,33.9,22.1,0.0,0.0,73,16.2
2013-03-11,33.1,21.8,0.0,0.0,73,16.2
2013-03-12,34.0,21.2,0.0,0.0,70,13.5
2013-03-13,34.1,22.3,0.0,0.0,69,13.5
2013-03-14,32.7,20.8,0.0,0.0,72,12.1
2013-03-15,33.7,21.7,0.0,0.0,69,11.6
2013-03-16,33.8,19.5,0.0,0.0,68,10.8
2013-03-17,34.2,19.8,0.0,0.0,66,11.9
2013-03-18,33.5,21.6,0.0,0.0,71,13.0
2013-03-19,33.3,22.2,0.0,0.0,73,11.4
2013-03-20,33.9,22.5,0.0,0.0,69,12.6
2013-03-21,34.7,22.9,0.0,0.0,67,14.4
2013-03-22,35.0,23.0,0.0,0.0,69,15.9
2013-03-23,34.0,22.5,0.0,0.0,71,14.3
2013-03-24,34.1,22.0,0.0,0.0,70,11.9
2013-03-25,34.8,21.5,0.0,0.0,70,12.2
2013-03-26,34.9,22.8,0.0,0.0,73,13.0
2013-03-27,34.4,23.3,0.0,0.0,75,14.0
2013-03-28,34.5,23.6,0.0,0.0,74,16.6
2013-03-29,34.0,22.0,0.0,0.0,74,13.8
2013-03-30,33.9,22.7,0.0,0.0,73,13.5
2013-03-31,34.4,23.7,0.0,0.0,73,13.2
2013-04-01,34.6,23.7,0.0,0.0,73,15.9
2013-04-02,34.0,23.8,0.0,0.0,72,13.1
2013-04-03,34.3,22.3,0.0,0.0,72,12.6
2013-04-04,35.5,23.2,0.0,0.0,70,14.8
2013-04-05,36.7,24.2,0.0,0.0,72,15.8
2013-04-06,37.0,25.1,0.0,0.0,73,16.9
2013-04-07,35.5,25.5,0.0,0.0,74,13.2
2013-04-08,35.2,25.3,0.0,0.0,74,15.6
2013-04-09,35.0,25.3,0.0,0.0,73,16.9
2013-04-10,35.0,24.7,0.0,0.0,74,15.7
2013-04-11,35.5,23.9,0.0,0.0,70,13.4
2013-04-12,34.9,23.3,0.0,0.0,70,13.1
2013-04-13,34.1,23.8,0.0,0.0,69,13.3
2013-04-14,34.4,23.6,0.0,0.0,69,11.5
2013-04-15,36.2,23.6,0.0,0.0,73,14.6
2013-04-16,37.7,27.1,0.0,0.0,71,18.8
2013-04-17,38.5,27.3,0.0,0.0,71,16.8
2013-04-18,36.9,27.2,0.0,0.0,76,18.9
2013-04-19,36.2,26.4,0.0,0.0,77,23.0
2013-04-20,32.3,26.6,3.9,3.9,78,20.0
2013-04-21,29.8,23.9,12.5,12.5,84,18.3
2013-04-22,31.2,25.2,9.0,9.0,81,15.1
2013-04-23,31.3,25.5,1.5,1.5,80,10.3
2013-04-24,33.2,24.9,1.2,1.2,78,11.5
2013-04-25,33.8,25.3,0.0,0.0,76,13.5
2013-04-26,33.9,26.2,0.0,0.0,75,11.7
2013-04-27,34.8,25.7,0.0,0.0,71,12.6
2013-04-28,36.2,26.1,0.0,0.0,70,13.0
2013-04-29,36.8,27.3,0.0,0.0,72,15.8
2013-04-30,36.2,27.2,0.0,0.0,71,14.1
2013-05-01,36.2,26.1,0.0,0.0,71,15.7
2013-05-02,37.0,27.1,0.0,0.0,70,17.3
2013-05-03,36.8,27.5,0.0,0.0,70,15.9
2013-05-04,36.2,27.9,0.0,0.0,71,18.8
2013-05-05,35.4,28.4,0.0,0.0,70,17.7
2013-05-06,35.2,27.2,0.0,0.0,69,16.2
2013-05-07,36.5,26.9,0.0,0.0,67,14.9
2013-05-08,38.0,27.6,0.0,0.0,67,18.1
2013-05-09,38.7,28.3,0.0,0.0,69,17.3
2013-05-10,39.3,28.6,0.0,0.0,69,16.1
2013-05-11,39.1,29.0,0.0,0.0,71,17.2
2013-05-12,38.5,29.3,0.0,0.0,70,13.5
2013-05-13,34.2,28.7,1.7,1.7,72,11.5
2013-05-14,35.3,27.3,0.2,0.2,69,11.8
2013-05-15,34.4,27.8,0.0,0.0,70,13.5
2013-05-16,39.6,27.9,0.0,0.0,65,12.8
2013-05-17,39.7,28.4,0.0,0.0,63,14.9
2013-05-18,38.2,28.8,0.0,0.0,70,17.9
2013-05-19,39.0,28.8,0.0,0.0,70,18.9
2013-05-20,39.5,29.1,0.0,0.0,69,18.1
2013-05-21,40.6,29.2,0.0,0.0,63,18.1
2013-05-22,41.3,29.3,0.0,0.0,60,18.2
2013-05-23,41.7,30.1,0.0,0.0,54,17.7
2013-05-24,43.5,28.6,0.0,0.0,48,14.3
2013-05-25,42.6,30.3,0.0,0.0,33,23.8
2013-05-26,42.8,30.4,0.1,0.1,32,26.0
2013-05-27,39.4,29.3,0.3,0.3,58,13.0
2013-05-28,37.3,28.5,0.0,0.0,52,18.8
2013-05-29,39.7,29.5,0.1,0.1,50,19.4
2013-05-30,36.3,28.5,0.9,0.9,64,22.1
2013-05-31,37.2,28.0,0.4,0.4,69,17.7
2013-06-01,36.4,28.1,0.0,0.0,69,16.5
2013-06-02,35.9,27.5,0.7,0.7,71,15.0
2013-06-03,35.9,27.6,0.4,0.4,69,15.6
2013-06-04,35.6,26.5,1.5,1.5,71,10.7
2013-06-05,34.2,25.9,18.8,18.8,79,11.0
2013-06-06,32.7,26.5,18.0,18.0,81,9.7
2013-06-07,32.4,25.9,6.7,6.7,81,11.8
2013-06-08,32.1,25.4,4.4,4.4,83,11.4
2013-06-09,33.8,27.2,1.2,1.2,71,18.9
2013-06-10,32.4,27.3,1.6,1.6,71,21.3
2013-06-11,31.6,26.6,5.0,5.0,76,21.7
2013-06-12,27.1,24.4,13.4,13.4,87,21.6
2013-06-13,26.9,24.0,9.4,9.4,79,26.4
2013-06-14,30.2,23.7,3.4,3.4,79,21.0
2013-06-15,31.8,25.2,1.7,1.7,69,21.0
2013-06-16,33.2,26.6,0.0,0.0,73,16.6
2013-06-17,34.0,26.5,2.0,2.0,73,16.8
2013-06-18,33.8,26.8,5.6,5.6,69,18.8
2013-06-19,34.1,27.0,0.0,0.0,66,18.1
2013-06-20,34.5,27.8,1.6,1.6,70,17.0
2013-06-21,30.6,25.9,5.4,5.4,83,17.3
2013-06-22,29.7,24.8,13.6,13.6,85,19.8
2013-06-23,28.2,24.2,7.3,7.3,85,18.1
2013-06-24,26.9,24.7,32.2,32.2,90,21.0
2013-06-25,31.5,24.9,1.3,1.3,73,28.9
2013-06-26,32.8,26.5,0.0,0.0,67,23.8
2013-06-27,33.2,27.4,0.0,0.0,65,22.1
2013-06-28,33.3,27.0,0.0,0.0,66,21.8
2013-06-29,32.6,27.4,0.1,0.1,64,23.7
2013-06-30,32.6,26.4,0.9,0.9,67,23.2
2013-07-01,33.0,27.4,0.5,0.5,63,23.1
2013-07-02,33.6,26.0,3.3,3.3,63,20.5
2013-07-03,32.9,25.7,6.6,6.6,78,20.4
2013-07-04,33.3,25.2,6.0,6.0,76,16.4
2013-07-05,29.2,25.1,6.4,6.4,84,11.3
2013-07-06,32.1,25.7,8.2,8.2,82,18.6
2013-07-07,30.4,25.4,14.0,14.0,85,14.2
2013-07-08,31.1,24.6,13.2,13.2,87,12.8
2013-07-09,28.8,24.9,4.6,4.6,84,18.9
2013-07-10,29.4,24.5,8.4,8.4,84,21.8
2013-07-11,25.9,24.1,29.4,29.4,90,24.6
2013-07-12,30.1,23.8,12.7,12.7,83,24.0
2013-07-13,31.9,25.5,0.0,0.0,74,19.0
2013-07-14,31.6,26.4,1.8,1.8,73,20.1
2013-07-15,32.1,25.9,1.5,1.5,75,17.8
2013-07-16,30.5,24.9,2.1,2.1,80,22.1
2013-07-17,29.9,25.4,0.7,0.7,76,25.4
2013-07-18,27.6,24.4,27.3,27.3,88,21.7
2013-07-19,26.6,24.9,8.9,8.9,87,20.3
2013-07-20,29.5,24.5,3.1,3.1,80,23.7
2013-07-21,30.4,26.5,1.2,1.2,73,22.0
2013-07-22,25.9,24.5,55.6,55.6,90,21.3
2013-07-23,28.9,24.0,8.5,8.5,82,27.2
2013-07-24,29.4,24.4,4.6,4.6,82,25.9
2013-07-25,28.1,24.3,5.9,5.9,84,20.8
2013-07-26,28.7,24.0,7.0,7.0,81,23.7
2013-07-27,31.4,25.4,1.0,1.0,73,21.1
2013-07-28,31.5,26.4,0.0,0.0,71,21.6
2013-07-29,31.6,26.8,0.0,0.0,67,25.5
2013-07-30,29.9,25.2,3.3,3.3,70,29.9
2013-07-31,26.9,24.3,7.0,7.0,83,24.4
2013-08-01,30.0,24.1,1.9,1.9,79,28.3
2013-08-02,31.2,25.3,0.7,0.7,75,19.7
2013-08-03,31.0,25.8,0.0,0.0,73,19.4
2013-08-04,32.1,25.7,12.7,12.7,79,16.3
2013-08-05,26.3,24.6,20.5,20.5,93,16.6
2013-08-06,31.0,23.7,4.4,4.4,83,16.2
2013-08-07,32.2,25.1,0.2,0.2,76,16.2
2013-08-08,32.7,25.6,0.9,0.9,78,13.9
2013-08-09,32.9,25.1,3.9,3.9,79,16.7
2013-08-10,31.6,25.6,0.7,0.7,78,13.9
2013-08-11,31.2,25.8,1.9,1.9,78,17.9
2013-08-12,30.0,24.9,15.8,15.8,86,15.5
2013-08-13,30.5,24.6,10.3,10.3,86,11.5
2013-08-14,30.8,24.8,27.8,27.8,86,16.1
2013-08-15,30.3,24.2,8.5,8.5,86,13.5
2013-08-16,29.2,24.5,11.6,11.6,89,15.6
2013-08-17,29.1,24.5,33.0,33.0,87,22.7
2013-08-18,29.6,24.7,5.1,5.1,86,20.1
2013-08-19,29.6,24.5,12.6,12.6,88,19.4
2013-08-20,31.0,25.7,0.0,0.0,70,25.2
2013-08-21,31.0,25.4,0.0,0.0,69,26.4
2013-08-22,31.1,25.2,0.0,0.0,69,25.6
2013-08-23,30.9,25.3,0.0,0.0,71,19.1
2013-08-24,32.2,26.0,0.0,0.0,68,15.9
2013-08-25,32.1,26.0,2.5,2.5,79,14.5
2013-08-26,31.1,25.8,0.1,0.1,76,17.9
2013-08-27,30.0,25.1,5.1,5.1,80,17.1
2013-08-28,30.2,24.5,3.9,3.9,82,10.0
2013-08-29,31.4,24.8,0.5,0.5,82,12.0
2013-08-30,32.2,25.4,0.2,0.2,79,10.7
2013-08-31,32.8,26.0,2.2,2.2,84,16.7
2013-09-01,32.2,25.7,12.3,12.3,87,11.5
2013-09-02,32.0,25.9,8.6,8.6,86,14.3
2013-09-03,30.4,25.2,3.7,3.7,86,10.5
2013-09-04,32.1,25.2,1.7,1.7,81,11.1
2013-09-05,32.5,25.6,0.1,0.1,74,14.0
2013-09-06,32.7,25.1,0.0,0.0,74,12.9
2013-09-07,30.5,24.9,11.9,11.9,84,10.5
2013-09-08,29.4,24.5,31.8,31.8,90,6.5
2013-09-09,29.2,24.6,7.6,7.6,88,10.3
2013-09-10,29.2,24.7,6.6,6.6,86,11.9
2013-09-11,30.8,24.2,15.3,15.3,89,13.4
2013-09-12,29.6,24.7,4.8,4.8,88,14.5
2013-09-13,31.4,24.2,7.9,7.9,86,12.2
2013-09-14,31.9,24.1,6.1,6.1,85,8.6
2013-09-15,30.9,24.4,6.8,6.8,86,10.5
2013-09-16,30.1,24.5,10.4,10.4,89,11.5
2013-09-17,29.9,25.0,8.6,8.6,89,14.6
2013-09-18,29.3,24.6,12.2,12.2,88,7.9
2013-09-19,28.9,24.5,20.2,20.2,89,10.5
2013-09-20,27.1,24.8,29.4,29.4,93,11.8
2013-09-21,30.7,24.9,8.2,8.2,85,14.5
2013-09-22,32.1,25.5,0.1,0.1,79,15.2
2013-09-23,31.7,25.0,0.0,0.0,75,15.4
2013-09-24,31.7,24.1,0.0,0.0,75,11.3
2013-09-25,31.2,24.4,4.2,4.2,83,11.5
2013-09-26,32.0,24.9,0.1,0.1,79,12.0
2013-09-27,32.6,24.9,0.4,0.4,78,11.3
2013-09-28,31.5,26.0,7.3,7.3,82,16.0
2013-09-29,29.8,24.9,11.4,11.4,89,15.4
2013-09-30,29.7,25.3,1.0,1.0,83,13.8
2013-10-01,31.1,25.3,0.5,0.5,81,12.1
2013-10-02,28.0,24.4,16.8,16.8,91,7.3
2013-10-03,27.3,23.8,16.8,16.8,94,10.5
2013-10-04,29.8,23.7,0.6,0.6,87,10.3
2013-10-05,30.7,23.7,0.6,0.6,86,12.9
2013-10-06,30.9,24.4,0.8,0.8,85,11.2
2013-10-07,30.4,24.3,7.3,7.3,87,8.3
2013-10-08,29.8,23.9,10.5,10.5,85,8.3
2013-10-09,29.5,24.3,14.1,14.1,89,8.7
2013-10-10,29.2,23.4,20.9,20.9,90,8.8
2013-10-11,30.6,23.4,5.4,5.4,86,13.7
2013-10-12,30.7,24.7,0.0,0.0,76,23.2
2013-10-13,31.5,25.9,0.1,0.1,76,18.1
2013-10-14,32.1,25.1,0.0,0.0,78,10.2
2013-10-15,32.3,24.1,0.0,0.0,79,6.9
2013-10-16,31.2,24.2,0.4,0.4,86,6.9
2013-10-17,31.4,24.5,0.5,0.5,85,7.1
2013-10-18,31.5,24.3,0.3,0.3,83,10.4
2013-10-19,30.9,23.9,2.4,2.4,84,8.2
2013-10-20,29.6,23.9,5.8,5.8,87,9.8
2013-10-21,26.5,24.2,6.4,6.4,90,15.6
2013-10-22,26.7,24.2,7.6,7.6,89,24.8
2013-10-23,25.7,24.0,14.2,14.2,93,18.8
2013-10-24,24.8,23.7,23.0,23.0,95,13.3
2013-10-25,25.0,23.8,30.2,30.2,95,16.8
2013-10-26,26.1,23.9,15.5,15.5,94,17.3
2013-10-27,28.0,23.3,23.3,23.3,92,12.4
2013-10-28,29.6,23.7,0.2,0.2,86,10.8
2013-10-29,31.1,22.3,0.0,0.0,82,8.2
2013-10-30,29.5,22.7,0.0,0.0,81,8.0
2013-10-31,30.3,22.8,0.0,0.0,77,11.8
2013-11-01,29.2,24.1,4.6,4.6,78,13.9
2013-11-02,30.1,23.4,0.4,0.4,85,13.4
2013-11-03,30.2,23.4,0.0,0.0,80,11.6
2013-11-04,29.4,22.9,0.0,0.0,79,13.9
2013-11-05,29.2,20.6,0.0,0.0,75,14.5
2013-11-06,29.1,19.8,0.0,0.0,77,14.3
2013-11-07,28.8,20.3,0.5,0.5,81,11.6
2013-11-08,28.5,20.4,0.4,0.4,80,8.2
2013-11-09,29.1,20.7,0.0,0.0,80,7.9
2013-11-10,29.4,20.6,0.0,0.0,78,9.5
2013-11-11,29.5,19.7,0.0,0.0,77,9.7
2013-11-12,29.3,18.9,0.0,0.0,72,9.2
2013-11-13,29.2,18.2,0.0,0.0,69,8.9
2013-11-14,28.7,18.4,0.0,0.0,73,7.5
2013-11-15,29.0,19.0,0.0,0.0,70,11.8
2013-11-16,25.1,21.9,4.6,4.6,73,16.1
2013-11-17,29.5,21.0,0.0,0.0,69,12.3
2013-11-18,30.5,21.3,0.0,0.0,69,12.9
2013-11-19,30.8,21.0,0.0,0.0,69,12.2
2013-11-20,31.1,22.8,0.0,0.0,64,17.1
2013-11-21,29.4,23.5,6.3,6.3,70,33.7
2013-11-22,24.4,23.1,43.5,43.5,93,38.3
2013-11-23,27.7,22.8,0.9,0.9,86,14.3
2013-11-24,28.8,22.2,0.4,0.4,84,10.1
2013-11-25,30.1,21.4,0.1,0.1,83,8.7
2013-11-26,29.9,20.9,0.0,0.0,82,8.8
2013-11-27,28.1,20.1,0.6,0.6,82,6.5
2013-11-28,25.5,22.0,10.7,10.7,84,24.5
2013-11-29,28.4,23.0,4.2,4.2,85,15.9
2013-11-30,29.3,21.0,0.4,0.4,85,8.7
2013-12-01,29.6,22.1,3.5,3.5,90,9.2
2013-12-02,28.9,22.7,0.6,0.6,84,14.8
2013-12-03,28.2,22.0,0.0,0.0,80,15.9
2013-12-04,27.7,20.6,0.0,0.0,75,12.9
2013-12-05,27.6,17.7,0.0,0.0,70,15.8
2013-12-06,27.6,18.1,0.0,0.0,67,11.3
2013-12-07,27.1,18.6,0.0,0.0,66,14.3
2013-12-08,28.2,19.1,0.0,0.0,64,11.5
2013-12-09,28.3,18.1,0.3,0.3,64,11.3
2013-12-10,27.6,20.7,0.7,0.7,63,13.0
2013-12-11,29.5,21.2,0.0,0.0,71,19.9
2013-12-12,28.9,22.1,0.0,0.0,73,18.6
2013-12-13,29.5,21.2,0.0,0.0,73,12.7
2013-12-14,29.1,18.3,0.0,0.0,69,9.2
2013-12-15,29.1,14.4,0.0,0.0,65,9.7
2013-12-16,27.5,17.3,0.0,0.0,73,10.1
2013-12-17,26.9,17.1,0.0,0.0,72,9.4
2013-12-18,27.3,16.0,0.0,0.0,71,10.0
2013-12-19,26.5,16.8,0.0,0.0,70,7.8
2013-12-20,26.8,16.4,0.0,0.0,72,8.0
2013-12-21,27.0,17.0,0.3,0.3,77,13.2
2013-12-22,25.3,18.0,0.4,0.4,79,18.7
2013-12-23,27.5,18.0,0.0,0.0,71,15.7
2013-12-24,27.9,17.9,0.0,0.0,71,15.7
2013-12-25,28.2,16.1,0.0,0.0,70,9.4
2013-12-26,27.8,16.7,0.0,0.0,73,8.2
2013-12-27,27.7,17.7,0.0,0.0,76,9.4
2013-12-28,27.5,17.8,0.0,0.0,75,10.0
2013-12-29,28.0,16.6,0.0,0.0,74,12.5
2013-12-30,27.4,17.0,0.0,0.0,71,15.9
2013-12-31,27.6,18.8,0.0,0.0,68,15.8
2014-01-01,27.8,17.3,0.0,0.0,71,15.2
2014-01-02,28.7,16.6,0.0,0.0,71,11.2
2014-01-03,29.1,17.7,0.0,0.0,75,12.9
2014-01-04,28.0,17.9,0.0,0.0,78,10.9
2014-01-05,29.2,18.5,0.0,0.0,77,9.2
2014-01-06,29.1,17.2,0.0,0.0,77,11.5
2014-01-07,29.7,18.1,0.0,0.0,75,12.3
2014-01-08,28.9,19.4,0.0,0.0,76,15.9
2014-01-09,28.3,19.1,0.4,0.4,80,12.8
2014-01-10,28.3,21.0,0.0,0.0,78,10.1
2014-01-11,29.1,18.7,0.0,0.0,72,11.6
2014-01-12,29.9,17.5,0.0,0.0,75,12.0
2014-01-13,28.6,18.7,0.1,0.1,77,13.7
2014-01-14,27.8,19.4,0.3,0.3,78,9.7
2014-01-15,27.6,20.0,1.7,1.7,80,9.5
2014-01-16,28.0,19.6,1.8,1.8,79,9.3
2014-01-17,28.6,18.7,0.2,0.2,77,16.1
2014-01-18,28.5,21.1,0.0,0.0,71,19.9
2014-01-19,29.7,19.8,0.0,0.0,69,13.6
2014-01-20,29.3,19.7,0.0,0.0,73,14.9
2014-01-21,29.3,20.3,0.0,0.0,72,16.6
2014-01-22,27.6,20.0,0.3,0.3,75,15.1
2014-01-23,27.4,19.5,0.4,0.4,71,15.2
2014-01-24,28.4,18.3,0.0,0.0,70,11.1
2014-01-25,28.3,19.8,0.0,0.0,71,12.5
2014-01-26,29.4,18.8,0.0,0.0,72,15.5
2014-01-27,27.9,20.0,0.6,0.6,76,14.4
2014-01-28,28.5,19.7,0.1,0.1,75,13.4
2014-01-29,28.9,19.0,0.0,0.0,69,15.1
2014-01-30,29.3,18.0,0.0,0.0,68,12.6
2014-01-31,29.3,18.5,0.0,0.0,71,13.7
2014-02-01,29.0,19.3,0.0,0.0,71,15.3
2014-02-02,29.7,18.3,0.0,0.0,71,12.7
2014-02-03,30.4,17.8,0.0,0.0,73,13.2
2014-02-04,31.6,18.5,0.0,0.0,74,13.4
2014-02-05,31.4,19.3,0.0,0.0,75,12.4
2014-02-06,32.2,18.9,0.0,0.0,74,13.7
2014-02-07,31.7,19.6,0.0,0.0,70,11.2
2014-02-08,32.1,20.4,0.0,0.0,67,14.8
2014-02-09,32.5,18.8,0.0,0.0,70,14.8
2014-02-10,31.7,18.8,0.0,0.0,73,14.5
2014-02-11,30.6,19.0,0.0,0.0,74,14.3
2014-02-12,31.2,19.0,0.0,0.0,71,12.9
2014-02-13,29.8,19.2,0.0,0.0,73,17.6
2014-02-14,29.3,19.0,0.0,0.0,71,14.2
2014-02-15,28.5,19.3,0.0,0.0,72,14.5
2014-02-16,27.1,21.4,1.1,1.1,77,15.7
2014-02-17,30.1,19.7,0.1,0.1,75,13.1
2014-02-18,29.2,20.8,0.0,0.0,71,14.9
2014-02-19,29.9,19.2,0.0,0.0,63,13.3
2014-02-20,30.4,18.1,0.0,0.0,68,14.9
2014-02-21,30.5,18.4,0.0,0.0,69,14.8
2014-02-22,30.6,19.1,0.0,0.0,69,14.8
2014-02-23,29.7,19.8,0.0,0.0,66,15.3
2014-02-24,30.1,19.2,0.0,0.0,67,15.8
2014-02-25,30.6,18.9,0.0,0.0,68,15.0
2014-02-26,30.7,17.9,0.0,0.0,70,12.7
2014-02-27,30.6,18.8,0.0,0.0,70,13.8
2014-02-28,30.2,18.6,0.0,0.0,69,14.6
2014-03-01,30.5,20.8,0.0,0.0,64,13.0
2014-03-02,31.0,20.2,0.0,0.0,65,14.3
2014-03-03,30.4,21.6,0.0,0.0,67,13.4
2014-03-04,30.4,21.4,0.0,0.0,65,12.9
2014-03-05,30.1,20.8,0.0,0.0,69,15.5
2014-03-06,30.9,20.8,0.0,0.0,65,11.2
2014-03-07,31.1,20.9,0.0,0.0,67,14.8
2014-03-08,31.4,20.6,0.0,0.0,68,13.3
2014-03-09,31.1,21.4,0.0,0.0,70,12.6
2014-03-10,31.5,21.3,0.0,0.0,71,15.3
2014-03-11,31.7,21.6,0.0,0.0,69,15.0
2014-03-12,30.7,22.0,0.0,0.0,71,9.2
2014-03-13,31.6,22.8,0.0,0.0,67,8.8
2014-03-14,34.1,22.6,0.2,0.2,65,14.3
2014-03-15,34.8,21.3,0.0,0.0,62,14.5
2014-03-16,35.1,22.1,0.0,0.0,64,12.7
2014-03-17,34.8,22.4,0.0,0.0,65,12.9
2014-03-18,35.7,22.0,0.0,0.0,62,12.7
2014-03-19,36.1,22.5,0.0,0.0,63,16.9
2014-03-20,35.7,23.0,0.0,0.0,68,15.1
2014-03-21,35.5,23.5,0.0,0.0,72,14.1
2014-03-22,34.6,23.9,0.0,0.0,73,15.8
2014-03-23,34.8,23.9,0.0,0.0,72,14.8
2014-03-24,34.6,22.4,0.0,0.0,72,14.1
2014-03-25,34.0,22.8,0.0,0.0,71,13.1
2014-03-26,35.4,21.8,0.0,0.0,68,14.6
2014-03-27,35.7,22.1,0.0,0.0,67,13.4
2014-03-28,37.0,21.7,0.0,0.0,60,11.8
2014-03-29,37.9,22.9,0.0,0.0,57,14.4
2014-03-30,37.3,24.5,0.0,0.0,60,12.6
2014-03-31,37.1,23.8,0.0,0.0,60,15.2
2014-04-01,36.5,24.1,0.0,0.0,68,14.1
2014-04-02,35.9,24.7,0.0,0.0,68,13.8
2014-04-03,35.4,24.5,0.0,0.0,71,13.4
2014-04-04,35.6,24.3,0.0,0.0,71,15.2
2014-04-05,36.3,23.3,0.0,0.0,71,18.4
2014-04-06,35.1,25.2,0.0,0.0,74,16.6
2014-04-07,35.6,24.9,0.0,0.0,74,19.4
2014-04-08,36.4,24.3,0.0,0.0,74,15.6
2014-04-09,36.5,25.7,0.0,0.0,69,9.4
2014-04-10,37.5,26.7,0.0,0.0,60,13.3
2014-04-11,36.1,24.8,0.3,0.3,67,11.1
2014-04-12,34.9,25.9,0.0,0.0,72,11.4
2014-04-13,34.3,26.2,0.0,0.0,72,14.6
2014-04-14,34.8,24.1,0.0,0.0,70,13.0
2014-04-15,35.4,24.3,0.0,0.0,67,13.0
2014-04-16,35.4,25.6,0.0,0.0,69,15.9
2014-04-17,35.3,25.3,0.0,0.0,68,14.0
2014-04-18,35.0,24.5,0.0,0.0,68,11.6
2014-04-19,36.5,25.3,0.0,0.0,64,13.7
2014-04-20,37.2,25.6,0.0,0.0,60,12.3
2014-04-21,36.5,26.3,0.1,0.1,66,12.3
2014-04-22,37.3,25.8,0.0,0.0,65,13.7
2014-04-23,37.3,25.6,0.0,0.0,65,12.6
2014-04-24,37.3,26.2,0.0,0.0,64,16.3
2014-04-25,38.0,26.6,0.0,0.0,68,15.9
2014-04-26,36.0,27.5,0.0,0.0,70,12.5
2014-04-27,36.1,26.5,0.0,0.0,71,15.9
2014-04-28,36.4,26.7,0.0,0.0,71,13.8
2014-04-29,36.5,26.1,0.0,0.0,71,18.4
2014-04-30,35.6,26.0,0.0,0.0,68,13.7
2014-05-01,36.5,26.7,0.0,0.0,69,16.3
2014-05-02,36.2,27.1,0.3,0.3,70,18.0
2014-05-03,36.1,27.6,0.0,0.0,68,14.1
2014-05-04,36.6,27.3,0.8,0.8,71,18.9
2014-05-05,34.6,26.9,1.1,1.1,72,14.0
2014-05-06,35.3,26.6,3.1,3.1,72,17.4
2014-05-07,35.1,26.9,0.8,0.8,71,15.2
2014-05-08,34.5,27.0,4.9,4.9,73,13.6
2014-05-09,30.7,25.6,38.4,38.4,84,14.7
2014-05-10,31.6,25.3,36.0,36.0,80,18.0
2014-05-11,35.0,26.5,0.0,0.0,78,13.3
2014-05-12,36.4,26.7,0.0,0.0,76,10.7
2014-05-13,36.4,26.6,0.0,0.0,76,11.7
2014-05-14,37.4,26.7,0.0,0.0,74,12.3
2014-05-15,37.6,26.7,0.0,0.0,69,9.7
2014-05-16,37.4,26.5,0.0,0.0,69,8.7
2014-05-17,36.1,26.5,0.0,0.0,75,12.5
2014-05-18,35.4,27.4,0.0,0.0,75,10.1
2014-05-19,34.2,27.5,0.0,0.0,76,11.4
2014-05-20,35.0,26.9,0.1,0.1,73,11.5
2014-05-21,38.1,27.7,0.0,0.0,68,13.1
2014-05-22,40.0,28.8,0.2,0.2,58,13.7
2014-05-23,39.8,27.7,0.0,0.0,59,12.4
2014-05-24,37.1,28.8,0.0,0.0,72,14.1
2014-05-25,35.5,28.5,0.0,0.0,69,14.1
2014-05-26,34.7,25.1,28.6,28.6,77,13.3
2014-05-27,35.0,27.8,0.5,0.5,77,12.6
2014-05-28,35.5,27.8,0.1,0.1,75,14.6
2014-05-29,36.2,28.4,0.0,0.0,73,14.9
2014-05-30,37.1,27.9,0.0,0.0,74,15.8
2014-05-31,38.0,27.7,0.0,0.0,71,13.6
2014-06-01,36.6,28.9,0.0,0.0,75,15.4
2014-06-02,35.7,28.5,0.0,0.0,74,13.4
2014-06-03,35.4,26.2,13.0,13.0,78,14.6
2014-06-04,34.5,27.8,0.3,0.3,76,9.9
2014-06-05,36.3,27.9,0.0,0.0,73,13.9
2014-06-06,37.3,28.7,0.0,0.0,72,12.4
2014-06-07,39.8,29.1,0.0,0.0,66,16.2
2014-06-08,39.7,29.8,0.4,0.4,58,16.9
2014-06-09,37.7,29.5,0.2,0.2,61,20.8
2014-06-10,39.4,29.9,0.0,0.0,50,19.9
2014-06-11,39.7,30.8,0.0,0.0,50,25.3
2014-06-12,39.8,30.7,0.8,0.8,49,24.7
2014-06-13,40.1,28.6,4.5,4.5,49,25.3
2014-06-14,36.2,28.0,5.0,5.0,66,20.6
2014-06-15,37.4,29.2,0.4,0.4,55,22.3
2014-06-16,38.8,30.5,0.2,0.2,48,22.1
2014-06-17,38.8,30.7,0.0,0.0,49,24.4
2014-06-18,36.1,27.9,0.0,0.0,57,22.4
2014-06-19,37.1,29.4,0.0,0.0,54,21.7
2014-06-20,34.9,29.5,0.0,0.0,55,24.7
2014-06-21,36.2,29.5,0.0,0.0,52,23.0
2014-06-22,36.4,29.5,0.0,0.0,51,23.4
2014-06-23,39.0,29.3,0.0,0.0,43,25.0
2014-06-24,39.8,29.9,0.0,0.0,39,27.1
2014-06-25,39.9,30.1,0.0,0.0,38,26.4
2014-06-26,38.0,29.9,0.0,0.0,47,19.1
2014-06-27,31.8,27.4,7.1,7.1,77,8.8
2014-06-28,31.1,26.9,4.6,4.6,73,13.7
2014-06-29,34.2,26.8,0.1,0.1,71,13.8
2014-06-30,36.6,27.6,0.5,0.5,60,16.2
2014-07-01,36.6,28.7,0.0,0.0,62,15.0
2014-07-02,37.5,28.7,0.0,0.0,52,21.6
2014-07-03,38.2,29.3,0.6,0.6,51,20.0
2014-07-04,37.4,29.6,0.0,0.0,50,19.6
2014-07-05,37.5,27.8,6.3,6.3,62,12.5
2014-07-06,35.2,27.3,13.4,13.4,76,9.2
2014-07-07,35.0,26.2,6.1,6.1,78,13.1
2014-07-08,33.2,26.3,17.8,17.8,81,16.0
2014-07-09,32.4,26.2,13.5,13.5,79,18.8
2014-07-10,32.4,26.1,4.5,4.5,75,19.8
2014-07-11,28.4,25.3,11.7,11.7,85,21.6
2014-07-12,28.2,24.8,16.9,16.9,85,21.2
2014-07-13,29.8,25.0,3.5,3.5,83,23.7
2014-07-14,27.8,25.4,20.5,20.5,89,25.6
2014-07-15,29.1,25.7,4.9,4.9,82,24.6
2014-07-16,32.0,25.1,2.5,2.5,76,24.4
2014-07-17,31.6,26.6,0.0,0.0,70,23.7
2014-07-18,31.0,27.1,0.4,0.4,72,21.6
2014-07-19,28.5,25.6,5.9,5.9,82,20.9
2014-07-20,29.6,25.3,5.7,5.7,79,27.8
2014-07-21,29.8,25.5,2.3,2.3,75,26.4
2014-07-22,30.5,26.1,0.4,0.4,70,29.5
2014-07-23,31.4,26.3,1.8,1.8,72,19.8
2014-07-24,31.1,25.9,0.0,0.0,70,22.5
2014-07-25,32.8,26.6,0.1,0.1,65,21.7
2014-07-26,30.3,26.1,5.5,5.5,79,18.5
2014-07-27,25.9,24.6,51.6,51.6,92,18.4
2014-07-28,25.6,24.4,68.3,68.3,91,20.7
2014-07-29,28.6,24.6,29.9,29.9,87,21.1
2014-07-30,28.1,24.4,19.2,19.2,88,24.0
2014-07-31,30.3,25.4,0.2,0.2,79,19.5
2014-08-01,32.0,25.9,0.7,0.7,76,19.6
2014-08-02,31.9,26.3,1.2,1.2,72,23.2
2014-08-03,31.0,27.4,0.4,0.4,68,24.5
2014-08-04,30.6,27.3,0.0,0.0,70,25.6
2014-08-05,31.2,25.2,8.7,8.7,77,26.3
2014-08-06,32.0,26.1,0.2,0.2,68,23.1
2014-08-07,31.5,26.8,0.0,0.0,69,18.4
2014-08-08,32.1,25.8,0.8,0.8,72,20.1
2014-08-09,32.4,26.0,0.0,0.0,71,18.3
2014-08-10,32.6,26.5,0.3,0.3,74,14.6
2014-08-11,32.0,26.0,3.4,3.4,81,14.6
2014-08-12,32.2,26.0,2.2,2.2,81,14.0
2014-08-13,32.5,26.3,2.0,2.0,79,13.3
2014-08-14,33.1,26.1,0.3,0.3,76,16.5
2014-08-15,32.3,26.6,0.0,0.0,74,15.7
2014-08-16,30.1,26.0,0.2,0.2,80,13.3
2014-08-17,31.4,25.3,0.3,0.3,79,10.7
2014-08-18,32.6,24.5,9.6,9.6,83,14.0
2014-08-19,31.8,25.0,4.6,4.6,82,11.9
2014-08-20,32.5,26.1,0.3,0.3,81,11.9
2014-08-21,31.7,25.8,0.2,0.2,81,11.6
2014-08-22,31.2,25.6,1.5,1.5,83,12.0
2014-08-23,31.3,25.0,6.4,6.4,85,12.2
2014-08-24,30.8,25.3,1.1,1.1,83,10.3
2014-08-25,31.6,24.8,3.1,3.1,81,8.7
2014-08-26,30.5,24.8,13.7,13.7,85,12.7
2014-08-27,26.6,24.4,13.5,13.5,93,12.6
2014-08-28,27.2,24.1,141.1,141.1,93,17.1
2014-08-29,26.2,23.7,77.5,77.5,95,16.0
2014-08-30,27.8,24.6,9.6,9.6,87,20.2
2014-08-31,28.8,24.8,21.4,21.4,85,20.9
2014-09-01,30.1,24.3,7.0,7.0,80,20.5
2014-09-02,31.0,26.0,0.0,0.0,76,16.5
2014-09-03,31.6,25.9,0.7,0.7,81,13.9
2014-09-04,31.2,25.9,6.0,6.0,84,15.7
2014-09-05,28.4,25.0,13.3,13.3,86,18.8
2014-09-06,25.2,24.2,35.8,35.8,91,22.5
2014-09-07,29.5,24.1,22.6,22.6,80,27.6
2014-09-08,31.3,25.1,0.5,0.5,76,18.7
2014-09-09,31.2,25.2,0.0,0.0,74,18.4
2014-09-10,30.6,25.7,0.0,0.0,73,14.0
2014-09-11,29.7,24.0,5.1,5.1,83,12.6
2014-09-12,31.8,25.4,8.0,8.0,81,13.5
2014-09-13,31.6,24.9,3.0,3.0,81,14.0
2014-09-14,32.0,25.5,5.5,5.5,82,11.2
2014-09-15,30.9,24.8,12.0,12.0,86,12.7
2014-09-16,27.4,24.9,21.0,21.0,93,13.6
2014-09-17,30.7,24.8,14.9,14.9,88,16.1
2014-09-18,31.9,25.1,27.7,27.7,88,8.3
2014-09-19,30.3,24.9,4.3,4.3,87,14.9
2014-09-20,28.0,24.7,5.4,5.4,91,17.1
2014-09-21,32.5,24.7,0.3,0.3,83,15.0
2014-09-22,32.7,25.6,0.8,0.8,81,10.8
2014-09-23,32.3,25.9,0.7,0.7,84,9.9
2014-09-24,31.6,25.0,8.5,8.5,88,11.4
2014-09-25,31.9,24.5,7.2,7.2,87,9.4
2014-09-26,31.4,24.7,1.7,1.7,83,8.6
2014-09-27,31.6,24.5,0.9,0.9,85,9.4
2014-09-28,31.4,24.0,0.5,0.5,84,7.1
2014-09-29,31.9,23.6,0.0,0.0,80,6.7
2014-09-30,32.2,23.8,0.3,0.3,83,7.5
2014-10-01,32.3,23.8,1.5,1.5,83,6.1
2014-10-02,32.0,24.5,0.8,0.8,83,7.7
2014-10-03,31.9,24.5,1.5,1.5,83,9.4
2014-10-04,31.7,24.5,1.2,1.2,85,7.0
2014-10-05,32.3,24.2,8.0,8.0,86,7.9
2014-10-06,30.1,23.8,6.6,6.6,87,7.8
2014-10-07,30.2,24.8,0.9,0.9,85,10.4
2014-10-08,31.1,24.1,1.2,1.2,83,10.6
2014-10-09,31.3,23.8,0.0,0.0,79,6.9
2014-10-10,32.8,25.1,0.0,0.0,76,12.6
2014-10-11,32.4,27.0,2.3,2.3,70,22.2
2014-10-12,26.8,22.8,33.5,33.5,84,37.1
2014-10-13,31.1,24.7,0.5,0.5,69,21.7
2014-10-14,31.4,25.8,1.3,1.3,86,13.8
2014-10-15,29.8,24.5,1.8,1.8,85,14.1
2014-10-16,31.0,23.8,4.2,4.2,86,9.8
2014-10-17,30.8,23.9,0.6,0.6,84,11.1
2014-10-18,30.4,23.2,4.8,4.8,85,9.6
2014-10-19,30.6,23.5,4.9,4.9,86,12.6
2014-10-20,30.9,23.6,0.0,0.0,79,10.9
2014-10-21,30.4,22.9,0.5,0.5,84,12.9
2014-10-22,30.1,23.3,0.2,0.2,81,13.6
2014-10-23,30.0,23.2,0.6,0.6,81,11.2
2014-10-24,30.4,22.9,0.0,0.0,80,10.3
2014-10-25,29.2,23.6,6.2,6.2,87,9.6
2014-10-26,28.6,23.5,7.4,7.4,89,8.2
2014-10-27,27.6,23.5,13.3,13.3,88,10.0
2014-10-28,28.9,23.4,0.1,0.1,83,9.4
2014-10-29,30.0,21.9,0.0,0.0,77,8.3
2014-10-30,30.3,21.8,0.0,0.0,76,12.0
2014-10-31,30.0,20.8,0.0,0.0,72,11.8
2014-11-01,29.2,22.8,0.0,0.0,73,16.8
2014-11-02,30.5,22.6,0.0,0.0,74,9.4
2014-11-03,30.3,22.0,0.0,0.0,78,7.5
2014-11-04,31.3,21.5,0.0,0.0,77,10.4
2014-11-05,31.1,19.9,0.0,0.0,67,11.2
2014-11-06,31.7,19.7,0.0,0.0,64,10.7
2014-11-07,32.0,19.5,0.0,0.0,69,9.8
2014-11-08,30.8,21.8,2.0,2.0,69,12.0
2014-11-09,28.4,24.6,6.4,6.4,84,17.8
2014-11-10,30.6,24.7,0.9,0.9,83,16.6
2014-11-11,31.1,23.7,0.5,0.5,82,11.2
2014-11-12,29.5,23.0,5.8,5.8,82,13.7
2014-11-13,29.2,23.8,7.9,7.9,87,15.3
2014-11-14,30.1,23.7,2.4,2.4,83,13.4
2014-11-15,30.7,21.7,0.2,0.2,81,10.3
2014-11-16,30.7,20.7,0.0,0.0,78,8.3
2014-11-17,30.9,20.8,0.0,0.0,76,9.9
2014-11-18,30.4,21.5,0.0,0.0,77,10.1
2014-11-19,29.4,22.8,1.2,1.2,81,10.7
2014-11-20,30.3,21.7,0.0,0.0,76,12.4
2014-11-21,30.6,20.5,0.0,0.0,75,10.4
2014-11-22,30.4,19.8,0.0,0.0,74,10.5
2014-11-23,29.9,19.8,0.0,0.0,76,11.7
2014-11-24,29.8,20.5,0.0,0.0,74,13.2
2014-11-25,29.6,19.6,0.0,0.0,69,13.2
2014-11-26,30.6,18.3,0.0,0.0,69,13.0
2014-11-27,30.6,18.1,0.0,0.0,69,13.3
2014-11-28,30.0,19.0,0.0,0.0,70,11.8
2014-11-29,30.8,19.8,0.0,0.0,68,14.5
2014-11-30,31.4,19.2,0.0,0.0,61,14.1
2014-12-01,31.5,18.9,0.0,0.0,60,13.0
2014-12-02,31.3,17.6,0.0,0.0,64,9.6
2014-12-03,31.5,18.8,0.0,0.0,68,12.6
2014-12-04,31.2,18.1,0.0,0.0,68,12.3
2014-12-05,30.1,18.0,0.0,0.0,69,12.2
2014-12-06,30.3,18.6,0.0,0.0,70,13.2
2014-12-07,31.1,18.8,0.0,0.0,70,13.7
2014-12-08,31.1,20.4,0.0,0.0,72,14.7
2014-12-09,30.8,21.1,0.0,0.0,72,14.8
2014-12-10,30.0,21.9,0.0,0.0,73,14.2
2014-12-11,30.1,21.6,0.0,0.0,71,13.9
2014-12-12,30.1,22.0,0.0,0.0,68,18.7
2014-12-13,29.9,21.6,0.0,0.0,67,19.2
2014-12-14,30.0,20.2,0.0,0.0,70,15.5
2014-12-15,30.1,21.5,0.0,0.0,68,13.7
2014-12-16,31.5,21.2,0.0,0.0,71,13.5
2014-12-17,29.7,21.5,0.0,0.0,72,14.0
2014-12-18,29.8,20.9,0.0,0.0,68,17.9
2014-12-19,29.2,19.6,0.0,0.0,60,15.9
2014-12-20,28.4,17.3,0.0,0.0,58,13.4
2014-12-21,28.8,17.5,0.0,0.0,61,13.4
2014-12-22,28.1,17.7,0.0,0.0,66,15.0
2014-12-23,28.7,17.7,0.0,0.0,65,15.6
2014-12-24,29.4,17.9,0.0,0.0,67,13.6
2014-12-25,29.1,18.3,0.0,0.0,68,13.3
2014-12-26,29.5,18.1,0.0,0.0,65,12.0
2014-12-27,28.8,17.6,0.0,0.0,67,13.5
2014-12-28,28.9,19.4,0.0,0.0,63,16.6
2014-12-29,25.6,19.1,10.4,10.4,73,18.7
2014-12-30,28.1,20.2,7.1,7.1,73,19.1
2014-12-31,28.7,21.9,0.5,0.5,70,20.1
2015-01-01,30.6,22.0,0.0,0.0,72,14.8
2015-01-02,29.5,22.9,0.6,0.6,81,11.3
2015-01-03,29.4,21.4,0.3,0.3,83,8.7
2015-01-04,29.6,20.8,0.4,0.4,79,8.4
2015-01-05,30.5,22.0,0.0,0.0,76,12.0
2015-01-06,29.4,20.3,0.0,0.0,79,13.0
2015-01-07,30.2,20.1,0.0,0.0,75,9.5
2015-01-08,29.9,20.5,0.1,0.1,73,7.6
2015-01-09,29.9,16.5,0.0,0.0,62,8.4
2015-01-10,28.3,17.1,0.0,0.0,68,9.2
2015-01-11,28.4,15.8,0.0,0.0,62,12.2
2015-01-12,29.0,16.2,0.0,0.0,62,10.5
2015-01-13,28.8,17.1,0.0,0.0,66,12.8
2015-01-14,28.7,18.0,0.0,0.0,67,13.0
2015-01-15,30.3,18.2,0.0,0.0,65,13.0
2015-01-16,30.8,18.4,0.0,0.0,62,8.6
2015-01-17,29.4,18.2,0.0,0.0,67,11.3
2015-01-18,30.5,16.6,0.0,0.0,61,12.7
2015-01-19,29.6,17.1,0.0,0.0,62,14.5
2015-01-20,28.7,17.5,0.0,0.0,63,17.2
2015-01-21,28.2,17.2,0.0,0.0,63,17.7
2015-01-22,29.0,17.2,0.0,0.0,64,14.6
2015-01-23,29.8,16.7,0.0,0.0,68,13.0
2015-01-24,30.3,17.0,0.0,0.0,70,14.7
2015-01-25,30.2,17.4,0.0,0.0,70,14.7
2015-01-26,29.8,18.7,0.0,0.0,71,14.1
2015-01-27,29.4,17.6,0.0,0.0,70,13.1
2015-01-28,29.6,17.3,0.0,0.0,71,15.5
2015-01-29,29.7,19.2,0.0,0.0,70,13.5
2015-01-30,30.1,18.8,0.0,0.0,70,14.0
2015-01-31,30.0,18.9,0.0,0.0,71,13.9
2015-02-01,30.0,19.7,0.0,0.0,73,15.5
2015-02-02,29.4,20.7,0.0,0.0,72,16.0
2015-02-03,30.1,18.2,0.0,0.0,66,15.5
2015-02-04,31.8,17.4,0.0,0.0,61,13.6
2015-02-05,32.0,16.3,0.0,0.0,62,13.7
2015-02-06,31.1,17.0,0.0,0.0,67,14.1
2015-02-07,30.7,17.9,0.0,0.0,71,14.6
2015-02-08,30.9,19.6,0.0,0.0,70,14.6
2015-02-09,30.2,20.5,0.0,0.0,68,17.0
2015-02-10,29.8,20.3,0.0,0.0,67,18.0
2015-02-11,30.7,19.4,0.0,0.0,69,13.1
2015-02-12,30.6,19.3,0.0,0.0,70,10.9
2015-02-13,31.5,18.7,0.0,0.0,71,12.6
2015-02-14,33.1,19.6,0.0,0.0,67,15.1
2015-02-15,32.2,20.7,0.0,0.0,73,13.4
2015-02-16,32.2,20.2,0.0,0.0,73,15.6
2015-02-17,32.6,21.4,0.0,0.0,73,17.3
2015-02-18,32.4,20.6,0.0,0.0,72,16.7
2015-02-19,31.2,20.3,0.0,0.0,70,11.9
2015-02-20,31.5,20.1,0.0,0.0,67,10.5
2015-02-21,32.0,21.4,0.1,0.1,66,10.1
2015-02-22,33.0,21.5,0.0,0.0,64,13.7
2015-02-23,33.8,20.7,0.0,0.0,60,13.4
2015-02-24,33.4,19.1,0.0,0.0,62,15.9
2015-02-25,32.9,19.1,0.0,0.0,66,15.9
2015-02-26,32.5,21.1,0.0,0.0,63,17.2
2015-02-27,31.9,17.9,0.0,0.0,64,12.8
2015-02-28,31.4,19.2,0.0,0.0,69,17.4
2015-03-01,30.2,21.7,0.0,0.0,66,16.6
2015-03-02,30.3,21.4,0.0,0.0,70,12.1
2015-03-03,32.4,22.3,0.3,0.3,71,15.9
2015-03-04,31.4,23.4,0.9,0.9,75,13.0
2015-03-05,33.4,23.8,0.3,0.3,74,13.1
2015-03-06,33.7,23.8,0.2,0.2,72,11.3
2015-03-07,33.3,24.0,1.1,1.1,72,15.3
2015-03-08,32.7,23.7,0.5,0.5,71,14.0
2015-03-09,33.3,23.3,0.3,0.3,70,11.1
2015-03-10,35.5,23.2,0.0,0.0,62,15.6
2015-03-11,35.2,20.8,0.0,0.0,58,18.7
2015-03-12,35.2,21.1,0.0,0.0,62,15.5
2015-03-13,35.5,20.3,0.0,0.0,65,14.0
2015-03-14,35.0,21.4,0.0,0.0,66,15.5
2015-03-15,34.7,21.5,0.0,0.0,66,15.9
2015-03-16,34.8,20.9,0.0,0.0,67,15.6
2015-03-17,35.4,20.8,0.0,0.0,66,14.8
2015-03-18,36.9,20.6,0.0,0.0,61,13.7
2015-03-19,35.8,21.9,0.0,0.0,63,15.2
2015-03-20,36.1,23.4,0.0,0.0,64,15.0
2015-03-21,36.9,24.9,0.0,0.0,62,16.6
2015-03-22,37.7,25.2,0.0,0.0,61,17.4
2015-03-23,36.8,24.1,0.0,0.0,67,16.6
2015-03-24,36.3,24.8,0.0,0.0,69,16.6
2015-03-25,35.0,25.7,0.0,0.0,70,16.1
2015-03-26,34.5,24.9,0.0,0.0,68,14.9
2015-03-27,35.1,23.9,0.0,0.0,67,12.8
2015-03-28,34.8,24.6,0.0,0.0,65,15.5
2015-03-29,35.1,25.0,0.0,0.0,66,17.0
2015-03-30,34.6,25.8,0.0,0.0,65,14.4
2015-03-31,33.9,25.1,0.0,0.0,68,15.5
2015-04-01,34.7,24.9,0.0,0.0,69,15.5
2015-04-02,35.7,25.2,0.0,0.0,68,17.0
2015-04-03,36.3,26.3,0.0,0.0,69,14.2
2015-04-04,37.2,27.1,0.0,0.0,70,14.5
2015-04-05,36.2,27.3,0.0,0.0,70,16.6
2015-04-06,35.5,26.4,0.0,0.0,70,17.7
2015-04-07,34.5,25.6,0.0,0.0,68,17.7
2015-04-08,35.2,24.5,0.0,0.0,68,17.3
2015-04-09,35.5,25.5,0.0,0.0,65,13.8
2015-04-10,36.1,24.8,0.0,0.0,66,17.7
2015-04-11,36.0,24.8,0.0,0.0,64,17.2
2015-04-12,34.3,25.5,0.0,0.0,59,12.8
2015-04-13,32.6,26.0,1.3,1.3,61,9.5
2015-04-14,31.6,24.8,12.1,12.1,73,6.7
2015-04-15,29.2,24.3,10.8,10.8,79,14.3
2015-04-16,29.8,23.9,4.1,4.1,79,14.8
2015-04-17,33.1,23.5,0.0,0.0,73,11.0
2015-04-18,34.1,24.5,0.0,0.0,72,13.1
2015-04-19,34.7,24.0,0.0,0.0,72,14.4
2015-04-20,35.7,25.0,0.0,0.0,69,13.7
2015-04-21,36.4,25.7,0.0,0.0,71,16.9
2015-04-22,36.9,27.3,0.0,0.0,70,19.2
2015-04-23,37.1,27.4,0.4,0.4,71,16.8
2015-04-24,31.5,25.9,15.7,15.7,81,14.8
2015-04-25,31.1,25.8,3.2,3.2,83,14.3
2015-04-26,32.9,25.2,0.3,0.3,77,13.0
2015-04-27,34.3,24.4,0.0,0.0,74,14.8
2015-04-28,35.0,25.9,0.0,0.0,72,17.0
2015-04-29,34.8,26.7,0.0,0.0,75,17.7
2015-04-30,37.2,27.1,0.0,0.0,72,17.4
2015-05-01,36.7,27.3,0.0,0.0,73,16.0
2015-05-02,36.3,27.8,0.0,0.0,72,16.1
2015-05-03,35.3,27.8,0.3,0.3,73,16.9
2015-05-04,35.6,26.9,0.0,0.0,70,13.8
2015-05-05,35.7,25.9,0.0,0.0,66,13.9
2015-05-06,36.4,26.3,0.2,0.2,68,13.8
2015-05-07,37.5,26.2,0.2,0.2,65,18.0
2015-05-08,38.0,26.7,0.0,0.0,68,19.1
2015-05-09,37.0,27.1,0.0,0.0,69,16.6
2015-05-10,37.3,27.5,0.0,0.0,66,12.6
2015-05-11,37.5,28.5,0.0,0.0,66,16.0
2015-05-12,38.3,27.7,0.2,0.2,66,18.8
2015-05-13,36.6,28.4,0.2,0.2,67,17.7
2015-05-14,37.0,27.4,0.2,0.2,67,15.9
2015-05-15,36.4,28.1,2.0,2.0,70,14.6
2015-05-16,35.5,27.9,6.8,6.8,72,17.1
2015-05-17,32.6,26.3,1.7,1.7,78,13.6
2015-05-18,37.5,27.0,0.0,0.0,70,16.8
2015-05-19,40.7,28.2,0.0,0.0,67,20.9
2015-05-20,43.4,29.6,0.0,0.0,58,20.9
2015-05-21,42.3,29.4,0.0,0.0,61,19.2
2015-05-22,44.4,29.3,0.0,0.0,55,18.1
2015-05-23,45.2,29.4,0.0,0.0,47,16.9
2015-05-24,44.5,29.5,0.0,0.0,37,17.6
2015-05-25,44.1,30.0,0.0,0.0,35,21.0
2015-05-26,44.5,30.7,0.0,0.0,38,14.8
2015-05-27,42.3,29.7,0.0,0.0,52,21.1
2015-05-28,41.9,29.8,0.0,0.0,56,15.0
2015-05-29,39.0,28.8,0.0,0.0,67,17.3
2015-05-30,40.2,28.9,0.0,0.0,68,19.0
2015-05-31,37.5,29.1,0.0,0.0,69,18.7
2015-06-01,37.3,28.9,7.2,7.2,74,18.2
2015-06-02,33.1,27.1,20.2,20.2,78,8.5
2015-06-03,33.5,27.7,6.7,6.7,78,10.3
2015-06-04,34.5,27.5,4.3,4.3,78,14.9
2015-06-05,33.0,27.3,21.6,21.6,84,10.0
2015-06-06,29.4,27.3,13.3,13.3,88,9.3
2015-06-07,29.7,26.9,7.1,7.1,87,10.1
2015-06-08,30.2,27.0,12.1,12.1,88,11.5
2015-06-09,31.6,25.8,11.2,11.2,82,16.1
2015-06-10,36.1,27.0,2.1,2.1,69,15.3
2015-06-11,37.1,28.2,0.0,0.0,70,12.6
2015-06-12,32.9,27.8,3.9,3.9,74,16.2
2015-06-13,33.0,26.1,15.7,15.7,83,13.8
2015-06-14,31.5,27.1,2.4,2.4,83,12.1
2015-06-15,30.3,25.8,6.0,6.0,82,18.6
2015-06-16,29.9,26.6,0.5,0.5,77,23.2
2015-06-17,29.0,25.4,23.8,23.8,88,25.0
2015-06-18,28.5,25.0,17.6,17.6,89,19.1
2015-06-19,26.1,25.0,43.1,43.1,91,22.5
2015-06-20,25.5,24.8,179.8,179.8,89,27.4
2015-06-21,29.3,24.8,6.9,6.9,83,23.7
2015-06-22,31.8,25.4,0.6,0.6,73,28.0
2015-06-23,31.6,27.5,0.1,0.1,71,24.0
2015-06-24,32.3,27.5,0.4,0.4,69,24.2
2015-06-25,31.8,27.3,0.1,0.1,69,23.5
2015-06-26,32.4,27.9,0.0,0.0,66,28.7
2015-06-27,32.6,27.1,0.0,0.0,67,21.4
2015-06-28,32.7,27.4,1.4,1.4,74,17.4
2015-06-29,34.2,26.8,0.0,0.0,74,11.9
2015-06-30,34.3,26.6,0.7,0.7,71,20.7
2015-07-01,34.5,27.6,0.7,0.7,72,13.8
2015-07-02,34.2,27.7,1.4,1.4,71,15.0
2015-07-03,33.8,26.3,1.5,1.5,73,15.8
2015-07-04,35.2,27.2,0.0,0.0,62,18.3
2015-07-05,35.5,26.8,0.0,0.0,62,22.9
2015-07-06,35.4,26.6,0.0,0.0,58,25.0
2015-07-07,35.1,26.3,0.0,0.0,57,26.5
2015-07-08,34.5,28.4,0.0,0.0,58,23.3
2015-07-09,35.1,28.6,0.0,0.0,54,23.7
2015-07-10,34.6,29.3,0.0,0.0,58,24.1
2015-07-11,35.3,28.8,0.0,0.0,59,16.7
2015-07-12,35.2,27.4,0.0,0.0,63,18.3
2015-07-13,36.8,28.1,1.5,1.5,63,13.5
2015-07-14,35.3,25.9,2.6,2.6,74,15.1
2015-07-15,34.1,25.8,6.9,6.9,78,17.0
2015-07-16,32.9,25.7,11.4,11.4,74,16.3
2015-07-17,33.4,27.5,0.0,0.0,67,20.7
2015-07-18,33.2,26.2,1.4,1.4,70,18.7
2015-07-19,31.9,27.4,0.5,0.5,71,17.2
2015-07-20,33.8,26.1,2.6,2.6,70,20.8
2015-07-21,34.0,26.7,1.1,1.1,71,17.6
2015-07-22,32.4,26.6,3.0,3.0,79,17.4
2015-07-23,32.2,27.1,1.6,1.6,75,18.4
2015-07-24,33.0,26.1,11.8,11.8,80,14.8
2015-07-25,33.8,27.2,0.2,0.2,71,17.3
2015-07-26,31.6,26.9,0.4,0.4,73,15.5
2015-07-27,32.1,26.0,0.3,0.3,72,17.0
2015-07-28,33.8,27.4,0.0,0.0,63,18.4
2015-07-29,33.8,28.4,0.0,0.0,57,21.5
2015-07-30,33.6,27.6,0.0,0.0,63,20.9
2015-07-31,33.6,27.1,0.0,0.0,64,18.4
2015-08-01,33.4,26.3,1.8,1.8,71,16.2
2015-08-02,34.0,25.7,1.0,1.0,73,15.5
2015-08-03,33.1,24.9,2.3,2.3,72,14.8
2015-08-04,33.3,27.1,0.1,0.1,69,16.3
2015-08-05,33.8,25.4,0.7,0.7,72,18.7
2015-08-06,33.4,26.0,0.5,0.5,67,18.6
2015-08-07,32.0,25.7,0.6,0.6,76,15.5
2015-08-08,31.8,26.4,6.4,6.4,76,15.3
2015-08-09,32.3,26.2,11.3,11.3,81,13.4
2015-08-10,31.5,25.6,11.5,11.5,85,10.9
2015-08-11,31.9,25.4,24.3,24.3,87,14.8
2015-08-12,26.5,25.0,36.7,36.7,93,17.4
2015-08-13,30.5,24.8,7.8,7.8,82,22.5
2015-08-14,32.5,24.8,0.7,0.7,77,14.8
2015-08-15,33.1,26.7,4.4,4.4,84,10.7
2015-08-16,30.2,26.7,1.9,1.9,84,13.8
2015-08-17,31.3,25.3,17.0,17.0,87,11.7
2015-08-18,31.8,26.0,4.0,4.0,82,15.3
2015-08-19,31.7,26.4,0.8,0.8,83,17.1
2015-08-20,32.2,25.4,10.0,10.0,89,10.2
2015-08-21,31.6,25.5,8.9,8.9,85,14.7
2015-08-22,31.2,25.0,10.5,10.5,86,15.2
2015-08-23,32.6,25.9,2.3,2.3,79,15.8
2015-08-24,32.5,25.6,0.0,0.0,74,16.6
2015-08-25,33.5,25.8,0.5,0.5,72,17.9
2015-08-26,31.4,26.8,1.0,1.0,78,16.4
2015-08-27,28.7,25.6,16.3,16.3,89,12.7
2015-08-28,31.2,25.0,1.2,1.2,82,14.8
2015-08-29,32.0,25.7,11.1,11.1,82,14.3
2015-08-30,31.8,24.9,16.6,16.6,84,14.4
2015-08-31,31.8,26.0,2.3,2.3,82,12.7
2015-09-01,32.2,25.9,0.2,0.2,81,11.8
2015-09-02,31.4,26.3,0.0,0.0,84,9.4
2015-09-03,32.2,25.8,0.4,0.4,84,12.4
2015-09-04,32.3,25.8,1.1,1.1,86,10.2
2015-09-05,32.1,25.9,0.0,0.0,82,10.2
2015-09-06,31.1,26.5,6.1,6.1,86,10.0
2015-09-07,28.9,24.6,11.9,11.9,89,10.2
2015-09-08,31.3,25.5,1.8,1.8,82,11.7
2015-09-09,31.7,25.3,0.7,0.7,83,9.2
2015-09-10,32.3,24.9,6.4,6.4,85,8.8
2015-09-11,31.4,24.6,16.0,16.0,88,8.9
2015-09-12,29.4,24.7,33.3,33.3,91,14.9
2015-09-13,28.6,25.0,16.5,16.5,89,13.8
2015-09-14,26.7,24.6,19.7,19.7,94,14.2
2015-09-15,28.5,24.8,16.2,16.2,90,16.2
2015-09-16,29.1,25.2,13.8,13.8,87,20.6
2015-09-17,31.0,25.2,3.1,3.1,86,14.0
2015-09-18,32.0,25.7,23.5,23.5,88,6.9
2015-09-19,26.6,24.9,31.6,31.6,96,12.0
2015-09-20,28.5,24.1,15.5,15.5,93,8.4
2015-09-21,31.9,25.7,0.3,0.3,83,14.0
2015-09-22,31.6,25.8,0.9,0.9,84,12.7
2015-09-23,32.1,25.5,0.7,0.7,84,10.4
2015-09-24,32.3,25.5,0.4,0.4,84,10.2
2015-09-25,33.1,26.6,0.5,0.5,83,9.7
2015-09-26,32.3,25.6,5.2,5.2,84,10.9
2015-09-27,33.3,25.4,0.0,0.0,80,11.2
2015-09-28,31.5,25.3,0.7,0.7,84,11.1
2015-09-29,31.2,24.9,0.6,0.6,84,11.3
2015-09-30,29.7,24.7,9.1,9.1,88,11.4
2015-10-01,28.7,24.9,6.3,6.3,90,10.8
2015-10-02,29.5,24.7,10.7,10.7,90,6.6
2015-10-03,31.5,24.3,4.2,4.2,86,8.9
2015-10-04,31.9,24.3,22.9,22.9,88,9.2
2015-10-05,32.0,24.4,1.4,1.4,86,8.2
2015-10-06,32.2,24.3,3.1,3.1,85,10.0
2015-10-07,31.8,25.0,0.4,0.4,82,7.5
2015-10-08,31.9,24.5,0.2,0.2,80,7.6
2015-10-09,32.5,24.2,0.0,0.0,80,9.1
2015-10-10,33.0,25.7,0.0,0.0,79,12.1
2015-10-11,33.5,25.1,0.2,0.2,82,6.3
2015-10-12,33.9,24.5,0.0,0.0,78,8.0
2015-10-13,33.2,24.1,0.7,0.7,80,7.3
2015-10-14,32.4,24.8,0.5,0.5,83,7.9
2015-10-15,31.0,25.1,0.7,0.7,86,11.9
2015-10-16,30.8,24.8,0.7,0.7,83,7.9
2015-10-17,31.0,24.3,0.4,0.4,82,7.3
2015-10-18,31.3,24.4,0.0,0.0,80,6.4
2015-10-19,31.4,24.0,0.1,0.1,81,6.8
2015-10-20,31.5,23.7,0.1,0.1,80,7.2
2015-10-21,31.7,23.5,0.0,0.0,78,8.7
2015-10-22,32.0,23.5,0.0,0.0,77,9.8
2015-10-23,32.4,22.5,0.0,0.0,77,8.7
2015-10-24,32.4,23.7,0.2,0.2,77,11.0
2015-10-25,31.1,24.1,0.1,0.1,78,13.2
2015-10-26,31.9,23.2,0.0,0.0,72,14.2
2015-10-27,31.7,22.4,0.0,0.0,71,14.2
2015-10-28,30.7,23.3,3.5,3.5,80,12.6
2015-10-29,30.9,24.1,0.4,0.4,80,15.9
2015-10-30,30.7,24.4,1.1,1.1,78,17.1
2015-10-31,28.0,23.9,13.9,13.9,88,21.8
2015-11-01,30.1,23.5,0.7,0.7,83,12.7
2015-11-02,29.8,23.4,0.1,0.1,81,6.5
2015-11-03,30.5,24.4,0.0,0.0,78,10.8
2015-11-04,30.7,23.6,0.2,0.2,78,12.1
2015-11-05,31.3,23.3,0.0,0.0,76,11.6
2015-11-06,31.3,22.8,0.0,0.0,76,11.6
2015-11-07,31.7,22.8,0.0,0.0,72,15.2
2015-11-08,30.9,23.0,0.0,0.0,66,21.3
2015-11-09,26.6,24.0,4.3,4.3,73,24.4
2015-11-10,24.6,22.7,21.9,21.9,80,20.8
2015-11-11,30.1,22.8,0.0,0.0,69,17.5
2015-11-12,30.9,22.1,0.0,0.0,75,16.3
2015-11-13,31.2,20.8,0.0,0.0,73,10.6
2015-11-14,30.8,20.7,0.0,0.0,74,12.7
2015-11-15,30.8,22.4,0.0,0.0,69,16.3
2015-11-16,29.0,21.1,15.0,15.0,78,17.1
2015-11-17,22.9,20.9,90.6,90.6,88,24.3
2015-11-18,27.3,21.5,1.7,1.7,79,19.3
2015-11-19,26.9,23.8,1.8,1.8,77,25.3
2015-11-20,28.3,23.3,1.3,1.3,80,19.0
2015-11-21,29.3,22.5,0.0,0.0,76,17.0
2015-11-22,29.6,22.0,0.0,0.0,81,17.9
2015-11-23,29.7,21.9,0.0,0.0,81,18.1
2015-11-24,29.2,21.8,0.0,0.0,83,11.6
2015-11-25,29.2,21.3,0.1,0.1,82,10.9
2015-11-26,29.6,19.5,0.0,0.0,80,9.7
2015-11-27,29.6,20.1,0.0,0.0,79,9.9
2015-11-28,29.4,20.6,0.0,0.0,80,13.6
2015-11-29,28.8,22.4,0.0,0.0,77,18.9
2015-11-30,29.5,22.1,4.0,4.0,80,12.8
2015-12-01,27.6,23.4,1.5,1.5,85,14.5
2015-12-02,26.0,22.9,4.6,4.6,85,9.7
2015-12-03,29.4,22.2,0.0,0.0,74,12.7
2015-12-04,30.0,20.8,0.1,0.1,79,10.5
2015-12-05,29.9,21.2,0.0,0.0,77,13.6
2015-12-06,29.2,21.3,0.0,0.0,79,15.0
2015-12-07,29.7,19.8,0.0,0.0,77,12.0
2015-12-08,30.0,19.1,0.0,0.0,77,10.6
2015-12-09,30.0,18.6,0.0,0.0,76,12.9
2015-12-10,29.6,17.5,0.0,0.0,76,9.7
2015-12-11,29.2,16.9,0.0,0.0,80,9.4
2015-12-12,30.6,19.5,0.0,0.0,80,11.5
2015-12-13,29.6,22.0,0.0,0.0,80,9.5
2015-12-14,29.9,20.1,0.0,0.0,79,9.8
2015-12-15,29.7,19.4,0.0,0.0,79,11.1
2015-12-16,29.6,19.9,0.0,0.0,78,14.8
2015-12-17,30.1,21.3,0.0,0.0,75,11.4
2015-12-18,30.2,19.6,0.0,0.0,74,11.3
2015-12-19,30.4,19.2,0.0,0.0,77,10.6
2015-12-20,29.6,21.3,0.1,0.1,79,11.6
2015-12-21,29.3,22.3,0.9,0.9,81,12.7
2015-12-22,29.9,20.7,0.2,0.2,79,10.7
2015-12-23,29.8,22.0,0.0,0.0,76,9.7
2015-12-24,30.8,20.3,0.0,0.0,75,11.6
2015-12-25,31.9,21.1,0.0,0.0,72,9.8
2015-12-26,29.9,21.5,1.3,1.3,68,12.8
2015-12-27,29.2,19.3,0.0,0.0,66,12.1
2015-12-28,30.1,17.3,0.0,0.0,66,8.9
2015-12-29,31.3,17.8,0.0,0.0,68,10.1
2015-12-30,31.3,17.7,0.0,0.0,72,11.4
2015-12-31,30.9,18.1,0.0,0.0,73,12.0
2016-01-01,31.0,19.9,0.0,0.0,74,12.2
2016-01-02,30.9,19.4,0.0,0.0,72,13.2
2016-01-03,30.7,18.9,0.0,0.0,74,12.6
2016-01-04,30.1,19.8,0.0,0.0,74,12.2
2016-01-05,29.6,21.0,0.0,0.0,73,12.2
2016-01-06,30.3,19.6,0.0,0.0,73,12.1
2016-01-07,30.5,19.1,0.0,0.0,71,11.5
2016-01-08,30.0,18.3,0.0,0.0,70,13.1
2016-01-09,30.8,18.6,0.0,0.0,67,13.3
2016-01-10,31.0,19.6,0.0,0.0,64,17.5
2016-01-11,30.7,20.0,0.0,0.0,63,16.2
2016-01-12,30.4,18.8,0.0,0.0,67,13.0
2016-01-13,30.2,19.5,0.0,0.0,69,15.3
2016-01-14,29.8,19.8,0.0,0.0,68,15.9
2016-01-15,30.0,20.9,0.0,0.0,60,15.5
2016-01-16,30.1,17.9,0.0,0.0,64,14.9
2016-01-17,30.2,17.7,0.0,0.0,66,15.0
2016-01-18,29.7,18.3,0.0,0.0,68,14.3
2016-01-19,30.0,19.9,0.0,0.0,68,13.8
2016-01-20,25.5,22.6,5.0,5.0,77,8.4
2016-01-21,27.5,22.2,2.2,2.2,79,11.9
2016-01-22,27.7,20.8,0.0,0.0,72,14.2
2016-01-23,29.5,21.8,0.0,0.0,66,15.9
2016-01-24,30.1,20.0,0.0,0.0,64,13.5
2016-01-25,29.7,19.4,0.0,0.0,67,12.4
2016-01-26,29.9,19.7,0.0,0.0,70,13.0
2016-01-27,30.5,19.3,0.0,0.0,71,15.2
2016-01-28,31.9,19.8,0.0,0.0,70,17.3
2016-01-29,33.3,19.9,0.0,0.0,69,17.6
2016-01-30,32.2,20.8,0.0,0.0,73,15.2
2016-01-31,33.8,20.5,0.0,0.0,71,19.1
2016-02-01,34.6,20.9,0.0,0.0,70,14.8
2016-02-02,32.9,21.9,0.0,0.0,73,12.6
2016-02-03,32.7,20.5,0.0,0.0,73,13.7
2016-02-04,32.8,20.5,0.0,0.0,71,16.3
2016-02-05,30.5,22.3,0.0,0.0,70,12.6
2016-02-06,30.6,21.2,0.0,0.0,71,15.3
2016-02-07,31.9,20.9,0.0,0.0,69,17.3
2016-02-08,31.7,21.5,0.0,0.0,70,12.8
2016-02-09,32.8,21.3,0.0,0.0,72,15.7
2016-02-10,32.2,21.5,0.0,0.0,73,17.8
2016-02-11,31.7,22.3,0.0,0.0,72,16.6
2016-02-12,31.3,23.0,0.0,0.0,72,14.4
2016-02-13,32.5,21.1,0.0,0.0,71,13.9
2016-02-14,32.3,20.6,0.0,0.0,71,14.3
2016-02-15,32.4,20.5,0.0,0.0,69,14.9
2016-02-16,32.9,18.3,0.0,0.0,67,12.5
2016-02-17,33.0,18.6,0.0,0.0,67,16.7
2016-02-18,33.5,18.4,0.0,0.0,65,14.4
2016-02-19,34.0,18.8,0.0,0.0,62,11.4
2016-02-20,34.6,18.9,0.0,0.0,66,11.5
2016-02-21,34.8,20.7,0.0,0.0,72,13.3
2016-02-22,34.1,22.7,0.0,0.0,74,15.8
2016-02-23,33.0,22.6,0.0,0.0,71,16.6
2016-02-24,31.5,23.8,0.0,0.0,68,16.3
2016-02-25,32.0,22.3,0.0,0.0,68,15.4
2016-02-26,31.2,23.5,0.1,0.1,69,15.2
2016-02-27,32.9,22.9,0.0,0.0,66,12.3
2016-02-28,33.2,23.4,0.0,0.0,70,15.5
2016-02-29,32.9,23.9,0.0,0.0,70,12.9
2016-03-01,32.8,24.3,0.0,0.0,67,13.3
2016-03-02,32.4,23.9,0.5,0.5,71,10.5
2016-03-03,33.6,24.2,0.0,0.0,68,14.3
2016-03-04,34.1,22.9,0.0,0.0,64,15.1
2016-03-05,33.9,23.6,0.0,0.0,66,13.1
2016-03-06,34.3,22.8,0.0,0.0,66,14.8
2016-03-07,33.9,20.3,0.0,0.0,69,13.9
2016-03-08,33.9,19.7,0.0,0.0,67,13.6
2016-03-09,34.0,20.3,0.0,0.0,67,12.3
2016-03-10,34.3,22.5,0.0,0.0,68,13.7
2016-03-11,35.2,22.0,0.0,0.0,68,13.0
2016-03-12,34.4,23.5,0.0,0.0,69,16.0
2016-03-13,33.6,21.3,0.0,0.0,72,15.4
2016-03-14,33.3,25.3,0.0,0.0,68,18.6
2016-03-15,33.6,25.1,0.0,0.0,67,17.5
2016-03-16,33.9,25.1,0.0,0.0,68,16.0
2016-03-17,34.7,24.6,0.0,0.0,65,13.9
2016-03-18,35.1,23.7,0.0,0.0,67,14.8
2016-03-19,36.4,24.1,0.0,0.0,69,14.4
2016-03-20,37.5,25.0,0.0,0.0,68,16.9
2016-03-21,38.8,25.2,0.0,0.0,66,18.7
2016-03-22,37.6,25.3,0.0,0.0,69,17.7
2016-03-23,37.1,24.9,0.0,0.0,72,18.1
2016-03-24,36.2,25.9,0.0,0.0,73,17.0
2016-03-25,34.8,24.7,0.0,0.0,71,17.0
2016-03-26,35.3,24.9,0.0,0.0,70,15.9
2016-03-27,34.1,24.7,0.0,0.0,71,16.3
2016-03-28,35.3,23.4,0.0,0.0,68,17.3
2016-03-29,34.7,24.7,0.0,0.0,66,16.6
2016-03-30,35.4,25.5,0.0,0.0,70,16.6
2016-03-31,35.3,25.5,0.0,0.0,69,16.6
2016-04-01,35.9,25.3,0.0,0.0,69,16.2
2016-04-02,36.1,25.3,0.0,0.0,70,16.2
2016-04-03,35.8,26.1,0.0,0.0,70,16.5
2016-04-04,36.2,25.4,0.0,0.0,73,16.8
2016-04-05,36.5,24.8,0.0,0.0,71,14.6
2016-04-06,36.0,24.5,0.0,0.0,71,14.9
2016-04-07,36.7,24.5,0.0,0.0,66,11.9
2016-04-08,36.5,24.3,0.0,0.0,67,14.8
2016-04-09,36.5,24.9,0.0,0.0,67,16.2
2016-04-10,36.9,22.8,0.0,0.0,68,16.8
2016-04-11,37.3,23.2,0.0,0.0,67,17.1
2016-04-12,37.0,24.3,0.0,0.0,70,14.8
2016-04-13,37.7,26.1,0.0,0.0,71,15.1
2016-04-14,37.6,27.7,0.0,0.0,72,16.2
2016-04-15,37.1,27.9,0.0,0.0,72,18.7
2016-04-16,36.4,28.0,0.0,0.0,71,19.4
2016-04-17,36.7,26.7,0.0,0.0,71,17.5
2016-04-18,35.8,26.6,0.0,0.0,67,16.6
2016-04-19,36.4,24.8,0.0,0.0,67,16.6
2016-04-20,36.9,25.9,0.0,0.0,67,14.8
2016-04-21,37.7,27.0,0.0,0.0,69,17.6
2016-04-22,38.7,28.5,0.0,0.0,69,17.5
2016-04-23,39.3,28.8,0.0,0.0,66,17.8
2016-04-24,39.2,28.3,0.0,0.0,71,18.4
2016-04-25,37.8,28.8,0.0,0.0,71,19.2
2016-04-26,36.8,28.4,0.0,0.0,70,17.9
2016-04-27,37.7,27.8,0.0,0.0,69,17.4
2016-04-28,38.1,25.8,0.0,0.0,69,16.6
2016-04-29,38.3,26.7,0.0,0.0,70,17.8
2016-04-30,38.4,26.3,0.0,0.0,71,17.5
2016-05-01,38.5,26.8,0.0,0.0,67,17.7
2016-05-02,38.7,27.6,0.0,0.0,68,16.9
2016-05-03,37.1,28.2,0.0,0.0,70,18.0
2016-05-04,37.0,27.6,0.0,0.0,68,15.7
2016-05-05,36.5,28.1,0.0,0.0,68,14.4
2016-05-06,34.5,28.5,1.1,1.1,67,13.5
2016-05-07,36.6,27.3,0.0,0.0,66,17.3
2016-05-08,37.7,27.8,0.0,0.0,62,14.1
2016-05-09,36.6,28.4,0.3,0.3,65,14.3
2016-05-10,37.6,26.9,0.0,0.0,63,14.2
2016-05-11,37.9,27.8,0.1,0.1,64,16.9
2016-05-12,38.4,28.4,1.4,1.4,68,18.1
2016-05-13,38.6,28.2,0.0,0.0,66,16.1
2016-05-14,37.6,28.9,0.0,0.0,67,17.5
2016-05-15,36.2,28.5,0.0,0.0,65,14.7
2016-05-16,37.5,28.2,0.7,0.7,66,14.5
2016-05-17,35.7,28.4,0.8,0.8,71,20.7
2016-05-18,28.9,25.8,18.9,18.9,90,25.8
2016-05-19,27.2,25.5,51.1,51.1,91,31.9
2016-05-20,32.7,26.0,4.7,4.7,77,19.7
2016-05-21,37.0,28.3,0.0,0.0,65,18.4
2016-05-22,39.2,28.8,0.0,0.0,58,16.7
2016-05-23,39.4,28.5,0.0,0.0,54,23.5
2016-05-24,39.9,28.5,0.0,0.0,52,20.3
2016-05-25,40.3,29.8,0.0,0.0,48,19.0
2016-05-26,40.6,29.9,0.0,0.0,42,21.2
2016-05-27,41.0,29.5,0.0,0.0,48,19.0
2016-05-28,38.9,29.2,0.2,0.2,57,13.2
2016-05-29,37.7,29.0,0.0,0.0,58,17.3
2016-05-30,39.3,28.8,0.0,0.0,56,11.5
2016-05-31,38.7,29.1,0.0,0.0,61,13.8
2016-06-01,40.5,29.8,0.0,0.0,57,14.6
2016-06-02,37.6,29.1,0.0,0.0,60,17.3
2016-06-03,36.2,29.7,0.0,0.0,68,13.6
2016-06-04,29.9,25.6,34.8,34.8,85,13.1
2016-06-05,30.0,25.4,17.8,17.8,88,9.7
2016-06-06,31.2,26.0,8.5,8.5,85,12.0
2016-06-07,30.5,25.2,30.2,30.2,90,10.0
2016-06-08,29.3,25.3,31.4,31.4,90,12.6
2016-06-09,33.4,26.4,1.6,1.6,82,15.6
2016-06-10,34.1,27.6,0.0,0.0,74,15.3
2016-06-11,34.1,27.7,1.1,1.1,73,14.0
2016-06-12,34.9,27.9,0.0,0.0,69,18.1
2016-06-13,34.6,28.8,0.0,0.0,66,19.7
2016-06-14,35.3,28.6,0.1,0.1,63,19.5
2016-06-15,36.2,29.1,0.0,0.0,57,24.1
2016-06-16,36.5,29.3,0.0,0.0,55,22.5
2016-06-17,34.1,27.4,1.6,1.6,67,12.4
2016-06-18,29.6,25.7,13.4,13.4,88,14.9
2016-06-19,30.4,24.8,19.5,19.5,87,10.2
2016-06-20,31.1,24.4,13.3,13.3,85,10.5
2016-06-21,31.9,24.6,9.1,9.1,82,9.7
2016-06-22,33.0,25.2,6.7,6.7,83,10.0
2016-06-23,33.5,26.1,10.1,10.1,81,7.6
2016-06-24,32.7,25.5,6.0,6.0,83,16.5
2016-06-25,32.6,25.4,34.2,34.2,85,14.4
2016-06-26,29.2,25.0,21.1,21.1,90,16.3
2016-06-27,26.9,24.6,25.6,25.6,93,16.1
2016-06-28,28.6,25.0,12.7,12.7,90,22.1
2016-06-29,27.4,25.0,39.9,39.9,90,24.5
2016-06-30,28.5,24.9,15.4,15.4,85,20.4
2016-07-01,28.6,25.0,51.9,51.9,89,26.8
2016-07-02,30.1,25.9,8.5,8.5,83,24.4
2016-07-03,31.0,26.4,1.3,1.3,78,25.2
2016-07-04,32.1,26.8,5.4,5.4,77,22.1
2016-07-05,31.1,26.4,0.1,0.1,77,22.7
2016-07-06,32.8,27.2,1.1,1.1,70,24.2
2016-07-07,32.5,25.7,3.5,3.5,73,26.8
2016-07-08,30.9,25.9,1.9,1.9,73,27.0
2016-07-09,30.9,25.3,2.7,2.7,80,30.5
2016-07-10,29.9,25.7,1.5,1.5,74,26.3
2016-07-11,31.5,25.1,3.8,3.8,77,33.8
2016-07-12,32.3,27.2,0.1,0.1,69,26.3
2016-07-13,32.4,27.1,0.0,0.0,68,23.8
2016-07-14,33.6,27.5,0.0,0.0,67,20.1
2016-07-15,34.1,27.0,0.2,0.2,72,14.4
2016-07-16,32.3,27.0,2.1,2.1,78,17.6
2016-07-17,30.6,26.0,9.9,9.9,86,11.8
2016-07-18,32.7,26.3,6.6,6.6,81,11.1
2016-07-19,29.8,25.4,1.4,1.4,84,17.9
2016-07-20,30.8,26.1,7.0,7.0,80,17.1
2016-07-21,31.6,25.8,8.5,8.5,81,15.9
2016-07-22,31.0,25.2,22.0,22.0,87,11.9
2016-07-23,31.5,25.5,11.2,11.2,84,11.4
2016-07-24,30.2,25.2,10.2,10.2,87,11.0
2016-07-25,31.4,25.1,21.3,21.3,87,10.8
2016-07-26,29.9,24.9,20.6,20.6,88,10.9
2016-07-27,28.9,25.2,9.5,9.5,89,12.6
2016-07-28,31.3,24.5,8.6,8.6,85,10.4
2016-07-29,31.8,24.5,9.7,9.7,86,7.3
2016-07-30,32.2,24.7,9.5,9.5,85,11.7
2016-07-31,29.9,25.2,11.4,11.4,86,20.9
2016-08-01,26.3,24.5,18.6,18.6,90,19.6
2016-08-02,29.5,24.8,4.1,4.1,79,23.9
2016-08-03,29.3,24.5,12.8,12.8,82,20.8
2016-08-04,27.4,25.0,7.4,7.4,87,18.4
2016-08-05,30.8,24.9,3.6,3.6,78,27.4
2016-08-06,30.3,24.9,6.9,6.9,77,25.7
2016-08-07,31.2,26.9,0.0,0.0,71,25.9
2016-08-08,31.3,26.8,0.0,0.0,70,24.4
2016-08-09,32.1,27.0,0.0,0.0,68,22.4
2016-08-10,32.3,26.9,0.0,0.0,68,21.7
2016-08-11,32.3,26.8,0.0,0.0,68,19.6
2016-08-12,32.6,26.8,0.1,0.1,71,19.2
2016-08-13,32.8,27.0,0.2,0.2,68,19.7
2016-08-14,32.7,27.3,1.5,1.5,71,22.3
2016-08-15,31.8,27.8,0.0,0.0,63,26.5
2016-08-16,32.1,27.6,0.0,0.0,61,27.8
2016-08-17,32.4,26.8,0.0,0.0,61,28.0
2016-08-18,32.8,26.0,0.0,0.0,64,20.4
2016-08-19,33.0,26.7,0.0,0.0,63,19.6
2016-08-20,33.7,25.2,0.0,0.0,70,12.4
2016-08-21,34.0,26.2,0.1,0.1,68,13.0
2016-08-22,33.8,27.1,0.1,0.1,71,10.8
2016-08-23,34.5,27.7,0.2,0.2,70,16.2
2016-08-24,33.8,26.8,0.0,0.0,70,10.8
2016-08-25,32.0,25.5,21.2,21.2,84,16.6
2016-08-26,32.3,26.0,8.9,8.9,84,11.2
2016-08-27,32.0,25.1,36.8,36.8,90,11.4
2016-08-28,32.0,24.9,7.0,7.0,87,9.5
2016-08-29,32.0,25.2,5.0,5.0,87,8.1
2016-08-30,30.5,25.5,10.6,10.6,86,14.1
2016-08-31,30.1,25.1,12.4,12.4,87,11.2
2016-09-01,31.4,25.3,7.8,7.8,85,13.0
2016-09-02,31.9,24.8,16.6,16.6,86,14.4
2016-09-03,27.2,25.4,17.3,17.3,89,13.3
2016-09-04,30.9,25.2,15.6,15.6,87,15.1
2016-09-05,31.3,25.1,0.2,0.2,78,20.2
2016-09-06,31.5,24.1,0.0,0.0,69,22.0
2016-09-07,31.7,24.2,0.0,0.0,69,19.6
2016-09-08,32.2,24.4,0.0,0.0,71,17.2
2016-09-09,32.5,26.0,4.5,4.5,77,15.3
2016-09-10,29.7,24.9,30.7,30.7,89,16.2
2016-09-11,28.5,24.7,15.0,15.0,90,21.1
2016-09-12,30.7,24.7,7.3,7.3,86,19.6
2016-09-13,28.5,24.5,8.6,8.6,88,14.6
2016-09-14,28.9,24.2,19.3,19.3,91,7.9
2016-09-15,29.5,24.3,6.7,6.7,89,8.4
2016-09-16,31.0,25.0,2.0,2.0,84,11.6
2016-09-17,30.5,25.8,9.9,9.9,84,13.9
2016-09-18,30.6,25.2,2.9,2.9,81,16.0
2016-09-19,31.3,25.0,0.7,0.7,79,15.4
2016-09-20,31.4,24.6,15.4,15.4,85,14.8
2016-09-21,28.2,24.3,14.3,14.3,91,11.8
2016-09-22,29.5,24.8,16.8,16.8,91,8.4
2016-09-23,27.7,24.5,4.6,4.6,92,13.8
2016-09-24,29.1,24.6,8.1,8.1,85,17.3
2016-09-25,30.4,25.6,3.5,3.5,84,14.6
2016-09-26,30.6,25.4,6.6,6.6,87,11.6
2016-09-27,29.9,25.1,13.7,13.7,90,12.7
2016-09-28,29.6,25.0,7.3,7.3,89,9.6
2016-09-29,30.4,24.8,7.2,7.2,89,10.7
2016-09-30,31.1,25.0,12.1,12.1,89,8.4
2016-10-01,30.1,24.5,21.0,21.0,91,12.0
2016-10-02,30.9,24.0,2.8,2.8,87,9.8
2016-10-03,31.0,24.0,2.2,2.2,87,12.6
2016-10-04,31.6,24.2,0.2,0.2,85,9.5
2016-10-05,31.9,24.8,0.2,0.2,79,13.0
2016-10-06,32.0,25.8,2.5,2.5,79,14.9
2016-10-07,31.7,25.8,10.1,10.1,84,14.3
2016-10-08,29.2,25.3,3.8,3.8,85,16.9
2016-10-09,30.8,24.4,21.9,21.9,88,18.2
2016-10-10,31.3,24.5,5.2,5.2,84,15.9
2016-10-11,32.9,24.6,0.0,0.0,75,14.3
2016-10-12,33.4,24.7,0.0,0.0,70,11.8
2016-10-13,32.0,23.1,0.0,0.0,75,7.5
2016-10-14,31.8,23.0,0.0,0.0,74,6.6
2016-10-15,31.8,23.7,0.0,0.0,74,10.9
2016-10-16,32.0,21.5,0.0,0.0,69,7.3
2016-10-17,31.9,20.8,0.0,0.0,72,7.3
2016-10-18,32.1,21.4,0.0,0.0,75,7.6
2016-10-19,32.6,22.4,0.0,0.0,73,5.6
2016-10-20,32.0,21.7,0.0,0.0,74,7.7
2016-10-21,32.1,21.5,0.0,0.0,69,6.6
2016-10-22,32.3,21.7,0.0,0.0,69,7.6
2016-10-23,32.7,21.6,0.0,0.0,63,9.7
2016-10-24,32.5,20.5,0.0,0.0,58,10.0
2016-10-25,33.0,21.6,0.0,0.0,58,10.9
2016-10-26,33.1,22.1,0.0,0.0,55,11.0
2016-10-27,32.2,21.6,0.0,0.0,59,12.0
2016-10-28,30.7,25.5,0.0,0.0,75,21.3
2016-10-29,31.3,24.0,1.7,1.7,80,12.6
2016-10-30,31.6,23.9,5.1,5.1,83,14.6
2016-10-31,31.8,24.1,1.3,1.3,80,16.6
2016-11-01,32.1,23.5,0.0,0.0,74,9.4
2016-11-02,32.4,23.5,0.1,0.1,73,12.8
2016-11-03,32.7,24.2,0.7,0.7,73,16.5
2016-11-04,33.3,24.2,0.0,0.0,67,13.0
2016-11-05,32.5,24.9,0.0,0.0,59,14.6
2016-11-06,31.7,22.8,0.2,0.2,73,8.5
2016-11-07,33.3,21.9,0.0,0.0,61,12.1
2016-11-08,31.9,19.8,0.0,0.0,57,10.0
2016-11-09,31.7,18.3,0.0,0.0,57,8.5
2016-11-10,31.7,19.0,0.0,0.0,62,9.1
2016-11-11,31.4,19.4,0.0,0.0,66,11.7
2016-11-12,31.0,20.6,0.0,0.0,66,13.9
2016-11-13,32.0,22.3,0.0,0.0,68,13.6
2016-11-14,32.1,23.1,0.0,0.0,74,13.3
2016-11-15,32.7,23.8,0.0,0.0,73,11.2
2016-11-16,31.7,24.5,0.8,0.8,74,14.0
2016-11-17,32.1,24.2,0.0,0.0,67,16.1
2016-11-18,31.6,21.8,0.0,0.0,66,12.7
2016-11-19,31.2,20.1,0.0,0.0,67,12.2
2016-11-20,31.9,19.7,0.0,0.0,65,13.4
2016-11-21,31.9,19.1,0.0,0.0,66,10.5
2016-11-22,32.5,19.0,0.0,0.0,67,11.1
2016-11-23,31.8,19.0,0.0,0.0,66,12.0
2016-11-24,31.7,18.7,0.0,0.0,65,10.7
2016-11-25,32.2,18.9,0.0,0.0,65,11.5
2016-11-26,32.6,19.2,0.0,0.0,65,11.7
2016-11-27,34.3,18.8,0.0,0.0,65,11.0
2016-11-28,33.6,18.8,0.0,0.0,69,13.3
2016-11-29,32.1,19.5,0.0,0.0,70,12.3
2016-11-30,31.9,19.9,0.0,0.0,66,12.8
2016-12-01,32.0,21.5,1.4,1.4,69,19.5
2016-12-02,28.3,23.8,6.8,6.8,81,14.2
2016-12-03,31.3,22.5,0.0,0.0,75,14.3
2016-12-04,30.9,23.0,0.0,0.0,71,16.3
2016-12-05,28.1,21.5,0.0,0.0,74,10.3
2016-12-06,29.8,20.7,0.0,0.0,66,16.1
2016-12-07,31.8,19.6,0.0,0.0,63,12.5
2016-12-08,31.7,18.3,0.0,0.0,65,8.6
2016-12-09,30.6,18.9,0.0,0.0,70,7.5
2016-12-10,30.9,19.1,0.0,0.0,67,8.7
2016-12-11,30.9,20.8,0.2,0.2,59,19.0
2016-12-12,29.8,22.8,1.2,1.2,67,28.1
2016-12-13,29.9,23.4,2.7,2.7,76,22.7
2016-12-14,29.5,23.7,0.0,0.0,69,16.9
2016-12-15,31.0,22.5,0.0,0.0,70,15.5
2016-12-16,30.1,22.2,0.0,0.0,70,12.5
2016-12-17,30.9,19.7,0.0,0.0,68,9.0
2016-12-18,30.2,18.9,0.0,0.0,71,12.7
2016-12-19,30.5,18.3,0.0,0.0,65,10.9
2016-12-20,30.7,17.8,0.0,0.0,69,9.0
2016-12-21,32.1,18.3,0.0,0.0,64,7.6
2016-12-22,31.1,17.7,0.0,0.0,71,11.0
2016-12-23,29.9,17.9,0.0,0.0,74,12.1
2016-12-24,30.3,17.7,0.0,0.0,70,12.6
2016-12-25,30.4,18.6,0.0,0.0,71,10.9
2016-12-26,32.1,18.4,0.0,0.0,70,11.8
2016-12-27,30.9,19.1,0.0,0.0,72,12.7
2016-12-28,29.3,19.9,0.0,0.0,70,13.9
2016-12-29,30.0,19.2,0.0,0.0,71,13.3
2016-12-30,30.0,19.7,0.0,0.0,73,13.5
2016-12-31,30.3,19.6,0.0,0.0,72,12.2
2017-01-01,31.4,19.0,0.0,0.0,69,15.2
2017-01-02,31.5,19.4,0.0,0.0,67,13.0
2017-01-03,32.6,19.3,0.0,0.0,68,16.1
2017-01-04,31.8,20.7,0.0,0.0,68,13.5
2017-01-05,32.9,21.1,0.0,0.0,69,18.8
2017-01-06,31.2,20.6,0.0,0.0,67,17.0
2017-01-07,30.8,19.7,0.0,0.0,65,18.0
2017-01-08,30.9,19.3,0.0,0.0,67,17.3
2017-01-09,30.7,19.3,0.0,0.0,67,14.8
2017-01-10,31.7,18.8,0.0,0.0,68,19.5
2017-01-11,32.1,19.5,0.6,0.6,69,17.0
2017-01-12,31.0,19.7,0.2,0.2,68,19.2
2017-01-13,31.2,19.2,0.0,0.0,68,15.8
2017-01-14,30.6,20.0,0.0,0.0,68,18.9
2017-01-15,30.8,19.8,0.0,0.0,67,17.5
2017-01-16,31.4,19.1,0.0,0.0,69,19.8
2017-01-17,31.5,18.7,0.0,0.0,63,15.2
2017-01-18,31.4,18.8,0.0,0.0,64,18.9
2017-01-19,31.1,19.5,0.0,0.0,62,21.6
2017-01-20,32.1,19.0,0.0,0.0,53,26.3
2017-01-21,32.4,21.1,0.0,0.0,53,22.5
2017-01-22,33.1,20.9,0.0,0.0,59,16.9
2017-01-23,33.6,20.8,0.0,0.0,60,16.6
2017-01-24,32.3,20.4,0.0,0.0,63,16.5
2017-01-25,31.5,20.2,0.0,0.0,62,18.8
2017-01-26,30.4,20.6,0.0,0.0,68,17.3
2017-01-27,30.7,21.0,0.0,0.0,66,13.0
2017-01-28,34.6,21.3,0.0,0.0,67,17.1
2017-01-29,32.6,21.2,0.0,0.0,71,18.1
2017-01-30,32.8,20.8,0.0,0.0,72,18.6
2017-01-31,32.8,21.8,0.0,0.0,69,17.0
2017-02-01,32.4,21.1,0.1,0.1,74,17.0
2017-02-02,32.5,20.7,0.0,0.0,70,19.1
2017-02-03,32.5,20.4,0.0,0.0,69,20.5
2017-02-04,32.3,20.4,0.0,0.0,70,22.8
2017-02-05,32.6,20.1,0.0,0.0,68,17.2
2017-02-06,34.0,20.2,0.0,0.0,69,20.2
2017-02-07,34.8,20.3,0.0,0.0,67,20.2
2017-02-08,35.1,20.6,0.0,0.0,63,19.5
2017-02-09,33.7,20.1,0.0,0.0,66,19.2
2017-02-10,33.4,20.7,0.0,0.0,69,21.6
2017-02-11,32.1,20.3,0.0,0.0,69,16.7
2017-02-12,30.9,20.2,0.0,0.0,62,16.5
2017-02-13,32.6,20.1,0.0,0.0,62,12.3
2017-02-14,34.0,20.6,0.0,0.0,63,16.5
2017-02-15,33.9,21.4,0.0,0.0,57,19.1
2017-02-16,34.2,19.5,0.0,0.0,59,19.5
2017-02-17,34.5,20.2,0.0,0.0,62,18.4
2017-02-18,34.6,20.5,0.0,0.0,64,20.4
2017-02-19,36.5,21.2,0.0,0.0,66,17.4
2017-02-20,36.8,22.3,0.0,0.0,71,24.1
2017-02-21,35.4,21.6,0.0,0.0,71,19.9
2017-02-22,35.7,22.8,0.0,0.0,68,17.0
2017-02-23,36.3,22.4,0.1,0.1,70,20.2
2017-02-24,36.4,22.7,0.0,0.0,72,22.0
2017-02-25,36.1,24.2,0.0,0.0,68,21.1
2017-02-26,35.3,22.0,0.0,0.0,69,20.2
2017-02-27,35.7,22.7,0.0,0.0,68,22.0
2017-02-28,36.1,21.8,0.0,0.0,65,20.1
2017-03-01,36.3,21.6,0.0,0.0,63,22.1
2017-03-02,35.2,21.2,0.0,0.0,64,18.4
2017-03-03,36.4,20.2,0.0,0.0,63,20.7
2017-03-04,34.8,20.1,0.0,0.0,73,20.2
2017-03-05,34.8,25.4,0.2,0.2,72,20.5
2017-03-06,33.8,25.9,2.5,2.5,71,16.6
2017-03-07,33.4,25.1,0.9,0.9,73,20.9
2017-03-08,33.9,26.0,2.2,2.2,71,20.5
2017-03-09,34.1,25.4,1.4,1.4,72,22.9
2017-03-10,33.5,26.6,2.5,2.5,73,24.4
2017-03-11,37.1,25.7,0.9,0.9,71,23.5
2017-03-12,37.3,23.9,0.0,0.0,70,20.2
2017-03-13,35.0,25.7,0.0,0.0,70,17.6
2017-03-14,34.0,25.4,1.1,1.1,70,15.6
2017-03-15,33.9,25.0,1.2,1.2,71,15.2
2017-03-16,35.2,24.4,1.1,1.1,70,14.6
2017-03-17,35.7,24.3,0.1,0.1,67,19.9
2017-03-18,35.4,25.6,1.5,1.5,70,19.2
2017-03-19,35.4,25.3,1.8,1.8,72,23.8
2017-03-20,35.1,25.1,2.6,2.6,74,17.8
2017-03-21,35.9,24.8,0.0,0.0,73,22.9
2017-03-22,37.3,24.3,0.0,0.0,70,26.8
2017-03-23,36.2,24.5,0.0,0.0,68,18.5
2017-03-24,37.5,24.5,0.0,0.0,66,20.9
2017-03-25,37.6,23.3,0.2,0.2,68,21.8
2017-03-26,37.4,24.9,0.0,0.0,66,19.5
2017-03-27,36.1,24.5,0.0,0.0,65,17.1
2017-03-28,36.6,24.1,0.1,0.1,67,18.0
2017-03-29,37.3,25.2,0.0,0.0,67,19.7
2017-03-30,37.1,25.8,0.0,0.0,68,18.9
2017-03-31,36.8,26.1,0.0,0.0,71,21.1
2017-04-01,36.6,25.6,0.0,0.0,66,21.3
2017-04-02,37.2,25.0,0.0,0.0,69,21.8
2017-04-03,36.0,26.0,0.0,0.0,68,21.0
2017-04-04,36.1,25.1,0.0,0.0,70,19.5
2017-04-05,36.1,26.6,0.2,0.2,71,21.4
2017-04-06,35.9,27.0,1.2,1.2,71,18.1
2017-04-07,37.4,27.7,0.0,0.0,67,19.5
2017-04-08,37.7,27.2,0.0,0.0,67,20.9
2017-04-09,37.8,27.1,0.0,0.0,67,18.6
2017-04-10,38.6,26.8,0.0,0.0,67,16.7
2017-04-11,38.6,26.5,0.4,0.4,69,20.9
2017-04-12,39.1,26.9,0.4,0.4,67,21.3
2017-04-13,37.8,25.7,1.1,1.1,68,19.1
2017-04-14,37.8,26.0,0.3,0.3,65,18.8
2017-04-15,38.8,24.4,0.0,0.0,65,18.7
2017-04-16,38.8,25.1,0.0,0.0,65,17.9
2017-04-17,39.0,26.9,0.0,0.0,69,18.0
2017-04-18,38.3,28.3,0.1,0.1,69,19.4
2017-04-19,38.5,28.0,0.0,0.0,68,23.1
2017-04-20,37.2,27.9,0.1,0.1,70,24.2
2017-04-21,37.9,28.6,0.0,0.0,66,22.8
2017-04-22,41.1,28.0,0.0,0.0,67,16.7
2017-04-23,40.4,28.6,0.1,0.1,67,18.4
2017-04-24,39.0,28.4,0.0,0.0,68,19.9
2017-04-25,40.4,27.9,2.7,2.7,68,23.4
2017-04-26,40.6,27.3,1.3,1.3,65,18.1
2017-04-27,38.2,28.1,11.1,11.1,71,15.0
2017-04-28,38.9,27.9,13.4,13.4,71,17.6
2017-04-29,39.8,26.8,1.8,1.8,67,16.7
2017-04-30,38.4,26.9,5.9,5.9,72,15.1
2017-05-01,35.0,28.0,0.9,0.9,71,15.1
2017-05-02,35.4,26.6,1.9,1.9,68,15.5
2017-05-03,36.0,27.1,2.9,2.9,69,18.8
2017-05-04,39.2,26.8,0.3,0.3,67,20.6
2017-05-05,38.0,27.1,0.0,0.0,66,20.4
2017-05-06,37.8,28.1,0.0,0.0,65,21.3
2017-05-07,37.6,28.0,2.8,2.8,65,15.5
2017-05-08,38.2,27.9,0.6,0.6,66,15.2
2017-05-09,35.7,27.7,0.3,0.3,71,16.2
2017-05-10,35.6,27.9,0.7,0.7,67,17.2
2017-05-11,36.5,27.1,1.3,1.3,65,17.7
2017-05-12,37.3,26.8,0.0,0.0,67,20.9
2017-05-13,39.2,27.6,0.8,0.8,65,17.1
2017-05-14,40.0,28.2,0.0,0.0,63,20.8
2017-05-15,42.9,28.9,0.7,0.7,56,14.5
2017-05-16,44.8,30.7,0.0,0.0,47,17.0
2017-05-17,45.2,30.5,0.1,0.1,47,17.7
2017-05-18,44.3,31.8,0.0,0.0,30,17.4
2017-05-19,43.1,30.3,0.7,0.7,51,14.0
2017-05-20,41.3,30.1,3.5,3.5,60,15.1
2017-05-21,41.6,29.8,1.6,1.6,61,20.0
2017-05-22,41.0,29.9,0.1,0.1,60,18.0
2017-05-23,41.8,30.4,1.8,1.8,63,20.5
2017-05-24,40.8,30.2,0.7,0.7,64,16.6
2017-05-25,39.4,30.2,0.7,0.7,62,17.1
2017-05-26,40.0,29.9,0.3,0.3,61,15.1
2017-05-27,40.1,29.3,0.9,0.9,63,12.6
2017-05-28,38.6,27.8,6.2,6.2,64,15.5
2017-05-29,41.1,29.3,0.0,0.0,47,17.1
2017-05-30,41.6,30.6,0.3,0.3,42,26.6
2017-05-31,41.0,30.4,0.2,0.2,52,20.0
2017-06-01,40.2,29.8,0.1,0.1,61,19.0
2017-06-02,38.2,29.4,1.1,1.1,66,19.5
2017-06-03,39.7,29.2,0.3,0.3,62,18.2
2017-06-04,40.6,29.0,4.0,4.0,60,20.9
2017-06-05,41.9,30.7,0.6,0.6,53,18.6
2017-06-06,36.3,27.4,6.5,6.5,67,23.3
2017-06-07,36.4,26.4,36.9,36.9,70,24.3
2017-06-08,33.5,26.2,3.0,3.0,73,22.7
2017-06-09,35.8,26.1,3.6,3.6,71,18.2
2017-06-10,32.9,26.8,13.2,13.2,76,16.7
2017-06-11,34.2,28.3,4.5,4.5,71,16.2
2017-06-12,33.5,27.0,3.7,3.7,75,15.1
2017-06-13,32.2,26.9,3.5,3.5,79,15.9
2017-06-14,32.0,25.0,31.9,31.9,86,17.1
2017-06-15,31.2,25.6,37.1,37.1,88,17.8
2017-06-16,30.0,25.3,7.3,7.3,84,11.9
2017-06-17,32.1,26.4,1.8,1.8,82,15.5
2017-06-18,32.5,27.1,12.1,12.1,81,11.1
2017-06-19,31.6,27.0,8.0,8.0,79,17.1
2017-06-20,31.1,26.6,9.5,9.5,82,19.2
2017-06-21,33.0,26.5,1.0,1.0,73,16.6
2017-06-22,33.1,27.6,1.0,1.0,72,16.7
2017-06-23,33.6,26.4,1.4,1.4,73,16.1
2017-06-24,31.8,25.8,24.8,24.8,82,21.2
2017-06-25,30.1,25.5,18.7,18.7,88,15.4
2017-06-26,29.0,25.1,29.9,29.9,90,17.4
2017-06-27,29.9,25.1,11.0,11.0,84,19.8
2017-06-28,30.6,25.1,13.5,13.5,83,19.5
2017-06-29,30.5,25.3,4.9,4.9,79,18.9
2017-06-30,31.0,26.3,10.1,10.1,84,16.3
2017-07-01,31.5,25.2,13.6,13.6,82,21.3
2017-07-02,32.1,26.6,3.8,3.8,78,17.8
2017-07-03,32.8,26.7,0.8,0.8,77,15.5
2017-07-04,32.5,27.1,1.1,1.1,71,21.6
2017-07-05,32.9,27.3,0.1,0.1,69,21.3
2017-07-06,31.0,26.6,5.5,5.5,75,19.0
2017-07-07,32.4,25.8,3.0,3.0,79,19.2
2017-07-08,33.9,26.4,0.1,0.1,79,16.7
2017-07-09,33.2,26.6,6.6,6.6,77,16.2
2017-07-10,33.6,26.5,0.3,0.3,74,16.4
2017-07-11,28.4,26.4,36.3,36.3,88,17.8
2017-07-12,30.3,25.6,4.5,4.5,82,15.8
2017-07-13,26.9,24.5,35.9,35.9,88,15.8
2017-07-14,27.6,24.0,20.6,20.6,90,17.3
2017-07-15,29.9,24.7,9.4,9.4,84,22.8
2017-07-16,30.6,25.2,14.4,14.4,83,26.2
2017-07-17,26.3,24.9,37.6,37.6,89,25.5
2017-07-18,25.7,24.0,56.2,56.2,89,26.6
2017-07-19,32.0,24.7,11.9,11.9,81,31.6
2017-07-20,31.2,26.2,1.3,1.3,77,26.0
2017-07-21,33.0,26.7,0.0,0.0,73,23.6
2017-07-22,33.4,27.6,0.0,0.0,72,23.8
2017-07-23,33.5,28.0,0.1,0.1,71,23.5
2017-07-24,32.6,27.7,0.6,0.6,70,23.3
2017-07-25,33.4,26.8,0.0,0.0,69,22.9
2017-07-26,33.3,27.2,0.0,0.0,70,20.9
2017-07-27,33.6,27.1,0.5,0.5,73,17.0
2017-07-28,32.6,26.2,9.6,9.6,79,13.3
2017-07-29,31.0,24.7,14.1,14.1,85,17.2
2017-07-30,32.7,26.3,20.0,20.0,84,16.8
2017-07-31,33.6,26.1,8.6,8.6,80,15.3
2017-08-01,33.5,26.8,1.1,1.1,76,14.4
2017-08-02,32.9,26.7,13.2,13.2,82,15.8
2017-08-03,32.9,26.9,4.4,4.4,80,18.4
2017-08-04,32.3,27.3,0.2,0.2,74,20.5
2017-08-05,30.0,26.4,16.8,16.8,82,19.7
2017-08-06,33.0,26.0,3.1,3.1,78,16.2
2017-08-07,31.9,26.2,1.3,1.3,81,15.0
2017-08-08,31.5,26.0,7.5,7.5,84,14.1
2017-08-09,30.2,25.6,16.9,16.9,90,11.6
2017-08-10,31.0,24.7,4.2,4.2,85,16.6
2017-08-11,31.0,25.8,21.6,21.6,85,16.4
2017-08-12,30.9,25.4,8.2,8.2,87,13.5
2017-08-13,29.6,26.0,14.3,14.3,89,14.5
2017-08-14,32.2,24.4,3.3,3.3,82,14.0
2017-08-15,32.0,25.3,2.3,2.3,79,14.9
2017-08-16,32.0,26.1,3.3,3.3,81,11.6
2017-08-17,31.3,25.6,8.1,8.1,87,12.8
2017-08-18,28.9,25.1,5.2,5.2,88,20.1
2017-08-19,27.2,23.6,9.4,9.4,86,17.3
2017-08-20,28.6,24.6,5.5,5.5,86,14.7
2017-08-21,31.4,24.6,0.4,0.4,80,13.0
2017-08-22,31.8,25.0,12.7,12.7,86,7.6
2017-08-23,31.5,25.2,13.9,13.9,87,13.0
2017-08-24,31.6,25.8,8.8,8.8,86,13.7
2017-08-25,28.8,25.0,28.9,28.9,89,14.9
2017-08-26,30.6,24.8,7.4,7.4,83,16.6
2017-08-27,31.2,25.3,20.8,20.8,87,14.8
2017-08-28,27.8,25.0,12.7,12.7,91,18.8
2017-08-29,30.4,25.4,18.0,18.0,86,15.6
2017-08-30,32.4,25.7,0.9,0.9,84,10.0
2017-08-31,30.3,25.8,11.2,11.2,88,10.9
2017-09-01,33.0,26.6,5.4,5.4,83,12.2
2017-09-02,33.5,25.9,0.0,0.0,81,9.7
2017-09-03,33.0,26.6,1.4,1.4,83,12.8
2017-09-04,33.1,25.8,5.8,5.8,85,16.1
2017-09-05,31.7,26.4,11.1,11.1,89,15.8
2017-09-06,32.4,25.6,19.3,19.3,87,8.9
2017-09-07,31.6,25.1,5.8,5.8,84,12.6
2017-09-08,31.6,24.8,8.1,8.1,85,11.9
2017-09-09,31.4,25.4,3.6,3.6,86,10.4
2017-09-10,32.0,25.2,3.7,3.7,86,13.2
2017-09-11,31.6,25.7,4.3,4.3,85,14.3
2017-09-12,31.9,25.9,5.7,5.7,85,10.6
2017-09-13,30.6,26.7,1.2,1.2,84,14.1
2017-09-14,30.7,24.6,11.2,11.2,85,10.0
2017-09-15,31.5,24.8,6.3,6.3,84,10.6
2017-09-16,32.6,25.1,3.9,3.9,84,12.3
2017-09-17,30.1,25.6,8.6,8.6,88,14.3
2017-09-18,29.7,25.5,0.4,0.4,80,20.9
2017-09-19,31.8,25.3,0.7,0.7,75,22.3
2017-09-20,30.4,25.7,0.3,0.3,77,19.1
2017-09-21,31.9,26.5,0.9,0.9,76,14.8
2017-09-22,31.3,26.6,4.6,4.6,82,13.5
2017-09-23,32.2,25.5,5.6,5.6,82,9.4
2017-09-24,31.6,25.6,6.8,6.8,88,7.6
2017-09-25,32.7,25.2,12.1,12.1,87,9.0
2017-09-26,32.4,25.2,11.1,11.1,86,6.9
2017-09-27,29.6,24.8,13.6,13.6,90,9.2
2017-09-28,29.6,25.0,11.5,11.5,89,11.3
2017-09-29,30.9,24.3,8.3,8.3,88,9.7
2017-09-30,30.6,24.2,13.5,13.5,88,7.6
2017-10-01,30.7,24.1,7.4,7.4,89,9.1
2017-10-02,30.9,24.5,14.2,14.2,87,8.0
2017-10-03,30.8,24.4,6.3,6.3,88,10.1
2017-10-04,29.9,24.3,11.2,11.2,89,7.4
2017-10-05,30.3,24.0,10.9,10.9,89,11.0
2017-10-06,30.2,24.5,9.5,9.5,88,8.7
2017-10-07,30.0,24.2,5.9,5.9,88,13.9
2017-10-08,30.9,24.8,3.8,3.8,88,11.8
2017-10-09,30.3,24.7,3.6,3.6,87,12.2
2017-10-10,30.6,24.3,8.4,8.4,86,7.5
2017-10-11,30.6,24.6,5.6,5.6,87,10.6
2017-10-12,32.1,24.4,1.9,1.9,85,7.9
2017-10-13,31.6,24.8,1.2,1.2,85,11.4
2017-10-14,32.0,24.4,3.5,3.5,85,7.8
2017-10-15,32.7,24.1,5.7,5.7,87,10.8
2017-10-16,33.9,24.9,1.1,1.1,79,9.4
2017-10-17,34.2,24.4,0.0,0.0,74,12.9
2017-10-18,33.2,22.8,0.1,0.1,77,12.0
2017-10-19,30.3,25.4,0.0,0.0,75,11.5
2017-10-20,30.1,25.7,0.0,0.0,81,13.2
2017-10-21,32.6,23.7,0.0,0.0,79,12.8
2017-10-22,32.8,24.7,0.0,0.0,81,11.2
2017-10-23,32.3,25.7,0.5,0.5,85,9.4
2017-10-24,31.5,24.7,4.0,4.0,89,8.1
2017-10-25,31.4,24.2,0.8,0.8,85,11.5
2017-10-26,31.5,23.0,0.0,0.0,81,9.3
2017-10-27,31.6,22.3,0.0,0.0,78,8.0
2017-10-28,31.6,23.5,0.3,0.3,80,14.1
2017-10-29,31.4,23.4,0.0,0.0,74,17.3
2017-10-30,31.3,22.7,0.0,0.0,71,13.1
2017-10-31,31.1,23.2,0.0,0.0,71,14.6
2017-11-01,31.1,22.8,0.0,0.0,70,16.4
2017-11-02,31.2,22.4,0.0,0.0,68,17.1
2017-11-03,31.0,22.2,0.0,0.0,70,12.9
2017-11-04,30.6,23.1,1.8,1.8,72,19.6
2017-11-05,30.5,24.5,0.9,0.9,79,21.3
2017-11-06,31.1,23.8,0.0,0.0,76,16.6
2017-11-07,31.9,23.0,0.0,0.0,74,13.7
2017-11-08,32.1,23.0,0.0,0.0,69,12.0
2017-11-09,31.9,22.3,0.0,0.0,70,11.5
2017-11-10,31.9,22.3,0.0,0.0,70,13.4
2017-11-11,31.6,22.2,0.0,0.0,67,15.0
2017-11-12,31.7,23.5,0.0,0.0,63,16.0
2017-11-13,31.7,24.4,0.0,0.0,62,18.1
2017-11-14,29.4,22.7,4.7,4.7,77,19.7
2017-11-15,31.4,23.8,1.5,1.5,77,15.1
2017-11-16,33.0,23.5,0.0,0.0,69,19.7
2017-11-17,29.8,24.1,2.3,2.3,83,7.9
2017-11-18,30.5,24.0,0.7,0.7,84,9.1
2017-11-19,31.0,24.0,0.9,0.9,83,8.3
2017-11-20,31.6,24.4,0.9,0.9,82,12.6
2017-11-21,32.0,23.7,0.1,0.1,77,16.9
2017-11-22,32.0,22.9,0.0,0.0,74,13.6
2017-11-23,32.8,23.1,0.3,0.3,77,13.0
2017-11-24,30.8,23.4,0.4,0.4,75,12.3
2017-11-25,31.0,22.3,0.0,0.0,70,15.5
2017-11-26,31.7,20.2,0.0,0.0,67,13.9
2017-11-27,31.8,20.6,0.0,0.0,71,14.8
2017-11-28,31.3,20.2,0.0,0.0,70,13.1
2017-11-29,31.1,20.8,0.0,0.0,69,17.0
2017-11-30,30.8,20.1,0.0,0.0,70,18.2
2017-12-01,30.3,20.2,0.0,0.0,68,18.1
2017-12-02,29.7,20.1,0.0,0.0,68,18.8
2017-12-03,29.7,19.2,0.0,0.0,67,14.4
2017-12-04,29.9,19.3,0.0,0.0,67,15.4
2017-12-05,29.8,19.4,0.0,0.0,70,18.0
2017-12-06,30.3,19.4,0.0,0.0,70,14.2
2017-12-07,29.2,19.4,0.0,0.0,66,12.2
2017-12-08,33.4,19.5,0.0,0.0,56,12.7
2017-12-09,33.7,22.0,0.0,0.0,55,12.2
2017-12-10,33.3,20.9,0.0,0.0,60,9.7
2017-12-11,32.6,20.7,0.0,0.0,73,18.2
2017-12-12,30.1,23.2,0.3,0.3,76,12.2
2017-12-13,31.5,22.2,0.0,0.0,75,15.1
2017-12-14,31.1,22.9,0.2,0.2,76,13.3
2017-12-15,31.6,21.7,0.0,0.0,69,15.8
2017-12-16,32.2,19.8,0.0,0.0,61,17.5
2017-12-17,32.2,20.0,0.0,0.0,59,14.0
2017-12-18,31.2,19.4,0.0,0.0,65,14.3
2017-12-19,30.4,19.6,0.0,0.0,66,15.2
2017-12-20,30.1,17.8,0.0,0.0,66,14.8
2017-12-21,30.5,18.7,0.0,0.0,68,15.0
2017-12-22,31.3,18.8,0.0,0.0,68,13.4
2017-12-23,30.6,19.2,0.0,0.0,72,13.8
2017-12-24,30.7,19.6,0.0,0.0,72,14.6
2017-12-25,31.5,19.8,0.0,0.0,72,9.5
2017-12-26,31.4,19.9,0.0,0.0,68,9.5
2017-12-27,30.9,19.1,0.0,0.0,60,12.5
2017-12-28,30.4,17.7,0.0,0.0,61,12.6
2017-12-29,29.8,17.6,0.0,0.0,65,15.0
2017-12-30,31.6,18.7,0.0,0.0,62,12.3
2017-12-31,31.7,20.5,0.0,0.0,56,20.1
2018-01-01,32.1,22.3,0.3,0.3,55,17.1
2018-01-02,32.0,21.3,0.0,0.0,60,14.2
2018-01-03,31.4,20.5,0.0,0.0,59,12.2
2018-01-04,30.5,18.0,0.0,0.0,68,15.2
2018-01-05,30.6,17.7,0.0,0.0,66,16.7
2018-01-06,30.2,17.8,0.0,0.0,66,15.5
2018-01-07,30.4,17.6,0.0,0.0,67,16.2
2018-01-08,30.0,18.2,0.0,0.0,64,17.9
2018-01-09,30.3,19.1,0.0,0.0,58,16.4
2018-01-10,31.5,19.9,0.0,0.0,64,14.8
2018-01-11,33.4,20.1,0.0,0.0,70,19.8
2018-01-12,33.7,20.4,0.0,0.0,73,16.9
2018-01-13,32.5,20.8,0.0,0.0,74,17.1
2018-01-14,32.8,21.3,0.0,0.0,73,17.0
2018-01-15,33.0,20.9,0.0,0.0,71,19.1
2018-01-16,31.8,20.8,0.0,0.0,70,17.0
2018-01-17,31.1,20.5,0.0,0.0,71,16.4
2018-01-18,31.2,18.4,0.0,0.0,67,15.5
2018-01-19,30.8,18.6,0.0,0.0,68,16.7
2018-01-20,30.7,18.5,0.0,0.0,69,18.3
2018-01-21,30.5,18.4,0.0,0.0,67,14.4
2018-01-22,30.0,17.9,0.0,0.0,67,15.4
2018-01-23,30.6,18.3,0.0,0.0,68,17.9
2018-01-24,32.4,18.8,0.0,0.0,68,19.1
2018-01-25,33.0,19.3,0.0,0.0,67,12.6
2018-01-26,30.0,19.5,0.1,0.1,72,16.2
2018-01-27,31.6,19.2,0.0,0.0,72,19.1
2018-01-28,31.5,19.8,0.0,0.0,69,19.2
2018-01-29,31.7,19.7,0.0,0.0,68,16.0
2018-01-30,31.7,19.1,0.0,0.0,67,18.6
2018-01-31,33.1,17.8,0.0,0.0,64,16.9
2018-02-01,34.1,18.0,0.0,0.0,61,14.3
2018-02-02,33.9,18.3,0.0,0.0,62,17.9
2018-02-03,32.4,18.8,0.0,0.0,64,17.0
2018-02-04,32.3,17.6,0.0,0.0,60,19.9
2018-02-05,31.6,18.0,0.0,0.0,64,16.3
2018-02-06,32.5,18.7,0.0,0.0,66,12.4
2018-02-07,33.4,18.2,0.0,0.0,63,14.4
2018-02-08,34.6,21.5,0.1,0.1,65,18.8
2018-02-09,33.8,21.1,0.7,0.7,70,16.6
2018-02-10,33.4,22.2,0.5,0.5,67,14.4
2018-02-11,31.0,21.8,0.0,0.0,71,14.1
2018-02-12,32.6,21.0,0.0,0.0,70,17.4
2018-02-13,32.6,21.5,0.0,0.0,64,17.3
2018-02-14,33.2,19.5,0.0,0.0,58,18.6
2018-02-15,33.9,19.8,0.0,0.0,57,19.1
2018-02-16,34.8,20.0,0.0,0.0,64,20.2
2018-02-17,33.8,20.6,0.0,0.0,72,21.0
2018-02-18,33.8,21.0,0.0,0.0,69,22.3
2018-02-19,33.6,20.7,0.0,0.0,69,22.3
2018-02-20,34.1,20.7,0.0,0.0,67,22.3
2018-02-21,34.5,20.3,0.0,0.0,64,22.0
2018-02-22,35.3,20.6,0.0,0.0,64,22.4
2018-02-23,34.0,20.7,0.0,0.0,67,18.8
2018-02-24,34.4,19.5,0.0,0.0,62,15.2
2018-02-25,35.7,18.0,0.0,0.0,52,12.6
2018-02-26,36.4,17.7,0.0,0.0,41,12.7
2018-02-27,36.9,20.2,0.0,0.0,44,21.6
2018-02-28,37.3,20.6,0.0,0.0,55,23.6
2018-03-01,36.9,20.8,0.0,0.0,57,20.5
2018-03-02,37.1,20.9,0.0,0.0,61,20.2
2018-03-03,37.3,21.3,0.0,0.0,58,22.7
2018-03-04,37.5,21.1,0.0,0.0,57,20.5
2018-03-05,36.6,21.0,0.0,0.0,65,19.1
2018-03-06,36.8,21.7,0.0,0.0,68,19.5
2018-03-07,37.6,21.5,0.0,0.0,65,20.9
2018-03-08,37.6,19.9,0.0,0.0,61,21.0
2018-03-09,37.3,22.7,0.2,0.2,66,20.8
2018-03-10,37.0,23.0,0.0,0.0,65,18.6
2018-03-11,37.4,23.1,0.3,0.3,66,17.6
2018-03-12,36.3,22.2,0.0,0.0,68,17.3
2018-03-13,38.8,22.8,0.0,0.0,63,23.0
2018-03-14,36.5,21.6,0.0,0.0,67,20.6
2018-03-15,35.8,24.1,0.0,0.0,70,19.5
2018-03-16,33.8,24.6,0.6,0.6,73,15.9
2018-03-17,30.0,24.1,1.9,1.9,76,10.9
2018-03-18,36.2,21.9,0.0,0.0,61,20.2
2018-03-19,37.3,22.2,0.0,0.0,61,21.3
2018-03-20,37.3,24.2,0.0,0.0,65,24.5
2018-03-21,37.3,24.0,0.0,0.0,66,18.7
2018-03-22,37.8,24.1,2.3,2.3,70,16.9
2018-03-23,38.1,25.3,0.3,0.3,68,18.4
2018-03-24,37.4,26.1,0.3,0.3,71,18.0
2018-03-25,36.3,25.8,0.8,0.8,69,16.9
2018-03-26,36.8,24.5,0.0,0.0,67,20.2
2018-03-27,37.3,24.7,0.0,0.0,69,21.3
2018-03-28,36.6,24.6,0.6,0.6,72,21.9
2018-03-29,36.3,24.8,0.2,0.2,71,19.2
2018-03-30,35.8,25.3,0.1,0.1,71,20.5
2018-03-31,35.3,25.7,0.0,0.0,69,19.3
2018-04-01,35.2,25.0,0.0,0.0,67,20.4
2018-04-02,35.1,25.2,1.0,1.0,70,20.6
2018-04-03,34.4,25.8,1.0,1.0,73,18.0
2018-04-04,35.6,24.6,0.0,0.0,70,20.4
2018-04-05,36.1,24.7,0.0,0.0,68,18.8
2018-04-06,35.6,25.2,0.1,0.1,69,17.8
2018-04-07,35.5,25.4,0.1,0.1,71,14.2
2018-04-08,35.3,24.8,1.2,1.2,67,16.1
2018-04-09,36.8,24.9,0.5,0.5,67,17.3
2018-04-10,36.8,23.8,0.0,0.0,67,19.5
2018-04-11,37.1,24.9,1.0,1.0,65,20.5
2018-04-12,37.7,25.6,0.8,0.8,66,20.2
2018-04-13,36.8,26.2,0.3,0.3,66,20.2
2018-04-14,37.4,26.5,0.8,0.8,68,19.4
2018-04-15,37.8,26.8,0.9,0.9,67,16.8
2018-04-16,38.8,26.8,2.3,2.3,66,16.2
2018-04-17,38.0,27.1,0.0,0.0,66,21.6
2018-04-18,39.9,27.0,0.0,0.0,67,19.5
2018-04-19,38.5,27.8,0.0,0.0,67,23.9
2018-04-20,37.8,28.1,0.0,0.0,68,22.0
2018-04-21,37.7,28.5,0.0,0.0,70,19.4
2018-04-22,37.4,28.2,0.0,0.0,65,22.8
2018-04-23,37.9,27.3,0.9,0.9,66,15.9
2018-04-24,36.4,27.9,1.0,1.0,68,17.4
2018-04-25,37.0,27.7,1.2,1.2,66,17.7
2018-04-26,38.0,26.2,0.0,0.0,68,19.7
2018-04-27,37.9,27.2,0.0,0.0,67,18.2
2018-04-28,37.6,27.3,0.0,0.0,64,18.9
2018-04-29,36.6,26.5,0.1,0.1,69,22.3
2018-04-30,37.9,27.4,0.0,0.0,70,23.0
2018-05-01,37.5,28.2,0.1,0.1,69,21.7
2018-05-02,37.9,27.3,0.3,0.3,69,20.0
2018-05-03,35.4,27.4,3.0,3.0,70,19.6
2018-05-04,36.2,26.6,0.4,0.4,70,19.8
2018-05-05,36.6,26.9,0.2,0.2,69,20.4
2018-05-06,37.6,27.2,0.0,0.0,65,18.4
2018-05-07,38.9,27.5,0.5,0.5,67,20.3
2018-05-08,38.2,28.1,0.0,0.0,67,17.9
2018-05-09,37.8,28.7,0.0,0.0,69,20.0
2018-05-10,38.1,28.6,0.0,0.0,66,18.4
2018-05-11,38.1,28.6,0.0,0.0,68,16.2
2018-05-12,38.8,28.9,1.3,1.3,67,15.3
2018-05-13,37.6,28.7,0.7,0.7,69,19.7
2018-05-14,33.6,28.3,7.0,7.0,72,14.4
2018-05-15,36.5,26.8,0.1,0.1,66,16.3
2018-05-16,37.2,27.0,0.0,0.0,67,19.1
2018-05-17,37.7,27.4,1.4,1.4,67,20.3
2018-05-18,38.3,27.7,0.4,0.4,65,17.3
2018-05-19,38.7,28.4,0.3,0.3,66,19.9
2018-05-20,37.5,28.8,2.6,2.6,64,17.7
2018-05-21,37.4,28.3,0.2,0.2,65,17.2
2018-05-22,37.5,28.6,0.3,0.3,67,17.6
2018-05-23,37.9,28.0,0.0,0.0,66,15.5
2018-05-24,37.7,28.5,1.0,1.0,65,17.5
2018-05-25,37.4,28.0,0.7,0.7,67,17.8
2018-05-26,38.7,27.8,0.6,0.6,66,19.6
2018-05-27,39.1,27.8,0.3,0.3,65,19.9
2018-05-28,38.7,28.5,0.1,0.1,66,20.6
2018-05-29,41.5,28.5,0.1,0.1,63,21.9
2018-05-30,41.6,29.1,0.0,0.0,63,19.4
2018-05-31,41.1,30.2,0.4,0.4,62,18.4
2018-06-01,36.6,29.5,2.9,2.9,68,17.5
2018-06-02,36.0,28.6,1.6,1.6,70,15.0
2018-06-03,37.3,27.3,0.2,0.2,69,17.2
2018-06-04,40.1,28.7,0.0,0.0,63,15.0
2018-06-05,37.0,27.4,11.3,11.3,68,18.2
2018-06-06,34.2,27.5,8.8,8.8,81,13.4
2018-06-07,34.9,26.6,11.7,11.7,75,18.6
2018-06-08,36.0,26.6,3.8,3.8,73,20.1
2018-06-09,34.7,26.6,1.4,1.4,71,23.9
2018-06-10,33.2,27.6,3.5,3.5,70,22.4
2018-06-11,31.7,26.1,23.2,23.2,74,26.7
2018-06-12,30.5,25.4,26.7,26.7,85,20.6
2018-06-13,35.1,26.3,3.3,3.3,71,22.4
2018-06-14,36.2,28.3,0.0,0.0,63,18.8
2018-06-15,37.2,26.7,0.0,0.0,64,17.7
2018-06-16,37.1,28.7,0.8,0.8,58,18.2
2018-06-17,38.0,28.4,0.0,0.0,57,25.0
2018-06-18,37.9,30.3,0.1,0.1,50,19.9
2018-06-19,38.4,30.2,0.0,0.0,53,20.5
2018-06-20,37.3,29.1,3.6,3.6,64,20.1
2018-06-21,35.0,29.0,7.2,7.2,70,13.8
2018-06-22,35.1,27.3,5.3,5.3,72,10.2
2018-06-23,33.7,26.4,11.7,11.7,81,11.5
2018-06-24,34.7,26.3,7.4,7.4,74,13.1
2018-06-25,36.1,27.4,0.1,0.1,62,19.5
2018-06-26,34.7,27.9,0.0,0.0,62,20.5
2018-06-27,32.2,25.3,7.2,7.2,74,18.8
2018-06-28,29.6,24.2,25.7,25.7,88,15.4
2018-06-29,31.8,24.0,25.0,25.0,83,8.2
2018-06-30,30.7,25.3,11.8,11.8,85,14.0
2018-07-01,31.7,25.7,18.5,18.5,82,14.7
2018-07-02,31.9,25.4,7.8,7.8,80,14.0
2018-07-03,32.5,24.9,5.9,5.9,79,18.6
2018-07-04,33.6,25.6,1.6,1.6,73,19.3
2018-07-05,33.0,26.1,0.7,0.7,72,19.0
2018-07-06,31.9,25.0,5.5,5.5,81,20.2
2018-07-07,29.0,25.1,16.2,16.2,88,22.7
2018-07-08,30.4,25.2,44.7,44.7,86,23.8
2018-07-09,29.0,25.5,5.0,5.0,86,21.6
2018-07-10,28.5,24.8,21.2,21.2,90,20.7
2018-07-11,28.8,25.2,11.9,11.9,87,22.4
2018-07-12,27.4,24.5,29.7,29.7,90,23.9
2018-07-13,32.7,24.6,9.9,9.9,80,26.7
2018-07-14,29.4,25.2,9.7,9.7,85,23.4
2018-07-15,26.2,25.4,71.1,71.1,92,26.8
2018-07-16,29.2,25.1,17.8,17.8,87,25.2
2018-07-17,32.9,25.4,8.9,8.9,75,31.0
2018-07-18,33.1,26.0,0.0,0.0,70,27.3
2018-07-19,32.9,27.2,3.1,3.1,72,23.8
2018-07-20,27.1,25.2,27.4,27.4,90,22.6
2018-07-21,28.3,25.3,12.5,12.5,86,24.5
2018-07-22,31.0,26.0,0.2,0.2,75,28.9
2018-07-23,32.6,26.7,1.6,1.6,71,22.0
2018-07-24,33.1,25.4,2.0,2.0,77,18.0
2018-07-25,33.0,26.2,1.0,1.0,76,18.7
2018-07-26,33.1,27.5,0.1,0.1,68,21.8
2018-07-27,31.6,25.8,1.4,1.4,76,22.0
2018-07-28,32.7,25.5,2.7,2.7,75,20.1
2018-07-29,32.1,26.5,5.4,5.4,81,19.5
2018-07-30,32.4,26.4,0.2,0.2,74,18.2
2018-07-31,32.4,26.9,0.6,0.6,72,20.2
2018-08-01,33.0,26.6,0.3,0.3,68,18.8
2018-08-02,32.7,24.8,3.6,3.6,76,17.7
2018-08-03,31.0,25.4,3.6,3.6,79,18.3
2018-08-04,33.2,26.6,0.1,0.1,73,19.3
2018-08-05,32.1,25.3,3.6,3.6,75,19.9
2018-08-06,32.2,26.9,0.0,0.0,66,24.0
2018-08-07,28.0,24.6,18.8,18.8,86,19.5
2018-08-08,28.4,24.2,5.2,5.2,87,23.2
2018-08-09,32.0,24.0,7.5,7.5,82,20.0
2018-08-10,29.3,24.3,18.5,18.5,88,18.4
2018-08-11,29.0,24.7,22.3,22.3,90,21.4
2018-08-12,30.1,24.5,23.4,23.4,85,29.4
2018-08-13,27.3,24.3,45.5,45.5,90,23.0
2018-08-14,28.1,24.4,21.7,21.7,90,22.0
2018-08-15,27.4,25.0,41.3,41.3,93,20.6
2018-08-16,31.3,24.6,8.8,8.8,84,25.3
2018-08-17,31.9,25.1,2.7,2.7,79,21.8
2018-08-18,31.4,25.7,13.9,13.9,81,23.9
2018-08-19,28.0,24.9,54.0,54.0,90,24.9
2018-08-20,27.0,24.8,105.4,105.4,90,25.6
2018-08-21,31.4,24.6,6.1,6.1,77,30.8
2018-08-22,32.9,25.7,0.1,0.1,71,24.1
2018-08-23,32.3,26.8,2.2,2.2,74,23.3
2018-08-24,29.2,25.6,12.8,12.8,83,17.1
2018-08-25,29.1,24.8,5.3,5.3,84,15.5
2018-08-26,28.7,25.4,4.4,4.4,84,20.2
2018-08-27,29.9,24.6,17.7,17.7,83,24.0
2018-08-28,30.9,24.9,2.8,2.8,85,19.5
2018-08-29,32.1,25.1,1.9,1.9,84,15.5
2018-08-30,32.7,25.4,0.3,0.3,78,16.1
2018-08-31,31.4,25.4,6.0,6.0,83,19.0
2018-09-01,30.4,25.6,16.2,16.2,83,17.0
2018-09-02,31.1,24.8,7.6,7.6,84,12.9
2018-09-03,31.8,25.4,2.6,2.6,81,14.1
2018-09-04,32.1,25.7,1.7,1.7,80,13.7
2018-09-05,32.1,25.9,0.6,0.6,77,15.8
2018-09-06,29.6,25.8,0.4,0.4,74,20.4
2018-09-07,31.2,24.6,0.8,0.8,75,19.9
2018-09-08,32.0,24.1,0.8,0.8,75,12.7
2018-09-09,31.7,23.6,0.0,0.0,76,12.5
2018-09-10,32.3,24.3,0.7,0.7,80,15.9
2018-09-11,33.0,25.6,0.2,0.2,82,12.6
2018-09-12,31.3,25.9,4.9,4.9,86,16.4
2018-09-13,30.3,24.9,25.9,25.9,89,12.2
2018-09-14,31.1,25.6,17.2,17.2,88,9.3
2018-09-15,33.2,25.7,3.3,3.3,83,9.5
2018-09-16,32.0,25.5,1.8,1.8,78,9.8
2018-09-17,29.5,25.0,24.2,24.2,89,12.0
2018-09-18,31.7,24.3,22.5,22.5,87,13.4
2018-09-19,32.6,25.0,30.9,30.9,85,14.9
2018-09-20,28.6,25.4,4.4,4.4,88,17.8
2018-09-21,30.2,24.3,40.1,40.1,84,24.2
2018-09-22,29.5,23.7,35.7,35.7,91,17.2
2018-09-23,30.4,24.5,2.7,2.7,89,11.6
2018-09-24,30.6,24.4,1.4,1.4,87,12.0
2018-09-25,31.7,24.7,4.5,4.5,87,9.0
2018-09-26,31.4,25.0,5.4,5.4,88,10.1
2018-09-27,31.5,24.3,3.8,3.8,88,9.7
2018-09-28,31.0,24.4,3.6,3.6,86,11.0
2018-09-29,32.5,24.4,0.0,0.0,81,6.5
2018-09-30,32.3,25.1,1.9,1.9,83,9.1
2018-10-01,32.1,25.2,2.6,2.6,84,10.0
2018-10-02,32.1,24.9,1.2,1.2,85,9.0
2018-10-03,32.2,24.4,0.3,0.3,82,10.2
2018-10-04,31.5,24.0,0.8,0.8,84,13.8
2018-10-05,32.5,23.3,0.0,0.0,78,11.6
2018-10-06,32.5,22.5,0.0,0.0,78,11.7
2018-10-07,32.5,24.0,0.0,0.0,77,15.1
2018-10-08,33.5,23.9,0.0,0.0,72,10.3
2018-10-09,34.8,23.4,0.0,0.0,69,10.9
2018-10-10,33.0,23.1,0.0,0.0,58,23.7
2018-10-11,32.6,25.8,0.0,0.0,60,22.3
2018-10-12,32.9,25.0,0.1,0.1,73,13.2
2018-10-13,31.7,25.3,7.6,7.6,82,9.9
2018-10-14,30.7,23.6,4.6,4.6,87,14.5
2018-10-15,30.7,24.0,7.6,7.6,88,9.9
2018-10-16,30.6,24.2,1.2,1.2,87,10.3
2018-10-17,30.0,24.3,1.9,1.9,88,13.4
2018-10-18,31.2,23.7,0.0,0.0,81,8.6
2018-10-19,32.2,21.4,0.0,0.0,76,9.3
2018-10-20,32.5,21.5,0.0,0.0,75,9.8
2018-10-21,32.6,21.5,0.0,0.0,77,10.5
2018-10-22,33.4,22.2,0.0,0.0,77,10.7
2018-10-23,33.0,22.8,0.0,0.0,77,13.3
2018-10-24,33.2,22.8,0.2,0.2,75,9.7
2018-10-25,32.3,23.5,0.0,0.0,75,8.0
2018-10-26,33.1,22.7,0.0,0.0,65,18.7
2018-10-27,33.1,20.8,0.0,0.0,61,13.9
2018-10-28,32.4,21.1,0.0,0.0,64,15.8
2018-10-29,33.0,22.4,0.0,0.0,64,13.1
2018-10-30,32.9,24.0,0.3,0.3,69,15.8
2018-10-31,31.2,24.2,0.7,0.7,74,19.5
2018-11-01,30.0,25.0,1.7,1.7,78,17.0
2018-11-02,31.8,24.7,0.0,0.0,75,14.6
2018-11-03,32.6,24.8,0.3,0.3,76,14.1
2018-11-04,32.7,24.3,0.2,0.2,76,14.0
2018-11-05,33.2,24.5,0.0,0.0,76,13.0
2018-11-06,33.3,23.2,0.0,0.0,73,12.7
2018-11-07,33.5,22.6,0.0,0.0,71,11.3
2018-11-08,33.4,21.8,0.0,0.0,71,14.8
2018-11-09,33.0,23.1,0.1,0.1,71,11.2
2018-11-10,34.0,22.6,0.0,0.0,70,15.7
2018-11-11,33.4,22.7,0.0,0.0,66,11.5
2018-11-12,33.2,22.1,0.0,0.0,62,13.9
2018-11-13,33.3,21.5,0.0,0.0,62,11.6
2018-11-14,34.0,22.2,0.0,0.0,57,18.0
2018-11-15,32.5,24.3,0.3,0.3,62,23.8
2018-11-16,32.2,24.8,2.6,2.6,74,16.3
2018-11-17,32.5,24.0,2.7,2.7,83,13.3
2018-11-18,33.1,24.2,2.0,2.0,80,12.1
2018-11-19,33.0,24.5,0.0,0.0,75,15.0
2018-11-20,33.0,23.7,0.0,0.0,70,17.0
2018-11-21,32.0,23.1,0.6,0.6,66,20.6
2018-11-22,30.1,23.2,0.2,0.2,71,14.4
2018-11-23,32.6,23.0,0.0,0.0,68,11.9
2018-11-24,32.5,21.8,0.0,0.0,66,12.5
2018-11-25,31.8,20.4,0.0,0.0,64,15.5
2018-11-26,31.2,18.7,0.0,0.0,62,12.6
2018-11-27,30.8,19.1,0.0,0.0,61,14.5
2018-11-28,30.0,20.3,0.2,0.2,65,14.8
2018-11-29,31.2,20.8,0.0,0.0,69,13.3
2018-11-30,30.8,20.8,0.0,0.0,67,12.2
2018-12-01,30.7,21.5,0.0,0.0,66,14.8
2018-12-02,31.2,20.9,0.0,0.0,65,16.2
2018-12-03,31.0,21.4,0.0,0.0,65,16.9
2018-12-04,30.7,23.1,0.1,0.1,66,20.7
2018-12-05,31.8,23.5,0.1,0.1,64,13.8
2018-12-06,30.9,22.9,2.6,2.6,78,9.8
2018-12-07,31.9,22.5,0.3,0.3,75,12.7
2018-12-08,30.6,23.4,1.8,1.8,72,13.5
2018-12-09,31.7,22.5,0.0,0.0,71,15.0
2018-12-10,31.6,21.8,0.0,0.0,70,15.2
2018-12-11,31.4,22.3,0.0,0.0,67,11.0
2018-12-12,32.6,21.6,0.0,0.0,69,14.7
2018-12-13,32.0,22.1,0.0,0.0,67,17.3
2018-12-14,32.2,22.4,0.0,0.0,62,21.6
2018-12-15,30.4,22.2,0.0,0.0,52,20.1
2018-12-16,25.0,19.6,9.1,9.1,66,15.6
2018-12-17,21.2,18.9,55.6,55.6,91,30.8
2018-12-18,26.3,18.8,0.4,0.4,76,18.4
2018-12-19,26.6,20.5,1.8,1.8,81,14.0
2018-12-20,28.0,19.3,0.0,0.0,76,13.8
2018-12-21,28.2,19.5,0.0,0.0,79,12.6
2018-12-22,27.7,20.0,0.0,0.0,79,13.2
2018-12-23,28.2,19.9,0.0,0.0,76,12.6
2018-12-24,28.6,18.9,0.0,0.0,78,8.0
2018-12-25,29.3,19.0,0.0,0.0,80,11.0
2018-12-26,29.3,19.3,0.0,0.0,80,15.8
2018-12-27,27.7,20.4,0.0,0.0,81,11.5
2018-12-28,29.3,18.7,1.0,1.0,72,9.9
2018-12-29,27.4,18.7,0.0,0.0,73,16.4
2018-12-30,27.6,18.0,0.0,0.0,62,13.2
2018-12-31,27.2,14.9,0.0,0.0,62,9.3
2019-01-01,27.7,14.1,0.0,0.0,63,9.2
2019-01-02,28.8,14.9,0.0,0.0,67,9.9
2019-01-03,30.4,15.8,0.0,0.0,73,7.9
2019-01-04,29.7,17.7,0.0,0.0,72,14.3
2019-01-05,29.2,17.6,0.0,0.0,72,13.9
2019-01-06,29.5,18.0,0.0,0.0,70,12.6
2019-01-07,31.1,17.5,0.0,0.0,70,11.2
2019-01-08,32.1,16.7,0.0,0.0,64,10.8
2019-01-09,31.0,16.3,0.0,0.0,67,12.2
2019-01-10,30.0,18.5,0.0,0.0,74,15.3
2019-01-11,29.9,19.8,0.0,0.0,72,18.6
2019-01-12,29.8,18.6,0.0,0.0,71,13.7
2019-01-13,30.5,19.3,0.0,0.0,72,14.1
2019-01-14,31.2,18.8,0.0,0.0,71,10.8
2019-01-15,32.2,17.7,0.0,0.0,67,14.6
2019-01-16,30.7,19.1,0.0,0.0,71,17.4
2019-01-17,30.7,19.7,0.0,0.0,72,16.6
2019-01-18,32.1,19.4,0.0,0.0,72,21.2
2019-01-19,31.4,19.6,0.0,0.0,69,15.4
2019-01-20,31.8,19.1,0.0,0.0,73,15.1
2019-01-21,30.9,18.6,0.0,0.0,75,13.8
2019-01-22,30.5,18.4,0.0,0.0,72,13.3
2019-01-23,31.2,18.1,0.0,0.0,69,13.4
2019-01-24,31.6,19.3,0.0,0.0,71,15.3
2019-01-25,31.7,21.1,0.0,0.0,69,19.3
2019-01-26,32.0,20.9,0.0,0.0,67,17.4
2019-01-27,30.4,22.5,0.7,0.7,66,14.7
2019-01-28,23.9,21.4,5.7,5.7,81,13.1
2019-01-29,30.5,18.8,0.0,0.0,63,17.9
2019-01-30,29.7,17.7,0.0,0.0,67,18.3
2019-01-31,29.8,19.3,0.1,0.1,67,16.0
2019-02-01,30.4,18.3,0.0,0.0,67,11.2
2019-02-02,31.3,18.8,0.0,0.0,68,16.2
2019-02-03,31.5,19.7,0.0,0.0,67,16.7
2019-02-04,32.7,20.3,0.0,0.0,58,15.9
2019-02-05,34.4,19.9,0.0,0.0,64,21.3
2019-02-06,33.5,19.5,0.0,0.0,64,18.8
2019-02-07,33.4,19.2,0.0,0.0,66,18.6
2019-02-08,32.5,20.6,0.0,0.0,69,15.9
2019-02-09,33.5,22.3,0.3,0.3,70,13.6
2019-02-10,33.7,20.3,0.0,0.0,61,17.4
2019-02-11,32.4,22.6,0.0,0.0,68,19.1
2019-02-12,33.1,21.6,0.0,0.0,68,17.7
2019-02-13,33.7,20.5,0.0,0.0,64,14.8
2019-02-14,34.6,19.9,0.0,0.0,67,15.9
2019-02-15,34.4,19.3,0.0,0.0,69,18.4
2019-02-16,32.9,20.5,0.1,0.1,73,17.0
2019-02-17,32.1,22.9,1.0,1.0,74,14.3
2019-02-18,32.6,23.1,0.5,0.5,74,15.6
2019-02-19,34.2,23.8,0.4,0.4,74,17.9
2019-02-20,34.8,23.6,0.0,0.0,70,18.0
2019-02-21,35.4,22.0,0.0,0.0,70,18.7
2019-02-22,38.4,21.0,0.0,0.0,62,22.3
2019-02-23,37.9,21.8,0.0,0.0,55,19.1
2019-02-24,37.4,21.7,0.0,0.0,60,22.3
2019-02-25,35.4,22.0,0.0,0.0,70,21.5
2019-02-26,32.5,22.0,0.0,0.0,73,20.2
2019-02-27,32.9,22.3,0.2,0.2,70,19.1
2019-02-28,32.4,23.5,1.2,1.2,72,18.9
2019-03-01,32.1,23.9,2.6,2.6,77,14.5
2019-03-02,32.3,24.0,0.7,0.7,71,14.3
2019-03-03,33.3,23.8,0.4,0.4,71,14.3
2019-03-04,34.5,23.8,0.0,0.0,70,19.3
2019-03-05,34.4,24.8,0.1,0.1,73,21.7
2019-03-06,33.9,24.5,1.3,1.3,79,17.1
2019-03-07,34.2,25.6,0.9,0.9,75,15.2
2019-03-08,33.6,24.9,2.9,2.9,78,15.4
2019-03-09,33.5,24.9,2.9,2.9,78,15.4
2019-03-10,34.3,23.8,0.1,0.1,73,17.4
2019-03-11,35.4,23.5,0.0,0.0,71,19.5
2019-03-12,36.8,22.8,0.0,0.0,68,18.8
2019-03-13,37.3,23.7,0.0,0.0,67,19.2
2019-03-14,37.8,21.6,0.0,0.0,65,19.9
2019-03-15,37.8,21.7,0.0,0.0,65,18.6
2019-03-16,37.1,22.2,0.0,0.0,67,18.8
2019-03-17,36.6,23.0,0.0,0.0,67,21.1
2019-03-18,35.4,21.1,0.0,0.0,61,18.1
2019-03-19,35.2,22.1,0.0,0.0,68,18.4
2019-03-20,35.4,23.8,0.0,0.0,68,20.7
2019-03-21,35.1,24.8,0.0,0.0,64,17.7
2019-03-22,35.6,22.8,0.0,0.0,67,17.0
2019-03-23,37.3,24.7,0.0,0.0,65,17.6
2019-03-24,37.9,24.4,0.0,0.0,66,17.3
2019-03-25,38.1,25.2,0.0,0.0,64,18.9
2019-03-26,37.3,24.0,0.0,0.0,66,19.4
2019-03-27,37.7,24.4,0.0,0.0,65,20.5
2019-03-28,37.8,24.2,0.0,0.0,63,19.9
2019-03-29,37.5,24.7,0.2,0.2,67,18.8
2019-03-30,37.5,24.5,0.0,0.0,68,18.9
2019-03-31,38.1,24.6,0.0,0.0,68,21.1
2019-04-01,36.9,25.2,0.0,0.0,68,19.1
2019-04-02,36.2,24.9,0.0,0.0,70,19.8
2019-04-03,36.3,23.1,0.0,0.0,69,20.6
2019-04-04,36.2,24.0,0.0,0.0,69,19.8
2019-04-05,37.1,24.2,0.5,0.5,71,20.7
2019-04-06,37.0,25.0,0.8,0.8,70,14.3
2019-04-07,36.3,24.3,0.8,0.8,73,18.0
2019-04-08,35.1,25.3,1.2,1.2,69,20.0
2019-04-09,35.3,26.2,0.0,0.0,71,20.6
2019-04-10,37.8,26.1,0.3,0.3,69,18.8
2019-04-11,38.1,25.3,0.0,0.0,69,16.4
2019-04-12,38.3,25.5,0.3,0.3,67,16.4
2019-04-13,38.1,25.8,0.5,0.5,67,18.0
2019-04-14,39.6,25.8,0.0,0.0,67,21.3
2019-04-15,39.5,25.2,0.0,0.0,64,22.1
2019-04-16,39.4,24.2,0.0,0.0,66,22.0
2019-04-17,37.6,23.2,0.0,0.0,67,18.0
2019-04-18,37.6,26.2,0.0,0.0,66,20.6
2019-04-19,36.9,26.1,0.2,0.2,67,16.2
2019-04-20,37.8,27.8,1.3,1.3,65,17.1
2019-04-21,36.4,27.5,0.3,0.3,66,15.8
2019-04-22,39.3,27.1,0.2,0.2,64,15.9
2019-04-23,39.4,26.6,1.3,1.3,67,18.2
2019-04-24,39.0,26.2,0.0,0.0,64,15.2
2019-04-25,39.7,26.5,0.0,0.0,64,19.2
2019-04-26,39.9,26.8,0.0,0.0,64,18.1
2019-04-27,39.1,28.3,0.0,0.0,65,18.8
2019-04-28,38.7,28.9,0.0,0.0,63,18.7
2019-04-29,38.4,28.3,0.0,0.0,64,17.9
2019-04-30,40.3,27.5,0.0,0.0,64,19.8
2019-05-01,38.8,27.4,1.1,1.1,64,23.5
2019-05-02,36.4,29.2,0.1,0.1,56,20.9
2019-05-03,41.6,28.9,0.0,0.0,52,18.1
2019-05-04,43.8,28.7,0.0,0.0,50,19.2
2019-05-05,42.3,27.7,0.0,0.0,54,24.5
2019-05-06,41.2,27.7,0.4,0.4,64,21.6
2019-05-07,38.8,28.2,2.1,2.1,70,18.2
2019-05-08,42.0,29.5,0.2,0.2,62,21.6
2019-05-09,41.6,29.5,0.1,0.1,58,18.3
2019-05-10,39.6,29.1,0.0,0.0,64,18.8
2019-05-11,37.6,29.3,0.0,0.0,67,23.4
2019-05-12,38.9,28.6,0.0,0.0,68,19.0
2019-05-13,37.2,28.9,0.1,0.1,66,21.7
2019-05-14,38.9,28.1,0.1,0.1,67,16.2
2019-05-15,38.0,29.0,0.0,0.0,65,19.6
2019-05-16,39.0,28.2,0.0,0.0,66,19.2
2019-05-17,39.1,28.4,0.0,0.0,66,16.5
2019-05-18,40.8,28.4,0.0,0.0,66,17.3
2019-05-19,39.6,28.7,0.0,0.0,63,17.6
2019-05-20,38.7,28.0,0.0,0.0,65,20.3
2019-05-21,37.6,28.0,0.0,0.0,66,22.9
2019-05-22,38.5,28.2,0.0,0.0,66,21.3
2019-05-23,37.5,28.1,0.0,0.0,68,23.3
2019-05-24,39.4,28.3,0.0,0.0,67,21.2
2019-05-25,40.9,28.9,0.0,0.0,66,21.6
2019-05-26,40.5,29.3,0.0,0.0,66,19.3
2019-05-27,40.6,29.2,0.0,0.0,68,19.2
2019-05-28,38.6,29.8,0.0,0.0,65,22.7
2019-05-29,38.4,29.0,0.0,0.0,68,21.7
2019-05-30,37.7,29.4,0.2,0.2,68,20.0
2019-05-31,38.8,29.2,0.0,0.0,66,20.5
2019-06-01,41.5,29.1,0.1,0.1,61,15.2
2019-06-02,39.6,29.8,0.0,0.0,66,19.5
2019-06-03,40.2,29.8,5.2,5.2,66,13.9
2019-06-04,37.3,28.4,1.5,1.5,71,16.2
2019-06-05,38.5,29.2,0.0,0.0,68,22.7
2019-06-06,38.6,29.6,0.0,0.0,68,24.9
2019-06-07,38.0,28.7,0.0,0.0,71,22.3
2019-06-08,38.9,27.8,13.2,13.2,68,15.0
2019-06-09,38.5,28.2,12.5,12.5,72,17.5
2019-06-10,39.9,28.2,4.3,4.3,66,23.0
2019-06-11,39.5,28.5,0.0,0.0,66,19.2
2019-06-12,40.2,28.8,0.0,0.0,60,23.5
2019-06-13,40.6,31.4,0.0,0.0,45,20.8
2019-06-14,40.5,31.4,0.0,0.0,49,22.0
2019-06-15,41.4,30.8,0.0,0.0,46,22.1
2019-06-16,41.1,30.7,0.0,0.0,47,22.1
2019-06-17,36.0,27.8,1.8,1.8,60,22.2
2019-06-18,37.6,27.2,1.9,1.9,60,17.3
2019-06-19,40.8,30.3,0.0,0.0,49,18.2
2019-06-20,38.2,28.0,11.7,11.7,70,17.6
2019-06-21,31.9,26.4,23.2,23.2,80,14.3
2019-06-22,33.0,26.9,4.9,4.9,79,16.4
2019-06-23,33.5,26.2,7.6,7.6,78,17.1
2019-06-24,33.1,26.4,3.9,3.9,77,18.4
2019-06-25,33.2,26.5,9.9,9.9,79,14.4
2019-06-26,33.6,26.4,6.6,6.6,79,15.2
2019-06-27,36.0,27.2,0.7,0.7,71,18.9
2019-06-28,37.1,27.6,3.9,3.9,63,21.3
2019-06-29,34.2,26.5,5.2,5.2,68,27.5
2019-06-30,36.0,26.2,3.9,3.9,64,28.6
2019-07-01,29.9,25.3,22.1,22.1,84,23.9
2019-07-02,32.8,25.6,2.1,2.1,76,25.2
2019-07-03,33.5,26.6,1.2,1.2,66,27.4
2019-07-04,36.1,27.3,3.2,3.2,63,22.6
2019-07-05,31.2,26.6,6.4,6.4,81,18.8
2019-07-06,32.8,26.0,3.8,3.8,73,25.8
2019-07-07,34.5,27.8,0.7,0.7,61,26.6
2019-07-08,37.7,26.5,1.1,1.1,63,22.0
2019-07-09,36.3,27.9,0.4,0.4,59,23.7
2019-07-10,35.9,27.5,0.5,0.5,68,23.4
2019-07-11,35.6,27.9,0.7,0.7,63,21.1
2019-07-12,34.3,26.4,1.4,1.4,68,16.6
2019-07-13,36.4,28.0,3.1,3.1,67,15.6
2019-07-14,34.2,26.3,7.5,7.5,74,17.7
2019-07-15,35.5,26.8,5.3,5.3,73,17.9
2019-07-16,36.4,26.7,5.0,5.0,71,15.0
2019-07-17,38.0,27.9,0.1,0.1,59,13.8
2019-07-18,35.5,28.1,1.4,1.4,64,15.3
2019-07-19,33.2,26.4,5.9,5.9,80,13.7
2019-07-20,32.4,25.3,21.9,21.9,84,11.1
2019-07-21,33.1,25.1,17.3,17.3,84,11.9
2019-07-22,32.5,25.7,10.7,10.7,83,13.0
2019-07-23,31.1,25.1,9.3,9.3,86,12.6
2019-07-24,32.6,26.1,6.0,6.0,80,13.8
2019-07-25,31.2,27.0,6.2,6.2,81,16.2
2019-07-26,28.5,25.0,57.3,57.3,92,21.7
2019-07-27,28.1,24.8,34.8,34.8,90,19.9
2019-07-28,27.8,24.6,17.4,17.4,90,24.7
2019-07-29,29.2,25.0,5.5,5.5,88,18.1
2019-07-30,31.8,24.5,1.0,1.0,78,22.7
2019-07-31,31.2,26.0,1.2,1.2,76,20.5
2019-08-01,28.8,25.1,25.2,25.2,90,19.8
2019-08-02,26.4,24.8,22.8,22.8,91,24.9
2019-08-03,31.3,24.3,0.4,0.4,78,27.7
2019-08-04,32.1,25.2,0.3,0.3,72,30.6
2019-08-05,30.8,25.9,1.5,1.5,77,29.5
2019-08-06,28.5,25.0,21.7,21.7,85,27.6
2019-08-07,28.7,24.8,25.8,25.8,88,26.6
2019-08-08,31.6,24.7,10.9,10.9,84,26.9
2019-08-09,32.6,25.5,1.8,1.8,80,23.8
2019-08-10,32.9,25.5,0.3,0.3,78,21.6
2019-08-11,33.4,26.9,0.1,0.1,72,23.6
2019-08-12,32.2,27.3,2.9,2.9,75,21.2
2019-08-13,30.8,26.2,6.4,6.4,86,18.1
2019-08-14,32.9,25.5,3.0,3.0,84,17.2
2019-08-15,32.1,25.3,10.4,10.4,84,19.5
2019-08-16,32.5,25.4,12.5,12.5,86,13.0
2019-08-17,31.7,26.1,19.1,19.1,87,16.1
2019-08-18,31.2,25.8,6.5,6.5,85,13.9
2019-08-19,32.2,25.7,9.3,9.3,86,11.3
2019-08-20,31.9,25.3,16.8,16.8,87,17.3
2019-08-21,31.5,26.1,29.9,29.9,85,18.4
2019-08-22,33.2,25.5,11.0,11.0,84,17.5
2019-08-23,31.0,25.7,6.6,6.6,83,21.7
2019-08-24,31.6,25.5,10.3,10.3,83,16.3
2019-08-25,32.5,25.9,2.3,2.3,82,17.7
2019-08-26,33.0,25.8,0.2,0.2,76,19.6
2019-08-27,33.4,26.0,0.2,0.2,76,18.6
2019-08-28,33.3,26.4,0.9,0.9,77,14.2
2019-08-29,32.3,27.3,1.9,1.9,78,15.1
2019-08-30,33.3,26.1,20.8,20.8,81,15.2
2019-08-31,30.0,24.9,24.2,24.2,87,18.1
2019-09-01,27.9,25.3,20.5,20.5,90,18.4
2019-09-02,28.3,24.6,40.0,40.0,89,22.0
2019-09-03,27.0,25.1,15.6,15.6,90,19.6
2019-09-04,29.5,25.1,7.3,7.3,87,25.3
2019-09-05,30.7,25.2,7.2,7.2,83,23.0
2019-09-06,30.4,25.8,1.9,1.9,78,28.1
2019-09-07,29.6,25.8,3.9,3.9,80,23.2
2019-09-08,31.7,25.9,0.9,0.9,78,27.2
2019-09-09,32.5,25.6,1.5,1.5,77,22.0
2019-09-10,31.0,26.8,1.3,1.3,81,17.0
2019-09-11,32.1,26.0,9.5,9.5,84,14.2
2019-09-12,31.2,25.7,5.2,5.2,83,17.9
2019-09-13,31.7,25.9,4.6,4.6,85,13.0
2019-09-14,32.2,25.9,6.7,6.7,86,13.7
2019-09-15,32.2,25.6,14.5,14.5,84,14.5
2019-09-16,32.3,25.9,17.0,17.0,86,11.8
2019-09-17,30.0,25.4,37.4,37.4,90,8.7
2019-09-18,29.2,24.9,30.4,30.4,92,14.5
2019-09-19,30.0,24.6,11.1,11.1,90,14.8
2019-09-20,31.0,24.4,26.7,26.7,89,9.8
2019-09-21,30.4,25.2,8.4,8.4,90,12.3
2019-09-22,31.0,24.9,3.6,3.6,88,14.8
2019-09-23,30.8,25.0,8.8,8.8,89,15.0
2019-09-24,29.2,24.9,18.5,18.5,91,13.3
2019-09-25,27.8,24.9,14.9,14.9,92,17.2
2019-09-26,28.5,24.7,10.0,10.0,91,16.9
2019-09-27,30.9,24.4,9.2,9.2,88,12.3
2019-09-28,30.3,24.1,8.9,8.9,88,12.2
2019-09-29,30.0,24.5,6.6,6.6,86,12.0
2019-09-30,30.0,25.5,0.0,0.0,85,13.3
2019-10-01,31.1,24.9,4.0,4.0,87,10.8
2019-10-02,30.8,25.0,8.8,8.8,88,13.0
2019-10-03,30.3,24.6,16.4,16.4,91,7.8
2019-10-04,30.7,24.1,17.4,17.4,89,13.0
2019-10-05,30.1,24.3,5.2,5.2,91,10.0
2019-10-06,30.3,23.7,8.5,8.5,89,11.8
2019-10-07,30.6,23.9,8.6,8.6,89,8.9
2019-10-08,29.7,23.6,22.1,22.1,91,7.0
2019-10-09,29.7,24.5,7.7,7.7,89,7.9
2019-10-10,30.0,23.7,9.3,9.3,90,10.0
2019-10-11,30.4,23.7,2.0,2.0,89,9.8
2019-10-12,31.0,24.2,5.8,5.8,88,11.6
2019-10-13,30.2,25.0,2.7,2.7,89,6.5
2019-10-14,30.3,24.7,6.1,6.1,88,10.6
2019-10-15,31.6,25.2,0.5,0.5,81,17.3
2019-10-16,28.2,25.4,4.8,4.8,88,17.8
2019-10-17,28.2,24.9,4.6,4.6,88,16.4
2019-10-18,30.7,24.7,4.2,4.2,87,14.2
2019-10-19,29.3,24.5,7.3,7.3,90,14.7
2019-10-20,30.1,24.3,9.7,9.7,91,14.8
2019-10-21,29.7,24.3,5.4,5.4,90,14.1
2019-10-22,26.0,24.2,32.9,32.9,94,15.3
2019-10-23,26.5,23.6,24.1,24.1,94,13.6
2019-10-24,29.0,24.0,17.0,17.0,92,12.2
2019-10-25,30.4,24.0,18.5,18.5,90,12.5
2019-10-26,29.1,23.6,9.2,9.2,89,12.4
2019-10-27,31.2,23.8,2.3,2.3,86,8.7
2019-10-28,31.2,24.3,0.8,0.8,86,12.9
2019-10-29,29.3,24.8,3.9,3.9,88,16.2
2019-10-30,29.4,24.5,4.3,4.3,90,13.8
2019-10-31,30.6,23.6,1.3,1.3,90,10.8
2019-11-01,31.6,23.9,0.9,0.9,86,6.9
2019-11-02,31.3,24.3,6.3,6.3,87,7.2
2019-11-03,31.0,23.7,0.6,0.6,84,10.4
2019-11-04,32.8,23.4,0.0,0.0,76,8.7
2019-11-05,32.6,22.6,0.0,0.0,75,6.8
2019-11-06,31.0,22.4,0.5,0.5,79,9.4
2019-11-07,31.7,22.1,0.0,0.0,77,12.2
2019-11-08,31.4,21.0,0.0,0.0,73,17.1
2019-11-09,31.5,20.6,0.0,0.0,68,16.3
2019-11-10,32.3,21.6,0.0,0.0,72,8.3
2019-11-11,31.1,22.6,0.6,0.6,78,9.7
2019-11-12,30.6,22.8,0.2,0.2,77,13.4
2019-11-13,30.6,23.7,0.0,0.0,75,17.1
2019-11-14,30.6,22.5,0.3,0.3,72,17.6
2019-11-15,31.0,22.5,0.0,0.0,73,13.8
2019-11-16,32.0,22.8,0.0,0.0,73,12.9
2019-11-17,32.6,23.6,0.0,0.0,72,12.2
2019-11-18,31.4,24.4,2.0,2.0,82,13.3
2019-11-19,32.1,24.2,0.9,0.9,74,15.0
2019-11-20,30.7,23.7,0.2,0.2,75,18.9
2019-11-21,30.5,22.6,0.0,0.0,72,17.7
2019-11-22,31.1,21.7,0.0,0.0,74,13.4
2019-11-23,31.5,21.3,0.0,0.0,74,14.6
2019-11-24,31.1,21.3,0.0,0.0,76,14.1
2019-11-25,31.4,21.6,0.0,0.0,75,16.6
2019-11-26,30.6,21.5,0.0,0.0,75,20.9
2019-11-27,31.2,22.0,0.0,0.0,73,20.7
2019-11-28,30.4,23.2,0.0,0.0,76,19.9
2019-11-29,32.5,22.4,0.0,0.0,75,14.8
2019-11-30,32.3,22.6,0.0,0.0,76,13.5
2019-12-01,30.3,23.5,0.3,0.3,75,16.9
2019-12-02,26.4,24.1,3.7,3.7,83,13.2
2019-12-03,30.0,23.6,0.0,0.0,71,18.0
2019-12-04,30.7,22.2,0.0,0.0,68,18.8
2019-12-05,30.0,21.2,0.0,0.0,69,15.8
2019-12-06,29.2,20.5,0.0,0.0,65,17.9
2019-12-07,30.5,19.9,0.0,0.0,70,16.8
2019-12-08,29.6,21.6,0.8,0.8,76,16.7
2019-12-09,29.6,21.9,0.1,0.1,74,15.5
2019-12-10,30.1,21.1,0.0,0.0,72,12.8
2019-12-11,29.5,20.5,0.0,0.0,72,11.0
2019-12-12,29.8,20.8,0.1,0.1,72,15.5
2019-12-13,29.1,21.2,1.0,1.0,75,14.1
2019-12-14,29.8,21.8,0.8,0.8,76,15.9
2019-12-15,29.9,20.9,0.1,0.1,75,14.9
2019-12-16,31.4,21.3,0.0,0.0,71,15.5
2019-12-17,30.8,21.1,0.0,0.0,71,16.3
2019-12-18,31.0,21.3,0.0,0.0,73,15.4
2019-12-19,30.9,21.7,0.0,0.0,75,15.3
2019-12-20,31.5,21.5,0.0,0.0,74,14.5
2019-12-21,30.3,21.1,0.0,0.0,76,13.4
2019-12-22,29.9,21.7,0.5,0.5,74,14.8
2019-12-23,29.2,20.5,0.0,0.0,73,15.9
2019-12-24,29.9,20.5,0.2,0.2,71,17.8
2019-12-25,30.7,20.6,0.0,0.0,68,14.9
2019-12-26,30.6,19.7,0.0,0.0,72,10.9
2019-12-27,30.0,22.0,0.1,0.1,71,13.1
2019-12-28,29.2,21.7,0.2,0.2,76,16.9
2019-12-29,29.1,19.8,0.0,0.0,66,18.8
2019-12-30,29.1,19.5,0.0,0.0,67,16.1
2019-12-31,30.3,20.2,0.0,0.0,65,20.1
2020-01-01,28.1,21.3,0.9,0.9,75,22.4
2020-01-02,28.6,22.7,7.0,7.0,79,21.1
2020-01-03,29.5,22.0,4.6,4.6,80,13.3
2020-01-04,28.6,22.5,6.1,6.1,89,11.1
2020-01-05,28.1,22.1,2.4,2.4,81,13.3
2020-01-06,28.7,22.0,0.0,0.0,74,19.2
2020-01-07,30.2,21.4,0.0,0.0,71,17.3
2020-01-08,29.7,19.9,0.0,0.0,74,14.6
2020-01-09,31.4,19.5,0.0,0.0,73,16.2
2020-01-10,29.5,20.2,0.7,0.7,78,12.7
2020-01-11,29.5,21.5,0.8,0.8,77,13.0
2020-01-12,30.8,20.8,0.0,0.0,73,14.8
2020-01-13,31.0,18.3,0.0,0.0,72,14.9
2020-01-14,30.8,19.2,0.0,0.0,72,13.9
2020-01-15,30.1,17.8,0.0,0.0,71,14.5
2020-01-16,28.4,19.0,0.2,0.2,76,12.4
2020-01-17,31.3,19.6,0.0,0.0,72,14.9
2020-01-18,31.3,20.8,0.1,0.1,72,13.9
2020-01-19,31.4,21.6,0.0,0.0,71,12.2
2020-01-20,32.1,20.6,0.0,0.0,70,15.2
2020-01-21,32.0,21.8,0.0,0.0,72,17.5
2020-01-22,32.5,21.8,0.0,0.0,71,14.3
2020-01-23,32.1,21.8,0.0,0.0,73,14.4
2020-01-24,33.8,19.7,0.0,0.0,72,19.3
2020-01-25,33.0,21.1,0.0,0.0,71,18.5
2020-01-26,33.5,20.9,0.0,0.0,70,11.9
2020-01-27,33.2,21.1,0.0,0.0,72,16.7
2020-01-28,31.8,22.3,0.0,0.0,70,20.2
2020-01-29,32.2,21.6,0.0,0.0,72,16.2
2020-01-30,32.7,20.9,0.0,0.0,73,12.2
2020-01-31,31.2,22.5,0.7,0.7,72,13.8
2020-02-01,31.3,22.6,0.4,0.4,72,16.4
2020-02-02,30.3,22.4,1.7,1.7,72,14.1
2020-02-03,30.8,21.8,1.9,1.9,77,13.2
2020-02-04,29.8,22.2,1.3,1.3,77,12.3
2020-02-05,31.5,21.7,0.2,0.2,73,15.2
2020-02-06,31.9,21.3,0.0,0.0,75,18.1
2020-02-07,31.4,22.1,0.0,0.0,69,17.5
2020-02-08,30.9,21.1,0.1,0.1,69,18.1
2020-02-09,28.9,22.2,1.1,1.1,74,17.9
2020-02-10,29.4,22.1,0.5,0.5,70,18.5
2020-02-11,30.2,22.1,0.3,0.3,70,18.1
2020-02-12,31.1,22.3,0.1,0.1,69,13.0
2020-02-13,33.9,21.2,0.0,0.0,69,18.5
2020-02-14,35.4,20.5,0.0,0.0,66,15.1
2020-02-15,34.9,20.6,0.0,0.0,71,18.2
2020-02-16,34.3,21.2,0.0,0.0,68,19.9
2020-02-17,34.3,20.4,0.0,0.0,68,19.5
2020-02-18,33.4,20.9,0.0,0.0,70,17.0
2020-02-19,32.3,22.2,0.0,0.0,70,17.2
2020-02-20,33.3,21.4,0.0,0.0,67,19.3
2020-02-21,32.7,21.5,0.0,0.0,64,16.8
2020-02-22,33.2,20.8,0.0,0.0,64,16.5
2020-02-23,34.4,20.8,0.0,0.0,64,21.0
2020-02-24,33.7,21.8,0.0,0.0,68,18.4
2020-02-25,31.5,22.3,0.2,0.2,73,17.7
2020-02-26,32.2,22.5,0.4,0.4,74,14.3
2020-02-27,31.8,23.2,1.3,1.3,73,13.0
2020-02-28,32.1,22.6,0.2,0.2,68,19.7
2020-02-29,33.4,21.9,0.0,0.0,65,17.6
2020-03-01,33.3,21.6,0.0,0.0,66,16.5
2020-03-02,32.1,22.3,0.0,0.0,66,15.7
2020-03-03,34.6,21.9,0.0,0.0,65,16.7
2020-03-04,34.2,22.7,0.0,0.0,64,17.7
2020-03-05,33.4,22.8,0.0,0.0,69,19.1
2020-03-06,32.3,24.7,0.5,0.5,69,22.7
2020-03-07,31.0,24.3,3.3,3.3,73,16.6
2020-03-08,33.1,23.6,0.0,0.0,70,18.1
2020-03-09,33.9,23.0,0.1,0.1,68,15.5
2020-03-10,34.4,23.5,0.0,0.0,65,17.4
2020-03-11,33.7,22.5,0.0,0.0,68,19.4
2020-03-12,35.4,22.5,0.0,0.0,68,17.8
2020-03-13,36.4,23.0,0.0,0.0,68,18.4
2020-03-14,36.4,22.7,0.0,0.0,68,21.9
2020-03-15,35.7,22.2,0.0,0.0,68,18.7
2020-03-16,36.1,23.1,0.0,0.0,66,16.8
2020-03-17,36.5,23.2,0.2,0.2,68,17.3
2020-03-18,37.7,22.8,0.0,0.0,64,18.1
2020-03-19,37.4,23.9,3.0,3.0,66,21.8
2020-03-20,34.4,25.1,1.8,1.8,68,18.7
2020-03-21,35.0,23.6,0.0,0.0,67,17.5
2020-03-22,34.3,24.1,0.0,0.0,67,17.8
2020-03-23,34.0,23.8,0.0,0.0,66,16.7
2020-03-24,35.8,23.3,0.1,0.1,66,14.2
2020-03-25,36.0,24.4,0.0,0.0,64,19.1
2020-03-26,38.7,23.9,0.0,0.0,62,21.7
2020-03-27,37.4,24.2,0.0,0.0,61,18.4
2020-03-28,37.8,24.2,0.0,0.0,60,19.1
2020-03-29,38.8,25.1,0.0,0.0,57,20.2
2020-03-30,38.8,25.1,0.0,0.0,60,19.5
2020-03-31,39.1,25.1,0.0,0.0,58,22.0
2020-04-01,40.1,25.3,0.0,0.0,60,22.3
2020-04-02,38.8,25.7,0.0,0.0,65,21.2
2020-04-03,37.0,25.3,0.0,0.0,67,17.4
2020-04-04,37.3,24.7,0.0,0.0,66,17.0
2020-04-05,37.9,25.0,0.0,0.0,64,18.4
2020-04-06,38.5,25.9,0.0,0.0,65,18.0
2020-04-07,36.6,27.5,0.3,0.3,67,16.9
2020-04-08,38.0,26.5,0.1,0.1,66,15.8
2020-04-09,33.9,26.9,4.1,4.1,75,14.5
2020-04-10,37.7,24.5,0.0,0.0,67,17.0
2020-04-11,39.0,24.7,0.0,0.0,64,15.9
2020-04-12,38.8,24.9,0.7,0.7,64,18.9
2020-04-13,39.6,23.9,0.0,0.0,64,17.3
2020-04-14,38.6,24.9,0.0,0.0,63,17.0
2020-04-15,38.8,25.3,0.0,0.0,63,19.0
2020-04-16,38.0,24.9,0.0,0.0,65,18.8
2020-04-17,37.7,26.0,0.0,0.0,65,18.7
2020-04-18,37.2,26.6,0.0,0.0,63,18.6
2020-04-19,37.2,26.2,0.3,0.3,66,17.1
2020-04-20,36.9,26.5,0.4,0.4,66,16.6
2020-04-21,37.3,25.5,0.0,0.0,65,19.4
2020-04-22,36.9,26.3,0.0,0.0,67,20.8
2020-04-23,37.4,26.3,0.0,0.0,67,18.4
2020-04-24,37.1,28.0,0.0,0.0,66,20.5
2020-04-25,36.4,27.8,3.7,3.7,71,19.0
2020-04-26,33.4,27.5,4.5,4.5,74,18.1
2020-04-27,34.9,26.9,6.1,6.1,70,16.4
2020-04-28,35.4,25.8,0.6,0.6,67,14.2
2020-04-29,37.4,27.1,1.7,1.7,68,12.9
2020-04-30,37.4,25.9,0.4,0.4,69,18.4
2020-05-01,38.4,27.0,19.2,19.2,68,16.9
2020-05-02,37.8,27.2,0.1,0.1,67,16.0
2020-05-03,39.1,27.0,0.9,0.9,69,23.3
2020-05-04,38.3,28.1,0.0,0.0,67,19.1
2020-05-05,38.0,27.9,0.1,0.1,67,19.7
2020-05-06,37.2,28.2,0.7,0.7,69,17.9
2020-05-07,39.1,27.4,0.1,0.1,67,17.1
2020-05-08,38.4,28.5,0.0,0.0,64,18.4
2020-05-09,39.8,27.3,0.0,0.0,65,18.0
2020-05-10,38.9,27.8,0.2,0.2,63,17.4
2020-05-11,38.3,27.5,2.6,2.6,67,15.7
2020-05-12,39.7,26.8,0.0,0.0,62,20.1
2020-05-13,39.1,26.8,0.0,0.0,62,18.2
2020-05-14,39.6,26.4,0.0,0.0,61,19.3
2020-05-15,40.3,26.7,0.0,0.0,62,22.8
2020-05-16,40.8,28.8,0.0,0.0,60,12.8
2020-05-17,40.8,28.5,0.0,0.0,55,16.4
2020-05-18,38.9,28.4,0.1,0.1,54,13.4
2020-05-19,40.7,29.1,0.0,0.0,42,23.6
2020-05-20,43.6,28.3,0.0,0.0,32,20.9
2020-05-21,44.2,29.9,0.0,0.0,47,18.9
2020-05-22,42.7,26.9,0.0,0.0,61,18.7
2020-05-23,39.2,28.5,0.0,0.0,69,18.2
2020-05-24,38.4,29.0,0.0,0.0,65,18.8
2020-05-25,37.8,29.1,0.0,0.0,66,19.8
2020-05-26,37.7,28.7,0.2,0.2,65,20.1
2020-05-27,38.7,28.5,0.0,0.0,67,21.6
2020-05-28,39.6,29.5,0.0,0.0,69,24.4
2020-05-29,38.4,29.7,0.0,0.0,67,21.0
2020-05-30,37.5,29.4,0.1,0.1,67,19.1
2020-05-31,36.7,29.5,3.4,3.4,68,18.2
2020-06-01,38.1,29.2,0.5,0.5,65,19.4
2020-06-02,36.9,27.5,4.9,4.9,69,15.5
2020-06-03,35.1,26.9,8.9,8.9,76,12.2
2020-06-04,34.6,27.7,6.1,6.1,75,12.4
2020-06-05,36.5,28.8,0.3,0.3,65,12.6
2020-06-06,38.7,29.0,0.7,0.7,62,18.1
2020-06-07,38.6,28.9,0.0,0.0,57,13.9
2020-06-08,37.1,29.4,0.0,0.0,53,15.4
2020-06-09,37.1,27.1,19.3,19.3,70,14.8
2020-06-10,34.6,26.0,29.3,29.3,78,19.5
2020-06-11,28.1,25.5,43.0,43.0,92,13.6
2020-06-12,29.5,25.4,51.6,51.6,90,17.3
2020-06-13,33.2,26.3,0.0,0.0,72,20.3
2020-06-14,34.6,27.4,0.3,0.3,74,17.9
2020-06-15,33.5,26.9,3.0,3.0,76,20.2
2020-06-16,32.6,26.4,3.1,3.1,76,16.4
2020-06-17,32.3,26.1,4.4,4.4,83,15.5
2020-06-18,31.7,26.3,6.9,6.9,81,20.0
2020-06-19,32.1,26.4,0.9,0.9,79,22.2
2020-06-20,34.4,27.9,1.8,1.8,75,17.6
2020-06-21,31.0,26.7,7.5,7.5,78,22.7
2020-06-22,32.0,26.6,0.5,0.5,73,24.2
2020-06-23,34.2,26.6,4.8,4.8,76,16.7
2020-06-24,32.2,26.6,7.1,7.1,82,10.8
2020-06-25,32.1,26.2,4.1,4.1,83,16.7
2020-06-26,31.9,26.1,3.2,3.2,81,12.3
2020-06-27,33.4,26.0,1.1,1.1,79,14.8
2020-06-28,32.3,26.2,4.3,4.3,83,13.6
2020-06-29,33.1,26.4,12.3,12.3,83,14.4
2020-06-30,32.5,25.8,6.7,6.7,84,13.7
2020-07-01,32.4,25.7,19.7,19.7,85,13.3
2020-07-02,32.6,26.8,14.0,14.0,82,14.1
2020-07-03,33.6,26.5,23.5,23.5,81,14.6
2020-07-04,28.7,25.5,22.8,22.8,90,19.1
2020-07-05,28.6,25.5,12.4,12.4,87,20.9
2020-07-06,31.4,25.9,7.0,7.0,84,20.3
2020-07-07,33.4,25.7,1.7,1.7,79,13.4
2020-07-08,32.4,26.7,13.7,13.7,82,17.1
2020-07-09,30.9,25.5,9.6,9.6,85,16.5
2020-07-10,30.8,25.5,24.8,24.8,86,17.8
2020-07-11,31.9,25.2,2.4,2.4,81,15.0
2020-07-12,32.3,26.5,10.4,10.4,84,12.7
2020-07-13,31.7,25.5,8.6,8.6,84,12.1
2020-07-14,28.8,25.6,15.7,15.7,91,11.9
2020-07-15,27.0,25.0,23.2,23.2,94,16.6
2020-07-16,28.4,24.7,6.0,6.0,89,18.2
2020-07-17,32.5,25.1,8.2,8.2,84,15.0
2020-07-18,31.5,25.2,20.0,20.0,87,13.5
2020-07-19,31.9,25.9,11.0,11.0,86,15.7
2020-07-20,30.6,26.2,6.6,6.6,86,19.7
2020-07-21,31.8,25.6,7.4,7.4,84,20.1
2020-07-22,31.8,26.0,5.2,5.2,84,18.0
2020-07-23,28.8,25.2,13.1,13.1,92,11.6
2020-07-24,31.1,24.8,0.6,0.6,88,8.8
2020-07-25,31.1,26.0,12.1,12.1,87,9.8
2020-07-26,33.0,24.6,6.4,6.4,84,11.0
2020-07-27,34.1,26.1,0.2,0.2,80,13.4
2020-07-28,33.3,26.1,27.5,27.5,83,18.4
2020-07-29,31.4,25.1,13.4,13.4,87,18.6
2020-07-30,32.2,25.9,7.7,7.7,85,10.1
2020-07-31,31.4,25.6,8.9,8.9,86,11.3
2020-08-01,32.1,25.8,4.9,4.9,86,12.5
2020-08-02,33.1,25.7,11.8,11.8,84,14.7
2020-08-03,32.4,26.5,9.6,9.6,80,23.9
2020-08-04,28.9,25.6,12.2,12.2,84,26.8
2020-08-05,28.1,24.9,19.3,19.3,87,25.0
2020-08-06,33.0,25.5,1.1,1.1,78,20.1
2020-08-07,33.6,27.3,2.3,2.3,79,16.2
2020-08-08,33.3,27.6,0.7,0.7,73,19.6
2020-08-09,31.9,26.0,16.5,16.5,82,17.9
2020-08-10,29.0,25.3,15.8,15.8,88,17.7
2020-08-11,32.4,25.2,7.9,7.9,82,21.3
2020-08-12,29.2,25.8,12.4,12.4,87,23.7
2020-08-13,28.2,25.0,15.2,15.2,88,23.8
2020-08-14,27.0,24.4,20.8,20.8,90,21.6
2020-08-15,25.8,23.8,26.9,26.9,93,20.6
2020-08-16,29.0,24.0,15.4,15.4,87,23.2
2020-08-17,30.9,24.6,11.1,11.1,87,19.6
2020-08-18,32.5,25.6,1.1,1.1,81,22.3
2020-08-19,28.3,25.4,15.8,15.8,89,21.3
2020-08-20,27.4,25.0,31.9,31.9,90,21.7
2020-08-21,31.6,25.3,1.7,1.7,84,22.1
2020-08-22,31.0,26.1,3.4,3.4,85,15.3
2020-08-23,30.4,25.2,26.7,26.7,90,18.2
2020-08-24,31.9,25.7,0.5,0.5,84,16.1
2020-08-25,32.6,25.7,2.6,2.6,84,14.1
2020-08-26,30.5,26.1,8.1,8.1,89,11.9
2020-08-27,31.3,25.5,6.1,6.1,88,14.8
2020-08-28,32.4,24.8,0.2,0.2,83,16.2
2020-08-29,32.5,25.5,1.4,1.4,84,13.5
2020-08-30,32.8,25.8,1.3,1.3,83,10.4
2020-08-31,33.4,26.2,0.5,0.5,80,12.0
2020-09-01,34.1,26.7,2.9,2.9,80,11.6
2020-09-02,30.8,25.7,6.2,6.2,90,9.1
2020-09-03,31.7,25.3,6.3,6.3,88,14.8
2020-09-04,31.5,25.5,1.6,1.6,85,13.0
2020-09-05,31.7,25.3,1.7,1.7,85,9.7
2020-09-06,32.0,26.1,2.0,2.0,86,11.9
2020-09-07,31.9,25.6,2.4,2.4,84,12.6
2020-09-08,33.0,25.6,0.3,0.3,83,11.9
2020-09-09,32.7,25.7,3.4,3.4,84,11.9
2020-09-10,32.2,25.9,5.0,5.0,83,14.1
2020-09-11,31.8,25.4,14.4,14.4,87,10.8
2020-09-12,31.4,25.4,33.6,33.6,88,15.5
2020-09-13,30.9,25.0,64.9,64.9,90,12.5
2020-09-14,29.8,25.2,23.3,23.3,90,15.7
2020-09-15,30.8,24.4,24.9,24.9,91,15.3
2020-09-16,31.4,24.5,12.8,12.8,87,10.6
2020-09-17,31.7,25.2,8.2,8.2,88,12.1
2020-09-18,33.0,25.5,8.8,8.8,87,13.3
2020-09-19,32.6,25.4,17.8,17.8,90,10.7
2020-09-20,30.5,25.0,16.7,16.7,90,17.3
2020-09-21,27.7,24.5,31.0,31.0,90,22.3
2020-09-22,30.7,25.3,1.4,1.4,79,23.0
2020-09-23,32.2,26.7,0.3,0.3,79,17.7
2020-09-24,32.8,26.2,0.3,0.3,80,13.7
2020-09-25,30.5,25.2,55.1,55.1,88,15.3
2020-09-26,29.5,24.4,39.7,39.7,91,29.2
2020-09-27,31.5,23.5,7.5,7.5,85,15.5
2020-09-28,33.0,25.0,1.4,1.4,83,12.0
2020-09-29,32.8,26.0,4.8,4.8,83,8.4
2020-09-30,30.4,25.9,1.6,1.6,85,11.7
2020-10-01,31.3,25.5,0.3,0.3,79,17.3
2020-10-02,32.5,24.5,0.3,0.3,75,17.9
2020-10-03,32.3,25.6,2.4,2.4,84,11.2
2020-10-04,32.6,26.0,2.5,2.5,79,16.0
2020-10-05,31.4,25.9,0.0,0.0,77,15.1
2020-10-06,31.2,24.9,3.9,3.9,88,8.3
2020-10-07,30.1,24.2,15.6,15.6,90,7.2
2020-10-08,30.5,24.6,11.4,11.4,90,11.8
2020-10-09,30.5,25.5,7.6,7.6,89,8.3
2020-10-10,30.1,25.1,18.8,18.8,92,12.3
2020-10-11,28.6,24.7,26.1,26.1,93,11.4
2020-10-12,27.7,24.2,73.2,73.2,93,16.9
2020-10-13,29.2,24.6,42.2,42.2,87,23.5
2020-10-14,28.1,24.4,15.3,15.3,91,12.6
2020-10-15,29.7,24.5,9.4,9.4,92,10.8
2020-10-16,30.8,24.3,29.5,29.5,91,12.3
2020-10-17,30.3,24.5,4.4,4.4,90,10.4
2020-10-18,31.6,24.1,6.5,6.5,90,8.2
2020-10-19,30.6,24.9,18.4,18.4,88,10.5
2020-10-20,28.1,24.4,17.5,17.5,93,11.3
2020-10-21,31.6,24.0,3.4,3.4,88,11.3
2020-10-22,32.1,25.1,0.0,0.0,80,12.9
2020-10-23,33.1,23.8,0.0,0.0,77,7.9
2020-10-24,33.6,23.2,0.0,0.0,79,8.0
2020-10-25,33.1,24.3,0.0,0.0,80,10.5
2020-10-26,31.7,23.2,0.0,0.0,80,9.2
2020-10-27,30.7,23.9,0.3,0.3,81,10.9
2020-10-28,30.8,23.7,0.0,0.0,79,9.4
2020-10-29,32.0,23.6,0.0,0.0,67,8.8
2020-10-30,32.6,21.7,0.0,0.0,71,8.4
2020-10-31,32.7,22.3,0.0,0.0,71,9.3
2020-11-01,33.4,22.7,0.0,0.0,74,9.7
2020-11-02,32.9,23.4,0.1,0.1,77,6.6
2020-11-03,32.4,24.6,1.6,1.6,78,8.3
2020-11-04,32.0,24.8,2.5,2.5,82,8.1
2020-11-05,31.1,24.7,1.9,1.9,84,9.4
2020-11-06,30.8,24.7,2.0,2.0,82,16.5
2020-11-07,31.5,24.2,0.4,0.4,75,16.4
2020-11-08,31.7,22.0,0.0,0.0,69,13.0
2020-11-09,30.8,20.0,0.0,0.0,64,8.0
2020-11-10,31.2,19.4,0.0,0.0,65,14.0
2020-11-11,29.1,22.9,2.9,2.9,78,23.7
2020-11-12,28.8,23.8,7.0,7.0,84,21.2
2020-11-13,32.2,24.0,0.0,0.0,66,17.7
2020-11-14,32.1,22.7,0.0,0.0,66,20.9
2020-11-15,30.6,23.6,1.6,1.6,71,22.3
2020-11-16,31.2,23.9,0.0,0.0,72,19.8
2020-11-17,32.4,22.5,0.0,0.0,76,17.7
2020-11-18,32.3,22.6,0.0,0.0,76,12.0
2020-11-19,32.8,22.7,0.0,0.0,76,12.3
2020-11-20,33.1,21.7,0.0,0.0,76,11.8
2020-11-21,34.0,21.6,0.1,0.1,70,10.8
2020-11-22,32.7,23.9,0.4,0.4,73,12.4
2020-11-23,31.9,23.5,0.2,0.2,72,17.1
2020-11-24,31.7,23.4,0.0,0.0,64,19.5
2020-11-25,30.1,23.4,1.2,1.2,64,27.8
2020-11-26,23.2,21.7,65.6,65.6,91,26.1
2020-11-27,26.9,21.3,23.7,23.7,85,28.0
2020-11-28,23.7,20.3,9.8,9.8,86,21.1
2020-11-29,29.2,21.3,0.0,0.0,69,17.4
2020-11-30,29.4,20.2,0.0,0.0,74,13.7
2020-12-01,29.3,19.5,0.0,0.0,77,14.4
2020-12-02,29.1,19.3,0.0,0.0,74,12.3
2020-12-03,29.7,20.5,0.0,0.0,73,15.4
2020-12-04,29.8,20.8,0.0,0.0,75,16.2
2020-12-05,29.7,20.4,0.0,0.0,74,16.2
2020-12-06,29.0,20.1,0.0,0.0,72,18.9
2020-12-07,30.2,20.6,0.0,0.0,71,15.5
2020-12-08,30.0,19.3,0.0,0.0,73,15.8
2020-12-09,30.2,17.3,0.0,0.0,76,9.7
2020-12-10,29.9,16.8,0.0,0.0,78,10.3
2020-12-11,29.6,18.9,0.0,0.0,81,8.8
2020-12-12,29.0,18.6,0.0,0.0,79,9.5
2020-12-13,29.3,18.0,0.0,0.0,76,8.2
2020-12-14,29.8,18.9,0.0,0.0,78,10.8
2020-12-15,29.6,19.9,0.0,0.0,78,19.1
2020-12-16,30.0,21.2,0.0,0.0,77,19.5
2020-12-17,31.1,21.2,0.0,0.0,74,12.9
2020-12-18,29.6,21.6,0.2,0.2,79,13.4
2020-12-19,29.4,21.4,0.1,0.1,77,13.5
2020-12-20,29.1,19.7,0.0,0.0,70,13.2
2020-12-21,28.8,16.5,0.0,0.0,68,11.0
2020-12-22,28.5,16.3,0.0,0.0,70,10.2
2020-12-23,28.6,16.9,0.0,0.0,71,10.9
2020-12-24,28.7,17.2,0.0,0.0,71,11.4
2020-12-25,29.2,18.1,0.0,0.0,72,12.8
2020-12-26,29.4,18.9,0.0,0.0,73,11.7
2020-12-27,29.8,18.6,0.0,0.0,74,9.5
2020-12-28,29.8,19.0,0.0,0.0,75,8.7
2020-12-29,30.0,19.4,0.0,0.0,73,12.9
2020-12-30,29.7,19.7,0.0,0.0,70,18.4
2020-12-31,29.5,20.2,0.0,0.0,70,16.8
2021-01-01,29.2,19.5,0.0,0.0,70,18.4
2021-01-02,29.6,18.9,0.0,0.0,69,18.0
2021-01-03,29.5,19.0,0.0,0.0,74,16.5
2021-01-04,29.6,18.8,0.0,0.0,73,17.2
2021-01-05,31.0,20.7,0.0,0.0,73,16.4
2021-01-06,28.0,22.1,0.0,0.0,73,12.1
2021-01-07,30.5,22.5,0.0,0.0,72,13.1
2021-01-08,32.2,20.9,0.0,0.0,72,16.9
2021-01-09,31.7,19.9,0.0,0.0,70,16.0
2021-01-10,32.4,19.3,0.0,0.0,68,11.6
2021-01-11,32.9,20.2,0.0,0.0,69,11.8
2021-01-12,32.4,19.9,0.0,0.0,72,13.1
2021-01-13,32.2,20.7,0.0,0.0,74,13.2
2021-01-14,32.3,21.0,0.0,0.0,72,13.5
2021-01-15,31.5,21.7,0.0,0.0,73,16.2
2021-01-16,31.7,19.7,0.0,0.0,72,16.3
2021-01-17,30.8,20.4,0.0,0.0,71,16.4
2021-01-18,29.7,20.9,0.2,0.2,74,17.8
2021-01-19,31.6,20.2,0.0,0.0,70,12.3
2021-01-20,33.0,18.7,0.0,0.0,70,14.1
2021-01-21,33.6,19.5,0.0,0.0,70,17.7
2021-01-22,32.1,21.0,0.0,0.0,73,13.6
2021-01-23,32.2,21.7,0.0,0.0,73,17.5
2021-01-24,32.3,21.7,0.0,0.0,72,14.9
2021-01-25,32.4,20.8,0.0,0.0,73,17.8
2021-01-26,32.5,20.5,0.0,0.0,71,14.2
2021-01-27,31.6,21.1,0.0,0.0,73,18.7
2021-01-28,30.0,21.7,0.3,0.3,75,14.0
2021-01-29,29.8,21.4,0.4,0.4,77,11.1
2021-01-30,32.5,20.6,0.0,0.0,72,12.8
2021-01-31,30.6,21.5,0.2,0.2,75,14.8
2021-02-01,30.2,22.1,0.1,0.1,73,15.0
2021-02-02,31.4,20.8,0.0,0.0,68,16.9
2021-02-03,31.8,19.5,0.0,0.0,66,15.1
2021-02-04,30.8,18.3,0.0,0.0,63,15.2
2021-02-05,31.0,18.0,0.0,0.0,65,18.1
2021-02-06,32.5,18.7,0.0,0.0,64,14.8
2021-02-07,33.2,18.7,0.0,0.0,61,12.4
2021-02-08,31.5,20.2,0.0,0.0,66,13.0
2021-02-09,31.8,19.2,0.0,0.0,68,17.7
2021-02-10,32.3,19.2,0.0,0.0,68,13.8
2021-02-11,32.1,19.4,0.0,0.0,71,20.0
2021-02-12,31.9,19.1,0.0,0.0,68,16.7
2021-02-13,32.3,19.0,0.0,0.0,67,19.3
2021-02-14,32.8,18.1,0.0,0.0,68,20.5
2021-02-15,33.7,19.2,0.0,0.0,66,17.3
2021-02-16,32.9,19.9,0.0,0.0,70,14.5
2021-02-17,33.1,19.8,0.0,0.0,69,17.4
2021-02-18,32.2,20.7,0.3,0.3,69,18.3
2021-02-19,31.0,22.4,0.2,0.2,62,19.1
2021-02-20,27.8,22.0,0.2,0.2,66,22.1
2021-02-21,30.2,21.3,0.0,0.0,64,17.2
2021-02-22,33.8,20.8,0.0,0.0,64,12.1
2021-02-23,33.9,19.9,0.0,0.0,67,15.2
2021-02-24,34.6,20.0,0.0,0.0,67,16.9
2021-02-25,36.6,20.2,0.0,0.0,66,18.0
2021-02-26,37.6,20.3,0.0,0.0,67,17.9
2021-02-27,36.4,21.2,0.0,0.0,71,17.7
2021-02-28,37.0,22.3,0.0,0.0,71,22.0
2021-03-01,35.5,21.8,0.0,0.0,71,18.9
2021-03-02,35.1,21.7,0.0,0.0,70,21.3
2021-03-03,36.4,21.1,0.0,0.0,65,16.9
2021-03-04,35.5,21.9,0.0,0.0,68,20.2
2021-03-05,35.5,20.2,0.0,0.0,64,14.8
2021-03-06,36.8,19.8,0.0,0.0,68,19.8
2021-03-07,36.3,21.6,0.0,0.0,72,21.0
2021-03-08,35.3,22.9,0.2,0.2,72,19.9
2021-03-09,35.1,21.9,0.0,0.0,69,15.9
2021-03-10,35.9,21.5,0.0,0.0,69,17.3
2021-03-11,35.4,23.0,0.0,0.0,71,16.8
2021-03-12,35.9,21.2,0.0,0.0,68,18.1
2021-03-13,36.3,20.6,0.0,0.0,61,15.5
2021-03-14,36.2,21.0,0.0,0.0,66,16.7
2021-03-15,35.3,22.5,0.0,0.0,67,13.9
2021-03-16,36.0,23.7,0.0,0.0,68,17.3
2021-03-17,37.4,22.8,0.0,0.0,69,21.7
2021-03-18,35.6,23.3,0.0,0.0,68,16.9
2021-03-19,36.9,22.0,0.0,0.0,66,18.7
2021-03-20,37.7,21.0,0.0,0.0,64,21.2
2021-03-21,37.7,22.8,0.0,0.0,62,17.7
2021-03-22,37.1,24.0,0.0,0.0,68,16.7
2021-03-23,38.2,22.1,0.0,0.0,61,19.2
2021-03-24,38.0,21.9,0.0,0.0,58,16.7
2021-03-25,38.7,23.0,0.0,0.0,57,16.1
2021-03-26,38.9,23.7,0.0,0.0,63,19.3
2021-03-27,38.0,23.8,0.0,0.0,66,15.9
2021-03-28,38.8,24.8,0.0,0.0,68,19.5
2021-03-29,38.3,24.1,0.0,0.0,69,21.4
2021-03-30,39.8,25.1,0.0,0.0,67,20.2
2021-03-31,41.8,24.8,0.0,0.0,67,23.5
2021-04-01,39.6,24.4,0.0,0.0,69,21.6
2021-04-02,41.0,25.8,0.0,0.0,64,20.3
2021-04-03,38.1,26.8,0.1,0.1,67,15.5
2021-04-04,39.3,26.9,0.0,0.0,66,13.1
2021-04-05,37.1,26.6,40.6,40.6,73,14.7
2021-04-06,37.0,24.9,0.0,0.0,68,17.7
2021-04-07,37.1,25.2,0.0,0.0,67,18.1
2021-04-08,36.8,25.8,0.0,0.0,66,18.1
2021-04-09,36.0,25.4,0.4,0.4,66,17.8
2021-04-10,36.1,25.3,0.0,0.0,65,16.3
2021-04-11,37.0,25.5,0.0,0.0,65,18.7
2021-04-12,37.3,25.6,0.1,0.1,67,15.3
2021-04-13,37.1,26.7,1.6,1.6,67,16.5
2021-04-14,37.0,26.5,0.3,0.3,64,16.6
2021-04-15,34.2,25.5,4.4,4.4,71,9.7
2021-04-16,35.5,25.5,0.7,0.7,69,14.7
2021-04-17,37.7,25.4,0.4,0.4,66,16.2
2021-04-18,37.8,25.9,1.5,1.5,68,16.3
2021-04-19,38.6,26.8,4.1,4.1,69,13.1
2021-04-20,36.1,27.3,0.7,0.7,69,16.1
2021-04-21,36.4,26.2,0.2,0.2,66,18.7
2021-04-22,35.7,27.1,1.4,1.4,70,14.7
2021-04-23,35.8,27.6,1.7,1.7,70,12.1
2021-04-24,36.8,26.7,0.2,0.2,71,17.7
2021-04-25,39.0,27.2,0.0,0.0,65,15.7
2021-04-26,38.5,27.0,0.1,0.1,66,17.3
2021-04-27,38.4,26.2,0.0,0.0,64,16.6
2021-04-28,37.9,27.0,1.8,1.8,67,12.8
2021-04-29,37.1,26.9,0.0,0.0,67,15.1
2021-04-30,36.2,26.5,0.3,0.3,69,16.3
2021-05-01,36.8,26.0,0.2,0.2,65,17.1
2021-05-02,38.2,25.7,0.0,0.0,66,16.0
2021-05-03,37.2,27.1,0.0,0.0,65,14.8
2021-05-04,37.3,27.1,0.2,0.2,65,17.3
2021-05-05,37.4,27.3,0.0,0.0,64,18.4
2021-05-06,36.9,27.5,0.0,0.0,62,16.7
2021-05-07,36.1,27.0,0.2,0.2,66,16.7
2021-05-08,37.7,27.4,0.1,0.1,64,17.4
2021-05-09,37.1,28.2,0.0,0.0,63,16.6
2021-05-10,37.7,27.8,0.3,0.3,65,16.6
2021-05-11,37.1,28.7,0.0,0.0,66,16.4
2021-05-12,37.1,27.3,0.3,0.3,67,18.8
2021-05-13,35.6,28.5,2.2,2.2,70,15.9
2021-05-14,37.9,28.8,0.1,0.1,65,17.7
2021-05-15,37.8,28.3,1.5,1.5,67,22.2
2021-05-16,35.1,26.8,7.0,7.0,74,22.4
2021-05-17,35.2,26.5,3.0,3.0,75,17.1
2021-05-18,35.1,27.6,0.7,0.7,73,18.4
2021-05-19,35.3,27.6,1.0,1.0,73,18.5
2021-05-20,37.5,27.1,0.5,0.5,68,17.3
2021-05-21,38.6,26.8,16.6,16.6,75,13.2
2021-05-22,34.3,26.0,5.2,5.2,75,14.5
2021-05-23,34.5,27.4,0.0,0.0,73,16.1
2021-05-24,38.2,27.8,0.0,0.0,60,18.9
2021-05-25,37.7,27.9,0.0,0.0,40,23.4
2021-05-26,40.8,27.3,0.0,0.0,34,27.2
2021-05-27,41.1,29.1,0.0,0.0,36,26.9
2021-05-28,40.3,28.3,0.0,0.0,45,15.9
2021-05-29,37.8,28.9,0.6,0.6,57,17.5
2021-05-30,40.7,28.9,0.3,0.3,57,15.9
2021-05-31,41.6,29.7,0.9,0.9,55,13.7
2021-06-01,38.8,28.2,4.6,4.6,64,18.1
2021-06-02,37.0,27.9,6.4,6.4,74,11.0
2021-06-03,33.7,27.5,7.0,7.0,78,12.3
2021-06-04,34.4,26.7,0.3,0.3,75,15.3
2021-06-05,34.9,27.1,0.2,0.2,73,16.3
2021-06-06,35.2,26.7,3.8,3.8,71,18.0
2021-06-07,35.4,26.7,1.2,1.2,72,15.9
2021-06-08,37.6,28.1,0.1,0.1,61,16.6
2021-06-09,37.7,28.8,0.8,0.8,58,20.2
2021-06-10,34.0,26.7,0.7,0.7,66,21.8
2021-06-11,30.1,25.4,9.2,9.2,83,24.2
2021-06-12,34.2,25.1,4.2,4.2,73,23.9
2021-06-13,31.1,25.5,6.7,6.7,79,22.7
2021-06-14,29.9,25.9,4.3,4.3,81,25.0
2021-06-15,32.6,26.8,1.0,1.0,69,26.4
2021-06-16,34.0,26.2,1.4,1.4,66,20.5
2021-06-17,31.1,27.4,4.1,4.1,71,29.0
2021-06-18,34.4,25.9,0.6,0.6,72,22.8
2021-06-19,34.7,27.8,0.1,0.1,61,25.4
2021-06-20,36.4,27.9,0.0,0.0,55,22.0
2021-06-21,37.5,27.6,0.0,0.0,52,18.7
2021-06-22,36.4,27.3,0.6,0.6,62,14.8
2021-06-23,34.4,27.0,10.8,10.8,70,13.7
2021-06-24,36.0,25.6,0.8,0.8,68,20.1
2021-06-25,36.1,28.2,0.0,0.0,56,23.2
2021-06-26,33.9,27.3,4.9,4.9,70,19.5
2021-06-27,32.9,24.8,37.1,37.1,82,14.7
2021-06-28,32.9,25.6,3.8,3.8,79,15.6
2021-06-29,33.1,26.2,1.4,1.4,78,17.2
2021-06-30,32.9,27.5,8.3,8.3,79,15.9
2021-07-01,32.0,27.2,20.8,20.8,84,14.4
2021-07-02,31.5,25.8,10.6,10.6,83,14.5
2021-07-03,33.9,25.9,1.6,1.6,76,14.8
2021-07-04,33.7,27.0,1.0,1.0,82,11.4
2021-07-05,34.4,27.0,2.2,2.2,77,15.1
2021-07-06,34.7,26.4,0.0,0.0,76,16.2
2021-07-07,32.4,27.0,25.7,25.7,85,14.3
2021-07-08,30.7,26.0,3.4,3.4,81,14.0
2021-07-09,33.4,25.7,2.9,2.9,79,15.1
2021-07-10,32.4,25.4,4.9,4.9,83,12.2
2021-07-11,30.3,25.2,19.8,19.8,87,13.7
2021-07-12,28.1,25.1,35.4,35.4,93,10.9
2021-07-13,29.8,24.7,7.8,7.8,89,16.3
2021-07-14,30.5,24.9,20.6,20.6,86,20.3
2021-07-15,32.2,24.6,16.7,16.7,81,19.4
2021-07-16,31.4,24.6,5.0,5.0,83,15.5
2021-07-17,32.7,25.5,6.3,6.3,82,14.1
2021-07-18,31.3,25.6,9.3,9.3,83,14.0
2021-07-19,32.2,25.4,4.6,4.6,83,15.9
2021-07-20,33.3,25.8,8.9,8.9,77,23.9
2021-07-21,28.0,25.3,35.0,35.0,88,23.4
2021-07-22,26.1,24.6,90.4,90.4,91,27.4
2021-07-23,31.1,24.4,38.3,38.3,83,25.9
2021-07-24,32.5,24.6,1.7,1.7,77,25.2
2021-07-25,33.2,26.6,1.1,1.1,73,21.6
2021-07-26,33.5,26.0,4.7,4.7,75,22.7
2021-07-27,31.7,27.9,0.0,0.0,66,24.1
2021-07-28,32.9,27.5,0.0,0.0,64,24.3
2021-07-29,30.8,27.6,0.0,0.0,67,23.9
2021-07-30,33.5,27.3,0.1,0.1,66,24.6
2021-07-31,32.0,27.1,0.2,0.2,67,23.7
2021-08-01,33.3,26.9,0.0,0.0,63,24.7
2021-08-02,33.9,27.3,1.3,1.3,60,23.6
2021-08-03,34.0,26.9,0.9,0.9,63,23.0
2021-08-04,34.9,27.6,0.2,0.2,62,20.7
2021-08-05,34.9,28.2,1.2,1.2,62,22.4
2021-08-06,34.6,26.7,0.7,0.7,67,21.1
2021-08-07,35.6,26.2,0.8,0.8,69,14.9
2021-08-08,34.3,27.4,6.6,6.6,78,11.2
2021-08-09,33.5,26.7,7.1,7.1,81,10.5
2021-08-10,34.8,26.8,10.1,10.1,78,16.8
2021-08-11,34.9,26.5,0.8,0.8,74,15.8
2021-08-12,34.8,27.2,2.2,2.2,74,12.8
2021-08-13,34.1,26.3,7.4,7.4,75,16.1
2021-08-14,33.0,26.1,8.2,8.2,79,17.4
2021-08-15,32.6,26.0,6.9,6.9,80,18.8
2021-08-16,27.9,25.0,31.2,31.2,92,16.5
2021-08-17,30.0,25.4,9.4,9.4,88,17.5
2021-08-18,30.8,24.7,3.9,3.9,82,20.5
2021-08-19,31.8,24.7,15.4,15.4,84,16.6
2021-08-20,31.0,25.7,2.9,2.9,84,12.9
2021-08-21,29.6,25.0,13.3,13.3,90,16.9
2021-08-22,31.8,24.1,4.6,4.6,85,13.1
2021-08-23,32.4,25.4,0.9,0.9,81,14.3
2021-08-24,31.6,25.1,3.2,3.2,83,15.2
2021-08-25,31.7,26.2,9.8,9.8,85,11.6
2021-08-26,32.9,25.1,7.0,7.0,84,13.4
2021-08-27,31.1,25.7,7.2,7.2,87,13.5
2021-08-28,30.5,25.8,8.0,8.0,89,12.8
2021-08-29,31.5,25.1,3.9,3.9,86,14.4
2021-08-30,29.4,25.0,24.5,24.5,90,8.0
2021-08-31,30.2,24.6,5.3,5.3,87,15.3
2021-09-01,29.8,24.5,25.8,25.8,90,9.4
2021-09-02,31.6,24.6,4.6,4.6,87,12.3
2021-09-03,32.0,24.3,24.1,24.1,87,11.1
2021-09-04,32.4,24.7,18.6,18.6,87,15.0
2021-09-05,31.8,24.7,10.1,10.1,86,14.4
2021-09-06,27.0,25.4,27.8,27.8,94,16.2
2021-09-07,30.3,24.3,4.2,4.2,84,21.9
2021-09-08,31.9,26.5,0.8,0.8,78,21.3
2021-09-09,32.8,26.1,1.7,1.7,78,21.3
2021-09-10,30.8,26.2,5.6,5.6,81,18.7
2021-09-11,29.7,25.4,0.7,0.7,85,19.5
2021-09-12,32.0,25.4,1.5,1.5,79,20.4
2021-09-13,31.2,25.8,5.8,5.8,79,24.8
2021-09-14,32.3,25.6,6.2,6.2,82,23.2
2021-09-15,32.7,26.7,1.6,1.6,80,14.2
2021-09-16,32.2,25.4,1.4,1.4,84,14.6
2021-09-17,32.8,25.1,0.2,0.2,80,12.3
2021-09-18,31.9,25.4,1.9,1.9,85,11.4
2021-09-19,32.9,25.2,1.0,1.0,83,12.4
2021-09-20,30.9,25.8,10.3,10.3,85,12.5
2021-09-21,30.9,25.2,2.4,2.4,81,16.4
2021-09-22,32.1,25.6,3.1,3.1,81,13.7
2021-09-23,30.4,25.7,4.3,4.3,87,13.1
2021-09-24,31.4,24.8,23.1,23.1,88,8.6
2021-09-25,31.1,25.0,8.3,8.3,87,10.5
2021-09-26,32.2,25.4,7.6,7.6,83,15.0
2021-09-27,28.8,25.3,36.7,36.7,90,27.1
2021-09-28,31.1,24.9,3.3,3.3,86,13.2
2021-09-29,31.3,24.4,2.4,2.4,87,7.3
2021-09-30,30.0,25.6,12.2,12.2,88,12.3
2021-10-01,31.7,25.4,0.8,0.8,86,11.7
2021-10-02,31.4,25.3,3.3,3.3,86,10.0
2021-10-03,32.0,25.2,1.1,1.1,87,16.0
2021-10-04,32.4,24.6,4.6,4.6,88,10.3
2021-10-05,31.8,25.0,0.8,0.8,83,16.5
2021-10-06,30.9,25.6,12.2,12.2,89,14.8
2021-10-07,30.9,25.2,4.5,4.5,89,9.4
2021-10-08,31.9,24.7,0.6,0.6,84,9.1
2021-10-09,32.6,26.1,3.1,3.1,84,10.5
2021-10-10,33.4,26.2,2.9,2.9,84,9.1
2021-10-11,33.4,25.5,0.2,0.2,82,11.5
2021-10-12,32.6,24.6,0.8,0.8,86,11.7
2021-10-13,33.3,24.2,3.8,3.8,80,11.7
2021-10-14,33.3,25.0,0.6,0.6,84,8.6
2021-10-15,31.4,24.4,9.7,9.7,87,10.0
2021-10-16,29.2,24.4,6.4,6.4,89,11.8
2021-10-17,31.3,23.5,8.0,8.0,90,12.7
2021-10-18,30.8,24.6,3.1,3.1,89,9.4
2021-10-19,32.5,25.2,0.3,0.3,80,10.9
2021-10-20,33.1,24.3,0.0,0.0,77,8.0
2021-10-21,32.9,24.5,0.0,0.0,80,11.0
2021-10-22,33.5,24.0,0.0,0.0,71,8.3
2021-10-23,31.4,24.7,4.8,4.8,85,14.3
2021-10-24,30.3,23.3,1.4,1.4,81,13.0
2021-10-25,31.7,24.1,0.0,0.0,72,9.4
2021-10-26,31.8,23.1,0.0,0.0,75,7.9
2021-10-27,32.1,22.8,0.0,0.0,72,9.8
2021-10-28,32.2,23.4,0.3,0.3,77,16.2
2021-10-29,31.0,24.2,20.1,20.1,85,21.4
2021-10-30,31.1,23.9,10.0,10.0,88,13.8
2021-10-31,31.2,24.2,5.6,5.6,86,12.5
2021-11-01,28.8,24.0,0.9,0.9,88,15.5
2021-11-02,26.9,23.3,12.4,12.4,90,17.9
2021-11-03,27.9,23.7,23.4,23.4,89,16.2
2021-11-04,28.4,23.2,13.5,13.5,89,19.0
2021-11-05,28.6,23.0,1.8,1.8,85,19.5
2021-11-06,29.2,23.4,0.4,0.4,81,17.0
2021-11-07,29.4,22.5,0.0,0.0,77,13.6
2021-11-08,29.6,21.6,0.0,0.0,73,14.1
2021-11-09,29.8,21.7,0.0,0.0,74,16.2
2021-11-10,29.5,22.3,0.3,0.3,72,14.5
2021-11-11,25.0,22.1,27.4,27.4,90,21.1
2021-11-12,27.3,23.5,2.9,2.9,92,19.9
2021-11-13,29.5,23.7,7.0,7.0,89,15.2
2021-11-14,29.0,23.9,5.6,5.6,88,16.3
2021-11-15,29.2,24.5,5.7,5.7,88,17.7
2021-11-16,29.0,24.3,6.2,6.2,87,18.6
2021-11-17,30.7,24.2,0.1,0.1,81,22.3
2021-11-18,28.2,24.0,1.2,1.2,77,26.8
2021-11-19,25.8,23.7,11.1,11.1,93,21.4
2021-11-20,28.5,23.5,6.7,6.7,89,18.3
2021-11-21,29.5,23.9,7.4,7.4,89,17.1
2021-11-22,30.7,23.9,5.2,5.2,89,9.2
2021-11-23,30.9,23.7,3.5,3.5,89,10.1
2021-11-24,30.8,23.4,0.1,0.1,85,14.8
2021-11-25,30.6,23.6,0.0,0.0,83,14.9
2021-11-26,30.7,22.2,0.0,0.0,80,13.2
2021-11-27,29.6,22.5,0.0,0.0,78,18.0
2021-11-28,28.5,23.6,0.6,0.6,78,21.4
2021-11-29,28.8,22.6,0.0,0.0,76,17.1
2021-11-30,29.2,21.8,0.0,0.0,73,14.8
2021-12-01,28.7,20.9,0.0,0.0,73,15.8
2021-12-02,29.4,19.7,0.0,0.0,70,13.4
2021-12-03,27.4,21.3,0.2,0.2,77,12.4
2021-12-04,31.3,20.8,0.0,0.0,71,8.3
2021-12-05,31.7,21.3,0.2,0.2,75,12.1
2021-12-06,31.5,22.7,0.1,0.1,79,10.5
2021-12-07,30.9,22.6,0.2,0.2,79,12.3
2021-12-08,30.4,23.2,2.3,2.3,75,22.3
2021-12-09,26.9,23.6,1.1,1.1,81,20.2
2021-12-10,30.1,21.9,0.1,0.1,78,18.0
2021-12-11,30.9,21.5,0.0,0.0,78,14.4
2021-12-12,29.8,22.3,0.2,0.2,75,17.7
2021-12-13,29.4,22.1,0.0,0.0,74,19.2
2021-12-14,29.5,21.1,0.0,0.0,71,16.3
2021-12-15,28.5,20.4,0.0,0.0,69,12.8
2021-12-16,29.0,19.2,0.0,0.0,65,16.2
2021-12-17,28.9,18.4,0.0,0.0,64,15.1
2021-12-18,28.6,17.3,0.0,0.0,61,15.4
2021-12-19,29.0,17.8,0.0,0.0,61,10.7
2021-12-20,29.3,17.9,0.0,0.0,64,8.6
2021-12-21,28.8,16.7,0.0,0.0,68,9.4
2021-12-22,29.5,16.7,0.0,0.0,68,10.1
2021-12-23,30.4,17.1,0.0,0.0,69,12.3
2021-12-24,30.5,17.7,0.0,0.0,74,16.9
2021-12-25,31.1,18.7,0.0,0.0,73,14.1
2021-12-26,31.2,20.3,0.0,0.0,73,13.6
2021-12-27,30.4,20.3,0.2,0.2,74,10.5
2021-12-28,30.4,20.4,0.1,0.1,75,12.6
2021-12-29,29.7,20.8,1.5,1.5,78,16.4
2021-12-30,29.3,20.9,1.2,1.2,75,23.1
2021-12-31,30.1,20.7,0.0,0.0,66,19.3
2022-01-01,30.6,20.6,0.0,0.0,69,16.8
2022-01-02,30.3,20.5,0.0,0.0,71,15.3
2022-01-03,30.3,19.8,0.0,0.0,69,16.9
2022-01-04,29.9,18.8,0.0,0.0,68,13.7
2022-01-05,29.9,18.6,0.0,0.0,71,13.8
2022-01-06,30.0,19.1,0.0,0.0,72,15.2
2022-01-07,30.9,18.6,0.0,0.0,73,17.7
2022-01-08,31.2,19.4,0.0,0.0,72,19.1
2022-01-09,31.6,20.0,0.0,0.0,71,13.3
2022-01-10,31.2,19.9,0.4,0.4,70,13.5
2022-01-11,30.8,20.7,1.1,1.1,70,13.3
2022-01-12,30.4,20.8,6.4,6.4,80,15.2
2022-01-13,26.7,20.1,25.6,25.6,89,13.0
2022-01-14,27.3,19.7,5.3,5.3,87,15.4
2022-01-15,27.5,20.6,0.3,0.3,80,14.6
2022-01-16,28.6,20.2,2.0,2.0,76,17.7
2022-01-17,28.8,20.3,0.0,0.0,73,15.9
2022-01-18,29.6,19.2,0.0,0.0,72,9.1
2022-01-19,30.0,18.8,0.0,0.0,73,10.7
2022-01-20,30.9,18.0,0.0,0.0,73,11.9
2022-01-21,32.4,18.8,0.1,0.1,76,16.9
2022-01-22,33.1,18.7,0.0,0.0,72,18.9
2022-01-23,30.7,21.8,3.1,3.1,82,20.3
2022-01-24,30.5,21.0,6.0,6.0,79,13.4
2022-01-25,33.0,20.3,0.0,0.0,59,19.3
2022-01-26,30.0,20.3,0.4,0.4,74,14.8
2022-01-27,31.3,21.4,0.0,0.0,64,12.9
2022-01-28,30.6,19.5,0.0,0.0,65,11.9
2022-01-29,30.7,18.9,0.0,0.0,63,12.6
2022-01-30,32.3,18.0,0.0,0.0,65,11.8
2022-01-31,33.4,17.6,0.0,0.0,69,19.3
2022-02-01,33.2,18.9,0.0,0.0,70,18.0
2022-02-02,33.5,18.9,0.0,0.0,70,23.0
2022-02-03,32.2,19.6,0.0,0.0,71,20.5
2022-02-04,33.3,19.9,0.1,0.1,70,18.4
2022-02-05,32.8,17.6,0.0,0.0,60,10.6
2022-02-06,31.6,20.1,0.0,0.0,63,17.2
2022-02-07,32.5,19.7,0.0,0.0,65,20.0
2022-02-08,32.1,19.9,0.0,0.0,69,17.8
2022-02-09,31.8,20.6,0.0,0.0,67,18.8
2022-02-10,32.6,19.2,0.0,0.0,65,17.4
2022-02-11,34.0,19.4,0.0,0.0,62,14.8
2022-02-12,33.5,21.4,0.0,0.0,65,16.0
2022-02-13,32.4,21.5,0.0,0.0,66,17.8
2022-02-14,32.3,20.0,0.0,0.0,61,17.5
2022-02-15,32.4,19.8,0.0,0.0,63,15.1
2022-02-16,32.7,20.1,0.0,0.0,62,19.2
2022-02-17,32.1,20.0,0.3,0.3,63,11.9
2022-02-18,33.2,20.8,0.0,0.0,66,17.3
2022-02-19,33.7,20.7,0.0,0.0,67,20.5
2022-02-20,35.0,20.1,0.0,0.0,68,23.7
2022-02-21,36.2,21.0,0.1,0.1,71,23.6
2022-02-22,36.1,22.5,0.0,0.0,70,23.2
2022-02-23,34.3,22.6,0.1,0.1,68,21.1
2022-02-24,34.4,21.7,0.0,0.0,69,20.6
2022-02-25,35.0,21.0,0.0,0.0,65,15.7
2022-02-26,34.5,19.8,0.0,0.0,66,13.2
2022-02-27,34.4,20.7,0.0,0.0,61,11.2
2022-02-28,35.6,19.4,0.0,0.0,59,13.2
2022-03-01,36.0,20.0,0.0,0.0,57,19.1
2022-03-02,36.0,20.3,0.0,0.0,54,10.6
2022-03-03,36.0,21.2,0.0,0.0,59,21.4
2022-03-04,36.0,22.2,0.0,0.0,51,19.7
2022-03-05,35.9,21.7,0.0,0.0,51,19.5
2022-03-06,35.7,21.1,0.0,0.0,53,17.8
2022-03-07,35.7,22.0,0.0,0.0,59,18.3
2022-03-08,36.4,22.5,0.0,0.0,57,18.4
2022-03-09,37.2,23.4,0.0,0.0,57,22.8
2022-03-10,37.5,22.5,0.0,0.0,57,21.8
2022-03-11,37.5,22.1,0.0,0.0,54,22.8
2022-03-12,37.3,21.9,0.0,0.0,50,15.5
2022-03-13,38.3,22.5,0.0,0.0,48,19.6
2022-03-14,38.2,22.8,0.0,0.0,51,20.3
2022-03-15,39.1,22.6,0.0,0.0,52,21.2
2022-03-16,40.0,22.1,0.0,0.0,58,22.7
2022-03-17,40.8,22.5,0.0,0.0,66,25.3
2022-03-18,37.3,23.6,0.0,0.0,65,15.5
2022-03-19,35.9,23.9,0.5,0.5,68,14.4
2022-03-20,37.6,24.3,0.1,0.1,69,15.2
2022-03-21,36.2,25.8,2.4,2.4,73,25.6
2022-03-22,37.1,24.9,0.2,0.2,71,18.2
2022-03-23,37.2,25.5,0.1,0.1,73,21.0
2022-03-24,36.3,25.6,0.8,0.8,69,18.7
2022-03-25,36.3,23.9,0.6,0.6,73,17.7
2022-03-26,36.8,24.8,0.0,0.0,70,18.7
2022-03-27,37.7,25.7,0.0,0.0,71,19.0
2022-03-28,38.3,25.8,0.3,0.3,72,23.4
2022-03-29,37.4,25.4,1.0,1.0,73,22.3
2022-03-30,38.2,25.4,0.3,0.3,72,19.4
2022-03-31,36.8,26.8,2.0,2.0,72,18.3
2022-04-01,36.1,26.1,0.0,0.0,71,19.6
2022-04-02,35.8,25.6,0.0,0.0,69,20.2
2022-04-03,36.9,25.8,0.0,0.0,68,18.2
2022-04-04,36.6,26.4,0.0,0.0,68,18.1
2022-04-05,37.2,25.3,0.0,0.0,67,17.0
2022-04-06,37.3,25.7,0.0,0.0,67,15.3
2022-04-07,39.4,25.3,0.0,0.0,65,18.2
2022-04-08,38.3,23.9,0.0,0.0,68,17.4
2022-04-09,37.9,25.5,0.0,0.0,67,17.6
2022-04-10,38.0,25.7,0.2,0.2,67,17.0
2022-04-11,38.1,26.4,0.1,0.1,63,14.5
2022-04-12,37.9,25.8,0.0,0.0,66,15.9
2022-04-13,38.1,25.9,0.0,0.0,66,17.7
2022-04-14,38.3,26.2,0.0,0.0,67,18.1
2022-04-15,38.5,27.1,0.0,0.0,67,19.2
2022-04-16,38.8,27.4,0.0,0.0,66,15.6
2022-04-17,38.2,28.0,3.2,3.2,65,16.5
2022-04-18,38.8,27.9,0.3,0.3,64,18.1
2022-04-19,40.0,27.0,5.2,5.2,68,16.4
2022-04-20,40.7,27.3,0.1,0.1,68,20.2
2022-04-21,37.4,27.6,0.0,0.0,65,20.6
2022-04-22,38.6,26.2,0.0,0.0,62,16.7
2022-04-23,39.4,26.8,0.3,0.3,64,19.6
2022-04-24,41.8,27.6,0.2,0.2,60,15.6
2022-04-25,40.0,27.5,0.5,0.5,66,16.2
2022-04-26,39.3,27.5,0.5,0.5,66,15.7
2022-04-27,39.5,27.6,0.2,0.2,64,15.8
2022-04-28,39.1,27.7,0.2,0.2,65,17.3
2022-04-29,41.2,26.9,0.0,0.0,67,20.3
2022-04-30,41.4,27.7,0.6,0.6,65,20.6
2022-05-01,39.8,26.7,0.3,0.3,67,18.4
2022-05-02,41.5,28.0,0.0,0.0,65,19.9
2022-05-03,39.4,28.6,0.6,0.6,66,15.3
2022-05-04,39.5,27.8,0.0,0.0,61,15.7
2022-05-05,38.6,27.0,5.7,5.7,70,25.1
2022-05-06,36.6,26.9,2.7,2.7,77,18.7
2022-05-07,37.3,26.1,0.1,0.1,68,16.4
2022-05-08,37.3,27.5,1.3,1.3,69,20.1
2022-05-09,40.0,26.7,0.0,0.0,61,28.6
2022-05-10,31.7,27.1,7.1,7.1,72,40.2
2022-05-11,32.6,25.8,5.4,5.4,81,39.7
2022-05-12,34.6,26.0,0.6,0.6,70,20.1
2022-05-13,35.2,26.2,0.3,0.3,69,16.4
2022-05-14,37.7,26.8,0.0,0.0,69,18.6
2022-05-15,37.8,28.1,1.2,1.2,70,18.1
2022-05-16,38.1,27.6,0.7,0.7,69,19.4
2022-05-17,38.1,28.3,0.5,0.5,67,17.7
2022-05-18,36.7,28.2,2.1,2.1,68,17.5
2022-05-19,35.9,27.5,3.4,3.4,69,21.3
2022-05-20,38.1,27.8,0.5,0.5,62,21.9
2022-05-21,39.3,27.7,0.0,0.0,57,23.5
2022-05-22,42.1,29.6,0.0,0.0,39,22.5
2022-05-23,42.0,30.7,0.0,0.0,35,22.6
2022-05-24,43.7,30.2,0.0,0.0,44,24.9
2022-05-25,39.5,27.6,3.8,3.8,60,19.9
2022-05-26,40.1,28.4,7.8,7.8,65,20.0
2022-05-27,38.1,28.6,0.2,0.2,51,20.1
2022-05-28,42.5,27.7,0.0,0.0,40,18.0
2022-05-29,42.8,29.0,0.0,0.0,40,18.2
2022-05-30,41.9,29.5,0.4,0.4,50,14.7
2022-05-31,39.4,30.0,0.3,0.3,45,23.6
2022-06-01,41.3,30.4,0.2,0.2,40,24.1
2022-06-02,43.0,30.6,0.0,0.0,44,19.9
2022-06-03,44.6,30.3,0.0,0.0,47,20.9
2022-06-04,43.3,30.2,0.0,0.0,54,21.6
2022-06-05,39.8,29.9,0.3,0.3,64,15.0
2022-06-06,40.7,29.4,0.2,0.2,63,12.7
2022-06-07,41.0,28.5,0.4,0.4,61,20.2
2022-06-08,43.3,31.0,0.0,0.0,46,19.6
2022-06-09,41.2,32.0,0.0,0.0,43,19.7
2022-06-10,41.7,30.9,3.1,3.1,52,19.2
2022-06-11,38.9,29.5,0.0,0.0,55,16.6
2022-06-12,38.9,29.1,0.1,0.1,61,15.5
2022-06-13,38.1,28.6,0.3,0.3,55,16.4
2022-06-14,39.7,29.0,0.4,0.4,51,19.4
2022-06-15,38.8,26.9,1.2,1.2,61,20.7
2022-06-16,35.3,25.7,12.4,12.4,74,16.9
2022-06-17,35.4,26.2,1.7,1.7,72,17.7
2022-06-18,34.4,27.3,1.0,1.0,70,19.4
2022-06-19,34.6,27.4,2.1,2.1,72,18.8
2022-06-20,35.0,25.6,7.1,7.1,75,14.8
2022-06-21,33.2,25.3,1.0,1.0,78,12.2
2022-06-22,31.3,25.6,5.0,5.0,80,12.6
2022-06-23,33.9,24.8,26.0,26.0,77,13.0
2022-06-24,33.3,26.4,2.9,2.9,78,15.6
2022-06-25,32.0,25.4,2.6,2.6,81,19.8
2022-06-26,31.7,25.2,15.9,15.9,78,18.8
2022-06-27,29.6,25.8,2.5,2.5,82,17.1
2022-06-28,32.3,24.8,7.1,7.1,82,18.1
2022-06-29,32.1,25.0,2.3,2.3,79,18.4
2022-06-30,33.4,26.4,0.7,0.7,78,13.5
2022-07-01,34.5,25.4,5.2,5.2,76,17.9
2022-07-02,33.4,25.4,11.1,11.1,75,22.4
2022-07-03,33.4,24.9,3.7,3.7,81,17.4
2022-07-04,30.6,25.4,6.7,6.7,83,22.0
2022-07-05,30.9,25.2,12.0,12.0,80,21.6
2022-07-06,29.7,25.3,9.0,9.0,87,20.0
2022-07-07,32.7,25.3,15.6,15.6,83,21.1
2022-07-08,26.6,25.0,36.4,36.4,91,21.7
2022-07-09,28.8,24.8,19.5,19.5,87,33.4
2022-07-10,27.2,24.4,36.2,36.2,87,24.4
2022-07-11,26.0,24.7,40.1,40.1,87,29.2
2022-07-12,29.4,24.3,29.8,29.8,83,35.3
2022-07-13,28.9,24.1,18.9,18.9,80,33.4
2022-07-14,31.9,24.7,0.3,0.3,71,31.6
2022-07-15,31.4,26.1,0.0,0.0,70,28.1
2022-07-16,32.7,25.9,5.4,5.4,77,22.8
2022-07-17,28.8,25.7,6.5,6.5,89,23.4
2022-07-18,29.3,24.6,19.1,19.1,88,18.2
2022-07-19,33.2,24.3,0.2,0.2,80,16.8
2022-07-20,32.9,26.6,10.9,10.9,81,17.4
2022-07-21,32.4,25.7,12.0,12.0,82,16.3
2022-07-22,31.8,25.7,10.9,10.9,80,19.1
2022-07-23,31.0,25.1,5.6,5.6,82,20.5
2022-07-24,31.5,24.6,11.8,11.8,85,17.1
2022-07-25,31.9,24.6,8.2,8.2,84,12.3
2022-07-26,30.5,24.6,15.5,15.5,88,9.8
2022-07-27,31.9,23.7,2.7,2.7,85,13.6
2022-07-28,32.6,24.7,0.5,0.5,80,11.6
2022-07-29,32.2,25.2,8.7,8.7,84,8.4
2022-07-30,30.9,25.2,3.8,3.8,86,10.4
2022-07-31,32.9,25.2,4.1,4.1,81,11.8
2022-08-01,32.4,25.6,15.0,15.0,85,10.0
2022-08-02,32.1,25.3,17.9,17.9,86,15.3
2022-08-03,32.7,25.2,0.5,0.5,83,15.1
2022-08-04,31.4,25.6,1.7,1.7,84,12.6
2022-08-05,30.0,25.3,12.5,12.5,89,11.7
2022-08-06,30.2,25.3,29.6,29.6,88,15.9
2022-08-07,30.7,25.3,15.1,15.1,87,24.6
2022-08-08,27.1,24.9,12.9,12.9,90,24.8
2022-08-09,28.0,24.6,8.7,8.7,87,30.0
2022-08-10,31.7,24.7,0.7,0.7,72,29.3
2022-08-11,31.9,26.4,0.2,0.2,72,24.0
2022-08-12,32.3,26.4,0.0,0.0,74,23.8
2022-08-13,31.6,27.3,0.0,0.0,69,23.3
2022-08-14,28.2,24.5,18.0,18.0,87,21.7
2022-08-15,30.6,25.0,0.0,0.0,82,19.1
2022-08-16,31.9,24.3,14.1,14.1,86,12.7
2022-08-17,32.2,25.6,5.1,5.1,85,12.0
2022-08-18,32.5,25.9,0.6,0.6,79,15.6
2022-08-19,30.3,24.9,11.4,11.4,83,19.8
2022-08-20,32.6,25.6,0.2,0.2,76,21.3
2022-08-21,33.0,26.4,1.0,1.0,74,19.9
2022-08-22,33.2,26.2,0.0,0.0,75,19.1
2022-08-23,33.7,26.3,0.0,0.0,75,14.6
2022-08-24,32.5,24.5,10.6,10.6,83,14.1
2022-08-25,33.4,25.0,0.1,0.1,78,16.9
2022-08-26,33.4,25.2,2.8,2.8,81,11.4
2022-08-27,33.7,25.2,5.4,5.4,76,11.5
2022-08-28,32.9,24.6,12.4,12.4,82,16.3
2022-08-29,31.6,25.4,3.6,3.6,86,12.5
2022-08-30,32.2,25.4,2.5,2.5,82,12.1
2022-08-31,30.3,25.3,11.3,11.3,86,10.5
2022-09-01,31.5,25.1,3.4,3.4,84,9.9
2022-09-02,31.7,25.3,1.3,1.3,83,12.0
2022-09-03,33.0,25.3,0.7,0.7,80,12.5
2022-09-04,33.7,25.5,2.7,2.7,79,9.2
2022-09-05,33.1,25.8,13.5,13.5,81,9.7
2022-09-06,32.0,25.1,20.9,20.9,84,9.7
2022-09-07,29.0,24.5,26.5,26.5,89,7.2
2022-09-08,28.6,25.0,24.5,24.5,91,13.1
2022-09-09,28.4,24.3,33.6,33.6,92,13.8
2022-09-10,27.2,24.3,47.2,47.2,94,15.2
2022-09-11,29.5,25.1,7.6,7.6,85,25.3
2022-09-12,31.6,26.5,0.3,0.3,75,24.7
2022-09-13,32.6,25.5,6.6,6.6,78,18.6
2022-09-14,31.2,24.1,14.6,14.6,86,13.0
2022-09-15,32.5,25.3,11.8,11.8,81,15.8
2022-09-16,32.3,25.6,0.0,0.0,78,19.8
2022-09-17,32.5,26.0,0.6,0.6,79,16.2
2022-09-18,32.4,25.7,9.0,9.0,82,17.2
2022-09-19,28.3,25.1,14.8,14.8,91,14.7
2022-09-20,30.7,24.6,6.3,6.3,86,16.0
2022-09-21,31.8,24.3,0.0,0.0,82,15.6
2022-09-22,30.4,24.5,11.2,11.2,87,14.8
2022-09-23,31.4,24.7,14.0,14.0,83,14.8
2022-09-24,32.0,24.5,0.2,0.2,77,13.5
2022-09-25,32.0,24.3,1.0,1.0,81,8.8
2022-09-26,30.7,25.1,10.1,10.1,89,10.7
2022-09-27,31.5,24.1,11.1,11.1,86,10.5
2022-09-28,31.0,24.1,12.2,12.2,89,10.1
2022-09-29,30.6,24.0,41.8,41.8,91,12.8
2022-09-30,28.4,24.3,22.2,22.2,91,9.1
2022-10-01,29.8,23.9,7.9,7.9,90,10.7
2022-10-02,31.9,24.2,4.0,4.0,86,14.7
2022-10-03,32.7,25.4,0.9,0.9,78,14.0
2022-10-04,30.7,25.3,6.4,6.4,84,8.1
2022-10-05,29.7,24.2,25.3,25.3,89,16.1
2022-10-06,27.7,24.3,25.2,25.2,92,20.2
2022-10-07,29.2,24.0,13.7,13.7,90,14.2
2022-10-08,29.7,23.9,13.8,13.8,90,14.3
2022-10-09,28.5,24.1,19.0,19.0,89,18.8
2022-10-10,29.3,23.6,11.2,11.2,90,15.8
2022-10-11,29.6,23.3,7.7,7.7,87,13.1
2022-10-12,29.9,23.9,15.9,15.9,91,8.5
2022-10-13,29.9,23.4,10.8,10.8,87,8.3
2022-10-14,29.7,23.1,11.7,11.7,90,11.4
2022-10-15,27.9,23.6,16.3,16.3,90,18.1
2022-10-16,29.5,24.2,3.7,3.7,88,17.2
2022-10-17,31.2,24.0,1.7,1.7,88,12.1
2022-10-18,32.3,23.8,17.5,17.5,81,11.0
2022-10-19,31.4,23.4,10.0,10.0,84,11.2
2022-10-20,30.5,23.6,5.9,5.9,85,15.5
2022-10-21,32.0,24.3,0.0,0.0,77,14.1
2022-10-22,32.2,23.2,0.0,0.0,73,10.0
2022-10-23,32.1,21.8,0.0,0.0,69,11.2
2022-10-24,31.6,22.5,0.0,0.0,65,14.4
2022-10-25,32.4,20.9,0.0,0.0,61,10.0
2022-10-26,31.6,22.1,0.0,0.0,76,9.3
2022-10-27,31.9,22.4,0.0,0.0,74,10.2
2022-10-28,31.3,22.4,0.0,0.0,73,11.0
2022-10-29,30.8,22.3,0.0,0.0,69,10.0
2022-10-30,30.5,21.1,0.0,0.0,65,10.8
2022-10-31,31.2,21.7,0.0,0.0,68,11.4
2022-11-01,29.4,23.9,0.9,0.9,79,13.6
2022-11-02,32.1,23.4,0.4,0.4,79,14.1
2022-11-03,29.0,23.2,0.7,0.7,85,12.4
2022-11-04,31.1,24.0,2.9,2.9,83,17.7
2022-11-05,30.9,23.1,0.2,0.2,77,11.0
2022-11-06,31.2,22.2,0.0,0.0,71,11.6
2022-11-07,31.7,21.3,0.0,0.0,72,10.1
2022-11-08,32.1,21.5,0.0,0.0,71,13.5
2022-11-09,31.9,22.1,0.0,0.0,71,13.7
2022-11-10,32.3,22.8,0.0,0.0,68,18.4
2022-11-11,31.6,23.6,0.0,0.0,64,22.7
2022-11-12,32.0,24.2,0.6,0.6,69,20.6
2022-11-13,32.5,23.3,0.0,0.0,65,17.6
2022-11-14,32.1,22.8,0.0,0.0,65,16.6
2022-11-15,32.0,21.1,0.0,0.0,67,12.9
2022-11-16,31.9,19.4,0.0,0.0,65,11.8
2022-11-17,32.1,18.8,0.0,0.0,63,8.8
2022-11-18,32.2,19.7,0.0,0.0,58,15.3
2022-11-19,31.4,20.8,0.0,0.0,54,13.0
2022-11-20,30.8,18.4,0.0,0.0,55,11.3
2022-11-21,29.9,24.0,0.8,0.8,59,16.0
2022-11-22,29.4,23.3,2.0,2.0,76,24.7
2022-11-23,31.4,23.8,1.3,1.3,79,18.7
2022-11-24,31.3,23.4,1.4,1.4,81,9.7
2022-11-25,31.3,23.6,1.3,1.3,83,12.3
2022-11-26,31.7,22.7,0.2,0.2,77,14.2
2022-11-27,31.0,21.3,0.0,0.0,73,8.9
2022-11-28,30.6,19.7,0.0,0.0,69,11.9
2022-11-29,30.4,19.3,0.0,0.0,68,8.9
2022-11-30,30.8,19.7,0.0,0.0,71,11.9
2022-12-01,32.3,22.1,0.4,0.4,72,14.8
2022-12-02,31.4,23.3,1.6,1.6,79,17.2
2022-12-03,31.5,23.4,1.5,1.5,78,14.1
2022-12-04,33.2,23.5,0.2,0.2,73,9.7
2022-12-05,32.1,23.2,0.0,0.0,72,13.0
2022-12-06,31.7,21.4,0.0,0.0,69,11.9
2022-12-07,30.7,19.9,0.0,0.0,67,16.2
2022-12-08,30.6,18.6,0.0,0.0,59,20.1
2022-12-09,28.1,21.5,6.6,6.6,62,25.6
2022-12-10,27.5,21.2,15.1,15.1,83,31.1
2022-12-11,26.7,22.2,50.0,50.0,90,22.7
2022-12-12,28.6,22.3,9.4,9.4,87,18.4
2022-12-13,30.8,22.3,1.1,1.1,86,11.1
2022-12-14,31.3,21.4,0.0,0.0,79,10.6
2022-12-15,31.2,20.6,0.0,0.0,75,12.0
2022-12-16,31.8,20.6,0.0,0.0,74,12.6
2022-12-17,30.1,22.6,1.2,1.2,83,11.1
2022-12-18,29.9,21.7,0.0,0.0,74,17.3
2022-12-19,29.7,19.7,0.0,0.0,72,11.7
2022-12-20,30.9,19.5,0.0,0.0,71,13.8
2022-12-21,30.7,19.1,0.0,0.0,72,13.3
2022-12-22,30.0,20.9,0.0,0.0,72,15.1
2022-12-23,31.5,18.5,0.0,0.0,65,16.9
2022-12-24,30.3,18.3,0.0,0.0,60,19.2
2022-12-25,31.3,20.8,0.0,0.0,67,18.4
2022-12-26,31.6,22.0,0.6,0.6,74,16.5
2022-12-27,32.9,22.5,0.0,0.0,76,12.8
2022-12-28,34.5,22.3,0.1,0.1,72,16.0
2022-12-29,34.4,22.8,0.1,0.1,72,17.4
2022-12-30,34.3,22.8,0.1,0.1,72,18.7
2022-12-31,33.9,22.1,0.1,0.1,74,20.4
2023-01-01,33.1,22.7,0.3,0.3,72,15.6
2023-01-02,31.9,22.1,0.1,0.1,72,14.8
2023-01-03,31.5,21.8,0.0,0.0,69,15.5
2023-01-04,29.6,21.9,1.7,1.7,73,17.5
2023-01-05,30.5,21.8,0.0,0.0,68,22.2
2023-01-06,32.3,21.4,0.0,0.0,65,16.3
2023-01-07,31.9,20.3,0.0,0.0,63,10.6
2023-01-08,30.4,17.1,0.0,0.0,60,10.8
2023-01-09,30.7,16.6,0.0,0.0,54,10.2
2023-01-10,31.7,16.0,0.0,0.0,62,13.7
2023-01-11,32.9,17.0,0.0,0.0,66,13.4
2023-01-12,32.5,18.1,0.0,0.0,70,15.5
2023-01-13,32.4,18.9,0.0,0.0,72,16.3
2023-01-14,32.6,18.5,0.0,0.0,71,15.5
2023-01-15,32.8,19.1,0.0,0.0,72,17.4
2023-01-16,32.5,19.3,0.0,0.0,71,18.4
2023-01-17,32.1,19.5,0.0,0.0,70,18.4
2023-01-18,31.8,19.2,0.0,0.0,69,20.9
2023-01-19,31.4,19.9,0.0,0.0,68,15.4
2023-01-20,32.0,20.5,0.0,0.0,68,16.6
2023-01-21,32.3,21.2,0.0,0.0,69,16.4
2023-01-22,32.2,21.2,0.0,0.0,66,14.5
2023-01-23,31.7,19.8,0.0,0.0,66,16.3
2023-01-24,31.9,18.8,0.0,0.0,67,15.2
2023-01-25,32.0,19.1,0.0,0.0,69,16.3
2023-01-26,32.7,17.5,0.0,0.0,63,15.6
2023-01-27,33.1,18.1,0.0,0.0,60,13.4
2023-01-28,33.9,18.3,0.0,0.0,52,18.7
2023-01-29,32.2,20.9,0.0,0.0,67,23.8
2023-01-30,31.9,21.5,0.2,0.2,69,21.0
2023-01-31,34.3,21.3,0.0,0.0,60,18.5
2023-02-01,33.8,23.0,0.0,0.0,54,19.9
2023-02-02,34.0,21.3,0.0,0.0,56,17.8
2023-02-03,33.2,21.8,0.0,0.0,63,15.5
2023-02-04,34.7,20.1,0.0,0.0,63,17.4
2023-02-05,34.1,19.8,0.0,0.0,64,20.8
2023-02-06,33.5,19.4,0.0,0.0,63,15.2
2023-02-07,34.0,19.4,0.0,0.0,69,17.1
2023-02-08,34.9,20.4,0.0,0.0,70,21.3
2023-02-09,35.2,20.6,0.0,0.0,68,21.1
2023-02-10,36.1,20.9,0.0,0.0,66,19.1
2023-02-11,36.4,21.2,0.0,0.0,67,15.1
2023-02-12,37.6,22.0,0.0,0.0,66,16.2
2023-02-13,35.4,20.9,0.0,0.0,64,15.3
2023-02-14,35.6,20.6,0.0,0.0,60,14.9
2023-02-15,36.0,20.1,0.0,0.0,68,21.4
2023-02-16,36.4,20.3,0.0,0.0,68,21.8
2023-02-17,34.5,21.2,0.0,0.0,69,20.6
2023-02-18,34.0,21.5,0.0,0.0,68,19.1
2023-02-19,34.5,21.7,0.0,0.0,65,19.1
2023-02-20,36.3,21.4,0.0,0.0,64,22.0
2023-02-21,36.5,21.7,0.0,0.0,65,19.8
2023-02-22,36.9,21.6,0.0,0.0,65,21.4
2023-02-23,35.9,22.1,0.0,0.0,67,18.7
2023-02-24,36.9,20.9,0.0,0.0,66,23.8
2023-02-25,36.7,20.8,0.0,0.0,63,15.6
2023-02-26,36.0,21.8,0.0,0.0,62,21.4
2023-02-27,35.5,20.8,0.0,0.0,57,18.5
2023-02-28,35.2,19.8,0.0,0.0,58,15.6
2023-03-01,35.7,20.5,0.0,0.0,51,19.2
2023-03-02,36.3,19.9,0.0,0.0,42,19.1
2023-03-03,37.0,20.1,0.0,0.0,40,15.7
2023-03-04,37.3,21.2,0.0,0.0,46,19.4
2023-03-05,37.3,21.1,0.0,0.0,44,16.5
2023-03-06,37.9,20.7,0.0,0.0,45,21.5
2023-03-07,36.4,21.2,0.0,0.0,53,17.7
2023-03-08,36.4,22.1,0.0,0.0,55,18.1
2023-03-09,35.5,21.6,0.0,0.0,60,14.6
2023-03-10,36.1,23.0,0.0,0.0,61,18.0
2023-03-11,36.1,22.9,0.0,0.0,58,22.0
2023-03-12,37.2,21.9,0.0,0.0,59,18.4
2023-03-13,37.9,20.5,0.0,0.0,56,20.5
2023-03-14,38.4,20.9,0.0,0.0,52,22.7
2023-03-15,36.2,23.3,1.8,1.8,69,17.6
2023-03-16,34.1,24.7,2.1,2.1,67,18.3
2023-03-17,27.6,22.2,27.2,27.2,85,11.2
2023-03-18,27.7,22.0,17.0,17.0,88,16.9
2023-03-19,27.8,21.6,12.1,12.1,85,16.6
2023-03-20,28.3,21.9,6.2,6.2,84,11.2
2023-03-21,30.9,22.3,1.8,1.8,84,14.4
2023-03-22,31.8,23.3,1.5,1.5,84,14.8
2023-03-23,31.3,23.5,3.2,3.2,84,22.0
2023-03-24,32.3,23.6,1.1,1.1,85,11.5
2023-03-25,32.6,24.0,1.1,1.1,83,15.9
2023-03-26,32.9,24.3,1.1,1.1,81,16.8
2023-03-27,32.7,24.6,13.9,13.9,84,13.9
2023-03-28,33.7,24.8,1.8,1.8,81,16.9
2023-03-29,33.5,23.7,0.0,0.0,79,19.4
2023-03-30,32.9,23.4,0.3,0.3,77,16.1
2023-03-31,33.7,23.6,0.1,0.1,76,17.5
2023-04-01,31.5,24.8,10.7,10.7,82,16.7
2023-04-02,32.1,24.6,0.3,0.3,80,16.7
2023-04-03,34.5,24.2,0.7,0.7,79,19.9
2023-04-04,33.8,26.4,2.7,2.7,78,21.3
2023-04-05,35.1,24.9,1.3,1.3,76,16.0
2023-04-06,35.2,25.9,2.4,2.4,74,15.2
2023-04-07,36.4,25.0,0.3,0.3,70,12.2
2023-04-08,38.0,23.2,0.0,0.0,68,17.9
2023-04-09,38.4,22.8,0.0,0.0,61,17.6
2023-04-10,40.0,22.8,0.0,0.0,56,22.8
2023-04-11,40.6,24.1,0.0,0.0,54,20.5
2023-04-12,41.2,24.7,0.0,0.0,48,24.1
2023-04-13,41.8,25.2,0.0,0.0,47,21.6
2023-04-14,42.1,25.9,0.0,0.0,50,25.3
2023-04-15,41.5,25.8,0.0,0.0,38,12.3
2023-04-16,43.1,28.3,0.5,0.5,45,20.9
2023-04-17,41.0,26.4,0.0,0.0,51,20.9
2023-04-18,41.1,25.3,0.0,0.0,54,19.2
2023-04-19,41.0,25.2,0.0,0.0,56,20.2
2023-04-20,41.3,25.7,0.1,0.1,63,19.9
2023-04-21,40.6,26.1,0.0,0.0,62,20.0
2023-04-22,37.7,26.5,2.5,2.5,68,18.6
2023-04-23,33.3,24.8,7.6,7.6,78,16.5
2023-04-24,32.9,25.8,5.7,5.7,77,13.6
2023-04-25,34.4,26.2,8.1,8.1,74,21.9
2023-04-26,35.7,24.9,0.1,0.1,68,12.0
2023-04-27,36.7,25.8,1.5,1.5,71,14.5
2023-04-28,37.7,25.5,0.6,0.6,68,12.4
2023-04-29,31.8,23.6,11.9,11.9,78,28.0
2023-04-30,32.8,25.2,8.0,8.0,76,20.4
2023-05-01,27.1,23.2,29.9,29.9,87,16.9
2023-05-02,31.6,24.0,4.2,4.2,83,22.7
2023-05-03,31.9,23.8,29.4,29.4,86,13.8
2023-05-04,32.4,24.1,1.6,1.6,82,21.6
2023-05-05,31.1,25.7,4.6,4.6,83,12.6
2023-05-06,34.0,25.3,10.9,10.9,82,11.2
2023-05-07,33.4,25.2,15.5,15.5,83,13.2
2023-05-08,36.4,27.1,0.1,0.1,74,6.0
2023-05-09,36.7,26.9,0.4,0.4,78,18.7
2023-05-10,37.6,26.7,3.7,3.7,74,11.8
2023-05-11,38.1,27.2,4.3,4.3,72,9.0
2023-05-12,40.3,26.4,0.0,0.0,62,15.8
2023-05-13,41.4,26.3,0.0,0.0,56,16.8
2023-05-14,44.6,23.4,0.0,0.0,48,20.3
2023-05-15,43.6,25.1,0.0,0.0,45,21.5
2023-05-16,42.7,28.5,0.0,0.0,33,18.5
2023-05-17,40.4,27.6,2.5,2.5,70,18.7
2023-05-18,38.6,28.4,0.1,0.1,71,20.2
2023-05-19,39.0,28.4,16.6,16.6,73,26.3
2023-05-20,38.5,26.8,5.3,5.3,76,19.8
2023-05-21,36.9,27.3,0.5,0.5,76,21.5
2023-05-22,35.0,27.5,6.3,6.3,77,21.9
2023-05-23,38.2,27.7,0.0,0.0,73,13.1
2023-05-24,36.7,27.5,16.9,16.9,80,19.9
2023-05-25,37.1,28.3,3.8,3.8,70,19.8
2023-05-26,38.6,28.0,0.1,0.1,65,18.3
2023-05-27,40.0,26.7,0.0,0.0,61,18.4
2023-05-28,38.6,26.6,50.6,50.6,74,15.9
2023-05-29,36.7,27.3,9.4,9.4,81,18.0
2023-05-30,34.7,26.7,29.7,29.7,86,14.9
2023-05-31,36.3,25.3,0.0,0.0,77,14.2
2023-06-01,38.2,27.3,0.0,0.0,77,12.6
2023-06-02,39.4,27.4,0.0,0.0,72,11.6
2023-06-03,39.7,27.3,7.1,7.1,70,18.0
2023-06-04,40.1,28.0,0.0,0.0,65,17.6
2023-06-05,39.1,28.5,0.2,0.2,65,15.3
2023-06-06,40.1,28.8,0.0,0.0,55,21.6
2023-06-07,41.4,28.9,0.0,0.0,50,19.1
2023-06-08,41.8,29.8,0.7,0.7,45,16.1
2023-06-09,42.6,30.0,0.0,0.0,41,20.5
2023-06-10,40.0,28.3,0.7,0.7,41,28.4
2023-06-11,40.8,25.7,6.0,6.0,53,21.4
2023-06-12,40.7,30.5,0.0,0.0,50,18.5
2023-06-13,40.1,26.0,9.1,9.1,56,25.7
2023-06-14,40.8,28.5,0.0,0.0,43,25.4
2023-06-15,41.2,29.7,0.0,0.0,40,24.3
2023-06-16,41.6,30.8,0.0,0.0,37,22.7
2023-06-17,41.4,30.4,0.8,0.8,44,21.5
2023-06-18,41.2,29.7,1.1,1.1,56,23.9
2023-06-19,36.7,27.4,5.0,5.0,66,14.8
2023-06-20,35.1,28.0,30.1,30.1,78,12.6
2023-06-21,32.2,26.7,49.3,49.3,85,14.8
2023-06-22,34.5,27.0,21.8,21.8,73,14.2
2023-06-23,30.1,25.8,11.5,11.5,87,13.4
2023-06-24,32.0,25.4,8.7,8.7,88,16.7
2023-06-25,32.4,26.5,6.2,6.2,81,18.8
2023-06-26,33.0,26.0,0.5,0.5,71,24.4
2023-06-27,34.9,27.5,0.0,0.0,64,19.1
2023-06-28,36.5,27.1,0.2,0.2,64,18.7
2023-06-29,37.1,27.2,0.2,0.2,66,16.6
2023-06-30,37.8,28.1,0.7,0.7,57,21.7
2023-07-01,39.0,29.0,0.8,0.8,54,21.2
2023-07-02,39.0,26.6,2.3,2.3,61,18.4
2023-07-03,38.7,26.8,8.9,8.9,70,19.8
2023-07-04,34.1,25.5,49.6,49.6,84,18.0
2023-07-05,31.6,25.3,24.3,24.3,89,13.7
2023-07-06,29.8,26.1,17.0,17.0,88,21.4
2023-07-07,32.7,26.5,0.0,0.0,74,24.5
2023-07-08,33.0,27.5,0.1,0.1,75,14.2
2023-07-09,34.5,27.1,0.7,0.7,73,16.8
2023-07-10,34.4,26.0,2.8,2.8,77,17.5
2023-07-11,31.5,26.6,8.1,8.1,76,24.8
2023-07-12,29.9,25.8,17.2,17.2,82,15.3
2023-07-13,32.2,24.7,52.1,52.1,87,14.1
2023-07-14,34.0,25.5,16.3,16.3,80,15.8
2023-07-15,31.9,26.6,8.7,8.7,80,19.9
2023-07-16,30.6,26.3,18.4,18.4,77,22.9
2023-07-17,33.0,26.5,0.8,0.8,74,24.6
2023-07-18,29.6,25.3,22.4,22.4,85,29.6
2023-07-19,29.3,25.0,27.4,27.4,87,23.9
2023-07-20,28.1,26.0,6.3,6.3,82,26.1
2023-07-21,28.4,25.2,38.0,38.0,87,24.1
2023-07-22,32.2,25.9,17.9,17.9,81,24.0
2023-07-23,30.2,25.3,18.3,18.3,87,21.6
2023-07-24,28.3,25.5,20.9,20.9,88,23.4
2023-07-25,28.6,25.1,46.8,46.8,89,24.1
2023-07-26,26.4,24.9,129.8,129.8,92,25.7
2023-07-27,31.0,25.0,54.0,54.0,79,35.0
2023-07-28,31.7,26.6,0.0,0.0,72,33.8
2023-07-29,33.8,27.6,0.2,0.2,69,28.5
2023-07-30,32.5,27.3,6.7,6.7,74,25.8
2023-07-31,30.3,27.2,3.3,3.3,80,20.8
2023-08-01,32.1,27.5,0.8,0.8,72,24.1
2023-08-02,32.1,26.8,0.9,0.9,69,27.5
2023-08-03,33.2,27.7,0.1,0.1,66,30.8
2023-08-04,33.7,26.7,0.4,0.4,71,22.5
2023-08-05,34.7,27.0,0.0,0.0,69,18.1
2023-08-06,34.4,26.8,0.0,0.0,68,21.2
2023-08-07,34.3,27.6,0.1,0.1,62,23.1
2023-08-08,34.9,26.5,0.1,0.1,64,21.0
2023-08-09,33.0,26.1,0.1,0.1,71,15.5
2023-08-10,33.4,27.1,6.7,6.7,72,18.0
2023-08-11,34.5,26.8,0.6,0.6,72,19.5
2023-08-12,34.0,25.0,6.1,6.1,74,20.3
2023-08-13,34.8,26.5,0.8,0.8,74,14.5
2023-08-14,32.9,26.3,3.8,3.8,79,14.8
2023-08-15,33.7,25.7,10.9,10.9,78,20.7
2023-08-16,34.3,25.6,1.3,1.3,74,19.6
2023-08-17,31.7,26.3,9.5,9.5,78,17.5
2023-08-18,28.4,25.0,18.1,18.1,89,18.0
2023-08-19,32.3,25.1,1.1,1.1,81,20.9
2023-08-20,32.5,24.9,0.9,0.9,77,13.8
2023-08-21,32.2,26.0,8.2,8.2,84,15.5
2023-08-22,31.7,26.4,12.8,12.8,85,14.4
2023-08-23,32.6,26.6,9.1,9.1,83,19.2
2023-08-24,31.4,26.5,10.9,10.9,85,17.2
2023-08-25,32.6,25.5,4.4,4.4,82,15.9
2023-08-26,30.3,26.0,16.4,16.4,88,19.1
2023-08-27,32.2,25.8,8.5,8.5,85,14.2
2023-08-28,33.2,26.4,1.3,1.3,78,15.1
2023-08-29,34.1,25.5,0.1,0.1,69,16.1
2023-08-30,34.4,25.1,0.0,0.0,69,13.8
2023-08-31,34.4,26.0,0.8,0.8,75,12.8
2023-09-01,34.6,26.4,7.4,7.4,81,13.7
2023-09-02,32.2,25.6,24.2,24.2,88,15.0
2023-09-03,32.6,25.2,32.1,32.1,85,19.1
2023-09-04,31.2,24.5,19.7,19.7,86,19.4
2023-09-05,29.7,24.8,38.8,38.8,89,18.7
2023-09-06,29.8,24.3,21.2,21.2,89,18.5
2023-09-07,32.1,25.3,15.9,15.9,85,16.9
2023-09-08,32.5,25.1,0.3,0.3,82,18.0
2023-09-09,33.4,26.1,4.8,4.8,80,16.1
2023-09-10,31.0,26.1,12.1,12.1,86,15.3
2023-09-11,30.6,25.9,20.1,20.1,87,20.7
2023-09-12,31.1,25.0,6.5,6.5,84,17.4
2023-09-13,31.8,25.1,8.1,8.1,83,20.6
2023-09-14,30.6,25.2,3.5,3.5,85,20.6
2023-09-15,32.4,25.9,6.9,6.9,83,18.6
2023-09-16,33.5,25.6,0.1,0.1,80,16.6
2023-09-17,33.1,25.6,9.4,9.4,84,15.5
2023-09-18,33.7,26.5,0.3,0.3,79,13.6
2023-09-19,33.7,25.8,3.7,3.7,78,17.9
2023-09-20,32.0,25.6,9.8,9.8,84,17.4
2023-09-21,31.6,24.4,10.5,10.5,88,13.8
2023-09-22,31.5,24.3,11.0,11.0,88,16.8
2023-09-23,31.3,25.4,16.9,16.9,89,14.3
2023-09-24,32.1,24.4,16.6,16.6,86,11.6
2023-09-25,31.9,24.6,10.4,10.4,86,12.8
2023-09-26,31.5,25.1,3.7,3.7,89,10.3
2023-09-27,32.6,24.6,17.3,17.3,88,14.8
2023-09-28,32.5,24.4,5.7,5.7,89,9.0
2023-09-29,32.6,24.9,2.1,2.1,86,13.2
2023-09-30,32.7,25.1,11.2,11.2,84,15.5
2023-10-01,33.0,26.8,0.0,0.0,78,16.2
2023-10-02,31.4,26.7,4.0,4.0,82,16.8
2023-10-03,32.2,25.4,26.8,26.8,85,17.3
2023-10-04,34.9,25.5,1.0,1.0,68,16.1
2023-10-05,34.0,23.8,0.0,0.0,59,16.3
2023-10-06,33.6,21.8,0.0,0.0,70,16.4
2023-10-07,34.1,25.4,0.0,0.0,73,12.3
2023-10-08,34.5,24.8,0.0,0.0,77,15.1
2023-10-09,34.0,24.9,0.0,0.0,81,12.3
2023-10-10,34.1,25.6,1.9,1.9,84,15.0
2023-10-11,34.0,25.2,0.3,0.3,78,10.4
2023-10-12,34.1,24.5,0.0,0.0,75,14.7
2023-10-13,34.1,23.7,0.0,0.0,72,11.6
2023-10-14,34.4,24.1,0.0,0.0,73,9.7
2023-10-15,34.1,24.2,0.1,0.1,70,12.2
2023-10-16,34.1,25.2,0.3,0.3,71,10.7
2023-10-17,34.5,23.6,0.0,0.0,64,8.0
2023-10-18,34.4,24.1,0.0,0.0,68,10.1
2023-10-19,33.7,23.9,1.6,1.6,73,14.4
2023-10-20,33.9,24.6,0.7,0.7,69,14.4
2023-10-21,34.4,25.3,0.1,0.1,62,16.8
2023-10-22,35.0,24.7,0.0,0.0,58,16.6
2023-10-23,34.4,23.4,0.0,0.0,51,10.6
2023-10-24,34.9,24.5,0.0,0.0,50,9.4
2023-10-25,34.1,24.8,0.0,0.0,64,13.3
2023-10-26,35.0,24.8,0.0,0.0,66,13.0
2023-10-27,33.1,25.6,5.1,5.1,76,16.8
2023-10-28,33.3,25.0,0.6,0.6,73,18.5
2023-10-29,32.4,24.0,0.5,0.5,71,11.2
2023-10-30,34.2,23.9,0.0,0.0,63,17.6
2023-10-31,33.8,23.6,0.0,0.0,63,16.6
2023-11-01,32.6,23.4,3.8,3.8,75,21.3
2023-11-02,31.6,24.1,2.4,2.4,78,18.8
2023-11-03,33.2,23.6,3.1,3.1,82,18.5
2023-11-04,31.9,22.7,8.7,8.7,84,16.9
2023-11-05,30.8,24.5,0.7,0.7,83,18.6
2023-11-06,29.6,24.0,11.6,11.6,86,17.5
2023-11-07,30.6,23.4,18.0,18.0,88,13.6
2023-11-08,30.5,23.9,10.0,10.0,87,14.5
2023-11-09,32.4,23.7,0.0,0.0,73,12.8
2023-11-10,31.9,22.3,0.0,0.0,66,13.6
2023-11-11,32.7,21.6,0.0,0.0,67,11.9
2023-11-12,33.0,22.2,0.0,0.0,69,15.0
2023-11-13,33.1,22.8,0.0,0.0,67,18.0
2023-11-14,32.1,23.9,0.0,0.0,68,18.5
2023-11-15,30.9,24.2,0.0,0.0,66,13.5
2023-11-16,34.6,22.7,0.0,0.0,67,12.3
2023-11-17,33.8,23.2,0.0,0.0,70,15.4
2023-11-18,34.2,23.6,0.0,0.0,69,19.9
2023-11-19,33.4,23.6,0.0,0.0,69,18.1
2023-11-20,30.9,23.1,11.5,11.5,73,22.4
2023-11-21,27.8,23.2,8.5,8.5,80,19.0
2023-11-22,31.3,23.4,4.4,4.4,81,15.5
2023-11-23,31.4,23.3,4.6,4.6,82,17.7
2023-11-24,31.4,23.6,0.0,0.0,73,19.1
2023-11-25,31.8,23.4,0.0,0.0,72,17.3
2023-11-26,31.2,23.3,0.0,0.0,70,18.0
2023-11-27,31.0,23.5,0.0,0.0,72,20.4
2023-11-28,31.9,22.4,0.0,0.0,74,17.4
2023-11-29,31.9,22.5,0.0,0.0,73,18.5
2023-11-30,32.2,21.9,0.0,0.0,68,19.2
2023-12-01,32.5,21.7,0.0,0.0,68,20.6
2023-12-02,32.6,22.8,0.0,0.0,65,27.2
2023-12-03,30.0,25.1,1.0,1.0,69,30.2
2023-12-04,26.1,23.3,37.5,37.5,88,28.0
2023-12-05,27.3,23.2,50.9,50.9,93,28.8
2023-12-06,27.6,22.7,14.6,14.6,90,24.7
2023-12-07,30.0,21.8,0.0,0.0,82,8.2
2023-12-08,30.4,20.0,0.0,0.0,80,9.2
2023-12-09,30.4,21.9,0.0,0.0,80,8.4
2023-12-10,29.4,20.9,0.1,0.1,78,10.6
2023-12-11,28.9,20.8,0.0,0.0,78,11.6
2023-12-12,29.1,20.3,0.0,0.0,76,13.2
2023-12-13,29.3,19.6,0.0,0.0,72,11.6
2023-12-14,29.1,19.8,0.0,0.0,72,13.3
2023-12-15,29.0,19.7,0.0,0.0,69,16.9
2023-12-16,29.2,21.6,0.0,0.0,73,13.4
2023-12-17,28.7,21.1,0.0,0.0,74,13.4
2023-12-18,29.3,21.0,0.0,0.0,70,14.1
2023-12-19,28.8,20.0,0.0,0.0,70,14.0
2023-12-20,29.6,19.5,0.0,0.0,69,13.6
2023-12-21,29.0,18.1,0.0,0.0,73,10.7
2023-12-22,29.2,18.1,0.0,0.0,73,13.1
2023-12-23,29.9,19.3,0.0,0.0,73,13.8
2023-12-24,30.0,19.4,0.0,0.0,73,15.3
2023-12-25,30.7,19.9,0.0,0.0,75,13.0
2023-12-26,30.9,20.0,0.0,0.0,76,11.9
2023-12-27,30.7,20.9,0.0,0.0,73,13.2
2023-12-28,30.7,20.4,0.0,0.0,74,16.2
2023-12-29,31.1,19.8,0.0,0.0,73,17.9
2023-12-30,31.1,19.8,0.0,0.0,72,16.3
2023-12-31,30.9,19.7,0.0,0.0,71,14.1
2024-01-01,31.0,19.8,0.0,0.0,70,15.5
2024-01-02,30.7,19.4,0.0,0.0,71,17.7
2024-01-03,29.7,19.7,0.0,0.0,69,16.6
2024-01-04,30.5,19.5,0.0,0.0,69,15.8
2024-01-05,30.2,19.7,0.0,0.0,68,19.5
2024-01-06,30.3,19.4,0.0,0.0,72,20.8
2024-01-07,30.3,20.0,0.0,0.0,67,19.1
2024-01-08,30.1,20.4,0.0,0.0,68,19.8
2024-01-09,31.2,21.3,0.0,0.0,67,19.3
2024-01-10,32.6,20.2,0.0,0.0,65,13.2
2024-01-11,32.9,21.7,0.0,0.0,64,12.4
2024-01-12,32.7,21.4,0.0,0.0,72,15.1
2024-01-13,32.9,21.8,0.0,0.0,75,21.3
2024-01-14,32.4,21.5,0.2,0.2,77,18.4
2024-01-15,30.3,21.3,0.7,0.7,76,14.9
2024-01-16,31.3,20.7,0.2,0.2,74,14.2
2024-01-17,31.1,19.7,0.0,0.0,69,17.3
2024-01-18,31.4,18.7,0.0,0.0,69,15.7
2024-01-19,33.0,19.5,0.0,0.0,68,18.6
2024-01-20,32.2,20.3,0.0,0.0,70,17.3
2024-01-21,32.0,20.8,0.0,0.0,75,14.8
2024-01-22,33.3,20.5,0.0,0.0,74,17.0
2024-01-23,31.6,21.4,0.9,0.9,73,16.6
2024-01-24,30.9,21.0,0.3,0.3,74,17.3
2024-01-25,31.0,20.5,0.4,0.4,76,14.8
2024-01-26,31.3,21.5,0.0,0.0,72,18.3
2024-01-27,33.0,21.2,0.0,0.0,69,13.1
2024-01-28,31.7,21.0,0.0,0.0,68,17.0
2024-01-29,31.8,19.5,0.0,0.0,67,15.8
2024-01-30,32.2,18.6,0.0,0.0,67,15.9
2024-01-31,32.2,18.8,0.0,0.0,72,18.1
2024-02-01,32.3,19.9,0.0,0.0,75,15.2
2024-02-02,31.9,21.3,0.7,0.7,76,13.9
2024-02-03,32.7,21.9,0.2,0.2,73,17.5
2024-02-04,33.2,21.9,0.1,0.1,72,15.0
2024-02-05,33.8,21.4,0.0,0.0,73,17.0
2024-02-06,35.0,22.0,0.0,0.0,73,16.3
2024-02-07,36.6,23.2,0.0,0.0,69,15.2
2024-02-08,36.3,22.1,0.0,0.0,66,13.0
2024-02-09,33.7,22.6,0.2,0.2,71,18.6
2024-02-10,33.7,23.3,0.0,0.0,68,21.0
2024-02-11,33.7,22.1,0.0,0.0,66,17.9
2024-02-12,33.5,19.5,0.0,0.0,68,17.7
2024-02-13,34.1,19.4,0.0,0.0,68,16.3
2024-02-14,34.6,20.0,0.0,0.0,66,15.1
2024-02-15,34.3,19.2,0.0,0.0,65,14.1
2024-02-16,35.3,18.6,0.0,0.0,58,15.9
2024-02-17,35.0,18.7,0.0,0.0,65,20.4
2024-02-18,34.6,20.9,0.0,0.0,70,19.1
2024-02-19,34.4,20.6,0.0,0.0,68,17.0
2024-02-20,35.8,21.7,0.0,0.0,74,23.2
2024-02-21,35.8,22.2,0.0,0.0,71,21.9
2024-02-22,33.6,21.8,0.1,0.1,75,20.9
2024-02-23,33.8,23.6,5.8,5.8,75,19.7
2024-02-24,33.8,24.1,0.5,0.5,73,18.6
2024-02-25,33.5,23.0,0.1,0.1,69,16.0
2024-02-26,34.6,22.6,0.0,0.0,65,17.7
2024-02-27,35.3,21.8,0.0,0.0,68,18.7
2024-02-28,35.7,21.8,0.0,0.0,67,15.2
2024-02-29,36.3,22.3,0.1,0.1,65,13.5
2024-03-01,36.9,23.3,0.2,0.2,65,17.2
2024-03-02,36.4,22.5,0.0,0.0,67,19.2
2024-03-03,36.2,23.8,0.0,0.0,69,18.7
2024-03-04,35.6,22.7,0.0,0.0,71,18.8
2024-03-05,36.6,23.5,0.0,0.0,68,20.4
2024-03-06,35.5,23.0,0.1,0.1,69,17.9
2024-03-07,35.9,23.8,0.0,0.0,65,16.2
2024-03-08,36.0,23.3,0.1,0.1,66,14.6
2024-03-09,37.0,24.7,0.2,0.2,65,17.8
2024-03-10,35.7,25.1,1.2,1.2,66,15.2
2024-03-11,36.0,24.6,0.0,0.0,66,19.9
2024-03-12,36.6,24.6,0.0,0.0,70,21.0
2024-03-13,35.8,25.3,0.3,0.3,73,20.1
2024-03-14,36.5,24.8,0.0,0.0,69,16.2
2024-03-15,35.4,23.2,0.0,0.0,73,19.5
2024-03-16,34.6,24.5,0.0,0.0,67,17.2
2024-03-17,36.9,23.7,0.0,0.0,66,19.2
2024-03-18,36.8,23.2,0.0,0.0,68,15.5
2024-03-19,37.1,25.8,0.0,0.0,64,18.6
2024-03-20,32.8,22.4,7.4,7.4,77,17.9
2024-03-21,35.5,22.2,0.0,0.0,67,19.5
2024-03-22,35.4,23.6,0.0,0.0,69,20.3
2024-03-23,36.2,24.3,0.6,0.6,72,20.6
2024-03-24,36.6,24.4,0.0,0.0,70,16.0
2024-03-25,37.3,24.1,0.2,0.2,70,16.7
2024-03-26,37.1,23.6,0.0,0.0,67,19.1
2024-03-27,36.9,23.8,0.0,0.0,70,18.6
2024-03-28,38.3,24.2,0.5,0.5,68,21.2
2024-03-29,38.1,25.0,0.0,0.0,69,21.3
2024-03-30,38.2,24.7,0.0,0.0,68,17.8
2024-03-31,38.3,24.7,0.0,0.0,68,20.2
2024-04-01,37.9,24.3,0.1,0.1,69,17.6
2024-04-02,37.8,24.9,0.1,0.1,70,18.7
2024-04-03,36.7,25.1,0.1,0.1,73,20.1
2024-04-04,37.3,24.4,0.1,0.1,72,21.6
2024-04-05,39.2,25.4,0.5,0.5,72,18.9
2024-04-06,40.8,24.5,0.0,0.0,65,20.5
2024-04-07,40.1,26.6,0.0,0.0,61,24.4
2024-04-08,38.3,25.7,0.0,0.0,69,23.0
2024-04-09,39.2,25.6,0.0,0.0,57,20.8
2024-04-10,39.5,24.0,0.0,0.0,55,20.2
2024-04-11,39.1,25.1,0.3,0.3,60,19.5
2024-04-12,39.0,26.0,0.0,0.0,57,18.7
2024-04-13,39.8,25.6,0.2,0.2,58,16.2
2024-04-14,40.5,25.9,1.5,1.5,58,17.1
2024-04-15,40.1,26.0,0.0,0.0,64,20.2
2024-04-16,41.0,26.5,0.0,0.0,58,24.4
2024-04-17,41.6,27.5,0.0,0.0,58,22.9
2024-04-18,41.6,26.9,0.4,0.4,66,19.8
2024-04-19,39.4,27.7,0.4,0.4,68,19.3
2024-04-20,39.4,28.1,0.2,0.2,67,16.6
2024-04-21,39.2,28.4,3.1,3.1,72,19.8
2024-04-22,40.6,26.8,0.0,0.0,67,18.4
2024-04-23,41.1,25.7,0.0,0.0,65,19.1
2024-04-24,41.5,26.6,0.0,0.0,64,20.3
2024-04-25,41.6,27.2,0.0,0.0,67,22.0
2024-04-26,40.8,27.2,0.0,0.0,67,18.0
2024-04-27,41.0,27.8,0.1,0.1,69,17.9
2024-04-28,41.7,27.7,0.0,0.0,64,20.7
2024-04-29,40.6,27.4,0.1,0.1,64,19.0
2024-04-30,39.7,26.8,0.0,0.0,68,22.5
2024-05-01,39.7,28.3,0.0,0.0,68,22.4
2024-05-02,38.8,29.4,0.0,0.0,70,30.5
2024-05-03,39.9,29.3,0.0,0.0,68,24.5
2024-05-04,39.4,29.5,10.4,10.4,69,19.2
2024-05-05,39.2,29.6,0.4,0.4,68,24.3
2024-05-06,39.2,29.7,0.0,0.0,70,25.3
2024-05-07,33.7,25.3,18.4,18.4,81,18.8
2024-05-08,36.2,26.4,0.6,0.6,67,15.9
2024-05-09,34.7,27.7,3.9,3.9,74,15.9
2024-05-10,35.0,25.8,0.7,0.7,74,14.6
2024-05-11,37.0,27.5,4.6,4.6,74,20.0
2024-05-12,38.5,28.1,0.2,0.2,65,14.5
2024-05-13,37.5,28.1,8.3,8.3,72,7.4
2024-05-14,35.9,27.5,4.5,4.5,76,14.2
2024-05-15,35.3,26.9,7.4,7.4,76,18.6
2024-05-16,32.2,26.5,18.0,18.0,85,12.0
2024-05-17,30.9,25.6,33.7,33.7,84,14.4
2024-05-18,33.1,26.2,15.1,15.1,85,13.2
2024-05-19,34.0,25.0,18.9,18.9,84,13.2
2024-05-20,33.9,25.4,19.4,19.4,81,12.7
2024-05-21,35.0,26.3,12.2,12.2,75,16.7
2024-05-22,37.8,27.3,0.4,0.4,69,20.8
2024-05-23,37.8,27.8,6.5,6.5,70,20.8
2024-05-24,36.5,27.8,25.7,25.7,78,13.5
2024-05-25,31.8,26.9,7.5,7.5,85,9.6
2024-05-26,38.6,29.0,0.0,0.0,70,18.0
2024-05-27,41.1,30.6,0.0,0.0,53,20.1
2024-05-28,40.6,31.4,0.0,0.0,53,18.8
2024-05-29,40.9,30.5,0.0,0.0,54,17.9
2024-05-30,42.4,30.8,0.0,0.0,57,19.5
2024-05-31,42.2,30.0,0.0,0.0,64,16.1
2024-06-01,38.8,30.6,0.2,0.2,69,20.3
2024-06-02,35.2,27.8,53.5,53.5,80,17.2
2024-06-03,35.8,27.3,0.0,0.0,66,15.5
2024-06-04,34.9,29.0,5.7,5.7,75,21.3
2024-06-05,32.2,26.7,32.3,32.3,86,19.5
2024-06-06,33.3,26.3,0.2,0.2,79,14.8
2024-06-07,31.5,27.1,3.7,3.7,76,14.0
2024-06-08,32.6,26.1,3.5,3.5,76,13.6
2024-06-09,34.0,26.3,0.2,0.2,72,19.5
2024-06-10,33.5,26.6,18.8,18.8,79,15.7
2024-06-11,34.1,26.2,3.7,3.7,76,16.7
2024-06-12,35.0,26.8,3.3,3.3,73,19.1
2024-06-13,35.1,26.4,1.0,1.0,74,16.2
2024-06-14,35.2,27.1,9.4,9.4,74,14.8
2024-06-15,35.7,26.5,27.4,27.4,81,17.6
2024-06-16,33.5,26.2,27.4,27.4,78,18.7
2024-06-17,35.4,25.8,9.8,9.8,75,15.6
2024-06-18,37.1,27.6,8.2,8.2,73,18.5
2024-06-19,35.1,26.8,0.2,0.2,72,19.8
2024-06-20,34.8,28.3,0.1,0.1,68,20.4
2024-06-21,35.9,27.0,2.7,2.7,73,19.1
2024-06-22,32.3,26.1,3.9,3.9,80,17.5
2024-06-23,33.4,25.1,14.5,14.5,77,13.5
2024-06-24,35.4,25.8,11.4,11.4,77,15.4
2024-06-25,34.8,25.8,4.1,4.1,77,18.6
2024-06-26,31.6,26.1,24.9,24.9,83,18.3
2024-06-27,28.9,26.1,39.8,39.8,91,20.3
2024-06-28,32.3,25.7,10.6,10.6,81,20.7
2024-06-29,32.5,25.9,6.1,6.1,83,18.3
2024-06-30,31.6,26.1,7.1,7.1,85,18.0
2024-07-01,31.1,25.2,15.0,15.0,85,21.7
2024-07-02,33.8,26.4,0.0,0.0,74,23.8
2024-07-03,33.8,26.4,0.2,0.2,74,20.9
2024-07-04,34.0,27.3,2.1,2.1,75,15.9
2024-07-05,34.2,26.9,1.4,1.4,75,23.7
2024-07-06,31.1,25.3,16.4,16.4,85,21.9
2024-07-07,31.6,25.4,7.3,7.3,83,18.8
2024-07-08,32.4,25.3,20.6,20.6,84,13.2
2024-07-09,30.4,24.6,34.8,34.8,88,14.0
2024-07-10,32.0,25.9,10.4,10.4,82,15.5
2024-07-11,32.9,26.6,5.6,5.6,79,17.3
2024-07-12,32.3,25.8,11.8,11.8,83,19.6
2024-07-13,27.2,25.4,52.2,52.2,92,20.6
2024-07-14,28.5,25.5,14.4,14.4,87,23.9
2024-07-15,30.3,25.2,7.7,7.7,88,21.7
2024-07-16,29.7,25.1,24.5,24.5,89,16.4
2024-07-17,31.3,25.7,16.5,16.5,84,26.3
2024-07-18,28.9,25.5,53.0,53.0,91,22.5
2024-07-19,27.0,25.0,78.3,78.3,91,26.5
2024-07-20,27.1,24.8,33.1,33.1,90,25.7
2024-07-21,27.2,24.7,23.5,23.5,90,21.7
2024-07-22,30.1,25.0,4.4,4.4,85,28.7
2024-07-23,31.2,25.5,10.2,10.2,84,31.8
2024-07-24,28.3,25.5,6.5,6.5,86,29.3
2024-07-25,30.3,25.0,8.8,8.8,84,30.1
2024-07-26,32.4,25.2,17.7,17.7,81,32.3
2024-07-27,29.5,24.9,19.7,19.7,87,23.4
2024-07-28,32.6,25.5,3.9,3.9,81,27.0
2024-07-29,33.2,25.5,10.5,10.5,80,21.6
2024-07-30,33.4,25.0,4.2,4.2,82,18.8
2024-07-31,32.6,26.0,2.1,2.1,79,19.1
2024-08-01,31.5,26.4,0.2,0.2,79,18.2
2024-08-02,30.9,25.4,6.8,6.8,81,22.6
2024-08-03,32.8,26.2,0.2,0.2,75,22.8
2024-08-04,33.4,26.0,0.2,0.2,75,17.1
2024-08-05,32.3,25.7,1.8,1.8,80,14.2
2024-08-06,29.2,26.1,4.8,4.8,87,15.8
2024-08-07,29.4,25.4,8.3,8.3,89,22.7
2024-08-08,31.4,25.0,1.8,1.8,83,16.3
2024-08-09,33.6,25.2,0.2,0.2,77,14.6
2024-08-10,33.4,25.5,0.5,0.5,78,15.3
2024-08-11,33.3,26.1,0.4,0.4,76,13.0
2024-08-12,33.2,25.8,0.4,0.4,78,12.4
2024-08-13,33.0,26.1,1.9,1.9,80,13.9
2024-08-14,33.1,26.4,3.9,3.9,82,8.0
2024-08-15,33.1,26.0,2.0,2.0,80,13.4
2024-08-16,32.3,26.2,1.7,1.7,82,15.3
2024-08-17,33.8,26.1,1.4,1.4,79,15.5
2024-08-18,34.0,26.3,4.0,4.0,78,11.9
2024-08-19,32.5,26.1,2.9,2.9,85,13.1
2024-08-20,33.4,25.6,1.8,1.8,82,16.0
2024-08-21,32.4,26.4,3.8,3.8,81,21.1
2024-08-22,30.9,25.7,13.2,13.2,87,14.3
2024-08-23,28.7,25.9,8.1,8.1,90,9.9
2024-08-24,30.4,25.8,16.0,16.0,89,17.9
2024-08-25,31.9,25.5,2.4,2.4,80,21.1
2024-08-26,32.3,26.1,0.0,0.0,73,23.8
2024-08-27,32.8,25.9,0.1,0.1,72,19.8
2024-08-28,31.6,26.0,0.3,0.3,77,21.2
2024-08-29,29.8,25.2,7.9,7.9,86,16.7
2024-08-30,29.2,25.3,72.3,72.3,92,16.0
2024-08-31,26.4,24.6,341.3,341.3,94,21.4
2024-09-01,28.9,24.8,8.4,8.4,86,24.3
2024-09-02,29.7,24.6,0.2,0.2,77,19.4
2024-09-03,29.2,25.7,15.2,15.2,87,14.6
2024-09-04,27.0,24.8,84.1,84.1,93,18.1
2024-09-05,30.8,24.9,8.0,8.0,86,22.1
2024-09-06,31.6,25.6,16.9,16.9,87,21.6
2024-09-07,31.3,25.4,14.6,14.6,86,21.9
2024-09-08,27.6,25.3,24.1,24.1,91,22.0
2024-09-09,29.1,25.2,12.7,12.7,85,32.1
2024-09-10,32.0,25.7,0.2,0.2,76,26.6
2024-09-11,32.5,25.9,0.0,0.0,74,19.8
2024-09-12,32.5,24.9,0.0,0.0,74,18.0
2024-09-13,32.9,25.7,0.0,0.0,72,19.1
2024-09-14,32.8,25.4,0.2,0.2,70,20.5
2024-09-15,33.5,25.2,0.0,0.0,67,24.0
2024-09-16,32.8,25.2,0.2,0.2,69,19.5
2024-09-17,33.8,25.2,0.1,0.1,69,19.2
2024-09-18,34.0,25.8,0.0,0.0,70,11.7
2024-09-19,34.2,24.8,0.4,0.4,70,13.5
2024-09-20,32.1,25.4,18.1,18.1,87,11.1
2024-09-21,33.5,24.4,7.1,7.1,86,13.6
2024-09-22,33.4,24.8,11.2,11.2,82,10.7
2024-09-23,31.6,25.5,3.8,3.8,85,9.3
2024-09-24,31.8,25.1,33.5,33.5,89,14.0
2024-09-25,30.7,24.5,16.1,16.1,85,13.9
2024-09-26,30.9,24.5,26.1,26.1,87,17.1
2024-09-27,30.2,24.4,25.9,25.9,89,14.7
2024-09-28,31.1,24.6,1.7,1.7,87,16.1
2024-09-29,30.8,25.3,4.5,4.5,86,11.3
2024-09-30,31.9,24.6,0.8,0.8,84,12.1
2024-10-01,32.9,25.3,1.5,1.5,82,11.8
2024-10-02,33.4,25.5,4.4,4.4,82,11.6
2024-10-03,34.3,26.1,3.6,3.6,78,14.7
2024-10-04,35.0,25.9,0.0,0.0,73,11.6
2024-10-05,34.7,25.9,0.7,0.7,75,10.6
2024-10-06,33.5,25.2,0.4,0.4,82,9.9
2024-10-07,31.6,24.4,9.8,9.8,87,12.9
2024-10-08,30.7,24.6,5.7,5.7,87,11.2
2024-10-09,31.5,24.7,9.0,9.0,86,16.9
2024-10-10,31.4,24.0,13.9,13.9,86,15.9
2024-10-11,30.5,24.4,4.9,4.9,86,13.8
2024-10-12,31.0,24.6,9.0,9.0,87,12.2
2024-10-13,31.5,24.2,1.6,1.6,85,13.0
2024-10-14,28.9,25.0,7.5,7.5,87,17.4
2024-10-15,30.6,24.6,1.9,1.9,86,18.1
2024-10-16,29.6,25.1,8.6,8.6,86,22.4
2024-10-17,29.2,25.2,7.2,7.2,89,16.9
2024-10-18,30.8,24.9,11.4,11.4,89,16.4
2024-10-19,29.7,24.7,19.6,19.6,89,17.5
2024-10-20,31.3,24.5,10.9,10.9,86,14.1
2024-10-21,31.9,23.7,8.0,8.0,86,10.8
2024-10-22,32.8,23.6,0.4,0.4,82,14.3
2024-10-23,33.6,23.7,0.0,0.0,71,14.8
2024-10-24,32.1,24.1,0.0,0.0,58,17.3
2024-10-25,32.9,22.7,0.1,0.1,60,16.0
2024-10-26,33.4,25.5,0.0,0.0,69,18.5
2024-10-27,33.6,24.8,0.4,0.4,75,9.9
2024-10-28,32.8,23.8,0.4,0.4,77,14.1
2024-10-29,32.5,23.5,2.0,2.0,79,10.4
2024-10-30,31.1,23.6,13.5,13.5,87,15.7
2024-10-31,31.5,24.1,0.8,0.8,80,10.4
2024-11-01,32.9,23.3,0.2,0.2,75,9.4
2024-11-02,32.7,23.7,0.2,0.2,74,11.2
2024-11-03,32.8,24.2,0.3,0.3,72,14.5
2024-11-04,33.3,23.8,0.0,0.0,66,10.6
2024-11-05,33.2,22.1,0.0,0.0,64,13.6
2024-11-06,33.8,23.8,0.0,0.0,66,17.1
2024-11-07,32.3,23.9,0.6,0.6,72,15.0
2024-11-08,33.8,24.7,0.0,0.0,70,15.6
2024-11-09,33.6,24.0,0.0,0.0,68,14.9
2024-11-10,33.5,23.7,0.0,0.0,65,13.3
2024-11-11,33.8,23.6,1.1,1.1,65,20.7
2024-11-12,29.3,24.6,1.4,1.4,79,21.9
2024-11-13,31.9,23.9,5.0,5.0,83,15.7
2024-11-14,30.6,24.0,2.5,2.5,80,18.0
2024-11-15,32.0,24.2,0.0,0.0,74,15.5
2024-11-16,32.2,24.0,0.0,0.0,76,11.2
2024-11-17,31.7,23.5,0.0,0.0,71,12.5
2024-11-18,30.8,21.6,0.0,0.0,66,12.7
2024-11-19,30.3,20.4,0.0,0.0,67,9.6
2024-11-20,30.5,20.3,0.0,0.0,70,11.3
2024-11-21,30.5,20.0,0.0,0.0,70,10.3
2024-11-22,30.4,19.6,0.0,0.0,69,10.3
2024-11-23,30.8,20.6,0.0,0.0,70,7.8
2024-11-24,30.8,20.8,0.0,0.0,70,11.1
2024-11-25,30.5,20.7,0.0,0.0,66,13.1
2024-11-26,31.8,23.2,0.0,0.0,60,14.8
2024-11-27,30.5,21.4,0.0,0.0,56,14.0
2024-11-28,31.0,20.4,0.0,0.0,51,15.0
2024-11-29,29.3,24.1,5.7,5.7,68,17.5
2024-11-30,28.3,24.1,14.5,14.5,83,29.9
2024-12-01,27.3,23.8,5.8,5.8,89,24.2
2024-12-02,29.9,23.5,2.1,2.1,84,23.4
2024-12-03,30.1,24.1,0.7,0.7,81,19.6
2024-12-04,31.1,24.0,1.9,1.9,81,16.5
2024-12-05,30.4,23.9,2.6,2.6,83,13.6
2024-12-06,31.6,23.2,0.0,0.0,80,9.9
2024-12-07,31.6,21.9,0.0,0.0,81,12.8
2024-12-08,31.8,22.5,0.0,0.0,77,12.6
2024-12-09,32.0,22.3,0.0,0.0,76,10.6
2024-12-10,32.8,22.3,0.1,0.1,75,12.3
2024-12-11,31.6,23.0,0.1,0.1,73,17.3
2024-12-12,30.5,23.0,0.0,0.0,68,14.6
2024-12-13,30.1,22.0,0.0,0.0,65,13.6
2024-12-14,30.6,20.3,0.0,0.0,63,12.4
2024-12-15,30.4,19.1,0.0,0.0,64,12.1
2024-12-16,30.8,18.7,0.0,0.0,62,13.0
2024-12-17,29.5,18.7,0.3,0.3,65,13.7
2024-12-18,28.1,22.1,2.8,2.8,82,17.5
2024-12-19,30.0,23.2,2.5,2.5,78,24.2
2024-12-20,28.4,23.3,2.8,2.8,80,18.6
2024-12-21,31.1,21.9,0.9,0.9,76,16.8
2024-12-22,29.8,20.0,0.0,0.0,75,12.6
2024-12-23,29.0,20.5,1.7,1.7,76,16.5
2024-12-24,26.1,21.0,30.4,30.4,84,20.8
2024-12-25,27.2,21.7,2.2,2.2,79,23.5
2024-12-26,28.2,22.7,0.0,0.0,78,24.4
2024-12-27,28.9,21.5,0.0,0.0,72,19.5
2024-12-28,29.6,19.9,0.0,0.0,71,15.3
2024-12-29,29.5,18.7,0.0,0.0,75,10.5
2024-12-30,30.2,19.5,0.0,0.0,75,10.7
2024-12-31,30.4,21.0,0.0,0.0,78,9.6
2025-01-01,30.1,20.9,0.0,0.0,80,9.3
2025-01-02,29.1,18.5,0.1,0.1,81,9.2
2025-01-03,28.6,18.9,0.0,0.0,77,6.9
2025-01-04,29.1,18.2,0.0,0.0,75,9.8
2025-01-05,28.7,18.4,0.0,0.0,76,11.0
2025-01-06,29.8,18.1,0.0,0.0,74,9.4
2025-01-07,29.9,18.1,0.0,0.0,74,10.4
2025-01-08,29.6,18.5,0.0,0.0,70,10.7
2025-01-09,29.8,18.9,0.0,0.0,65,15.4
2025-01-10,29.1,18.6,0.0,0.0,67,18.4
2025-01-11,28.9,17.9,0.0,0.0,70,17.2
2025-01-12,30.6,18.8,0.0,0.0,69,15.5
2025-01-13,31.4,19.2,0.0,0.0,67,13.3
2025-01-14,31.4,20.4,0.0,0.0,71,15.7
2025-01-15,30.9,20.8,0.0,0.0,70,16.9
2025-01-16,30.5,20.5,0.0,0.0,68,14.5
2025-01-17,30.2,20.2,0.0,0.0,67,15.2
2025-01-18,29.4,19.0,0.0,0.0,64,16.4
2025-01-19,30.9,18.8,0.0,0.0,61,13.9
2025-01-20,31.3,18.4,0.0,0.0,67,7.6
2025-01-21,32.3,16.5,0.0,0.0,67,11.5
2025-01-22,32.4,18.0,0.0,0.0,73,13.6
2025-01-23,31.7,19.4,0.0,0.0,74,8.7
2025-01-24,31.7,18.1,0.0,0.0,76,13.7
2025-01-25,31.7,18.3,0.0,0.0,72,9.1
2025-01-26,32.4,18.9,0.0,0.0,73,14.2
2025-01-27,31.6,19.5,0.0,0.0,75,14.6
2025-01-28,32.3,20.3,0.0,0.0,72,16.4
2025-01-29,31.9,20.5,0.0,0.0,71,12.0
2025-01-30,32.4,19.9,0.0,0.0,72,11.5
2025-01-31,33.3,19.0,0.0,0.0,74,11.5
2025-02-01,33.5,20.2,0.2,0.2,73,11.2
2025-02-02,33.6,20.0,0.0,0.0,74,13.8
2025-02-03,34.8,18.9,0.0,0.0,63,12.2
2025-02-04,35.5,20.2,0.0,0.0,49,13.9
2025-02-05,35.3,20.7,0.0,0.0,59,17.9
2025-02-06,35.1,21.2,0.0,0.0,68,14.8
2025-02-07,34.6,21.7,0.0,0.0,68,18.9
2025-02-08,35.3,21.8,0.0,0.0,66,16.5
2025-02-09,34.3,23.0,0.0,0.0,72,17.9
2025-02-10,33.8,22.0,0.0,0.0,72,19.8
2025-02-11,33.8,20.5,0.0,0.0,71,16.0
2025-02-12,35.2,19.7,0.0,0.0,70,17.8
2025-02-13,35.6,20.3,0.0,0.0,68,19.2
2025-02-14,36.0,20.7,0.0,0.0,63,13.7
2025-02-15,35.5,20.5,0.0,0.0,63,15.4
2025-02-16,34.4,22.1,0.0,0.0,72,17.1
2025-02-17,34.6,22.0,0.0,0.0,71,17.9
2025-02-18,34.4,21.6,0.0,0.0,72,16.8
2025-02-19,35.3,21.8,0.0,0.0,71,16.4
2025-02-20,34.5,22.5,0.8,0.8,71,15.0
2025-02-21,34.8,22.1,0.1,0.1,72,13.9
2025-02-22,34.8,22.3,0.1,0.1,71,13.5
2025-02-23,36.5,22.3,0.0,0.0,65,10.2
2025-02-24,34.7,22.3,0.0,0.0,68,15.7
2025-02-25,34.5,23.0,0.0,0.0,68,12.8
2025-02-26,34.1,22.5,0.0,0.0,67,16.8
2025-02-27,33.6,22.3,0.0,0.0,68,14.8
2025-02-28,34.1,21.9,0.0,0.0,69,15.1
2025-03-01,33.6,21.4,0.0,0.0,73,14.1
2025-03-02,34.1,21.0,0.1,0.1,75,13.1
2025-03-03,35.4,21.6,0.0,0.0,76,14.9
2025-03-04,36.4,22.1,0.0,0.0,73,16.2
2025-03-05,36.8,23.6,0.0,0.0,71,16.6
2025-03-06,36.0,21.3,0.0,0.0,49,12.3
2025-03-07,34.6,21.4,0.0,0.0,70,17.1
2025-03-08,35.6,22.0,0.0,0.0,73,20.5
2025-03-09,34.6,23.1,0.0,0.0,71,16.1
2025-03-10,34.6,22.6,0.0,0.0,64,16.7
2025-03-11,35.7,22.3,0.0,0.0,66,14.3
2025-03-12,36.1,21.7,0.0,0.0,69,16.5
2025-03-13,37.6,24.2,0.0,0.0,73,18.5
2025-03-14,37.2,24.2,0.0,0.0,73,16.9
2025-03-15,36.0,23.3,0.0,0.0,72,14.5
2025-03-16,37.0,22.9,0.0,0.0,73,14.2
2025-03-17,36.6,23.7,0.0,0.0,73,16.6
2025-03-18,35.9,23.8,0.0,0.0,75,16.6
2025-03-19,35.8,24.1,0.0,0.0,72,17.3
2025-03-20,36.1,23.0,0.0,0.0,70,17.2
2025-03-21,35.7,23.1,0.1,0.1,70,17.3
2025-03-22,35.4,23.9,0.6,0.6,71,15.4
2025-03-23,36.4,24.4,0.9,0.9,68,15.7
2025-03-24,37.1,23.8,0.3,0.3,66,18.5
2025-03-25,36.6,24.3,0.0,0.0,66,17.8
2025-03-26,36.7,24.4,0.2,0.2,69,18.2
2025-03-27,38.6,23.9,0.0,0.0,68,18.6
2025-03-28,38.4,24.6,0.0,0.0,69,17.1
2025-03-29,38.1,24.6,0.0,0.0,67,16.5
2025-03-30,37.3,25.1,0.0,0.0,69,14.8
2025-03-31,35.7,24.5,0.0,0.0,72,15.8
2025-04-01,35.1,25.2,0.0,0.0,69,15.1
2025-04-02,35.2,24.6,0.0,0.0,67,15.1
2025-04-03,36.1,25.1,2.6,2.6,68,16.0
2025-04-04,35.6,23.8,5.0,5.0,67,14.3
2025-04-05,36.3,25.5,0.3,0.3,68,15.2
2025-04-06,38.3,24.4,0.0,0.0,67,14.0
2025-04-07,39.2,25.6,0.0,0.0,66,14.6
2025-04-08,38.6,25.8,0.2,0.2,62,20.2
2025-04-09,37.9,26.3,0.3,0.3,60,16.7
2025-04-10,37.1,25.7,0.5,0.5,64,14.6
2025-04-11,37.2,26.0,0.1,0.1,66,13.2
2025-04-12,38.2,25.9,0.5,0.5,59,14.3
2025-04-13,36.8,26.5,0.1,0.1,70,12.6
2025-04-14,35.6,24.6,0.6,0.6,71,12.1
2025-04-15,35.3,25.1,4.4,4.4,74,15.0
2025-04-16,35.8,24.9,1.3,1.3,71,15.6
2025-04-17,37.1,25.3,0.0,0.0,69,15.0
2025-04-18,37.6,26.6,0.8,0.8,70,17.4
2025-04-19,37.9,27.4,0.6,0.6,69,13.5
2025-04-20,38.6,28.0,4.6,4.6,71,14.5
2025-04-21,38.1,27.1,0.3,0.3,69,13.8
2025-04-22,38.2,26.8,0.2,0.2,70,13.6
2025-04-23,38.7,27.2,0.0,0.0,70,15.1
2025-04-24,38.2,26.9,0.0,0.0,70,14.6
2025-04-25,38.5,26.7,0.0,0.0,68,15.7
2025-04-26,37.8,27.6,0.3,0.3,66,15.7
2025-04-27,38.7,27.1,0.3,0.3,65,16.8
2025-04-28,37.1,27.5,4.5,4.5,65,14.3
2025-04-29,38.0,26.7,0.9,0.9,66,15.8
2025-04-30,37.2,26.3,3.3,3.3,68,13.2
2025-05-01,35.8,26.3,0.3,0.3,72,13.0
2025-05-02,35.2,25.9,2.1,2.1,74,12.3
2025-05-03,34.2,26.9,11.8,11.8,75,11.1
2025-05-04,33.5,25.2,17.5,17.5,79,10.7
2025-05-05,34.8,24.1,0.3,0.3,77,12.7
2025-05-06,34.6,25.8,0.5,0.5,76,12.1
2025-05-07,33.3,26.3,7.8,7.8,80,17.4
2025-05-08,35.7,26.0,21.6,21.6,81,19.8
2025-05-09,35.5,25.1,0.5,0.5,75,10.2
2025-05-10,35.8,25.9,0.8,0.8,75,10.8
2025-05-11,37.8,25.7,0.0,0.0,71,16.8
2025-05-12,39.1,26.8,0.0,0.0,69,11.4
2025-05-13,38.6,27.0,0.1,0.1,68,13.5
2025-05-14,35.6,27.0,15.4,15.4,73,13.9
2025-05-15,32.8,27.3,23.6,23.6,81,13.6
2025-05-16,35.7,25.5,10.8,10.8,75,17.5
2025-05-17,35.3,26.9,7.3,7.3,79,11.3
2025-05-18,32.3,26.8,3.8,3.8,81,13.0
2025-05-19,34.6,27.2,4.5,4.5,74,18.2
2025-05-20,32.9,26.0,7.7,7.7,82,15.4
2025-05-21,32.2,25.4,17.9,17.9,87,10.6
2025-05-22,32.1,25.2,2.4,2.4,84,8.0
2025-05-23,34.8,26.9,0.0,0.0,71,13.2
2025-05-24,34.5,26.3,19.5,19.5,77,13.1
2025-05-25,33.9,26.3,4.6,4.6,83,8.3
2025-05-26,32.6,25.2,22.4,22.4,84,9.7
2025-05-27,33.7,26.3,6.6,6.6,76,16.4
2025-05-28,31.2,26.2,1.8,1.8,82,18.5
2025-05-29,32.2,27.2,1.2,1.2,76,16.9
2025-05-30,34.5,27.0,6.2,6.2,78,16.2
2025-05-31,35.5,27.1,0.0,0.0,70,18.4
2025-06-01,36.0,26.6,0.0,0.0,61,19.5
2025-06-02,35.5,27.8,0.0,0.0,61,19.7
2025-06-03,34.9,28.2,0.0,0.0,66,17.0
2025-06-04,35.8,27.3,0.0,0.0,65,15.7
2025-06-05,36.2,27.4,0.1,0.1,61,11.0
2025-06-06,37.2,25.9,0.0,0.0,67,10.7
2025-06-07,35.2,27.1,11.2,11.2,75,19.3
2025-06-08,37.1,26.8,0.0,0.0,65,13.3
2025-06-09,36.8,27.9,0.0,0.0,59,17.6
2025-06-10,35.6,28.2,0.0,0.0,66,15.5
2025-06-11,31.8,25.7,6.4,6.4,85,8.5
2025-06-12,32.9,25.1,0.8,0.8,80,9.4
2025-06-13,33.5,25.9,1.8,1.8,81,11.4
2025-06-14,33.3,26.7,34.0,34.0,84,10.8
2025-06-15,33.5,26.3,11.6,11.6,78,17.6
2025-06-16,33.7,26.5,3.6,3.6,77,17.8
2025-06-17,33.8,28.2,0.0,0.0,68,22.0
2025-06-18,34.0,28.3,0.0,0.0,70,20.0
2025-06-19,34.0,29.1,0.0,0.0,68,21.0
2025-06-20,34.0,27.3,0.5,0.5,72,22.0
2025-06-21,34.6,27.3,0.1,0.1,68,21.8
2025-06-22,33.8,27.1,0.0,0.0,67,22.0
2025-06-23,31.0,25.7,4.9,4.9,73,19.6
2025-06-24,28.4,25.3,9.4,9.4,82,19.0
2025-06-25,27.5,25.4,15.5,15.5,89,16.1
2025-06-26,29.8,25.1,7.3,7.3,89,16.4
2025-06-27,31.7,26.1,0.0,0.0,77,16.3
2025-06-28,33.5,26.2,0.1,0.1,72,20.9
2025-06-29,31.8,25.2,2.1,2.1,71,20.7
2025-06-30,29.5,24.3,5.9,5.9,80,21.1
2025-07-01,29.7,25.2,12.2,12.2,83,22.2
2025-07-02,27.7,23.5,21.1,21.1,88,21.8
2025-07-03,31.2,25.5,0.8,0.8,79,20.1
2025-07-04,32.6,26.6,1.2,1.2,71,23.4
2025-07-05,32.2,26.9,0.6,0.6,69,23.4
2025-07-06,32.3,26.7,0.3,0.3,70,25.8
2025-07-07,30.4,26.5,0.4,0.4,74,25.2
2025-07-08,32.6,26.1,0.1,0.1,67,26.9
2025-07-09,32.9,25.8,0.1,0.1,71,23.6
2025-07-10,33.4,26.5,0.3,0.3,72,19.9
2025-07-11,33.9,25.1,0.2,0.2,73,18.4
2025-07-12,33.0,25.6,8.7,8.7,79,18.5
2025-07-13,33.6,27.4,0.5,0.5,74,18.9
2025-07-14,34.3,27.2,0.0,0.0,71,19.1
2025-07-15,34.7,26.5,3.1,3.1,69,21.4
2025-07-16,35.1,27.7,0.4,0.4,73,13.0
2025-07-17,33.5,25.4,27.9,27.9,83,12.5
2025-07-18,34.2,24.5,11.4,11.4,80,11.2
2025-07-19,34.3,25.2,10.9,10.9,83,7.8
2025-07-20,33.6,25.0,9.5,9.5,83,16.1
2025-07-21,32.5,25.0,15.1,15.1,86,16.6
2025-07-22,30.8,24.5,31.4,31.4,89,15.7
2025-07-23,29.9,25.8,12.0,12.0,86,20.7
2025-07-24,29.3,25.2,7.8,7.8,86,25.2
2025-07-25,27.7,25.0,23.3,23.3,92,20.9
2025-07-26,30.6,25.0,12.9,12.9,84,27.2
2025-07-27,32.9,26.0,0.0,0.0,71,26.8
2025-07-28,32.2,26.7,0.0,0.0,68,26.9
2025-07-29,32.6,27.4,0.1,0.1,68,25.8
2025-07-30,32.4,26.1,1.0,1.0,73,20.5
2025-07-31,32.6,25.2,7.4,7.4,80,19.8
2025-08-01,33.3,26.3,0.1,0.1,75,18.4
2025-08-02,33.6,26.1,0.2,0.2,76,13.2
2025-08-03,33.5,25.7,3.5,3.5,78,13.6
2025-08-04,33.8,24.9,3.3,3.3,83,8.7
2025-08-05,32.4,25.0,3.4,3.4,82,10.4
2025-08-06,33.5,25.5,2.3,2.3,82,8.8
2025-08-07,34.0,26.7,7.0,7.0,82,10.2
2025-08-08,32.9,25.0,3.5,3.5,80,12.2
2025-08-09,33.4,25.1,3.8,3.8,85,11.7
2025-08-10,31.3,24.4,1.4,1.4,84,10.4
2025-08-11,32.9,25.2,4.7,4.7,80,11.0
2025-08-12,33.2,25.0,21.2,21.2,83,19.5
2025-08-13,30.7,24.0,58.1,58.1,91,18.7
2025-08-14,31.0,24.1,5.3,5.3,85,18.7
2025-08-15,31.3,24.9,1.6,1.6,82,19.3
2025-08-16,29.9,24.7,22.5,22.5,90,16.9
2025-08-17,27.6,24.9,24.3,24.3,91,19.0
2025-08-18,27.9,24.7,21.9,21.9,89,21.4
2025-08-19,30.2,25.0,5.3,5.3,81,24.6
2025-08-20,30.7,25.4,1.6,1.6,81,19.5
2025-08-21,32.2,25.5,0.2,0.2,80,15.4
2025-08-22,31.8,26.1,0.2,0.2,80,17.1
2025-08-23,31.8,25.8,0.0,0.0,78,18.1
2025-08-24,30.3,25.6,0.0,0.0,78,15.7
2025-08-25,31.9,25.9,0.0,0.0,74,19.9
2025-08-26,28.6,24.7,18.2,18.2,89,12.9
2025-08-27,26.5,23.7,28.4,28.4,94,16.4
2025-08-28,28.6,24.1,12.5,12.5,92,18.0
2025-08-29,31.6,24.6,3.8,3.8,84,14.8
2025-08-30,32.2,24.6,6.0,6.0,84,12.3
2025-08-31,31.7,26.0,3.1,3.1,85,16.6
2025-09-01,31.3,24.7,14.4,14.4,86,18.8
2025-09-02,28.9,26.0,13.1,13.1,86,22.3
2025-09-03,30.9,25.4,10.3,10.3,85,19.0
2025-09-04,31.6,24.6,1.9,1.9,83,15.3
2025-09-05,32.3,24.9,0.1,0.1,82,14.0
2025-09-06,32.2,24.9,0.3,0.3,82,12.4
2025-09-07,31.5,25.5,2.5,2.5,85,16.8
2025-09-08,33.1,24.6,0.0,0.0,80,8.9
2025-09-09,31.3,25.5,5.9,5.9,86,9.4
2025-09-10,31.1,25.5,10.1,10.1,88,12.5
2025-09-11,31.0,25.0,13.0,13.0,89,13.7
2025-09-12,29.5,25.4,6.5,6.5,91,11.7
2025-09-13,30.6,24.3,22.4,22.4,92,8.8
2025-09-14,31.0,23.9,3.0,3.0,90,12.8
2025-09-15,30.8,25.4,1.5,1.5,89,11.6
2025-09-16,31.2,24.9,14.0,14.0,91,9.3
2025-09-17,30.9,24.5,5.8,5.8,89,8.6
2025-09-18,31.7,24.8,4.9,4.9,88,11.0
2025-09-19,32.1,24.7,2.3,2.3,87,9.0
2025-09-20,33.1,24.7,17.2,17.2,86,9.9
2025-09-21,32.7,25.0,11.8,11.8,87,14.4
2025-09-22,30.9,25.3,14.4,14.4,91,15.2
2025-09-23,31.0,24.8,10.6,10.6,88,16.6
2025-09-24,31.2,25.2,3.6,3.6,86,21.1
2025-09-25,29.9,25.0,3.7,3.7,82,23.8
2025-09-26,28.9,24.8,18.6,18.6,88,15.5
2025-09-27,29.9,24.3,14.8,14.8,91,18.3
2025-09-28,30.9,24.0,0.2,0.2,82,12.9
2025-09-29,31.6,24.5,2.4,2.4,81,14.7
2025-09-30,30.9,25.1,10.6,10.6,86,14.9
2025-10-01,30.8,24.5,3.8,3.8,86,19.2
2025-10-02,29.4,25.4,9.4,9.4,86,17.3
2025-10-03,32.4,25.7,0.1,0.1,80,18.7
2025-10-04,31.2,25.3,5.8,5.8,86,16.3
2025-10-05,31.4,24.7,1.9,1.9,86,9.9
2025-10-06,31.7,24.7,7.7,7.7,85,14.4
2025-10-07,32.2,24.3,6.4,6.4,86,11.2
2025-10-08,31.9,24.6,4.8,4.8,86,7.8
2025-10-09,30.9,24.9,8.3,8.3,90,8.7
2025-10-10,30.8,24.7,5.6,5.6,91,6.5
2025-10-11,30.6,24.6,6.9,6.9,89,6.7
2025-10-12,31.3,24.3,1.4,1.4,87,12.1
2025-10-13,27.6,24.2,66.8,66.8,93,11.9
2025-10-14,29.0,24.2,1.5,1.5,90,16.0
2025-10-15,31.1,24.5,0.8,0.8,78,20.0
2025-10-16,31.3,24.4,0.0,0.0,76,19.5
2025-10-17,31.5,24.8,0.1,0.1,79,17.8
2025-10-18,30.9,24.5,9.3,9.3,83,19.3
2025-10-19,27.3,24.2,9.3,9.3,93,13.1
2025-10-20,30.7,24.3,4.0,4.0,88,13.1
2025-10-21,29.5,25.0,14.9,14.9,87,21.0
2025-10-22,29.4,24.5,18.6,18.6,89,22.7
2025-10-23,28.1,24.4,25.2,25.2,93,15.8
2025-10-24,28.5,24.1,10.6,10.6,92,14.9
2025-10-25,30.6,23.6,2.7,2.7,88,12.1
2025-10-26,30.6,23.5,1.8,1.8,85,12.8
2025-10-27,26.5,24.4,15.0,15.0,91,19.2
2025-10-28,28.0,24.5,10.1,10.1,86,39.0
2025-10-29,26.7,24.6,1.4,1.4,83,35.6
2025-10-30,30.7,24.2,3.1,3.1,80,14.4
2025-10-31,31.1,23.5,0.2,0.2,84,13.8
2025-11-01,32.0,23.3,0.2,0.2,83,11.1
2025-11-02,32.7,24.5,0.0,0.0,79,11.9
2025-11-03,33.5,25.1,0.2,0.2,80,19.8
2025-11-04,32.0,24.1,5.5,5.5,86,12.9
2025-11-05,31.2,24.2,27.9,27.9,89,9.9
2025-11-06,31.5,23.8,0.4,0.4,84,11.3
2025-11-07,31.7,22.6,0.2,0.2,77,12.5
2025-11-08,32.1,23.2,0.0,0.0,71,7.9
2025-11-09,31.7,21.9,0.0,0.0,72,8.4
2025-11-10,31.2,22.1,0.3,0.3,74,7.9
2025-11-11,31.5,22.7,0.1,0.1,77,7.1
2025-11-12,32.4,23.1,0.1,0.1,77,11.1
2025-11-13,31.5,21.9,0.0,0.0,65,13.5
2025-11-14,30.5,19.5,0.0,0.0,60,12.5
2025-11-15,30.9,19.3,0.0,0.0,63,12.8
2025-11-16,30.7,19.5,0.0,0.0,61,13.7
2025-11-17,30.6,19.7,0.0,0.0,57,14.3
2025-11-18,31.4,19.7,0.0,0.0,59,13.6
2025-11-19,30.7,19.2,0.0,0.0,64,11.1
2025-11-20,30.8,19.2,0.0,0.0,72,13.7
2025-11-21,32.1,23.9,1.2,1.2,73,21.7
2025-11-22,33.8,23.7,0.0,0.0,72,15.5
2025-11-23,33.0,23.5,0.2,0.2,72,12.1
2025-11-24,32.5,23.4,0.0,0.0,71,15.7
2025-11-25,32.1,22.5,0.0,0.0,67,14.0
2025-11-26,31.5,21.2,0.0,0.0,67,16.6
2025-11-27,30.6,20.4,0.0,0.0,65,15.1
2025-11-28,30.3,19.6,0.0,0.0,62,12.5
2025-11-29,31.5,20.9,0.0,0.0,68,19.5
2025-11-30,28.9,23.0,17.9,17.9,81,21.8
2025-12-01,25.7,22.3,8.3,8.3,81,18.7
2025-12-02,26.2,21.7,16.5,16.5,83,14.8
2025-12-03,28.1,22.0,4.4,4.4,83,14.2
2025-12-04,30.4,22.5,0.0,0.0,73,16.9
2025-12-05,29.5,21.2,0.0,0.0,71,16.1
2025-12-06,29.6,19.9,0.0,0.0,69,11.6
2025-12-07,29.4,19.3,0.0,0.0,72,11.0
2025-12-08,30.0,18.1,0.0,0.0,69,8.6
2025-12-09,30.6,18.0,0.0,0.0,65,11.6
2025-12-10,30.5,17.6,0.0,0.0,65,12.3
2025-12-11,30.5,17.4,0.0,0.0,65,9.1
2025-12-12,30.4,17.1,0.0,0.0,61,8.6
2025-12-13,30.7,16.8,0.0,0.0,63,10.2
2025-12-14,30.7,18.2,0.0,0.0,67,9.1
2025-12-15,30.6,18.6,0.0,0.0,68,11.4
2025-12-16,31.0,18.7,0.0,0.0,69,14.7
2025-12-17,31.3,18.1,0.0,0.0,74,8.3
2025-12-18,31.0,17.7,0.0,0.0,72,13.0
2025-12-19,29.4,18.1,0.0,0.0,70,8.9
2025-12-20,30.0,18.4,0.0,0.0,69,10.2
2025-12-21,30.5,18.0,0.0,0.0,64,10.8
2025-12-22,30.4,18.9,0.0,0.0,67,9.6
2025-12-23,29.8,18.2,0.0,0.0,68,8.5
2025-12-24,30.1,18.4,0.0,0.0,67,8.4
2025-12-25,29.7,18.2,0.0,0.0,69,13.4
2025-12-26,29.5,18.0,0.0,0.0,70,10.9
2025-12-27,29.3,18.7,0.0,0.0,71,12.1
2025-12-28,29.0,19.1,0.0,0.0,73,11.2
2025-12-29,28.9,18.8,0.0,0.0,72,9.8
2025-12-30,29.9,18.7,0.0,0.0,74,12.6
2025-12-31,29.2,19.8,0.0,0.0,78,10.5
2026-01-01,30.1,20.2,0.0,0.0,74,9.9
2026-01-02,30.3,20.2,0.0,0.0,75,10.1
2026-01-03,29.7,20.4,0.0,0.0,74,13.0
2026-01-04,29.4,19.9,0.1,0.1,75,9.8
2026-01-05,29.3,19.6,0.0,0.0,73,10.9
2026-01-06,29.4,19.3,0.0,0.0,70,13.1
2026-01-07,29.3,18.1,0.0,0.0,67,13.8
2026-01-08,28.8,17.4,0.0,0.0,60,15.0
2026-01-09,27.4,16.7,0.0,0.0,58,14.7
2026-01-10,28.0,20.0,0.0,0.0,50,13.0
2026-01-11,27.2,17.9,0.4,0.4,54,18.1
2026-01-12,29.1,20.6,0.0,0.0,55,16.8
2026-01-13,31.1,20.2,0.0,0.0,58,12.2
2026-01-14,31.3,18.9,0.0,0.0,70,15.5
2026-01-15,31.3,20.1,0.1,0.1,76,13.5
2026-01-16,30.9,20.2,0.0,0.0,74,14.6
2026-01-17,30.4,18.3,0.0,0.0,77,11.7
2026-01-18,30.4,17.8,0.0,0.0,78,15.2
2026-01-19,30.7,18.4,0.0,0.0,76,13.3
2026-01-20,30.5,18.4,0.0,0.0,71,14.2
2026-01-21,30.2,18.7,0.0,0.0,63,16.6
2026-01-22,29.8,17.9,0.0,0.0,66,14.5
2026-01-23,29.5,18.7,0.0,0.0,71,13.8
2026-01-24,29.7,20.8,0.0,0.0,68,15.0
2026-01-25,31.3,21.4,0.0,0.0,65,12.5
2026-01-26,31.1,20.3,0.0,0.0,65,13.2
2026-01-27,31.2,19.0,0.0,0.0,68,10.1
2026-01-28,30.8,18.9,0.1,0.1,74,13.8
2026-01-29,30.8,19.9,0.1,0.1,73,10.7
2026-01-30,31.1,19.8,0.0,0.0,68,15.7
2026-01-31,30.3,20.0,0.0,0.0,71,13.4
2026-02-01,30.8,20.3,0.0,0.0,73,13.3
2026-02-02,31.4,20.8,0.0,0.0,70,15.3
2026-02-03,30.6,20.1,0.0,0.0,70,16.4
2026-02-04,30.5,21.2,0.0,0.0,66,19.9
2026-02-05,31.5,19.6,0.0,0.0,60,18.2
2026-02-06,32.0,19.0,0.0,0.0,63,13.0
2026-02-07,32.0,17.7,0.0,0.0,67,15.7
2026-02-08,32.2,18.6,0.0,0.0,67,20.1
2026-02-09,31.0,19.3,0.0,0.0,72,15.7
2026-02-10,31.4,19.3,0.0,0.0,72,19.4
2026-02-11,31.8,19.3,0.0,0.0,66,17.2
2026-02-12,32.6,18.9,0.0,0.0,62,13.9
2026-02-13,32.2,18.2,0.0,0.0,64,16.3
2026-02-14,32.5,18.7,0.0,0.0,71,15.9
2026-02-15,33.4,19.8,0.0,0.0,72,17.5
2026-02-16,33.5,20.3,0.0,0.0,70,18.2
2026-02-17,33.2,19.9,0.0,0.0,70,19.7
2026-02-18,33.0,20.1,0.0,0.0,67,15.8
2026-02-19,33.7,20.1,0.0,0.0,66,15.1
2026-02-20,34.8,20.7,0.0,0.0,56,15.4
2026-02-21,35.3,21.5,0.1,0.1,58,16.2
2026-02-22,35.6,22.1,0.2,0.2,68,20.2
2026-02-23,33.1,23.4,3.6,3.6,72,17.0
2026-02-24,30.0,22.6,0.1,0.1,72,12.6
2026-02-25,33.2,21.5,0.0,0.0,69,14.3
2026-02-26,33.4,21.8,0.0,0.0,71,14.4
2026-02-27,33.7,22.8,0.0,0.0,74,18.2
2026-02-28,33.0,22.4,0.1,0.1,76,17.0
2026-03-01,32.9,21.8,0.0,0.0,75,14.5
2026-03-02,34.6,22.1,0.0,0.0,69,17.3
2026-03-03,35.5,21.7,0.0,0.0,65,17.1
2026-03-04,35.1,21.4,0.0,0.0,71,16.5
2026-03-05,36.1,21.5,0.0,0.0,67,14.1
2026-03-06,36.6,20.7,0.0,0.0,68,14.0
2026-03-07,34.4,22.4,0.0,0.0,76,16.1
2026-03-08,32.6,23.0,0.1,0.1,73,14.4
2026-03-09,31.1,23.2,1.0,1.0,75,14.3
2026-03-10,33.8,21.5,0.0,0.0,68,11.9
2026-03-11,34.9,20.0,0.0,0.0,67,13.2
2026-03-12,36.8,22.3,0.0,0.0,69,20.5
2026-03-13,34.0,23.6,0.0,0.0,76,16.1
2026-03-14,33.4,22.9,0.0,0.0,76,16.3
2026-03-15,33.4,22.6,0.0,0.0,75,18.0
2026-03-16,32.9,22.6,0.0,0.0,72,15.1
2026-03-17,32.8,22.8,0.0,0.0,71,16.9
2026-03-18,30.2,21.4,7.0,7.0,83,13.3
2026-03-19,32.2,22.0,1.3,1.3,79,20.6
2026-03-20,32.1,20.4,2.0,2.0,76,12.6
2026-03-21,33.5,21.6,0.9,0.9,76,12.2
2026-03-22,32.6,23.4,1.1,1.1,79,10.2
2026-03-23,33.5,23.3,0.3,0.3,77,16.0
2026-03-24,33.4,23.4,0.0,0.0,76,13.8
2026-03-25,34.9,23.4,0.0,0.0,73,11.2
2026-03-26,36.2,23.8,0.0,0.0,74,15.1
2026-03-27,36.3,23.7,0.0,0.0,73,14.8
2026-03-28,37.0,24.3,0.0,0.0,70,15.5
2026-03-29,36.2,25.1,0.6,0.6,74,12.8
2026-03-30,35.2,25.5,0.0,0.0,74,15.8
2026-03-31,36.0,23.4,0.1,0.1,69,16.3
2026-04-01,35.3,24.7,0.0,0.0,69,14.6
2026-04-02,35.8,23.5,0.0,0.0,70,14.6
2026-04-03,36.6,24.6,0.0,0.0,72,17.6
2026-04-04,36.5,24.9,0.0,0.0,70,17.5
2026-04-05,36.5,26.1,0.1,0.1,71,15.1
2026-04-06,35.3,26.5,1.2,1.2,71,14.7
2026-04-07,35.7,26.2,0.9,0.9,74,14.1
2026-04-08,35.9,26.0,3.0,3.0,74,13.2
2026-04-09,35.7,26.5,5.8,5.8,75,16.8
2026-04-10,37.2,27.0,0.0,0.0,73,20.0
2026-04-11,36.9,27.1,0.1,0.1,71,18.6
2026-04-12,36.0,26.0,0.0,0.0,73,17.0
2026-04-13,36.4,25.3,0.0,0.0,73,16.0
2026-04-14,37.1,25.6,0.0,0.0,70,14.3
2026-04-15,36.5,25.8,0.0,0.0,74,14.8
2026-04-16,35.8,25.5,0.0,0.0,75,16.2
2026-04-17,36.9,26.1,0.0,0.0,73,14.5
2026-04-18,36.6,26.8,0.0,0.0,72,13.0
2026-04-19,36.9,26.7,0.0,0.0,71,13.7
2026-04-20,36.9,25.9,0.1,0.1,73,14.2
2026-04-21,36.8,26.5,0.4,0.4,69,12.8
2026-04-22,37.1,26.6,0.0,0.0,71,15.1
2026-04-23,37.8,26.8,0.0,0.0,72,15.5
2026-04-24,37.6,26.3,0.3,0.3,74,15.9
2026-04-25,37.4,26.0,0.0,0.0,73,15.5
2026-04-26,36.9,26.3,0.0,0.0,73,16.3
2026-04-27,37.2,26.1,0.0,0.0,73,17.1
2026-04-28,35.9,27.0,0.3,0.3,71,18.7
2026-04-29,36.8,27.7,0.1,0.1,70,16.1
2026-04-30,36.6,26.7,16.9,16.9,77,17.4
2026-05-01,38.3,27.2,14.8,14.8,72,19.7
2026-05-02,36.4,28.0,0.2,0.2,74,21.9
2026-05-03,36.2,28.0,1.9,1.9,73,13.0
2026-05-04,34.9,26.1,2.4,2.4,74,11.3
2026-05-05,36.4,27.3,0.1,0.1,67,14.9
2026-05-06,35.3,27.2,0.5,0.5,73,11.1
2026-05-07,34.1,26.6,0.5,0.5,71,22.6
2026-05-08,35.6,26.4,0.8,0.8,71,23.5
2026-05-09,35.9,25.5,1.2,1.2,68,12.7
2026-05-10,36.0,26.2,0.4,0.4,66,16.4
2026-05-11,36.5,25.9,0.0,0.0,65,14.9
2026-05-12,36.6,27.1,0.0,0.0,64,15.1
2026-05-13,36.7,27.2,0.0,0.0,65,14.9
2026-05-14,38.1,27.9,3.7,3.7,68,15.1
2026-05-15,37.3,27.1,0.0,0.0,69,16.2
2026-05-16,37.4,28.3,1.2,1.2,68,13.2
2026-05-17,37.2,28.0,0.6,0.6,68,16.0
2026-05-18,37.0,29.0,0.1,0.1,67,15.8
2026-05-19,39.4,29.2,0.0,0.0,65,12.1
2026-05-20,40.8,29.8,0.5,0.5,59,12.9
2026-05-21,40.8,31.0,0.0,0.0,57,14.6
2026-05-22,39.4,31.5,0.4,0.4,56,18.8
2026-05-23,38.6,30.9,0.0,0.0,55,19.0
2026-05-24,40.6,30.1,0.0,0.0,57,16.7
2026-05-25,39.8,28.5,0.0,0.0,64,13.9
2026-05-26,39.7,29.6,1.8,1.8,62,14.4
2026-05-27,36.4,27.1,0.1,0.1,62,19.3
2026-05-28,38.3,29.3,5.2,5.2,62,15.8
2026-05-29,37.4,27.1,0.0,0.0,64,17.9
2026-05-30,35.5,28.6,0.0,0.0,68,14.4
2026-05-31,36.8,28.3,0.2,0.2,70,20.9
2026-06-01,35.2,26.4,0.0,0.0,74,8.2
2026-06-02,35.8,27.8,2.0,2.0,77,14.8
2026-06-03,37.1,27.1,0.0,0.0,72,14.5
2026-06-04,37.2,29.2,2.7,2.7,64,18.2
2026-06-05,36.9,28.3,0.1,0.1,63,17.0
2026-06-06,37.4,28.5,1.2,1.2,66,15.3
2026-06-07,37.8,29.4,2.0,2.0,67,14.8
2026-06-08,35.4,26.7,5.0,5.0,66,18.1
2026-06-09,36.2,28.1,1.1,1.1,60,17.6
2026-06-10,38.3,27.7,3.0,3.0,64,26.5
2026-06-11,34.6,27.1,0.8,0.8,72,20.3
2026-06-12,34.9,25.7,12.7,12.7,70,14.7
2026-06-13,32.1,26.0,3.2,3.2,76,13.3
2026-06-14,34.3,27.6,0.1,0.1,68,18.9
2026-06-15,36.8,28.1,0.4,0.4,66,13.5
2026-06-16,36.4,27.0,1.0,1.0,73,11.2
2026-06-17,37.6,26.3,1.6,1.6,77,10.4
2026-06-18,33.6,26.1,0.2,0.2,78,11.6
2026-06-19,34.7,26.4,8.7,8.7,75,11.7
2026-06-20,35.5,27.1,0.3,0.3,74,12.3
2026-06-21,31.8,27.4,0.9,0.9,81,12.6
2026-06-22,32.8,27.4,13.5,13.5,82,11.2
2026-06-23,32.4,25.2,1.3,1.3,81,16.7
2026-06-24,33.6,28.4,0.1,0.1,69,18.2
2026-06-25,33.7,27.3,0.2,0.2,65,18.1
2026-06-26,32.9,28.1,1.8,1.8,74,15.1
2026-06-27,32.5,25.9,16.1,16.1,83,14.1
2026-06-28,33.3,27.7,1.2,1.2,80,12.7
2026-06-29,33.1,25.4,1.7,1.7,79,18.6
2026-06-30,33.1,26.4,1.1,1.1,75,23.6
2026-07-01,32.5,25.9,7.0,7.0,77,22.6
2026-07-02,32.4,26.4,3.4,3.4,71,29.3
2026-07-03,31.1,26.5,1.3,1.3,82,26.1
2026-07-04,30.6,25.3,4.7,4.7,82,31.9
2026-07-05,29.5,25.9,0.8,0.8,76,25.0
2026-07-06,34.1,28.2,0.1,0.1,61,28.0
2026-07-07,34.8,28.9,1.3,1.3,64,25.4
2026-07-08,34.4,28.4,0.8,0.8,66,23.3
2026-07-09,33.0,27.2,5.4,5.4,78,21.5
2026-07-10,34.3,26.9,5.6,5.6,73,17.7
2026-07-11,34.9,28.6,0.0,0.0,66,20.7
2026-07-12,34.9,28.0,0.1,0.1,65,20.9
2026-07-13,34.5,28.1,0.0,0.0,66,21.9
2026-07-14,35.2,28.9,0.0,0.0,65,23.5
2026-07-15,35.7,28.9,0.0,0.0,56,21.9
2026-07-16,34.4,28.3,0.4,0.4,62,18.6
2026-07-17,33.1,26.1,3.8,3.8,73,21.1
2026-07-18,29.5,25.5,20.5,20.5,88,19.4
2026-07-19,33.6,25.8,2.1,2.1,77,17.6
2026-07-20,33.5,26.2,2.6,2.6,77,20.5
2026-07-21,31.9,25.2,3.5,3.5,76,21.8
2026-07-22,31.7,26.0,9.0,9.0,82,19.8
2026-07-23,33.3,26.4,0.7,0.7,70,18.6
2026-07-24,32.9,27.8,1.2,1.2,70,23.7
2026-07-25,33.8,28.1,0.5,0.5,64,22.3
2026-07-26,33.0,25.0,13.4,13.4,73,22.4
2026-07-27,31.8,25.4,6.2,6.2,77,25.2
2026-07-28,31.6,25.2,20.9,20.9,83,20.7
2026-07-29,29.3,24.8,15.3,15.3,85,26.3
2026-07-30,30.8,26.4,0.1,0.1,77,24.6
2026-07-31,32.2,25.7,5.8,5.8,79,18.3
2026-08-01,30.8,25.3,28.8,28.8,86,10.7
2026-08-02,33.5,25.3,8.9,8.9,78,20.1
2026-08-03,32.6,27.1,4.6,4.6,78,15.5
2026-08-04,32.5,25.8,5.7,5.7,80,20.5
2026-08-05,32.9,26.6,1.9,1.9,79,19.0
