date,state,district,market,commodity,variety,grade,min_price,max_price,modal_price
2025-12-04,Andhra Pradesh,Alluri Sitharama Raju,Rampachodvaram APMC,Paddy(Common),1001,Grade Range-2,2370.0,2370.0,2370.0
2025-12-19,Andhra Pradesh,Alluri Sitharama Raju,Rampachodvaram APMC,Paddy(Common),1001,Grade Range-2,2370.0,2370.0,2370.0
2025-12-20,Andhra Pradesh,Alluri Sitharama Raju,Rampachodvaram APMC,Paddy(Common),1001,Grade Range-2,2370.0,2370.0,2370.0
2025-12-22,Andhra Pradesh,Alluri Sitharama Raju,Rampachodvaram APMC,Paddy(Common),1001,Grade Range-2,2370.0,2370.0,2370.0
2025-12-24,Andhra Pradesh,Alluri Sitharama Raju,Rampachodvaram APMC,Paddy(Common),1001,Grade Range-2,2370.0,2370.0,2370.0
2025-12-26,Andhra Pradesh,Alluri Sitharama Raju,Rampachodvaram APMC,Paddy(Common),1001,Grade Range-2,2370.0,2370.0,2370.0
2025-12-16,Andhra Pradesh,Krishna,Divi APMC,Paddy(Common),B P T,FAQ,2300.0,2400.0,2350.0
2025-12-15,Andhra Pradesh,Nellore,Rapur APMC,Paddy(Common),Common,Non-FAQ,2370.0,2480.0,2440.0
2025-12-02,Andhra Pradesh,Krishna,Tiruvuru APMC,Paddy(Common),Sona,Local,2450.0,2450.0,2450.0
2025-12-10,Andhra Pradesh,Krishna,Tiruvuru APMC,Paddy(Common),Sona,Local,2500.0,2500.0,2500.0
2025-12-02,Andhra Pradesh,Kurnool,Nandyal APMC,Paddy(Common),Sona Mahsuri,Grade Range-2,2200.0,2200.0,2200.0
2025-12-03,Andhra Pradesh,Kurnool,Nandyal APMC,Paddy(Common),Sona Mahsuri,Grade Range-2,2000.0,2000.0,2000.0
2025-12-05,Andhra Pradesh,Kurnool,Nandyal APMC,Paddy(Common),Sona Mahsuri,Grade Range-2,2000.0,2000.0,2000.0
2025-12-12,Andhra Pradesh,Kurnool,Nandyal APMC,Paddy(Common),Sona Mahsuri,Grade Range-1,2100.0,2100.0,2100.0
2026-01-08,Andhra Pradesh,Visakhapatnam,Chintapally APMC,Paddy(Common),Paddy,FAQ,2369.0,2369.0,2369.0
2026-01-30,Andhra Pradesh,Kurnool,Nandyal APMC,Paddy(Common),Sona Mahsuri,Grade Range-1,2200.0,2200.0,2200.0
2026-03-25,Andhra Pradesh,East Godavari,Jaggampet APMC,Paddy(Common),Common,FAQ,2369.0,2379.0,2369.0
2026-03-28,Andhra Pradesh,East Godavari,Jaggampet APMC,Paddy(Common),Common,FAQ,2369.0,2379.0,2379.0
2026-03-28,Andhra Pradesh,Nellore,Rapur APMC,Paddy(Common),Common,Local,2390.0,2490.0,2460.0
2026-03-30,Andhra Pradesh,East Godavari,Jaggampet APMC,Paddy(Common),Common,FAQ,2369.0,2379.0,2379.0
2026-03-30,Andhra Pradesh,Nellore,Rapur APMC,Paddy(Common),Common,Local,2380.0,2470.0,2450.0
2026-03-12,Andhra Pradesh,Nellore,Atmakur(SPS) APMC,Paddy(Common),Nellore Sanna,FAQ,2320.0,2400.0,2369.0
2026-03-23,Andhra Pradesh,Nellore,Atmakur(SPS) APMC,Paddy(Common),Nellore Sanna,FAQ,2300.0,2400.0,2369.0
2026-03-28,Andhra Pradesh,Nellore,Atmakur(SPS) APMC,Paddy(Common),Nellore Sanna,FAQ,2300.0,2400.0,2369.0
2026-03-27,Andhra Pradesh,Nellore,Atmakur(SPS) APMC,Paddy(Common),Nellore Sanna,FAQ,2300.0,2400.0,2369.0
2026-03-12,Andhra Pradesh,Nellore,Rapur APMC,Paddy(Common),Common,Local,2380.0,2430.0,2400.0
2026-03-13,Andhra Pradesh,Nellore,Rapur APMC,Paddy(Common),Common,Local,2385.0,2430.0,2400.0
2026-03-20,Andhra Pradesh,Nellore,Rapur APMC,Paddy(Common),Common,Local,2390.0,2480.0,2450.0
2026-03-24,Andhra Pradesh,East Godavari,Jaggampet APMC,Paddy(Common),Common,FAQ,2369.0,2379.0,2369.0
2026-03-23,Andhra Pradesh,Nellore,Rapur APMC,Paddy(Common),Common,Local,2390.0,2480.0,2460.0
2026-03-22,Andhra Pradesh,East Godavari,Jaggampet APMC,Paddy(Common),Common,FAQ,2369.0,2379.0,2369.0
2026-01-08,Andhra Pradesh,Alluri Sitharama Raju,Rampachodvaram APMC,Paddy(Common),1001,Grade Range-2,2370.0,2370.0,2370.0
2026-01-19,Andhra Pradesh,Alluri Sitharama Raju,Rampachodvaram APMC,Paddy(Common),1001,Grade Range-2,2370.0,2370.0,2370.0
2026-01-28,Andhra Pradesh,Krishna,Divi APMC,Paddy(Common),B P T,FAQ,2300.0,2400.0,2350.0
2026-02-09,Andhra Pradesh,Nellore,Rapur APMC,Paddy(Common),Common,Local,2380.0,2470.0,2440.0
2026-02-23,Andhra Pradesh,Nellore,Rapur APMC,Paddy(Common),Common,Local,2375.0,2420.0,2390.0
2026-02-20,Andhra Pradesh,Nellore,Rapur APMC,Paddy(Common),Common,Local,2375.0,2430.0,2420.0
2026-02-04,Andhra Pradesh,Kurnool,Nandyal APMC,Paddy(Common),Sona Mahsuri,Grade Range-1,2200.0,2200.0,2200.0
2026-02-04,Andhra Pradesh,Alluri Sitharama Raju,Rampachodvaram APMC,Paddy(Common),1001,Grade Range-2,2370.0,2370.0,2370.0
2025-11-05,Andhra Pradesh,East Godavari,Jaggampet APMC,Paddy(Common),Common,FAQ,2389.0,2399.0,2399.0
2025-11-21,Andhra Pradesh,East Godavari,Jaggampet APMC,Paddy(Common),Common,FAQ,2369.0,2379.0,2379.0
2025-11-29,Andhra Pradesh,East Godavari,Jaggampet APMC,Paddy(Common),Common,FAQ,2369.0,2379.0,2379.0
2025-11-10,Andhra Pradesh,Nellore,Rapur APMC,Paddy(Common),Common,Local,2370.0,2500.0,2460.0
2025-11-10,Andhra Pradesh,East Godavari,Jaggampet APMC,Paddy(Common),Common,FAQ,2369.0,2379.0,2379.0
2025-11-18,Andhra Pradesh,East Godavari,Jaggampet APMC,Paddy(Common),Common,FAQ,2369.0,2379.0,2379.0
2026-04-17,Andhra Pradesh,Nellore,Atmakur(SPS) APMC,Paddy(Common),Nellore Sanna,FAQ,2300.0,2400.0,2369.0
2026-04-18,Andhra Pradesh,Nellore,Atmakur(SPS) APMC,Paddy(Common),Nellore Sanna,FAQ,2300.0,2400.0,2369.0
2026-04-27,Andhra Pradesh,Nellore,Atmakur(SPS) APMC,Paddy(Common),Nellore Sanna,FAQ,2300.0,2400.0,2369.0
2026-04-06,Andhra Pradesh,Nellore,Rapur APMC,Paddy(Common),Common,Local,2390.0,2460.0,2430.0
2026-04-13,Andhra Pradesh,Nellore,Rapur APMC,Paddy(Common),Common,Local,2390.0,2480.0,2430.0
2026-04-21,Andhra Pradesh,Nellore,Rapur APMC,Paddy(Common),Common,Local,2380.0,2440.0,2410.0
2026-04-22,Andhra Pradesh,Nellore,Rapur APMC,Paddy(Common),Common,Local,2380.0,2420.0,2410.0
2026-04-29,Andhra Pradesh,Nellore,Rapur APMC,Paddy(Common),Common,Local,2380.0,2440.0,2420.0
2026-05-14,Andhra Pradesh,Nellore,Rapur APMC,Paddy(Common),Common,Local,2370.0,2420.0,2390.0
2026-05-20,Andhra Pradesh,Nellore,Rapur APMC,Paddy(Common),Common,Local,2370.0,2400.0,2390.0
2026-05-26,Andhra Pradesh,Nellore,Rapur APMC,Paddy(Common),Common,Local,2370.0,2410.0,2380.0
2026-04-20,Andhra Pradesh,Krishna,Divi APMC,Paddy(Common),B P T,FAQ,2300.0,2400.0,2350.0
2026-04-22,Andhra Pradesh,Krishna,Divi APMC,Paddy(Common),B P T,FAQ,2300.0,2400.0,2350.0
2026-05-06,Andhra Pradesh,Krishna,Divi APMC,Paddy(Common),B P T,FAQ,2300.0,2500.0,2400.0
2026-05-25,Andhra Pradesh,Krishna,Divi APMC,Paddy(Common),B P T,FAQ,2300.0,2400.0,2350.0
2025-11-11,Andhra Pradesh,Kurnool,Nandyal APMC,Paddy(Common),Sona Mahsuri,Local,2500.0,2500.0,2500.0
2025-11-04,Andhra Pradesh,Kurnool,Nandyal APMC,Paddy(Common),Sona Mahsuri,FAQ,2500.0,2500.0,2500.0
2025-11-05,Andhra Pradesh,Kurnool,Nandyal APMC,Paddy(Common),Sona Mahsuri,FAQ,2400.0,2400.0,2400.0
2025-11-19,Andhra Pradesh,Kurnool,Nandyal APMC,Paddy(Common),Sona Mahsuri,Grade Range-1,2400.0,2400.0,2400.0
2025-11-21,Andhra Pradesh,Kurnool,Nandyal APMC,Paddy(Common),Sona Mahsuri,Grade Range-1,2500.0,2500.0,2500.0
2025-11-28,Andhra Pradesh,Kurnool,Nandyal APMC,Paddy(Common),Sona Mahsuri,Grade Range-1,2500.0,2500.0,2500.0
2025-11-10,Andhra Pradesh,Krishna,Tiruvuru APMC,Paddy(Common),Sona,Local,2400.0,2400.0,2400.0
2025-11-04,Andhra Pradesh,Krishna,Tiruvuru APMC,Paddy(Common),Sona,FAQ,2400.0,2700.0,2550.0
2025-11-22,Andhra Pradesh,Krishna,Tiruvuru APMC,Paddy(Common),Sona,Local,2450.0,2450.0,2450.0
2025-11-11,Andhra Pradesh,Krishna,Tiruvuru APMC,Paddy(Common),Sona,Local,2400.0,2400.0,2400.0
2025-11-05,Andhra Pradesh,Krishna,Tiruvuru APMC,Paddy(Common),Sona,FAQ,2400.0,2800.0,2600.0
2025-11-21,Andhra Pradesh,Krishna,Tiruvuru APMC,Paddy(Common),Sona,Local,2450.0,2450.0,2450.0
2025-11-13,Andhra Pradesh,Alluri Sitharama Raju,Rampachodvaram APMC,Paddy(Common),1001,Grade Range-2,2370.0,2370.0,2370.0
2025-11-22,Andhra Pradesh,Alluri Sitharama Raju,Rampachodvaram APMC,Paddy(Common),1001,Grade Range-2,2370.0,2370.0,2370.0
2025-11-27,Andhra Pradesh,Alluri Sitharama Raju,Rampachodvaram APMC,Paddy(Common),1001,Grade Range-2,2370.0,2370.0,2370.0
2025-11-28,Andhra Pradesh,Alluri Sitharama Raju,Rampachodvaram APMC,Paddy(Common),1001,Grade Range-2,2370.0,2370.0,2370.0
2025-11-20,Andhra Pradesh,Krishna,Divi APMC,Paddy(Common),B P T,FAQ,2300.0,2400.0,2369.0
2025-11-24,Andhra Pradesh,Krishna,Divi APMC,Paddy(Common),B P T,FAQ,2300.0,2400.0,2369.0
2026-05-30,Andhra Pradesh,East Godavari,Kovvur APMC,Paddy(Common),MTU-1010,Grade Range-2,2400.0,2400.0,2400.0
2026-05-21,Andhra Pradesh,SPSR Nellore,Rapur APMC,Paddy(Common),Common,Local,2370.0,2410.0,2390.0
2026-05-01,Andhra Pradesh,Kakinada,Jaggampet APMC,Paddy(Common),Common,FAQ,2369.0,2379.0,2379.0
2026-05-30,Andhra Pradesh,Vijayanagaram,Kothavalasa APMC,Paddy(Common),1001,Local,2369.0,2369.0,2369.0
2026-05-30,Andhra Pradesh,NTR,Mylavaram APMC,Paddy(Common),1001,FAQ,2369.0,2369.0,2369.0
2026-05-28,Andhra Pradesh,Eluru,Polavaram APMC,Paddy(Common),1001,Local,2369.0,2369.0,2369.0
2026-05-31,Andhra Pradesh,NTR,Nandigama APMC,Paddy(Common),B P T,Grade Range-1,1800.0,1800.0,1800.0
2026-05-27,Andhra Pradesh,Krishna,Divi (HQ-Avanigadda) APMC,Paddy(Common),B P T,FAQ,2300.0,2400.0,2350.0
2026-04-19,Andhra Pradesh,East Godavari,Jaggampet APMC,Paddy(Common),Common,FAQ,2369.0,2379.0,2379.0
2026-04-29,Andhra Pradesh,East Godavari,Jaggampet APMC,Paddy(Common),Common,FAQ,2369.0,2379.0,2379.0
2026-04-28,Andhra Pradesh,East Godavari,Jaggampet APMC,Paddy(Common),Common,FAQ,2369.0,2379.0,2379.0
2026-04-07,Andhra Pradesh,East Godavari,Jaggampet APMC,Paddy(Common),Common,FAQ,2369.0,2379.0,2379.0
2026-04-05,Andhra Pradesh,East Godavari,Jaggampet APMC,Paddy(Common),Common,FAQ,2369.0,2379.0,2379.0
2026-04-15,Andhra Pradesh,East Godavari,Jaggampet APMC,Paddy(Common),Common,FAQ,2369.0,2379.0,2379.0
2026-04-01,Andhra Pradesh,SPSR Nellore,Rapur APMC,Paddy(Common),Common,Local,2390.0,2490.0,2450.0
2026-04-08,Andhra Pradesh,SPSR Nellore,Rapur APMC,Paddy(Common),Common,Local,2390.0,2480.0,2440.0
2026-04-15,Andhra Pradesh,SPSR Nellore,Rapur APMC,Paddy(Common),Common,Local,2390.0,2470.0,2430.0
2026-04-24,Andhra Pradesh,Kakinada,Jaggampet APMC,Paddy(Common),Common,FAQ,2369.0,2379.0,2379.0
2026-04-25,Andhra Pradesh,SPSR Nellore,Rapur APMC,Paddy(Common),Common,Local,2380.0,2430.0,2410.0
2026-04-14,Andhra Pradesh,Kakinada,Jaggampet APMC,Paddy(Common),Common,FAQ,2369.0,2379.0,2379.0
2026-04-30,Andhra Pradesh,Kakinada,Jaggampet APMC,Paddy(Common),Common,FAQ,2369.0,2379.0,2379.0
2026-04-27,Andhra Pradesh,Kakinada,Jaggampet APMC,Paddy(Common),Common,FAQ,2369.0,2379.0,2379.0
2026-04-01,Andhra Pradesh,SPSR Nellore,Atmakur (SPSR Nellore District) APMC,Paddy(Common),Nellore Sanna,FAQ,2300.0,2400.0,2369.0
2026-04-05,Andhra Pradesh,SPSR Nellore,Atmakur (SPSR Nellore District) APMC,Paddy(Common),Nellore Sanna,FAQ,2300.0,2400.0,2369.0
2026-04-10,Andhra Pradesh,SPSR Nellore,Atmakur (SPSR Nellore District) APMC,Paddy(Common),Nellore Sanna,FAQ,2300.0,2400.0,2369.0
2026-04-19,Andhra Pradesh,SPSR Nellore,Atmakur (SPSR Nellore District) APMC,Paddy(Common),Nellore Sanna,FAQ,2300.0,2400.0,2369.0
2026-04-17,Andhra Pradesh,SPSR Nellore,Atmakur (SPSR Nellore District) APMC,Paddy(Common),Nellore Sanna,FAQ,2300.0,2400.0,2369.0
2026-04-18,Andhra Pradesh,SPSR Nellore,Atmakur (SPSR Nellore District) APMC,Paddy(Common),Nellore Sanna,FAQ,2300.0,2400.0,2369.0
2026-07-27,Andhra Pradesh,Srikakulam,Hiramandalam APMC,Paddy(Common),Masuri,Local,2430.0,2430.0,2430.0
2026-06-11,Andhra Pradesh,East Godavari,Kovvur APMC,Paddy(Common),MTU-1010,Grade Range-2,2400.0,2400.0,2400.0
2026-06-02,Andhra Pradesh,NTR,Tiruvuru APMC,Paddy(Common),Sona,FAQ,2400.0,2400.0,2400.0
2026-06-09,Andhra Pradesh,NTR,Tiruvuru APMC,Paddy(Common),Sona,Local,2400.0,2400.0,2400.0
2026-06-11,Andhra Pradesh,NTR,Tiruvuru APMC,Paddy(Common),Sona,Local,2450.0,2450.0,2450.0
2026-06-12,Andhra Pradesh,NTR,Tiruvuru APMC,Paddy(Common),Sona,Local,2450.0,2450.0,2450.0
2026-06-29,Andhra Pradesh,NTR,Tiruvuru APMC,Paddy(Common),Sona,Local,2400.0,2400.0,2400.0
2026-06-04,Andhra Pradesh,NTR,Mylavaram APMC,Paddy(Common),1001,FAQ,2369.0,2369.0,2369.0
2026-06-06,Andhra Pradesh,Eluru,Polavaram APMC,Paddy(Common),1001,Local,2380.0,2380.0,2380.0
2026-06-15,Andhra Pradesh,Eluru,Polavaram APMC,Paddy(Common),1001,Local,2389.0,2389.0,2389.0
2026-06-15,Andhra Pradesh,NTR,Mylavaram APMC,Paddy(Common),1001,FAQ,2369.0,2369.0,2369.0
2026-06-23,Andhra Pradesh,Eluru,Polavaram APMC,Paddy(Common),1001,Local,2390.0,2390.0,2390.0
2026-06-24,Andhra Pradesh,Dr.B.R.A.Konaseema,Amalapuram APMC,Paddy(Common),1001,Local,2369.0,2400.0,2369.0
2026-06-22,Andhra Pradesh,NTR,Mylavaram APMC,Paddy(Common),1001,FAQ,2369.0,2369.0,2369.0
2026-06-27,Andhra Pradesh,NTR,Mylavaram APMC,Paddy(Common),1001,FAQ,2369.0,2369.0,2369.0
2026-06-25,Andhra Pradesh,Dr.B.R.A.Konaseema,Mummidivaram APMC,Paddy(Common),1121,FAQ,2369.0,2468.0,2369.0
2026-06-04,Andhra Pradesh,NTR,Nandigama APMC,Paddy(Common),B P T,Grade Range-1,1820.0,1820.0,1820.0
2026-06-06,Andhra Pradesh,Bapatla,Bapatla APMC,Paddy(Common),B P T,Local,2400.0,2500.0,2450.0
2026-06-06,Andhra Pradesh,Bapatla,Kuchinapudi APMC,Paddy(Common),B P T,Local,2400.0,2500.0,2450.0
2026-06-12,Andhra Pradesh,NTR,Nandigama APMC,Paddy(Common),B P T,Grade Range-1,1810.0,1810.0,1810.0
2026-06-16,Andhra Pradesh,NTR,Nandigama APMC,Paddy(Common),B P T,Grade Range-1,1830.0,1830.0,1830.0
2026-06-20,Andhra Pradesh,Bapatla,Bapatla APMC,Paddy(Common),B P T,Local,2400.0,2500.0,2450.0
2026-06-26,Andhra Pradesh,NTR,Nandigama APMC,Paddy(Common),B P T,Grade Range-1,1920.0,1920.0,1920.0
2026-06-24,Andhra Pradesh,Bapatla,Bapatla APMC,Paddy(Common),B P T,Local,2400.0,2500.0,2450.0
2026-06-24,Andhra Pradesh,NTR,Nandigama APMC,Paddy(Common),B P T,Grade Range-1,1870.0,1870.0,1870.0
2026-06-27,Andhra Pradesh,Bapatla,Repalli APMC,Paddy(Common),B P T,Local,2400.0,2600.0,2500.0
2026-06-29,Andhra Pradesh,Krishna,Divi (HQ-Avanigadda) APMC,Paddy(Common),B P T,FAQ,2300.0,2400.0,2350.0
2026-06-10,Andhra Pradesh,Krishna,Penamaluru (HQ-Kankipadu) APMC,Paddy(Common),MTU-1001,Local,2369.0,2369.0,2369.0
2026-06-16,Andhra Pradesh,Krishna,Penamaluru (HQ-Kankipadu) APMC,Paddy(Common),MTU-1001,Local,2369.0,2369.0,2369.0
2026-06-17,Andhra Pradesh,Krishna,Penamaluru (HQ-Kankipadu) APMC,Paddy(Common),MTU-1001,Local,2369.0,2369.0,2369.0
2026-06-27,Andhra Pradesh,Krishna,Penamaluru (HQ-Kankipadu) APMC,Paddy(Common),MTU-1001,Local,2369.0,2369.0,2369.0
2026-06-02,Andhra Pradesh,East Godavari,Kovvur APMC,Paddy(Common),MTU-1010,Grade Range-2,2400.0,2400.0,2400.0
2026-06-25,Andhra Pradesh,SPSR Nellore,Rapur APMC,Paddy(Common),Common,Local,2350.0,2390.0,2370.0
2026-06-03,Andhra Pradesh,Vijayanagaram,Kothavalasa APMC,Paddy(Common),1001,Grade Range-1,2369.0,2369.0,2369.0
2026-06-06,Andhra Pradesh,Dr.B.R.A.Konaseema,Ramachandrapuram APMC,Paddy(Common),1001,FAQ,2369.0,2389.0,2369.0
2026-06-08,Andhra Pradesh,Eluru,Polavaram APMC,Paddy(Common),1001,Local,2380.0,2380.0,2380.0
2026-06-08,Andhra Pradesh,Dr.B.R.A.Konaseema,Amalapuram APMC,Paddy(Common),1001,Local,2389.0,2410.0,2389.0
2026-06-29,Andhra Pradesh,Dr.B.R.A.Konaseema,Amalapuram APMC,Paddy(Common),1001,Local,2369.0,2400.0,2369.0
2026-06-17,Andhra Pradesh,Dr.B.R.A.Konaseema,Amalapuram APMC,Paddy(Common),1001,Local,2369.0,2400.0,2369.0
2026-06-20,Andhra Pradesh,NTR,Mylavaram APMC,Paddy(Common),1001,FAQ,2369.0,2369.0,2369.0
2026-06-25,Andhra Pradesh,NTR,Mylavaram APMC,Paddy(Common),1001,FAQ,2369.0,2369.0,2369.0
2026-06-15,Andhra Pradesh,Dr.B.R.A.Konaseema,Mummidivaram APMC,Paddy(Common),1121,FAQ,2369.0,2468.0,2369.0
2026-06-18,Andhra Pradesh,Dr.B.R.A.Konaseema,Mummidivaram APMC,Paddy(Common),1121,FAQ,2369.0,2468.0,2369.0
2026-06-03,Andhra Pradesh,NTR,Nandigama APMC,Paddy(Common),B P T,Grade Range-1,1820.0,1820.0,1820.0
2026-06-14,Andhra Pradesh,NTR,Nandigama APMC,Paddy(Common),B P T,Grade Range-1,1850.0,1850.0,1850.0
2026-06-19,Andhra Pradesh,NTR,Nandigama APMC,Paddy(Common),B P T,Grade Range-1,1970.0,1970.0,1970.0
2026-06-22,Andhra Pradesh,NTR,Nandigama APMC,Paddy(Common),B P T,Grade Range-1,1830.0,1830.0,1830.0
2026-06-24,Andhra Pradesh,Bapatla,Kuchinapudi APMC,Paddy(Common),B P T,Local,2400.0,2500.0,2450.0
2026-06-24,Andhra Pradesh,Bapatla,Repalli APMC,Paddy(Common),B P T,Local,2300.0,2450.0,2400.0
2026-06-25,Andhra Pradesh,Bapatla,Bapatla APMC,Paddy(Common),B P T,Local,2400.0,2500.0,2450.0
2026-06-29,Andhra Pradesh,Bapatla,Kuchinapudi APMC,Paddy(Common),B P T,Local,2400.0,2500.0,2450.0
2026-06-10,Andhra Pradesh,East Godavari,Kovvur APMC,Paddy(Common),MTU-1010,Grade Range-2,2400.0,2400.0,2400.0
2026-06-12,Andhra Pradesh,East Godavari,Kovvur APMC,Paddy(Common),MTU-1010,Grade Range-2,2400.0,2400.0,2400.0
2026-06-16,Andhra Pradesh,East Godavari,Kovvur APMC,Paddy(Common),MTU-1010,Grade Range-2,2400.0,2400.0,2400.0
2026-06-30,Andhra Pradesh,East Godavari,Kovvur APMC,Paddy(Common),MTU-1010,Grade Range-2,2400.0,2400.0,2400.0
2026-06-04,Andhra Pradesh,East Godavari,Kovvur APMC,Paddy(Common),MTU-1010,Grade Range-2,2400.0,2400.0,2400.0
2026-06-02,Andhra Pradesh,SPSR Nellore,Atmakur (SPSR Nellore District) APMC,Paddy(Common),Nellore Sanna,FAQ,2300.0,2400.0,2369.0
2026-06-09,Andhra Pradesh,Dr.B.R.A.Konaseema,Ramachandrapuram APMC,Paddy(Common),Paddy,FAQ,2369.0,2380.0,2369.0
2026-06-11,Andhra Pradesh,Dr.B.R.A.Konaseema,Ramachandrapuram APMC,Paddy(Common),Paddy,FAQ,2369.0,2384.0,2369.0
2026-06-15,Andhra Pradesh,Dr.B.R.A.Konaseema,Alamuru APMC,Paddy(Common),Paddy,FAQ,2369.0,2383.0,2370.0
2026-06-24,Andhra Pradesh,Dr.B.R.A.Konaseema,Ramachandrapuram APMC,Paddy(Common),Paddy,FAQ,2369.0,2394.0,2369.0
2026-06-30,Andhra Pradesh,Dr.B.R.A.Konaseema,Ramachandrapuram APMC,Paddy(Common),Paddy,FAQ,2369.0,2400.0,2369.0
2026-07-17,Andhra Pradesh,NTR,Mylavaram APMC,Paddy(Common),1001,Local,2369.0,2369.0,2369.0
2026-07-02,Andhra Pradesh,Eluru,Polavaram APMC,Paddy(Common),1001,Local,2390.0,2390.0,2390.0
2026-07-04,Andhra Pradesh,Vijayanagaram,Kothavalasa APMC,Paddy(Common),1001,Local,2369.0,2369.0,2369.0
2026-07-02,Andhra Pradesh,NTR,Mylavaram APMC,Paddy(Common),1001,FAQ,2369.0,2369.0,2369.0
2026-07-20,Andhra Pradesh,Eluru,Polavaram APMC,Paddy(Common),1001,Local,2445.0,2445.0,2445.0
2026-07-09,Andhra Pradesh,Eluru,Polavaram APMC,Paddy(Common),1001,Local,2390.0,2390.0,2390.0
2026-07-10,Andhra Pradesh,NTR,Mylavaram APMC,Paddy(Common),1001,FAQ,2369.0,2369.0,2369.0
2026-07-23,Andhra Pradesh,Kakinada,Pithapuram APMC,Paddy(Common),1001,FAQ,2369.0,2389.0,2379.0
2026-07-08,Andhra Pradesh,Vijayanagaram,Kothavalasa APMC,Paddy(Common),1001,Local,2369.0,2369.0,2369.0
2026-07-23,Andhra Pradesh,Kakinada,Prattipadu APMC,Paddy(Common),1001,FAQ,2369.0,2380.0,2380.0
2026-07-15,Andhra Pradesh,Dr.B.R.A.Konaseema,Amalapuram APMC,Paddy(Common),1001,FAQ,2369.0,2468.0,2369.0
2026-07-13,Andhra Pradesh,NTR,Mylavaram APMC,Paddy(Common),1001,FAQ,2369.0,2369.0,2369.0
2026-07-16,Andhra Pradesh,Vijayanagaram,Kothavalasa APMC,Paddy(Common),1001,Local,2369.0,2369.0,2369.0
2026-07-28,Andhra Pradesh,NTR,Mylavaram APMC,Paddy(Common),1001,FAQ,2369.0,2369.0,2369.0
2026-07-17,Andhra Pradesh,Vijayanagaram,Kothavalasa APMC,Paddy(Common),1001,Local,2369.0,2369.0,2369.0
2026-07-27,Andhra Pradesh,Polavaram,Rampachodvaram APMC,Paddy(Common),1001,Grade Range-2,2369.0,2389.0,2379.0
2026-07-14,Andhra Pradesh,Eluru,Polavaram APMC,Paddy(Common),1001,Local,2445.0,2445.0,2445.0
2026-07-31,Andhra Pradesh,Kakinada,Pithapuram APMC,Paddy(Common),1001,FAQ,2369.0,2389.0,2379.0
2026-07-30,Andhra Pradesh,Srikakulam,Srikakulam APMC,Paddy(Common),1001,FAQ,2400.0,2400.0,2400.0
2026-07-20,Andhra Pradesh,Vijayanagaram,Kothavalasa APMC,Paddy(Common),1001,Local,2369.0,2369.0,2369.0
2026-07-19,Andhra Pradesh,Vijayanagaram,Kothavalasa APMC,Paddy(Common),1001,Local,2369.0,2369.0,2369.0
2026-07-21,Andhra Pradesh,Dr.B.R.A.Konaseema,Amalapuram APMC,Paddy(Common),1001,FAQ,2369.0,2468.0,2369.0
2026-07-24,Andhra Pradesh,West Godavari,Bhimavaram APMC,Paddy(Common),1001,Grade Range-1,2370.0,2370.0,2370.0
2026-07-25,Andhra Pradesh,Eluru,Ungatur APMC,Paddy(Common),1001,Local,2445.0,2445.0,2445.0
2026-07-23,Andhra Pradesh,Krishna,Gannavaram APMC,Paddy(Common),1001,Local,2369.0,2369.0,2369.0
2026-07-23,Andhra Pradesh,NTR,Mylavaram APMC,Paddy(Common),1001,FAQ,2369.0,2369.0,2369.0
2026-07-27,Andhra Pradesh,Eluru,Polavaram APMC,Paddy(Common),1001,Local,2445.0,2445.0,2445.0
2026-07-23,Andhra Pradesh,Krishna,Ghantsala (HQ-Kodali) APMC,Paddy(Common),1001,FAQ,2350.0,2350.0,2350.0
2026-07-24,Andhra Pradesh,NTR,Vijayawada APMC,Paddy(Common),1001,Local,2369.0,2369.0,2369.0
2026-07-29,Andhra Pradesh,Eluru,Polavaram APMC,Paddy(Common),1001,Local,2445.0,2445.0,2445.0
2026-07-25,Andhra Pradesh,Anakapally,Narsipatnam APMC,Paddy(Common),1001,Local,2390.0,2450.0,2400.0
2026-07-25,Andhra Pradesh,Eluru,Polavaram APMC,Paddy(Common),1001,Local,2445.0,2445.0,2445.0
2026-07-29,Andhra Pradesh,East Godavari,Mandapeta APMC,Paddy(Common),1001,FAQ,2369.0,2400.0,2389.0
2026-07-25,Andhra Pradesh,NTR,Vijayawada APMC,Paddy(Common),1001,Local,2300.0,2369.0,2369.0
2026-07-26,Andhra Pradesh,NTR,Mylavaram APMC,Paddy(Common),1001,FAQ,2369.0,2369.0,2369.0
2026-07-30,Andhra Pradesh,Krishna,Ghantsala (HQ-Kodali) APMC,Paddy(Common),1001,Local,2200.0,2400.0,2300.0
2026-07-24,Andhra Pradesh,Kakinada,Peddapuram APMC,Paddy(Common),1001,FAQ,2369.0,2400.0,2380.0
2026-07-31,Andhra Pradesh,Dr.B.R.A.Konaseema,Amalapuram APMC,Paddy(Common),1001,FAQ,2369.0,2468.0,2369.0
2026-07-27,Andhra Pradesh,Srikakulam,Srikakulam APMC,Paddy(Common),1001,FAQ,2400.0,2400.0,2400.0
2026-07-27,Andhra Pradesh,Guntur,Prathipadu APMC,Paddy(Common),1001,Grade Range-1,2200.0,2425.0,2300.0
2026-07-31,Andhra Pradesh,Kakinada,Prattipadu APMC,Paddy(Common),1001,FAQ,2369.0,2380.0,2379.0
2026-07-28,Andhra Pradesh,Eluru,Polavaram APMC,Paddy(Common),1001,Local,2445.0,2445.0,2445.0
2026-07-27,Andhra Pradesh,West Godavari,Tadepalligudem APMC,Paddy(Common),1001,Local,2445.0,2445.0,2445.0
2026-07-28,Andhra Pradesh,NTR,Vijayawada APMC,Paddy(Common),1001,Local,2369.0,2369.0,2369.0
2026-07-30,Andhra Pradesh,Eluru,Ungatur APMC,Paddy(Common),1001,Local,2445.0,2445.0,2445.0
2026-07-28,Andhra Pradesh,Anakapally,Narsipatnam APMC,Paddy(Common),1001,Local,2390.0,2450.0,2400.0
2026-07-28,Andhra Pradesh,Dr.B.R.A.Konaseema,Amalapuram APMC,Paddy(Common),1001,FAQ,2369.0,2468.0,2369.0
2026-07-29,Andhra Pradesh,West Godavari,Bhimavaram APMC,Paddy(Common),1001,Grade Range-1,2360.0,2360.0,2360.0
2026-07-29,Andhra Pradesh,Eluru,Bhimadole APMC,Paddy(Common),1001,FAQ,2370.0,2370.0,2370.0
2026-07-31,Andhra Pradesh,Eluru,Polavaram APMC,Paddy(Common),1001,Local,2445.0,2445.0,2445.0
2026-07-31,Andhra Pradesh,NTR,Mylavaram APMC,Paddy(Common),1001,FAQ,2369.0,2369.0,2369.0
2026-07-29,Andhra Pradesh,Eluru,Ungatur APMC,Paddy(Common),1001,Local,2445.0,2445.0,2445.0
2026-07-31,Andhra Pradesh,Anakapally,Yellamanchili APMC,Paddy(Common),1001,Local,2390.0,2450.0,2400.0
2026-07-30,Andhra Pradesh,Anakapally,Yellamanchili APMC,Paddy(Common),1001,Local,2390.0,2450.0,2400.0
2026-07-30,Andhra Pradesh,West Godavari,Tanuku APMC,Paddy(Common),1001,Local,2445.0,2445.0,2445.0
2026-08-01,Andhra Pradesh,East Godavari,Mandapeta APMC,Paddy(Common),1001,FAQ,2369.0,2400.0,2389.0
2026-08-01,Andhra Pradesh,West Godavari,Bhimavaram APMC,Paddy(Common),1001,Grade Range-1,2360.0,2360.0,2360.0
2026-08-01,Andhra Pradesh,Guntur,Prathipadu APMC,Paddy(Common),1001,Grade Range-1,2200.0,2425.0,2300.0
2026-08-01,Andhra Pradesh,Srikakulam,Srikakulam APMC,Paddy(Common),1001,FAQ,2400.0,2400.0,2400.0
2026-08-01,Andhra Pradesh,Anakapally,Payakaraopeta APMC,Paddy(Common),1001,Local,2349.0,2369.0,2359.0
2026-08-01,Andhra Pradesh,Anakapally,Narsipatnam APMC,Paddy(Common),1001,Local,2390.0,2450.0,2400.0
2026-08-03,Andhra Pradesh,East Godavari,Mandapeta APMC,Paddy(Common),1001,FAQ,2369.0,2400.0,2389.0
2026-08-04,Andhra Pradesh,Dr.B.R.A.Konaseema,Amalapuram APMC,Paddy(Common),1001,FAQ,2369.0,2468.0,2369.0
2026-08-03,Andhra Pradesh,Guntur,Prathipadu APMC,Paddy(Common),1001,Grade Range-1,2200.0,2425.0,2300.0
2026-08-05,Andhra Pradesh,Kakinada,Karapa APMC,Paddy(Common),1001,FAQ,2362.0,2369.0,2365.0
2026-08-04,Andhra Pradesh,Vijayanagaram,Kothavalasa APMC,Paddy(Common),1001,Local,2369.0,2369.0,2369.0
2026-08-04,Andhra Pradesh,Anakapally,Payakaraopeta APMC,Paddy(Common),1001,Local,2349.0,2369.0,2359.0
2026-08-02,Andhra Pradesh,Anakapally,Yellamanchili APMC,Paddy(Common),1001,Local,2390.0,2450.0,2400.0
2026-08-03,Andhra Pradesh,NTR,Mylavaram APMC,Paddy(Common),1001,FAQ,2369.0,2369.0,2369.0
2026-08-05,Andhra Pradesh,Kakinada,Pithapuram APMC,Paddy(Common),1001,FAQ,2369.0,2389.0,2379.0
2026-08-05,Andhra Pradesh,Srikakulam,Kanchili APMC,Paddy(Common),1001,FAQ,2400.0,2400.0,2400.0
2026-08-03,Andhra Pradesh,Eluru,Ungatur APMC,Paddy(Common),1001,Local,2445.0,2445.0,2445.0
2026-08-05,Andhra Pradesh,Kakinada,Prattipadu APMC,Paddy(Common),1001,FAQ,2369.0,2389.0,2379.0
2026-08-04,Andhra Pradesh,West Godavari,Tadepalligudem APMC,Paddy(Common),1001,FAQ,2445.0,2445.0,2445.0
2026-08-04,Andhra Pradesh,NTR,Mylavaram APMC,Paddy(Common),1001,FAQ,2369.0,2369.0,2369.0
2026-08-04,Andhra Pradesh,Srikakulam,Srikakulam APMC,Paddy(Common),1001,FAQ,2400.0,2400.0,2400.0
2026-08-05,Andhra Pradesh,West Godavari,Penugonda APMC,Paddy(Common),1001,Local,2369.0,2380.0,2370.0
2026-08-05,Andhra Pradesh,Eluru,Bhimadole APMC,Paddy(Common),1001,FAQ,2370.0,2370.0,2370.0
2026-08-05,Andhra Pradesh,West Godavari,Tanuku APMC,Paddy(Common),1001,Local,2445.0,2445.0,2445.0
2026-07-08,Andhra Pradesh,Dr.B.R.A.Konaseema,Mummidivaram APMC,Paddy(Common),1121,FAQ,2369.0,2468.0,2369.0
2026-07-12,Andhra Pradesh,Dr.B.R.A.Konaseema,Mummidivaram APMC,Paddy(Common),1121,FAQ,2369.0,2468.0,2369.0
2026-07-28,Andhra Pradesh,Srikakulam,Etcherla APMC,Paddy(Common),1121,FAQ,2369.0,2369.0,2369.0
2026-07-24,Andhra Pradesh,West Godavari,Achanta APMC,Paddy(Common),1121,Local,2369.0,2369.0,2369.0
2026-07-30,Andhra Pradesh,Srikakulam,Etcherla APMC,Paddy(Common),1121,FAQ,2369.0,2369.0,2369.0
2026-07-27,Andhra Pradesh,West Godavari,Achanta APMC,Paddy(Common),1121,Local,2356.0,2375.0,2369.0
2026-07-29,Andhra Pradesh,West Godavari,Achanta APMC,Paddy(Common),1121,Local,2359.0,2375.0,2369.0
2026-07-31,Andhra Pradesh,Srikakulam,Jalumuru APMC,Paddy(Common),1121,FAQ,2369.0,2369.0,2369.0
2026-07-31,Andhra Pradesh,West Godavari,Achanta APMC,Paddy(Common),1121,Local,2359.0,2375.0,2369.0
2026-08-01,Andhra Pradesh,Srikakulam,Etcherla APMC,Paddy(Common),1121,FAQ,2369.0,2369.0,2369.0
2026-08-02,Andhra Pradesh,Srikakulam,Etcherla APMC,Paddy(Common),1121,FAQ,2369.0,2369.0,2369.0
2026-08-03,Andhra Pradesh,Srikakulam,Jalumuru APMC,Paddy(Common),1121,FAQ,2369.0,2369.0,2369.0
2026-08-04,Andhra Pradesh,Srikakulam,Jalumuru APMC,Paddy(Common),1121,FAQ,2369.0,2369.0,2369.0
2026-07-02,Andhra Pradesh,Bapatla,Repalli APMC,Paddy(Common),B P T,Local,2400.0,2600.0,2500.0
2026-07-02,Andhra Pradesh,NTR,Nandigama APMC,Paddy(Common),B P T,Grade Range-1,1930.0,1930.0,1930.0
2026-07-03,Andhra Pradesh,Bapatla,Bapatla APMC,Paddy(Common),B P T,Local,2400.0,2500.0,2450.0
2026-07-23,Andhra Pradesh,Kakinada,Pithapuram APMC,Paddy(Common),B P T,FAQ,2369.0,2369.0,2369.0
2026-07-06,Andhra Pradesh,NTR,Nandigama APMC,Paddy(Common),B P T,Grade Range-1,1970.0,1970.0,1970.0
2026-07-06,Andhra Pradesh,Bapatla,Kuchinapudi APMC,Paddy(Common),B P T,Local,2400.0,2500.0,2450.0
2026-07-07,Andhra Pradesh,NTR,Nandigama APMC,Paddy(Common),B P T,Grade Range-1,1930.0,1930.0,1930.0
2026-07-07,Andhra Pradesh,Bapatla,Repalli APMC,Paddy(Common),B P T,Local,2600.0,2900.0,2700.0
2026-07-09,Andhra Pradesh,Bapatla,Kuchinapudi APMC,Paddy(Common),B P T,Local,2400.0,2500.0,2450.0
2026-07-09,Andhra Pradesh,NTR,Nandigama APMC,Paddy(Common),B P T,Grade Range-1,1960.0,1960.0,1960.0
2026-07-23,Andhra Pradesh,Kakinada,Kakinada (Urban) APMC,Paddy(Common),B P T,FAQ,2389.0,2600.0,2550.0
2026-07-12,Andhra Pradesh,NTR,Nandigama APMC,Paddy(Common),B P T,Grade Range-1,1970.0,1970.0,1970.0
2026-07-13,Andhra Pradesh,SPSR Nellore,Nellore APMC,Paddy(Common),B P T,FAQ,2300.0,2400.0,2369.0
2026-07-28,Andhra Pradesh,Prakasam,Darsi APMC,Paddy(Common),B P T,Local,2350.0,2400.0,2400.0
2026-07-29,Andhra Pradesh,Prakasam,Darsi APMC,Paddy(Common),B P T,Local,2350.0,2400.0,2400.0
2026-07-13,Andhra Pradesh,Sri Sathya Sai,Dharmavaram APMC,Paddy(Common),B P T,FAQ,2000.0,2200.0,2100.0
2026-07-15,Andhra Pradesh,Sri Sathya Sai,Dharmavaram APMC,Paddy(Common),B P T,FAQ,2000.0,2200.0,2100.0
2026-07-17,Andhra Pradesh,Bapatla,Repalli APMC,Paddy(Common),B P T,Local,2500.0,3300.0,2900.0
2026-07-27,Andhra Pradesh,Kakinada,Kakinada (Urban) APMC,Paddy(Common),B P T,FAQ,2389.0,2660.0,2550.0
2026-07-18,Andhra Pradesh,Bapatla,Bapatla APMC,Paddy(Common),B P T,Local,2200.0,2400.0,2300.0
2026-07-31,Andhra Pradesh,Prakasam,Darsi APMC,Paddy(Common),B P T,Local,2350.0,2400.0,2400.0
2026-07-17,Andhra Pradesh,Bapatla,Bapatla APMC,Paddy(Common),B P T,Local,2400.0,2500.0,2450.0
2026-07-21,Andhra Pradesh,Bapatla,Bapatla APMC,Paddy(Common),B P T,Local,2400.0,2500.0,2450.0
2026-07-20,Andhra Pradesh,Bapatla,Repalli APMC,Paddy(Common),B P T,Local,2900.0,3300.0,3000.0
2026-07-20,Andhra Pradesh,Bapatla,Kuchinapudi APMC,Paddy(Common),B P T,Local,2800.0,3000.0,2900.0
2026-07-24,Andhra Pradesh,Palnadu,Sattenapalli APMC,Paddy(Common),B P T,FAQ,3133.33255,3333.3325,3199.9992
2026-07-24,Andhra Pradesh,Krishna,Divi (HQ-Avanigadda) APMC,Paddy(Common),B P T,FAQ,2450.0,2600.0,2500.0
2026-07-25,Andhra Pradesh,Krishna,Machilipatnam APMC,Paddy(Common),B P T,Local,2933.3326,3133.33255,2999.99925
2026-07-25,Andhra Pradesh,Prakasam,Ongole APMC,Paddy(Common),B P T,Local,2500.0,2500.0,2500.0
2026-07-23,Andhra Pradesh,Palnadu,Macharla APMC,Paddy(Common),B P T,Grade Range-2,2350.0,2350.0,2350.0
2026-07-23,Andhra Pradesh,Bapatla,Kuchinapudi APMC,Paddy(Common),B P T,Local,3200.0,3400.0,3300.0
2026-07-23,Andhra Pradesh,Krishna,Machilipatnam APMC,Paddy(Common),B P T,Local,2933.3326,3199.9992,3158.665877
2026-07-23,Andhra Pradesh,Palnadu,Krosuru APMC,Paddy(Common),B P T,FAQ,2200.0,2500.0,2300.0
2026-07-26,Andhra Pradesh,Tirupathi,Vakadu APMC,Paddy(Common),B P T,FAQ,2400.0,2400.0,2400.0
2026-07-22,Andhra Pradesh,Prakasam,Darsi APMC,Paddy(Common),B P T,Local,2350.0,2350.0,2350.0
2026-07-24,Andhra Pradesh,NTR,Nandigama APMC,Paddy(Common),B P T,Grade Range-1,2300.0,2300.0,2300.0
2026-07-26,Andhra Pradesh,Kakinada,Kakinada (Urban) APMC,Paddy(Common),B P T,FAQ,2389.0,2600.0,2550.0
2026-07-24,Andhra Pradesh,Sri Sathya Sai,Dharmavaram APMC,Paddy(Common),B P T,FAQ,2100.0,2300.0,2200.0
2026-07-25,Andhra Pradesh,Palnadu,Narasaraopet APMC,Paddy(Common),B P T,FAQ,3300.0,3300.0,3300.0
2026-07-27,Andhra Pradesh,Palnadu,Krosuru APMC,Paddy(Common),B P T,FAQ,2200.0,2600.0,2400.0
2026-07-27,Andhra Pradesh,Prakasam,Santhamaguluru APMC,Paddy(Common),B P T,FAQ,2450.0,2450.0,2450.0
2026-07-29,Andhra Pradesh,YSR Kadapa,Kamalapuram APMC,Paddy(Common),B P T,Local,2450.0,2450.0,2450.0
2026-07-28,Andhra Pradesh,Sri Sathya Sai,Dharmavaram APMC,Paddy(Common),B P T,FAQ,2000.0,2200.0,2100.0
2026-07-29,Andhra Pradesh,Krishna,Machilipatnam APMC,Paddy(Common),B P T,Local,2799.9993,3066.6659,2933.3326
2026-07-30,Andhra Pradesh,Prakasam,Ongole APMC,Paddy(Common),B P T,Local,2500.0,2500.0,2500.0
2026-07-30,Andhra Pradesh,Bapatla,Kuchinapudi APMC,Paddy(Common),B P T,Local,3200.0,3400.0,3300.0
2026-07-29,Andhra Pradesh,Guntur,Mangalagiri APMC,Paddy(Common),B P T,FAQ,2480.0,2480.0,2480.0
2026-07-31,Andhra Pradesh,Krishna,Divi (HQ-Avanigadda) APMC,Paddy(Common),B P T,FAQ,2450.0,2600.0,2550.0
2026-07-31,Andhra Pradesh,Palnadu,Krosuru APMC,Paddy(Common),B P T,FAQ,2200.0,2600.0,2400.0
2026-08-01,Andhra Pradesh,Guntur,Mangalagiri APMC,Paddy(Common),B P T,FAQ,2450.0,2450.0,2450.0
2026-08-01,Andhra Pradesh,Krishna,Divi (HQ-Avanigadda) APMC,Paddy(Common),B P T,FAQ,2450.0,2600.0,2500.0
2026-08-01,Andhra Pradesh,Palnadu,Krosuru APMC,Paddy(Common),B P T,FAQ,2200.0,2600.0,2400.0
2026-08-02,Andhra Pradesh,Bapatla,Chirala APMC,Paddy(Common),B P T,Local,2400.0,2500.0,2450.0
2026-08-01,Andhra Pradesh,Krishna,Pamarru APMC,Paddy(Common),B P T,Local,2441.0,2481.0,2471.0
2026-08-03,Andhra Pradesh,Krishna,Pamarru APMC,Paddy(Common),B P T,Local,2441.0,2481.0,2471.0
2026-08-03,Andhra Pradesh,NTR,Nandigama APMC,Paddy(Common),B P T,Grade Range-1,2340.0,2340.0,2340.0
2026-08-04,Andhra Pradesh,NTR,Nandigama APMC,Paddy(Common),B P T,Grade Range-1,2330.0,2330.0,2330.0
2026-08-04,Andhra Pradesh,Krishna,Machilipatnam APMC,Paddy(Common),B P T,Local,2733.33265,2999.99925,2866.66595
2026-08-04,Andhra Pradesh,Bapatla,Repalli APMC,Paddy(Common),B P T,Local,3200.0,3600.0,3400.0
2026-08-05,Andhra Pradesh,Prakasam,Maddipadu APMC,Paddy(Common),B P T,FAQ,2500.0,2500.0,2500.0
2026-08-04,Andhra Pradesh,Guntur,Mangalagiri APMC,Paddy(Common),B P T,FAQ,2480.0,2480.0,2480.0
2026-08-05,Andhra Pradesh,Bapatla,Repalli APMC,Paddy(Common),B P T,Local,3200.0,3600.0,3400.0
2026-07-22,Andhra Pradesh,Kakinada,Jaggampet APMC,Paddy(Common),Common,FAQ,2369.0,2380.0,2369.0
2026-07-22,Andhra Pradesh,Kakinada,Kakinada (Urban) APMC,Paddy(Common),Samba Masuri,FAQ,2389.0,2600.0,2550.0
2026-07-24,Andhra Pradesh,Visakhapatnam,Bhimunipatnam APMC,Paddy(Common),Samba Masuri,Local,2369.0,2369.0,2369.0
2026-08-01,Andhra Pradesh,Visakhapatnam,Bhimunipatnam APMC,Paddy(Common),Samba Masuri,Local,2369.0,2369.0,2369.0
2026-07-24,Andhra Pradesh,Srikakulam,Ichapuram APMC,Paddy(Common),Sannalu,Local,2369.0,2369.0,2369.0
2026-07-25,Andhra Pradesh,Srikakulam,Ichapuram APMC,Paddy(Common),Sannalu,Local,2369.0,2369.0,2369.0
2026-08-03,Andhra Pradesh,Srikakulam,Ichapuram APMC,Paddy(Common),Sannalu,Local,2369.0,2369.0,2369.0
2026-08-05,Andhra Pradesh,Srikakulam,Ichapuram APMC,Paddy(Common),Sannalu,Local,2369.0,2369.0,2369.0
2026-07-04,Andhra Pradesh,NTR,Tiruvuru APMC,Paddy(Common),Sona,Local,2450.0,2450.0,2450.0
2026-07-03,Andhra Pradesh,NTR,Tiruvuru APMC,Paddy(Common),Sona,Local,2450.0,2450.0,2450.0
2026-07-27,Andhra Pradesh,Nandyal,Atmakur (Nandyal District) APMC,Paddy(Common),Sona,FAQ,2450.0,2450.0,2450.0
2026-07-31,Andhra Pradesh,Nandyal,Atmakur (Nandyal District) APMC,Paddy(Common),Sona,FAQ,2450.0,2450.0,2450.0
2026-07-20,Andhra Pradesh,NTR,Tiruvuru APMC,Paddy(Common),Sona,Local,2550.0,2550.0,2550.0
2026-07-24,Andhra Pradesh,Nandyal,Atmakur (Nandyal District) APMC,Paddy(Common),Sona,FAQ,2420.0,2420.0,2420.0
2026-07-26,Andhra Pradesh,NTR,Tiruvuru APMC,Paddy(Common),Sona,Local,2500.0,2500.0,2500.0
2026-07-28,Andhra Pradesh,NTR,Tiruvuru APMC,Paddy(Common),Sona,Local,2500.0,2500.0,2500.0
2026-08-05,Andhra Pradesh,NTR,Tiruvuru APMC,Paddy(Common),Sona,Local,2700.0,2700.0,2700.0
2026-07-24,Andhra Pradesh,Nandyal,Panyam APMC,Paddy(Common),Sona Mahsuri,Local,2200.0,2200.0,2200.0
2026-07-26,Andhra Pradesh,Nandyal,Banaganapalli APMC,Paddy(Common),Sona Mahsuri,FAQ,2000.0,2400.0,2200.0
2026-07-27,Andhra Pradesh,Nandyal,Banaganapalli APMC,Paddy(Common),Sona Mahsuri,FAQ,2000.0,2400.0,2200.0
2026-07-28,Andhra Pradesh,Nandyal,Panyam APMC,Paddy(Common),Sona Mahsuri,FAQ,2200.0,2200.0,2200.0
2026-07-22,Andhra Pradesh,Kakinada,Kakinada (Urban) APMC,Paddy(Common),Swarna Masuri (OLD),FAQ,2370.0,2370.0,2370.0
2026-07-23,Andhra Pradesh,Palnadu,Rajupalem APMC,Paddy(Common),Common,Non-FAQ,2100.0,2100.0,2100.0
2026-07-23,Andhra Pradesh,Kakinada,Jaggampet APMC,Paddy(Common),Common,FAQ,2369.0,2380.0,2369.0
2026-07-24,Andhra Pradesh,Kakinada,Jaggampet APMC,Paddy(Common),Common,FAQ,2369.0,2380.0,2369.0
2026-07-26,Andhra Pradesh,Kakinada,Jaggampet APMC,Paddy(Common),Common,FAQ,2369.0,2380.0,2369.0
2026-07-27,Andhra Pradesh,Palnadu,Rajupalem APMC,Paddy(Common),Common,Non-FAQ,2000.0,2000.0,2000.0
2026-07-30,Andhra Pradesh,Kakinada,Jaggampet APMC,Paddy(Common),Common,FAQ,2369.0,2380.0,2369.0
2026-07-28,Andhra Pradesh,East Godavari,Nidadavolu APMC,Paddy(Common),Common,Local,2445.0,2445.0,2445.0
2026-07-27,Andhra Pradesh,Srikakulam,Palasa APMC,Paddy(Common),Common,FAQ,2369.0,2441.0,2394.5
2026-07-29,Andhra Pradesh,Palnadu,Rajupalem APMC,Paddy(Common),Common,Non-FAQ,2000.0,2000.0,2000.0
2026-07-29,Andhra Pradesh,East Godavari,Nidadavolu APMC,Paddy(Common),Common,Local,2445.0,2445.0,2445.0
2026-08-02,Andhra Pradesh,Kakinada,Kakinada (Urban) APMC,Paddy(Common),Common,FAQ,2369.0,2390.0,2375.0
2026-08-01,Andhra Pradesh,Palnadu,Rajupalem APMC,Paddy(Common),Common,Non-FAQ,2000.0,2000.0,2000.0
2026-08-04,Andhra Pradesh,East Godavari,Nidadavolu APMC,Paddy(Common),Common,Local,2445.0,2445.0,2445.0
2026-08-05,Andhra Pradesh,East Godavari,Nidadavolu APMC,Paddy(Common),Common,Local,2445.0,2445.0,2445.0
2026-07-23,Andhra Pradesh,Ananthapuramu,RAYADURG APMC,Paddy(Common),I.R. 64,Grade Range-2,3000.0,3400.0,3200.0
2026-07-24,Andhra Pradesh,Ananthapuramu,RAYADURG APMC,Paddy(Common),I.R. 64,Grade Range-1,3200.0,3500.0,3300.0
2026-07-31,Andhra Pradesh,YSR Kadapa,Mydukur APMC,Paddy(Common),Masuri,Local,2300.0,2500.0,2400.0
2026-07-23,Andhra Pradesh,YSR Kadapa,Badvel APMC,Paddy(Common),Masuri,Grade Range-1,2866.66595,2999.99925,2933.3326
2026-07-27,Andhra Pradesh,Srikakulam,Hiramandalam APMC,Paddy(Common),Masuri,Local,2410.0,2430.0,2416.67
2026-07-24,Andhra Pradesh,YSR Kadapa,Badvel APMC,Paddy(Common),Masuri,Grade Range-1,2200.0,2300.0,2250.0
2026-07-24,Andhra Pradesh,YSR Kadapa,Kamalapuram APMC,Paddy(Common),Masuri,Local,2450.0,2450.0,2450.0
2026-07-29,Andhra Pradesh,YSR Kadapa,Mydukur APMC,Paddy(Common),Masuri,Local,2300.0,2500.0,2400.0
2026-07-27,Andhra Pradesh,YSR Kadapa,Mydukur APMC,Paddy(Common),Masuri,Local,2300.0,2500.0,2400.0
2026-07-28,Andhra Pradesh,YSR Kadapa,Mydukur APMC,Paddy(Common),Masuri,Local,2300.0,2500.0,2400.0
2026-07-30,Andhra Pradesh,YSR Kadapa,Badvel APMC,Paddy(Common),Masuri,Local,2300.0,2400.0,2350.0
2026-07-29,Andhra Pradesh,YSR Kadapa,Badvel APMC,Paddy(Common),Masuri,Local,2300.0,2400.0,2350.0
2026-08-01,Andhra Pradesh,YSR Kadapa,Badvel APMC,Paddy(Common),Masuri,Local,2300.0,2400.0,2350.0
2026-08-03,Andhra Pradesh,YSR Kadapa,Mydukur APMC,Paddy(Common),Masuri,Local,2300.0,2500.0,2400.0
2026-08-03,Andhra Pradesh,YSR Kadapa,Badvel APMC,Paddy(Common),Masuri,Local,2300.0,2400.0,2350.0
2026-07-24,Andhra Pradesh,West Godavari,Tanuku APMC,Paddy(Common),MTU-1001,Local,2340.0,2340.0,2340.0
2026-07-27,Andhra Pradesh,Eluru,Kaikaluru APMC,Paddy(Common),MTU-1001,Local,2440.0,2440.0,2440.0
2026-07-29,Andhra Pradesh,Eluru,Kaikaluru APMC,Paddy(Common),MTU-1001,Local,2440.0,2440.0,2440.0
2026-07-27,Andhra Pradesh,Krishna,Penamaluru (HQ-Kankipadu) APMC,Paddy(Common),MTU-1001,Local,2441.0,2441.0,2441.0
2026-07-29,Andhra Pradesh,Tirupathi,Venkatagiri APMC,Paddy(Common),MTU-1001,FAQ,2340.0,2400.0,2370.0
2026-07-31,Andhra Pradesh,Krishna,Penamaluru (HQ-Kankipadu) APMC,Paddy(Common),MTU-1001,Local,2441.0,2441.0,2441.0
2026-07-31,Andhra Pradesh,Eluru,Kaikaluru APMC,Paddy(Common),MTU-1001,Local,2440.0,2440.0,2440.0
2026-08-01,Andhra Pradesh,Eluru,Kaikaluru APMC,Paddy(Common),MTU-1001,Local,2440.0,2440.0,2440.0
2026-08-03,Andhra Pradesh,West Godavari,Undi APMC,Paddy(Common),MTU-1001,Local,2389.0,2389.0,2389.0
2026-08-03,Andhra Pradesh,Eluru,Kalidindi APMC,Paddy(Common),MTU-1001,Local,2440.0,2440.0,2440.0
2026-08-04,Andhra Pradesh,Eluru,Kalidindi APMC,Paddy(Common),MTU-1001,Local,2440.0,2440.0,2440.0
2026-08-04,Andhra Pradesh,Krishna,Penamaluru (HQ-Kankipadu) APMC,Paddy(Common),MTU-1001,Local,2441.0,2441.0,2441.0
2026-08-04,Andhra Pradesh,West Godavari,Narsapuram APMC,Paddy(Common),MTU-1001,Local,2445.0,2445.0,2445.0
2026-07-01,Andhra Pradesh,East Godavari,Kovvur APMC,Paddy(Common),MTU-1010,Grade Range-2,2400.0,2400.0,2400.0
2026-07-07,Andhra Pradesh,East Godavari,Kovvur APMC,Paddy(Common),MTU-1010,Grade Range-2,2400.0,2400.0,2400.0
2026-07-20,Andhra Pradesh,East Godavari,Kovvur APMC,Paddy(Common),MTU-1010,Grade Range-2,2441.0,2441.0,2441.0
2026-07-22,Andhra Pradesh,East Godavari,Kovvur APMC,Paddy(Common),MTU-1010,Grade Range-2,2441.0,2441.0,2441.0
2026-07-23,Andhra Pradesh,Tirupathi,Sullurpet APMC,Paddy(Common),MTU-1010,Local,2380.0,2410.0,2400.0
2026-07-23,Andhra Pradesh,Tirupathi,Venkatagiri APMC,Paddy(Common),MTU-1010,FAQ,2340.0,2400.0,2380.0
2026-07-25,Andhra Pradesh,Tirupathi,Venkatagiri APMC,Paddy(Common),MTU-1010,FAQ,2340.0,2400.0,2370.0
2026-07-23,Andhra Pradesh,East Godavari,Kovvur APMC,Paddy(Common),MTU-1010,Grade Range-2,2441.0,2441.0,2441.0
2026-07-25,Andhra Pradesh,SPSR Nellore,Gudur APMC,Paddy(Common),MTU-1010,Local,2389.0,2460.0,2435.0
2026-07-24,Andhra Pradesh,Tirupathi,Naidupet APMC,Paddy(Common),MTU-1010,Local,2480.0,2520.0,2500.0
2026-07-24,Andhra Pradesh,Tirupathi,Sullurpet APMC,Paddy(Common),MTU-1010,Local,2380.0,2410.0,2400.0
2026-07-26,Andhra Pradesh,SPSR Nellore,Gudur APMC,Paddy(Common),MTU-1010,Local,2369.0,2470.0,2440.0
2026-07-25,Andhra Pradesh,Tirupathi,Sullurpet APMC,Paddy(Common),MTU-1010,Local,2380.0,2410.0,2400.0
2026-07-27,Andhra Pradesh,East Godavari,Kovvur APMC,Paddy(Common),MTU-1010,Grade Range-2,2441.0,2441.0,2441.0
2026-07-27,Andhra Pradesh,Tirupathi,Naidupet APMC,Paddy(Common),MTU-1010,Local,2480.0,2520.0,2500.0
2026-07-27,Andhra Pradesh,Tirupathi,Sullurpet APMC,Paddy(Common),MTU-1010,Local,2380.0,2410.0,2400.0
2026-07-28,Andhra Pradesh,East Godavari,Kovvur APMC,Paddy(Common),MTU-1010,Grade Range-2,2441.0,2441.0,2441.0
2026-07-30,Andhra Pradesh,East Godavari,Kovvur APMC,Paddy(Common),MTU-1010,Grade Range-2,2441.0,2441.0,2441.0
2026-07-30,Andhra Pradesh,Tirupathi,Sullurpet APMC,Paddy(Common),MTU-1010,Local,2400.0,2460.0,2420.0
2026-07-31,Andhra Pradesh,Tirupathi,Sullurpet APMC,Paddy(Common),MTU-1010,Local,2400.0,2430.0,2410.0
2026-08-03,Andhra Pradesh,Tirupathi,Naidupet APMC,Paddy(Common),MTU-1010,Local,2300.0,2420.0,2400.0
2026-08-02,Andhra Pradesh,Tirupathi,Venkatagiri APMC,Paddy(Common),MTU-1010,FAQ,2340.0,2400.0,2370.0
2026-08-04,Andhra Pradesh,Tirupathi,Sullurpet APMC,Paddy(Common),MTU-1010,Local,2400.0,2440.0,2420.0
2026-08-04,Andhra Pradesh,Tirupathi,Venkatagiri APMC,Paddy(Common),MTU-1010,FAQ,2340.0,2400.0,2370.0
2026-08-05,Andhra Pradesh,Tirupathi,Venkatagiri APMC,Paddy(Common),MTU-1010,FAQ,2350.0,2400.0,2370.0
2026-07-30,Andhra Pradesh,Krishna,Malleswaram (HQ-Bantumili) APMC,Paddy(Common),MTU-2077,Grade Range-1,2900.0,3000.0,2950.0
2026-08-04,Andhra Pradesh,Krishna,Malleswaram (HQ-Bantumili) APMC,Paddy(Common),MTU-2077,Grade Range-1,2900.0,3000.0,2950.0
2026-07-16,Andhra Pradesh,SPSR Nellore,Atmakur (SPSR Nellore District) APMC,Paddy(Common),Nellore Sanna,FAQ,2300.0,2400.0,2369.0
2026-07-29,Andhra Pradesh,SPSR Nellore,Atmakur (SPSR Nellore District) APMC,Paddy(Common),Nellore Sanna,FAQ,2300.0,2400.0,2369.0
2026-07-30,Andhra Pradesh,SPSR Nellore,Atmakur (SPSR Nellore District) APMC,Paddy(Common),Nellore Sanna,FAQ,2300.0,2400.0,2369.0
2026-07-31,Andhra Pradesh,SPSR Nellore,Atmakur (SPSR Nellore District) APMC,Paddy(Common),Nellore Sanna,FAQ,2300.0,2400.0,2369.0
2026-08-01,Andhra Pradesh,SPSR Nellore,Atmakur (SPSR Nellore District) APMC,Paddy(Common),Nellore Sanna,FAQ,2300.0,2400.0,2369.0
2026-07-23,Andhra Pradesh,Krishna,Pedana APMC,Paddy(Common),NO. 2716,Local,2369.0,2400.0,2380.0
2026-07-24,Andhra Pradesh,Krishna,Malleswaram (HQ-Bantumili) APMC,Paddy(Common),NO. 2716,Grade Range-1,2900.0,3000.0,2950.0
2026-07-28,Andhra Pradesh,Krishna,Pedana APMC,Paddy(Common),NO. 2716,Local,2369.0,2400.0,2380.0
2026-07-31,Andhra Pradesh,Krishna,Pedana APMC,Paddy(Common),NO. 2716,Local,2369.0,2400.0,2390.0
2026-08-01,Andhra Pradesh,Krishna,Pedana APMC,Paddy(Common),NO. 2716,Local,2369.0,2400.0,2380.0
2026-07-25,Andhra Pradesh,Prakasam,Kandukur APMC,Paddy(Common),Other,Local,2380.0,2450.0,2400.0
2026-07-22,Andhra Pradesh,SPSR Nellore,Kavali APMC,Paddy(Common),Other,Local,2370.0,2450.0,2400.0
2026-07-23,Andhra Pradesh,SPSR Nellore,Kavali APMC,Paddy(Common),Other,Local,2370.0,2450.0,2400.0
2026-08-03,Andhra Pradesh,SPSR Nellore,Kavali APMC,Paddy(Common),Other,Local,2380.0,2450.0,2410.0
2026-08-05,Andhra Pradesh,Prakasam,Kandukur APMC,Paddy(Common),Other,Local,2380.0,2450.0,2400.0
2026-07-03,Andhra Pradesh,Vijayanagaram,Kothavalasa APMC,Paddy(Common),Paddy,Local,2369.0,2369.0,2369.0
2026-07-04,Andhra Pradesh,Dr.B.R.A.Konaseema,Ramachandrapuram APMC,Paddy(Common),Paddy,FAQ,2369.0,2410.0,2369.0
2026-07-08,Andhra Pradesh,Dr.B.R.A.Konaseema,Ramachandrapuram APMC,Paddy(Common),Paddy,FAQ,2369.0,2393.0,2369.0
2026-07-10,Andhra Pradesh,Dr.B.R.A.Konaseema,Ramachandrapuram APMC,Paddy(Common),Paddy,FAQ,2369.0,2384.0,2369.0
2026-07-25,Andhra Pradesh,Palnadu,Rompicherla APMC,Paddy(Common),Paddy,FAQ,2300.0,2480.0,2400.0
2026-07-14,Andhra Pradesh,Dr.B.R.A.Konaseema,Ramachandrapuram APMC,Paddy(Common),Paddy,FAQ,2369.0,2386.0,2369.0
2026-07-30,Andhra Pradesh,Srikakulam,Kothabommali APMC,Paddy(Common),Paddy,Local,2600.0,2600.0,2600.0
2026-07-22,Andhra Pradesh,Dr.B.R.A.Konaseema,Alamuru APMC,Paddy(Common),Paddy,FAQ,2369.0,2389.0,2375.0
2026-07-23,Andhra Pradesh,West Godavari,Attili APMC,Paddy(Common),Paddy,Local,2369.0,2389.0,2369.0
2026-07-22,Andhra Pradesh,Nandyal,Nandyal APMC,Paddy(Common),Paddy,Local,2000.0,2000.0,2000.0
2026-07-24,Andhra Pradesh,Palnadu,Pidugurala APMC,Paddy(Common),Paddy,Local,2350.0,2475.0,2400.0
2026-07-22,Andhra Pradesh,Dr.B.R.A.Konaseema,Ramachandrapuram APMC,Paddy(Common),Paddy,FAQ,2369.0,2375.0,2369.0
2026-07-22,Andhra Pradesh,Prakasam,Maddipadu APMC,Paddy(Common),Paddy,FAQ,2500.0,2500.0,2500.0
2026-07-23,Andhra Pradesh,Nandyal,Nandyal APMC,Paddy(Common),Paddy,Local,2000.0,2000.0,2000.0
2026-07-23,Andhra Pradesh,Palnadu,Durgi APMC,Paddy(Common),Paddy,FAQ,2300.0,2500.0,2400.0
2026-07-23,Andhra Pradesh,Dr.B.R.A.Konaseema,Ramachandrapuram APMC,Paddy(Common),Paddy,FAQ,2369.0,2381.0,2369.0
2026-07-28,Andhra Pradesh,West Godavari,Attili APMC,Paddy(Common),Paddy,Local,2369.0,2389.0,2369.0
2026-07-23,Andhra Pradesh,Srikakulam,Amadalavalasa APMC,Paddy(Common),Paddy,FAQ,2369.0,2369.0,2369.0
2026-07-25,Andhra Pradesh,Kakinada,Samalkot APMC,Paddy(Common),Paddy,FAQ,2369.0,2390.0,2369.0
2026-07-25,Andhra Pradesh,Nandyal,Nandyal APMC,Paddy(Common),Paddy,Local,2000.0,2400.0,2000.0
2026-07-22,Andhra Pradesh,NTR,Jaggayyapeta APMC,Paddy(Common),Paddy,Grade Range-1,2369.0,2369.0,2369.0
2026-07-23,Andhra Pradesh,Anakapally,Chodavaram APMC,Paddy(Common),Paddy,Local,2200.0,2400.0,2300.0
2026-07-27,Andhra Pradesh,Srikakulam,Pathapatnam APMC,Paddy(Common),Paddy,FAQ,2369.0,2500.0,2369.0
2026-07-24,Andhra Pradesh,Palnadu,Narasaraopet APMC,Paddy(Common),Paddy,FAQ,3300.0,3300.0,3300.0
2026-07-27,Andhra Pradesh,Srikakulam,Kothabommali APMC,Paddy(Common),Paddy,Local,2500.0,2500.0,2500.0
2026-07-23,Andhra Pradesh,Tirupathi,Nagalapuram APMC,Paddy(Common),Paddy,Local,2125.0,2212.5,2187.5
2026-07-25,Andhra Pradesh,Srikakulam,Narasannapet APMC,Paddy(Common),Paddy,FAQ,2369.0,2369.0,2369.0
2026-07-25,Andhra Pradesh,Dr.B.R.A.Konaseema,Ramachandrapuram APMC,Paddy(Common),Paddy,FAQ,2369.0,2395.0,2369.0
2026-07-25,Andhra Pradesh,Palnadu,Vinukonda APMC,Paddy(Common),Paddy,FAQ,2300.0,2500.0,2400.0
2026-07-23,Andhra Pradesh,YSR Kadapa,Kamalapuram APMC,Paddy(Common),Paddy,Local,2400.0,2400.0,2400.0
2026-07-26,Andhra Pradesh,East Godavari,Rajahmundry APMC,Paddy(Common),Paddy,Local,2369.0,2369.0,2369.0
2026-07-25,Andhra Pradesh,Anakapally,Chodavaram APMC,Paddy(Common),Paddy,Local,2200.0,2400.0,2300.0
2026-07-25,Andhra Pradesh,Anakapally,Madugula APMC,Paddy(Common),Paddy,Local,2200.0,2400.0,2300.0
2026-07-25,Andhra Pradesh,Visakhapatnam,Pendurthi APMC,Paddy(Common),Paddy,Local,2300.0,2300.0,2300.0
2026-07-27,Andhra Pradesh,East Godavari,Rajahmundry APMC,Paddy(Common),Paddy,Local,2369.0,2369.0,2369.0
2026-07-27,Andhra Pradesh,Anakapally,Madugula APMC,Paddy(Common),Paddy,Local,2200.0,2400.0,2300.0
2026-07-30,Andhra Pradesh,Srikakulam,Amadalavalasa APMC,Paddy(Common),Paddy,FAQ,2369.0,2369.0,2369.0
2026-07-30,Andhra Pradesh,Kakinada,Samalkot APMC,Paddy(Common),Paddy,FAQ,2369.0,2389.0,2369.0
2026-07-28,Andhra Pradesh,Tirupathi,Nagalapuram APMC,Paddy(Common),Paddy,Local,2187.5,2225.0,2212.5
2026-07-28,Andhra Pradesh,Dr.B.R.A.Konaseema,Ramachandrapuram APMC,Paddy(Common),Paddy,FAQ,2369.0,2381.0,2369.0
2026-07-27,Andhra Pradesh,Prakasam,Ongole APMC,Paddy(Common),Paddy,Local,2500.0,2500.0,2500.0
2026-07-29,Andhra Pradesh,Palnadu,Rompicherla APMC,Paddy(Common),Paddy,FAQ,2300.0,2400.0,2350.0
2026-07-27,Andhra Pradesh,East Godavari,Anaparthy APMC,Paddy(Common),Paddy,FAQ,2369.0,2410.0,2369.0
2026-07-31,Andhra Pradesh,Kakinada,Samalkot APMC,Paddy(Common),Paddy,FAQ,2369.0,2380.0,2369.0
2026-07-30,Andhra Pradesh,Nandyal,Nandyal APMC,Paddy(Common),Paddy,FAQ,2450.0,2450.0,2450.0
2026-07-27,Andhra Pradesh,West Godavari,Palakole APMC,Paddy(Common),Paddy,Local,2375.0,2375.0,2375.0
2026-07-28,Andhra Pradesh,SPSR Nellore,Kovur APMC,Paddy(Common),Paddy,Local,2910.665939,3158.665877,3093.33256
2026-07-30,Andhra Pradesh,Visakhapatnam,Pendurthi APMC,Paddy(Common),Paddy,Local,2300.0,2300.0,2300.0
2026-07-31,Andhra Pradesh,Anakapally,Chodavaram APMC,Paddy(Common),Paddy,Local,2200.0,2400.0,2300.0
2026-07-29,Andhra Pradesh,SPSR Nellore,Kovur APMC,Paddy(Common),Paddy,Local,2910.665939,3158.665877,3093.33256
2026-07-29,Andhra Pradesh,Anakapally,Chodavaram APMC,Paddy(Common),Paddy,Local,2200.0,2400.0,2300.0
2026-07-29,Andhra Pradesh,Prakasam,Addanki APMC,Paddy(Common),Paddy,FAQ,2400.0,2430.0,2410.0
2026-07-29,Andhra Pradesh,East Godavari,Rajahmundry APMC,Paddy(Common),Paddy,Local,2369.0,2369.0,2369.0
2026-07-30,Andhra Pradesh,Palnadu,Durgi APMC,Paddy(Common),Paddy,FAQ,1800.0,2500.0,2000.0
2026-07-30,Andhra Pradesh,Srikakulam,Pathapatnam APMC,Paddy(Common),Paddy,FAQ,2369.0,2500.0,2369.0
2026-07-30,Andhra Pradesh,Prakasam,Addanki APMC,Paddy(Common),Paddy,FAQ,2380.0,2420.0,2400.0
2026-07-31,Andhra Pradesh,East Godavari,Anaparthy APMC,Paddy(Common),Paddy,FAQ,2369.0,2400.0,2369.0
2026-08-01,Andhra Pradesh,Srikakulam,Narasannapet APMC,Paddy(Common),Paddy,FAQ,2369.0,2369.0,2369.0
2026-08-01,Andhra Pradesh,West Godavari,Attili APMC,Paddy(Common),Paddy,Local,2369.0,2389.0,2369.0
2026-08-01,Andhra Pradesh,Kakinada,Samalkot APMC,Paddy(Common),Paddy,FAQ,2368.0,2370.0,2368.0
2026-08-01,Andhra Pradesh,Dr.B.R.A.Konaseema,Ramachandrapuram APMC,Paddy(Common),Paddy,FAQ,2369.0,2380.0,2369.0
2026-08-01,Andhra Pradesh,West Godavari,Akiveedu APMC,Paddy(Common),Paddy,Local,2300.0,2500.0,2369.0
2026-08-01,Andhra Pradesh,Palnadu,Pidugurala APMC,Paddy(Common),Paddy,FAQ,2350.0,2350.0,2350.0
2026-08-01,Andhra Pradesh,East Godavari,Rajahmundry APMC,Paddy(Common),Paddy,Local,2369.0,2369.0,2369.0
2026-08-01,Andhra Pradesh,Prakasam,Addanki APMC,Paddy(Common),Paddy,FAQ,2380.0,2400.0,2390.0
2026-08-01,Andhra Pradesh,Tirupathi,B.N.Kandriga APMC,Paddy(Common),Paddy,Local,2200.0,2200.0,2200.0
2026-08-01,Andhra Pradesh,East Godavari,Anaparthy APMC,Paddy(Common),Paddy,FAQ,2369.0,2450.0,2369.0
2026-08-03,Andhra Pradesh,Nandyal,Nandyal APMC,Paddy(Common),Paddy,Local,2400.0,2400.0,2400.0
2026-08-03,Andhra Pradesh,Srikakulam,Narasannapet APMC,Paddy(Common),Paddy,FAQ,2369.0,2369.0,2369.0
2026-08-03,Andhra Pradesh,Srikakulam,Amadalavalasa APMC,Paddy(Common),Paddy,FAQ,2369.0,2369.0,2369.0
2026-08-02,Andhra Pradesh,East Godavari,Rajahmundry APMC,Paddy(Common),Paddy,Local,2369.0,2369.0,2369.0
2026-08-01,Andhra Pradesh,SPSR Nellore,Udayagiri APMC,Paddy(Common),Paddy,Local,2444.0,2464.0,2454.0
2026-08-03,Andhra Pradesh,West Godavari,Attili APMC,Paddy(Common),Paddy,Local,2369.0,2389.0,2369.0
2026-08-02,Andhra Pradesh,Anakapally,Madugula APMC,Paddy(Common),Paddy,Local,2200.0,2400.0,2300.0
2026-08-03,Andhra Pradesh,Palnadu,Pidugurala APMC,Paddy(Common),Paddy,FAQ,2350.0,2350.0,2350.0
2026-08-04,Andhra Pradesh,Prakasam,Addanki APMC,Paddy(Common),Paddy,FAQ,2370.0,2400.0,2390.0
2026-08-04,Andhra Pradesh,Kakinada,Samalkot APMC,Paddy(Common),Paddy,FAQ,2369.0,2380.0,2369.0
2026-08-02,Andhra Pradesh,Srikakulam,Pathapatnam APMC,Paddy(Common),Paddy,FAQ,2369.0,2500.0,2369.0
2026-08-04,Andhra Pradesh,Palnadu,Vinukonda APMC,Paddy(Common),Paddy,FAQ,2200.0,2400.0,2300.0
2026-08-04,Andhra Pradesh,Palnadu,Pidugurala APMC,Paddy(Common),Paddy,FAQ,2600.0,2600.0,2600.0
2026-08-05,Andhra Pradesh,Palnadu,Ipur APMC,Paddy(Common),Paddy,FAQ,2500.0,2700.0,2650.0
2026-08-04,Andhra Pradesh,Tirupathi,Nagalapuram APMC,Paddy(Common),Paddy,Local,2187.5,2212.5,2200.0
2026-08-04,Andhra Pradesh,Anakapally,Chodavaram APMC,Paddy(Common),Paddy,Local,2200.0,2400.0,2300.0
2026-08-05,Andhra Pradesh,Tirupathi,B.N.Kandriga APMC,Paddy(Common),Paddy,Local,2200.0,2200.0,2200.0
2026-08-05,Andhra Pradesh,West Godavari,Palakole APMC,Paddy(Common),Paddy,Local,2370.0,2370.0,2370.0
2026-08-05,Andhra Pradesh,Prakasam,Addanki APMC,Paddy(Common),Paddy,FAQ,2380.0,2400.0,2390.0
2026-08-05,Andhra Pradesh,West Godavari,Akiveedu APMC,Paddy(Common),Paddy,Local,2300.0,2500.0,2369.0
2026-07-22,Andhra Pradesh,Krishna,Malleswaram (HQ-Bantumili) APMC,Paddy(Common),Paddy fine,Grade Range-1,3000.0,3000.0,3000.0
2026-07-30,Andhra Pradesh,Tirupathi,Srikalahasti APMC,Paddy(Common),Paddy Medium,Local,2200.0,2500.0,2350.0
2026-07-27,Andhra Pradesh,Tirupathi,Srikalahasti APMC,Paddy(Common),Paddy Medium,Local,2200.0,2500.0,2350.0
2026-08-01,Andhra Pradesh,Tirupathi,Srikalahasti APMC,Paddy(Common),Paddy Medium,Local,2300.0,2600.0,2450.0
2026-08-04,Andhra Pradesh,Kakinada,Sampara (Kakinada Rural) APMC,Paddy(Common),Paddy Medium,FAQ,2369.0,2389.0,2379.0
2026-08-03,Andhra Pradesh,Tirupathi,Srikalahasti APMC,Paddy(Common),Paddy Medium,Local,2300.0,2600.0,2450.0
2025-12-26,Andhra Pradesh,Kurnool,Nandyal APMC,Paddy(Common),Paddy,Grade Range-2,2100.0,2100.0,2100.0
2025-12-16,Andhra Pradesh,Visakhapatnam,Chintapally APMC,Paddy(Common),Other,FAQ,2500.0,2500.0,2500.0
2025-12-09,Andhra Pradesh,Kurnool,Nandyal APMC,Paddy(Common),Paddy,Local,2200.0,2200.0,2200.0
2025-12-02,Andhra Pradesh,Alluri Sitharama Raju,Rampachodvaram APMC,Paddy(Common),1001,Grade Range-2,2370.0,2370.0,2370.0
2025-12-06,Andhra Pradesh,Alluri Sitharama Raju,Rampachodvaram APMC,Paddy(Common),1001,Grade Range-2,2370.0,2370.0,2370.0
2025-12-10,Andhra Pradesh,Alluri Sitharama Raju,Rampachodvaram APMC,Paddy(Common),1001,Grade Range-2,2370.0,2370.0,2370.0
2025-12-17,Andhra Pradesh,Alluri Sitharama Raju,Rampachodvaram APMC,Paddy(Common),1001,Grade Range-2,2370.0,2370.0,2370.0
2025-12-31,Andhra Pradesh,Alluri Sitharama Raju,Rampachodvaram APMC,Paddy(Common),1001,Grade Range-2,2370.0,2370.0,2370.0
2025-12-10,Andhra Pradesh,Krishna,Divi APMC,Paddy(Common),B P T,FAQ,2300.0,2400.0,2350.0
2025-12-06,Andhra Pradesh,East Godavari,Jaggampet APMC,Paddy(Common),Common,FAQ,2369.0,2379.0,2379.0
2025-12-09,Andhra Pradesh,Krishna,Tiruvuru APMC,Paddy(Common),Sona,Local,2500.0,2500.0,2500.0
2025-12-06,Andhra Pradesh,Kurnool,Nandyal APMC,Paddy(Common),Sona Mahsuri,Grade Range-1,2400.0,2400.0,2400.0
2025-11-01,Andhra Pradesh,Krishna,Tiruvuru APMC,Paddy(Common),Sona,FAQ,2400.0,2700.0,2600.0
2025-11-01,Andhra Pradesh,Krishna,Tiruvuru APMC,Paddy(Common),Sona,Non-FAQ,2300.0,2500.0,2400.0
2025-11-03,Andhra Pradesh,Krishna,Tiruvuru APMC,Paddy(Common),Sona,FAQ,2500.0,2850.0,2700.0
2025-11-03,Andhra Pradesh,Krishna,Tiruvuru APMC,Paddy(Common),Sona,Non-FAQ,2300.0,2500.0,2400.0
2025-11-12,Andhra Pradesh,Kurnool,Nandyal APMC,Paddy(Common),Sona Mahsuri,Grade Range-2,2200.0,2200.0,2200.0
2025-11-15,Andhra Pradesh,Kurnool,Nandyal APMC,Paddy(Common),Sona Mahsuri,Grade Range-2,2100.0,2100.0,2100.0
2025-11-20,Andhra Pradesh,Kurnool,Nandyal APMC,Paddy(Common),Sona Mahsuri,Grade Range-2,2200.0,2200.0,2200.0
2025-11-25,Andhra Pradesh,Kurnool,Nandyal APMC,Paddy(Common),Sona Mahsuri,Grade Range-1,2400.0,2400.0,2400.0
2025-11-12,Andhra Pradesh,Alluri Sitharama Raju,Rampachodvaram APMC,Paddy(Common),1001,Grade Range-2,2360.0,2360.0,2360.0
2025-11-07,Andhra Pradesh,Krishna,Divi APMC,Paddy(Common),B P T,FAQ,2300.0,2400.0,2350.0
2025-11-10,Andhra Pradesh,Krishna,Divi APMC,Paddy(Common),B P T,FAQ,2300.0,2400.0,2350.0
2025-11-03,Andhra Pradesh,Krishna,Divi APMC,Paddy(Common),B P T,FAQ,2300.0,2400.0,2350.0
2025-11-19,Andhra Pradesh,Krishna,Divi APMC,Paddy(Common),B P T,FAQ,2300.0,2400.0,2350.0
2025-11-28,Andhra Pradesh,East Godavari,Jaggampet APMC,Paddy(Common),Common,FAQ,2369.0,2379.0,2379.0
2025-11-30,Andhra Pradesh,East Godavari,Jaggampet APMC,Paddy(Common),Common,FAQ,2369.0,2379.0,2379.0
2025-11-16,Andhra Pradesh,East Godavari,Jaggampet APMC,Paddy(Common),Common,FAQ,2369.0,2379.0,2379.0
2026-02-24,Andhra Pradesh,Nellore,Rapur APMC,Paddy(Common),Common,Local,2380.0,2410.0,2390.0
2026-02-28,Andhra Pradesh,Nellore,Rapur APMC,Paddy(Common),Common,Local,2380.0,2410.0,2390.0
2026-01-03,Andhra Pradesh,Alluri Sitharama Raju,Rampachodvaram APMC,Paddy(Common),1001,Grade Range-2,2370.0,2370.0,2370.0
2026-01-02,Andhra Pradesh,East Godavari,Jaggampet APMC,Paddy(Common),Common,FAQ,2369.0,2379.0,2379.0
2026-03-16,Andhra Pradesh,Nellore,Atmakur(SPS) APMC,Paddy(Common),Nellore Sanna,FAQ,2300.0,2400.0,2320.0
2026-03-25,Andhra Pradesh,Nellore,Atmakur(SPS) APMC,Paddy(Common),Nellore Sanna,FAQ,2300.0,2400.0,2369.0
2026-03-02,Andhra Pradesh,Nellore,Rapur APMC,Paddy(Common),Common,Local,2375.0,2410.0,2390.0
2026-03-18,Andhra Pradesh,Nellore,Rapur APMC,Paddy(Common),Common,Local,2390.0,2460.0,2440.0
2026-03-19,Andhra Pradesh,East Godavari,Jaggampet APMC,Paddy(Common),Common,FAQ,2369.0,2379.0,2369.0
2026-03-23,Andhra Pradesh,East Godavari,Jaggampet APMC,Paddy(Common),Common,FAQ,2369.0,2379.0,2369.0
2026-03-26,Andhra Pradesh,Nellore,Rapur APMC,Paddy(Common),Common,Local,2390.0,2480.0,2460.0
2026-03-31,Andhra Pradesh,East Godavari,Jaggampet APMC,Paddy(Common),Common,FAQ,2369.0,2379.0,2379.0
2026-04-01,Andhra Pradesh,Nellore,Atmakur(SPS) APMC,Paddy(Common),Nellore Sanna,FAQ,2300.0,2400.0,2369.0
2026-04-02,Andhra Pradesh,Nellore,Atmakur(SPS) APMC,Paddy(Common),Nellore Sanna,FAQ,2300.0,2400.0,2369.0
2026-04-03,Andhra Pradesh,Nellore,Atmakur(SPS) APMC,Paddy(Common),Nellore Sanna,FAQ,2300.0,2400.0,2369.0
2026-04-09,Andhra Pradesh,Nellore,Atmakur(SPS) APMC,Paddy(Common),Nellore Sanna,FAQ,2300.0,2400.0,2369.0
2026-04-19,Andhra Pradesh,Nellore,Atmakur(SPS) APMC,Paddy(Common),Nellore Sanna,FAQ,2300.0,2400.0,2369.0
2026-04-07,Andhra Pradesh,Nellore,Rapur APMC,Paddy(Common),Common,Local,2390.0,2460.0,2430.0
2026-04-09,Andhra Pradesh,Nellore,Rapur APMC,Paddy(Common),Common,Local,2390.0,2490.0,2460.0
2026-04-10,Andhra Pradesh,Nellore,Rapur APMC,Paddy(Common),Common,Local,2390.0,2480.0,2440.0
2026-04-17,Andhra Pradesh,Nellore,Rapur APMC,Paddy(Common),Common,Local,2380.0,2460.0,2420.0
2026-04-20,Andhra Pradesh,Nellore,Rapur APMC,Paddy(Common),Common,Local,2380.0,2480.0,2410.0
2026-04-24,Andhra Pradesh,Nellore,Rapur APMC,Paddy(Common),Common,Local,2380.0,2430.0,2400.0
2026-05-15,Andhra Pradesh,Nellore,Rapur APMC,Paddy(Common),Common,Local,2370.0,2420.0,2390.0
2026-05-25,Andhra Pradesh,Nellore,Rapur APMC,Paddy(Common),Common,Local,2370.0,2400.0,2380.0
2026-05-07,Andhra Pradesh,Krishna,Divi APMC,Paddy(Common),B P T,FAQ,2300.0,2400.0,2350.0
2026-05-19,Andhra Pradesh,Krishna,Divi APMC,Paddy(Common),B P T,FAQ,2300.0,2400.0,2350.0
2026-04-02,Andhra Pradesh,Nellore,Rapur APMC,Paddy(Common),Common,Local,2390.0,2490.0,2460.0
2026-05-28,Andhra Pradesh,West Godavari,Polavaram APMC,Paddy(Common),1001,Local,2369.0,2369.0,2369.0
2026-04-02,Andhra Pradesh,East Godavari,Jaggampet APMC,Paddy(Common),Common,FAQ,2369.0,2379.0,2379.0
2026-04-09,Andhra Pradesh,East Godavari,Jaggampet APMC,Paddy(Common),Common,FAQ,2369.0,2379.0,2379.0
2026-04-12,Andhra Pradesh,East Godavari,Jaggampet APMC,Paddy(Common),Common,FAQ,2369.0,2379.0,2379.0
2026-04-13,Andhra Pradesh,East Godavari,Jaggampet APMC,Paddy(Common),Common,FAQ,2369.0,2379.0,2379.0
2026-04-18,Andhra Pradesh,East Godavari,Jaggampet APMC,Paddy(Common),Common,FAQ,2369.0,2379.0,2379.0
2026-04-24,Andhra Pradesh,East Godavari,Jaggampet APMC,Paddy(Common),Common,FAQ,2369.0,2379.0,2379.0
2026-05-04,Andhra Pradesh,East Godavari,Jaggampet APMC,Paddy(Common),Common,FAQ,2369.0,2379.0,2379.0
2026-05-02,Andhra Pradesh,East Godavari,Jaggampet APMC,Paddy(Common),Common,FAQ,2369.0,2379.0,2379.0
2026-04-20,Andhra Pradesh,SPSR Nellore,Rapur APMC,Paddy(Common),Common,Local,2380.0,2480.0,2410.0
2026-04-21,Andhra Pradesh,SPSR Nellore,Rapur APMC,Paddy(Common),Common,Local,2380.0,2440.0,2410.0
2026-04-23,Andhra Pradesh,Kakinada,Jaggampet APMC,Paddy(Common),Common,FAQ,2369.0,2379.0,2379.0
2026-04-07,Andhra Pradesh,Kakinada,Jaggampet APMC,Paddy(Common),Common,FAQ,2369.0,2379.0,2379.0
2026-04-08,Andhra Pradesh,Kakinada,Jaggampet APMC,Paddy(Common),Common,FAQ,2369.0,2379.0,2379.0
2026-04-18,Andhra Pradesh,Kakinada,Jaggampet APMC,Paddy(Common),Common,FAQ,2369.0,2379.0,2379.0
2026-04-21,Andhra Pradesh,Kakinada,Jaggampet APMC,Paddy(Common),Common,FAQ,2369.0,2379.0,2379.0
2026-04-02,Andhra Pradesh,SPSR Nellore,Atmakur (SPSR Nellore District) APMC,Paddy(Common),Nellore Sanna,FAQ,2300.0,2400.0,2369.0
2026-04-08,Andhra Pradesh,SPSR Nellore,Atmakur (SPSR Nellore District) APMC,Paddy(Common),Nellore Sanna,FAQ,2300.0,2400.0,2369.0
2026-04-12,Andhra Pradesh,SPSR Nellore,Atmakur (SPSR Nellore District) APMC,Paddy(Common),Nellore Sanna,FAQ,2300.0,2400.0,2369.0
2026-04-14,Andhra Pradesh,SPSR Nellore,Atmakur (SPSR Nellore District) APMC,Paddy(Common),Nellore Sanna,FAQ,2300.0,2400.0,2369.0
2026-04-15,Andhra Pradesh,SPSR Nellore,Atmakur (SPSR Nellore District) APMC,Paddy(Common),Nellore Sanna,FAQ,2300.0,2400.0,2369.0
2026-04-21,Andhra Pradesh,SPSR Nellore,Atmakur (SPSR Nellore District) APMC,Paddy(Common),Nellore Sanna,FAQ,2300.0,2400.0,2369.0
2026-04-24,Andhra Pradesh,SPSR Nellore,Atmakur (SPSR Nellore District) APMC,Paddy(Common),Nellore Sanna,FAQ,2300.0,2400.0,2369.0
2026-04-02,Andhra Pradesh,SPSR Nellore,Rapur APMC,Paddy(Common),Common,Local,2390.0,2490.0,2460.0
2026-04-06,Andhra Pradesh,SPSR Nellore,Rapur APMC,Paddy(Common),Common,Local,2390.0,2460.0,2430.0
2026-04-10,Andhra Pradesh,Kakinada,Jaggampet APMC,Paddy(Common),Common,FAQ,2369.0,2379.0,2379.0
2026-05-30,Andhra Pradesh,Eluru,Polavaram APMC,Paddy(Common),1001,Local,2369.0,2369.0,2369.0
2026-05-29,Andhra Pradesh,Eluru,Polavaram APMC,Paddy(Common),1001,Local,2369.0,2369.0,2369.0
2026-05-31,Andhra Pradesh,Vijayanagaram,Kothavalasa APMC,Paddy(Common),1001,Local,2369.0,2369.0,2369.0
2026-05-27,Andhra Pradesh,NTR,Mylavaram APMC,Paddy(Common),1001,Local,2369.0,2369.0,2369.0
2026-05-30,Andhra Pradesh,Bapatla,Bapatla APMC,Paddy(Common),B P T,Local,2400.0,2400.0,2400.0
2026-05-11,Andhra Pradesh,SPSR Nellore,Rapur APMC,Paddy(Common),Common,Local,2370.0,2420.0,2390.0
2026-05-03,Andhra Pradesh,Kakinada,Jaggampet APMC,Paddy(Common),Common,FAQ,2369.0,2379.0,2379.0
2026-05-07,Andhra Pradesh,Kakinada,Jaggampet APMC,Paddy(Common),Common,FAQ,2369.0,2379.0,2379.0
2026-07-28,Andhra Pradesh,SPSR Nellore,Udayagiri APMC,Paddy(Common),Paddy,Local,2444.0,2464.0,2454.0
2026-07-29,Andhra Pradesh,West Godavari,Tanuku APMC,Paddy(Common),1001,Local,2345.0,2345.0,2345.0
2026-07-29,Andhra Pradesh,NTR,Tiruvuru APMC,Paddy(Common),Sona,Local,2700.0,2700.0,2700.0
2026-06-05,Andhra Pradesh,Krishna,Penamaluru (HQ-Kankipadu) APMC,Paddy(Common),MTU-1001,Local,2369.0,2369.0,2369.0
2026-06-06,Andhra Pradesh,East Godavari,Kovvur APMC,Paddy(Common),MTU-1010,Grade Range-2,2400.0,2400.0,2400.0
2026-06-18,Andhra Pradesh,East Godavari,Kovvur APMC,Paddy(Common),MTU-1010,Grade Range-2,2400.0,2400.0,2400.0
2026-06-26,Andhra Pradesh,East Godavari,Kovvur APMC,Paddy(Common),MTU-1010,Grade Range-2,2400.0,2400.0,2400.0
2026-06-11,Andhra Pradesh,SPSR Nellore,Atmakur (SPSR Nellore District) APMC,Paddy(Common),Nellore Sanna,FAQ,2300.0,2400.0,2369.0
2026-06-20,Andhra Pradesh,Eluru,Polavaram APMC,Paddy(Common),1001,Local,2390.0,2390.0,2390.0
2026-06-16,Andhra Pradesh,NTR,Mylavaram APMC,Paddy(Common),1001,FAQ,2369.0,2369.0,2369.0
2026-06-18,Andhra Pradesh,Dr.B.R.A.Konaseema,Amalapuram APMC,Paddy(Common),1001,Local,2369.0,2400.0,2369.0
2026-06-22,Andhra Pradesh,Dr.B.R.A.Konaseema,Amalapuram APMC,Paddy(Common),1001,Local,2369.0,2400.0,2369.0
2026-06-30,Andhra Pradesh,Eluru,Polavaram APMC,Paddy(Common),1001,Local,2390.0,2390.0,2390.0
2026-06-01,Andhra Pradesh,Bapatla,Bapatla APMC,Paddy(Common),B P T,Local,2400.0,2500.0,2450.0
2026-06-01,Andhra Pradesh,NTR,Nandigama APMC,Paddy(Common),B P T,Grade Range-1,1800.0,1800.0,1800.0
2026-06-02,Andhra Pradesh,NTR,Nandigama APMC,Paddy(Common),B P T,Grade Range-1,1800.0,1800.0,1800.0
2026-06-05,Andhra Pradesh,Bapatla,Bapatla APMC,Paddy(Common),B P T,Local,2400.0,2500.0,2450.0
2026-06-09,Andhra Pradesh,Krishna,Divi (HQ-Avanigadda) APMC,Paddy(Common),B P T,FAQ,2300.0,2400.0,2350.0
2026-06-09,Andhra Pradesh,Bapatla,Kuchinapudi APMC,Paddy(Common),B P T,Local,2400.0,2500.0,2450.0
2026-06-11,Andhra Pradesh,Bapatla,Kuchinapudi APMC,Paddy(Common),B P T,Local,2400.0,2500.0,2450.0
2026-06-11,Andhra Pradesh,Bapatla,Bapatla APMC,Paddy(Common),B P T,Local,2400.0,2500.0,2450.0
2026-06-10,Andhra Pradesh,Bapatla,Bapatla APMC,Paddy(Common),B P T,Local,2400.0,2500.0,2450.0
2026-06-10,Andhra Pradesh,Krishna,Divi (HQ-Avanigadda) APMC,Paddy(Common),B P T,FAQ,2300.0,2400.0,2350.0
2026-06-15,Andhra Pradesh,Bapatla,Kuchinapudi APMC,Paddy(Common),B P T,Local,2400.0,2500.0,2450.0
2026-06-23,Andhra Pradesh,Bapatla,Kuchinapudi APMC,Paddy(Common),B P T,Local,2400.0,2500.0,2450.0
2026-06-25,Andhra Pradesh,Bapatla,Repalli APMC,Paddy(Common),B P T,Local,2389.0,2600.0,2500.0
2026-06-25,Andhra Pradesh,Bapatla,Kuchinapudi APMC,Paddy(Common),B P T,Local,2400.0,2500.0,2450.0
2026-06-27,Andhra Pradesh,Bapatla,Bapatla APMC,Paddy(Common),B P T,Local,2400.0,2500.0,2450.0
2026-06-28,Andhra Pradesh,NTR,Nandigama APMC,Paddy(Common),B P T,Grade Range-1,1860.0,1860.0,1860.0
2026-06-30,Andhra Pradesh,Bapatla,Repalli APMC,Paddy(Common),B P T,Local,2400.0,2600.0,2500.0
2026-06-30,Andhra Pradesh,NTR,Nandigama APMC,Paddy(Common),B P T,Grade Range-1,1910.0,1910.0,1910.0
2026-06-29,Andhra Pradesh,Bapatla,Bapatla APMC,Paddy(Common),B P T,Local,2400.0,2500.0,2450.0
2026-06-30,Andhra Pradesh,Bapatla,Bapatla APMC,Paddy(Common),B P T,Local,2400.0,2500.0,2450.0
2026-06-30,Andhra Pradesh,Bapatla,Kuchinapudi APMC,Paddy(Common),B P T,Local,2400.0,2500.0,2450.0
2026-06-06,Andhra Pradesh,Krishna,Penamaluru (HQ-Kankipadu) APMC,Paddy(Common),MTU-1001,Local,2369.0,2369.0,2369.0
2026-06-14,Andhra Pradesh,Krishna,Penamaluru (HQ-Kankipadu) APMC,Paddy(Common),MTU-1001,Local,2369.0,2369.0,2369.0
2026-06-22,Andhra Pradesh,Krishna,Penamaluru (HQ-Kankipadu) APMC,Paddy(Common),MTU-1001,Local,2369.0,2369.0,2369.0
2026-06-10,Andhra Pradesh,Dr.B.R.A.Konaseema,Ramachandrapuram APMC,Paddy(Common),Paddy,FAQ,2369.0,2388.0,2369.0
2026-06-16,Andhra Pradesh,Dr.B.R.A.Konaseema,Ramachandrapuram APMC,Paddy(Common),Paddy,FAQ,2369.0,2385.0,2369.0
2026-06-19,Andhra Pradesh,Dr.B.R.A.Konaseema,Ramachandrapuram APMC,Paddy(Common),Paddy,FAQ,2369.0,2383.0,2369.0
2026-06-22,Andhra Pradesh,Dr.B.R.A.Konaseema,Ramachandrapuram APMC,Paddy(Common),Paddy,FAQ,2369.0,2392.0,2369.0
2026-06-25,Andhra Pradesh,Dr.B.R.A.Konaseema,Ramachandrapuram APMC,Paddy(Common),Paddy,FAQ,2369.0,2383.0,2369.0
2026-06-18,Andhra Pradesh,Eluru,Polavaram APMC,Paddy(Common),1001,Local,2390.0,2390.0,2390.0
2026-06-18,Andhra Pradesh,NTR,Mylavaram APMC,Paddy(Common),1001,FAQ,2369.0,2369.0,2369.0
2026-06-25,Andhra Pradesh,Dr.B.R.A.Konaseema,Amalapuram APMC,Paddy(Common),1001,Local,2369.0,2400.0,2369.0
2026-06-22,Andhra Pradesh,Eluru,Polavaram APMC,Paddy(Common),1001,Local,2390.0,2390.0,2390.0
2026-06-11,Andhra Pradesh,Dr.B.R.A.Konaseema,Mummidivaram APMC,Paddy(Common),1121,FAQ,2369.0,2468.0,2369.0
2026-06-14,Andhra Pradesh,Dr.B.R.A.Konaseema,Mummidivaram APMC,Paddy(Common),1121,FAQ,2369.0,2468.0,2369.0
2026-06-17,Andhra Pradesh,Dr.B.R.A.Konaseema,Mummidivaram APMC,Paddy(Common),1121,FAQ,2369.0,2468.0,2369.0
2026-06-20,Andhra Pradesh,Dr.B.R.A.Konaseema,Mummidivaram APMC,Paddy(Common),1121,FAQ,2369.0,2468.0,2369.0
2026-06-27,Andhra Pradesh,Dr.B.R.A.Konaseema,Mummidivaram APMC,Paddy(Common),1121,FAQ,2369.0,2468.0,2369.0
2026-06-01,Andhra Pradesh,Bapatla,Kuchinapudi APMC,Paddy(Common),B P T,Local,2400.0,2500.0,2450.0
2026-06-05,Andhra Pradesh,NTR,Mylavaram APMC,Paddy(Common),1001,FAQ,2369.0,2369.0,2369.0
2026-06-01,Andhra Pradesh,Eluru,Polavaram APMC,Paddy(Common),1001,Local,2369.0,2369.0,2369.0
2026-06-01,Andhra Pradesh,NTR,Mylavaram APMC,Paddy(Common),1001,FAQ,2369.0,2369.0,2369.0
2026-06-02,Andhra Pradesh,NTR,Mylavaram APMC,Paddy(Common),1001,FAQ,2369.0,2369.0,2369.0
2026-06-03,Andhra Pradesh,NTR,Mylavaram APMC,Paddy(Common),1001,FAQ,2369.0,2369.0,2369.0
2026-06-05,Andhra Pradesh,Dr.B.R.A.Konaseema,Amalapuram APMC,Paddy(Common),1001,FAQ,2369.0,2490.0,2369.0
2026-06-06,Andhra Pradesh,Dr.B.R.A.Konaseema,Amalapuram APMC,Paddy(Common),1001,Local,2369.0,2468.0,2369.0
2026-06-09,Andhra Pradesh,Eluru,Polavaram APMC,Paddy(Common),1001,Local,2389.0,2389.0,2389.0
2026-06-10,Andhra Pradesh,Eluru,Polavaram APMC,Paddy(Common),1001,Local,2389.0,2389.0,2389.0
2026-06-04,Andhra Pradesh,NTR,Tiruvuru APMC,Paddy(Common),Sona,Local,2400.0,2400.0,2400.0
2026-06-08,Andhra Pradesh,NTR,Tiruvuru APMC,Paddy(Common),Sona,Local,2450.0,2450.0,2450.0
2026-06-15,Andhra Pradesh,NTR,Tiruvuru APMC,Paddy(Common),Sona,Local,2450.0,2450.0,2450.0
2026-06-23,Andhra Pradesh,NTR,Tiruvuru APMC,Paddy(Common),Sona,Local,2450.0,2450.0,2450.0
2026-06-22,Andhra Pradesh,NTR,Tiruvuru APMC,Paddy(Common),Sona,Local,2450.0,2450.0,2450.0
2026-06-29,Andhra Pradesh,Eluru,Nuzvid APMC,Paddy(Common),Sona,FAQ,2400.0,2400.0,2400.0
2026-07-25,Andhra Pradesh,SPSR Nellore,Kavali APMC,Paddy(Common),Other,Local,2370.0,2470.0,2420.0
2026-07-23,Andhra Pradesh,Bapatla,Parchur APMC,Paddy(Common),Other,Local,2300.0,2500.0,2400.0
2026-07-26,Andhra Pradesh,Prakasam,Kandukur APMC,Paddy(Common),Other,Local,2380.0,2450.0,2400.0
2026-07-28,Andhra Pradesh,Prakasam,Kandukur APMC,Paddy(Common),Other,Local,2380.0,2450.0,2410.0
2026-07-29,Andhra Pradesh,Prakasam,Kandukur APMC,Paddy(Common),Other,Local,2380.0,2450.0,2400.0
2026-07-30,Andhra Pradesh,SPSR Nellore,Kavali APMC,Paddy(Common),Other,Local,2380.0,2450.0,2410.0
2026-08-01,Andhra Pradesh,SPSR Nellore,Kavali APMC,Paddy(Common),Other,Local,2380.0,2450.0,2410.0
2026-08-03,Andhra Pradesh,Prakasam,Kandukur APMC,Paddy(Common),Other,Local,2380.0,2450.0,2400.0
2026-08-02,Andhra Pradesh,Prakasam,Kandukur APMC,Paddy(Common),Other,Local,2380.0,2450.0,2400.0
2026-07-31,Andhra Pradesh,YSR Kadapa,Mydukur APMC,Paddy(Common),Paddy,Local,2300.0,2500.0,2400.0
2026-07-13,Andhra Pradesh,Dr.B.R.A.Konaseema,Ramachandrapuram APMC,Paddy(Common),Paddy,FAQ,2369.0,2381.0,2369.0
2026-07-16,Andhra Pradesh,Dr.B.R.A.Konaseema,Ramachandrapuram APMC,Paddy(Common),Paddy,FAQ,2369.0,2418.0,2369.0
2026-07-30,Andhra Pradesh,West Godavari,Attili APMC,Paddy(Common),Paddy,Local,2369.0,2389.0,2369.0
2026-07-25,Andhra Pradesh,Dr.B.R.A.Konaseema,Alamuru APMC,Paddy(Common),Paddy,FAQ,2369.0,2389.0,2369.0
2026-07-24,Andhra Pradesh,Srikakulam,Kothabommali APMC,Paddy(Common),Paddy,Local,2500.0,2500.0,2500.0
2026-07-24,Andhra Pradesh,Srikakulam,Pathapatnam APMC,Paddy(Common),Paddy,FAQ,2369.0,2400.0,2369.0
2026-07-24,Andhra Pradesh,Palnadu,Rompicherla APMC,Paddy(Common),Paddy,FAQ,2300.0,2480.0,2350.0
2026-07-24,Andhra Pradesh,Kakinada,Samalkot APMC,Paddy(Common),Paddy,FAQ,2369.0,2389.0,2379.0
2026-07-23,Andhra Pradesh,NTR,Jaggayyapeta APMC,Paddy(Common),Paddy,Grade Range-1,2369.0,2369.0,2369.0
2026-07-23,Andhra Pradesh,Palnadu,Rompicherla APMC,Paddy(Common),Paddy,FAQ,2300.0,2480.0,2400.0
2026-07-23,Andhra Pradesh,West Godavari,Palakole APMC,Paddy(Common),Paddy,Local,2369.0,2369.0,2369.0
2026-07-23,Andhra Pradesh,Tirupathi,B.N.Kandriga APMC,Paddy(Common),Paddy,Local,2400.0,2400.0,2400.0
2026-07-23,Andhra Pradesh,East Godavari,Anaparthy APMC,Paddy(Common),Paddy,FAQ,2369.0,2400.0,2369.0
2026-07-24,Andhra Pradesh,Visakhapatnam,Pendurthi APMC,Paddy(Common),Paddy,Local,2369.0,2369.0,2369.0
2026-07-24,Andhra Pradesh,Palnadu,Durgi APMC,Paddy(Common),Paddy,FAQ,1900.0,2400.0,2200.0
2026-07-25,Andhra Pradesh,Palnadu,Durgi APMC,Paddy(Common),Paddy,FAQ,2100.0,2500.0,2300.0
2026-07-26,Andhra Pradesh,Srikakulam,Pathapatnam APMC,Paddy(Common),Paddy,FAQ,2369.0,2500.0,2369.0
2026-07-24,Andhra Pradesh,Palnadu,Ipur APMC,Paddy(Common),Paddy,FAQ,2300.0,2400.0,2350.0
2026-07-24,Andhra Pradesh,Anakapally,Chodavaram APMC,Paddy(Common),Paddy,Local,2200.0,2400.0,2300.0
2026-07-24,Andhra Pradesh,Srikakulam,Amadalavalasa APMC,Paddy(Common),Paddy,FAQ,2369.0,2369.0,2369.0
2026-07-24,Andhra Pradesh,Anakapally,Madugula APMC,Paddy(Common),Paddy,Local,2200.0,2400.0,2300.0
2026-07-24,Andhra Pradesh,East Godavari,Anaparthy APMC,Paddy(Common),Paddy,FAQ,2369.0,2410.0,2369.0
2026-07-24,Andhra Pradesh,Prakasam,Maddipadu APMC,Paddy(Common),Paddy,FAQ,2550.0,2550.0,2550.0
2026-07-24,Andhra Pradesh,West Godavari,Akiveedu APMC,Paddy(Common),Paddy,Local,2300.0,2500.0,2369.0
2026-07-25,Andhra Pradesh,Prakasam,Addanki APMC,Paddy(Common),Paddy,Local,2390.0,2430.0,2410.0
2026-07-29,Andhra Pradesh,Srikakulam,Amadalavalasa APMC,Paddy(Common),Paddy,FAQ,2369.0,2369.0,2369.0
2026-07-25,Andhra Pradesh,Tirupathi,Nagalapuram APMC,Paddy(Common),Paddy,Local,2125.0,2212.5,2187.5
2026-07-29,Andhra Pradesh,Palnadu,Pidugurala APMC,Paddy(Common),Paddy,FAQ,2350.0,2450.0,2400.0
2026-07-25,Andhra Pradesh,Srikakulam,Amadalavalasa APMC,Paddy(Common),Paddy,FAQ,2369.0,2369.0,2369.0
2026-07-27,Andhra Pradesh,Anakapally,Chodavaram APMC,Paddy(Common),Paddy,Local,2200.0,2400.0,2300.0
2026-07-26,Andhra Pradesh,Anakapally,Madugula APMC,Paddy(Common),Paddy,Local,2200.0,2400.0,2300.0
2026-07-26,Andhra Pradesh,Anakapally,Chodavaram APMC,Paddy(Common),Paddy,Local,2200.0,2400.0,2300.0
2026-07-27,Andhra Pradesh,Visakhapatnam,Pendurthi APMC,Paddy(Common),Paddy,Local,2300.0,2300.0,2300.0
2026-07-24,Andhra Pradesh,YSR Kadapa,Proddatur APMC,Paddy(Common),Paddy,Local,2400.0,2400.0,2400.0
2026-07-27,Andhra Pradesh,Palnadu,Durgi APMC,Paddy(Common),Paddy,FAQ,2200.0,2600.0,2400.0
2026-07-27,Andhra Pradesh,Srikakulam,Amadalavalasa APMC,Paddy(Common),Paddy,FAQ,2369.0,2369.0,2369.0
2026-07-29,Andhra Pradesh,YSR Kadapa,Proddatur APMC,Paddy(Common),Paddy,Local,2450.0,2450.0,2450.0
2026-07-27,Andhra Pradesh,Nandyal,Nandyal APMC,Paddy(Common),Paddy,Local,2200.0,2400.0,2200.0
2026-07-28,Andhra Pradesh,Srikakulam,Pathapatnam APMC,Paddy(Common),Paddy,FAQ,2369.0,2500.0,2369.0
2026-07-27,Andhra Pradesh,Tirupathi,Nagalapuram APMC,Paddy(Common),Paddy,Local,2125.0,2212.5,2200.0
2026-07-28,Andhra Pradesh,Tirupathi,B.N.Kandriga APMC,Paddy(Common),Paddy,Local,2400.0,2400.0,2400.0
2026-07-28,Andhra Pradesh,East Godavari,Anaparthy APMC,Paddy(Common),Paddy,FAQ,2369.0,2450.0,2369.0
2026-07-26,Andhra Pradesh,SPSR Nellore,Kovur APMC,Paddy(Common),Paddy,Local,2183.0,2369.0,2320.0
2026-07-28,Andhra Pradesh,Anakapally,Chodavaram APMC,Paddy(Common),Paddy,Local,2200.0,2400.0,2300.0
2026-07-27,Andhra Pradesh,Dr.B.R.A.Konaseema,Alamuru APMC,Paddy(Common),Paddy,FAQ,2369.0,2389.0,2369.0
2026-07-27,Andhra Pradesh,Palnadu,Pidugurala APMC,Paddy(Common),Paddy,FAQ,2350.0,2500.0,2400.0
2026-07-28,Andhra Pradesh,West Godavari,Palakole APMC,Paddy(Common),Paddy,Local,2375.0,2375.0,2375.0
2026-07-29,Andhra Pradesh,Anakapally,Madugula APMC,Paddy(Common),Paddy,Local,2200.0,2400.0,2300.0
2026-07-29,Andhra Pradesh,West Godavari,Palakole APMC,Paddy(Common),Paddy,Local,2375.0,2375.0,2375.0
2026-07-28,Andhra Pradesh,East Godavari,Rajahmundry APMC,Paddy(Common),Paddy,Local,2369.0,2369.0,2369.0
2026-07-31,Andhra Pradesh,Palnadu,Vinukonda APMC,Paddy(Common),Paddy,FAQ,2300.0,2500.0,2400.0
2026-07-30,Andhra Pradesh,Dr.B.R.A.Konaseema,Alamuru APMC,Paddy(Common),Paddy,FAQ,2369.0,2389.0,2369.0
2026-07-30,Andhra Pradesh,Tirupathi,Nagalapuram APMC,Paddy(Common),Paddy,Local,2187.5,2212.5,2200.0
2026-07-30,Andhra Pradesh,Bapatla,Parchur APMC,Paddy(Common),Paddy,Local,2300.0,2400.0,2300.0
2026-07-31,Andhra Pradesh,Palnadu,Pidugurala APMC,Paddy(Common),Paddy,FAQ,2350.0,2450.0,2400.0
2026-07-31,Andhra Pradesh,Palnadu,Narasaraopet APMC,Paddy(Common),Paddy,FAQ,3000.0,3000.0,3000.0
2026-07-31,Andhra Pradesh,Dr.B.R.A.Konaseema,Ramachandrapuram APMC,Paddy(Common),Paddy,FAQ,2369.0,2375.0,2369.0
2026-08-01,Andhra Pradesh,Anakapally,Madugula APMC,Paddy(Common),Paddy,Local,2200.0,2400.0,2300.0
2026-08-01,Andhra Pradesh,Palnadu,Vinukonda APMC,Paddy(Common),Paddy,FAQ,2200.0,2400.0,2300.0
2026-08-02,Andhra Pradesh,SPSR Nellore,Udayagiri APMC,Paddy(Common),Paddy,Local,2444.0,2464.0,2454.0
2026-08-02,Andhra Pradesh,Kakinada,Samalkot APMC,Paddy(Common),Paddy,FAQ,2369.0,2370.0,2369.0
2026-08-01,Andhra Pradesh,Krishna,Penamaluru (HQ-Kankipadu) APMC,Paddy(Common),Paddy,Local,2369.0,2369.0,2369.0
2026-08-02,Andhra Pradesh,West Godavari,Attili APMC,Paddy(Common),Paddy,Local,2369.0,2389.0,2369.0
2026-08-01,Andhra Pradesh,West Godavari,Palakole APMC,Paddy(Common),Paddy,Local,2370.0,2370.0,2370.0
2026-08-03,Andhra Pradesh,Palnadu,Rompicherla APMC,Paddy(Common),Paddy,FAQ,2300.0,2480.0,2400.0
2026-08-02,Andhra Pradesh,Srikakulam,Amadalavalasa APMC,Paddy(Common),Paddy,FAQ,2369.0,2369.0,2369.0
2026-08-03,Andhra Pradesh,Palnadu,Narasaraopet APMC,Paddy(Common),Paddy,FAQ,3000.0,3000.0,3000.0
2026-08-02,Andhra Pradesh,Prakasam,Addanki APMC,Paddy(Common),Paddy,FAQ,2370.0,2400.0,2390.0
2026-08-04,Andhra Pradesh,West Godavari,Attili APMC,Paddy(Common),Paddy,Local,2370.0,2390.0,2370.0
2026-08-04,Andhra Pradesh,Dr.B.R.A.Konaseema,Ramachandrapuram APMC,Paddy(Common),Paddy,FAQ,2369.0,2378.0,2369.0
2026-08-04,Andhra Pradesh,SPSR Nellore,Kovur APMC,Paddy(Common),Paddy,Local,2183.0,2369.0,2320.0
2026-08-03,Andhra Pradesh,SPSR Nellore,Kovur APMC,Paddy(Common),Paddy,Local,2320.0,2500.0,2369.0
2026-08-03,Andhra Pradesh,Palnadu,Sattenapalli APMC,Paddy(Common),Paddy,FAQ,3000.0,3500.0,3100.0
2026-08-05,Andhra Pradesh,Visakhapatnam,Pendurthi APMC,Paddy(Common),Paddy,Local,2300.0,2300.0,2300.0
2026-08-04,Andhra Pradesh,Visakhapatnam,Pendurthi APMC,Paddy(Common),Paddy,Local,2300.0,2300.0,2300.0
2026-08-04,Andhra Pradesh,Krishna,Penamaluru (HQ-Kankipadu) APMC,Paddy(Common),Paddy,Local,2369.0,2369.0,2369.0
2026-08-05,Andhra Pradesh,Palnadu,Pidugurala APMC,Paddy(Common),Paddy,FAQ,2550.0,2550.0,2550.0
2026-08-04,Andhra Pradesh,Bapatla,Parchur APMC,Paddy(Common),Paddy,FAQ,2300.0,2500.0,2400.0
2026-08-05,Andhra Pradesh,Anakapally,Chodavaram APMC,Paddy(Common),Paddy,Local,2200.0,2400.0,2300.0
2026-08-05,Andhra Pradesh,Anakapally,Madugula APMC,Paddy(Common),Paddy,Local,2200.0,2400.0,2300.0
2026-08-05,Andhra Pradesh,Srikakulam,Kothabommali APMC,Paddy(Common),Paddy,Local,2500.0,2500.0,2500.0
2026-08-05,Andhra Pradesh,Palnadu,Vinukonda APMC,Paddy(Common),Paddy,FAQ,2200.0,2400.0,2300.0
2026-08-05,Andhra Pradesh,Tirupathi,Nagalapuram APMC,Paddy(Common),Paddy Coarse,Local,2312.5,2337.5,2325.0
2026-07-31,Andhra Pradesh,Tirupathi,Srikalahasti APMC,Paddy(Common),Paddy Medium,Local,2300.0,2600.0,2450.0
2026-07-24,Andhra Pradesh,Tirupathi,Srikalahasti APMC,Paddy(Common),Paddy Medium,Local,2500.0,2500.0,2500.0
2026-07-22,Andhra Pradesh,Tirupathi,Srikalahasti APMC,Paddy(Common),Paddy Medium,Local,2500.0,2500.0,2500.0
2026-07-23,Andhra Pradesh,Kakinada,Sampara (Kakinada Rural) APMC,Paddy(Common),Paddy Medium,Local,2369.0,2389.0,2379.0
2026-07-24,Andhra Pradesh,Kakinada,Sampara (Kakinada Rural) APMC,Paddy(Common),Paddy Medium,Local,2369.0,2389.0,2379.0
2026-07-28,Andhra Pradesh,Tirupathi,Srikalahasti APMC,Paddy(Common),Paddy Medium,Local,2200.0,2500.0,2350.0
2026-08-03,Andhra Pradesh,Kakinada,Sampara (Kakinada Rural) APMC,Paddy(Common),Paddy Medium,FAQ,2369.0,2389.0,2379.0
2026-07-25,Andhra Pradesh,Visakhapatnam,Bhimunipatnam APMC,Paddy(Common),Samba Masuri,Local,2369.0,2369.0,2369.0
2026-07-28,Andhra Pradesh,Visakhapatnam,Bhimunipatnam APMC,Paddy(Common),Samba Masuri,Local,2369.0,2369.0,2369.0
2026-08-02,Andhra Pradesh,Visakhapatnam,Bhimunipatnam APMC,Paddy(Common),Samba Masuri,Local,2369.0,2369.0,2369.0
2026-08-05,Andhra Pradesh,Visakhapatnam,Bhimunipatnam APMC,Paddy(Common),Samba Masuri,Local,2369.0,2369.0,2369.0
2026-07-26,Andhra Pradesh,Srikakulam,Ichapuram APMC,Paddy(Common),Sannalu,Local,2369.0,2369.0,2369.0
2026-08-02,Andhra Pradesh,Srikakulam,Ichapuram APMC,Paddy(Common),Sannalu,Local,2369.0,2369.0,2369.0
2026-07-01,Andhra Pradesh,NTR,Tiruvuru APMC,Paddy(Common),Sona,Local,2400.0,2400.0,2400.0
2026-07-02,Andhra Pradesh,NTR,Tiruvuru APMC,Paddy(Common),Sona,Local,2100.0,2100.0,2100.0
2026-07-06,Andhra Pradesh,NTR,Tiruvuru APMC,Paddy(Common),Sona,Local,2450.0,2450.0,2450.0
2026-07-09,Andhra Pradesh,NTR,Tiruvuru APMC,Paddy(Common),Sona,Local,2450.0,2450.0,2450.0
2026-07-10,Andhra Pradesh,NTR,Tiruvuru APMC,Paddy(Common),Sona,Local,2459.0,2459.0,2459.0
2026-07-23,Andhra Pradesh,Nandyal,Atmakur (Nandyal District) APMC,Paddy(Common),Sona,FAQ,2400.0,2400.0,2400.0
2026-07-15,Andhra Pradesh,NTR,Tiruvuru APMC,Paddy(Common),Sona,Local,2500.0,2500.0,2500.0
2026-07-18,Andhra Pradesh,NTR,Tiruvuru APMC,Paddy(Common),Sona,Local,2500.0,2500.0,2500.0
2026-07-21,Andhra Pradesh,NTR,Tiruvuru APMC,Paddy(Common),Sona,Local,2500.0,2500.0,2500.0
2026-07-29,Andhra Pradesh,Nandyal,Atmakur (Nandyal District) APMC,Paddy(Common),Sona,FAQ,2420.0,2420.0,2420.0
2026-08-01,Andhra Pradesh,Nandyal,Atmakur (Nandyal District) APMC,Paddy(Common),Sona,FAQ,2400.0,2400.0,2400.0
2026-08-03,Andhra Pradesh,NTR,Tiruvuru APMC,Paddy(Common),Sona,Local,2600.0,2600.0,2600.0
2026-08-04,Andhra Pradesh,Nandyal,Atmakur (Nandyal District) APMC,Paddy(Common),Sona,FAQ,2500.0,2500.0,2500.0
2026-07-24,Andhra Pradesh,Nandyal,Banaganapalli APMC,Paddy(Common),Sona Mahsuri,FAQ,2000.0,2400.0,2200.0
2026-07-29,Andhra Pradesh,Nandyal,Banaganapalli APMC,Paddy(Common),Sona Mahsuri,FAQ,2000.0,2400.0,2200.0
2026-07-31,Andhra Pradesh,Nandyal,Banaganapalli APMC,Paddy(Common),Sona Mahsuri,FAQ,2000.0,2400.0,2200.0
2026-08-02,Andhra Pradesh,Nandyal,Banaganapalli APMC,Paddy(Common),Sona Mahsuri,FAQ,2100.0,2300.0,2200.0
2026-08-05,Andhra Pradesh,Nandyal,Panyam APMC,Paddy(Common),Sona Mahsuri,FAQ,2300.0,2300.0,2300.0
2026-07-01,Andhra Pradesh,Vijayanagaram,Kothavalasa APMC,Paddy(Common),1001,Local,2369.0,2369.0,2369.0
2026-07-01,Andhra Pradesh,Dr.B.R.A.Konaseema,Amalapuram APMC,Paddy(Common),1001,Local,2369.0,2400.0,2369.0
2026-07-01,Andhra Pradesh,Eluru,Polavaram APMC,Paddy(Common),1001,Local,2390.0,2390.0,2390.0
2026-07-17,Andhra Pradesh,Eluru,Polavaram APMC,Paddy(Common),1001,Local,2445.0,2445.0,2445.0
2026-07-06,Andhra Pradesh,Dr.B.R.A.Konaseema,Amalapuram APMC,Paddy(Common),1001,Local,2369.0,2400.0,2369.0
2026-07-10,Andhra Pradesh,Dr.B.R.A.Konaseema,Amalapuram APMC,Paddy(Common),1001,Local,2369.0,2400.0,2369.0
2026-07-25,Andhra Pradesh,Srikakulam,Kanchili APMC,Paddy(Common),1001,FAQ,2400.0,2400.0,2400.0
2026-07-23,Andhra Pradesh,Eluru,Polavaram APMC,Paddy(Common),1001,Local,2445.0,2445.0,2445.0
2026-07-25,Andhra Pradesh,Anakapally,Payakaraopeta APMC,Paddy(Common),1001,Local,2349.0,2369.0,2359.0
2026-07-13,Andhra Pradesh,Dr.B.R.A.Konaseema,Amalapuram APMC,Paddy(Common),1001,Local,2369.0,2400.0,2369.0
2026-07-29,Andhra Pradesh,Srikakulam,Kanchili APMC,Paddy(Common),1001,FAQ,2400.0,2400.0,2400.0
2026-07-28,Andhra Pradesh,Srikakulam,Kanchili APMC,Paddy(Common),1001,FAQ,2400.0,2400.0,2400.0
2026-07-14,Andhra Pradesh,Dr.B.R.A.Konaseema,Amalapuram APMC,Paddy(Common),1001,Local,2369.0,2400.0,2369.0
2026-07-23,Andhra Pradesh,Dr.B.R.A.Konaseema,Amalapuram APMC,Paddy(Common),1001,FAQ,2369.0,2468.0,2369.0
2026-07-21,Andhra Pradesh,Vijayanagaram,Kothavalasa APMC,Paddy(Common),1001,Local,2369.0,2369.0,2369.0
2026-07-22,Andhra Pradesh,Eluru,Polavaram APMC,Paddy(Common),1001,Local,2445.0,2445.0,2445.0
2026-07-22,Andhra Pradesh,Vijayanagaram,Kothavalasa APMC,Paddy(Common),1001,Local,2369.0,2369.0,2369.0
2026-07-23,Andhra Pradesh,Kakinada,Peddapuram APMC,Paddy(Common),1001,FAQ,2369.0,2400.0,2380.0
2026-07-22,Andhra Pradesh,Prakasam,Santhamaguluru APMC,Paddy(Common),1001,Local,2400.0,2500.0,2450.0
2026-07-22,Andhra Pradesh,Kakinada,Peddapuram APMC,Paddy(Common),1001,Local,2390.0,2500.0,2450.0
2026-07-25,Andhra Pradesh,West Godavari,Tadepalligudem APMC,Paddy(Common),1001,Local,2445.0,2445.0,2445.0
2026-07-23,Andhra Pradesh,Anakapally,Yellamanchili APMC,Paddy(Common),1001,Local,2390.0,2450.0,2400.0
2026-07-23,Andhra Pradesh,West Godavari,Tadepalligudem APMC,Paddy(Common),1001,Local,2445.0,2445.0,2445.0
2026-07-28,Andhra Pradesh,Kakinada,Pithapuram APMC,Paddy(Common),1001,FAQ,2369.0,2389.0,2379.0
2026-07-23,Andhra Pradesh,Vijayanagaram,Kothavalasa APMC,Paddy(Common),1001,Local,2369.0,2369.0,2369.0
2026-07-23,Andhra Pradesh,Kakinada,Karapa APMC,Paddy(Common),1001,FAQ,2360.0,2369.0,2366.0
2026-07-27,Andhra Pradesh,Kakinada,Peddapuram APMC,Paddy(Common),1001,FAQ,2369.0,2390.0,2369.0
2026-07-24,Andhra Pradesh,Krishna,Gannavaram APMC,Paddy(Common),1001,Local,2369.0,2369.0,2369.0
2026-07-24,Andhra Pradesh,Srikakulam,Srikakulam APMC,Paddy(Common),1001,FAQ,2400.0,2400.0,2400.0
2026-07-26,Andhra Pradesh,Kakinada,Peddapuram APMC,Paddy(Common),1001,FAQ,2369.0,2400.0,2369.0
2026-07-28,Andhra Pradesh,Kakinada,Prattipadu APMC,Paddy(Common),1001,FAQ,2369.0,2380.0,2369.0
2026-07-27,Andhra Pradesh,Anakapally,Payakaraopeta APMC,Paddy(Common),1001,Local,2349.0,2369.0,2359.0
2026-07-26,Andhra Pradesh,Anakapally,Payakaraopeta APMC,Paddy(Common),1001,Local,2349.0,2369.0,2359.0
2026-07-25,Andhra Pradesh,Vijayanagaram,Kothavalasa APMC,Paddy(Common),1001,Local,2369.0,2369.0,2369.0
2026-07-25,Andhra Pradesh,Kakinada,Pithapuram APMC,Paddy(Common),1001,FAQ,2369.0,2389.0,2379.0
2026-07-30,Andhra Pradesh,NTR,Vijayawada APMC,Paddy(Common),1001,Local,2369.0,2369.0,2369.0
2026-07-27,Andhra Pradesh,Vijayanagaram,Kothavalasa APMC,Paddy(Common),1001,Local,2369.0,2369.0,2369.0
2026-07-27,Andhra Pradesh,Kakinada,Karapa APMC,Paddy(Common),1001,FAQ,2360.0,2369.0,2365.0
2026-07-26,Andhra Pradesh,Srikakulam,Srikakulam APMC,Paddy(Common),1001,FAQ,2400.0,2400.0,2400.0
2026-07-26,Andhra Pradesh,West Godavari,Penugonda APMC,Paddy(Common),1001,Local,2369.0,2380.0,2370.0
2026-07-28,Andhra Pradesh,Anakapally,Yellamanchili APMC,Paddy(Common),1001,Local,2390.0,2450.0,2400.0
2026-07-29,Andhra Pradesh,Anakapally,Yellamanchili APMC,Paddy(Common),1001,Local,2390.0,2450.0,2400.0
2026-07-29,Andhra Pradesh,Anakapally,Narsipatnam APMC,Paddy(Common),1001,Local,2390.0,2450.0,2400.0
2026-07-30,Andhra Pradesh,West Godavari,Bhimavaram APMC,Paddy(Common),1001,Grade Range-1,2360.0,2360.0,2360.0
2026-07-29,Andhra Pradesh,Srikakulam,Srikakulam APMC,Paddy(Common),1001,FAQ,2400.0,2400.0,2400.0
2026-07-27,Andhra Pradesh,Krishna,Gannavaram APMC,Paddy(Common),1001,Local,2369.0,2369.0,2369.0
2026-07-30,Andhra Pradesh,East Godavari,Mandapeta APMC,Paddy(Common),1001,FAQ,2369.0,2400.0,2389.0
2026-07-29,Andhra Pradesh,NTR,Mylavaram APMC,Paddy(Common),1001,FAQ,2369.0,2369.0,2369.0
2026-07-31,Andhra Pradesh,West Godavari,Tadepalligudem APMC,Paddy(Common),1001,FAQ,2445.0,2445.0,2445.0
2026-07-29,Andhra Pradesh,West Godavari,Tadepalligudem APMC,Paddy(Common),1001,Local,2445.0,2445.0,2445.0
2026-07-30,Andhra Pradesh,West Godavari,Penugonda APMC,Paddy(Common),1001,Local,2369.0,2380.0,2370.0
2026-07-31,Andhra Pradesh,Vijayanagaram,Kothavalasa APMC,Paddy(Common),1001,Local,2369.0,2369.0,2369.0
2026-07-31,Andhra Pradesh,West Godavari,Penugonda APMC,Paddy(Common),1001,Local,2369.0,2380.0,2370.0
2026-07-29,Andhra Pradesh,West Godavari,Tanuku APMC,Paddy(Common),1001,Local,2345.0,2440.0,2353.64
2026-07-31,Andhra Pradesh,Krishna,Ghantsala (HQ-Kodali) APMC,Paddy(Common),1001,Local,2200.0,2400.0,2300.0
2026-07-30,Andhra Pradesh,West Godavari,Tadepalligudem APMC,Paddy(Common),1001,FAQ,2445.0,2445.0,2445.0
2026-07-30,Andhra Pradesh,Anakapally,Narsipatnam APMC,Paddy(Common),1001,Local,2390.0,2450.0,2400.0
2026-08-01,Andhra Pradesh,Eluru,Polavaram APMC,Paddy(Common),1001,Local,2445.0,2445.0,2445.0
2026-08-01,Andhra Pradesh,Vijayanagaram,Kothavalasa APMC,Paddy(Common),1001,Local,2369.0,2369.0,2369.0
2026-08-01,Andhra Pradesh,West Godavari,Tanuku APMC,Paddy(Common),1001,Local,2445.0,2445.0,2445.0
2026-08-02,Andhra Pradesh,Kakinada,Peddapuram APMC,Paddy(Common),1001,FAQ,2369.0,2380.0,2369.0
2026-08-01,Andhra Pradesh,West Godavari,Penugonda APMC,Paddy(Common),1001,Local,2369.0,2380.0,2370.0
2026-08-03,Andhra Pradesh,West Godavari,Penugonda APMC,Paddy(Common),1001,Local,2369.0,2380.0,2370.0
2026-08-03,Andhra Pradesh,Polavaram,Rampachodvaram APMC,Paddy(Common),1001,Grade Range-2,2369.0,2389.0,2379.0
2026-08-02,Andhra Pradesh,Anakapally,Payakaraopeta APMC,Paddy(Common),1001,Local,2349.0,2369.0,2359.0
2026-08-03,Andhra Pradesh,Eluru,Bhimadole APMC,Paddy(Common),1001,FAQ,2370.0,2370.0,2370.0
2026-08-05,Andhra Pradesh,Anakapally,Yellamanchili APMC,Paddy(Common),1001,Local,2390.0,4500.0,4000.0
2026-08-05,Andhra Pradesh,NTR,Mylavaram APMC,Paddy(Common),1001,FAQ,2369.0,2369.0,2369.0
2026-08-04,Andhra Pradesh,West Godavari,Penugonda APMC,Paddy(Common),1001,Local,2369.0,2380.0,2370.0
2026-08-05,Andhra Pradesh,Guntur,Prathipadu APMC,Paddy(Common),1001,Grade Range-1,2200.0,2425.0,2300.0
2026-08-04,Andhra Pradesh,NTR,Vijayawada APMC,Paddy(Common),1001,Local,2369.0,2369.0,2369.0
2026-08-04,Andhra Pradesh,East Godavari,Mandapeta APMC,Paddy(Common),1001,FAQ,2369.0,2400.0,2389.0
2026-07-03,Andhra Pradesh,Dr.B.R.A.Konaseema,Mummidivaram APMC,Paddy(Common),1121,FAQ,2369.0,2468.0,2369.0
2026-07-05,Andhra Pradesh,Dr.B.R.A.Konaseema,Mummidivaram APMC,Paddy(Common),1121,FAQ,2369.0,2468.0,2369.0
2026-07-17,Andhra Pradesh,Dr.B.R.A.Konaseema,Mummidivaram APMC,Paddy(Common),1121,FAQ,2369.0,2468.0,2369.0
2026-07-20,Andhra Pradesh,Dr.B.R.A.Konaseema,Mummidivaram APMC,Paddy(Common),1121,FAQ,2369.0,2468.0,2369.0
2026-07-22,Andhra Pradesh,Dr.B.R.A.Konaseema,Mummidivaram APMC,Paddy(Common),1121,FAQ,2369.0,2468.0,2369.0
2026-07-27,Andhra Pradesh,Srikakulam,Etcherla APMC,Paddy(Common),1121,FAQ,2369.0,2369.0,2369.0
2026-07-29,Andhra Pradesh,Srikakulam,Etcherla APMC,Paddy(Common),1121,FAQ,2369.0,2369.0,2369.0
2026-07-25,Andhra Pradesh,Srikakulam,Etcherla APMC,Paddy(Common),1121,FAQ,2369.0,2369.0,2369.0
2026-07-28,Andhra Pradesh,Dr.B.R.A.Konaseema,Mummidivaram APMC,Paddy(Common),1121,FAQ,2369.0,2468.0,2369.0
2026-07-29,Andhra Pradesh,Srikakulam,Jalumuru APMC,Paddy(Common),1121,FAQ,2369.0,2369.0,2369.0
2026-07-30,Andhra Pradesh,West Godavari,Achanta APMC,Paddy(Common),1121,Local,2359.0,2375.0,2369.0
2026-07-30,Andhra Pradesh,Srikakulam,Jalumuru APMC,Paddy(Common),1121,FAQ,2369.0,2369.0,2369.0
2026-08-01,Andhra Pradesh,West Godavari,Achanta APMC,Paddy(Common),1121,Local,2359.0,2375.0,2369.0
2026-08-02,Andhra Pradesh,Srikakulam,Jalumuru APMC,Paddy(Common),1121,FAQ,2369.0,2369.0,2369.0
2026-08-01,Andhra Pradesh,Srikakulam,Jalumuru APMC,Paddy(Common),1121,FAQ,2369.0,2369.0,2369.0
2026-08-04,Andhra Pradesh,Srikakulam,Etcherla APMC,Paddy(Common),1121,FAQ,2369.0,2369.0,2369.0
2026-08-05,Andhra Pradesh,Srikakulam,Etcherla APMC,Paddy(Common),1121,FAQ,2369.0,2369.0,2369.0
2026-08-04,Andhra Pradesh,West Godavari,Achanta APMC,Paddy(Common),1121,Local,2359.0,2375.0,2369.0
2026-08-05,Andhra Pradesh,Srikakulam,Jalumuru APMC,Paddy(Common),1121,FAQ,2369.0,2369.0,2369.0
2026-07-25,Andhra Pradesh,Kakinada,Jaggampet APMC,Paddy(Common),Common,FAQ,2369.0,2380.0,2369.0
2026-07-24,Andhra Pradesh,East Godavari,Nidadavolu APMC,Paddy(Common),Common,Local,2445.0,2445.0,2445.0
2026-07-01,Andhra Pradesh,Bapatla,Repalli APMC,Paddy(Common),B P T,Local,2400.0,2600.0,2500.0
2026-07-03,Andhra Pradesh,Bapatla,Repalli APMC,Paddy(Common),B P T,Local,2400.0,2600.0,2500.0
2026-07-02,Andhra Pradesh,Bapatla,Kuchinapudi APMC,Paddy(Common),B P T,Local,2400.0,2500.0,2450.0
2026-07-03,Andhra Pradesh,Krishna,Divi (HQ-Avanigadda) APMC,Paddy(Common),B P T,FAQ,2350.0,2500.0,2400.0
2026-07-06,Andhra Pradesh,Bapatla,Bapatla APMC,Paddy(Common),B P T,Local,2400.0,2500.0,2450.0
2026-07-04,Andhra Pradesh,NTR,Nandigama APMC,Paddy(Common),B P T,Grade Range-1,1890.0,1890.0,1890.0
2026-07-06,Andhra Pradesh,SPSR Nellore,Nellore APMC,Paddy(Common),B P T,FAQ,2300.0,2400.0,2369.0
2026-07-07,Andhra Pradesh,Bapatla,Kuchinapudi APMC,Paddy(Common),B P T,Local,2400.0,2500.0,2450.0
2026-07-08,Andhra Pradesh,Sri Sathya Sai,Dharmavaram APMC,Paddy(Common),B P T,FAQ,2000.0,2200.0,2100.0
2026-07-09,Andhra Pradesh,Sri Sathya Sai,Dharmavaram APMC,Paddy(Common),B P T,FAQ,2000.0,2200.0,2100.0
2026-07-09,Andhra Pradesh,Bapatla,Repalli APMC,Paddy(Common),B P T,Local,2600.0,2900.0,2700.0
2026-07-11,Andhra Pradesh,NTR,Nandigama APMC,Paddy(Common),B P T,Grade Range-1,1970.0,1970.0,1970.0
2026-07-14,Andhra Pradesh,Sri Sathya Sai,Dharmavaram APMC,Paddy(Common),B P T,FAQ,200.0,2200.0,2100.0
2026-07-14,Andhra Pradesh,Bapatla,Kuchinapudi APMC,Paddy(Common),B P T,Local,2400.0,2500.0,2450.0
2026-07-16,Andhra Pradesh,NTR,Nandigama APMC,Paddy(Common),B P T,Grade Range-1,1970.0,1970.0,1970.0
2026-07-17,Andhra Pradesh,Sri Sathya Sai,Dharmavaram APMC,Paddy(Common),B P T,FAQ,2000.0,2200.0,2100.0
2026-07-16,Andhra Pradesh,Bapatla,Repalli APMC,Paddy(Common),B P T,Local,2500.0,3300.0,2900.0
2026-07-19,Andhra Pradesh,NTR,Nandigama APMC,Paddy(Common),B P T,Grade Range-1,1970.0,1970.0,1970.0
2026-07-21,Andhra Pradesh,Bapatla,Repalli APMC,Paddy(Common),B P T,Local,2900.0,3300.0,3000.0
2026-07-22,Andhra Pradesh,Palnadu,Macharla APMC,Paddy(Common),B P T,Grade Range-2,2400.0,2400.0,2400.0
2026-07-21,Andhra Pradesh,Sri Sathya Sai,Dharmavaram APMC,Paddy(Common),B P T,Local,2000.0,2200.0,2100.0
2026-07-22,Andhra Pradesh,Krishna,Machilipatnam APMC,Paddy(Common),B P T,Local,2799.9993,2933.3326,2933.3326
2026-07-22,Andhra Pradesh,NTR,Nandigama APMC,Paddy(Common),B P T,Grade Range-1,1960.0,1960.0,1960.0
2026-07-25,Andhra Pradesh,Palnadu,Macharla APMC,Paddy(Common),B P T,Grade Range-2,2300.0,2300.0,2300.0
2026-07-25,Andhra Pradesh,Palnadu,Krosuru APMC,Paddy(Common),B P T,FAQ,2500.0,3500.0,3000.0
2026-07-23,Andhra Pradesh,Bapatla,Repalli APMC,Paddy(Common),B P T,Local,2900.0,3300.0,3000.0
2026-07-27,Andhra Pradesh,Palnadu,Sattenapalli APMC,Paddy(Common),B P T,FAQ,2350.0,2500.0,2400.0
2026-07-28,Andhra Pradesh,Krishna,Divi (HQ-Avanigadda) APMC,Paddy(Common),B P T,FAQ,2450.0,2600.0,2525.0
2026-07-25,Andhra Pradesh,Bapatla,Kuchinapudi APMC,Paddy(Common),B P T,Local,3000.0,3200.0,3100.0
2026-07-29,Andhra Pradesh,Krishna,Divi (HQ-Avanigadda) APMC,Paddy(Common),B P T,FAQ,2450.0,2600.0,2500.0
2026-07-30,Andhra Pradesh,Bapatla,Chirala APMC,Paddy(Common),B P T,Local,2400.0,2500.0,2450.0
2026-07-30,Andhra Pradesh,Prakasam,Santhamaguluru APMC,Paddy(Common),B P T,FAQ,2500.0,2500.0,2500.0
2026-07-26,Andhra Pradesh,Palnadu,Krosuru APMC,Paddy(Common),B P T,FAQ,2200.0,2600.0,2400.0
2026-07-31,Andhra Pradesh,Tirupathi,Vakadu APMC,Paddy(Common),B P T,Local,2389.0,2410.0,2400.0
2026-07-28,Andhra Pradesh,Bapatla,Repalli APMC,Paddy(Common),B P T,Local,3200.0,3500.0,3400.0
2026-07-29,Andhra Pradesh,Prakasam,Ongole APMC,Paddy(Common),B P T,Local,2500.0,2500.0,2500.0
2026-07-30,Andhra Pradesh,Sri Sathya Sai,Dharmavaram APMC,Paddy(Common),B P T,FAQ,2000.0,2200.0,2100.0
2026-07-29,Andhra Pradesh,Sri Sathya Sai,Dharmavaram APMC,Paddy(Common),B P T,FAQ,2100.0,2300.0,2200.0
2026-07-31,Andhra Pradesh,Krishna,Machilipatnam APMC,Paddy(Common),B P T,Local,2933.3326,3133.33255,3066.6659
2026-08-01,Andhra Pradesh,Prakasam,Ongole APMC,Paddy(Common),B P T,Local,2500.0,2500.0,2500.0
2026-08-01,Andhra Pradesh,Bapatla,Repalli APMC,Paddy(Common),B P T,Local,3200.0,3500.0,3400.0
2026-08-03,Andhra Pradesh,Bapatla,Bapatla APMC,Paddy(Common),B P T,Local,2400.0,2500.0,2450.0
2026-08-04,Andhra Pradesh,Bapatla,Chirala APMC,Paddy(Common),B P T,Local,2400.0,2500.0,2450.0
2026-08-03,Andhra Pradesh,Tirupathi,Vakadu APMC,Paddy(Common),B P T,Local,2389.0,2410.0,2400.0
2026-08-02,Andhra Pradesh,NTR,Nandigama APMC,Paddy(Common),B P T,Grade Range-1,2340.0,2340.0,2340.0
2026-08-02,Andhra Pradesh,Prakasam,Maddipadu APMC,Paddy(Common),B P T,FAQ,2500.0,2500.0,2500.0
2026-08-05,Andhra Pradesh,Bapatla,Chirala APMC,Paddy(Common),B P T,Local,2400.0,2500.0,2450.0
2026-08-05,Andhra Pradesh,Palnadu,Sattenapalli APMC,Paddy(Common),B P T,FAQ,2350.0,2500.0,2400.0
2026-08-05,Andhra Pradesh,Prakasam,Santhamaguluru APMC,Paddy(Common),B P T,FAQ,2450.0,2480.0,2480.0
2026-08-05,Andhra Pradesh,Palnadu,Krosuru APMC,Paddy(Common),B P T,FAQ,2200.0,2600.0,2400.0
2026-08-05,Andhra Pradesh,Guntur,Mangalagiri APMC,Paddy(Common),B P T,FAQ,2500.0,2500.0,2500.0
2026-08-04,Andhra Pradesh,Prakasam,Ongole APMC,Paddy(Common),B P T,Local,2500.0,2500.0,2500.0
2026-08-04,Andhra Pradesh,Krishna,Pamarru APMC,Paddy(Common),B P T,Local,2441.0,2481.0,2471.0
2026-08-05,Andhra Pradesh,Sri Sathya Sai,Dharmavaram APMC,Paddy(Common),B P T,FAQ,2000.0,2200.0,2100.0
2026-08-05,Andhra Pradesh,Bapatla,Kuchinapudi APMC,Paddy(Common),B P T,Local,3000.0,3200.0,3100.0
2026-08-05,Andhra Pradesh,YSR Kadapa,Kamalapuram APMC,Paddy(Common),B P T,Local,2550.0,2550.0,2550.0
2026-08-05,Andhra Pradesh,Prakasam,Ongole APMC,Paddy(Common),B P T,Local,2500.0,2500.0,2500.0
2026-07-27,Andhra Pradesh,Bapatla,Chirala APMC,Paddy(Common),B. T.,Local,2400.0,2500.0,2450.0
2026-07-29,Andhra Pradesh,Srikakulam,Palasa APMC,Paddy(Common),Common,FAQ,2389.0,2389.0,2389.0
2026-07-31,Andhra Pradesh,Kakinada,Jaggampet APMC,Paddy(Common),Common,FAQ,2369.0,2380.0,2369.0
2026-07-25,Andhra Pradesh,Srikakulam,Palasa APMC,Paddy(Common),Common,FAQ,2369.0,2369.0,2369.0
2026-07-25,Andhra Pradesh,Palnadu,Rajupalem APMC,Paddy(Common),Common,Non-FAQ,1980.0,1980.0,1980.0
2026-07-27,Andhra Pradesh,Kakinada,Jaggampet APMC,Paddy(Common),Common,FAQ,2369.0,2380.0,2369.0
2026-07-31,Andhra Pradesh,Palnadu,Rajupalem APMC,Paddy(Common),Common,Non-FAQ,2000.0,2000.0,2000.0
2026-07-31,Andhra Pradesh,East Godavari,Nidadavolu APMC,Paddy(Common),Common,Local,2445.0,2445.0,2445.0
2026-08-01,Andhra Pradesh,Kakinada,Jaggampet APMC,Paddy(Common),Common,FAQ,2369.0,2380.0,2369.0
2026-08-04,Andhra Pradesh,Kakinada,Kakinada (Urban) APMC,Paddy(Common),Common,FAQ,2369.0,2390.0,2375.0
2026-07-26,Andhra Pradesh,Ananthapuramu,RAYADURG APMC,Paddy(Common),I.R. 64,Local,3200.0,3700.0,3400.0
2026-07-28,Andhra Pradesh,Ananthapuramu,RAYADURG APMC,Paddy(Common),I.R. 64,Grade Range-2,3000.0,3600.0,3300.0
2026-07-30,Andhra Pradesh,YSR Kadapa,Mydukur APMC,Paddy(Common),Masuri,Local,2200.0,2400.0,2300.0
2026-07-23,Andhra Pradesh,YSR Kadapa,Mydukur APMC,Paddy(Common),Masuri,Local,2200.0,2400.0,2300.0
2026-07-22,Andhra Pradesh,YSR Kadapa,Mydukur APMC,Paddy(Common),Masuri,Local,2300.0,2300.0,2300.0
2026-07-24,Andhra Pradesh,Srikakulam,Hiramandalam APMC,Paddy(Common),Masuri,Local,2400.0,2400.0,2400.0
2026-07-31,Andhra Pradesh,Srikakulam,Hiramandalam APMC,Paddy(Common),Masuri,Local,2410.0,2410.0,2410.0
2026-08-01,Andhra Pradesh,YSR Kadapa,Mydukur APMC,Paddy(Common),Masuri,Local,2300.0,2500.0,2400.0
2026-08-05,Andhra Pradesh,YSR Kadapa,Badvel APMC,Paddy(Common),Masuri,Local,2320.0,2400.0,2350.0
2026-08-04,Andhra Pradesh,YSR Kadapa,Badvel APMC,Paddy(Common),Masuri,Local,2320.0,2400.0,2350.0
2026-07-31,Andhra Pradesh,West Godavari,Narsapuram APMC,Paddy(Common),MTU-1001,Local,2445.0,2445.0,2445.0
2026-07-22,Andhra Pradesh,Eluru,Kalidindi APMC,Paddy(Common),MTU-1001,Local,2440.0,2440.0,2440.0
2026-07-23,Andhra Pradesh,Krishna,Penamaluru (HQ-Kankipadu) APMC,Paddy(Common),MTU-1001,Local,2369.0,2369.0,2369.0
2026-07-25,Andhra Pradesh,Krishna,Penamaluru (HQ-Kankipadu) APMC,Paddy(Common),MTU-1001,Local,2369.0,2369.0,2369.0
2026-07-26,Andhra Pradesh,Krishna,Penamaluru (HQ-Kankipadu) APMC,Paddy(Common),MTU-1001,Local,2441.0,2441.0,2441.0
2026-07-28,Andhra Pradesh,Eluru,Kaikaluru APMC,Paddy(Common),MTU-1001,Local,2440.0,2440.0,2440.0
2026-07-30,Andhra Pradesh,Krishna,Penamaluru (HQ-Kankipadu) APMC,Paddy(Common),MTU-1001,Local,2441.0,2441.0,2441.0
2026-07-30,Andhra Pradesh,West Godavari,Undi APMC,Paddy(Common),MTU-1001,Local,2369.0,2369.0,2369.0
2026-07-29,Andhra Pradesh,West Godavari,Undi APMC,Paddy(Common),MTU-1001,Local,2369.0,2369.0,2369.0
2026-08-01,Andhra Pradesh,Eluru,Kalidindi APMC,Paddy(Common),MTU-1001,Local,2440.0,2440.0,2440.0
2026-08-02,Andhra Pradesh,West Godavari,Narsapuram APMC,Paddy(Common),MTU-1001,Local,2445.0,2445.0,2445.0
2026-08-03,Andhra Pradesh,Eluru,Kaikaluru APMC,Paddy(Common),MTU-1001,Local,2440.0,2440.0,2440.0
2026-08-05,Andhra Pradesh,West Godavari,Undi APMC,Paddy(Common),MTU-1001,Local,2369.0,2369.0,2369.0
2026-07-04,Andhra Pradesh,East Godavari,Kovvur APMC,Paddy(Common),MTU-1010,Grade Range-2,2400.0,2400.0,2400.0
2026-07-06,Andhra Pradesh,East Godavari,Kovvur APMC,Paddy(Common),MTU-1010,Grade Range-2,2400.0,2400.0,2400.0
2026-07-14,Andhra Pradesh,East Godavari,Kovvur APMC,Paddy(Common),MTU-1010,Grade Range-2,2400.0,2400.0,2400.0
2026-07-15,Andhra Pradesh,East Godavari,Kovvur APMC,Paddy(Common),MTU-1010,Grade Range-2,2441.0,2441.0,2441.0
2026-07-21,Andhra Pradesh,Dr.B.R.A.Konaseema,Mummidivaram APMC,Paddy(Common),1121,FAQ,2369.0,2468.0,2369.0
2026-07-23,Andhra Pradesh,West Godavari,Achanta APMC,Paddy(Common),1121,Local,2369.0,2369.0,2369.0
2026-07-26,Andhra Pradesh,Srikakulam,Etcherla APMC,Paddy(Common),1121,FAQ,2369.0,2369.0,2369.0
2026-07-25,Andhra Pradesh,West Godavari,Achanta APMC,Paddy(Common),1121,Local,2359.0,2375.0,2369.0
2026-07-26,Andhra Pradesh,West Godavari,Achanta APMC,Paddy(Common),1121,Local,2359.0,2375.0,2369.0
2026-07-28,Andhra Pradesh,West Godavari,Achanta APMC,Paddy(Common),1121,Local,2359.0,2375.0,2369.0
2026-08-03,Andhra Pradesh,Srikakulam,Etcherla APMC,Paddy(Common),1121,FAQ,2369.0,2369.0,2369.0
2025-12-04,Andhra Pradesh,Kurnool,Nandyal APMC,Paddy(Common),Sona Mahsuri,Grade Range-1,2300.0,2300.0,2300.0
2025-12-31,Andhra Pradesh,Kurnool,Nandyal APMC,Paddy(Common),Sona Mahsuri,Grade Range-2,2000.0,2000.0,2000.0
2025-12-11,Andhra Pradesh,Alluri Sitharama Raju,Rampachodvaram APMC,Paddy(Common),1001,Grade Range-2,2370.0,2370.0,2370.0
2025-12-16,Andhra Pradesh,Alluri Sitharama Raju,Rampachodvaram APMC,Paddy(Common),1001,Grade Range-2,2370.0,2370.0,2370.0
2025-12-23,Andhra Pradesh,Alluri Sitharama Raju,Rampachodvaram APMC,Paddy(Common),1001,Grade Range-2,2370.0,2370.0,2370.0
2025-12-05,Andhra Pradesh,Krishna,Divi APMC,Paddy(Common),B P T,FAQ,2300.0,2400.0,2350.0
2025-12-12,Andhra Pradesh,Krishna,Divi APMC,Paddy(Common),B P T,FAQ,2300.0,2400.0,2350.0
2025-12-31,Andhra Pradesh,East Godavari,Jaggampet APMC,Paddy(Common),Common,FAQ,2369.0,2379.0,2379.0
2026-01-07,Andhra Pradesh,Alluri Sitharama Raju,Rampachodvaram APMC,Paddy(Common),1001,Grade Range-2,2370.0,2370.0,2370.0
2026-01-12,Andhra Pradesh,Alluri Sitharama Raju,Rampachodvaram APMC,Paddy(Common),1001,Grade Range-2,2370.0,2370.0,2370.0
2026-01-24,Andhra Pradesh,Alluri Sitharama Raju,Rampachodvaram APMC,Paddy(Common),1001,Grade Range-2,2370.0,2370.0,2370.0
2026-01-01,Andhra Pradesh,Kurnool,Nandyal APMC,Paddy(Common),B P T,FAQ,2100.0,2100.0,2100.0
2026-01-11,Andhra Pradesh,Krishna,Divi APMC,Paddy(Common),B P T,FAQ,2300.0,2400.0,2350.0
2026-01-22,Andhra Pradesh,Krishna,Divi APMC,Paddy(Common),B P T,FAQ,2300.0,2400.0,2350.0
2026-01-29,Andhra Pradesh,Kurnool,Nandyal APMC,Paddy(Common),Sona Mahsuri,Grade Range-1,2400.0,2400.0,2400.0
2026-02-02,Andhra Pradesh,Kurnool,Nandyal APMC,Paddy(Common),Sona Mahsuri,Grade Range-1,2222.0,2222.0,2222.0
2026-02-09,Andhra Pradesh,Alluri Sitharama Raju,Rampachodvaram APMC,Paddy(Common),1001,Grade Range-2,2370.0,2370.0,2370.0
2026-03-17,Andhra Pradesh,Nellore,Rapur APMC,Paddy(Common),Common,Local,2390.0,2460.0,2430.0
2026-03-27,Andhra Pradesh,East Godavari,Jaggampet APMC,Paddy(Common),Common,FAQ,2369.0,2379.0,2369.0
2026-03-31,Andhra Pradesh,Nellore,Rapur APMC,Paddy(Common),Common,Local,2390.0,2480.0,2460.0
2026-03-10,Andhra Pradesh,Nellore,Atmakur(SPS) APMC,Paddy(Common),Nellore Sanna,FAQ,3093.33256,3199.9992,3158.665877
2026-03-20,Andhra Pradesh,Nellore,Atmakur(SPS) APMC,Paddy(Common),Nellore Sanna,FAQ,2300.0,2400.0,2369.0
2026-03-30,Andhra Pradesh,Nellore,Atmakur(SPS) APMC,Paddy(Common),Nellore Sanna,FAQ,2300.0,2400.0,2369.0
2026-03-31,Andhra Pradesh,Nellore,Atmakur(SPS) APMC,Paddy(Common),Nellore Sanna,FAQ,2300.0,2400.0,2369.0
2025-11-05,Andhra Pradesh,Krishna,Tiruvuru APMC,Paddy(Common),Sona,Non-FAQ,2200.0,2400.0,2300.0
2025-11-14,Andhra Pradesh,Krishna,Tiruvuru APMC,Paddy(Common),Sona,Local,2500.0,2500.0,2500.0
2025-11-29,Andhra Pradesh,Krishna,Tiruvuru APMC,Paddy(Common),Sona,Local,2500.0,2500.0,2500.0
2025-11-13,Andhra Pradesh,Kurnool,Nandyal APMC,Paddy(Common),Sona Mahsuri,Local,2300.0,2300.0,2300.0
2025-11-03,Andhra Pradesh,Kurnool,Nandyal APMC,Paddy(Common),Sona Mahsuri,Non-FAQ,2100.0,2100.0,2100.0
2025-11-26,Andhra Pradesh,Kurnool,Nandyal APMC,Paddy(Common),Sona Mahsuri,Grade Range-1,3400.0,3400.0,3400.0
2025-11-14,Andhra Pradesh,Alluri Sitharama Raju,Rampachodvaram APMC,Paddy(Common),1001,Grade Range-2,2370.0,2370.0,2370.0
2025-11-18,Andhra Pradesh,Alluri Sitharama Raju,Rampachodvaram APMC,Paddy(Common),1001,Grade Range-2,2370.0,2370.0,2370.0
2025-11-17,Andhra Pradesh,Alluri Sitharama Raju,Rampachodvaram APMC,Paddy(Common),1001,Grade Range-2,2370.0,2370.0,2370.0
2025-11-19,Andhra Pradesh,Alluri Sitharama Raju,Rampachodvaram APMC,Paddy(Common),1001,Grade Range-2,2370.0,2370.0,2370.0
2025-11-24,Andhra Pradesh,Alluri Sitharama Raju,Rampachodvaram APMC,Paddy(Common),1001,Grade Range-2,2370.0,2370.0,2370.0
2025-11-29,Andhra Pradesh,Alluri Sitharama Raju,Rampachodvaram APMC,Paddy(Common),1001,Grade Range-2,2370.0,2370.0,2370.0
2025-11-12,Andhra Pradesh,East Godavari,Jaggampet APMC,Paddy(Common),Common,FAQ,2369.0,2379.0,2379.0
2025-11-19,Andhra Pradesh,East Godavari,Jaggampet APMC,Paddy(Common),Common,FAQ,2369.0,2379.0,2379.0
2025-11-22,Andhra Pradesh,East Godavari,Jaggampet APMC,Paddy(Common),Common,FAQ,2369.0,2379.0,2379.0
2025-11-25,Andhra Pradesh,East Godavari,Jaggampet APMC,Paddy(Common),Common,FAQ,2369.0,2379.0,2379.0
2025-11-27,Andhra Pradesh,East Godavari,Jaggampet APMC,Paddy(Common),Common,FAQ,2369.0,2379.0,2379.0
2025-11-14,Andhra Pradesh,East Godavari,Jaggampet APMC,Paddy(Common),Common,FAQ,2369.0,2379.0,2379.0
2025-11-01,Andhra Pradesh,Krishna,Divi APMC,Paddy(Common),B P T,FAQ,2300.0,2400.0,2350.0
2025-11-18,Andhra Pradesh,Krishna,Divi APMC,Paddy(Common),B P T,FAQ,2200.0,2400.0,2369.0
2025-11-21,Andhra Pradesh,Krishna,Divi APMC,Paddy(Common),B P T,FAQ,2300.0,2400.0,2369.0
2026-04-04,Andhra Pradesh,SPSR Nellore,Atmakur (SPSR Nellore District) APMC,Paddy(Common),Nellore Sanna,FAQ,2300.0,2400.0,2369.0
2026-04-10,Andhra Pradesh,SPSR Nellore,Rapur APMC,Paddy(Common),Common,Local,2390.0,2480.0,2440.0
2026-04-17,Andhra Pradesh,SPSR Nellore,Rapur APMC,Paddy(Common),Common,Local,2380.0,2460.0,2420.0
2026-04-23,Andhra Pradesh,SPSR Nellore,Rapur APMC,Paddy(Common),Common,Local,2380.0,2430.0,2410.0
2026-04-01,Andhra Pradesh,Kakinada,Jaggampet APMC,Paddy(Common),Common,FAQ,2369.0,2379.0,2379.0
2026-04-02,Andhra Pradesh,Kakinada,Jaggampet APMC,Paddy(Common),Common,FAQ,2369.0,2379.0,2379.0
2026-04-03,Andhra Pradesh,Kakinada,Jaggampet APMC,Paddy(Common),Common,FAQ,2369.0,2379.0,2379.0
2026-04-05,Andhra Pradesh,Kakinada,Jaggampet APMC,Paddy(Common),Common,FAQ,2369.0,2379.0,2379.0
2026-04-09,Andhra Pradesh,Kakinada,Jaggampet APMC,Paddy(Common),Common,FAQ,2369.0,2379.0,2379.0
2026-04-16,Andhra Pradesh,Kakinada,Jaggampet APMC,Paddy(Common),Common,FAQ,2369.0,2379.0,2379.0
2026-04-15,Andhra Pradesh,Kakinada,Jaggampet APMC,Paddy(Common),Common,FAQ,2369.0,2379.0,2379.0
2026-04-17,Andhra Pradesh,Kakinada,Jaggampet APMC,Paddy(Common),Common,FAQ,2369.0,2379.0,2379.0
2026-04-29,Andhra Pradesh,Kakinada,Jaggampet APMC,Paddy(Common),Common,FAQ,2369.0,2379.0,2379.0
2026-04-27,Andhra Pradesh,SPSR Nellore,Rapur APMC,Paddy(Common),Paddy,Local,2370.0,2420.0,2410.0
2026-04-07,Andhra Pradesh,Nellore,Atmakur(SPS) APMC,Paddy(Common),Nellore Sanna,FAQ,2300.0,2400.0,2369.0
2026-04-23,Andhra Pradesh,Nellore,Atmakur(SPS) APMC,Paddy(Common),Nellore Sanna,FAQ,2300.0,2400.0,2369.0
2026-04-23,Andhra Pradesh,Nellore,Rapur APMC,Paddy(Common),Common,Local,2380.0,2430.0,2410.0
2026-04-25,Andhra Pradesh,Nellore,Rapur APMC,Paddy(Common),Common,Local,2380.0,2430.0,2410.0
2026-04-30,Andhra Pradesh,Nellore,Rapur APMC,Paddy(Common),Common,Local,2370.0,2430.0,2420.0
2026-04-05,Andhra Pradesh,Nellore,Atmakur(SPS) APMC,Paddy(Common),Nellore Sanna,FAQ,2300.0,2400.0,2369.0
2026-04-08,Andhra Pradesh,Nellore,Atmakur(SPS) APMC,Paddy(Common),Nellore Sanna,FAQ,2300.0,2400.0,2369.0
2026-04-01,Andhra Pradesh,East Godavari,Jaggampet APMC,Paddy(Common),Common,FAQ,2369.0,2379.0,2379.0
2026-04-10,Andhra Pradesh,East Godavari,Jaggampet APMC,Paddy(Common),Common,FAQ,2369.0,2379.0,2379.0
2026-04-14,Andhra Pradesh,East Godavari,Jaggampet APMC,Paddy(Common),Common,FAQ,2369.0,2379.0,2379.0
2026-04-16,Andhra Pradesh,East Godavari,Jaggampet APMC,Paddy(Common),Common,FAQ,2369.0,2379.0,2379.0
2026-04-17,Andhra Pradesh,East Godavari,Jaggampet APMC,Paddy(Common),Common,FAQ,2369.0,2379.0,2379.0
2026-04-20,Andhra Pradesh,East Godavari,Jaggampet APMC,Paddy(Common),Common,FAQ,2369.0,2379.0,2379.0
2026-04-25,Andhra Pradesh,East Godavari,Jaggampet APMC,Paddy(Common),Common,FAQ,2369.0,2379.0,2379.0
2026-04-27,Andhra Pradesh,East Godavari,Jaggampet APMC,Paddy(Common),Common,FAQ,2369.0,2379.0,2379.0
2026-04-30,Andhra Pradesh,East Godavari,Jaggampet APMC,Paddy(Common),Common,FAQ,2369.0,2379.0,2379.0
2026-05-01,Andhra Pradesh,East Godavari,Jaggampet APMC,Paddy(Common),Common,FAQ,2369.0,2379.0,2379.0
2026-05-06,Andhra Pradesh,East Godavari,Jaggampet APMC,Paddy(Common),Common,FAQ,2369.0,2379.0,2379.0
2026-05-27,Andhra Pradesh,Krishna,Mylavaram APMC,Paddy(Common),1001,Local,2369.0,2369.0,2369.0
2026-04-29,Andhra Pradesh,SPSR Nellore,Rapur APMC,Paddy(Common),Common,Local,2380.0,2440.0,2420.0
2026-05-15,Andhra Pradesh,SPSR Nellore,Rapur APMC,Paddy(Common),Common,Local,2370.0,2420.0,2390.0
2026-05-20,Andhra Pradesh,SPSR Nellore,Rapur APMC,Paddy(Common),Common,Local,2370.0,2400.0,2390.0
2026-05-27,Andhra Pradesh,SPSR Nellore,Rapur APMC,Paddy(Common),Common,Local,2370.0,2400.0,2385.0
2026-05-04,Andhra Pradesh,Kakinada,Jaggampet APMC,Paddy(Common),Common,FAQ,2369.0,2379.0,2379.0
2026-05-05,Andhra Pradesh,Kakinada,Jaggampet APMC,Paddy(Common),Common,FAQ,2369.0,2379.0,2379.0
2026-05-06,Andhra Pradesh,Kakinada,Jaggampet APMC,Paddy(Common),Common,FAQ,2369.0,2379.0,2379.0
2026-05-29,Andhra Pradesh,NTR,Tiruvuru APMC,Paddy(Common),Sona,Local,2250.0,2250.0,2250.0
2026-05-29,Andhra Pradesh,NTR,Mylavaram APMC,Paddy(Common),1001,FAQ,2369.0,2369.0,2369.0
2026-05-31,Andhra Pradesh,Eluru,Polavaram APMC,Paddy(Common),1001,Local,2369.0,2369.0,2369.0
2026-05-05,Andhra Pradesh,Krishna,Divi (HQ-Avanigadda) APMC,Paddy(Common),B P T,FAQ,2300.0,2500.0,2400.0
2026-05-07,Andhra Pradesh,Krishna,Divi (HQ-Avanigadda) APMC,Paddy(Common),B P T,FAQ,2300.0,2400.0,2350.0
2026-05-19,Andhra Pradesh,Krishna,Divi (HQ-Avanigadda) APMC,Paddy(Common),B P T,FAQ,2300.0,2400.0,2350.0
2026-05-25,Andhra Pradesh,Krishna,Divi (HQ-Avanigadda) APMC,Paddy(Common),B P T,FAQ,2300.0,2400.0,2350.0
2026-06-12,Andhra Pradesh,Dr.B.R.A.Konaseema,Ramachandrapuram APMC,Paddy(Common),Paddy,FAQ,2369.0,2383.0,2369.0
2026-06-16,Andhra Pradesh,Dr.B.R.A.Konaseema,Alamuru APMC,Paddy(Common),Paddy,FAQ,2369.0,2389.0,2369.0
2026-06-01,Andhra Pradesh,NTR,Tiruvuru APMC,Paddy(Common),Sona,Local,2450.0,2450.0,2450.0
2026-06-06,Andhra Pradesh,NTR,Tiruvuru APMC,Paddy(Common),Sona,Local,2400.0,2400.0,2400.0
2026-06-12,Andhra Pradesh,Eluru,Nuzvid APMC,Paddy(Common),Sona,Grade Range-1,2400.0,2400.0,2400.0
2026-06-17,Andhra Pradesh,NTR,Tiruvuru APMC,Paddy(Common),Sona,Local,2450.0,2450.0,2450.0
2026-06-15,Andhra Pradesh,Eluru,Nuzvid APMC,Paddy(Common),Sona,FAQ,2400.0,2400.0,2400.0
2026-06-19,Andhra Pradesh,NTR,Tiruvuru APMC,Paddy(Common),Sona,Local,2450.0,2450.0,2450.0
2026-06-25,Andhra Pradesh,NTR,Tiruvuru APMC,Paddy(Common),Sona,Local,2450.0,2450.0,2450.0
2026-06-24,Andhra Pradesh,NTR,Tiruvuru APMC,Paddy(Common),Sona,Local,2450.0,2450.0,2450.0
2026-06-30,Andhra Pradesh,NTR,Tiruvuru APMC,Paddy(Common),Sona,Local,2450.0,2450.0,2450.0
2026-06-02,Andhra Pradesh,Eluru,Polavaram APMC,Paddy(Common),1001,Local,2369.0,2369.0,2369.0
2026-06-20,Andhra Pradesh,Dr.B.R.A.Konaseema,Amalapuram APMC,Paddy(Common),1001,Local,2369.0,2400.0,2369.0
2026-06-10,Andhra Pradesh,NTR,Mylavaram APMC,Paddy(Common),1001,FAQ,2369.0,2369.0,2369.0
2026-06-09,Andhra Pradesh,Dr.B.R.A.Konaseema,Amalapuram APMC,Paddy(Common),1001,Local,2386.0,2500.0,2386.0
2026-06-11,Andhra Pradesh,Eluru,Polavaram APMC,Paddy(Common),1001,Local,2389.0,2389.0,2389.0
2026-06-11,Andhra Pradesh,NTR,Mylavaram APMC,Paddy(Common),1001,FAQ,2369.0,2369.0,2369.0
2026-06-23,Andhra Pradesh,Dr.B.R.A.Konaseema,Amalapuram APMC,Paddy(Common),1001,Local,2369.0,2400.0,2369.0
2026-06-24,Andhra Pradesh,Vijayanagaram,Kothavalasa APMC,Paddy(Common),1001,Local,2369.0,2369.0,2369.0
2026-06-23,Andhra Pradesh,NTR,Mylavaram APMC,Paddy(Common),1001,FAQ,2369.0,2369.0,2369.0
2026-06-13,Andhra Pradesh,Dr.B.R.A.Konaseema,Mummidivaram APMC,Paddy(Common),1121,FAQ,2369.0,2468.0,2369.0
2026-06-19,Andhra Pradesh,Dr.B.R.A.Konaseema,Mummidivaram APMC,Paddy(Common),1121,FAQ,2369.0,2468.0,2369.0
2026-06-23,Andhra Pradesh,Dr.B.R.A.Konaseema,Mummidivaram APMC,Paddy(Common),1121,FAQ,2369.0,2468.0,2369.0
2026-06-03,Andhra Pradesh,Bapatla,Kuchinapudi APMC,Paddy(Common),B P T,Local,2400.0,2500.0,2450.0
2026-06-04,Andhra Pradesh,Bapatla,Kuchinapudi APMC,Paddy(Common),B P T,Local,2400.0,2500.0,2450.0
2026-06-21,Andhra Pradesh,NTR,Nandigama APMC,Paddy(Common),B P T,Grade Range-1,1860.0,1860.0,1860.0
2026-06-12,Andhra Pradesh,Krishna,Divi (HQ-Avanigadda) APMC,Paddy(Common),B P T,FAQ,2300.0,2400.0,2350.0
2026-06-17,Andhra Pradesh,Bapatla,Bapatla APMC,Paddy(Common),B P T,Local,2400.0,2500.0,2450.0
2026-06-18,Andhra Pradesh,Bapatla,Bapatla APMC,Paddy(Common),B P T,Local,2400.0,2500.0,2450.0
2026-06-25,Andhra Pradesh,NTR,Nandigama APMC,Paddy(Common),B P T,Grade Range-1,1870.0,1870.0,1870.0
2026-06-29,Andhra Pradesh,NTR,Nandigama APMC,Paddy(Common),B P T,Grade Range-1,1910.0,1910.0,1910.0
2026-06-12,Andhra Pradesh,Krishna,Penamaluru (HQ-Kankipadu) APMC,Paddy(Common),MTU-1001,Local,2369.0,2369.0,2369.0
2026-06-23,Andhra Pradesh,Krishna,Penamaluru (HQ-Kankipadu) APMC,Paddy(Common),MTU-1001,Local,2369.0,2369.0,2369.0
2026-06-29,Andhra Pradesh,Krishna,Penamaluru (HQ-Kankipadu) APMC,Paddy(Common),MTU-1001,Local,2369.0,2369.0,2369.0
2026-06-01,Andhra Pradesh,East Godavari,Kovvur APMC,Paddy(Common),MTU-1010,Grade Range-2,2400.0,2400.0,2400.0
2026-06-17,Andhra Pradesh,East Godavari,Kovvur APMC,Paddy(Common),MTU-1010,Grade Range-2,2400.0,2400.0,2400.0
2026-06-22,Andhra Pradesh,East Godavari,Kovvur APMC,Paddy(Common),MTU-1010,Grade Range-2,2400.0,2400.0,2400.0
2026-06-23,Andhra Pradesh,East Godavari,Kovvur APMC,Paddy(Common),MTU-1010,Grade Range-2,2400.0,2400.0,2400.0
2026-06-25,Andhra Pradesh,East Godavari,Kovvur APMC,Paddy(Common),MTU-1010,Grade Range-2,2400.0,2400.0,2400.0
2026-06-01,Andhra Pradesh,Vijayanagaram,Kothavalasa APMC,Paddy(Common),1001,Local,2369.0,2369.0,2369.0
2026-06-27,Andhra Pradesh,Eluru,Polavaram APMC,Paddy(Common),1001,Local,2390.0,2390.0,2390.0
2026-06-25,Andhra Pradesh,Eluru,Polavaram APMC,Paddy(Common),1001,Local,2390.0,2390.0,2390.0
2026-06-29,Andhra Pradesh,NTR,Mylavaram APMC,Paddy(Common),1001,FAQ,2369.0,2369.0,2369.0
2026-06-16,Andhra Pradesh,Dr.B.R.A.Konaseema,Mummidivaram APMC,Paddy(Common),1121,FAQ,2369.0,2468.0,2369.0
2026-06-08,Andhra Pradesh,Bapatla,Kuchinapudi APMC,Paddy(Common),B P T,Local,2400.0,2500.0,2450.0
2026-06-12,Andhra Pradesh,Bapatla,Kuchinapudi APMC,Paddy(Common),B P T,Local,2400.0,2500.0,2450.0
2026-06-15,Andhra Pradesh,NTR,Nandigama APMC,Paddy(Common),B P T,Grade Range-1,1820.0,1820.0,1820.0
2026-06-16,Andhra Pradesh,Bapatla,Bapatla APMC,Paddy(Common),B P T,Local,2400.0,2500.0,2450.0
2026-06-20,Andhra Pradesh,NTR,Nandigama APMC,Paddy(Common),B P T,Grade Range-1,1920.0,1920.0,1920.0
2026-06-23,Andhra Pradesh,Bapatla,Bapatla APMC,Paddy(Common),B P T,Local,2400.0,2500.0,2450.0
2026-06-18,Andhra Pradesh,Krishna,Penamaluru (HQ-Kankipadu) APMC,Paddy(Common),MTU-1001,Local,2369.0,2369.0,2369.0
2026-07-25,Andhra Pradesh,Kakinada,Prattipadu APMC,Paddy(Common),Common,FAQ,2369.0,2380.0,2369.0
2026-07-26,Andhra Pradesh,Srikakulam,Palasa APMC,Paddy(Common),Common,FAQ,2369.0,2369.0,2369.0
2026-07-28,Andhra Pradesh,Srikakulam,Palasa APMC,Paddy(Common),Common,FAQ,2369.0,2369.0,2369.0
2026-07-30,Andhra Pradesh,Palnadu,Rajupalem APMC,Paddy(Common),Common,Non-FAQ,2000.0,2000.0,2000.0
2026-07-31,Andhra Pradesh,Srikakulam,Palasa APMC,Paddy(Common),Common,FAQ,2369.0,2369.0,2369.0
2026-08-01,Andhra Pradesh,East Godavari,Nidadavolu APMC,Paddy(Common),Common,Local,2445.0,2445.0,2445.0
2026-08-03,Andhra Pradesh,Kakinada,Jaggampet APMC,Paddy(Common),Common,FAQ,2369.0,2380.0,2369.0
2026-08-03,Andhra Pradesh,Srikakulam,Palasa APMC,Paddy(Common),Common,FAQ,2369.0,2369.0,2369.0
2026-08-05,Andhra Pradesh,Kakinada,Kakinada (Urban) APMC,Paddy(Common),Common,FAQ,2369.0,2390.0,2375.0
2026-08-04,Andhra Pradesh,Palnadu,Rajupalem APMC,Paddy(Common),Common,Non-FAQ,2000.0,2000.0,2000.0
2026-07-30,Andhra Pradesh,Ananthapuramu,RAYADURG APMC,Paddy(Common),I.R.-64,Grade Range-1,3200.0,3600.0,3400.0
2026-08-04,Andhra Pradesh,Ananthapuramu,RAYADURG APMC,Paddy(Common),I.R.-64,Grade Range-1,3200.0,3600.0,3400.0
2026-08-05,Andhra Pradesh,Ananthapuramu,RAYADURG APMC,Paddy(Common),I.R. 64,Grade Range-1,3200.0,3700.0,3500.0
2026-07-25,Andhra Pradesh,Srikakulam,Hiramandalam APMC,Paddy(Common),Masuri,Local,2400.0,2400.0,2400.0
2026-07-27,Andhra Pradesh,YSR Kadapa,Badvel APMC,Paddy(Common),Masuri,Grade Range-1,2300.0,2400.0,2350.0
2026-07-31,Andhra Pradesh,YSR Kadapa,Badvel APMC,Paddy(Common),Masuri,Local,2300.0,2400.0,2350.0
2026-08-03,Andhra Pradesh,Srikakulam,Hiramandalam APMC,Paddy(Common),Masuri,Local,2390.0,2390.0,2390.0
2026-08-04,Andhra Pradesh,Srikakulam,Hiramandalam APMC,Paddy(Common),Masuri,Local,2390.0,2390.0,2390.0
2026-08-04,Andhra Pradesh,YSR Kadapa,Mydukur APMC,Paddy(Common),Masuri,Local,2300.0,2500.0,2400.0
2026-08-05,Andhra Pradesh,YSR Kadapa,Mydukur APMC,Paddy(Common),Masuri,Local,2300.0,2500.0,2400.0
2026-08-05,Andhra Pradesh,Srikakulam,Hiramandalam APMC,Paddy(Common),Masuri,Local,2390.0,2390.0,2390.0
2026-07-23,Andhra Pradesh,Eluru,Kalidindi APMC,Paddy(Common),MTU-1001,Local,2440.0,2440.0,2440.0
2026-07-24,Andhra Pradesh,Krishna,Penamaluru (HQ-Kankipadu) APMC,Paddy(Common),MTU-1001,Local,2369.0,2369.0,2369.0
2026-07-25,Andhra Pradesh,West Godavari,Narsapuram APMC,Paddy(Common),MTU-1001,Local,2445.0,2445.0,2445.0
2026-07-26,Andhra Pradesh,Eluru,Kalidindi APMC,Paddy(Common),MTU-1001,Local,2440.0,2440.0,2440.0
2026-07-28,Andhra Pradesh,Krishna,Penamaluru (HQ-Kankipadu) APMC,Paddy(Common),MTU-1001,Local,2441.0,2441.0,2441.0
2026-07-28,Andhra Pradesh,Eluru,Kalidindi APMC,Paddy(Common),MTU-1001,Local,2440.0,2440.0,2440.0
2026-07-29,Andhra Pradesh,Krishna,Penamaluru (HQ-Kankipadu) APMC,Paddy(Common),MTU-1001,Local,2369.0,2369.0,2369.0
2026-07-29,Andhra Pradesh,Eluru,Kalidindi APMC,Paddy(Common),MTU-1001,Local,2440.0,2440.0,2440.0
2026-07-27,Andhra Pradesh,Eluru,Kalidindi APMC,Paddy(Common),MTU-1001,Local,2440.0,2440.0,2440.0
2026-07-28,Andhra Pradesh,West Godavari,Narsapuram APMC,Paddy(Common),MTU-1001,Local,2445.0,2445.0,2445.0
2026-07-28,Andhra Pradesh,West Godavari,Undi APMC,Paddy(Common),MTU-1001,Local,2369.0,2369.0,2369.0
2026-07-30,Andhra Pradesh,Eluru,Kalidindi APMC,Paddy(Common),MTU-1001,Local,2440.0,2440.0,2440.0
2026-07-31,Andhra Pradesh,Eluru,Kalidindi APMC,Paddy(Common),MTU-1001,Local,2440.0,2440.0,2440.0
2026-07-02,Andhra Pradesh,East Godavari,Kovvur APMC,Paddy(Common),MTU-1010,Grade Range-2,2400.0,2400.0,2400.0
2026-07-03,Andhra Pradesh,East Godavari,Kovvur APMC,Paddy(Common),MTU-1010,Grade Range-2,2400.0,2400.0,2400.0
2026-07-09,Andhra Pradesh,East Godavari,Kovvur APMC,Paddy(Common),MTU-1010,Grade Range-2,2400.0,2400.0,2400.0
2026-07-11,Andhra Pradesh,East Godavari,Kovvur APMC,Paddy(Common),MTU-1010,Grade Range-2,2400.0,2400.0,2400.0
2026-07-13,Andhra Pradesh,East Godavari,Kovvur APMC,Paddy(Common),MTU-1010,Grade Range-2,2400.0,2400.0,2400.0
2026-07-22,Andhra Pradesh,SPSR Nellore,Kovur APMC,Paddy(Common),MTU-1010,Local,2369.0,2369.0,2369.0
2026-07-28,Andhra Pradesh,SPSR Nellore,Gudur APMC,Paddy(Common),MTU-1010,Local,2369.0,2470.0,2430.0
2026-07-29,Andhra Pradesh,SPSR Nellore,Gudur APMC,Paddy(Common),MTU-1010,Local,2369.0,2460.0,2425.0
2026-07-31,Andhra Pradesh,Tirupathi,Venkatagiri APMC,Paddy(Common),MTU-1010,FAQ,2340.0,2400.0,2370.0
2026-07-30,Andhra Pradesh,Tirupathi,Venkatagiri APMC,Paddy(Common),MTU-1010,FAQ,2340.0,2400.0,2370.0
2026-07-29,Andhra Pradesh,Tirupathi,Sullurpet APMC,Paddy(Common),MTU-1010,Local,2390.0,2420.0,2410.0
2026-07-31,Andhra Pradesh,Tirupathi,Naidupet APMC,Paddy(Common),MTU-1010,Local,2350.0,2450.0,2400.0
2026-08-01,Andhra Pradesh,Tirupathi,Venkatagiri APMC,Paddy(Common),MTU-1010,FAQ,2340.0,2400.0,2370.0
2026-08-01,Andhra Pradesh,SPSR Nellore,Gudur APMC,Paddy(Common),MTU-1010,Local,2369.0,2480.0,2440.0
2026-08-01,Andhra Pradesh,Tirupathi,Naidupet APMC,Paddy(Common),MTU-1010,Local,2400.0,2520.0,2500.0
2026-08-03,Andhra Pradesh,Tirupathi,Sullurpet APMC,Paddy(Common),MTU-1010,Local,2400.0,2440.0,2420.0
2026-08-03,Andhra Pradesh,East Godavari,Kovvur APMC,Paddy(Common),MTU-1010,Grade Range-2,2441.0,2441.0,2441.0
2026-08-04,Andhra Pradesh,East Godavari,Kovvur APMC,Paddy(Common),MTU-1010,Grade Range-2,2441.0,2441.0,2441.0
2026-07-08,Andhra Pradesh,SPSR Nellore,Atmakur (SPSR Nellore District) APMC,Paddy(Common),Nellore Sanna,FAQ,2300.0,2400.0,2369.0
2026-07-21,Andhra Pradesh,SPSR Nellore,Atmakur (SPSR Nellore District) APMC,Paddy(Common),Nellore Sanna,FAQ,2300.0,2400.0,2369.0
2026-07-27,Andhra Pradesh,SPSR Nellore,Atmakur (SPSR Nellore District) APMC,Paddy(Common),Nellore Sanna,FAQ,2300.0,2400.0,2369.0
2026-07-28,Andhra Pradesh,SPSR Nellore,Udayagiri APMC,Paddy(Common),Nellore Sanna,Grade Range-3,2340.0,2360.0,2350.0
2026-08-02,Andhra Pradesh,SPSR Nellore,Atmakur (SPSR Nellore District) APMC,Paddy(Common),Nellore Sanna,FAQ,2300.0,2400.0,2369.0
2026-07-24,Andhra Pradesh,Krishna,Pedana APMC,Paddy(Common),NO. 2716,Local,2369.0,2400.0,2385.0
2026-07-22,Andhra Pradesh,Prakasam,Addanki APMC,Paddy(Common),Other,Local,2390.0,2400.0,2400.0
2026-07-24,Andhra Pradesh,SPSR Nellore,Gudur APMC,Paddy(Common),Other,Local,2369.0,2460.0,2430.0
2026-07-29,Andhra Pradesh,SPSR Nellore,Kavali APMC,Paddy(Common),Other,Local,2380.0,2450.0,2410.0
2026-07-31,Andhra Pradesh,SPSR Nellore,Kavali APMC,Paddy(Common),Other,Local,2380.0,2450.0,2410.0
2026-07-31,Andhra Pradesh,Prakasam,Kandukur APMC,Paddy(Common),Other,Local,2380.0,2450.0,2400.0
2026-08-04,Andhra Pradesh,Prakasam,Kandukur APMC,Paddy(Common),Other,Local,2380.0,2450.0,2400.0
2026-08-04,Andhra Pradesh,SPSR Nellore,Kavali APMC,Paddy(Common),Other,Local,2380.0,2450.0,2410.0
2026-07-01,Andhra Pradesh,Dr.B.R.A.Konaseema,Ramachandrapuram APMC,Paddy(Common),Paddy,FAQ,2369.0,2373.0,2369.0
2026-07-23,Andhra Pradesh,Palnadu,Ipur APMC,Paddy(Common),Paddy,FAQ,2350.0,2400.0,2400.0
2026-07-25,Andhra Pradesh,West Godavari,Attili APMC,Paddy(Common),Paddy,Local,2369.0,2389.0,2369.0
2026-07-31,Andhra Pradesh,Palnadu,Ipur APMC,Paddy(Common),Paddy,FAQ,2350.0,2600.0,2450.0
2026-07-23,Andhra Pradesh,Visakhapatnam,Pendurthi APMC,Paddy(Common),Paddy,Local,2369.0,2369.0,2369.0
2026-07-24,Andhra Pradesh,Palnadu,Pidugurala APMC,Paddy(Common),Paddy,FAQ,2350.0,2350.0,2350.0
2026-07-25,Andhra Pradesh,Srikakulam,Kothabommali APMC,Paddy(Common),Paddy,Local,2500.0,2500.0,2500.0
2026-07-23,Andhra Pradesh,East Godavari,Rajahmundry APMC,Paddy(Common),Paddy,Local,2369.0,2369.0,2369.0
2026-07-25,Andhra Pradesh,West Godavari,Palakole APMC,Paddy(Common),Paddy,Local,2369.0,2369.0,2369.0
2026-07-25,Andhra Pradesh,East Godavari,Rajahmundry APMC,Paddy(Common),Paddy,Local,2369.0,2369.0,2369.0
2026-07-28,Andhra Pradesh,Srikakulam,Kothabommali APMC,Paddy(Common),Paddy,Local,2500.0,2500.0,2500.0
2026-07-23,Andhra Pradesh,Dr.B.R.A.Konaseema,Alamuru APMC,Paddy(Common),Paddy,FAQ,2369.0,2389.0,2369.0
2026-07-23,Andhra Pradesh,Prakasam,Addanki APMC,Paddy(Common),Paddy,Local,2390.0,2420.0,2400.0
2026-07-23,Andhra Pradesh,Srikakulam,Srikakulam APMC,Paddy(Common),Paddy,FAQ,2369.0,2369.0,2369.0
2026-07-27,Andhra Pradesh,Kakinada,Samalkot APMC,Paddy(Common),Paddy,FAQ,2369.0,2390.0,2369.0
2026-07-23,Andhra Pradesh,SPSR Nellore,Kovur APMC,Paddy(Common),Paddy,Local,2369.0,2460.0,2410.0
2026-07-24,Andhra Pradesh,Tirupathi,Nagalapuram APMC,Paddy(Common),Paddy,Local,2125.0,2212.5,2187.5
2026-07-24,Andhra Pradesh,Srikakulam,Narasannapet APMC,Paddy(Common),Paddy,FAQ,2369.0,2369.0,2369.0
2026-07-26,Andhra Pradesh,SPSR Nellore,Udayagiri APMC,Paddy(Common),Paddy,Local,2464.0,2484.0,2474.0
2026-07-24,Andhra Pradesh,West Godavari,Palakole APMC,Paddy(Common),Paddy,Local,2369.0,2369.0,2369.0
2026-07-24,Andhra Pradesh,Krishna,Gudiwada APMC,Paddy(Common),Paddy,Local,2369.0,2369.0,2369.0
2026-07-26,Andhra Pradesh,East Godavari,Anaparthy APMC,Paddy(Common),Paddy,FAQ,2369.0,2420.0,2369.0
2026-07-23,Andhra Pradesh,Anakapally,Madugula APMC,Paddy(Common),Paddy,Local,2200.0,2400.0,2300.0
2026-07-27,Andhra Pradesh,Prakasam,Addanki APMC,Paddy(Common),Paddy,Local,2390.0,2420.0,2400.0
2026-07-28,Andhra Pradesh,West Godavari,Akiveedu APMC,Paddy(Common),Paddy,Local,2300.0,2500.0,2369.0
2026-07-23,Andhra Pradesh,Kakinada,Peddapuram APMC,Paddy(Common),Paddy,FAQ,2369.0,2400.0,2380.0
2026-07-31,Andhra Pradesh,Srikakulam,Kothabommali APMC,Paddy(Common),Paddy,Local,2500.0,2500.0,2500.0
2026-07-29,Andhra Pradesh,Tirupathi,Nagalapuram APMC,Paddy(Common),Paddy,Local,2187.5,2212.5,2200.0
2026-07-27,Andhra Pradesh,YSR Kadapa,Kamalapuram APMC,Paddy(Common),Paddy,Local,2450.0,2450.0,2450.0
2026-07-27,Andhra Pradesh,SPSR Nellore,Kovur APMC,Paddy(Common),Paddy,Local,2190.0,2369.0,2340.0
2026-07-28,Andhra Pradesh,Dr.B.R.A.Konaseema,Alamuru APMC,Paddy(Common),Paddy,FAQ,2369.0,2389.0,2369.0
2026-07-29,Andhra Pradesh,Visakhapatnam,Pendurthi APMC,Paddy(Common),Paddy,Local,2300.0,2300.0,2300.0
2026-07-29,Andhra Pradesh,Srikakulam,Pathapatnam APMC,Paddy(Common),Paddy,FAQ,2369.0,2500.0,2369.0
2026-07-29,Andhra Pradesh,East Godavari,Anaparthy APMC,Paddy(Common),Paddy,FAQ,2369.0,2450.0,2369.0
2026-07-29,Andhra Pradesh,Dr.B.R.A.Konaseema,Alamuru APMC,Paddy(Common),Paddy,FAQ,2369.0,2389.0,2369.0
2026-07-29,Andhra Pradesh,Dr.B.R.A.Konaseema,Ramachandrapuram APMC,Paddy(Common),Paddy,FAQ,2369.0,2390.0,2369.0
2026-07-29,Andhra Pradesh,West Godavari,Akiveedu APMC,Paddy(Common),Paddy,Local,2300.0,2500.0,2369.0
2026-07-30,Andhra Pradesh,Palnadu,Vinukonda APMC,Paddy(Common),Paddy,FAQ,2250.0,2450.0,2350.0
2026-07-30,Andhra Pradesh,Anakapally,Madugula APMC,Paddy(Common),Paddy,Local,2200.0,2400.0,2300.0
2026-07-28,Andhra Pradesh,Palnadu,Durgi APMC,Paddy(Common),Paddy,FAQ,2100.0,2500.0,2300.0
2026-07-31,Andhra Pradesh,Dr.B.R.A.Konaseema,Alamuru APMC,Paddy(Common),Paddy,FAQ,2369.0,2389.0,2369.0
2026-07-31,Andhra Pradesh,Srikakulam,Pathapatnam APMC,Paddy(Common),Paddy,FAQ,2369.0,2500.0,2369.0
2026-08-01,Andhra Pradesh,Dr.B.R.A.Konaseema,Alamuru APMC,Paddy(Common),Paddy,FAQ,2369.0,2389.0,2369.0
2026-08-01,Andhra Pradesh,Tirupathi,Nagalapuram APMC,Paddy(Common),Paddy,Local,2250.0,2337.5,2312.5
2026-08-01,Andhra Pradesh,Visakhapatnam,Pendurthi APMC,Paddy(Common),Paddy,Local,2300.0,2300.0,2300.0
2026-08-02,Andhra Pradesh,East Godavari,Anaparthy APMC,Paddy(Common),Paddy,FAQ,2369.0,2450.0,2369.0
2026-08-03,Andhra Pradesh,East Godavari,Anaparthy APMC,Paddy(Common),Paddy,FAQ,2369.0,2440.0,2369.0
2026-08-02,Andhra Pradesh,Dr.B.R.A.Konaseema,Alamuru APMC,Paddy(Common),Paddy,FAQ,2369.0,2389.0,2369.0
2026-08-03,Andhra Pradesh,Anakapally,Madugula APMC,Paddy(Common),Paddy,Local,2200.0,2400.0,2300.0
2026-08-03,Andhra Pradesh,Visakhapatnam,Pendurthi APMC,Paddy(Common),Paddy,Local,2300.0,2300.0,2300.0
2026-08-04,Andhra Pradesh,Palnadu,Rompicherla APMC,Paddy(Common),Paddy,FAQ,2300.0,2480.0,2400.0
2026-08-03,Andhra Pradesh,Dr.B.R.A.Konaseema,Alamuru APMC,Paddy(Common),Paddy,FAQ,2369.0,2389.0,2369.0
2026-08-03,Andhra Pradesh,Dr.B.R.A.Konaseema,Ramachandrapuram APMC,Paddy(Common),Paddy,FAQ,2369.0,2380.0,2369.0
2026-08-02,Andhra Pradesh,SPSR Nellore,Kovur APMC,Paddy(Common),Paddy,Local,2183.0,2369.0,2320.0
2026-08-05,Andhra Pradesh,Palnadu,Rompicherla APMC,Paddy(Common),Paddy,FAQ,2300.0,2480.0,2400.0
2026-08-05,Andhra Pradesh,Srikakulam,Pathapatnam APMC,Paddy(Common),Paddy,FAQ,2369.0,2500.0,2369.0
2026-08-05,Andhra Pradesh,Dr.B.R.A.Konaseema,Ramachandrapuram APMC,Paddy(Common),Paddy,FAQ,2369.0,2380.0,2369.0
2026-08-04,Andhra Pradesh,Srikakulam,Amadalavalasa APMC,Paddy(Common),Paddy,FAQ,2369.0,2369.0,2369.0
2026-08-04,Andhra Pradesh,Dr.B.R.A.Konaseema,Alamuru APMC,Paddy(Common),Paddy,FAQ,2369.0,2389.0,2369.0
2026-08-04,Andhra Pradesh,Anakapally,Madugula APMC,Paddy(Common),Paddy,Local,2200.0,2400.0,2300.0
2026-08-04,Andhra Pradesh,Palnadu,Ipur APMC,Paddy(Common),Paddy,FAQ,2500.0,2700.0,2600.0
2026-08-04,Andhra Pradesh,Palnadu,Durgi APMC,Paddy(Common),Paddy,FAQ,1800.0,2400.0,2200.0
2026-08-05,Andhra Pradesh,West Godavari,Attili APMC,Paddy(Common),Paddy,Local,2369.0,2389.0,2369.0
2026-08-05,Andhra Pradesh,Srikakulam,Amadalavalasa APMC,Paddy(Common),Paddy,FAQ,2369.0,2369.0,2369.0
2026-08-05,Andhra Pradesh,Nandyal,Nandyal APMC,Paddy(Common),Paddy,Local,2420.0,2420.0,2420.0
2026-08-05,Andhra Pradesh,YSR Kadapa,Proddatur APMC,Paddy(Common),Paddy,Local,2500.0,2500.0,2500.0
2026-08-05,Andhra Pradesh,East Godavari,Rajahmundry APMC,Paddy(Common),Paddy,Local,2369.0,2369.0,2369.0
2026-08-01,Andhra Pradesh,Kakinada,Sampara (Kakinada Rural) APMC,Paddy(Common),Paddy Medium,FAQ,2369.0,2389.0,2379.0
2026-08-02,Andhra Pradesh,Kakinada,Sampara (Kakinada Rural) APMC,Paddy(Common),Paddy Medium,FAQ,2369.0,2389.0,2379.0
2026-08-05,Andhra Pradesh,Tirupathi,Srikalahasti APMC,Paddy(Common),Paddy Medium,Local,2300.0,2600.0,2450.0
2026-07-23,Andhra Pradesh,Visakhapatnam,Bhimunipatnam APMC,Paddy(Common),Samba Masuri,Local,2961.0,2961.0,2961.0
2026-08-04,Andhra Pradesh,Srikakulam,Ichapuram APMC,Paddy(Common),Sannalu,Local,2369.0,2369.0,2369.0
2026-07-25,Andhra Pradesh,Nandyal,Atmakur (Nandyal District) APMC,Paddy(Common),Sona,FAQ,2410.0,2410.0,2410.0
2026-07-24,Andhra Pradesh,NTR,Tiruvuru APMC,Paddy(Common),Sona,Local,2450.0,2450.0,2450.0
2026-08-02,Andhra Pradesh,Nandyal,Atmakur (Nandyal District) APMC,Paddy(Common),Sona,FAQ,2470.0,2470.0,2470.0
2026-07-25,Andhra Pradesh,YSR Kadapa,Mydukur APMC,Paddy(Common),Sona Mahsuri,Local,2300.0,2500.0,2400.0
2026-07-25,Andhra Pradesh,Nandyal,Banaganapalli APMC,Paddy(Common),Sona Mahsuri,FAQ,2000.0,2400.0,2200.0
2026-07-28,Andhra Pradesh,Nandyal,Banaganapalli APMC,Paddy(Common),Sona Mahsuri,FAQ,2000.0,2400.0,2200.0
2026-07-31,Andhra Pradesh,Nandyal,Panyam APMC,Paddy(Common),Sona Mahsuri,FAQ,2200.0,2400.0,2300.0
2026-07-24,Andhra Pradesh,Palnadu,Rajupalem APMC,Paddy(Common),Common,Non-FAQ,2000.0,2000.0,2000.0
2026-07-26,Andhra Pradesh,Kakinada,Prattipadu APMC,Paddy(Common),Common,FAQ,2369.0,2380.0,2369.0
2026-07-25,Andhra Pradesh,East Godavari,Nidadavolu APMC,Paddy(Common),Common,Local,2445.0,2445.0,2445.0
2026-07-01,Andhra Pradesh,SPSR Nellore,Rapur APMC,Paddy(Common),Common,Local,2330.0,2390.0,2375.0
2026-07-09,Andhra Pradesh,SPSR Nellore,Rapur APMC,Paddy(Common),Common,Local,2320.0,2420.0,2380.0
2026-07-23,Andhra Pradesh,Kakinada,Kakinada (Urban) APMC,Paddy(Common),Common,FAQ,2369.0,2375.0,2370.0
2026-07-03,Andhra Pradesh,Dr.B.R.A.Konaseema,Amalapuram APMC,Paddy(Common),1001,Local,2369.0,2400.0,2369.0
2026-07-04,Andhra Pradesh,Eluru,Polavaram APMC,Paddy(Common),1001,Local,2390.0,2390.0,2390.0
2026-07-06,Andhra Pradesh,Eluru,Polavaram APMC,Paddy(Common),1001,Local,2390.0,2390.0,2390.0
2026-07-08,Andhra Pradesh,Dr.B.R.A.Konaseema,Amalapuram APMC,Paddy(Common),1001,Local,2369.0,2400.0,2369.0
2026-07-06,Andhra Pradesh,Vijayanagaram,Kothavalasa APMC,Paddy(Common),1001,Local,2369.0,2369.0,2369.0
2026-07-09,Andhra Pradesh,Dr.B.R.A.Konaseema,Amalapuram APMC,Paddy(Common),1001,Local,2369.0,2400.0,2369.0
2026-07-06,Andhra Pradesh,NTR,Mylavaram APMC,Paddy(Common),1001,FAQ,2369.0,2369.0,2369.0
2026-07-20,Andhra Pradesh,Dr.B.R.A.Konaseema,Amalapuram APMC,Paddy(Common),1001,FAQ,2369.0,2468.0,2369.0
2026-07-21,Andhra Pradesh,Eluru,Polavaram APMC,Paddy(Common),1001,Local,2445.0,2445.0,2445.0
2026-07-07,Andhra Pradesh,Dr.B.R.A.Konaseema,Amalapuram APMC,Paddy(Common),1001,Local,2369.0,2400.0,2369.0
2026-07-07,Andhra Pradesh,NTR,Mylavaram APMC,Paddy(Common),1001,FAQ,2369.0,2369.0,2369.0
2026-07-09,Andhra Pradesh,NTR,Mylavaram APMC,Paddy(Common),1001,FAQ,2369.0,2369.0,2369.0
2026-07-10,Andhra Pradesh,Vijayanagaram,Kothavalasa APMC,Paddy(Common),1001,Local,2369.0,2369.0,2369.0
2026-07-11,Andhra Pradesh,Eluru,Polavaram APMC,Paddy(Common),1001,Local,2390.0,2390.0,2390.0
2026-07-29,Andhra Pradesh,Kakinada,Karapa APMC,Paddy(Common),1001,FAQ,2364.0,2369.0,2366.0
2026-07-15,Andhra Pradesh,Vijayanagaram,Kothavalasa APMC,Paddy(Common),1001,Local,2369.0,2369.0,2369.0
2026-07-29,Andhra Pradesh,Polavaram,Rampachodvaram APMC,Paddy(Common),1001,FAQ,2369.0,2389.0,2379.0
2026-07-11,Andhra Pradesh,Vijayanagaram,Kothavalasa APMC,Paddy(Common),1001,Local,2369.0,2369.0,2369.0
2026-07-29,Andhra Pradesh,Polavaram,Rampachodvaram APMC,Paddy(Common),1001,Grade Range-2,2369.0,2389.0,2379.0
2026-07-13,Andhra Pradesh,Eluru,Polavaram APMC,Paddy(Common),1001,Local,2390.0,2390.0,2390.0
2026-07-13,Andhra Pradesh,Vijayanagaram,Kothavalasa APMC,Paddy(Common),1001,Local,2369.0,2369.0,2369.0
2026-07-12,Andhra Pradesh,Vijayanagaram,Kothavalasa APMC,Paddy(Common),1001,Local,2369.0,2369.0,2369.0
2026-07-15,Andhra Pradesh,NTR,Mylavaram APMC,Paddy(Common),1001,FAQ,2369.0,2369.0,2369.0
2026-07-30,Andhra Pradesh,Srikakulam,Kanchili APMC,Paddy(Common),1001,FAQ,2400.0,2400.0,2400.0
2026-07-17,Andhra Pradesh,Dr.B.R.A.Konaseema,Amalapuram APMC,Paddy(Common),1001,FAQ,2369.0,2468.0,2369.0
2026-07-29,Andhra Pradesh,Kakinada,Prattipadu APMC,Paddy(Common),1001,FAQ,2369.0,2380.0,2379.0
2026-07-18,Andhra Pradesh,NTR,Mylavaram APMC,Paddy(Common),1001,FAQ,2369.0,2369.0,2369.0
2026-07-22,Andhra Pradesh,Dr.B.R.A.Konaseema,Amalapuram APMC,Paddy(Common),1001,FAQ,2369.0,2468.0,2369.0
2026-07-24,Andhra Pradesh,Srikakulam,Kanchili APMC,Paddy(Common),1001,FAQ,2400.0,2400.0,2400.0
2026-07-22,Andhra Pradesh,Eluru,Ungatur APMC,Paddy(Common),1001,Local,2445.0,2445.0,2445.0
2026-07-21,Andhra Pradesh,NTR,Mylavaram APMC,Paddy(Common),1001,FAQ,2369.0,2369.0,2369.0
2026-07-22,Andhra Pradesh,NTR,Mylavaram APMC,Paddy(Common),1001,FAQ,2369.0,2369.0,2369.0
2026-07-24,Andhra Pradesh,Anakapally,Narsipatnam APMC,Paddy(Common),1001,Local,2390.0,2450.0,2400.0
2026-07-25,Andhra Pradesh,Kakinada,Peddapuram APMC,Paddy(Common),1001,FAQ,2369.0,2390.0,2369.0
2026-07-25,Andhra Pradesh,NTR,Mylavaram APMC,Paddy(Common),1001,FAQ,2369.0,2369.0,2369.0
2026-07-23,Andhra Pradesh,Anakapally,Payakaraopeta APMC,Paddy(Common),1001,Local,2349.0,2369.0,2359.0
2026-07-23,Andhra Pradesh,Eluru,Bhimadole APMC,Paddy(Common),1001,FAQ,2380.0,2390.0,2385.0
2026-07-22,Andhra Pradesh,Kakinada,Sampara (Kakinada Rural) APMC,Paddy(Common),1001,Local,2389.0,2450.0,2400.0
2026-07-23,Andhra Pradesh,Prakasam,Santhamaguluru APMC,Paddy(Common),1001,Local,2400.0,2500.0,2450.0
2026-07-27,Andhra Pradesh,East Godavari,Mandapeta APMC,Paddy(Common),1001,FAQ,2369.0,2400.0,2389.0
2026-07-27,Andhra Pradesh,Krishna,Ghantsala (HQ-Kodali) APMC,Paddy(Common),1001,Local,2441.0,2500.0,2450.0
2026-07-26,Andhra Pradesh,Kakinada,Karapa APMC,Paddy(Common),1001,FAQ,2960.0,2963.0,2962.0
2026-07-24,Andhra Pradesh,Dr.B.R.A.Konaseema,Amalapuram APMC,Paddy(Common),1001,FAQ,2369.0,2468.0,2369.0
2026-07-26,Andhra Pradesh,Anakapally,Yellamanchili APMC,Paddy(Common),1001,Local,2390.0,2450.0,2400.0
2026-07-29,Andhra Pradesh,Kakinada,Peddapuram APMC,Paddy(Common),1001,FAQ,2369.0,2390.0,2369.0
2026-07-25,Andhra Pradesh,Krishna,Ghantsala (HQ-Kodali) APMC,Paddy(Common),1001,Local,2400.0,2550.0,2500.0
2026-07-23,Andhra Pradesh,West Godavari,Bhimavaram APMC,Paddy(Common),1001,Grade Range-1,2369.0,2369.0,2369.0
2026-07-27,Andhra Pradesh,NTR,Mylavaram APMC,Paddy(Common),1001,FAQ,2369.0,2369.0,2369.0
2026-07-26,Andhra Pradesh,Krishna,Gannavaram APMC,Paddy(Common),1001,Local,2369.0,2369.0,2369.0
2026-07-26,Andhra Pradesh,Vijayanagaram,Kothavalasa APMC,Paddy(Common),1001,Local,2369.0,2369.0,2369.0
2026-07-26,Andhra Pradesh,East Godavari,Mandapeta APMC,Paddy(Common),1001,FAQ,2369.0,2400.0,2389.0
2026-07-24,Andhra Pradesh,Eluru,Polavaram APMC,Paddy(Common),1001,Local,2445.0,2445.0,2445.0
2026-07-28,Andhra Pradesh,Guntur,Prathipadu APMC,Paddy(Common),1001,Grade Range-1,2200.0,2425.0,2300.0
2026-07-26,Andhra Pradesh,Anakapally,Narsipatnam APMC,Paddy(Common),1001,Local,2390.0,2450.0,2400.0
2026-07-27,Andhra Pradesh,West Godavari,Penugonda APMC,Paddy(Common),1001,Local,2369.0,2380.0,2370.0
2026-07-27,Andhra Pradesh,NTR,Vijayawada APMC,Paddy(Common),1001,Local,2369.0,2369.0,2369.0
2026-07-28,Andhra Pradesh,Srikakulam,Srikakulam APMC,Paddy(Common),1001,FAQ,2400.0,2400.0,2400.0
2026-07-28,Andhra Pradesh,West Godavari,Tadepalligudem APMC,Paddy(Common),1001,FAQ,2445.0,2445.0,2445.0
2026-07-28,Andhra Pradesh,Krishna,Ghantsala (HQ-Kodali) APMC,Paddy(Common),1001,Local,2200.0,2400.0,2300.0
2026-07-28,Andhra Pradesh,Anakapally,Payakaraopeta APMC,Paddy(Common),1001,Local,2349.0,2369.0,2359.0
2026-07-28,Andhra Pradesh,Eluru,Bhimadole APMC,Paddy(Common),1001,FAQ,2370.0,2380.0,2375.0
2026-07-30,Andhra Pradesh,Krishna,Gannavaram APMC,Paddy(Common),1001,Local,2369.0,2369.0,2369.0
2026-07-30,Andhra Pradesh,Vijayanagaram,Kothavalasa APMC,Paddy(Common),1001,Local,2369.0,2369.0,2369.0
2026-08-01,Andhra Pradesh,Eluru,Ungatur APMC,Paddy(Common),1001,Local,2445.0,2445.0,2445.0
2026-08-03,Andhra Pradesh,Kakinada,Karapa APMC,Paddy(Common),1001,FAQ,2362.0,2369.0,2365.0
2026-08-02,Andhra Pradesh,Kakinada,Karapa APMC,Paddy(Common),1001,FAQ,2363.0,2369.0,2365.0
2026-08-01,Andhra Pradesh,Anakapally,Yellamanchili APMC,Paddy(Common),1001,Local,2390.0,2450.0,2400.0
2026-08-01,Andhra Pradesh,Eluru,Bhimadole APMC,Paddy(Common),1001,FAQ,2380.0,2380.0,2380.0
2026-08-03,Andhra Pradesh,Krishna,Ghantsala (HQ-Kodali) APMC,Paddy(Common),1001,Local,2200.0,2400.0,2300.0
2026-08-03,Andhra Pradesh,NTR,Vijayawada APMC,Paddy(Common),1001,Local,2369.0,2369.0,2369.0
2026-08-04,Andhra Pradesh,Kakinada,Peddapuram APMC,Paddy(Common),1001,FAQ,2369.0,2380.0,2369.0
2026-08-04,Andhra Pradesh,Srikakulam,Kanchili APMC,Paddy(Common),1001,FAQ,2400.0,2400.0,2400.0
2026-08-03,Andhra Pradesh,Anakapally,Narsipatnam APMC,Paddy(Common),1001,Local,2390.0,2450.0,2400.0
2026-08-05,Andhra Pradesh,Polavaram,Rampachodvaram APMC,Paddy(Common),1001,Grade Range-2,2369.0,2389.0,2379.0
2026-08-05,Andhra Pradesh,Eluru,Polavaram APMC,Paddy(Common),1001,Local,2445.0,2445.0,2445.0
2026-08-05,Andhra Pradesh,East Godavari,Mandapeta APMC,Paddy(Common),1001,FAQ,2369.0,2400.0,2389.0
2026-08-04,Andhra Pradesh,Guntur,Prathipadu APMC,Paddy(Common),1001,Grade Range-1,2200.0,2425.0,2300.0
2026-08-05,Andhra Pradesh,Kakinada,Peddapuram APMC,Paddy(Common),1001,FAQ,2369.0,2380.0,2369.0
2026-08-06,Andhra Pradesh,Kakinada,Karapa APMC,Paddy(Common),1001,FAQ,2362.0,2369.0,2366.0
2026-08-03,Andhra Pradesh,West Godavari,Bhimavaram APMC,Paddy(Common),1001,Grade Range-1,2360.0,2360.0,2360.0
2026-08-04,Andhra Pradesh,Polavaram,Rampachodvaram APMC,Paddy(Common),1001,FAQ,2369.0,2489.0,2479.0
2026-08-04,Andhra Pradesh,Kakinada,Prattipadu APMC,Paddy(Common),1001,FAQ,2369.0,2380.0,2379.0
2026-08-04,Andhra Pradesh,Eluru,Polavaram APMC,Paddy(Common),1001,Local,2445.0,2445.0,2445.0
2026-08-04,Andhra Pradesh,Eluru,Bhimadole APMC,Paddy(Common),1001,FAQ,2370.0,2370.0,2370.0
2026-08-05,Andhra Pradesh,Krishna,Gannavaram APMC,Paddy(Common),1001,Local,2369.0,2369.0,2369.0
2026-08-04,Andhra Pradesh,Anakapally,Yellamanchili APMC,Paddy(Common),1001,Local,2390.0,2450.0,2400.0
2026-08-04,Andhra Pradesh,Anakapally,Narsipatnam APMC,Paddy(Common),1001,Local,2390.0,2450.0,2400.0
2026-08-04,Andhra Pradesh,West Godavari,Bhimavaram APMC,Paddy(Common),1001,Grade Range-1,2360.0,2360.0,2360.0
2026-08-05,Andhra Pradesh,West Godavari,Bhimavaram APMC,Paddy(Common),1001,Grade Range-1,2360.0,2360.0,2360.0
2026-08-05,Andhra Pradesh,NTR,Vijayawada APMC,Paddy(Common),1001,Local,2369.0,2369.0,2369.0
2026-07-14,Andhra Pradesh,Dr.B.R.A.Konaseema,Mummidivaram APMC,Paddy(Common),1121,FAQ,2369.0,2468.0,2369.0
2026-07-31,Andhra Pradesh,Srikakulam,Etcherla APMC,Paddy(Common),1121,FAQ,2369.0,2369.0,2369.0
2026-08-02,Andhra Pradesh,West Godavari,Achanta APMC,Paddy(Common),1121,Local,2359.0,2375.0,2369.0
2026-08-05,Andhra Pradesh,Dr.B.R.A.Konaseema,Mummidivaram APMC,Paddy(Common),1121,FAQ,2369.0,2468.0,2369.0
2026-07-01,Andhra Pradesh,Bapatla,Bapatla APMC,Paddy(Common),B P T,Local,2400.0,2500.0,2450.0
2026-07-01,Andhra Pradesh,Krishna,Divi (HQ-Avanigadda) APMC,Paddy(Common),B P T,FAQ,2300.0,2400.0,2350.0
2026-07-01,Andhra Pradesh,NTR,Nandigama APMC,Paddy(Common),B P T,Grade Range-1,1910.0,1910.0,1910.0
2026-07-03,Andhra Pradesh,NTR,Nandigama APMC,Paddy(Common),B P T,Grade Range-1,1870.0,1870.0,1870.0
2026-07-02,Andhra Pradesh,Bapatla,Bapatla APMC,Paddy(Common),B P T,Local,2400.0,2500.0,2450.0
2026-07-04,Andhra Pradesh,Bapatla,Repalli APMC,Paddy(Common),B P T,Local,2400.0,2600.0,2500.0
2026-07-04,Andhra Pradesh,SPSR Nellore,Nellore APMC,Paddy(Common),B P T,FAQ,2300.0,2400.0,2369.0
2026-07-05,Andhra Pradesh,NTR,Nandigama APMC,Paddy(Common),B P T,Grade Range-1,1960.0,1960.0,1960.0
2026-07-04,Andhra Pradesh,Bapatla,Bapatla APMC,Paddy(Common),B P T,Local,2400.0,2500.0,2450.0
2026-07-06,Andhra Pradesh,Bapatla,Repalli APMC,Paddy(Common),B P T,Local,2600.0,2900.0,2700.0
2026-07-08,Andhra Pradesh,Bapatla,Kuchinapudi APMC,Paddy(Common),B P T,Local,2400.0,2500.0,2450.0
2026-07-25,Andhra Pradesh,Kakinada,Pithapuram APMC,Paddy(Common),B P T,FAQ,2369.0,2389.0,2379.0
2026-07-08,Andhra Pradesh,Bapatla,Repalli APMC,Paddy(Common),B P T,Local,2600.0,2900.0,2700.0
2026-07-10,Andhra Pradesh,NTR,Nandigama APMC,Paddy(Common),B P T,Grade Range-1,1910.0,1910.0,1910.0
2026-07-10,Andhra Pradesh,Sri Sathya Sai,Dharmavaram APMC,Paddy(Common),B P T,FAQ,2000.0,2200.0,2100.0
2026-07-13,Andhra Pradesh,Bapatla,Kuchinapudi APMC,Paddy(Common),B P T,Local,2400.0,2500.0,2450.0
2026-07-25,Andhra Pradesh,Prakasam,Darsi APMC,Paddy(Common),B P T,Local,2350.0,2350.0,2350.0
2026-07-28,Andhra Pradesh,Kakinada,Pithapuram APMC,Paddy(Common),B P T,FAQ,2369.0,2389.0,2379.0
2026-07-29,Andhra Pradesh,Kakinada,Pithapuram APMC,Paddy(Common),B P T,FAQ,2369.0,2389.0,2379.0
2026-07-29,Andhra Pradesh,Bapatla,Parchur APMC,Paddy(Common),B P T,Local,2000.0,2600.0,2300.0
2026-07-14,Andhra Pradesh,Bapatla,Repalli APMC,Paddy(Common),B P T,Local,2600.0,2900.0,2700.0
2026-07-15,Andhra Pradesh,Bapatla,Kuchinapudi APMC,Paddy(Common),B P T,Local,2600.0,2700.0,2650.0
2026-07-17,Andhra Pradesh,NTR,Nandigama APMC,Paddy(Common),B P T,Grade Range-1,1990.0,1990.0,1990.0
2026-07-30,Andhra Pradesh,Prakasam,Darsi APMC,Paddy(Common),B P T,Local,2350.0,2400.0,2400.0
2026-07-18,Andhra Pradesh,Sri Sathya Sai,Dharmavaram APMC,Paddy(Common),B P T,FAQ,2000.0,2200.0,2100.0
2026-07-21,Andhra Pradesh,Bapatla,Kuchinapudi APMC,Paddy(Common),B P T,Local,2700.0,2900.0,2800.0
2026-07-22,Andhra Pradesh,Krishna,Pamarru APMC,Paddy(Common),B P T,Local,3254.665853,3307.999173,3294.665843
2026-07-24,Andhra Pradesh,Bapatla,Kuchinapudi APMC,Paddy(Common),B P T,Local,3300.0,3500.0,3400.0
2026-07-24,Andhra Pradesh,Kakinada,Kakinada (Urban) APMC,Paddy(Common),B P T,FAQ,2389.0,2600.0,2550.0
2026-07-22,Andhra Pradesh,Sri Sathya Sai,Dharmavaram APMC,Paddy(Common),B P T,FAQ,2100.0,2300.0,2200.0
2026-07-25,Andhra Pradesh,Bapatla,Bapatla APMC,Paddy(Common),B P T,Local,2400.0,2500.0,2450.0
2026-07-25,Andhra Pradesh,Palnadu,Sattenapalli APMC,Paddy(Common),B P T,FAQ,2350.0,2500.0,2400.0
2026-07-23,Andhra Pradesh,NTR,Nandigama APMC,Paddy(Common),B P T,Grade Range-1,2250.0,2250.0,2250.0
2026-07-23,Andhra Pradesh,Sri Sathya Sai,Dharmavaram APMC,Paddy(Common),B P T,FAQ,2000.0,2200.0,2100.0
2026-07-27,Andhra Pradesh,Prakasam,Maddipadu APMC,Paddy(Common),B P T,FAQ,2450.0,2450.0,2450.0
2026-07-24,Andhra Pradesh,Guntur,Mangalagiri APMC,Paddy(Common),B P T,FAQ,2450.0,2450.0,2450.0
2026-07-24,Andhra Pradesh,Palnadu,Macharla APMC,Paddy(Common),B P T,Grade Range-1,2360.0,2360.0,2360.0
2026-07-24,Andhra Pradesh,Krishna,Machilipatnam APMC,Paddy(Common),B P T,Local,2906.66594,3158.665877,2999.99925
2026-07-28,Andhra Pradesh,Prakasam,Ongole APMC,Paddy(Common),B P T,Local,2500.0,2500.0,2500.0
2026-07-25,Andhra Pradesh,Bapatla,Repalli APMC,Paddy(Common),B P T,Local,3000.0,3300.0,3100.0
2026-07-26,Andhra Pradesh,Prakasam,Darsi APMC,Paddy(Common),B P T,Local,2350.0,2350.0,2350.0
2026-07-26,Andhra Pradesh,Prakasam,Santhamaguluru APMC,Paddy(Common),B P T,Local,2400.0,2450.0,2430.0
2026-07-27,Andhra Pradesh,Palnadu,Macharla APMC,Paddy(Common),B P T,Grade Range-2,2360.0,2360.0,2360.0
2026-07-29,Andhra Pradesh,Tirupathi,Vakadu APMC,Paddy(Common),B P T,Local,2389.0,2410.0,2400.0
2026-07-31,Andhra Pradesh,Prakasam,Maddipadu APMC,Paddy(Common),B P T,FAQ,2500.0,2500.0,2500.0
2026-07-27,Andhra Pradesh,SPSR Nellore,Nellore APMC,Paddy(Common),B P T,FAQ,2445.0,2501.0,2480.0
2026-07-27,Andhra Pradesh,Krishna,Pamarru APMC,Paddy(Common),B P T,Local,2441.0,2481.0,2471.0
2026-07-28,Andhra Pradesh,Bapatla,Kuchinapudi APMC,Paddy(Common),B P T,Local,3100.0,3300.0,3200.0
2026-07-30,Andhra Pradesh,Guntur,Mangalagiri APMC,Paddy(Common),B P T,FAQ,2480.0,2480.0,2480.0
2026-07-31,Andhra Pradesh,Bapatla,Repalli APMC,Paddy(Common),B P T,Local,3200.0,3500.0,3400.0
2026-07-28,Andhra Pradesh,SPSR Nellore,Nellore APMC,Paddy(Common),B P T,FAQ,2370.0,2500.0,2450.0
2026-07-29,Andhra Pradesh,Palnadu,Sattenapalli APMC,Paddy(Common),B P T,FAQ,2350.0,2500.0,2400.0
2026-07-29,Andhra Pradesh,Krishna,Pamarru APMC,Paddy(Common),B P T,Local,2441.0,2481.0,2471.0
2026-07-31,Andhra Pradesh,YSR Kadapa,Kamalapuram APMC,Paddy(Common),B P T,Local,2450.0,2450.0,2450.0
2026-07-30,Andhra Pradesh,Palnadu,Sattenapalli APMC,Paddy(Common),B P T,FAQ,2350.0,2500.0,2400.0
2026-07-30,Andhra Pradesh,Palnadu,Krosuru APMC,Paddy(Common),B P T,FAQ,2200.0,2600.0,2400.0
2026-07-30,Andhra Pradesh,Krishna,Pamarru APMC,Paddy(Common),B P T,Local,2441.0,2481.0,2471.0
2026-07-31,Andhra Pradesh,Bapatla,Kuchinapudi APMC,Paddy(Common),B P T,Local,3300.0,3500.0,3400.0
2026-08-01,Andhra Pradesh,Kakinada,Pithapuram APMC,Paddy(Common),B P T,FAQ,2369.0,2389.0,2379.0
2026-08-01,Andhra Pradesh,YSR Kadapa,Kamalapuram APMC,Paddy(Common),B P T,Local,2450.0,2450.0,2450.0
2026-08-01,Andhra Pradesh,Palnadu,Macharla APMC,Paddy(Common),B P T,Grade Range-1,2400.0,2400.0,2400.0
2026-08-02,Andhra Pradesh,Kakinada,Pithapuram APMC,Paddy(Common),B P T,FAQ,2369.0,2389.0,2379.0
2026-08-01,Andhra Pradesh,Bapatla,Kuchinapudi APMC,Paddy(Common),B P T,Local,3000.0,3200.0,3100.0
2026-08-03,Andhra Pradesh,Prakasam,Maddipadu APMC,Paddy(Common),B P T,FAQ,2500.0,2500.0,2500.0
2026-08-02,Andhra Pradesh,Prakasam,Darsi APMC,Paddy(Common),B P T,Local,2350.0,2400.0,2400.0
2026-08-02,Andhra Pradesh,Bapatla,Repalli APMC,Paddy(Common),B P T,Local,3200.0,3600.0,3400.0
2026-08-03,Andhra Pradesh,Bapatla,Chirala APMC,Paddy(Common),B P T,Local,2400.0,2500.0,2450.0
2026-08-03,Andhra Pradesh,Bapatla,Kuchinapudi APMC,Paddy(Common),B P T,Local,3200.0,3400.0,3300.0
2026-08-03,Andhra Pradesh,Prakasam,Santhamaguluru APMC,Paddy(Common),B P T,FAQ,2500.0,2500.0,2500.0
2026-08-04,Andhra Pradesh,Kakinada,Pithapuram APMC,Paddy(Common),B P T,FAQ,2369.0,2389.0,2379.0
2026-08-03,Andhra Pradesh,Palnadu,Macharla APMC,Paddy(Common),B P T,Grade Range-1,2450.0,2450.0,2450.0
2026-08-05,Andhra Pradesh,Bapatla,Parchur APMC,Paddy(Common),B P T,Local,2500.0,2700.0,2600.0
2026-08-04,Andhra Pradesh,Prakasam,Santhamaguluru APMC,Paddy(Common),B P T,FAQ,2450.0,2500.0,2500.0
2026-08-03,Andhra Pradesh,Krishna,Machilipatnam APMC,Paddy(Common),B P T,Local,2733.33265,2999.99925,2866.66595
2026-08-03,Andhra Pradesh,Sri Sathya Sai,Dharmavaram APMC,Paddy(Common),B P T,FAQ,2000.0,2200.0,2100.0
2026-08-05,Andhra Pradesh,Prakasam,Darsi APMC,Paddy(Common),B P T,Local,2350.0,2400.0,2400.0
2026-08-04,Andhra Pradesh,Tirupathi,Vakadu APMC,Paddy(Common),B P T,Local,2389.0,2410.0,2400.0
2026-08-04,Andhra Pradesh,Bapatla,Bapatla APMC,Paddy(Common),B P T,Local,2400.0,2500.0,2450.0
2026-08-04,Andhra Pradesh,Palnadu,Krosuru APMC,Paddy(Common),B P T,FAQ,2200.0,2600.0,2400.0
2026-08-05,Andhra Pradesh,Bapatla,Bapatla APMC,Paddy(Common),B P T,Local,2400.0,2500.0,2450.0
2026-08-04,Andhra Pradesh,Bapatla,Kuchinapudi APMC,Paddy(Common),B P T,Local,3000.0,3200.0,3100.0
2026-08-05,Andhra Pradesh,Palnadu,Macharla APMC,Paddy(Common),B P T,Grade Range-1,2450.0,2450.0,2450.0
2026-08-05,Andhra Pradesh,SPSR Nellore,Nellore APMC,Paddy(Common),B P T,FAQ,2440.0,2510.0,2470.0
2026-07-26,Andhra Pradesh,Bapatla,Chirala APMC,Paddy(Common),B. T.,Local,2400.0,2500.0,2450.0
2026-03-28,Andhra Pradesh,East Godavari,Jaggampet APMC,Paddy(Common),Common,FAQ,2369.0,2379.0,2369.0
2026-02-16,Andhra Pradesh,Nellore,Rapur APMC,Paddy(Common),Common,Local,2380.0,2440.0,2420.0
2026-02-27,Andhra Pradesh,Nellore,Rapur APMC,Paddy(Common),Common,Local,2375.0,2415.0,2395.0
2026-02-10,Andhra Pradesh,Nellore,Rapur APMC,Paddy(Common),Common,Local,2380.0,2460.0,2430.0
2026-02-07,Andhra Pradesh,Alluri Sitharama Raju,Rampachodvaram APMC,Paddy(Common),1001,Grade Range-2,2370.0,2370.0,2370.0
2026-02-17,Andhra Pradesh,Krishna,Divi APMC,Paddy(Common),B P T,FAQ,2300.0,2400.0,2350.0
2026-02-27,Andhra Pradesh,Krishna,Divi APMC,Paddy(Common),B P T,FAQ,2300.0,2400.0,2350.0
2026-01-02,Andhra Pradesh,Alluri Sitharama Raju,Rampachodvaram APMC,Paddy(Common),1001,Grade Range-2,2370.0,2370.0,2370.0
2026-01-05,Andhra Pradesh,Alluri Sitharama Raju,Rampachodvaram APMC,Paddy(Common),1001,Grade Range-2,2370.0,2370.0,2370.0
2026-01-06,Andhra Pradesh,Alluri Sitharama Raju,Rampachodvaram APMC,Paddy(Common),1001,Grade Range-2,2370.0,2370.0,2370.0
2026-01-27,Andhra Pradesh,Alluri Sitharama Raju,Rampachodvaram APMC,Paddy(Common),1001,Grade Range-2,2370.0,2370.0,2370.0
2026-01-29,Andhra Pradesh,Alluri Sitharama Raju,Rampachodvaram APMC,Paddy(Common),1001,Grade Range-2,2370.0,2370.0,2370.0
2026-01-23,Andhra Pradesh,Krishna,Divi APMC,Paddy(Common),B P T,FAQ,2300.0,2400.0,2350.0
2026-01-31,Andhra Pradesh,Krishna,Divi APMC,Paddy(Common),B P T,FAQ,2300.0,2400.0,2350.0
2026-01-03,Andhra Pradesh,East Godavari,Jaggampet APMC,Paddy(Common),Common,FAQ,2369.0,2379.0,2379.0
2026-01-03,Andhra Pradesh,Kurnool,Nandyal APMC,Paddy(Common),Sona Mahsuri,Grade Range-2,2812.0,2812.0,2812.0
2026-01-27,Andhra Pradesh,Kurnool,Nandyal APMC,Paddy(Common),Sona Mahsuri,Grade Range-1,2200.0,2200.0,2200.0
2026-01-28,Andhra Pradesh,Kurnool,Nandyal APMC,Paddy(Common),Sona Mahsuri,Grade Range-1,2300.0,2300.0,2300.0
2026-01-31,Andhra Pradesh,Kurnool,Nandyal APMC,Paddy(Common),Sona Mahsuri,Grade Range-1,2361.0,2361.0,2361.0
2025-12-03,Andhra Pradesh,Krishna,Divi APMC,Paddy(Common),B P T,FAQ,2300.0,2400.0,2350.0
2025-12-01,Andhra Pradesh,East Godavari,Jaggampet APMC,Paddy(Common),Common,FAQ,2369.0,2379.0,2379.0
2025-12-01,Andhra Pradesh,Alluri Sitharama Raju,Rampachodvaram APMC,Paddy(Common),1001,Grade Range-2,2370.0,2370.0,2370.0
2025-12-05,Andhra Pradesh,Alluri Sitharama Raju,Rampachodvaram APMC,Paddy(Common),1001,Grade Range-2,2370.0,2370.0,2370.0
2025-12-18,Andhra Pradesh,Alluri Sitharama Raju,Rampachodvaram APMC,Paddy(Common),1001,Grade Range-2,2370.0,2370.0,2370.0
2025-12-29,Andhra Pradesh,Alluri Sitharama Raju,Rampachodvaram APMC,Paddy(Common),1001,Grade Range-2,2370.0,2370.0,2370.0
2025-12-16,Andhra Pradesh,East Godavari,Jaggampet APMC,Paddy(Common),Common,FAQ,2369.0,2379.0,2379.0
2025-12-30,Andhra Pradesh,East Godavari,Jaggampet APMC,Paddy(Common),Common,FAQ,2369.0,2379.0,2379.0
2025-12-23,Andhra Pradesh,Visakhapatnam,Chintapally APMC,Paddy(Common),Paddy,FAQ,2370.0,2370.0,2370.0
2025-12-08,Andhra Pradesh,Krishna,Tiruvuru APMC,Paddy(Common),Sona,Local,2450.0,2450.0,2450.0
2025-12-08,Andhra Pradesh,Kurnool,Nandyal APMC,Paddy(Common),Sona Mahsuri,Grade Range-2,2200.0,2200.0,2200.0
2025-12-16,Andhra Pradesh,Kurnool,Nandyal APMC,Paddy(Common),Sona Mahsuri,Grade Range-1,2000.0,2000.0,2000.0
2025-12-29,Andhra Pradesh,Kurnool,Nandyal APMC,Paddy(Common),Sona Mahsuri,Grade Range-2,1800.0,1800.0,1800.0
2025-11-13,Andhra Pradesh,East Godavari,Jaggampet APMC,Paddy(Common),Common,FAQ,2369.0,2379.0,2379.0
2025-11-11,Andhra Pradesh,Krishna,Divi APMC,Paddy(Common),B P T,FAQ,2300.0,2400.0,2350.0
2025-11-04,Andhra Pradesh,Krishna,Divi APMC,Paddy(Common),B P T,FAQ,2300.0,2350.0,2325.0
2025-11-24,Andhra Pradesh,East Godavari,Jaggampet APMC,Paddy(Common),Common,FAQ,2369.0,2379.0,2379.0
2025-11-20,Andhra Pradesh,East Godavari,Jaggampet APMC,Paddy(Common),Common,FAQ,2369.0,2379.0,2379.0
2025-11-07,Andhra Pradesh,Kurnool,Nandyal APMC,Paddy(Common),Paddy,Non-FAQ,2300.0,2300.0,2300.0
2025-11-14,Andhra Pradesh,Kurnool,Nandyal APMC,Paddy(Common),Sona Mahsuri,Grade Range-2,2100.0,2100.0,2100.0
2025-11-22,Andhra Pradesh,Kurnool,Nandyal APMC,Paddy(Common),Sona Mahsuri,Grade Range-1,2500.0,2500.0,2500.0
2025-11-24,Andhra Pradesh,Kurnool,Nandyal APMC,Paddy(Common),Sona Mahsuri,Grade Range-1,2400.0,2400.0,2400.0
2025-11-07,Andhra Pradesh,Krishna,Tiruvuru APMC,Paddy(Common),Sona,Grade Range-1,2400.0,2400.0,2400.0
2025-11-12,Andhra Pradesh,Krishna,Tiruvuru APMC,Paddy(Common),Sona,Local,2350.0,2350.0,2350.0
2025-11-06,Andhra Pradesh,Krishna,Tiruvuru APMC,Paddy(Common),Sona,FAQ,2400.0,2800.0,2600.0
2025-11-26,Andhra Pradesh,Krishna,Tiruvuru APMC,Paddy(Common),Sona,Local,2450.0,2450.0,2450.0
2025-11-27,Andhra Pradesh,Krishna,Tiruvuru APMC,Paddy(Common),Sona,Local,2450.0,2450.0,2450.0
2026-04-24,Andhra Pradesh,Nellore,Rapur APMC,Paddy(Common),Common,Local,2370.0,2430.0,2400.0
2026-03-16,Andhra Pradesh,Nellore,Rapur APMC,Paddy(Common),Common,Local,2370.0,2450.0,2430.0
2026-03-18,Andhra Pradesh,East Godavari,Jaggampet APMC,Paddy(Common),Common,FAQ,2369.0,2379.0,2379.0
2026-03-24,Andhra Pradesh,Nellore,Rapur APMC,Paddy(Common),Common,Local,2390.0,2470.0,2450.0
2026-03-20,Andhra Pradesh,East Godavari,Jaggampet APMC,Paddy(Common),Common,FAQ,2369.0,2379.0,2369.0
2026-03-26,Andhra Pradesh,East Godavari,Jaggampet APMC,Paddy(Common),Common,FAQ,2369.0,2379.0,2369.0
2026-03-29,Andhra Pradesh,East Godavari,Jaggampet APMC,Paddy(Common),Common,FAQ,2369.0,2379.0,2379.0
2026-03-11,Andhra Pradesh,Nellore,Atmakur(SPS) APMC,Paddy(Common),Nellore Sanna,FAQ,2320.0,2400.0,2369.0
2026-03-15,Andhra Pradesh,Nellore,Atmakur(SPS) APMC,Paddy(Common),Nellore Sanna,FAQ,2320.0,2400.0,2369.0
2026-03-22,Andhra Pradesh,Nellore,Atmakur(SPS) APMC,Paddy(Common),Nellore Sanna,FAQ,2300.0,2400.0,2369.0
2026-03-26,Andhra Pradesh,Nellore,Atmakur(SPS) APMC,Paddy(Common),Nellore Sanna,FAQ,2300.0,2400.0,2369.0
2026-04-22,Andhra Pradesh,Krishna,Divi (HQ-Avanigadda) APMC,Paddy(Common),B P T,FAQ,2300.0,2400.0,2350.0
2026-04-29,Andhra Pradesh,Krishna,Divi (HQ-Avanigadda) APMC,Paddy(Common),B P T,FAQ,2300.0,2400.0,2350.0
2026-04-04,Andhra Pradesh,SPSR Nellore,Rapur APMC,Paddy(Common),Common,Local,2390.0,2490.0,2460.0
2026-04-07,Andhra Pradesh,SPSR Nellore,Rapur APMC,Paddy(Common),Common,Local,2390.0,2460.0,2430.0
2026-04-09,Andhra Pradesh,SPSR Nellore,Rapur APMC,Paddy(Common),Common,Local,2390.0,2490.0,2460.0
2026-04-12,Andhra Pradesh,Kakinada,Jaggampet APMC,Paddy(Common),Common,FAQ,2369.0,2379.0,2379.0
2026-04-13,Andhra Pradesh,Kakinada,Jaggampet APMC,Paddy(Common),Common,FAQ,2369.0,2379.0,2379.0
2026-04-19,Andhra Pradesh,Kakinada,Jaggampet APMC,Paddy(Common),Common,FAQ,2369.0,2379.0,2379.0
2026-04-20,Andhra Pradesh,Kakinada,Jaggampet APMC,Paddy(Common),Common,FAQ,2369.0,2379.0,2379.0
2026-04-22,Andhra Pradesh,Kakinada,Jaggampet APMC,Paddy(Common),Common,FAQ,2369.0,2379.0,2379.0
2026-04-25,Andhra Pradesh,Kakinada,Jaggampet APMC,Paddy(Common),Common,FAQ,2369.0,2379.0,2379.0
2026-04-28,Andhra Pradesh,Kakinada,Jaggampet APMC,Paddy(Common),Common,FAQ,2369.0,2379.0,2379.0
2026-04-30,Andhra Pradesh,SPSR Nellore,Rapur APMC,Paddy(Common),Common,Local,2370.0,2430.0,2420.0
2026-04-06,Andhra Pradesh,Nellore,Atmakur(SPS) APMC,Paddy(Common),Nellore Sanna,FAQ,2300.0,2400.0,2369.0
2026-04-13,Andhra Pradesh,Nellore,Atmakur(SPS) APMC,Paddy(Common),Nellore Sanna,FAQ,2300.0,2400.0,2369.0
2026-04-12,Andhra Pradesh,Nellore,Atmakur(SPS) APMC,Paddy(Common),Nellore Sanna,FAQ,2300.0,2400.0,2369.0
2026-04-16,Andhra Pradesh,Nellore,Atmakur(SPS) APMC,Paddy(Common),Nellore Sanna,FAQ,2300.0,2400.0,2369.0
2026-04-20,Andhra Pradesh,Nellore,Atmakur(SPS) APMC,Paddy(Common),Nellore Sanna,FAQ,2300.0,2400.0,2369.0
2026-04-21,Andhra Pradesh,Nellore,Atmakur(SPS) APMC,Paddy(Common),Nellore Sanna,FAQ,2300.0,2400.0,2369.0
2026-04-24,Andhra Pradesh,Nellore,Atmakur(SPS) APMC,Paddy(Common),Nellore Sanna,FAQ,2300.0,2400.0,2369.0
2026-05-14,Andhra Pradesh,Nellore,Atmakur(SPS) APMC,Paddy(Common),Nellore Sanna,FAQ,2300.0,2400.0,2369.0
2026-05-11,Andhra Pradesh,Nellore,Rapur APMC,Paddy(Common),Common,Local,2370.0,2420.0,2390.0
2026-05-21,Andhra Pradesh,Nellore,Rapur APMC,Paddy(Common),Common,Local,2370.0,2410.0,2390.0
2026-04-18,Andhra Pradesh,Nellore,Rapur APMC,Paddy(Common),Common,Local,2380.0,2460.0,2420.0
2026-05-05,Andhra Pradesh,Krishna,Divi APMC,Paddy(Common),B P T,FAQ,2300.0,2500.0,2400.0
2026-04-01,Andhra Pradesh,Nellore,Rapur APMC,Paddy(Common),Common,Local,2390.0,2490.0,2450.0
2026-04-04,Andhra Pradesh,Nellore,Rapur APMC,Paddy(Common),Common,Local,2390.0,2490.0,2460.0
2026-04-15,Andhra Pradesh,Nellore,Rapur APMC,Paddy(Common),Common,Local,2390.0,2470.0,2430.0
2026-04-06,Andhra Pradesh,East Godavari,Jaggampet APMC,Paddy(Common),Common,FAQ,2369.0,2379.0,2379.0
2026-04-26,Andhra Pradesh,East Godavari,Jaggampet APMC,Paddy(Common),Common,FAQ,2369.0,2379.0,2379.0
2026-05-03,Andhra Pradesh,East Godavari,Jaggampet APMC,Paddy(Common),Common,FAQ,2369.0,2379.0,2379.0
2026-05-07,Andhra Pradesh,East Godavari,Jaggampet APMC,Paddy(Common),Common,FAQ,2369.0,2379.0,2379.0
2026-04-03,Andhra Pradesh,SPSR Nellore,Atmakur (SPSR Nellore District) APMC,Paddy(Common),Nellore Sanna,FAQ,2300.0,2400.0,2369.0
2026-04-07,Andhra Pradesh,SPSR Nellore,Atmakur (SPSR Nellore District) APMC,Paddy(Common),Nellore Sanna,FAQ,2300.0,2400.0,2369.0
2026-04-09,Andhra Pradesh,SPSR Nellore,Atmakur (SPSR Nellore District) APMC,Paddy(Common),Nellore Sanna,FAQ,2300.0,2400.0,2369.0
2026-04-16,Andhra Pradesh,SPSR Nellore,Atmakur (SPSR Nellore District) APMC,Paddy(Common),Nellore Sanna,FAQ,2300.0,2400.0,2369.0
2026-04-20,Andhra Pradesh,SPSR Nellore,Atmakur (SPSR Nellore District) APMC,Paddy(Common),Nellore Sanna,FAQ,2300.0,2400.0,2369.0
2026-04-27,Andhra Pradesh,SPSR Nellore,Atmakur (SPSR Nellore District) APMC,Paddy(Common),Nellore Sanna,FAQ,2300.0,2400.0,2369.0
2026-05-14,Andhra Pradesh,SPSR Nellore,Atmakur (SPSR Nellore District) APMC,Paddy(Common),Nellore Sanna,FAQ,2300.0,2400.0,2369.0
2026-05-28,Andhra Pradesh,Vijayanagaram,Kothavalasa APMC,Paddy(Common),1001,Local,2369.0,2369.0,2369.0
2026-05-21,Andhra Pradesh,Krishna,Divi (HQ-Avanigadda) APMC,Paddy(Common),B P T,FAQ,2300.0,2400.0,2350.0
2026-05-30,Andhra Pradesh,NTR,Nandigama APMC,Paddy(Common),B P T,Grade Range-1,1800.0,1800.0,1800.0
2026-05-14,Andhra Pradesh,SPSR Nellore,Rapur APMC,Paddy(Common),Common,Local,2370.0,2420.0,2390.0
2026-05-22,Andhra Pradesh,SPSR Nellore,Rapur APMC,Paddy(Common),Common,Local,2370.0,2410.0,2390.0
2026-05-26,Andhra Pradesh,SPSR Nellore,Rapur APMC,Paddy(Common),Common,Local,2370.0,2410.0,2380.0
2026-07-27,Andhra Pradesh,NTR,Nandigama APMC,Paddy(Common),B P T,Grade Range-1,2250.0,2250.0,2250.0
2026-06-08,Andhra Pradesh,Krishna,Penamaluru (HQ-Kankipadu) APMC,Paddy(Common),MTU-1001,Local,2369.0,2369.0,2369.0
2026-06-15,Andhra Pradesh,Krishna,Penamaluru (HQ-Kankipadu) APMC,Paddy(Common),MTU-1001,Local,2369.0,2369.0,2369.0
2026-06-05,Andhra Pradesh,East Godavari,Kovvur APMC,Paddy(Common),MTU-1010,Grade Range-2,2400.0,2400.0,2400.0
2026-06-09,Andhra Pradesh,East Godavari,Kovvur APMC,Paddy(Common),MTU-1010,Grade Range-2,2400.0,2400.0,2400.0
2026-06-19,Andhra Pradesh,East Godavari,Kovvur APMC,Paddy(Common),MTU-1010,Grade Range-2,2400.0,2400.0,2400.0
2026-06-24,Andhra Pradesh,East Godavari,Kovvur APMC,Paddy(Common),MTU-1010,Grade Range-2,2400.0,2400.0,2400.0
2026-06-29,Andhra Pradesh,East Godavari,Kovvur APMC,Paddy(Common),MTU-1010,Grade Range-2,2400.0,2400.0,2400.0
2026-06-05,Andhra Pradesh,Bapatla,Kuchinapudi APMC,Paddy(Common),B P T,Local,2400.0,2500.0,2450.0
2026-06-08,Andhra Pradesh,NTR,Nandigama APMC,Paddy(Common),B P T,Grade Range-1,1820.0,1820.0,1820.0
2026-06-16,Andhra Pradesh,Bapatla,Kuchinapudi APMC,Paddy(Common),B P T,Local,2400.0,2500.0,2450.0
2026-06-17,Andhra Pradesh,NTR,Nandigama APMC,Paddy(Common),B P T,Grade Range-1,1820.0,1820.0,1820.0
2026-06-18,Andhra Pradesh,NTR,Nandigama APMC,Paddy(Common),B P T,Grade Range-1,1850.0,1850.0,1850.0
2026-06-19,Andhra Pradesh,Bapatla,Bapatla APMC,Paddy(Common),B P T,Local,2400.0,2500.0,2450.0
2026-06-27,Andhra Pradesh,NTR,Nandigama APMC,Paddy(Common),B P T,Grade Range-1,1930.0,1930.0,1930.0
2026-06-29,Andhra Pradesh,Dr.B.R.A.Konaseema,Mummidivaram APMC,Paddy(Common),1121,FAQ,2369.0,2468.0,2369.0
2026-06-02,Andhra Pradesh,Bapatla,Bapatla APMC,Paddy(Common),B P T,Local,2400.0,2500.0,2450.0
2026-06-02,Andhra Pradesh,Bapatla,Kuchinapudi APMC,Paddy(Common),B P T,Local,2400.0,2500.0,2450.0
2026-06-07,Andhra Pradesh,NTR,Nandigama APMC,Paddy(Common),B P T,Grade Range-1,1810.0,1810.0,1810.0
2026-06-08,Andhra Pradesh,Bapatla,Bapatla APMC,Paddy(Common),B P T,Local,2400.0,2500.0,2450.0
2026-06-15,Andhra Pradesh,Bapatla,Bapatla APMC,Paddy(Common),B P T,Local,2400.0,2500.0,2450.0
2026-06-19,Andhra Pradesh,Bapatla,Kuchinapudi APMC,Paddy(Common),B P T,Local,2400.0,2500.0,2450.0
2026-06-19,Andhra Pradesh,Bapatla,Repalli APMC,Paddy(Common),B P T,Local,2400.0,2500.0,2450.0
2026-06-23,Andhra Pradesh,NTR,Nandigama APMC,Paddy(Common),B P T,Grade Range-1,1820.0,1820.0,1820.0
2026-06-19,Andhra Pradesh,Krishna,Divi (HQ-Avanigadda) APMC,Paddy(Common),B P T,FAQ,2350.0,2500.0,2400.0
2026-06-27,Andhra Pradesh,Bapatla,Kuchinapudi APMC,Paddy(Common),B P T,Local,2400.0,2500.0,2450.0
2026-06-21,Andhra Pradesh,Dr.B.R.A.Konaseema,Mummidivaram APMC,Paddy(Common),1121,FAQ,2369.0,2468.0,2369.0
2026-06-24,Andhra Pradesh,Dr.B.R.A.Konaseema,Mummidivaram APMC,Paddy(Common),1121,FAQ,2369.0,2468.0,2369.0
2026-06-28,Andhra Pradesh,Dr.B.R.A.Konaseema,Mummidivaram APMC,Paddy(Common),1121,FAQ,2369.0,2468.0,2369.0
2026-06-05,Andhra Pradesh,Dr.B.R.A.Konaseema,Ramachandrapuram APMC,Paddy(Common),Paddy,FAQ,2369.0,2380.0,2369.0
2026-06-08,Andhra Pradesh,Dr.B.R.A.Konaseema,Mummidivaram APMC,Paddy(Common),Paddy,FAQ,2369.0,2468.0,2369.0
2026-06-23,Andhra Pradesh,Dr.B.R.A.Konaseema,Ramachandrapuram APMC,Paddy(Common),Paddy,FAQ,2369.0,2381.0,2369.0
2026-06-20,Andhra Pradesh,Dr.B.R.A.Konaseema,Ramachandrapuram APMC,Paddy(Common),Paddy,FAQ,2369.0,2383.0,2369.0
2026-06-29,Andhra Pradesh,Dr.B.R.A.Konaseema,Ramachandrapuram APMC,Paddy(Common),Paddy,FAQ,2369.0,2387.0,2369.0
2026-06-03,Andhra Pradesh,NTR,Tiruvuru APMC,Paddy(Common),Sona,Local,2400.0,2400.0,2400.0
2026-06-05,Andhra Pradesh,Eluru,Nuzvid APMC,Paddy(Common),Sona,Local,2390.0,2390.0,2390.0
2026-06-10,Andhra Pradesh,NTR,Tiruvuru APMC,Paddy(Common),Sona,Local,2400.0,2400.0,2400.0
2026-06-16,Andhra Pradesh,NTR,Tiruvuru APMC,Paddy(Common),Sona,Local,2450.0,2450.0,2450.0
2026-06-07,Andhra Pradesh,Krishna,Penamaluru (HQ-Kankipadu) APMC,Paddy(Common),MTU-1001,Local,2369.0,2369.0,2369.0
2026-06-03,Andhra Pradesh,East Godavari,Kovvur APMC,Paddy(Common),MTU-1010,Grade Range-2,2400.0,2400.0,2400.0
2026-06-03,Andhra Pradesh,Eluru,Polavaram APMC,Paddy(Common),1001,Local,2369.0,2369.0,2369.0
2026-06-02,Andhra Pradesh,Vijayanagaram,Kothavalasa APMC,Paddy(Common),1001,Local,2369.0,2369.0,2369.0
2026-06-12,Andhra Pradesh,Eluru,Polavaram APMC,Paddy(Common),1001,Local,2389.0,2389.0,2389.0
2026-06-09,Andhra Pradesh,NTR,Mylavaram APMC,Paddy(Common),1001,FAQ,2369.0,2369.0,2369.0
2026-06-12,Andhra Pradesh,Dr.B.R.A.Konaseema,Amalapuram APMC,Paddy(Common),1001,Local,2369.0,2400.0,2369.0
2026-06-17,Andhra Pradesh,Eluru,Polavaram APMC,Paddy(Common),1001,Local,2390.0,2390.0,2390.0
2026-06-30,Andhra Pradesh,Dr.B.R.A.Konaseema,Amalapuram APMC,Paddy(Common),1001,Local,2369.0,2400.0,2369.0
2026-06-16,Andhra Pradesh,Eluru,Polavaram APMC,Paddy(Common),1001,Local,2389.0,2389.0,2389.0
2026-06-24,Andhra Pradesh,Eluru,Polavaram APMC,Paddy(Common),1001,Local,2390.0,2390.0,2390.0
2026-06-19,Andhra Pradesh,Dr.B.R.A.Konaseema,Amalapuram APMC,Paddy(Common),1001,Local,2369.0,2400.0,2369.0
2026-06-04,Andhra Pradesh,Vijayanagaram,Kothavalasa APMC,Paddy(Common),1001,Grade Range-1,2369.0,2369.0,2369.0
2026-06-12,Andhra Pradesh,NTR,Mylavaram APMC,Paddy(Common),1001,FAQ,2369.0,2369.0,2369.0
2026-06-08,Andhra Pradesh,NTR,Mylavaram APMC,Paddy(Common),1001,FAQ,2369.0,2369.0,2369.0
2026-06-10,Andhra Pradesh,Dr.B.R.A.Konaseema,Amalapuram APMC,Paddy(Common),1001,Local,2369.0,2400.0,2369.0
2026-06-11,Andhra Pradesh,Dr.B.R.A.Konaseema,Amalapuram APMC,Paddy(Common),1001,Local,2369.0,2400.0,2369.0
2026-06-15,Andhra Pradesh,Dr.B.R.A.Konaseema,Amalapuram APMC,Paddy(Common),1001,Local,2369.0,2400.0,2369.0
2026-06-29,Andhra Pradesh,Eluru,Polavaram APMC,Paddy(Common),1001,Local,2389.0,2389.0,2389.0
2026-06-19,Andhra Pradesh,Eluru,Polavaram APMC,Paddy(Common),1001,Local,2390.0,2390.0,2390.0
2026-06-24,Andhra Pradesh,NTR,Mylavaram APMC,Paddy(Common),1001,FAQ,2369.0,2369.0,2369.0
2026-07-01,Andhra Pradesh,NTR,Mylavaram APMC,Paddy(Common),1001,FAQ,2369.0,2369.0,2369.0
2026-07-03,Andhra Pradesh,NTR,Mylavaram APMC,Paddy(Common),1001,FAQ,2369.0,2369.0,2369.0
2026-07-02,Andhra Pradesh,Vijayanagaram,Kothavalasa APMC,Paddy(Common),1001,Local,2369.0,2369.0,2369.0
2026-07-04,Andhra Pradesh,Dr.B.R.A.Konaseema,Amalapuram APMC,Paddy(Common),1001,Local,2369.0,2400.0,2369.0
2026-07-04,Andhra Pradesh,NTR,Mylavaram APMC,Paddy(Common),1001,FAQ,2369.0,2369.0,2369.0
2026-07-05,Andhra Pradesh,Vijayanagaram,Kothavalasa APMC,Paddy(Common),1001,Local,2369.0,2369.0,2369.0
2026-07-08,Andhra Pradesh,Eluru,Polavaram APMC,Paddy(Common),1001,Local,2390.0,2390.0,2390.0
2026-07-09,Andhra Pradesh,Vijayanagaram,Kothavalasa APMC,Paddy(Common),1001,Local,2369.0,2369.0,2369.0
2026-07-15,Andhra Pradesh,Eluru,Polavaram APMC,Paddy(Common),1001,Local,2445.0,2445.0,2445.0
2026-07-14,Andhra Pradesh,NTR,Mylavaram APMC,Paddy(Common),1001,FAQ,2369.0,2369.0,2369.0
2026-07-30,Andhra Pradesh,Kakinada,Karapa APMC,Paddy(Common),1001,FAQ,2364.0,2369.0,2366.0
2026-07-16,Andhra Pradesh,Eluru,Polavaram APMC,Paddy(Common),1001,Local,2445.0,2445.0,2445.0
2026-07-31,Andhra Pradesh,Kakinada,Karapa APMC,Paddy(Common),1001,FAQ,2361.0,2369.0,2365.0
2026-07-30,Andhra Pradesh,Polavaram,Rampachodvaram APMC,Paddy(Common),1001,Grade Range-2,2369.0,2389.0,2379.0
2026-07-31,Andhra Pradesh,Polavaram,Rampachodvaram APMC,Paddy(Common),1001,Grade Range-2,2369.0,2389.0,2379.0
2026-07-20,Andhra Pradesh,NTR,Mylavaram APMC,Paddy(Common),1001,FAQ,2369.0,2369.0,2369.0
2026-07-22,Andhra Pradesh,Krishna,Gannavaram APMC,Paddy(Common),1001,Local,2369.0,2369.0,2369.0
2026-07-24,Andhra Pradesh,NTR,Mylavaram APMC,Paddy(Common),1001,FAQ,2369.0,2369.0,2369.0
2026-07-24,Andhra Pradesh,Kakinada,Karapa APMC,Paddy(Common),1001,FAQ,2356.0,2696.0,2660.0
2026-07-25,Andhra Pradesh,Kakinada,Karapa APMC,Paddy(Common),1001,FAQ,2360.0,2396.0,2365.0
2026-07-25,Andhra Pradesh,East Godavari,Mandapeta APMC,Paddy(Common),1001,FAQ,2369.0,2400.0,2389.0
2026-07-24,Andhra Pradesh,Anakapally,Yellamanchili APMC,Paddy(Common),1001,Local,2390.0,2450.0,2400.0
2026-07-25,Andhra Pradesh,Anakapally,Yellamanchili APMC,Paddy(Common),1001,Local,2390.0,2450.0,2400.0
2026-07-27,Andhra Pradesh,Srikakulam,Kanchili APMC,Paddy(Common),1001,FAQ,2400.0,2400.0,2400.0
2026-07-23,Andhra Pradesh,NTR,Vijayawada APMC,Paddy(Common),1001,Local,2369.0,2369.0,2369.0
2026-07-27,Andhra Pradesh,Dr.B.R.A.Konaseema,Amalapuram APMC,Paddy(Common),1001,FAQ,2369.0,2468.0,2369.0
2026-07-24,Andhra Pradesh,Krishna,Ghantsala (HQ-Kodali) APMC,Paddy(Common),1001,Local,2441.0,2881.0,2771.0
2026-07-28,Andhra Pradesh,Eluru,Ungatur APMC,Paddy(Common),1001,Local,2445.0,2445.0,2445.0
2026-07-28,Andhra Pradesh,Kakinada,Karapa APMC,Paddy(Common),1001,FAQ,2366.0,2369.0,2369.0
2026-07-24,Andhra Pradesh,Prakasam,Santhamaguluru APMC,Paddy(Common),1001,Local,2400.0,2480.0,2450.0
2026-07-24,Andhra Pradesh,West Godavari,Tadepalligudem APMC,Paddy(Common),1001,Local,2445.0,2445.0,2445.0
2026-07-24,Andhra Pradesh,Vijayanagaram,Kothavalasa APMC,Paddy(Common),1001,Local,2369.0,2369.0,2369.0
2026-07-24,Andhra Pradesh,East Godavari,Mandapeta APMC,Paddy(Common),1001,FAQ,2369.0,2400.0,2389.0
2026-07-28,Andhra Pradesh,Vijayanagaram,Kothavalasa APMC,Paddy(Common),1001,Local,2369.0,2369.0,2369.0
2026-07-30,Andhra Pradesh,Eluru,Polavaram APMC,Paddy(Common),1001,Local,2445.0,2445.0,2445.0
2026-07-28,Andhra Pradesh,Krishna,Gannavaram APMC,Paddy(Common),1001,Local,2369.0,2369.0,2369.0
2026-07-31,Andhra Pradesh,Kakinada,Peddapuram APMC,Paddy(Common),1001,FAQ,2369.0,2380.0,2369.0
2026-07-27,Andhra Pradesh,West Godavari,Tanuku APMC,Paddy(Common),1001,Local,2345.0,2345.0,2345.0
2026-07-31,Andhra Pradesh,Krishna,Gannavaram APMC,Paddy(Common),1001,Local,2369.0,2369.0,2369.0
2026-07-29,Andhra Pradesh,Krishna,Gannavaram APMC,Paddy(Common),1001,Local,2369.0,2369.0,2369.0
2026-07-30,Andhra Pradesh,Guntur,Prathipadu APMC,Paddy(Common),1001,Grade Range-1,2200.0,2425.0,2300.0
2026-07-29,Andhra Pradesh,Anakapally,Payakaraopeta APMC,Paddy(Common),1001,Local,2349.0,2369.0,2359.0
2026-07-29,Andhra Pradesh,Dr.B.R.A.Konaseema,Amalapuram APMC,Paddy(Common),1001,FAQ,2369.0,2468.0,2369.0
2026-07-28,Andhra Pradesh,West Godavari,Bhimavaram APMC,Paddy(Common),1001,Grade Range-1,2360.0,2360.0,2360.0
2026-07-30,Andhra Pradesh,NTR,Mylavaram APMC,Paddy(Common),1001,FAQ,2369.0,2369.0,2369.0
2026-07-31,Andhra Pradesh,Srikakulam,Srikakulam APMC,Paddy(Common),1001,FAQ,2400.0,2400.0,2400.0
2026-07-28,Andhra Pradesh,West Godavari,Penugonda APMC,Paddy(Common),1001,Local,2369.0,2380.0,2370.0
2026-07-31,Andhra Pradesh,Anakapally,Narsipatnam APMC,Paddy(Common),1001,Local,2390.0,2450.0,2400.0
2026-07-31,Andhra Pradesh,West Godavari,Tanuku APMC,Paddy(Common),1001,Local,2445.0,2445.0,2445.0
2026-08-01,Andhra Pradesh,Kakinada,Karapa APMC,Paddy(Common),1001,FAQ,2366.0,2369.0,2368.0
2026-08-01,Andhra Pradesh,Srikakulam,Kanchili APMC,Paddy(Common),1001,FAQ,2400.0,2400.0,2400.0
2026-08-01,Andhra Pradesh,Kakinada,Peddapuram APMC,Paddy(Common),1001,FAQ,2369.0,2380.0,2369.0
2026-08-01,Andhra Pradesh,NTR,Vijayawada APMC,Paddy(Common),1001,Local,2369.0,2369.0,2369.0
2026-08-01,Andhra Pradesh,West Godavari,Tadepalligudem APMC,Paddy(Common),1001,FAQ,2445.0,2445.0,2445.0
2026-08-03,Andhra Pradesh,Srikakulam,Kanchili APMC,Paddy(Common),1001,FAQ,2400.0,2400.0,2400.0
2026-08-03,Andhra Pradesh,Srikakulam,Srikakulam APMC,Paddy(Common),1001,FAQ,2400.0,2400.0,2400.0
2026-08-03,Andhra Pradesh,Kakinada,Pithapuram APMC,Paddy(Common),1001,FAQ,2369.0,2389.0,2379.0
2026-08-02,Andhra Pradesh,NTR,Vijayawada APMC,Paddy(Common),1001,Local,2369.0,2369.0,2369.0
2026-08-03,Andhra Pradesh,Anakapally,Payakaraopeta APMC,Paddy(Common),1001,Local,2349.0,2369.0,2359.0
2026-08-03,Andhra Pradesh,Kakinada,Prattipadu APMC,Paddy(Common),1001,FAQ,2369.0,2380.0,2379.0
2026-08-03,Andhra Pradesh,Vijayanagaram,Kothavalasa APMC,Paddy(Common),1001,Local,2369.0,2369.0,2369.0
2026-08-05,Andhra Pradesh,Srikakulam,Srikakulam APMC,Paddy(Common),1001,FAQ,2400.0,2400.0,2400.0
2026-08-02,Andhra Pradesh,West Godavari,Tanuku APMC,Paddy(Common),1001,Local,2445.0,2445.0,2445.0
2026-08-04,Andhra Pradesh,Kakinada,Karapa APMC,Paddy(Common),1001,FAQ,2366.0,2369.0,2367.0
2026-08-03,Andhra Pradesh,Eluru,Polavaram APMC,Paddy(Common),1001,Local,2445.0,2445.0,2445.0
2026-08-03,Andhra Pradesh,Anakapally,Yellamanchili APMC,Paddy(Common),1001,Local,2390.0,2450.0,2400.0
2026-08-02,Andhra Pradesh,Anakapally,Narsipatnam APMC,Paddy(Common),1001,Local,2390.0,24500.0,2400.0
2026-08-02,Andhra Pradesh,NTR,Mylavaram APMC,Paddy(Common),1001,FAQ,2369.0,2369.0,2369.0
2026-08-04,Andhra Pradesh,West Godavari,Tanuku APMC,Paddy(Common),1001,Local,2445.0,2445.0,2445.0
2026-08-05,Andhra Pradesh,Dr.B.R.A.Konaseema,Amalapuram APMC,Paddy(Common),1001,FAQ,2369.0,2468.0,2369.0
2026-08-04,Andhra Pradesh,Krishna,Ghantsala (HQ-Kodali) APMC,Paddy(Common),1001,Local,2200.0,2400.0,2300.0
2026-08-04,Andhra Pradesh,Eluru,Ungatur APMC,Paddy(Common),1001,Local,2445.0,2445.0,2445.0
2026-08-05,Andhra Pradesh,Eluru,Ungatur APMC,Paddy(Common),1001,Local,2445.0,2445.0,2445.0
2026-08-05,Andhra Pradesh,Anakapally,Payakaraopeta APMC,Paddy(Common),1001,Local,2349.0,2369.0,2359.0
2026-08-05,Andhra Pradesh,Vijayanagaram,Kothavalasa APMC,Paddy(Common),1001,Local,2369.0,2369.0,2369.0
2026-07-28,Andhra Pradesh,Srikakulam,Jalumuru APMC,Paddy(Common),1121,FAQ,2369.0,2369.0,2369.0
2026-08-03,Andhra Pradesh,West Godavari,Achanta APMC,Paddy(Common),1121,Local,2359.0,2375.0,2369.0
2026-08-04,Andhra Pradesh,Dr.B.R.A.Konaseema,Mummidivaram APMC,Paddy(Common),1121,FAQ,2369.0,2468.0,2369.0
2026-08-05,Andhra Pradesh,West Godavari,Achanta APMC,Paddy(Common),1121,Local,2359.0,2375.0,2369.0
2026-07-01,Andhra Pradesh,Bapatla,Kuchinapudi APMC,Paddy(Common),B P T,Local,2400.0,2500.0,2450.0
2026-07-03,Andhra Pradesh,Bapatla,Kuchinapudi APMC,Paddy(Common),B P T,Local,2400.0,2500.0,2450.0
2026-07-23,Andhra Pradesh,Prakasam,Darsi APMC,Paddy(Common),B P T,Local,2400.0,2400.0,2400.0
2026-07-07,Andhra Pradesh,Sri Sathya Sai,Dharmavaram APMC,Paddy(Common),B P T,FAQ,2100.0,2300.0,2200.0
2026-07-08,Andhra Pradesh,Krishna,Divi (HQ-Avanigadda) APMC,Paddy(Common),B P T,FAQ,2350.0,2400.0,2350.0
2026-07-08,Andhra Pradesh,Bapatla,Bapatla APMC,Paddy(Common),B P T,Local,2400.0,2500.0,2450.0
2026-07-10,Andhra Pradesh,Bapatla,Kuchinapudi APMC,Paddy(Common),B P T,Local,2400.0,2500.0,2450.0
2026-07-12,Andhra Pradesh,Bapatla,Kuchinapudi APMC,Paddy(Common),B P T,Local,2400.0,2500.0,2450.0
2026-07-30,Andhra Pradesh,Kakinada,Kakinada (Urban) APMC,Paddy(Common),B P T,FAQ,2389.0,2600.0,2550.0
2026-07-13,Andhra Pradesh,Bapatla,Bapatla APMC,Paddy(Common),B P T,Local,2400.0,2500.0,2450.0
2026-07-28,Andhra Pradesh,Prakasam,Maddipadu APMC,Paddy(Common),B P T,FAQ,2500.0,2500.0,2500.0
2026-07-27,Andhra Pradesh,Prakasam,Darsi APMC,Paddy(Common),B P T,Local,2350.0,2350.0,2350.0
2026-07-13,Andhra Pradesh,Bapatla,Repalli APMC,Paddy(Common),B P T,Local,2600.0,2900.0,2700.0
2026-07-31,Andhra Pradesh,Kakinada,Kakinada (Urban) APMC,Paddy(Common),B P T,FAQ,2389.0,2600.0,2550.0
2026-07-18,Andhra Pradesh,NTR,Nandigama APMC,Paddy(Common),B P T,Grade Range-1,1990.0,1990.0,1990.0
2026-07-30,Andhra Pradesh,Krishna,Divi (HQ-Avanigadda) APMC,Paddy(Common),B P T,FAQ,2450.0,2600.0,2500.0
2026-07-22,Andhra Pradesh,Kakinada,Kakinada (Urban) APMC,Paddy(Common),B P T,FAQ,2600.0,2600.0,2600.0
2026-07-20,Andhra Pradesh,Bapatla,Bapatla APMC,Paddy(Common),B P T,Local,2400.0,2500.0,2450.0
2026-07-20,Andhra Pradesh,Sri Sathya Sai,Dharmavaram APMC,Paddy(Common),B P T,FAQ,2000.0,2200.0,2100.0
2026-07-24,Andhra Pradesh,Kakinada,Pithapuram APMC,Paddy(Common),B P T,FAQ,2369.0,2389.0,2379.0
2026-07-22,Andhra Pradesh,Kakinada,Pithapuram APMC,Paddy(Common),B P T,FAQ,2369.0,2400.0,2389.0
2026-07-22,Andhra Pradesh,Prakasam,Ongole APMC,Paddy(Common),B P T,FAQ,2500.0,2500.0,2500.0
2026-07-22,Andhra Pradesh,Krishna,Divi (HQ-Avanigadda) APMC,Paddy(Common),B P T,FAQ,2500.0,2600.0,2550.0
2026-07-23,Andhra Pradesh,Prakasam,Ongole APMC,Paddy(Common),B P T,FAQ,2500.0,2500.0,2500.0
2026-07-20,Andhra Pradesh,NTR,Nandigama APMC,Paddy(Common),B P T,Grade Range-1,1960.0,1970.0,1965.0
2026-07-23,Andhra Pradesh,Guntur,Mangalagiri APMC,Paddy(Common),B P T,FAQ,2450.0,2450.0,2450.0
2026-07-21,Andhra Pradesh,NTR,Nandigama APMC,Paddy(Common),B P T,Grade Range-1,1930.0,1930.0,1930.0
2026-07-22,Andhra Pradesh,Bapatla,Repalli APMC,Paddy(Common),B P T,Local,2900.0,3300.0,3000.0
2026-07-25,Andhra Pradesh,SPSR Nellore,Nellore APMC,Paddy(Common),B P T,FAQ,2450.0,2499.0,2475.0
2026-07-25,Andhra Pradesh,Guntur,Mangalagiri APMC,Paddy(Common),B P T,FAQ,2475.0,2475.0,2475.0
2026-07-25,Andhra Pradesh,Prakasam,Santhamaguluru APMC,Paddy(Common),B P T,Local,2400.0,2480.0,2450.0
2026-07-23,Andhra Pradesh,SPSR Nellore,Nellore APMC,Paddy(Common),B P T,FAQ,2441.0,2500.0,2470.0
2026-07-27,Andhra Pradesh,Tirupathi,Vakadu APMC,Paddy(Common),B P T,FAQ,2400.0,2400.0,2400.0
2026-07-29,Andhra Pradesh,Bapatla,Chirala APMC,Paddy(Common),B P T,Local,2400.0,2500.0,2450.0
2026-07-22,Andhra Pradesh,Guntur,Mangalagiri APMC,Paddy(Common),B P T,FAQ,2400.0,2400.0,2400.0
2026-07-27,Andhra Pradesh,Krishna,Divi (HQ-Avanigadda) APMC,Paddy(Common),B P T,FAQ,2400.0,2600.0,2500.0
2026-07-24,Andhra Pradesh,Tirupathi,Vakadu APMC,Paddy(Common),B P T,FAQ,2400.0,2400.0,2400.0
2026-07-24,Andhra Pradesh,Krishna,Pamarru APMC,Paddy(Common),B P T,Local,2441.0,2481.0,2471.0
2026-07-26,Andhra Pradesh,NTR,Nandigama APMC,Paddy(Common),B P T,Grade Range-1,2350.0,2350.0,2350.0
2026-07-25,Andhra Pradesh,Sri Sathya Sai,Dharmavaram APMC,Paddy(Common),B P T,FAQ,2100.0,2300.0,2200.0
2026-07-25,Andhra Pradesh,YSR Kadapa,Kamalapuram APMC,Paddy(Common),B P T,Local,2450.0,2450.0,2450.0
2026-07-25,Andhra Pradesh,Krishna,Pamarru APMC,Paddy(Common),B P T,Local,2441.0,2481.0,2471.0
2026-07-27,Andhra Pradesh,Guntur,Mangalagiri APMC,Paddy(Common),B P T,FAQ,2500.0,2500.0,2500.0
2026-07-31,Andhra Pradesh,Bapatla,Chirala APMC,Paddy(Common),B P T,Local,2400.0,2500.0,2450.0
2026-07-30,Andhra Pradesh,Tirupathi,Vakadu APMC,Paddy(Common),B P T,Local,2389.0,2410.0,2400.0
2026-07-28,Andhra Pradesh,Guntur,Mangalagiri APMC,Paddy(Common),B P T,FAQ,2500.0,2500.0,2500.0
2026-07-27,Andhra Pradesh,Bapatla,Kuchinapudi APMC,Paddy(Common),B P T,Local,3000.0,3200.0,3100.0
2026-07-28,Andhra Pradesh,Krishna,Pamarru APMC,Paddy(Common),B P T,Local,2441.0,2481.0,2471.0
2026-07-31,Andhra Pradesh,Guntur,Mangalagiri APMC,Paddy(Common),B P T,FAQ,2450.0,2450.0,2450.0
2026-07-28,Andhra Pradesh,Krishna,Machilipatnam APMC,Paddy(Common),B P T,Local,2933.3326,3066.6659,2999.99925
2026-07-28,Andhra Pradesh,Palnadu,Krosuru APMC,Paddy(Common),B P T,FAQ,2200.0,2600.0,2400.0
2026-07-29,Andhra Pradesh,Prakasam,Santhamaguluru APMC,Paddy(Common),B P T,FAQ,2500.0,2500.0,2500.0
2026-07-31,Andhra Pradesh,NTR,Nandigama APMC,Paddy(Common),B P T,Grade Range-1,2360.0,2360.0,2360.0
2026-07-29,Andhra Pradesh,Bapatla,Kuchinapudi APMC,Paddy(Common),B P T,Local,3200.0,3400.0,3300.0
2026-07-29,Andhra Pradesh,Bapatla,Bapatla APMC,Paddy(Common),B P T,Local,2400.0,2500.0,2450.0
2026-07-28,Andhra Pradesh,NTR,Nandigama APMC,Paddy(Common),B P T,Grade Range-1,2350.0,2350.0,2350.0
2026-07-31,Andhra Pradesh,Sri Sathya Sai,Dharmavaram APMC,Paddy(Common),B P T,FAQ,2100.0,2300.0,2200.0
2026-07-30,Andhra Pradesh,Krishna,Machilipatnam APMC,Paddy(Common),B P T,Local,2866.66595,3066.6659,2966.665925
2026-07-31,Andhra Pradesh,Prakasam,Santhamaguluru APMC,Paddy(Common),B P T,FAQ,2500.0,2500.0,2500.0
2026-07-31,Andhra Pradesh,Krishna,Pamarru APMC,Paddy(Common),B P T,Local,2441.0,2481.0,2471.0
2026-07-31,Andhra Pradesh,SPSR Nellore,Nellore APMC,Paddy(Common),B P T,FAQ,2410.0,2490.0,2450.0
2026-07-29,Andhra Pradesh,SPSR Nellore,Nellore APMC,Paddy(Common),B P T,FAQ,2330.0,2490.0,2420.0
2026-07-31,Andhra Pradesh,Bapatla,Bapatla APMC,Paddy(Common),B P T,Local,2400.0,2500.0,2450.0
2026-08-01,Andhra Pradesh,Prakasam,Darsi APMC,Paddy(Common),B P T,Local,2350.0,2400.0,2400.0
2026-08-01,Andhra Pradesh,Bapatla,Parchur APMC,Paddy(Common),B P T,Local,2500.0,2700.0,2600.0
2026-08-01,Andhra Pradesh,Tirupathi,Vakadu APMC,Paddy(Common),B P T,Local,2389.0,2410.0,2400.0
2026-08-01,Andhra Pradesh,Bapatla,Bapatla APMC,Paddy(Common),B P T,Local,2400.0,2500.0,2450.0
2026-08-03,Andhra Pradesh,Bapatla,Parchur APMC,Paddy(Common),B P T,Local,2500.0,2700.0,2600.0
2026-08-03,Andhra Pradesh,Guntur,Mangalagiri APMC,Paddy(Common),B P T,FAQ,2480.0,2480.0,2480.0
2026-08-03,Andhra Pradesh,Palnadu,Krosuru APMC,Paddy(Common),B P T,FAQ,2200.0,2600.0,2400.0
2026-08-03,Andhra Pradesh,YSR Kadapa,Kamalapuram APMC,Paddy(Common),B P T,Local,2450.0,2450.0,2450.0
2026-08-04,Andhra Pradesh,SPSR Nellore,Nellore APMC,Paddy(Common),B P T,FAQ,2445.0,2510.0,2470.0
2026-08-04,Andhra Pradesh,Krishna,Divi (HQ-Avanigadda) APMC,Paddy(Common),B P T,FAQ,2450.0,2650.0,2550.0
2026-08-04,Andhra Pradesh,Palnadu,Sattenapalli APMC,Paddy(Common),B P T,FAQ,2350.0,2500.0,2400.0
2026-07-23,Andhra Pradesh,Bapatla,Chirala APMC,Paddy(Common),B. T.,Local,2400.0,2500.0,2450.0
2026-07-24,Andhra Pradesh,Bapatla,Chirala APMC,Paddy(Common),B. T.,Local,2400.0,2500.0,2450.0
2026-07-06,Andhra Pradesh,Dr.B.R.A.Konaseema,Ramachandrapuram APMC,Paddy(Common),Paddy,FAQ,2369.0,2384.0,2369.0
2026-07-07,Andhra Pradesh,Dr.B.R.A.Konaseema,Ramachandrapuram APMC,Paddy(Common),Paddy,FAQ,2369.0,2382.0,2369.0
2026-07-24,Andhra Pradesh,SPSR Nellore,Kovur APMC,Paddy(Common),Paddy,Local,2369.0,2500.0,2460.0
2026-07-23,Andhra Pradesh,Srikakulam,Kothabommali APMC,Paddy(Common),Paddy,Local,2500.0,2500.0,2500.0
2026-07-15,Andhra Pradesh,Dr.B.R.A.Konaseema,Ramachandrapuram APMC,Paddy(Common),Paddy,FAQ,2369.0,2398.0,2369.0
2026-07-29,Andhra Pradesh,SPSR Nellore,Udayagiri APMC,Paddy(Common),Paddy,Local,2444.0,2464.0,2454.0
2026-07-17,Andhra Pradesh,Dr.B.R.A.Konaseema,Ramachandrapuram APMC,Paddy(Common),Paddy,FAQ,2369.0,2381.0,2369.0
2026-07-30,Andhra Pradesh,Palnadu,Narasaraopet APMC,Paddy(Common),Paddy,FAQ,3000.0,3000.0,3000.0
2026-07-23,Andhra Pradesh,Palnadu,Narasaraopet APMC,Paddy(Common),Paddy,FAQ,2900.0,2900.0,2900.0
2026-07-22,Andhra Pradesh,East Godavari,Anaparthy APMC,Paddy(Common),Paddy,FAQ,2369.0,2369.0,2369.0
2026-07-25,Andhra Pradesh,West Godavari,Akiveedu APMC,Paddy(Common),Paddy,Local,2300.0,2500.0,2369.0
2026-07-25,Andhra Pradesh,East Godavari,Anaparthy APMC,Paddy(Common),Paddy,FAQ,2369.0,2400.0,2369.0
2026-07-23,Andhra Pradesh,Kakinada,Samalkot APMC,Paddy(Common),Paddy,FAQ,2369.0,2389.0,2379.0
2026-07-25,Andhra Pradesh,Srikakulam,Pathapatnam APMC,Paddy(Common),Paddy,FAQ,2369.0,2500.0,2369.0
2026-07-23,Andhra Pradesh,YSR Kadapa,Proddatur APMC,Paddy(Common),Paddy,Local,2400.0,2400.0,2400.0
2026-07-23,Andhra Pradesh,Palnadu,Sattenapalli APMC,Paddy(Common),Paddy,FAQ,2350.0,2500.0,2400.0
2026-07-25,Andhra Pradesh,Bapatla,Parchur APMC,Paddy(Common),Paddy,Local,2200.0,2300.0,2200.0
2026-07-26,Andhra Pradesh,Dr.B.R.A.Konaseema,Ramachandrapuram APMC,Paddy(Common),Paddy,FAQ,2369.0,2380.0,2369.0
2026-07-24,Andhra Pradesh,SPSR Nellore,Udayagiri APMC,Paddy(Common),Paddy,Local,2444.0,2464.0,2454.0
2026-07-24,Andhra Pradesh,East Godavari,Rajahmundry APMC,Paddy(Common),Paddy,Local,2369.0,2369.0,2369.0
2026-07-27,Andhra Pradesh,YSR Kadapa,Proddatur APMC,Paddy(Common),Paddy,Local,2450.0,2450.0,2450.0
2026-07-29,Andhra Pradesh,Kakinada,Samalkot APMC,Paddy(Common),Paddy,FAQ,2369.0,2390.0,2369.0
2026-07-29,Andhra Pradesh,Srikakulam,Kothabommali APMC,Paddy(Common),Paddy,Local,2500.0,2500.0,2500.0
2026-07-25,Andhra Pradesh,SPSR Nellore,Kovur APMC,Paddy(Common),Paddy,Local,2910.665939,3158.665877,3093.33256
2026-07-28,Andhra Pradesh,Palnadu,Vinukonda APMC,Paddy(Common),Paddy,FAQ,2300.0,2400.0,2350.0
2026-07-27,Andhra Pradesh,West Godavari,Akiveedu APMC,Paddy(Common),Paddy,Local,2300.0,2500.0,2369.0
2026-07-26,Andhra Pradesh,Prakasam,Maddipadu APMC,Paddy(Common),Paddy,FAQ,2500.0,2500.0,2500.0
2026-07-26,Andhra Pradesh,West Godavari,Attili APMC,Paddy(Common),Paddy,Local,2369.0,2389.0,2369.0
2026-07-24,Andhra Pradesh,Palnadu,Vinukonda APMC,Paddy(Common),Paddy,FAQ,2300.0,2500.0,2400.0
2026-07-31,Andhra Pradesh,West Godavari,Attili APMC,Paddy(Common),Paddy,Local,2369.0,2390.0,2369.0
2026-07-27,Andhra Pradesh,Tirupathi,B.N.Kandriga APMC,Paddy(Common),Paddy,Local,2200.0,2200.0,2200.0
2026-07-26,Andhra Pradesh,Srikakulam,Narasannapet APMC,Paddy(Common),Paddy,FAQ,2369.0,2369.0,2369.0
2026-07-27,Andhra Pradesh,Dr.B.R.A.Konaseema,Ramachandrapuram APMC,Paddy(Common),Paddy,FAQ,2369.0,2381.0,2369.0
2026-07-28,Andhra Pradesh,Bapatla,Parchur APMC,Paddy(Common),Paddy,Local,2300.0,2500.0,2300.0
2026-07-28,Andhra Pradesh,Kakinada,Samalkot APMC,Paddy(Common),Paddy,FAQ,2369.0,2390.0,2369.0
2026-07-28,Andhra Pradesh,Srikakulam,Amadalavalasa APMC,Paddy(Common),Paddy,FAQ,2369.0,2369.0,2369.0
2026-07-28,Andhra Pradesh,Palnadu,Ipur APMC,Paddy(Common),Paddy,FAQ,2350.0,2600.0,2450.0
2026-07-28,Andhra Pradesh,Srikakulam,Narasannapet APMC,Paddy(Common),Paddy,FAQ,2369.0,2369.0,2369.0
2026-07-29,Andhra Pradesh,Palnadu,Durgi APMC,Paddy(Common),Paddy,FAQ,1900.0,2600.0,2200.0
2026-07-30,Andhra Pradesh,SPSR Nellore,Kovur APMC,Paddy(Common),Paddy,Local,3093.33256,3333.3325,3158.665877
2026-07-28,Andhra Pradesh,YSR Kadapa,Kamalapuram APMC,Paddy(Common),Paddy,Local,2450.0,2450.0,2450.0
2026-07-26,Andhra Pradesh,Dr.B.R.A.Konaseema,Alamuru APMC,Paddy(Common),Paddy,FAQ,2369.0,2389.0,2369.0
2026-07-29,Andhra Pradesh,West Godavari,Attili APMC,Paddy(Common),Paddy,Local,2369.0,2389.0,2369.0
2026-07-31,Andhra Pradesh,Anakapally,Madugula APMC,Paddy(Common),Paddy,Local,2200.0,2400.0,2300.0
2026-07-31,Andhra Pradesh,West Godavari,Akiveedu APMC,Paddy(Common),Paddy,Local,2300.0,2500.0,2369.0
2026-07-28,Andhra Pradesh,Nandyal,Nandyal APMC,Paddy(Common),Paddy,Local,2400.0,2400.0,2400.0
2026-07-31,Andhra Pradesh,SPSR Nellore,Kovur APMC,Paddy(Common),Paddy,Local,2320.0,2500.0,2369.0
2026-07-30,Andhra Pradesh,SPSR Nellore,Udayagiri APMC,Paddy(Common),Paddy,Local,2440.0,2460.0,2450.0
2026-07-30,Andhra Pradesh,Palnadu,Ipur APMC,Paddy(Common),Paddy,FAQ,2350.0,2550.0,2400.0
2026-07-30,Andhra Pradesh,Srikakulam,Narasannapet APMC,Paddy(Common),Paddy,FAQ,2369.0,2369.0,2369.0
2026-07-30,Andhra Pradesh,YSR Kadapa,Proddatur APMC,Paddy(Common),Paddy,Local,2450.0,2450.0,2450.0
2026-07-30,Andhra Pradesh,West Godavari,Palakole APMC,Paddy(Common),Paddy,Local,2375.0,2375.0,2375.0
2026-07-30,Andhra Pradesh,Dr.B.R.A.Konaseema,Ramachandrapuram APMC,Paddy(Common),Paddy,FAQ,2369.0,2418.0,2369.0
2026-07-31,Andhra Pradesh,Srikakulam,Amadalavalasa APMC,Paddy(Common),Paddy,FAQ,2369.0,2369.0,2369.0
2026-07-31,Andhra Pradesh,Srikakulam,Narasannapet APMC,Paddy(Common),Paddy,FAQ,2369.0,2369.0,2369.0
2026-07-31,Andhra Pradesh,Prakasam,Addanki APMC,Paddy(Common),Paddy,Local,2390.0,2420.0,2400.0
2026-07-30,Andhra Pradesh,Palnadu,Pidugurala APMC,Paddy(Common),Paddy,FAQ,2400.0,2400.0,2400.0
2026-08-01,Andhra Pradesh,Srikakulam,Kothabommali APMC,Paddy(Common),Paddy,Local,2500.0,2500.0,2500.0
2026-08-01,Andhra Pradesh,Palnadu,Rompicherla APMC,Paddy(Common),Paddy,FAQ,2300.0,2480.0,2400.0
2026-08-01,Andhra Pradesh,Srikakulam,Amadalavalasa APMC,Paddy(Common),Paddy,FAQ,2369.0,2369.0,2369.0
2026-08-01,Andhra Pradesh,Palnadu,Ipur APMC,Paddy(Common),Paddy,FAQ,2350.0,2750.0,2500.0
2026-08-01,Andhra Pradesh,Anakapally,Chodavaram APMC,Paddy(Common),Paddy,Local,2200.0,2400.0,2300.0
2026-08-01,Andhra Pradesh,Nandyal,Nandyal APMC,Paddy(Common),Paddy,Local,2400.0,2400.0,2400.0
2026-08-02,Andhra Pradesh,Srikakulam,Kothabommali APMC,Paddy(Common),Paddy,Local,2500.0,2500.0,2500.0
2026-08-02,Andhra Pradesh,Srikakulam,Narasannapet APMC,Paddy(Common),Paddy,FAQ,2369.0,2369.0,2369.0
2026-08-03,Andhra Pradesh,Srikakulam,Kothabommali APMC,Paddy(Common),Paddy,Local,2500.0,2500.0,2500.0
2026-08-03,Andhra Pradesh,Kakinada,Samalkot APMC,Paddy(Common),Paddy,FAQ,2369.0,2389.0,2369.0
2026-08-03,Andhra Pradesh,Palnadu,Ipur APMC,Paddy(Common),Paddy,FAQ,2350.0,2550.0,2400.0
2026-08-04,Andhra Pradesh,Srikakulam,Kothabommali APMC,Paddy(Common),Paddy,Local,2500.0,2500.0,2500.0
2026-08-03,Andhra Pradesh,Tirupathi,Nagalapuram APMC,Paddy(Common),Paddy,Local,2312.5,2337.5,2325.0
2026-08-03,Andhra Pradesh,Srikakulam,Pathapatnam APMC,Paddy(Common),Paddy,FAQ,2369.0,2500.0,2369.0
2026-08-04,Andhra Pradesh,Palnadu,Narasaraopet APMC,Paddy(Common),Paddy,FAQ,3000.0,3000.0,3000.0
2026-08-03,Andhra Pradesh,Krishna,Penamaluru (HQ-Kankipadu) APMC,Paddy(Common),Paddy,Local,2369.0,2369.0,2369.0
2026-08-03,Andhra Pradesh,SPSR Nellore,Udayagiri APMC,Paddy(Common),Paddy,Local,2444.0,2464.0,2454.0
2026-08-05,Andhra Pradesh,Palnadu,Narasaraopet APMC,Paddy(Common),Paddy,FAQ,3000.0,3000.0,3000.0
2026-08-04,Andhra Pradesh,Srikakulam,Pathapatnam APMC,Paddy(Common),Paddy,FAQ,2369.0,2500.0,2369.0
2026-08-05,Andhra Pradesh,SPSR Nellore,Kovur APMC,Paddy(Common),Paddy,Local,3093.33256,3333.3325,3158.665877
2026-08-04,Andhra Pradesh,Srikakulam,Narasannapet APMC,Paddy(Common),Paddy,FAQ,2369.0,2369.0,2369.0
2026-08-04,Andhra Pradesh,YSR Kadapa,Proddatur APMC,Paddy(Common),Paddy,Local,2500.0,2500.0,2500.0
2026-08-04,Andhra Pradesh,SPSR Nellore,Udayagiri APMC,Paddy(Common),Paddy,Local,2444.0,2464.0,2454.0
2026-08-04,Andhra Pradesh,Tirupathi,B.N.Kandriga APMC,Paddy(Common),Paddy,Local,2200.0,2200.0,2200.0
2026-08-05,Andhra Pradesh,Srikakulam,Narasannapet APMC,Paddy(Common),Paddy,FAQ,2369.0,2369.0,2369.0
2026-07-31,Andhra Pradesh,Kakinada,Sampara (Kakinada Rural) APMC,Paddy(Common),Paddy Medium,FAQ,2369.0,2389.0,2379.0
2026-07-25,Andhra Pradesh,Kakinada,Sampara (Kakinada Rural) APMC,Paddy(Common),Paddy Medium,Local,2369.0,2389.0,2379.0
2026-07-29,Andhra Pradesh,Tirupathi,Srikalahasti APMC,Paddy(Common),Paddy Medium,Local,2200.0,2500.0,2350.0
2026-07-28,Andhra Pradesh,Kakinada,Sampara (Kakinada Rural) APMC,Paddy(Common),Paddy Medium,FAQ,2369.0,2380.0,2379.0
2026-08-05,Andhra Pradesh,Kakinada,Sampara (Kakinada Rural) APMC,Paddy(Common),Paddy Medium,FAQ,2369.0,2389.0,2379.0
2026-07-30,Andhra Pradesh,Visakhapatnam,Bhimunipatnam APMC,Paddy(Common),Samba Masuri,Local,2369.0,2369.0,2369.0
2026-08-04,Andhra Pradesh,Visakhapatnam,Bhimunipatnam APMC,Paddy(Common),Samba Masuri,Local,2369.0,2369.0,2369.0
2026-07-23,Andhra Pradesh,Srikakulam,Ichapuram APMC,Paddy(Common),Sannalu,Local,2369.0,2369.0,2369.0
2026-07-27,Andhra Pradesh,Srikakulam,Ichapuram APMC,Paddy(Common),Sannalu,Local,2369.0,2369.0,2369.0
2026-07-28,Andhra Pradesh,Srikakulam,Ichapuram APMC,Paddy(Common),Sannalu,Local,2369.0,2369.0,2369.0
2026-07-30,Andhra Pradesh,Srikakulam,Ichapuram APMC,Paddy(Common),Sannalu,Local,2369.0,2369.0,2369.0
2026-07-07,Andhra Pradesh,NTR,Tiruvuru APMC,Paddy(Common),Sona,Local,2450.0,2450.0,2450.0
2026-07-08,Andhra Pradesh,NTR,Tiruvuru APMC,Paddy(Common),Sona,Local,2450.0,2450.0,2450.0
2026-07-13,Andhra Pradesh,NTR,Tiruvuru APMC,Paddy(Common),Sona,Local,2450.0,2450.0,2450.0
2026-07-14,Andhra Pradesh,NTR,Tiruvuru APMC,Paddy(Common),Sona,Local,2450.0,2450.0,2450.0
2026-07-17,Andhra Pradesh,NTR,Tiruvuru APMC,Paddy(Common),Sona,Local,2500.0,2500.0,2500.0
2026-07-28,Andhra Pradesh,Nandyal,Atmakur (Nandyal District) APMC,Paddy(Common),Sona,FAQ,2400.0,2400.0,2400.0
2026-07-25,Andhra Pradesh,NTR,Tiruvuru APMC,Paddy(Common),Sona,Local,2500.0,2500.0,2500.0
2026-07-29,Andhra Pradesh,NTR,Tiruvuru APMC,Paddy(Common),Sona,Local,2600.0,2700.0,2655.88
2026-07-31,Andhra Pradesh,NTR,Tiruvuru APMC,Paddy(Common),Sona,Local,2550.0,2550.0,2550.0
2026-07-30,Andhra Pradesh,NTR,Tiruvuru APMC,Paddy(Common),Sona,Local,2550.0,2550.0,2550.0
2026-08-01,Andhra Pradesh,NTR,Tiruvuru APMC,Paddy(Common),Sona,Local,2600.0,2600.0,2600.0
2026-08-04,Andhra Pradesh,NTR,Tiruvuru APMC,Paddy(Common),Sona,Local,2700.0,2700.0,2700.0
2026-07-23,Andhra Pradesh,Nandyal,Banaganapalli APMC,Paddy(Common),Sona Mahsuri,FAQ,2000.0,2400.0,2200.0
2026-07-30,Andhra Pradesh,Nandyal,Banaganapalli APMC,Paddy(Common),Sona Mahsuri,FAQ,2000.0,2400.0,2200.0
2026-08-01,Andhra Pradesh,Nandyal,Banaganapalli APMC,Paddy(Common),Sona Mahsuri,FAQ,2000.0,2400.0,2200.0
2026-08-04,Andhra Pradesh,Nandyal,Panyam APMC,Paddy(Common),Sona Mahsuri,FAQ,2300.0,2300.0,2300.0
2026-08-04,Andhra Pradesh,Nandyal,Banaganapalli APMC,Paddy(Common),Sona Mahsuri,FAQ,2100.0,2350.0,2200.0
2026-07-24,Andhra Pradesh,Kakinada,Prattipadu APMC,Paddy(Common),Common,FAQ,2369.0,2380.0,2369.0
2026-07-30,Andhra Pradesh,Srikakulam,Palasa APMC,Paddy(Common),Common,FAQ,2369.0,2369.0,2369.0
2026-07-30,Andhra Pradesh,East Godavari,Nidadavolu APMC,Paddy(Common),Common,Local,2445.0,2445.0,2445.0
2026-08-01,Andhra Pradesh,Kakinada,Kakinada (Urban) APMC,Paddy(Common),Common,FAQ,2369.0,2390.0,2375.0
2026-08-01,Andhra Pradesh,Srikakulam,Palasa APMC,Paddy(Common),Common,FAQ,2369.0,2369.0,2369.0
2026-08-02,Andhra Pradesh,Srikakulam,Palasa APMC,Paddy(Common),Common,FAQ,2369.0,2369.0,2369.0
2026-08-04,Andhra Pradesh,Kakinada,Jaggampet APMC,Paddy(Common),Common,FAQ,2369.0,2380.0,2369.0
2026-08-03,Andhra Pradesh,East Godavari,Nidadavolu APMC,Paddy(Common),Common,Local,2445.0,2445.0,2445.0
2026-08-05,Andhra Pradesh,Srikakulam,Palasa APMC,Paddy(Common),Common,FAQ,2369.0,2369.0,2369.0
2026-08-05,Andhra Pradesh,Palnadu,Rajupalem APMC,Paddy(Common),Common,Non-FAQ,2000.0,2000.0,2000.0
2026-08-04,Andhra Pradesh,Srikakulam,Palasa APMC,Paddy(Common),Common,FAQ,2369.0,2369.0,2369.0
2026-07-31,Andhra Pradesh,Ananthapuramu,RAYADURG APMC,Paddy(Common),I.R.-64,Grade Range-1,3200.0,3600.0,3400.0
2026-07-22,Andhra Pradesh,Ananthapuramu,RAYADURG APMC,Paddy(Common),I.R. 64,Grade Range-1,3000.0,3300.0,3200.0
2026-07-29,Andhra Pradesh,Ananthapuramu,RAYADURG APMC,Paddy(Common),I.R. 64,Local,3200.0,3600.0,3400.0
2026-07-25,Andhra Pradesh,Ananthapuramu,RAYADURG APMC,Paddy(Common),I.R. 64,Grade Range-2,3200.0,3550.0,3400.0
2026-07-27,Andhra Pradesh,Ananthapuramu,RAYADURG APMC,Paddy(Common),I.R. 64,Grade Range-2,3200.0,3600.0,3400.0
2026-08-01,Andhra Pradesh,Ananthapuramu,RAYADURG APMC,Paddy(Common),I.R. 64,Grade Range-2,3200.0,3600.0,3400.0
2026-07-23,Andhra Pradesh,Srikakulam,Hiramandalam APMC,Paddy(Common),Masuri,Local,2500.0,2500.0,2500.0
2026-07-29,Andhra Pradesh,Srikakulam,Hiramandalam APMC,Paddy(Common),Masuri,Local,2410.0,2410.0,2410.0
2026-07-07,Andhra Pradesh,Krishna,Penamaluru (HQ-Kankipadu) APMC,Paddy(Common),MTU-1001,Local,2369.0,2369.0,2369.0
2026-07-09,Andhra Pradesh,Krishna,Penamaluru (HQ-Kankipadu) APMC,Paddy(Common),MTU-1001,Local,2369.0,2369.0,2369.0
2026-07-15,Andhra Pradesh,Krishna,Penamaluru (HQ-Kankipadu) APMC,Paddy(Common),MTU-1001,Local,2369.0,2369.0,2369.0
2026-07-31,Andhra Pradesh,West Godavari,Undi APMC,Paddy(Common),MTU-1001,Local,2369.0,2369.0,2369.0
2026-07-22,Andhra Pradesh,Krishna,Penamaluru (HQ-Kankipadu) APMC,Paddy(Common),MTU-1001,Local,2369.0,2369.0,2369.0
2026-07-23,Andhra Pradesh,Srikakulam,Srikakulam APMC,Paddy(Common),MTU-1001,Local,2400.0,2400.0,2400.0
2026-07-23,Andhra Pradesh,West Godavari,Tanuku APMC,Paddy(Common),MTU-1001,Local,2445.0,2445.0,2445.0
2026-07-23,Andhra Pradesh,Eluru,Kaikaluru APMC,Paddy(Common),MTU-1001,Local,2440.0,2440.0,2440.0
2026-07-25,Andhra Pradesh,West Godavari,Undi APMC,Paddy(Common),MTU-1001,Local,2369.0,2369.0,2369.0
2026-07-24,Andhra Pradesh,West Godavari,Undi APMC,Paddy(Common),MTU-1001,Local,2369.0,2369.0,2369.0
2026-07-24,Andhra Pradesh,Eluru,Kaikaluru APMC,Paddy(Common),MTU-1001,Local,2440.0,2440.0,2440.0
2026-07-25,Andhra Pradesh,Eluru,Kalidindi APMC,Paddy(Common),MTU-1001,Local,2440.0,2440.0,2440.0
2026-07-27,Andhra Pradesh,West Godavari,Narsapuram APMC,Paddy(Common),MTU-1001,Local,2445.0,2445.0,2445.0
2026-07-26,Andhra Pradesh,West Godavari,Narsapuram APMC,Paddy(Common),MTU-1001,Local,2445.0,2445.0,2445.0
2026-07-27,Andhra Pradesh,West Godavari,Undi APMC,Paddy(Common),MTU-1001,Local,2369.0,2369.0,2369.0
2026-08-03,Andhra Pradesh,West Godavari,Narsapuram APMC,Paddy(Common),MTU-1001,Local,2445.0,2445.0,2445.0
2026-08-02,Andhra Pradesh,Krishna,Penamaluru (HQ-Kankipadu) APMC,Paddy(Common),MTU-1001,Local,2441.0,2441.0,2441.0
2026-08-04,Andhra Pradesh,Eluru,Kaikaluru APMC,Paddy(Common),MTU-1001,Local,2440.0,2440.0,2440.0
2026-08-05,Andhra Pradesh,Krishna,Penamaluru (HQ-Kankipadu) APMC,Paddy(Common),MTU-1001,Local,2441.0,2441.0,2441.0
2026-08-05,Andhra Pradesh,Eluru,Kaikaluru APMC,Paddy(Common),MTU-1001,Local,2440.0,2440.0,2440.0
2026-08-05,Andhra Pradesh,Eluru,Kalidindi APMC,Paddy(Common),MTU-1001,Local,2440.0,2440.0,2440.0
2026-07-08,Andhra Pradesh,East Godavari,Kovvur APMC,Paddy(Common),MTU-1010,Grade Range-2,2400.0,2400.0,2400.0
2026-07-10,Andhra Pradesh,East Godavari,Kovvur APMC,Paddy(Common),MTU-1010,Grade Range-2,2400.0,2400.0,2400.0
2026-07-25,Andhra Pradesh,Tirupathi,Naidupet APMC,Paddy(Common),MTU-1010,Local,2480.0,2520.0,2500.0
2026-07-30,Andhra Pradesh,SPSR Nellore,Gudur APMC,Paddy(Common),MTU-1010,Local,2369.0,2450.0,2425.0
2026-07-31,Andhra Pradesh,East Godavari,Kovvur APMC,Paddy(Common),MTU-1010,Grade Range-2,2441.0,2441.0,2441.0
2026-08-04,Andhra Pradesh,SPSR Nellore,Gudur APMC,Paddy(Common),MTU-1010,Local,2389.0,2450.0,2425.0
2026-08-05,Andhra Pradesh,SPSR Nellore,Gudur APMC,Paddy(Common),MTU-1010,Local,2389.0,2450.0,2420.0
2026-08-01,Andhra Pradesh,Krishna,Malleswaram (HQ-Bantumili) APMC,Paddy(Common),MTU-2077,Grade Range-1,2900.0,3000.0,2950.0
2026-07-24,Andhra Pradesh,SPSR Nellore,Udayagiri APMC,Paddy(Common),Nellore Sanna,Grade Range-3,2369.0,2489.0,2379.0
2026-07-17,Andhra Pradesh,SPSR Nellore,Atmakur (SPSR Nellore District) APMC,Paddy(Common),Nellore Sanna,FAQ,2300.0,2400.0,2369.0
2026-07-26,Andhra Pradesh,SPSR Nellore,Atmakur (SPSR Nellore District) APMC,Paddy(Common),Nellore Sanna,FAQ,2300.0,2400.0,2369.0
2026-07-28,Andhra Pradesh,SPSR Nellore,Atmakur (SPSR Nellore District) APMC,Paddy(Common),Nellore Sanna,FAQ,2300.0,2400.0,2369.0
2026-08-03,Andhra Pradesh,SPSR Nellore,Atmakur (SPSR Nellore District) APMC,Paddy(Common),Nellore Sanna,FAQ,2300.0,2400.0,2369.0
2026-07-25,Andhra Pradesh,Krishna,Pedana APMC,Paddy(Common),NO. 2716,Local,2369.0,2400.0,2380.0
2026-07-25,Andhra Pradesh,Krishna,Malleswaram (HQ-Bantumili) APMC,Paddy(Common),NO. 2716,Grade Range-1,2900.0,3000.0,2950.0
2026-07-27,Andhra Pradesh,Krishna,Pedana APMC,Paddy(Common),NO. 2716,Local,2369.0,2400.0,2390.0
2026-07-29,Andhra Pradesh,Krishna,Pedana APMC,Paddy(Common),NO. 2716,Local,2369.0,2400.0,2389.0
2026-08-04,Andhra Pradesh,Krishna,Pedana APMC,Paddy(Common),NO. 2716,Local,2369.0,2400.0,2380.0
2026-07-24,Andhra Pradesh,Prakasam,Kandukur APMC,Paddy(Common),Other,Local,2380.0,2450.0,2410.0
2026-07-24,Andhra Pradesh,Prakasam,Addanki APMC,Paddy(Common),Other,Local,2390.0,2430.0,2400.0
2026-07-26,Andhra Pradesh,Prakasam,Addanki APMC,Paddy(Common),Other,Local,2390.0,2430.0,2400.0
2026-07-27,Andhra Pradesh,Prakasam,Kandukur APMC,Paddy(Common),Other,Local,2380.0,2450.0,2410.0
2026-07-24,Andhra Pradesh,Nandyal,Nandyal APMC,Paddy(Common),Other,FAQ,2000.0,2400.0,2000.0
2026-07-30,Andhra Pradesh,Prakasam,Kandukur APMC,Paddy(Common),Other,Local,2380.0,2450.0,2400.0
2026-07-31,Andhra Pradesh,Bapatla,Parchur APMC,Paddy(Common),Other,FAQ,2300.0,2500.0,2400.0
2026-08-01,Andhra Pradesh,Prakasam,Kandukur APMC,Paddy(Common),Other,Local,2380.0,2450.0,2400.0
2026-08-05,Andhra Pradesh,SPSR Nellore,Kavali APMC,Paddy(Common),Other,Local,2380.0,2450.0,2410.0
2025-12-26,Andhra Pradesh,Kurnool,Nandyal APMC,Paddy(Common),Paddy,Grade Range-2,2100.0,2100.0,2100.0
2025-12-16,Andhra Pradesh,Visakhapatnam,Chintapally APMC,Paddy(Common),Other,FAQ,2500.0,2500.0,2500.0
2025-12-09,Andhra Pradesh,Kurnool,Nandyal APMC,Paddy(Common),Paddy,Local,2200.0,2200.0,2200.0
2025-12-02,Andhra Pradesh,Alluri Sitharama Raju,Rampachodvaram APMC,Paddy(Common),1001,Grade Range-2,2370.0,2370.0,2370.0
2025-12-06,Andhra Pradesh,Alluri Sitharama Raju,Rampachodvaram APMC,Paddy(Common),1001,Grade Range-2,2370.0,2370.0,2370.0
2025-12-10,Andhra Pradesh,Alluri Sitharama Raju,Rampachodvaram APMC,Paddy(Common),1001,Grade Range-2,2370.0,2370.0,2370.0
2025-12-17,Andhra Pradesh,Alluri Sitharama Raju,Rampachodvaram APMC,Paddy(Common),1001,Grade Range-2,2370.0,2370.0,2370.0
2025-12-31,Andhra Pradesh,Alluri Sitharama Raju,Rampachodvaram APMC,Paddy(Common),1001,Grade Range-2,2370.0,2370.0,2370.0
2025-12-10,Andhra Pradesh,Krishna,Divi APMC,Paddy(Common),B P T,FAQ,2300.0,2400.0,2350.0
2025-12-06,Andhra Pradesh,East Godavari,Jaggampet APMC,Paddy(Common),Common,FAQ,2369.0,2379.0,2379.0
2025-12-09,Andhra Pradesh,Krishna,Tiruvuru APMC,Paddy(Common),Sona,Local,2500.0,2500.0,2500.0
2025-12-06,Andhra Pradesh,Kurnool,Nandyal APMC,Paddy(Common),Sona Mahsuri,Grade Range-1,2400.0,2400.0,2400.0
2025-11-01,Andhra Pradesh,Krishna,Tiruvuru APMC,Paddy(Common),Sona,FAQ,2400.0,2700.0,2600.0
2026-07-28,Andhra Pradesh,Srikakulam,Jalumuru APMC,Paddy(Common),1121,FAQ,2369.0,2369.0,2369.0
2026-08-03,Andhra Pradesh,West Godavari,Achanta APMC,Paddy(Common),1121,Local,2359.0,2375.0,2369.0
2026-08-04,Andhra Pradesh,Dr.B.R.A.Konaseema,Mummidivaram APMC,Paddy(Common),1121,FAQ,2369.0,2468.0,2369.0
2026-08-05,Andhra Pradesh,West Godavari,Achanta APMC,Paddy(Common),1121,Local,2359.0,2375.0,2369.0
2025-12-04,Andhra Pradesh,Kurnool,Nandyal APMC,Paddy(Common),Sona Mahsuri,Grade Range-1,2300.0,2300.0,2300.0
2025-12-31,Andhra Pradesh,Kurnool,Nandyal APMC,Paddy(Common),Sona Mahsuri,Grade Range-2,2000.0,2000.0,2000.0
2025-12-11,Andhra Pradesh,Alluri Sitharama Raju,Rampachodvaram APMC,Paddy(Common),1001,Grade Range-2,2370.0,2370.0,2370.0
2025-12-16,Andhra Pradesh,Alluri Sitharama Raju,Rampachodvaram APMC,Paddy(Common),1001,Grade Range-2,2370.0,2370.0,2370.0
2025-12-23,Andhra Pradesh,Alluri Sitharama Raju,Rampachodvaram APMC,Paddy(Common),1001,Grade Range-2,2370.0,2370.0,2370.0
2025-12-05,Andhra Pradesh,Krishna,Divi APMC,Paddy(Common),B P T,FAQ,2300.0,2400.0,2350.0
2025-12-12,Andhra Pradesh,Krishna,Divi APMC,Paddy(Common),B P T,FAQ,2300.0,2400.0,2350.0
2025-12-31,Andhra Pradesh,East Godavari,Jaggampet APMC,Paddy(Common),Common,FAQ,2369.0,2379.0,2379.0
2026-01-07,Andhra Pradesh,Alluri Sitharama Raju,Rampachodvaram APMC,Paddy(Common),1001,Grade Range-2,2370.0,2370.0,2370.0
2026-01-12,Andhra Pradesh,Alluri Sitharama Raju,Rampachodvaram APMC,Paddy(Common),1001,Grade Range-2,2370.0,2370.0,2370.0
2026-01-24,Andhra Pradesh,Alluri Sitharama Raju,Rampachodvaram APMC,Paddy(Common),1001,Grade Range-2,2370.0,2370.0,2370.0
2026-01-01,Andhra Pradesh,Kurnool,Nandyal APMC,Paddy(Common),B P T,FAQ,2100.0,2100.0,2100.0
2026-01-11,Andhra Pradesh,Krishna,Divi APMC,Paddy(Common),B P T,FAQ,2300.0,2400.0,2350.0
2026-01-22,Andhra Pradesh,Krishna,Divi APMC,Paddy(Common),B P T,FAQ,2300.0,2400.0,2350.0
2026-01-29,Andhra Pradesh,Kurnool,Nandyal APMC,Paddy(Common),Sona Mahsuri,Grade Range-1,2400.0,2400.0,2400.0
2026-02-02,Andhra Pradesh,Kurnool,Nandyal APMC,Paddy(Common),Sona Mahsuri,Grade Range-1,2222.0,2222.0,2222.0
2026-02-09,Andhra Pradesh,Alluri Sitharama Raju,Rampachodvaram APMC,Paddy(Common),1001,Grade Range-2,2370.0,2370.0,2370.0
2026-03-17,Andhra Pradesh,Nellore,Rapur APMC,Paddy(Common),Common,Local,2390.0,2460.0,2430.0
2026-03-27,Andhra Pradesh,East Godavari,Jaggampet APMC,Paddy(Common),Common,FAQ,2369.0,2379.0,2369.0
2026-03-31,Andhra Pradesh,Nellore,Rapur APMC,Paddy(Common),Common,Local,2390.0,2480.0,2460.0
2026-03-10,Andhra Pradesh,Nellore,Atmakur(SPS) APMC,Paddy(Common),Nellore Sanna,FAQ,3093.33256,3199.9992,3158.665877
2026-03-20,Andhra Pradesh,Nellore,Atmakur(SPS) APMC,Paddy(Common),Nellore Sanna,FAQ,2300.0,2400.0,2369.0
2026-03-30,Andhra Pradesh,Nellore,Atmakur(SPS) APMC,Paddy(Common),Nellore Sanna,FAQ,2300.0,2400.0,2369.0
2026-03-31,Andhra Pradesh,Nellore,Atmakur(SPS) APMC,Paddy(Common),Nellore Sanna,FAQ,2300.0,2400.0,2369.0
2025-11-05,Andhra Pradesh,Krishna,Tiruvuru APMC,Paddy(Common),Sona,Non-FAQ,2200.0,2400.0,2300.0
2025-11-14,Andhra Pradesh,Krishna,Tiruvuru APMC,Paddy(Common),Sona,Local,2500.0,2500.0,2500.0
2025-11-29,Andhra Pradesh,Krishna,Tiruvuru APMC,Paddy(Common),Sona,Local,2500.0,2500.0,2500.0
2025-11-13,Andhra Pradesh,Kurnool,Nandyal APMC,Paddy(Common),Sona Mahsuri,Local,2300.0,2300.0,2300.0
2025-11-03,Andhra Pradesh,Kurnool,Nandyal APMC,Paddy(Common),Sona Mahsuri,Non-FAQ,2100.0,2100.0,2100.0
2025-11-26,Andhra Pradesh,Kurnool,Nandyal APMC,Paddy(Common),Sona Mahsuri,Grade Range-1,3400.0,3400.0,3400.0
2025-11-14,Andhra Pradesh,Alluri Sitharama Raju,Rampachodvaram APMC,Paddy(Common),1001,Grade Range-2,2370.0,2370.0,2370.0
2025-11-18,Andhra Pradesh,Alluri Sitharama Raju,Rampachodvaram APMC,Paddy(Common),1001,Grade Range-2,2370.0,2370.0,2370.0
2025-11-17,Andhra Pradesh,Alluri Sitharama Raju,Rampachodvaram APMC,Paddy(Common),1001,Grade Range-2,2370.0,2370.0,2370.0
2025-11-19,Andhra Pradesh,Alluri Sitharama Raju,Rampachodvaram APMC,Paddy(Common),1001,Grade Range-2,2370.0,2370.0,2370.0
2025-11-24,Andhra Pradesh,Alluri Sitharama Raju,Rampachodvaram APMC,Paddy(Common),1001,Grade Range-2,2370.0,2370.0,2370.0
2025-11-29,Andhra Pradesh,Alluri Sitharama Raju,Rampachodvaram APMC,Paddy(Common),1001,Grade Range-2,2370.0,2370.0,2370.0
2025-11-12,Andhra Pradesh,East Godavari,Jaggampet APMC,Paddy(Common),Common,FAQ,2369.0,2379.0,2379.0
2025-11-19,Andhra Pradesh,East Godavari,Jaggampet APMC,Paddy(Common),Common,FAQ,2369.0,2379.0,2379.0
2025-11-22,Andhra Pradesh,East Godavari,Jaggampet APMC,Paddy(Common),Common,FAQ,2369.0,2379.0,2379.0
2025-11-25,Andhra Pradesh,East Godavari,Jaggampet APMC,Paddy(Common),Common,FAQ,2369.0,2379.0,2379.0
2025-11-27,Andhra Pradesh,East Godavari,Jaggampet APMC,Paddy(Common),Common,FAQ,2369.0,2379.0,2379.0
2025-11-14,Andhra Pradesh,East Godavari,Jaggampet APMC,Paddy(Common),Common,FAQ,2369.0,2379.0,2379.0
2025-11-01,Andhra Pradesh,Krishna,Divi APMC,Paddy(Common),B P T,FAQ,2300.0,2400.0,2350.0
2025-11-18,Andhra Pradesh,Krishna,Divi APMC,Paddy(Common),B P T,FAQ,2200.0,2400.0,2369.0
2025-11-21,Andhra Pradesh,Krishna,Divi APMC,Paddy(Common),B P T,FAQ,2300.0,2400.0,2369.0
2026-04-04,Andhra Pradesh,SPSR Nellore,Atmakur (SPSR Nellore District) APMC,Paddy(Common),Nellore Sanna,FAQ,2300.0,2400.0,2369.0
2026-04-10,Andhra Pradesh,SPSR Nellore,Rapur APMC,Paddy(Common),Common,Local,2390.0,2480.0,2440.0
2026-04-17,Andhra Pradesh,SPSR Nellore,Rapur APMC,Paddy(Common),Common,Local,2380.0,2460.0,2420.0
2026-04-23,Andhra Pradesh,SPSR Nellore,Rapur APMC,Paddy(Common),Common,Local,2380.0,2430.0,2410.0
2026-04-01,Andhra Pradesh,Kakinada,Jaggampet APMC,Paddy(Common),Common,FAQ,2369.0,2379.0,2379.0
2026-04-02,Andhra Pradesh,Kakinada,Jaggampet APMC,Paddy(Common),Common,FAQ,2369.0,2379.0,2379.0
2026-04-03,Andhra Pradesh,Kakinada,Jaggampet APMC,Paddy(Common),Common,FAQ,2369.0,2379.0,2379.0
2026-04-05,Andhra Pradesh,Kakinada,Jaggampet APMC,Paddy(Common),Common,FAQ,2369.0,2379.0,2379.0
2026-04-09,Andhra Pradesh,Kakinada,Jaggampet APMC,Paddy(Common),Common,FAQ,2369.0,2379.0,2379.0
2026-04-16,Andhra Pradesh,Kakinada,Jaggampet APMC,Paddy(Common),Common,FAQ,2369.0,2379.0,2379.0
2026-04-15,Andhra Pradesh,Kakinada,Jaggampet APMC,Paddy(Common),Common,FAQ,2369.0,2379.0,2379.0
2026-04-17,Andhra Pradesh,Kakinada,Jaggampet APMC,Paddy(Common),Common,FAQ,2369.0,2379.0,2379.0
2026-04-29,Andhra Pradesh,Kakinada,Jaggampet APMC,Paddy(Common),Common,FAQ,2369.0,2379.0,2379.0
2026-04-27,Andhra Pradesh,SPSR Nellore,Rapur APMC,Paddy(Common),Paddy,Local,2370.0,2420.0,2410.0
2026-04-07,Andhra Pradesh,Nellore,Atmakur(SPS) APMC,Paddy(Common),Nellore Sanna,FAQ,2300.0,2400.0,2369.0
2026-04-23,Andhra Pradesh,Nellore,Atmakur(SPS) APMC,Paddy(Common),Nellore Sanna,FAQ,2300.0,2400.0,2369.0
2026-04-23,Andhra Pradesh,Nellore,Rapur APMC,Paddy(Common),Common,Local,2380.0,2430.0,2410.0
2026-04-25,Andhra Pradesh,Nellore,Rapur APMC,Paddy(Common),Common,Local,2380.0,2430.0,2410.0
2026-04-30,Andhra Pradesh,Nellore,Rapur APMC,Paddy(Common),Common,Local,2370.0,2430.0,2420.0
2026-04-05,Andhra Pradesh,Nellore,Atmakur(SPS) APMC,Paddy(Common),Nellore Sanna,FAQ,2300.0,2400.0,2369.0
2026-04-08,Andhra Pradesh,Nellore,Atmakur(SPS) APMC,Paddy(Common),Nellore Sanna,FAQ,2300.0,2400.0,2369.0
2026-04-01,Andhra Pradesh,East Godavari,Jaggampet APMC,Paddy(Common),Common,FAQ,2369.0,2379.0,2379.0
2026-04-10,Andhra Pradesh,East Godavari,Jaggampet APMC,Paddy(Common),Common,FAQ,2369.0,2379.0,2379.0
2026-04-14,Andhra Pradesh,East Godavari,Jaggampet APMC,Paddy(Common),Common,FAQ,2369.0,2379.0,2379.0
2026-04-16,Andhra Pradesh,East Godavari,Jaggampet APMC,Paddy(Common),Common,FAQ,2369.0,2379.0,2379.0
2026-04-17,Andhra Pradesh,East Godavari,Jaggampet APMC,Paddy(Common),Common,FAQ,2369.0,2379.0,2379.0
2026-04-20,Andhra Pradesh,East Godavari,Jaggampet APMC,Paddy(Common),Common,FAQ,2369.0,2379.0,2379.0
2026-04-25,Andhra Pradesh,East Godavari,Jaggampet APMC,Paddy(Common),Common,FAQ,2369.0,2379.0,2379.0
2026-04-27,Andhra Pradesh,East Godavari,Jaggampet APMC,Paddy(Common),Common,FAQ,2369.0,2379.0,2379.0
2026-04-30,Andhra Pradesh,East Godavari,Jaggampet APMC,Paddy(Common),Common,FAQ,2369.0,2379.0,2379.0
2026-05-01,Andhra Pradesh,East Godavari,Jaggampet APMC,Paddy(Common),Common,FAQ,2369.0,2379.0,2379.0
2026-05-06,Andhra Pradesh,East Godavari,Jaggampet APMC,Paddy(Common),Common,FAQ,2369.0,2379.0,2379.0
2026-05-27,Andhra Pradesh,Krishna,Mylavaram APMC,Paddy(Common),1001,Local,2369.0,2369.0,2369.0
2026-04-29,Andhra Pradesh,SPSR Nellore,Rapur APMC,Paddy(Common),Common,Local,2380.0,2440.0,2420.0
2026-05-29,Andhra Pradesh,NTR,Mylavaram APMC,Paddy(Common),1001,FAQ,2369.0,2369.0,2369.0
2026-05-31,Andhra Pradesh,Eluru,Polavaram APMC,Paddy(Common),1001,Local,2369.0,2369.0,2369.0
2026-05-05,Andhra Pradesh,Krishna,Divi (HQ-Avanigadda) APMC,Paddy(Common),B P T,FAQ,2300.0,2500.0,2400.0
2026-05-07,Andhra Pradesh,Krishna,Divi (HQ-Avanigadda) APMC,Paddy(Common),B P T,FAQ,2300.0,2400.0,2350.0
2026-05-19,Andhra Pradesh,Krishna,Divi (HQ-Avanigadda) APMC,Paddy(Common),B P T,FAQ,2300.0,2400.0,2350.0
2026-05-25,Andhra Pradesh,Krishna,Divi (HQ-Avanigadda) APMC,Paddy(Common),B P T,FAQ,2300.0,2400.0,2350.0
2026-05-15,Andhra Pradesh,SPSR Nellore,Rapur APMC,Paddy(Common),Common,Local,2370.0,2420.0,2390.0
2026-05-20,Andhra Pradesh,SPSR Nellore,Rapur APMC,Paddy(Common),Common,Local,2370.0,2400.0,2390.0
2026-05-27,Andhra Pradesh,SPSR Nellore,Rapur APMC,Paddy(Common),Common,Local,2370.0,2400.0,2385.0
2026-05-04,Andhra Pradesh,Kakinada,Jaggampet APMC,Paddy(Common),Common,FAQ,2369.0,2379.0,2379.0
2026-05-05,Andhra Pradesh,Kakinada,Jaggampet APMC,Paddy(Common),Common,FAQ,2369.0,2379.0,2379.0
2026-05-06,Andhra Pradesh,Kakinada,Jaggampet APMC,Paddy(Common),Common,FAQ,2369.0,2379.0,2379.0
2026-05-29,Andhra Pradesh,NTR,Tiruvuru APMC,Paddy(Common),Sona,Local,2250.0,2250.0,2250.0
2026-06-18,Andhra Pradesh,Krishna,Penamaluru (HQ-Kankipadu) APMC,Paddy(Common),MTU-1001,Local,2369.0,2369.0,2369.0
2026-06-29,Andhra Pradesh,Krishna,Penamaluru (HQ-Kankipadu) APMC,Paddy(Common),MTU-1001,Local,2369.0,2369.0,2369.0
2026-06-01,Andhra Pradesh,East Godavari,Kovvur APMC,Paddy(Common),MTU-1010,Grade Range-2,2400.0,2400.0,2400.0
2026-06-17,Andhra Pradesh,East Godavari,Kovvur APMC,Paddy(Common),MTU-1010,Grade Range-2,2400.0,2400.0,2400.0
2026-06-22,Andhra Pradesh,East Godavari,Kovvur APMC,Paddy(Common),MTU-1010,Grade Range-2,2400.0,2400.0,2400.0
2026-06-23,Andhra Pradesh,East Godavari,Kovvur APMC,Paddy(Common),MTU-1010,Grade Range-2,2400.0,2400.0,2400.0
2026-06-25,Andhra Pradesh,East Godavari,Kovvur APMC,Paddy(Common),MTU-1010,Grade Range-2,2400.0,2400.0,2400.0
2026-06-02,Andhra Pradesh,Eluru,Polavaram APMC,Paddy(Common),1001,Local,2369.0,2369.0,2369.0
2026-06-03,Andhra Pradesh,Bapatla,Kuchinapudi APMC,Paddy(Common),B P T,Local,2400.0,2500.0,2450.0
2026-06-04,Andhra Pradesh,Bapatla,Kuchinapudi APMC,Paddy(Common),B P T,Local,2400.0,2500.0,2450.0
2026-06-08,Andhra Pradesh,Bapatla,Kuchinapudi APMC,Paddy(Common),B P T,Local,2400.0,2500.0,2450.0
2026-06-12,Andhra Pradesh,Krishna,Divi (HQ-Avanigadda) APMC,Paddy(Common),B P T,FAQ,2300.0,2400.0,2350.0
2026-06-12,Andhra Pradesh,Bapatla,Kuchinapudi APMC,Paddy(Common),B P T,Local,2400.0,2500.0,2450.0
2026-06-15,Andhra Pradesh,NTR,Nandigama APMC,Paddy(Common),B P T,Grade Range-1,1820.0,1820.0,1820.0
2026-06-17,Andhra Pradesh,Bapatla,Bapatla APMC,Paddy(Common),B P T,Local,2400.0,2500.0,2450.0
2026-06-18,Andhra Pradesh,Bapatla,Bapatla APMC,Paddy(Common),B P T,Local,2400.0,2500.0,2450.0
2026-06-23,Andhra Pradesh,Bapatla,Bapatla APMC,Paddy(Common),B P T,Local,2400.0,2500.0,2450.0
2026-06-29,Andhra Pradesh,NTR,Nandigama APMC,Paddy(Common),B P T,Grade Range-1,1910.0,1910.0,1910.0
2026-06-01,Andhra Pradesh,Vijayanagaram,Kothavalasa APMC,Paddy(Common),1001,Local,2369.0,2369.0,2369.0
2026-06-20,Andhra Pradesh,Dr.B.R.A.Konaseema,Amalapuram APMC,Paddy(Common),1001,Local,2369.0,2400.0,2369.0
2026-06-23,Andhra Pradesh,Dr.B.R.A.Konaseema,Amalapuram APMC,Paddy(Common),1001,Local,2369.0,2400.0,2369.0
2026-06-23,Andhra Pradesh,NTR,Mylavaram APMC,Paddy(Common),1001,FAQ,2369.0,2369.0,2369.0
2026-06-27,Andhra Pradesh,Eluru,Polavaram APMC,Paddy(Common),1001,Local,2390.0,2390.0,2390.0
2026-06-25,Andhra Pradesh,Eluru,Polavaram APMC,Paddy(Common),1001,Local,2390.0,2390.0,2390.0
2026-06-29,Andhra Pradesh,NTR,Mylavaram APMC,Paddy(Common),1001,FAQ,2369.0,2369.0,2369.0
2026-06-13,Andhra Pradesh,Dr.B.R.A.Konaseema,Mummidivaram APMC,Paddy(Common),1121,FAQ,2369.0,2468.0,2369.0
2026-06-16,Andhra Pradesh,Dr.B.R.A.Konaseema,Mummidivaram APMC,Paddy(Common),1121,FAQ,2369.0,2468.0,2369.0
2026-06-19,Andhra Pradesh,Dr.B.R.A.Konaseema,Mummidivaram APMC,Paddy(Common),1121,FAQ,2369.0,2468.0,2369.0
2026-06-23,Andhra Pradesh,Dr.B.R.A.Konaseema,Mummidivaram APMC,Paddy(Common),1121,FAQ,2369.0,2468.0,2369.0
2026-06-21,Andhra Pradesh,NTR,Nandigama APMC,Paddy(Common),B P T,Grade Range-1,1860.0,1860.0,1860.0
2026-06-16,Andhra Pradesh,Bapatla,Bapatla APMC,Paddy(Common),B P T,Local,2400.0,2500.0,2450.0
2026-06-20,Andhra Pradesh,NTR,Nandigama APMC,Paddy(Common),B P T,Grade Range-1,1920.0,1920.0,1920.0
2026-06-25,Andhra Pradesh,NTR,Nandigama APMC,Paddy(Common),B P T,Grade Range-1,1870.0,1870.0,1870.0
2026-06-12,Andhra Pradesh,Krishna,Penamaluru (HQ-Kankipadu) APMC,Paddy(Common),MTU-1001,Local,2369.0,2369.0,2369.0
2026-06-23,Andhra Pradesh,Krishna,Penamaluru (HQ-Kankipadu) APMC,Paddy(Common),MTU-1001,Local,2369.0,2369.0,2369.0
2026-06-10,Andhra Pradesh,NTR,Mylavaram APMC,Paddy(Common),1001,FAQ,2369.0,2369.0,2369.0
2026-06-09,Andhra Pradesh,Dr.B.R.A.Konaseema,Amalapuram APMC,Paddy(Common),1001,Local,2386.0,2500.0,2386.0
2026-06-11,Andhra Pradesh,Eluru,Polavaram APMC,Paddy(Common),1001,Local,2389.0,2389.0,2389.0
2026-06-11,Andhra Pradesh,NTR,Mylavaram APMC,Paddy(Common),1001,FAQ,2369.0,2369.0,2369.0
2026-06-24,Andhra Pradesh,Vijayanagaram,Kothavalasa APMC,Paddy(Common),1001,Local,2369.0,2369.0,2369.0
2026-06-12,Andhra Pradesh,Dr.B.R.A.Konaseema,Ramachandrapuram APMC,Paddy(Common),Paddy,FAQ,2369.0,2383.0,2369.0
2026-06-16,Andhra Pradesh,Dr.B.R.A.Konaseema,Alamuru APMC,Paddy(Common),Paddy,FAQ,2369.0,2389.0,2369.0
2026-06-01,Andhra Pradesh,NTR,Tiruvuru APMC,Paddy(Common),Sona,Local,2450.0,2450.0,2450.0
2026-06-06,Andhra Pradesh,NTR,Tiruvuru APMC,Paddy(Common),Sona,Local,2400.0,2400.0,2400.0
2026-06-12,Andhra Pradesh,Eluru,Nuzvid APMC,Paddy(Common),Sona,Grade Range-1,2400.0,2400.0,2400.0
2026-06-17,Andhra Pradesh,NTR,Tiruvuru APMC,Paddy(Common),Sona,Local,2450.0,2450.0,2450.0
2026-06-15,Andhra Pradesh,Eluru,Nuzvid APMC,Paddy(Common),Sona,FAQ,2400.0,2400.0,2400.0
2026-06-19,Andhra Pradesh,NTR,Tiruvuru APMC,Paddy(Common),Sona,Local,2450.0,2450.0,2450.0
2026-06-25,Andhra Pradesh,NTR,Tiruvuru APMC,Paddy(Common),Sona,Local,2450.0,2450.0,2450.0
2026-06-24,Andhra Pradesh,NTR,Tiruvuru APMC,Paddy(Common),Sona,Local,2450.0,2450.0,2450.0
2026-06-30,Andhra Pradesh,NTR,Tiruvuru APMC,Paddy(Common),Sona,Local,2450.0,2450.0,2450.0
2026-07-03,Andhra Pradesh,Dr.B.R.A.Konaseema,Amalapuram APMC,Paddy(Common),1001,Local,2369.0,2400.0,2369.0
2026-07-04,Andhra Pradesh,Eluru,Polavaram APMC,Paddy(Common),1001,Local,2390.0,2390.0,2390.0
2026-07-06,Andhra Pradesh,Eluru,Polavaram APMC,Paddy(Common),1001,Local,2390.0,2390.0,2390.0
2026-07-08,Andhra Pradesh,Dr.B.R.A.Konaseema,Amalapuram APMC,Paddy(Common),1001,Local,2369.0,2400.0,2369.0
2026-07-06,Andhra Pradesh,Vijayanagaram,Kothavalasa APMC,Paddy(Common),1001,Local,2369.0,2369.0,2369.0
2026-07-09,Andhra Pradesh,Dr.B.R.A.Konaseema,Amalapuram APMC,Paddy(Common),1001,Local,2369.0,2400.0,2369.0
2026-07-06,Andhra Pradesh,NTR,Mylavaram APMC,Paddy(Common),1001,FAQ,2369.0,2369.0,2369.0
2026-07-20,Andhra Pradesh,Dr.B.R.A.Konaseema,Amalapuram APMC,Paddy(Common),1001,FAQ,2369.0,2468.0,2369.0
2026-07-21,Andhra Pradesh,Eluru,Polavaram APMC,Paddy(Common),1001,Local,2445.0,2445.0,2445.0
2026-07-07,Andhra Pradesh,Dr.B.R.A.Konaseema,Amalapuram APMC,Paddy(Common),1001,Local,2369.0,2400.0,2369.0
2026-07-07,Andhra Pradesh,NTR,Mylavaram APMC,Paddy(Common),1001,FAQ,2369.0,2369.0,2369.0
2026-07-09,Andhra Pradesh,NTR,Mylavaram APMC,Paddy(Common),1001,FAQ,2369.0,2369.0,2369.0
2026-07-10,Andhra Pradesh,Vijayanagaram,Kothavalasa APMC,Paddy(Common),1001,Local,2369.0,2369.0,2369.0
2026-07-11,Andhra Pradesh,Eluru,Polavaram APMC,Paddy(Common),1001,Local,2390.0,2390.0,2390.0
2026-07-29,Andhra Pradesh,Kakinada,Karapa APMC,Paddy(Common),1001,FAQ,2364.0,2369.0,2366.0
2026-07-15,Andhra Pradesh,Vijayanagaram,Kothavalasa APMC,Paddy(Common),1001,Local,2369.0,2369.0,2369.0
2026-07-29,Andhra Pradesh,Polavaram,Rampachodvaram APMC,Paddy(Common),1001,FAQ,2369.0,2389.0,2379.0
2026-07-11,Andhra Pradesh,Vijayanagaram,Kothavalasa APMC,Paddy(Common),1001,Local,2369.0,2369.0,2369.0
2026-07-29,Andhra Pradesh,Polavaram,Rampachodvaram APMC,Paddy(Common),1001,Grade Range-2,2369.0,2389.0,2379.0
2026-07-13,Andhra Pradesh,Eluru,Polavaram APMC,Paddy(Common),1001,Local,2390.0,2390.0,2390.0
2026-07-13,Andhra Pradesh,Vijayanagaram,Kothavalasa APMC,Paddy(Common),1001,Local,2369.0,2369.0,2369.0
2026-07-12,Andhra Pradesh,Vijayanagaram,Kothavalasa APMC,Paddy(Common),1001,Local,2369.0,2369.0,2369.0
2026-07-15,Andhra Pradesh,NTR,Mylavaram APMC,Paddy(Common),1001,FAQ,2369.0,2369.0,2369.0
2026-07-30,Andhra Pradesh,Srikakulam,Kanchili APMC,Paddy(Common),1001,FAQ,2400.0,2400.0,2400.0
2026-07-17,Andhra Pradesh,Dr.B.R.A.Konaseema,Amalapuram APMC,Paddy(Common),1001,FAQ,2369.0,2468.0,2369.0
2026-07-29,Andhra Pradesh,Kakinada,Prattipadu APMC,Paddy(Common),1001,FAQ,2369.0,2380.0,2379.0
2026-07-18,Andhra Pradesh,NTR,Mylavaram APMC,Paddy(Common),1001,FAQ,2369.0,2369.0,2369.0
2026-07-22,Andhra Pradesh,Dr.B.R.A.Konaseema,Amalapuram APMC,Paddy(Common),1001,FAQ,2369.0,2468.0,2369.0
2026-07-24,Andhra Pradesh,Srikakulam,Kanchili APMC,Paddy(Common),1001,FAQ,2400.0,2400.0,2400.0
2026-07-22,Andhra Pradesh,Eluru,Ungatur APMC,Paddy(Common),1001,Local,2445.0,2445.0,2445.0
2026-07-21,Andhra Pradesh,NTR,Mylavaram APMC,Paddy(Common),1001,FAQ,2369.0,2369.0,2369.0
2026-07-22,Andhra Pradesh,NTR,Mylavaram APMC,Paddy(Common),1001,FAQ,2369.0,2369.0,2369.0
2026-07-24,Andhra Pradesh,Anakapally,Narsipatnam APMC,Paddy(Common),1001,Local,2390.0,2450.0,2400.0
2026-07-25,Andhra Pradesh,Kakinada,Peddapuram APMC,Paddy(Common),1001,FAQ,2369.0,2390.0,2369.0
2026-07-25,Andhra Pradesh,NTR,Mylavaram APMC,Paddy(Common),1001,FAQ,2369.0,2369.0,2369.0
2026-07-23,Andhra Pradesh,Anakapally,Payakaraopeta APMC,Paddy(Common),1001,Local,2349.0,2369.0,2359.0
2026-07-23,Andhra Pradesh,Eluru,Bhimadole APMC,Paddy(Common),1001,FAQ,2380.0,2390.0,2385.0
2026-07-22,Andhra Pradesh,Kakinada,Sampara (Kakinada Rural) APMC,Paddy(Common),1001,Local,2389.0,2450.0,2400.0
2026-07-23,Andhra Pradesh,Prakasam,Santhamaguluru APMC,Paddy(Common),1001,Local,2400.0,2500.0,2450.0
2026-07-27,Andhra Pradesh,East Godavari,Mandapeta APMC,Paddy(Common),1001,FAQ,2369.0,2400.0,2389.0
2026-07-27,Andhra Pradesh,Krishna,Ghantsala (HQ-Kodali) APMC,Paddy(Common),1001,Local,2441.0,2500.0,2450.0
2026-07-26,Andhra Pradesh,Kakinada,Karapa APMC,Paddy(Common),1001,FAQ,2960.0,2963.0,2962.0
2026-07-24,Andhra Pradesh,Dr.B.R.A.Konaseema,Amalapuram APMC,Paddy(Common),1001,FAQ,2369.0,2468.0,2369.0
2026-07-26,Andhra Pradesh,Anakapally,Yellamanchili APMC,Paddy(Common),1001,Local,2390.0,2450.0,2400.0
2026-07-29,Andhra Pradesh,Kakinada,Peddapuram APMC,Paddy(Common),1001,FAQ,2369.0,2390.0,2369.0
2026-07-25,Andhra Pradesh,Krishna,Ghantsala (HQ-Kodali) APMC,Paddy(Common),1001,Local,2400.0,2550.0,2500.0
2026-07-23,Andhra Pradesh,West Godavari,Bhimavaram APMC,Paddy(Common),1001,Grade Range-1,2369.0,2369.0,2369.0
2026-07-27,Andhra Pradesh,NTR,Mylavaram APMC,Paddy(Common),1001,FAQ,2369.0,2369.0,2369.0
2026-07-26,Andhra Pradesh,Krishna,Gannavaram APMC,Paddy(Common),1001,Local,2369.0,2369.0,2369.0
2026-07-26,Andhra Pradesh,Vijayanagaram,Kothavalasa APMC,Paddy(Common),1001,Local,2369.0,2369.0,2369.0
2026-07-26,Andhra Pradesh,East Godavari,Mandapeta APMC,Paddy(Common),1001,FAQ,2369.0,2400.0,2389.0
2026-07-24,Andhra Pradesh,Eluru,Polavaram APMC,Paddy(Common),1001,Local,2445.0,2445.0,2445.0
2026-07-28,Andhra Pradesh,Guntur,Prathipadu APMC,Paddy(Common),1001,Grade Range-1,2200.0,2425.0,2300.0
2026-07-26,Andhra Pradesh,Anakapally,Narsipatnam APMC,Paddy(Common),1001,Local,2390.0,2450.0,2400.0
2026-07-27,Andhra Pradesh,West Godavari,Penugonda APMC,Paddy(Common),1001,Local,2369.0,2380.0,2370.0
2026-07-27,Andhra Pradesh,NTR,Vijayawada APMC,Paddy(Common),1001,Local,2369.0,2369.0,2369.0
2026-07-28,Andhra Pradesh,Srikakulam,Srikakulam APMC,Paddy(Common),1001,FAQ,2400.0,2400.0,2400.0
2026-07-28,Andhra Pradesh,West Godavari,Tadepalligudem APMC,Paddy(Common),1001,FAQ,2445.0,2445.0,2445.0
2026-07-09,Andhra Pradesh,SPSR Nellore,Rapur APMC,Paddy(Common),Common,Local,2320.0,2420.0,2380.0
2026-07-23,Andhra Pradesh,Kakinada,Kakinada (Urban) APMC,Paddy(Common),Common,FAQ,2369.0,2375.0,2370.0
2026-07-25,Andhra Pradesh,Kakinada,Prattipadu APMC,Paddy(Common),Common,FAQ,2369.0,2380.0,2369.0
2026-07-25,Andhra Pradesh,East Godavari,Nidadavolu APMC,Paddy(Common),Common,Local,2445.0,2445.0,2445.0
2026-07-28,Andhra Pradesh,Srikakulam,Palasa APMC,Paddy(Common),Common,FAQ,2369.0,2369.0,2369.0
2026-07-29,Andhra Pradesh,Krishna,Penamaluru (HQ-Kankipadu) APMC,Paddy(Common),MTU-1001,Local,2369.0,2369.0,2369.0
2026-07-29,Andhra Pradesh,Eluru,Kalidindi APMC,Paddy(Common),MTU-1001,Local,2440.0,2440.0,2440.0
2026-07-27,Andhra Pradesh,Eluru,Kalidindi APMC,Paddy(Common),MTU-1001,Local,2440.0,2440.0,2440.0
2026-07-28,Andhra Pradesh,West Godavari,Narsapuram APMC,Paddy(Common),MTU-1001,Local,2445.0,2445.0,2445.0
2026-07-28,Andhra Pradesh,West Godavari,Undi APMC,Paddy(Common),MTU-1001,Local,2369.0,2369.0,2369.0
2026-07-30,Andhra Pradesh,Eluru,Kalidindi APMC,Paddy(Common),MTU-1001,Local,2440.0,2440.0,2440.0
2026-07-31,Andhra Pradesh,Eluru,Kalidindi APMC,Paddy(Common),MTU-1001,Local,2440.0,2440.0,2440.0
2026-07-02,Andhra Pradesh,East Godavari,Kovvur APMC,Paddy(Common),MTU-1010,Grade Range-2,2400.0,2400.0,2400.0
2026-07-03,Andhra Pradesh,East Godavari,Kovvur APMC,Paddy(Common),MTU-1010,Grade Range-2,2400.0,2400.0,2400.0
2026-07-09,Andhra Pradesh,East Godavari,Kovvur APMC,Paddy(Common),MTU-1010,Grade Range-2,2400.0,2400.0,2400.0
2026-07-11,Andhra Pradesh,East Godavari,Kovvur APMC,Paddy(Common),MTU-1010,Grade Range-2,2400.0,2400.0,2400.0
2026-07-13,Andhra Pradesh,East Godavari,Kovvur APMC,Paddy(Common),MTU-1010,Grade Range-2,2400.0,2400.0,2400.0
2026-07-22,Andhra Pradesh,SPSR Nellore,Kovur APMC,Paddy(Common),MTU-1010,Local,2369.0,2369.0,2369.0
2026-07-28,Andhra Pradesh,SPSR Nellore,Gudur APMC,Paddy(Common),MTU-1010,Local,2369.0,2470.0,2430.0
2026-07-29,Andhra Pradesh,SPSR Nellore,Gudur APMC,Paddy(Common),MTU-1010,Local,2369.0,2460.0,2425.0
2026-07-31,Andhra Pradesh,Tirupathi,Venkatagiri APMC,Paddy(Common),MTU-1010,FAQ,2340.0,2400.0,2370.0
2026-07-30,Andhra Pradesh,Tirupathi,Venkatagiri APMC,Paddy(Common),MTU-1010,FAQ,2340.0,2400.0,2370.0
2026-07-29,Andhra Pradesh,Tirupathi,Sullurpet APMC,Paddy(Common),MTU-1010,Local,2390.0,2420.0,2410.0
2026-07-31,Andhra Pradesh,Tirupathi,Naidupet APMC,Paddy(Common),MTU-1010,Local,2350.0,2450.0,2400.0
2026-08-01,Andhra Pradesh,Tirupathi,Venkatagiri APMC,Paddy(Common),MTU-1010,FAQ,2340.0,2400.0,2370.0
2026-08-01,Andhra Pradesh,SPSR Nellore,Gudur APMC,Paddy(Common),MTU-1010,Local,2369.0,2480.0,2440.0
2026-08-01,Andhra Pradesh,Tirupathi,Naidupet APMC,Paddy(Common),MTU-1010,Local,2400.0,2520.0,2500.0
2026-08-03,Andhra Pradesh,Tirupathi,Sullurpet APMC,Paddy(Common),MTU-1010,Local,2400.0,2440.0,2420.0
2026-08-03,Andhra Pradesh,East Godavari,Kovvur APMC,Paddy(Common),MTU-1010,Grade Range-2,2441.0,2441.0,2441.0
2026-08-04,Andhra Pradesh,East Godavari,Kovvur APMC,Paddy(Common),MTU-1010,Grade Range-2,2441.0,2441.0,2441.0
2026-07-08,Andhra Pradesh,SPSR Nellore,Atmakur (SPSR Nellore District) APMC,Paddy(Common),Nellore Sanna,FAQ,2300.0,2400.0,2369.0
2026-07-21,Andhra Pradesh,SPSR Nellore,Atmakur (SPSR Nellore District) APMC,Paddy(Common),Nellore Sanna,FAQ,2300.0,2400.0,2369.0
2026-07-27,Andhra Pradesh,SPSR Nellore,Atmakur (SPSR Nellore District) APMC,Paddy(Common),Nellore Sanna,FAQ,2300.0,2400.0,2369.0
2026-07-28,Andhra Pradesh,SPSR Nellore,Udayagiri APMC,Paddy(Common),Nellore Sanna,Grade Range-3,2340.0,2360.0,2350.0
2026-08-02,Andhra Pradesh,SPSR Nellore,Atmakur (SPSR Nellore District) APMC,Paddy(Common),Nellore Sanna,FAQ,2300.0,2400.0,2369.0
2026-07-24,Andhra Pradesh,Krishna,Pedana APMC,Paddy(Common),NO. 2716,Local,2369.0,2400.0,2385.0
2026-07-22,Andhra Pradesh,Prakasam,Addanki APMC,Paddy(Common),Other,Local,2390.0,2400.0,2400.0
2026-07-24,Andhra Pradesh,SPSR Nellore,Gudur APMC,Paddy(Common),Other,Local,2369.0,2460.0,2430.0
2026-07-29,Andhra Pradesh,SPSR Nellore,Kavali APMC,Paddy(Common),Other,Local,2380.0,2450.0,2410.0
2026-07-31,Andhra Pradesh,SPSR Nellore,Kavali APMC,Paddy(Common),Other,Local,2380.0,2450.0,2410.0
2026-07-31,Andhra Pradesh,Prakasam,Kandukur APMC,Paddy(Common),Other,Local,2380.0,2450.0,2400.0
2026-08-04,Andhra Pradesh,Prakasam,Kandukur APMC,Paddy(Common),Other,Local,2380.0,2450.0,2400.0
2026-08-04,Andhra Pradesh,SPSR Nellore,Kavali APMC,Paddy(Common),Other,Local,2380.0,2450.0,2410.0
2026-07-01,Andhra Pradesh,Dr.B.R.A.Konaseema,Ramachandrapuram APMC,Paddy(Common),Paddy,FAQ,2369.0,2373.0,2369.0
2026-07-23,Andhra Pradesh,Palnadu,Ipur APMC,Paddy(Common),Paddy,FAQ,2350.0,2400.0,2400.0
2026-07-25,Andhra Pradesh,West Godavari,Attili APMC,Paddy(Common),Paddy,Local,2369.0,2389.0,2369.0
2026-07-31,Andhra Pradesh,Palnadu,Ipur APMC,Paddy(Common),Paddy,FAQ,2350.0,2600.0,2450.0
2026-07-23,Andhra Pradesh,Visakhapatnam,Pendurthi APMC,Paddy(Common),Paddy,Local,2369.0,2369.0,2369.0
2026-07-24,Andhra Pradesh,Palnadu,Pidugurala APMC,Paddy(Common),Paddy,FAQ,2350.0,2350.0,2350.0
2026-07-25,Andhra Pradesh,Srikakulam,Kothabommali APMC,Paddy(Common),Paddy,Local,2500.0,2500.0,2500.0
2026-07-23,Andhra Pradesh,East Godavari,Rajahmundry APMC,Paddy(Common),Paddy,Local,2369.0,2369.0,2369.0
2026-07-25,Andhra Pradesh,West Godavari,Palakole APMC,Paddy(Common),Paddy,Local,2369.0,2369.0,2369.0
2026-07-25,Andhra Pradesh,East Godavari,Rajahmundry APMC,Paddy(Common),Paddy,Local,2369.0,2369.0,2369.0
2026-07-28,Andhra Pradesh,Srikakulam,Kothabommali APMC,Paddy(Common),Paddy,Local,2500.0,2500.0,2500.0
2026-07-23,Andhra Pradesh,Dr.B.R.A.Konaseema,Alamuru APMC,Paddy(Common),Paddy,FAQ,2369.0,2389.0,2369.0
2026-07-23,Andhra Pradesh,Prakasam,Addanki APMC,Paddy(Common),Paddy,Local,2390.0,2420.0,2400.0
2026-07-23,Andhra Pradesh,Srikakulam,Srikakulam APMC,Paddy(Common),Paddy,FAQ,2369.0,2369.0,2369.0
2026-07-27,Andhra Pradesh,Kakinada,Samalkot APMC,Paddy(Common),Paddy,FAQ,2369.0,2390.0,2369.0
2026-07-23,Andhra Pradesh,SPSR Nellore,Kovur APMC,Paddy(Common),Paddy,Local,2369.0,2460.0,2410.0
2026-07-24,Andhra Pradesh,Tirupathi,Nagalapuram APMC,Paddy(Common),Paddy,Local,2125.0,2212.5,2187.5
2026-07-24,Andhra Pradesh,Srikakulam,Narasannapet APMC,Paddy(Common),Paddy,FAQ,2369.0,2369.0,2369.0
2026-07-26,Andhra Pradesh,SPSR Nellore,Udayagiri APMC,Paddy(Common),Paddy,Local,2464.0,2484.0,2474.0
2026-07-24,Andhra Pradesh,West Godavari,Palakole APMC,Paddy(Common),Paddy,Local,2369.0,2369.0,2369.0
2026-07-24,Andhra Pradesh,Krishna,Gudiwada APMC,Paddy(Common),Paddy,Local,2369.0,2369.0,2369.0
2026-07-26,Andhra Pradesh,East Godavari,Anaparthy APMC,Paddy(Common),Paddy,FAQ,2369.0,2420.0,2369.0
2026-07-23,Andhra Pradesh,Anakapally,Madugula APMC,Paddy(Common),Paddy,Local,2200.0,2400.0,2300.0
2026-07-27,Andhra Pradesh,Prakasam,Addanki APMC,Paddy(Common),Paddy,Local,2390.0,2420.0,2400.0
2026-07-28,Andhra Pradesh,West Godavari,Akiveedu APMC,Paddy(Common),Paddy,Local,2300.0,2500.0,2369.0
2026-07-23,Andhra Pradesh,Kakinada,Peddapuram APMC,Paddy(Common),Paddy,FAQ,2369.0,2400.0,2380.0
2026-07-31,Andhra Pradesh,Srikakulam,Kothabommali APMC,Paddy(Common),Paddy,Local,2500.0,2500.0,2500.0
2026-07-29,Andhra Pradesh,Tirupathi,Nagalapuram APMC,Paddy(Common),Paddy,Local,2187.5,2212.5,2200.0
2026-07-27,Andhra Pradesh,YSR Kadapa,Kamalapuram APMC,Paddy(Common),Paddy,Local,2450.0,2450.0,2450.0
2026-07-27,Andhra Pradesh,SPSR Nellore,Kovur APMC,Paddy(Common),Paddy,Local,2190.0,2369.0,2340.0
2026-07-28,Andhra Pradesh,Dr.B.R.A.Konaseema,Alamuru APMC,Paddy(Common),Paddy,FAQ,2369.0,2389.0,2369.0
2026-07-29,Andhra Pradesh,Visakhapatnam,Pendurthi APMC,Paddy(Common),Paddy,Local,2300.0,2300.0,2300.0
2026-07-29,Andhra Pradesh,Srikakulam,Pathapatnam APMC,Paddy(Common),Paddy,FAQ,2369.0,2500.0,2369.0
2026-07-29,Andhra Pradesh,East Godavari,Anaparthy APMC,Paddy(Common),Paddy,FAQ,2369.0,2450.0,2369.0
2026-07-29,Andhra Pradesh,Dr.B.R.A.Konaseema,Alamuru APMC,Paddy(Common),Paddy,FAQ,2369.0,2389.0,2369.0
2026-07-29,Andhra Pradesh,Dr.B.R.A.Konaseema,Ramachandrapuram APMC,Paddy(Common),Paddy,FAQ,2369.0,2390.0,2369.0
2026-07-29,Andhra Pradesh,West Godavari,Akiveedu APMC,Paddy(Common),Paddy,Local,2300.0,2500.0,2369.0
2026-07-30,Andhra Pradesh,Palnadu,Vinukonda APMC,Paddy(Common),Paddy,FAQ,2250.0,2450.0,2350.0
2026-07-30,Andhra Pradesh,Anakapally,Madugula APMC,Paddy(Common),Paddy,Local,2200.0,2400.0,2300.0
2026-07-28,Andhra Pradesh,Palnadu,Durgi APMC,Paddy(Common),Paddy,FAQ,2100.0,2500.0,2300.0
2026-07-31,Andhra Pradesh,Dr.B.R.A.Konaseema,Alamuru APMC,Paddy(Common),Paddy,FAQ,2369.0,2389.0,2369.0
2026-07-31,Andhra Pradesh,Srikakulam,Pathapatnam APMC,Paddy(Common),Paddy,FAQ,2369.0,2500.0,2369.0
2026-08-01,Andhra Pradesh,Dr.B.R.A.Konaseema,Alamuru APMC,Paddy(Common),Paddy,FAQ,2369.0,2389.0,2369.0
2026-08-01,Andhra Pradesh,Tirupathi,Nagalapuram APMC,Paddy(Common),Paddy,Local,2250.0,2337.5,2312.5
2026-08-01,Andhra Pradesh,Visakhapatnam,Pendurthi APMC,Paddy(Common),Paddy,Local,2300.0,2300.0,2300.0
2026-08-02,Andhra Pradesh,East Godavari,Anaparthy APMC,Paddy(Common),Paddy,FAQ,2369.0,2450.0,2369.0
2026-08-03,Andhra Pradesh,East Godavari,Anaparthy APMC,Paddy(Common),Paddy,FAQ,2369.0,2440.0,2369.0
2026-08-02,Andhra Pradesh,Dr.B.R.A.Konaseema,Alamuru APMC,Paddy(Common),Paddy,FAQ,2369.0,2389.0,2369.0
2026-08-03,Andhra Pradesh,Anakapally,Madugula APMC,Paddy(Common),Paddy,Local,2200.0,2400.0,2300.0
2026-08-03,Andhra Pradesh,Visakhapatnam,Pendurthi APMC,Paddy(Common),Paddy,Local,2300.0,2300.0,2300.0
2026-08-04,Andhra Pradesh,Palnadu,Rompicherla APMC,Paddy(Common),Paddy,FAQ,2300.0,2480.0,2400.0
2026-08-03,Andhra Pradesh,Dr.B.R.A.Konaseema,Alamuru APMC,Paddy(Common),Paddy,FAQ,2369.0,2389.0,2369.0
2026-08-03,Andhra Pradesh,Dr.B.R.A.Konaseema,Ramachandrapuram APMC,Paddy(Common),Paddy,FAQ,2369.0,2380.0,2369.0
2026-08-02,Andhra Pradesh,SPSR Nellore,Kovur APMC,Paddy(Common),Paddy,Local,2183.0,2369.0,2320.0
2026-08-05,Andhra Pradesh,Palnadu,Rompicherla APMC,Paddy(Common),Paddy,FAQ,2300.0,2480.0,2400.0
2026-08-05,Andhra Pradesh,Srikakulam,Pathapatnam APMC,Paddy(Common),Paddy,FAQ,2369.0,2500.0,2369.0
2026-08-05,Andhra Pradesh,Dr.B.R.A.Konaseema,Ramachandrapuram APMC,Paddy(Common),Paddy,FAQ,2369.0,2380.0,2369.0
2026-08-04,Andhra Pradesh,Srikakulam,Amadalavalasa APMC,Paddy(Common),Paddy,FAQ,2369.0,2369.0,2369.0
2026-08-04,Andhra Pradesh,Dr.B.R.A.Konaseema,Alamuru APMC,Paddy(Common),Paddy,FAQ,2369.0,2389.0,2369.0
2026-08-04,Andhra Pradesh,Anakapally,Madugula APMC,Paddy(Common),Paddy,Local,2200.0,2400.0,2300.0
2026-08-04,Andhra Pradesh,Palnadu,Ipur APMC,Paddy(Common),Paddy,FAQ,2500.0,2700.0,2600.0
2026-08-04,Andhra Pradesh,Palnadu,Durgi APMC,Paddy(Common),Paddy,FAQ,1800.0,2400.0,2200.0
2026-08-05,Andhra Pradesh,West Godavari,Attili APMC,Paddy(Common),Paddy,Local,2369.0,2389.0,2369.0
2026-08-05,Andhra Pradesh,Srikakulam,Amadalavalasa APMC,Paddy(Common),Paddy,FAQ,2369.0,2369.0,2369.0
2026-08-05,Andhra Pradesh,Nandyal,Nandyal APMC,Paddy(Common),Paddy,Local,2420.0,2420.0,2420.0
2026-08-05,Andhra Pradesh,YSR Kadapa,Proddatur APMC,Paddy(Common),Paddy,Local,2500.0,2500.0,2500.0
2026-08-05,Andhra Pradesh,East Godavari,Rajahmundry APMC,Paddy(Common),Paddy,Local,2369.0,2369.0,2369.0
2026-08-01,Andhra Pradesh,Kakinada,Sampara (Kakinada Rural) APMC,Paddy(Common),Paddy Medium,FAQ,2369.0,2389.0,2379.0
2026-08-02,Andhra Pradesh,Kakinada,Sampara (Kakinada Rural) APMC,Paddy(Common),Paddy Medium,FAQ,2369.0,2389.0,2379.0
2026-08-05,Andhra Pradesh,Tirupathi,Srikalahasti APMC,Paddy(Common),Paddy Medium,Local,2300.0,2600.0,2450.0
2026-07-23,Andhra Pradesh,Visakhapatnam,Bhimunipatnam APMC,Paddy(Common),Samba Masuri,Local,2961.0,2961.0,2961.0
2026-08-04,Andhra Pradesh,Srikakulam,Ichapuram APMC,Paddy(Common),Sannalu,Local,2369.0,2369.0,2369.0
2026-07-25,Andhra Pradesh,Nandyal,Atmakur (Nandyal District) APMC,Paddy(Common),Sona,FAQ,2410.0,2410.0,2410.0
2026-07-24,Andhra Pradesh,NTR,Tiruvuru APMC,Paddy(Common),Sona,Local,2450.0,2450.0,2450.0
2026-08-02,Andhra Pradesh,Nandyal,Atmakur (Nandyal District) APMC,Paddy(Common),Sona,FAQ,2470.0,2470.0,2470.0
2026-07-25,Andhra Pradesh,YSR Kadapa,Mydukur APMC,Paddy(Common),Sona Mahsuri,Local,2300.0,2500.0,2400.0
2026-07-25,Andhra Pradesh,Nandyal,Banaganapalli APMC,Paddy(Common),Sona Mahsuri,FAQ,2000.0,2400.0,2200.0
2026-07-28,Andhra Pradesh,Nandyal,Banaganapalli APMC,Paddy(Common),Sona Mahsuri,FAQ,2000.0,2400.0,2200.0
2026-07-31,Andhra Pradesh,Nandyal,Panyam APMC,Paddy(Common),Sona Mahsuri,FAQ,2200.0,2400.0,2300.0
2026-07-28,Andhra Pradesh,Krishna,Ghantsala (HQ-Kodali) APMC,Paddy(Common),1001,Local,2200.0,2400.0,2300.0
2026-07-28,Andhra Pradesh,Anakapally,Payakaraopeta APMC,Paddy(Common),1001,Local,2349.0,2369.0,2359.0
2026-07-28,Andhra Pradesh,Eluru,Bhimadole APMC,Paddy(Common),1001,FAQ,2370.0,2380.0,2375.0
2026-07-30,Andhra Pradesh,Krishna,Gannavaram APMC,Paddy(Common),1001,Local,2369.0,2369.0,2369.0
2026-07-30,Andhra Pradesh,Vijayanagaram,Kothavalasa APMC,Paddy(Common),1001,Local,2369.0,2369.0,2369.0
2026-08-01,Andhra Pradesh,Eluru,Ungatur APMC,Paddy(Common),1001,Local,2445.0,2445.0,2445.0
2026-08-03,Andhra Pradesh,Kakinada,Karapa APMC,Paddy(Common),1001,FAQ,2362.0,2369.0,2365.0
2026-08-02,Andhra Pradesh,Kakinada,Karapa APMC,Paddy(Common),1001,FAQ,2363.0,2369.0,2365.0
2026-08-01,Andhra Pradesh,Anakapally,Yellamanchili APMC,Paddy(Common),1001,Local,2390.0,2450.0,2400.0
2026-08-01,Andhra Pradesh,Eluru,Bhimadole APMC,Paddy(Common),1001,FAQ,2380.0,2380.0,2380.0
2026-08-03,Andhra Pradesh,Krishna,Ghantsala (HQ-Kodali) APMC,Paddy(Common),1001,Local,2200.0,2400.0,2300.0
2026-08-03,Andhra Pradesh,NTR,Vijayawada APMC,Paddy(Common),1001,Local,2369.0,2369.0,2369.0
2026-08-04,Andhra Pradesh,Kakinada,Peddapuram APMC,Paddy(Common),1001,FAQ,2369.0,2380.0,2369.0
2026-08-04,Andhra Pradesh,Srikakulam,Kanchili APMC,Paddy(Common),1001,FAQ,2400.0,2400.0,2400.0
2026-08-03,Andhra Pradesh,Anakapally,Narsipatnam APMC,Paddy(Common),1001,Local,2390.0,2450.0,2400.0
2026-08-05,Andhra Pradesh,Polavaram,Rampachodvaram APMC,Paddy(Common),1001,Grade Range-2,2369.0,2389.0,2379.0
2026-08-05,Andhra Pradesh,Eluru,Polavaram APMC,Paddy(Common),1001,Local,2445.0,2445.0,2445.0
2026-08-05,Andhra Pradesh,East Godavari,Mandapeta APMC,Paddy(Common),1001,FAQ,2369.0,2400.0,2389.0
2026-08-04,Andhra Pradesh,Guntur,Prathipadu APMC,Paddy(Common),1001,Grade Range-1,2200.0,2425.0,2300.0
2026-08-05,Andhra Pradesh,Kakinada,Peddapuram APMC,Paddy(Common),1001,FAQ,2369.0,2380.0,2369.0
2026-08-06,Andhra Pradesh,Kakinada,Karapa APMC,Paddy(Common),1001,FAQ,2362.0,2369.0,2366.0
2026-08-03,Andhra Pradesh,West Godavari,Bhimavaram APMC,Paddy(Common),1001,Grade Range-1,2360.0,2360.0,2360.0
2026-08-04,Andhra Pradesh,Polavaram,Rampachodvaram APMC,Paddy(Common),1001,FAQ,2369.0,2489.0,2479.0
2026-08-04,Andhra Pradesh,Kakinada,Prattipadu APMC,Paddy(Common),1001,FAQ,2369.0,2380.0,2379.0
2026-08-04,Andhra Pradesh,Eluru,Polavaram APMC,Paddy(Common),1001,Local,2445.0,2445.0,2445.0
2026-08-04,Andhra Pradesh,Eluru,Bhimadole APMC,Paddy(Common),1001,FAQ,2370.0,2370.0,2370.0
2026-08-05,Andhra Pradesh,Krishna,Gannavaram APMC,Paddy(Common),1001,Local,2369.0,2369.0,2369.0
2026-08-04,Andhra Pradesh,Anakapally,Yellamanchili APMC,Paddy(Common),1001,Local,2390.0,2450.0,2400.0
2026-08-04,Andhra Pradesh,Anakapally,Narsipatnam APMC,Paddy(Common),1001,Local,2390.0,2450.0,2400.0
2026-08-04,Andhra Pradesh,West Godavari,Bhimavaram APMC,Paddy(Common),1001,Grade Range-1,2360.0,2360.0,2360.0
2026-08-05,Andhra Pradesh,West Godavari,Bhimavaram APMC,Paddy(Common),1001,Grade Range-1,2360.0,2360.0,2360.0
2026-08-05,Andhra Pradesh,NTR,Vijayawada APMC,Paddy(Common),1001,Local,2369.0,2369.0,2369.0
2026-07-14,Andhra Pradesh,Dr.B.R.A.Konaseema,Mummidivaram APMC,Paddy(Common),1121,FAQ,2369.0,2468.0,2369.0
2026-07-31,Andhra Pradesh,Srikakulam,Etcherla APMC,Paddy(Common),1121,FAQ,2369.0,2369.0,2369.0
2026-08-02,Andhra Pradesh,West Godavari,Achanta APMC,Paddy(Common),1121,Local,2359.0,2375.0,2369.0
2026-08-05,Andhra Pradesh,Dr.B.R.A.Konaseema,Mummidivaram APMC,Paddy(Common),1121,FAQ,2369.0,2468.0,2369.0
2026-07-01,Andhra Pradesh,Bapatla,Bapatla APMC,Paddy(Common),B P T,Local,2400.0,2500.0,2450.0
2026-07-01,Andhra Pradesh,Krishna,Divi (HQ-Avanigadda) APMC,Paddy(Common),B P T,FAQ,2300.0,2400.0,2350.0
2026-07-01,Andhra Pradesh,NTR,Nandigama APMC,Paddy(Common),B P T,Grade Range-1,1910.0,1910.0,1910.0
2026-07-03,Andhra Pradesh,NTR,Nandigama APMC,Paddy(Common),B P T,Grade Range-1,1870.0,1870.0,1870.0
2026-07-02,Andhra Pradesh,Bapatla,Bapatla APMC,Paddy(Common),B P T,Local,2400.0,2500.0,2450.0
2026-07-04,Andhra Pradesh,Bapatla,Repalli APMC,Paddy(Common),B P T,Local,2400.0,2600.0,2500.0
2026-07-04,Andhra Pradesh,SPSR Nellore,Nellore APMC,Paddy(Common),B P T,FAQ,2300.0,2400.0,2369.0
2026-07-05,Andhra Pradesh,NTR,Nandigama APMC,Paddy(Common),B P T,Grade Range-1,1960.0,1960.0,1960.0
2026-07-04,Andhra Pradesh,Bapatla,Bapatla APMC,Paddy(Common),B P T,Local,2400.0,2500.0,2450.0
2026-07-06,Andhra Pradesh,Bapatla,Repalli APMC,Paddy(Common),B P T,Local,2600.0,2900.0,2700.0
2026-07-08,Andhra Pradesh,Bapatla,Kuchinapudi APMC,Paddy(Common),B P T,Local,2400.0,2500.0,2450.0
2026-07-25,Andhra Pradesh,Kakinada,Pithapuram APMC,Paddy(Common),B P T,FAQ,2369.0,2389.0,2379.0
2026-07-08,Andhra Pradesh,Bapatla,Repalli APMC,Paddy(Common),B P T,Local,2600.0,2900.0,2700.0
2026-07-10,Andhra Pradesh,NTR,Nandigama APMC,Paddy(Common),B P T,Grade Range-1,1910.0,1910.0,1910.0
2026-07-10,Andhra Pradesh,Sri Sathya Sai,Dharmavaram APMC,Paddy(Common),B P T,FAQ,2000.0,2200.0,2100.0
2026-07-13,Andhra Pradesh,Bapatla,Kuchinapudi APMC,Paddy(Common),B P T,Local,2400.0,2500.0,2450.0
2026-07-25,Andhra Pradesh,Prakasam,Darsi APMC,Paddy(Common),B P T,Local,2350.0,2350.0,2350.0
2026-07-28,Andhra Pradesh,Kakinada,Pithapuram APMC,Paddy(Common),B P T,FAQ,2369.0,2389.0,2379.0
2026-07-29,Andhra Pradesh,Kakinada,Pithapuram APMC,Paddy(Common),B P T,FAQ,2369.0,2389.0,2379.0
2026-07-29,Andhra Pradesh,Bapatla,Parchur APMC,Paddy(Common),B P T,Local,2000.0,2600.0,2300.0
2026-07-14,Andhra Pradesh,Bapatla,Repalli APMC,Paddy(Common),B P T,Local,2600.0,2900.0,2700.0
2026-07-15,Andhra Pradesh,Bapatla,Kuchinapudi APMC,Paddy(Common),B P T,Local,2600.0,2700.0,2650.0
2026-07-17,Andhra Pradesh,NTR,Nandigama APMC,Paddy(Common),B P T,Grade Range-1,1990.0,1990.0,1990.0
2026-07-30,Andhra Pradesh,Prakasam,Darsi APMC,Paddy(Common),B P T,Local,2350.0,2400.0,2400.0
2026-07-18,Andhra Pradesh,Sri Sathya Sai,Dharmavaram APMC,Paddy(Common),B P T,FAQ,2000.0,2200.0,2100.0
2026-07-21,Andhra Pradesh,Bapatla,Kuchinapudi APMC,Paddy(Common),B P T,Local,2700.0,2900.0,2800.0
2026-07-22,Andhra Pradesh,Krishna,Pamarru APMC,Paddy(Common),B P T,Local,3254.665853,3307.999173,3294.665843
2026-07-24,Andhra Pradesh,Bapatla,Kuchinapudi APMC,Paddy(Common),B P T,Local,3300.0,3500.0,3400.0
2026-07-24,Andhra Pradesh,Kakinada,Kakinada (Urban) APMC,Paddy(Common),B P T,FAQ,2389.0,2600.0,2550.0
2026-07-22,Andhra Pradesh,Sri Sathya Sai,Dharmavaram APMC,Paddy(Common),B P T,FAQ,2100.0,2300.0,2200.0
2026-07-25,Andhra Pradesh,Bapatla,Bapatla APMC,Paddy(Common),B P T,Local,2400.0,2500.0,2450.0
2026-07-25,Andhra Pradesh,Palnadu,Sattenapalli APMC,Paddy(Common),B P T,FAQ,2350.0,2500.0,2400.0
2026-07-23,Andhra Pradesh,NTR,Nandigama APMC,Paddy(Common),B P T,Grade Range-1,2250.0,2250.0,2250.0
2026-07-23,Andhra Pradesh,Sri Sathya Sai,Dharmavaram APMC,Paddy(Common),B P T,FAQ,2000.0,2200.0,2100.0
2026-07-27,Andhra Pradesh,Prakasam,Maddipadu APMC,Paddy(Common),B P T,FAQ,2450.0,2450.0,2450.0
2026-07-24,Andhra Pradesh,Guntur,Mangalagiri APMC,Paddy(Common),B P T,FAQ,2450.0,2450.0,2450.0
2026-07-24,Andhra Pradesh,Palnadu,Macharla APMC,Paddy(Common),B P T,Grade Range-1,2360.0,2360.0,2360.0
2026-07-24,Andhra Pradesh,Krishna,Machilipatnam APMC,Paddy(Common),B P T,Local,2906.66594,3158.665877,2999.99925
2026-07-28,Andhra Pradesh,Prakasam,Ongole APMC,Paddy(Common),B P T,Local,2500.0,2500.0,2500.0
2026-07-25,Andhra Pradesh,Bapatla,Repalli APMC,Paddy(Common),B P T,Local,3000.0,3300.0,3100.0
2026-07-26,Andhra Pradesh,Prakasam,Darsi APMC,Paddy(Common),B P T,Local,2350.0,2350.0,2350.0
2026-07-26,Andhra Pradesh,Prakasam,Santhamaguluru APMC,Paddy(Common),B P T,Local,2400.0,2450.0,2430.0
2026-07-27,Andhra Pradesh,Palnadu,Macharla APMC,Paddy(Common),B P T,Grade Range-2,2360.0,2360.0,2360.0
2026-07-29,Andhra Pradesh,Tirupathi,Vakadu APMC,Paddy(Common),B P T,Local,2389.0,2410.0,2400.0
2026-07-31,Andhra Pradesh,Prakasam,Maddipadu APMC,Paddy(Common),B P T,FAQ,2500.0,2500.0,2500.0
2026-07-27,Andhra Pradesh,SPSR Nellore,Nellore APMC,Paddy(Common),B P T,FAQ,2445.0,2501.0,2480.0
2026-07-27,Andhra Pradesh,Krishna,Pamarru APMC,Paddy(Common),B P T,Local,2441.0,2481.0,2471.0
2026-07-28,Andhra Pradesh,Bapatla,Kuchinapudi APMC,Paddy(Common),B P T,Local,3100.0,3300.0,3200.0
2026-07-30,Andhra Pradesh,Guntur,Mangalagiri APMC,Paddy(Common),B P T,FAQ,2480.0,2480.0,2480.0
2026-07-31,Andhra Pradesh,Bapatla,Repalli APMC,Paddy(Common),B P T,Local,3200.0,3500.0,3400.0
2026-07-28,Andhra Pradesh,SPSR Nellore,Nellore APMC,Paddy(Common),B P T,FAQ,2370.0,2500.0,2450.0
2026-07-29,Andhra Pradesh,Palnadu,Sattenapalli APMC,Paddy(Common),B P T,FAQ,2350.0,2500.0,2400.0
2026-07-29,Andhra Pradesh,Krishna,Pamarru APMC,Paddy(Common),B P T,Local,2441.0,2481.0,2471.0
2026-07-31,Andhra Pradesh,YSR Kadapa,Kamalapuram APMC,Paddy(Common),B P T,Local,2450.0,2450.0,2450.0
2026-07-30,Andhra Pradesh,Palnadu,Sattenapalli APMC,Paddy(Common),B P T,FAQ,2350.0,2500.0,2400.0
2026-07-30,Andhra Pradesh,Palnadu,Krosuru APMC,Paddy(Common),B P T,FAQ,2200.0,2600.0,2400.0
2026-07-30,Andhra Pradesh,Krishna,Pamarru APMC,Paddy(Common),B P T,Local,2441.0,2481.0,2471.0
2026-07-31,Andhra Pradesh,Bapatla,Kuchinapudi APMC,Paddy(Common),B P T,Local,3300.0,3500.0,3400.0
2026-08-01,Andhra Pradesh,Kakinada,Pithapuram APMC,Paddy(Common),B P T,FAQ,2369.0,2389.0,2379.0
2026-08-01,Andhra Pradesh,YSR Kadapa,Kamalapuram APMC,Paddy(Common),B P T,Local,2450.0,2450.0,2450.0
2026-08-01,Andhra Pradesh,Palnadu,Macharla APMC,Paddy(Common),B P T,Grade Range-1,2400.0,2400.0,2400.0
2026-08-02,Andhra Pradesh,Kakinada,Pithapuram APMC,Paddy(Common),B P T,FAQ,2369.0,2389.0,2379.0
2026-08-01,Andhra Pradesh,Bapatla,Kuchinapudi APMC,Paddy(Common),B P T,Local,3000.0,3200.0,3100.0
2026-08-03,Andhra Pradesh,Prakasam,Maddipadu APMC,Paddy(Common),B P T,FAQ,2500.0,2500.0,2500.0
2026-08-02,Andhra Pradesh,Prakasam,Darsi APMC,Paddy(Common),B P T,Local,2350.0,2400.0,2400.0
2026-08-02,Andhra Pradesh,Bapatla,Repalli APMC,Paddy(Common),B P T,Local,3200.0,3600.0,3400.0
2026-08-03,Andhra Pradesh,Bapatla,Chirala APMC,Paddy(Common),B P T,Local,2400.0,2500.0,2450.0
2026-08-03,Andhra Pradesh,Bapatla,Kuchinapudi APMC,Paddy(Common),B P T,Local,3200.0,3400.0,3300.0
2026-08-03,Andhra Pradesh,Prakasam,Santhamaguluru APMC,Paddy(Common),B P T,FAQ,2500.0,2500.0,2500.0
2026-08-04,Andhra Pradesh,Kakinada,Pithapuram APMC,Paddy(Common),B P T,FAQ,2369.0,2389.0,2379.0
2026-08-03,Andhra Pradesh,Palnadu,Macharla APMC,Paddy(Common),B P T,Grade Range-1,2450.0,2450.0,2450.0
2026-08-05,Andhra Pradesh,Bapatla,Parchur APMC,Paddy(Common),B P T,Local,2500.0,2700.0,2600.0
2026-08-04,Andhra Pradesh,Prakasam,Santhamaguluru APMC,Paddy(Common),B P T,FAQ,2450.0,2500.0,2500.0
2026-08-03,Andhra Pradesh,Krishna,Machilipatnam APMC,Paddy(Common),B P T,Local,2733.33265,2999.99925,2866.66595
2026-08-03,Andhra Pradesh,Sri Sathya Sai,Dharmavaram APMC,Paddy(Common),B P T,FAQ,2000.0,2200.0,2100.0
2026-08-05,Andhra Pradesh,Prakasam,Darsi APMC,Paddy(Common),B P T,Local,2350.0,2400.0,2400.0
2026-08-04,Andhra Pradesh,Tirupathi,Vakadu APMC,Paddy(Common),B P T,Local,2389.0,2410.0,2400.0
2026-08-04,Andhra Pradesh,Bapatla,Bapatla APMC,Paddy(Common),B P T,Local,2400.0,2500.0,2450.0
2026-08-04,Andhra Pradesh,Palnadu,Krosuru APMC,Paddy(Common),B P T,FAQ,2200.0,2600.0,2400.0
2026-08-05,Andhra Pradesh,Bapatla,Bapatla APMC,Paddy(Common),B P T,Local,2400.0,2500.0,2450.0
2026-08-04,Andhra Pradesh,Bapatla,Kuchinapudi APMC,Paddy(Common),B P T,Local,3000.0,3200.0,3100.0
2026-08-05,Andhra Pradesh,Palnadu,Macharla APMC,Paddy(Common),B P T,Grade Range-1,2450.0,2450.0,2450.0
2026-08-05,Andhra Pradesh,SPSR Nellore,Nellore APMC,Paddy(Common),B P T,FAQ,2440.0,2510.0,2470.0
2026-07-26,Andhra Pradesh,Bapatla,Chirala APMC,Paddy(Common),B. T.,Local,2400.0,2500.0,2450.0
2026-07-01,Andhra Pradesh,SPSR Nellore,Rapur APMC,Paddy(Common),Common,Local,2330.0,2390.0,2375.0
2026-07-24,Andhra Pradesh,Palnadu,Rajupalem APMC,Paddy(Common),Common,Non-FAQ,2000.0,2000.0,2000.0
2026-07-26,Andhra Pradesh,Kakinada,Prattipadu APMC,Paddy(Common),Common,FAQ,2369.0,2380.0,2369.0
2026-07-26,Andhra Pradesh,Srikakulam,Palasa APMC,Paddy(Common),Common,FAQ,2369.0,2369.0,2369.0
2026-07-30,Andhra Pradesh,Palnadu,Rajupalem APMC,Paddy(Common),Common,Non-FAQ,2000.0,2000.0,2000.0
2026-07-31,Andhra Pradesh,Srikakulam,Palasa APMC,Paddy(Common),Common,FAQ,2369.0,2369.0,2369.0
2026-08-01,Andhra Pradesh,East Godavari,Nidadavolu APMC,Paddy(Common),Common,Local,2445.0,2445.0,2445.0
2026-08-03,Andhra Pradesh,Kakinada,Jaggampet APMC,Paddy(Common),Common,FAQ,2369.0,2380.0,2369.0
2026-08-03,Andhra Pradesh,Srikakulam,Palasa APMC,Paddy(Common),Common,FAQ,2369.0,2369.0,2369.0
2026-08-05,Andhra Pradesh,Kakinada,Kakinada (Urban) APMC,Paddy(Common),Common,FAQ,2369.0,2390.0,2375.0
2026-08-04,Andhra Pradesh,Palnadu,Rajupalem APMC,Paddy(Common),Common,Non-FAQ,2000.0,2000.0,2000.0
2026-07-30,Andhra Pradesh,Ananthapuramu,RAYADURG APMC,Paddy(Common),I.R.-64,Grade Range-1,3200.0,3600.0,3400.0
2026-08-04,Andhra Pradesh,Ananthapuramu,RAYADURG APMC,Paddy(Common),I.R.-64,Grade Range-1,3200.0,3600.0,3400.0
2026-08-05,Andhra Pradesh,Ananthapuramu,RAYADURG APMC,Paddy(Common),I.R. 64,Grade Range-1,3200.0,3700.0,3500.0
2026-07-25,Andhra Pradesh,Srikakulam,Hiramandalam APMC,Paddy(Common),Masuri,Local,2400.0,2400.0,2400.0
2026-07-27,Andhra Pradesh,YSR Kadapa,Badvel APMC,Paddy(Common),Masuri,Grade Range-1,2300.0,2400.0,2350.0
2026-07-31,Andhra Pradesh,YSR Kadapa,Badvel APMC,Paddy(Common),Masuri,Local,2300.0,2400.0,2350.0
2026-08-03,Andhra Pradesh,Srikakulam,Hiramandalam APMC,Paddy(Common),Masuri,Local,2390.0,2390.0,2390.0
2026-08-04,Andhra Pradesh,Srikakulam,Hiramandalam APMC,Paddy(Common),Masuri,Local,2390.0,2390.0,2390.0
2026-08-04,Andhra Pradesh,YSR Kadapa,Mydukur APMC,Paddy(Common),Masuri,Local,2300.0,2500.0,2400.0
2026-08-05,Andhra Pradesh,YSR Kadapa,Mydukur APMC,Paddy(Common),Masuri,Local,2300.0,2500.0,2400.0
2026-08-05,Andhra Pradesh,Srikakulam,Hiramandalam APMC,Paddy(Common),Masuri,Local,2390.0,2390.0,2390.0
2026-07-23,Andhra Pradesh,Eluru,Kalidindi APMC,Paddy(Common),MTU-1001,Local,2440.0,2440.0,2440.0
2026-07-24,Andhra Pradesh,Krishna,Penamaluru (HQ-Kankipadu) APMC,Paddy(Common),MTU-1001,Local,2369.0,2369.0,2369.0
2026-07-25,Andhra Pradesh,West Godavari,Narsapuram APMC,Paddy(Common),MTU-1001,Local,2445.0,2445.0,2445.0
2026-07-26,Andhra Pradesh,Eluru,Kalidindi APMC,Paddy(Common),MTU-1001,Local,2440.0,2440.0,2440.0
2026-07-28,Andhra Pradesh,Krishna,Penamaluru (HQ-Kankipadu) APMC,Paddy(Common),MTU-1001,Local,2441.0,2441.0,2441.0
2026-07-28,Andhra Pradesh,Eluru,Kalidindi APMC,Paddy(Common),MTU-1001,Local,2440.0,2440.0,2440.0
